Rk,player,Nation,Pos,Squad,league,Age,Born,MP,Starts,Min,90s,Gls,Ast,G+A,G-PK,PK,PKatt,CrdY,CrdR,Gls,Ast,G+A,G-PK,G+A-PK,Matches,Rk_sht,Nation_sht,Pos_sht,Age_sht,Born_sht,90s_sht,Gls_sht,Sh,SoT,SoT%,Sh/90,SoT/90,G/Sh,G/SoT,PK_sht,PKatt_sht,Matches_sht
1,Max Aarons,eng ENG,DF,Bournemouth,eng Premier League,23,2000,20,13,1237,13.7,0,1,1,0,0,0,1,0,0.00,0.07,0.07,0.00,0.07,Matches,1,eng ENG,DF,23,2000,13.7,0,2,0,0.0,0.15,0.00,0.00,,0,0,Matches
2,Brenden Aaronson,us USA,"MF,FW",Union Berlin,de Bundesliga,22,2000,30,14,1267,14.1,2,2,4,2,0,0,3,1,0.14,0.14,0.28,0.14,0.28,Matches,2,us USA,"MF,FW",22,2000,14.1,2,19,7,36.8,1.35,0.50,0.11,0.29,0,0,Matches
5,Yunis Abdelhamid,ma MAR,DF,Reims,fr Ligue 1,35,1987,31,31,2781,30.9,4,0,4,3,1,1,5,0,0.13,0.00,0.13,0.10,0.10,Matches,5,ma MAR,DF,35,1987,30.9,4,22,8,36.4,0.71,0.26,0.18,0.50,1,1,Matches
6,Salis Abdul Samed,gh GHA,MF,Lens,fr Ligue 1,23,2000,27,17,1519,16.9,0,0,0,0,0,0,2,0,0.00,0.00,0.00,0.00,0.00,Matches,6,gh GHA,MF,23,2000,16.9,0,5,0,0.0,0.30,0.00,0.00,,0,0,Matches
8,Laurent Abergel,fr FRA,MF,Lorient,fr Ligue 1,30,1993,33,32,2860,31.8,2,1,3,2,0,0,4,0,0.06,0.03,0.09,0.06,0.09,Matches,8,fr FRA,MF,30,1993,31.8,2,26,11,42.3,0.82,0.35,0.08,0.18,0,0,Matches
9,Matthis Abline,fr FRA,"FW,MF",Nantes,fr Ligue 1,20,2003,22,12,1044,11.6,5,0,5,5,0,0,1,0,0.43,0.00,0.43,0.43,0.43,Matches,9,fr FRA,"FW,MF",20,2003,11.6,5,42,19,45.2,3.62,1.64,0.12,0.26,0,0,Matches
10,Abner,br BRA,DF,Real Betis,es La Liga,23,2000,23,15,1400,15.6,0,1,1,0,0,0,3,0,0.00,0.06,0.06,0.00,0.06,Matches,10,br BRA,DF,23,2000,15.6,0,4,0,0.0,0.26,0.00,0.00,,0,0,Matches
11,Zakaria Aboukhlal,ma MAR,"FW,MF",Toulouse,fr Ligue 1,23,2000,13,9,754,8.4,3,0,3,2,1,1,2,0,0.36,0.00,0.36,0.24,0.24,Matches,11,ma MAR,"FW,MF",23,2000,8.4,3,28,8,28.6,3.34,0.95,0.11,0.38,1,1,Matches
12,Abdel Abqar,ma MAR,DF,Alavés,es La Liga,24,1999,27,27,2312,25.7,0,0,0,0,0,0,10,0,0.00,0.00,0.00,0.00,0.00,Matches,12,ma MAR,DF,24,1999,25.7,0,10,3,30.0,0.39,0.12,0.00,0.00,0,0,Matches
14,Francesco Acerbi,it ITA,DF,Inter,it Serie A,35,1988,29,26,2388,26.5,3,1,4,3,0,0,1,0,0.11,0.04,0.15,0.11,0.15,Matches,14,it ITA,DF,35,1988,26.5,3,15,6,40.0,0.57,0.23,0.20,0.50,0,0,Matches
16,Marcos Acuña,ar ARG,"DF,MF",Sevilla,es La Liga,31,1991,21,18,1292,14.4,1,2,3,1,0,0,7,0,0.07,0.14,0.21,0.07,0.21,Matches,16,ar ARG,"DF,MF",31,1991,14.4,1,9,4,44.4,0.63,0.28,0.11,0.25,0,0,Matches
17,Akor Adams,ng NGA,FW,Montpellier,fr Ligue 1,23,2000,32,27,2252,25.0,8,1,9,8,0,0,2,0,0.32,0.04,0.36,0.32,0.36,Matches,17,ng NGA,FW,23,2000,25.0,8,79,33,41.8,3.16,1.32,0.10,0.24,0,0,Matches
20,Sargis Adamyan,am ARM,"FW,MF",Köln,de Bundesliga,30,1993,20,8,801,8.9,1,2,3,1,0,0,2,0,0.11,0.22,0.34,0.11,0.34,Matches,20,am ARM,"FW,MF",30,1993,8.9,1,31,14,45.2,3.48,1.57,0.03,0.07,0,0,Matches
21,Tosin Adarabioyo,eng ENG,DF,Fulham,eng Premier League,25,1997,20,18,1617,18.0,2,0,2,2,0,0,2,0,0.11,0.00,0.11,0.11,0.11,Matches,21,eng ENG,DF,25,1997,18.0,2,14,5,35.7,0.78,0.28,0.14,0.40,0,0,Matches
22,Elijah Adebayo,eng ENG,FW,Luton Town,eng Premier League,25,1998,27,16,1419,15.8,10,0,10,10,0,0,1,0,0.63,0.00,0.63,0.63,0.63,Matches,22,eng ENG,FW,25,1998,15.8,10,30,14,46.7,1.90,0.89,0.33,0.71,0,0,Matches
23,Karim Adeyemi,de GER,"FW,MF",Dortmund,de Bundesliga,21,2002,21,10,913,10.1,3,1,4,3,0,0,6,1,0.30,0.10,0.39,0.30,0.39,Matches,23,de GER,"FW,MF",21,2002,10.1,3,23,10,43.5,2.27,0.99,0.13,0.30,0,0,Matches
24,Simon Adingra,ci CIV,MF,Brighton,eng Premier League,21,2002,31,25,2222,24.7,6,1,7,6,0,0,3,0,0.24,0.04,0.28,0.24,0.28,Matches,24,ci CIV,MF,21,2002,24.7,6,52,22,42.3,2.11,0.89,0.12,0.27,0,0,Matches
25,Nathaniel Adjei,gh GHA,DF,Lorient,fr Ligue 1,20,2002,15,14,1243,13.8,0,0,0,0,0,0,2,0,0.00,0.00,0.00,0.00,0.00,Matches,25,gh GHA,DF,20,2002,13.8,0,4,0,0.0,0.29,0.00,0.00,,0,0,Matches
26,Amine Adli,ma MAR,"MF,FW",Leverkusen,de Bundesliga,23,2000,23,8,898,10.0,4,6,10,4,0,0,5,0,0.40,0.60,1.00,0.40,1.00,Matches,26,ma MAR,"MF,FW",23,2000,10.0,4,27,15,55.6,2.71,1.50,0.15,0.27,0,0,Matches
27,Yacine Adli,fr FRA,MF,Milan,it Serie A,23,2000,24,17,1407,15.6,1,2,3,1,0,0,3,0,0.06,0.13,0.19,0.06,0.19,Matches,27,fr FRA,MF,23,2000,15.6,1,4,1,25.0,0.26,0.06,0.25,1.00,0,0,Matches
30,Michel Aebischer,ch SUI,MF,Bologna,it Serie A,26,1997,36,26,2230,24.8,0,1,1,0,0,0,8,0,0.00,0.04,0.04,0.00,0.04,Matches,30,ch SUI,MF,26,1997,24.8,0,18,5,27.8,0.73,0.20,0.00,0.00,0,0,Matches
31,Emmanuel Agbadou,ci CIV,DF,Reims,fr Ligue 1,26,1997,32,29,2596,28.8,1,1,2,1,0,0,1,0,0.03,0.03,0.07,0.03,0.07,Matches,31,ci CIV,DF,26,1997,28.8,1,33,7,21.2,1.14,0.24,0.03,0.14,0,0,Matches
33,Lucien Agoume,fr FRA,MF,Sevilla,es La Liga,21,2002,12,9,777,8.6,0,0,0,0,0,0,3,0,0.00,0.00,0.00,0.00,0.00,Matches,33,fr FRA,MF,21,2002,8.6,0,6,2,33.3,0.69,0.23,0.00,0.00,0,0,Matches
35,Felix Agu,ng NGA,MF,Werder Bremen,de Bundesliga,23,1999,24,19,1614,17.9,0,0,0,0,0,0,2,0,0.00,0.00,0.00,0.00,0.00,Matches,35,ng NGA,MF,23,1999,17.9,0,11,0,0.0,0.61,0.00,0.00,,0,0,Matches
36,Nayef Aguerd,ma MAR,DF,West Ham,eng Premier League,27,1996,21,21,1857,20.6,1,0,1,1,0,0,3,1,0.05,0.00,0.05,0.05,0.05,Matches,36,ma MAR,DF,27,1996,20.6,1,14,4,28.6,0.68,0.19,0.07,0.25,0,0,Matches
37,Ruben Aguilar,fr FRA,"MF,DF",Lens,fr Ligue 1,30,1993,25,22,1922,21.4,1,3,4,1,0,0,3,0,0.05,0.14,0.19,0.05,0.19,Matches,37,fr FRA,"MF,DF",30,1993,21.4,1,12,4,33.3,0.56,0.19,0.08,0.25,0,0,Matches
40,Anel Ahmedhodžić,ba BIH,DF,Sheffield United,eng Premier League,24,1999,31,29,2649,29.4,2,0,2,2,0,0,11,1,0.07,0.00,0.07,0.07,0.07,Matches,40,ba BIH,DF,24,1999,29.4,2,19,5,26.3,0.65,0.17,0.11,0.40,0,0,Matches
42,Ola Aina,ng NGA,"DF,MF",Nottingham,eng Premier League,26,1996,22,20,1692,18.8,1,1,2,1,0,0,3,0,0.05,0.05,0.11,0.05,0.11,Matches,42,ng NGA,"DF,MF",26,1996,18.8,1,11,1,9.1,0.59,0.05,0.09,1.00,0,0,Matches
43,Rayan Aït-Nouri,dz ALG,"MF,DF",Wolves,eng Premier League,22,2001,33,29,2329,25.9,2,1,3,2,0,0,7,0,0.08,0.04,0.12,0.08,0.12,Matches,43,dz ALG,"MF,DF",22,2001,25.9,2,23,7,30.4,0.89,0.27,0.09,0.29,0,0,Matches
44,Tosin Aiyegun,bj BEN,"MF,FW",Lorient,fr Ligue 1,25,1998,19,10,902,10.0,2,0,2,2,0,0,0,1,0.20,0.00,0.20,0.20,0.20,Matches,44,bj BEN,"MF,FW",25,1998,10.0,2,11,3,27.3,1.10,0.30,0.18,0.67,0,0,Matches
45,Kristoffer Ajer,no NOR,DF,Brentford,eng Premier League,25,1998,28,21,1832,20.4,2,1,3,2,0,0,5,0,0.10,0.05,0.15,0.10,0.15,Matches,45,no NOR,DF,25,1998,20.4,2,12,4,33.3,0.59,0.20,0.17,0.50,0,0,Matches
46,Ludovic Ajorque,fr FRA,FW,Mainz 05,de Bundesliga,29,1994,26,15,1360,15.1,2,0,2,2,0,2,4,0,0.13,0.00,0.13,0.13,0.13,Matches,46,fr FRA,FW,29,1994,15.1,2,30,11,36.7,1.99,0.73,0.07,0.18,0,2,Matches
47,Manuel Akanji,ch SUI,"DF,MF",Manchester City,eng Premier League,28,1995,30,28,2511,27.9,2,0,2,2,0,0,4,1,0.07,0.00,0.07,0.07,0.07,Matches,47,ch SUI,"DF,MF",28,1995,27.9,2,15,5,33.3,0.54,0.18,0.13,0.40,0,0,Matches
49,Nathan Aké,nl NED,DF,Manchester City,eng Premier League,28,1995,29,24,2042,22.7,2,2,4,2,0,0,0,0,0.09,0.09,0.18,0.09,0.18,Matches,49,nl NED,DF,28,1995,22.7,2,20,5,25.0,0.88,0.22,0.10,0.40,0,0,Matches
50,Ilias Akhomach,ma MAR,MF,Villarreal,es La Liga,19,2004,31,17,1511,16.8,2,2,4,2,0,0,4,0,0.12,0.12,0.24,0.12,0.24,Matches,50,ma MAR,MF,19,2004,16.8,2,30,7,23.3,1.79,0.42,0.07,0.29,0,0,Matches
51,Sergio Akieme,es ESP,"DF,MF",Almería,es La Liga,25,1997,19,19,1675,18.6,2,0,2,2,0,0,2,0,0.11,0.00,0.11,0.11,0.11,Matches,51,es ESP,"DF,MF",25,1997,18.6,2,9,5,55.6,0.48,0.27,0.22,0.40,0,0,Matches
52,Sergio Akieme,es ESP,"DF,MF",Reims,fr Ligue 1,25,1997,13,8,818,9.1,2,0,2,2,0,0,2,0,0.22,0.00,0.22,0.22,0.22,Matches,52,es ESP,"DF,MF",25,1997,9.1,2,11,2,18.2,1.21,0.22,0.18,1.00,0,0,Matches
54,Maghnes Akliouche,fr FRA,MF,Monaco,fr Ligue 1,21,2002,28,18,1613,17.9,7,4,11,7,0,0,5,0,0.39,0.22,0.61,0.39,0.61,Matches,54,fr FRA,MF,21,2002,17.9,7,35,21,60.0,1.95,1.17,0.20,0.33,0,0,Matches
57,Jean-Daniel Akpa-Akpro,ci CIV,"MF,DF",Monza,it Serie A,30,1992,19,8,705,7.8,0,0,0,0,0,0,5,0,0.00,0.00,0.00,0.00,0.00,Matches,57,ci CIV,"MF,DF",30,1992,7.8,0,7,3,42.9,0.89,0.38,0.00,0.00,0,0,Matches
59,Kevin Akpoguma,ng NGA,DF,Hoffenheim,de Bundesliga,28,1995,17,11,1097,12.2,0,0,0,0,0,0,7,0,0.00,0.00,0.00,0.00,0.00,Matches,59,ng NGA,DF,28,1995,12.2,0,2,0,0.0,0.16,0.00,0.00,,0,0,Matches
60,David Alaba,at AUT,DF,Real Madrid,es La Liga,31,1992,14,14,1154,12.8,0,1,1,0,0,0,2,0,0.00,0.08,0.08,0.00,0.08,Matches,60,at AUT,DF,31,1992,12.8,0,14,4,28.6,1.09,0.31,0.00,0.00,0,0,Matches
61,Luis Alberto,es ESP,MF,Lazio,it Serie A,30,1992,33,29,2311,25.7,5,7,12,5,0,0,7,0,0.19,0.27,0.47,0.19,0.47,Matches,61,es ESP,MF,30,1992,25.7,5,56,15,26.8,2.18,0.58,0.09,0.33,0,0,Matches
62,Raúl Albiol,es ESP,DF,Villarreal,es La Liga,37,1985,26,24,2031,22.6,0,1,1,0,0,0,6,0,0.00,0.04,0.04,0.00,0.04,Matches,62,es ESP,DF,37,1985,22.6,0,6,1,16.7,0.27,0.04,0.00,0.00,0,0,Matches
65,Rubén Alcaraz,es ESP,MF,Cádiz,es La Liga,32,1991,36,36,3134,34.8,3,1,4,1,2,2,14,0,0.09,0.03,0.11,0.03,0.06,Matches,65,es ESP,MF,32,1991,34.8,3,48,12,25.0,1.38,0.34,0.06,0.25,2,2,Matches
66,Omar Alderete,py PAR,DF,Getafe,es La Liga,26,1996,31,24,2195,24.4,0,1,1,0,0,0,8,1,0.00,0.04,0.04,0.00,0.04,Matches,66,py PAR,DF,26,1996,24.4,0,24,5,20.8,0.98,0.21,0.00,0.00,0,0,Matches
67,Iván Alejo,es ESP,MF,Cádiz,es La Liga,28,1995,30,21,1692,18.8,0,2,2,0,0,0,17,0,0.00,0.11,0.11,0.00,0.11,Matches,67,es ESP,MF,28,1995,18.8,0,11,2,18.2,0.59,0.11,0.00,0.00,0,0,Matches
68,Carles Aleñá,es ESP,MF,Getafe,es La Liga,25,1998,29,10,1020,11.3,1,1,2,1,0,0,6,0,0.09,0.09,0.18,0.09,0.18,Matches,68,es ESP,MF,25,1998,11.3,1,16,5,31.3,1.41,0.44,0.06,0.20,0,0,Matches
69,Trent Alexander-Arnold,eng ENG,DF,Liverpool,eng Premier League,24,1998,28,25,2155,23.9,3,4,7,3,0,0,6,0,0.13,0.17,0.29,0.13,0.29,Matches,69,eng ENG,DF,24,1998,23.9,3,47,8,17.0,1.96,0.33,0.06,0.38,0,0,Matches
71,Mohamed Ali Cho,fr FRA,FW,Nice,fr Ligue 1,19,2004,17,11,861,9.6,1,2,3,1,0,0,2,0,0.10,0.21,0.31,0.10,0.31,Matches,71,fr FRA,FW,19,2004,9.6,1,18,6,33.3,1.88,0.63,0.06,0.17,0,0,Matches
73,Faride Alidou,de GER,"MF,FW",Köln,de Bundesliga,22,2001,26,14,1282,14.2,4,0,4,4,0,0,4,0,0.28,0.00,0.28,0.28,0.28,Matches,73,de GER,"MF,FW",22,2001,14.2,4,33,11,33.3,2.32,0.77,0.12,0.36,0,0,Matches
74,Nabil Alioui,fr FRA,"MF,FW",Le Havre,fr Ligue 1,24,1999,18,12,1009,11.2,4,1,5,4,0,0,1,0,0.36,0.09,0.45,0.36,0.45,Matches,74,fr FRA,"MF,FW",24,1999,11.2,4,28,9,32.1,2.50,0.80,0.14,0.44,0,0,Matches
75,Alisson,br BRA,GK,Liverpool,eng Premier League,30,1992,28,28,2520,28.0,0,0,0,0,0,0,1,0,0.00,0.00,0.00,0.00,0.00,Matches,75,br BRA,GK,30,1992,28.0,0,0,0,,0.00,0.00,,,0,0,Matches
77,Jim Allevinah,ga GAB,MF,Clermont Foot,fr Ligue 1,28,1995,29,22,1861,20.7,2,1,3,2,0,0,1,0,0.10,0.05,0.15,0.10,0.15,Matches,77,ga GAB,MF,28,1995,20.7,2,37,11,29.7,1.79,0.53,0.05,0.18,0,0,Matches
78,André Almeida,pt POR,"FW,MF",Valencia,es La Liga,23,2000,18,12,965,10.7,2,1,3,2,0,0,0,0,0.19,0.09,0.28,0.19,0.28,Matches,78,pt POR,"FW,MF",23,2000,10.7,2,10,4,40.0,0.93,0.37,0.20,0.50,0,0,Matches
79,Miguel Almirón,py PAR,FW,Newcastle,eng Premier League,29,1994,33,23,1937,21.5,3,1,4,3,0,0,2,0,0.14,0.05,0.19,0.14,0.19,Matches,79,py PAR,FW,29,1994,21.5,3,41,12,29.3,1.91,0.56,0.07,0.25,0,0,Matches
80,Pontus Almqvist,se SWE,"FW,MF",Lecce,it Serie A,24,1999,30,25,2107,23.4,2,1,3,2,0,0,5,0,0.09,0.04,0.13,0.09,0.13,Matches,80,se SWE,"FW,MF",24,1999,23.4,2,40,15,37.5,1.71,0.64,0.05,0.13,0,0,Matches
82,Adrià Altimira,es ESP,"DF,MF",Villarreal,es La Liga,22,2001,11,10,775,8.6,0,0,0,0,0,0,3,0,0.00,0.00,0.00,0.00,0.00,Matches,82,es ESP,"DF,MF",22,2001,8.6,0,1,0,0.0,0.12,0.00,0.00,,0,0,Matches
83,Sergi Altimira,es ESP,MF,Real Betis,es La Liga,21,2001,14,6,568,6.3,1,0,1,1,0,0,1,0,0.16,0.00,0.16,0.16,0.16,Matches,83,es ESP,MF,21,2001,6.3,1,7,2,28.6,1.11,0.32,0.14,0.50,0,0,Matches
84,Edson Álvarez,mx MEX,MF,West Ham,eng Premier League,25,1997,31,28,2377,26.4,1,1,2,1,0,0,11,0,0.04,0.04,0.08,0.04,0.08,Matches,84,mx MEX,MF,25,1997,26.4,1,17,3,17.6,0.64,0.11,0.06,0.33,0,0,Matches
85,Gastón Álvarez,uy URU,DF,Getafe,es La Liga,23,2000,34,29,2537,28.2,2,0,2,2,0,0,7,0,0.07,0.00,0.07,0.07,0.07,Matches,85,uy URU,DF,23,2000,28.2,2,14,3,21.4,0.50,0.11,0.14,0.67,0,0,Matches
86,Hugo Álvarez,es ESP,"MF,FW",Celta Vigo,es La Liga,20,2003,12,8,762,8.5,1,1,2,1,0,0,1,0,0.12,0.12,0.24,0.12,0.24,Matches,86,es ESP,"MF,FW",20,2003,8.5,1,12,4,33.3,1.42,0.47,0.08,0.25,0,0,Matches
87,Julián Álvarez,ar ARG,"MF,FW",Manchester City,eng Premier League,23,2000,36,31,2647,29.4,11,8,19,9,2,2,2,0,0.37,0.27,0.65,0.31,0.58,Matches,87,ar ARG,"MF,FW",23,2000,29.4,11,98,40,40.8,3.33,1.36,0.11,0.28,2,2,Matches
88,Yeray Álvarez,es ESP,DF,Athletic Club,es La Liga,28,1995,19,14,1152,12.8,0,0,0,0,0,0,1,1,0.00,0.00,0.00,0.00,0.00,Matches,88,es ESP,DF,28,1995,12.8,0,7,2,28.6,0.55,0.16,0.00,0.00,0,0,Matches
91,Papa Amadou Diallo,sn SEN,"MF,FW",Metz,fr Ligue 1,19,2004,16,9,889,9.9,2,1,3,2,0,0,1,0,0.20,0.10,0.30,0.20,0.30,Matches,91,sn SEN,"MF,FW",19,2004,9.9,2,13,6,46.2,1.32,0.61,0.15,0.33,0,0,Matches
92,Selim Amallah,ma MAR,"MF,FW",Valencia,es La Liga,26,1996,20,7,604,6.7,0,1,1,0,0,0,5,1,0.00,0.15,0.15,0.00,0.15,Matches,92,ma MAR,"MF,FW",26,1996,6.7,0,11,5,45.5,1.64,0.75,0.00,0.00,0,0,Matches
96,Zeki Amdouni,ch SUI,FW,Burnley,eng Premier League,22,2000,34,27,1953,21.7,5,1,6,4,1,1,2,0,0.23,0.05,0.28,0.18,0.23,Matches,96,ch SUI,FW,22,2000,21.7,5,49,22,44.9,2.26,1.01,0.10,0.23,1,1,Matches
97,Kelvin Amian,fr FRA,DF,Nantes,fr Ligue 1,25,1998,12,11,798,8.9,0,1,1,0,0,0,2,0,0.00,0.11,0.11,0.00,0.11,Matches,97,fr FRA,DF,25,1998,8.9,0,1,0,0.0,0.11,0.00,0.00,,0,0,Matches
98,Bruno Amione,ar ARG,DF,Hellas Verona,it Serie A,21,2002,10,7,579,6.4,0,0,0,0,0,0,2,0,0.00,0.00,0.00,0.00,0.00,Matches,98,ar ARG,DF,21,2002,6.4,0,5,3,60.0,0.78,0.47,0.00,0.00,0,0,Matches
99,Michael Amir Murillo,pa PAN,"DF,MF",Marseille,fr Ligue 1,27,1996,16,10,997,11.1,3,2,5,3,0,0,3,0,0.27,0.18,0.45,0.27,0.45,Matches,99,pa PAN,"DF,MF",27,1996,11.1,3,5,4,80.0,0.45,0.36,0.60,0.75,0,0,Matches
100,Nadiem Amiri,de GER,MF,Mainz 05,de Bundesliga,26,1996,15,15,1315,14.6,1,4,5,1,0,1,5,0,0.07,0.27,0.34,0.07,0.34,Matches,100,de GER,MF,26,1996,14.6,1,36,8,22.2,2.46,0.55,0.03,0.13,0,1,Matches
103,Sofyan Amrabat,ma MAR,"MF,DF",Manchester Utd,eng Premier League,26,1996,21,10,938,10.4,0,0,0,0,0,0,6,0,0.00,0.00,0.00,0.00,0.00,Matches,103,ma MAR,"MF,DF",26,1996,10.4,0,3,0,0.0,0.29,0.00,0.00,,0,0,Matches
104,Joachim Andersen,dk DEN,DF,Crystal Palace,eng Premier League,27,1996,38,38,3415,37.9,2,3,5,2,0,0,7,0,0.05,0.08,0.13,0.05,0.13,Matches,104,dk DEN,DF,27,1996,37.9,2,21,8,38.1,0.55,0.21,0.10,0.25,0,0,Matches
105,Elliot Anderson,eng ENG,"MF,FW",Newcastle,eng Premier League,20,2002,21,10,1027,11.4,0,2,2,0,0,0,3,0,0.00,0.18,0.18,0.00,0.18,Matches,105,eng ENG,"MF,FW",20,2002,11.4,0,19,5,26.3,1.67,0.44,0.00,0.00,0,0,Matches
106,Felipe Anderson,br BRA,"FW,MF",Lazio,it Serie A,30,1993,38,33,2770,30.8,5,6,11,5,0,0,3,0,0.16,0.19,0.36,0.16,0.36,Matches,106,br BRA,"FW,MF",30,1993,30.8,5,43,11,25.6,1.40,0.36,0.12,0.45,0,0,Matches
107,Benjamin André,fr FRA,MF,Lille,fr Ligue 1,32,1990,30,29,2570,28.6,4,0,4,4,0,0,8,0,0.14,0.00,0.14,0.14,0.14,Matches,107,fr FRA,MF,32,1990,28.6,4,23,9,39.1,0.81,0.32,0.17,0.44,0,0,Matches
109,Robert Andrich,de GER,"MF,DF",Leverkusen,de Bundesliga,28,1994,28,18,1690,18.8,4,2,6,4,0,0,4,0,0.21,0.11,0.32,0.21,0.32,Matches,109,de GER,"MF,DF",28,1994,18.8,4,23,9,39.1,1.22,0.48,0.17,0.44,0,0,Matches
110,Miguel Ángel Rubio,es ESP,DF,Granada,es La Liga,25,1998,19,17,1560,17.3,1,0,1,1,0,0,5,0,0.06,0.00,0.06,0.06,0.06,Matches,110,es ESP,DF,25,1998,17.3,1,9,2,22.2,0.52,0.12,0.11,0.50,0,0,Matches
111,Angeliño,es ESP,"DF,MF",Roma,it Serie A,26,1997,16,14,1141,12.7,0,1,1,0,0,0,2,0,0.00,0.08,0.08,0.00,0.08,Matches,111,es ESP,"DF,MF",26,1997,12.7,0,8,2,25.0,0.63,0.16,0.00,0.00,0,0,Matches
112,Ângelo,br BRA,"MF,FW",Strasbourg,fr Ligue 1,18,2004,21,11,1094,12.2,0,3,3,0,0,0,1,0,0.00,0.25,0.25,0.00,0.25,Matches,112,br BRA,"MF,FW",18,2004,12.2,0,9,4,44.4,0.74,0.33,0.00,0.00,0,0,Matches
114,Frank Anguissa,cm CMR,MF,Napoli,it Serie A,27,1995,34,32,2786,31.0,0,2,2,0,0,0,2,0,0.00,0.06,0.06,0.00,0.06,Matches,114,cm CMR,MF,27,1995,31.0,0,33,6,18.2,1.07,0.19,0.00,0.00,0,0,Matches
116,Waldemar Anton,de GER,DF,Stuttgart,de Bundesliga,27,1996,33,32,2886,32.1,0,3,3,0,0,0,7,0,0.00,0.09,0.09,0.00,0.09,Matches,116,de GER,DF,27,1996,32.1,0,27,6,22.2,0.84,0.19,0.00,0.00,0,0,Matches
117,Michail Antonio,jm JAM,FW,West Ham,eng Premier League,33,1990,26,21,1695,18.8,6,2,8,6,0,0,6,0,0.32,0.11,0.42,0.32,0.42,Matches,117,jm JAM,FW,33,1990,18.8,6,30,14,46.7,1.59,0.74,0.20,0.43,0,0,Matches
118,Antony,br BRA,MF,Manchester Utd,eng Premier League,23,2000,29,15,1324,14.7,1,1,2,1,0,0,5,0,0.07,0.07,0.14,0.07,0.14,Matches,118,br BRA,MF,23,2000,14.7,1,43,16,37.2,2.92,1.09,0.02,0.06,0,0,Matches
119,Christopher Antwi-Adjei,gh GHA,"FW,MF",Bochum,de Bundesliga,29,1994,25,11,1216,13.5,2,2,4,2,0,0,5,0,0.15,0.15,0.30,0.15,0.30,Matches,119,gh GHA,"FW,MF",29,1994,13.5,2,29,9,31.0,2.15,0.67,0.07,0.22,0,0,Matches
120,Houssem Aouar,dz ALG,"MF,FW",Roma,it Serie A,25,1998,16,9,756,8.4,4,0,4,4,0,0,3,0,0.48,0.00,0.48,0.48,0.48,Matches,120,dz ALG,"MF,FW",25,1998,8.4,4,12,7,58.3,1.43,0.83,0.33,0.57,0,0,Matches
123,Jon Aramburu,ve VEN,"DF,MF",Real Sociedad,es La Liga,21,2002,11,5,543,6.0,0,0,0,0,0,0,3,0,0.00,0.00,0.00,0.00,0.00,Matches,123,ve VEN,"DF,MF",21,2002,6.0,0,4,0,0.0,0.66,0.00,0.00,,0,0,Matches
125,Julian Araujo,mx MEX,DF,Las Palmas,es La Liga,21,2001,25,15,1462,16.2,1,0,1,1,0,0,5,0,0.06,0.00,0.06,0.06,0.06,Matches,125,mx MEX,DF,21,2001,16.2,1,7,2,28.6,0.43,0.12,0.14,0.50,0,0,Matches
126,Ronald Araújo,uy URU,DF,Barcelona,es La Liga,24,1999,25,21,1997,22.2,1,2,3,1,0,0,6,0,0.05,0.09,0.14,0.05,0.14,Matches,126,uy URU,DF,24,1999,22.2,1,23,9,39.1,1.04,0.41,0.04,0.11,0,0,Matches
127,Oliver Arblaster,eng ENG,MF,Sheffield United,eng Premier League,19,2004,12,11,943,10.5,0,0,0,0,0,0,2,0,0.00,0.00,0.00,0.00,0.00,Matches,127,eng ENG,MF,19,2004,10.5,0,1,1,100.0,0.10,0.10,0.00,0.00,0,0,Matches
128,Cameron Archer,eng ENG,"FW,MF",Sheffield United,eng Premier League,22,2001,29,21,1832,20.4,4,1,5,4,0,0,1,0,0.20,0.05,0.25,0.20,0.25,Matches,128,eng ENG,"FW,MF",22,2001,20.4,4,42,11,26.2,2.06,0.54,0.10,0.36,0,0,Matches
130,Alphonse Areola,fr FRA,GK,West Ham,eng Premier League,30,1993,31,31,2699,30.0,0,0,0,0,0,0,1,0,0.00,0.00,0.00,0.00,0.00,Matches,130,fr FRA,GK,30,1993,30.0,0,0,0,,0.00,0.00,,,0,0,Matches
132,Jesús Areso,es ESP,"DF,MF",Osasuna,es La Liga,24,1999,37,29,2660,29.6,1,6,7,1,0,0,3,0,0.03,0.20,0.24,0.03,0.24,Matches,132,es ESP,"DF,MF",24,1999,29.6,1,9,2,22.2,0.30,0.07,0.11,0.50,0,0,Matches
137,José Arnaiz,es ESP,"FW,MF",Osasuna,es La Liga,28,1995,26,9,929,10.3,2,1,3,2,0,0,3,0,0.19,0.10,0.29,0.19,0.29,Matches,137,es ESP,"FW,MF",28,1995,10.3,2,29,9,31.0,2.81,0.87,0.07,0.22,0,0,Matches
138,Marko Arnautović,at AUT,FW,Inter,it Serie A,34,1989,27,5,801,8.9,5,3,8,5,0,0,0,0,0.56,0.34,0.90,0.56,0.90,Matches,138,at AUT,FW,34,1989,8.9,5,17,9,52.9,1.91,1.01,0.29,0.56,0,0,Matches
139,Maximilian Arnold,de GER,MF,Wolfsburg,de Bundesliga,29,1994,30,27,2506,27.8,2,1,3,2,0,0,9,0,0.07,0.04,0.11,0.07,0.11,Matches,139,de GER,MF,29,1994,27.8,2,32,12,37.5,1.15,0.43,0.06,0.17,0,0,Matches
141,Sergio Arribas,es ESP,"MF,FW",Almería,es La Liga,21,2001,34,22,2047,22.7,9,4,13,9,0,0,1,0,0.40,0.18,0.57,0.40,0.57,Matches,141,es ESP,"MF,FW",21,2001,22.7,9,60,22,36.7,2.64,0.97,0.15,0.41,0,0,Matches
142,Kepa Arrizabalaga,es ESP,GK,Real Madrid,es La Liga,28,1994,14,13,1198,13.3,0,0,0,0,0,0,1,0,0.00,0.00,0.00,0.00,0.00,Matches,142,es ESP,GK,28,1994,13.3,0,0,0,,0.00,0.00,,,0,0,Matches
144,Takuma Asano,jp JPN,"FW,MF",Bochum,de Bundesliga,28,1994,29,26,1986,22.1,6,1,7,6,0,0,2,0,0.27,0.05,0.32,0.27,0.32,Matches,144,jp JPN,"FW,MF",28,1994,22.1,6,65,24,36.9,2.95,1.09,0.09,0.25,0,0,Matches
145,Marco Asensio,es ESP,"MF,FW",PSG,fr Ligue 1,27,1996,19,13,1113,12.4,4,5,9,4,0,0,0,0,0.32,0.40,0.73,0.32,0.73,Matches,145,es ESP,"MF,FW",27,1996,12.4,4,27,10,37.0,2.18,0.81,0.15,0.40,0,0,Matches
146,Kristjan Asllani,al ALB,MF,Inter,it Serie A,21,2002,23,6,787,8.7,1,2,3,1,0,0,1,0,0.11,0.23,0.34,0.11,0.34,Matches,146,al ALB,MF,21,2002,8.7,1,15,4,26.7,1.72,0.46,0.07,0.25,0,0,Matches
147,Joel Asoro,se SWE,"MF,FW",Metz,fr Ligue 1,24,1999,20,10,848,9.4,2,1,3,2,0,0,2,0,0.21,0.11,0.32,0.21,0.32,Matches,147,se SWE,"MF,FW",24,1999,9.4,2,6,3,50.0,0.64,0.32,0.33,0.67,0,0,Matches
149,Iago Aspas,es ESP,FW,Celta Vigo,es La Liga,35,1987,35,31,2707,30.1,9,10,19,6,3,5,6,1,0.30,0.33,0.63,0.20,0.53,Matches,149,es ESP,FW,35,1987,30.1,9,78,28,35.9,2.59,0.93,0.12,0.32,3,5,Matches
150,Lorenz Assignon,tg TOG,DF,Burnley,eng Premier League,23,2000,15,15,1234,13.7,1,2,3,1,0,0,5,1,0.07,0.15,0.22,0.07,0.22,Matches,150,tg TOG,DF,23,2000,13.7,1,9,4,44.4,0.66,0.29,0.11,0.25,0,0,Matches
151,Lorenz Assignon,tg TOG,DF,Rennes,fr Ligue 1,23,2000,14,12,1011,11.2,1,1,2,1,0,0,4,0,0.09,0.09,0.18,0.09,0.18,Matches,151,tg TOG,DF,23,2000,11.2,1,11,4,36.4,0.98,0.36,0.09,0.25,0,0,Matches
153,Valentin Atangana Edoa,fr FRA,MF,Reims,fr Ligue 1,17,2005,15,7,555,6.2,0,0,0,0,0,0,0,0,0.00,0.00,0.00,0.00,0.00,Matches,153,fr FRA,MF,17,2005,6.2,0,9,2,22.2,1.46,0.32,0.00,0.00,0,0,Matches
154,Arthur Atta,fr FRA,MF,Metz,fr Ligue 1,20,2003,21,10,924,10.3,1,2,3,1,0,0,0,0,0.10,0.19,0.29,0.10,0.29,Matches,154,fr FRA,MF,20,2003,10.3,1,9,4,44.4,0.88,0.39,0.11,0.25,0,0,Matches
155,Noah Atubolu,de GER,GK,Freiburg,de Bundesliga,21,2002,34,34,3060,34.0,0,0,0,0,0,0,0,0,0.00,0.00,0.00,0.00,0.00,Matches,155,de GER,GK,21,2002,34.0,0,0,0,,0.00,0.00,,,0,0,Matches
156,Pierre-Emerick Aubameyang,ga GAB,FW,Marseille,fr Ligue 1,34,1989,34,30,2622,29.1,17,8,25,13,4,4,4,0,0.58,0.27,0.86,0.45,0.72,Matches,156,ga GAB,FW,34,1989,29.1,17,116,51,44.0,3.98,1.75,0.15,0.33,4,4,Matches
158,Tommaso Augello,it ITA,"DF,MF",Cagliari,it Serie A,28,1994,32,28,2418,26.9,1,1,2,1,0,0,5,0,0.04,0.04,0.07,0.04,0.07,Matches,158,it ITA,"DF,MF",28,1994,26.9,1,10,3,30.0,0.37,0.11,0.10,0.33,0,0,Matches
159,Carlos Augusto,br BRA,"MF,DF",Inter,it Serie A,24,1999,37,14,1725,19.2,0,3,3,0,0,0,1,0,0.00,0.16,0.16,0.00,0.16,Matches,159,br BRA,"MF,DF",24,1999,19.2,0,22,6,27.3,1.15,0.31,0.00,0.00,0,0,Matches
160,Yann Aurel Bisseck,de GER,DF,Inter,it Serie A,22,2000,16,9,904,10.0,2,0,2,2,0,0,0,0,0.20,0.00,0.20,0.20,0.20,Matches,160,de GER,DF,22,2000,10.0,2,12,4,33.3,1.19,0.40,0.17,0.50,0,0,Matches
161,Serge Aurier,ci CIV,"DF,MF",Nottingham,eng Premier League,30,1992,12,10,833,9.3,0,2,2,0,0,0,2,0,0.00,0.22,0.22,0.00,0.22,Matches,161,ci CIV,"DF,MF",30,1992,9.3,0,6,1,16.7,0.65,0.11,0.00,0.00,0,0,Matches
162,Ezequiel Ávila,ar ARG,"FW,MF",Osasuna,es La Liga,29,1994,17,10,864,9.6,1,3,4,1,0,0,3,2,0.10,0.31,0.42,0.10,0.42,Matches,162,ar ARG,"FW,MF",29,1994,9.6,1,27,6,22.2,2.81,0.62,0.04,0.17,0,0,Matches
164,Taiwo Awoniyi,ng NGA,FW,Nottingham,eng Premier League,25,1997,20,12,1042,11.6,6,3,9,6,0,0,2,0,0.52,0.26,0.78,0.52,0.78,Matches,164,ng NGA,FW,25,1997,11.6,6,22,11,50.0,1.90,0.95,0.27,0.55,0,0,Matches
165,André Ayew,gh GHA,"FW,MF",Le Havre,fr Ligue 1,33,1989,19,12,1104,12.3,5,0,5,5,0,0,2,1,0.41,0.00,0.41,0.41,0.41,Matches,165,gh GHA,"FW,MF",33,1989,12.3,5,33,13,39.4,2.69,1.06,0.15,0.38,0,0,Matches
166,Jordan Ayew,gh GHA,"MF,FW",Crystal Palace,eng Premier League,31,1991,35,30,2543,28.3,4,7,11,4,0,0,9,1,0.14,0.25,0.39,0.14,0.39,Matches,166,gh GHA,"MF,FW",31,1991,28.3,4,48,20,41.7,1.70,0.71,0.08,0.20,0,0,Matches
167,Neil El Aynaoui,ma MAR,MF,Lens,fr Ligue 1,22,2001,25,17,1566,17.4,1,2,3,1,0,0,1,0,0.06,0.11,0.17,0.06,0.17,Matches,167,ma MAR,MF,22,2001,17.4,1,22,8,36.4,1.26,0.46,0.05,0.13,0,0,Matches
168,Sardar Azmoun,ir IRN,"FW,MF",Roma,it Serie A,28,1995,23,3,585,6.5,3,0,3,3,0,0,4,0,0.46,0.00,0.46,0.46,0.46,Matches,168,ir IRN,"FW,MF",28,1995,6.5,3,16,7,43.8,2.46,1.08,0.19,0.43,0,0,Matches
169,César Azpilicueta,es ESP,"DF,MF",Atlético Madrid,es La Liga,33,1989,25,14,1423,15.8,0,2,2,0,0,0,4,0,0.00,0.13,0.13,0.00,0.13,Matches,169,es ESP,"DF,MF",33,1989,15.8,0,2,2,100.0,0.13,0.13,0.00,0.00,0,0,Matches
170,Paulo Azzi,br BRA,"MF,DF",Cagliari,it Serie A,29,1994,25,9,950,10.6,0,0,0,0,0,0,1,0,0.00,0.00,0.00,0.00,0.00,Matches,170,br BRA,"MF,DF",29,1994,10.6,0,22,2,9.1,2.08,0.19,0.00,0.00,0,0,Matches
171,Oussama El Azzouzi,ma MAR,MF,Bologna,it Serie A,22,2001,18,5,547,6.1,2,2,4,2,0,0,4,0,0.33,0.33,0.66,0.33,0.66,Matches,171,ma MAR,MF,22,2001,6.1,2,2,2,100.0,0.33,0.33,1.00,1.00,0,0,Matches
173,Iddrisu Baba,gh GHA,MF,Almería,es La Liga,27,1996,25,14,1430,15.9,0,0,0,0,0,0,5,0,0.00,0.00,0.00,0.00,0.00,Matches,173,gh GHA,MF,27,1996,15.9,0,8,2,25.0,0.50,0.13,0.00,0.00,0,0,Matches
177,Loïc Bade,fr FRA,DF,Sevilla,es La Liga,23,2000,28,27,2277,25.3,0,1,1,0,0,0,5,1,0.00,0.04,0.04,0.00,0.04,Matches,177,fr FRA,DF,23,2000,25.3,0,14,3,21.4,0.55,0.12,0.00,0.00,0,0,Matches
178,Milan Badelj,hr CRO,MF,Genoa,it Serie A,34,1989,33,32,2535,28.2,1,3,4,1,0,0,6,0,0.04,0.11,0.14,0.04,0.14,Matches,178,hr CRO,MF,34,1989,28.2,1,21,5,23.8,0.75,0.18,0.05,0.20,0,0,Matches
179,Matthias Bader,de GER,"MF,DF",Darmstadt 98,de Bundesliga,26,1997,24,21,1802,20.0,1,2,3,1,0,0,1,0,0.05,0.10,0.15,0.05,0.15,Matches,179,de GER,"MF,DF",26,1997,20.0,1,17,1,5.9,0.85,0.05,0.06,1.00,0,0,Matches
180,Benoît Badiashile,fr FRA,DF,Chelsea,eng Premier League,22,2001,18,15,1338,14.9,0,1,1,0,0,0,3,0,0.00,0.07,0.07,0.00,0.07,Matches,180,fr FRA,DF,22,2001,14.9,0,6,1,16.7,0.40,0.07,0.00,0.00,0,0,Matches
181,Álex Baena,es ESP,"MF,FW",Villarreal,es La Liga,22,2001,34,33,2579,28.7,2,14,16,2,0,1,11,1,0.07,0.49,0.56,0.07,0.56,Matches,181,es ESP,"MF,FW",22,2001,28.7,2,73,26,35.6,2.55,0.91,0.03,0.08,0,1,Matches
182,Jaime Báez,uy URU,"MF,FW",Frosinone,it Serie A,28,1995,11,6,500,5.6,1,0,1,1,0,0,1,0,0.18,0.00,0.18,0.18,0.18,Matches,182,uy URU,"MF,FW",28,1995,5.6,1,9,2,22.2,1.62,0.36,0.11,0.50,0,0,Matches
184,Leon Bailey,jm JAM,MF,Aston Villa,eng Premier League,25,1997,35,22,2068,23.0,10,9,19,10,0,0,5,0,0.44,0.39,0.83,0.44,0.83,Matches,184,jm JAM,MF,25,1997,23.0,10,53,18,34.0,2.31,0.78,0.19,0.56,0,0,Matches
185,Eric Bailly,ci CIV,DF,Villarreal,es La Liga,29,1994,10,9,839,9.3,0,0,0,0,0,0,4,0,0.00,0.00,0.00,0.00,0.00,Matches,185,ci CIV,DF,29,1994,9.3,0,2,0,0.0,0.21,0.00,0.00,,0,0,Matches
187,Nedim Bajrami,al ALB,"MF,FW",Sassuolo,it Serie A,24,1999,28,15,1310,14.6,2,2,4,2,0,0,0,0,0.14,0.14,0.27,0.14,0.27,Matches,187,al ALB,"MF,FW",24,1999,14.6,2,32,9,28.1,2.20,0.62,0.06,0.22,0,0,Matches
189,Tiemoué Bakayoko,fr FRA,MF,Lorient,fr Ligue 1,28,1994,20,15,1314,14.6,2,1,3,2,0,0,5,0,0.14,0.07,0.21,0.14,0.21,Matches,189,fr FRA,MF,28,1994,14.6,2,12,7,58.3,0.82,0.48,0.17,0.29,0,0,Matches
191,Ridle Baku,de GER,"MF,DF",Wolfsburg,de Bundesliga,25,1998,33,22,2013,22.4,1,0,1,1,0,0,4,0,0.04,0.00,0.04,0.04,0.04,Matches,191,de GER,"MF,DF",25,1998,22.4,1,27,9,33.3,1.21,0.40,0.04,0.11,0,0,Matches
192,Dilane Bakwa,fr FRA,"MF,FW",Strasbourg,fr Ligue 1,20,2002,31,25,2177,24.2,3,6,9,3,0,0,4,1,0.12,0.25,0.37,0.12,0.37,Matches,192,fr FRA,"MF,FW",20,2002,24.2,3,44,12,27.3,1.82,0.50,0.07,0.25,0,0,Matches
193,Tommaso Baldanzi,it ITA,"MF,FW",Empoli,it Serie A,20,2003,14,8,745,8.3,2,0,2,2,0,0,1,0,0.24,0.00,0.24,0.24,0.24,Matches,193,it ITA,"MF,FW",20,2003,8.3,2,14,6,42.9,1.69,0.72,0.14,0.33,0,0,Matches
194,Tommaso Baldanzi,it ITA,"MF,FW",Roma,it Serie A,20,2003,13,6,518,5.8,0,0,0,0,0,0,2,0,0.00,0.00,0.00,0.00,0.00,Matches,194,it ITA,"MF,FW",20,2003,5.8,0,15,3,20.0,2.61,0.52,0.00,0.00,0,0,Matches
195,Alejandro Balde,es ESP,"DF,MF",Barcelona,es La Liga,19,2003,18,15,1378,15.3,0,1,1,0,0,0,1,0,0.00,0.07,0.07,0.00,0.07,Matches,195,es ESP,"DF,MF",19,2003,15.3,0,5,1,20.0,0.33,0.07,0.00,0.00,0,0,Matches
196,George Baldock,gr GRE,"DF,MF",Sheffield United,eng Premier League,30,1993,13,11,969,10.8,0,1,1,0,0,0,4,0,0.00,0.09,0.09,0.00,0.09,Matches,196,gr GRE,"DF,MF",30,1993,10.8,0,1,0,0.0,0.09,0.00,0.00,,0,0,Matches
198,Carlos Baleba,cm CMR,MF,Brighton,eng Premier League,19,2004,27,15,1325,14.7,0,0,0,0,0,0,7,0,0.00,0.00,0.00,0.00,0.00,Matches,198,cm CMR,MF,19,2004,14.7,0,21,5,23.8,1.43,0.34,0.00,0.00,0,0,Matches
199,Leonardo Balerdi,ar ARG,DF,Marseille,fr Ligue 1,24,1999,27,26,2271,25.2,2,0,2,2,0,0,6,1,0.08,0.00,0.08,0.08,0.08,Matches,199,ar ARG,DF,24,1999,25.2,2,14,4,28.6,0.55,0.16,0.14,0.50,0,0,Matches
200,Iván Balliu,al ALB,DF,Rayo Vallecano,es La Liga,31,1992,33,32,2873,31.9,0,1,1,0,0,0,4,0,0.00,0.03,0.03,0.00,0.03,Matches,200,al ALB,DF,31,1992,31.9,0,11,4,36.4,0.34,0.13,0.00,0.00,0,0,Matches
202,Folarin Balogun,us USA,FW,Monaco,fr Ligue 1,22,2001,29,19,1692,18.8,7,5,12,7,0,3,1,0,0.37,0.27,0.64,0.37,0.64,Matches,202,us USA,FW,22,2001,18.8,7,66,29,43.9,3.51,1.54,0.11,0.24,0,3,Matches
203,Jonathan Bamba,ci CIV,"MF,FW",Celta Vigo,es La Liga,27,1996,27,24,1981,22.0,3,2,5,3,0,0,0,0,0.14,0.09,0.23,0.14,0.23,Matches,203,ci CIV,"MF,FW",27,1996,22.0,3,41,16,39.0,1.86,0.73,0.07,0.19,0,0,Matches
204,Mohamed Bamba,ci CIV,FW,Lorient,fr Ligue 1,21,2001,16,14,1138,12.6,8,3,11,7,1,1,3,0,0.63,0.24,0.87,0.55,0.79,Matches,204,ci CIV,FW,21,2001,12.6,8,38,18,47.4,3.01,1.42,0.21,0.44,1,1,Matches
206,Lameck Banda,zm ZAM,"FW,MF",Lecce,it Serie A,22,2001,21,17,1350,15.0,2,4,6,2,0,0,5,1,0.13,0.27,0.40,0.13,0.40,Matches,206,zm ZAM,"FW,MF",22,2001,15.0,2,50,23,46.0,3.33,1.53,0.04,0.09,0,0,Matches
209,Mattia Bani,it ITA,DF,Genoa,it Serie A,29,1993,27,27,2306,25.6,2,0,2,2,0,0,9,0,0.08,0.00,0.08,0.08,0.08,Matches,209,it ITA,DF,29,1993,25.6,2,9,5,55.6,0.35,0.20,0.22,0.40,0,0,Matches
210,Léo Baptistão,br BRA,"FW,MF",Almería,es La Liga,30,1992,32,22,1837,20.4,6,0,6,6,0,0,6,1,0.29,0.00,0.29,0.29,0.29,Matches,210,br BRA,"FW,MF",30,1992,20.4,6,48,18,37.5,2.35,0.88,0.13,0.33,0,0,Matches
212,Antonín Barák,cz CZE,"MF,FW",Fiorentina,it Serie A,28,1994,21,8,808,9.0,2,3,5,2,0,0,2,0,0.22,0.33,0.56,0.22,0.56,Matches,212,cz CZE,"MF,FW",28,1994,9.0,2,20,8,40.0,2.23,0.89,0.10,0.25,0,0,Matches
215,Bradley Barcola,fr FRA,"FW,MF",PSG,fr Ligue 1,20,2002,25,18,1370,15.2,4,7,11,4,0,0,3,1,0.26,0.46,0.72,0.26,0.72,Matches,215,fr FRA,"FW,MF",20,2002,15.2,4,31,11,35.5,2.04,0.72,0.13,0.36,0,0,Matches
216,Melvin Bard,fr FRA,DF,Nice,fr Ligue 1,22,2000,32,31,2654,29.5,1,2,3,1,0,0,7,1,0.03,0.07,0.10,0.03,0.10,Matches,216,fr FRA,DF,22,2000,29.5,1,15,5,33.3,0.51,0.17,0.07,0.20,0,0,Matches
217,Nicolò Barella,it ITA,MF,Inter,it Serie A,26,1997,37,34,2846,31.6,2,3,5,2,0,0,7,0,0.06,0.09,0.16,0.06,0.16,Matches,217,it ITA,MF,26,1997,31.6,2,41,12,29.3,1.30,0.38,0.05,0.17,0,0,Matches
219,Ross Barkley,eng ENG,MF,Luton Town,eng Premier League,29,1993,32,30,2618,29.1,5,4,9,5,0,0,6,0,0.17,0.14,0.31,0.17,0.31,Matches,219,eng ENG,MF,29,1993,29.1,5,66,19,28.8,2.27,0.65,0.08,0.26,0,0,Matches
221,Harvey Barnes,eng ENG,"FW,MF",Newcastle,eng Premier League,25,1997,21,7,802,8.9,5,3,8,5,0,0,2,0,0.56,0.34,0.90,0.56,0.90,Matches,221,eng ENG,"FW,MF",25,1997,8.9,5,27,12,44.4,3.03,1.35,0.19,0.42,0,0,Matches
222,Leandro Barreiro Martins,lu LUX,MF,Mainz 05,de Bundesliga,23,2000,31,29,2606,29.0,4,1,5,4,0,0,8,0,0.14,0.03,0.17,0.14,0.17,Matches,222,lu LUX,MF,23,2000,29.0,4,38,15,39.5,1.31,0.52,0.11,0.27,0,0,Matches
223,Enzo Barrenechea,ar ARG,MF,Frosinone,it Serie A,22,2001,36,32,2811,31.2,0,1,1,0,0,0,10,0,0.00,0.03,0.03,0.00,0.03,Matches,223,ar ARG,MF,22,2001,31.2,0,20,3,15.0,0.64,0.10,0.00,0.00,0,0,Matches
224,Ander Barrenetxea,es ESP,"MF,FW",Real Sociedad,es La Liga,21,2001,29,20,1427,15.9,4,1,5,4,0,0,1,0,0.25,0.06,0.32,0.25,0.32,Matches,224,es ESP,"MF,FW",21,2001,15.9,4,37,12,32.4,2.33,0.76,0.11,0.33,0,0,Matches
225,Pablo Barrios,es ESP,MF,Atlético Madrid,es La Liga,20,2003,24,17,1555,17.3,0,1,1,0,0,0,5,0,0.00,0.06,0.06,0.00,0.06,Matches,225,es ESP,MF,20,2003,17.3,0,17,7,41.2,0.98,0.41,0.00,0.00,0,0,Matches
228,Federico Baschirotto,it ITA,DF,Lecce,it Serie A,26,1996,37,37,3294,36.6,0,1,1,0,0,0,3,1,0.00,0.03,0.03,0.00,0.03,Matches,228,it ITA,DF,26,1996,36.6,0,18,6,33.3,0.49,0.16,0.00,0.00,0,0,Matches
231,Toma Bašić,hr CRO,MF,Salernitana,it Serie A,26,1996,15,14,1162,12.9,0,0,0,0,0,0,5,0,0.00,0.00,0.00,0.00,0.00,Matches,231,hr CRO,MF,26,1996,12.9,0,12,1,8.3,0.93,0.08,0.00,0.00,0,0,Matches
232,Calvin Bassey,ng NGA,DF,Fulham,eng Premier League,23,1999,29,25,2303,25.6,1,0,1,1,0,0,6,1,0.04,0.00,0.04,0.04,0.04,Matches,232,ng NGA,DF,23,1999,25.6,1,5,2,40.0,0.20,0.08,0.20,0.50,0,0,Matches
233,Alessandro Bastoni,it ITA,DF,Inter,it Serie A,24,1999,28,28,2268,25.2,1,3,4,1,0,0,5,0,0.04,0.12,0.16,0.04,0.16,Matches,233,it ITA,DF,24,1999,25.2,1,15,6,40.0,0.60,0.24,0.07,0.17,0,0,Matches
234,Simone Bastoni,it ITA,"MF,DF",Empoli,it Serie A,26,1996,16,9,745,8.3,1,0,1,1,0,0,3,0,0.12,0.00,0.12,0.12,0.12,Matches,234,it ITA,"MF,DF",26,1996,8.3,1,7,1,14.3,0.85,0.12,0.14,1.00,0,0,Matches
235,Augusto Batalla,ar ARG,GK,Granada,es La Liga,27,1996,17,17,1530,17.0,0,0,0,0,0,0,3,0,0.00,0.00,0.00,0.00,0.00,Matches,235,ar ARG,GK,27,1996,17.0,0,1,0,0.0,0.06,0.00,0.00,,0,0,Matches
237,Maximilian Bauer,de GER,DF,Augsburg,de Bundesliga,23,2000,14,9,810,9.0,1,0,1,1,0,0,3,0,0.11,0.00,0.11,0.11,0.11,Matches,237,de GER,DF,23,2000,9.0,1,4,1,25.0,0.44,0.11,0.25,1.00,0,0,Matches
239,Oliver Baumann,de GER,GK,Hoffenheim,de Bundesliga,33,1990,34,34,3060,34.0,0,1,1,0,0,0,1,0,0.00,0.03,0.03,0.00,0.03,Matches,239,de GER,GK,33,1990,34.0,0,0,0,,0.00,0.00,,,0,0,Matches
240,Christoph Baumgartner,at AUT,"MF,FW",RB Leipzig,de Bundesliga,23,1999,32,11,1158,12.9,5,1,6,5,0,0,3,0,0.39,0.08,0.47,0.39,0.47,Matches,240,at AUT,"MF,FW",23,1999,12.9,5,31,12,38.7,2.41,0.93,0.16,0.42,0,0,Matches
242,Ihlas Bebou,tg TOG,"FW,MF",Hoffenheim,de Bundesliga,29,1994,32,16,1636,18.2,7,5,12,7,0,0,3,0,0.39,0.28,0.66,0.39,0.66,Matches,242,tg TOG,"FW,MF",29,1994,18.2,7,38,14,36.8,2.09,0.77,0.18,0.50,0,0,Matches
244,Adrian Beck,de GER,MF,Heidenheim,de Bundesliga,26,1997,23,11,974,10.8,1,1,2,1,0,0,1,0,0.09,0.09,0.18,0.09,0.18,Matches,244,de GER,MF,26,1997,10.8,1,12,3,25.0,1.11,0.28,0.08,0.33,0,0,Matches
246,Sheraldo Becker,sr SUR,"FW,MF",Union Berlin,de Bundesliga,28,1995,11,7,645,7.2,0,1,1,0,0,0,0,0,0.00,0.14,0.14,0.00,0.14,Matches,246,sr SUR,"FW,MF",28,1995,7.2,0,16,4,25.0,2.23,0.56,0.00,0.00,0,0,Matches
247,Sheraldo Becker,sr SUR,"FW,MF",Real Sociedad,es La Liga,28,1995,15,8,771,8.6,2,2,4,2,0,0,1,0,0.23,0.23,0.47,0.23,0.47,Matches,247,sr SUR,"FW,MF",28,1995,8.6,2,21,10,47.6,2.45,1.17,0.10,0.20,0,0,Matches
252,Kevin Behrens,de GER,FW,Wolfsburg,de Bundesliga,32,1991,13,7,616,6.8,1,1,2,1,0,0,1,0,0.15,0.15,0.29,0.15,0.29,Matches,252,de GER,FW,32,1991,6.8,1,11,6,54.5,1.61,0.88,0.09,0.17,0,0,Matches
253,Kevin Behrens,de GER,FW,Union Berlin,de Bundesliga,32,1991,18,14,1262,14.0,4,0,4,4,0,0,3,0,0.29,0.00,0.29,0.29,0.29,Matches,253,de GER,FW,32,1991,14.0,4,41,13,31.7,2.92,0.93,0.10,0.31,0,0,Matches
254,Maximilian Beier,de GER,"FW,MF",Hoffenheim,de Bundesliga,20,2002,33,29,2420,26.9,16,1,17,16,0,0,0,0,0.60,0.04,0.63,0.60,0.63,Matches,254,de GER,"FW,MF",20,2002,26.9,16,82,39,47.6,3.05,1.45,0.20,0.41,0,0,Matches
258,Amari'i Bell,jm JAM,DF,Luton Town,eng Premier League,29,1994,21,21,1720,19.1,0,0,0,0,0,0,0,0,0.00,0.00,0.00,0.00,0.00,Matches,258,jm JAM,DF,29,1994,19.1,0,2,2,100.0,0.10,0.10,0.00,0.00,0,0,Matches
259,Stefan Bell,de GER,DF,Mainz 05,de Bundesliga,31,1991,10,8,666,7.4,0,0,0,0,0,0,3,0,0.00,0.00,0.00,0.00,0.00,Matches,259,de GER,DF,31,1991,7.4,0,4,2,50.0,0.54,0.27,0.00,0.00,0,0,Matches
260,Alaa Bellaarouch,ma MAR,GK,Strasbourg,fr Ligue 1,21,2002,15,15,1350,15.0,0,0,0,0,0,0,1,0,0.00,0.00,0.00,0.00,0.00,Matches,260,ma MAR,GK,21,2002,15.0,0,0,0,,0.00,0.00,,,0,0,Matches
261,Raoul Bellanova,it ITA,MF,Torino,it Serie A,23,2000,37,36,3046,33.8,1,7,8,1,0,0,5,0,0.03,0.21,0.24,0.03,0.24,Matches,261,it ITA,MF,23,2000,33.8,1,32,3,9.4,0.95,0.09,0.03,0.33,0,0,Matches
262,Jean-Ricner Bellegarde,ht HAI,"MF,FW",Wolves,eng Premier League,25,1998,22,10,958,10.6,2,1,3,2,0,0,0,1,0.19,0.09,0.28,0.19,0.28,Matches,262,ht HAI,"MF,FW",25,1998,10.6,2,15,5,33.3,1.41,0.47,0.13,0.40,0,0,Matches
264,Héctor Bellerín,es ESP,DF,Real Betis,es La Liga,28,1995,23,20,1711,19.0,0,1,1,0,0,0,0,1,0.00,0.05,0.05,0.00,0.05,Matches,264,es ESP,DF,28,1995,19.0,0,2,0,0.0,0.11,0.00,0.00,,0,0,Matches
265,Jude Bellingham,eng ENG,"MF,FW",Real Madrid,es La Liga,20,2003,28,27,2315,25.7,19,6,25,18,1,1,5,1,0.74,0.23,0.97,0.70,0.93,Matches,265,eng ENG,"MF,FW",20,2003,25.7,19,63,35,55.6,2.45,1.36,0.30,0.54,1,1,Matches
266,Jeanuël Belocian,fr FRA,DF,Rennes,fr Ligue 1,18,2005,23,16,1448,16.1,0,1,1,0,0,0,0,0,0.00,0.06,0.06,0.00,0.06,Matches,266,fr FRA,DF,18,2005,16.1,0,3,0,0.0,0.19,0.00,0.00,,0,0,Matches
267,Andrea Belotti,it ITA,FW,Fiorentina,it Serie A,29,1993,15,11,949,10.5,3,0,3,3,0,0,0,0,0.28,0.00,0.28,0.28,0.28,Matches,267,it ITA,FW,29,1993,10.5,3,32,9,28.1,3.03,0.85,0.09,0.33,0,0,Matches
268,Andrea Belotti,it ITA,FW,Roma,it Serie A,29,1993,14,6,679,7.5,3,2,5,3,0,0,1,0,0.40,0.27,0.66,0.40,0.66,Matches,268,it ITA,FW,29,1993,7.5,3,15,8,53.3,1.99,1.06,0.20,0.38,0,0,Matches
269,Fran Beltrán,es ESP,MF,Celta Vigo,es La Liga,24,1999,33,28,2428,27.0,0,0,0,0,0,0,2,0,0.00,0.00,0.00,0.00,0.00,Matches,269,es ESP,MF,24,1999,27.0,0,21,3,14.3,0.78,0.11,0.00,0.00,0,0,Matches
270,Lucas Beltrán,ar ARG,"FW,MF",Fiorentina,it Serie A,22,2001,32,21,1692,18.8,6,2,8,5,1,1,6,0,0.32,0.11,0.43,0.27,0.37,Matches,270,ar ARG,"FW,MF",22,2001,18.8,6,32,9,28.1,1.70,0.48,0.19,0.67,1,1,Matches
273,Wissam Ben Yedder,fr FRA,FW,Monaco,fr Ligue 1,32,1990,32,26,2316,25.7,16,2,18,15,1,1,2,0,0.62,0.08,0.70,0.58,0.66,Matches,273,fr FRA,FW,32,1990,25.7,16,64,31,48.4,2.49,1.20,0.25,0.52,1,1,Matches
274,Carlos Benavídez,uy URU,MF,Alavés,es La Liga,25,1998,29,10,1136,12.6,3,1,4,3,0,0,5,0,0.24,0.08,0.32,0.24,0.32,Matches,274,uy URU,MF,25,1998,12.6,3,14,7,50.0,1.11,0.55,0.21,0.43,0,0,Matches
275,Ismaël Bennacer,dz ALG,MF,Milan,it Serie A,25,1997,20,13,1151,12.8,2,2,4,1,1,1,2,0,0.16,0.16,0.31,0.08,0.23,Matches,275,dz ALG,MF,25,1997,12.8,2,12,2,16.7,0.94,0.16,0.17,1.00,1,1,Matches
276,Saïd Benrahma,dz ALG,MF,West Ham,eng Premier League,27,1995,13,5,620,6.9,0,1,1,0,0,1,1,0,0.00,0.15,0.15,0.00,0.15,Matches,276,dz ALG,MF,27,1995,6.9,0,19,6,31.6,2.76,0.87,0.00,0.00,0,1,Matches
277,Saïd Benrahma,dz ALG,"FW,MF",Lyon,fr Ligue 1,27,1995,12,10,770,8.6,3,3,6,3,0,0,2,0,0.35,0.35,0.70,0.35,0.70,Matches,277,dz ALG,"FW,MF",27,1995,8.6,3,25,9,36.0,2.92,1.05,0.12,0.33,0,0,Matches
278,Ramy Bensebaini,dz ALG,DF,Dortmund,de Bundesliga,28,1995,17,11,1033,11.5,0,0,0,0,0,0,4,1,0.00,0.00,0.00,0.00,0.00,Matches,278,dz ALG,DF,28,1995,11.5,0,16,0,0.0,1.39,0.00,0.00,,0,0,Matches
279,Nabil Bentaleb,dz ALG,MF,Lille,fr Ligue 1,28,1994,26,23,1967,21.9,0,3,3,0,0,0,7,0,0.00,0.14,0.14,0.00,0.14,Matches,279,dz ALG,MF,28,1994,21.9,0,10,2,20.0,0.46,0.09,0.00,0.00,0,0,Matches
280,Rodrigo Bentancur,uy URU,MF,Tottenham,eng Premier League,26,1997,23,13,1005,11.2,1,1,2,1,0,0,7,0,0.09,0.09,0.18,0.09,0.18,Matches,280,uy URU,MF,26,1997,11.2,1,18,5,27.8,1.61,0.45,0.06,0.20,0,0,Matches
282,Lucas Beraldo,br BRA,DF,PSG,fr Ligue 1,19,2003,13,12,1008,11.2,1,0,1,1,0,0,4,1,0.09,0.00,0.09,0.09,0.09,Matches,282,br BRA,DF,19,2003,11.2,1,5,2,40.0,0.45,0.18,0.20,0.50,0,0,Matches
283,Domenico Berardi,it ITA,"MF,FW",Sassuolo,it Serie A,28,1994,17,17,1431,15.9,9,3,12,4,5,5,6,0,0.57,0.19,0.75,0.25,0.44,Matches,283,it ITA,"MF,FW",28,1994,15.9,9,51,24,47.1,3.21,1.51,0.18,0.38,5,5,Matches
284,Yuri Berchiche,es ESP,DF,Athletic Club,es La Liga,33,1990,27,22,1930,21.4,3,1,4,3,0,0,5,0,0.14,0.05,0.19,0.14,0.19,Matches,284,es ESP,DF,33,1990,21.4,3,18,6,33.3,0.84,0.28,0.17,0.50,0,0,Matches
285,Álex Berenguer,es ESP,MF,Athletic Club,es La Liga,28,1995,35,15,1592,17.7,7,3,10,6,1,1,4,0,0.40,0.17,0.57,0.34,0.51,Matches,285,es ESP,MF,28,1995,17.7,7,32,12,37.5,1.81,0.68,0.22,0.58,1,1,Matches
286,Bartosz Bereszyński,pl POL,DF,Empoli,it Serie A,31,1992,24,22,1762,19.6,0,1,1,0,0,0,3,0,0.00,0.05,0.05,0.00,0.05,Matches,286,pl POL,DF,31,1992,19.6,0,3,1,33.3,0.15,0.05,0.00,0.00,0,0,Matches
287,Jóhann Berg Guðmundsson,is ISL,MF,Burnley,eng Premier League,32,1990,26,12,1192,13.2,1,3,4,1,0,0,2,0,0.08,0.23,0.30,0.08,0.30,Matches,287,is ISL,MF,32,1990,13.2,1,15,6,40.0,1.13,0.45,0.07,0.17,0,0,Matches
288,Sander Berge,no NOR,MF,Burnley,eng Premier League,25,1998,37,34,3005,33.4,1,2,3,1,0,0,10,1,0.03,0.06,0.09,0.03,0.09,Matches,288,no NOR,MF,25,1998,33.4,1,25,3,12.0,0.75,0.09,0.04,0.33,0,0,Matches
289,Etrit Berisha,al ALB,GK,Empoli,it Serie A,34,1989,14,14,1260,14.0,0,0,0,0,0,0,0,0,0.00,0.00,0.00,0.00,0.00,Matches,289,al ALB,GK,34,1989,14.0,0,0,0,,0.00,0.00,,,0,0,Matches
293,Bernardo,br BRA,DF,Bochum,de Bundesliga,28,1995,33,33,2924,32.5,1,0,1,1,0,0,9,0,0.03,0.00,0.03,0.03,0.03,Matches,293,br BRA,DF,28,1995,32.5,1,29,8,27.6,0.89,0.25,0.03,0.13,0,0,Matches
294,Victor Bernth Kristiansen,dk DEN,DF,Bologna,it Serie A,20,2002,32,26,2307,25.6,0,3,3,0,0,0,4,0,0.00,0.12,0.12,0.00,0.12,Matches,294,dk DEN,DF,20,2002,25.6,0,6,2,33.3,0.23,0.08,0.00,0.00,0,0,Matches
295,Matúš Bero,sk SVK,"MF,FW",Bochum,de Bundesliga,27,1995,24,20,1661,18.5,1,1,2,1,0,0,6,0,0.05,0.05,0.11,0.05,0.11,Matches,295,sk SVK,"MF,FW",27,1995,18.5,1,30,6,20.0,1.63,0.33,0.03,0.17,0,0,Matches
298,Jan-Niklas Beste,de GER,MF,Heidenheim,de Bundesliga,24,1999,31,31,2603,28.9,8,11,19,8,0,1,4,0,0.28,0.38,0.66,0.28,0.66,Matches,298,de GER,MF,24,1999,28.9,8,49,19,38.8,1.69,0.66,0.16,0.42,0,1,Matches
300,Beto,gw GNB,FW,Everton,eng Premier League,25,1998,30,9,951,10.6,3,0,3,3,0,1,2,0,0.28,0.00,0.28,0.28,0.28,Matches,300,gw GNB,FW,25,1998,10.6,3,43,13,30.2,4.07,1.23,0.07,0.23,0,1,Matches
302,Sam Beukema,nl NED,DF,Bologna,it Serie A,24,1998,30,29,2547,28.3,1,1,2,1,0,0,6,1,0.04,0.04,0.07,0.04,0.07,Matches,302,nl NED,DF,24,1998,28.3,1,12,4,33.3,0.42,0.14,0.08,0.25,0,0,Matches
303,Jordan Beyer,de GER,DF,Burnley,eng Premier League,23,2000,15,15,1234,13.7,0,1,1,0,0,0,6,0,0.00,0.07,0.07,0.00,0.07,Matches,303,de GER,DF,23,2000,13.7,0,5,0,0.0,0.36,0.00,0.00,,0,0,Matches
305,Jaka Bijol,si SVN,DF,Udinese,it Serie A,24,1999,24,23,2084,23.2,0,0,0,0,0,0,4,0,0.00,0.00,0.00,0.00,0.00,Matches,305,si SVN,DF,24,1999,23.2,0,15,2,13.3,0.65,0.09,0.00,0.00,0,0,Matches
307,Philip Billing,dk DEN,MF,Bournemouth,eng Premier League,27,1996,29,13,1398,15.5,2,2,4,2,0,0,3,1,0.13,0.13,0.26,0.13,0.26,Matches,307,dk DEN,MF,27,1996,15.5,2,30,8,26.7,1.93,0.52,0.07,0.25,0,0,Matches
308,Cristiano Biraghi,it ITA,DF,Fiorentina,it Serie A,30,1992,29,27,2356,26.2,2,5,7,2,0,1,8,0,0.08,0.19,0.27,0.08,0.27,Matches,308,it ITA,DF,30,1992,26.2,2,17,6,35.3,0.65,0.23,0.12,0.33,0,1,Matches
310,Samuele Birindelli,it ITA,"MF,DF",Monza,it Serie A,24,1999,35,22,2013,22.4,0,2,2,0,0,0,7,0,0.00,0.09,0.09,0.00,0.09,Matches,310,it ITA,"MF,DF",24,1999,22.4,0,25,9,36.0,1.12,0.40,0.00,0.00,0,0,Matches
312,Yves Bissouma,ml MLI,MF,Tottenham,eng Premier League,26,1996,28,26,2068,23.0,0,0,0,0,0,0,10,2,0.00,0.00,0.00,0.00,0.00,Matches,312,ml MLI,MF,26,1996,23.0,0,24,5,20.8,1.04,0.22,0.00,0.00,0,0,Matches
313,Leonardo Bittencourt,de GER,MF,Werder Bremen,de Bundesliga,29,1993,29,19,1578,17.5,1,2,3,1,0,0,9,0,0.06,0.11,0.17,0.06,0.17,Matches,313,de GER,MF,29,1993,17.5,1,31,5,16.1,1.77,0.29,0.03,0.20,0,0,Matches
314,Marco Bizot,nl NED,GK,Brest,fr Ligue 1,32,1991,32,32,2876,32.0,0,0,0,0,0,0,3,1,0.00,0.00,0.00,0.00,0.00,Matches,314,nl NED,GK,32,1991,32.0,0,0,0,,0.00,0.00,,,0,0,Matches
315,Antonio Blanco,es ESP,MF,Alavés,es La Liga,23,2000,33,29,2426,27.0,0,1,1,0,0,0,5,1,0.00,0.04,0.04,0.00,0.04,Matches,315,es ESP,MF,23,2000,27.0,0,20,3,15.0,0.74,0.11,0.00,0.00,0,0,Matches
318,Ludovic Blas,fr FRA,"MF,FW",Rennes,fr Ligue 1,25,1997,29,18,1563,17.4,4,1,5,3,1,2,3,0,0.23,0.06,0.29,0.17,0.23,Matches,318,fr FRA,"MF,FW",25,1997,17.4,4,44,17,38.6,2.53,0.98,0.09,0.24,1,2,Matches
319,Janis Blaswich,de GER,GK,RB Leipzig,de Bundesliga,32,1991,21,21,1890,21.0,0,0,0,0,0,0,0,0,0.00,0.00,0.00,0.00,0.00,Matches,319,de GER,GK,32,1991,21.0,0,0,0,,0.00,0.00,,,0,0,Matches
320,Alexis Blin,fr FRA,MF,Lecce,it Serie A,26,1996,31,16,1642,18.2,0,2,2,0,0,0,4,0,0.00,0.11,0.11,0.00,0.11,Matches,320,fr FRA,MF,26,1996,18.2,0,13,2,15.4,0.71,0.11,0.00,0.00,0,0,Matches
321,Daley Blind,nl NED,DF,Girona,es La Liga,33,1990,34,33,2972,33.0,1,2,3,1,0,0,6,0,0.03,0.06,0.09,0.03,0.09,Matches,321,nl NED,DF,33,1990,33.0,1,17,6,35.3,0.51,0.18,0.06,0.17,0,0,Matches
327,Jeremie Boga,ci CIV,"FW,MF",Nice,fr Ligue 1,26,1997,28,24,1998,22.2,6,6,12,6,0,0,1,0,0.27,0.27,0.54,0.27,0.54,Matches,327,ci CIV,"FW,MF",26,1997,22.2,6,39,19,48.7,1.76,0.86,0.15,0.32,0,0,Matches
328,Jayden Bogle,eng ENG,"MF,DF",Sheffield United,eng Premier League,23,2000,34,32,2788,31.0,3,0,3,3,0,0,9,0,0.10,0.00,0.10,0.10,0.10,Matches,328,eng ENG,"MF,DF",23,2000,31.0,3,32,11,34.4,1.03,0.36,0.09,0.27,0,0,Matches
330,Emil Bohinen,no NOR,MF,Salernitana,it Serie A,24,1999,12,7,535,5.9,0,0,0,0,0,0,1,0,0.00,0.00,0.00,0.00,0.00,Matches,330,no NOR,MF,24,1999,5.9,0,4,0,0.0,0.67,0.00,0.00,,0,0,Matches
332,Daniel Boloca,ro ROU,MF,Sassuolo,it Serie A,24,1998,30,23,2022,22.5,1,0,1,1,0,0,6,1,0.04,0.00,0.04,0.04,0.04,Matches,332,ro ROU,MF,24,1998,22.5,1,13,4,30.8,0.58,0.18,0.08,0.25,0,0,Matches
333,Willy Boly,ci CIV,DF,Nottingham,eng Premier League,32,1991,20,18,1438,16.0,2,1,3,2,0,0,3,1,0.13,0.06,0.19,0.13,0.19,Matches,333,ci CIV,DF,32,1991,16.0,2,14,6,42.9,0.88,0.38,0.14,0.33,0,0,Matches
334,Giacomo Bonaventura,it ITA,MF,Fiorentina,it Serie A,33,1989,31,27,2277,25.3,8,3,11,8,0,1,6,0,0.32,0.12,0.43,0.32,0.43,Matches,334,it ITA,MF,33,1989,25.3,8,52,16,30.8,2.06,0.63,0.15,0.50,0,1,Matches
335,Federico Bonazzoli,it ITA,FW,Hellas Verona,it Serie A,26,1997,24,10,1016,11.3,3,1,4,3,0,0,2,0,0.27,0.09,0.35,0.27,0.35,Matches,335,it ITA,FW,26,1997,11.3,3,27,13,48.1,2.39,1.15,0.11,0.23,0,0,Matches
336,Warren Bondo,fr FRA,MF,Monza,it Serie A,19,2003,25,14,1475,16.4,1,1,2,1,0,0,9,0,0.06,0.06,0.12,0.06,0.12,Matches,336,fr FRA,MF,19,2003,16.4,1,17,4,23.5,1.04,0.24,0.06,0.25,0,0,Matches
338,Victor Boniface,ng NGA,FW,Leverkusen,de Bundesliga,22,2000,23,18,1546,17.2,14,8,22,10,4,4,2,0,0.82,0.47,1.28,0.58,1.05,Matches,338,ng NGA,FW,22,2000,17.2,14,80,34,42.5,4.66,1.98,0.18,0.41,4,4,Matches
342,Neto Borges,br BRA,"MF,DF",Clermont Foot,fr Ligue 1,26,1996,28,28,2516,28.0,0,1,1,0,0,0,3,1,0.00,0.04,0.04,0.00,0.04,Matches,342,br BRA,"MF,DF",26,1996,28.0,0,16,2,12.5,0.57,0.07,0.00,0.00,0,0,Matches
344,Sebastiaan Bornauw,be BEL,DF,Wolfsburg,de Bundesliga,24,1999,20,16,1431,15.9,0,0,0,0,0,0,5,0,0.00,0.00,0.00,0.00,0.00,Matches,344,be BEL,DF,24,1999,15.9,0,10,4,40.0,0.63,0.25,0.00,0.00,0,0,Matches
345,Rafael Borré,co COL,FW,Werder Bremen,de Bundesliga,27,1995,19,11,991,11.0,4,0,4,4,0,0,0,0,0.36,0.00,0.36,0.36,0.36,Matches,345,co COL,FW,27,1995,11.0,4,20,8,40.0,1.82,0.73,0.20,0.50,0,0,Matches
349,Sven Botman,nl NED,DF,Newcastle,eng Premier League,23,2000,17,15,1377,15.3,2,2,4,2,0,0,2,0,0.13,0.13,0.26,0.13,0.26,Matches,349,nl NED,DF,23,2000,15.3,2,10,2,20.0,0.65,0.13,0.20,1.00,0,0,Matches
355,Hicham Boudaoui,dz ALG,MF,Nice,fr Ligue 1,23,1999,29,17,1613,17.9,2,0,2,2,0,0,5,0,0.11,0.00,0.11,0.11,0.11,Matches,355,dz ALG,MF,23,1999,17.9,2,29,6,20.7,1.62,0.33,0.07,0.33,0,0,Matches
358,Benjamin Bourigeaud,fr FRA,MF,Rennes,fr Ligue 1,29,1994,32,29,2425,26.9,9,6,15,2,7,7,1,0,0.33,0.22,0.56,0.07,0.30,Matches,358,fr FRA,MF,29,1994,26.9,9,51,17,33.3,1.89,0.63,0.18,0.53,7,7,Matches
359,Bilal Boutobba,fr FRA,"MF,FW",Clermont Foot,fr Ligue 1,24,1998,27,10,926,10.3,1,1,2,1,0,0,1,0,0.10,0.10,0.19,0.10,0.19,Matches,359,fr FRA,"MF,FW",24,1998,10.3,1,25,9,36.0,2.43,0.87,0.04,0.11,0,0,Matches
361,Edoardo Bove,it ITA,MF,Roma,it Serie A,21,2002,31,18,1780,19.8,0,2,2,0,0,0,2,0,0.00,0.10,0.10,0.00,0.10,Matches,361,it ITA,MF,21,2002,19.8,0,19,6,31.6,0.96,0.30,0.00,0.00,0,0,Matches
362,Jarrod Bowen,eng ENG,"MF,FW",West Ham,eng Premier League,26,1996,34,34,3019,33.5,16,6,22,16,0,0,2,0,0.48,0.18,0.66,0.48,0.66,Matches,362,eng ENG,"MF,FW",26,1996,33.5,16,85,37,43.5,2.53,1.10,0.19,0.43,0,0,Matches
363,Lucas Boyé,ar ARG,FW,Granada,es La Liga,27,1996,31,30,2541,28.2,6,3,9,6,0,0,8,1,0.21,0.11,0.32,0.21,0.32,Matches,363,ar ARG,FW,27,1996,28.2,6,56,15,26.8,1.98,0.53,0.11,0.40,0,0,Matches
364,Domagoj Bradarić,hr CRO,"MF,DF",Salernitana,it Serie A,23,1999,34,30,2749,30.5,0,3,3,0,0,0,5,0,0.00,0.10,0.10,0.00,0.10,Matches,364,hr CRO,"MF,DF",23,1999,30.5,0,19,4,21.1,0.62,0.13,0.00,0.00,0,0,Matches
365,Conor Bradley,nir NIR,DF,Liverpool,eng Premier League,20,2003,11,10,753,8.4,1,3,4,1,0,0,2,0,0.12,0.36,0.48,0.12,0.48,Matches,365,nir NIR,DF,20,2003,8.4,1,12,4,33.3,1.43,0.48,0.08,0.25,0,0,Matches
368,Julian Brandt,de GER,MF,Dortmund,de Bundesliga,27,1996,32,26,2223,24.7,7,11,18,7,0,0,2,0,0.28,0.45,0.73,0.28,0.73,Matches,368,de GER,MF,27,1996,24.7,7,33,16,48.5,1.34,0.65,0.21,0.44,0,0,Matches
369,Jarrad Branthwaite,eng ENG,DF,Everton,eng Premier League,21,2002,35,35,3116,34.6,3,0,3,3,0,0,8,0,0.09,0.00,0.09,0.09,0.09,Matches,369,eng ENG,DF,21,2002,34.6,3,14,4,28.6,0.40,0.12,0.21,0.75,0,0,Matches
371,Lilian Brassier,fr FRA,DF,Brest,fr Ligue 1,23,1999,30,30,2677,29.7,3,0,3,3,0,0,11,1,0.10,0.00,0.10,0.10,0.10,Matches,371,fr FRA,DF,23,1999,29.7,3,12,4,33.3,0.40,0.13,0.25,0.75,0,0,Matches
373,Claudio Bravo,cl CHI,GK,Real Betis,es La Liga,40,1983,7,7,630,7.0,0,0,0,0,0,0,0,0,0.00,0.00,0.00,0.00,0.00,Matches,373,cl CHI,GK,40,1983,7.0,0,0,0,,0.00,0.00,,,0,0,Matches
375,Tim Breithaupt,de GER,MF,Augsburg,de Bundesliga,21,2002,16,6,629,7.0,0,0,0,0,0,0,3,0,0.00,0.00,0.00,0.00,0.00,Matches,375,de GER,MF,21,2002,7.0,0,3,0,0.0,0.43,0.00,0.00,,0,0,Matches
376,Josip Brekalo,hr CRO,MF,Fiorentina,it Serie A,25,1998,11,8,652,7.2,1,0,1,1,0,0,0,0,0.14,0.00,0.14,0.14,0.14,Matches,376,hr CRO,MF,25,1998,7.2,1,9,4,44.4,1.24,0.55,0.11,0.25,0,0,Matches
377,Gleison Bremer,br BRA,DF,Juventus,it Serie A,26,1997,36,36,3233,35.9,3,0,3,3,0,0,9,0,0.08,0.00,0.08,0.08,0.08,Matches,377,br BRA,DF,26,1997,35.9,3,18,4,22.2,0.50,0.11,0.17,0.75,0,0,Matches
379,Ben Brereton,cl CHI,"FW,MF",Sheffield United,eng Premier League,24,1999,14,14,1105,12.3,6,1,7,5,1,1,3,0,0.49,0.08,0.57,0.41,0.49,Matches,379,cl CHI,"FW,MF",24,1999,12.3,6,35,19,54.3,2.85,1.55,0.17,0.32,1,1,Matches
381,Marco Brescianini,it ITA,MF,Frosinone,it Serie A,23,2000,36,24,2321,25.8,4,2,6,4,0,0,1,0,0.16,0.08,0.23,0.16,0.23,Matches,381,it ITA,MF,23,2000,25.8,4,31,11,35.5,1.20,0.43,0.13,0.36,0,0,Matches
388,Andre Brooks,jm JAM,MF,Sheffield United,eng Premier League,19,2003,20,12,938,10.4,0,0,0,0,0,0,1,0,0.00,0.00,0.00,0.00,0.00,Matches,388,jm JAM,MF,19,2003,10.4,0,9,2,22.2,0.86,0.19,0.00,0.00,0,0,Matches
390,John Brooks,us USA,DF,Hoffenheim,de Bundesliga,30,1993,21,18,1539,17.1,2,0,2,2,0,0,6,1,0.12,0.00,0.12,0.12,0.12,Matches,390,us USA,DF,30,1993,17.1,2,11,4,36.4,0.64,0.23,0.18,0.50,0,0,Matches
391,Moritz Broschinski,de GER,"FW,MF",Bochum,de Bundesliga,22,2000,26,14,1247,13.9,2,3,5,2,0,0,4,0,0.14,0.22,0.36,0.14,0.36,Matches,391,de GER,"FW,MF",22,2000,13.9,2,26,8,30.8,1.88,0.58,0.08,0.25,0,0,Matches
392,Jacob Brown,sct SCO,"MF,FW",Luton Town,eng Premier League,25,1998,19,12,1019,11.3,2,0,2,2,0,0,4,0,0.18,0.00,0.18,0.18,0.18,Matches,392,sct SCO,"MF,FW",25,1998,11.3,2,25,7,28.0,2.21,0.62,0.08,0.29,0,0,Matches
393,Josh Brownhill,eng ENG,MF,Burnley,eng Premier League,27,1995,33,23,2252,25.0,4,2,6,4,0,0,4,1,0.16,0.08,0.24,0.16,0.24,Matches,393,eng ENG,MF,27,1995,25.0,4,28,11,39.3,1.12,0.44,0.14,0.36,0,0,Matches
395,Jacob Bruun Larsen,dk DEN,MF,Burnley,eng Premier League,24,1998,32,16,1249,13.9,6,0,6,5,1,1,1,0,0.43,0.00,0.43,0.36,0.36,Matches,395,dk DEN,MF,24,1998,13.9,6,44,16,36.4,3.17,1.15,0.14,0.38,1,1,Matches
397,Ante Budimir,hr CRO,FW,Osasuna,es La Liga,32,1991,33,29,2435,27.1,17,2,19,14,3,4,4,0,0.63,0.07,0.70,0.52,0.59,Matches,397,hr CRO,FW,32,1991,27.1,17,76,35,46.1,2.81,1.29,0.22,0.49,3,4,Matches
398,Hugo Bueno,es ESP,"MF,DF",Wolves,eng Premier League,20,2002,22,7,741,8.2,0,0,0,0,0,0,1,0,0.00,0.00,0.00,0.00,0.00,Matches,398,es ESP,"MF,DF",20,2002,8.2,0,5,0,0.0,0.61,0.00,0.00,,0,0,Matches
400,Santiago Bueno,uy URU,DF,Wolves,eng Premier League,24,1998,12,9,822,9.1,0,0,0,0,0,0,1,0,0.00,0.00,0.00,0.00,0.00,Matches,400,uy URU,DF,24,1998,9.1,0,0,0,,0.00,0.00,,,0,0,Matches
401,Marius Bülter,de GER,MF,Hoffenheim,de Bundesliga,30,1993,30,15,1351,15.0,1,4,5,1,0,0,3,1,0.07,0.27,0.33,0.07,0.33,Matches,401,de GER,MF,30,1993,15.0,1,21,6,28.6,1.40,0.40,0.05,0.17,0,0,Matches
402,Facundo Buonanotte,ar ARG,"MF,FW",Brighton,eng Premier League,18,2004,27,17,1364,15.2,3,1,4,3,0,0,7,0,0.20,0.07,0.26,0.20,0.26,Matches,402,ar ARG,"MF,FW",18,2004,15.2,3,21,9,42.9,1.39,0.59,0.14,0.33,0,0,Matches
403,Alessandro Buongiorno,it ITA,DF,Torino,it Serie A,24,1999,29,29,2527,28.1,3,0,3,3,0,0,7,0,0.11,0.00,0.11,0.11,0.11,Matches,403,it ITA,DF,24,1999,28.1,3,13,6,46.2,0.46,0.21,0.23,0.50,0,0,Matches
404,Jonathan Burkardt,de GER,"FW,MF",Mainz 05,de Bundesliga,23,2000,21,18,1538,17.1,8,2,10,7,1,1,2,0,0.47,0.12,0.59,0.41,0.53,Matches,404,de GER,"FW,MF",23,2000,17.1,8,41,17,41.5,2.40,0.99,0.20,0.47,1,1,Matches
406,Reece Burke,eng ENG,DF,Luton Town,eng Premier League,26,1996,22,20,1660,18.4,0,4,4,0,0,0,5,0,0.00,0.22,0.22,0.00,0.22,Matches,406,eng ENG,DF,26,1996,18.4,0,13,4,30.8,0.70,0.22,0.00,0.00,0,0,Matches
407,Dan Burn,eng ENG,DF,Newcastle,eng Premier League,31,1992,33,32,2726,30.3,2,2,4,2,0,0,4,0,0.07,0.07,0.13,0.07,0.13,Matches,407,eng ENG,DF,31,1992,30.3,2,23,6,26.1,0.76,0.20,0.09,0.33,0,0,Matches
410,Marnon Busch,de GER,DF,Heidenheim,de Bundesliga,28,1994,16,5,595,6.6,0,0,0,0,0,0,1,0,0.00,0.00,0.00,0.00,0.00,Matches,410,de GER,DF,28,1994,6.6,0,5,1,20.0,0.76,0.15,0.00,0.00,0,0,Matches
413,Aurélio Buta,pt POR,"MF,DF",Frankfurt,de Bundesliga,26,1997,30,20,1744,19.4,1,1,2,1,0,0,5,0,0.05,0.05,0.10,0.05,0.10,Matches,413,pt POR,"MF,DF",26,1997,19.4,1,13,4,30.8,0.67,0.21,0.08,0.25,0,0,Matches
414,Marcin Bułka,pl POL,GK,Nice,fr Ligue 1,23,1999,34,34,3060,34.0,0,0,0,0,0,0,2,0,0.00,0.00,0.00,0.00,0.00,Matches,414,pl POL,GK,23,1999,34.0,0,1,0,0.0,0.03,0.00,0.00,,0,0,Matches
415,Rémy Cabella,fr FRA,"MF,FW",Lille,fr Ligue 1,33,1990,30,14,1477,16.4,2,2,4,2,0,0,0,0,0.12,0.12,0.24,0.12,0.24,Matches,415,fr FRA,"MF,FW",33,1990,16.4,2,33,14,42.4,2.01,0.85,0.06,0.14,0,0,Matches
416,Jovane Cabral,cv CPV,"MF,FW",Salernitana,it Serie A,25,1998,12,8,678,7.5,1,0,1,1,0,0,1,0,0.13,0.00,0.13,0.13,0.13,Matches,416,cv CPV,"MF,FW",25,1998,7.5,1,25,9,36.0,3.32,1.19,0.04,0.11,0,0,Matches
417,Liberato Cacace,nz NZL,"DF,MF",Empoli,it Serie A,22,2000,31,18,1912,21.2,0,1,1,0,0,0,6,0,0.00,0.05,0.05,0.00,0.05,Matches,417,nz NZL,"DF,MF",22,2000,21.2,0,13,2,15.4,0.61,0.09,0.00,0.00,0,0,Matches
418,Anthony Caci,fr FRA,"MF,DF",Mainz 05,de Bundesliga,26,1997,31,29,2486,27.6,2,3,5,2,0,0,8,0,0.07,0.11,0.18,0.07,0.18,Matches,418,fr FRA,"MF,DF",26,1997,27.6,2,31,6,19.4,1.12,0.22,0.06,0.33,0,0,Matches
419,Moisés Caicedo,ec ECU,MF,Chelsea,eng Premier League,21,2001,35,33,2866,31.8,1,3,4,1,0,0,11,0,0.03,0.09,0.13,0.03,0.13,Matches,419,ec ECU,MF,21,2001,31.8,1,13,4,30.8,0.41,0.13,0.08,0.25,0,0,Matches
420,Tom Cairney,sct SCO,MF,Fulham,eng Premier League,32,1991,34,14,1488,16.5,1,4,5,1,0,0,3,0,0.06,0.24,0.30,0.06,0.30,Matches,420,sct SCO,MF,32,1991,16.5,1,17,8,47.1,1.03,0.48,0.06,0.13,0,0,Matches
421,Jens Cajuste,se SWE,MF,Napoli,it Serie A,23,1999,26,11,1016,11.3,0,2,2,0,0,0,7,0,0.00,0.18,0.18,0.00,0.18,Matches,421,se SWE,MF,23,1999,11.3,0,16,3,18.8,1.42,0.27,0.00,0.00,0,0,Matches
422,Davide Calabria,it ITA,DF,Milan,it Serie A,26,1996,29,26,2185,24.3,1,3,4,1,0,0,5,2,0.04,0.12,0.16,0.04,0.16,Matches,422,it ITA,DF,26,1996,24.3,1,21,8,38.1,0.86,0.33,0.05,0.13,0,0,Matches
423,Riccardo Calafiori,it ITA,DF,Bologna,it Serie A,21,2002,30,26,2349,26.1,2,5,7,2,0,0,4,0,0.08,0.19,0.27,0.08,0.27,Matches,423,it ITA,DF,21,2002,26.1,2,17,6,35.3,0.65,0.23,0.12,0.33,0,0,Matches
425,Luca Caldirola,it ITA,DF,Monza,it Serie A,32,1991,29,23,2141,23.8,1,1,2,1,0,0,7,1,0.04,0.04,0.08,0.04,0.08,Matches,425,it ITA,DF,32,1991,23.8,1,9,2,22.2,0.38,0.08,0.11,0.50,0,0,Matches
426,Duje Ćaleta-Car,hr CRO,DF,Lyon,fr Ligue 1,26,1996,24,22,1993,22.1,0,0,0,0,0,0,2,1,0.00,0.00,0.00,0.00,0.00,Matches,426,hr CRO,DF,26,1996,22.1,0,7,1,14.3,0.32,0.05,0.00,0.00,0,0,Matches
427,Hakan Çalhanoğlu,tr TUR,MF,Inter,it Serie A,29,1994,32,32,2556,28.4,13,3,16,3,10,10,5,0,0.46,0.11,0.56,0.11,0.21,Matches,427,tr TUR,MF,29,1994,28.4,13,62,23,37.1,2.18,0.81,0.21,0.57,10,10,Matches
428,José Callejón,es ESP,"MF,FW",Granada,es La Liga,36,1987,25,7,803,8.9,0,1,1,0,0,0,2,0,0.00,0.11,0.11,0.00,0.11,Matches,428,es ESP,"MF,FW",36,1987,8.9,0,11,3,27.3,1.23,0.34,0.00,0.00,0,0,Matches
429,Dominic Calvert-Lewin,eng ENG,FW,Everton,eng Premier League,26,1997,32,26,2171,24.1,7,2,9,5,2,2,2,0,0.29,0.08,0.37,0.21,0.29,Matches,429,eng ENG,FW,26,1997,24.1,7,73,31,42.5,3.03,1.29,0.10,0.23,2,2,Matches
430,Lamine Camara,sn SEN,MF,Metz,fr Ligue 1,19,2004,31,26,2255,25.1,1,4,5,1,0,1,3,0,0.04,0.16,0.20,0.04,0.20,Matches,430,sn SEN,MF,19,2004,25.1,1,30,9,30.0,1.20,0.36,0.03,0.11,0,1,Matches
431,Mahdi Camara,fr FRA,MF,Brest,fr Ligue 1,25,1998,32,26,2020,22.4,7,3,10,6,1,1,7,0,0.31,0.13,0.45,0.27,0.40,Matches,431,fr FRA,MF,25,1998,22.4,7,42,15,35.7,1.87,0.67,0.17,0.47,1,1,Matches
432,Mohamed Camara,ml MLI,MF,Monaco,fr Ligue 1,23,2000,20,14,1035,11.5,1,2,3,0,1,1,4,0,0.09,0.17,0.26,0.00,0.17,Matches,432,ml MLI,MF,23,2000,11.5,1,14,4,28.6,1.22,0.35,0.07,0.25,1,1,Matches
434,Eduardo Camavinga,fr FRA,MF,Real Madrid,es La Liga,20,2002,31,21,1817,20.2,0,2,2,0,0,0,9,0,0.00,0.10,0.10,0.00,0.10,Matches,434,fr FRA,MF,20,2002,20.2,0,17,7,41.2,0.84,0.35,0.00,0.00,0,0,Matches
435,Nicolò Cambiaghi,it ITA,"FW,MF",Empoli,it Serie A,22,2000,37,29,2553,28.4,1,1,2,1,0,0,3,0,0.04,0.04,0.07,0.04,0.07,Matches,435,it ITA,"FW,MF",22,2000,28.4,1,71,17,23.9,2.50,0.60,0.01,0.06,0,0,Matches
436,Andrea Cambiaso,it ITA,MF,Juventus,it Serie A,23,2000,34,28,2372,26.4,2,3,5,2,0,0,10,0,0.08,0.11,0.19,0.08,0.19,Matches,436,it ITA,MF,23,2000,26.4,2,29,8,27.6,1.10,0.30,0.07,0.25,0,0,Matches
438,Sergio Camello,es ESP,FW,Rayo Vallecano,es La Liga,22,2001,31,20,1661,18.5,3,1,4,3,0,0,3,0,0.16,0.05,0.22,0.16,0.22,Matches,438,es ESP,FW,22,2001,18.5,3,34,13,38.2,1.84,0.70,0.09,0.23,0,0,Matches
440,Emre Can,de GER,MF,Dortmund,de Bundesliga,29,1994,25,22,1953,21.7,2,2,4,0,2,2,5,0,0.09,0.09,0.18,0.00,0.09,Matches,440,de GER,MF,29,1994,21.7,2,17,3,17.6,0.78,0.14,0.12,0.67,2,2,Matches
441,Matteo Cancellieri,it ITA,"FW,MF",Empoli,it Serie A,21,2002,36,18,1788,19.9,4,3,7,4,0,0,7,0,0.20,0.15,0.35,0.20,0.35,Matches,441,it ITA,"FW,MF",21,2002,19.9,4,40,13,32.5,2.01,0.65,0.10,0.31,0,0,Matches
442,João Cancelo,pt POR,DF,Barcelona,es La Liga,29,1994,32,29,2503,27.8,2,4,6,2,0,0,7,0,0.07,0.14,0.22,0.07,0.22,Matches,442,pt POR,DF,29,1994,27.8,2,31,10,32.3,1.11,0.36,0.06,0.20,0,0,Matches
443,Fali Candé,gw GNB,DF,Metz,fr Ligue 1,25,1998,25,20,1849,20.5,0,1,1,0,0,0,4,0,0.00,0.05,0.05,0.00,0.05,Matches,443,gw GNB,DF,25,1998,20.5,0,13,7,53.8,0.63,0.34,0.00,0.00,0,0,Matches
444,Antonio Candreva,it ITA,MF,Salernitana,it Serie A,36,1987,34,32,2750,30.6,6,6,12,5,1,1,5,0,0.20,0.20,0.39,0.16,0.36,Matches,444,it ITA,MF,36,1987,30.6,6,65,21,32.3,2.13,0.69,0.09,0.29,1,1,Matches
446,Sergi Canós,es ESP,MF,Valencia,es La Liga,26,1997,27,15,1229,13.7,1,2,3,1,0,0,1,0,0.07,0.15,0.22,0.07,0.22,Matches,446,es ESP,MF,26,1997,13.7,1,43,17,39.5,3.15,1.24,0.02,0.06,0,0,Matches
449,Étienne Capoue,fr FRA,MF,Villarreal,es La Liga,35,1988,32,15,1455,16.2,1,1,2,1,0,0,8,0,0.06,0.06,0.12,0.06,0.12,Matches,449,fr FRA,MF,35,1988,16.2,1,14,5,35.7,0.87,0.31,0.07,0.20,0,0,Matches
451,Elia Caprile,it ITA,GK,Empoli,it Serie A,21,2001,23,23,2070,23.0,0,0,0,0,0,0,0,0,0.00,0.00,0.00,0.00,0.00,Matches,451,it ITA,GK,21,2001,23.0,0,0,0,,0.00,0.00,,,0,0,Matches
452,Francesco Caputo,it ITA,FW,Empoli,it Serie A,35,1987,20,15,1268,14.1,3,0,3,2,1,1,0,0,0.21,0.00,0.21,0.14,0.14,Matches,452,it ITA,FW,35,1987,14.1,3,23,10,43.5,1.63,0.71,0.13,0.30,1,1,Matches
453,Maxence Caqueret,fr FRA,MF,Lyon,fr Ligue 1,23,2000,34,34,3022,33.6,1,3,4,1,0,0,1,0,0.03,0.09,0.12,0.03,0.12,Matches,453,fr FRA,MF,23,2000,33.6,1,24,9,37.5,0.71,0.27,0.04,0.11,0,0,Matches
454,Andrea Carboni,it ITA,DF,Monza,it Serie A,22,2001,21,16,1487,16.5,1,0,1,1,0,0,1,0,0.06,0.00,0.06,0.06,0.06,Matches,454,it ITA,DF,22,2001,16.5,1,18,4,22.2,1.09,0.24,0.06,0.25,0,0,Matches
455,Valentin Carboni,ar ARG,MF,Monza,it Serie A,18,2005,31,10,1169,13.0,2,3,5,2,0,0,2,0,0.15,0.23,0.38,0.15,0.38,Matches,455,ar ARG,MF,18,2005,13.0,2,23,7,30.4,1.77,0.54,0.09,0.29,0,0,Matches
456,Isaac Carcelen,es ESP,DF,Cádiz,es La Liga,30,1993,35,29,2611,29.0,0,0,0,0,0,0,2,0,0.00,0.00,0.00,0.00,0.00,Matches,456,es ESP,DF,30,1993,29.0,0,10,3,30.0,0.34,0.10,0.00,0.00,0,0,Matches
459,Marc Cardona,es ESP,FW,Las Palmas,es La Liga,28,1995,26,6,737,8.2,4,1,5,3,1,1,4,0,0.49,0.12,0.61,0.37,0.49,Matches,459,es ESP,FW,28,1995,8.2,4,22,11,50.0,2.69,1.34,0.18,0.36,1,1,Matches
460,Sergi Cardona,es ESP,DF,Las Palmas,es La Liga,24,1999,35,30,2814,31.3,1,2,3,1,0,0,11,0,0.03,0.06,0.10,0.03,0.10,Matches,460,es ESP,DF,24,1999,31.3,1,26,5,19.2,0.83,0.16,0.04,0.20,0,0,Matches
461,Johnny Cardoso,us USA,MF,Real Betis,es La Liga,21,2001,17,15,1328,14.8,1,2,3,1,0,0,3,0,0.07,0.14,0.20,0.07,0.20,Matches,461,us USA,MF,21,2001,14.8,1,12,3,25.0,0.81,0.20,0.08,0.33,0,0,Matches
463,Diego Carlos,br BRA,DF,Aston Villa,eng Premier League,30,1993,27,20,1816,20.2,0,0,0,0,0,0,4,0,0.00,0.00,0.00,0.00,0.00,Matches,463,br BRA,DF,30,1993,20.2,0,10,1,10.0,0.50,0.05,0.00,0.00,0,0,Matches
464,Carmona,es ESP,"MF,DF",Getafe,es La Liga,21,2002,30,15,1313,14.6,1,1,2,1,0,0,8,0,0.07,0.07,0.14,0.07,0.14,Matches,464,es ESP,"MF,DF",21,2002,14.6,1,12,3,25.0,0.82,0.21,0.08,0.33,0,0,Matches
465,Marco Carnesecchi,it ITA,GK,Atalanta,it Serie A,23,2000,27,27,2425,26.9,0,0,0,0,0,0,0,0,0.00,0.00,0.00,0.00,0.00,Matches,465,it ITA,GK,23,2000,26.9,0,0,0,,0.00,0.00,,,0,0,Matches
468,Rasmus Carstensen,dk DEN,"DF,MF",Köln,de Bundesliga,22,2000,23,18,1659,18.4,0,0,0,0,0,0,2,1,0.00,0.00,0.00,0.00,0.00,Matches,468,dk DEN,"DF,MF",22,2000,18.4,0,10,4,40.0,0.54,0.22,0.00,0.00,0,0,Matches
470,Dani Carvajal,es ESP,DF,Real Madrid,es La Liga,31,1992,28,25,2171,24.1,4,3,7,4,0,0,5,1,0.17,0.12,0.29,0.17,0.29,Matches,470,es ESP,DF,31,1992,24.1,4,18,10,55.6,0.75,0.41,0.22,0.40,0,0,Matches
472,William Carvalho,pt POR,MF,Real Betis,es La Liga,31,1992,22,4,680,7.6,1,3,4,1,0,0,2,0,0.13,0.40,0.53,0.13,0.53,Matches,472,pt POR,MF,31,1992,7.6,1,8,3,37.5,1.06,0.40,0.13,0.33,0,0,Matches
475,Nicolò Casale,it ITA,DF,Lazio,it Serie A,25,1998,20,16,1559,17.3,0,0,0,0,0,0,5,0,0.00,0.00,0.00,0.00,0.00,Matches,475,it ITA,DF,25,1998,17.3,0,7,1,14.3,0.40,0.06,0.00,0.00,0,0,Matches
476,Casemiro,br BRA,"MF,DF",Manchester Utd,eng Premier League,31,1992,25,24,1982,22.0,1,2,3,1,0,0,7,0,0.05,0.09,0.14,0.05,0.14,Matches,476,br BRA,"MF,DF",31,1992,22.0,1,39,9,23.1,1.77,0.41,0.03,0.11,0,0,Matches
478,Matty Cash,pl POL,"DF,MF",Aston Villa,eng Premier League,25,1997,29,23,2142,23.8,2,2,4,2,0,0,8,0,0.08,0.08,0.17,0.08,0.17,Matches,478,pl POL,"DF,MF",25,1997,23.8,2,33,13,39.4,1.39,0.55,0.06,0.15,0,0,Matches
479,Josué Casimir,ht HAI,"MF,FW",Le Havre,fr Ligue 1,21,2001,30,25,2016,22.4,0,5,5,0,0,0,6,0,0.00,0.22,0.22,0.00,0.22,Matches,479,ht HAI,"MF,FW",21,2001,22.4,0,21,3,14.3,0.94,0.13,0.00,0.00,0,0,Matches
481,Cristian Cásseres Jr.,ve VEN,MF,Toulouse,fr Ligue 1,23,2000,32,23,1946,21.6,1,3,4,1,0,0,1,0,0.05,0.14,0.18,0.05,0.18,Matches,481,ve VEN,MF,23,2000,21.6,1,15,4,26.7,0.69,0.18,0.07,0.25,0,0,Matches
482,Timothy Castagne,be BEL,DF,Fulham,eng Premier League,27,1995,34,29,2634,29.3,1,3,4,1,0,0,3,0,0.03,0.10,0.14,0.03,0.14,Matches,482,be BEL,DF,27,1995,29.3,1,14,5,35.7,0.48,0.17,0.07,0.20,0,0,Matches
483,Koen Casteels,be BEL,GK,Wolfsburg,de Bundesliga,31,1992,25,25,2250,25.0,0,0,0,0,0,0,2,0,0.00,0.00,0.00,0.00,0.00,Matches,483,be BEL,GK,31,1992,25.0,0,0,0,,0.00,0.00,,,0,0,Matches
484,Valentín Castellanos,ar ARG,FW,Lazio,it Serie A,24,1998,35,16,1682,18.7,4,3,7,4,0,0,2,0,0.21,0.16,0.37,0.21,0.37,Matches,484,ar ARG,FW,24,1998,18.7,4,54,20,37.0,2.89,1.07,0.07,0.20,0,0,Matches
485,Jean-Charles Castelletto,cm CMR,DF,Nantes,fr Ligue 1,28,1995,28,28,2464,27.4,2,0,2,2,0,0,5,0,0.07,0.00,0.07,0.07,0.07,Matches,485,cm CMR,DF,28,1995,27.4,2,10,6,60.0,0.37,0.22,0.20,0.33,0,0,Matches
486,Samu Castillejo,es ESP,"MF,FW",Sassuolo,it Serie A,28,1995,17,6,536,6.0,0,0,0,0,0,0,2,0,0.00,0.00,0.00,0.00,0.00,Matches,486,es ESP,"MF,FW",28,1995,6.0,0,6,2,33.3,1.01,0.34,0.00,0.00,0,0,Matches
490,Danilo Cataldi,it ITA,MF,Lazio,it Serie A,28,1994,28,15,1361,15.1,1,0,1,1,0,0,8,0,0.07,0.00,0.07,0.07,0.07,Matches,490,it ITA,MF,28,1994,15.1,1,12,2,16.7,0.79,0.13,0.08,0.50,0,0,Matches
491,Catena,es ESP,DF,Osasuna,es La Liga,28,1994,30,28,2534,28.2,1,3,4,1,0,0,8,1,0.04,0.11,0.14,0.04,0.14,Matches,491,es ESP,DF,28,1994,28.2,1,18,5,27.8,0.64,0.18,0.06,0.20,0,0,Matches
492,Maximiliano Caufriez,be BEL,DF,Clermont Foot,fr Ligue 1,26,1997,20,20,1659,18.4,0,1,1,0,0,0,6,3,0.00,0.05,0.05,0.00,0.05,Matches,492,be BEL,DF,26,1997,18.4,0,6,1,16.7,0.33,0.05,0.00,0.00,0,0,Matches
493,Ivan Cavaleiro,pt POR,"MF,FW",Lille,fr Ligue 1,29,1993,17,9,770,8.6,1,1,2,1,0,0,1,0,0.12,0.12,0.23,0.12,0.23,Matches,493,pt POR,"MF,FW",29,1993,8.6,1,11,3,27.3,1.29,0.35,0.09,0.33,0,0,Matches
494,Dani Ceballos,es ESP,MF,Real Madrid,es La Liga,26,1996,20,5,598,6.6,0,2,2,0,0,0,2,0,0.00,0.30,0.30,0.00,0.30,Matches,494,es ESP,MF,26,1996,6.6,0,7,1,14.3,1.05,0.15,0.00,0.00,0,0,Matches
496,Zeki Çelik,tr TUR,"DF,MF",Roma,it Serie A,26,1997,17,6,671,7.5,0,0,0,0,0,0,1,0,0.00,0.00,0.00,0.00,0.00,Matches,496,tr TUR,"DF,MF",26,1997,7.5,0,2,1,50.0,0.27,0.13,0.00,0.00,0,0,Matches
497,Álex Centelles,es ESP,DF,Almería,es La Liga,25,1997,14,11,980,10.9,0,1,1,0,0,0,2,0,0.00,0.09,0.09,0.00,0.09,Matches,497,es ESP,DF,25,1997,10.9,0,2,1,50.0,0.18,0.09,0.00,0.00,0,0,Matches
498,Fabien Centonze,fr FRA,DF,Hellas Verona,it Serie A,27,1996,10,7,676,7.5,0,1,1,0,0,0,2,0,0.00,0.13,0.13,0.00,0.13,Matches,498,fr FRA,DF,27,1996,7.5,0,1,0,0.0,0.13,0.00,0.00,,0,0,Matches
500,Václav Černý,cz CZE,"MF,FW",Wolfsburg,de Bundesliga,25,1997,22,12,921,10.2,4,1,5,4,0,0,2,0,0.39,0.10,0.49,0.39,0.49,Matches,500,cz CZE,"MF,FW",25,1997,10.2,4,20,5,25.0,1.95,0.49,0.20,0.80,0,0,Matches
501,Michele Cerofolini,it ITA,GK,Frosinone,it Serie A,24,1999,8,7,675,7.5,0,0,0,0,0,0,1,0,0.00,0.00,0.00,0.00,0.00,Matches,501,it ITA,GK,24,1999,7.5,0,0,0,,0.00,0.00,,,0,0,Matches
502,Alberto Cerri,it ITA,FW,Empoli,it Serie A,27,1996,12,10,545,6.1,1,0,1,1,0,0,2,0,0.17,0.00,0.17,0.17,0.17,Matches,502,it ITA,FW,27,1996,6.1,1,10,3,30.0,1.65,0.50,0.10,0.33,0,0,Matches
504,Franco Cervi,ar ARG,"MF,DF",Celta Vigo,es La Liga,29,1994,17,5,546,6.1,0,1,1,0,0,0,2,0,0.00,0.16,0.16,0.00,0.16,Matches,504,ar ARG,"MF,DF",29,1994,6.1,0,9,1,11.1,1.48,0.16,0.00,0.00,0,0,Matches
505,Julian Chabot,de GER,DF,Köln,de Bundesliga,25,1998,32,32,2703,30.0,0,0,0,0,0,0,9,1,0.00,0.00,0.00,0.00,0.00,Matches,505,de GER,DF,25,1998,30.0,0,19,4,21.1,0.63,0.13,0.00,0.00,0,0,Matches
508,Fares Chaïbi,dz ALG,"MF,FW",Frankfurt,de Bundesliga,20,2002,28,21,1912,21.2,2,4,6,2,0,0,2,0,0.09,0.19,0.28,0.09,0.28,Matches,508,dz ALG,"MF,FW",20,2002,21.2,2,40,14,35.0,1.88,0.66,0.05,0.14,0,0,Matches
509,Trevoh Chalobah,eng ENG,DF,Chelsea,eng Premier League,24,1999,13,10,952,10.6,1,0,1,1,0,0,1,0,0.09,0.00,0.09,0.09,0.09,Matches,509,eng ENG,DF,24,1999,10.6,1,2,2,100.0,0.19,0.19,0.50,0.50,0,0,Matches
510,Muhammed Cham,at AUT,"MF,FW",Clermont Foot,fr Ligue 1,22,2000,33,29,2554,28.4,8,4,12,4,4,5,4,0,0.28,0.14,0.42,0.14,0.28,Matches,510,at AUT,"MF,FW",22,2000,28.4,8,74,30,40.5,2.61,1.06,0.11,0.27,4,5,Matches
513,Brendan Chardonnet,fr FRA,DF,Brest,fr Ligue 1,28,1994,33,33,2970,33.0,1,1,2,1,0,0,4,0,0.03,0.03,0.06,0.03,0.06,Matches,513,fr FRA,DF,28,1994,33.0,1,19,3,15.8,0.58,0.09,0.05,0.33,0,0,Matches
515,Pep Chavarría,es ESP,"DF,MF",Rayo Vallecano,es La Liga,25,1998,22,12,1167,13.0,1,1,2,1,0,0,6,1,0.08,0.08,0.15,0.08,0.15,Matches,515,es ESP,"DF,MF",25,1998,13.0,1,11,2,18.2,0.85,0.15,0.09,0.50,0,0,Matches
517,Walid Cheddira,ma MAR,FW,Frosinone,it Serie A,25,1998,36,24,2120,23.6,7,1,8,6,1,1,0,0,0.30,0.04,0.34,0.25,0.30,Matches,517,ma MAR,FW,25,1998,23.6,7,60,28,46.7,2.55,1.19,0.12,0.25,1,1,Matches
518,Rayan Cherki,fr FRA,"MF,FW",Lyon,fr Ligue 1,19,2003,33,19,1719,19.1,1,6,7,1,0,0,0,0,0.05,0.31,0.37,0.05,0.37,Matches,518,fr FRA,"MF,FW",19,2003,19.1,1,57,17,29.8,2.98,0.89,0.02,0.06,0,0,Matches
520,Lucas Chevalier,fr FRA,GK,Lille,fr Ligue 1,21,2001,33,33,2969,33.0,0,0,0,0,0,0,1,0,0.00,0.00,0.00,0.00,0.00,Matches,520,fr FRA,GK,21,2001,33.0,0,0,0,,0.00,0.00,,,0,0,Matches
522,Federico Chiesa,it ITA,FW,Juventus,it Serie A,25,1997,33,25,2197,24.4,9,2,11,8,1,1,1,0,0.37,0.08,0.45,0.33,0.41,Matches,522,it ITA,FW,25,1997,24.4,9,74,27,36.5,3.03,1.11,0.12,0.33,1,1,Matches
523,Ben Chilwell,eng ENG,"MF,DF",Chelsea,eng Premier League,26,1996,13,9,756,8.4,0,1,1,0,0,0,5,0,0.00,0.12,0.12,0.00,0.12,Matches,523,eng ENG,"MF,DF",26,1996,8.4,0,12,4,33.3,1.43,0.48,0.00,0.00,0,0,Matches
525,Pedro Chirivella,es ESP,MF,Nantes,fr Ligue 1,26,1997,32,31,2594,28.8,1,1,2,1,0,0,5,0,0.03,0.03,0.07,0.03,0.07,Matches,525,es ESP,MF,26,1997,28.8,1,17,6,35.3,0.59,0.21,0.06,0.17,0,0,Matches
527,Tahith Chong,cw CUW,"MF,FW",Luton Town,eng Premier League,23,1999,33,20,1982,22.0,4,0,4,4,0,0,4,0,0.18,0.00,0.18,0.18,0.18,Matches,527,cw CUW,"MF,FW",23,1999,22.0,4,30,7,23.3,1.36,0.32,0.13,0.57,0,0,Matches
528,Joris Chotard,fr FRA,MF,Montpellier,fr Ligue 1,21,2001,31,30,2587,28.7,0,3,3,0,0,0,5,0,0.00,0.10,0.10,0.00,0.10,Matches,528,fr FRA,MF,21,2001,28.7,0,21,7,33.3,0.73,0.24,0.00,0.00,0,0,Matches
529,Andreas Christensen,dk DEN,"DF,MF",Barcelona,es La Liga,27,1996,30,27,1979,22.0,2,2,4,2,0,0,4,0,0.09,0.09,0.18,0.09,0.18,Matches,529,dk DEN,"DF,MF",27,1996,22.0,2,12,4,33.3,0.55,0.18,0.17,0.50,0,0,Matches
532,Ryan Christie,sct SCO,MF,Bournemouth,eng Premier League,28,1995,37,35,2907,32.3,0,5,5,0,0,0,6,0,0.00,0.15,0.15,0.00,0.15,Matches,532,sct SCO,MF,28,1995,32.3,0,43,13,30.2,1.33,0.40,0.00,0.00,0,0,Matches
534,Samuel Chukwueze,ng NGA,"MF,FW",Milan,it Serie A,24,1999,24,12,1017,11.3,1,3,4,1,0,0,1,0,0.09,0.27,0.35,0.09,0.35,Matches,534,ng NGA,"MF,FW",24,1999,11.3,1,28,8,28.6,2.48,0.71,0.04,0.13,0,0,Matches
535,Chumi,es ESP,DF,Almería,es La Liga,24,1999,31,26,2434,27.0,0,1,1,0,0,0,4,0,0.00,0.04,0.04,0.00,0.04,Matches,535,es ESP,DF,24,1999,27.0,0,5,1,20.0,0.18,0.04,0.00,0.00,0,0,Matches
536,Víctor Chust,es ESP,DF,Cádiz,es La Liga,23,2000,22,22,1864,20.7,0,1,1,0,0,0,3,2,0.00,0.05,0.05,0.00,0.05,Matches,536,es ESP,DF,23,2000,20.7,0,4,0,0.0,0.19,0.00,0.00,,0,0,Matches
537,Pathé Ciss,sn SEN,MF,Rayo Vallecano,es La Liga,29,1994,31,16,1664,18.5,1,0,1,1,0,0,10,0,0.05,0.00,0.05,0.05,0.05,Matches,537,sn SEN,MF,29,1994,18.5,1,22,8,36.4,1.19,0.43,0.05,0.13,0,0,Matches
543,Patrick Ciurria,it ITA,MF,Monza,it Serie A,28,1995,22,18,1598,17.8,0,1,1,0,0,0,2,0,0.00,0.06,0.06,0.00,0.06,Matches,543,it ITA,MF,28,1995,17.8,0,28,7,25.0,1.58,0.39,0.00,0.00,0,0,Matches
545,Jordan Clark,eng ENG,MF,Luton Town,eng Premier League,29,1993,23,14,1304,14.5,1,1,2,1,0,0,4,0,0.07,0.07,0.14,0.07,0.14,Matches,545,eng ENG,MF,29,1993,14.5,1,17,4,23.5,1.17,0.28,0.06,0.25,0,0,Matches
546,Alexis Claude-Maurice,fr FRA,MF,Nice,fr Ligue 1,25,1998,18,4,504,5.6,0,0,0,0,0,0,1,0,0.00,0.00,0.00,0.00,0.00,Matches,546,fr FRA,MF,25,1998,5.6,0,18,6,33.3,3.21,1.07,0.00,0.00,0,0,Matches
547,Jonathan Clauss,fr FRA,"DF,MF",Marseille,fr Ligue 1,30,1992,27,25,2068,23.0,3,4,7,3,0,0,2,1,0.13,0.17,0.30,0.13,0.30,Matches,547,fr FRA,"DF,MF",30,1992,23.0,3,28,8,28.6,1.22,0.35,0.11,0.38,0,0,Matches
549,Nathaniel Clyne,eng ENG,DF,Crystal Palace,eng Premier League,32,1991,19,14,1338,14.9,0,0,0,0,0,0,0,0,0.00,0.00,0.00,0.00,0.00,Matches,549,eng ENG,DF,32,1991,14.9,0,4,0,0.0,0.27,0.00,0.00,,0,0,Matches
550,Marcus Coco,fr FRA,"MF,DF",Nantes,fr Ligue 1,27,1996,28,18,1481,16.5,1,0,1,1,0,0,2,0,0.06,0.00,0.06,0.06,0.06,Matches,550,fr FRA,"MF,DF",27,1996,16.5,1,9,3,33.3,0.55,0.18,0.11,0.33,0,0,Matches
551,Saúl Coco,gq EQG,DF,Las Palmas,es La Liga,24,1999,30,26,2295,25.5,1,0,1,1,0,0,6,1,0.04,0.00,0.04,0.04,0.04,Matches,551,gq EQG,DF,24,1999,25.5,1,20,4,20.0,0.78,0.16,0.05,0.25,0,0,Matches
552,Séamus Coleman,ie IRL,DF,Everton,eng Premier League,34,1988,12,7,665,7.4,0,0,0,0,0,0,0,0,0.00,0.00,0.00,0.00,0.00,Matches,552,ie IRL,DF,34,1988,7.4,0,0,0,,0.00,0.00,,,0,0,Matches
553,Maxime Colin,fr FRA,DF,Metz,fr Ligue 1,31,1991,22,22,1832,20.4,0,0,0,0,0,0,3,0,0.00,0.00,0.00,0.00,0.00,Matches,553,fr FRA,DF,31,1991,20.4,0,6,0,0.0,0.29,0.00,0.00,,0,0,Matches
554,Nathan Collins,ie IRL,DF,Brentford,eng Premier League,22,2001,32,29,2652,29.5,1,1,2,1,0,0,3,0,0.03,0.03,0.07,0.03,0.07,Matches,554,ie IRL,DF,22,2001,29.5,1,10,2,20.0,0.34,0.07,0.10,0.50,0,0,Matches
556,Lorenzo Colombo,it ITA,FW,Monza,it Serie A,21,2002,25,16,1359,15.1,4,1,5,4,0,0,3,0,0.26,0.07,0.33,0.26,0.33,Matches,556,it ITA,FW,21,2002,15.1,4,37,10,27.0,2.45,0.66,0.11,0.40,0,0,Matches
557,Andrea Colpani,it ITA,MF,Monza,it Serie A,24,1999,38,36,2657,29.5,8,4,12,8,0,0,1,0,0.27,0.14,0.41,0.27,0.41,Matches,557,it ITA,MF,24,1999,29.5,8,65,19,29.2,2.20,0.64,0.12,0.42,0,0,Matches
558,Levi Colwill,eng ENG,DF,Chelsea,eng Premier League,20,2003,23,20,1797,20.0,1,1,2,1,0,0,2,0,0.05,0.05,0.10,0.05,0.10,Matches,558,eng ENG,DF,20,2003,20.0,1,11,3,27.3,0.55,0.15,0.09,0.33,0,0,Matches
559,Kingsley Coman,fr FRA,MF,Bayern Munich,de Bundesliga,27,1996,17,15,1113,12.4,3,3,6,3,0,0,1,0,0.24,0.24,0.49,0.24,0.49,Matches,559,fr FRA,MF,27,1996,12.4,3,34,8,23.5,2.75,0.65,0.09,0.38,0,0,Matches
560,Eray Cömert,ch SUI,DF,Nantes,fr Ligue 1,25,1998,25,23,1995,22.2,2,0,2,2,0,0,5,0,0.09,0.00,0.09,0.09,0.09,Matches,560,ch SUI,DF,25,1998,22.2,2,9,3,33.3,0.41,0.14,0.22,0.67,0,0,Matches
561,Santi Comesaña,es ESP,MF,Villarreal,es La Liga,26,1996,27,20,1653,18.4,2,0,2,2,0,0,8,2,0.11,0.00,0.11,0.11,0.11,Matches,561,es ESP,MF,26,1996,18.4,2,17,7,41.2,0.93,0.38,0.12,0.29,0,0,Matches
564,Andrea Consigli,it ITA,GK,Sassuolo,it Serie A,36,1987,35,35,3150,35.0,0,0,0,0,0,0,1,0,0.00,0.00,0.00,0.00,0.00,Matches,564,it ITA,GK,36,1987,35.0,0,0,0,,0.00,0.00,,,0,0,Matches
567,Lewis Cook,eng ENG,MF,Bournemouth,eng Premier League,26,1997,33,32,2786,31.0,0,3,3,0,0,0,5,1,0.00,0.10,0.10,0.00,0.10,Matches,567,eng ENG,MF,26,1997,31.0,0,12,4,33.3,0.39,0.13,0.00,0.00,0,0,Matches
568,Copete,es ESP,DF,Mallorca,es La Liga,23,1999,19,17,1333,14.8,1,1,2,1,0,0,7,0,0.07,0.07,0.14,0.07,0.14,Matches,568,es ESP,DF,23,1999,14.8,1,7,1,14.3,0.47,0.07,0.14,1.00,0,0,Matches
569,Diego Coppola,it ITA,DF,Hellas Verona,it Serie A,19,2003,24,18,1634,18.2,2,0,2,2,0,0,9,0,0.11,0.00,0.11,0.11,0.11,Matches,569,it ITA,DF,19,2003,18.2,2,13,3,23.1,0.72,0.17,0.15,0.67,0,0,Matches
570,Francis Coquelin,fr FRA,MF,Villarreal,es La Liga,32,1991,17,10,910,10.1,0,0,0,0,0,0,4,0,0.00,0.00,0.00,0.00,0.00,Matches,570,fr FRA,MF,32,1991,10.1,0,3,0,0.0,0.30,0.00,0.00,,0,0,Matches
578,Ángel Correa,ar ARG,"FW,MF",Atlético Madrid,es La Liga,28,1995,32,14,1528,17.0,9,2,11,9,0,0,3,0,0.53,0.12,0.65,0.53,0.65,Matches,578,ar ARG,"FW,MF",28,1995,17.0,9,43,20,46.5,2.53,1.18,0.21,0.45,0,0,Matches
580,Thierry Correia,pt POR,DF,Valencia,es La Liga,24,1999,31,25,2154,23.9,0,2,2,0,0,0,4,1,0.00,0.08,0.08,0.00,0.08,Matches,580,pt POR,DF,24,1999,23.9,0,5,2,40.0,0.21,0.08,0.00,0.00,0,0,Matches
582,Danny da Costa,de GER,"MF,DF",Mainz 05,de Bundesliga,30,1993,19,9,830,9.2,0,1,1,0,0,0,1,0,0.00,0.11,0.11,0.00,0.11,Matches,582,de GER,"MF,DF",30,1993,9.2,0,6,1,16.7,0.65,0.11,0.00,0.00,0,0,Matches
583,David Costa,pt POR,MF,Lens,fr Ligue 1,22,2001,25,17,1494,16.6,4,2,6,4,0,0,3,0,0.24,0.12,0.36,0.24,0.36,Matches,583,pt POR,MF,22,2001,16.6,4,30,14,46.7,1.81,0.84,0.13,0.29,0,0,Matches
584,Jaume Costa,es ESP,"DF,MF",Mallorca,es La Liga,35,1988,30,19,1682,18.7,0,1,1,0,0,0,7,0,0.00,0.05,0.05,0.00,0.05,Matches,584,es ESP,"DF,MF",35,1988,18.7,0,6,2,33.3,0.32,0.11,0.00,0.00,0,0,Matches
586,Logan Costa,cv CPV,DF,Toulouse,fr Ligue 1,22,2001,31,29,2650,29.4,1,1,2,1,0,0,6,0,0.03,0.03,0.07,0.03,0.07,Matches,586,cv CPV,DF,22,2001,29.4,1,14,4,28.6,0.48,0.14,0.07,0.25,0,0,Matches
587,Samu Costa,pt POR,MF,Mallorca,es La Liga,22,2000,34,26,2303,25.6,1,1,2,1,0,0,8,0,0.04,0.04,0.08,0.04,0.08,Matches,587,pt POR,MF,22,2000,25.6,1,22,3,13.6,0.86,0.12,0.05,0.33,0,0,Matches
588,Benoît Costil,fr FRA,GK,Salernitana,it Serie A,36,1987,13,13,1170,13.0,0,0,0,0,0,0,0,0,0.00,0.00,0.00,0.00,0.00,Matches,588,fr FRA,GK,36,1987,13.0,0,0,0,,0.00,0.00,,,0,0,Matches
590,Vladimír Coufal,cz CZE,DF,West Ham,eng Premier League,30,1992,36,36,3132,34.8,0,7,7,0,0,0,7,1,0.00,0.20,0.20,0.00,0.20,Matches,590,cz CZE,DF,30,1992,34.8,0,8,2,25.0,0.23,0.06,0.00,0.00,0,0,Matches
591,Lassana Coulibaly,ml MLI,MF,Salernitana,it Serie A,27,1996,28,25,2082,23.1,0,1,1,0,0,0,5,0,0.00,0.04,0.04,0.00,0.04,Matches,591,ml MLI,MF,27,1996,23.1,0,13,3,23.1,0.56,0.13,0.00,0.00,0,0,Matches
594,Tanguy Coulibaly,fr FRA,"MF,FW",Montpellier,fr Ligue 1,22,2001,16,7,623,6.9,1,0,1,1,0,0,2,0,0.14,0.00,0.14,0.14,0.14,Matches,594,fr FRA,"MF,FW",22,2001,6.9,1,16,8,50.0,2.31,1.16,0.06,0.13,0,0,Matches
597,Yan Couto,br BRA,"MF,DF",Girona,es La Liga,21,2002,34,24,2245,24.9,1,8,9,1,0,0,8,0,0.04,0.32,0.36,0.04,0.36,Matches,597,br BRA,"MF,DF",21,2002,24.9,1,29,11,37.9,1.16,0.44,0.03,0.09,0,0,Matches
599,Nicolas Cozza,fr FRA,"DF,MF",Nantes,fr Ligue 1,24,1999,13,10,895,9.9,0,0,0,0,0,0,2,0,0.00,0.00,0.00,0.00,0.00,Matches,599,fr FRA,"DF,MF",24,1999,9.9,0,5,1,20.0,0.50,0.10,0.00,0.00,0,0,Matches
601,Crespo,pt POR,MF,Rayo Vallecano,es La Liga,26,1996,15,4,527,5.9,0,0,0,0,0,0,4,0,0.00,0.00,0.00,0.00,0.00,Matches,601,pt POR,MF,26,1996,5.9,0,3,0,0.0,0.51,0.00,0.00,,0,0,Matches
603,Bryan Cristante,it ITA,MF,Roma,it Serie A,28,1995,37,37,3289,36.5,3,4,7,3,0,0,8,0,0.08,0.11,0.19,0.08,0.19,Matches,603,it ITA,MF,28,1995,36.5,3,54,9,16.7,1.48,0.25,0.06,0.33,0,0,Matches
605,Juan Cruz Armada,es ESP,DF,Osasuna,es La Liga,31,1992,26,18,1667,18.5,0,1,1,0,0,0,3,0,0.00,0.05,0.05,0.00,0.05,Matches,605,es ESP,DF,31,1992,18.5,0,3,0,0.0,0.16,0.00,0.00,,0,0,Matches
609,Pau Cubarsí,es ESP,DF,Barcelona,es La Liga,16,2007,19,18,1558,17.3,0,0,0,0,0,0,4,0,0.00,0.00,0.00,0.00,0.00,Matches,609,es ESP,DF,16,2007,17.3,0,3,0,0.0,0.17,0.00,0.00,,0,0,Matches
610,Marc Cucurella,es ESP,DF,Chelsea,eng Premier League,25,1998,21,20,1782,19.8,0,2,2,0,0,0,10,0,0.00,0.10,0.10,0.00,0.10,Matches,610,es ESP,DF,25,1998,19.8,0,8,4,50.0,0.40,0.20,0.00,0.00,0,0,Matches
612,Jorge Cuenca,es ESP,DF,Villarreal,es La Liga,23,1999,29,21,1963,21.8,3,1,4,3,0,0,7,0,0.14,0.05,0.18,0.14,0.18,Matches,612,es ESP,DF,23,1999,21.8,3,20,7,35.0,0.92,0.32,0.15,0.43,0,0,Matches
613,Josh Cullen,ie IRL,MF,Burnley,eng Premier League,27,1996,25,23,2057,22.9,2,3,5,2,0,0,9,0,0.09,0.13,0.22,0.09,0.22,Matches,613,ie IRL,MF,27,1996,22.9,2,16,5,31.3,0.70,0.22,0.13,0.40,0,0,Matches
614,Matheus Cunha,br BRA,"FW,MF",Wolves,eng Premier League,24,1999,32,29,2440,27.1,12,7,19,11,1,1,9,0,0.44,0.26,0.70,0.41,0.66,Matches,614,br BRA,"FW,MF",24,1999,27.1,12,73,38,52.1,2.69,1.40,0.16,0.32,1,1,Matches
615,Marvin Cuni,al ALB,FW,Frosinone,it Serie A,22,2001,22,6,534,5.9,1,0,1,1,0,0,0,0,0.17,0.00,0.17,0.17,0.17,Matches,615,al ALB,FW,22,2001,5.9,1,10,2,20.0,1.69,0.34,0.10,0.50,0,0,Matches
618,Tomáš Čvančara,cz CZE,"FW,MF",Gladbach,de Bundesliga,22,2000,21,7,896,10.0,4,1,5,3,1,2,4,0,0.40,0.10,0.50,0.30,0.40,Matches,618,cz CZE,"FW,MF",22,2000,10.0,4,36,13,36.1,3.62,1.31,0.11,0.31,1,2,Matches
619,Danilo D'Ambrosio,it ITA,DF,Monza,it Serie A,34,1988,24,16,1536,17.1,0,0,0,0,0,0,5,1,0.00,0.00,0.00,0.00,0.00,Matches,619,it ITA,DF,34,1988,17.1,0,14,4,28.6,0.82,0.23,0.00,0.00,0,0,Matches
622,Finn Dahmen,de GER,GK,Augsburg,de Bundesliga,25,1998,31,31,2790,31.0,0,0,0,0,0,0,4,0,0.00,0.00,0.00,0.00,0.00,Matches,622,de GER,GK,25,1998,31.0,0,0,0,,0.00,0.00,,,0,0,Matches
625,Ameen Al-Dakhil,be BEL,DF,Burnley,eng Premier League,21,2002,13,12,1056,11.7,1,0,1,1,0,0,1,0,0.09,0.00,0.09,0.09,0.09,Matches,625,be BEL,DF,21,2002,11.7,1,8,3,37.5,0.68,0.26,0.13,0.33,0,0,Matches
626,Thijs Dallinga,nl NED,FW,Toulouse,fr Ligue 1,22,2000,33,28,2510,27.9,14,2,16,13,1,3,6,0,0.50,0.07,0.57,0.47,0.54,Matches,626,nl NED,FW,22,2000,27.9,14,84,34,40.5,3.01,1.22,0.17,0.41,1,3,Matches
627,Diogo Dalot,pt POR,DF,Manchester Utd,eng Premier League,24,1999,36,35,3174,35.3,2,3,5,2,0,0,6,1,0.06,0.09,0.14,0.06,0.14,Matches,627,pt POR,DF,24,1999,35.3,2,30,7,23.3,0.85,0.20,0.07,0.29,0,0,Matches
628,Mikkel Damsgaard,dk DEN,MF,Brentford,eng Premier League,23,2000,23,7,842,9.4,0,2,2,0,0,0,2,0,0.00,0.21,0.21,0.00,0.21,Matches,628,dk DEN,MF,23,2000,9.4,0,9,4,44.4,0.96,0.43,0.00,0.00,0,0,Matches
629,Flavius Daniliuc,at AUT,DF,Salernitana,it Serie A,22,2001,14,8,744,8.3,0,0,0,0,0,0,2,0,0.00,0.00,0.00,0.00,0.00,Matches,629,at AUT,DF,22,2001,8.3,0,2,0,0.0,0.24,0.00,0.00,,0,0,Matches
630,Danilo,br BRA,DF,Juventus,it Serie A,32,1991,29,27,2452,27.2,1,1,2,1,0,0,7,0,0.04,0.04,0.07,0.04,0.07,Matches,630,br BRA,DF,32,1991,27.2,1,17,2,11.8,0.62,0.07,0.06,0.50,0,0,Matches
631,Arnaut Danjuma,nl NED,"MF,FW",Everton,eng Premier League,26,1997,14,5,595,6.6,1,0,1,1,0,0,0,0,0.15,0.00,0.15,0.15,0.15,Matches,631,nl NED,"MF,FW",26,1997,6.6,1,25,9,36.0,3.78,1.36,0.04,0.11,0,0,Matches
633,Kevin Danso,at AUT,DF,Lens,fr Ligue 1,24,1998,30,30,2655,29.5,1,0,1,1,0,0,6,0,0.03,0.00,0.03,0.03,0.03,Matches,633,at AUT,DF,24,1998,29.5,1,21,5,23.8,0.71,0.17,0.05,0.20,0,0,Matches
634,Dante,br BRA,DF,Nice,fr Ligue 1,39,1983,32,32,2843,31.6,1,1,2,1,0,0,5,1,0.03,0.03,0.06,0.03,0.06,Matches,634,br BRA,DF,39,1983,31.6,1,15,5,33.3,0.47,0.16,0.07,0.20,0,0,Matches
636,Mohamed Daramy,dk DEN,"FW,MF",Reims,fr Ligue 1,21,2002,25,19,1648,18.3,4,5,9,3,1,1,0,0,0.22,0.27,0.49,0.16,0.44,Matches,636,dk DEN,"FW,MF",21,2002,18.3,4,32,12,37.5,1.75,0.66,0.13,0.33,1,1,Matches
637,Sergi Darder,es ESP,MF,Mallorca,es La Liga,29,1993,36,21,2157,24.0,2,5,7,2,0,0,4,0,0.08,0.21,0.29,0.08,0.29,Matches,637,es ESP,MF,29,1993,24.0,2,32,12,37.5,1.34,0.50,0.06,0.17,0,0,Matches
639,Matteo Darmian,it ITA,"MF,DF",Inter,it Serie A,33,1989,33,27,2404,26.7,2,1,3,2,0,0,2,0,0.07,0.04,0.11,0.07,0.11,Matches,639,it ITA,"MF,DF",33,1989,26.7,2,10,6,60.0,0.37,0.22,0.20,0.33,0,0,Matches
640,Lukas Daschner,de GER,"FW,MF",Bochum,de Bundesliga,24,1998,20,3,536,6.0,1,1,2,1,0,0,2,0,0.17,0.17,0.34,0.17,0.34,Matches,640,de GER,"FW,MF",24,1998,6.0,1,13,6,46.2,2.18,1.01,0.08,0.17,0,0,Matches
642,David Datro Fofana,ci CIV,"FW,MF",Union Berlin,de Bundesliga,20,2002,12,8,682,7.6,1,0,1,1,0,0,0,0,0.13,0.00,0.13,0.13,0.13,Matches,642,ci CIV,"FW,MF",20,2002,7.6,1,26,13,50.0,3.43,1.72,0.04,0.08,0,0,Matches
643,David Datro Fofana,ci CIV,FW,Burnley,eng Premier League,20,2002,15,10,879,9.8,4,1,5,4,0,0,1,0,0.41,0.10,0.51,0.41,0.51,Matches,643,ci CIV,FW,20,2002,9.8,4,19,10,52.6,1.95,1.02,0.21,0.40,0,0,Matches
644,Juan David Cabal,co COL,DF,Hellas Verona,it Serie A,22,2001,22,17,1497,16.6,0,0,0,0,0,0,6,0,0.00,0.00,0.00,0.00,0.00,Matches,644,co COL,DF,22,2001,16.6,0,12,3,25.0,0.72,0.18,0.00,0.00,0,0,Matches
645,Jonathan David,ca CAN,FW,Lille,fr Ligue 1,23,2000,34,30,2629,29.2,19,4,23,17,2,3,4,0,0.65,0.14,0.79,0.58,0.72,Matches,645,ca CAN,FW,23,2000,29.2,19,79,47,59.5,2.70,1.61,0.24,0.40,2,3,Matches
646,Alphonso Davies,ca CAN,DF,Bayern Munich,de Bundesliga,22,2000,29,24,2065,22.9,2,5,7,2,0,0,0,0,0.09,0.22,0.31,0.09,0.31,Matches,646,ca CAN,DF,22,2000,22.9,2,13,4,30.8,0.57,0.17,0.15,0.50,0,0,Matches
647,Ben Davies,wls WAL,DF,Tottenham,eng Premier League,30,1993,17,12,1090,12.1,1,0,1,1,0,0,2,0,0.08,0.00,0.08,0.08,0.08,Matches,647,wls WAL,DF,30,1993,12.1,1,12,2,16.7,0.99,0.17,0.08,0.50,0,0,Matches
650,Paweł Dawidowicz,pl POL,DF,Hellas Verona,it Serie A,28,1995,28,25,2143,23.8,0,0,0,0,0,0,5,0,0.00,0.00,0.00,0.00,0.00,Matches,650,pl POL,DF,28,1995,23.8,0,9,1,11.1,0.38,0.04,0.00,0.00,0,0,Matches
651,Craig Dawson,eng ENG,DF,Wolves,eng Premier League,33,1990,25,25,2209,24.5,1,1,2,1,0,0,7,0,0.04,0.04,0.08,0.04,0.08,Matches,651,eng ENG,DF,33,1990,24.5,1,16,5,31.3,0.65,0.20,0.06,0.20,0,0,Matches
652,Kevin De Bruyne,be BEL,MF,Manchester City,eng Premier League,32,1991,18,15,1221,13.6,4,10,14,4,0,0,2,0,0.29,0.74,1.03,0.29,1.03,Matches,652,be BEL,MF,32,1991,13.6,4,44,17,38.6,3.24,1.25,0.09,0.24,0,0,Matches
653,Bobby De Cordova-Reid,jm JAM,"MF,FW",Fulham,eng Premier League,30,1993,33,17,1423,15.8,6,2,8,6,0,0,4,0,0.38,0.13,0.51,0.38,0.51,Matches,653,jm JAM,"MF,FW",30,1993,15.8,6,33,8,24.2,2.09,0.51,0.18,0.75,0,0,Matches
654,Charles De Ketelaere,be BEL,"FW,MF",Atalanta,it Serie A,22,2001,35,25,2026,22.5,10,8,18,9,1,1,1,0,0.44,0.36,0.80,0.40,0.76,Matches,654,be BEL,"FW,MF",22,2001,22.5,10,45,25,55.6,2.00,1.11,0.22,0.40,1,1,Matches
655,Rodrigo De Paul,ar ARG,MF,Atlético Madrid,es La Liga,29,1994,34,25,2075,23.1,3,5,8,3,0,0,7,0,0.13,0.22,0.35,0.13,0.35,Matches,655,ar ARG,MF,29,1994,23.1,3,30,12,40.0,1.30,0.52,0.10,0.25,0,0,Matches
657,Lorenzo De Silvestri,it ITA,DF,Bologna,it Serie A,35,1988,15,7,674,7.5,2,0,2,2,0,0,0,0,0.27,0.00,0.27,0.27,0.27,Matches,657,it ITA,DF,35,1988,7.5,2,4,2,50.0,0.53,0.27,0.50,1.00,0,0,Matches
658,Thibault De Smet,be BEL,"DF,MF",Reims,fr Ligue 1,25,1998,27,22,1831,20.3,0,0,0,0,0,0,7,1,0.00,0.00,0.00,0.00,0.00,Matches,658,be BEL,"DF,MF",25,1998,20.3,0,4,0,0.0,0.20,0.00,0.00,,0,0,Matches
659,Koni De Winter,be BEL,DF,Genoa,it Serie A,21,2002,29,26,2380,26.4,0,1,1,0,0,0,8,1,0.00,0.04,0.04,0.00,0.04,Matches,659,be BEL,DF,21,2002,26.4,0,11,2,18.2,0.42,0.08,0.00,0.00,0,0,Matches
660,Grégoire Defrel,mq MTQ,"MF,FW",Sassuolo,it Serie A,32,1991,20,7,757,8.4,1,2,3,1,0,0,0,0,0.12,0.24,0.36,0.12,0.36,Matches,660,mq MTQ,"MF,FW",32,1991,8.4,1,12,3,25.0,1.43,0.36,0.08,0.33,0,0,Matches
661,Alessandro Deiola,it ITA,MF,Cagliari,it Serie A,27,1995,27,19,1608,17.9,1,0,1,1,0,0,7,0,0.06,0.00,0.06,0.06,0.06,Matches,661,it ITA,MF,27,1995,17.9,1,25,6,24.0,1.40,0.34,0.04,0.17,0,0,Matches
662,Romain Del Castillo,fr FRA,"MF,FW",Brest,fr Ligue 1,27,1996,33,30,2497,27.7,8,8,16,5,3,3,4,0,0.29,0.29,0.58,0.18,0.47,Matches,662,fr FRA,"MF,FW",27,1996,27.7,8,39,17,43.6,1.41,0.61,0.21,0.47,3,3,Matches
663,Thomas Delaine,fr FRA,"MF,DF",Strasbourg,fr Ligue 1,31,1992,27,24,2044,22.7,1,1,2,1,0,0,5,0,0.04,0.04,0.09,0.04,0.09,Matches,663,fr FRA,"MF,DF",31,1992,22.7,1,12,2,16.7,0.53,0.09,0.08,0.50,0,0,Matches
665,Hannes Delcroix,ht HAI,DF,Burnley,eng Premier League,24,1999,12,5,589,6.5,0,0,0,0,0,0,2,0,0.00,0.00,0.00,0.00,0.00,Matches,665,ht HAI,DF,24,1999,6.5,0,4,2,50.0,0.61,0.31,0.00,0.00,0,0,Matches
667,Olivier Deman,be BEL,MF,Werder Bremen,de Bundesliga,23,2000,29,14,1365,15.2,2,1,3,2,0,0,5,0,0.13,0.07,0.20,0.13,0.20,Matches,667,be BEL,MF,23,2000,15.2,2,17,7,41.2,1.12,0.46,0.12,0.29,0,0,Matches
669,Ousmane Dembélé,fr FRA,"FW,MF",PSG,fr Ligue 1,26,1997,26,17,1506,16.7,3,8,11,3,0,0,0,0,0.18,0.48,0.66,0.18,0.66,Matches,669,fr FRA,"FW,MF",26,1997,16.7,3,43,14,32.6,2.57,0.84,0.07,0.21,0,0,Matches
670,Jessy Deminguet,fr FRA,"MF,FW",Strasbourg,fr Ligue 1,25,1998,18,9,690,7.7,0,0,0,0,0,0,1,0,0.00,0.00,0.00,0.00,0.00,Matches,670,fr FRA,"MF,FW",25,1998,7.7,0,3,1,33.3,0.39,0.13,0.00,0.00,0,0,Matches
671,Ermedin Demirović,ba BIH,"FW,MF",Augsburg,de Bundesliga,25,1998,33,33,2873,31.9,15,9,24,12,3,4,7,0,0.47,0.28,0.75,0.38,0.66,Matches,671,ba BIH,"FW,MF",25,1998,31.9,15,82,36,43.9,2.57,1.13,0.18,0.42,3,4,Matches
673,Sepp van den Berg,nl NED,DF,Mainz 05,de Bundesliga,21,2001,33,31,2839,31.5,3,0,3,3,0,0,9,0,0.10,0.00,0.10,0.10,0.10,Matches,673,nl NED,DF,21,2001,31.5,3,25,11,44.0,0.79,0.35,0.12,0.27,0,0,Matches
676,Rémy Descamps,fr FRA,GK,Nantes,fr Ligue 1,27,1996,6,6,540,6.0,0,0,0,0,0,0,1,0,0.00,0.00,0.00,0.00,0.00,Matches,676,fr FRA,GK,27,1996,6.0,0,0,0,,0.00,0.00,,,0,0,Matches
677,Mikkel Desler,dk DEN,"DF,MF",Toulouse,fr Ligue 1,28,1995,24,19,1544,17.2,0,1,1,0,0,0,2,0,0.00,0.06,0.06,0.00,0.06,Matches,677,dk DEN,"DF,MF",28,1995,17.2,0,16,0,0.0,0.93,0.00,0.00,,0,0,Matches
678,Arthur Desmas,fr FRA,GK,Le Havre,fr Ligue 1,29,1994,33,33,2970,33.0,0,0,0,0,0,0,2,0,0.00,0.00,0.00,0.00,0.00,Matches,678,fr FRA,GK,29,1994,33.0,0,0,0,,0.00,0.00,,,0,0,Matches
683,Michele Di Gregorio,it ITA,GK,Monza,it Serie A,26,1997,33,33,2872,31.9,0,0,0,0,0,0,0,0,0.00,0.00,0.00,0.00,0.00,Matches,683,it ITA,GK,26,1997,31.9,0,0,0,,0.00,0.00,,,0,0,Matches
684,Giovanni Di Lorenzo,it ITA,DF,Napoli,it Serie A,29,1993,36,36,3234,35.9,1,6,7,1,0,0,6,0,0.03,0.17,0.19,0.03,0.19,Matches,684,it ITA,DF,29,1993,35.9,1,38,7,18.4,1.06,0.19,0.03,0.14,0,0,Matches
686,Boulaye Dia,sn SEN,"FW,MF",Salernitana,it Serie A,26,1996,17,12,1143,12.7,4,0,4,3,1,1,1,0,0.31,0.00,0.31,0.24,0.24,Matches,686,sn SEN,"FW,MF",26,1996,12.7,4,29,10,34.5,2.28,0.79,0.14,0.40,1,1,Matches
687,Moussa Diaby,fr FRA,"MF,FW",Aston Villa,eng Premier League,24,1999,38,25,2174,24.2,6,8,14,6,0,0,1,0,0.25,0.33,0.58,0.25,0.58,Matches,687,fr FRA,"MF,FW",24,1999,24.2,6,54,23,42.6,2.24,0.95,0.11,0.26,0,0,Matches
689,Mouctar Diakhaby,gn GUI,"DF,MF",Valencia,es La Liga,26,1996,14,12,1073,11.9,1,0,1,1,0,0,6,0,0.08,0.00,0.08,0.08,0.08,Matches,689,gn GUI,"DF,MF",26,1996,11.9,1,7,3,42.9,0.59,0.25,0.14,0.33,0,0,Matches
691,Bafodé Diakité,fr FRA,DF,Lille,fr Ligue 1,22,2001,21,19,1696,18.8,5,2,7,5,0,0,4,0,0.27,0.11,0.37,0.27,0.37,Matches,691,fr FRA,DF,22,2001,18.8,5,16,7,43.8,0.85,0.37,0.31,0.71,0,0,Matches
694,Oumar Diakité,ci CIV,FW,Reims,fr Ligue 1,19,2003,28,18,1585,17.6,5,1,6,5,0,1,4,0,0.28,0.06,0.34,0.28,0.34,Matches,694,ci CIV,FW,19,2003,17.6,5,36,12,33.3,2.04,0.68,0.14,0.42,0,1,Matches
697,Assane Diao,sn SEN,MF,Real Betis,es La Liga,17,2005,18,13,1048,11.6,2,0,2,2,0,0,4,0,0.17,0.00,0.17,0.17,0.17,Matches,697,sn SEN,MF,17,2005,11.6,2,21,3,14.3,1.80,0.26,0.10,0.67,0,0,Matches
698,Habib Diarra,sn SEN,"MF,FW",Strasbourg,fr Ligue 1,19,2004,31,28,2305,25.6,3,1,4,2,1,1,3,0,0.12,0.04,0.16,0.08,0.12,Matches,698,sn SEN,"MF,FW",19,2004,25.6,3,39,15,38.5,1.52,0.59,0.08,0.20,1,1,Matches
699,Moussa Diarra,ml MLI,DF,Toulouse,fr Ligue 1,22,2000,22,15,1397,15.5,1,2,3,1,0,0,5,0,0.06,0.13,0.19,0.06,0.19,Matches,699,ml MLI,DF,22,2000,15.5,1,5,2,40.0,0.32,0.13,0.20,0.50,0,0,Matches
700,Rúben Dias,pt POR,"DF,MF",Manchester City,eng Premier League,26,1997,30,28,2559,28.4,0,0,0,0,0,0,0,0,0.00,0.00,0.00,0.00,0.00,Matches,700,pt POR,"DF,MF",26,1997,28.4,0,20,8,40.0,0.70,0.28,0.00,0.00,0,0,Matches
701,Krépin Diatta,sn SEN,"MF,DF",Monaco,fr Ligue 1,24,1999,26,12,1206,13.4,0,2,2,0,0,0,2,0,0.00,0.15,0.15,0.00,0.15,Matches,701,sn SEN,"MF,DF",24,1999,13.4,0,9,0,0.0,0.67,0.00,0.00,,0,0,Matches
702,Mory Diaw,sn SEN,GK,Clermont Foot,fr Ligue 1,30,1993,30,30,2700,30.0,0,0,0,0,0,0,3,0,0.00,0.00,0.00,0.00,0.00,Matches,702,sn SEN,GK,30,1993,30.0,0,0,0,,0.00,0.00,,,0,0,Matches
704,Brahim Díaz,ma MAR,"MF,FW",Real Madrid,es La Liga,23,1999,31,18,1545,17.2,8,6,14,8,0,0,0,0,0.47,0.35,0.82,0.47,0.82,Matches,704,ma MAR,"MF,FW",23,1999,17.2,8,38,17,44.7,2.21,0.99,0.21,0.47,0,0,Matches
705,Luis Díaz,co COL,FW,Liverpool,eng Premier League,26,1997,37,32,2629,29.2,8,5,13,8,0,0,3,0,0.27,0.17,0.45,0.27,0.45,Matches,705,co COL,FW,26,1997,29.2,8,94,32,34.0,3.22,1.10,0.09,0.25,0,0,Matches
709,Bamba Dieng,sn SEN,FW,Lorient,fr Ligue 1,23,2000,16,5,549,6.1,4,1,5,4,0,0,3,0,0.66,0.16,0.82,0.66,0.82,Matches,709,sn SEN,FW,23,2000,6.1,4,17,9,52.9,2.79,1.48,0.24,0.44,0,0,Matches
710,Eric Dier,eng ENG,DF,Bayern Munich,de Bundesliga,29,1994,15,13,1166,13.0,0,0,0,0,0,0,1,0,0.00,0.00,0.00,0.00,0.00,Matches,710,eng ENG,DF,29,1994,13.0,0,9,4,44.4,0.69,0.31,0.00,0.00,0,0,Matches
714,Lucas Digne,fr FRA,DF,Aston Villa,eng Premier League,30,1993,33,27,2410,26.8,1,3,4,1,0,0,7,0,0.04,0.11,0.15,0.04,0.15,Matches,714,fr FRA,DF,30,1993,26.8,1,20,4,20.0,0.75,0.15,0.05,0.25,0,0,Matches
715,Federico Dimarco,it ITA,MF,Inter,it Serie A,25,1997,30,29,2077,23.1,5,6,11,5,0,0,0,0,0.22,0.26,0.48,0.22,0.48,Matches,715,it ITA,MF,25,1997,23.1,5,50,19,38.0,2.17,0.82,0.10,0.26,0,0,Matches
716,Stole Dimitrievski,mk MKD,GK,Rayo Vallecano,es La Liga,29,1993,37,37,3330,37.0,0,0,0,0,0,0,2,0,0.00,0.00,0.00,0.00,0.00,Matches,716,mk MKD,GK,29,1993,37.0,0,0,0,,0.00,0.00,,,0,0,Matches
717,Junior Dina Ebimbe,cm CMR,MF,Frankfurt,de Bundesliga,22,2000,31,25,1956,21.7,5,3,8,5,0,0,5,0,0.23,0.14,0.37,0.23,0.37,Matches,717,cm CMR,MF,22,2000,21.7,5,52,17,32.7,2.39,0.78,0.10,0.29,0,0,Matches
718,Eren Dinkçi,de GER,MF,Heidenheim,de Bundesliga,21,2001,33,33,2650,29.4,10,5,15,10,0,0,8,0,0.34,0.17,0.51,0.34,0.51,Matches,718,de GER,MF,21,2001,29.4,10,49,21,42.9,1.66,0.71,0.20,0.48,0,0,Matches
719,Sinaly Diomande,ci CIV,DF,Lyon,fr Ligue 1,22,2001,10,10,889,9.9,0,0,0,0,0,0,2,0,0.00,0.00,0.00,0.00,0.00,Matches,719,ci CIV,DF,22,2001,9.9,0,6,1,16.7,0.61,0.10,0.00,0.00,0,0,Matches
721,Issa Diop,ma MAR,DF,Fulham,eng Premier League,26,1997,18,16,1424,15.8,0,0,0,0,0,0,4,1,0.00,0.00,0.00,0.00,0.00,Matches,721,ma MAR,DF,26,1997,15.8,0,5,1,20.0,0.32,0.06,0.00,0.00,0,0,Matches
723,Andy Diouf,fr FRA,MF,Lens,fr Ligue 1,20,2003,25,16,1314,14.6,1,0,1,1,0,0,2,0,0.07,0.00,0.07,0.07,0.07,Matches,723,fr FRA,MF,20,2003,14.6,1,28,8,28.6,1.92,0.55,0.04,0.13,0,0,Matches
724,Yehvann Diouf,sn SEN,GK,Reims,fr Ligue 1,23,1999,34,34,3060,34.0,0,0,0,0,0,0,1,0,0.00,0.00,0.00,0.00,0.00,Matches,724,sn SEN,GK,23,1999,34.0,0,0,0,,0.00,0.00,,,0,0,Matches
725,Axel Disasi,fr FRA,DF,Chelsea,eng Premier League,25,1998,31,29,2579,28.7,2,0,2,2,0,0,6,0,0.07,0.00,0.07,0.07,0.07,Matches,725,fr FRA,DF,25,1998,28.7,2,16,4,25.0,0.56,0.14,0.13,0.50,0,0,Matches
728,Djené,tg TOG,"DF,MF",Getafe,es La Liga,31,1991,33,30,2484,27.6,0,0,0,0,0,0,14,1,0.00,0.00,0.00,0.00,0.00,Matches,728,tg TOG,"DF,MF",31,1991,27.6,0,6,1,16.7,0.22,0.04,0.00,0.00,0,0,Matches
729,Koffi Djidji,ci CIV,DF,Torino,it Serie A,30,1992,13,8,759,8.4,0,0,0,0,0,0,2,0,0.00,0.00,0.00,0.00,0.00,Matches,729,ci CIV,DF,30,1992,8.4,0,2,0,0.0,0.24,0.00,0.00,,0,0,Matches
730,Berat Djimsiti,al ALB,DF,Atalanta,it Serie A,30,1993,37,32,2832,31.5,0,1,1,0,0,0,5,0,0.00,0.03,0.03,0.00,0.03,Matches,730,al ALB,DF,30,1993,31.5,0,13,0,0.0,0.41,0.00,0.00,,0,0,Matches
731,Marko Dmitrović,rs SRB,GK,Sevilla,es La Liga,31,1992,13,13,1170,13.0,0,0,0,0,0,0,1,0,0.00,0.00,0.00,0.00,0.00,Matches,731,rs SRB,GK,31,1992,13.0,0,0,0,,0.00,0.00,,,0,0,Matches
732,Ritsu Doan,jp JPN,MF,Freiburg,de Bundesliga,25,1998,30,26,2246,25.0,7,2,9,7,0,0,2,0,0.28,0.08,0.36,0.28,0.36,Matches,732,jp JPN,MF,25,1998,25.0,7,37,19,51.4,1.48,0.76,0.19,0.37,0,0,Matches
734,Dodô,br BRA,DF,Fiorentina,it Serie A,24,1998,9,7,523,5.8,0,0,0,0,0,0,0,0,0.00,0.00,0.00,0.00,0.00,Matches,734,br BRA,DF,24,1998,5.8,0,2,1,50.0,0.34,0.17,0.00,0.00,0,0,Matches
735,Danilho Doekhi,nl NED,DF,Union Berlin,de Bundesliga,25,1998,24,24,2160,24.0,2,0,2,2,0,0,2,0,0.08,0.00,0.08,0.08,0.08,Matches,735,nl NED,DF,25,1998,24.0,2,16,2,12.5,0.67,0.08,0.13,1.00,0,0,Matches
736,Matt Doherty,ie IRL,"MF,DF",Wolves,eng Premier League,31,1992,30,9,1150,12.8,1,0,1,1,0,0,2,0,0.08,0.00,0.08,0.08,0.08,Matches,736,ie IRL,"MF,DF",31,1992,12.8,1,8,3,37.5,0.63,0.23,0.13,0.33,0,0,Matches
737,Josh Doig,sct SCO,"MF,DF",Hellas Verona,it Serie A,21,2002,12,11,830,9.2,0,0,0,0,0,0,2,0,0.00,0.00,0.00,0.00,0.00,Matches,737,sct SCO,"MF,DF",21,2002,9.2,0,5,1,20.0,0.54,0.11,0.00,0.00,0,0,Matches
738,Josh Doig,sct SCO,"DF,MF",Sassuolo,it Serie A,21,2002,16,15,1343,14.9,0,2,2,0,0,0,5,0,0.00,0.13,0.13,0.00,0.13,Matches,738,sct SCO,"DF,MF",21,2002,14.9,0,8,2,25.0,0.54,0.13,0.00,0.00,0,0,Matches
740,Jeremy Doku,be BEL,"MF,FW",Manchester City,eng Premier League,21,2002,29,18,1595,17.7,3,8,11,3,0,0,3,0,0.17,0.45,0.62,0.17,0.62,Matches,740,be BEL,"MF,FW",21,2002,17.7,3,56,19,33.9,3.16,1.07,0.05,0.16,0,0,Matches
742,Carlos Dominguez,es ESP,DF,Celta Vigo,es La Liga,22,2001,22,18,1584,17.6,0,0,0,0,0,0,2,0,0.00,0.00,0.00,0.00,0.00,Matches,742,es ESP,DF,22,2001,17.6,0,5,0,0.0,0.28,0.00,0.00,,0,0,Matches
745,Nicolás Domínguez,ar ARG,MF,Nottingham,eng Premier League,25,1998,26,19,1495,16.6,2,2,4,2,0,0,4,0,0.12,0.12,0.24,0.12,0.24,Matches,745,ar ARG,MF,25,1998,16.6,2,22,6,27.3,1.32,0.36,0.09,0.33,0,0,Matches
748,Gianluigi Donnarumma,it ITA,GK,PSG,fr Ligue 1,24,1999,25,25,2169,24.1,0,0,0,0,0,0,3,1,0.00,0.00,0.00,0.00,0.00,Matches,748,it ITA,GK,24,1999,24.1,0,0,0,,0.00,0.00,,,0,0,Matches
749,Patrick Dorgu,dk DEN,"MF,DF",Lecce,it Serie A,18,2004,32,17,1564,17.4,2,0,2,2,0,0,6,0,0.12,0.00,0.12,0.12,0.12,Matches,749,dk DEN,"MF,DF",18,2004,17.4,2,19,9,47.4,1.09,0.52,0.11,0.22,0,0,Matches
750,Niklas Dorsch,de GER,MF,Augsburg,de Bundesliga,25,1998,21,16,1386,15.4,0,0,0,0,0,0,5,0,0.00,0.00,0.00,0.00,0.00,Matches,750,de GER,MF,25,1998,15.4,0,14,0,0.0,0.91,0.00,0.00,,0,0,Matches
751,Alberto Dossena,it ITA,DF,Cagliari,it Serie A,24,1998,35,33,2977,33.1,2,4,6,2,0,0,5,0,0.06,0.12,0.18,0.06,0.18,Matches,751,it ITA,DF,24,1998,33.1,2,24,6,25.0,0.73,0.18,0.08,0.33,0,0,Matches
752,Carlos Dotor,es ESP,MF,Celta Vigo,es La Liga,22,2001,17,7,708,7.9,0,0,0,0,0,0,2,0,0.00,0.00,0.00,0.00,0.00,Matches,752,es ESP,MF,22,2001,7.9,0,4,0,0.0,0.51,0.00,0.00,,0,0,Matches
753,Abdoulaye Doucouré,ml MLI,MF,Everton,eng Premier League,30,1993,32,32,2629,29.2,7,1,8,7,0,0,7,0,0.24,0.03,0.27,0.24,0.27,Matches,753,ml MLI,MF,30,1993,29.2,7,47,23,48.9,1.61,0.79,0.15,0.30,0,0,Matches
754,Cheick Doucouré,ml MLI,MF,Crystal Palace,eng Premier League,23,2000,11,11,919,10.2,0,0,0,0,0,0,2,0,0.00,0.00,0.00,0.00,0.00,Matches,754,ml MLI,MF,23,2000,10.2,0,6,2,33.3,0.59,0.20,0.00,0.00,0,0,Matches
756,Désiré Doué,fr FRA,MF,Rennes,fr Ligue 1,18,2005,31,17,1626,18.1,4,4,8,4,0,0,3,0,0.22,0.22,0.44,0.22,0.44,Matches,756,fr FRA,MF,18,2005,18.1,4,34,13,38.2,1.88,0.72,0.12,0.31,0,0,Matches
757,Guéla Doué,ci CIV,DF,Rennes,fr Ligue 1,20,2002,24,13,1234,13.7,0,2,2,0,0,0,1,1,0.00,0.15,0.15,0.00,0.15,Matches,757,ci CIV,DF,20,2002,13.7,0,15,3,20.0,1.09,0.22,0.00,0.00,0,0,Matches
758,Alfie Doughty,eng ENG,"MF,DF",Luton Town,eng Premier League,23,1999,37,34,2925,32.5,2,8,10,2,0,0,5,0,0.06,0.25,0.31,0.06,0.31,Matches,758,eng ENG,"MF,DF",23,1999,32.5,2,26,8,30.8,0.80,0.25,0.08,0.25,0,0,Matches
759,Douglas,br BRA,MF,Nantes,fr Ligue 1,26,1997,25,22,1772,19.7,0,0,0,0,0,0,7,0,0.00,0.00,0.00,0.00,0.00,Matches,759,br BRA,MF,26,1997,19.7,0,16,5,31.3,0.81,0.25,0.00,0.00,0,0,Matches
760,Ismaël Doukouré,fr FRA,"MF,DF",Strasbourg,fr Ligue 1,20,2003,22,19,1656,18.4,0,0,0,0,0,0,4,0,0.00,0.00,0.00,0.00,0.00,Matches,760,fr FRA,"MF,DF",20,2003,18.4,0,9,0,0.0,0.49,0.00,0.00,,0,0,Matches
761,Kamory Doumbia,ml MLI,MF,Brest,fr Ligue 1,20,2003,25,7,879,9.8,6,5,11,6,0,0,1,0,0.61,0.51,1.13,0.61,1.13,Matches,761,ml MLI,MF,20,2003,9.8,6,25,11,44.0,2.56,1.13,0.24,0.55,0,0,Matches
762,Anastasios Douvikas,gr GRE,FW,Celta Vigo,es La Liga,23,1999,32,7,905,10.1,7,1,8,7,0,0,2,0,0.70,0.10,0.80,0.70,0.80,Matches,762,gr GRE,FW,23,1999,10.1,7,26,15,57.7,2.59,1.49,0.27,0.47,0,0,Matches
763,Artem Dovbyk,ua UKR,FW,Girona,es La Liga,26,1997,36,32,2587,28.7,24,8,32,17,7,8,2,0,0.83,0.28,1.11,0.59,0.87,Matches,763,ua UKR,FW,26,1997,28.7,24,85,46,54.1,2.96,1.60,0.28,0.52,7,8,Matches
764,Nikola Dovedan,at AUT,MF,Heidenheim,de Bundesliga,29,1994,21,5,656,7.3,3,1,4,3,0,0,0,1,0.41,0.14,0.55,0.41,0.55,Matches,764,at AUT,MF,29,1994,7.3,3,14,5,35.7,1.92,0.69,0.21,0.60,0,0,Matches
766,Tommy Doyle,eng ENG,MF,Wolves,eng Premier League,21,2001,26,11,1222,13.6,0,0,0,0,0,0,2,0,0.00,0.00,0.00,0.00,0.00,Matches,766,eng ENG,MF,21,2001,13.6,0,14,3,21.4,1.03,0.22,0.00,0.00,0,0,Matches
768,Radu Drăgușin,ro ROU,DF,Genoa,it Serie A,21,2002,19,19,1710,19.0,2,1,3,2,0,0,1,0,0.11,0.05,0.16,0.11,0.16,Matches,768,ro ROU,DF,21,2002,19.0,2,17,4,23.5,0.89,0.21,0.12,0.50,0,0,Matches
769,Dion Drena Beljo,hr CRO,"FW,MF",Augsburg,de Bundesliga,21,2002,26,3,581,6.5,2,0,2,2,0,0,2,0,0.31,0.00,0.31,0.31,0.31,Matches,769,hr CRO,"FW,MF",21,2002,6.5,2,19,9,47.4,2.94,1.39,0.11,0.22,0,0,Matches
770,Tim Drexler,de GER,DF,Hoffenheim,de Bundesliga,18,2005,8,6,573,6.4,0,0,0,0,0,0,1,0,0.00,0.00,0.00,0.00,0.00,Matches,770,de GER,DF,18,2005,6.4,0,0,0,,0.00,0.00,,,0,0,Matches
771,Domingos Duarte,pt POR,DF,Getafe,es La Liga,28,1995,15,11,907,10.1,0,0,0,0,0,0,5,2,0.00,0.00,0.00,0.00,0.00,Matches,771,pt POR,DF,28,1995,10.1,0,1,0,0.0,0.10,0.00,0.00,,0,0,Matches
772,Rubén Duarte,es ESP,DF,Alavés,es La Liga,27,1995,28,21,1878,20.9,2,1,3,2,0,0,7,0,0.10,0.05,0.14,0.10,0.14,Matches,772,es ESP,DF,27,1995,20.9,2,15,5,33.3,0.72,0.24,0.13,0.40,0,0,Matches
773,Martin Dúbravka,sk SVK,GK,Newcastle,eng Premier League,34,1989,23,22,1985,22.1,0,0,0,0,0,0,1,0,0.00,0.00,0.00,0.00,0.00,Matches,773,sk SVK,GK,34,1989,22.1,0,0,0,,0.00,0.00,,,0,0,Matches
774,Marvin Ducksch,de GER,FW,Werder Bremen,de Bundesliga,29,1994,33,32,2696,30.0,12,9,21,7,5,6,9,0,0.40,0.30,0.70,0.23,0.53,Matches,774,de GER,FW,29,1994,30.0,12,80,38,47.5,2.67,1.27,0.15,0.32,5,6,Matches
775,Ondrej Duda,sk SVK,MF,Hellas Verona,it Serie A,28,1994,32,29,2456,27.3,1,4,5,1,0,1,14,2,0.04,0.15,0.18,0.04,0.18,Matches,775,sk SVK,MF,28,1994,27.3,1,24,7,29.2,0.88,0.26,0.04,0.14,0,1,Matches
776,Denzel Dumfries,nl NED,MF,Inter,it Serie A,27,1996,31,19,1639,18.2,4,4,8,4,0,0,2,1,0.22,0.22,0.44,0.22,0.44,Matches,776,nl NED,MF,27,1996,18.2,4,24,6,25.0,1.32,0.33,0.17,0.67,0,0,Matches
778,Alfred Duncan,gh GHA,MF,Fiorentina,it Serie A,30,1993,30,24,1888,21.0,2,5,7,2,0,0,2,0,0.10,0.24,0.33,0.10,0.33,Matches,778,gh GHA,MF,30,1993,21.0,2,23,6,26.1,1.10,0.29,0.09,0.33,0,0,Matches
779,Lewis Dunk,eng ENG,DF,Brighton,eng Premier League,31,1991,33,33,2869,31.9,3,1,4,3,0,0,7,1,0.09,0.03,0.13,0.09,0.13,Matches,779,eng ENG,DF,31,1991,31.9,3,33,12,36.4,1.04,0.38,0.09,0.25,0,0,Matches
782,Hugo Duro,es ESP,FW,Valencia,es La Liga,23,1999,37,35,2976,33.1,13,2,15,13,0,0,4,0,0.39,0.06,0.45,0.39,0.45,Matches,782,es ESP,FW,23,1999,33.1,13,66,29,43.9,2.00,0.88,0.20,0.45,0,0,Matches
783,Jean-Kevin Duverne,ht HAI,DF,Nantes,fr Ligue 1,26,1997,19,15,1348,15.0,0,0,0,0,0,0,5,0,0.00,0.00,0.00,0.00,0.00,Matches,783,ht HAI,DF,26,1997,15.0,0,4,1,25.0,0.27,0.07,0.00,0.00,0,0,Matches
784,Paulo Dybala,ar ARG,"FW,MF",Roma,it Serie A,29,1993,28,25,1959,21.8,13,9,22,6,7,7,3,0,0.60,0.41,1.01,0.28,0.69,Matches,784,ar ARG,"FW,MF",29,1993,21.8,13,59,23,39.0,2.71,1.06,0.22,0.57,7,7,Matches
785,Aron Dønnum,no NOR,"MF,FW",Toulouse,fr Ligue 1,25,1998,27,19,1595,17.7,0,1,1,0,0,0,8,0,0.00,0.06,0.06,0.00,0.06,Matches,785,no NOR,"MF,FW",25,1998,17.7,0,21,9,42.9,1.18,0.51,0.00,0.00,0,0,Matches
788,Festy Ebosele,ie IRL,MF,Udinese,it Serie A,20,2002,31,20,1700,18.9,0,0,0,0,0,0,6,1,0.00,0.00,0.00,0.00,0.00,Matches,788,ie IRL,MF,20,2002,18.9,0,16,5,31.3,0.85,0.26,0.00,0.00,0,0,Matches
790,Tyronne Ebuehi,ng NGA,DF,Empoli,it Serie A,27,1995,15,11,1099,12.2,0,1,1,0,0,0,0,0,0.00,0.08,0.08,0.00,0.08,Matches,790,ng NGA,DF,27,1995,12.2,0,5,1,20.0,0.41,0.08,0.00,0.00,0,0,Matches
791,Odsonne Édouard,fr FRA,"FW,MF",Crystal Palace,eng Premier League,25,1998,30,17,1555,17.3,7,0,7,7,0,0,4,0,0.41,0.00,0.41,0.41,0.41,Matches,791,fr FRA,"FW,MF",25,1998,17.3,7,51,19,37.3,2.95,1.10,0.14,0.37,0,0,Matches
793,Maximilian Eggestein,de GER,MF,Freiburg,de Bundesliga,26,1996,33,33,2914,32.4,1,2,3,1,0,0,6,0,0.03,0.06,0.09,0.03,0.09,Matches,793,de GER,MF,26,1996,32.4,1,39,8,20.5,1.20,0.25,0.03,0.13,0,0,Matches
795,Kingsley Ehizibue,nl NED,MF,Udinese,it Serie A,28,1995,23,11,955,10.6,0,1,1,0,0,0,4,0,0.00,0.09,0.09,0.00,0.09,Matches,795,nl NED,MF,28,1995,10.6,0,18,3,16.7,1.70,0.28,0.00,0.00,0,0,Matches
798,Hugo Ekitike,fr FRA,FW,Frankfurt,de Bundesliga,21,2002,14,7,716,8.0,4,2,6,4,0,0,3,0,0.50,0.25,0.75,0.50,0.75,Matches,798,fr FRA,FW,21,2002,8.0,4,30,10,33.3,3.77,1.26,0.13,0.40,0,0,Matches
800,Caleb Ekuban,gh GHA,FW,Genoa,it Serie A,29,1994,29,10,1131,12.6,4,1,5,4,0,0,0,0,0.32,0.08,0.40,0.32,0.40,Matches,800,gh GHA,FW,29,1994,12.6,4,27,12,44.4,2.15,0.95,0.15,0.33,0,0,Matches
801,Anthony Elanga,se SWE,"MF,FW",Nottingham,eng Premier League,21,2002,36,25,2433,27.0,5,9,14,5,0,0,1,0,0.18,0.33,0.52,0.18,0.52,Matches,801,se SWE,"MF,FW",21,2002,27.0,5,54,23,42.6,2.00,0.85,0.09,0.22,0,0,Matches
802,Simon Elisor,fr FRA,FW,Metz,fr Ligue 1,24,1999,14,9,767,8.5,1,0,1,1,0,1,1,0,0.12,0.00,0.12,0.12,0.12,Matches,802,fr FRA,FW,24,1999,8.5,1,14,7,50.0,1.64,0.82,0.07,0.14,0,1,Matches
803,Harvey Elliott,eng ENG,"MF,FW",Liverpool,eng Premier League,20,2003,34,11,1352,15.0,3,6,9,3,0,0,2,0,0.20,0.40,0.60,0.20,0.60,Matches,803,eng ENG,"MF,FW",20,2003,15.0,3,49,17,34.7,3.26,1.13,0.06,0.18,0,0,Matches
807,Aritz Elustondo,es ESP,DF,Real Sociedad,es La Liga,29,1994,15,7,812,9.0,0,1,1,0,0,0,2,0,0.00,0.11,0.11,0.00,0.11,Matches,807,es ESP,DF,29,1994,9.0,0,6,2,33.3,0.67,0.22,0.00,0.00,0,0,Matches
808,Nico Elvedi,ch SUI,DF,Gladbach,de Bundesliga,26,1996,30,28,2482,27.6,2,1,3,2,0,0,5,0,0.07,0.04,0.11,0.07,0.11,Matches,808,ch SUI,DF,26,1996,27.6,2,18,7,38.9,0.65,0.25,0.11,0.29,0,0,Matches
809,Adri Embarba,es ESP,"MF,FW",Almería,es La Liga,31,1992,36,29,2476,27.5,3,2,5,2,1,1,5,0,0.11,0.07,0.18,0.07,0.15,Matches,809,es ESP,"MF,FW",31,1992,27.5,3,64,25,39.1,2.33,0.91,0.05,0.12,1,1,Matches
811,Emanuel Emegha,nl NED,FW,Strasbourg,fr Ligue 1,20,2003,28,23,2078,23.1,8,1,9,8,0,1,3,0,0.35,0.04,0.39,0.35,0.39,Matches,811,nl NED,FW,20,2003,23.1,8,48,21,43.8,2.08,0.91,0.17,0.38,0,1,Matches
812,Emerson,br BRA,DF,Tottenham,eng Premier League,24,1999,22,11,1161,12.9,1,0,1,1,0,0,4,0,0.08,0.00,0.08,0.08,0.08,Matches,812,br BRA,DF,24,1999,12.9,1,6,3,50.0,0.47,0.23,0.17,0.33,0,0,Matches
813,Youssef En-Nesyri,ma MAR,FW,Sevilla,es La Liga,26,1997,33,28,2570,28.6,16,2,18,15,1,1,4,0,0.56,0.07,0.63,0.53,0.60,Matches,813,ma MAR,FW,26,1997,28.6,16,73,30,41.1,2.56,1.05,0.22,0.53,1,1,Matches
815,Wataru Endo,jp JPN,MF,Liverpool,eng Premier League,30,1993,29,20,1722,19.1,1,0,1,1,0,0,10,0,0.05,0.00,0.05,0.05,0.05,Matches,815,jp JPN,MF,30,1993,19.1,1,10,3,30.0,0.52,0.16,0.10,0.33,0,0,Matches
816,Arne Engels,be BEL,"MF,DF",Augsburg,de Bundesliga,19,2003,32,13,1405,15.6,3,2,5,3,0,0,1,1,0.19,0.13,0.32,0.19,0.32,Matches,816,be BEL,"MF,DF",19,2003,15.6,3,20,7,35.0,1.28,0.45,0.15,0.43,0,0,Matches
817,Christian Eriksen,dk DEN,MF,Manchester Utd,eng Premier League,31,1992,22,12,1141,12.7,1,2,3,1,0,0,1,0,0.08,0.16,0.24,0.08,0.24,Matches,817,dk DEN,MF,31,1992,12.7,1,13,4,30.8,1.03,0.32,0.08,0.25,0,0,Matches
818,Martin Erlić,hr CRO,DF,Sassuolo,it Serie A,25,1998,32,31,2618,29.1,1,0,1,1,0,0,5,0,0.03,0.00,0.03,0.03,0.03,Matches,818,hr CRO,DF,25,1998,29.1,1,8,3,37.5,0.28,0.10,0.13,0.33,0,0,Matches
819,Gonzalo Escalante,ar ARG,MF,Cádiz,es La Liga,30,1993,25,18,1697,18.9,1,2,3,1,0,0,2,1,0.05,0.11,0.16,0.05,0.16,Matches,819,ar ARG,MF,30,1993,18.9,1,14,3,21.4,0.74,0.16,0.07,0.33,0,0,Matches
821,Alfonso Espino,uy URU,DF,Rayo Vallecano,es La Liga,31,1992,31,29,2507,27.9,0,1,1,0,0,0,9,0,0.00,0.04,0.04,0.00,0.04,Matches,821,uy URU,DF,31,1992,27.9,0,18,5,27.8,0.65,0.18,0.00,0.00,0,0,Matches
823,Maxime Estève,fr FRA,DF,Montpellier,fr Ligue 1,21,2002,12,12,995,11.1,1,1,2,1,0,0,2,0,0.09,0.09,0.18,0.09,0.18,Matches,823,fr FRA,DF,21,2002,11.1,1,6,2,33.3,0.54,0.18,0.17,0.50,0,0,Matches
824,Maxime Estève,fr FRA,DF,Burnley,eng Premier League,21,2002,16,15,1309,14.5,0,0,0,0,0,0,6,0,0.00,0.00,0.00,0.00,0.00,Matches,824,fr FRA,DF,21,2002,14.5,0,7,0,0.0,0.48,0.00,0.00,,0,0,Matches
826,Pervis Estupiñán,ec ECU,"DF,MF",Brighton,eng Premier League,25,1998,19,15,1243,13.8,2,3,5,2,0,0,4,0,0.14,0.22,0.36,0.14,0.36,Matches,826,ec ECU,"DF,MF",25,1998,13.8,2,11,6,54.5,0.80,0.43,0.18,0.33,0,0,Matches
828,Jonny Evans,nir NIR,DF,Manchester Utd,eng Premier League,35,1988,23,15,1392,15.5,0,1,1,0,0,0,2,0,0.00,0.06,0.06,0.00,0.06,Matches,828,nir NIR,DF,35,1988,15.5,0,1,0,0.0,0.06,0.00,0.00,,0,0,Matches
829,Eberechi Eze,eng ENG,"MF,FW",Crystal Palace,eng Premier League,25,1998,27,24,2055,22.8,11,4,15,10,1,1,3,0,0.48,0.18,0.66,0.44,0.61,Matches,829,eng ENG,"MF,FW",25,1998,22.8,11,83,34,41.0,3.64,1.49,0.13,0.32,1,1,Matches
831,Abde Ezzalzouli,ma MAR,MF,Real Betis,es La Liga,21,2001,26,6,865,9.6,1,0,1,1,0,1,1,0,0.10,0.00,0.10,0.10,0.10,Matches,831,ma MAR,MF,21,2001,9.6,1,34,9,26.5,3.54,0.94,0.03,0.11,0,1,Matches
832,Giovanni Fabbian,it ITA,MF,Bologna,it Serie A,20,2003,27,11,1057,11.7,5,2,7,5,0,0,4,0,0.43,0.17,0.60,0.43,0.60,Matches,832,it ITA,MF,20,2003,11.7,5,28,10,35.7,2.38,0.85,0.18,0.50,0,0,Matches
833,Łukasz Fabiański,pl POL,GK,West Ham,eng Premier League,38,1985,10,7,721,8.0,0,0,0,0,0,0,0,0,0.00,0.00,0.00,0.00,0.00,Matches,833,pl POL,GK,38,1985,8.0,0,0,0,,0.00,0.00,,,0,0,Matches
836,Romain Faivre,fr FRA,MF,Lorient,fr Ligue 1,25,1998,17,16,1453,16.1,5,1,6,5,0,0,1,0,0.31,0.06,0.37,0.31,0.37,Matches,836,fr FRA,MF,25,1998,16.1,5,27,10,37.0,1.67,0.62,0.19,0.50,0,0,Matches
839,Wladimiro Falcone,it ITA,GK,Lecce,it Serie A,28,1995,38,38,3420,38.0,0,0,0,0,0,0,0,0,0.00,0.00,0.00,0.00,0.00,Matches,839,it ITA,GK,28,1995,38.0,0,0,0,,0.00,0.00,,,0,0,Matches
840,Fali,es ESP,DF,Cádiz,es La Liga,29,1993,30,30,2547,28.3,0,0,0,0,0,0,12,0,0.00,0.00,0.00,0.00,0.00,Matches,840,es ESP,DF,29,1993,28.3,0,11,3,27.3,0.39,0.11,0.00,0.00,0,0,Matches
841,Davide Faraoni,it ITA,MF,Hellas Verona,it Serie A,31,1991,11,7,602,6.7,0,1,1,0,0,0,5,0,0.00,0.15,0.15,0.00,0.15,Matches,841,it ITA,MF,31,1991,6.7,0,7,1,14.3,1.05,0.15,0.00,0.00,0,0,Matches
844,Ansu Fati,es ESP,"MF,FW",Brighton,eng Premier League,20,2002,19,3,521,5.8,2,0,2,2,0,0,2,0,0.35,0.00,0.35,0.35,0.35,Matches,844,es ESP,"MF,FW",20,2002,5.8,2,26,11,42.3,4.49,1.90,0.08,0.18,0,0,Matches
845,Khalil Fayad,fr FRA,MF,Montpellier,fr Ligue 1,19,2004,23,11,1025,11.4,3,0,3,3,0,0,2,0,0.26,0.00,0.26,0.26,0.26,Matches,845,fr FRA,MF,19,2004,11.4,3,17,7,41.2,1.49,0.61,0.18,0.43,0,0,Matches
846,Federico Fazio,ar ARG,DF,Salernitana,it Serie A,36,1987,17,15,1355,15.1,1,0,1,1,0,0,3,1,0.07,0.00,0.07,0.07,0.07,Matches,846,ar ARG,DF,36,1987,15.1,1,8,2,25.0,0.53,0.13,0.13,0.50,0,0,Matches
847,Jacopo Fazzini,it ITA,MF,Empoli,it Serie A,20,2003,31,14,1232,13.7,1,1,2,1,0,0,6,0,0.07,0.07,0.15,0.07,0.15,Matches,847,it ITA,MF,20,2003,13.7,1,23,4,17.4,1.68,0.29,0.04,0.25,0,0,Matches
848,Nabil Fekir,fr FRA,"MF,FW",Real Betis,es La Liga,30,1993,19,10,1049,11.7,1,2,3,1,0,0,1,0,0.09,0.17,0.26,0.09,0.26,Matches,848,fr FRA,"MF,FW",30,1993,11.7,1,27,9,33.3,2.32,0.77,0.04,0.11,0,0,Matches
851,João Félix,pt POR,FW,Barcelona,es La Liga,23,1999,30,18,1540,17.1,7,3,10,7,0,0,3,0,0.41,0.18,0.58,0.41,0.58,Matches,851,pt POR,FW,23,1999,17.1,7,61,25,41.0,3.56,1.46,0.11,0.28,0,0,Matches
852,Ohis Felix Uduokhai,de GER,DF,Augsburg,de Bundesliga,25,1997,33,33,2921,32.5,2,0,2,2,0,0,5,1,0.06,0.00,0.06,0.06,0.06,Matches,852,de GER,DF,25,1997,32.5,2,13,3,23.1,0.40,0.09,0.15,0.67,0,0,Matches
853,Kiko Femenía,es ESP,DF,Villarreal,es La Liga,32,1991,23,16,1583,17.6,0,0,0,0,0,0,8,1,0.00,0.00,0.00,0.00,0.00,Matches,853,es ESP,DF,32,1991,17.6,0,1,0,0.0,0.06,0.00,0.00,,0,0,Matches
854,Evan Ferguson,ie IRL,FW,Brighton,eng Premier League,18,2004,27,15,1367,15.2,6,0,6,6,0,0,1,0,0.40,0.00,0.40,0.40,0.40,Matches,854,ie IRL,FW,18,2004,15.2,6,33,20,60.6,2.17,1.32,0.18,0.30,0,0,Matches
855,Lewis Ferguson,sct SCO,MF,Bologna,it Serie A,23,1999,31,31,2712,30.1,6,3,9,6,0,0,8,0,0.20,0.10,0.30,0.20,0.30,Matches,855,sct SCO,MF,23,1999,30.1,6,59,20,33.9,1.96,0.66,0.10,0.30,0,0,Matches
856,Bruno Fernandes,pt POR,MF,Manchester Utd,eng Premier League,28,1994,35,35,3118,34.6,10,8,18,6,4,5,9,0,0.29,0.23,0.52,0.17,0.40,Matches,856,pt POR,MF,28,1994,34.6,10,95,41,43.2,2.74,1.18,0.11,0.24,4,5,Matches
857,Edimilson Fernandes,ch SUI,DF,Mainz 05,de Bundesliga,27,1996,21,13,1290,14.3,0,2,2,0,0,0,4,0,0.00,0.14,0.14,0.00,0.14,Matches,857,ch SUI,DF,27,1996,14.3,0,15,0,0.0,1.05,0.00,0.00,,0,0,Matches
858,Aitor Fernández,es ESP,GK,Osasuna,es La Liga,32,1991,7,6,551,6.1,0,0,0,0,0,0,2,0,0.00,0.00,0.00,0.00,0.00,Matches,858,es ESP,GK,32,1991,6.1,0,0,0,,0.00,0.00,,,0,0,Matches
859,Álex Fernández,es ESP,MF,Cádiz,es La Liga,30,1992,26,14,1285,14.3,0,1,1,0,0,0,3,0,0.00,0.07,0.07,0.00,0.07,Matches,859,es ESP,MF,30,1992,14.3,0,7,1,14.3,0.49,0.07,0.00,0.00,0,0,Matches
861,Enzo Fernández,ar ARG,MF,Chelsea,eng Premier League,22,2001,28,26,2209,24.5,3,2,5,2,1,2,7,0,0.12,0.08,0.20,0.08,0.16,Matches,861,ar ARG,MF,22,2001,24.5,3,47,16,34.0,1.91,0.65,0.06,0.19,1,2,Matches
863,Valery Fernández,es ESP,MF,Girona,es La Liga,23,1999,27,2,506,5.6,2,0,2,2,0,0,1,0,0.36,0.00,0.36,0.36,0.36,Matches,863,es ESP,MF,23,1999,5.6,2,5,2,40.0,0.89,0.36,0.40,1.00,0,0,Matches
868,André Ferreira,pt POR,GK,Granada,es La Liga,27,1996,15,14,1340,14.9,0,0,0,0,0,0,1,0,0.00,0.00,0.00,0.00,0.00,Matches,868,pt POR,GK,27,1996,14.9,0,0,0,,0.00,0.00,,,0,0,Matches
869,João Ferreira,pt POR,"DF,MF",Udinese,it Serie A,22,2001,35,18,1822,20.2,0,1,1,0,0,0,9,0,0.00,0.05,0.05,0.00,0.05,Matches,869,pt POR,"DF,MF",22,2001,20.2,0,3,0,0.0,0.15,0.00,0.00,,0,0,Matches
870,Jordan Ferri,fr FRA,MF,Montpellier,fr Ligue 1,31,1992,30,23,2031,22.6,1,1,2,1,0,0,6,0,0.04,0.04,0.09,0.04,0.09,Matches,870,fr FRA,MF,31,1992,22.6,1,9,1,11.1,0.40,0.04,0.11,1.00,0,0,Matches
874,Max Finkgräfe,de GER,DF,Köln,de Bundesliga,19,2004,24,18,1756,19.5,1,0,1,1,0,0,4,0,0.05,0.00,0.05,0.05,0.05,Matches,874,de GER,DF,19,2004,19.5,1,12,4,33.3,0.62,0.21,0.08,0.25,0,0,Matches
878,Mark Flekken,nl NED,GK,Brentford,eng Premier League,30,1993,37,37,3285,36.5,0,1,1,0,0,0,3,0,0.00,0.03,0.03,0.00,0.03,Matches,878,nl NED,GK,30,1993,36.5,0,0,0,,0.00,0.00,,,0,0,Matches
879,Alessandro Florenzi,it ITA,"DF,MF",Milan,it Serie A,32,1991,31,19,1732,19.2,1,4,5,1,0,0,5,0,0.05,0.21,0.26,0.05,0.26,Matches,879,it ITA,"DF,MF",32,1991,19.2,1,32,11,34.4,1.66,0.57,0.03,0.09,0,0,Matches
880,Phil Foden,eng ENG,MF,Manchester City,eng Premier League,23,2000,35,33,2857,31.7,19,8,27,19,0,0,2,0,0.60,0.25,0.85,0.60,0.85,Matches,880,eng ENG,MF,23,2000,31.7,19,105,48,45.7,3.31,1.51,0.18,0.40,0,0,Matches
881,Wes Foderingham,eng ENG,GK,Sheffield United,eng Premier League,32,1991,30,29,2649,29.4,0,0,0,0,0,0,2,0,0.00,0.00,0.00,0.00,0.00,Matches,881,eng ENG,GK,32,1991,29.4,0,0,0,,0.00,0.00,,,0,0,Matches
882,Malick Fofana,be BEL,"FW,MF",Lyon,fr Ligue 1,18,2005,17,4,559,6.2,3,0,3,3,0,0,0,0,0.48,0.00,0.48,0.48,0.48,Matches,882,be BEL,"FW,MF",18,2005,6.2,3,9,7,77.8,1.45,1.13,0.33,0.43,0,0,Matches
883,Youssouf Fofana,fr FRA,MF,Monaco,fr Ligue 1,24,1999,32,31,2697,30.0,4,4,8,4,0,0,3,0,0.13,0.13,0.27,0.13,0.27,Matches,883,fr FRA,MF,24,1999,30.0,4,52,14,26.9,1.74,0.47,0.08,0.29,0,0,Matches
884,Jonas Föhrenbach,de GER,DF,Heidenheim,de Bundesliga,27,1996,33,32,2788,31.0,0,0,0,0,0,0,2,0,0.00,0.00,0.00,0.00,0.00,Matches,884,de GER,DF,27,1996,31.0,0,12,0,0.0,0.39,0.00,0.00,,0,0,Matches
885,Thomas Foket,be BEL,"DF,MF",Reims,fr Ligue 1,28,1994,27,22,1833,20.4,0,1,1,0,0,0,9,1,0.00,0.05,0.05,0.00,0.05,Matches,885,be BEL,"DF,MF",28,1994,20.4,0,3,0,0.0,0.15,0.00,0.00,,0,0,Matches
886,Michael Folorunsho,it ITA,MF,Hellas Verona,it Serie A,25,1998,34,33,2781,30.9,5,1,6,5,0,0,5,0,0.16,0.03,0.19,0.16,0.19,Matches,886,it ITA,MF,25,1998,30.9,5,47,14,29.8,1.52,0.45,0.11,0.36,0,0,Matches
889,Pablo Fornals,es ESP,MF,Real Betis,es La Liga,27,1996,15,14,1148,12.8,3,2,5,3,0,0,2,0,0.24,0.16,0.39,0.24,0.39,Matches,889,es ESP,MF,27,1996,12.8,3,17,6,35.3,1.33,0.47,0.18,0.50,0,0,Matches
894,Lyle Foster,za RSA,"FW,MF",Burnley,eng Premier League,22,2000,24,22,1899,21.1,5,3,8,5,0,0,0,1,0.24,0.14,0.38,0.24,0.38,Matches,894,za RSA,"FW,MF",22,2000,21.1,5,34,17,50.0,1.61,0.81,0.15,0.29,0,0,Matches
895,Dimitri Foulquier,fr FRA,"DF,MF",Valencia,es La Liga,30,1993,33,19,1842,20.5,0,0,0,0,0,0,3,0,0.00,0.00,0.00,0.00,0.00,Matches,895,fr FRA,"DF,MF",30,1993,20.5,0,7,1,14.3,0.34,0.05,0.00,0.00,0,0,Matches
896,Juan Foyth,ar ARG,DF,Villarreal,es La Liga,25,1998,12,12,1062,11.8,1,1,2,1,0,0,1,0,0.08,0.08,0.17,0.08,0.17,Matches,896,ar ARG,DF,25,1998,11.8,1,6,2,33.3,0.51,0.17,0.17,0.50,0,0,Matches
898,Bartol Franjić,hr CRO,MF,Darmstadt 98,de Bundesliga,23,2000,20,14,1229,13.7,0,1,1,0,0,0,5,0,0.00,0.07,0.07,0.00,0.07,Matches,898,hr CRO,MF,23,2000,13.7,0,4,0,0.0,0.29,0.00,0.00,,0,0,Matches
899,Przemysław Frankowski,pl POL,MF,Lens,fr Ligue 1,28,1995,30,24,2192,24.4,3,2,5,2,1,2,4,0,0.12,0.08,0.21,0.08,0.16,Matches,899,pl POL,MF,28,1995,24.4,3,31,10,32.3,1.27,0.41,0.10,0.30,1,2,Matches
901,Davide Frattesi,it ITA,MF,Inter,it Serie A,23,1999,32,6,955,10.6,6,3,9,6,0,0,1,0,0.57,0.28,0.85,0.57,0.85,Matches,901,it ITA,MF,23,1999,10.6,6,32,14,43.8,3.02,1.32,0.19,0.43,0,0,Matches
902,Morten Frendrup,dk DEN,MF,Genoa,it Serie A,22,2001,37,36,3145,34.9,2,5,7,2,0,0,6,0,0.06,0.14,0.20,0.06,0.20,Matches,902,dk DEN,MF,22,2001,34.9,2,30,4,13.3,0.86,0.11,0.07,0.50,0,0,Matches
903,Remo Freuler,ch SUI,MF,Bologna,it Serie A,31,1992,32,30,2624,29.2,1,1,2,1,0,0,9,0,0.03,0.03,0.07,0.03,0.07,Matches,903,ch SUI,MF,31,1992,29.2,1,14,4,28.6,0.48,0.14,0.07,0.25,0,0,Matches
904,Marco Friedl,at AUT,DF,Werder Bremen,de Bundesliga,25,1998,25,25,2197,24.4,1,0,1,1,0,0,6,0,0.04,0.00,0.04,0.04,0.04,Matches,904,at AUT,DF,25,1998,24.4,1,7,1,14.3,0.29,0.04,0.14,1.00,0,0,Matches
905,Marvin Friedrich,de GER,DF,Gladbach,de Bundesliga,27,1995,24,17,1566,17.4,0,0,0,0,0,0,1,0,0.00,0.00,0.00,0.00,0.00,Matches,905,de GER,DF,27,1995,17.4,0,12,2,16.7,0.69,0.11,0.00,0.00,0,0,Matches
906,Jeremie Frimpong,nl NED,MF,Leverkusen,de Bundesliga,22,2000,31,27,2251,25.0,9,7,16,9,0,0,6,0,0.36,0.28,0.64,0.36,0.64,Matches,906,nl NED,MF,22,2000,25.0,9,55,21,38.2,2.20,0.84,0.16,0.43,0,0,Matches
907,Jorge de Frutos,es ESP,MF,Rayo Vallecano,es La Liga,26,1997,36,14,1549,17.2,2,0,2,2,0,0,1,0,0.12,0.00,0.12,0.12,0.12,Matches,907,es ESP,MF,26,1997,17.2,2,29,11,37.9,1.68,0.64,0.07,0.18,0,0,Matches
908,Chris Führich,de GER,MF,Stuttgart,de Bundesliga,25,1998,34,33,2567,28.5,8,7,15,8,0,1,2,0,0.28,0.25,0.53,0.28,0.53,Matches,908,de GER,MF,25,1998,28.5,8,54,25,46.3,1.89,0.88,0.15,0.32,0,1,Matches
910,Angelo Fulgini,nc NCL,MF,Lens,fr Ligue 1,26,1996,29,16,1376,15.3,1,2,3,1,0,0,1,0,0.07,0.13,0.20,0.07,0.20,Matches,910,nc NCL,MF,26,1996,15.3,1,46,10,21.7,3.01,0.65,0.02,0.10,0,0,Matches
912,Niclas Füllkrug,de GER,FW,Dortmund,de Bundesliga,30,1993,29,27,2212,24.6,12,8,20,9,3,3,1,0,0.49,0.33,0.81,0.37,0.69,Matches,912,de GER,FW,30,1993,24.6,12,53,27,50.9,2.16,1.10,0.23,0.44,3,3,Matches
916,Matteo Gabbia,it ITA,DF,Milan,it Serie A,23,1999,18,14,1275,14.2,2,1,3,2,0,0,5,0,0.14,0.07,0.21,0.14,0.21,Matches,916,it ITA,DF,23,1999,14.2,2,11,5,45.5,0.78,0.35,0.18,0.40,0,0,Matches
917,Gianluca Gaetano,it ITA,"MF,FW",Cagliari,it Serie A,23,2000,11,10,745,8.3,4,1,5,3,1,1,1,1,0.48,0.12,0.60,0.36,0.48,Matches,917,it ITA,"MF,FW",23,2000,8.3,4,14,6,42.9,1.69,0.72,0.29,0.67,1,1,Matches
919,Roberto Gagliardini,it ITA,"MF,DF",Monza,it Serie A,29,1994,33,29,2360,26.2,1,2,3,1,0,0,5,0,0.04,0.08,0.11,0.04,0.11,Matches,919,it ITA,"MF,DF",29,1994,26.2,1,36,9,25.0,1.37,0.34,0.03,0.11,0,0,Matches
920,Cody Gakpo,nl NED,"FW,MF",Liverpool,eng Premier League,24,1999,35,17,1649,18.3,8,5,13,8,0,0,1,0,0.44,0.27,0.71,0.44,0.71,Matches,920,nl NED,"FW,MF",24,1999,18.3,8,66,24,36.4,3.60,1.31,0.12,0.33,0,0,Matches
922,Javi Galán,es ESP,DF,Real Sociedad,es La Liga,28,1994,14,13,1075,11.9,0,1,1,0,0,0,3,0,0.00,0.08,0.08,0.00,0.08,Matches,922,es ESP,DF,28,1994,11.9,0,3,1,33.3,0.25,0.08,0.00,0.00,0,0,Matches
923,Iñigo Ruiz de Galarreta,es ESP,MF,Athletic Club,es La Liga,29,1993,29,25,2091,23.2,1,1,2,1,0,0,7,0,0.04,0.04,0.09,0.04,0.09,Matches,923,es ESP,MF,29,1993,23.2,1,11,2,18.2,0.47,0.09,0.09,0.50,0,0,Matches
925,Conor Gallagher,eng ENG,MF,Chelsea,eng Premier League,23,2000,37,37,3128,34.8,5,7,12,5,0,0,9,1,0.14,0.20,0.35,0.14,0.35,Matches,925,eng ENG,MF,23,2000,34.8,5,48,18,37.5,1.38,0.52,0.10,0.28,0,0,Matches
926,Antonino Gallo,it ITA,DF,Lecce,it Serie A,23,2000,35,30,2490,27.7,0,3,3,0,0,0,2,0,0.00,0.11,0.11,0.00,0.11,Matches,926,it ITA,DF,23,2000,27.7,0,15,3,20.0,0.54,0.11,0.00,0.00,0,0,Matches
927,Cristian Gamboa,cr CRC,"DF,MF",Bochum,de Bundesliga,33,1989,22,12,1187,13.2,0,1,1,0,0,0,6,0,0.00,0.08,0.08,0.00,0.08,Matches,927,cr CRC,"DF,MF",33,1989,13.2,0,6,1,16.7,0.45,0.08,0.00,0.00,0,0,Matches
928,Kévin Gameiro,fr FRA,"FW,MF",Strasbourg,fr Ligue 1,36,1987,27,15,1346,15.0,4,2,6,2,2,2,0,0,0.27,0.13,0.40,0.13,0.27,Matches,928,fr FRA,"FW,MF",36,1987,15.0,4,29,12,41.4,1.94,0.80,0.14,0.33,2,2,Matches
931,Aleix García,es ESP,MF,Girona,es La Liga,26,1997,37,36,3199,35.5,3,6,9,3,0,0,4,1,0.08,0.17,0.25,0.08,0.25,Matches,931,es ESP,MF,26,1997,35.5,3,39,12,30.8,1.10,0.34,0.08,0.25,0,0,Matches
932,Álvaro García,es ESP,MF,Rayo Vallecano,es La Liga,30,1992,32,30,2475,27.5,6,1,7,6,0,0,8,1,0.22,0.04,0.25,0.22,0.25,Matches,932,es ESP,MF,30,1992,27.5,6,45,17,37.8,1.64,0.62,0.13,0.35,0,0,Matches
933,Dani García,es ESP,MF,Athletic Club,es La Liga,33,1990,17,7,745,8.3,1,0,1,1,0,0,4,0,0.12,0.00,0.12,0.12,0.12,Matches,933,es ESP,MF,33,1990,8.3,1,6,3,50.0,0.72,0.36,0.17,0.33,0,0,Matches
934,David García,es ESP,DF,Osasuna,es La Liga,29,1994,27,27,2334,25.9,0,1,1,0,0,0,5,0,0.00,0.04,0.04,0.00,0.04,Matches,934,es ESP,DF,29,1994,25.9,0,15,2,13.3,0.58,0.08,0.00,0.00,0,0,Matches
936,Eric García,es ESP,DF,Girona,es La Liga,22,2001,30,30,2637,29.3,5,0,5,5,0,0,4,0,0.17,0.00,0.17,0.17,0.17,Matches,936,es ESP,DF,22,2001,29.3,5,16,6,37.5,0.55,0.20,0.31,0.83,0,0,Matches
937,Fran Garcia,es ESP,DF,Real Madrid,es La Liga,23,1999,25,15,1398,15.5,1,5,6,1,0,0,2,0,0.06,0.32,0.39,0.06,0.39,Matches,937,es ESP,DF,23,1999,15.5,1,9,1,11.1,0.58,0.06,0.11,1.00,0,0,Matches
941,Rubén García,es ESP,"FW,MF",Osasuna,es La Liga,30,1993,30,19,1547,17.2,3,2,5,3,0,0,1,0,0.17,0.12,0.29,0.17,0.29,Matches,941,es ESP,"FW,MF",30,1993,17.2,3,28,10,35.7,1.63,0.58,0.11,0.30,0,0,Matches
943,Ulisses Garcia,ch SUI,"DF,MF",Marseille,fr Ligue 1,27,1996,13,10,906,10.1,0,0,0,0,0,0,0,0,0.00,0.00,0.00,0.00,0.00,Matches,943,ch SUI,"DF,MF",27,1996,10.1,0,11,5,45.5,1.09,0.50,0.00,0.00,0,0,Matches
944,Unai García,es ESP,DF,Osasuna,es La Liga,31,1992,9,6,560,6.2,1,0,1,1,0,0,6,1,0.16,0.00,0.16,0.16,0.16,Matches,944,es ESP,DF,31,1992,6.2,1,2,1,50.0,0.32,0.16,0.50,1.00,0,0,Matches
945,Alejandro Garnacho,ar ARG,MF,Manchester Utd,eng Premier League,19,2004,36,30,2565,28.5,7,4,11,7,0,0,4,0,0.25,0.14,0.39,0.25,0.39,Matches,945,ar ARG,MF,19,2004,28.5,7,100,28,28.0,3.51,0.98,0.07,0.25,0,0,Matches
946,James Garner,eng ENG,MF,Everton,eng Premier League,22,2001,37,34,3004,33.4,1,2,3,1,0,0,7,0,0.03,0.06,0.09,0.03,0.09,Matches,946,eng ENG,MF,22,2001,33.4,1,41,11,26.8,1.23,0.33,0.02,0.09,0,0,Matches
948,Yarek Gasiorowski,es ESP,DF,Valencia,es La Liga,18,2005,14,7,735,8.2,0,0,0,0,0,0,1,0,0.00,0.00,0.00,0.00,0.00,Matches,948,es ESP,DF,18,2005,8.2,0,1,0,0.0,0.12,0.00,0.00,,0,0,Matches
949,Johan Gastien,fr FRA,MF,Clermont Foot,fr Ligue 1,35,1988,28,28,2260,25.1,0,0,0,0,0,0,7,0,0.00,0.00,0.00,0.00,0.00,Matches,949,fr FRA,MF,35,1988,25.1,0,11,5,45.5,0.44,0.20,0.00,0.00,0,0,Matches
950,Federico Gatti,it ITA,DF,Juventus,it Serie A,25,1998,32,30,2637,29.3,4,0,4,4,0,0,7,0,0.14,0.00,0.14,0.14,0.14,Matches,950,it ITA,DF,25,1998,29.3,4,35,7,20.0,1.19,0.24,0.11,0.57,0,0,Matches
952,Gavi,es ESP,"MF,FW",Barcelona,es La Liga,18,2004,12,10,944,10.5,1,1,2,1,0,0,5,0,0.10,0.10,0.19,0.10,0.19,Matches,952,es ESP,"MF,FW",18,2004,10.5,1,10,5,50.0,0.95,0.48,0.10,0.20,0,0,Matches
953,Paulo Gazzaniga,ar ARG,GK,Girona,es La Liga,31,1992,38,38,3420,38.0,0,0,0,0,0,0,2,0,0.00,0.00,0.00,0.00,0.00,Matches,953,ar ARG,GK,31,1992,38.0,0,0,0,,0.00,0.00,,,0,0,Matches
954,Yann Gboho,fr FRA,"MF,FW",Toulouse,fr Ligue 1,22,2001,16,13,1193,13.3,3,2,5,3,0,0,1,0,0.23,0.15,0.38,0.23,0.38,Matches,954,fr FRA,"MF,FW",22,2001,13.3,3,23,8,34.8,1.74,0.60,0.13,0.38,0,0,Matches
956,Gelabert,es ESP,"MF,FW",Toulouse,fr Ligue 1,22,2000,16,10,754,8.4,1,2,3,1,0,0,1,0,0.12,0.24,0.36,0.12,0.36,Matches,956,es ESP,"MF,FW",22,2000,8.4,1,14,4,28.6,1.67,0.48,0.07,0.25,0,0,Matches
957,Francesco Gelli,it ITA,"MF,DF",Frosinone,it Serie A,26,1996,27,16,1561,17.3,0,0,0,0,0,0,3,0,0.00,0.00,0.00,0.00,0.00,Matches,957,it ITA,"MF,DF",26,1996,17.3,0,10,3,30.0,0.58,0.17,0.00,0.00,0,0,Matches
959,Valentin Gendrey,fr FRA,DF,Lecce,it Serie A,23,2000,37,35,3044,33.8,2,3,5,2,0,0,5,0,0.06,0.09,0.15,0.06,0.15,Matches,959,fr FRA,DF,23,2000,33.8,2,17,4,23.5,0.50,0.12,0.12,0.50,0,0,Matches
961,Yannick Gerhardt,de GER,MF,Wolfsburg,de Bundesliga,29,1994,25,18,1630,18.1,2,1,3,2,0,0,5,0,0.11,0.06,0.17,0.11,0.17,Matches,961,de GER,MF,29,1994,18.1,2,19,9,47.4,1.05,0.50,0.11,0.22,0,0,Matches
964,Saman Ghoddos,ir IRN,"DF,MF",Brentford,eng Premier League,29,1993,19,7,739,8.2,1,0,1,1,0,0,5,0,0.12,0.00,0.12,0.12,0.12,Matches,964,ir IRN,"DF,MF",29,1993,8.2,1,9,2,22.2,1.10,0.24,0.11,0.50,0,0,Matches
965,Lautaro Gianetti,ar ARG,DF,Udinese,it Serie A,29,1993,7,7,630,7.0,1,0,1,1,0,0,4,0,0.14,0.00,0.14,0.14,0.14,Matches,965,ar ARG,DF,29,1993,7.0,1,3,2,66.7,0.43,0.29,0.33,0.50,0,0,Matches
966,Morgan Gibbs-White,eng ENG,"MF,FW",Nottingham,eng Premier League,23,2000,37,35,3156,35.1,5,10,15,4,1,1,9,0,0.14,0.29,0.43,0.11,0.40,Matches,966,eng ENG,"MF,FW",23,2000,35.1,5,71,15,21.1,2.02,0.43,0.07,0.33,1,1,Matches
967,Samuel Gigot,fr FRA,DF,Marseille,fr Ligue 1,29,1993,21,20,1726,19.2,3,0,3,3,0,0,7,1,0.16,0.00,0.16,0.16,0.16,Matches,967,fr FRA,DF,29,1993,19.2,3,19,9,47.4,0.99,0.47,0.16,0.33,0,0,Matches
970,Mario Gila,es ESP,DF,Lazio,it Serie A,22,2000,21,21,1809,20.1,0,0,0,0,0,0,4,1,0.00,0.00,0.00,0.00,0.00,Matches,970,es ESP,DF,22,2000,20.1,0,8,2,25.0,0.40,0.10,0.00,0.00,0,0,Matches
972,Ryan Giles,eng ENG,"MF,DF",Luton Town,eng Premier League,23,2000,11,5,503,5.6,0,0,0,0,0,0,0,0,0.00,0.00,0.00,0.00,0.00,Matches,972,eng ENG,"MF,DF",23,2000,5.6,0,2,2,100.0,0.36,0.36,0.00,0.00,0,0,Matches
973,Billy Gilmour,sct SCO,MF,Brighton,eng Premier League,22,2001,30,24,2120,23.6,0,1,1,0,0,0,8,1,0.00,0.04,0.04,0.00,0.04,Matches,973,sct SCO,MF,22,2001,23.6,0,25,5,20.0,1.06,0.21,0.00,0.00,0,0,Matches
974,Benedikt Gimber,de GER,DF,Heidenheim,de Bundesliga,26,1997,24,24,2021,22.5,1,1,2,1,0,0,9,0,0.04,0.04,0.09,0.04,0.09,Matches,974,de GER,DF,26,1997,22.5,1,18,3,16.7,0.80,0.13,0.06,0.33,0,0,Matches
975,Gvidas Gineitis,lt LTU,MF,Torino,it Serie A,19,2004,14,4,538,6.0,0,0,0,0,0,0,2,0,0.00,0.00,0.00,0.00,0.00,Matches,975,lt LTU,MF,19,2004,6.0,0,9,2,22.2,1.51,0.33,0.00,0.00,0,0,Matches
976,Matthias Ginter,de GER,DF,Freiburg,de Bundesliga,29,1994,23,22,1913,21.3,0,2,2,0,0,0,3,0,0.00,0.09,0.09,0.00,0.09,Matches,976,de GER,DF,29,1994,21.3,0,7,4,57.1,0.33,0.19,0.00,0.00,0,0,Matches
977,Olivier Giroud,fr FRA,FW,Milan,it Serie A,36,1986,35,28,2363,26.3,15,8,23,11,4,5,1,1,0.57,0.30,0.88,0.42,0.72,Matches,977,fr FRA,FW,36,1986,26.3,15,77,36,46.8,2.93,1.37,0.19,0.42,4,5,Matches
978,Jamie Gittens,eng ENG,"MF,FW",Dortmund,de Bundesliga,18,2004,25,14,1058,11.8,1,4,5,1,0,0,1,0,0.09,0.34,0.43,0.09,0.43,Matches,978,eng ENG,"MF,FW",18,2004,11.8,1,43,11,25.6,3.66,0.94,0.02,0.09,0,0,Matches
979,Klaus Gjasula,al ALB,"DF,MF",Darmstadt 98,de Bundesliga,33,1989,22,17,1363,15.1,0,0,0,0,0,0,7,1,0.00,0.00,0.00,0.00,0.00,Matches,979,al ALB,"DF,MF",33,1989,15.1,0,9,1,11.1,0.59,0.07,0.00,0.00,0,0,Matches
981,Ben Godfrey,eng ENG,DF,Everton,eng Premier League,25,1998,15,13,1120,12.4,0,0,0,0,0,0,2,0,0.00,0.00,0.00,0.00,0.00,Matches,981,eng ENG,DF,25,1998,12.4,0,15,4,26.7,1.21,0.32,0.00,0.00,0,0,Matches
982,Edoardo Goldaniga,it ITA,DF,Cagliari,it Serie A,29,1993,13,12,1011,11.2,0,0,0,0,0,0,3,0,0.00,0.00,0.00,0.00,0.00,Matches,982,it ITA,DF,29,1993,11.2,0,4,3,75.0,0.36,0.27,0.00,0.00,0,0,Matches
983,Pierluigi Gollini,it ITA,GK,Napoli,it Serie A,28,1995,7,7,630,7.0,0,0,0,0,0,0,0,0,0.00,0.00,0.00,0.00,0.00,Matches,983,it ITA,GK,28,1995,7.0,0,1,0,0.0,0.14,0.00,0.00,,0,0,Matches
984,Aleksandr Golovin,ru RUS,MF,Monaco,fr Ligue 1,27,1996,25,25,2147,23.9,6,6,12,6,0,0,8,1,0.25,0.25,0.50,0.25,0.50,Matches,984,ru RUS,MF,27,1996,23.9,6,45,20,44.4,1.89,0.84,0.13,0.30,0,0,Matches
985,André Gomes,pt POR,MF,Everton,eng Premier League,30,1993,12,3,508,5.6,1,0,1,1,0,0,4,0,0.18,0.00,0.18,0.18,0.18,Matches,985,pt POR,MF,30,1993,5.6,1,8,4,50.0,1.42,0.71,0.13,0.25,0,0,Matches
986,Angel Gomes,eng ENG,MF,Lille,fr Ligue 1,22,2000,31,29,2571,28.6,0,8,8,0,0,0,5,0,0.00,0.28,0.28,0.00,0.28,Matches,986,eng ENG,MF,22,2000,28.6,0,34,7,20.6,1.19,0.25,0.00,0.00,0,0,Matches
987,João Gomes,br BRA,MF,Wolves,eng Premier League,22,2001,34,32,2649,29.4,2,1,3,2,0,0,11,0,0.07,0.03,0.10,0.07,0.10,Matches,987,br BRA,MF,22,2001,29.4,2,26,8,30.8,0.88,0.27,0.08,0.25,0,0,Matches
988,Toti Gomes,pt POR,DF,Wolves,eng Premier League,24,1999,35,31,2772,30.8,1,3,4,1,0,0,7,0,0.03,0.10,0.13,0.03,0.13,Matches,988,pt POR,DF,24,1999,30.8,1,10,5,50.0,0.32,0.16,0.10,0.20,0,0,Matches
989,Joe Gomez,eng ENG,DF,Liverpool,eng Premier League,26,1997,32,17,1786,19.8,0,1,1,0,0,0,5,0,0.00,0.05,0.05,0.00,0.05,Matches,989,eng ENG,DF,26,1997,19.8,0,19,2,10.5,0.96,0.10,0.00,0.00,0,0,Matches
990,Maxi Gómez,uy URU,FW,Cádiz,es La Liga,26,1996,31,12,1163,12.9,0,0,0,0,0,0,2,0,0.00,0.00,0.00,0.00,0.00,Matches,990,uy URU,FW,26,1996,12.9,0,16,6,37.5,1.24,0.46,0.00,0.00,0,0,Matches
991,Moi Gómez,es ESP,"MF,FW",Osasuna,es La Liga,29,1994,28,23,2006,22.3,3,0,3,3,0,0,3,0,0.13,0.00,0.13,0.13,0.13,Matches,991,es ESP,"MF,FW",29,1994,22.3,3,19,8,42.1,0.85,0.36,0.16,0.38,0,0,Matches
994,Unai Gómez,es ESP,MF,Athletic Club,es La Liga,20,2003,25,9,875,9.7,2,0,2,2,0,0,1,0,0.21,0.00,0.21,0.21,0.21,Matches,994,es ESP,MF,20,2003,9.7,2,16,8,50.0,1.65,0.82,0.13,0.25,0,0,Matches
996,Maxime Gonalons,fr FRA,MF,Clermont Foot,fr Ligue 1,34,1989,21,17,1296,14.4,1,0,1,1,0,0,4,0,0.07,0.00,0.07,0.07,0.07,Matches,996,fr FRA,MF,34,1989,14.4,1,13,3,23.1,0.90,0.21,0.08,0.33,0,0,Matches
997,Édgar González,es ESP,"DF,MF",Almería,es La Liga,26,1997,31,30,2522,28.0,2,0,2,2,0,0,7,1,0.07,0.00,0.07,0.07,0.07,Matches,997,es ESP,"DF,MF",26,1997,28.0,2,13,3,23.1,0.46,0.11,0.15,0.67,0,0,Matches
1000,Giovanni González,uy URU,DF,Mallorca,es La Liga,28,1994,34,27,2464,27.4,1,1,2,1,0,0,6,0,0.04,0.04,0.07,0.04,0.07,Matches,1000,uy URU,DF,28,1994,27.4,1,14,4,28.6,0.51,0.15,0.07,0.25,0,0,Matches
1003,Joan Gonzàlez,es ESP,MF,Lecce,it Serie A,21,2002,29,13,1291,14.3,1,1,2,1,0,0,6,0,0.07,0.07,0.14,0.07,0.14,Matches,1003,es ESP,MF,21,2002,14.3,1,13,5,38.5,0.91,0.35,0.08,0.20,0,0,Matches
1004,Nicolás González,ar ARG,MF,Fiorentina,it Serie A,25,1998,29,21,1913,21.3,12,2,14,11,1,3,1,0,0.56,0.09,0.66,0.52,0.61,Matches,1004,ar ARG,MF,25,1998,21.3,12,87,35,40.2,4.09,1.65,0.14,0.34,1,3,Matches
1005,Peter González,do DOM,MF,Valencia,es La Liga,21,2002,15,5,649,7.2,0,0,0,0,0,0,1,0,0.00,0.00,0.00,0.00,0.00,Matches,1005,do DOM,MF,21,2002,7.2,0,17,6,35.3,2.36,0.83,0.00,0.00,0,0,Matches
1007,Anthony Gordon,eng ENG,FW,Newcastle,eng Premier League,22,2001,35,34,2890,32.1,11,10,21,10,1,1,12,1,0.34,0.31,0.65,0.31,0.62,Matches,1007,eng ENG,FW,22,2001,32.1,11,81,31,38.3,2.52,0.97,0.14,0.35,1,1,Matches
1010,Leon Goretzka,de GER,MF,Bayern Munich,de Bundesliga,28,1995,30,25,2241,24.9,6,7,13,6,0,0,3,0,0.24,0.28,0.52,0.24,0.52,Matches,1010,de GER,MF,28,1995,24.9,6,56,15,26.8,2.25,0.60,0.11,0.40,0,0,Matches
1012,Andoni Gorosabel,es ESP,DF,Alavés,es La Liga,26,1996,36,33,2854,31.7,1,0,1,1,0,0,6,0,0.03,0.00,0.03,0.03,0.03,Matches,1012,es ESP,DF,26,1996,31.7,1,15,6,40.0,0.47,0.19,0.07,0.17,0,0,Matches
1013,Robin Gosens,de GER,"MF,DF",Union Berlin,de Bundesliga,29,1994,30,27,2283,25.4,6,3,9,6,0,0,9,1,0.24,0.12,0.35,0.24,0.35,Matches,1013,de GER,"MF,DF",29,1994,25.4,6,32,10,31.3,1.26,0.39,0.19,0.60,0,0,Matches
1014,Mario Götze,de GER,MF,Frankfurt,de Bundesliga,31,1992,30,23,2068,23.0,3,2,5,3,0,0,5,1,0.13,0.09,0.22,0.13,0.22,Matches,1014,de GER,MF,31,1992,23.0,3,13,7,53.8,0.57,0.30,0.23,0.43,0,0,Matches
1015,Amine Gouiri,dz ALG,"FW,MF",Rennes,fr Ligue 1,23,2000,31,24,2067,23.0,7,3,10,7,0,0,2,0,0.30,0.13,0.44,0.30,0.44,Matches,1015,dz ALG,"FW,MF",23,2000,23.0,7,78,27,34.6,3.40,1.18,0.09,0.26,0,0,Matches
1016,Jeffrey Gouweleeuw,nl NED,DF,Augsburg,de Bundesliga,32,1991,30,29,2593,28.8,1,0,1,1,0,0,7,0,0.03,0.00,0.03,0.03,0.03,Matches,1016,nl NED,DF,32,1991,28.8,1,23,3,13.0,0.80,0.10,0.04,0.33,0,0,Matches
1018,Jonathan Gradit,fr FRA,DF,Lens,fr Ligue 1,30,1992,26,26,2112,23.5,1,0,1,1,0,0,9,1,0.04,0.00,0.04,0.04,0.04,Matches,1018,fr FRA,DF,30,1992,23.5,1,4,1,25.0,0.17,0.04,0.25,1.00,0,0,Matches
1020,Samuel Grandsir,fr FRA,MF,Le Havre,fr Ligue 1,26,1996,23,4,606,6.7,1,1,2,1,0,1,4,2,0.15,0.15,0.30,0.15,0.30,Matches,1020,fr FRA,MF,26,1996,6.7,1,15,6,40.0,2.23,0.89,0.07,0.17,0,1,Matches
1021,Alberto Grassi,it ITA,MF,Empoli,it Serie A,28,1995,27,22,1807,20.1,0,1,1,0,0,0,6,1,0.00,0.05,0.05,0.00,0.05,Matches,1021,it ITA,MF,28,1995,20.1,0,23,5,21.7,1.15,0.25,0.00,0.00,0,0,Matches
1023,Ryan Gravenberch,nl NED,MF,Liverpool,eng Premier League,21,2002,26,12,1121,12.5,1,0,1,1,0,0,0,0,0.08,0.00,0.08,0.08,0.08,Matches,1023,nl NED,MF,21,2002,12.5,1,23,8,34.8,1.85,0.64,0.04,0.13,0,0,Matches
1025,Ivo Grbić,hr CRO,GK,Sheffield United,eng Premier League,27,1996,9,9,771,8.6,0,0,0,0,0,0,1,0,0.00,0.00,0.00,0.00,0.00,Matches,1025,hr CRO,GK,27,1996,8.6,0,0,0,,0.00,0.00,,,0,0,Matches
1026,Jack Grealish,eng ENG,"MF,FW",Manchester City,eng Premier League,27,1995,20,10,1009,11.2,3,1,4,3,0,0,6,0,0.27,0.09,0.36,0.27,0.36,Matches,1026,eng ENG,"MF,FW",27,1995,11.2,3,22,5,22.7,1.96,0.45,0.14,0.60,0,0,Matches
1027,Mason Greenwood,eng ENG,"MF,FW",Getafe,es La Liga,21,2001,33,30,2662,29.6,8,6,14,6,2,3,6,1,0.27,0.20,0.47,0.20,0.41,Matches,1027,eng ENG,"MF,FW",21,2001,29.6,8,102,35,34.3,3.45,1.18,0.08,0.23,2,3,Matches
1028,Michael Gregoritsch,at AUT,FW,Freiburg,de Bundesliga,29,1994,32,19,1682,18.7,7,4,11,7,0,0,2,0,0.37,0.21,0.59,0.37,0.59,Matches,1028,at AUT,FW,29,1994,18.7,7,72,31,43.1,3.85,1.66,0.10,0.23,0,0,Matches
1030,Antoine Griezmann,fr FRA,"FW,MF",Atlético Madrid,es La Liga,32,1991,33,31,2644,29.4,16,6,22,12,4,4,5,0,0.54,0.20,0.75,0.41,0.61,Matches,1030,fr FRA,"FW,MF",32,1991,29.4,16,79,34,43.0,2.69,1.16,0.20,0.47,4,4,Matches
1031,Vincenzo Grifo,it ITA,MF,Freiburg,de Bundesliga,30,1993,32,29,2325,25.8,8,8,16,2,6,6,3,0,0.31,0.31,0.62,0.08,0.39,Matches,1031,it ITA,MF,30,1993,25.8,8,49,19,38.8,1.90,0.74,0.16,0.42,6,6,Matches
1032,Florian Grillitsch,at AUT,"DF,MF",Hoffenheim,de Bundesliga,27,1995,30,25,2295,25.5,1,6,7,1,0,0,8,0,0.04,0.24,0.27,0.04,0.27,Matches,1032,at AUT,"DF,MF",27,1995,25.5,1,21,6,28.6,0.82,0.24,0.05,0.17,0,0,Matches
1033,Álex Grimaldo,es ESP,MF,Leverkusen,de Bundesliga,27,1995,33,31,2784,30.9,10,13,23,10,0,0,1,0,0.32,0.42,0.74,0.32,0.74,Matches,1033,es ESP,MF,27,1995,30.9,10,71,23,32.4,2.30,0.74,0.14,0.43,0,0,Matches
1034,Christian Groß,de GER,"DF,MF",Werder Bremen,de Bundesliga,34,1989,20,8,797,8.9,0,1,1,0,0,0,1,0,0.00,0.11,0.11,0.00,0.11,Matches,1034,de GER,"DF,MF",34,1989,8.9,0,4,1,25.0,0.45,0.11,0.00,0.00,0,0,Matches
1035,Pascal Groß,de GER,"MF,DF",Brighton,eng Premier League,32,1991,36,34,3114,34.6,4,10,14,3,1,1,6,0,0.12,0.29,0.40,0.09,0.38,Matches,1035,de GER,"MF,DF",32,1991,34.6,4,55,20,36.4,1.59,0.58,0.07,0.20,1,1,Matches
1036,Brajan Gruda,de GER,"MF,FW",Mainz 05,de Bundesliga,19,2004,28,19,1641,18.2,4,3,7,4,0,0,5,0,0.22,0.16,0.38,0.22,0.38,Matches,1036,de GER,"MF,FW",19,2004,18.2,4,30,12,40.0,1.65,0.66,0.13,0.33,0,0,Matches
1038,Vicente Guaita,es ESP,GK,Celta Vigo,es La Liga,36,1987,27,26,2403,26.7,0,0,0,0,0,0,2,0,0.00,0.00,0.00,0.00,0.00,Matches,1038,es ESP,GK,36,1987,26.7,0,0,0,,0.00,0.00,,,0,0,Matches
1041,Nemanja Gudelj,rs SRB,"DF,MF",Sevilla,es La Liga,31,1991,22,20,1742,19.4,1,1,2,1,0,0,7,0,0.05,0.05,0.10,0.05,0.10,Matches,1041,rs SRB,"DF,MF",31,1991,19.4,1,19,3,15.8,0.98,0.15,0.05,0.33,0,0,Matches
1042,Gabriel Gudmundsson,se SWE,"MF,DF",Lille,fr Ligue 1,24,1999,25,14,1267,14.1,1,0,1,1,0,0,2,0,0.07,0.00,0.07,0.07,0.07,Matches,1042,se SWE,"MF,DF",24,1999,14.1,1,15,5,33.3,1.07,0.36,0.07,0.20,0,0,Matches
1043,Gonçalo Guedes,pt POR,"FW,MF",Villarreal,es La Liga,26,1996,17,9,951,10.6,3,2,5,3,0,0,0,0,0.28,0.19,0.47,0.28,0.47,Matches,1043,pt POR,"FW,MF",26,1996,10.6,3,25,8,32.0,2.37,0.76,0.12,0.38,0,0,Matches
1045,Marc Guéhi,eng ENG,DF,Crystal Palace,eng Premier League,23,2000,25,23,2021,22.5,0,1,1,0,0,0,2,0,0.00,0.04,0.04,0.00,0.04,Matches,1045,eng ENG,DF,23,2000,22.5,0,5,0,0.0,0.22,0.00,0.00,,0,0,Matches
1047,Mattéo Guendouzi,fr FRA,MF,Lazio,it Serie A,24,1999,33,27,2367,26.3,2,3,5,2,0,0,3,1,0.08,0.11,0.19,0.08,0.19,Matches,1047,fr FRA,MF,24,1999,26.3,2,26,7,26.9,0.99,0.27,0.08,0.29,0,0,Matches
1048,Javier Guerra,es ESP,MF,Valencia,es La Liga,20,2003,36,28,2498,27.8,4,1,5,4,0,0,3,1,0.14,0.04,0.18,0.14,0.18,Matches,1048,es ESP,MF,20,2003,27.8,4,42,14,33.3,1.51,0.50,0.10,0.29,0,0,Matches
1049,Raphaël Guerreiro,pt POR,"MF,DF",Bayern Munich,de Bundesliga,29,1993,20,13,1191,13.2,3,0,3,3,0,0,2,0,0.23,0.00,0.23,0.23,0.23,Matches,1049,pt POR,"MF,DF",29,1993,13.2,3,18,6,33.3,1.36,0.45,0.17,0.50,0,0,Matches
1051,Evann Guessand,ci CIV,FW,Nice,fr Ligue 1,22,2001,34,14,1553,17.3,6,0,6,4,2,2,1,0,0.35,0.00,0.35,0.23,0.23,Matches,1051,ci CIV,FW,22,2001,17.3,6,48,23,47.9,2.78,1.33,0.13,0.26,2,2,Matches
1052,Ander Guevara,es ESP,MF,Alavés,es La Liga,26,1997,37,33,2932,32.6,1,0,1,1,0,0,7,0,0.03,0.00,0.03,0.03,0.03,Matches,1052,es ESP,MF,26,1997,32.6,1,16,3,18.8,0.49,0.09,0.06,0.33,0,0,Matches
1053,Idrissa Gueye,sn SEN,MF,Everton,eng Premier League,33,1989,25,24,1884,20.9,4,0,4,4,0,0,8,0,0.19,0.00,0.19,0.19,0.19,Matches,1053,sn SEN,MF,33,1989,20.9,4,26,7,26.9,1.24,0.33,0.15,0.57,0,0,Matches
1054,Pape Gueye,sn SEN,"MF,DF",Marseille,fr Ligue 1,24,1999,15,9,765,8.5,1,0,1,1,0,0,2,0,0.12,0.00,0.12,0.12,0.12,Matches,1054,sn SEN,"MF,DF",24,1999,8.5,1,8,2,25.0,0.94,0.24,0.13,0.50,0,0,Matches
1056,Morgan Guilavogui,gn GUI,FW,Lens,fr Ligue 1,25,1998,23,2,566,6.3,2,0,2,2,0,0,1,0,0.32,0.00,0.32,0.32,0.32,Matches,1056,gn GUI,FW,25,1998,6.3,2,21,8,38.1,3.34,1.27,0.10,0.25,0,0,Matches
1057,Frederic Guilbert,fr FRA,"DF,MF",Strasbourg,fr Ligue 1,28,1994,32,29,2490,27.7,2,0,2,2,0,0,3,0,0.07,0.00,0.07,0.07,0.07,Matches,1057,fr FRA,"DF,MF",28,1994,27.7,2,21,5,23.8,0.76,0.18,0.10,0.40,0,0,Matches
1058,Hugo Guillamón,es ESP,MF,Valencia,es La Liga,23,2000,26,12,1315,14.6,1,0,1,1,0,0,7,0,0.07,0.00,0.07,0.07,0.07,Matches,1058,es ESP,MF,23,2000,14.6,1,3,2,66.7,0.21,0.14,0.33,0.50,0,0,Matches
1059,Bruno Guimarães,br BRA,MF,Newcastle,eng Premier League,25,1997,37,37,3263,36.3,7,8,15,7,0,0,9,0,0.19,0.22,0.41,0.19,0.41,Matches,1059,br BRA,MF,25,1997,36.3,7,48,16,33.3,1.32,0.44,0.15,0.44,0,0,Matches
1060,Serhou Guirassy,gn GUI,FW,Stuttgart,de Bundesliga,27,1996,28,25,2208,24.5,28,3,31,24,4,4,0,0,1.14,0.12,1.26,0.98,1.10,Matches,1060,gn GUI,FW,27,1996,24.5,28,91,45,49.5,3.71,1.83,0.31,0.62,4,4,Matches
1062,Péter Gulácsi,hu HUN,GK,RB Leipzig,de Bundesliga,33,1990,13,13,1170,13.0,0,0,0,0,0,0,0,0,0.00,0.00,0.00,0.00,0.00,Matches,1062,hu HUN,GK,33,1990,13.0,0,0,0,,0.00,0.00,,,0,0,Matches
1063,Manuel Gulde,de GER,DF,Freiburg,de Bundesliga,32,1991,27,23,2047,22.7,1,0,1,1,0,0,5,1,0.04,0.00,0.04,0.04,0.04,Matches,1063,de GER,DF,32,1991,22.7,1,12,1,8.3,0.53,0.04,0.08,1.00,0,0,Matches
1065,Gerard Gumbau,es ESP,MF,Granada,es La Liga,28,1994,35,31,2674,29.7,0,3,3,0,0,0,12,0,0.00,0.10,0.10,0.00,0.10,Matches,1065,es ESP,MF,28,1994,29.7,0,45,9,20.0,1.51,0.30,0.00,0.00,0,0,Matches
1067,İlkay Gündoğan,de GER,MF,Barcelona,es La Liga,32,1990,36,33,2994,33.3,5,9,14,4,1,2,5,0,0.15,0.27,0.42,0.12,0.39,Matches,1067,de GER,MF,32,1990,33.3,5,43,17,39.5,1.29,0.51,0.12,0.29,1,2,Matches
1068,Christian Günter,de GER,"MF,DF",Freiburg,de Bundesliga,30,1993,15,13,1060,11.8,1,2,3,1,0,0,1,0,0.08,0.17,0.25,0.08,0.25,Matches,1068,de GER,"MF,DF",30,1993,11.8,1,6,2,33.3,0.51,0.17,0.17,0.50,0,0,Matches
1069,Jon Guridi,es ESP,MF,Alavés,es La Liga,28,1995,36,34,2678,29.8,3,4,7,3,0,0,2,0,0.10,0.13,0.24,0.10,0.24,Matches,1069,es ESP,MF,28,1995,29.8,3,36,8,22.2,1.21,0.27,0.08,0.38,0,0,Matches
1070,Gorka Guruzeta,es ESP,FW,Athletic Club,es La Liga,26,1996,32,30,2217,24.6,14,5,19,14,0,1,2,0,0.57,0.20,0.77,0.57,0.77,Matches,1070,es ESP,FW,26,1996,24.6,14,65,31,47.7,2.64,1.26,0.22,0.45,0,1,Matches
1071,Malo Gusto,fr FRA,"DF,MF",Chelsea,eng Premier League,20,2003,27,19,1751,19.5,0,6,6,0,0,0,7,1,0.00,0.31,0.31,0.00,0.31,Matches,1071,fr FRA,"DF,MF",20,2003,19.5,0,15,5,33.3,0.77,0.26,0.00,0.00,0,0,Matches
1072,Miguel Gutiérrez,es ESP,"DF,MF",Girona,es La Liga,22,2001,35,35,3032,33.7,2,7,9,2,0,0,4,0,0.06,0.21,0.27,0.06,0.27,Matches,1072,es ESP,"DF,MF",22,2001,33.7,2,34,5,14.7,1.01,0.15,0.06,0.40,0,0,Matches
1073,Albert Guðmundsson,is ISL,"FW,MF",Genoa,it Serie A,26,1997,35,34,3016,33.5,14,4,18,10,4,5,4,0,0.42,0.12,0.54,0.30,0.42,Matches,1073,is ISL,"FW,MF",26,1997,33.5,14,56,23,41.1,1.67,0.69,0.25,0.61,4,5,Matches
1074,Joško Gvardiol,hr CRO,DF,Manchester City,eng Premier League,21,2002,28,26,2328,25.9,4,1,5,4,0,0,3,0,0.15,0.04,0.19,0.15,0.19,Matches,1074,hr CRO,DF,21,2002,25.9,4,32,14,43.8,1.24,0.54,0.13,0.29,0,0,Matches
1075,Emmanuel Gyasi,gh GHA,MF,Empoli,it Serie A,29,1994,33,21,1879,20.9,1,2,3,1,0,0,8,0,0.05,0.10,0.14,0.05,0.14,Matches,1075,gh GHA,MF,29,1994,20.9,1,16,6,37.5,0.77,0.29,0.06,0.17,0,0,Matches
1076,Norbert Gyömbér,sk SVK,DF,Salernitana,it Serie A,31,1992,22,20,1760,19.6,0,0,0,0,0,0,9,0,0.00,0.00,0.00,0.00,0.00,Matches,1076,sk SVK,DF,31,1992,19.6,0,4,0,0.0,0.20,0.00,0.00,,0,0,Matches
1077,Erling Haaland,no NOR,"FW,MF",Manchester City,eng Premier League,23,2000,31,29,2552,28.4,27,5,32,20,7,8,1,0,0.95,0.18,1.13,0.71,0.88,Matches,1077,no NOR,"FW,MF",23,2000,28.4,27,121,59,48.8,4.27,2.08,0.22,0.46,7,8,Matches
1079,Janik Haberer,de GER,MF,Union Berlin,de Bundesliga,29,1994,21,14,1221,13.6,1,1,2,1,0,0,7,0,0.07,0.07,0.15,0.07,0.15,Matches,1079,de GER,MF,29,1994,13.6,1,15,4,26.7,1.11,0.29,0.07,0.25,0,0,Matches
1080,Robin Hack,de GER,"FW,MF",Gladbach,de Bundesliga,24,1998,29,14,1348,15.0,10,2,12,10,0,0,2,0,0.67,0.13,0.80,0.67,0.80,Matches,1080,de GER,"FW,MF",24,1998,15.0,10,43,22,51.2,2.87,1.47,0.23,0.45,0,0,Matches
1082,Munir El Haddadi,ma MAR,"MF,FW",Las Palmas,es La Liga,27,1995,38,32,2449,27.2,3,2,5,3,0,1,3,0,0.11,0.07,0.18,0.11,0.18,Matches,1082,ma MAR,"MF,FW",27,1995,27.2,3,43,12,27.9,1.58,0.44,0.07,0.25,0,1,Matches
1084,Ianis Hagi,ro ROU,MF,Alavés,es La Liga,24,1998,22,8,804,8.9,0,2,2,0,0,1,3,0,0.00,0.22,0.22,0.00,0.22,Matches,1084,ro ROU,MF,24,1998,8.9,0,27,9,33.3,3.02,1.01,0.00,0.00,0,1,Matches
1085,Amadou Haidara,ml MLI,MF,RB Leipzig,de Bundesliga,25,1998,21,19,1526,17.0,2,1,3,2,0,0,5,0,0.12,0.06,0.18,0.12,0.18,Matches,1085,ml MLI,MF,25,1998,17.0,2,21,9,42.9,1.24,0.53,0.10,0.22,0,0,Matches
1086,Massadio Haïdara,ml MLI,"DF,MF",Lens,fr Ligue 1,30,1992,18,7,741,8.2,0,1,1,0,0,0,1,0,0.00,0.12,0.12,0.00,0.12,Matches,1086,ml MLI,"DF,MF",30,1992,8.2,0,3,0,0.0,0.36,0.00,0.00,,0,0,Matches
1088,Achraf Hakimi,ma MAR,"DF,MF",PSG,fr Ligue 1,24,1998,25,20,1932,21.5,4,5,9,4,0,0,3,0,0.19,0.23,0.42,0.19,0.42,Matches,1088,ma MAR,"DF,MF",24,1998,21.5,4,42,12,28.6,1.96,0.56,0.10,0.33,0,0,Matches
1089,Lewis Hall,eng ENG,DF,Newcastle,eng Premier League,18,2004,18,8,781,8.7,1,0,1,1,0,0,2,0,0.12,0.00,0.12,0.12,0.12,Matches,1089,eng ENG,DF,18,2004,8.7,1,11,4,36.4,1.27,0.46,0.09,0.25,0,0,Matches
1091,Gustavo Hamer,nl NED,MF,Sheffield United,eng Premier League,26,1997,36,34,2910,32.3,4,6,10,4,0,0,9,0,0.12,0.19,0.31,0.12,0.31,Matches,1091,nl NED,MF,26,1997,32.3,4,49,15,30.6,1.52,0.46,0.08,0.27,0,0,Matches
1092,Andreas Hanche-Olsen,no NOR,DF,Mainz 05,de Bundesliga,26,1997,15,12,992,11.0,1,0,1,1,0,0,5,0,0.09,0.00,0.09,0.09,0.09,Matches,1092,no NOR,DF,26,1997,11.0,1,4,1,25.0,0.36,0.09,0.25,1.00,0,0,Matches
1094,Ridgeciano Haps,sr SUR,MF,Genoa,it Serie A,30,1993,16,7,773,8.6,0,1,1,0,0,0,0,0,0.00,0.12,0.12,0.00,0.12,Matches,1094,sr SUR,MF,30,1993,8.6,0,4,0,0.0,0.47,0.00,0.00,,0,0,Matches
1096,Hákon Haraldsson,is ISL,"MF,FW",Lille,fr Ligue 1,20,2003,26,15,1284,14.3,2,0,2,2,0,0,5,0,0.14,0.00,0.14,0.14,0.14,Matches,1096,is ISL,"MF,FW",20,2003,14.3,2,12,6,50.0,0.84,0.42,0.17,0.33,0,0,Matches
1097,Amine Harit,ma MAR,MF,Marseille,fr Ligue 1,26,1997,28,21,1821,20.2,1,2,3,1,0,0,5,0,0.05,0.10,0.15,0.05,0.15,Matches,1097,ma MAR,MF,26,1997,20.2,1,33,8,24.2,1.63,0.40,0.03,0.13,0,0,Matches
1099,Jack Harrison,eng ENG,MF,Everton,eng Premier League,26,1996,29,25,2214,24.6,3,3,6,3,0,0,1,0,0.12,0.12,0.24,0.12,0.24,Matches,1099,eng ENG,MF,26,1996,24.6,3,34,9,26.5,1.38,0.37,0.09,0.33,0,0,Matches
1100,Abdou Harroui,nl NED,MF,Frosinone,it Serie A,25,1998,18,13,1019,11.3,3,3,6,2,1,1,2,0,0.26,0.26,0.53,0.18,0.44,Matches,1100,nl NED,MF,25,1998,11.3,3,33,12,36.4,2.91,1.06,0.09,0.25,1,1,Matches
1102,Daiki Hashioka,jp JPN,"DF,MF",Luton Town,eng Premier League,24,1999,10,6,595,6.6,0,0,0,0,0,0,0,0,0.00,0.00,0.00,0.00,0.00,Matches,1102,jp JPN,"DF,MF",24,1999,6.6,0,2,0,0.0,0.30,0.00,0.00,,0,0,Matches
1103,Hans Hateboer,nl NED,MF,Atalanta,it Serie A,29,1994,23,10,1113,12.4,0,1,1,0,0,0,5,0,0.00,0.08,0.08,0.00,0.08,Matches,1103,nl NED,MF,29,1994,12.4,0,11,3,27.3,0.89,0.24,0.00,0.00,0,0,Matches
1104,Pantelis Hatzidiakos,gr GRE,DF,Cagliari,it Serie A,26,1997,13,13,856,9.5,0,0,0,0,0,0,1,0,0.00,0.00,0.00,0.00,0.00,Matches,1104,gr GRE,DF,26,1997,9.5,0,4,2,50.0,0.42,0.21,0.00,0.00,0,0,Matches
1105,Kai Havertz,de GER,"MF,FW",Arsenal,eng Premier League,24,1999,37,30,2634,29.3,13,7,20,12,1,1,11,0,0.44,0.24,0.68,0.41,0.65,Matches,1105,de GER,"MF,FW",24,1999,29.3,13,69,28,40.6,2.36,0.96,0.19,0.46,1,1,Matches
1107,Jan Paul van Hecke,nl NED,DF,Brighton,eng Premier League,23,2000,28,26,2369,26.3,0,0,0,0,0,0,4,0,0.00,0.00,0.00,0.00,0.00,Matches,1107,nl NED,DF,23,2000,26.3,0,15,6,40.0,0.57,0.23,0.00,0.00,0,0,Matches
1108,Hwang Hee-chan,kr KOR,"FW,MF",Wolves,eng Premier League,27,1996,29,25,2119,23.5,12,3,15,11,1,1,6,0,0.51,0.13,0.64,0.47,0.59,Matches,1108,kr KOR,"FW,MF",27,1996,23.5,12,45,18,40.0,1.91,0.76,0.27,0.67,1,1,Matches
1109,Silvan Hefti,ch SUI,"DF,MF",Montpellier,fr Ligue 1,25,1997,11,9,711,7.9,0,1,1,0,0,0,1,0,0.00,0.13,0.13,0.00,0.13,Matches,1109,ch SUI,"DF,MF",25,1997,7.9,0,4,1,25.0,0.51,0.13,0.00,0.00,0,0,Matches
1111,Dominique Heintz,de GER,DF,Köln,de Bundesliga,29,1993,12,6,568,6.3,0,0,0,0,0,0,0,0,0.00,0.00,0.00,0.00,0.00,Matches,1111,de GER,DF,29,1993,6.3,0,0,0,,0.00,0.00,,,0,0,Matches
1112,Dean Henderson,eng ENG,GK,Crystal Palace,eng Premier League,26,1997,18,18,1620,18.0,0,0,0,0,0,0,2,0,0.00,0.00,0.00,0.00,0.00,Matches,1112,eng ENG,GK,26,1997,18.0,0,0,0,,0.00,0.00,,,0,0,Matches
1114,Benjamin Henrichs,de GER,"DF,MF",RB Leipzig,de Bundesliga,26,1997,33,28,2526,28.1,1,5,6,1,0,0,5,0,0.04,0.18,0.21,0.04,0.21,Matches,1114,de GER,"DF,MF",26,1997,28.1,1,36,9,25.0,1.28,0.32,0.03,0.11,0,0,Matches
1115,Henrique,br BRA,"DF,MF",Lyon,fr Ligue 1,29,1994,11,6,607,6.7,1,0,1,1,0,0,2,0,0.15,0.00,0.15,0.15,0.15,Matches,1115,br BRA,"DF,MF",29,1994,6.7,1,8,3,37.5,1.19,0.44,0.13,0.33,0,0,Matches
1116,Caio Henrique,br BRA,"MF,DF",Monaco,fr Ligue 1,26,1997,9,7,623,6.9,0,5,5,0,0,0,0,0,0.00,0.72,0.72,0.00,0.72,Matches,1116,br BRA,"MF,DF",26,1997,6.9,0,6,1,16.7,0.87,0.14,0.00,0.00,0,0,Matches
1117,Luis Henrique,br BRA,"FW,MF",Marseille,fr Ligue 1,21,2001,15,8,784,8.7,1,0,1,1,0,0,0,0,0.11,0.00,0.11,0.11,0.11,Matches,1117,br BRA,"FW,MF",21,2001,8.7,1,12,3,25.0,1.38,0.34,0.08,0.33,0,0,Matches
1118,Luiz Henrique,br BRA,MF,Real Betis,es La Liga,22,2001,14,6,616,6.8,0,3,3,0,0,0,1,0,0.00,0.44,0.44,0.00,0.44,Matches,1118,br BRA,MF,22,2001,6.8,0,18,4,22.2,2.63,0.58,0.00,0.00,0,0,Matches
1119,Matheus Henrique,br BRA,MF,Sassuolo,it Serie A,25,1997,31,27,2501,27.8,2,2,4,2,0,0,8,1,0.07,0.07,0.14,0.07,0.14,Matches,1119,br BRA,MF,25,1997,27.8,2,19,7,36.8,0.68,0.25,0.11,0.29,0,0,Matches
1122,Christophe Hérelle,mq MTQ,DF,Metz,fr Ligue 1,30,1992,19,18,1617,18.0,0,0,0,0,0,0,4,1,0.00,0.00,0.00,0.00,0.00,Matches,1122,mq MTQ,DF,30,1992,18.0,0,4,0,0.0,0.22,0.00,0.00,,0,0,Matches
1123,Mario Hermoso,es ESP,DF,Atlético Madrid,es La Liga,28,1995,31,29,2557,28.4,0,1,1,0,0,0,9,0,0.00,0.04,0.04,0.00,0.04,Matches,1123,es ESP,DF,28,1995,28.4,0,17,4,23.5,0.60,0.14,0.00,0.00,0,0,Matches
1124,Aridane Hernández,es ESP,DF,Rayo Vallecano,es La Liga,34,1989,19,19,1690,18.8,0,0,0,0,0,0,3,0,0.00,0.00,0.00,0.00,0.00,Matches,1124,es ESP,DF,34,1989,18.8,0,5,0,0.0,0.27,0.00,0.00,,0,0,Matches
1125,Javi Hernández,es ESP,DF,Cádiz,es La Liga,25,1998,30,28,2514,27.9,1,2,3,1,0,0,10,0,0.04,0.07,0.11,0.04,0.11,Matches,1125,es ESP,DF,25,1998,27.9,1,30,8,26.7,1.07,0.29,0.03,0.13,0,0,Matches
1126,Lucas Hernández,fr FRA,DF,PSG,fr Ligue 1,27,1996,27,23,1909,21.2,1,1,2,1,0,0,6,0,0.05,0.05,0.09,0.05,0.09,Matches,1126,fr FRA,DF,27,1996,21.2,1,6,2,33.3,0.28,0.09,0.17,0.50,0,0,Matches
1127,Luis Hernández,es ESP,DF,Cádiz,es La Liga,34,1989,9,8,723,8.0,1,0,1,1,0,0,4,0,0.12,0.00,0.12,0.12,0.12,Matches,1127,es ESP,DF,34,1989,8.0,1,1,1,100.0,0.12,0.12,1.00,1.00,0,0,Matches
1128,Theo Hernández,fr FRA,DF,Milan,it Serie A,25,1997,32,31,2791,31.0,5,4,9,4,1,2,11,1,0.16,0.13,0.29,0.13,0.26,Matches,1128,fr FRA,DF,25,1997,31.0,5,57,17,29.8,1.84,0.55,0.09,0.29,1,2,Matches
1129,Jorge Herrando,es ESP,DF,Osasuna,es La Liga,22,2001,19,18,1644,18.3,0,1,1,0,0,0,4,0,0.00,0.05,0.05,0.00,0.05,Matches,1129,es ESP,DF,22,2001,18.3,0,4,0,0.0,0.22,0.00,0.00,,0,0,Matches
1130,Ander Herrera,es ESP,MF,Athletic Club,es La Liga,33,1989,23,10,1030,11.4,0,3,3,0,0,0,4,0,0.00,0.26,0.26,0.00,0.26,Matches,1130,es ESP,MF,33,1989,11.4,0,14,2,14.3,1.22,0.17,0.00,0.00,0,0,Matches
1132,Sergio Herrera,es ESP,GK,Osasuna,es La Liga,30,1993,32,32,2869,31.9,0,0,0,0,0,0,2,0,0.00,0.00,0.00,0.00,0.00,Matches,1132,es ESP,GK,30,1993,31.9,0,0,0,,0.00,0.00,,,0,0,Matches
1133,Yangel Herrera,ve VEN,MF,Girona,es La Liga,25,1998,29,27,2107,23.4,5,0,5,5,0,0,9,0,0.21,0.00,0.21,0.21,0.21,Matches,1133,ve VEN,MF,25,1998,23.4,5,52,18,34.6,2.22,0.77,0.10,0.28,0,0,Matches
1136,Son Heung-min,kr KOR,"FW,MF",Tottenham,eng Premier League,31,1992,35,34,2934,32.6,17,10,27,15,2,2,1,0,0.52,0.31,0.83,0.46,0.77,Matches,1136,kr KOR,"FW,MF",31,1992,32.6,17,85,40,47.1,2.61,1.23,0.20,0.43,2,2,Matches
1137,Aaron Hickey,sct SCO,"DF,MF",Brentford,eng Premier League,21,2002,9,9,713,7.9,0,0,0,0,0,0,5,0,0.00,0.00,0.00,0.00,0.00,Matches,1137,sct SCO,"DF,MF",21,2002,7.9,0,7,1,14.3,0.88,0.13,0.00,0.00,0,0,Matches
1138,Isak Hien,se SWE,DF,Hellas Verona,it Serie A,24,1999,10,9,864,9.6,0,0,0,0,0,0,1,1,0.00,0.00,0.00,0.00,0.00,Matches,1138,se SWE,DF,24,1999,9.6,0,4,1,25.0,0.42,0.10,0.00,0.00,0,0,Matches
1139,Isak Hien,se SWE,DF,Atalanta,it Serie A,24,1999,16,9,937,10.4,0,1,1,0,0,0,3,0,0.00,0.10,0.10,0.00,0.10,Matches,1139,se SWE,DF,24,1999,10.4,0,4,2,50.0,0.38,0.19,0.00,0.00,0,0,Matches
1141,Piero Hincapié,ec ECU,DF,Leverkusen,de Bundesliga,21,2002,26,16,1484,16.5,1,2,3,1,0,0,2,0,0.06,0.12,0.18,0.06,0.18,Matches,1141,ec ECU,DF,21,2002,16.5,1,18,6,33.3,1.09,0.36,0.06,0.17,0,0,Matches
1142,Jack Hinshelwood,eng ENG,"DF,MF",Brighton,eng Premier League,18,2005,12,8,869,9.7,3,0,3,3,0,0,1,0,0.31,0.00,0.31,0.31,0.31,Matches,1142,eng ENG,"DF,MF",18,2005,9.7,3,14,8,57.1,1.45,0.83,0.21,0.38,0,0,Matches
1144,Nicolas Höfler,de GER,MF,Freiburg,de Bundesliga,33,1990,28,26,2330,25.9,1,1,2,1,0,0,10,1,0.04,0.04,0.08,0.04,0.08,Matches,1144,de GER,MF,33,1990,25.9,1,16,1,6.3,0.62,0.04,0.06,1.00,0,0,Matches
1145,Jonas Hofmann,de GER,MF,Leverkusen,de Bundesliga,31,1992,32,26,2204,24.5,5,7,12,5,0,0,3,0,0.20,0.29,0.49,0.20,0.49,Matches,1145,de GER,MF,31,1992,24.5,5,60,25,41.7,2.45,1.02,0.08,0.20,0,0,Matches
1146,Philipp Hofmann,de GER,FW,Bochum,de Bundesliga,30,1993,29,18,1571,17.5,4,2,6,4,0,0,1,0,0.23,0.11,0.34,0.23,0.34,Matches,1146,de GER,FW,30,1993,17.5,4,39,15,38.5,2.23,0.86,0.10,0.27,0,0,Matches
1147,Lucas Höler,de GER,"FW,MF",Freiburg,de Bundesliga,29,1994,33,26,2305,25.6,7,2,9,6,1,2,7,0,0.27,0.08,0.35,0.23,0.31,Matches,1147,de GER,"FW,MF",29,1994,25.6,7,34,18,52.9,1.33,0.70,0.21,0.39,1,2,Matches
1148,Mason Holgate,jm JAM,DF,Sheffield United,eng Premier League,26,1996,10,9,710,7.9,0,0,0,0,0,0,3,1,0.00,0.00,0.00,0.00,0.00,Matches,1148,jm JAM,DF,26,1996,7.9,0,3,0,0.0,0.38,0.00,0.00,,0,0,Matches
1149,Fabian Holland,de GER,"MF,DF",Darmstadt 98,de Bundesliga,33,1990,23,23,1835,20.4,0,2,2,0,0,0,4,1,0.00,0.10,0.10,0.00,0.10,Matches,1149,de GER,"MF,DF",33,1990,20.4,0,11,3,27.3,0.54,0.15,0.00,0.00,0,0,Matches
1150,Benedict Hollerbach,de GER,"FW,MF",Union Berlin,de Bundesliga,22,2001,28,15,1282,14.2,5,0,5,5,0,0,2,0,0.35,0.00,0.35,0.35,0.35,Matches,1150,de GER,"FW,MF",22,2001,14.2,5,34,10,29.4,2.39,0.70,0.15,0.50,0,0,Matches
1151,Emil Holm,se SWE,MF,Atalanta,it Serie A,23,2000,22,12,947,10.5,1,1,2,1,0,0,5,0,0.10,0.10,0.19,0.10,0.19,Matches,1151,se SWE,MF,23,2000,10.5,1,26,8,30.8,2.47,0.76,0.04,0.13,0,0,Matches
1153,Martin Hongla,cm CMR,MF,Hellas Verona,it Serie A,25,1998,15,12,1084,12.0,0,0,0,0,0,0,0,0,0.00,0.00,0.00,0.00,0.00,Matches,1153,cm CMR,MF,25,1998,12.0,0,3,0,0.0,0.25,0.00,0.00,,0,0,Matches
1154,Martin Hongla,cm CMR,"MF,DF",Granada,es La Liga,25,1998,13,6,562,6.2,0,0,0,0,0,0,0,0,0.00,0.00,0.00,0.00,0.00,Matches,1154,cm CMR,"MF,DF",25,1998,6.2,0,3,1,33.3,0.48,0.16,0.00,0.00,0,0,Matches
1155,Franck Honorat,fr FRA,"MF,FW",Gladbach,de Bundesliga,26,1996,32,28,2345,26.1,3,9,12,3,0,0,1,0,0.12,0.35,0.46,0.12,0.46,Matches,1155,fr FRA,"MF,FW",26,1996,26.1,3,28,10,35.7,1.07,0.38,0.11,0.30,0,0,Matches
1156,Mathias Honsak,at AUT,"MF,FW",Darmstadt 98,de Bundesliga,26,1996,23,10,1021,11.3,1,1,2,1,0,0,1,0,0.09,0.09,0.18,0.09,0.18,Matches,1156,at AUT,"MF,FW",26,1996,11.3,1,23,6,26.1,2.03,0.53,0.04,0.17,0,0,Matches
1159,Lukáš Hrádecký,fi FIN,GK,Leverkusen,de Bundesliga,33,1989,33,33,2970,33.0,0,0,0,0,0,0,2,0,0.00,0.00,0.00,0.00,0.00,Matches,1159,fi FIN,GK,33,1989,33.0,0,0,0,,0.00,0.00,,,0,0,Matches
1161,Timo Hübers,de GER,DF,Köln,de Bundesliga,27,1996,31,31,2778,30.9,0,0,0,0,0,0,6,0,0.00,0.00,0.00,0.00,0.00,Matches,1161,de GER,DF,27,1996,30.9,0,22,5,22.7,0.71,0.16,0.00,0.00,0,0,Matches
1162,Callum Hudson-Odoi,eng ENG,"MF,FW",Nottingham,eng Premier League,22,2000,29,20,1854,20.6,8,1,9,8,0,0,0,0,0.39,0.05,0.44,0.39,0.44,Matches,1162,eng ENG,"MF,FW",22,2000,20.6,8,38,20,52.6,1.84,0.97,0.21,0.40,0,0,Matches
1163,Will Hughes,eng ENG,MF,Crystal Palace,eng Premier League,28,1995,30,23,1891,21.0,0,1,1,0,0,0,6,0,0.00,0.05,0.05,0.00,0.05,Matches,1163,eng ENG,MF,28,1995,21.0,0,8,3,37.5,0.38,0.14,0.00,0.00,0,0,Matches
1164,Dean Huijsen,es ESP,DF,Roma,it Serie A,18,2005,13,4,509,5.7,2,0,2,2,0,0,4,0,0.35,0.00,0.35,0.35,0.35,Matches,1164,es ESP,DF,18,2005,5.7,2,6,2,33.3,1.06,0.35,0.33,1.00,0,0,Matches
1166,Mats Hummels,de GER,DF,Dortmund,de Bundesliga,34,1988,25,20,1581,17.6,3,0,3,3,0,0,4,1,0.17,0.00,0.17,0.17,0.17,Matches,1166,de GER,DF,34,1988,17.6,3,16,6,37.5,0.91,0.34,0.19,0.50,0,0,Matches
1167,Denis Huseinbasic,ba BIH,MF,Köln,de Bundesliga,22,2001,26,18,1627,18.1,0,3,3,0,0,0,5,0,0.00,0.17,0.17,0.00,0.17,Matches,1167,ba BIH,MF,22,2001,18.1,0,12,3,25.0,0.66,0.17,0.00,0.00,0,0,Matches
1168,Elseid Hysaj,al ALB,DF,Lazio,it Serie A,29,1994,22,11,1199,13.3,0,0,0,0,0,0,2,0,0.00,0.00,0.00,0.00,0.00,Matches,1168,al ALB,DF,29,1994,13.3,0,2,1,50.0,0.15,0.08,0.00,0.00,0,0,Matches
1169,Pierre Højbjerg,dk DEN,MF,Tottenham,eng Premier League,27,1995,36,8,1311,14.6,0,0,0,0,0,0,4,0,0.00,0.00,0.00,0.00,0.00,Matches,1169,dk DEN,MF,27,1995,14.6,0,19,6,31.6,1.30,0.41,0.00,0.00,0,0,Matches
1170,Rasmus Højlund,dk DEN,FW,Manchester Utd,eng Premier League,20,2003,30,25,2158,24.0,10,2,12,10,0,0,2,0,0.42,0.08,0.50,0.42,0.50,Matches,1170,dk DEN,FW,20,2003,24.0,10,38,21,55.3,1.58,0.88,0.26,0.48,0,0,Matches
1171,Iago,br BRA,"DF,MF",Augsburg,de Bundesliga,26,1997,23,18,1622,18.0,1,1,2,1,0,0,4,0,0.06,0.06,0.11,0.06,0.11,Matches,1171,br BRA,"DF,MF",26,1997,18.0,1,18,7,38.9,1.00,0.39,0.06,0.14,0,0,Matches
1172,Pablo Ibáñez,es ESP,MF,Osasuna,es La Liga,24,1998,33,12,1152,12.8,1,2,3,1,0,0,5,0,0.08,0.16,0.23,0.08,0.23,Matches,1172,es ESP,MF,24,1998,12.8,1,27,7,25.9,2.11,0.55,0.04,0.14,0,0,Matches
1174,Iglesias,es ESP,"DF,MF",Getafe,es La Liga,25,1998,23,16,1412,15.7,0,2,2,0,0,0,4,0,0.00,0.13,0.13,0.00,0.13,Matches,1174,es ESP,"DF,MF",25,1998,15.7,0,15,6,40.0,0.96,0.38,0.00,0.00,0,0,Matches
1177,Igor,br BRA,DF,Brighton,eng Premier League,25,1998,24,17,1637,18.2,0,0,0,0,0,0,4,0,0.00,0.00,0.00,0.00,0.00,Matches,1177,br BRA,DF,25,1998,18.2,0,5,0,0.0,0.27,0.00,0.00,,0,0,Matches
1178,Jonathan Ikone,fr FRA,MF,Fiorentina,it Serie A,25,1998,28,18,1682,18.7,3,1,4,3,0,0,5,0,0.16,0.05,0.21,0.16,0.21,Matches,1178,fr FRA,MF,25,1998,18.7,3,39,16,41.0,2.09,0.86,0.08,0.19,0,0,Matches
1179,Chukwubuikem Ikwuemesi,ng NGA,FW,Salernitana,it Serie A,21,2001,25,11,1061,11.8,1,1,2,1,0,0,2,0,0.08,0.08,0.17,0.08,0.17,Matches,1179,ng NGA,FW,21,2001,11.8,1,22,8,36.4,1.87,0.68,0.05,0.13,0,0,Matches
1181,Ivan Ilić,rs SRB,MF,Torino,it Serie A,22,2001,31,25,2098,23.3,3,2,5,3,0,0,3,0,0.13,0.09,0.21,0.13,0.21,Matches,1181,rs SRB,MF,22,2001,23.3,3,27,11,40.7,1.16,0.47,0.11,0.27,0,0,Matches
1182,Samuel Iling-Junior,eng ENG,MF,Juventus,it Serie A,19,2003,24,4,810,9.0,1,2,3,1,0,0,1,0,0.11,0.22,0.33,0.11,0.33,Matches,1182,eng ENG,MF,19,2003,9.0,1,9,4,44.4,1.00,0.44,0.11,0.25,0,0,Matches
1183,Imanol,es ESP,DF,Athletic Club,es La Liga,23,2000,9,5,525,5.8,0,0,0,0,0,0,2,0,0.00,0.00,0.00,0.00,0.00,Matches,1183,es ESP,DF,23,2000,5.8,0,1,0,0.0,0.17,0.00,0.00,,0,0,Matches
1185,Ciro Immobile,it ITA,FW,Lazio,it Serie A,33,1990,31,21,1652,18.4,7,1,8,3,4,4,8,0,0.38,0.05,0.44,0.16,0.22,Matches,1185,it ITA,FW,33,1990,18.4,7,49,23,46.9,2.67,1.25,0.14,0.30,4,4,Matches
1190,Alexander Isak,se SWE,FW,Newcastle,eng Premier League,23,1999,30,27,2255,25.1,21,2,23,16,5,6,1,0,0.84,0.08,0.92,0.64,0.72,Matches,1190,se SWE,FW,23,1999,25.1,21,78,43,55.1,3.11,1.72,0.27,0.49,5,6,Matches
1191,Gustav Isaksen,dk DEN,"FW,MF",Lazio,it Serie A,22,2001,28,12,1074,11.9,3,1,4,3,0,0,3,0,0.25,0.08,0.34,0.25,0.34,Matches,1191,dk DEN,"FW,MF",22,2001,11.9,3,23,9,39.1,1.93,0.75,0.13,0.33,0,0,Matches
1192,Isco,es ESP,MF,Real Betis,es La Liga,31,1992,29,28,2326,25.8,8,5,13,6,2,2,10,0,0.31,0.19,0.50,0.23,0.43,Matches,1192,es ESP,MF,31,1992,25.8,8,64,26,40.6,2.48,1.01,0.13,0.31,2,2,Matches
1193,Thomas Isherwood,se SWE,DF,Darmstadt 98,de Bundesliga,25,1998,12,8,636,7.1,0,0,0,0,0,0,1,0,0.00,0.00,0.00,0.00,0.00,Matches,1193,se SWE,DF,25,1998,7.1,0,0,0,,0.00,0.00,,,0,0,Matches
1194,Ismaily,br BRA,DF,Lille,fr Ligue 1,33,1990,30,28,2465,27.4,1,1,2,1,0,0,1,0,0.04,0.04,0.07,0.04,0.07,Matches,1194,br BRA,DF,33,1990,27.4,1,7,4,57.1,0.26,0.15,0.14,0.25,0,0,Matches
1195,Ardian Ismajli,al ALB,DF,Empoli,it Serie A,26,1996,26,23,2045,22.7,0,0,0,0,0,0,2,0,0.00,0.00,0.00,0.00,0.00,Matches,1195,al ALB,DF,26,1996,22.7,0,5,0,0.0,0.22,0.00,0.00,,0,0,Matches
1197,Ko Itakura,jp JPN,"DF,MF",Gladbach,de Bundesliga,26,1997,20,18,1596,17.7,3,0,3,3,0,0,9,0,0.17,0.00,0.17,0.17,0.17,Matches,1197,jp JPN,"DF,MF",26,1997,17.7,3,21,7,33.3,1.18,0.39,0.14,0.43,0,0,Matches
1198,Hiroki Ito,jp JPN,DF,Stuttgart,de Bundesliga,24,1999,26,25,2228,24.8,0,2,2,0,0,0,1,0,0.00,0.08,0.08,0.00,0.08,Matches,1198,jp JPN,DF,24,1999,24.8,0,18,4,22.2,0.73,0.16,0.00,0.00,0,0,Matches
1199,Junya Itō,jp JPN,"FW,MF",Reims,fr Ligue 1,30,1993,31,31,2714,30.2,3,7,10,3,0,0,2,0,0.10,0.23,0.33,0.10,0.33,Matches,1199,jp JPN,"FW,MF",30,1993,30.2,3,46,15,32.6,1.53,0.50,0.07,0.20,0,0,Matches
1202,Alex Iwobi,ng NGA,MF,Fulham,eng Premier League,27,1996,30,25,2192,24.4,5,2,7,5,0,0,2,0,0.21,0.08,0.29,0.21,0.29,Matches,1202,ng NGA,MF,27,1996,24.4,5,51,18,35.3,2.09,0.74,0.10,0.28,0,0,Matches
1203,Armando Izzo,it ITA,DF,Monza,it Serie A,31,1992,23,20,1650,18.3,0,0,0,0,0,0,9,0,0.00,0.00,0.00,0.00,0.00,Matches,1203,it ITA,DF,31,1992,18.3,0,5,3,60.0,0.27,0.16,0.00,0.00,0,0,Matches
1204,Nicolas Jackson,sn SEN,FW,Chelsea,eng Premier League,22,2001,35,31,2799,31.1,14,5,19,14,0,0,10,0,0.45,0.16,0.61,0.45,0.61,Matches,1204,sn SEN,FW,22,2001,31.1,14,80,41,51.3,2.57,1.32,0.18,0.34,0,0,Matches
1207,Lee Jae-sung,kr KOR,MF,Mainz 05,de Bundesliga,30,1992,29,24,2113,23.5,6,3,9,6,0,0,6,0,0.26,0.13,0.38,0.26,0.38,Matches,1207,kr KOR,MF,30,1992,23.5,6,38,13,34.2,1.62,0.55,0.16,0.46,0,0,Matches
1210,Kristijan Jakić,hr CRO,MF,Augsburg,de Bundesliga,26,1997,14,13,1051,11.7,2,1,3,2,0,0,4,0,0.17,0.09,0.26,0.17,0.26,Matches,1210,hr CRO,MF,26,1997,11.7,2,13,5,38.5,1.11,0.43,0.15,0.40,0,0,Matches
1212,Ismail Jakobs,sn SEN,"MF,DF",Monaco,fr Ligue 1,23,1999,22,16,1466,16.3,1,2,3,1,0,0,0,0,0.06,0.12,0.18,0.06,0.18,Matches,1212,sn SEN,"MF,DF",23,1999,16.3,1,21,7,33.3,1.29,0.43,0.05,0.14,0,0,Matches
1213,Ablie Jallow,gm GAM,"MF,FW",Metz,fr Ligue 1,24,1998,17,10,918,10.2,3,2,5,2,1,1,1,0,0.29,0.20,0.49,0.20,0.39,Matches,1213,gm GAM,"MF,FW",24,1998,10.2,3,18,7,38.9,1.76,0.69,0.17,0.43,1,1,Matches
1215,Vitaly Janelt,de GER,"MF,DF",Brentford,eng Premier League,25,1998,38,37,3054,33.9,1,3,4,1,0,0,8,0,0.03,0.09,0.12,0.03,0.12,Matches,1215,de GER,"MF,DF",25,1998,33.9,1,21,7,33.3,0.62,0.21,0.05,0.14,0,0,Matches
1216,Jakub Jankto,cz CZE,MF,Cagliari,it Serie A,27,1996,18,13,872,9.7,1,2,3,1,0,0,0,0,0.10,0.21,0.31,0.10,0.31,Matches,1216,cz CZE,MF,27,1996,9.7,1,12,6,50.0,1.24,0.62,0.08,0.17,0,0,Matches
1221,Danley Jean-Jacques,ht HAI,MF,Metz,fr Ligue 1,23,2000,33,30,2682,29.8,0,0,0,0,0,0,5,0,0.00,0.00,0.00,0.00,0.00,Matches,1221,ht HAI,MF,23,2000,29.8,0,34,5,14.7,1.14,0.17,0.00,0.00,0,0,Matches
1225,Fredrik Jensen,fi FIN,MF,Augsburg,de Bundesliga,25,1997,22,18,1338,14.9,2,4,6,2,0,0,1,0,0.13,0.27,0.40,0.13,0.40,Matches,1225,fi FIN,MF,25,1997,14.9,2,14,5,35.7,0.94,0.34,0.14,0.40,0,0,Matches
1226,Mathias Jensen,dk DEN,MF,Brentford,eng Premier League,27,1996,32,27,2204,24.5,3,3,6,3,0,0,5,0,0.12,0.12,0.25,0.12,0.25,Matches,1226,dk DEN,MF,27,1996,24.5,3,14,7,50.0,0.57,0.29,0.21,0.43,0,0,Matches
1227,Moritz Jenz,de GER,DF,Wolfsburg,de Bundesliga,24,1999,22,21,1742,19.4,0,1,1,0,0,0,7,1,0.00,0.05,0.05,0.00,0.05,Matches,1227,de GER,DF,24,1999,19.4,0,7,0,0.0,0.36,0.00,0.00,,0,0,Matches
1228,Gabriel Jesus,br BRA,FW,Arsenal,eng Premier League,26,1997,27,17,1478,16.4,4,5,9,4,0,0,6,0,0.24,0.30,0.55,0.24,0.55,Matches,1228,br BRA,FW,26,1997,16.4,4,55,19,34.5,3.35,1.16,0.07,0.21,0,0,Matches
1229,Juan Jesus,br BRA,DF,Napoli,it Serie A,32,1991,24,23,2116,23.5,1,0,1,1,0,0,7,0,0.04,0.00,0.04,0.04,0.04,Matches,1229,br BRA,DF,32,1991,23.5,1,8,2,25.0,0.34,0.09,0.13,0.50,0,0,Matches
1231,Raúl Jiménez,mx MEX,FW,Fulham,eng Premier League,32,1991,24,18,1395,15.5,7,0,7,7,0,0,3,1,0.45,0.00,0.45,0.45,0.45,Matches,1231,mx MEX,FW,32,1991,15.5,7,41,17,41.5,2.65,1.10,0.17,0.41,0,0,Matches
1232,João Pedro,br BRA,"MF,FW",Brighton,eng Premier League,21,2001,31,19,2045,22.7,9,3,12,5,4,5,2,0,0.40,0.13,0.53,0.22,0.35,Matches,1232,br BRA,"MF,FW",21,2001,22.7,9,75,26,34.7,3.30,1.14,0.12,0.35,4,5,Matches
1233,Joelinton,br BRA,"MF,FW",Newcastle,eng Premier League,26,1996,20,15,1279,14.2,2,1,3,2,0,0,6,0,0.14,0.07,0.21,0.14,0.21,Matches,1233,br BRA,"MF,FW",26,1996,14.2,2,19,9,47.4,1.34,0.63,0.11,0.22,0,0,Matches
1234,Ben Johnson,eng ENG,"MF,DF",West Ham,eng Premier League,23,2000,14,4,544,6.0,0,0,0,0,0,0,1,0,0.00,0.00,0.00,0.00,0.00,Matches,1234,eng ENG,"MF,DF",23,2000,6.0,0,6,2,33.3,0.99,0.33,0.00,0.00,0,0,Matches
1235,Brennan Johnson,wls WAL,"MF,FW",Tottenham,eng Premier League,22,2001,32,23,2085,23.2,5,10,15,5,0,0,3,0,0.22,0.43,0.65,0.22,0.65,Matches,1235,wls WAL,"MF,FW",22,2001,23.2,5,50,21,42.0,2.16,0.91,0.10,0.24,0,0,Matches
1238,Sam Johnstone,eng ENG,GK,Crystal Palace,eng Premier League,30,1993,20,20,1796,20.0,0,0,0,0,0,0,1,0,0.00,0.00,0.00,0.00,0.00,Matches,1238,eng ENG,GK,30,1993,20.0,0,0,0,,0.00,0.00,,,0,0,Matches
1239,Curtis Jones,eng ENG,MF,Liverpool,eng Premier League,22,2001,23,14,1167,13.0,1,1,2,1,0,0,3,1,0.08,0.08,0.15,0.08,0.15,Matches,1239,eng ENG,MF,22,2001,13.0,1,19,6,31.6,1.47,0.46,0.05,0.17,0,0,Matches
1240,Frenkie de Jong,nl NED,MF,Barcelona,es La Liga,26,1997,20,20,1634,18.2,2,0,2,2,0,0,7,0,0.11,0.00,0.11,0.11,0.11,Matches,1240,nl NED,MF,26,1997,18.2,2,7,4,57.1,0.39,0.22,0.29,0.50,0,0,Matches
1242,Jordi,es ESP,MF,Getafe,es La Liga,22,2001,13,5,573,6.4,0,0,0,0,0,0,1,0,0.00,0.00,0.00,0.00,0.00,Matches,1242,es ESP,MF,22,2001,6.4,0,7,3,42.9,1.10,0.47,0.00,0.00,0,0,Matches
1244,Kaio Jorge,br BRA,FW,Frosinone,it Serie A,21,2002,20,8,812,9.0,3,0,3,2,1,2,2,0,0.33,0.00,0.33,0.22,0.22,Matches,1244,br BRA,FW,21,2002,9.0,3,27,13,48.1,2.99,1.44,0.11,0.23,1,2,Matches
1245,Jorginho,it ITA,MF,Arsenal,eng Premier League,31,1991,24,10,921,10.2,0,2,2,0,0,0,1,0,0.00,0.20,0.20,0.00,0.20,Matches,1245,it ITA,MF,31,1991,10.2,0,4,0,0.0,0.39,0.00,0.00,,0,0,Matches
1246,Willian José,br BRA,FW,Real Betis,es La Liga,31,1991,33,25,1971,21.9,10,5,15,10,0,0,0,1,0.46,0.23,0.68,0.46,0.68,Matches,1246,br BRA,FW,31,1991,21.9,10,48,24,50.0,2.19,1.10,0.21,0.42,0,0,Matches
1247,Joselu,es ESP,FW,Real Madrid,es La Liga,33,1990,34,15,1687,18.7,10,2,12,10,0,2,1,0,0.53,0.11,0.64,0.53,0.64,Matches,1247,es ESP,FW,33,1990,18.7,10,63,29,46.0,3.36,1.55,0.16,0.34,0,2,Matches
1248,Diogo Jota,pt POR,FW,Liverpool,eng Premier League,26,1996,21,14,1145,12.7,10,3,13,10,0,0,3,1,0.79,0.24,1.02,0.79,1.02,Matches,1248,pt POR,FW,26,1996,12.7,10,41,20,48.8,3.22,1.57,0.24,0.50,0,0,Matches
1249,Antoine Joujou,fr FRA,"MF,FW",Le Havre,fr Ligue 1,20,2003,23,6,779,8.7,0,2,2,0,0,0,1,0,0.00,0.23,0.23,0.00,0.23,Matches,1249,fr FRA,"MF,FW",20,2003,8.7,0,20,3,15.0,2.31,0.35,0.00,0.00,0,0,Matches
1250,Luka Jović,rs SRB,FW,Milan,it Serie A,25,1997,23,8,877,9.7,6,1,7,6,0,0,2,1,0.62,0.10,0.72,0.62,0.72,Matches,1250,rs SRB,FW,25,1997,9.7,6,22,13,59.1,2.26,1.33,0.27,0.46,0,0,Matches
1251,Kamil Jóźwiak,pl POL,MF,Granada,es La Liga,25,1998,11,7,571,6.3,0,1,1,0,0,0,2,0,0.00,0.16,0.16,0.00,0.16,Matches,1251,pl POL,MF,25,1998,6.3,0,4,1,25.0,0.63,0.16,0.00,0.00,0,0,Matches
1252,Juanmi,es ESP,FW,Cádiz,es La Liga,30,1993,16,9,873,9.7,3,1,4,3,0,0,3,0,0.31,0.10,0.41,0.31,0.41,Matches,1252,es ESP,FW,30,1993,9.7,3,14,7,50.0,1.44,0.72,0.21,0.43,0,0,Matches
1253,Juanpe,es ESP,DF,Girona,es La Liga,32,1991,17,6,746,8.3,0,0,0,0,0,0,4,0,0.00,0.00,0.00,0.00,0.00,Matches,1253,es ESP,DF,32,1991,8.3,0,4,0,0.0,0.48,0.00,0.00,,0,0,Matches
1255,Christopher Jullien,fr FRA,DF,Montpellier,fr Ligue 1,30,1993,20,13,1233,13.7,1,0,1,1,0,0,5,0,0.07,0.00,0.07,0.07,0.07,Matches,1255,fr FRA,DF,30,1993,13.7,1,7,1,14.3,0.51,0.07,0.14,1.00,0,0,Matches
1256,Anthony Jung,de GER,"DF,MF",Werder Bremen,de Bundesliga,31,1991,31,30,2579,28.7,1,0,1,1,0,0,4,1,0.03,0.00,0.03,0.03,0.03,Matches,1256,de GER,"DF,MF",31,1991,28.7,1,5,1,20.0,0.17,0.03,0.20,1.00,0,0,Matches
1257,Eli Junior Kroupi,fr FRA,FW,Lorient,fr Ligue 1,17,2006,30,11,1084,12.0,5,3,8,5,0,0,1,0,0.42,0.25,0.66,0.42,0.66,Matches,1257,fr FRA,FW,17,2006,12.0,5,22,12,54.5,1.83,1.00,0.23,0.42,0,0,Matches
1260,Vinicius Júnior,br BRA,FW,Real Madrid,es La Liga,23,2000,26,22,1864,20.7,15,5,20,14,1,1,7,0,0.72,0.24,0.97,0.68,0.92,Matches,1260,br BRA,FW,23,2000,20.7,15,78,39,50.0,3.77,1.88,0.19,0.38,1,1,Matches
1261,Josip Juranović,hr CRO,"MF,DF",Union Berlin,de Bundesliga,27,1995,21,14,1294,14.4,0,2,2,0,0,1,4,0,0.00,0.14,0.14,0.00,0.14,Matches,1261,hr CRO,"MF,DF",27,1995,14.4,0,12,3,25.0,0.83,0.21,0.00,0.00,0,1,Matches
1264,Julian Justvan,de GER,MF,Darmstadt 98,de Bundesliga,25,1998,14,11,1023,11.4,2,2,4,2,0,0,1,0,0.18,0.18,0.35,0.18,0.35,Matches,1264,de GER,MF,25,1998,11.4,2,17,4,23.5,1.50,0.35,0.12,0.50,0,0,Matches
1265,Filip Jørgensen,dk DEN,GK,Villarreal,es La Liga,21,2002,36,36,3240,36.0,0,0,0,0,0,0,4,0,0.00,0.00,0.00,0.00,0.00,Matches,1265,dk DEN,GK,21,2002,36.0,0,0,0,,0.00,0.00,,,0,0,Matches
1266,Mathias Jørgensen,dk DEN,DF,Brentford,eng Premier League,33,1990,14,12,1087,12.1,1,0,1,1,0,0,4,0,0.08,0.00,0.08,0.08,0.08,Matches,1266,dk DEN,DF,33,1990,12.1,1,8,2,25.0,0.66,0.17,0.13,0.50,0,0,Matches
1267,Mohamed Kaba,gn GUI,MF,Lecce,it Serie A,21,2001,23,15,1378,15.3,0,0,0,0,0,0,4,1,0.00,0.00,0.00,0.00,0.00,Matches,1267,gn GUI,MF,21,2001,15.3,0,14,6,42.9,0.91,0.39,0.00,0.00,0,0,Matches
1268,Sory Kaba,gn GUI,FW,Las Palmas,es La Liga,28,1995,17,9,720,8.0,1,1,2,1,0,0,2,0,0.12,0.12,0.25,0.12,0.25,Matches,1268,gn GUI,FW,28,1995,8.0,1,13,1,7.7,1.62,0.12,0.08,1.00,0,0,Matches
1269,Ozan Kabak,tr TUR,DF,Hoffenheim,de Bundesliga,23,2000,28,28,2282,25.4,4,0,4,4,0,0,11,1,0.16,0.00,0.16,0.16,0.16,Matches,1269,tr TUR,DF,23,2000,25.4,4,18,7,38.9,0.71,0.28,0.22,0.57,0,0,Matches
1270,Christian Kabasele,be BEL,DF,Udinese,it Serie A,32,1991,13,10,861,9.6,1,1,2,1,0,0,5,0,0.10,0.10,0.21,0.10,0.21,Matches,1270,be BEL,DF,32,1991,9.6,1,6,2,33.3,0.63,0.21,0.17,0.50,0,0,Matches
1271,Issa Kaboré,bf BFA,"MF,DF",Luton Town,eng Premier League,22,2001,24,21,1729,19.2,0,2,2,0,0,0,7,0,0.00,0.10,0.10,0.00,0.10,Matches,1271,bf BFA,"MF,DF",22,2001,19.2,0,6,1,16.7,0.31,0.05,0.00,0.00,0,0,Matches
1272,Abdoul Kader Bamba,fr FRA,MF,Nantes,fr Ligue 1,29,1994,23,1,611,6.8,2,1,3,2,0,0,2,0,0.29,0.15,0.44,0.29,0.44,Matches,1272,fr FRA,MF,29,1994,6.8,2,14,5,35.7,2.06,0.74,0.14,0.40,0,0,Matches
1274,Pavel Kadeřábek,cz CZE,"MF,DF",Hoffenheim,de Bundesliga,31,1992,29,28,2412,26.8,3,4,7,3,0,0,7,0,0.11,0.15,0.26,0.11,0.26,Matches,1274,cz CZE,"MF,DF",31,1992,26.8,3,20,6,30.0,0.75,0.22,0.15,0.50,0,0,Matches
1276,Tino Kadewere,zw ZIM,"FW,MF",Nantes,fr Ligue 1,27,1996,14,8,781,8.7,1,0,1,1,0,1,1,0,0.12,0.00,0.12,0.12,0.12,Matches,1276,zw ZIM,"FW,MF",27,1996,8.7,1,10,5,50.0,1.15,0.58,0.10,0.20,0,1,Matches
1277,Kaiky,br BRA,DF,Almería,es La Liga,19,2004,8,5,523,5.8,1,0,1,1,0,0,2,0,0.17,0.00,0.17,0.17,0.17,Matches,1277,br BRA,DF,19,2004,5.8,1,3,1,33.3,0.52,0.17,0.33,1.00,0,0,Matches
1278,Florian Kainz,at AUT,MF,Köln,de Bundesliga,30,1992,33,29,2197,24.4,5,4,9,0,5,5,4,0,0.20,0.16,0.37,0.00,0.16,Matches,1278,at AUT,MF,30,1992,24.4,5,28,9,32.1,1.15,0.37,0.18,0.56,5,5,Matches
1281,Arnaud Kalimuendo,fr FRA,FW,Rennes,fr Ligue 1,21,2002,30,25,2139,23.8,10,1,11,8,2,2,6,0,0.42,0.04,0.46,0.34,0.38,Matches,1281,fr FRA,FW,21,2002,23.8,10,61,24,39.3,2.57,1.01,0.16,0.42,2,2,Matches
1283,Gédéon Kalulu,cd COD,"MF,DF",Lorient,fr Ligue 1,25,1997,19,11,970,10.8,0,1,1,0,0,0,0,0,0.00,0.09,0.09,0.00,0.09,Matches,1283,cd COD,"MF,DF",25,1997,10.8,0,6,1,16.7,0.56,0.09,0.00,0.00,0,0,Matches
1285,Daichi Kamada,jp JPN,MF,Lazio,it Serie A,26,1996,29,17,1544,17.2,2,2,4,2,0,0,3,0,0.12,0.12,0.23,0.12,0.23,Matches,1285,jp JPN,MF,26,1996,17.2,2,29,8,27.6,1.69,0.47,0.07,0.25,0,0,Matches
1286,Warren Kamanzi,no NOR,"MF,DF",Toulouse,fr Ligue 1,22,2000,24,12,1187,13.2,0,3,3,0,0,0,1,0,0.00,0.23,0.23,0.00,0.23,Matches,1286,no NOR,"MF,DF",22,2000,13.2,0,6,0,0.0,0.45,0.00,0.00,,0,0,Matches
1287,Boubacar Kamara,fr FRA,MF,Aston Villa,eng Premier League,23,1999,20,20,1652,18.4,0,1,1,0,0,0,7,1,0.00,0.05,0.05,0.00,0.05,Matches,1287,fr FRA,MF,23,1999,18.4,0,5,1,20.0,0.27,0.05,0.00,0.00,0,0,Matches
1288,Hassane Kamara,ci CIV,MF,Udinese,it Serie A,29,1994,35,27,2225,24.7,1,1,2,1,0,0,4,0,0.04,0.04,0.08,0.04,0.08,Matches,1288,ci CIV,MF,29,1994,24.7,1,26,8,30.8,1.05,0.32,0.04,0.13,0,0,Matches
1291,Thomas Kaminski,be BEL,GK,Luton Town,eng Premier League,30,1992,38,38,3405,37.8,0,0,0,0,0,0,3,0,0.00,0.00,0.00,0.00,0.00,Matches,1291,be BEL,GK,30,1992,37.8,0,0,0,,0.00,0.00,,,0,0,Matches
1292,Kevin Kampl,si SVN,MF,RB Leipzig,de Bundesliga,32,1990,26,14,1363,15.1,1,0,1,1,0,0,3,0,0.07,0.00,0.07,0.07,0.07,Matches,1292,si SVN,MF,32,1990,15.1,1,6,1,16.7,0.40,0.07,0.17,1.00,0,0,Matches
1293,Harry Kane,eng ENG,FW,Bayern Munich,de Bundesliga,30,1993,32,32,2839,31.5,36,8,44,31,5,5,2,0,1.14,0.25,1.39,0.98,1.24,Matches,1293,eng ENG,FW,30,1993,31.5,36,146,67,45.9,4.63,2.12,0.25,0.54,5,5,Matches
1294,Lee Kang-in,kr KOR,"MF,FW",PSG,fr Ligue 1,22,2001,23,18,1464,16.3,3,4,7,3,0,0,2,0,0.18,0.25,0.43,0.18,0.43,Matches,1294,kr KOR,"MF,FW",22,2001,16.3,3,23,9,39.1,1.41,0.55,0.13,0.33,0,0,Matches
1297,Atakan Karazor,tr TUR,MF,Stuttgart,de Bundesliga,26,1996,33,31,2623,29.1,0,4,4,0,0,0,9,0,0.00,0.14,0.14,0.00,0.14,Matches,1297,tr TUR,MF,26,1996,29.1,0,19,2,10.5,0.65,0.07,0.00,0.00,0,0,Matches
1298,Ayman Kari,fr FRA,MF,Lorient,fr Ligue 1,18,2004,14,12,893,9.9,1,1,2,1,0,0,1,0,0.10,0.10,0.20,0.10,0.20,Matches,1298,fr FRA,MF,18,2004,9.9,1,7,3,42.9,0.71,0.30,0.14,0.33,0,0,Matches
1299,Emir Karic,ba BIH,"MF,DF",Darmstadt 98,de Bundesliga,26,1997,27,18,1783,19.8,0,0,0,0,0,0,4,0,0.00,0.00,0.00,0.00,0.00,Matches,1299,ba BIH,"MF,DF",26,1997,19.8,0,12,3,25.0,0.61,0.15,0.00,0.00,0,0,Matches
1303,Rick Karsdorp,nl NED,"MF,DF",Roma,it Serie A,28,1995,18,14,1191,13.2,0,2,2,0,0,0,2,0,0.00,0.15,0.15,0.00,0.15,Matches,1303,nl NED,"MF,DF",28,1995,13.2,0,8,1,12.5,0.60,0.08,0.00,0.00,0,0,Matches
1304,Grigoris Kastanos,cy CYP,MF,Salernitana,it Serie A,25,1998,26,18,1480,16.4,3,3,6,3,0,0,5,0,0.18,0.18,0.36,0.18,0.36,Matches,1304,cy CYP,MF,25,1998,16.4,3,30,10,33.3,1.82,0.61,0.10,0.30,0,0,Matches
1305,Silas Katompa,cd COD,MF,Stuttgart,de Bundesliga,24,1998,27,8,900,10.0,5,2,7,5,0,1,0,0,0.50,0.20,0.70,0.50,0.70,Matches,1305,cd COD,MF,24,1998,10.0,5,24,9,37.5,2.40,0.90,0.21,0.56,0,1,Matches
1306,Panos Katseris,gr GRE,MF,Lorient,fr Ligue 1,22,2001,15,13,1041,11.6,1,1,2,1,0,0,4,0,0.09,0.09,0.17,0.09,0.17,Matches,1306,gr GRE,MF,22,2001,11.6,1,17,6,35.3,1.47,0.52,0.06,0.17,0,0,Matches
1308,Michael Kayode,it ITA,DF,Fiorentina,it Serie A,19,2004,26,22,2058,22.9,1,1,2,1,0,0,2,0,0.04,0.04,0.09,0.04,0.09,Matches,1308,it ITA,DF,19,2004,22.9,1,7,2,28.6,0.31,0.09,0.14,0.50,0,0,Matches
1309,Moise Kean,it ITA,FW,Juventus,it Serie A,23,2000,19,8,654,7.3,0,0,0,0,0,0,2,0,0.00,0.00,0.00,0.00,0.00,Matches,1309,it ITA,FW,23,2000,7.3,0,16,4,25.0,2.20,0.55,0.00,0.00,0,0,Matches
1312,Kévin Keben,cm CMR,"DF,MF",Toulouse,fr Ligue 1,19,2004,8,7,521,5.8,0,0,0,0,0,0,1,0,0.00,0.00,0.00,0.00,0.00,Matches,1312,cm CMR,"DF,MF",19,2004,5.8,0,1,0,0.0,0.17,0.00,0.00,,0,0,Matches
1313,Yassine Kechta,ma MAR,MF,Le Havre,fr Ligue 1,21,2002,32,21,1849,20.5,2,1,3,2,0,0,4,0,0.10,0.05,0.15,0.10,0.15,Matches,1313,ma MAR,MF,21,2002,20.5,2,20,9,45.0,0.97,0.44,0.10,0.22,0,0,Matches
1315,Thilo Kehrer,de GER,DF,Monaco,fr Ligue 1,26,1996,15,15,1323,14.7,1,1,2,1,0,0,4,1,0.07,0.07,0.14,0.07,0.14,Matches,1315,de GER,DF,26,1996,14.7,1,12,4,33.3,0.82,0.27,0.08,0.25,0,0,Matches
1316,Habib Keita,ml MLI,MF,Clermont Foot,fr Ligue 1,21,2002,27,12,1278,14.2,1,0,1,1,0,0,4,0,0.07,0.00,0.07,0.07,0.07,Matches,1316,ml MLI,MF,21,2002,14.2,1,20,5,25.0,1.41,0.35,0.05,0.20,0,0,Matches
1318,Yannik Keitel,de GER,"DF,MF",Freiburg,de Bundesliga,23,2000,15,11,920,10.2,1,0,1,1,0,0,0,0,0.10,0.00,0.10,0.10,0.10,Matches,1318,de GER,"DF,MF",23,2000,10.2,1,6,2,33.3,0.59,0.20,0.17,0.50,0,0,Matches
1319,Caoimhín Kelleher,ie IRL,GK,Liverpool,eng Premier League,24,1998,10,10,900,10.0,0,0,0,0,0,0,0,0,0.00,0.00,0.00,0.00,0.00,Matches,1319,ie IRL,GK,24,1998,10.0,0,0,0,,0.00,0.00,,,0,0,Matches
1321,Lloyd Kelly,eng ENG,DF,Bournemouth,eng Premier League,24,1998,23,17,1559,17.3,0,1,1,0,0,0,2,0,0.00,0.06,0.06,0.00,0.06,Matches,1321,eng ENG,DF,24,1998,17.3,0,4,1,25.0,0.23,0.06,0.00,0.00,0,0,Matches
1324,Tobias Kempe,de GER,MF,Darmstadt 98,de Bundesliga,34,1989,24,15,1350,15.0,3,2,5,0,3,3,1,0,0.20,0.13,0.33,0.00,0.13,Matches,1324,de GER,MF,34,1989,15.0,3,21,4,19.0,1.40,0.27,0.14,0.75,3,3,Matches
1325,Milos Kerkez,hu HUN,DF,Bournemouth,eng Premier League,19,2003,28,22,1970,21.9,0,1,1,0,0,0,4,1,0.00,0.05,0.05,0.00,0.05,Matches,1325,hu HUN,DF,19,2003,21.9,0,16,5,31.3,0.73,0.23,0.00,0.00,0,0,Matches
1327,Reda Khadra,de GER,"MF,FW",Reims,fr Ligue 1,22,2001,29,14,1368,15.2,1,3,4,1,0,0,1,0,0.07,0.20,0.26,0.07,0.26,Matches,1327,de GER,"MF,FW",22,2001,15.2,1,23,12,52.2,1.51,0.79,0.04,0.08,0,0,Matches
1328,Wahbi Khazri,tn TUN,"MF,FW",Montpellier,fr Ligue 1,32,1991,25,13,1131,12.6,1,0,1,1,0,0,6,0,0.08,0.00,0.08,0.08,0.08,Matches,1328,tn TUN,"MF,FW",32,1991,12.6,1,44,16,36.4,3.50,1.27,0.02,0.06,0,0,Matches
1329,Rani Khedira,tn TUN,MF,Union Berlin,de Bundesliga,29,1994,20,18,1343,14.9,0,0,0,0,0,0,5,1,0.00,0.00,0.00,0.00,0.00,Matches,1329,tn TUN,MF,29,1994,14.9,0,3,1,33.3,0.20,0.07,0.00,0.00,0,0,Matches
1330,Abdukodir Khusanov,uz UZB,DF,Lens,fr Ligue 1,19,2004,11,9,809,9.0,0,0,0,0,0,0,5,0,0.00,0.00,0.00,0.00,0.00,Matches,1330,uz UZB,DF,19,2004,9.0,0,5,2,40.0,0.56,0.22,0.00,0.00,0,0,Matches
1331,Kiké,es ESP,FW,Alavés,es La Liga,33,1989,33,15,1423,15.8,3,2,5,3,0,1,3,0,0.19,0.13,0.32,0.19,0.32,Matches,1331,es ESP,FW,33,1989,15.8,3,57,26,45.6,3.61,1.64,0.05,0.12,0,1,Matches
1332,Luca Kilian,de GER,DF,Köln,de Bundesliga,23,1999,13,6,635,7.1,0,0,0,0,0,0,1,0,0.00,0.00,0.00,0.00,0.00,Matches,1332,de GER,DF,23,1999,7.1,0,0,0,,0.00,0.00,,,0,0,Matches
1333,Max Kilman,eng ENG,DF,Wolves,eng Premier League,26,1997,38,38,3420,38.0,2,0,2,2,0,0,7,0,0.05,0.00,0.05,0.05,0.05,Matches,1333,eng ENG,DF,26,1997,38.0,2,14,6,42.9,0.37,0.16,0.14,0.33,0,0,Matches
1334,Joshua Kimmich,de GER,"MF,DF",Bayern Munich,de Bundesliga,28,1995,28,27,2176,24.2,1,6,7,1,0,0,1,1,0.04,0.25,0.29,0.04,0.29,Matches,1334,de GER,"MF,DF",28,1995,24.2,1,25,7,28.0,1.03,0.29,0.04,0.14,0,0,Matches
1335,Jakub Kiwior,pl POL,DF,Arsenal,eng Premier League,23,2000,20,11,946,10.5,1,3,4,1,0,0,1,0,0.10,0.29,0.38,0.10,0.38,Matches,1335,pl POL,DF,23,2000,10.5,1,6,3,50.0,0.57,0.29,0.17,0.33,0,0,Matches
1336,Simon Kjær,dk DEN,DF,Milan,it Serie A,34,1989,20,14,1171,13.0,0,1,1,0,0,0,1,0,0.00,0.08,0.08,0.00,0.08,Matches,1336,dk DEN,DF,34,1989,13.0,0,6,0,0.0,0.46,0.00,0.00,,0,0,Matches
1338,Christoph Klarer,at AUT,DF,Darmstadt 98,de Bundesliga,23,2000,30,28,2354,26.2,2,2,4,2,0,0,9,0,0.08,0.08,0.15,0.08,0.15,Matches,1338,at AUT,DF,23,2000,26.2,2,9,2,22.2,0.34,0.08,0.22,1.00,0,0,Matches
1339,Tim Kleindienst,de GER,FW,Heidenheim,de Bundesliga,27,1995,33,33,2869,31.9,12,3,15,10,2,2,6,0,0.38,0.09,0.47,0.31,0.41,Matches,1339,de GER,FW,27,1995,31.9,12,83,34,41.0,2.60,1.07,0.14,0.35,2,2,Matches
1340,Lukas Klostermann,de GER,DF,RB Leipzig,de Bundesliga,27,1996,25,16,1436,16.0,1,0,1,1,0,0,3,0,0.06,0.00,0.06,0.06,0.06,Matches,1340,de GER,DF,27,1996,16.0,1,6,2,33.3,0.38,0.13,0.17,0.50,0,0,Matches
1341,Justin Kluivert,nl NED,MF,Bournemouth,eng Premier League,24,1999,32,26,1916,21.3,7,1,8,7,0,0,5,0,0.33,0.05,0.38,0.33,0.38,Matches,1341,nl NED,MF,24,1999,21.3,7,56,20,35.7,2.63,0.94,0.13,0.35,0,0,Matches
1342,Ansgar Knauff,de GER,"MF,FW",Frankfurt,de Bundesliga,21,2002,31,24,2109,23.4,7,2,9,7,0,0,7,1,0.30,0.09,0.38,0.30,0.38,Matches,1342,de GER,"MF,FW",21,2002,23.4,7,37,13,35.1,1.58,0.55,0.19,0.54,0,0,Matches
1343,Robin Knoche,de GER,DF,Union Berlin,de Bundesliga,31,1992,24,20,1917,21.3,1,0,1,1,0,1,1,0,0.05,0.00,0.05,0.05,0.05,Matches,1343,de GER,DF,31,1992,21.3,1,8,4,50.0,0.38,0.19,0.13,0.25,0,1,Matches
1344,Gregor Kobel,ch SUI,GK,Dortmund,de Bundesliga,25,1997,27,27,2365,26.3,0,0,0,0,0,0,1,0,0.00,0.00,0.00,0.00,0.00,Matches,1344,ch SUI,GK,25,1997,26.3,0,0,0,,0.00,0.00,,,0,0,Matches
1345,Robin Koch,de GER,DF,Frankfurt,de Bundesliga,27,1996,31,31,2738,30.4,2,0,2,2,0,0,10,0,0.07,0.00,0.07,0.07,0.07,Matches,1345,de GER,DF,27,1996,30.4,2,24,5,20.8,0.79,0.16,0.08,0.40,0,0,Matches
1346,Philipp Köhn,ch SUI,GK,Monaco,fr Ligue 1,25,1998,22,22,1980,22.0,0,0,0,0,0,0,0,0,0.00,0.00,0.00,0.00,0.00,Matches,1346,ch SUI,GK,25,1998,22.0,0,0,0,,0.00,0.00,,,0,0,Matches
1347,Dominik Kohr,de GER,"DF,MF",Mainz 05,de Bundesliga,29,1994,31,27,2184,24.3,1,0,1,1,0,0,15,1,0.04,0.00,0.04,0.04,0.04,Matches,1347,de GER,"DF,MF",29,1994,24.3,1,25,7,28.0,1.03,0.29,0.04,0.14,0,0,Matches
1348,Koke,es ESP,MF,Atlético Madrid,es La Liga,31,1992,35,32,2493,27.7,0,4,4,0,0,0,5,0,0.00,0.14,0.14,0.00,0.14,Matches,1348,es ESP,MF,31,1992,27.7,0,10,2,20.0,0.36,0.07,0.00,0.00,0,0,Matches
1349,Sead Kolašinac,ba BIH,DF,Atalanta,it Serie A,30,1993,30,25,2178,24.2,1,0,1,1,0,0,4,0,0.04,0.00,0.04,0.04,0.04,Matches,1349,ba BIH,DF,30,1993,24.2,1,13,5,38.5,0.54,0.21,0.08,0.20,0,0,Matches
1350,Luca Koleosho,it ITA,"MF,FW",Burnley,eng Premier League,18,2004,15,13,974,10.8,1,1,2,1,0,0,0,0,0.09,0.09,0.18,0.09,0.18,Matches,1350,it ITA,"MF,FW",18,2004,10.8,1,23,5,21.7,2.13,0.46,0.04,0.20,0,0,Matches
1351,Randal Kolo Muani,fr FRA,"FW,MF",PSG,fr Ligue 1,24,1998,26,13,1268,14.1,6,5,11,6,0,0,1,0,0.43,0.35,0.78,0.43,0.78,Matches,1351,fr FRA,"FW,MF",24,1998,14.1,6,22,13,59.1,1.56,0.92,0.27,0.46,0,0,Matches
1354,Cheick Konaté,ml MLI,"MF,DF",Clermont Foot,fr Ligue 1,19,2004,19,12,1068,11.9,1,1,2,1,0,0,4,0,0.08,0.08,0.17,0.08,0.17,Matches,1354,ml MLI,"MF,DF",19,2004,11.9,1,14,4,28.6,1.18,0.34,0.07,0.25,0,0,Matches
1355,Ibrahima Konaté,fr FRA,DF,Liverpool,eng Premier League,24,1999,22,17,1574,17.5,0,0,0,0,0,0,5,1,0.00,0.00,0.00,0.00,0.00,Matches,1355,fr FRA,DF,24,1999,17.5,0,11,2,18.2,0.63,0.11,0.00,0.00,0,0,Matches
1356,Geoffrey Kondogbia,cf CTA,MF,Marseille,fr Ligue 1,30,1993,26,15,1463,16.3,0,0,0,0,0,0,3,0,0.00,0.00,0.00,0.00,0.00,Matches,1356,cf CTA,MF,30,1993,16.3,0,8,1,12.5,0.49,0.06,0.00,0.00,0,0,Matches
1361,Manu Koné,fr FRA,MF,Gladbach,de Bundesliga,22,2001,22,18,1561,17.3,1,0,1,1,0,0,4,1,0.06,0.00,0.06,0.06,0.06,Matches,1361,fr FRA,MF,22,2001,17.3,1,24,8,33.3,1.38,0.46,0.04,0.13,0,0,Matches
1362,Ezri Konsa,eng ENG,DF,Aston Villa,eng Premier League,25,1997,35,35,3069,34.1,1,0,1,1,0,0,5,0,0.03,0.00,0.03,0.03,0.03,Matches,1362,eng ENG,DF,25,1997,34.1,1,19,5,26.3,0.56,0.15,0.05,0.20,0,0,Matches
1363,Teun Koopmeiners,nl NED,MF,Atalanta,it Serie A,25,1998,34,29,2627,29.2,12,5,17,10,2,2,5,0,0.41,0.17,0.58,0.34,0.51,Matches,1363,nl NED,MF,25,1998,29.2,12,54,20,37.0,1.85,0.69,0.22,0.60,2,2,Matches
1364,Odilon Kossounou,ci CIV,DF,Leverkusen,de Bundesliga,22,2001,22,21,1811,20.1,1,0,1,1,0,0,3,0,0.05,0.00,0.05,0.05,0.05,Matches,1364,ci CIV,DF,22,2001,20.1,1,5,1,20.0,0.25,0.05,0.20,1.00,0,0,Matches
1365,Filip Kostić,rs SRB,MF,Juventus,it Serie A,30,1992,29,26,1815,20.2,0,4,4,0,0,0,2,0,0.00,0.20,0.20,0.00,0.20,Matches,1365,rs SRB,MF,30,1992,20.2,0,21,3,14.3,1.04,0.15,0.00,0.00,0,0,Matches
1367,Christian Kouamé,ci CIV,MF,Fiorentina,it Serie A,25,1997,23,11,1089,12.1,2,1,3,2,0,0,0,0,0.17,0.08,0.25,0.17,0.25,Matches,1367,ci CIV,MF,25,1997,12.1,2,24,7,29.2,1.98,0.58,0.08,0.29,0,0,Matches
1368,Rominigue Kouamé,ml MLI,MF,Cádiz,es La Liga,26,1996,16,9,821,9.1,0,0,0,0,0,0,2,0,0.00,0.00,0.00,0.00,0.00,Matches,1368,ml MLI,MF,26,1996,9.1,0,5,0,0.0,0.55,0.00,0.00,,0,0,Matches
1369,Koffi Kouao,ci CIV,DF,Metz,fr Ligue 1,25,1998,13,10,860,9.6,0,2,2,0,0,0,2,0,0.00,0.21,0.21,0.00,0.21,Matches,1369,ci CIV,DF,25,1998,9.6,0,5,1,20.0,0.52,0.10,0.00,0.00,0,0,Matches
1372,Jules Koundé,fr FRA,DF,Barcelona,es La Liga,24,1998,35,32,2899,32.2,1,2,3,1,0,0,4,0,0.03,0.06,0.09,0.03,0.09,Matches,1372,fr FRA,DF,24,1998,32.2,1,24,7,29.2,0.75,0.22,0.04,0.14,0,0,Matches
1373,Boubakar Kouyaté,ml MLI,DF,Montpellier,fr Ligue 1,26,1997,23,22,1928,21.4,0,2,2,0,0,0,5,1,0.00,0.09,0.09,0.00,0.09,Matches,1373,ml MLI,DF,26,1997,21.4,0,13,2,15.4,0.61,0.09,0.00,0.00,0,0,Matches
1375,Mateo Kovačić,hr CRO,MF,Manchester City,eng Premier League,29,1994,30,16,1551,17.2,1,0,1,1,0,0,4,0,0.06,0.00,0.06,0.06,0.06,Matches,1375,hr CRO,MF,29,1994,17.2,1,22,5,22.7,1.28,0.29,0.05,0.20,0,0,Matches
1376,Viktor Kovalenko,ua UKR,MF,Empoli,it Serie A,27,1996,17,4,613,6.8,1,1,2,1,0,0,1,0,0.15,0.15,0.29,0.15,0.29,Matches,1376,ua UKR,MF,27,1996,6.8,1,11,4,36.4,1.62,0.59,0.09,0.25,0,0,Matches
1379,Emil Krafth,se SWE,DF,Newcastle,eng Premier League,28,1994,17,8,913,10.1,0,0,0,0,0,0,2,0,0.00,0.00,0.00,0.00,0.00,Matches,1379,se SWE,DF,28,1994,10.1,0,4,0,0.0,0.39,0.00,0.00,,0,0,Matches
1380,Alex Král,cz CZE,MF,Union Berlin,de Bundesliga,25,1998,24,13,1370,15.2,0,0,0,0,0,0,2,0,0.00,0.00,0.00,0.00,0.00,Matches,1380,cz CZE,MF,25,1998,15.2,0,18,5,27.8,1.18,0.33,0.00,0.00,0,0,Matches
1381,Andrej Kramarić,hr CRO,"MF,FW",Hoffenheim,de Bundesliga,32,1991,30,25,2199,24.4,15,6,21,10,5,5,4,0,0.61,0.25,0.86,0.41,0.65,Matches,1381,hr CRO,"MF,FW",32,1991,24.4,15,69,34,49.3,2.82,1.39,0.22,0.44,5,5,Matches
1384,Tom Krauß,de GER,MF,Mainz 05,de Bundesliga,22,2001,29,13,1346,15.0,1,2,3,1,0,0,5,0,0.07,0.13,0.20,0.07,0.20,Matches,1384,de GER,MF,22,2001,15.0,1,18,2,11.1,1.20,0.13,0.06,0.50,0,0,Matches
1385,Rasmus Kristensen,dk DEN,"MF,DF",Roma,it Serie A,26,1997,29,19,1744,19.4,1,1,2,1,0,0,5,0,0.05,0.05,0.10,0.05,0.10,Matches,1385,dk DEN,"MF,DF",26,1997,19.4,1,9,3,33.3,0.46,0.15,0.11,0.33,0,0,Matches
1386,Thomas Kristensen,dk DEN,DF,Udinese,it Serie A,21,2002,26,23,2096,23.3,0,1,1,0,0,0,4,1,0.00,0.04,0.04,0.00,0.04,Matches,1386,dk DEN,DF,21,2002,23.3,0,10,3,30.0,0.43,0.13,0.00,0.00,0,0,Matches
1387,Toni Kroos,de GER,MF,Real Madrid,es La Liga,33,1990,33,24,2124,23.6,1,8,9,1,0,0,3,0,0.04,0.34,0.38,0.04,0.38,Matches,1387,de GER,MF,33,1990,23.6,1,35,13,37.1,1.48,0.55,0.03,0.08,0,0,Matches
1388,Nikola Krstović,me MNE,FW,Lecce,it Serie A,23,2000,35,30,2373,26.4,7,1,8,6,1,3,4,1,0.27,0.04,0.30,0.23,0.27,Matches,1388,me MNE,FW,23,2000,26.4,7,92,22,23.9,3.49,0.83,0.08,0.32,1,3,Matches
1389,Rade Krunić,ba BIH,MF,Milan,it Serie A,29,1993,10,8,687,7.6,0,0,0,0,0,0,3,0,0.00,0.00,0.00,0.00,0.00,Matches,1389,ba BIH,MF,29,1993,7.6,0,2,0,0.0,0.26,0.00,0.00,,0,0,Matches
1390,Lukas Kübler,de GER,DF,Freiburg,de Bundesliga,30,1992,26,22,1847,20.5,1,0,1,1,0,0,7,0,0.05,0.00,0.05,0.05,0.05,Matches,1390,de GER,DF,30,1992,20.5,1,8,3,37.5,0.39,0.15,0.13,0.33,0,0,Matches
1391,Takefusa Kubo,jp JPN,"FW,MF",Real Sociedad,es La Liga,22,2001,30,24,2150,23.9,7,4,11,7,0,0,1,0,0.29,0.17,0.46,0.29,0.46,Matches,1391,jp JPN,"FW,MF",22,2001,23.9,7,46,21,45.7,1.93,0.88,0.15,0.33,0,0,Matches
1393,Mohammed Kudus,gh GHA,MF,West Ham,eng Premier League,22,2000,33,27,2484,27.6,8,6,14,8,0,0,6,0,0.29,0.22,0.51,0.29,0.51,Matches,1393,gh GHA,MF,22,2000,27.6,8,67,17,25.4,2.43,0.62,0.12,0.47,0,0,Matches
1395,Dejan Kulusevski,se SWE,"MF,FW",Tottenham,eng Premier League,23,2000,36,31,2762,30.7,8,3,11,8,0,0,7,0,0.26,0.10,0.36,0.26,0.36,Matches,1395,se SWE,"MF,FW",23,2000,30.7,8,57,24,42.1,1.86,0.78,0.14,0.33,0,0,Matches
1396,Sael Kumbedi,fr FRA,"DF,MF",Lyon,fr Ligue 1,18,2005,17,8,924,10.3,0,1,1,0,0,0,3,0,0.00,0.10,0.10,0.00,0.10,Matches,1396,fr FRA,"DF,MF",18,2005,10.3,0,6,4,66.7,0.58,0.39,0.00,0.00,0,0,Matches
1401,Daler Kuzyaev,ru RUS,MF,Le Havre,fr Ligue 1,30,1993,30,24,2090,23.2,2,2,4,2,0,0,1,0,0.09,0.09,0.17,0.09,0.17,Matches,1401,ru RUS,MF,30,1993,23.2,2,16,5,31.3,0.69,0.22,0.13,0.40,0,0,Matches
1402,Khvicha Kvaratskhelia,ge GEO,FW,Napoli,it Serie A,22,2001,34,32,2737,30.4,11,6,17,11,0,0,8,0,0.36,0.20,0.56,0.36,0.56,Matches,1402,ge GEO,FW,22,2001,30.4,11,129,45,34.9,4.24,1.48,0.09,0.24,0,0,Matches
1405,Grejohn Kyei,fr FRA,FW,Clermont Foot,fr Ligue 1,27,1995,26,10,1026,11.4,2,1,3,1,1,1,1,0,0.18,0.09,0.26,0.09,0.18,Matches,1405,fr FRA,FW,27,1995,11.4,2,31,8,25.8,2.72,0.70,0.06,0.25,1,1,Matches
1406,Giorgos Kyriakopoulos,gr GRE,"MF,DF",Monza,it Serie A,27,1996,28,20,1712,19.0,0,3,3,0,0,0,3,0,0.00,0.16,0.16,0.00,0.16,Matches,1406,gr GRE,"MF,DF",27,1996,19.0,0,24,2,8.3,1.26,0.11,0.00,0.00,0,0,Matches
1407,Luca de la Torre,us USA,MF,Celta Vigo,es La Liga,25,1998,31,22,1956,21.7,1,4,5,1,0,0,4,1,0.05,0.18,0.23,0.05,0.23,Matches,1407,us USA,MF,25,1998,21.7,1,24,8,33.3,1.10,0.37,0.04,0.13,0,0,Matches
1408,Gaëtan Laborde,fr FRA,"FW,MF",Nice,fr Ligue 1,29,1994,34,22,1906,21.2,5,2,7,4,1,2,2,0,0.24,0.09,0.33,0.19,0.28,Matches,1408,fr FRA,"FW,MF",29,1994,21.2,5,64,23,35.9,3.02,1.09,0.08,0.22,1,2,Matches
1409,Alexandre Lacazette,fr FRA,FW,Lyon,fr Ligue 1,32,1991,29,27,2293,25.5,19,2,21,17,2,2,3,1,0.75,0.08,0.82,0.67,0.75,Matches,1409,fr FRA,FW,32,1991,25.5,19,62,36,58.1,2.43,1.41,0.31,0.53,2,2,Matches
1410,Maxence Lacroix,fr FRA,DF,Wolfsburg,de Bundesliga,23,2000,28,27,2362,26.2,4,1,5,4,0,0,5,3,0.15,0.04,0.19,0.15,0.19,Matches,1410,fr FRA,DF,23,2000,26.2,4,12,8,66.7,0.46,0.30,0.33,0.50,0,0,Matches
1411,Alban Lafont,ci CIV,GK,Nantes,fr Ligue 1,24,1999,28,28,2496,27.7,0,0,0,0,0,0,2,0,0.00,0.00,0.00,0.00,0.00,Matches,1411,ci CIV,GK,24,1999,27.7,0,0,0,,0.00,0.00,,,0,0,Matches
1413,Aïssa Laïdouni,tn TUN,MF,Union Berlin,de Bundesliga,26,1996,23,10,1071,11.9,0,3,3,0,0,0,2,0,0.00,0.25,0.25,0.00,0.25,Matches,1413,tn TUN,MF,26,1996,11.9,0,13,5,38.5,1.09,0.42,0.00,0.00,0,0,Matches
1414,Konrad Laimer,at AUT,"MF,DF",Bayern Munich,de Bundesliga,26,1997,29,18,1772,19.7,0,3,3,0,0,0,3,0,0.00,0.15,0.15,0.00,0.15,Matches,1414,at AUT,"MF,DF",26,1997,19.7,0,17,5,29.4,0.86,0.25,0.00,0.00,0,0,Matches
1415,Stefan Lainer,at AUT,"MF,DF",Gladbach,de Bundesliga,30,1992,15,8,751,8.3,0,1,1,0,0,0,2,0,0.00,0.12,0.12,0.00,0.12,Matches,1415,at AUT,"MF,DF",30,1992,8.3,0,3,0,0.0,0.36,0.00,0.00,,0,0,Matches
1416,Kenny Lala,mg MAD,DF,Brest,fr Ligue 1,31,1991,33,33,2970,33.0,2,3,5,2,0,0,7,0,0.06,0.09,0.15,0.06,0.15,Matches,1416,mg MAD,DF,31,1991,33.0,2,14,7,50.0,0.42,0.21,0.14,0.29,0,0,Matches
1417,Adam Lallana,eng ENG,MF,Brighton,eng Premier League,35,1988,25,13,850,9.4,0,1,1,0,0,0,2,0,0.00,0.11,0.11,0.00,0.11,Matches,1417,eng ENG,MF,35,1988,9.4,0,11,2,18.2,1.16,0.21,0.00,0.00,0,0,Matches
1420,Mohamed Lamine Bayo,gn GUI,FW,Le Havre,fr Ligue 1,25,1998,22,16,1389,15.4,5,1,6,3,2,2,4,0,0.32,0.06,0.39,0.19,0.26,Matches,1420,gn GUI,FW,25,1998,15.4,5,47,19,40.4,3.05,1.23,0.11,0.26,2,2,Matches
1421,Didier Lamkel Zé,cm CMR,"FW,MF",Metz,fr Ligue 1,26,1996,9,7,550,6.1,1,0,1,1,0,0,1,0,0.16,0.00,0.16,0.16,0.16,Matches,1421,cm CMR,"FW,MF",26,1996,6.1,1,11,3,27.3,1.80,0.49,0.09,0.33,0,0,Matches
1422,Tariq Lamptey,gh GHA,"DF,MF",Brighton,eng Premier League,22,2000,19,10,914,10.2,0,3,3,0,0,0,3,0,0.00,0.30,0.30,0.00,0.30,Matches,1422,gh GHA,"DF,MF",22,2000,10.2,0,6,0,0.0,0.59,0.00,0.00,,0,0,Matches
1423,Bruno Langa,mz MOZ,DF,Almería,es La Liga,25,1997,11,9,820,9.1,1,0,1,1,0,0,1,1,0.11,0.00,0.11,0.11,0.11,Matches,1423,mz MOZ,DF,25,1997,9.1,1,8,2,25.0,0.88,0.22,0.13,0.50,0,0,Matches
1424,Gianluca Lapadula,pe PER,FW,Cagliari,it Serie A,33,1990,23,14,1205,13.4,3,1,4,2,1,1,3,0,0.22,0.07,0.30,0.15,0.22,Matches,1424,pe PER,FW,33,1990,13.4,3,35,11,31.4,2.61,0.82,0.09,0.27,1,1,Matches
1426,Julien Laporte,fr FRA,DF,Lorient,fr Ligue 1,29,1993,23,20,1818,20.2,0,0,0,0,0,0,4,0,0.00,0.00,0.00,0.00,0.00,Matches,1426,fr FRA,DF,29,1993,20.2,0,13,1,7.7,0.64,0.05,0.00,0.00,0,0,Matches
1427,Cyle Larin,ca CAN,FW,Mallorca,es La Liga,28,1995,35,20,1823,20.3,3,2,5,3,0,0,8,0,0.15,0.10,0.25,0.15,0.25,Matches,1427,ca CAN,FW,28,1995,20.3,3,69,25,36.2,3.41,1.23,0.04,0.12,0,0,Matches
1428,Yasser Larouci,dz ALG,MF,Sheffield United,eng Premier League,22,2001,11,6,531,5.9,0,0,0,0,0,0,1,0,0.00,0.00,0.00,0.00,0.00,Matches,1428,dz ALG,MF,22,2001,5.9,0,6,1,16.7,1.02,0.17,0.00,0.00,0,0,Matches
1429,Hugo Larsson,se SWE,MF,Frankfurt,de Bundesliga,19,2004,29,21,1886,21.0,2,1,3,2,0,0,1,0,0.10,0.05,0.14,0.10,0.14,Matches,1429,se SWE,MF,19,2004,21.0,2,10,4,40.0,0.48,0.19,0.20,0.50,0,0,Matches
1430,Jamaal Lascelles,eng ENG,DF,Newcastle,eng Premier League,29,1993,16,13,1080,12.0,1,0,1,1,0,0,4,0,0.08,0.00,0.08,0.08,0.08,Matches,1430,eng ENG,DF,29,1993,12.0,1,6,1,16.7,0.50,0.08,0.17,1.00,0,0,Matches
1431,Juanmi Latasa,es ESP,FW,Getafe,es La Liga,22,2001,32,15,1555,17.3,2,0,2,2,0,0,7,1,0.12,0.00,0.12,0.12,0.12,Matches,1431,es ESP,FW,22,2001,17.3,2,44,15,34.1,2.55,0.87,0.05,0.13,0,0,Matches
1432,Toni Lato,es ESP,DF,Mallorca,es La Liga,25,1997,28,16,1544,17.2,0,1,1,0,0,0,3,0,0.00,0.06,0.06,0.00,0.06,Matches,1432,es ESP,DF,25,1997,17.2,0,5,2,40.0,0.29,0.12,0.00,0.00,0,0,Matches
1433,Armand Lauriente,fr FRA,"MF,FW",Sassuolo,it Serie A,24,1998,37,35,2908,32.3,5,4,9,5,0,0,5,0,0.15,0.12,0.28,0.15,0.28,Matches,1433,fr FRA,"MF,FW",24,1998,32.3,5,84,30,35.7,2.60,0.93,0.06,0.17,0,0,Matches
1436,Valentino Lazaro,at AUT,MF,Torino,it Serie A,27,1996,35,21,1994,22.2,0,4,4,0,0,0,3,0,0.00,0.18,0.18,0.00,0.18,Matches,1436,at AUT,MF,27,1996,22.2,0,18,4,22.2,0.81,0.18,0.00,0.00,0,0,Matches
1437,Darko Lazović,rs SRB,MF,Hellas Verona,it Serie A,32,1990,32,22,1928,21.4,3,2,5,2,1,1,0,1,0.14,0.09,0.23,0.09,0.19,Matches,1437,rs SRB,MF,32,1990,21.4,3,34,14,41.2,1.59,0.65,0.09,0.21,1,1,Matches
1438,Manuel Lazzari,it ITA,"DF,MF",Lazio,it Serie A,29,1993,24,19,1671,18.6,0,2,2,0,0,0,4,1,0.00,0.11,0.11,0.00,0.11,Matches,1438,it ITA,"DF,MF",29,1993,18.6,0,8,2,25.0,0.43,0.11,0.00,0.00,0,0,Matches
1439,Théo Le Bris,fr FRA,MF,Lorient,fr Ligue 1,20,2002,26,15,1516,16.8,0,2,2,0,0,0,2,0,0.00,0.12,0.12,0.00,0.12,Matches,1439,fr FRA,MF,20,2002,16.8,0,13,2,15.4,0.77,0.12,0.00,0.00,0,0,Matches
1442,Jérémy Le Douaron,fr FRA,"FW,MF",Brest,fr Ligue 1,25,1998,33,19,1618,18.0,4,0,4,4,0,0,3,0,0.22,0.00,0.22,0.22,0.22,Matches,1442,fr FRA,"FW,MF",25,1998,18.0,4,50,21,42.0,2.78,1.17,0.08,0.19,0,0,Matches
1443,Enzo Le Fée,fr FRA,MF,Rennes,fr Ligue 1,23,2000,25,19,1527,17.0,0,1,1,0,0,0,3,0,0.00,0.06,0.06,0.00,0.06,Matches,1443,fr FRA,MF,23,2000,17.0,0,12,0,0.0,0.71,0.00,0.00,,0,0,Matches
1444,Vincent Le Goff,fr FRA,"MF,DF",Lorient,fr Ligue 1,33,1989,9,8,541,6.0,1,1,2,1,0,0,1,0,0.17,0.17,0.33,0.17,0.33,Matches,1444,fr FRA,"MF,DF",33,1989,6.0,1,4,1,25.0,0.67,0.17,0.25,1.00,0,0,Matches
1445,Robin Le Normand,es ESP,DF,Real Sociedad,es La Liga,26,1996,29,28,2469,27.4,2,0,2,2,0,0,13,0,0.07,0.00,0.07,0.07,0.07,Matches,1445,es ESP,DF,26,1996,27.4,2,9,5,55.6,0.33,0.18,0.22,0.40,0,0,Matches
1447,Rafael Leão,pt POR,"MF,FW",Milan,it Serie A,24,1999,34,29,2512,27.9,9,9,18,9,0,0,5,0,0.32,0.32,0.64,0.32,0.64,Matches,1447,pt POR,"MF,FW",24,1999,27.9,9,70,25,35.7,2.51,0.90,0.13,0.36,0,0,Matches
1450,Benjamin Lecomte,fr FRA,GK,Montpellier,fr Ligue 1,32,1991,30,30,2700,30.0,0,1,1,0,0,0,1,0,0.00,0.03,0.03,0.00,0.03,Matches,1450,fr FRA,GK,32,1991,30.0,0,0,0,,0.00,0.00,,,0,0,Matches
1451,Jeremías Ledesma,ar ARG,GK,Cádiz,es La Liga,30,1993,34,34,3048,33.9,0,0,0,0,0,0,0,0,0.00,0.00,0.00,0.00,0.00,Matches,1451,ar ARG,GK,30,1993,33.9,0,0,0,,0.00,0.00,,,0,0,Matches
1452,Pierre Lees-Melou,fr FRA,MF,Brest,fr Ligue 1,30,1993,29,29,2517,28.0,4,0,4,4,0,0,12,1,0.14,0.00,0.14,0.14,0.14,Matches,1452,fr FRA,MF,30,1993,28.0,4,52,13,25.0,1.86,0.46,0.08,0.31,0,0,Matches
1453,Diogo Leite,pt POR,DF,Union Berlin,de Bundesliga,24,1999,32,31,2702,30.0,0,0,0,0,0,0,6,0,0.00,0.00,0.00,0.00,0.00,Matches,1453,pt POR,DF,24,1999,30.0,0,12,4,33.3,0.40,0.13,0.00,0.00,0,0,Matches
1455,Florian Lejeune,fr FRA,DF,Rayo Vallecano,es La Liga,32,1991,37,37,3327,37.0,3,1,4,3,0,0,5,0,0.08,0.03,0.11,0.08,0.11,Matches,1455,fr FRA,DF,32,1991,37.0,3,64,21,32.8,1.73,0.57,0.05,0.14,0,0,Matches
1457,Iñigo Lekue,es ESP,DF,Athletic Club,es La Liga,30,1993,27,22,2002,22.2,0,2,2,0,0,0,4,0,0.00,0.09,0.09,0.00,0.09,Matches,1457,es ESP,DF,30,1993,22.2,0,5,0,0.0,0.22,0.00,0.00,,0,0,Matches
1459,Mario Lemina,ga GAB,MF,Wolves,eng Premier League,29,1993,35,34,2968,33.0,4,1,5,4,0,0,12,1,0.12,0.03,0.15,0.12,0.15,Matches,1459,ga GAB,MF,29,1993,33.0,4,48,18,37.5,1.46,0.55,0.08,0.22,0,0,Matches
1462,Clément Lenglet,fr FRA,DF,Aston Villa,eng Premier League,28,1995,14,14,1153,12.8,0,1,1,0,0,0,3,0,0.00,0.08,0.08,0.00,0.08,Matches,1462,fr FRA,DF,28,1995,12.8,0,7,2,28.6,0.55,0.16,0.00,0.00,0,0,Matches
1463,Bernd Leno,de GER,GK,Fulham,eng Premier League,31,1992,38,38,3420,38.0,0,0,0,0,0,0,3,0,0.00,0.00,0.00,0.00,0.00,Matches,1463,de GER,GK,31,1992,38.0,0,0,0,,0.00,0.00,,,0,0,Matches
1467,Jefferson Lerma,co COL,"MF,DF",Crystal Palace,eng Premier League,28,1994,28,27,2400,26.7,1,1,2,1,0,0,8,0,0.04,0.04,0.07,0.04,0.07,Matches,1467,co COL,"MF,DF",28,1994,26.7,1,34,9,26.5,1.27,0.34,0.03,0.11,0,0,Matches
1469,Robert Lewandowski,pl POL,FW,Barcelona,es La Liga,34,1988,35,32,2750,30.6,19,8,27,15,4,4,5,0,0.62,0.26,0.88,0.49,0.75,Matches,1469,pl POL,FW,34,1988,30.6,19,93,43,46.2,3.04,1.41,0.20,0.44,4,4,Matches
1470,Jamie Leweling,de GER,MF,Stuttgart,de Bundesliga,22,2001,34,17,1523,16.9,4,4,8,4,0,0,3,0,0.24,0.24,0.47,0.24,0.47,Matches,1470,de GER,MF,22,2001,16.9,4,43,22,51.2,2.54,1.30,0.09,0.18,0,0,Matches
1471,Rico Lewis,eng ENG,"DF,MF",Manchester City,eng Premier League,18,2004,16,8,809,9.0,2,0,2,2,0,0,1,0,0.22,0.00,0.22,0.22,0.22,Matches,1471,eng ENG,"DF,MF",18,2004,9.0,2,5,4,80.0,0.56,0.44,0.40,0.50,0,0,Matches
1472,Keane Lewis-Potter,eng ENG,"FW,MF",Brentford,eng Premier League,22,2001,30,15,1441,16.0,3,1,4,3,0,0,0,0,0.19,0.06,0.25,0.19,0.25,Matches,1472,eng ENG,"FW,MF",22,2001,16.0,3,43,22,51.2,2.69,1.37,0.07,0.14,0,0,Matches
1473,Philipp Lienhart,at AUT,DF,Freiburg,de Bundesliga,27,1996,15,14,1265,14.1,1,0,1,1,0,0,3,0,0.07,0.00,0.07,0.07,0.07,Matches,1473,at AUT,DF,27,1996,14.1,1,7,3,42.9,0.50,0.21,0.14,0.33,0,0,Matches
1474,Matthijs de Ligt,nl NED,DF,Bayern Munich,de Bundesliga,23,1999,22,16,1390,15.4,2,0,2,2,0,0,5,0,0.13,0.00,0.13,0.13,0.13,Matches,1474,nl NED,DF,23,1999,15.4,2,14,7,50.0,0.91,0.45,0.14,0.29,0,0,Matches
1475,Victor Lindelöf,se SWE,DF,Manchester Utd,eng Premier League,29,1994,19,14,1328,14.8,1,1,2,1,0,0,2,0,0.07,0.07,0.14,0.07,0.14,Matches,1475,se SWE,DF,29,1994,14.8,1,6,4,66.7,0.41,0.27,0.17,0.25,0,0,Matches
1478,Karol Linetty,pl POL,MF,Torino,it Serie A,28,1995,28,19,1858,20.6,0,0,0,0,0,0,12,0,0.00,0.00,0.00,0.00,0.00,Matches,1478,pl POL,MF,28,1995,20.6,0,16,1,6.3,0.78,0.05,0.00,0.00,0,0,Matches
1479,Samuel Lino,br BRA,"MF,DF",Atlético Madrid,es La Liga,23,1999,34,25,2080,23.1,4,5,9,4,0,0,1,0,0.17,0.22,0.39,0.17,0.39,Matches,1479,br BRA,"MF,DF",23,1999,23.1,4,54,21,38.9,2.34,0.91,0.07,0.19,0,0,Matches
1481,Pol Lirola,es ESP,"DF,MF",Frosinone,it Serie A,25,1997,25,18,1536,17.1,2,1,3,2,0,0,1,0,0.12,0.06,0.18,0.12,0.18,Matches,1481,es ESP,"DF,MF",25,1997,17.1,2,9,3,33.3,0.53,0.18,0.22,0.67,0,0,Matches
1483,Tino Livramento,eng ENG,DF,Newcastle,eng Premier League,20,2002,26,12,1314,14.6,1,0,1,1,0,0,1,0,0.07,0.00,0.07,0.07,0.07,Matches,1483,eng ENG,DF,20,2002,14.6,1,4,2,50.0,0.27,0.14,0.25,0.50,0,0,Matches
1484,Dejan Ljubičić,at AUT,MF,Köln,de Bundesliga,25,1997,26,24,2048,22.8,0,2,2,0,0,0,6,0,0.00,0.09,0.09,0.00,0.09,Matches,1484,at AUT,MF,25,1997,22.8,0,38,10,26.3,1.67,0.44,0.00,0.00,0,0,Matches
1486,Diego Llorente,es ESP,DF,Roma,it Serie A,29,1993,29,27,2170,24.1,1,1,2,1,0,0,5,0,0.04,0.04,0.08,0.04,0.08,Matches,1486,es ESP,DF,29,1993,24.1,1,9,4,44.4,0.37,0.17,0.11,0.25,0,0,Matches
1487,Marcos Llorente,es ESP,"MF,DF",Atlético Madrid,es La Liga,28,1995,37,29,2565,28.5,6,4,10,6,0,0,5,0,0.21,0.14,0.35,0.21,0.35,Matches,1487,es ESP,"MF,DF",28,1995,28.5,6,30,19,63.3,1.05,0.67,0.20,0.32,0,0,Matches
1488,Gautier Lloris,fr FRA,DF,Le Havre,fr Ligue 1,28,1995,31,31,2778,30.9,2,0,2,2,0,0,2,0,0.06,0.00,0.06,0.06,0.06,Matches,1488,fr FRA,DF,28,1995,30.9,2,16,5,31.3,0.52,0.16,0.13,0.40,0,0,Matches
1490,Giovani Lo Celso,ar ARG,MF,Tottenham,eng Premier League,27,1996,22,4,506,5.6,2,2,4,2,0,0,2,0,0.36,0.36,0.71,0.36,0.71,Matches,1490,ar ARG,MF,27,1996,5.6,2,13,6,46.2,2.31,1.07,0.15,0.33,0,0,Matches
1491,Stanislav Lobotka,sk SVK,MF,Napoli,it Serie A,28,1994,38,38,3282,36.5,0,1,1,0,0,0,4,0,0.00,0.03,0.03,0.00,0.03,Matches,1491,sk SVK,MF,28,1994,36.5,0,14,4,28.6,0.38,0.11,0.00,0.00,0,0,Matches
1492,Manuel Locatelli,it ITA,MF,Juventus,it Serie A,25,1998,36,34,3008,33.4,1,4,5,1,0,0,6,0,0.03,0.12,0.15,0.03,0.15,Matches,1492,it ITA,MF,25,1998,33.4,1,25,3,12.0,0.75,0.09,0.04,0.33,0,0,Matches
1493,Bradley Locko,fr FRA,DF,Brest,fr Ligue 1,21,2002,33,33,2959,32.9,0,3,3,0,0,0,5,0,0.00,0.09,0.09,0.00,0.09,Matches,1493,fr FRA,DF,21,2002,32.9,0,12,2,16.7,0.36,0.06,0.00,0.00,0,0,Matches
1494,Tom Lockyer,wls WAL,DF,Luton Town,eng Premier League,28,1994,14,14,1169,13.0,1,1,2,1,0,0,4,0,0.08,0.08,0.15,0.08,0.15,Matches,1494,wls WAL,DF,28,1994,13.0,1,7,1,14.3,0.54,0.08,0.14,1.00,0,0,Matches
1495,Renan Lodi,br BRA,"DF,MF",Marseille,fr Ligue 1,25,1998,14,14,1235,13.7,0,0,0,0,0,0,6,0,0.00,0.00,0.00,0.00,0.00,Matches,1495,br BRA,"DF,MF",25,1998,13.7,0,6,2,33.3,0.44,0.15,0.00,0.00,0,0,Matches
1496,Ruben Loftus-Cheek,eng ENG,MF,Milan,it Serie A,27,1996,29,26,2068,23.0,6,1,7,6,0,0,5,0,0.26,0.04,0.30,0.26,0.30,Matches,1496,eng ENG,MF,27,1996,23.0,6,41,14,34.1,1.78,0.61,0.15,0.43,0,0,Matches
1498,Enzo Loiodice,fr FRA,MF,Las Palmas,es La Liga,22,2000,34,19,1790,19.9,0,1,1,0,0,0,2,0,0.00,0.05,0.05,0.00,0.05,Matches,1498,fr FRA,MF,22,2000,19.9,0,16,6,37.5,0.80,0.30,0.00,0.00,0,0,Matches
1499,Sean Longstaff,eng ENG,MF,Newcastle,eng Premier League,25,1997,35,30,2747,30.5,6,2,8,6,0,0,7,0,0.20,0.07,0.26,0.20,0.26,Matches,1499,eng ENG,MF,25,1997,30.5,6,41,15,36.6,1.34,0.49,0.15,0.40,0,0,Matches
1500,Ademola Lookman,ng NGA,"FW,MF",Atalanta,it Serie A,25,1997,31,22,1894,21.0,11,7,18,11,0,0,4,0,0.52,0.33,0.86,0.52,0.86,Matches,1500,ng NGA,"FW,MF",25,1997,21.0,11,67,24,35.8,3.18,1.14,0.16,0.46,0,0,Matches
1502,Anthony Lopes,pt POR,GK,Lyon,fr Ligue 1,32,1990,31,31,2790,31.0,0,0,0,0,0,0,0,0,0.00,0.00,0.00,0.00,0.00,Matches,1502,pt POR,GK,32,1990,31.0,0,0,0,,0.00,0.00,,,0,0,Matches
1503,David López,es ESP,DF,Girona,es La Liga,33,1989,25,25,1965,21.8,3,0,3,3,0,0,4,0,0.14,0.00,0.14,0.14,0.14,Matches,1503,es ESP,DF,33,1989,21.8,3,16,6,37.5,0.73,0.27,0.19,0.50,0,0,Matches
1504,Diego López,es ESP,"MF,FW",Valencia,es La Liga,21,2002,36,30,2656,29.5,3,6,9,3,0,0,2,0,0.10,0.20,0.30,0.10,0.30,Matches,1504,es ESP,"MF,FW",21,2002,29.5,3,41,15,36.6,1.39,0.51,0.07,0.20,0,0,Matches
1505,Fermin López,es ESP,"MF,FW",Barcelona,es La Liga,20,2003,31,14,1446,16.1,8,0,8,8,0,0,2,0,0.50,0.00,0.50,0.50,0.50,Matches,1505,es ESP,"MF,FW",20,2003,16.1,8,51,25,49.0,3.17,1.56,0.16,0.32,0,0,Matches
1506,Javi López,es ESP,DF,Alavés,es La Liga,21,2002,32,25,2386,26.5,1,3,4,1,0,0,3,0,0.04,0.11,0.15,0.04,0.15,Matches,1506,es ESP,DF,21,2002,26.5,1,18,3,16.7,0.68,0.11,0.06,0.33,0,0,Matches
1507,Maxime Lopez,fr FRA,MF,Fiorentina,it Serie A,25,1997,19,7,800,8.9,0,0,0,0,0,0,1,0,0.00,0.00,0.00,0.00,0.00,Matches,1507,fr FRA,MF,25,1997,8.9,0,4,2,50.0,0.45,0.23,0.00,0.00,0,0,Matches
1509,Pau López,es ESP,GK,Marseille,fr Ligue 1,28,1994,33,33,2939,32.7,0,0,0,0,0,0,1,0,0.00,0.00,0.00,0.00,0.00,Matches,1509,es ESP,GK,28,1994,32.7,0,0,0,,0.00,0.00,,,0,0,Matches
1510,Unai López,es ESP,MF,Rayo Vallecano,es La Liga,27,1995,35,28,2108,23.4,1,2,3,1,0,0,8,0,0.04,0.09,0.13,0.04,0.13,Matches,1510,es ESP,MF,27,1995,23.4,1,32,5,15.6,1.37,0.21,0.03,0.20,0,0,Matches
1511,Dion Lopy,sn SEN,MF,Almería,es La Liga,21,2002,30,23,1916,21.3,0,0,0,0,0,0,5,0,0.00,0.00,0.00,0.00,0.00,Matches,1511,sn SEN,MF,21,2002,21.3,0,23,8,34.8,1.08,0.38,0.00,0.00,0,0,Matches
1512,Anthony Losilla,fr FRA,MF,Bochum,de Bundesliga,37,1986,31,31,2576,28.6,1,2,3,1,0,0,10,0,0.03,0.07,0.10,0.03,0.10,Matches,1512,fr FRA,MF,37,1986,28.6,1,27,6,22.2,0.94,0.21,0.04,0.17,0,0,Matches
1513,Jordan Lotomba,ch SUI,"DF,MF",Nice,fr Ligue 1,24,1998,28,21,1804,20.0,1,0,1,1,0,0,4,0,0.05,0.00,0.05,0.05,0.05,Matches,1513,ch SUI,"DF,MF",24,1998,20.0,1,11,2,18.2,0.55,0.10,0.09,0.50,0,0,Matches
1515,Imran Louza,ma MAR,MF,Lorient,fr Ligue 1,24,1999,14,10,863,9.6,1,3,4,1,0,0,1,0,0.10,0.31,0.42,0.10,0.42,Matches,1515,ma MAR,MF,24,1999,9.6,1,22,5,22.7,2.29,0.52,0.05,0.20,0,0,Matches
1516,Matteo Lovato,it ITA,DF,Torino,it Serie A,23,2000,13,6,544,6.0,0,0,0,0,0,0,2,0,0.00,0.00,0.00,0.00,0.00,Matches,1516,it ITA,DF,23,2000,6.0,0,1,0,0.0,0.17,0.00,0.00,,0,0,Matches
1517,Matteo Lovato,it ITA,DF,Salernitana,it Serie A,23,2000,13,11,947,10.5,0,0,0,0,0,0,2,0,0.00,0.00,0.00,0.00,0.00,Matches,1517,it ITA,DF,23,2000,10.5,0,1,0,0.0,0.10,0.00,0.00,,0,0,Matches
1518,Dejan Lovren,hr CRO,DF,Lyon,fr Ligue 1,34,1989,10,8,718,8.0,0,0,0,0,0,0,2,1,0.00,0.00,0.00,0.00,0.00,Matches,1518,hr CRO,DF,34,1989,8.0,0,6,4,66.7,0.75,0.50,0.00,0.00,0,0,Matches
1519,Sandi Lovrić,si SVN,MF,Udinese,it Serie A,25,1998,29,21,1987,22.1,1,3,4,1,0,0,1,1,0.05,0.14,0.18,0.05,0.18,Matches,1519,si SVN,MF,25,1998,22.1,1,43,12,27.9,1.95,0.54,0.02,0.08,0,0,Matches
1520,Max Lowe,eng ENG,"MF,DF",Sheffield United,eng Premier League,26,1997,10,4,503,5.6,0,0,0,0,0,0,1,0,0.00,0.00,0.00,0.00,0.00,Matches,1520,eng ENG,"MF,DF",26,1997,5.6,0,2,0,0.0,0.36,0.00,0.00,,0,0,Matches
1522,Anthony Lozano,hn HON,FW,Almería,es La Liga,30,1993,13,10,772,8.6,3,0,3,3,0,0,1,0,0.35,0.00,0.35,0.35,0.35,Matches,1522,hn HON,FW,30,1993,8.6,3,23,9,39.1,2.68,1.05,0.13,0.33,0,0,Matches
1523,Lucas,br BRA,DF,Cádiz,es La Liga,22,2001,28,15,1539,17.1,1,0,1,1,0,0,6,0,0.06,0.00,0.06,0.06,0.06,Matches,1523,br BRA,DF,22,2001,17.1,1,11,4,36.4,0.64,0.23,0.09,0.25,0,0,Matches
1524,Lorenzo Lucca,it ITA,FW,Udinese,it Serie A,22,2000,37,30,2592,28.8,8,4,12,8,0,0,6,0,0.28,0.14,0.42,0.28,0.42,Matches,1524,it ITA,FW,22,2000,28.8,8,61,26,42.6,2.12,0.90,0.13,0.31,0,0,Matches
1525,Jhon Lucumí,co COL,DF,Bologna,it Serie A,25,1998,29,23,2217,24.6,0,0,0,0,0,0,1,0,0.00,0.00,0.00,0.00,0.00,Matches,1525,co COL,DF,25,1998,24.6,0,11,2,18.2,0.45,0.08,0.00,0.00,0,0,Matches
1526,José Luis Gayà,es ESP,DF,Valencia,es La Liga,28,1995,24,22,1791,19.9,1,2,3,1,0,0,2,0,0.05,0.10,0.15,0.05,0.15,Matches,1526,es ESP,DF,28,1995,19.9,1,10,1,10.0,0.50,0.05,0.10,1.00,0,0,Matches
1527,José Luis Morales,es ESP,"FW,MF",Villarreal,es La Liga,36,1987,29,8,1048,11.6,7,0,7,7,0,0,0,0,0.60,0.00,0.60,0.60,0.60,Matches,1527,es ESP,"FW,MF",36,1987,11.6,7,26,12,46.2,2.23,1.03,0.27,0.58,0,0,Matches
1529,Douglas Luiz,br BRA,MF,Aston Villa,eng Premier League,25,1998,35,35,2993,33.3,9,5,14,5,4,4,12,0,0.27,0.15,0.42,0.15,0.30,Matches,1529,br BRA,MF,25,1998,33.3,9,48,17,35.4,1.44,0.51,0.19,0.53,4,4,Matches
1530,Romelu Lukaku,be BEL,FW,Roma,it Serie A,30,1993,32,30,2641,29.3,13,3,16,13,0,1,5,1,0.44,0.10,0.55,0.44,0.55,Matches,1530,be BEL,FW,30,1993,29.3,13,65,28,43.1,2.22,0.95,0.20,0.46,0,1,Matches
1531,Castello Lukeba,fr FRA,DF,RB Leipzig,de Bundesliga,20,2002,32,24,2191,24.3,1,0,1,1,0,0,3,0,0.04,0.00,0.04,0.04,0.04,Matches,1531,fr FRA,DF,20,2002,24.3,1,7,3,42.9,0.29,0.12,0.14,0.33,0,0,Matches
1532,Dodi Lukebakio,be BEL,"MF,FW",Sevilla,es La Liga,25,1997,23,12,1125,12.5,5,1,6,5,0,0,0,0,0.40,0.08,0.48,0.40,0.48,Matches,1532,be BEL,"MF,FW",25,1997,12.5,5,42,17,40.5,3.36,1.36,0.12,0.29,0,0,Matches
1533,Saša Lukić,rs SRB,MF,Fulham,eng Premier League,26,1996,24,13,1122,12.5,1,0,1,1,0,0,3,0,0.08,0.00,0.08,0.08,0.08,Matches,1533,rs SRB,MF,26,1996,12.5,1,13,3,23.1,1.04,0.24,0.08,0.33,0,0,Matches
1535,Andriy Lunin,ua UKR,GK,Real Madrid,es La Liga,24,1999,21,21,1890,21.0,0,0,0,0,0,0,2,0,0.00,0.00,0.00,0.00,0.00,Matches,1535,ua UKR,GK,24,1999,21.0,0,0,0,,0.00,0.00,,,0,0,Matches
1536,Sebastiano Luperto,it ITA,DF,Empoli,it Serie A,26,1996,38,38,3406,37.8,1,1,2,1,0,0,4,0,0.03,0.03,0.05,0.03,0.05,Matches,1536,it ITA,DF,26,1996,37.8,1,19,3,15.8,0.50,0.08,0.05,0.33,0,0,Matches
1539,Zito Luvumbo,ao ANG,"MF,FW",Cagliari,it Serie A,21,2002,30,19,1946,21.6,4,5,9,4,0,0,5,0,0.18,0.23,0.42,0.18,0.42,Matches,1539,ao ANG,"MF,FW",21,2002,21.6,4,51,16,31.4,2.36,0.74,0.08,0.25,0,0,Matches
1540,Babis Lykogiannis,gr GRE,DF,Bologna,it Serie A,29,1993,22,10,904,10.0,2,1,3,2,0,0,2,0,0.20,0.10,0.30,0.20,0.30,Matches,1540,gr GRE,DF,29,1993,10.0,2,15,4,26.7,1.49,0.40,0.13,0.50,0,0,Matches
1541,Senne Lynen,be BEL,MF,Werder Bremen,de Bundesliga,24,1999,32,20,1797,20.0,0,3,3,0,0,0,6,0,0.00,0.15,0.15,0.00,0.15,Matches,1541,be BEL,MF,24,1999,20.0,0,12,2,16.7,0.60,0.10,0.00,0.00,0,0,Matches
1544,Ian Maatsen,nl NED,DF,Dortmund,de Bundesliga,21,2002,16,15,1264,14.0,2,2,4,2,0,0,5,0,0.14,0.14,0.28,0.14,0.28,Matches,1544,nl NED,DF,21,2002,14.0,2,11,4,36.4,0.78,0.28,0.18,0.50,0,0,Matches
1546,Alexis Mac Allister,ar ARG,MF,Liverpool,eng Premier League,24,1998,33,31,2599,28.9,5,5,10,4,1,1,7,1,0.17,0.17,0.35,0.14,0.31,Matches,1546,ar ARG,MF,24,1998,28.9,5,44,9,20.5,1.52,0.31,0.11,0.56,1,1,Matches
1547,Deiver Machado,co COL,MF,Lens,fr Ligue 1,29,1993,19,13,1124,12.5,4,0,4,4,0,0,4,0,0.32,0.00,0.32,0.32,0.32,Matches,1547,co COL,MF,29,1993,12.5,4,16,8,50.0,1.28,0.64,0.25,0.50,0,0,Matches
1548,Darwin Machís,ve VEN,MF,Cádiz,es La Liga,30,1993,21,10,785,8.7,4,0,4,3,1,1,0,1,0.46,0.00,0.46,0.34,0.34,Matches,1548,ve VEN,MF,30,1993,8.7,4,21,10,47.6,2.41,1.15,0.19,0.40,1,1,Matches
1549,James Maddison,eng ENG,MF,Tottenham,eng Premier League,26,1996,28,26,2135,23.7,4,9,13,4,0,0,5,0,0.17,0.38,0.55,0.17,0.55,Matches,1549,eng ENG,MF,26,1996,23.7,4,57,22,38.6,2.40,0.93,0.07,0.18,0,0,Matches
1550,Noni Madueke,eng ENG,MF,Chelsea,eng Premier League,21,2002,23,13,1053,11.7,5,2,7,4,1,1,2,0,0.43,0.17,0.60,0.34,0.51,Matches,1550,eng ENG,MF,21,2002,11.7,5,32,13,40.6,2.74,1.11,0.16,0.38,1,1,Matches
1551,Pablo Maffeo,es ESP,"DF,MF",Mallorca,es La Liga,26,1997,22,17,1454,16.2,1,2,3,1,0,0,3,1,0.06,0.12,0.19,0.06,0.19,Matches,1551,es ESP,"DF,MF",26,1997,16.2,1,11,4,36.4,0.68,0.25,0.09,0.25,0,0,Matches
1552,Gabriel Magalhães,br BRA,DF,Arsenal,eng Premier League,25,1997,36,34,3044,33.8,4,0,4,4,0,0,4,0,0.12,0.00,0.12,0.12,0.12,Matches,1552,br BRA,DF,25,1997,33.8,4,31,10,32.3,0.92,0.30,0.13,0.40,0,0,Matches
1553,Soungoutou Magassa,fr FRA,DF,Monaco,fr Ligue 1,19,2003,21,15,1346,15.0,0,0,0,0,0,0,7,0,0.00,0.00,0.00,0.00,0.00,Matches,1553,fr FRA,DF,19,2003,15.0,0,8,3,37.5,0.53,0.20,0.00,0.00,0,0,Matches
1554,Giulio Maggiore,it ITA,MF,Salernitana,it Serie A,25,1998,27,20,1800,20.0,4,2,6,4,0,0,9,1,0.20,0.10,0.30,0.20,0.30,Matches,1554,it ITA,MF,25,1998,20.0,4,23,10,43.5,1.15,0.50,0.17,0.40,0,0,Matches
1555,Matej Maglica,hr CRO,DF,Darmstadt 98,de Bundesliga,24,1998,26,21,1698,18.9,1,0,1,1,0,0,7,2,0.05,0.00,0.05,0.05,0.05,Matches,1555,hr CRO,DF,24,1998,18.9,1,10,2,20.0,0.53,0.11,0.10,0.50,0,0,Matches
1556,Giangiacomo Magnani,it ITA,DF,Hellas Verona,it Serie A,27,1995,33,27,2444,27.2,0,0,0,0,0,0,6,0,0.00,0.00,0.00,0.00,0.00,Matches,1556,it ITA,DF,27,1995,27.2,0,11,2,18.2,0.41,0.07,0.00,0.00,0,0,Matches
1557,Hugo Magnetti,fr FRA,MF,Brest,fr Ligue 1,25,1998,33,30,2340,26.0,2,0,2,2,0,0,6,0,0.08,0.00,0.08,0.08,0.08,Matches,1557,fr FRA,MF,25,1998,26.0,2,36,11,30.6,1.38,0.42,0.06,0.18,0,0,Matches
1558,Yohann Magnin,fr FRA,MF,Clermont Foot,fr Ligue 1,26,1997,31,17,1687,18.7,1,0,1,1,0,0,2,0,0.05,0.00,0.05,0.05,0.05,Matches,1558,fr FRA,MF,26,1997,18.7,1,14,6,42.9,0.75,0.32,0.07,0.17,0,0,Matches
1559,Frank Magri,cm CMR,"FW,MF",Toulouse,fr Ligue 1,23,1999,29,14,1438,16.0,5,2,7,5,0,0,5,0,0.31,0.13,0.44,0.31,0.44,Matches,1559,cm CMR,"FW,MF",23,1999,16.0,5,41,14,34.1,2.57,0.88,0.12,0.36,0,0,Matches
1560,Harry Maguire,eng ENG,DF,Manchester Utd,eng Premier League,30,1993,22,18,1653,18.4,2,2,4,2,0,0,4,0,0.11,0.11,0.22,0.11,0.22,Matches,1560,eng ENG,DF,30,1993,18.4,2,20,3,15.0,1.09,0.16,0.10,0.67,0,0,Matches
1563,Arne Maier,de GER,"MF,FW",Augsburg,de Bundesliga,24,1999,22,10,1003,11.1,2,4,6,2,0,0,0,0,0.18,0.36,0.54,0.18,0.54,Matches,1563,de GER,"MF,FW",24,1999,11.1,2,22,5,22.7,1.97,0.45,0.09,0.40,0,0,Matches
1565,Mike Maignan,fr FRA,GK,Milan,it Serie A,28,1995,29,29,2609,29.0,0,1,1,0,0,0,1,1,0.00,0.03,0.03,0.00,0.03,Matches,1565,fr FRA,GK,28,1995,29.0,0,0,0,,0.00,0.00,,,0,0,Matches
1566,Linton Maina,de GER,MF,Köln,de Bundesliga,24,1999,31,21,1901,21.1,1,3,4,1,0,0,4,0,0.05,0.14,0.19,0.05,0.19,Matches,1566,de GER,MF,24,1999,21.1,1,33,11,33.3,1.56,0.52,0.03,0.09,0,0,Matches
1567,Patrick Mainka,de GER,DF,Heidenheim,de Bundesliga,28,1994,34,34,3060,34.0,2,0,2,2,0,0,1,0,0.06,0.00,0.06,0.06,0.06,Matches,1567,de GER,DF,28,1994,34.0,2,29,7,24.1,0.85,0.21,0.07,0.29,0,0,Matches
1568,Kobbie Mainoo,eng ENG,MF,Manchester Utd,eng Premier League,18,2005,24,24,1924,21.4,3,1,4,3,0,0,3,0,0.14,0.05,0.19,0.14,0.19,Matches,1568,eng ENG,MF,18,2005,21.4,3,11,5,45.5,0.51,0.23,0.27,0.60,0,0,Matches
1569,Ainsley Maitland-Niles,eng ENG,"DF,MF",Lyon,fr Ligue 1,25,1997,23,16,1432,15.9,1,4,5,0,1,1,1,1,0.06,0.25,0.31,0.00,0.25,Matches,1569,eng ENG,"DF,MF",25,1997,15.9,1,18,6,33.3,1.13,0.38,0.06,0.17,1,1,Matches
1570,Radosław Majecki,pl POL,GK,Monaco,fr Ligue 1,23,1999,12,12,1080,12.0,0,0,0,0,0,0,1,0,0.00,0.00,0.00,0.00,0.00,Matches,1570,pl POL,GK,23,1999,12.0,0,0,0,,0.00,0.00,,,0,0,Matches
1571,Lovro Majer,hr CRO,"MF,FW",Wolfsburg,de Bundesliga,25,1998,32,25,2106,23.4,5,5,10,3,2,2,5,0,0.21,0.21,0.43,0.13,0.34,Matches,1571,hr CRO,"MF,FW",25,1998,23.4,5,37,12,32.4,1.58,0.51,0.14,0.42,2,2,Matches
1574,Jordy Makengo,fr FRA,"DF,MF",Freiburg,de Bundesliga,21,2001,20,10,1026,11.4,0,0,0,0,0,0,1,0,0.00,0.00,0.00,0.00,0.00,Matches,1574,fr FRA,"DF,MF",21,2001,11.4,0,3,0,0.0,0.26,0.00,0.00,,0,0,Matches
1575,Antoine Makoumbou,cg CGO,MF,Cagliari,it Serie A,25,1998,32,32,2702,30.0,1,0,1,1,0,0,5,2,0.03,0.00,0.03,0.03,0.03,Matches,1575,cg CGO,MF,25,1998,30.0,1,8,2,25.0,0.27,0.07,0.13,0.50,0,0,Matches
1576,Nemanja Maksimović,rs SRB,MF,Getafe,es La Liga,28,1995,37,37,3265,36.3,4,0,4,4,0,0,4,0,0.11,0.00,0.11,0.11,0.11,Matches,1576,rs SRB,MF,28,1995,36.3,4,34,15,44.1,0.94,0.41,0.12,0.27,0,0,Matches
1577,Julián Malatini,ar ARG,DF,Werder Bremen,de Bundesliga,22,2001,11,6,602,6.7,1,0,1,1,0,0,1,0,0.15,0.00,0.15,0.15,0.15,Matches,1577,ar ARG,DF,22,2001,6.7,1,3,1,33.3,0.45,0.15,0.33,1.00,0,0,Matches
1580,Youssef Maleh,ma MAR,MF,Empoli,it Serie A,24,1998,34,30,2602,28.9,0,1,1,0,0,0,11,0,0.00,0.03,0.03,0.00,0.03,Matches,1580,ma MAR,MF,24,1998,28.9,0,18,2,11.1,0.62,0.07,0.00,0.00,0,0,Matches
1581,Donyell Malen,nl NED,"MF,FW",Dortmund,de Bundesliga,24,1999,27,21,1781,19.8,13,1,14,13,0,0,5,0,0.66,0.05,0.71,0.66,0.71,Matches,1581,nl NED,"MF,FW",24,1999,19.8,13,72,36,50.0,3.64,1.82,0.18,0.36,0,0,Matches
1582,Ruslan Malinovskyi,ua UKR,"MF,FW",Genoa,it Serie A,30,1993,28,18,1544,17.2,4,1,5,4,0,0,7,0,0.23,0.06,0.29,0.23,0.29,Matches,1582,ua UKR,"MF,FW",30,1993,17.2,4,39,13,33.3,2.27,0.76,0.10,0.31,0,0,Matches
1583,Lennard Maloney,us USA,MF,Heidenheim,de Bundesliga,23,1999,29,27,2284,25.4,1,1,2,1,0,0,1,0,0.04,0.04,0.08,0.04,0.08,Matches,1583,us USA,MF,23,1999,25.4,1,14,3,21.4,0.55,0.12,0.07,0.33,0,0,Matches
1585,Giorgi Mamardashvili,ge GEO,GK,Valencia,es La Liga,22,2000,37,37,3284,36.5,0,0,0,0,0,0,3,1,0.00,0.00,0.00,0.00,0.00,Matches,1585,ge GEO,GK,22,2000,36.5,0,0,0,,0.00,0.00,,,0,0,Matches
1588,Gianluca Mancini,it ITA,DF,Roma,it Serie A,27,1996,36,34,2869,31.9,4,1,5,4,0,0,9,0,0.13,0.03,0.16,0.13,0.16,Matches,1588,it ITA,DF,27,1996,31.9,4,19,7,36.8,0.60,0.22,0.21,0.57,0,0,Matches
1590,Steve Mandanda,fr FRA,GK,Rennes,fr Ligue 1,38,1985,34,34,3060,34.0,0,0,0,0,0,0,1,0,0.00,0.00,0.00,0.00,0.00,Matches,1590,fr FRA,GK,38,1985,34.0,0,0,0,,0.00,0.00,,,0,0,Matches
1591,Christos Mandas,gr GRE,GK,Lazio,it Serie A,21,2001,9,8,721,8.0,0,0,0,0,0,0,0,0,0.00,0.00,0.00,0.00,0.00,Matches,1591,gr GRE,GK,21,2001,8.0,0,0,0,,0.00,0.00,,,0,0,Matches
1592,Reinildo Mandava,mz MOZ,DF,Atlético Madrid,es La Liga,29,1994,16,7,731,8.1,2,1,3,2,0,0,2,0,0.25,0.12,0.37,0.25,0.37,Matches,1592,mz MOZ,DF,29,1994,8.1,2,5,3,60.0,0.62,0.37,0.40,0.67,0,0,Matches
1593,Aïssa Mandi,dz ALG,DF,Villarreal,es La Liga,31,1991,16,12,1113,12.4,1,0,1,1,0,0,3,0,0.08,0.00,0.08,0.08,0.08,Matches,1593,dz ALG,DF,31,1991,12.4,1,4,2,50.0,0.32,0.16,0.25,0.50,0,0,Matches
1594,Rolando Mandragora,it ITA,MF,Fiorentina,it Serie A,26,1997,33,16,1588,17.6,3,3,6,3,0,0,5,0,0.17,0.17,0.34,0.17,0.34,Matches,1594,it ITA,MF,26,1997,17.6,3,30,11,36.7,1.70,0.62,0.10,0.27,0,0,Matches
1596,Orel Mangala,be BEL,MF,Nottingham,eng Premier League,25,1998,20,19,1563,17.4,1,0,1,1,0,0,6,0,0.06,0.00,0.06,0.06,0.06,Matches,1596,be BEL,MF,25,1998,17.4,1,10,1,10.0,0.58,0.06,0.10,1.00,0,0,Matches
1599,Javier Manquillo,es ESP,"DF,MF",Celta Vigo,es La Liga,29,1994,12,10,744,8.3,0,1,1,0,0,0,3,0,0.00,0.12,0.12,0.00,0.12,Matches,1599,es ESP,"DF,MF",29,1994,8.3,0,1,0,0.0,0.12,0.00,0.00,,0,0,Matches
1605,Solly March,eng ENG,"MF,DF",Brighton,eng Premier League,29,1994,7,7,554,6.2,3,1,4,3,0,0,1,0,0.49,0.16,0.65,0.49,0.65,Matches,1605,eng ENG,"MF,DF",29,1994,6.2,3,14,6,42.9,2.27,0.97,0.21,0.50,0,0,Matches
1606,Riccardo Marchizza,it ITA,DF,Frosinone,it Serie A,25,1998,13,13,1148,12.8,0,4,4,0,0,0,1,0,0.00,0.31,0.31,0.00,0.31,Matches,1606,it ITA,DF,25,1998,12.8,0,8,3,37.5,0.63,0.24,0.00,0.00,0,0,Matches
1607,Gian Marco Ferrari,it ITA,DF,Sassuolo,it Serie A,31,1992,31,25,2272,25.2,1,0,1,1,0,0,4,0,0.04,0.00,0.04,0.04,0.04,Matches,1607,it ITA,DF,31,1992,25.2,1,16,6,37.5,0.63,0.24,0.06,0.17,0,0,Matches
1608,Óscar de Marcos,es ESP,DF,Athletic Club,es La Liga,34,1989,28,26,2258,25.1,1,5,6,1,0,0,5,0,0.04,0.20,0.24,0.04,0.24,Matches,1608,es ESP,DF,34,1989,25.1,1,5,2,40.0,0.20,0.08,0.20,0.50,0,0,Matches
1611,Pablo Marí,es ESP,DF,Monza,it Serie A,29,1993,34,30,2615,29.1,0,0,0,0,0,0,7,0,0.00,0.00,0.00,0.00,0.00,Matches,1611,es ESP,DF,29,1993,29.1,0,8,2,25.0,0.28,0.07,0.00,0.00,0,0,Matches
1612,José María Giménez,uy URU,DF,Atlético Madrid,es La Liga,28,1995,22,14,1326,14.7,0,0,0,0,0,0,5,0,0.00,0.00,0.00,0.00,0.00,Matches,1612,uy URU,DF,28,1995,14.7,0,7,1,14.3,0.48,0.07,0.00,0.00,0,0,Matches
1615,Rafa Marín,es ESP,DF,Alavés,es La Liga,21,2002,33,27,2443,27.1,0,0,0,0,0,0,6,0,0.00,0.00,0.00,0.00,0.00,Matches,1615,es ESP,DF,21,2002,27.1,0,13,3,23.1,0.48,0.11,0.00,0.00,0,0,Matches
1616,Răzvan Marin,ro ROU,MF,Empoli,it Serie A,27,1996,30,20,1818,20.2,0,3,3,0,0,0,3,0,0.00,0.15,0.15,0.00,0.15,Matches,1616,ro ROU,MF,27,1996,20.2,0,35,9,25.7,1.73,0.45,0.00,0.00,0,0,Matches
1618,Guillermo Maripán,cl CHI,DF,Monaco,fr Ligue 1,29,1994,23,21,1767,19.6,1,0,1,1,0,0,0,1,0.05,0.00,0.05,0.05,0.05,Matches,1618,cl CHI,DF,29,1994,19.6,1,11,5,45.5,0.56,0.25,0.09,0.20,0,0,Matches
1619,Mika Mármol,es ESP,DF,Las Palmas,es La Liga,22,2001,36,36,3178,35.3,0,1,1,0,0,0,6,1,0.00,0.03,0.03,0.00,0.03,Matches,1619,es ESP,DF,22,2001,35.3,0,3,0,0.0,0.08,0.00,0.00,,0,0,Matches
1620,Omar Marmoush,eg EGY,"FW,MF",Frankfurt,de Bundesliga,24,1999,29,27,2301,25.6,12,6,18,10,2,2,7,0,0.47,0.23,0.70,0.39,0.63,Matches,1620,eg EGY,"FW,MF",24,1999,25.6,12,78,33,42.3,3.05,1.29,0.15,0.36,2,2,Matches
1621,Marquinhos,br BRA,DF,PSG,fr Ligue 1,29,1994,21,18,1537,17.1,0,1,1,0,0,0,1,0,0.00,0.06,0.06,0.00,0.06,Matches,1621,br BRA,DF,29,1994,17.1,0,4,0,0.0,0.23,0.00,0.00,,0,0,Matches
1624,Agustín Martegani,ar ARG,MF,Salernitana,it Serie A,23,2000,18,6,731,8.1,1,0,1,1,0,0,1,0,0.12,0.00,0.12,0.12,0.12,Matches,1624,ar ARG,MF,23,2000,8.1,1,15,4,26.7,1.85,0.49,0.07,0.25,0,0,Matches
1625,Eric Martel,de GER,MF,Köln,de Bundesliga,21,2002,30,29,2457,27.3,1,1,2,1,0,0,6,0,0.04,0.04,0.07,0.04,0.07,Matches,1625,de GER,MF,21,2002,27.3,1,27,9,33.3,0.99,0.33,0.04,0.11,0,0,Matches
1626,Roger Martí,es ESP,FW,Cádiz,es La Liga,32,1991,23,18,1359,15.1,2,3,5,2,0,0,3,0,0.13,0.20,0.33,0.13,0.33,Matches,1626,es ESP,FW,32,1991,15.1,2,33,12,36.4,2.19,0.79,0.06,0.17,0,0,Matches
1628,Aarón Martín,es ESP,"MF,DF",Genoa,it Serie A,26,1997,22,17,1376,15.3,0,1,1,0,0,0,4,1,0.00,0.07,0.07,0.00,0.07,Matches,1628,es ESP,"MF,DF",26,1997,15.3,0,5,0,0.0,0.33,0.00,0.00,,0,0,Matches
1629,Iván Martín,es ESP,MF,Girona,es La Liga,24,1999,36,33,2729,30.3,5,4,9,5,0,0,5,0,0.16,0.13,0.30,0.16,0.30,Matches,1629,es ESP,MF,24,1999,30.3,5,19,11,57.9,0.63,0.36,0.26,0.45,0,0,Matches
1631,Jonas Martin,fr FRA,MF,Brest,fr Ligue 1,33,1990,31,9,1208,13.4,0,1,1,0,0,0,5,0,0.00,0.07,0.07,0.00,0.07,Matches,1631,fr FRA,MF,33,1990,13.4,0,10,3,30.0,0.75,0.22,0.00,0.00,0,0,Matches
1633,Gabriel Martinelli,br BRA,FW,Arsenal,eng Premier League,22,2001,35,24,2019,22.4,6,4,10,6,0,0,1,0,0.27,0.18,0.45,0.27,0.45,Matches,1633,br BRA,FW,22,2001,22.4,6,58,22,37.9,2.59,0.98,0.10,0.27,0,0,Matches
1635,Arnau Martinez,es ESP,DF,Girona,es La Liga,20,2003,21,14,1241,13.8,0,2,2,0,0,0,5,0,0.00,0.15,0.15,0.00,0.15,Matches,1635,es ESP,DF,20,2003,13.8,0,1,0,0.0,0.07,0.00,0.00,,0,0,Matches
1636,Emiliano Martínez,ar ARG,GK,Aston Villa,eng Premier League,30,1992,34,34,3015,33.5,0,0,0,0,0,0,4,0,0.00,0.00,0.00,0.00,0.00,Matches,1636,ar ARG,GK,30,1992,33.5,0,0,0,,0.00,0.00,,,0,0,Matches
1637,Iñigo Martínez,es ESP,DF,Barcelona,es La Liga,32,1991,20,13,1296,14.4,0,0,0,0,0,0,5,0,0.00,0.00,0.00,0.00,0.00,Matches,1637,es ESP,DF,32,1991,14.4,0,8,1,12.5,0.56,0.07,0.00,0.00,0,0,Matches
1638,Josep Martinez,es ESP,GK,Genoa,it Serie A,25,1998,36,36,3239,36.0,0,0,0,0,0,0,4,1,0.00,0.00,0.00,0.00,0.00,Matches,1638,es ESP,GK,25,1998,36.0,0,0,0,,0.00,0.00,,,0,0,Matches
1639,Lautaro Martínez,ar ARG,FW,Inter,it Serie A,25,1997,33,31,2656,29.5,24,3,27,22,2,3,5,0,0.81,0.10,0.91,0.75,0.85,Matches,1639,ar ARG,FW,25,1997,29.5,24,109,47,43.1,3.69,1.59,0.22,0.51,2,3,Matches
1640,Lisandro Martínez,ar ARG,DF,Manchester Utd,eng Premier League,25,1998,11,8,646,7.2,0,1,1,0,0,0,3,0,0.00,0.14,0.14,0.00,0.14,Matches,1640,ar ARG,DF,25,1998,7.2,0,0,0,,0.00,0.00,,,0,0,Matches
1642,Lucas Martínez Quarta,ar ARG,DF,Fiorentina,it Serie A,27,1996,29,26,2291,25.5,5,1,6,5,0,0,9,0,0.20,0.04,0.24,0.20,0.24,Matches,1642,ar ARG,DF,27,1996,25.5,5,24,7,29.2,0.94,0.27,0.21,0.71,0,0,Matches
1643,Adam Marušić,me MNE,"DF,MF",Lazio,it Serie A,30,1992,37,37,3100,34.4,1,0,1,1,0,0,3,1,0.03,0.00,0.03,0.03,0.03,Matches,1643,me MNE,"DF,MF",30,1992,34.4,1,8,3,37.5,0.23,0.09,0.13,0.33,0,0,Matches
1644,Marvin,es ESP,"MF,DF",Las Palmas,es La Liga,23,2000,31,17,1855,20.6,0,2,2,0,0,0,5,0,0.00,0.10,0.10,0.00,0.10,Matches,1644,es ESP,"MF,DF",23,2000,20.6,0,14,3,21.4,0.68,0.15,0.00,0.00,0,0,Matches
1645,Omar Mascarell,gq EQG,MF,Mallorca,es La Liga,30,1993,29,18,1571,17.5,0,0,0,0,0,0,8,1,0.00,0.00,0.00,0.00,0.00,Matches,1645,gq EQG,MF,30,1993,17.5,0,6,0,0.0,0.34,0.00,0.00,,0,0,Matches
1647,Adam Masina,ma MAR,DF,Torino,it Serie A,29,1994,16,10,1024,11.4,0,0,0,0,0,0,0,0,0.00,0.00,0.00,0.00,0.00,Matches,1647,ma MAR,DF,29,1994,11.4,0,5,1,20.0,0.44,0.09,0.00,0.00,0,0,Matches
1648,Erhan Mašović,rs SRB,"DF,MF",Bochum,de Bundesliga,24,1998,29,24,2219,24.7,0,0,0,0,0,0,7,0,0.00,0.00,0.00,0.00,0.00,Matches,1648,rs SRB,"DF,MF",24,1998,24.7,0,17,3,17.6,0.69,0.12,0.00,0.00,0,0,Matches
1651,Clinton Mata,ao ANG,"DF,MF",Lyon,fr Ligue 1,30,1992,28,25,2220,24.7,0,3,3,0,0,0,6,0,0.00,0.12,0.12,0.00,0.12,Matches,1651,ao ANG,"DF,MF",30,1992,24.7,0,14,0,0.0,0.57,0.00,0.00,,0,0,Matches
1652,Jaime Mata,es ESP,"FW,MF",Getafe,es La Liga,34,1988,35,22,1787,19.9,5,1,6,5,0,0,10,1,0.25,0.05,0.30,0.25,0.30,Matches,1652,es ESP,"FW,MF",34,1988,19.9,5,33,13,39.4,1.66,0.65,0.15,0.38,0,0,Matches
1653,Pape Matar Sarr,sn SEN,MF,Tottenham,eng Premier League,20,2002,34,27,2069,23.0,3,3,6,3,0,0,9,0,0.13,0.13,0.26,0.13,0.26,Matches,1653,sn SEN,MF,20,2002,23.0,3,36,14,38.9,1.57,0.61,0.08,0.21,0,0,Matches
1655,Jean-Philippe Mateta,fr FRA,FW,Crystal Palace,eng Premier League,26,1997,35,25,2282,25.4,16,5,21,14,2,2,3,0,0.63,0.20,0.83,0.55,0.75,Matches,1655,fr FRA,FW,26,1997,25.4,16,46,29,63.0,1.81,1.14,0.35,0.55,2,2,Matches
1656,Nemanja Matić,rs SRB,MF,Rennes,fr Ligue 1,34,1988,13,11,1027,11.4,0,0,0,0,0,0,7,0,0.00,0.00,0.00,0.00,0.00,Matches,1656,rs SRB,MF,34,1988,11.4,0,5,1,20.0,0.44,0.09,0.00,0.00,0,0,Matches
1657,Nemanja Matić,rs SRB,MF,Lyon,fr Ligue 1,34,1988,15,15,1254,13.9,0,0,0,0,0,0,2,0,0.00,0.00,0.00,0.00,0.00,Matches,1657,rs SRB,MF,34,1988,13.9,0,6,2,33.3,0.43,0.14,0.00,0.00,0,0,Matches
1658,Joël Matip,cm CMR,DF,Liverpool,eng Premier League,31,1991,10,9,781,8.7,0,0,0,0,0,0,2,0,0.00,0.00,0.00,0.00,0.00,Matches,1658,cm CMR,DF,31,1991,8.7,0,5,0,0.0,0.58,0.00,0.00,,0,0,Matches
1660,Chrislain Matsima,fr FRA,DF,Clermont Foot,fr Ligue 1,21,2002,14,13,1180,13.1,1,0,1,1,0,0,2,0,0.08,0.00,0.08,0.08,0.08,Matches,1660,fr FRA,DF,21,2002,13.1,1,5,2,40.0,0.38,0.15,0.20,0.50,0,0,Matches
1665,Azor Matusiwa,nl NED,MF,Reims,fr Ligue 1,25,1998,16,16,1385,15.4,1,0,1,1,0,0,3,0,0.06,0.00,0.06,0.06,0.06,Matches,1665,nl NED,MF,25,1998,15.4,1,12,2,16.7,0.78,0.13,0.08,0.50,0,0,Matches
1666,Azor Matusiwa,nl NED,MF,Rennes,fr Ligue 1,25,1998,12,9,794,8.8,0,1,1,0,0,0,2,0,0.00,0.11,0.11,0.00,0.11,Matches,1666,nl NED,MF,25,1998,8.8,0,6,1,16.7,0.68,0.11,0.00,0.00,0,0,Matches
1667,Neal Maupay,fr FRA,FW,Brentford,eng Premier League,26,1996,29,13,1321,14.7,6,3,9,6,0,0,8,0,0.41,0.20,0.61,0.41,0.61,Matches,1667,fr FRA,FW,26,1996,14.7,6,37,16,43.2,2.52,1.09,0.16,0.38,0,0,Matches
1670,Konstantinos Mavropanos,gr GRE,DF,West Ham,eng Premier League,25,1997,19,16,1500,16.7,1,0,1,1,0,0,2,0,0.06,0.00,0.06,0.06,0.06,Matches,1670,gr GRE,DF,25,1997,16.7,1,12,3,25.0,0.72,0.18,0.08,0.33,0,0,Matches
1671,Christian Mawissa,fr FRA,"DF,MF",Toulouse,fr Ligue 1,18,2005,17,12,1118,12.4,2,0,2,2,0,0,3,0,0.16,0.00,0.16,0.16,0.16,Matches,1671,fr FRA,"DF,MF",18,2005,12.4,2,5,2,40.0,0.40,0.16,0.40,1.00,0,0,Matches
1672,Philipp Max,de GER,"MF,DF",Frankfurt,de Bundesliga,29,1993,23,17,1350,15.0,1,2,3,1,0,0,2,0,0.07,0.13,0.20,0.07,0.20,Matches,1672,de GER,"MF,DF",29,1993,15.0,1,8,2,25.0,0.53,0.13,0.13,0.50,0,0,Matches
1673,Eric Maxim Choupo-Moting,cm CMR,MF,Bayern Munich,de Bundesliga,34,1989,27,7,717,8.0,2,2,4,2,0,0,1,0,0.25,0.25,0.50,0.25,0.50,Matches,1673,cm CMR,MF,34,1989,8.0,2,26,12,46.2,3.26,1.51,0.08,0.17,0,0,Matches
1674,Luís Maximiano,pt POR,GK,Almería,es La Liga,24,1999,33,33,2970,33.0,0,0,0,0,0,0,1,0,0.00,0.00,0.00,0.00,0.00,Matches,1674,pt POR,GK,24,1999,33.0,0,0,0,,0.00,0.00,,,0,0,Matches
1676,Borja Mayoral,es ESP,FW,Getafe,es La Liga,26,1997,27,25,2153,23.9,15,1,16,11,4,4,2,0,0.63,0.04,0.67,0.46,0.50,Matches,1676,es ESP,FW,26,1997,23.9,15,47,27,57.4,1.96,1.13,0.32,0.56,4,4,Matches
1679,Noussair Mazraoui,ma MAR,DF,Bayern Munich,de Bundesliga,25,1997,19,15,1197,13.3,0,3,3,0,0,0,3,0,0.00,0.23,0.23,0.00,0.23,Matches,1679,ma MAR,DF,25,1997,13.3,0,12,3,25.0,0.90,0.23,0.00,0.00,0,0,Matches
1680,Luca Mazzitelli,it ITA,MF,Frosinone,it Serie A,27,1995,29,26,2210,24.6,5,0,5,5,0,0,6,1,0.20,0.00,0.20,0.20,0.20,Matches,1680,it ITA,MF,27,1995,24.6,5,49,18,36.7,2.00,0.73,0.10,0.28,0,0,Matches
1681,Pasquale Mazzocchi,it ITA,"MF,DF",Salernitana,it Serie A,28,1995,18,16,1272,14.1,0,1,1,0,0,0,4,0,0.00,0.07,0.07,0.00,0.07,Matches,1681,it ITA,"MF,DF",28,1995,14.1,0,8,1,12.5,0.57,0.07,0.00,0.00,0,0,Matches
1683,Kevin Mbabu,ch SUI,"DF,MF",Augsburg,de Bundesliga,28,1995,25,22,2047,22.7,0,2,2,0,0,0,5,0,0.00,0.09,0.09,0.00,0.09,Matches,1683,ch SUI,"DF,MF",28,1995,22.7,0,4,1,25.0,0.18,0.04,0.00,0.00,0,0,Matches
1686,Kylian Mbappé,fr FRA,FW,PSG,fr Ligue 1,24,1998,29,24,2158,24.0,27,7,34,21,6,8,4,0,1.13,0.29,1.42,0.88,1.17,Matches,1686,fr FRA,FW,24,1998,24.0,27,120,59,49.2,5.00,2.46,0.23,0.46,6,8,Matches
1689,Chancel Mbemba,cd COD,DF,Marseille,fr Ligue 1,28,1994,25,25,2207,24.5,2,2,4,2,0,0,1,0,0.08,0.08,0.16,0.08,0.16,Matches,1689,cd COD,DF,28,1994,24.5,2,19,2,10.5,0.77,0.08,0.11,1.00,0,0,Matches
1691,Bryan Mbeumo,cm CMR,FW,Brentford,eng Premier League,23,1999,25,22,1960,21.8,9,6,15,6,3,3,2,0,0.41,0.28,0.69,0.28,0.55,Matches,1691,cm CMR,FW,23,1999,21.8,9,53,20,37.7,2.43,0.92,0.17,0.45,3,3,Matches
1696,James Mcatee,eng ENG,"MF,FW",Sheffield United,eng Premier League,20,2002,30,20,1822,20.2,3,3,6,2,1,1,2,0,0.15,0.15,0.30,0.10,0.25,Matches,1696,eng ENG,"MF,FW",20,2002,20.2,3,26,9,34.6,1.28,0.44,0.12,0.33,1,1,Matches
1698,Oliver McBurnie,sct SCO,FW,Sheffield United,eng Premier League,27,1996,21,15,1280,14.2,6,3,9,4,2,2,7,2,0.42,0.21,0.63,0.28,0.49,Matches,1698,sct SCO,FW,27,1996,14.2,6,33,17,51.5,2.32,1.20,0.18,0.35,2,2,Matches
1700,John McGinn,sct SCO,MF,Aston Villa,eng Premier League,28,1994,35,35,2999,33.3,6,4,10,6,0,0,9,1,0.18,0.12,0.30,0.18,0.30,Matches,1700,sct SCO,MF,28,1994,33.3,6,40,16,40.0,1.20,0.48,0.15,0.38,0,0,Matches
1702,Weston McKennie,us USA,MF,Juventus,it Serie A,24,1998,34,29,2594,28.8,0,7,7,0,0,0,6,0,0.00,0.24,0.24,0.00,0.24,Matches,1702,us USA,MF,24,1998,28.8,0,23,7,30.4,0.80,0.24,0.00,0.00,0,0,Matches
1703,Dwight McNeil,eng ENG,MF,Everton,eng Premier League,23,1999,35,33,2892,32.1,3,6,9,3,0,0,2,0,0.09,0.19,0.28,0.09,0.28,Matches,1703,eng ENG,MF,23,1999,32.1,3,57,15,26.3,1.77,0.47,0.05,0.20,0,0,Matches
1704,Scott McTominay,sct SCO,"MF,FW",Manchester Utd,eng Premier League,26,1996,32,18,1901,21.1,7,1,8,7,0,0,2,0,0.33,0.05,0.38,0.33,0.38,Matches,1704,sct SCO,"MF,FW",26,1996,21.1,7,44,19,43.2,2.08,0.90,0.16,0.37,0,0,Matches
1705,Facundo Medina,ar ARG,DF,Lens,fr Ligue 1,24,1999,31,30,2714,30.2,1,3,4,1,0,0,11,0,0.03,0.10,0.13,0.03,0.13,Matches,1705,ar ARG,DF,24,1999,30.2,1,21,12,57.1,0.70,0.40,0.05,0.08,0,0,Matches
1706,Ben Mee,eng ENG,DF,Brentford,eng Premier League,33,1989,16,15,1272,14.1,2,0,2,2,0,0,1,1,0.14,0.00,0.14,0.14,0.14,Matches,1706,eng ENG,DF,33,1989,14.1,2,10,2,20.0,0.71,0.14,0.20,1.00,0,0,Matches
1707,Marvin Mehlem,de GER,MF,Darmstadt 98,de Bundesliga,25,1997,20,19,1482,16.5,3,2,5,3,0,0,3,0,0.18,0.12,0.30,0.18,0.30,Matches,1707,de GER,MF,25,1997,16.5,3,23,8,34.8,1.40,0.49,0.13,0.38,0,0,Matches
1708,Bamo Meïté,ci CIV,DF,Marseille,fr Ligue 1,21,2001,16,6,638,7.1,0,0,0,0,0,0,1,0,0.00,0.00,0.00,0.00,0.00,Matches,1708,ci CIV,DF,21,2001,7.1,0,1,0,0.0,0.14,0.00,0.00,,0,0,Matches
1712,Óscar Melendo,es ESP,"MF,FW",Granada,es La Liga,25,1997,26,15,1122,12.5,0,0,0,0,0,0,2,0,0.00,0.00,0.00,0.00,0.00,Matches,1712,es ESP,"MF,FW",25,1997,12.5,0,6,2,33.3,0.48,0.16,0.00,0.00,0,0,Matches
1713,Gonzalo Melero,es ESP,"MF,FW",Almería,es La Liga,29,1994,28,10,1103,12.3,1,1,2,1,0,0,3,0,0.08,0.08,0.16,0.08,0.16,Matches,1713,es ESP,"MF,FW",29,1994,12.3,1,14,4,28.6,1.14,0.33,0.07,0.25,0,0,Matches
1715,Arthur Melo,br BRA,MF,Fiorentina,it Serie A,26,1996,33,23,1986,22.1,2,3,5,1,1,1,2,0,0.09,0.14,0.23,0.05,0.18,Matches,1715,br BRA,MF,26,1996,22.1,2,12,6,50.0,0.54,0.27,0.17,0.33,1,1,Matches
1716,Memphis,nl NED,FW,Atlético Madrid,es La Liga,29,1994,23,9,893,9.9,5,1,6,5,0,0,2,0,0.50,0.10,0.60,0.50,0.60,Matches,1716,nl NED,FW,29,1994,9.9,5,38,15,39.5,3.83,1.51,0.13,0.33,0,0,Matches
1720,Brais Méndez,es ESP,"MF,FW",Real Sociedad,es La Liga,26,1997,32,27,2413,26.8,5,6,11,5,0,0,7,0,0.19,0.22,0.41,0.19,0.41,Matches,1720,es ESP,"MF,FW",26,1997,26.8,5,66,17,25.8,2.46,0.63,0.08,0.29,0,0,Matches
1721,Bruno Méndez,uy URU,DF,Granada,es La Liga,23,1999,17,15,1333,14.8,2,0,2,2,0,0,4,0,0.14,0.00,0.14,0.14,0.14,Matches,1721,uy URU,DF,23,1999,14.8,2,8,5,62.5,0.54,0.34,0.25,0.40,0,0,Matches
1725,Benjamin Mendy,fr FRA,"MF,DF",Lorient,fr Ligue 1,29,1994,15,7,711,7.9,2,1,3,2,0,0,3,0,0.25,0.13,0.38,0.25,0.38,Matches,1725,fr FRA,"MF,DF",29,1994,7.9,2,13,4,30.8,1.65,0.51,0.15,0.50,0,0,Matches
1726,Ferland Mendy,fr FRA,DF,Real Madrid,es La Liga,28,1995,23,21,1720,19.1,0,0,0,0,0,0,5,0,0.00,0.00,0.00,0.00,0.00,Matches,1726,fr FRA,DF,28,1995,19.1,0,5,2,40.0,0.26,0.10,0.00,0.00,0,0,Matches
1727,Formose Mendy,sn SEN,DF,Lorient,fr Ligue 1,22,2001,18,13,1256,14.0,0,0,0,0,0,0,6,0,0.00,0.00,0.00,0.00,0.00,Matches,1727,sn SEN,DF,22,2001,14.0,0,7,2,28.6,0.50,0.14,0.00,0.00,0,0,Matches
1728,Nampalys Mendy,sn SEN,MF,Lens,fr Ligue 1,31,1992,16,13,1052,11.7,0,1,1,0,0,0,2,0,0.00,0.09,0.09,0.00,0.09,Matches,1728,sn SEN,MF,31,1992,11.7,0,7,2,28.6,0.60,0.17,0.00,0.00,0,0,Matches
1729,Teden Mengi,eng ENG,DF,Luton Town,eng Premier League,21,2002,30,28,2469,27.4,1,0,1,1,0,0,3,0,0.04,0.00,0.04,0.04,0.04,Matches,1729,eng ENG,DF,21,2002,27.4,1,11,4,36.4,0.40,0.15,0.09,0.25,0,0,Matches
1730,Chris Mepham,wls WAL,DF,Bournemouth,eng Premier League,25,1997,10,6,617,6.9,0,1,1,0,0,0,2,0,0.00,0.15,0.15,0.00,0.15,Matches,1730,wls WAL,DF,25,1997,6.9,0,1,1,100.0,0.15,0.15,0.00,0.00,0,0,Matches
1731,Jorge Meré,es ESP,DF,Cádiz,es La Liga,26,1997,10,8,673,7.5,0,0,0,0,0,0,0,0,0.00,0.00,0.00,0.00,0.00,Matches,1731,es ESP,DF,26,1997,7.5,0,4,1,25.0,0.53,0.13,0.00,0.00,0,0,Matches
1732,Alex Meret,it ITA,GK,Napoli,it Serie A,26,1997,31,31,2773,30.8,0,0,0,0,0,0,0,0,0.00,0.00,0.00,0.00,0.00,Matches,1732,it ITA,GK,26,1997,30.8,0,0,0,,0.00,0.00,,,0,0,Matches
1733,Mikel Merino,es ESP,MF,Real Sociedad,es La Liga,27,1996,32,27,2482,27.6,5,3,8,5,0,0,10,0,0.18,0.11,0.29,0.18,0.29,Matches,1733,es ESP,MF,27,1996,27.6,5,30,11,36.7,1.09,0.40,0.17,0.45,0,0,Matches
1734,Quentin Merlin,fr FRA,"DF,MF",Marseille,fr Ligue 1,21,2002,10,8,703,7.8,0,1,1,0,0,0,1,0,0.00,0.13,0.13,0.00,0.13,Matches,1734,fr FRA,"DF,MF",21,2002,7.8,0,5,1,20.0,0.64,0.13,0.00,0.00,0,0,Matches
1735,Quentin Merlin,fr FRA,"MF,DF",Nantes,fr Ligue 1,21,2002,16,15,1283,14.3,0,1,1,0,0,0,0,0,0.00,0.07,0.07,0.00,0.07,Matches,1735,fr FRA,"MF,DF",21,2002,14.3,0,14,3,21.4,0.98,0.21,0.00,0.00,0,0,Matches
1736,Junior Messias,br BRA,"MF,FW",Genoa,it Serie A,32,1991,18,13,1053,11.7,1,0,1,1,0,0,0,0,0.09,0.00,0.09,0.09,0.09,Matches,1736,br BRA,"MF,FW",32,1991,11.7,1,22,3,13.6,1.88,0.26,0.05,0.33,0,0,Matches
1737,Thomas Meunier,be BEL,DF,Dortmund,de Bundesliga,31,1991,8,7,586,6.5,0,0,0,0,0,0,0,0,0.00,0.00,0.00,0.00,0.00,Matches,1737,be BEL,DF,31,1991,6.5,0,8,1,12.5,1.23,0.15,0.00,0.00,0,0,Matches
1739,Alexander Meyer,de GER,GK,Dortmund,de Bundesliga,32,1991,8,7,695,7.7,0,0,0,0,0,0,0,0,0.00,0.00,0.00,0.00,0.00,Matches,1739,de GER,GK,32,1991,7.7,0,0,0,,0.00,0.00,,,0,0,Matches
1742,Sven Michel,de GER,"FW,MF",Augsburg,de Bundesliga,33,1990,22,5,583,6.5,2,1,3,1,1,2,2,0,0.31,0.15,0.46,0.15,0.31,Matches,1742,de GER,"FW,MF",33,1990,6.5,2,14,7,50.0,2.16,1.08,0.14,0.29,1,2,Matches
1744,Georges Mikautadze,ge GEO,FW,Metz,fr Ligue 1,22,2000,20,20,1747,19.4,13,4,17,10,3,3,0,1,0.67,0.21,0.88,0.52,0.72,Matches,1744,ge GEO,FW,22,2000,19.4,13,57,27,47.4,2.94,1.39,0.23,0.48,3,3,Matches
1745,Nikola Milenković,rs SRB,DF,Fiorentina,it Serie A,25,1997,34,27,2510,27.9,0,0,0,0,0,0,4,0,0.00,0.00,0.00,0.00,0.00,Matches,1745,rs SRB,DF,25,1997,27.9,0,10,3,30.0,0.36,0.11,0.00,0.00,0,0,Matches
1746,Lewis Miley,eng ENG,MF,Newcastle,eng Premier League,17,2006,17,14,1202,13.4,1,3,4,1,0,0,1,0,0.07,0.22,0.30,0.07,0.30,Matches,1746,eng ENG,MF,17,2006,13.4,1,13,3,23.1,0.97,0.22,0.08,0.33,0,0,Matches
1747,Arkadiusz Milik,pl POL,FW,Juventus,it Serie A,29,1994,32,7,919,10.2,4,1,5,4,0,0,2,1,0.39,0.10,0.49,0.39,0.49,Matches,1747,pl POL,FW,29,1994,10.2,4,36,13,36.1,3.53,1.27,0.11,0.31,0,0,Matches
1748,Vanja Milinković-Savić,rs SRB,GK,Torino,it Serie A,26,1997,36,36,3240,36.0,0,0,0,0,0,0,2,0,0.00,0.00,0.00,0.00,0.00,Matches,1748,rs SRB,GK,26,1997,36.0,0,0,0,,0.00,0.00,,,0,0,Matches
1750,Luis Milla,es ESP,MF,Getafe,es La Liga,28,1994,27,25,2115,23.5,0,1,1,0,0,0,6,0,0.00,0.04,0.04,0.00,0.04,Matches,1750,es ESP,MF,28,1994,23.5,0,16,5,31.3,0.68,0.21,0.00,0.00,0,0,Matches
1751,Enzo Millot,fr FRA,MF,Stuttgart,de Bundesliga,21,2002,31,27,2241,24.9,5,4,9,4,1,1,5,0,0.20,0.16,0.36,0.16,0.32,Matches,1751,fr FRA,MF,21,2002,24.9,5,39,18,46.2,1.57,0.72,0.13,0.28,1,1,Matches
1752,James Milner,eng ENG,"DF,MF",Brighton,eng Premier League,37,1986,15,11,773,8.6,0,2,2,0,0,0,3,0,0.00,0.23,0.23,0.00,0.23,Matches,1752,eng ENG,"DF,MF",37,1986,8.6,0,5,1,20.0,0.58,0.12,0.00,0.00,0,0,Matches
1755,Kim Min-jae,kr KOR,DF,Bayern Munich,de Bundesliga,26,1996,25,22,1970,21.9,1,1,2,1,0,0,3,0,0.05,0.05,0.09,0.05,0.09,Matches,1755,kr KOR,DF,26,1996,21.9,1,10,3,30.0,0.46,0.14,0.10,0.33,0,0,Matches
1757,Yerry Mina,co COL,DF,Cagliari,it Serie A,28,1994,14,14,1215,13.5,2,0,2,1,1,1,4,0,0.15,0.00,0.15,0.07,0.07,Matches,1757,co COL,DF,28,1994,13.5,2,3,2,66.7,0.22,0.15,0.67,1.00,1,1,Matches
1758,Takumi Minamino,jp JPN,MF,Monaco,fr Ligue 1,28,1995,30,25,2117,23.5,9,6,15,9,0,0,4,0,0.38,0.26,0.64,0.38,0.64,Matches,1758,jp JPN,MF,28,1995,23.5,9,61,29,47.5,2.59,1.23,0.15,0.31,0,0,Matches
1759,Lucas Mincarelli,fr FRA,"DF,MF",Montpellier,fr Ligue 1,19,2004,13,12,978,10.9,1,1,2,1,0,0,1,1,0.09,0.09,0.18,0.09,0.18,Matches,1759,fr FRA,"DF,MF",19,2004,10.9,1,6,3,50.0,0.55,0.28,0.17,0.33,0,0,Matches
1761,Óscar Mingueza,es ESP,"DF,MF",Celta Vigo,es La Liga,24,1999,38,33,2998,33.3,2,2,4,2,0,0,4,0,0.06,0.06,0.12,0.06,0.12,Matches,1761,es ESP,"DF,MF",24,1999,33.3,2,28,13,46.4,0.84,0.39,0.07,0.15,0,0,Matches
1762,Ignasi Miquel,es ESP,DF,Granada,es La Liga,30,1992,34,33,2992,33.2,1,1,2,1,0,0,5,0,0.03,0.03,0.06,0.03,0.06,Matches,1762,es ESP,DF,30,1992,33.2,1,22,8,36.4,0.66,0.24,0.05,0.13,0,0,Matches
1765,Aleksei Miranchuk,ru RUS,"MF,FW",Atalanta,it Serie A,27,1995,27,12,1176,13.1,3,5,8,3,0,0,1,0,0.23,0.38,0.61,0.23,0.61,Matches,1765,ru RUS,"MF,FW",27,1995,13.1,3,38,22,57.9,2.91,1.68,0.08,0.14,0,0,Matches
1766,Juan Miranda,es ESP,DF,Real Betis,es La Liga,23,2000,25,21,1858,20.6,1,1,2,1,0,0,8,0,0.05,0.05,0.10,0.05,0.10,Matches,1766,es ESP,DF,23,2000,20.6,1,16,6,37.5,0.78,0.29,0.06,0.17,0,0,Matches
1769,Fabio Miretti,it ITA,MF,Juventus,it Serie A,19,2003,25,16,1103,12.3,1,1,2,1,0,0,3,0,0.08,0.08,0.16,0.08,0.16,Matches,1769,it ITA,MF,19,2003,12.3,1,20,3,15.0,1.63,0.24,0.05,0.33,0,0,Matches
1771,Tyrick Mitchell,eng ENG,"DF,MF",Crystal Palace,eng Premier League,23,1999,37,37,3204,35.6,2,3,5,2,0,0,6,0,0.06,0.08,0.14,0.06,0.14,Matches,1771,eng ENG,"DF,MF",23,1999,35.6,2,12,4,33.3,0.34,0.11,0.17,0.50,0,0,Matches
1772,Kaoru Mitoma,jp JPN,"MF,FW",Brighton,eng Premier League,26,1997,19,15,1486,16.5,3,4,7,3,0,0,4,0,0.18,0.24,0.42,0.18,0.42,Matches,1772,jp JPN,"MF,FW",26,1997,16.5,3,34,15,44.1,2.06,0.91,0.09,0.20,0,0,Matches
1775,Stefan Mitrović,rs SRB,DF,Getafe,es La Liga,33,1990,11,9,699,7.8,1,0,1,1,0,0,3,0,0.13,0.00,0.13,0.13,0.13,Matches,1775,rs SRB,DF,33,1990,7.8,1,1,1,100.0,0.13,0.13,1.00,1.00,0,0,Matches
1776,Maximilian Mittelstädt,de GER,"DF,MF",Stuttgart,de Bundesliga,26,1997,31,23,2103,23.4,2,4,6,2,0,0,5,0,0.09,0.17,0.26,0.09,0.26,Matches,1776,de GER,"DF,MF",26,1997,23.4,2,21,6,28.6,0.90,0.26,0.10,0.33,0,0,Matches
1777,Henrikh Mkhitaryan,am ARM,MF,Inter,it Serie A,34,1989,36,35,2785,30.9,2,8,10,2,0,0,4,0,0.06,0.26,0.32,0.06,0.32,Matches,1777,am ARM,MF,34,1989,30.9,2,39,6,15.4,1.26,0.19,0.05,0.33,0,0,Matches
1779,Jakub Moder,pl POL,"MF,DF",Brighton,eng Premier League,24,1999,17,6,618,6.9,0,0,0,0,0,0,2,0,0.00,0.00,0.00,0.00,0.00,Matches,1779,pl POL,"MF,DF",24,1999,6.9,0,11,3,27.3,1.60,0.44,0.00,0.00,0,0,Matches
1780,Luka Modrić,hr CRO,MF,Real Madrid,es La Liga,37,1985,32,18,1688,18.8,2,6,8,2,0,0,2,0,0.11,0.32,0.43,0.11,0.43,Matches,1780,hr CRO,MF,37,1985,18.8,2,25,10,40.0,1.33,0.53,0.08,0.20,0,0,Matches
1782,Terem Moffi,ng NGA,FW,Nice,fr Ligue 1,24,1999,30,23,1949,21.7,11,2,13,8,3,3,4,0,0.51,0.09,0.60,0.37,0.46,Matches,1782,ng NGA,FW,24,1999,21.7,11,49,25,51.0,2.26,1.15,0.22,0.44,3,3,Matches
1783,Mostafa Mohamed,eg EGY,FW,Nantes,fr Ligue 1,25,1997,29,24,2002,22.2,8,2,10,5,3,3,3,1,0.36,0.09,0.45,0.22,0.31,Matches,1783,eg EGY,FW,25,1997,22.2,8,65,26,40.0,2.92,1.17,0.12,0.31,3,3,Matches
1784,Johan Mojica,co COL,"DF,MF",Osasuna,es La Liga,30,1992,30,22,2041,22.7,0,3,3,0,0,0,1,0,0.00,0.13,0.13,0.00,0.13,Matches,1784,co COL,"DF,MF",30,1992,22.7,0,17,1,5.9,0.75,0.04,0.00,0.00,0,0,Matches
1785,Alberto Moleiro,es ESP,"MF,FW",Las Palmas,es La Liga,19,2003,28,21,1803,20.0,3,3,6,3,0,0,1,0,0.15,0.15,0.30,0.15,0.30,Matches,1785,es ESP,"MF,FW",19,2003,20.0,3,33,10,30.3,1.65,0.50,0.09,0.30,0,0,Matches
1786,Nahuel Molina,ar ARG,"MF,DF",Atlético Madrid,es La Liga,25,1998,30,19,1852,20.6,2,3,5,2,0,0,4,1,0.10,0.15,0.24,0.10,0.24,Matches,1786,ar ARG,"MF,DF",25,1998,20.6,2,12,5,41.7,0.58,0.24,0.17,0.40,0,0,Matches
1787,Florent Mollet,fr FRA,"MF,FW",Nantes,fr Ligue 1,31,1991,29,24,2083,23.1,4,4,8,4,0,0,4,0,0.17,0.17,0.35,0.17,0.35,Matches,1787,fr FRA,"MF,FW",31,1991,23.1,4,63,25,39.7,2.72,1.08,0.06,0.16,0,0,Matches
1788,Jon Moncayola,es ESP,MF,Osasuna,es La Liga,25,1998,33,21,1800,20.0,1,3,4,1,0,0,2,1,0.05,0.15,0.20,0.05,0.20,Matches,1788,es ESP,MF,25,1998,20.0,1,16,5,31.3,0.80,0.25,0.06,0.20,0,0,Matches
1790,Ilario Monterisi,it ITA,DF,Frosinone,it Serie A,21,2001,24,16,1469,16.3,2,2,4,2,0,0,1,0,0.12,0.12,0.25,0.12,0.25,Matches,1790,it ITA,DF,21,2001,16.3,2,5,3,60.0,0.31,0.18,0.40,0.67,0,0,Matches
1791,César Montes,mx MEX,DF,Almería,es La Liga,26,1997,21,21,1788,19.9,0,0,0,0,0,0,5,0,0.00,0.00,0.00,0.00,0.00,Matches,1791,mx MEX,DF,26,1997,19.9,0,13,2,15.4,0.65,0.10,0.00,0.00,0,0,Matches
1792,Gonzalo Montiel,ar ARG,DF,Nottingham,eng Premier League,26,1997,14,8,801,8.9,0,2,2,0,0,0,5,0,0.00,0.22,0.22,0.00,0.22,Matches,1792,ar ARG,DF,26,1997,8.9,0,3,0,0.0,0.34,0.00,0.00,,0,0,Matches
1793,Lorenzo Montipò,it ITA,GK,Hellas Verona,it Serie A,27,1996,37,37,3330,37.0,0,1,1,0,0,0,0,0,0.00,0.03,0.03,0.00,0.03,Matches,1793,it ITA,GK,27,1996,37.0,0,0,0,,0.00,0.00,,,0,0,Matches
1796,Ederson Moraes,br BRA,GK,Manchester City,eng Premier League,29,1993,33,33,2785,30.9,0,0,0,0,0,0,5,0,0.00,0.00,0.00,0.00,0.00,Matches,1796,br BRA,GK,29,1993,30.9,0,0,0,,0.00,0.00,,,0,0,Matches
1797,Álvaro Morata,es ESP,FW,Atlético Madrid,es La Liga,30,1992,32,21,1904,21.2,15,3,18,15,0,1,4,1,0.71,0.14,0.85,0.71,0.85,Matches,1797,es ESP,FW,30,1992,21.2,15,67,34,50.7,3.17,1.61,0.22,0.44,0,1,Matches
1799,Alberto Moreno,es ESP,DF,Villarreal,es La Liga,31,1992,27,17,1484,16.5,2,2,4,2,0,0,5,2,0.12,0.12,0.24,0.12,0.24,Matches,1799,es ESP,DF,31,1992,16.5,2,17,5,29.4,1.03,0.30,0.12,0.40,0,0,Matches
1800,Álex Moreno,es ESP,DF,Aston Villa,eng Premier League,30,1993,21,11,1031,11.5,2,0,2,2,0,0,2,0,0.17,0.00,0.17,0.17,0.17,Matches,1800,es ESP,DF,30,1993,11.5,2,8,4,50.0,0.70,0.35,0.25,0.50,0,0,Matches
1801,Gerard Moreno,es ESP,FW,Villarreal,es La Liga,31,1992,30,28,2215,24.6,10,6,16,8,2,3,0,0,0.41,0.24,0.65,0.33,0.57,Matches,1801,es ESP,FW,31,1992,24.6,10,63,21,33.3,2.56,0.85,0.16,0.48,2,3,Matches
1804,Ilaix Moriba,gn GUI,MF,Getafe,es La Liga,20,2003,14,8,605,6.7,0,2,2,0,0,0,5,1,0.00,0.30,0.30,0.00,0.30,Matches,1804,gn GUI,MF,20,2003,6.7,0,4,1,25.0,0.60,0.15,0.00,0.00,0,0,Matches
1805,Manu Morlanes,es ESP,MF,Mallorca,es La Liga,24,1999,35,16,1615,17.9,0,2,2,0,0,0,2,0,0.00,0.11,0.11,0.00,0.11,Matches,1805,es ESP,MF,24,1999,17.9,0,11,4,36.4,0.61,0.22,0.00,0.00,0,0,Matches
1806,Nikola Moro,hr CRO,"MF,FW",Bologna,it Serie A,25,1998,23,10,840,9.3,1,0,1,1,0,0,0,0,0.11,0.00,0.11,0.11,0.11,Matches,1806,hr CRO,"MF,FW",25,1998,9.3,1,11,1,9.1,1.18,0.11,0.09,1.00,0,0,Matches
1807,Carlton Morris,eng ENG,"FW,MF",Luton Town,eng Premier League,27,1995,38,32,2862,31.8,11,4,15,6,5,5,4,0,0.35,0.13,0.47,0.19,0.31,Matches,1807,eng ENG,"FW,MF",27,1995,31.8,11,73,31,42.5,2.30,0.97,0.15,0.35,5,5,Matches
1808,Cristhian Mosquera,es ESP,DF,Valencia,es La Liga,19,2004,36,33,3075,34.2,0,0,0,0,0,0,2,0,0.00,0.00,0.00,0.00,0.00,Matches,1808,es ESP,DF,19,2004,34.2,0,9,2,22.2,0.26,0.06,0.00,0.00,0,0,Matches
1809,Yerson Mosquera,co COL,DF,Villarreal,es La Liga,22,2001,16,14,1229,13.7,2,1,3,2,0,0,4,0,0.15,0.07,0.22,0.15,0.22,Matches,1809,co COL,DF,22,2001,13.7,2,10,4,40.0,0.73,0.29,0.20,0.50,0,0,Matches
1810,Dany Mota,pt POR,"MF,FW",Monza,it Serie A,25,1998,34,24,2049,22.8,4,3,7,4,0,0,3,0,0.18,0.13,0.31,0.18,0.31,Matches,1810,pt POR,"MF,FW",25,1998,22.8,4,38,12,31.6,1.67,0.53,0.11,0.33,0,0,Matches
1811,Lebo Mothiba,za RSA,FW,Strasbourg,fr Ligue 1,27,1996,15,5,617,6.9,3,0,3,3,0,0,0,0,0.44,0.00,0.44,0.44,0.44,Matches,1811,za RSA,FW,27,1996,6.9,3,16,7,43.8,2.33,1.02,0.19,0.43,0,0,Matches
1812,Youssoufa Moukoko,de GER,FW,Dortmund,de Bundesliga,18,2004,20,4,625,6.9,5,0,5,5,0,0,1,0,0.72,0.00,0.72,0.72,0.72,Matches,1812,de GER,FW,18,2004,6.9,5,14,7,50.0,2.02,1.01,0.36,0.71,0,0,Matches
1813,Steve Mounié,bj BEN,FW,Brest,fr Ligue 1,28,1994,32,20,1769,19.7,6,2,8,6,0,0,2,1,0.31,0.10,0.41,0.31,0.41,Matches,1813,bj BEN,FW,28,1994,19.7,6,59,24,40.7,3.00,1.22,0.10,0.25,0,0,Matches
1814,Mason Mount,eng ENG,MF,Manchester Utd,eng Premier League,24,1999,14,5,516,5.7,1,0,1,1,0,0,2,0,0.17,0.00,0.17,0.17,0.17,Matches,1814,eng ENG,MF,24,1999,5.7,1,5,1,20.0,0.87,0.17,0.20,1.00,0,0,Matches
1815,Samuel Moutoussamy,cd COD,MF,Nantes,fr Ligue 1,26,1996,26,11,1107,12.3,1,0,1,1,0,0,2,0,0.08,0.00,0.08,0.08,0.08,Matches,1815,cd COD,MF,26,1996,12.3,1,15,5,33.3,1.22,0.41,0.07,0.20,0,0,Matches
1818,Mykhailo Mudryk,ua UKR,MF,Chelsea,eng Premier League,22,2001,31,18,1576,17.5,5,2,7,5,0,0,5,0,0.29,0.11,0.40,0.29,0.40,Matches,1818,ua UKR,MF,22,2001,17.5,5,35,12,34.3,2.00,0.69,0.14,0.42,0,0,Matches
1820,Nordi Mukiele,fr FRA,DF,PSG,fr Ligue 1,25,1997,16,9,796,8.8,0,0,0,0,0,0,2,0,0.00,0.00,0.00,0.00,0.00,Matches,1820,fr FRA,DF,25,1997,8.8,0,9,6,66.7,1.02,0.68,0.00,0.00,0,0,Matches
1823,Jannik Müller,de GER,DF,Darmstadt 98,de Bundesliga,29,1994,16,12,1134,12.6,0,0,0,0,0,0,5,0,0.00,0.00,0.00,0.00,0.00,Matches,1823,de GER,DF,29,1994,12.6,0,3,0,0.0,0.24,0.00,0.00,,0,0,Matches
1824,Kevin Müller,de GER,GK,Heidenheim,de Bundesliga,32,1991,34,34,3060,34.0,0,0,0,0,0,0,1,0,0.00,0.00,0.00,0.00,0.00,Matches,1824,de GER,GK,32,1991,34.0,0,0,0,,0.00,0.00,,,0,0,Matches
1826,Thomas Müller,de GER,MF,Bayern Munich,de Bundesliga,33,1989,31,20,1654,18.4,5,9,14,5,0,0,0,0,0.27,0.49,0.76,0.27,0.76,Matches,1826,de GER,MF,33,1989,18.4,5,35,13,37.1,1.90,0.71,0.14,0.38,0,0,Matches
1827,Abdul Mumin,gh GHA,DF,Rayo Vallecano,es La Liga,25,1998,20,19,1694,18.8,1,0,1,1,0,0,5,1,0.05,0.00,0.05,0.05,0.05,Matches,1827,gh GHA,DF,25,1998,18.8,1,6,1,16.7,0.32,0.05,0.17,1.00,0,0,Matches
1828,Marshall Munetsi,zw ZIM,MF,Reims,fr Ligue 1,27,1996,27,25,2173,24.1,4,3,7,4,0,0,5,0,0.17,0.12,0.29,0.17,0.29,Matches,1828,zw ZIM,MF,27,1996,24.1,4,44,16,36.4,1.82,0.66,0.09,0.25,0,0,Matches
1829,Iker Muniain,es ESP,MF,Athletic Club,es La Liga,30,1992,20,5,594,6.6,2,0,2,2,0,0,1,0,0.30,0.00,0.30,0.30,0.30,Matches,1829,es ESP,MF,30,1992,6.6,2,13,7,53.8,1.97,1.06,0.15,0.29,0,0,Matches
1830,Rodrigo Muniz,br BRA,FW,Fulham,eng Premier League,22,2001,26,18,1593,17.7,9,1,10,9,0,0,1,0,0.51,0.06,0.56,0.51,0.56,Matches,1830,br BRA,FW,22,2001,17.7,9,73,27,37.0,4.12,1.53,0.12,0.33,0,0,Matches
1831,Aihen Muñoz,es ESP,DF,Real Sociedad,es La Liga,25,1997,21,11,1127,12.5,0,2,2,0,0,0,2,0,0.00,0.16,0.16,0.00,0.16,Matches,1831,es ESP,DF,25,1997,12.5,0,7,2,28.6,0.56,0.16,0.00,0.00,0,0,Matches
1832,Daniel Muñoz,co COL,"MF,DF",Crystal Palace,eng Premier League,27,1996,16,16,1439,16.0,0,4,4,0,0,0,4,0,0.00,0.25,0.25,0.00,0.25,Matches,1832,co COL,"MF,DF",27,1996,16.0,0,8,0,0.0,0.50,0.00,0.00,,0,0,Matches
1833,Iker Muñoz,es ESP,MF,Osasuna,es La Liga,20,2002,28,20,1854,20.6,4,0,4,4,0,0,5,0,0.19,0.00,0.19,0.19,0.19,Matches,1833,es ESP,MF,20,2002,20.6,4,23,6,26.1,1.12,0.29,0.17,0.67,0,0,Matches
1834,Javier Muñoz,es ESP,MF,Las Palmas,es La Liga,28,1995,37,30,2640,29.3,2,3,5,2,0,0,6,0,0.07,0.10,0.17,0.07,0.17,Matches,1834,es ESP,MF,28,1995,29.3,2,38,9,23.7,1.30,0.31,0.05,0.22,0,0,Matches
1836,Arijanet Muric,xk KVX,GK,Burnley,eng Premier League,24,1998,10,10,900,10.0,0,0,0,0,0,0,0,0,0.00,0.00,0.00,0.00,0.00,Matches,1836,xk KVX,GK,24,1998,10.0,0,0,0,,0.00,0.00,,,0,0,Matches
1838,Murillo,br BRA,DF,Nottingham,eng Premier League,21,2002,32,32,2789,31.0,0,2,2,0,0,0,5,0,0.00,0.06,0.06,0.00,0.06,Matches,1838,br BRA,DF,21,2002,31.0,0,17,6,35.3,0.55,0.19,0.00,0.00,0,0,Matches
1839,Vedat Muriqi,xk KVX,FW,Mallorca,es La Liga,29,1994,29,25,2327,25.9,7,2,9,6,1,3,5,0,0.27,0.08,0.35,0.23,0.31,Matches,1839,xk KVX,FW,29,1994,25.9,7,66,25,37.9,2.55,0.97,0.11,0.28,1,3,Matches
1841,Jacob Murphy,eng ENG,"FW,MF",Newcastle,eng Premier League,28,1995,21,14,1189,13.2,3,7,10,3,0,0,1,0,0.23,0.53,0.76,0.23,0.76,Matches,1841,eng ENG,"FW,MF",28,1995,13.2,3,30,10,33.3,2.27,0.76,0.10,0.30,0,0,Matches
1842,Yunus Musah,us USA,MF,Milan,it Serie A,20,2002,30,13,1478,16.4,0,2,2,0,0,0,5,0,0.00,0.12,0.12,0.00,0.12,Matches,1842,us USA,MF,20,2002,16.4,0,14,5,35.7,0.85,0.30,0.00,0.00,0,0,Matches
1843,Jamal Musiala,de GER,MF,Bayern Munich,de Bundesliga,20,2003,24,20,1755,19.5,10,5,15,10,0,0,2,0,0.51,0.26,0.77,0.51,0.77,Matches,1843,de GER,MF,20,2003,19.5,10,58,21,36.2,2.97,1.08,0.17,0.48,0,0,Matches
1845,Juan Musso,ar ARG,GK,Atalanta,it Serie A,29,1994,11,11,990,11.0,0,0,0,0,0,0,0,0,0.00,0.00,0.00,0.00,0.00,Matches,1845,ar ARG,GK,29,1994,11.0,0,0,0,,0.00,0.00,,,0,0,Matches
1847,Yvon Mvogo,ch SUI,GK,Lorient,fr Ligue 1,29,1994,34,34,3060,34.0,0,0,0,0,0,0,1,0,0.00,0.00,0.00,0.00,0.00,Matches,1847,ch SUI,GK,29,1994,34.0,0,0,0,,0.00,0.00,,,0,0,Matches
1849,Junior Mwanga,fr FRA,"MF,FW",Strasbourg,fr Ligue 1,20,2003,22,17,1450,16.1,1,1,2,1,0,0,3,0,0.06,0.06,0.12,0.06,0.12,Matches,1849,fr FRA,"MF,FW",20,2003,16.1,1,20,4,20.0,1.24,0.25,0.05,0.25,0,0,Matches
1850,Phillipp Mwene,at AUT,"MF,DF",Mainz 05,de Bundesliga,29,1994,23,23,1996,22.2,1,2,3,1,0,0,4,1,0.05,0.09,0.14,0.05,0.14,Matches,1850,at AUT,"MF,DF",29,1994,22.2,1,24,9,37.5,1.08,0.41,0.04,0.11,0,0,Matches
1851,Vitaliy Mykolenko,ua UKR,DF,Everton,eng Premier League,24,1999,28,28,2469,27.4,2,0,2,2,0,0,1,0,0.07,0.00,0.07,0.07,0.07,Matches,1851,ua UKR,DF,24,1999,27.4,2,26,5,19.2,0.95,0.18,0.08,0.40,0,0,Matches
1852,Joakim Mæhle,dk DEN,"DF,MF",Wolfsburg,de Bundesliga,26,1997,30,27,2452,27.2,2,3,5,2,0,0,5,0,0.07,0.11,0.18,0.07,0.18,Matches,1852,dk DEN,"DF,MF",26,1997,27.2,2,20,6,30.0,0.73,0.22,0.10,0.33,0,0,Matches
1853,Obite N'Dicka,ci CIV,DF,Roma,it Serie A,23,1999,25,25,2168,24.1,0,3,3,0,0,0,6,0,0.00,0.12,0.12,0.00,0.12,Matches,1853,ci CIV,DF,23,1999,24.1,0,9,1,11.1,0.37,0.04,0.00,0.00,0,0,Matches
1854,Kévin N'Doram,fr FRA,MF,Metz,fr Ligue 1,27,1996,23,18,1604,17.8,0,2,2,0,0,0,4,0,0.00,0.11,0.11,0.00,0.11,Matches,1854,fr FRA,MF,27,1996,17.8,0,7,1,14.3,0.39,0.06,0.00,0.00,0,0,Matches
1855,Nathan N'Goumou,cm CMR,"MF,FW",Gladbach,de Bundesliga,23,2000,32,14,1385,15.4,5,2,7,5,0,0,1,0,0.32,0.13,0.45,0.32,0.45,Matches,1855,cm CMR,"MF,FW",23,2000,15.4,5,30,12,40.0,1.95,0.78,0.17,0.42,0,0,Matches
1856,Stanley N'Soki,fr FRA,"DF,MF",Hoffenheim,de Bundesliga,24,1999,11,7,631,7.0,0,0,0,0,0,0,3,1,0.00,0.00,0.00,0.00,0.00,Matches,1856,fr FRA,"DF,MF",24,1999,7.0,0,0,0,,0.00,0.00,,,0,0,Matches
1857,Nacho,es ESP,DF,Real Madrid,es La Liga,33,1990,29,18,1746,19.4,0,1,1,0,0,0,4,2,0.00,0.05,0.05,0.00,0.05,Matches,1857,es ESP,DF,33,1990,19.4,0,5,1,20.0,0.26,0.05,0.00,0.00,0,0,Matches
1860,Marvelous Nakamba,zw ZIM,MF,Luton Town,eng Premier League,29,1994,13,13,1130,12.6,0,0,0,0,0,0,5,0,0.00,0.00,0.00,0.00,0.00,Matches,1860,zw ZIM,MF,29,1994,12.6,0,5,0,0.0,0.40,0.00,0.00,,0,0,Matches
1861,Keito Nakamura,jp JPN,"FW,MF",Reims,fr Ligue 1,23,2000,25,17,1381,15.3,4,1,5,4,0,0,1,0,0.26,0.07,0.33,0.26,0.33,Matches,1861,jp JPN,"FW,MF",23,2000,15.3,4,41,13,31.7,2.67,0.85,0.10,0.31,0,0,Matches
1862,Nahitan Nández,uy URU,"MF,DF",Cagliari,it Serie A,27,1995,33,29,2341,26.0,2,3,5,1,1,1,7,0,0.08,0.12,0.19,0.04,0.15,Matches,1862,uy URU,"MF,DF",27,1995,26.0,2,23,7,30.4,0.88,0.27,0.09,0.29,1,1,Matches
1863,Matija Nastasić,rs SRB,DF,Mallorca,es La Liga,30,1993,26,25,2258,25.1,2,0,2,2,0,0,8,0,0.08,0.00,0.08,0.08,0.08,Matches,1863,rs SRB,DF,30,1993,25.1,2,8,2,25.0,0.32,0.08,0.25,1.00,0,0,Matches
1864,Natan,br BRA,DF,Napoli,it Serie A,22,2001,14,11,952,10.6,0,0,0,0,0,0,3,1,0.00,0.00,0.00,0.00,0.00,Matches,1864,br BRA,DF,22,2001,10.6,0,6,1,16.7,0.57,0.09,0.00,0.00,0,0,Matches
1866,Roberto Navarro,es ESP,MF,Cádiz,es La Liga,21,2002,28,24,1888,21.0,1,1,2,1,0,0,0,1,0.05,0.05,0.10,0.05,0.10,Matches,1866,es ESP,MF,21,2002,21.0,1,30,9,30.0,1.43,0.43,0.03,0.11,0,0,Matches
1867,Jesús Navas,es ESP,"DF,MF",Sevilla,es La Liga,37,1985,29,25,2003,22.3,0,2,2,0,0,0,6,1,0.00,0.09,0.09,0.00,0.09,Matches,1867,es ESP,"DF,MF",37,1985,22.3,0,7,2,28.6,0.31,0.09,0.00,0.00,0,0,Matches
1870,Youssouf Ndayishimiye,bi BDI,"MF,DF",Nice,fr Ligue 1,24,1998,23,20,1712,19.0,0,0,0,0,0,0,6,1,0.00,0.00,0.00,0.00,0.00,Matches,1870,bi BDI,"MF,DF",24,1998,19.0,0,14,3,21.4,0.74,0.16,0.00,0.00,0,0,Matches
1872,Iliman Ndiaye,sn SEN,"FW,MF",Marseille,fr Ligue 1,23,2000,30,19,1618,18.0,3,3,6,3,0,0,0,1,0.17,0.17,0.33,0.17,0.33,Matches,1872,sn SEN,"FW,MF",23,2000,18.0,3,35,9,25.7,1.95,0.50,0.09,0.33,0,0,Matches
1874,Rassoul Ndiaye,sn SEN,MF,Le Havre,fr Ligue 1,21,2001,19,6,526,5.8,0,0,0,0,0,0,4,2,0.00,0.00,0.00,0.00,0.00,Matches,1874,sn SEN,MF,21,2001,5.8,0,5,1,20.0,0.86,0.17,0.00,0.00,0,0,Matches
1877,Dan Ndoye,ch SUI,"MF,FW",Bologna,it Serie A,22,2000,32,20,1771,19.7,1,1,2,1,0,0,4,0,0.05,0.05,0.10,0.05,0.10,Matches,1877,ch SUI,"MF,FW",22,2000,19.7,1,41,16,39.0,2.08,0.81,0.02,0.06,0,0,Matches
1878,Joseph Nduquidi,fr FRA,"MF,DF",Metz,fr Ligue 1,18,2004,13,7,751,8.3,0,0,0,0,0,0,2,0,0.00,0.00,0.00,0.00,0.00,Matches,1878,fr FRA,"MF,DF",18,2004,8.3,0,4,1,25.0,0.48,0.12,0.00,0.00,0,0,Matches
1879,Loïc Nego,hu HUN,"MF,DF",Le Havre,fr Ligue 1,32,1991,28,18,1561,17.3,0,3,3,0,0,0,3,0,0.00,0.17,0.17,0.00,0.17,Matches,1879,hu HUN,"MF,DF",32,1991,17.3,0,18,4,22.2,1.04,0.23,0.00,0.00,0,0,Matches
1883,Neto,br BRA,GK,Bournemouth,eng Premier League,34,1989,32,32,2880,32.0,0,0,0,0,0,0,5,0,0.00,0.00,0.00,0.00,0.00,Matches,1883,br BRA,GK,34,1989,32.0,0,0,0,,0.00,0.00,,,0,0,Matches
1884,Pedro Neto,pt POR,"MF,FW",Wolves,eng Premier League,23,2000,20,18,1516,16.8,2,9,11,2,0,0,4,0,0.12,0.53,0.65,0.12,0.65,Matches,1884,pt POR,"MF,FW",23,2000,16.8,2,36,12,33.3,2.14,0.71,0.06,0.17,0,0,Matches
1885,Luca Netz,de GER,"MF,DF",Gladbach,de Bundesliga,20,2003,30,25,2225,24.7,0,4,4,0,0,0,2,0,0.00,0.16,0.16,0.00,0.16,Matches,1885,de GER,"MF,DF",20,2003,24.7,0,17,5,29.4,0.69,0.20,0.00,0.00,0,0,Matches
1886,Manuel Neuer,de GER,GK,Bayern Munich,de Bundesliga,37,1986,23,23,2053,22.8,0,0,0,0,0,0,1,0,0.00,0.00,0.00,0.00,0.00,Matches,1886,de GER,GK,37,1986,22.8,0,0,0,,0.00,0.00,,,0,0,Matches
1887,Florian Neuhaus,de GER,MF,Gladbach,de Bundesliga,26,1997,25,15,1224,13.6,4,2,6,3,1,1,4,0,0.29,0.15,0.44,0.22,0.37,Matches,1887,de GER,MF,26,1997,13.6,4,38,16,42.1,2.79,1.18,0.11,0.25,1,1,Matches
1888,Carlos Neva,es ESP,DF,Granada,es La Liga,27,1996,36,36,3146,35.0,0,2,2,0,0,0,4,0,0.00,0.06,0.06,0.00,0.06,Matches,1888,es ESP,DF,27,1996,35.0,0,4,0,0.0,0.11,0.00,0.00,,0,0,Matches
1891,Cyril Ngonge,be BEL,"MF,FW",Hellas Verona,it Serie A,23,2000,19,17,1431,15.9,6,2,8,6,0,0,4,0,0.38,0.13,0.50,0.38,0.50,Matches,1891,be BEL,"MF,FW",23,2000,15.9,6,42,14,33.3,2.64,0.88,0.14,0.43,0,0,Matches
1894,Moussa Niakhaté,sn SEN,DF,Nottingham,eng Premier League,27,1996,21,15,1460,16.2,1,0,1,1,0,0,5,1,0.06,0.00,0.06,0.06,0.06,Matches,1894,sn SEN,DF,27,1996,16.2,1,5,1,20.0,0.31,0.06,0.20,1.00,0,0,Matches
1895,M'Baye Niang,sn SEN,FW,Empoli,it Serie A,28,1994,14,5,708,7.9,6,1,7,2,4,4,1,0,0.76,0.13,0.89,0.25,0.38,Matches,1895,sn SEN,FW,28,1994,7.9,6,24,9,37.5,3.05,1.14,0.25,0.67,4,4,Matches
1897,Shamar Nicholson,jm JAM,FW,Clermont Foot,fr Ligue 1,26,1997,26,17,1484,16.5,4,3,7,3,1,2,2,0,0.24,0.18,0.42,0.18,0.36,Matches,1897,jm JAM,FW,26,1997,16.5,4,40,20,50.0,2.43,1.21,0.10,0.20,1,2,Matches
1898,Rasmus Nicolaisen,dk DEN,DF,Toulouse,fr Ligue 1,26,1997,33,33,2925,32.5,2,0,2,2,0,0,6,1,0.06,0.00,0.06,0.06,0.06,Matches,1898,dk DEN,DF,26,1997,32.5,2,19,5,26.3,0.58,0.15,0.11,0.40,0,0,Matches
1899,Moritz Nicolas,de GER,GK,Gladbach,de Bundesliga,25,1997,27,27,2430,27.0,0,0,0,0,0,0,2,0,0.00,0.00,0.00,0.00,0.00,Matches,1899,de GER,GK,25,1997,27.0,0,0,0,,0.00,0.00,,,0,0,Matches
1901,Saúl Ñíguez,es ESP,MF,Atlético Madrid,es La Liga,28,1994,34,14,1374,15.3,1,4,5,1,0,0,10,1,0.07,0.26,0.33,0.07,0.33,Matches,1901,es ESP,MF,28,1994,15.3,1,16,4,25.0,1.05,0.26,0.06,0.25,0,0,Matches
1902,Justin Njinmah,de GER,FW,Werder Bremen,de Bundesliga,22,2000,24,10,1016,11.3,6,2,8,6,0,0,1,0,0.53,0.18,0.71,0.53,0.71,Matches,1902,de GER,FW,22,2000,11.3,6,33,14,42.4,2.92,1.24,0.18,0.43,0,0,Matches
1903,Eddie Nketiah,eng ENG,FW,Arsenal,eng Premier League,24,1999,27,10,1082,12.0,5,2,7,5,0,0,3,0,0.42,0.17,0.58,0.42,0.58,Matches,1903,eng ENG,FW,24,1999,12.0,5,38,12,31.6,3.16,1.00,0.13,0.42,0,0,Matches
1904,Niels Nkounkou,fr FRA,"MF,DF",Frankfurt,de Bundesliga,22,2000,29,13,1309,14.5,3,2,5,3,0,0,5,1,0.21,0.14,0.34,0.21,0.34,Matches,1904,fr FRA,"MF,DF",22,2000,14.5,3,22,7,31.8,1.51,0.48,0.14,0.43,0,0,Matches
1906,Felix Nmecha,de GER,MF,Dortmund,de Bundesliga,22,2000,20,10,1021,11.3,1,2,3,1,0,0,3,0,0.09,0.18,0.26,0.09,0.26,Matches,1906,de GER,MF,22,2000,11.3,1,23,3,13.0,2.03,0.26,0.04,0.33,0,0,Matches
1911,Arnaud Nordin,fr FRA,"MF,FW",Montpellier,fr Ligue 1,25,1998,20,15,1246,13.8,5,3,8,5,0,0,1,1,0.36,0.22,0.58,0.36,0.58,Matches,1911,fr FRA,"MF,FW",25,1998,13.8,5,31,14,45.2,2.24,1.01,0.16,0.36,0,0,Matches
1913,Oliver Norwood,nir NIR,MF,Sheffield United,eng Premier League,32,1991,27,16,1440,16.0,1,0,1,0,1,1,8,0,0.06,0.00,0.06,0.00,0.00,Matches,1913,nir NIR,MF,32,1991,16.0,1,15,6,40.0,0.94,0.37,0.07,0.17,1,1,Matches
1914,Tijjani Noslin,nl NED,"FW,MF",Hellas Verona,it Serie A,24,1999,17,17,1339,14.9,5,4,9,5,0,0,2,0,0.34,0.27,0.60,0.34,0.60,Matches,1914,nl NED,"FW,MF",24,1999,14.9,5,36,15,41.7,2.42,1.01,0.14,0.33,0,0,Matches
1915,Randy Nteka,ao ANG,FW,Rayo Vallecano,es La Liga,25,1997,16,3,572,6.4,1,1,2,0,1,1,3,0,0.16,0.16,0.31,0.00,0.16,Matches,1915,ao ANG,FW,25,1997,6.4,1,15,6,40.0,2.36,0.94,0.07,0.17,1,1,Matches
1916,Ernest Nuamah,gh GHA,"FW,MF",Lyon,fr Ligue 1,19,2003,29,21,1838,20.4,3,2,5,3,0,0,4,0,0.15,0.10,0.24,0.15,0.24,Matches,1916,gh GHA,"FW,MF",19,2003,20.4,3,43,20,46.5,2.11,0.98,0.07,0.15,0,0,Matches
1917,Alexander Nübel,de GER,GK,Stuttgart,de Bundesliga,26,1996,30,30,2700,30.0,0,0,0,0,0,0,1,0,0.00,0.00,0.00,0.00,0.00,Matches,1917,de GER,GK,26,1996,30.0,0,0,0,,0.00,0.00,,,0,0,Matches
1920,Matheus Nunes,pt POR,"MF,FW",Manchester City,eng Premier League,24,1998,17,7,661,7.3,0,2,2,0,0,0,0,0,0.00,0.27,0.27,0.00,0.27,Matches,1920,pt POR,"MF,FW",24,1998,7.3,0,9,4,44.4,1.23,0.54,0.00,0.00,0,0,Matches
1921,Darwin Núñez,uy URU,FW,Liverpool,eng Premier League,24,1999,36,22,2047,22.7,11,8,19,11,0,1,9,0,0.48,0.35,0.84,0.48,0.84,Matches,1921,uy URU,FW,24,1999,22.7,11,108,46,42.6,4.75,2.02,0.10,0.24,0,1,Matches
1922,Unai Núñez,es ESP,DF,Celta Vigo,es La Liga,26,1997,34,31,2801,31.1,1,0,1,1,0,0,4,0,0.03,0.00,0.03,0.03,0.03,Matches,1922,es ESP,DF,26,1997,31.1,1,22,5,22.7,0.71,0.16,0.05,0.20,0,0,Matches
1923,Fabian Nürnberger,bg BUL,MF,Darmstadt 98,de Bundesliga,24,1999,21,17,1513,16.8,1,1,2,1,0,0,2,0,0.06,0.06,0.12,0.06,0.12,Matches,1923,bg BUL,MF,24,1999,16.8,1,19,6,31.6,1.13,0.36,0.05,0.17,0,0,Matches
1925,Simeon Nwankwo,ng NGA,FW,Salernitana,it Serie A,31,1992,15,6,686,7.6,3,0,3,3,0,0,0,0,0.39,0.00,0.39,0.39,0.39,Matches,1925,ng NGA,FW,31,1992,7.6,3,13,7,53.8,1.71,0.92,0.23,0.43,0,0,Matches
1926,Gerzino Nyamsi,cm CMR,DF,Strasbourg,fr Ligue 1,26,1997,13,13,1092,12.1,0,0,0,0,0,0,1,0,0.00,0.00,0.00,0.00,0.00,Matches,1926,cm CMR,DF,26,1997,12.1,0,7,3,42.9,0.58,0.25,0.00,0.00,0,0,Matches
1927,Ørjan Nyland,no NOR,GK,Sevilla,es La Liga,32,1990,24,24,2160,24.0,0,0,0,0,0,0,1,0,0.00,0.00,0.00,0.00,0.00,Matches,1927,no NOR,GK,32,1990,24.0,0,0,0,,0.00,0.00,,,0,0,Matches
1929,M'Bala Nzola,ao ANG,FW,Fiorentina,it Serie A,26,1996,33,15,1552,17.2,3,3,6,2,1,1,2,0,0.17,0.17,0.35,0.12,0.29,Matches,1929,ao ANG,FW,26,1996,17.2,3,32,13,40.6,1.86,0.75,0.09,0.23,1,1,Matches
1930,Christian Nørgaard,dk DEN,MF,Brentford,eng Premier League,29,1994,31,30,2505,27.8,2,1,3,2,0,0,8,0,0.07,0.04,0.11,0.07,0.11,Matches,1930,dk DEN,MF,29,1994,27.8,2,35,7,20.0,1.26,0.25,0.06,0.29,0,0,Matches
1931,Jake O'Brien,ie IRL,DF,Lyon,fr Ligue 1,22,2001,27,27,2369,26.3,4,2,6,4,0,0,4,1,0.15,0.08,0.23,0.15,0.23,Matches,1931,ie IRL,DF,22,2001,26.3,4,18,8,44.4,0.68,0.30,0.22,0.50,0,0,Matches
1933,Dara O'Shea,ie IRL,DF,Burnley,eng Premier League,24,1999,33,32,2892,32.1,3,4,7,3,0,0,5,1,0.09,0.12,0.22,0.09,0.22,Matches,1933,ie IRL,DF,24,1999,32.1,3,19,5,26.3,0.59,0.16,0.16,0.60,0,0,Matches
1935,Adam Obert,sk SVK,DF,Cagliari,it Serie A,20,2002,17,10,941,10.5,0,0,0,0,0,0,1,0,0.00,0.00,0.00,0.00,0.00,Matches,1935,sk SVK,DF,20,2002,10.5,0,3,3,100.0,0.29,0.29,0.00,0.00,0,0,Matches
1937,Jan Oblak,si SVN,GK,Atlético Madrid,es La Liga,30,1993,38,38,3420,38.0,0,0,0,0,0,0,1,0,0.00,0.00,0.00,0.00,0.00,Matches,1937,si SVN,GK,30,1993,38.0,0,0,0,,0.00,0.00,,,0,0,Matches
1939,Lucas Ocampos,ar ARG,"MF,FW",Sevilla,es La Liga,29,1994,35,34,2871,31.9,4,3,7,3,1,1,8,0,0.13,0.09,0.22,0.09,0.19,Matches,1939,ar ARG,"MF,FW",29,1994,31.9,4,64,24,37.5,2.01,0.75,0.06,0.17,1,1,Matches
1940,Guillermo Ochoa,mx MEX,GK,Salernitana,it Serie A,38,1985,21,21,1890,21.0,0,0,0,0,0,0,0,0,0.00,0.00,0.00,0.00,0.00,Matches,1940,mx MEX,GK,38,1985,21.0,0,0,0,,0.00,0.00,,,0,0,Matches
1942,Wilson Odobert,fr FRA,"MF,FW",Burnley,eng Premier League,18,2004,29,25,2098,23.3,3,2,5,3,0,0,3,0,0.13,0.09,0.21,0.13,0.21,Matches,1942,fr FRA,"MF,FW",18,2004,23.3,3,49,14,28.6,2.10,0.60,0.06,0.21,0,0,Matches
1944,Tim Oermann,de GER,DF,Bochum,de Bundesliga,19,2003,16,8,714,7.9,0,0,0,0,0,0,2,0,0.00,0.00,0.00,0.00,0.00,Matches,1944,de GER,DF,19,2003,7.9,0,5,0,0.0,0.63,0.00,0.00,,0,0,Matches
1946,Chiedozie Ogbene,ie IRL,MF,Luton Town,eng Premier League,26,1997,30,20,1995,22.2,4,1,5,4,0,0,1,0,0.18,0.05,0.23,0.18,0.23,Matches,1946,ie IRL,MF,26,1997,22.2,4,35,14,40.0,1.58,0.63,0.11,0.29,0,0,Matches
1947,Angelo Ogbonna,it ITA,DF,West Ham,eng Premier League,35,1988,11,7,635,7.1,0,0,0,0,0,0,1,0,0.00,0.00,0.00,0.00,0.00,Matches,1947,it ITA,DF,35,1988,7.1,0,1,0,0.0,0.14,0.00,0.00,,0,0,Matches
1948,Florent Ogier,fr FRA,DF,Clermont Foot,fr Ligue 1,34,1989,14,9,943,10.5,1,1,2,1,0,0,1,0,0.10,0.10,0.19,0.10,0.19,Matches,1948,fr FRA,DF,34,1989,10.5,1,7,2,28.6,0.67,0.19,0.14,0.50,0,0,Matches
1949,Noah Okafor,ch SUI,"FW,MF",Milan,it Serie A,23,2000,28,6,887,9.9,6,2,8,6,0,0,1,0,0.61,0.20,0.81,0.61,0.81,Matches,1949,ch SUI,"FW,MF",23,2000,9.9,6,22,14,63.6,2.23,1.42,0.27,0.43,0,0,Matches
1951,Caleb Okoli,it ITA,DF,Frosinone,it Serie A,22,2001,34,32,2914,32.4,0,1,1,0,0,0,9,0,0.00,0.03,0.03,0.00,0.03,Matches,1951,it ITA,DF,22,2001,32.4,0,13,4,30.8,0.40,0.12,0.00,0.00,0,0,Matches
1952,Maduka Okoye,ng NGA,GK,Udinese,it Serie A,23,1999,21,21,1890,21.0,0,0,0,0,0,0,2,0,0.00,0.00,0.00,0.00,0.00,Matches,1952,ng NGA,GK,23,1999,21.0,0,0,0,,0.00,0.00,,,0,0,Matches
1954,Joseph Okumu,ke KEN,DF,Reims,fr Ligue 1,26,1997,21,19,1743,19.4,1,0,1,1,0,0,3,0,0.05,0.00,0.05,0.05,0.05,Matches,1954,ke KEN,DF,26,1997,19.4,1,11,3,27.3,0.57,0.15,0.09,0.33,0,0,Matches
1958,Finn Ole Becker,de GER,MF,Hoffenheim,de Bundesliga,23,2000,22,5,606,6.7,0,0,0,0,0,0,1,0,0.00,0.00,0.00,0.00,0.00,Matches,1958,de GER,MF,23,2000,6.7,0,6,1,16.7,0.89,0.15,0.00,0.00,0,0,Matches
1960,Michael Olise,fr FRA,"MF,FW",Crystal Palace,eng Premier League,21,2001,19,14,1275,14.2,10,6,16,9,1,1,0,0,0.71,0.42,1.13,0.64,1.06,Matches,1960,fr FRA,"MF,FW",21,2001,14.2,10,57,21,36.8,4.02,1.48,0.18,0.48,1,1,Matches
1961,Mathías Olivera,uy URU,DF,Napoli,it Serie A,25,1997,23,18,1569,17.4,1,1,2,1,0,0,3,0,0.06,0.06,0.11,0.06,0.11,Matches,1961,uy URU,DF,25,1997,17.4,1,12,1,8.3,0.69,0.06,0.08,1.00,0,0,Matches
1962,Dani Olmo,es ESP,MF,RB Leipzig,de Bundesliga,25,1998,21,17,1449,16.1,4,5,9,4,0,0,0,0,0.25,0.31,0.56,0.25,0.56,Matches,1962,es ESP,MF,25,1998,16.1,4,45,14,31.1,2.80,0.87,0.09,0.29,0,0,Matches
1964,Warmed Omari,km COM,DF,Rennes,fr Ligue 1,23,2000,25,23,2071,23.0,1,0,1,1,0,0,5,1,0.04,0.00,0.04,0.04,0.04,Matches,1964,km COM,DF,23,2000,23.0,1,4,1,25.0,0.17,0.04,0.25,1.00,0,0,Matches
1965,Becir Omeragic,ch SUI,"DF,MF",Montpellier,fr Ligue 1,21,2002,28,26,2312,25.7,0,0,0,0,0,0,4,0,0.00,0.00,0.00,0.00,0.00,Matches,1965,ch SUI,"DF,MF",21,2002,25.7,0,9,3,33.3,0.35,0.12,0.00,0.00,0,0,Matches
1966,Jonas Omlin,ch SUI,GK,Gladbach,de Bundesliga,29,1994,7,7,630,7.0,0,1,1,0,0,0,1,0,0.00,0.14,0.14,0.00,0.14,Matches,1966,ch SUI,GK,29,1994,7.0,0,0,0,,0.00,0.00,,,0,0,Matches
1967,Andrew Omobamidele,ie IRL,DF,Nottingham,eng Premier League,21,2002,11,8,783,8.7,0,0,0,0,0,0,2,0,0.00,0.00,0.00,0.00,0.00,Matches,1967,ie IRL,DF,21,2002,8.7,0,1,0,0.0,0.11,0.00,0.00,,0,0,Matches
1968,Samu Omorodion,es ESP,FW,Alavés,es La Liga,19,2004,34,21,1918,21.3,8,1,9,8,0,0,6,0,0.38,0.05,0.42,0.38,0.42,Matches,1968,es ESP,FW,19,2004,21.3,8,64,25,39.1,3.00,1.17,0.13,0.32,0,0,Matches
1970,Amadou Onana,be BEL,MF,Everton,eng Premier League,21,2001,30,23,2091,23.2,2,0,2,2,0,0,5,0,0.09,0.00,0.09,0.09,0.09,Matches,1970,be BEL,MF,21,2001,23.2,2,29,6,20.7,1.25,0.26,0.07,0.33,0,0,Matches
1971,André Onana,cm CMR,GK,Manchester Utd,eng Premier League,27,1996,38,38,3420,38.0,0,0,0,0,0,0,5,0,0.00,0.00,0.00,0.00,0.00,Matches,1971,cm CMR,GK,27,1996,38.0,0,0,0,,0.00,0.00,,,0,0,Matches
1972,Jean Onana,cm CMR,MF,Marseille,fr Ligue 1,23,2000,13,5,566,6.3,1,0,1,1,0,0,1,0,0.16,0.00,0.16,0.16,0.16,Matches,1972,cm CMR,MF,23,2000,6.3,1,8,3,37.5,1.27,0.48,0.13,0.33,0,0,Matches
1974,Karim Onisiwo,at AUT,"FW,MF",Mainz 05,de Bundesliga,31,1992,24,17,1493,16.6,1,3,4,1,0,0,1,0,0.06,0.18,0.24,0.06,0.24,Matches,1974,at AUT,"FW,MF",31,1992,16.6,1,33,7,21.2,1.99,0.42,0.03,0.14,0,0,Matches
1977,Frank Onyeka,ng NGA,MF,Brentford,eng Premier League,25,1998,26,11,1161,12.9,1,2,3,1,0,0,8,0,0.08,0.16,0.23,0.08,0.23,Matches,1977,ng NGA,MF,25,1998,12.9,1,22,9,40.9,1.71,0.70,0.05,0.11,0,0,Matches
1978,Loïs Openda,be BEL,FW,RB Leipzig,de Bundesliga,23,2000,34,33,2697,30.0,24,7,31,22,2,3,4,0,0.80,0.23,1.03,0.73,0.97,Matches,1978,be BEL,FW,23,2000,30.0,24,121,62,51.2,4.04,2.07,0.20,0.39,2,3,Matches
1980,Christopher Opéri,ci CIV,"DF,MF",Le Havre,fr Ligue 1,26,1997,28,28,2445,27.2,3,4,7,3,0,0,6,0,0.11,0.15,0.26,0.11,0.26,Matches,1980,ci CIV,"DF,MF",26,1997,27.2,3,23,10,43.5,0.85,0.37,0.13,0.30,0,0,Matches
1983,Willi Orban,hu HUN,DF,RB Leipzig,de Bundesliga,30,1992,19,18,1582,17.6,0,0,0,0,0,0,2,0,0.00,0.00,0.00,0.00,0.00,Matches,1983,hu HUN,DF,30,1992,17.6,0,7,2,28.6,0.40,0.11,0.00,0.00,0,0,Matches
1984,Ivan Ordets,ua UKR,DF,Bochum,de Bundesliga,31,1992,24,21,1880,20.9,1,0,1,1,0,0,4,0,0.05,0.00,0.05,0.05,0.05,Matches,1984,ua UKR,DF,31,1992,20.9,1,16,6,37.5,0.77,0.29,0.06,0.17,0,0,Matches
1985,Divock Origi,be BEL,"MF,FW",Nottingham,eng Premier League,28,1995,20,6,606,6.7,0,1,1,0,0,0,1,0,0.00,0.15,0.15,0.00,0.15,Matches,1985,be BEL,"MF,FW",28,1995,6.7,0,14,4,28.6,2.08,0.59,0.00,0.00,0,0,Matches
1986,Gaetano Oristanio,it ITA,"FW,MF",Cagliari,it Serie A,20,2002,25,11,1104,12.3,2,1,3,2,0,0,1,0,0.16,0.08,0.24,0.16,0.24,Matches,1986,it ITA,"FW,MF",20,2002,12.3,2,23,5,21.7,1.87,0.41,0.09,0.40,0,0,Matches
1987,Aimar Oroz,es ESP,MF,Osasuna,es La Liga,21,2001,33,26,2339,26.0,2,1,3,1,1,1,3,0,0.08,0.04,0.12,0.04,0.08,Matches,1987,es ESP,MF,21,2001,26.0,2,25,6,24.0,0.96,0.23,0.08,0.33,1,1,Matches
1988,Riccardo Orsolini,it ITA,MF,Bologna,it Serie A,26,1997,33,19,1792,19.9,10,2,12,8,2,3,2,0,0.50,0.10,0.60,0.40,0.50,Matches,1988,it ITA,MF,26,1997,19.9,10,59,25,42.4,2.96,1.26,0.17,0.40,2,3,Matches
1989,Stefan Ortega,de GER,GK,Manchester City,eng Premier League,30,1992,9,5,635,7.1,0,0,0,0,0,0,0,0,0.00,0.00,0.00,0.00,0.00,Matches,1989,de GER,GK,30,1992,7.1,0,0,0,,0.00,0.00,,,0,0,Matches
1992,Ben Osborn,eng ENG,MF,Sheffield United,eng Premier League,28,1994,24,14,1367,15.2,0,2,2,0,0,0,3,0,0.00,0.13,0.13,0.00,0.13,Matches,1992,eng ENG,MF,28,1994,15.2,0,4,0,0.0,0.26,0.00,0.00,,0,0,Matches
1993,Gabriel Osho,ng NGA,DF,Luton Town,eng Premier League,24,1998,21,21,1846,20.5,2,0,2,2,0,0,3,0,0.10,0.00,0.10,0.10,0.10,Matches,1993,ng NGA,DF,24,1998,20.5,2,10,2,20.0,0.49,0.10,0.20,1.00,0,0,Matches
1994,Victor Osimhen,ng NGA,FW,Napoli,it Serie A,24,1998,25,22,1982,22.0,15,3,18,12,3,5,6,1,0.68,0.14,0.82,0.54,0.68,Matches,1994,ng NGA,FW,24,1998,22.0,15,90,41,45.6,4.09,1.86,0.17,0.37,3,5,Matches
1996,Patrick Osterhage,de GER,MF,Bochum,de Bundesliga,23,2000,24,21,1861,20.7,2,1,3,2,0,0,5,0,0.10,0.05,0.15,0.10,0.15,Matches,1996,de GER,MF,23,2000,20.7,2,21,3,14.3,1.02,0.15,0.10,0.67,0,0,Matches
1997,William Osula,dk DEN,FW,Sheffield United,eng Premier League,19,2003,21,9,786,8.7,0,0,0,0,0,0,4,0,0.00,0.00,0.00,0.00,0.00,Matches,1997,dk DEN,FW,19,2003,8.7,0,21,8,38.1,2.40,0.92,0.00,0.00,0,0,Matches
1998,Dango Ouattara,bf BFA,"DF,MF",Bournemouth,eng Premier League,21,2002,30,12,1229,13.7,1,2,3,1,0,0,3,0,0.07,0.15,0.22,0.07,0.22,Matches,1998,bf BFA,"DF,MF",21,2002,13.7,1,30,7,23.3,2.20,0.51,0.03,0.14,0,0,Matches
1999,Kassoum Ouattara,fr FRA,"DF,MF",Monaco,fr Ligue 1,18,2004,14,7,636,7.1,1,0,1,1,0,0,2,0,0.14,0.00,0.14,0.14,0.14,Matches,1999,fr FRA,"DF,MF",18,2004,7.1,1,8,5,62.5,1.13,0.71,0.13,0.20,0,0,Matches
2000,Remi Oudin,fr FRA,"MF,FW",Lecce,it Serie A,26,1996,31,21,1819,20.2,3,2,5,3,0,0,3,0,0.15,0.10,0.25,0.15,0.25,Matches,2000,fr FRA,"MF,FW",26,1996,20.2,3,34,8,23.5,1.68,0.40,0.09,0.38,0,0,Matches
2001,Alexandre Oukidja,dz ALG,GK,Metz,fr Ligue 1,35,1988,34,34,2987,33.2,0,0,0,0,0,0,3,0,0.00,0.00,0.00,0.00,0.00,Matches,2001,dz ALG,GK,35,1988,33.2,0,0,0,,0.00,0.00,,,0,0,Matches
2002,Azzedine Ounahi,ma MAR,MF,Marseille,fr Ligue 1,23,2000,21,15,1209,13.4,2,0,2,2,0,0,3,0,0.15,0.00,0.15,0.15,0.15,Matches,2002,ma MAR,MF,23,2000,13.4,2,16,4,25.0,1.19,0.30,0.13,0.50,0,0,Matches
2007,Mikel Oyarzabal,es ESP,"FW,MF",Real Sociedad,es La Liga,26,1997,33,23,2156,24.0,9,3,12,7,2,2,3,0,0.38,0.13,0.50,0.29,0.42,Matches,2007,es ESP,"FW,MF",26,1997,24.0,9,40,19,47.5,1.67,0.79,0.23,0.47,2,2,Matches
2008,Anthony Oyono,ga GAB,"DF,MF",Frosinone,it Serie A,22,2001,16,14,1198,13.3,0,1,1,0,0,0,4,0,0.00,0.08,0.08,0.00,0.08,Matches,2008,ga GAB,"DF,MF",22,2001,13.3,0,4,1,25.0,0.30,0.08,0.00,0.00,0,0,Matches
2009,Salih Özcan,tr TUR,MF,Dortmund,de Bundesliga,25,1998,23,13,1184,13.2,0,0,0,0,0,0,3,0,0.00,0.00,0.00,0.00,0.00,Matches,2009,tr TUR,MF,25,1998,13.2,0,5,2,40.0,0.38,0.15,0.00,0.00,0,0,Matches
2010,Cenk Özkacar,tr TUR,DF,Valencia,es La Liga,22,2000,23,18,1598,17.8,0,0,0,0,0,0,3,0,0.00,0.00,0.00,0.00,0.00,Matches,2010,tr TUR,DF,22,2000,17.8,0,6,3,50.0,0.34,0.17,0.00,0.00,0,0,Matches
2012,Jon Pacheco,es ESP,DF,Real Sociedad,es La Liga,22,2001,23,16,1526,17.0,1,1,2,1,0,0,8,0,0.06,0.06,0.12,0.06,0.12,Matches,2012,es ESP,DF,22,2001,17.0,1,6,3,50.0,0.35,0.18,0.17,0.33,0,0,Matches
2013,Willian Pacho,ec ECU,DF,Frankfurt,de Bundesliga,21,2001,33,33,2970,33.0,0,3,3,0,0,0,7,0,0.00,0.09,0.09,0.00,0.09,Matches,2013,ec ECU,DF,21,2001,33.0,0,10,2,20.0,0.30,0.06,0.00,0.00,0,0,Matches
2014,Gonçalo Paciência,pt POR,FW,Bochum,de Bundesliga,28,1994,19,6,650,7.2,3,1,4,3,0,0,3,0,0.42,0.14,0.55,0.42,0.55,Matches,2014,pt POR,FW,28,1994,7.2,3,39,13,33.3,5.40,1.80,0.08,0.23,0,0,Matches
2018,Exequiel Palacios,ar ARG,MF,Leverkusen,de Bundesliga,24,1998,24,21,1831,20.3,4,4,8,2,2,2,6,0,0.20,0.20,0.39,0.10,0.29,Matches,2018,ar ARG,MF,24,1998,20.3,4,21,7,33.3,1.03,0.34,0.19,0.57,2,2,Matches
2019,Isaac Palazón Camacho,es ESP,MF,Rayo Vallecano,es La Liga,28,1994,37,34,2791,31.0,4,1,5,2,2,2,8,0,0.13,0.03,0.16,0.06,0.10,Matches,2019,es ESP,MF,28,1994,31.0,4,72,33,45.8,2.32,1.06,0.06,0.12,2,2,Matches
2020,João Palhinha,pt POR,MF,Fulham,eng Premier League,28,1995,33,31,2699,30.0,4,1,5,4,0,0,13,0,0.13,0.03,0.17,0.13,0.17,Matches,2020,pt POR,MF,28,1995,30.0,4,44,13,29.5,1.47,0.43,0.09,0.31,0,0,Matches
2021,Nicolas Pallois,fr FRA,DF,Nantes,fr Ligue 1,35,1987,23,17,1589,17.7,0,1,1,0,0,0,5,0,0.00,0.06,0.06,0.00,0.06,Matches,2021,fr FRA,DF,35,1987,17.7,0,4,1,25.0,0.23,0.06,0.00,0.00,0,0,Matches
2023,Cole Palmer,eng ENG,"MF,FW",Chelsea,eng Premier League,21,2002,33,29,2607,29.0,22,11,33,13,9,9,7,0,0.76,0.38,1.14,0.45,0.83,Matches,2023,eng ENG,"MF,FW",21,2002,29.0,22,108,46,42.6,3.73,1.59,0.20,0.48,9,9,Matches
2024,Emerson Palmieri,it ITA,DF,West Ham,eng Premier League,28,1994,36,35,3137,34.9,1,2,3,1,0,0,10,0,0.03,0.06,0.09,0.03,0.09,Matches,2024,it ITA,DF,28,1994,34.9,1,19,4,21.1,0.55,0.11,0.05,0.25,0,0,Matches
2029,Sokratis Papastathopoulos,gr GRE,DF,Real Betis,es La Liga,35,1988,15,12,1136,12.6,0,0,0,0,0,0,6,0,0.00,0.00,0.00,0.00,0.00,Matches,2029,gr GRE,DF,35,1988,12.6,0,2,1,50.0,0.16,0.08,0.00,0.00,0,0,Matches
2031,Leart Paqarada,xk KVX,DF,Köln,de Bundesliga,28,1994,17,11,1075,11.9,0,0,0,0,0,0,0,0,0.00,0.00,0.00,0.00,0.00,Matches,2031,xk KVX,DF,28,1994,11.9,0,10,4,40.0,0.84,0.33,0.00,0.00,0,0,Matches
2032,Lucas Paquetá,br BRA,MF,West Ham,eng Premier League,25,1997,31,31,2622,29.1,4,6,10,2,2,2,10,0,0.14,0.21,0.34,0.07,0.27,Matches,2032,br BRA,MF,25,1997,29.1,4,42,11,26.2,1.44,0.38,0.10,0.36,2,2,Matches
2034,Aitor Paredes,es ESP,DF,Athletic Club,es La Liga,23,2000,34,31,2704,30.0,1,0,1,1,0,0,9,1,0.03,0.00,0.03,0.03,0.03,Matches,2034,es ESP,DF,23,2000,30.0,1,13,3,23.1,0.43,0.10,0.08,0.33,0,0,Matches
2035,Kevin Paredes,us USA,"MF,DF",Wolfsburg,de Bundesliga,20,2003,28,15,1432,15.9,3,0,3,3,0,0,4,0,0.19,0.00,0.19,0.19,0.19,Matches,2035,us USA,"MF,DF",20,2003,15.9,3,19,8,42.1,1.19,0.50,0.16,0.38,0,0,Matches
2036,Leandro Paredes,ar ARG,MF,Roma,it Serie A,29,1994,34,32,2634,29.3,3,5,8,0,3,3,15,1,0.10,0.17,0.27,0.00,0.17,Matches,2036,ar ARG,MF,29,1994,29.3,3,32,6,18.8,1.09,0.21,0.09,0.50,3,3,Matches
2037,Daniel Parejo,es ESP,MF,Villarreal,es La Liga,34,1989,33,29,2580,28.7,3,5,8,0,3,3,4,0,0.10,0.17,0.28,0.00,0.17,Matches,2037,es ESP,MF,34,1989,28.7,3,12,6,50.0,0.42,0.21,0.25,0.50,3,3,Matches
2038,Fabiano Parisi,it ITA,DF,Fiorentina,it Serie A,22,2000,21,16,1454,16.2,0,1,1,0,0,0,4,0,0.00,0.06,0.06,0.00,0.06,Matches,2038,it ITA,DF,22,2000,16.2,0,12,2,16.7,0.74,0.12,0.00,0.00,0,0,Matches
2040,Thomas Partey,gh GHA,"MF,DF",Arsenal,eng Premier League,30,1993,14,9,788,8.8,0,0,0,0,0,0,3,0,0.00,0.00,0.00,0.00,0.00,Matches,2040,gh GHA,"MF,DF",30,1993,8.8,0,8,2,25.0,0.91,0.23,0.00,0.00,0,0,Matches
2041,Mario Pašalić,hr CRO,MF,Atalanta,it Serie A,28,1995,34,23,2051,22.8,6,6,12,4,2,2,3,0,0.26,0.26,0.53,0.18,0.44,Matches,2041,hr CRO,MF,28,1995,22.8,6,40,18,45.0,1.76,0.79,0.15,0.33,2,2,Matches
2044,Felix Passlack,de GER,"DF,MF",Bochum,de Bundesliga,25,1998,15,13,960,10.7,2,2,4,2,0,0,2,1,0.19,0.19,0.37,0.19,0.37,Matches,2044,de GER,"DF,MF",25,1998,10.7,2,14,3,21.4,1.31,0.28,0.14,0.67,0,0,Matches
2045,Patric,es ESP,DF,Lazio,it Serie A,30,1993,20,19,1608,17.9,2,0,2,2,0,0,4,0,0.11,0.00,0.11,0.11,0.11,Matches,2045,es ESP,DF,30,1993,17.9,2,6,2,33.3,0.34,0.11,0.33,1.00,0,0,Matches
2046,Rui Patrício,pt POR,GK,Roma,it Serie A,35,1988,23,23,2070,23.0,0,0,0,0,0,0,1,0,0.00,0.00,0.00,0.00,0.00,Matches,2046,pt POR,GK,35,1988,23.0,0,0,0,,0.00,0.00,,,0,0,Matches
2047,Nathan Patterson,sct SCO,DF,Everton,eng Premier League,21,2001,20,9,1005,11.2,0,2,2,0,0,0,4,0,0.00,0.18,0.18,0.00,0.18,Matches,2047,sct SCO,DF,21,2001,11.2,0,4,0,0.0,0.36,0.00,0.00,,0,0,Matches
2049,Gabriel Paulista,br BRA,DF,Valencia,es La Liga,32,1990,18,16,1398,15.5,0,0,0,0,0,0,6,1,0.00,0.00,0.00,0.00,0.00,Matches,2049,br BRA,DF,32,1990,15.5,0,7,0,0.0,0.45,0.00,0.00,,0,0,Matches
2050,Benjamin Pavard,fr FRA,DF,Inter,it Serie A,27,1996,23,21,1672,18.6,0,2,2,0,0,0,6,0,0.00,0.11,0.11,0.00,0.11,Matches,2050,fr FRA,DF,27,1996,18.6,0,15,5,33.3,0.81,0.27,0.00,0.00,0,0,Matches
2051,Jiří Pavlenka,cz CZE,GK,Werder Bremen,de Bundesliga,31,1992,7,7,630,7.0,0,0,0,0,0,0,0,0,0.00,0.00,0.00,0.00,0.00,Matches,2051,cz CZE,GK,31,1992,7.0,0,0,0,,0.00,0.00,,,0,0,Matches
2052,Aleksandar Pavlovic,de GER,MF,Bayern Munich,de Bundesliga,19,2004,19,14,1227,13.6,2,2,4,2,0,0,6,0,0.15,0.15,0.29,0.15,0.29,Matches,2052,de GER,MF,19,2004,13.6,2,8,2,25.0,0.59,0.15,0.25,1.00,0,0,Matches
2053,Leonardo Pavoletti,it ITA,FW,Cagliari,it Serie A,34,1988,19,5,628,7.0,4,1,5,4,0,0,4,0,0.57,0.14,0.72,0.57,0.72,Matches,2053,it ITA,FW,34,1988,7.0,4,25,9,36.0,3.58,1.29,0.16,0.44,0,0,Matches
2054,Martín Payero,ar ARG,MF,Udinese,it Serie A,24,1998,29,21,1796,20.0,2,2,4,2,0,0,6,1,0.10,0.10,0.20,0.10,0.20,Matches,2054,ar ARG,MF,24,1998,20.0,2,38,8,21.1,1.90,0.40,0.05,0.25,0,0,Matches
2058,Mads Pedersen,dk DEN,"DF,MF",Augsburg,de Bundesliga,26,1996,27,19,1786,19.8,1,1,2,1,0,0,5,1,0.05,0.05,0.10,0.05,0.10,Matches,2058,dk DEN,"DF,MF",26,1996,19.8,1,14,1,7.1,0.71,0.05,0.07,1.00,0,0,Matches
2059,Marcus Pedersen,no NOR,DF,Sassuolo,it Serie A,23,2000,28,16,1613,17.9,0,2,2,0,0,0,4,0,0.00,0.11,0.11,0.00,0.11,Matches,2059,no NOR,DF,23,2000,17.9,0,3,0,0.0,0.17,0.00,0.00,,0,0,Matches
2060,Alfonso Pedraza,es ESP,DF,Villarreal,es La Liga,27,1996,19,14,1116,12.4,1,3,4,1,0,0,4,1,0.08,0.24,0.32,0.08,0.32,Matches,2060,es ESP,DF,27,1996,12.4,1,9,4,44.4,0.73,0.32,0.11,0.25,0,0,Matches
2061,Pedri,es ESP,"MF,FW",Barcelona,es La Liga,20,2002,24,16,1476,16.4,4,2,6,4,0,0,3,0,0.24,0.12,0.37,0.24,0.37,Matches,2061,es ESP,"MF,FW",20,2002,16.4,4,15,7,46.7,0.91,0.43,0.27,0.57,0,0,Matches
2062,Pedro,es ESP,FW,Lazio,it Serie A,36,1987,33,5,816,9.1,1,1,2,1,0,0,4,0,0.11,0.11,0.22,0.11,0.22,Matches,2062,es ESP,FW,36,1987,9.1,1,11,4,36.4,1.21,0.44,0.09,0.25,0,0,Matches
2063,Adrià Pedrosa,es ESP,"DF,MF",Sevilla,es La Liga,25,1998,31,15,1753,19.5,1,4,5,1,0,0,1,0,0.05,0.21,0.26,0.05,0.26,Matches,2063,es ESP,"DF,MF",25,1998,19.5,1,16,4,25.0,0.82,0.21,0.06,0.25,0,0,Matches
2064,Jordan Pefok,us USA,FW,Gladbach,de Bundesliga,27,1996,25,18,1420,15.8,5,3,8,5,0,0,2,0,0.32,0.19,0.51,0.32,0.51,Matches,2064,us USA,FW,27,1996,15.8,5,36,10,27.8,2.28,0.63,0.14,0.50,0,0,Matches
2067,Pejiño,es ESP,"MF,FW",Las Palmas,es La Liga,27,1996,17,6,504,5.6,2,0,2,2,0,0,1,0,0.36,0.00,0.36,0.36,0.36,Matches,2067,es ESP,"MF,FW",27,1996,5.6,2,17,8,47.1,3.04,1.43,0.12,0.25,0,0,Matches
2068,Pietro Pellegri,it ITA,"FW,MF",Torino,it Serie A,22,2001,24,7,756,8.4,1,1,2,1,0,0,3,0,0.12,0.12,0.24,0.12,0.24,Matches,2068,it ITA,"FW,MF",22,2001,8.4,1,13,4,30.8,1.55,0.48,0.08,0.25,0,0,Matches
2069,Lorenzo Pellegrini,it ITA,MF,Roma,it Serie A,27,1996,29,20,1859,20.7,8,3,11,7,1,1,7,0,0.39,0.15,0.53,0.34,0.48,Matches,2069,it ITA,MF,27,1996,20.7,8,47,20,42.6,2.28,0.97,0.17,0.40,1,1,Matches
2070,Luca Pellegrini,it ITA,"DF,MF",Lazio,it Serie A,24,1999,19,8,786,8.7,1,0,1,1,0,0,7,1,0.11,0.00,0.11,0.11,0.11,Matches,2070,it ITA,"DF,MF",24,1999,8.7,1,7,1,14.3,0.80,0.11,0.14,1.00,0,0,Matches
2071,Marco Pellegrino,ar ARG,DF,Salernitana,it Serie A,21,2002,10,5,545,6.1,0,0,0,0,0,0,1,0,0.00,0.00,0.00,0.00,0.00,Matches,2071,ar ARG,DF,21,2002,6.1,0,2,0,0.0,0.33,0.00,0.00,,0,0,Matches
2074,Facundo Pellistri,uy URU,"MF,FW",Granada,es La Liga,21,2001,15,14,1232,13.7,2,1,3,2,0,0,2,1,0.15,0.07,0.22,0.15,0.22,Matches,2074,uy URU,"MF,FW",21,2001,13.7,2,17,6,35.3,1.24,0.44,0.12,0.33,0,0,Matches
2075,Andy Pelmard,mg MAD,DF,Clermont Foot,fr Ligue 1,23,2000,34,33,2989,33.2,0,0,0,0,0,0,1,0,0.00,0.00,0.00,0.00,0.00,Matches,2075,mg MAD,DF,23,2000,33.2,0,2,1,50.0,0.06,0.03,0.00,0.00,0,0,Matches
2077,Faris Pemi Moumbagna,cm CMR,FW,Marseille,fr Ligue 1,23,2000,13,5,547,6.1,3,1,4,3,0,0,2,1,0.49,0.16,0.66,0.49,0.66,Matches,2077,cm CMR,FW,23,2000,6.1,3,16,5,31.3,2.63,0.82,0.19,0.60,0,0,Matches
2078,Iñaki Peña,es ESP,GK,Barcelona,es La Liga,24,1999,10,10,900,10.0,0,0,0,0,0,0,0,0,0.00,0.00,0.00,0.00,0.00,Matches,2078,es ESP,GK,24,1999,10.0,0,0,0,,0.00,0.00,,,0,0,Matches
2080,Rubén Peña,es ESP,"DF,MF",Osasuna,es La Liga,32,1991,29,26,2088,23.2,0,2,2,0,0,0,3,0,0.00,0.09,0.09,0.00,0.09,Matches,2080,es ESP,"DF,MF",32,1991,23.2,0,17,5,29.4,0.73,0.22,0.00,0.00,0,0,Matches
2083,Andreas Pereira,br BRA,MF,Fulham,eng Premier League,27,1996,37,34,2613,29.0,3,7,10,3,0,0,6,0,0.10,0.24,0.34,0.10,0.34,Matches,2083,br BRA,MF,27,1996,29.0,3,52,16,30.8,1.79,0.55,0.06,0.19,0,0,Matches
2084,Danilo Pereira,pt POR,DF,PSG,fr Ligue 1,31,1991,26,22,1995,22.2,0,0,0,0,0,0,2,0,0.00,0.00,0.00,0.00,0.00,Matches,2084,pt POR,DF,31,1991,22.2,0,10,1,10.0,0.45,0.05,0.00,0.00,0,0,Matches
2085,Mathias Pereira Lage,pt POR,"MF,FW",Brest,fr Ligue 1,26,1996,30,12,1187,13.2,3,2,5,3,0,0,3,0,0.23,0.15,0.38,0.23,0.38,Matches,2085,pt POR,"MF,FW",26,1996,13.2,3,36,16,44.4,2.73,1.21,0.08,0.19,0,0,Matches
2086,Pedro Pereira,pt POR,"MF,DF",Monza,it Serie A,25,1998,23,9,841,9.3,0,2,2,0,0,0,3,0,0.00,0.21,0.21,0.00,0.21,Matches,2086,pt POR,"MF,DF",25,1998,9.3,0,3,0,0.0,0.32,0.00,0.00,,0,0,Matches
2088,Roberto Pereyra,ar ARG,"FW,MF",Udinese,it Serie A,32,1991,27,22,1858,20.6,4,3,7,3,1,1,6,0,0.19,0.15,0.34,0.15,0.29,Matches,2088,ar ARG,"FW,MF",32,1991,20.6,4,28,9,32.1,1.36,0.44,0.14,0.44,1,1,Matches
2089,Ayoze Pérez,es ESP,"MF,FW",Real Betis,es La Liga,30,1993,31,29,2294,25.5,9,1,10,9,0,0,4,0,0.35,0.04,0.39,0.35,0.39,Matches,2089,es ESP,"MF,FW",30,1993,25.5,9,68,26,38.2,2.67,1.02,0.13,0.35,0,0,Matches
2090,Carles Pérez,es ESP,MF,Celta Vigo,es La Liga,25,1998,16,7,772,8.6,1,1,2,1,0,0,3,0,0.12,0.12,0.23,0.12,0.23,Matches,2090,es ESP,MF,25,1998,8.6,1,24,6,25.0,2.80,0.70,0.04,0.17,0,0,Matches
2091,Francisco Perez,es ESP,MF,Valencia,es La Liga,20,2002,32,27,2049,22.8,1,4,5,1,0,0,4,0,0.04,0.18,0.22,0.04,0.22,Matches,2091,es ESP,MF,20,2002,22.8,1,20,2,10.0,0.88,0.09,0.05,0.50,0,0,Matches
2092,Kike Pérez,es ESP,"MF,FW",Rayo Vallecano,es La Liga,26,1997,24,9,835,9.3,1,0,1,1,0,0,7,0,0.11,0.00,0.11,0.11,0.11,Matches,2092,es ESP,"MF,FW",26,1997,9.3,1,13,6,46.2,1.40,0.65,0.08,0.17,0,0,Matches
2093,Nehuén Pérez,ar ARG,DF,Udinese,it Serie A,23,2000,36,36,3238,36.0,0,0,0,0,0,0,9,1,0.00,0.00,0.00,0.00,0.00,Matches,2093,ar ARG,DF,23,2000,36.0,0,20,2,10.0,0.56,0.06,0.00,0.00,0,0,Matches
2100,Lucas Perrin,fr FRA,DF,Strasbourg,fr Ligue 1,24,1998,31,30,2723,30.3,0,1,1,0,0,0,3,0,0.00,0.03,0.03,0.00,0.03,Matches,2100,fr FRA,DF,24,1998,30.3,0,12,3,25.0,0.40,0.10,0.00,0.00,0,0,Matches
2101,Máximo Perrone,ar ARG,MF,Las Palmas,es La Liga,20,2003,29,20,1623,18.0,0,0,0,0,0,0,6,0,0.00,0.00,0.00,0.00,0.00,Matches,2101,ar ARG,MF,20,2003,18.0,0,7,3,42.9,0.39,0.17,0.00,0.00,0,0,Matches
2102,Pavao Pervan,at AUT,GK,Wolfsburg,de Bundesliga,35,1987,9,9,810,9.0,0,0,0,0,0,0,1,0,0.00,0.00,0.00,0.00,0.00,Matches,2102,at AUT,GK,35,1987,9.0,0,0,0,,0.00,0.00,,,0,0,Matches
2103,Matteo Pessina,it ITA,MF,Monza,it Serie A,26,1997,37,37,3222,35.8,6,3,9,2,4,5,5,1,0.17,0.08,0.25,0.06,0.14,Matches,2103,it ITA,MF,26,1997,35.8,6,27,13,48.1,0.75,0.36,0.22,0.46,4,5,Matches
2104,Andrea Petagna,it ITA,FW,Cagliari,it Serie A,28,1995,18,13,995,11.1,1,1,2,1,0,0,2,0,0.09,0.09,0.18,0.09,0.18,Matches,2104,it ITA,FW,28,1995,11.1,1,19,8,42.1,1.72,0.72,0.05,0.13,0,0,Matches
2107,Đorđe Petrović,rs SRB,GK,Chelsea,eng Premier League,23,1999,23,22,1987,22.1,0,0,0,0,0,0,2,0,0.00,0.00,0.00,0.00,0.00,Matches,2107,rs SRB,GK,23,1999,22.1,0,0,0,,0.00,0.00,,,0,0,Matches
2109,Germán Pezzella,ar ARG,DF,Real Betis,es La Liga,32,1991,32,32,2767,30.7,1,0,1,1,0,0,7,0,0.03,0.00,0.03,0.03,0.03,Matches,2109,ar ARG,DF,32,1991,30.7,1,23,5,21.7,0.75,0.16,0.04,0.20,0,0,Matches
2110,Giuseppe Pezzella,it ITA,"MF,DF",Empoli,it Serie A,25,1997,19,14,1085,12.1,0,0,0,0,0,0,4,0,0.00,0.00,0.00,0.00,0.00,Matches,2110,it ITA,"MF,DF",25,1997,12.1,0,3,2,66.7,0.25,0.17,0.00,0.00,0,0,Matches
2111,Luca Pfeiffer,de GER,"FW,MF",Darmstadt 98,de Bundesliga,26,1996,24,20,1619,18.0,1,4,5,1,0,0,3,0,0.06,0.22,0.28,0.06,0.28,Matches,2111,de GER,"FW,MF",26,1996,18.0,1,48,19,39.6,2.67,1.06,0.02,0.05,0,0,Matches
2112,Patric Pfeiffer,gh GHA,DF,Augsburg,de Bundesliga,23,1999,11,4,511,5.7,0,1,1,0,0,0,0,0,0.00,0.18,0.18,0.00,0.18,Matches,2112,gh GHA,DF,23,1999,5.7,0,11,0,0.0,1.94,0.00,0.00,,0,0,Matches
2117,Kamil Piątkowski,pl POL,DF,Granada,es La Liga,23,2000,9,6,505,5.6,0,0,0,0,0,0,1,1,0.00,0.00,0.00,0.00,0.00,Matches,2117,pl POL,DF,23,2000,5.6,0,4,2,50.0,0.71,0.36,0.00,0.00,0,0,Matches
2119,Roberto Piccoli,it ITA,FW,Lecce,it Serie A,22,2001,35,12,1378,15.3,5,0,5,4,1,1,5,0,0.33,0.00,0.33,0.26,0.26,Matches,2119,it ITA,FW,22,2001,15.3,5,57,22,38.6,3.72,1.44,0.09,0.23,1,1,Matches
2121,Jordan Pickford,eng ENG,GK,Everton,eng Premier League,29,1994,38,38,3420,38.0,0,0,0,0,0,0,5,0,0.00,0.00,0.00,0.00,0.00,Matches,2121,eng ENG,GK,29,1994,38.0,0,0,0,,0.00,0.00,,,0,0,Matches
2122,Amos Pieper,de GER,DF,Werder Bremen,de Bundesliga,25,1998,7,7,590,6.6,0,0,0,0,0,0,0,0,0.00,0.00,0.00,0.00,0.00,Matches,2122,de GER,DF,25,1998,6.6,0,4,1,25.0,0.61,0.15,0.00,0.00,0,0,Matches
2123,Marvin Pieringer,de GER,"FW,MF",Heidenheim,de Bundesliga,23,1999,31,18,1513,16.8,3,3,6,3,0,0,5,0,0.18,0.18,0.36,0.18,0.36,Matches,2123,de GER,"FW,MF",23,1999,16.8,3,27,8,29.6,1.61,0.48,0.11,0.38,0,0,Matches
2125,Niccolò Pierozzi,it ITA,DF,Salernitana,it Serie A,21,2001,12,11,871,9.7,1,0,1,1,0,0,6,0,0.10,0.00,0.10,0.10,0.10,Matches,2125,it ITA,DF,21,2001,9.7,1,8,2,25.0,0.83,0.21,0.13,0.50,0,0,Matches
2126,Ronaël Pierre-Gabriel,fr FRA,"DF,MF",Nantes,fr Ligue 1,25,1998,12,6,598,6.6,0,0,0,0,0,0,3,0,0.00,0.00,0.00,0.00,0.00,Matches,2126,fr FRA,"DF,MF",25,1998,6.6,0,7,0,0.0,1.05,0.00,0.00,,0,0,Matches
2127,Andrea Pinamonti,it ITA,FW,Sassuolo,it Serie A,24,1999,38,37,3076,34.2,11,1,12,9,2,3,4,0,0.32,0.03,0.35,0.26,0.29,Matches,2127,it ITA,FW,24,1999,34.2,11,84,22,26.2,2.46,0.64,0.13,0.50,2,3,Matches
2128,Ethan Pinnock,jm JAM,DF,Brentford,eng Premier League,30,1993,29,28,2521,28.0,2,0,2,2,0,0,1,0,0.07,0.00,0.07,0.07,0.07,Matches,2128,jm JAM,DF,30,1993,28.0,2,19,4,21.1,0.68,0.14,0.11,0.50,0,0,Matches
2131,Lorenzo Pirola,it ITA,DF,Salernitana,it Serie A,21,2002,27,24,1987,22.1,1,0,1,1,0,0,4,0,0.05,0.00,0.05,0.05,0.05,Matches,2131,it ITA,DF,21,2002,22.1,1,15,4,26.7,0.68,0.18,0.07,0.25,0,0,Matches
2133,Alassane Pléa,fr FRA,"FW,MF",Gladbach,de Bundesliga,30,1993,27,24,1913,21.3,7,4,11,6,1,1,1,0,0.33,0.19,0.52,0.28,0.47,Matches,2133,fr FRA,"FW,MF",30,1993,21.3,7,58,19,32.8,2.73,0.89,0.12,0.37,1,1,Matches
2137,Matteo Politano,it ITA,FW,Napoli,it Serie A,29,1993,37,31,2360,26.2,8,7,15,6,2,3,2,1,0.31,0.27,0.57,0.23,0.50,Matches,2137,it ITA,FW,29,1993,26.2,8,75,19,25.3,2.86,0.72,0.11,0.42,2,3,Matches
2139,Julien Ponceau,fr FRA,MF,Lorient,fr Ligue 1,22,2000,32,27,2244,24.9,3,2,5,3,0,0,5,0,0.12,0.08,0.20,0.12,0.20,Matches,2139,fr FRA,MF,22,2000,24.9,3,33,13,39.4,1.32,0.52,0.09,0.23,0,0,Matches
2140,Marin Pongračić,hr CRO,DF,Lecce,it Serie A,25,1997,36,36,3219,35.8,0,0,0,0,0,0,10,1,0.00,0.00,0.00,0.00,0.00,Matches,2140,hr CRO,DF,25,1997,35.8,0,13,3,23.1,0.36,0.08,0.00,0.00,0,0,Matches
2141,Nick Pope,eng ENG,GK,Newcastle,eng Premier League,31,1992,15,15,1345,14.9,0,0,0,0,0,0,1,0,0.00,0.00,0.00,0.00,0.00,Matches,2141,eng ENG,GK,31,1992,14.9,0,1,0,0.0,0.07,0.00,0.00,,0,0,Matches
2142,Pedro Porro,es ESP,DF,Tottenham,eng Premier League,23,1999,35,35,3089,34.3,3,7,10,3,0,0,3,0,0.09,0.20,0.29,0.09,0.29,Matches,2142,es ESP,DF,23,1999,34.3,3,53,12,22.6,1.54,0.35,0.06,0.25,0,0,Matches
2144,Portu,es ESP,"MF,FW",Girona,es La Liga,31,1992,33,11,1188,13.2,7,5,12,7,0,0,3,0,0.53,0.38,0.91,0.53,0.91,Matches,2144,es ESP,"MF,FW",31,1992,13.2,7,21,11,52.4,1.59,0.83,0.33,0.64,0,0,Matches
2145,Stefan Posch,at AUT,DF,Bologna,it Serie A,26,1997,31,29,2409,26.8,1,2,3,1,0,0,7,0,0.04,0.07,0.11,0.04,0.11,Matches,2145,at AUT,DF,26,1997,26.8,1,18,4,22.2,0.67,0.15,0.06,0.25,0,0,Matches
2146,Yussuf Poulsen,dk DEN,FW,RB Leipzig,de Bundesliga,29,1994,28,12,1217,13.5,5,2,7,5,0,0,0,0,0.37,0.15,0.52,0.37,0.52,Matches,2146,dk DEN,FW,29,1994,13.5,5,29,16,55.2,2.14,1.18,0.17,0.31,0,0,Matches
2148,Alejandro Pozo Pozo,es ESP,"DF,MF",Almería,es La Liga,24,1999,21,9,976,10.8,0,0,0,0,0,0,3,0,0.00,0.00,0.00,0.00,0.00,Matches,2148,es ESP,"DF,MF",24,1999,10.8,0,4,2,50.0,0.37,0.18,0.00,0.00,0,0,Matches
2149,Beñat Prados,es ESP,MF,Athletic Club,es La Liga,22,2001,26,16,1449,16.1,0,0,0,0,0,0,1,0,0.00,0.00,0.00,0.00,0.00,Matches,2149,es ESP,MF,22,2001,16.1,0,7,4,57.1,0.43,0.25,0.00,0.00,0,0,Matches
2150,Matteo Prati,it ITA,MF,Cagliari,it Serie A,19,2003,26,19,1972,21.9,1,1,2,1,0,0,4,0,0.05,0.05,0.09,0.05,0.09,Matches,2150,it ITA,MF,19,2003,21.9,1,35,11,31.4,1.60,0.50,0.03,0.09,0,0,Matches
2151,Abdón Prats,es ESP,FW,Mallorca,es La Liga,30,1992,34,11,1270,14.1,6,1,7,6,0,0,4,0,0.43,0.07,0.50,0.43,0.50,Matches,2151,es ESP,FW,30,1992,14.1,6,33,14,42.4,2.34,0.99,0.18,0.43,0,0,Matches
2153,Grischa Prömel,de GER,MF,Hoffenheim,de Bundesliga,28,1995,28,27,2139,23.8,4,5,9,4,0,0,10,1,0.17,0.21,0.38,0.17,0.38,Matches,2153,de GER,MF,28,1995,23.8,4,26,8,30.8,1.09,0.34,0.15,0.50,0,0,Matches
2154,Ivan Provedel,it ITA,GK,Lazio,it Serie A,29,1994,30,30,2699,30.0,0,0,0,0,0,0,0,0,0.00,0.00,0.00,0.00,0.00,Matches,2154,it ITA,GK,29,1994,30.0,0,0,0,,0.00,0.00,,,0,0,Matches
2155,Marc Pubill,es ESP,DF,Almería,es La Liga,20,2003,23,22,1883,20.9,1,3,4,1,0,0,2,0,0.05,0.14,0.19,0.05,0.19,Matches,2155,es ESP,DF,20,2003,20.9,1,20,5,25.0,0.96,0.24,0.05,0.20,0,0,Matches
2157,Antonio Puertas,es ESP,"MF,FW",Granada,es La Liga,31,1992,27,6,730,8.1,0,2,2,0,0,2,3,1,0.00,0.25,0.25,0.00,0.25,Matches,2157,es ESP,"MF,FW",31,1992,8.1,0,19,5,26.3,2.34,0.62,0.00,0.00,0,2,Matches
2159,Christian Pulisic,us USA,"MF,FW",Milan,it Serie A,24,1998,36,32,2602,28.9,12,8,20,12,0,0,2,0,0.42,0.28,0.69,0.42,0.69,Matches,2159,us USA,"MF,FW",24,1998,28.9,12,65,31,47.7,2.25,1.07,0.18,0.39,0,0,Matches
2161,Jarell Quansah,eng ENG,DF,Liverpool,eng Premier League,20,2003,17,13,1190,13.2,2,0,2,2,0,0,1,0,0.15,0.00,0.15,0.15,0.15,Matches,2161,eng ENG,DF,20,2003,13.2,2,6,4,66.7,0.45,0.30,0.33,0.50,0,0,Matches
2163,Adrien Rabiot,fr FRA,MF,Juventus,it Serie A,28,1995,31,30,2651,29.5,5,3,8,5,0,0,8,0,0.17,0.10,0.27,0.17,0.27,Matches,2163,fr FRA,MF,28,1995,29.5,5,38,17,44.7,1.29,0.58,0.13,0.29,0,0,Matches
2164,Uroš Račić,rs SRB,MF,Sassuolo,it Serie A,25,1998,22,8,820,9.1,1,1,2,1,0,0,1,0,0.11,0.11,0.22,0.11,0.22,Matches,2164,rs SRB,MF,25,1998,9.1,1,17,4,23.5,1.87,0.44,0.06,0.25,0,0,Matches
2167,Aleksandar Radovanović,rs SRB,DF,Almería,es La Liga,29,1993,9,8,569,6.3,0,0,0,0,0,0,2,0,0.00,0.00,0.00,0.00,0.00,Matches,2167,rs SRB,DF,29,1993,6.3,0,1,0,0.0,0.16,0.00,0.00,,0,0,Matches
2169,Boris Radunović,rs SRB,GK,Cagliari,it Serie A,27,1996,7,7,630,7.0,0,0,0,0,0,0,0,0,0.00,0.00,0.00,0.00,0.00,Matches,2169,rs SRB,GK,27,1996,7.0,0,0,0,,0.00,0.00,,,0,0,Matches
2170,Hamza Rafia,tn TUN,MF,Lecce,it Serie A,24,1999,28,17,1204,13.4,1,0,1,1,0,0,4,0,0.07,0.00,0.07,0.07,0.07,Matches,2170,tn TUN,MF,24,1999,13.4,1,16,3,18.8,1.20,0.22,0.06,0.33,0,0,Matches
2172,Antonio Raillo,es ESP,DF,Mallorca,es La Liga,31,1991,26,25,2195,24.4,3,2,5,3,0,0,6,1,0.12,0.08,0.21,0.12,0.21,Matches,2172,es ESP,DF,31,1991,24.4,3,29,9,31.0,1.19,0.37,0.10,0.33,0,0,Matches
2174,Predrag Rajković,rs SRB,GK,Mallorca,es La Liga,27,1995,36,36,3240,36.0,0,0,0,0,0,0,2,0,0.00,0.00,0.00,0.00,0.00,Matches,2174,rs SRB,GK,27,1995,36.0,0,0,0,,0.00,0.00,,,0,0,Matches
2176,Ivan Rakitić,hr CRO,MF,Sevilla,es La Liga,35,1988,18,16,1425,15.8,2,1,3,2,0,0,6,0,0.13,0.06,0.19,0.13,0.19,Matches,2176,hr CRO,MF,35,1988,15.8,2,32,8,25.0,2.02,0.51,0.06,0.25,0,0,Matches
2177,Ylber Ramadani,al ALB,MF,Lecce,it Serie A,27,1996,34,34,2970,33.0,1,0,1,1,0,0,13,0,0.03,0.00,0.03,0.03,0.03,Matches,2177,al ALB,MF,27,1996,33.0,1,31,6,19.4,0.94,0.18,0.03,0.17,0,0,Matches
2178,Largie Ramazani,be BEL,"MF,FW",Almería,es La Liga,22,2001,29,16,1555,17.3,3,5,8,3,0,0,11,2,0.17,0.29,0.46,0.17,0.46,Matches,2178,be BEL,"MF,FW",22,2001,17.3,3,40,13,32.5,2.32,0.75,0.08,0.23,0,0,Matches
2180,Sandro Ramírez,es ESP,"FW,MF",Las Palmas,es La Liga,28,1995,27,21,1808,20.1,1,3,4,1,0,1,3,0,0.05,0.15,0.20,0.05,0.20,Matches,2180,es ESP,"FW,MF",28,1995,20.1,1,52,19,36.5,2.59,0.95,0.02,0.05,0,1,Matches
2181,Chris Ramos,es ESP,FW,Cádiz,es La Liga,26,1997,37,30,2612,29.0,5,1,6,5,0,0,5,0,0.17,0.03,0.21,0.17,0.21,Matches,2181,es ESP,FW,26,1997,29.0,5,76,27,35.5,2.62,0.93,0.07,0.19,0,0,Matches
2182,Gonçalo Ramos,pt POR,FW,PSG,fr Ligue 1,22,2001,29,16,1419,15.8,11,1,12,10,1,1,1,0,0.70,0.06,0.76,0.63,0.70,Matches,2182,pt POR,FW,22,2001,15.8,11,55,21,38.2,3.49,1.33,0.20,0.52,1,1,Matches
2183,Sergio Ramos,es ESP,DF,Sevilla,es La Liga,37,1986,28,28,2517,28.0,3,0,3,3,0,0,7,1,0.11,0.00,0.11,0.11,0.11,Matches,2183,es ESP,DF,37,1986,28.0,3,28,11,39.3,1.00,0.39,0.11,0.27,0,0,Matches
2184,Aaron Ramsdale,eng ENG,GK,Arsenal,eng Premier League,25,1998,6,6,540,6.0,0,0,0,0,0,0,0,0,0.00,0.00,0.00,0.00,0.00,Matches,2184,eng ENG,GK,25,1998,6.0,0,0,0,,0.00,0.00,,,0,0,Matches
2185,Aaron Ramsey,eng ENG,MF,Burnley,eng Premier League,20,2003,14,5,527,5.9,0,0,0,0,0,0,1,0,0.00,0.00,0.00,0.00,0.00,Matches,2185,eng ENG,MF,20,2003,5.9,0,6,2,33.3,1.02,0.34,0.00,0.00,0,0,Matches
2186,Jacob Ramsey,eng ENG,MF,Aston Villa,eng Premier League,22,2001,16,8,853,9.5,1,1,2,1,0,0,2,0,0.11,0.11,0.21,0.11,0.21,Matches,2186,eng ENG,MF,22,2001,9.5,1,19,5,26.3,2.00,0.53,0.05,0.20,0,0,Matches
2187,Luca Ranieri,it ITA,DF,Fiorentina,it Serie A,24,1999,26,23,2065,22.9,2,1,3,2,0,0,14,0,0.09,0.04,0.13,0.09,0.13,Matches,2187,it ITA,DF,24,1999,22.9,2,10,3,30.0,0.44,0.13,0.20,0.67,0,0,Matches
2190,Raphinha,br BRA,"FW,MF",Barcelona,es La Liga,26,1996,28,17,1368,15.2,6,9,15,5,1,1,4,1,0.39,0.59,0.99,0.33,0.92,Matches,2190,br BRA,"FW,MF",26,1996,15.2,6,59,22,37.3,3.88,1.45,0.10,0.27,1,1,Matches
2192,Elba Rashani,xk KVX,"MF,FW",Clermont Foot,fr Ligue 1,30,1993,24,14,1175,13.1,2,0,2,2,0,0,4,2,0.15,0.00,0.15,0.15,0.15,Matches,2192,xk KVX,"MF,FW",30,1993,13.1,2,16,5,31.3,1.23,0.38,0.13,0.40,0,0,Matches
2193,Marcus Rashford,eng ENG,"MF,FW",Manchester Utd,eng Premier League,25,1997,33,26,2271,25.2,7,2,9,5,2,2,2,0,0.28,0.08,0.36,0.20,0.28,Matches,2193,eng ENG,"MF,FW",25,1997,25.2,7,62,21,33.9,2.46,0.83,0.11,0.33,2,2,Matches
2194,Giacomo Raspadori,it ITA,FW,Napoli,it Serie A,23,2000,37,14,1584,17.6,5,3,8,5,0,1,0,0,0.28,0.17,0.45,0.28,0.45,Matches,2194,it ITA,FW,23,2000,17.6,5,61,24,39.3,3.47,1.36,0.08,0.21,0,1,Matches
2195,Andrei Ratiu,ro ROU,"DF,MF",Rayo Vallecano,es La Liga,25,1998,12,6,630,7.0,0,0,0,0,0,0,1,0,0.00,0.00,0.00,0.00,0.00,Matches,2195,ro ROU,"DF,MF",25,1998,7.0,0,6,1,16.7,0.86,0.14,0.00,0.00,0,0,Matches
2196,Raúl,es ESP,FW,Osasuna,es La Liga,22,2000,35,13,1355,15.1,6,1,7,6,0,0,4,0,0.40,0.07,0.46,0.40,0.46,Matches,2196,es ESP,FW,22,2000,15.1,6,33,12,36.4,2.19,0.80,0.18,0.50,0,0,Matches
2197,David Raum,de GER,DF,RB Leipzig,de Bundesliga,25,1998,31,31,2739,30.4,2,8,10,2,0,0,6,0,0.07,0.26,0.33,0.07,0.33,Matches,2197,de GER,DF,25,1998,30.4,2,14,4,28.6,0.46,0.13,0.14,0.50,0,0,Matches
2198,Federico Ravaglia,it ITA,GK,Bologna,it Serie A,23,1999,6,6,535,5.9,0,0,0,0,0,0,0,0,0.00,0.00,0.00,0.00,0.00,Matches,2198,it ITA,GK,23,1999,5.9,0,0,0,,0.00,0.00,,,0,0,Matches
2199,David Raya,es ESP,GK,Arsenal,eng Premier League,27,1995,32,32,2880,32.0,0,0,0,0,0,0,2,0,0.00,0.00,0.00,0.00,0.00,Matches,2199,es ESP,GK,27,1995,32.0,0,0,0,,0.00,0.00,,,0,0,Matches
2200,Tim Ream,us USA,DF,Fulham,eng Premier League,35,1987,18,17,1503,16.7,1,0,1,1,0,0,4,1,0.06,0.00,0.06,0.06,0.06,Matches,2200,us USA,DF,35,1987,16.7,1,1,1,100.0,0.06,0.06,1.00,1.00,0,0,Matches
2201,Abde Rebbach,dz ALG,MF,Alavés,es La Liga,24,1998,23,6,722,8.0,1,0,1,1,0,0,1,0,0.12,0.00,0.12,0.12,0.12,Matches,2201,dz ALG,MF,24,1998,8.0,1,17,4,23.5,2.12,0.50,0.06,0.25,0,0,Matches
2203,Harrison Reed,eng ENG,MF,Fulham,eng Premier League,28,1995,27,15,1325,14.7,0,2,2,0,0,0,6,0,0.00,0.14,0.14,0.00,0.14,Matches,2203,eng ENG,MF,28,1995,14.7,0,9,2,22.2,0.61,0.14,0.00,0.00,0,0,Matches
2205,Sergio Reguilón,es ESP,"MF,DF",Brentford,eng Premier League,26,1996,16,14,1118,12.4,0,4,4,0,0,0,4,1,0.00,0.32,0.32,0.00,0.32,Matches,2205,es ESP,"MF,DF",26,1996,12.4,0,13,2,15.4,1.05,0.16,0.00,0.00,0,0,Matches
2206,Tijjani Reijnders,nl NED,MF,Milan,it Serie A,25,1998,36,33,2820,31.3,3,3,6,3,0,0,8,0,0.10,0.10,0.19,0.10,0.19,Matches,2206,nl NED,MF,25,1998,31.3,3,44,9,20.5,1.40,0.29,0.07,0.33,0,0,Matches
2208,Reinier,br BRA,"MF,FW",Frosinone,it Serie A,21,2002,22,13,1059,11.8,2,2,4,2,0,0,3,0,0.17,0.17,0.34,0.17,0.34,Matches,2208,br BRA,"MF,FW",21,2002,11.8,2,14,6,42.9,1.19,0.51,0.14,0.33,0,0,Matches
2209,Rocco Reitz,de GER,MF,Gladbach,de Bundesliga,21,2002,34,24,2136,23.7,6,3,9,6,0,0,2,0,0.25,0.13,0.38,0.25,0.38,Matches,2209,de GER,MF,21,2002,23.7,6,34,14,41.2,1.43,0.59,0.18,0.43,0,0,Matches
2210,Álex Remiro,es ESP,GK,Real Sociedad,es La Liga,28,1995,37,37,3275,36.4,0,0,0,0,0,0,3,1,0.00,0.00,0.00,0.00,0.00,Matches,2210,es ESP,GK,28,1995,36.4,0,0,0,,0.00,0.00,,,0,0,Matches
2211,Guillaume Restes,fr FRA,GK,Toulouse,fr Ligue 1,18,2005,34,34,3060,34.0,0,0,0,0,0,0,3,0,0.00,0.00,0.00,0.00,0.00,Matches,2211,fr FRA,GK,18,2005,34.0,0,0,0,,0.00,0.00,,,0,0,Matches
2212,Mateo Retegui,it ITA,FW,Genoa,it Serie A,24,1999,29,26,2216,24.6,7,2,9,6,1,1,5,0,0.28,0.08,0.37,0.24,0.32,Matches,2212,it ITA,FW,24,1999,24.6,7,63,23,36.5,2.56,0.93,0.11,0.30,1,1,Matches
2213,Marco Reus,de GER,MF,Dortmund,de Bundesliga,34,1989,26,18,1601,17.8,6,8,14,6,0,0,2,0,0.34,0.45,0.79,0.34,0.79,Matches,2213,de GER,MF,34,1989,17.8,6,42,20,47.6,2.36,1.12,0.14,0.30,0,0,Matches
2214,Elvis Rexhbeçaj,xk KVX,MF,Augsburg,de Bundesliga,25,1997,25,24,1985,22.1,2,0,2,1,1,1,4,0,0.09,0.00,0.09,0.05,0.05,Matches,2214,xk KVX,MF,25,1997,22.1,2,28,4,14.3,1.27,0.18,0.07,0.50,1,1,Matches
2217,Chadi Riad,ma MAR,DF,Real Betis,es La Liga,20,2003,26,24,2164,24.0,0,0,0,0,0,0,1,0,0.00,0.00,0.00,0.00,0.00,Matches,2217,ma MAR,DF,20,2003,24.0,0,11,5,45.5,0.46,0.21,0.00,0.00,0,0,Matches
2218,Alexsandro Ribeiro,br BRA,DF,Lille,fr Ligue 1,23,1999,29,24,2220,24.7,0,0,0,0,0,0,6,1,0.00,0.00,0.00,0.00,0.00,Matches,2218,br BRA,DF,23,1999,24.7,0,17,2,11.8,0.69,0.08,0.00,0.00,0,0,Matches
2220,Samuele Ricci,it ITA,MF,Torino,it Serie A,21,2001,32,28,2395,26.6,1,2,3,1,0,0,8,1,0.04,0.08,0.11,0.04,0.11,Matches,2220,it ITA,MF,21,2001,26.6,1,30,5,16.7,1.13,0.19,0.03,0.20,0,0,Matches
2221,Declan Rice,eng ENG,MF,Arsenal,eng Premier League,24,1999,38,37,3225,35.8,7,8,15,7,0,0,5,0,0.20,0.22,0.42,0.20,0.42,Matches,2221,eng ENG,MF,24,1999,35.8,7,58,20,34.5,1.62,0.56,0.12,0.35,0,0,Matches
2222,Chris Richards,us USA,"DF,MF",Crystal Palace,eng Premier League,23,2000,26,23,2094,23.3,1,1,2,1,0,0,3,0,0.04,0.04,0.09,0.04,0.09,Matches,2222,us USA,"DF,MF",23,2000,23.3,1,11,3,27.3,0.47,0.13,0.09,0.33,0,0,Matches
2223,Amir Richardson,ma MAR,MF,Reims,fr Ligue 1,21,2002,28,14,1352,15.0,3,1,4,3,0,0,4,0,0.20,0.07,0.27,0.20,0.27,Matches,2223,ma MAR,MF,21,2002,15.0,3,17,8,47.1,1.13,0.53,0.18,0.38,0,0,Matches
2224,Richarlison,br BRA,"FW,MF",Tottenham,eng Premier League,26,1997,28,18,1491,16.6,11,4,15,11,0,0,3,0,0.66,0.24,0.91,0.66,0.91,Matches,2224,br BRA,"FW,MF",26,1997,16.6,11,61,25,41.0,3.68,1.51,0.18,0.44,0,0,Matches
2225,Marco Richter,de GER,MF,Mainz 05,de Bundesliga,25,1997,20,7,717,8.0,1,0,1,1,0,0,3,0,0.13,0.00,0.13,0.13,0.13,Matches,2225,de GER,MF,25,1997,8.0,1,38,9,23.7,4.77,1.13,0.03,0.11,0,0,Matches
2226,Diego Rico,es ESP,DF,Getafe,es La Liga,30,1993,32,28,2535,28.2,0,7,7,0,0,0,10,0,0.00,0.25,0.25,0.00,0.25,Matches,2226,es ESP,DF,30,1993,28.2,0,18,5,27.8,0.64,0.18,0.00,0.00,0,0,Matches
2227,Clemens Riedel,de GER,"DF,MF",Darmstadt 98,de Bundesliga,20,2003,14,9,755,8.4,0,0,0,0,0,0,2,0,0.00,0.00,0.00,0.00,0.00,Matches,2227,de GER,"DF,MF",20,2003,8.4,0,8,3,37.5,0.95,0.36,0.00,0.00,0,0,Matches
2230,Manuel Riemann,de GER,GK,Bochum,de Bundesliga,34,1988,33,33,2970,33.0,0,0,0,0,0,0,5,0,0.00,0.00,0.00,0.00,0.00,Matches,2230,de GER,GK,34,1988,33.0,0,0,0,,0.00,0.00,,,0,0,Matches
2231,Luis Rioja,es ESP,MF,Alavés,es La Liga,29,1993,37,31,2498,27.8,5,4,9,2,3,4,4,0,0.18,0.14,0.32,0.07,0.22,Matches,2231,es ESP,MF,29,1993,27.8,5,57,19,33.3,2.05,0.68,0.09,0.26,3,4,Matches
2233,Rodrigo Riquelme,es ESP,"MF,DF",Atlético Madrid,es La Liga,23,2000,34,17,1528,17.0,3,5,8,3,0,0,1,0,0.18,0.29,0.47,0.18,0.47,Matches,2233,es ESP,"MF,DF",23,2000,17.0,3,37,16,43.2,2.18,0.94,0.08,0.19,0,0,Matches
2235,Mihailo Ristić,rs SRB,"DF,MF",Celta Vigo,es La Liga,27,1995,12,9,808,9.0,0,0,0,0,0,0,2,0,0.00,0.00,0.00,0.00,0.00,Matches,2235,rs SRB,"DF,MF",27,1995,9.0,0,10,4,40.0,1.11,0.45,0.00,0.00,0,0,Matches
2238,Sergi Roberto,es ESP,"MF,DF",Barcelona,es La Liga,31,1992,14,10,860,9.6,3,2,5,3,0,0,4,0,0.31,0.21,0.52,0.31,0.52,Matches,2238,es ESP,"MF,DF",31,1992,9.6,3,10,4,40.0,1.05,0.42,0.30,0.75,0,0,Matches
2239,Lucas Robertone,ar ARG,MF,Almería,es La Liga,26,1997,33,29,2381,26.5,0,5,5,0,0,0,11,0,0.00,0.19,0.19,0.00,0.19,Matches,2239,ar ARG,MF,26,1997,26.5,0,37,13,35.1,1.40,0.49,0.00,0.00,0,0,Matches
2240,Connor Roberts,wls WAL,DF,Burnley,eng Premier League,27,1995,14,8,823,9.1,0,1,1,0,0,0,5,1,0.00,0.11,0.11,0.00,0.11,Matches,2240,wls WAL,DF,27,1995,9.1,0,0,0,,0.00,0.00,,,0,0,Matches
2241,Andy Robertson,sct SCO,DF,Liverpool,eng Premier League,29,1994,23,18,1693,18.8,3,2,5,3,0,0,2,0,0.16,0.11,0.27,0.16,0.27,Matches,2241,sct SCO,DF,29,1994,18.8,3,12,7,58.3,0.64,0.37,0.25,0.43,0,0,Matches
2242,Antonee Robinson,us USA,DF,Fulham,eng Premier League,25,1997,37,37,3265,36.3,0,6,6,0,0,0,6,0,0.00,0.17,0.17,0.00,0.17,Matches,2242,us USA,DF,25,1997,36.3,0,16,7,43.8,0.44,0.19,0.00,0.00,0,0,Matches
2243,Jack Robinson,eng ENG,DF,Sheffield United,eng Premier League,29,1993,34,31,2885,32.1,1,1,2,1,0,0,10,0,0.03,0.03,0.06,0.03,0.06,Matches,2243,eng ENG,DF,29,1993,32.1,1,14,6,42.9,0.44,0.19,0.07,0.17,0,0,Matches
2244,Marc Roca,es ESP,MF,Real Betis,es La Liga,26,1996,26,24,1980,22.0,2,2,4,2,0,0,5,0,0.09,0.09,0.18,0.09,0.18,Matches,2244,es ESP,MF,26,1996,22.0,2,20,7,35.0,0.91,0.32,0.10,0.29,0,0,Matches
2247,Rodri,es ESP,"MF,DF",Manchester City,eng Premier League,27,1996,34,34,2931,32.6,8,9,17,8,0,0,8,1,0.25,0.28,0.52,0.25,0.52,Matches,2247,es ESP,"MF,DF",27,1996,32.6,8,62,22,35.5,1.90,0.68,0.13,0.36,0,0,Matches
2248,Rodri,es ESP,MF,Real Betis,es La Liga,23,2000,29,9,1051,11.7,0,0,0,0,0,0,0,0,0.00,0.00,0.00,0.00,0.00,Matches,2248,es ESP,MF,23,2000,11.7,0,18,5,27.8,1.54,0.43,0.00,0.00,0,0,Matches
2250,Óscar Rodríguez Arnaiz,es ESP,"MF,FW",Getafe,es La Liga,25,1998,24,9,967,10.7,2,1,3,2,0,0,9,0,0.19,0.09,0.28,0.19,0.28,Matches,2250,es ESP,"MF,FW",25,1998,10.7,2,34,10,29.4,3.16,0.93,0.06,0.20,0,0,Matches
2252,Dani Rodríguez,es ESP,MF,Mallorca,es La Liga,35,1988,36,31,2615,29.1,2,4,6,2,0,0,9,0,0.07,0.14,0.21,0.07,0.21,Matches,2252,es ESP,MF,35,1988,29.1,2,27,4,14.8,0.93,0.14,0.07,0.50,0,0,Matches
2253,Guido Rodríguez,ar ARG,MF,Real Betis,es La Liga,29,1994,24,22,1846,20.5,2,0,2,2,0,0,6,0,0.10,0.00,0.10,0.10,0.10,Matches,2253,ar ARG,MF,29,1994,20.5,2,18,7,38.9,0.88,0.34,0.11,0.29,0,0,Matches
2254,Jay Rodriguez,eng ENG,FW,Burnley,eng Premier League,34,1989,21,7,822,9.1,2,1,3,1,1,1,0,0,0.22,0.11,0.33,0.11,0.22,Matches,2254,eng ENG,FW,34,1989,9.1,2,22,8,36.4,2.41,0.88,0.09,0.25,1,1,Matches
2255,Kirian Rodríguez,es ESP,MF,Las Palmas,es La Liga,27,1996,37,36,3211,35.7,6,2,8,6,0,0,8,0,0.17,0.06,0.22,0.17,0.22,Matches,2255,es ESP,MF,27,1996,35.7,6,43,14,32.6,1.21,0.39,0.14,0.43,0,0,Matches
2257,Ricardo Rodríguez,ch SUI,"DF,MF",Torino,it Serie A,30,1992,35,34,2772,30.8,1,2,3,1,0,0,4,0,0.03,0.06,0.10,0.03,0.10,Matches,2257,ch SUI,"DF,MF",30,1992,30.8,1,11,2,18.2,0.36,0.06,0.09,0.50,0,0,Matches
2258,Rodrygo,br BRA,FW,Real Madrid,es La Liga,22,2001,34,28,2380,26.4,10,5,15,10,0,1,2,0,0.38,0.19,0.57,0.38,0.57,Matches,2258,br BRA,FW,22,2001,26.4,10,87,36,41.4,3.29,1.36,0.11,0.28,0,1,Matches
2259,Mads Roerslev,dk DEN,"MF,DF",Brentford,eng Premier League,24,1999,34,22,1985,22.1,1,2,3,1,0,0,1,0,0.05,0.09,0.14,0.05,0.14,Matches,2259,dk DEN,"MF,DF",24,1999,22.1,1,7,1,14.3,0.32,0.05,0.14,1.00,0,0,Matches
2260,Rogério,br BRA,"DF,MF",Wolfsburg,de Bundesliga,25,1998,13,10,906,10.1,1,0,1,1,0,0,0,0,0.10,0.00,0.10,0.10,0.10,Matches,2260,br BRA,"DF,MF",25,1998,10.1,1,4,2,50.0,0.40,0.20,0.25,0.50,0,0,Matches
2261,Morgan Rogers,eng ENG,MF,Aston Villa,eng Premier League,21,2002,11,8,638,7.1,3,1,4,3,0,0,3,0,0.42,0.14,0.56,0.42,0.56,Matches,2261,eng ENG,MF,21,2002,7.1,3,11,5,45.5,1.55,0.71,0.27,0.60,0,0,Matches
2262,Merlin Röhl,de GER,"MF,FW",Freiburg,de Bundesliga,21,2002,24,17,1477,16.4,2,4,6,2,0,0,3,1,0.12,0.24,0.37,0.12,0.37,Matches,2262,de GER,"MF,FW",21,2002,16.4,2,24,8,33.3,1.46,0.49,0.08,0.25,0,0,Matches
2263,Alessio Romagnoli,it ITA,DF,Lazio,it Serie A,28,1995,29,26,2411,26.8,0,0,0,0,0,0,9,0,0.00,0.00,0.00,0.00,0.00,Matches,2263,it ITA,DF,28,1995,26.8,0,11,5,45.5,0.41,0.19,0.00,0.00,0,0,Matches
2264,Simone Romagnoli,it ITA,DF,Frosinone,it Serie A,33,1990,33,30,2715,30.2,1,1,2,1,0,0,6,0,0.03,0.03,0.07,0.03,0.07,Matches,2264,it ITA,DF,33,1990,30.2,1,12,1,8.3,0.40,0.03,0.08,1.00,0,0,Matches
2266,Cristian Romero,ar ARG,DF,Tottenham,eng Premier League,25,1998,33,33,2790,31.0,5,0,5,5,0,0,7,1,0.16,0.00,0.16,0.16,0.16,Matches,2266,ar ARG,DF,25,1998,31.0,5,24,10,41.7,0.77,0.32,0.21,0.50,0,0,Matches
2267,Isaac Romero,es ESP,FW,Sevilla,es La Liga,23,2000,14,14,1039,11.5,4,4,8,4,0,0,2,0,0.35,0.35,0.69,0.35,0.69,Matches,2267,es ESP,FW,23,2000,11.5,4,42,17,40.5,3.64,1.47,0.10,0.24,0,0,Matches
2270,Oriol Romeu,es ESP,MF,Barcelona,es La Liga,31,1991,28,11,936,10.4,0,1,1,0,0,0,4,0,0.00,0.10,0.10,0.00,0.10,Matches,2270,es ESP,MF,31,1991,10.4,0,10,2,20.0,0.96,0.19,0.00,0.00,0,0,Matches
2271,Valentin Rongier,fr FRA,MF,Marseille,fr Ligue 1,28,1994,10,10,851,9.5,0,0,0,0,0,0,2,0,0.00,0.00,0.00,0.00,0.00,Matches,2271,fr FRA,MF,28,1994,9.5,0,10,3,30.0,1.06,0.32,0.00,0.00,0,0,Matches
2273,Marten de Roon,nl NED,"MF,DF",Atalanta,it Serie A,32,1991,30,29,2599,28.9,0,5,5,0,0,0,10,0,0.00,0.17,0.17,0.00,0.17,Matches,2273,nl NED,"MF,DF",32,1991,28.9,0,16,3,18.8,0.55,0.10,0.00,0.00,0,0,Matches
2276,Pablo Rosario,do DOM,"MF,DF",Nice,fr Ligue 1,26,1997,30,21,2009,22.3,0,0,0,0,0,0,4,0,0.00,0.00,0.00,0.00,0.00,Matches,2276,do DOM,"MF,DF",26,1997,22.3,0,16,3,18.8,0.72,0.13,0.00,0.00,0,0,Matches
2280,Anthony Rouault,fr FRA,DF,Stuttgart,de Bundesliga,22,2001,22,11,1010,11.2,0,2,2,0,0,0,3,0,0.00,0.18,0.18,0.00,0.18,Matches,2280,fr FRA,DF,22,2001,11.2,0,3,1,33.3,0.27,0.09,0.00,0.00,0,0,Matches
2281,Jérôme Roussillon,gp GLP,"DF,MF",Union Berlin,de Bundesliga,30,1993,23,8,752,8.4,0,1,1,0,0,0,2,0,0.00,0.12,0.12,0.00,0.12,Matches,2281,gp GLP,"DF,MF",30,1993,8.4,0,7,4,57.1,0.84,0.48,0.00,0.00,0,0,Matches
2282,Nicolò Rovella,it ITA,MF,Lazio,it Serie A,21,2001,23,16,1318,14.6,0,2,2,0,0,0,6,0,0.00,0.14,0.14,0.00,0.14,Matches,2282,it ITA,MF,21,2001,14.6,0,5,1,20.0,0.34,0.07,0.00,0.00,0,0,Matches
2283,Amir Rrahmani,xk KVX,DF,Napoli,it Serie A,29,1994,30,30,2600,28.9,3,0,3,3,0,0,5,0,0.10,0.00,0.10,0.10,0.10,Matches,2283,xk KVX,DF,29,1994,28.9,3,25,8,32.0,0.87,0.28,0.12,0.38,0,0,Matches
2284,Ruan,br BRA,DF,Sassuolo,it Serie A,24,1999,26,16,1516,16.8,0,0,0,0,0,0,7,1,0.00,0.00,0.00,0.00,0.00,Matches,2284,br BRA,DF,24,1999,16.8,0,7,2,28.6,0.42,0.12,0.00,0.00,0,0,Matches
2285,Pelly Ruddock Mpanzu,cd COD,MF,Luton Town,eng Premier League,30,1993,27,11,1101,12.2,0,0,0,0,0,0,1,0,0.00,0.00,0.00,0.00,0.00,Matches,2285,cd COD,MF,30,1993,12.2,0,11,1,9.1,0.90,0.08,0.00,0.00,0,0,Matches
2286,Antonio Rüdiger,de GER,DF,Real Madrid,es La Liga,30,1993,33,30,2709,30.1,1,0,1,1,0,0,7,0,0.03,0.00,0.03,0.03,0.03,Matches,2286,de GER,DF,30,1993,30.1,1,19,2,10.5,0.63,0.07,0.05,0.50,0,0,Matches
2289,Daniele Rugani,it ITA,DF,Juventus,it Serie A,29,1994,17,13,1187,13.2,2,0,2,2,0,0,2,0,0.15,0.00,0.15,0.15,0.15,Matches,2289,it ITA,DF,29,1994,13.2,2,8,2,25.0,0.61,0.15,0.25,1.00,0,0,Matches
2290,Matteo Ruggeri,it ITA,MF,Atalanta,it Serie A,21,2002,34,28,2449,27.2,0,4,4,0,0,0,3,0,0.00,0.15,0.15,0.00,0.15,Matches,2290,it ITA,MF,21,2002,27.2,0,12,4,33.3,0.44,0.15,0.00,0.00,0,0,Matches
2291,Mário Rui,pt POR,DF,Napoli,it Serie A,32,1991,21,14,1205,13.4,0,2,2,0,0,0,7,1,0.00,0.15,0.15,0.00,0.15,Matches,2291,pt POR,DF,32,1991,13.4,0,5,2,40.0,0.37,0.15,0.00,0.00,0,0,Matches
2292,Aitor Ruibal,es ESP,"DF,MF",Real Betis,es La Liga,27,1996,18,11,1017,11.3,2,1,3,2,0,0,5,0,0.18,0.09,0.27,0.18,0.27,Matches,2292,es ESP,"DF,MF",27,1996,11.3,2,13,2,15.4,1.15,0.18,0.15,1.00,0,0,Matches
2293,Fabián Ruiz Peña,es ESP,MF,PSG,fr Ligue 1,27,1996,21,14,1197,13.3,1,3,4,1,0,0,3,0,0.08,0.23,0.30,0.08,0.30,Matches,2293,es ESP,MF,27,1996,13.3,1,19,6,31.6,1.43,0.45,0.05,0.17,0,0,Matches
2294,Sergio Ruiz,es ESP,MF,Granada,es La Liga,28,1994,35,30,2494,27.7,0,4,4,0,0,0,9,0,0.00,0.14,0.14,0.00,0.14,Matches,2294,es ESP,MF,28,1994,27.7,0,13,1,7.7,0.47,0.04,0.00,0.00,0,0,Matches
2295,Julian Ryerson,no NOR,DF,Dortmund,de Bundesliga,25,1997,21,20,1767,19.6,4,1,5,4,0,0,3,0,0.20,0.05,0.25,0.20,0.25,Matches,2295,no NOR,DF,25,1997,19.6,4,18,8,44.4,0.92,0.41,0.22,0.50,0,0,Matches
2296,Frederik Rønnow,dk DEN,GK,Union Berlin,de Bundesliga,30,1992,33,33,2970,33.0,0,0,0,0,0,0,2,0,0.00,0.00,0.00,0.00,0.00,Matches,2296,dk DEN,GK,30,1992,33.0,0,3,0,0.0,0.09,0.00,0.00,,0,0,Matches
2297,José Sá,pt POR,GK,Wolves,eng Premier League,30,1993,35,35,3037,33.7,0,1,1,0,0,0,1,0,0.00,0.03,0.03,0.00,0.03,Matches,2297,pt POR,GK,30,1993,33.7,0,0,0,,0.00,0.00,,,0,0,Matches
2298,Youssouf Sabaly,sn SEN,DF,Real Betis,es La Liga,30,1993,12,12,1046,11.6,0,1,1,0,0,0,2,0,0.00,0.09,0.09,0.00,0.09,Matches,2298,sn SEN,DF,30,1993,11.6,0,4,0,0.0,0.34,0.00,0.00,,0,0,Matches
2299,Emmanuel Sabbi,us USA,"MF,FW",Le Havre,fr Ligue 1,25,1997,30,18,1584,17.6,5,1,6,3,2,2,5,0,0.28,0.06,0.34,0.17,0.23,Matches,2299,us USA,"MF,FW",25,1997,17.6,5,31,11,35.5,1.76,0.62,0.16,0.45,2,2,Matches
2300,Stefano Sabelli,it ITA,"MF,DF",Genoa,it Serie A,30,1993,32,30,2429,27.0,0,1,1,0,0,0,5,0,0.00,0.04,0.04,0.00,0.04,Matches,2300,it ITA,"MF,DF",30,1993,27.0,0,9,3,33.3,0.33,0.11,0.00,0.00,0,0,Matches
2301,Marcel Sabitzer,at AUT,MF,Dortmund,de Bundesliga,29,1994,25,23,1961,21.8,4,3,7,3,1,1,3,1,0.18,0.14,0.32,0.14,0.28,Matches,2301,at AUT,MF,29,1994,21.8,4,47,20,42.6,2.16,0.92,0.09,0.20,1,1,Matches
2302,Falaye Sacko,ml MLI,DF,Montpellier,fr Ligue 1,28,1995,19,15,1382,15.4,0,1,1,0,0,0,0,0,0.00,0.07,0.07,0.00,0.07,Matches,2302,ml MLI,DF,28,1995,15.4,0,1,0,0.0,0.07,0.00,0.00,,0,0,Matches
2304,Umar Sadiq,ng NGA,FW,Real Sociedad,es La Liga,26,1997,26,12,1077,12.0,3,1,4,3,0,0,4,0,0.25,0.08,0.33,0.25,0.33,Matches,2304,ng NGA,FW,26,1997,12.0,3,33,10,30.3,2.76,0.84,0.09,0.30,0,0,Matches
2305,Alexis Saelemaekers,be BEL,MF,Bologna,it Serie A,24,1999,30,21,1887,21.0,4,2,6,4,0,0,7,1,0.19,0.10,0.29,0.19,0.29,Matches,2305,be BEL,MF,24,1999,21.0,4,29,10,34.5,1.38,0.48,0.14,0.40,0,0,Matches
2307,Modibo Sagnan,ml MLI,DF,Montpellier,fr Ligue 1,24,1999,13,12,1054,11.7,2,0,2,2,0,0,5,0,0.17,0.00,0.17,0.17,0.17,Matches,2307,ml MLI,DF,24,1999,11.7,2,10,3,30.0,0.85,0.26,0.20,0.67,0,0,Matches
2308,Moïse Sahi Dion,ci CIV,"MF,FW",Strasbourg,fr Ligue 1,21,2001,18,7,628,7.0,3,1,4,3,0,0,0,0,0.43,0.14,0.57,0.43,0.57,Matches,2308,ci CIV,"MF,FW",21,2001,7.0,3,24,7,29.2,3.44,1.00,0.13,0.43,0,0,Matches
2309,Wesley Saïd,fr FRA,FW,Lens,fr Ligue 1,28,1995,27,11,1020,11.3,7,1,8,7,0,0,1,0,0.62,0.09,0.71,0.62,0.71,Matches,2309,fr FRA,FW,28,1995,11.3,7,45,19,42.2,3.97,1.68,0.16,0.37,0,0,Matches
2311,Bukayo Saka,eng ENG,FW,Arsenal,eng Premier League,21,2001,35,35,2919,32.4,16,9,25,10,6,6,4,0,0.49,0.28,0.77,0.31,0.59,Matches,2311,eng ENG,FW,21,2001,32.4,16,107,37,34.6,3.30,1.14,0.15,0.43,6,6,Matches
2313,Ibrahim Salah,ma MAR,"MF,FW",Rennes,fr Ligue 1,21,2001,23,4,524,5.8,4,1,5,4,0,0,3,0,0.69,0.17,0.86,0.69,0.86,Matches,2313,ma MAR,"MF,FW",21,2001,5.8,4,17,9,52.9,2.92,1.55,0.24,0.44,0,0,Matches
2314,Mohamed Salah,eg EGY,FW,Liverpool,eng Premier League,31,1992,32,28,2534,28.2,18,10,28,13,5,7,2,0,0.64,0.36,0.99,0.46,0.82,Matches,2314,eg EGY,FW,31,1992,28.2,18,114,56,49.1,4.05,1.99,0.16,0.32,5,7,Matches
2316,Kike Salas,es ESP,DF,Sevilla,es La Liga,21,2002,23,19,1605,17.8,3,0,3,3,0,0,10,0,0.17,0.00,0.17,0.17,0.17,Matches,2316,es ESP,DF,21,2002,17.8,3,16,5,31.3,0.90,0.28,0.19,0.60,0,0,Matches
2317,William Saliba,fr FRA,DF,Arsenal,eng Premier League,22,2001,38,38,3420,38.0,2,1,3,2,0,0,4,0,0.05,0.03,0.08,0.05,0.08,Matches,2317,fr FRA,DF,22,2001,38.0,2,10,4,40.0,0.26,0.11,0.20,0.50,0,0,Matches
2318,Mohammed Salisu,gh GHA,DF,Monaco,fr Ligue 1,24,1999,12,11,1035,11.5,0,1,1,0,0,0,2,0,0.00,0.09,0.09,0.00,0.09,Matches,2318,gh GHA,DF,24,1999,11.5,0,4,1,25.0,0.35,0.09,0.00,0.00,0,0,Matches
2319,Roland Sallai,hu HUN,"MF,FW",Freiburg,de Bundesliga,26,1997,27,22,1840,20.4,3,2,5,3,0,1,6,0,0.15,0.10,0.24,0.15,0.24,Matches,2319,hu HUN,"MF,FW",26,1997,20.4,3,56,19,33.9,2.74,0.93,0.05,0.16,0,1,Matches
2320,Yoann Salmier,gf GUF,DF,Le Havre,fr Ligue 1,30,1992,20,18,1568,17.4,1,1,2,1,0,0,3,0,0.06,0.06,0.11,0.06,0.11,Matches,2320,gf GUF,DF,30,1992,17.4,1,10,4,40.0,0.57,0.23,0.10,0.25,0,0,Matches
2322,Lazar Samardzic,rs SRB,MF,Udinese,it Serie A,21,2002,34,28,2372,26.4,6,2,8,5,1,1,3,0,0.23,0.08,0.30,0.19,0.27,Matches,2322,rs SRB,MF,21,2002,26.4,6,57,17,29.8,2.16,0.65,0.11,0.35,1,1,Matches
2325,Mama Samba Baldé,gw GNB,FW,Lyon,fr Ligue 1,27,1995,20,4,551,6.1,2,3,5,2,0,0,1,0,0.33,0.49,0.82,0.33,0.82,Matches,2325,gw GNB,FW,27,1995,6.1,2,17,9,52.9,2.78,1.47,0.12,0.22,0,0,Matches
2326,Brice Samba,fr FRA,GK,Lens,fr Ligue 1,29,1994,33,33,2970,33.0,0,0,0,0,0,0,3,0,0.00,0.00,0.00,0.00,0.00,Matches,2326,fr FRA,GK,29,1994,33.0,0,0,0,,0.00,0.00,,,0,0,Matches
2327,Albert Sambi Lokonga,be BEL,MF,Luton Town,eng Premier League,23,1999,17,16,1303,14.5,1,3,4,1,0,0,4,0,0.07,0.21,0.28,0.07,0.28,Matches,2327,be BEL,MF,23,1999,14.5,1,8,2,25.0,0.55,0.14,0.13,0.50,0,0,Matches
2328,Junior Sambia,cf CTA,MF,Salernitana,it Serie A,26,1996,18,10,1032,11.5,1,2,3,1,0,0,4,0,0.09,0.17,0.26,0.09,0.26,Matches,2328,cf CTA,MF,26,1996,11.5,1,12,4,33.3,1.05,0.35,0.08,0.25,0,0,Matches
2330,Antonio Sanabria,py PAR,FW,Torino,it Serie A,27,1996,35,23,2133,23.7,5,0,5,3,2,2,2,0,0.21,0.00,0.21,0.13,0.13,Matches,2330,py PAR,FW,27,1996,23.7,5,54,16,29.6,2.28,0.68,0.09,0.31,2,2,Matches
2331,Oihan Sancet,es ESP,MF,Athletic Club,es La Liga,23,2000,30,25,1975,21.9,4,5,9,4,0,1,5,2,0.18,0.23,0.41,0.18,0.41,Matches,2331,es ESP,MF,23,2000,21.9,4,42,12,28.6,1.91,0.55,0.10,0.33,0,1,Matches
2333,Alexis Sánchez,cl CHI,FW,Inter,it Serie A,34,1988,23,6,763,8.5,2,5,7,1,1,1,0,0,0.24,0.59,0.83,0.12,0.71,Matches,2333,cl CHI,FW,34,1988,8.5,2,18,6,33.3,2.12,0.71,0.11,0.33,1,1,Matches
2334,Antonio Sánchez,es ESP,MF,Mallorca,es La Liga,26,1997,29,21,1452,16.1,3,1,4,3,0,0,3,0,0.19,0.06,0.25,0.19,0.25,Matches,2334,es ESP,MF,26,1997,16.1,3,23,9,39.1,1.43,0.56,0.13,0.33,0,0,Matches
2336,Juanlu Sánchez,es ESP,"DF,MF",Sevilla,es La Liga,19,2003,26,11,1181,13.1,0,2,2,0,0,0,2,0,0.00,0.15,0.15,0.00,0.15,Matches,2336,es ESP,"DF,MF",19,2003,13.1,0,11,2,18.2,0.84,0.15,0.00,0.00,0,0,Matches
2337,Manu Sánchez,es ESP,"DF,MF",Celta Vigo,es La Liga,22,2000,26,20,1775,19.7,0,5,5,0,0,0,3,0,0.00,0.25,0.25,0.00,0.25,Matches,2337,es ESP,"DF,MF",22,2000,19.7,0,9,2,22.2,0.46,0.10,0.00,0.00,0,0,Matches
2338,Ricard Sánchez,es ESP,DF,Granada,es La Liga,23,2000,33,25,2295,25.5,3,0,3,3,0,0,8,0,0.12,0.00,0.12,0.12,0.12,Matches,2338,es ESP,DF,23,2000,25.5,3,14,5,35.7,0.55,0.20,0.21,0.60,0,0,Matches
2339,Robert Sánchez,es ESP,GK,Chelsea,eng Premier League,25,1997,16,16,1433,15.9,0,0,0,0,0,0,2,0,0.00,0.00,0.00,0.00,0.00,Matches,2339,es ESP,GK,25,1997,15.9,0,0,0,,0.00,0.00,,,0,0,Matches
2341,Jadon Sancho,eng ENG,"MF,FW",Dortmund,de Bundesliga,23,2000,14,11,947,10.5,2,2,4,2,0,0,1,0,0.19,0.19,0.38,0.19,0.38,Matches,2341,eng ENG,"MF,FW",23,2000,10.5,2,9,4,44.4,0.86,0.38,0.22,0.50,0,0,Matches
2342,Alex Sandro,br BRA,DF,Juventus,it Serie A,32,1991,16,8,721,8.0,1,0,1,1,0,0,1,0,0.12,0.00,0.12,0.12,0.12,Matches,2342,br BRA,DF,32,1991,8.0,1,5,1,20.0,0.62,0.12,0.20,1.00,0,0,Matches
2344,Leroy Sané,de GER,MF,Bayern Munich,de Bundesliga,27,1996,27,25,2137,23.7,8,11,19,8,0,0,4,0,0.34,0.46,0.80,0.34,0.80,Matches,2344,de GER,MF,27,1996,23.7,8,73,28,38.4,3.07,1.18,0.11,0.29,0,0,Matches
2345,Sadibou Sané,sn SEN,DF,Metz,fr Ligue 1,19,2004,14,9,846,9.4,0,0,0,0,0,0,1,0,0.00,0.00,0.00,0.00,0.00,Matches,2345,sn SEN,DF,19,2004,9.4,0,5,1,20.0,0.53,0.11,0.00,0.00,0,0,Matches
2346,Arouna Sangante,sn SEN,DF,Le Havre,fr Ligue 1,21,2002,30,30,2687,29.9,0,0,0,0,0,0,8,0,0.00,0.00,0.00,0.00,0.00,Matches,2346,sn SEN,DF,21,2002,29.9,0,16,3,18.8,0.54,0.10,0.00,0.00,0,0,Matches
2347,Ibrahim Sangaré,ci CIV,MF,Nottingham,eng Premier League,25,1997,17,13,1035,11.5,0,0,0,0,0,0,6,0,0.00,0.00,0.00,0.00,0.00,Matches,2347,ci CIV,MF,25,1997,11.5,0,8,0,0.0,0.70,0.00,0.00,,0,0,Matches
2348,Morgan Sanson,fr FRA,MF,Nice,fr Ligue 1,28,1994,29,24,1964,21.8,2,3,5,2,0,0,4,0,0.09,0.14,0.23,0.09,0.23,Matches,2348,fr FRA,MF,28,1994,21.8,2,41,9,22.0,1.88,0.41,0.05,0.22,0,0,Matches
2349,Nicola Sansone,it ITA,"MF,FW",Lecce,it Serie A,31,1991,25,4,767,8.5,2,2,4,2,0,0,4,0,0.23,0.23,0.47,0.23,0.47,Matches,2349,it ITA,"MF,FW",31,1991,8.5,2,23,5,21.7,2.70,0.59,0.09,0.40,0,0,Matches
2350,Baptiste Santamaria,fr FRA,MF,Rennes,fr Ligue 1,28,1995,30,22,1926,21.4,0,1,1,0,0,0,3,0,0.00,0.05,0.05,0.00,0.05,Matches,2350,fr FRA,MF,28,1995,21.4,0,28,9,32.1,1.31,0.42,0.00,0.00,0,0,Matches
2351,Yellu Santiago,es ESP,MF,Getafe,es La Liga,19,2004,14,8,656,7.3,1,0,1,1,0,0,4,0,0.14,0.00,0.14,0.14,0.14,Matches,2351,es ESP,MF,19,2004,7.3,1,5,2,40.0,0.69,0.27,0.20,0.50,0,0,Matches
2352,Andrey Santos,br BRA,MF,Strasbourg,fr Ligue 1,19,2004,11,9,831,9.2,1,0,1,1,0,0,4,0,0.11,0.00,0.11,0.11,0.11,Matches,2352,br BRA,MF,19,2004,9.2,1,12,4,33.3,1.30,0.43,0.08,0.25,0,0,Matches
2354,Danilo Santos,br BRA,MF,Nottingham,eng Premier League,22,2001,29,20,1792,19.9,2,2,4,2,0,0,4,0,0.10,0.10,0.20,0.10,0.20,Matches,2354,br BRA,MF,22,2001,19.9,2,23,7,30.4,1.16,0.35,0.09,0.29,0,0,Matches
2355,Tiago Santos,pt POR,DF,Lille,fr Ligue 1,21,2002,29,26,2365,26.3,1,2,3,1,0,0,6,0,0.04,0.08,0.11,0.04,0.11,Matches,2355,pt POR,DF,21,2002,26.3,1,33,7,21.2,1.26,0.27,0.03,0.14,0,0,Matches
2358,Pablo Sarabia,es ESP,"MF,FW",Wolves,eng Premier League,31,1992,30,20,1745,19.4,4,7,11,2,2,2,5,0,0.21,0.36,0.57,0.10,0.46,Matches,2358,es ESP,"MF,FW",31,1992,19.4,4,46,18,39.1,2.37,0.93,0.09,0.22,2,2,Matches
2362,Ismaila Sarr,sn SEN,"MF,FW",Marseille,fr Ligue 1,25,1998,23,15,1447,16.1,3,4,7,3,0,0,1,0,0.19,0.25,0.44,0.19,0.44,Matches,2362,sn SEN,"MF,FW",25,1998,16.1,3,25,10,40.0,1.55,0.62,0.12,0.30,0,0,Matches
2364,Martin Satriano,uy URU,"FW,MF",Brest,fr Ligue 1,22,2001,33,21,1864,20.7,4,4,8,4,0,0,4,0,0.19,0.19,0.39,0.19,0.39,Matches,2364,uy URU,"FW,MF",22,2001,20.7,4,63,20,31.7,3.04,0.97,0.06,0.20,0,0,Matches
2365,Téji Savanier,fr FRA,MF,Montpellier,fr Ligue 1,31,1991,32,32,2765,30.7,9,6,15,2,7,7,8,1,0.29,0.20,0.49,0.07,0.26,Matches,2365,fr FRA,MF,31,1991,30.7,9,82,29,35.4,2.67,0.94,0.11,0.31,7,7,Matches
2366,Stefan Savić,me MNE,DF,Atlético Madrid,es La Liga,32,1991,23,19,1630,18.1,0,0,0,0,0,0,7,1,0.00,0.00,0.00,0.00,0.00,Matches,2366,me MNE,DF,32,1991,18.1,0,5,1,20.0,0.28,0.06,0.00,0.00,0,0,Matches
2367,Sávio,br BRA,"MF,FW",Girona,es La Liga,19,2004,37,35,2976,33.1,9,10,19,9,0,0,5,0,0.27,0.30,0.57,0.27,0.57,Matches,2367,br BRA,"MF,FW",19,2004,33.1,9,45,20,44.4,1.36,0.60,0.20,0.45,0,0,Matches
2370,Joe Scally,us USA,"DF,MF",Gladbach,de Bundesliga,20,2002,31,25,2236,24.8,1,4,5,1,0,0,4,0,0.04,0.16,0.20,0.04,0.20,Matches,2370,us USA,"DF,MF",20,2002,24.8,1,11,1,9.1,0.44,0.04,0.09,1.00,0,0,Matches
2371,Giorgio Scalvini,it ITA,DF,Atalanta,it Serie A,19,2003,33,31,2544,28.3,1,3,4,1,0,0,3,0,0.04,0.11,0.14,0.04,0.14,Matches,2371,it ITA,DF,19,2003,28.3,1,19,6,31.6,0.67,0.21,0.05,0.17,0,0,Matches
2372,Gianluca Scamacca,it ITA,FW,Atalanta,it Serie A,24,1999,29,17,1453,16.1,12,6,18,12,0,0,1,0,0.74,0.37,1.11,0.74,1.11,Matches,2372,it ITA,FW,24,1999,16.1,12,60,26,43.3,3.72,1.61,0.20,0.46,0,0,Matches
2375,András Schäfer,hu HUN,MF,Union Berlin,de Bundesliga,24,1999,20,14,1214,13.5,1,2,3,1,0,0,1,1,0.07,0.15,0.22,0.07,0.22,Matches,2375,hu HUN,MF,24,1999,13.5,1,21,5,23.8,1.56,0.37,0.05,0.20,0,0,Matches
2376,Fabian Schär,ch SUI,DF,Newcastle,eng Premier League,31,1991,36,35,3054,33.9,4,1,5,4,0,0,5,0,0.12,0.03,0.15,0.12,0.15,Matches,2376,ch SUI,DF,31,1991,33.9,4,35,9,25.7,1.03,0.27,0.11,0.44,0,0,Matches
2377,Patrik Schick,cz CZE,FW,Leverkusen,de Bundesliga,27,1996,20,12,1063,11.8,7,0,7,6,1,1,1,0,0.59,0.00,0.59,0.51,0.51,Matches,2377,cz CZE,FW,27,1996,11.8,7,40,13,32.5,3.39,1.10,0.18,0.54,1,1,Matches
2379,Xaver Schlager,at AUT,MF,RB Leipzig,de Bundesliga,25,1997,29,29,2477,27.5,0,5,5,0,0,0,7,0,0.00,0.18,0.18,0.00,0.18,Matches,2379,at AUT,MF,25,1997,27.5,0,21,3,14.3,0.76,0.11,0.00,0.00,0,0,Matches
2380,Keven Schlotterbeck,de GER,DF,Bochum,de Bundesliga,26,1997,27,24,2185,24.3,5,1,6,5,0,0,9,0,0.21,0.04,0.25,0.21,0.25,Matches,2380,de GER,DF,26,1997,24.3,5,26,12,46.2,1.07,0.49,0.19,0.42,0,0,Matches
2381,Nico Schlotterbeck,de GER,DF,Dortmund,de Bundesliga,23,1999,33,32,2859,31.8,2,1,3,2,0,0,4,0,0.06,0.03,0.09,0.06,0.09,Matches,2381,de GER,DF,23,1999,31.8,2,27,6,22.2,0.85,0.19,0.07,0.33,0,0,Matches
2382,Jeffrey Schlupp,gh GHA,"MF,FW",Crystal Palace,eng Premier League,30,1992,29,17,1352,15.0,2,2,4,2,0,0,1,0,0.13,0.13,0.27,0.13,0.27,Matches,2382,gh GHA,"MF,FW",30,1992,15.0,2,19,11,57.9,1.26,0.73,0.11,0.18,0,0,Matches
2383,Romano Schmid,at AUT,"MF,FW",Werder Bremen,de Bundesliga,23,2000,33,30,2601,28.9,4,6,10,4,0,0,5,0,0.14,0.21,0.35,0.14,0.35,Matches,2383,at AUT,"MF,FW",23,2000,28.9,4,38,9,23.7,1.31,0.31,0.11,0.44,0,0,Matches
2385,Niklas Schmidt,de GER,MF,Toulouse,fr Ligue 1,25,1998,22,15,1269,14.1,1,1,2,1,0,0,4,0,0.07,0.07,0.14,0.07,0.14,Matches,2385,de GER,MF,25,1998,14.1,1,20,13,65.0,1.42,0.92,0.05,0.08,0,0,Matches
2386,Benno Schmitz,de GER,DF,Köln,de Bundesliga,28,1994,22,13,1155,12.8,0,1,1,0,0,0,5,0,0.00,0.08,0.08,0.00,0.08,Matches,2386,de GER,DF,28,1994,12.8,0,8,5,62.5,0.62,0.39,0.00,0.00,0,0,Matches
2388,Jan Schöppner,de GER,MF,Heidenheim,de Bundesliga,24,1999,26,23,1998,22.2,2,2,4,2,0,0,3,0,0.09,0.09,0.18,0.09,0.18,Matches,2388,de GER,MF,24,1999,22.2,2,17,4,23.5,0.77,0.18,0.12,0.50,0,0,Matches
2389,Marcel Schuhen,de GER,GK,Darmstadt 98,de Bundesliga,30,1993,31,31,2790,31.0,0,0,0,0,0,0,2,0,0.00,0.00,0.00,0.00,0.00,Matches,2389,de GER,GK,30,1993,31.0,0,0,0,,0.00,0.00,,,0,0,Matches
2390,Perr Schuurs,nl NED,DF,Torino,it Serie A,23,1999,9,9,770,8.6,1,0,1,1,0,0,2,0,0.12,0.00,0.12,0.12,0.12,Matches,2390,nl NED,DF,23,1999,8.6,1,7,1,14.3,0.82,0.12,0.14,1.00,0,0,Matches
2391,Marvin Schwäbe,de GER,GK,Köln,de Bundesliga,28,1995,34,34,3060,34.0,0,0,0,0,0,0,0,0,0.00,0.00,0.00,0.00,0.00,Matches,2391,de GER,GK,28,1995,34.0,0,0,0,,0.00,0.00,,,0,0,Matches
2393,Alex Scott,eng ENG,MF,Bournemouth,eng Premier League,19,2003,23,11,1014,11.3,1,1,2,1,0,0,3,0,0.09,0.09,0.18,0.09,0.18,Matches,2393,eng ENG,MF,19,2003,11.3,1,15,4,26.7,1.33,0.36,0.07,0.25,0,0,Matches
2394,Simone Scuffet,it ITA,GK,Cagliari,it Serie A,27,1996,31,31,2789,31.0,0,0,0,0,0,0,3,0,0.00,0.00,0.00,0.00,0.00,Matches,2394,it ITA,GK,27,1996,31.0,0,0,0,,0.00,0.00,,,0,0,Matches
2398,Aleksandar Sedlar,rs SRB,DF,Alavés,es La Liga,31,1991,11,11,946,10.5,1,0,1,1,0,0,2,0,0.10,0.00,0.10,0.10,0.10,Matches,2398,rs SRB,DF,31,1991,10.5,1,4,1,25.0,0.38,0.10,0.25,1.00,0,0,Matches
2399,Alidu Seidu,gh GHA,DF,Rennes,fr Ligue 1,23,2000,11,7,593,6.6,0,0,0,0,0,0,3,0,0.00,0.00,0.00,0.00,0.00,Matches,2399,gh GHA,DF,23,2000,6.6,0,2,0,0.0,0.30,0.00,0.00,,0,0,Matches
2400,Alidu Seidu,gh GHA,DF,Clermont Foot,fr Ligue 1,23,2000,14,13,1131,12.6,0,1,1,0,0,0,5,1,0.00,0.08,0.08,0.00,0.08,Matches,2400,gh GHA,DF,23,2000,12.6,0,6,1,16.7,0.48,0.08,0.00,0.00,0,0,Matches
2401,Nicolas Seiwald,at AUT,MF,RB Leipzig,de Bundesliga,22,2001,21,6,718,8.0,0,2,2,0,0,0,1,0,0.00,0.25,0.25,0.00,0.25,Matches,2401,at AUT,MF,22,2001,8.0,0,0,0,,0.00,0.00,,,0,0,Matches
2403,Davie Selke,de GER,FW,Köln,de Bundesliga,28,1995,19,16,1265,14.1,6,0,6,6,0,0,3,0,0.43,0.00,0.43,0.43,0.43,Matches,2403,de GER,FW,28,1995,14.1,6,33,11,33.3,2.35,0.78,0.18,0.55,0,0,Matches
2404,Matz Sels,be BEL,GK,Strasbourg,fr Ligue 1,31,1992,19,19,1710,19.0,0,0,0,0,0,0,2,0,0.00,0.00,0.00,0.00,0.00,Matches,2404,be BEL,GK,31,1992,19.0,0,0,0,,0.00,0.00,,,0,0,Matches
2405,Matz Sels,be BEL,GK,Nottingham,eng Premier League,31,1992,16,16,1440,16.0,0,0,0,0,0,0,1,0,0.00,0.00,0.00,0.00,0.00,Matches,2405,be BEL,GK,31,1992,16.0,0,0,0,,0.00,0.00,,,0,0,Matches
2406,Nélson Semedo,pt POR,"MF,DF",Wolves,eng Premier League,29,1993,36,36,3084,34.3,0,1,1,0,0,0,10,1,0.00,0.03,0.03,0.00,0.03,Matches,2406,pt POR,"MF,DF",29,1993,34.3,0,17,4,23.5,0.50,0.12,0.00,0.00,0,0,Matches
2408,Antoine Semenyo,gh GHA,MF,Bournemouth,eng Premier League,23,2000,33,25,2105,23.4,8,2,10,8,0,0,6,0,0.34,0.09,0.43,0.34,0.43,Matches,2408,gh GHA,MF,23,2000,23.4,8,70,31,44.3,2.99,1.33,0.11,0.26,0,0,Matches
2409,Marvin Senaya,gh GHA,"DF,MF",Strasbourg,fr Ligue 1,22,2001,32,23,2138,23.8,1,1,2,1,0,0,5,1,0.04,0.04,0.08,0.04,0.08,Matches,2409,gh GHA,"DF,MF",22,2001,23.8,1,16,3,18.8,0.67,0.13,0.06,0.33,0,0,Matches
2410,Marcos Senesi,ar ARG,DF,Bournemouth,eng Premier League,26,1997,31,26,2242,24.9,4,5,9,4,0,0,13,0,0.16,0.20,0.36,0.16,0.36,Matches,2410,ar ARG,DF,26,1997,24.9,4,13,4,30.8,0.52,0.16,0.31,1.00,0,0,Matches
2412,Suat Serdar,de GER,MF,Hellas Verona,it Serie A,26,1997,25,19,1659,18.4,0,2,2,0,0,0,7,0,0.00,0.11,0.11,0.00,0.11,Matches,2412,de GER,MF,26,1997,18.4,0,22,7,31.8,1.19,0.38,0.00,0.00,0,0,Matches
2413,Benjamin Šeško,si SVN,FW,RB Leipzig,de Bundesliga,20,2003,31,17,1526,17.0,14,2,16,14,0,0,0,0,0.83,0.12,0.94,0.83,0.94,Matches,2413,si SVN,FW,20,2003,17.0,14,47,25,53.2,2.77,1.47,0.30,0.56,0,0,Matches
2414,Kevin Sessa,de GER,MF,Heidenheim,de Bundesliga,23,2000,30,7,1011,11.2,3,0,3,3,0,0,1,0,0.27,0.00,0.27,0.27,0.27,Matches,2414,de GER,MF,23,2000,11.2,3,29,7,24.1,2.58,0.62,0.10,0.43,0,0,Matches
2415,Aaron Seydel,de GER,FW,Darmstadt 98,de Bundesliga,27,1996,16,5,619,6.9,1,0,1,1,0,0,1,0,0.15,0.00,0.15,0.15,0.15,Matches,2415,de GER,FW,27,1996,6.9,1,14,6,42.9,2.04,0.87,0.07,0.17,0,0,Matches
2417,Stephan El Shaarawy,it ITA,"FW,MF",Roma,it Serie A,30,1992,33,19,1738,19.3,3,4,7,3,0,0,2,0,0.16,0.21,0.36,0.16,0.36,Matches,2417,it ITA,"FW,MF",30,1992,19.3,3,40,11,27.5,2.07,0.57,0.08,0.27,0,0,Matches
2418,Luke Shaw,eng ENG,DF,Manchester Utd,eng Premier League,28,1995,12,12,959,10.7,0,0,0,0,0,0,6,0,0.00,0.00,0.00,0.00,0.00,Matches,2418,eng ENG,DF,28,1995,10.7,0,2,0,0.0,0.19,0.00,0.00,,0,0,Matches
2420,Eldor Shomurodov,uz UZB,"MF,FW",Cagliari,it Serie A,28,1995,22,10,936,10.4,3,3,6,3,0,0,1,0,0.29,0.29,0.58,0.29,0.58,Matches,2420,uz UZB,"MF,FW",28,1995,10.4,3,21,7,33.3,2.02,0.67,0.14,0.43,0,0,Matches
2423,Vincent Sierro,ch SUI,MF,Toulouse,fr Ligue 1,27,1995,30,25,2261,25.1,6,2,8,2,4,5,8,0,0.24,0.08,0.32,0.08,0.16,Matches,2423,ch SUI,MF,27,1995,25.1,6,36,11,30.6,1.43,0.44,0.17,0.55,4,5,Matches
2424,Tim Siersleben,de GER,DF,Heidenheim,de Bundesliga,23,2000,14,10,910,10.1,0,0,0,0,0,0,1,0,0.00,0.00,0.00,0.00,0.00,Matches,2424,de GER,DF,23,2000,10.1,0,3,0,0.0,0.30,0.00,0.00,,0,0,Matches
2425,Kiliann Sildillia,fr FRA,DF,Freiburg,de Bundesliga,21,2002,27,20,1806,20.1,0,1,1,0,0,0,2,1,0.00,0.05,0.05,0.00,0.05,Matches,2425,fr FRA,DF,21,2002,20.1,0,7,1,14.3,0.35,0.05,0.00,0.00,0,0,Matches
2426,André Silva,pt POR,FW,Real Sociedad,es La Liga,27,1995,19,9,729,8.1,3,0,3,2,1,1,1,0,0.37,0.00,0.37,0.25,0.25,Matches,2426,pt POR,FW,27,1995,8.1,3,16,6,37.5,1.98,0.74,0.19,0.50,1,1,Matches
2427,Bernardo Silva,pt POR,MF,Manchester City,eng Premier League,28,1994,33,29,2578,28.6,6,9,15,6,0,0,8,0,0.21,0.31,0.52,0.21,0.52,Matches,2427,pt POR,MF,28,1994,28.6,6,34,15,44.1,1.19,0.52,0.18,0.40,0,0,Matches
2428,Éderson Silva,br BRA,MF,Atalanta,it Serie A,24,1999,36,32,2869,31.9,6,1,7,6,0,0,8,0,0.19,0.03,0.22,0.19,0.22,Matches,2428,br BRA,MF,24,1999,31.9,6,38,11,28.9,1.19,0.35,0.16,0.55,0,0,Matches
2430,Rui Silva,pt POR,GK,Real Betis,es La Liga,29,1994,28,28,2475,27.5,0,0,0,0,0,0,4,0,0.00,0.00,0.00,0.00,0.00,Matches,2430,pt POR,GK,29,1994,27.5,0,0,0,,0.00,0.00,,,0,0,Matches
2431,Thiago Silva,br BRA,DF,Chelsea,eng Premier League,38,1984,31,28,2527,28.1,3,1,4,3,0,0,4,0,0.11,0.04,0.14,0.11,0.14,Matches,2431,br BRA,DF,38,1984,28.1,3,14,4,28.6,0.50,0.14,0.21,0.75,0,0,Matches
2432,Marco Silvestri,it ITA,GK,Udinese,it Serie A,32,1991,17,17,1530,17.0,0,0,0,0,0,0,0,0,0.00,0.00,0.00,0.00,0.00,Matches,2432,it ITA,GK,32,1991,17.0,0,0,0,,0.00,0.00,,,0,0,Matches
2433,Mohamed Simakan,fr FRA,DF,RB Leipzig,de Bundesliga,23,2000,32,23,2138,23.8,2,3,5,2,0,0,8,0,0.08,0.13,0.21,0.08,0.21,Matches,2433,fr FRA,DF,23,2000,23.8,2,30,11,36.7,1.26,0.46,0.07,0.18,0,0,Matches
2434,Giovanni Simeone,ar ARG,FW,Napoli,it Serie A,28,1995,28,8,800,8.9,1,0,1,1,0,0,3,0,0.11,0.00,0.11,0.11,0.11,Matches,2434,ar ARG,FW,28,1995,8.9,1,35,12,34.3,3.94,1.35,0.03,0.08,0,0,Matches
2435,Giuliano Simeone,ar ARG,MF,Alavés,es La Liga,20,2002,14,6,630,7.0,1,2,3,1,0,1,1,0,0.14,0.29,0.43,0.14,0.43,Matches,2435,ar ARG,MF,20,2002,7.0,1,15,3,20.0,2.14,0.43,0.07,0.33,0,1,Matches
2437,Moses Simon,ng NGA,"MF,FW",Nantes,fr Ligue 1,28,1995,22,21,1788,19.9,3,5,8,2,1,1,0,0,0.15,0.25,0.40,0.10,0.35,Matches,2437,ng NGA,"MF,FW",28,1995,19.9,3,34,13,38.2,1.71,0.65,0.09,0.23,1,1,Matches
2438,Unai Simón,es ESP,GK,Athletic Club,es La Liga,26,1997,36,36,3182,35.4,0,0,0,0,0,0,2,0,0.00,0.00,0.00,0.00,0.00,Matches,2438,es ESP,GK,26,1997,35.4,0,0,0,,0.00,0.00,,,0,0,Matches
2439,Xavi Simons,nl NED,MF,RB Leipzig,de Bundesliga,20,2003,32,32,2653,29.5,8,11,19,7,1,2,11,1,0.27,0.37,0.64,0.24,0.61,Matches,2439,nl NED,MF,20,2003,29.5,8,81,33,40.7,2.75,1.12,0.10,0.24,1,2,Matches
2440,Wilfried Singo,ci CIV,DF,Monaco,fr Ligue 1,22,2000,25,24,2187,24.3,1,1,2,1,0,0,8,1,0.04,0.04,0.08,0.04,0.08,Matches,2440,ci CIV,DF,22,2000,24.3,1,19,7,36.8,0.78,0.29,0.05,0.14,0,0,Matches
2441,Luis Sinisterra,co COL,MF,Bournemouth,eng Premier League,24,1999,20,7,699,7.8,2,2,4,2,0,0,0,0,0.26,0.26,0.52,0.26,0.52,Matches,2441,co COL,MF,24,1999,7.8,2,27,9,33.3,3.48,1.16,0.07,0.22,0,0,Matches
2443,Jailson Siqueira,br BRA,"DF,MF",Celta Vigo,es La Liga,27,1995,14,9,897,10.0,0,1,1,0,0,0,1,0,0.00,0.10,0.10,0.00,0.10,Matches,2443,br BRA,"DF,MF",27,1995,10.0,0,5,3,60.0,0.50,0.30,0.00,0.00,0,0,Matches
2445,Ibrahima Sissoko,ml MLI,MF,Strasbourg,fr Ligue 1,25,1997,27,18,1642,18.2,0,1,1,0,0,0,7,0,0.00,0.05,0.05,0.00,0.05,Matches,2445,ml MLI,MF,25,1997,18.2,0,14,3,21.4,0.77,0.16,0.00,0.00,0,0,Matches
2446,Moussa Sissoko,fr FRA,MF,Nantes,fr Ligue 1,33,1989,26,21,1821,20.2,0,0,0,0,0,0,7,0,0.00,0.00,0.00,0.00,0.00,Matches,2446,fr FRA,MF,33,1989,20.2,0,10,3,30.0,0.49,0.15,0.00,0.00,0,0,Matches
2447,Antonio Sivera,es ESP,GK,Alavés,es La Liga,26,1996,34,34,3060,34.0,0,0,0,0,0,0,3,0,0.00,0.00,0.00,0.00,0.00,Matches,2447,es ESP,GK,26,1996,34.0,0,0,0,,0.00,0.00,,,0,0,Matches
2448,Tim Skarke,de GER,"FW,MF",Darmstadt 98,de Bundesliga,26,1996,30,29,2404,26.7,8,0,8,8,0,0,7,0,0.30,0.00,0.30,0.30,0.30,Matches,2448,de GER,"FW,MF",26,1996,26.7,8,69,20,29.0,2.58,0.75,0.12,0.40,0,0,Matches
2449,Ellyes Skhiri,tn TUN,MF,Frankfurt,de Bundesliga,28,1995,27,24,2168,24.1,2,2,4,2,0,0,1,0,0.08,0.08,0.17,0.08,0.17,Matches,2449,tn TUN,MF,28,1995,24.1,2,18,8,44.4,0.75,0.33,0.11,0.25,0,0,Matches
2450,Oliver Skipp,eng ENG,"MF,DF",Tottenham,eng Premier League,22,2000,21,5,707,7.9,0,0,0,0,0,0,3,0,0.00,0.00,0.00,0.00,0.00,Matches,2450,eng ENG,"MF,DF",22,2000,7.9,0,4,1,25.0,0.51,0.13,0.00,0.00,0,0,Matches
2451,Łukasz Skorupski,pl POL,GK,Bologna,it Serie A,32,1991,32,32,2880,32.0,0,0,0,0,0,0,2,0,0.00,0.00,0.00,0.00,0.00,Matches,2451,pl POL,GK,32,1991,32.0,0,0,0,,0.00,0.00,,,0,0,Matches
2452,Robert Skov,dk DEN,MF,Hoffenheim,de Bundesliga,27,1996,25,14,1260,14.0,3,4,7,3,0,0,2,0,0.21,0.29,0.50,0.21,0.50,Matches,2452,dk DEN,MF,27,1996,14.0,3,32,7,21.9,2.29,0.50,0.09,0.43,0,0,Matches
2453,Milan Škriniar,sk SVK,DF,PSG,fr Ligue 1,28,1995,24,17,1629,18.1,0,0,0,0,0,0,1,0,0.00,0.00,0.00,0.00,0.00,Matches,2453,sk SVK,DF,28,1995,18.1,0,3,1,33.3,0.17,0.06,0.00,0.00,0,0,Matches
2456,Adam Smith,eng ENG,DF,Bournemouth,eng Premier League,32,1991,28,25,2150,23.9,0,2,2,0,0,0,6,0,0.00,0.08,0.08,0.00,0.08,Matches,2456,eng ENG,DF,32,1991,23.9,0,2,0,0.0,0.08,0.00,0.00,,0,0,Matches
2462,Rubén Sobrino,es ESP,"MF,FW",Cádiz,es La Liga,31,1992,32,18,1646,18.3,0,1,1,0,0,0,8,1,0.00,0.05,0.05,0.00,0.05,Matches,2462,es ESP,"MF,FW",31,1992,18.3,0,21,3,14.3,1.15,0.16,0.00,0.00,0,0,Matches
2465,Alex Sola,es ESP,MF,Alavés,es La Liga,24,1999,29,14,1262,14.0,0,3,3,0,0,0,2,0,0.00,0.21,0.21,0.00,0.21,Matches,2465,es ESP,MF,24,1999,14.0,0,28,7,25.0,2.00,0.50,0.00,0.00,0,0,Matches
2467,Dominic Solanke,eng ENG,FW,Bournemouth,eng Premier League,25,1997,38,37,3325,36.9,19,3,22,17,2,3,3,0,0.51,0.08,0.60,0.46,0.54,Matches,2467,eng ENG,FW,25,1997,36.9,19,109,38,34.9,2.95,1.03,0.17,0.50,2,3,Matches
2469,Carlos Soler,es ESP,"MF,DF",PSG,fr Ligue 1,26,1997,24,12,1090,12.1,2,2,4,2,0,0,1,0,0.17,0.17,0.33,0.17,0.33,Matches,2469,es ESP,"MF,DF",26,1997,12.1,2,14,5,35.7,1.16,0.41,0.14,0.40,0,0,Matches
2473,Yann Sommer,ch SUI,GK,Inter,it Serie A,34,1988,34,34,3060,34.0,0,0,0,0,0,0,1,0,0.00,0.00,0.00,0.00,0.00,Matches,2473,ch SUI,GK,34,1988,34.0,0,0,0,,0.00,0.00,,,0,0,Matches
2475,David Soria,es ESP,GK,Getafe,es La Liga,30,1993,38,38,3413,37.9,0,0,0,0,0,0,3,0,0.00,0.00,0.00,0.00,0.00,Matches,2475,es ESP,GK,30,1993,37.9,0,0,0,,0.00,0.00,,,0,0,Matches
2477,Alessandro Sorrentino,it ITA,GK,Monza,it Serie A,21,2002,7,5,548,6.1,0,0,0,0,0,0,0,0,0.00,0.00,0.00,0.00,0.00,Matches,2477,it ITA,GK,21,2002,6.1,0,0,0,,0.00,0.00,,,0,0,Matches
2479,Hugo Sotelo,es ESP,MF,Celta Vigo,es La Liga,19,2003,17,8,721,8.0,0,1,1,0,0,0,1,0,0.00,0.12,0.12,0.00,0.12,Matches,2479,es ESP,MF,19,2003,8.0,0,8,1,12.5,1.00,0.12,0.00,0.00,0,0,Matches
2480,Florian Sotoca,fr FRA,"MF,FW",Lens,fr Ligue 1,32,1990,32,29,2598,28.9,7,6,13,3,4,4,4,1,0.24,0.21,0.45,0.10,0.31,Matches,2480,fr FRA,"MF,FW",32,1990,28.9,7,69,22,31.9,2.39,0.76,0.10,0.32,4,4,Matches
2481,Riccardo Sottil,it ITA,MF,Fiorentina,it Serie A,24,1999,22,13,1103,12.3,2,3,5,2,0,0,1,0,0.16,0.24,0.41,0.16,0.41,Matches,2481,it ITA,MF,24,1999,12.3,2,34,13,38.2,2.77,1.06,0.06,0.15,0,0,Matches
2482,Tomáš Souček,cz CZE,MF,West Ham,eng Premier League,28,1995,37,34,2870,31.9,7,2,9,7,0,0,7,0,0.22,0.06,0.28,0.22,0.28,Matches,2482,cz CZE,MF,28,1995,31.9,7,42,15,35.7,1.32,0.47,0.17,0.47,0,0,Matches
2483,Matìas Soulé,ar ARG,"MF,FW",Frosinone,it Serie A,20,2003,36,36,3121,34.7,11,3,14,6,5,6,4,0,0.32,0.09,0.40,0.17,0.26,Matches,2483,ar ARG,"MF,FW",20,2003,34.7,11,84,25,29.8,2.42,0.72,0.13,0.44,5,6,Matches
2484,Boubakary Soumaré,fr FRA,MF,Sevilla,es La Liga,24,1999,28,26,2286,25.4,0,1,1,0,0,0,10,0,0.00,0.04,0.04,0.00,0.04,Matches,2484,fr FRA,MF,24,1999,25.4,0,1,0,0.0,0.04,0.00,0.00,,0,0,Matches
2486,Vinicius Souza,br BRA,MF,Sheffield United,eng Premier League,24,1999,36,29,2668,29.6,1,0,1,1,0,0,3,0,0.03,0.00,0.03,0.03,0.03,Matches,2486,br BRA,MF,24,1999,29.6,1,14,6,42.9,0.47,0.20,0.07,0.17,0,0,Matches
2487,Djibril Sow,ch SUI,MF,Sevilla,es La Liga,26,1997,24,18,1460,16.2,1,1,2,1,0,0,6,0,0.06,0.06,0.12,0.06,0.12,Matches,2487,ch SUI,MF,26,1997,16.2,1,18,5,27.8,1.11,0.31,0.06,0.20,0,0,Matches
2488,Saidou Sow,gn GUI,DF,Strasbourg,fr Ligue 1,21,2002,10,8,719,8.0,0,1,1,0,0,0,2,0,0.00,0.13,0.13,0.00,0.13,Matches,2488,gn GUI,DF,21,2002,8.0,0,3,2,66.7,0.38,0.25,0.00,0.00,0,0,Matches
2490,Djed Spence,eng ENG,MF,Genoa,it Serie A,22,2000,16,8,859,9.5,0,0,0,0,0,0,1,0,0.00,0.00,0.00,0.00,0.00,Matches,2490,eng ENG,MF,22,2000,9.5,0,2,1,50.0,0.21,0.10,0.00,0.00,0,0,Matches
2491,Stijn Spierings,nl NED,MF,Toulouse,fr Ligue 1,27,1996,22,16,1516,16.8,0,1,1,0,0,0,5,0,0.00,0.06,0.06,0.00,0.06,Matches,2491,nl NED,MF,27,1996,16.8,0,11,1,9.1,0.65,0.06,0.00,0.00,0,0,Matches
2493,Leonardo Spinazzola,it ITA,"MF,DF",Roma,it Serie A,30,1993,24,15,1312,14.6,1,2,3,1,0,0,0,0,0.07,0.14,0.21,0.07,0.21,Matches,2493,it ITA,"MF,DF",30,1993,14.6,1,8,3,37.5,0.55,0.21,0.13,0.33,0,0,Matches
2494,Marco Sportiello,it ITA,GK,Milan,it Serie A,31,1992,7,7,630,7.0,0,0,0,0,0,0,0,0,0.00,0.00,0.00,0.00,0.00,Matches,2494,it ITA,GK,31,1992,7.0,0,0,0,,0.00,0.00,,,0,0,Matches
2495,Anton Stach,de GER,MF,Hoffenheim,de Bundesliga,24,1998,31,26,2321,25.8,2,3,5,2,0,0,4,0,0.08,0.12,0.19,0.08,0.19,Matches,2495,de GER,MF,24,1998,25.8,2,38,9,23.7,1.47,0.35,0.05,0.22,0,0,Matches
2497,Jens Stage,dk DEN,MF,Werder Bremen,de Bundesliga,26,1996,30,26,2327,25.9,3,1,4,3,0,0,5,1,0.12,0.04,0.15,0.12,0.15,Matches,2497,dk DEN,MF,26,1996,25.9,3,40,11,27.5,1.55,0.43,0.08,0.27,0,0,Matches
2499,Josip Stanišić,hr CRO,"DF,MF",Leverkusen,de Bundesliga,23,2000,20,13,1261,14.0,3,1,4,3,0,0,3,0,0.21,0.07,0.29,0.21,0.29,Matches,2499,hr CRO,"DF,MF",23,2000,14.0,3,10,5,50.0,0.71,0.36,0.30,0.60,0,0,Matches
2500,Carl Starfelt,se SWE,DF,Celta Vigo,es La Liga,28,1995,27,26,2216,24.6,1,0,1,1,0,0,4,0,0.04,0.00,0.04,0.04,0.04,Matches,2500,se SWE,DF,28,1995,24.6,1,12,5,41.7,0.49,0.20,0.08,0.20,0,0,Matches
2501,Niklas Stark,de GER,DF,Werder Bremen,de Bundesliga,28,1995,17,12,1088,12.1,2,0,2,2,0,0,4,0,0.17,0.00,0.17,0.17,0.17,Matches,2501,de GER,DF,28,1995,12.1,2,4,2,50.0,0.33,0.17,0.50,1.00,0,0,Matches
2502,Jason Steele,eng ENG,GK,Brighton,eng Premier League,32,1990,17,17,1530,17.0,0,0,0,0,0,0,0,0,0.00,0.00,0.00,0.00,0.00,Matches,2502,eng ENG,GK,32,1990,17.0,0,0,0,,0.00,0.00,,,0,0,Matches
2503,Pascal Stenzel,de GER,DF,Stuttgart,de Bundesliga,27,1996,23,14,1064,11.8,0,5,5,0,0,0,3,1,0.00,0.42,0.42,0.00,0.42,Matches,2503,de GER,DF,27,1996,11.8,0,14,4,28.6,1.18,0.34,0.00,0.00,0,0,Matches
2504,Leonidas Stergiou,ch SUI,DF,Stuttgart,de Bundesliga,21,2002,15,6,594,6.6,1,0,1,1,0,0,0,0,0.15,0.00,0.15,0.15,0.15,Matches,2504,ch SUI,DF,21,2002,6.6,1,3,1,33.3,0.45,0.15,0.33,1.00,0,0,Matches
2505,Raheem Sterling,eng ENG,MF,Chelsea,eng Premier League,28,1994,31,22,1978,22.0,8,4,12,8,0,0,7,0,0.36,0.18,0.55,0.36,0.55,Matches,2505,eng ENG,MF,28,1994,22.0,8,51,22,43.1,2.32,1.00,0.16,0.36,0,0,Matches
2508,Angelo Stiller,de GER,MF,Stuttgart,de Bundesliga,22,2001,31,30,2694,29.9,1,5,6,1,0,0,5,0,0.03,0.17,0.20,0.03,0.20,Matches,2508,de GER,MF,22,2001,29.9,1,16,3,18.8,0.53,0.10,0.06,0.33,0,0,Matches
2509,Kevin Stöger,at AUT,MF,Bochum,de Bundesliga,29,1993,32,32,2668,29.6,7,10,17,3,4,4,8,0,0.24,0.34,0.57,0.10,0.44,Matches,2509,at AUT,MF,29,1993,29.6,7,75,18,24.0,2.53,0.61,0.09,0.39,4,4,Matches
2511,John Stones,eng ENG,DF,Manchester City,eng Premier League,29,1994,16,12,1064,11.8,1,0,1,1,0,0,2,0,0.08,0.00,0.08,0.08,0.08,Matches,2511,eng ENG,DF,29,1994,11.8,1,4,2,50.0,0.34,0.17,0.25,0.50,0,0,Matches
2513,Jørgen Strand Larsen,no NOR,FW,Celta Vigo,es La Liga,23,2000,37,36,2863,31.8,13,3,16,13,0,0,5,0,0.41,0.09,0.50,0.41,0.50,Matches,2513,no NOR,FW,23,2000,31.8,13,82,35,42.7,2.58,1.10,0.16,0.37,0,0,Matches
2514,Gabriel Strefezza,br BRA,"FW,MF",Lecce,it Serie A,26,1997,19,13,1112,12.4,1,0,1,0,1,1,4,0,0.08,0.00,0.08,0.00,0.00,Matches,2514,br BRA,"FW,MF",26,1997,12.4,1,28,6,21.4,2.27,0.49,0.04,0.17,1,1,Matches
2515,Kevin Strootman,nl NED,MF,Genoa,it Serie A,33,1990,27,15,1207,13.4,0,2,2,0,0,0,4,0,0.00,0.15,0.15,0.00,0.15,Matches,2515,nl NED,MF,33,1990,13.4,0,1,0,0.0,0.07,0.00,0.00,,0,0,Matches
2516,Cristhian Stuani,uy URU,FW,Girona,es La Liga,36,1986,31,5,804,8.9,9,3,12,9,0,0,6,0,1.01,0.34,1.34,1.01,1.34,Matches,2516,uy URU,FW,36,1986,8.9,9,34,17,50.0,3.81,1.90,0.26,0.53,0,0,Matches
2517,Álex Suárez,es ESP,DF,Las Palmas,es La Liga,30,1993,32,30,2562,28.5,2,0,2,2,0,0,7,0,0.07,0.00,0.07,0.07,0.07,Matches,2517,es ESP,DF,30,1993,28.5,2,7,5,71.4,0.25,0.18,0.29,0.40,0,0,Matches
2518,Damián Suárez,uy URU,DF,Getafe,es La Liga,35,1988,16,15,1299,14.4,0,2,2,0,0,0,7,1,0.00,0.14,0.14,0.00,0.14,Matches,2518,uy URU,DF,35,1988,14.4,0,4,1,25.0,0.28,0.07,0.00,0.00,0,0,Matches
2520,Luis Suárez,co COL,"FW,MF",Almería,es La Liga,25,1997,15,10,917,10.2,6,0,6,5,1,1,3,0,0.59,0.00,0.59,0.49,0.49,Matches,2520,co COL,"FW,MF",25,1997,10.2,6,40,14,35.0,3.93,1.37,0.15,0.43,1,1,Matches
2521,Gabriel Suazo,cl CHI,"DF,MF",Toulouse,fr Ligue 1,25,1997,31,27,2357,26.2,0,4,4,0,0,0,5,0,0.00,0.15,0.15,0.00,0.15,Matches,2521,cl CHI,"DF,MF",25,1997,26.2,0,10,3,30.0,0.38,0.11,0.00,0.00,0,0,Matches
2522,Isaac Success,ng NGA,"FW,MF",Udinese,it Serie A,27,1996,27,9,880,9.8,1,1,2,1,0,1,4,0,0.10,0.10,0.20,0.10,0.20,Matches,2522,ng NGA,"FW,MF",27,1996,9.8,1,19,5,26.3,1.94,0.51,0.05,0.20,0,1,Matches
2523,Niklas Süle,de GER,DF,Dortmund,de Bundesliga,27,1995,23,14,1514,16.8,1,0,1,1,0,0,0,0,0.06,0.00,0.06,0.06,0.06,Matches,2523,de GER,DF,27,1995,16.8,1,7,1,14.3,0.42,0.06,0.14,1.00,0,0,Matches
2524,Ibrahim Sulemana,gh GHA,MF,Cagliari,it Serie A,20,2003,21,16,1339,14.9,2,0,2,2,0,0,4,0,0.13,0.00,0.13,0.13,0.13,Matches,2524,gh GHA,MF,20,2003,14.9,2,13,3,23.1,0.87,0.20,0.15,0.67,0,0,Matches
2525,Tomáš Suslov,sk SVK,MF,Hellas Verona,it Serie A,21,2002,32,23,2092,23.2,3,5,8,2,1,1,7,0,0.13,0.22,0.34,0.09,0.30,Matches,2525,sk SVK,MF,21,2002,23.2,3,52,16,30.8,2.24,0.69,0.06,0.19,1,1,Matches
2526,Suso,es ESP,MF,Sevilla,es La Liga,29,1993,29,15,1517,16.9,1,4,5,1,0,0,5,1,0.06,0.24,0.30,0.06,0.30,Matches,2526,es ESP,MF,29,1993,16.9,1,26,6,23.1,1.54,0.36,0.04,0.17,0,0,Matches
2527,Mattias Svanberg,se SWE,MF,Wolfsburg,de Bundesliga,24,1999,25,20,1715,19.1,1,3,4,1,0,0,8,0,0.05,0.16,0.21,0.05,0.21,Matches,2527,se SWE,MF,24,1999,19.1,1,42,11,26.2,2.20,0.58,0.02,0.09,0,0,Matches
2529,Mile Svilar,rs SRB,GK,Roma,it Serie A,23,1999,15,15,1350,15.0,0,0,0,0,0,0,1,0,0.00,0.00,0.00,0.00,0.00,Matches,2529,rs SRB,GK,23,1999,15.0,0,0,0,,0.00,0.00,,,0,0,Matches
2531,Karol Świderski,pl POL,"FW,MF",Hellas Verona,it Serie A,26,1997,15,3,504,5.6,2,0,2,2,0,0,0,0,0.36,0.00,0.36,0.36,0.36,Matches,2531,pl POL,"FW,MF",26,1997,5.6,2,15,6,40.0,2.68,1.07,0.13,0.33,0,0,Matches
2532,Abakar Sylla,ci CIV,DF,Strasbourg,fr Ligue 1,20,2002,22,19,1792,19.9,2,0,2,2,0,0,4,0,0.10,0.00,0.10,0.10,0.10,Matches,2532,ci CIV,DF,20,2002,19.9,2,11,5,45.5,0.55,0.25,0.18,0.40,0,0,Matches
2534,Issiaga Sylla,gn GUI,"DF,MF",Montpellier,fr Ligue 1,29,1994,19,17,1455,16.2,1,2,3,1,0,0,3,0,0.06,0.12,0.19,0.06,0.19,Matches,2534,gn GUI,"DF,MF",29,1994,16.2,1,12,5,41.7,0.74,0.31,0.08,0.20,0,0,Matches
2538,Wojciech Szczęsny,pl POL,GK,Juventus,it Serie A,33,1990,35,35,3150,35.0,0,0,0,0,0,0,1,0,0.00,0.00,0.00,0.00,0.00,Matches,2538,pl POL,GK,33,1990,35.0,0,0,0,,0.00,0.00,,,0,0,Matches
2539,Dominik Szoboszlai,hu HUN,MF,Liverpool,eng Premier League,22,2000,33,25,2104,23.4,3,2,5,3,0,0,1,0,0.13,0.09,0.21,0.13,0.21,Matches,2539,hu HUN,MF,22,2000,23.4,3,60,15,25.0,2.57,0.64,0.05,0.20,0,0,Matches
2541,Alexander Sørloth,no NOR,FW,Villarreal,es La Liga,27,1995,34,30,2489,27.7,23,6,29,23,0,0,3,0,0.83,0.22,1.05,0.83,1.05,Matches,2541,no NOR,FW,27,1995,27.7,23,78,36,46.2,2.82,1.30,0.29,0.64,0,0,Matches
2542,Musa Al-Taamari,jo JOR,"MF,FW",Montpellier,fr Ligue 1,26,1997,27,24,1928,21.4,5,2,7,5,0,0,0,0,0.23,0.09,0.33,0.23,0.33,Matches,2542,jo JOR,"MF,FW",26,1997,21.4,5,47,20,42.6,2.19,0.93,0.11,0.25,0,0,Matches
2543,Nicolás Tagliafico,ar ARG,"DF,MF",Lyon,fr Ligue 1,30,1992,25,25,2123,23.6,3,1,4,3,0,0,7,1,0.13,0.04,0.17,0.13,0.17,Matches,2543,ar ARG,"DF,MF",30,1992,23.6,3,15,6,40.0,0.64,0.25,0.20,0.50,0,0,Matches
2544,Jonathan Tah,de GER,DF,Leverkusen,de Bundesliga,27,1996,31,30,2631,29.2,4,1,5,4,0,0,6,0,0.14,0.03,0.17,0.14,0.17,Matches,2544,de GER,DF,27,1996,29.2,4,26,10,38.5,0.89,0.34,0.15,0.40,0,0,Matches
2545,Montassar Talbi,tn TUN,DF,Lorient,fr Ligue 1,25,1998,25,25,2204,24.5,0,0,0,0,0,0,2,0,0.00,0.00,0.00,0.00,0.00,Matches,2545,tn TUN,DF,25,1998,24.5,0,5,2,40.0,0.20,0.08,0.00,0.00,0,0,Matches
2547,Adrien Tameze,cm CMR,"DF,MF",Torino,it Serie A,29,1994,29,25,2146,23.8,0,2,2,0,0,0,6,1,0.00,0.08,0.08,0.00,0.08,Matches,2547,cm CMR,"DF,MF",29,1994,23.8,0,9,0,0.0,0.38,0.00,0.00,,0,0,Matches
2548,Renato Tapia,pe PER,"MF,DF",Celta Vigo,es La Liga,28,1995,21,15,1337,14.9,0,0,0,0,0,0,5,1,0.00,0.00,0.00,0.00,0.00,Matches,2548,pe PER,"MF,DF",28,1995,14.9,0,19,1,5.3,1.28,0.07,0.00,0.00,0,0,Matches
2549,Edmond Tapsoba,bf BFA,DF,Leverkusen,de Bundesliga,24,1999,28,23,2087,23.2,0,1,1,0,0,0,4,0,0.00,0.04,0.04,0.00,0.04,Matches,2549,bf BFA,DF,24,1999,23.2,0,12,1,8.3,0.52,0.04,0.00,0.00,0,0,Matches
2551,Oussama Targhalline,ma MAR,MF,Le Havre,fr Ligue 1,21,2002,14,12,1025,11.4,0,0,0,0,0,0,4,1,0.00,0.00,0.00,0.00,0.00,Matches,2551,ma MAR,MF,21,2002,11.4,0,6,0,0.0,0.53,0.00,0.00,,0,0,Matches
2552,James Tarkowski,eng ENG,DF,Everton,eng Premier League,30,1992,38,38,3419,38.0,1,1,2,1,0,0,11,0,0.03,0.03,0.05,0.03,0.05,Matches,2552,eng ENG,DF,30,1992,38.0,1,25,5,20.0,0.66,0.13,0.04,0.20,0,0,Matches
2556,Marcus Tavernier,eng ENG,MF,Bournemouth,eng Premier League,24,1999,30,25,2118,23.5,3,4,7,3,0,0,3,0,0.13,0.17,0.30,0.13,0.30,Matches,2556,eng ENG,MF,24,1999,23.5,3,53,16,30.2,2.25,0.68,0.06,0.19,0,0,Matches
2558,Charlie Taylor,eng ENG,DF,Burnley,eng Premier League,29,1993,28,25,2331,25.9,1,1,2,1,0,0,8,0,0.04,0.04,0.08,0.04,0.08,Matches,2558,eng ENG,DF,29,1993,25.9,1,10,1,10.0,0.39,0.04,0.10,1.00,0,0,Matches
2560,Loum Tchaouna,fr FRA,"MF,FW",Salernitana,it Serie A,19,2003,33,23,2100,23.3,4,3,7,4,0,0,4,0,0.17,0.13,0.30,0.17,0.30,Matches,2560,fr FRA,"MF,FW",19,2003,23.3,4,44,15,34.1,1.89,0.64,0.09,0.27,0,0,Matches
2561,Jackson Tchatchoua,cm CMR,DF,Hellas Verona,it Serie A,21,2001,26,19,1725,19.2,0,2,2,0,0,0,2,0,0.00,0.10,0.10,0.00,0.10,Matches,2561,cm CMR,DF,21,2001,19.2,0,0,0,,0.00,0.00,,,0,0,Matches
2562,Enzo Tchato,cm CMR,DF,Montpellier,fr Ligue 1,20,2002,17,11,1125,12.5,0,0,0,0,0,0,2,0,0.00,0.00,0.00,0.00,0.00,Matches,2562,cm CMR,DF,20,2002,12.5,0,5,1,20.0,0.40,0.08,0.00,0.00,0,0,Matches
2563,Aurélien Tchouaméni,fr FRA,"MF,DF",Real Madrid,es La Liga,23,2000,27,22,1987,22.1,3,1,4,3,0,0,7,0,0.14,0.05,0.18,0.14,0.18,Matches,2563,fr FRA,"MF,DF",23,2000,22.1,3,27,7,25.9,1.22,0.32,0.11,0.43,0,0,Matches
2564,Mathys Tel,fr FRA,"MF,FW",Bayern Munich,de Bundesliga,18,2005,30,6,1050,11.7,7,5,12,7,0,0,2,0,0.60,0.43,1.03,0.60,1.03,Matches,2564,fr FRA,"MF,FW",18,2005,11.7,7,43,18,41.9,3.69,1.54,0.16,0.39,0,0,Matches
2565,Nathan Tella,ng NGA,MF,Leverkusen,de Bundesliga,24,1999,24,8,819,9.1,5,2,7,5,0,0,2,0,0.55,0.22,0.77,0.55,0.77,Matches,2565,ng NGA,MF,24,1999,9.1,5,21,11,52.4,2.31,1.21,0.24,0.45,0,0,Matches
2566,Nahuel Tenaglia,ar ARG,DF,Alavés,es La Liga,27,1996,25,11,1141,12.7,1,0,1,1,0,0,5,0,0.08,0.00,0.08,0.08,0.08,Matches,2566,ar ARG,DF,27,1996,12.7,1,8,1,12.5,0.63,0.08,0.13,1.00,0,0,Matches
2567,Arnau Tenas,es ESP,GK,PSG,fr Ligue 1,22,2001,6,5,529,5.9,0,1,1,0,0,0,0,0,0.00,0.17,0.17,0.00,0.17,Matches,2567,es ESP,GK,22,2001,5.9,0,0,0,,0.00,0.00,,,0,0,Matches
2568,Marc-André ter Stegen,de GER,GK,Barcelona,es La Liga,31,1992,28,28,2520,28.0,0,0,0,0,0,0,3,0,0.00,0.00,0.00,0.00,0.00,Matches,2568,de GER,GK,31,1992,28.0,0,0,0,,0.00,0.00,,,0,0,Matches
2569,Filippo Terracciano,it ITA,"MF,DF",Hellas Verona,it Serie A,20,2003,18,14,1296,14.4,0,1,1,0,0,0,1,0,0.00,0.07,0.07,0.00,0.07,Matches,2569,it ITA,"MF,DF",20,2003,14.4,0,8,3,37.5,0.56,0.21,0.00,0.00,0,0,Matches
2571,Pietro Terracciano,it ITA,GK,Fiorentina,it Serie A,33,1990,33,33,2970,33.0,0,0,0,0,0,0,3,0,0.00,0.00,0.00,0.00,0.00,Matches,2571,it ITA,GK,33,1990,33.0,0,0,0,,0.00,0.00,,,0,0,Matches
2572,Ramón Terrats,es ESP,MF,Villarreal,es La Liga,22,2000,19,6,785,8.7,0,2,2,0,0,0,4,0,0.00,0.23,0.23,0.00,0.23,Matches,2572,es ESP,MF,22,2000,8.7,0,8,1,12.5,0.92,0.11,0.00,0.00,0,0,Matches
2573,Martin Terrier,fr FRA,"FW,MF",Rennes,fr Ligue 1,26,1997,24,19,1527,17.0,7,3,10,7,0,0,2,1,0.41,0.18,0.59,0.41,0.59,Matches,2573,fr FRA,"FW,MF",26,1997,17.0,7,38,16,42.1,2.24,0.94,0.18,0.44,0,0,Matches
2574,Kenny Tete,nl NED,DF,Fulham,eng Premier League,27,1995,14,10,867,9.6,1,0,1,1,0,0,2,0,0.10,0.00,0.10,0.10,0.10,Matches,2574,nl NED,DF,27,1995,9.6,1,4,1,25.0,0.42,0.10,0.25,1.00,0,0,Matches
2576,Teddy Teuma,mt MLT,MF,Reims,fr Ligue 1,29,1993,28,25,2113,23.5,6,3,9,5,1,1,7,0,0.26,0.13,0.38,0.21,0.34,Matches,2576,mt MLT,MF,29,1993,23.5,6,44,15,34.1,1.87,0.64,0.14,0.40,1,1,Matches
2577,Florian Thauvin,fr FRA,FW,Udinese,it Serie A,30,1993,29,19,1710,19.0,5,3,8,4,1,1,4,0,0.26,0.16,0.42,0.21,0.37,Matches,2577,fr FRA,FW,30,1993,19.0,5,48,15,31.3,2.53,0.79,0.10,0.33,1,1,Matches
2578,Arthur Theate,be BEL,DF,Rennes,fr Ligue 1,23,2000,28,27,2296,25.5,2,0,2,2,0,0,4,0,0.08,0.00,0.08,0.08,0.08,Matches,2578,be BEL,DF,23,2000,25.5,2,22,5,22.7,0.86,0.20,0.09,0.40,0,0,Matches
2579,Norman Theuerkauf,de GER,"MF,DF",Heidenheim,de Bundesliga,36,1987,25,14,1259,14.0,0,1,1,0,0,0,3,0,0.00,0.07,0.07,0.00,0.07,Matches,2579,de GER,"MF,DF",36,1987,14.0,0,7,2,28.6,0.50,0.14,0.00,0.00,0,0,Matches
2580,Malick Thiaw,de GER,DF,Milan,it Serie A,21,2001,21,19,1619,18.0,0,1,1,0,0,0,5,1,0.00,0.06,0.06,0.00,0.06,Matches,2580,de GER,DF,21,2001,18.0,0,5,1,20.0,0.28,0.06,0.00,0.00,0,0,Matches
2581,Jan Thielmann,de GER,"FW,MF",Köln,de Bundesliga,21,2002,22,20,1579,17.5,1,0,1,1,0,0,4,1,0.06,0.00,0.06,0.06,0.06,Matches,2581,de GER,"FW,MF",21,2002,17.5,1,37,12,32.4,2.11,0.68,0.03,0.08,0,0,Matches
2583,Luke Thomas,eng ENG,"MF,DF",Sheffield United,eng Premier League,22,2001,12,11,917,10.2,0,0,0,0,0,0,3,0,0.00,0.00,0.00,0.00,0.00,Matches,2583,eng ENG,"MF,DF",22,2001,10.2,0,6,1,16.7,0.59,0.10,0.00,0.00,0,0,Matches
2584,Adrien Thomasson,fr FRA,MF,Lens,fr Ligue 1,29,1993,29,13,1193,13.3,1,2,3,1,0,0,2,1,0.08,0.15,0.23,0.08,0.23,Matches,2584,fr FRA,MF,29,1993,13.3,1,31,6,19.4,2.34,0.45,0.03,0.17,0,0,Matches
2585,Morten Thorsby,no NOR,MF,Genoa,it Serie A,27,1996,24,9,1157,12.9,2,2,4,2,0,0,2,0,0.16,0.16,0.31,0.16,0.31,Matches,2585,no NOR,MF,27,1996,12.9,2,13,7,53.8,1.01,0.54,0.15,0.29,0,0,Matches
2586,Kristian Thorstvedt,no NOR,MF,Sassuolo,it Serie A,24,1999,34,30,2397,26.6,6,1,7,6,0,0,7,0,0.23,0.04,0.26,0.23,0.26,Matches,2586,no NOR,MF,24,1999,26.6,6,42,15,35.7,1.58,0.56,0.14,0.40,0,0,Matches
2587,Khéphren Thuram,fr FRA,MF,Nice,fr Ligue 1,22,2001,27,25,2108,23.4,1,1,2,1,0,0,7,0,0.04,0.04,0.09,0.04,0.09,Matches,2587,fr FRA,MF,22,2001,23.4,1,39,11,28.2,1.67,0.47,0.03,0.09,0,0,Matches
2588,Marcus Thuram,fr FRA,FW,Inter,it Serie A,25,1997,35,34,2687,29.9,13,7,20,13,0,0,3,0,0.44,0.23,0.67,0.44,0.67,Matches,2588,fr FRA,FW,25,1997,29.9,13,77,29,37.7,2.58,0.97,0.17,0.45,0,0,Matches
2589,Cheikh Tidiane Sabaly,sn SEN,"MF,FW",Metz,fr Ligue 1,24,1999,29,17,1379,15.3,3,1,4,3,0,0,4,0,0.20,0.07,0.26,0.20,0.26,Matches,2589,sn SEN,"MF,FW",24,1999,15.3,3,21,9,42.9,1.37,0.59,0.14,0.33,0,0,Matches
2590,Youri Tielemans,be BEL,"MF,FW",Aston Villa,eng Premier League,26,1997,32,17,1622,18.0,2,6,8,2,0,0,3,0,0.11,0.33,0.44,0.11,0.44,Matches,2590,be BEL,"MF,FW",26,1997,18.0,2,14,6,42.9,0.78,0.33,0.14,0.33,0,0,Matches
2591,Kieran Tierney,sct SCO,DF,Real Sociedad,es La Liga,26,1997,20,14,1238,13.8,0,2,2,0,0,0,1,0,0.00,0.15,0.15,0.00,0.15,Matches,2591,sct SCO,DF,26,1997,13.8,0,2,0,0.0,0.15,0.00,0.00,,0,0,Matches
2592,Phillip Tietz,de GER,FW,Augsburg,de Bundesliga,26,1997,34,31,2382,26.5,8,4,12,8,0,0,1,0,0.30,0.15,0.45,0.30,0.45,Matches,2592,de GER,FW,26,1997,26.5,8,52,19,36.5,1.96,0.72,0.15,0.42,0,0,Matches
2593,Steffen Tigges,de GER,FW,Köln,de Bundesliga,25,1998,25,6,727,8.1,3,0,3,3,0,0,0,0,0.37,0.00,0.37,0.37,0.37,Matches,2593,de GER,FW,25,1998,8.1,3,22,9,40.9,2.72,1.11,0.14,0.33,0,0,Matches
2596,Jean-Clair Todibo,fr FRA,DF,Nice,fr Ligue 1,23,1999,30,30,2651,29.5,0,2,2,0,0,0,2,1,0.00,0.07,0.07,0.00,0.07,Matches,2596,fr FRA,DF,23,1999,29.5,0,9,1,11.1,0.31,0.03,0.00,0.00,0,0,Matches
2597,Harry Toffolo,eng ENG,"DF,MF",Nottingham,eng Premier League,27,1995,23,15,1459,16.2,1,3,4,1,0,0,3,0,0.06,0.19,0.25,0.06,0.25,Matches,2597,eng ENG,"DF,MF",27,1995,16.2,1,8,5,62.5,0.49,0.31,0.13,0.20,0,0,Matches
2598,Umut Tohumcu,de GER,MF,Hoffenheim,de Bundesliga,18,2004,20,12,1011,11.2,0,2,2,0,0,0,5,0,0.00,0.18,0.18,0.00,0.18,Matches,2598,de GER,MF,18,2004,11.2,0,15,3,20.0,1.34,0.27,0.00,0.00,0,0,Matches
2599,Corentin Tolisso,fr FRA,MF,Lyon,fr Ligue 1,28,1994,25,21,1741,19.3,3,1,4,2,1,1,5,0,0.16,0.05,0.21,0.10,0.16,Matches,2599,fr FRA,MF,28,1994,19.3,3,39,14,35.9,2.02,0.72,0.08,0.21,1,1,Matches
2600,Jeremy Toljan,de GER,DF,Sassuolo,it Serie A,28,1994,25,24,2083,23.1,0,5,5,0,0,0,1,0,0.00,0.22,0.22,0.00,0.22,Matches,2600,de GER,DF,28,1994,23.1,0,12,3,25.0,0.52,0.13,0.00,0.00,0,0,Matches
2601,Rafael Tolói,it ITA,DF,Atalanta,it Serie A,32,1990,18,10,965,10.7,0,0,0,0,0,0,6,1,0.00,0.00,0.00,0.00,0.00,Matches,2601,it ITA,DF,32,1990,10.7,0,3,0,0.0,0.28,0.00,0.00,,0,0,Matches
2602,Raúl de Tomás,es ESP,FW,Rayo Vallecano,es La Liga,28,1994,25,15,1272,14.1,1,2,3,0,1,1,5,0,0.07,0.14,0.21,0.00,0.14,Matches,2602,es ESP,FW,28,1994,14.1,1,39,12,30.8,2.76,0.85,0.03,0.08,1,1,Matches
2603,Tiago Tomás,pt POR,"FW,MF",Wolfsburg,de Bundesliga,21,2002,26,11,1032,11.5,1,1,2,1,0,0,3,0,0.09,0.09,0.17,0.09,0.17,Matches,2603,pt POR,"FW,MF",21,2002,11.5,1,27,10,37.0,2.35,0.87,0.04,0.10,0,0,Matches
2604,Takehiro Tomiyasu,jp JPN,DF,Arsenal,eng Premier League,24,1998,22,10,1149,12.8,2,1,3,2,0,0,2,1,0.16,0.08,0.23,0.16,0.23,Matches,2604,jp JPN,DF,24,1998,12.8,2,17,3,17.6,1.33,0.23,0.12,0.67,0,0,Matches
2606,Fikayo Tomori,eng ENG,DF,Milan,it Serie A,25,1997,26,24,2121,23.6,4,0,4,4,0,0,8,1,0.17,0.00,0.17,0.17,0.17,Matches,2606,eng ENG,DF,25,1997,23.6,4,17,8,47.1,0.72,0.34,0.24,0.50,0,0,Matches
2608,Ivan Toney,eng ENG,FW,Brentford,eng Premier League,27,1996,17,16,1450,16.1,4,2,6,4,0,0,5,0,0.25,0.12,0.37,0.25,0.37,Matches,2608,eng ENG,FW,27,1996,16.1,4,51,22,43.1,3.17,1.37,0.08,0.18,0,0,Matches
2609,Pablo Torre,es ESP,MF,Girona,es La Liga,20,2003,26,4,701,7.8,0,2,2,0,0,0,1,0,0.00,0.26,0.26,0.00,0.26,Matches,2609,es ESP,MF,20,2003,7.8,0,13,1,7.7,1.67,0.13,0.00,0.00,0,0,Matches
2610,Raúl Torrente,es ESP,DF,Granada,es La Liga,21,2001,17,14,1250,13.9,0,0,0,0,0,0,4,0,0.00,0.00,0.00,0.00,0.00,Matches,2610,es ESP,DF,21,2001,13.9,0,3,0,0.0,0.22,0.00,0.00,,0,0,Matches
2611,Ferran Torres,es ESP,FW,Barcelona,es La Liga,23,2000,29,12,1211,13.5,7,2,9,7,0,0,2,0,0.52,0.15,0.67,0.52,0.67,Matches,2611,es ESP,FW,23,2000,13.5,7,38,15,39.5,2.82,1.11,0.18,0.47,0,0,Matches
2612,Óliver Torres,es ESP,MF,Sevilla,es La Liga,28,1994,27,18,1616,18.0,0,1,1,0,0,0,3,0,0.00,0.06,0.06,0.00,0.06,Matches,2612,es ESP,MF,28,1994,18.0,0,9,3,33.3,0.50,0.17,0.00,0.00,0,0,Matches
2613,Pau Torres,es ESP,DF,Aston Villa,eng Premier League,26,1997,29,27,2464,27.4,2,0,2,2,0,0,1,0,0.07,0.00,0.07,0.07,0.07,Matches,2613,es ESP,DF,26,1997,27.4,2,12,5,41.7,0.44,0.18,0.17,0.40,0,0,Matches
2614,Lucas Torró,es ESP,MF,Osasuna,es La Liga,29,1994,28,21,1788,19.9,1,0,1,1,0,0,5,0,0.05,0.00,0.05,0.05,0.05,Matches,2614,es ESP,MF,29,1994,19.9,1,30,7,23.3,1.51,0.35,0.03,0.14,0,0,Matches
2617,Abdoulaye Touré,gn GUI,MF,Le Havre,fr Ligue 1,29,1994,30,27,2284,25.4,2,0,2,0,2,2,4,0,0.08,0.00,0.08,0.00,0.00,Matches,2617,gn GUI,MF,29,1994,25.4,2,33,10,30.3,1.30,0.39,0.06,0.20,2,2,Matches
2618,Souleymane Touré,fr FRA,DF,Lorient,fr Ligue 1,20,2003,24,23,2051,22.8,1,1,2,1,0,0,6,0,0.04,0.04,0.09,0.04,0.09,Matches,2618,fr FRA,DF,20,2003,22.8,1,18,9,50.0,0.79,0.39,0.06,0.11,0,0,Matches
2619,Lucas Tousart,fr FRA,MF,Union Berlin,de Bundesliga,26,1997,23,18,1572,17.5,0,0,0,0,0,0,5,0,0.00,0.00,0.00,0.00,0.00,Matches,2619,fr FRA,MF,26,1997,17.5,0,25,6,24.0,1.43,0.34,0.00,0.00,0,0,Matches
2620,Andros Townsend,eng ENG,"MF,FW",Luton Town,eng Premier League,32,1991,27,14,1210,13.4,1,3,4,1,0,0,1,0,0.07,0.22,0.30,0.07,0.30,Matches,2620,eng ENG,"MF,FW",32,1991,13.4,1,20,7,35.0,1.49,0.52,0.05,0.14,0,0,Matches
2621,James Trafford,eng ENG,GK,Burnley,eng Premier League,20,2002,28,28,2520,28.0,0,0,0,0,0,0,2,0,0.00,0.00,0.00,0.00,0.00,Matches,2621,eng ENG,GK,20,2002,28.0,0,0,0,,0.00,0.00,,,0,0,Matches
2624,Bénie Traoré,ci CIV,FW,Nantes,fr Ligue 1,20,2002,14,4,504,5.6,0,1,1,0,0,0,1,1,0.00,0.18,0.18,0.00,0.18,Matches,2624,ci CIV,FW,20,2002,5.6,0,7,4,57.1,1.25,0.71,0.00,0.00,0,0,Matches
2625,Bertrand Traoré,bf BFA,MF,Villarreal,es La Liga,27,1995,11,6,568,6.3,1,0,1,1,0,0,4,0,0.16,0.00,0.16,0.16,0.16,Matches,2625,bf BFA,MF,27,1995,6.3,1,20,7,35.0,3.17,1.11,0.05,0.14,0,0,Matches
2627,Boubacar Traoré,ml MLI,MF,Wolves,eng Premier League,21,2001,24,7,819,9.1,0,0,0,0,0,0,4,0,0.00,0.00,0.00,0.00,0.00,Matches,2627,ml MLI,MF,21,2001,9.1,0,11,1,9.1,1.21,0.11,0.00,0.00,0,0,Matches
2630,Hamari Traoré,ml MLI,DF,Real Sociedad,es La Liga,31,1992,31,27,2292,25.5,0,2,2,0,0,0,7,0,0.00,0.08,0.08,0.00,0.08,Matches,2630,ml MLI,DF,31,1992,25.5,0,18,2,11.1,0.71,0.08,0.00,0.00,0,0,Matches
2631,Ismaël Traoré,ci CIV,DF,Metz,fr Ligue 1,36,1986,26,25,2220,24.7,2,0,2,2,0,0,2,0,0.08,0.00,0.08,0.08,0.08,Matches,2631,ci CIV,DF,36,1986,24.7,2,10,4,40.0,0.41,0.16,0.20,0.50,0,0,Matches
2632,Omar Traoré,de GER,DF,Heidenheim,de Bundesliga,25,1998,31,29,2472,27.5,0,2,2,0,0,0,5,0,0.00,0.07,0.07,0.00,0.07,Matches,2632,de GER,DF,25,1998,27.5,0,11,1,9.1,0.40,0.04,0.00,0.00,0,0,Matches
2633,Kevin Trapp,de GER,GK,Frankfurt,de Bundesliga,33,1990,32,32,2880,32.0,0,0,0,0,0,0,2,0,0.00,0.00,0.00,0.00,0.00,Matches,2633,de GER,GK,33,1990,32.0,0,0,0,,0.00,0.00,,,0,0,Matches
2635,Óscar Trejo,ar ARG,"FW,MF",Rayo Vallecano,es La Liga,35,1988,31,19,1380,15.3,0,0,0,0,0,0,4,1,0.00,0.00,0.00,0.00,0.00,Matches,2635,ar ARG,"FW,MF",35,1988,15.3,0,18,3,16.7,1.17,0.20,0.00,0.00,0,0,Matches
2638,Christopher Trimmel,at AUT,"MF,DF",Union Berlin,de Bundesliga,36,1987,26,19,1646,18.3,0,2,2,0,0,0,2,1,0.00,0.11,0.11,0.00,0.11,Matches,2638,at AUT,"MF,DF",36,1987,18.3,0,6,4,66.7,0.33,0.22,0.00,0.00,0,0,Matches
2639,Kieran Trippier,eng ENG,DF,Newcastle,eng Premier League,32,1990,28,26,2236,24.8,1,10,11,1,0,0,5,0,0.04,0.40,0.44,0.04,0.44,Matches,2639,eng ENG,DF,32,1990,24.8,1,8,2,25.0,0.32,0.08,0.13,0.50,0,0,Matches
2640,Leandro Trossard,be BEL,"FW,MF",Arsenal,eng Premier League,28,1994,34,18,1649,18.3,12,1,13,12,0,0,2,0,0.65,0.05,0.71,0.65,0.71,Matches,2640,be BEL,"FW,MF",28,1994,18.3,12,60,22,36.7,3.27,1.20,0.20,0.55,0,0,Matches
2641,Adrien Truffert,fr FRA,"DF,MF",Rennes,fr Ligue 1,21,2001,30,24,2145,23.8,1,2,3,1,0,0,6,0,0.04,0.08,0.13,0.04,0.13,Matches,2641,fr FRA,"DF,MF",21,2001,23.8,1,20,7,35.0,0.84,0.29,0.05,0.14,0,0,Matches
2642,Auston Trusty,us USA,DF,Sheffield United,eng Premier League,24,1998,32,28,2572,28.6,0,0,0,0,0,0,4,0,0.00,0.00,0.00,0.00,0.00,Matches,2642,us USA,DF,24,1998,28.6,0,8,2,25.0,0.28,0.07,0.00,0.00,0,0,Matches
2643,Kostas Tsimikas,gr GRE,DF,Liverpool,eng Premier League,27,1996,13,8,679,7.5,0,3,3,0,0,0,0,0,0.00,0.40,0.40,0.00,0.40,Matches,2643,gr GRE,DF,27,1996,7.5,0,3,0,0.0,0.40,0.00,0.00,,0,0,Matches
2644,Viktor Tsyhankov,ua UKR,MF,Girona,es La Liga,25,1997,30,26,2052,22.8,8,7,15,8,0,0,0,0,0.35,0.31,0.66,0.35,0.66,Matches,2644,ua UKR,MF,25,1997,22.8,8,44,16,36.4,1.93,0.70,0.18,0.50,0,0,Matches
2645,Stefano Turati,it ITA,GK,Frosinone,it Serie A,21,2001,31,31,2745,30.5,0,0,0,0,0,0,0,0,0.00,0.00,0.00,0.00,0.00,Matches,2645,it ITA,GK,21,2001,30.5,0,0,0,,0.00,0.00,,,0,0,Matches
2646,Matt Turner,us USA,GK,Nottingham,eng Premier League,29,1994,17,17,1530,17.0,0,0,0,0,0,0,2,0,0.00,0.00,0.00,0.00,0.00,Matches,2646,us USA,GK,29,1994,17.0,0,0,0,,0.00,0.00,,,0,0,Matches
2647,Beñat Turrientes,es ESP,MF,Real Sociedad,es La Liga,21,2002,29,19,1687,18.7,0,1,1,0,0,0,4,0,0.00,0.05,0.05,0.00,0.05,Matches,2647,es ESP,MF,21,2002,18.7,0,23,10,43.5,1.23,0.53,0.00,0.00,0,0,Matches
2648,Tuta,br BRA,"DF,MF",Frankfurt,de Bundesliga,24,1999,30,30,2600,28.9,1,2,3,1,0,0,3,2,0.03,0.07,0.10,0.03,0.10,Matches,2648,br BRA,"DF,MF",24,1999,28.9,1,18,7,38.9,0.62,0.24,0.06,0.14,0,0,Matches
2649,Destiny Udogie,it ITA,DF,Tottenham,eng Premier League,20,2002,28,28,2391,26.6,2,3,5,2,0,0,7,1,0.08,0.11,0.19,0.08,0.19,Matches,2649,it ITA,DF,20,2002,26.6,2,9,5,55.6,0.34,0.19,0.22,0.40,0,0,Matches
2650,Matthieu Udol,fr FRA,DF,Metz,fr Ligue 1,27,1996,30,30,2700,30.0,3,3,6,3,0,0,5,0,0.10,0.10,0.20,0.10,0.20,Matches,2650,fr FRA,DF,27,1996,30.0,3,19,8,42.1,0.63,0.27,0.16,0.38,0,0,Matches
2651,Manuel Ugarte,uy URU,MF,PSG,fr Ligue 1,22,2001,25,21,1932,21.5,0,2,2,0,0,0,5,0,0.00,0.09,0.09,0.00,0.09,Matches,2651,uy URU,MF,22,2001,21.5,0,10,1,10.0,0.47,0.05,0.00,0.00,0,0,Matches
2654,Sven Ulreich,de GER,GK,Bayern Munich,de Bundesliga,34,1988,11,11,990,11.0,0,0,0,0,0,0,1,0,0.00,0.00,0.00,0.00,0.00,Matches,2654,de GER,GK,34,1988,11.0,0,0,0,,0.00,0.00,,,0,0,Matches
2658,Deniz Undav,de GER,"FW,MF",Stuttgart,de Bundesliga,27,1996,30,23,2089,23.2,18,10,28,18,0,1,5,0,0.78,0.43,1.21,0.78,1.21,Matches,2658,de GER,"FW,MF",27,1996,23.2,18,108,54,50.0,4.65,2.33,0.17,0.33,0,1,Matches
2659,Dayot Upamecano,fr FRA,DF,Bayern Munich,de Bundesliga,24,1998,25,19,1762,19.6,1,0,1,1,0,0,3,1,0.05,0.00,0.05,0.05,0.05,Matches,2659,fr FRA,DF,24,1998,19.6,1,11,4,36.4,0.56,0.20,0.09,0.25,0,0,Matches
2660,Kacper Urbanski,pl POL,"MF,FW",Bologna,it Serie A,18,2004,22,9,926,10.3,0,1,1,0,0,0,2,0,0.00,0.10,0.10,0.00,0.10,Matches,2660,pl POL,"MF,FW",18,2004,10.3,0,17,6,35.3,1.65,0.58,0.00,0.00,0,0,Matches
2662,Myrto Uzuni,al ALB,"FW,MF",Granada,es La Liga,28,1995,34,28,2448,27.2,11,1,12,7,4,5,3,0,0.40,0.04,0.44,0.26,0.29,Matches,2662,al ALB,"FW,MF",28,1995,27.2,11,64,29,45.3,2.35,1.07,0.17,0.38,4,5,Matches
2663,Josha Vagnoman,de GER,"MF,DF",Stuttgart,de Bundesliga,22,2000,18,12,1183,13.1,2,2,4,2,0,0,2,0,0.15,0.15,0.30,0.15,0.30,Matches,2663,de GER,"MF,DF",22,2000,13.1,2,17,7,41.2,1.29,0.53,0.12,0.29,0,0,Matches
2664,Óscar Valentín,es ESP,MF,Rayo Vallecano,es La Liga,28,1994,34,32,2692,29.9,1,0,1,1,0,0,7,1,0.03,0.00,0.03,0.03,0.03,Matches,2664,es ESP,MF,28,1994,29.9,1,15,7,46.7,0.50,0.23,0.07,0.14,0,0,Matches
2665,Emanuele Valeri,it ITA,"MF,DF",Frosinone,it Serie A,24,1998,16,14,1178,13.1,0,1,1,0,0,0,3,0,0.00,0.08,0.08,0.00,0.08,Matches,2665,it ITA,"MF,DF",24,1998,13.1,0,20,3,15.0,1.53,0.23,0.00,0.00,0,0,Matches
2666,Martin Valjent,sk SVK,DF,Mallorca,es La Liga,27,1995,28,28,2349,26.1,0,1,1,0,0,0,5,0,0.00,0.04,0.04,0.00,0.04,Matches,2666,sk SVK,DF,27,1995,26.1,0,9,0,0.0,0.34,0.00,0.00,,0,0,Matches
2668,Álvaro Vallés,es ESP,GK,Las Palmas,es La Liga,26,1997,37,37,3263,36.3,0,0,0,0,0,0,2,1,0.00,0.00,0.00,0.00,0.00,Matches,2668,es ESP,GK,26,1997,36.3,0,0,0,,0.00,0.00,,,0,0,Matches
2669,Federico Valverde,uy URU,MF,Real Madrid,es La Liga,25,1998,37,33,2904,32.3,2,7,9,2,0,0,2,0,0.06,0.22,0.28,0.06,0.28,Matches,2669,uy URU,MF,25,1998,32.3,2,56,19,33.9,1.74,0.59,0.04,0.11,0,0,Matches
2670,Kévin Van Den Kerkhof,dz ALG,"MF,FW",Metz,fr Ligue 1,27,1996,29,21,1913,21.3,1,2,3,1,0,0,2,0,0.05,0.09,0.14,0.05,0.14,Matches,2670,dz ALG,"MF,FW",27,1996,21.3,1,20,7,35.0,0.94,0.33,0.05,0.14,0,0,Matches
2672,Virgil van Dijk,nl NED,DF,Liverpool,eng Premier League,32,1991,36,36,3177,35.3,2,2,4,2,0,0,3,1,0.06,0.06,0.11,0.06,0.11,Matches,2672,nl NED,DF,32,1991,35.3,2,45,14,31.1,1.27,0.40,0.04,0.14,0,0,Matches
2673,Vanderson,br BRA,"MF,DF",Monaco,fr Ligue 1,22,2001,20,20,1641,18.2,3,1,4,3,0,0,6,1,0.16,0.05,0.22,0.16,0.22,Matches,2673,br BRA,"MF,DF",22,2001,18.2,3,30,10,33.3,1.65,0.55,0.10,0.30,0,0,Matches
2674,Raphaël Varane,fr FRA,DF,Manchester Utd,eng Premier League,30,1993,22,16,1375,15.3,1,0,1,1,0,0,2,0,0.07,0.00,0.07,0.07,0.07,Matches,2674,fr FRA,DF,30,1993,15.3,1,8,2,25.0,0.52,0.13,0.13,0.50,0,0,Matches
2675,Ruben Vargas,ch SUI,"MF,FW",Augsburg,de Bundesliga,24,1998,31,25,1962,21.8,4,5,9,4,0,0,3,0,0.18,0.23,0.41,0.18,0.41,Matches,2675,ch SUI,"MF,FW",24,1998,21.8,4,49,17,34.7,2.25,0.78,0.08,0.24,0,0,Matches
2676,Johan Vásquez,mx MEX,DF,Genoa,it Serie A,24,1998,37,32,2850,31.7,1,1,2,1,0,0,6,0,0.03,0.03,0.06,0.03,0.06,Matches,2676,mx MEX,DF,24,1998,31.7,1,34,10,29.4,1.07,0.32,0.03,0.10,0,0,Matches
2677,José Luis García Vayá,es ESP,MF,Valencia,es La Liga,24,1998,37,37,3302,36.7,7,1,8,0,7,8,4,0,0.19,0.03,0.22,0.00,0.03,Matches,2677,es ESP,MF,24,1998,36.7,7,35,12,34.3,0.95,0.33,0.20,0.58,7,8,Matches
2679,Jesus Vazquez,es ESP,DF,Valencia,es La Liga,20,2003,20,6,716,8.0,1,0,1,1,0,0,1,0,0.13,0.00,0.13,0.13,0.13,Matches,2679,es ESP,DF,20,2003,8.0,1,7,2,28.6,0.88,0.25,0.14,0.50,0,0,Matches
2680,Kevin Vázquez,es ESP,DF,Celta Vigo,es La Liga,30,1993,12,10,700,7.8,0,0,0,0,0,0,3,0,0.00,0.00,0.00,0.00,0.00,Matches,2680,es ESP,DF,30,1993,7.8,0,2,1,50.0,0.26,0.13,0.00,0.00,0,0,Matches
2681,Lucas Vázquez,es ESP,DF,Real Madrid,es La Liga,32,1991,29,14,1419,15.8,3,6,9,3,0,0,0,0,0.19,0.38,0.57,0.19,0.57,Matches,2681,es ESP,DF,32,1991,15.8,3,12,7,58.3,0.76,0.44,0.25,0.43,0,0,Matches
2682,Matías Vecino,uy URU,MF,Lazio,it Serie A,31,1991,31,8,1153,12.8,6,1,7,6,0,0,8,0,0.47,0.08,0.55,0.47,0.55,Matches,2682,uy URU,MF,31,1991,12.8,6,33,11,33.3,2.58,0.86,0.18,0.55,0,0,Matches
2686,Miloš Veljković,rs SRB,DF,Werder Bremen,de Bundesliga,27,1995,23,21,1920,21.3,2,1,3,2,0,0,2,0,0.09,0.05,0.14,0.09,0.14,Matches,2686,rs SRB,DF,27,1995,21.3,2,6,3,50.0,0.28,0.14,0.33,0.67,0,0,Matches
2687,Joël Veltman,nl NED,DF,Brighton,eng Premier League,31,1992,27,17,1588,17.6,1,1,2,1,0,0,4,0,0.06,0.06,0.11,0.06,0.11,Matches,2687,nl NED,DF,31,1992,17.6,1,6,3,50.0,0.34,0.17,0.17,0.33,0,0,Matches
2688,Micky van de Ven,nl NED,DF,Tottenham,eng Premier League,22,2001,27,27,2339,26.0,3,0,3,3,0,0,5,0,0.12,0.00,0.12,0.12,0.12,Matches,2688,nl NED,DF,22,2001,26.0,3,8,3,37.5,0.31,0.12,0.38,1.00,0,0,Matches
2690,Bart Verbruggen,nl NED,GK,Brighton,eng Premier League,20,2002,21,21,1890,21.0,0,0,0,0,0,0,3,0,0.00,0.00,0.00,0.00,0.00,Matches,2690,nl NED,GK,20,2002,21.0,0,0,0,,0.00,0.00,,,0,0,Matches
2692,Jordan Veretout,fr FRA,MF,Marseille,fr Ligue 1,30,1993,29,24,2183,24.3,1,2,3,1,0,0,4,0,0.04,0.08,0.12,0.04,0.12,Matches,2692,fr FRA,MF,30,1993,24.3,1,36,9,25.0,1.48,0.37,0.03,0.11,0,0,Matches
2694,Yorbe Vertessen,be BEL,"FW,MF",Union Berlin,de Bundesliga,22,2001,13,7,593,6.6,3,2,5,3,0,0,1,0,0.46,0.30,0.76,0.46,0.76,Matches,2694,be BEL,"FW,MF",22,2001,6.6,3,24,9,37.5,3.64,1.37,0.13,0.33,0,0,Matches
2695,Mikel Vesga,es ESP,MF,Athletic Club,es La Liga,30,1993,27,18,1534,17.0,3,1,4,1,2,2,2,0,0.18,0.06,0.23,0.06,0.12,Matches,2695,es ESP,MF,30,1993,17.0,3,19,7,36.8,1.11,0.41,0.16,0.43,2,2,Matches
2696,Guglielmo Vicario,it ITA,GK,Tottenham,eng Premier League,26,1996,38,38,3420,38.0,0,0,0,0,0,0,2,0,0.00,0.00,0.00,0.00,0.00,Matches,2696,it ITA,GK,26,1996,38.0,0,0,0,,0.00,0.00,,,0,0,Matches
2697,Carlos Vicente,es ESP,MF,Alavés,es La Liga,24,1999,18,12,1114,12.4,2,4,6,2,0,0,1,0,0.16,0.32,0.48,0.16,0.48,Matches,2697,es ESP,MF,24,1999,12.4,2,15,8,53.3,1.21,0.65,0.13,0.25,0,0,Matches
2702,Jonathan Viera,es ESP,MF,Almería,es La Liga,33,1989,12,12,912,10.1,0,3,3,0,0,0,3,1,0.00,0.30,0.30,0.00,0.30,Matches,2702,es ESP,MF,33,1989,10.1,0,12,5,41.7,1.18,0.49,0.00,0.00,0,0,Matches
2703,Jonathan Viera,es ESP,"MF,FW",Las Palmas,es La Liga,33,1989,9,7,617,6.9,2,1,3,0,2,2,1,0,0.29,0.15,0.44,0.00,0.15,Matches,2703,es ESP,"MF,FW",33,1989,6.9,2,14,6,42.9,2.04,0.88,0.14,0.33,2,2,Matches
2706,Oscar Vilhelmsson,se SWE,FW,Darmstadt 98,de Bundesliga,19,2003,26,16,1374,15.3,4,1,5,4,0,0,2,0,0.26,0.07,0.33,0.26,0.33,Matches,2706,se SWE,FW,19,2003,15.3,4,28,11,39.3,1.83,0.72,0.14,0.36,0,0,Matches
2708,Asier Villalibre,es ESP,FW,Athletic Club,es La Liga,25,1997,18,4,513,5.7,2,1,3,2,0,0,0,0,0.35,0.18,0.53,0.35,0.53,Matches,2708,es ESP,FW,25,1997,5.7,2,12,6,50.0,2.11,1.05,0.17,0.33,0,0,Matches
2709,Gonzalo Villar,es ESP,MF,Granada,es La Liga,25,1998,35,21,1803,20.0,1,3,4,1,0,0,7,0,0.05,0.15,0.20,0.05,0.20,Matches,2709,es ESP,MF,25,1998,20.0,1,22,5,22.7,1.10,0.25,0.05,0.20,0,0,Matches
2710,Iván Villar,es ESP,GK,Celta Vigo,es La Liga,26,1997,12,12,1014,11.3,0,0,0,0,0,0,0,2,0.00,0.00,0.00,0.00,0.00,Matches,2710,es ESP,GK,26,1997,11.3,0,0,0,,0.00,0.00,,,0,0,Matches
2711,Matías Viña,uy URU,DF,Sassuolo,it Serie A,25,1997,15,13,1014,11.3,0,3,3,0,0,0,1,0,0.00,0.27,0.27,0.00,0.27,Matches,2711,uy URU,DF,25,1997,11.3,0,8,2,25.0,0.71,0.18,0.00,0.00,0,0,Matches
2714,Nicolas Viola,it ITA,"MF,FW",Cagliari,it Serie A,33,1989,26,11,1207,13.4,5,2,7,5,0,1,3,0,0.37,0.15,0.52,0.37,0.52,Matches,2714,it ITA,"MF,FW",33,1989,13.4,5,38,12,31.6,2.83,0.89,0.13,0.42,0,1,Matches
2716,Alan Virginius,fr FRA,"MF,FW",Clermont Foot,fr Ligue 1,20,2003,14,12,934,10.4,0,2,2,0,0,0,0,0,0.00,0.19,0.19,0.00,0.19,Matches,2716,fr FRA,"MF,FW",20,2003,10.4,0,10,6,60.0,0.96,0.58,0.00,0.00,0,0,Matches
2718,Mattia Viti,it ITA,DF,Sassuolo,it Serie A,21,2002,15,12,979,10.9,1,0,1,1,0,0,0,0,0.09,0.00,0.09,0.09,0.09,Matches,2718,it ITA,DF,21,2002,10.9,1,4,1,25.0,0.37,0.09,0.25,1.00,0,0,Matches
2719,Vitinha,pt POR,FW,Marseille,fr Ligue 1,23,2000,18,10,923,10.3,3,2,5,3,0,0,1,0,0.29,0.20,0.49,0.29,0.49,Matches,2719,pt POR,FW,23,2000,10.3,3,37,9,24.3,3.61,0.88,0.08,0.33,0,0,Matches
2721,Vitinha,pt POR,MF,PSG,fr Ligue 1,23,2000,28,23,2126,23.6,7,4,11,7,0,0,0,0,0.30,0.17,0.47,0.30,0.47,Matches,2721,pt POR,MF,23,2000,23.6,7,45,19,42.2,1.90,0.80,0.16,0.37,0,0,Matches
2722,Vitinho,br BRA,"DF,MF",Burnley,eng Premier League,24,1999,32,26,2314,25.7,0,2,2,0,0,0,1,0,0.00,0.08,0.08,0.00,0.08,Matches,2722,br BRA,"DF,MF",24,1999,25.7,0,25,4,16.0,0.97,0.16,0.00,0.00,0,0,Matches
2723,Daniel Vivian,es ESP,DF,Athletic Club,es La Liga,24,1999,33,31,2878,32.0,0,0,0,0,0,0,6,0,0.00,0.00,0.00,0.00,0.00,Matches,2723,es ESP,DF,24,1999,32.0,0,11,1,9.1,0.34,0.03,0.00,0.00,0,0,Matches
2725,Dušan Vlahović,rs SRB,FW,Juventus,it Serie A,23,2000,33,27,2307,25.6,16,4,20,14,2,4,8,1,0.62,0.16,0.78,0.55,0.70,Matches,2725,rs SRB,FW,23,2000,25.6,16,110,39,35.5,4.29,1.52,0.15,0.41,2,4,Matches
2726,Nikola Vlašić,hr CRO,MF,Torino,it Serie A,25,1997,33,30,2608,29.0,3,2,5,3,0,0,3,0,0.10,0.07,0.17,0.10,0.17,Matches,2726,hr CRO,MF,25,1997,29.0,3,46,11,23.9,1.59,0.38,0.07,0.27,0,0,Matches
2727,Alessandro Vogliacco,it ITA,DF,Genoa,it Serie A,24,1998,20,14,1169,13.0,0,1,1,0,0,0,4,0,0.00,0.08,0.08,0.00,0.08,Matches,2727,it ITA,DF,24,1998,13.0,0,5,0,0.0,0.38,0.00,0.00,,0,0,Matches
2728,Kevin Vogt,de GER,DF,Hoffenheim,de Bundesliga,31,1991,16,14,1319,14.7,0,0,0,0,0,0,2,0,0.00,0.00,0.00,0.00,0.00,Matches,2728,de GER,DF,31,1991,14.7,0,2,1,50.0,0.14,0.07,0.00,0.00,0,0,Matches
2729,Kevin Vogt,de GER,DF,Union Berlin,de Bundesliga,31,1991,16,16,1323,14.7,0,0,0,0,0,0,5,0,0.00,0.00,0.00,0.00,0.00,Matches,2729,de GER,DF,31,1991,14.7,0,1,0,0.0,0.07,0.00,0.00,,0,0,Matches
2730,Mërgim Vojvoda,xk KVX,"MF,DF",Torino,it Serie A,28,1995,28,15,1379,15.3,0,3,3,0,0,0,3,0,0.00,0.20,0.20,0.00,0.20,Matches,2730,xk KVX,"MF,DF",28,1995,15.3,0,9,4,44.4,0.59,0.26,0.00,0.00,0,0,Matches
2731,Kevin Volland,de GER,"FW,MF",Union Berlin,de Bundesliga,31,1992,26,17,1345,14.9,3,4,7,1,2,3,3,2,0.20,0.27,0.47,0.07,0.33,Matches,2731,de GER,"FW,MF",31,1992,14.9,3,36,14,38.9,2.41,0.94,0.08,0.21,2,3,Matches
2732,Cristian Volpato,au AUS,"MF,FW",Sassuolo,it Serie A,19,2003,22,5,645,7.2,1,0,1,1,0,0,1,0,0.14,0.00,0.14,0.14,0.14,Matches,2732,au AUS,"MF,FW",19,2003,7.2,1,12,7,58.3,1.67,0.98,0.08,0.14,0,0,Matches
2733,Aster Vranckx,be BEL,MF,Wolfsburg,de Bundesliga,20,2002,24,12,1153,12.8,0,0,0,0,0,0,6,0,0.00,0.00,0.00,0.00,0.00,Matches,2733,be BEL,MF,20,2002,12.8,0,4,2,50.0,0.31,0.16,0.00,0.00,0,0,Matches
2734,Stefan de Vrij,nl NED,DF,Inter,it Serie A,31,1992,25,17,1586,17.6,1,0,1,1,0,0,0,0,0.06,0.00,0.06,0.06,0.06,Matches,2734,nl NED,DF,31,1992,17.6,1,10,3,30.0,0.57,0.17,0.10,0.33,0,0,Matches
2736,Elye Wahi,ci CIV,FW,Lens,fr Ligue 1,20,2003,27,20,1692,18.8,9,3,12,8,1,1,10,1,0.48,0.16,0.64,0.43,0.59,Matches,2736,ci CIV,FW,20,2003,18.8,9,60,32,53.3,3.19,1.70,0.15,0.28,1,1,Matches
2737,Walace,br BRA,MF,Udinese,it Serie A,28,1995,37,37,3238,36.0,2,0,2,2,0,0,7,0,0.06,0.00,0.06,0.06,0.06,Matches,2737,br BRA,MF,28,1995,36.0,2,27,9,33.3,0.75,0.25,0.07,0.22,0,0,Matches
2738,Luca Waldschmidt,de GER,MF,Köln,de Bundesliga,27,1996,22,14,1146,12.7,3,0,3,3,0,1,0,0,0.24,0.00,0.24,0.24,0.24,Matches,2738,de GER,MF,27,1996,12.7,3,43,16,37.2,3.38,1.26,0.07,0.19,0,1,Matches
2739,Kyle Walker,eng ENG,"DF,MF",Manchester City,eng Premier League,33,1990,32,30,2767,30.7,0,4,4,0,0,0,2,0,0.00,0.13,0.13,0.00,0.13,Matches,2739,eng ENG,"DF,MF",33,1990,30.7,0,16,3,18.8,0.52,0.10,0.00,0.00,0,0,Matches
2740,Sebastian Walukiewicz,pl POL,DF,Empoli,it Serie A,23,2000,27,23,2055,22.8,0,0,0,0,0,0,6,0,0.00,0.00,0.00,0.00,0.00,Matches,2740,pl POL,DF,23,2000,22.8,0,4,2,50.0,0.18,0.09,0.00,0.00,0,0,Matches
2741,Aaron Wan-Bissaka,cd COD,DF,Manchester Utd,eng Premier League,25,1997,22,20,1780,19.8,0,2,2,0,0,0,4,0,0.00,0.10,0.10,0.00,0.10,Matches,2741,cd COD,DF,25,1997,19.8,0,3,1,33.3,0.15,0.05,0.00,0.00,0,0,Matches
2742,Joel Ward,eng ENG,DF,Crystal Palace,eng Premier League,33,1989,26,23,1980,22.0,0,1,1,0,0,0,4,0,0.00,0.05,0.05,0.00,0.05,Matches,2742,eng ENG,DF,33,1989,22.0,0,10,0,0.0,0.45,0.00,0.00,,0,0,Matches
2743,James Ward-Prowse,eng ENG,MF,West Ham,eng Premier League,28,1994,37,34,3001,33.3,7,7,14,5,2,2,4,0,0.21,0.21,0.42,0.15,0.36,Matches,2743,eng ENG,MF,28,1994,33.3,7,44,18,40.9,1.32,0.54,0.16,0.39,2,2,Matches
2747,Ollie Watkins,eng ENG,FW,Aston Villa,eng Premier League,27,1995,37,37,3217,35.7,19,13,32,19,0,0,4,0,0.53,0.36,0.90,0.53,0.90,Matches,2747,eng ENG,FW,27,1995,35.7,19,106,46,43.4,2.97,1.29,0.18,0.41,0,0,Matches
2748,Timothy Weah,us USA,MF,Juventus,it Serie A,23,2000,30,12,1258,14.0,0,1,1,0,0,0,5,0,0.00,0.07,0.07,0.00,0.07,Matches,2748,us USA,MF,23,2000,14.0,0,12,2,16.7,0.86,0.14,0.00,0.00,0,0,Matches
2749,Adam Webster,eng ENG,DF,Brighton,eng Premier League,28,1995,15,13,1144,12.7,0,0,0,0,0,0,2,0,0.00,0.00,0.00,0.00,0.00,Matches,2749,eng ENG,DF,28,1995,12.7,0,8,1,12.5,0.63,0.08,0.00,0.00,0,0,Matches
2750,Wout Weghorst,nl NED,FW,Hoffenheim,de Bundesliga,30,1992,28,24,1977,22.0,7,3,10,6,1,1,4,0,0.32,0.14,0.46,0.27,0.41,Matches,2750,nl NED,FW,30,1992,22.0,7,39,15,38.5,1.78,0.68,0.18,0.47,1,1,Matches
2751,Julian Weigl,de GER,MF,Gladbach,de Bundesliga,27,1995,31,31,2764,30.7,2,3,5,0,2,2,10,0,0.07,0.10,0.16,0.00,0.10,Matches,2751,de GER,MF,27,1995,30.7,2,19,6,31.6,0.62,0.20,0.11,0.33,2,2,Matches
2753,Mitchell Weiser,de GER,MF,Werder Bremen,de Bundesliga,29,1994,30,30,2636,29.3,3,7,10,3,0,0,5,0,0.10,0.24,0.34,0.10,0.34,Matches,2753,de GER,MF,29,1994,29.3,3,44,13,29.5,1.50,0.44,0.07,0.23,0,0,Matches
2754,Noah Weißhaupt,de GER,MF,Freiburg,de Bundesliga,21,2001,24,6,759,8.4,1,2,3,1,0,0,1,0,0.12,0.24,0.36,0.12,0.36,Matches,2754,de GER,MF,21,2001,8.4,1,4,1,25.0,0.47,0.12,0.25,1.00,0,0,Matches
2757,Danny Welbeck,eng ENG,"FW,MF",Brighton,eng Premier League,32,1990,29,21,1693,18.8,5,1,6,5,0,0,4,0,0.27,0.05,0.32,0.27,0.32,Matches,2757,eng ENG,"FW,MF",32,1990,18.8,5,41,16,39.0,2.18,0.85,0.12,0.31,0,0,Matches
2758,Timo Werner,de GER,"MF,FW",Tottenham,eng Premier League,27,1996,13,10,809,9.0,2,3,5,2,0,0,1,0,0.22,0.33,0.56,0.22,0.56,Matches,2758,de GER,"MF,FW",27,1996,9.0,2,29,7,24.1,3.23,0.78,0.07,0.29,0,0,Matches
2760,Adam Wharton,eng ENG,MF,Crystal Palace,eng Premier League,19,2004,16,15,1297,14.4,0,3,3,0,0,0,2,0,0.00,0.21,0.21,0.00,0.21,Matches,2760,eng ENG,MF,19,2004,14.4,0,10,1,10.0,0.69,0.07,0.00,0.00,0,0,Matches
2762,Ben White,eng ENG,DF,Arsenal,eng Premier League,25,1997,37,35,2988,33.2,4,4,8,4,0,0,8,0,0.12,0.12,0.24,0.12,0.24,Matches,2762,eng ENG,DF,25,1997,33.2,4,13,8,61.5,0.39,0.24,0.31,0.50,0,0,Matches
2764,Silvan Widmer,ch SUI,"MF,DF",Mainz 05,de Bundesliga,30,1993,20,13,1242,13.8,1,3,4,1,0,0,4,0,0.07,0.22,0.29,0.07,0.29,Matches,2764,ch SUI,"MF,DF",30,1993,13.8,1,14,3,21.4,1.01,0.22,0.07,0.33,0,0,Matches
2765,Mateusz Wieteska,pl POL,DF,Cagliari,it Serie A,26,1997,19,10,965,10.7,0,1,1,0,0,0,5,1,0.00,0.09,0.09,0.00,0.09,Matches,2765,pl POL,DF,26,1997,10.7,0,4,0,0.0,0.37,0.00,0.00,,0,0,Matches
2767,Iñaki Williams,gh GHA,MF,Athletic Club,es La Liga,29,1994,34,32,2844,31.6,12,3,15,12,0,0,4,0,0.38,0.09,0.47,0.38,0.47,Matches,2767,gh GHA,MF,29,1994,31.6,12,93,43,46.2,2.94,1.36,0.13,0.28,0,0,Matches
2768,Neco Williams,wls WAL,"DF,MF",Nottingham,eng Premier League,22,2001,26,18,1637,18.2,0,1,1,0,0,0,4,0,0.00,0.05,0.05,0.00,0.05,Matches,2768,wls WAL,"DF,MF",22,2001,18.2,0,15,4,26.7,0.82,0.22,0.00,0.00,0,0,Matches
2769,Nico Williams,es ESP,MF,Athletic Club,es La Liga,21,2002,31,29,2263,25.1,5,11,16,5,0,0,6,1,0.20,0.44,0.64,0.20,0.64,Matches,2769,es ESP,MF,21,2002,25.1,5,56,19,33.9,2.23,0.76,0.09,0.26,0,0,Matches
2770,Willian,br BRA,"MF,FW",Fulham,eng Premier League,34,1988,31,24,2053,22.8,4,2,6,2,2,2,1,0,0.18,0.09,0.26,0.09,0.18,Matches,2770,br BRA,"MF,FW",34,1988,22.8,4,45,18,40.0,1.97,0.79,0.09,0.22,2,2,Matches
2772,Callum Wilson,eng ENG,FW,Newcastle,eng Premier League,31,1992,20,9,991,11.0,9,1,10,7,2,2,3,0,0.82,0.09,0.91,0.64,0.73,Matches,2772,eng ENG,FW,31,1992,11.0,9,35,21,60.0,3.18,1.91,0.26,0.43,2,2,Matches
2773,Harry Wilson,wls WAL,"MF,FW",Fulham,eng Premier League,26,1997,35,16,1620,18.0,4,6,10,4,0,0,6,0,0.22,0.33,0.56,0.22,0.56,Matches,2773,wls WAL,"MF,FW",26,1997,18.0,4,40,13,32.5,2.22,0.72,0.10,0.31,0,0,Matches
2775,Patrick Wimmer,at AUT,"MF,FW",Wolfsburg,de Bundesliga,22,2001,14,8,589,6.5,2,0,2,2,0,0,3,1,0.31,0.00,0.31,0.31,0.31,Matches,2775,at AUT,"MF,FW",22,2001,6.5,2,10,4,40.0,1.53,0.61,0.20,0.50,0,0,Matches
2776,Jonas Wind,dk DEN,FW,Wolfsburg,de Bundesliga,24,1999,34,31,2651,29.5,11,7,18,11,0,1,3,0,0.37,0.24,0.61,0.37,0.61,Matches,2776,dk DEN,FW,24,1999,29.5,11,73,35,47.9,2.48,1.19,0.15,0.31,0,1,Matches
2777,Florian Wirtz,de GER,MF,Leverkusen,de Bundesliga,20,2003,32,26,2372,26.4,11,11,22,10,1,1,3,0,0.42,0.42,0.83,0.38,0.80,Matches,2777,de GER,MF,20,2003,26.4,11,71,34,47.9,2.69,1.29,0.15,0.32,1,1,Matches
2778,Yoane Wissa,cd COD,FW,Brentford,eng Premier League,26,1996,34,29,2493,27.7,12,3,15,12,0,0,7,0,0.43,0.11,0.54,0.43,0.54,Matches,2778,cd COD,FW,26,1996,27.7,12,67,26,38.8,2.42,0.94,0.18,0.46,0,0,Matches
2779,Axel Witsel,be BEL,DF,Atlético Madrid,es La Liga,34,1989,35,30,2783,30.9,2,0,2,2,0,0,5,0,0.06,0.00,0.06,0.06,0.06,Matches,2779,be BEL,DF,34,1989,30.9,2,7,3,42.9,0.23,0.10,0.29,0.67,0,0,Matches
2780,Maximilian Wittek,de GER,"MF,DF",Bochum,de Bundesliga,27,1995,21,13,1070,11.9,3,1,4,3,0,0,4,0,0.25,0.08,0.34,0.25,0.34,Matches,2780,de GER,"MF,DF",27,1995,11.9,3,26,8,30.8,2.19,0.67,0.12,0.38,0,0,Matches
2781,Maximilian Wöber,at AUT,DF,Gladbach,de Bundesliga,25,1998,25,24,2066,23.0,2,3,5,2,0,0,4,1,0.09,0.13,0.22,0.09,0.22,Matches,2781,at AUT,DF,25,1998,23.0,2,19,3,15.8,0.83,0.13,0.11,0.67,0,0,Matches
2782,Marius Wolf,de GER,DF,Dortmund,de Bundesliga,28,1995,22,12,1166,13.0,0,1,1,0,0,0,2,0,0.00,0.08,0.08,0.00,0.08,Matches,2782,de GER,DF,28,1995,13.0,0,9,1,11.1,0.69,0.08,0.00,0.00,0,0,Matches
2783,Nick Woltemade,de GER,"FW,MF",Werder Bremen,de Bundesliga,21,2002,30,12,1189,13.2,2,0,2,2,0,0,1,0,0.15,0.00,0.15,0.15,0.15,Matches,2783,de GER,"FW,MF",21,2002,13.2,2,22,6,27.3,1.67,0.45,0.09,0.33,0,0,Matches
2784,Jeong Woo-yeong,kr KOR,MF,Stuttgart,de Bundesliga,23,1999,26,5,633,7.0,2,3,5,2,0,0,1,0,0.28,0.43,0.71,0.28,0.71,Matches,2784,kr KOR,MF,23,1999,7.0,2,18,8,44.4,2.56,1.14,0.11,0.25,0,0,Matches
2785,Chris Wood,nz NZL,FW,Nottingham,eng Premier League,31,1991,31,20,1812,20.1,14,1,15,14,0,0,0,0,0.70,0.05,0.75,0.70,0.75,Matches,2785,nz NZL,FW,31,1991,20.1,14,48,26,54.2,2.38,1.29,0.29,0.54,0,0,Matches
2787,Christopher Wooh,cm CMR,DF,Rennes,fr Ligue 1,21,2001,18,15,1388,15.4,1,0,1,1,0,0,3,1,0.06,0.00,0.06,0.06,0.06,Matches,2787,cm CMR,DF,21,2001,15.4,1,10,2,20.0,0.65,0.13,0.10,0.50,0,0,Matches
2790,Granit Xhaka,ch SUI,MF,Leverkusen,de Bundesliga,30,1992,33,32,2821,31.3,3,0,3,3,0,0,5,0,0.10,0.00,0.10,0.10,0.10,Matches,2790,ch SUI,MF,30,1992,31.3,3,45,14,31.1,1.44,0.45,0.07,0.21,0,0,Matches
2792,Lamine Yamal,es ESP,"FW,MF",Barcelona,es La Liga,16,2007,37,22,2201,24.5,5,5,10,5,0,0,3,0,0.20,0.20,0.41,0.20,0.41,Matches,2792,es ESP,"FW,MF",16,2007,24.5,5,58,21,36.2,2.37,0.86,0.09,0.24,0,0,Matches
2793,Roman Yaremchuk,ua UKR,FW,Valencia,es La Liga,27,1995,25,11,928,10.3,3,0,3,3,0,0,2,0,0.29,0.00,0.29,0.29,0.29,Matches,2793,ua UKR,FW,27,1995,10.3,3,18,9,50.0,1.75,0.87,0.17,0.33,0,0,Matches
2794,Yehor Yarmoliuk,ua UKR,MF,Brentford,eng Premier League,19,2004,27,6,688,7.6,0,0,0,0,0,0,2,0,0.00,0.00,0.00,0.00,0.00,Matches,2794,ua UKR,MF,19,2004,7.6,0,11,5,45.5,1.44,0.65,0.00,0.00,0,0,Matches
2795,Ryan Yates,eng ENG,MF,Nottingham,eng Premier League,25,1997,35,21,1992,22.1,1,1,2,1,0,0,6,0,0.05,0.05,0.09,0.05,0.09,Matches,2795,eng ENG,MF,25,1997,22.1,1,32,7,21.9,1.45,0.32,0.03,0.14,0,0,Matches
2796,Yusuf Yazıcı,tr TUR,"MF,FW",Lille,fr Ligue 1,26,1997,27,16,1312,14.6,5,2,7,5,0,0,5,0,0.34,0.14,0.48,0.34,0.48,Matches,2796,tr TUR,"MF,FW",26,1997,14.6,5,40,14,35.0,2.74,0.96,0.13,0.36,0,0,Matches
2799,Kenan Yıldız,tr TUR,FW,Juventus,it Serie A,18,2005,27,9,952,10.6,2,0,2,2,0,0,3,0,0.19,0.00,0.19,0.19,0.19,Matches,2799,tr TUR,FW,18,2005,10.6,2,19,7,36.8,1.80,0.66,0.11,0.29,0,0,Matches
2800,Darlin Yongwa,cm CMR,"MF,DF",Lorient,fr Ligue 1,22,2000,22,11,1159,12.9,1,1,2,1,0,0,3,0,0.08,0.08,0.16,0.08,0.16,Matches,2800,cm CMR,"MF,DF",22,2000,12.9,1,15,5,33.3,1.16,0.39,0.07,0.20,0,0,Matches
2801,Leny Yoro,fr FRA,DF,Lille,fr Ligue 1,17,2005,32,30,2673,29.7,2,0,2,2,0,0,5,0,0.07,0.00,0.07,0.07,0.07,Matches,2801,fr FRA,DF,17,2005,29.7,2,14,8,57.1,0.47,0.27,0.14,0.25,0,0,Matches
2802,Ashley Young,eng ENG,"DF,MF",Everton,eng Premier League,38,1985,31,27,2280,25.3,0,0,0,0,0,0,7,1,0.00,0.00,0.00,0.00,0.00,Matches,2802,eng ENG,"DF,MF",38,1985,25.3,0,13,2,15.4,0.51,0.08,0.00,0.00,0,0,Matches
2803,Etienne Youte Kinkoue,fr FRA,DF,Le Havre,fr Ligue 1,21,2002,22,22,1941,21.6,0,0,0,0,0,0,1,0,0.00,0.00,0.00,0.00,0.00,Matches,2803,fr FRA,DF,21,2002,21.6,0,6,0,0.0,0.28,0.00,0.00,,0,0,Matches
2804,Illia Zabarnyi,ua UKR,DF,Bournemouth,eng Premier League,20,2002,37,37,3330,37.0,1,0,1,1,0,0,5,0,0.03,0.00,0.03,0.03,0.03,Matches,2804,ua UKR,DF,20,2002,37.0,1,8,3,37.5,0.22,0.08,0.13,0.33,0,0,Matches
2805,Mattia Zaccagni,it ITA,"FW,MF",Lazio,it Serie A,28,1995,28,24,1956,21.7,6,1,7,6,0,0,8,0,0.28,0.05,0.32,0.28,0.32,Matches,2805,it ITA,"FW,MF",28,1995,21.7,6,42,13,31.0,1.93,0.60,0.14,0.46,0,0,Matches
2806,Dan-Axel Zagadou,fr FRA,DF,Stuttgart,de Bundesliga,24,1999,19,16,1453,16.1,1,0,1,1,0,0,1,0,0.06,0.00,0.06,0.06,0.06,Matches,2806,fr FRA,DF,24,1999,16.1,1,11,2,18.2,0.68,0.12,0.09,0.50,0,0,Matches
2808,Warren Zaïre-Emery,fr FRA,"MF,DF",PSG,fr Ligue 1,17,2006,26,21,1962,21.8,2,3,5,2,0,0,4,0,0.09,0.14,0.23,0.09,0.23,Matches,2808,fr FRA,"MF,DF",17,2006,21.8,2,14,4,28.6,0.64,0.18,0.14,0.50,0,0,Matches
2809,Denis Zakaria,ch SUI,"MF,DF",Monaco,fr Ligue 1,26,1996,25,24,2137,23.7,4,0,4,4,0,0,13,2,0.17,0.00,0.17,0.17,0.17,Matches,2809,ch SUI,"MF,DF",26,1996,23.7,4,26,10,38.5,1.09,0.42,0.15,0.40,0,0,Matches
2810,Arsen Zakharyan,ru RUS,"MF,FW",Real Sociedad,es La Liga,20,2003,29,15,1228,13.6,1,2,3,1,0,0,1,0,0.07,0.15,0.22,0.07,0.22,Matches,2810,ru RUS,"MF,FW",20,2003,13.6,1,33,9,27.3,2.42,0.66,0.03,0.11,0,0,Matches
2811,Joseba Zaldúa,es ESP,"DF,MF",Cádiz,es La Liga,31,1992,13,9,704,7.8,0,0,0,0,0,0,3,0,0.00,0.00,0.00,0.00,0.00,Matches,2811,es ESP,"DF,MF",31,1992,7.8,0,1,0,0.0,0.13,0.00,0.00,,0,0,Matches
2812,Nicola Zalewski,pl POL,"MF,FW",Roma,it Serie A,21,2002,22,10,968,10.8,0,1,1,0,0,0,3,1,0.00,0.09,0.09,0.00,0.09,Matches,2812,pl POL,"MF,FW",21,2002,10.8,0,16,1,6.3,1.49,0.09,0.00,0.00,0,0,Matches
2813,Nicolò Zaniolo,it ITA,"MF,FW",Aston Villa,eng Premier League,24,1999,25,9,839,9.3,2,0,2,2,0,0,7,0,0.21,0.00,0.21,0.21,0.21,Matches,2813,it ITA,"MF,FW",24,1999,9.3,2,27,10,37.0,2.90,1.07,0.07,0.20,0,0,Matches
2814,Alessandro Zanoli,it ITA,"MF,DF",Salernitana,it Serie A,22,2000,17,10,921,10.2,0,2,2,0,0,0,3,0,0.00,0.20,0.20,0.00,0.20,Matches,2814,it ITA,"MF,DF",22,2000,10.2,0,3,1,33.3,0.29,0.10,0.00,0.00,0,0,Matches
2816,Duván Zapata,co COL,FW,Torino,it Serie A,32,1991,35,34,2880,32.0,12,4,16,12,0,0,2,0,0.37,0.12,0.50,0.37,0.50,Matches,2816,co COL,FW,32,1991,32.0,12,99,38,38.4,3.09,1.19,0.12,0.32,0,0,Matches
2818,Gabriele Zappa,it ITA,"DF,MF",Cagliari,it Serie A,23,1999,38,25,2561,28.5,1,3,4,1,0,0,2,0,0.04,0.11,0.14,0.04,0.14,Matches,2818,it ITA,"DF,MF",23,1999,28.5,1,19,6,31.6,0.67,0.21,0.05,0.17,0,0,Matches
2819,Davide Zappacosta,it ITA,MF,Atalanta,it Serie A,31,1992,31,23,1867,20.7,2,1,3,2,0,0,5,0,0.10,0.05,0.14,0.10,0.14,Matches,2819,it ITA,MF,31,1992,20.7,2,37,10,27.0,1.78,0.48,0.05,0.20,0,0,Matches
2821,Bryan Zaragoza,es ESP,"MF,FW",Granada,es La Liga,21,2001,21,18,1638,18.2,6,2,8,5,1,1,5,0,0.33,0.11,0.44,0.27,0.38,Matches,2821,es ESP,"MF,FW",21,2001,18.2,6,33,19,57.6,1.81,1.04,0.18,0.32,1,1,Matches
2824,Mehdi Zeffane,dz ALG,"MF,DF",Clermont Foot,fr Ligue 1,31,1992,23,15,1231,13.7,0,0,0,0,0,0,2,0,0.00,0.00,0.00,0.00,0.00,Matches,2824,dz ALG,"MF,DF",31,1992,13.7,0,19,1,5.3,1.39,0.07,0.00,0.00,0,0,Matches
2825,Jordan Zemura,zw ZIM,MF,Udinese,it Serie A,23,1999,27,10,1038,11.5,1,0,1,1,0,0,1,0,0.09,0.00,0.09,0.09,0.09,Matches,2825,zw ZIM,MF,23,1999,11.5,1,5,3,60.0,0.43,0.26,0.20,0.33,0,0,Matches
2826,Robin Zentner,de GER,GK,Mainz 05,de Bundesliga,28,1994,30,30,2700,30.0,0,0,0,0,0,0,3,0,0.00,0.00,0.00,0.00,0.00,Matches,2826,de GER,GK,28,1994,30.0,0,1,0,0.0,0.03,0.00,0.00,,0,0,Matches
2827,Alessio Zerbin,it ITA,MF,Monza,it Serie A,24,1999,13,7,684,7.6,0,1,1,0,0,0,2,1,0.00,0.13,0.13,0.00,0.13,Matches,2827,it ITA,MF,24,1999,7.6,0,6,2,33.3,0.79,0.26,0.00,0.00,0,0,Matches
2830,Cedric Zesiger,ch SUI,DF,Wolfsburg,de Bundesliga,25,1998,23,18,1634,18.2,0,0,0,0,0,0,5,0,0.00,0.00,0.00,0.00,0.00,Matches,2830,ch SUI,DF,25,1998,18.2,0,16,2,12.5,0.88,0.11,0.00,0.00,0,0,Matches
2831,Michael Zetterer,de GER,GK,Werder Bremen,de Bundesliga,28,1995,27,27,2430,27.0,0,0,0,0,0,0,2,0,0.00,0.00,0.00,0.00,0.00,Matches,2831,de GER,GK,28,1995,27.0,0,1,0,0.0,0.04,0.00,0.00,,0,0,Matches
2832,Nathan Zeze,fr FRA,DF,Nantes,fr Ligue 1,18,2005,13,11,1022,11.4,0,0,0,0,0,0,1,0,0.00,0.00,0.00,0.00,0.00,Matches,2832,fr FRA,DF,18,2005,11.4,0,3,0,0.0,0.26,0.00,0.00,,0,0,Matches
2833,Edon Zhegrova,xk KVX,"MF,FW",Lille,fr Ligue 1,24,1999,33,25,2288,25.4,6,6,12,6,0,0,3,1,0.24,0.24,0.47,0.24,0.47,Matches,2833,xk KVX,"MF,FW",24,1999,25.4,6,82,29,35.4,3.23,1.14,0.07,0.21,0,0,Matches
2834,Piotr Zieliński,pl POL,MF,Napoli,it Serie A,29,1994,28,23,1924,21.4,3,2,5,2,1,1,1,0,0.14,0.09,0.23,0.09,0.19,Matches,2834,pl POL,MF,29,1994,21.4,3,30,9,30.0,1.40,0.42,0.10,0.33,1,1,Matches
2836,Christoph Zimmermann,de GER,DF,Darmstadt 98,de Bundesliga,30,1993,19,12,1220,13.6,0,0,0,0,0,0,5,0,0.00,0.00,0.00,0.00,0.00,Matches,2836,de GER,DF,30,1993,13.6,0,4,1,25.0,0.30,0.07,0.00,0.00,0,0,Matches
2837,Oleksandr Zinchenko,ua UKR,DF,Arsenal,eng Premier League,26,1996,27,20,1722,19.1,1,2,3,1,0,0,2,0,0.05,0.10,0.16,0.05,0.16,Matches,2837,ua UKR,DF,26,1996,19.1,1,17,3,17.6,0.89,0.16,0.06,0.33,0,0,Matches
2838,Joshua Zirkzee,nl NED,FW,Bologna,it Serie A,22,2001,34,32,2759,30.7,11,4,15,9,2,2,8,0,0.36,0.13,0.49,0.29,0.42,Matches,2838,nl NED,FW,22,2001,30.7,11,86,31,36.0,2.81,1.01,0.13,0.35,2,2,Matches
2841,Nadir Zortea,it ITA,"MF,DF",Frosinone,it Serie A,24,1999,14,14,1258,14.0,1,5,6,1,0,0,3,0,0.07,0.36,0.43,0.07,0.43,Matches,2841,it ITA,"MF,DF",24,1999,14.0,1,10,5,50.0,0.72,0.36,0.10,0.20,0,0,Matches
2843,Kurt Zouma,fr FRA,DF,West Ham,eng Premier League,28,1994,33,32,2838,31.5,3,0,3,3,0,0,3,0,0.10,0.00,0.10,0.10,0.10,Matches,2843,fr FRA,DF,28,1994,31.5,3,16,7,43.8,0.51,0.22,0.19,0.43,0,0,Matches
2844,Igor Zubeldia,es ESP,DF,Real Sociedad,es La Liga,26,1997,30,29,2518,28.0,0,2,2,0,0,0,11,1,0.00,0.07,0.07,0.00,0.07,Matches,2844,es ESP,DF,26,1997,28.0,0,12,0,0.0,0.43,0.00,0.00,,0,0,Matches
2845,Martín Zubimendi,es ESP,MF,Real Sociedad,es La Liga,24,1999,31,29,2654,29.5,4,1,5,4,0,0,5,0,0.14,0.03,0.17,0.14,0.17,Matches,2845,es ESP,MF,24,1999,29.5,4,22,11,50.0,0.75,0.37,0.18,0.36,0,0,Matches
2846,Szymon Żurkowski,pl POL,MF,Empoli,it Serie A,25,1997,13,10,868,9.6,4,0,4,4,0,0,4,0,0.41,0.00,0.41,0.41,0.41,Matches,2846,pl POL,MF,25,1997,9.6,4,16,6,37.5,1.66,0.62,0.25,0.67,0,0,Matches
2848,Martin Ødegaard,no NOR,MF,Arsenal,eng Premier League,24,1998,35,35,3091,34.3,8,10,18,6,2,2,2,0,0.23,0.29,0.52,0.17,0.47,Matches,2848,no NOR,MF,24,1998,34.3,8,77,23,29.9,2.24,0.67,0.10,0.35,2,2,Matches
2849,Leo Østigård,no NOR,DF,Napoli,it Serie A,23,1999,25,18,1625,18.1,1,0,1,1,0,0,3,0,0.06,0.00,0.06,0.06,0.06,Matches,2849,no NOR,DF,23,1999,18.1,1,7,1,14.3,0.39,0.06,0.14,1.00,0,0,Matches
2850,Milan Đurić,ba BIH,FW,Hellas Verona,it Serie A,33,1990,20,13,1204,13.4,5,1,6,4,1,3,2,0,0.37,0.07,0.45,0.30,0.37,Matches,2850,ba BIH,FW,33,1990,13.4,5,25,15,60.0,1.87,1.12,0.20,0.33,1,3,Matches
2851,Milan Đurić,ba BIH,FW,Monza,it Serie A,33,1990,17,13,1257,14.0,4,1,5,4,0,0,2,0,0.29,0.07,0.36,0.29,0.36,Matches,2851,ba BIH,FW,33,1990,14.0,4,26,6,23.1,1.86,0.43,0.15,0.67,0,0,Matches
2852,Mateusz Łęgowski,pl POL,MF,Salernitana,it Serie A,20,2003,29,10,1145,12.7,0,0,0,0,0,0,3,0,0.00,0.00,0.00,0.00,0.00,Matches,2852,pl POL,MF,20,2003,12.7,0,7,1,14.3,0.55,0.08,0.00,0.00,0,0,Matches
