pkey,min,n_seasons,gls_per90,ast_per90,xg_per90,xag_per90,sh_per90,sot_per90,prgc_per90,prgp_per90,tkl_per90,int_per90,clr_per90,blk_per90,aer_won_per90,saves_per90,psxg_net_per90,has_advanced,player,squad,league,age,born,pos_full,last_season,adv_last_season,match_score,match_method,tm_match_name,tm_club,dob,actual_value_m,age_clean,contract_years_left,pos_clean,raw_pos,fb_name,predicted_value_m,pred_value_low_m,pred_value_high_m,surplus_value_m,surplus_log,surplus_pct,league_Bundesliga,league_La Liga,league_Ligue 1,league_Premier League,league_Serie A,pos_clean_CAM,pos_clean_CB,pos_clean_CDM,pos_clean_CM,pos_clean_FULLBACK,pos_clean_GK,pos_clean_ST,pos_clean_WINGER
aaron escandell|1995,3677.0,3,0.0,0.026830337571240682,0.0,,0.0,0.0,0.0,0.0,0.0,0.0,0.7866323907455013,0.0,,3.936168347216133,,0,Aarón Escandell,Oviedo,La Liga,29.0,1995.0,GK,2025-2026,,100.0,exact,Aarón Escandell,Real Oviedo,1995-09-27,3.0,31.0,0.7529089664613279,GK,GK,Aarón Escandell,1.83,1.0,3.59,-1.17,-0.3444,-29.1,0,1,0,0,0,0,0,0,0,0,1,0,0
aaron hickey|2002,6294.0,5,0.02467984753338635,0.017275893273370445,0.023293432546101587,,0.7066862468906404,0.13043478260869565,1.6638166104358276,2.903359985210519,1.7719646901141564,0.8539227246551677,1.4059250358182742,0.935896843370153,,0.0,,0,Aaron Hickey,Brentford,Premier League,24.0,2002.0,"DF,MF",2026-2027,,100.0,exact,Aaron Hickey,Brentford FC,2002-06-10,16.0,24.3,1.754962354551677,FULLBACK,"DF,MF",Aaron Hickey,16.46,9.25,31.47,0.46,0.0267,2.7,0,0,0,1,0,0,0,0,0,1,0,0,0
aaron martin|1997,10875.0,6,0.03759255743307386,0.18369090563888363,0.03596851058695783,0.16045380875202592,0.4947552447552448,0.14070377945985382,1.4808167943536223,2.7865415937745066,1.9409422694094225,0.5579077273590278,1.7767086927670872,0.9433250889787054,0.5834683954619124,0.0,,1,Aarón Martín,Racing Sant,La Liga,29.0,1997.0,"MF,DF",2026-2027,2024-2025,100.0,exact,Aarón Martín,Genoa CFC,1997-04-22,5.0,29.4,0.7529089664613279,CAM,"MF,DF",Aarón Martín,9.57,3.7,20.89,4.57,0.5662,76.2,0,1,0,0,0,1,0,0,0,0,0,0,0
aaron ramsdale|1998,10724.0,5,0.0,0.0,0.0,0.0,0.0,0.0,0.0,0.08547008547008547,0.01282051282051282,0.029159605223806204,0.4401709401709401,0.0,0.2,3.0269913268866513,-0.08333333333333333,1,Aaron Ramsdale,Newcastle Utd,Premier League,27.0,1998.0,GK,2025-2026,2024-2025,100.0,exact,Aaron Ramsdale,Newcastle United,1998-05-14,12.0,28.4,1.754962354551677,GK,GK,Aaron Ramsdale,17.42,7.96,29.23,5.42,0.3487,41.7,0,0,0,1,0,0,0,0,0,0,1,0,0
aaron wan bissaka|1997,10397.0,6,0.022025602409638554,0.09911521084337349,0.030671407285012466,0.09987317691819911,0.2573671965878247,0.07659173332984198,2.6754495965064984,4.019149344230854,2.1058377469276954,1.8992846385542166,3.3512827700160805,1.2082675597126122,0.6277742549143944,0.0,,1,Aaron Wan-Bissaka,Aston Villa,Premier League,28.0,1997.0,"DF,MF",2026-2027,2024-2025,100.0,exact,Aaron Wan-Bissaka,West Ham United,1997-11-26,15.0,28.8,4.7529089664613275,FULLBACK,"DF,MF",Aaron Wan-Bissaka,20.16,12.83,29.16,5.16,0.2796,32.3,0,0,0,1,0,0,0,0,0,1,0,0,0
abakar sylla|2002,2809.0,3,0.09420265388121687,0.0,0.06194255214551585,0.009473684210526318,0.6016814667251916,0.08673734153754911,0.22754406910597658,2.9106678839806164,2.6451998033569772,1.1456258230070566,4.579324390757778,1.8772385701243066,1.8947368421052633,0.0,,1,Abakar Sylla,Strasbourg,Ligue 1,22.0,2002.0,DF,2025-2026,2024-2025,100.0,exact,Abakar Sylla,RC Strasbourg Alsace,2002-12-25,2.5,23.8,1.754962354551677,CB,DF,Abakar Sylla,6.63,2.8,16.85,4.13,0.7792,118.0,0,0,1,0,0,0,1,0,0,0,0,0,0
abdallah sima|2001,4172.0,4,0.339396628216504,0.169698314108252,0.3585898551871489,0.07269789983844911,2.8479188900747063,1.2307420494699646,2.3431194112526708,1.4849252195932579,1.0860963836353568,0.2595385980479148,0.7549260109203134,0.5590725646909868,2.9806138933764132,0.0,,1,Abdallah Sima,Lens,Ligue 1,25.0,2001.0,"MF,FW",2026-2027,2024-2025,100.0,exact,Abdallah Sima,RC Lens,2001-06-17,5.0,25.3,2.754277891854894,CAM,"MF,FW",Abdallah Sima,9.27,5.12,26.74,4.27,0.5379,71.2,0,0,1,0,0,1,0,0,0,0,0,0,0
abde ezzalzouli|2001,7491.0,6,0.25870496229401363,0.1801508239456289,0.3126035130280622,0.0907258064516129,2.8853555040213155,1.0787454485787062,5.576057290816208,2.8426135435862743,1.7257225500944737,0.4493296713527604,0.6760129697450372,1.0308148079031467,1.1794354838709677,0.0,,1,Abde Ezzalzouli,Betis,La Liga,24.0,2001.0,"MF,FW",2026-2027,2024-2025,100.0,exact,Abde Ezzalzouli,Real Betis Balompié,2001-12-17,40.0,24.8,2.754277891854894,CAM,"MF,FW",Abde Ezzalzouli,28.07,13.69,39.57,-11.93,-0.344,-29.1,0,1,0,0,0,1,0,0,0,0,0,0,0
abde rebbach|1998,2775.0,3,0.05433016020431856,0.1420942651497562,,,2.0454545454545454,0.7219251336898395,,,,1.2107623318385652,,,,,,0,Abde Rebbach,Alavés,La Liga,28.0,1998.0,"MF,DF",2026-2027,,100.0,exact,Abde Rebbach,Deportivo Alavés,1998-08-11,2.5,28.1,1.754962354551677,CAM,"MF,DF",Abde Rebbach,5.79,2.4,10.08,3.29,0.6628,94.0,0,1,0,0,0,1,0,0,0,0,0,0,0
abdel abqar|1999,6303.0,4,0.0,0.05349284232889877,0.0275995229712079,0.010962241169305725,0.42520969245107176,0.04783163265306122,0.4616957237776137,2.500993809983531,1.333976943608382,1.2223683544944102,4.996876597194616,1.095462547560906,1.46163215590743,0.0,,1,Abdel Abqar,Getafe,La Liga,27.0,1999.0,DF,2026-2027,2024-2025,100.0,exact,Abdel Abqar,Getafe CF,1999-03-10,3.5,27.6,1.754962354551677,CB,DF,Abdel Abqar,4.66,2.28,18.93,1.16,0.2296,25.8,0,1,0,0,0,0,1,0,0,0,0,0,0
abdelhamid ait boudlal|2006,1673.0,2,0.10461180814331132,0.05230590407165566,,,0.8339272986457591,0.25659301496792586,,,,1.4337971351406789,,,,,,0,Abdelhamid Ait Boudlal,Rennes,Ligue 1,20.0,2006.0,DF,2026-2027,,100.0,exact,Abdelhamid Ait Boudlal,Stade Rennais FC,2006-04-16,12.0,20.5,1.754962354551677,CB,DF,Abdelhamid Ait Boudlal,8.41,3.68,15.98,-3.59,-0.3229,-27.6,0,0,1,0,0,0,1,0,0,0,0,0,0
abdelhamid sabiri|1996,1989.0,3,0.18972332015810278,0.047430830039525695,0.22465292385359698,,2.41897233201581,0.0,0.7698779974758098,3.975599495161969,1.9941102229701304,0.2845849802371541,0.3912494741270509,1.3883045856121161,,0.0,,0,Abdelhamid Sabiri,Fiorentina,Serie A,28.0,1996.0,MF,2025-2026,,100.0,exact,Abdelhamid Sabiri,ACF Fiorentina,1996-11-28,0.85,29.8,,CAM,MF,Abdelhamid Sabiri,1.42,1.19,4.4,0.57,0.2704,31.1,0,0,0,0,1,1,0,0,0,0,0,0,0
abdon prats|1992,2926.0,5,0.3537644162239213,0.054425294803680184,0.2775579150579151,0.019736842105263164,2.3986004924193343,0.9259480799138652,0.4083011583011583,1.7331081081081081,0.3865830115830116,0.128288194894389,0.847007722007722,0.49951737451737455,3.7499999999999996,0.0,,1,Abdón Prats,Mallorca,La Liga,32.0,1992.0,"FW,MF",2025-2026,2024-2025,100.0,exact,Abdón Prats,RCD Mallorca,1992-12-07,0.8,33.8,1.754962354551677,ST,"FW,MF",Abdón Prats,1.28,1.06,2.62,0.48,0.2378,26.8,0,1,0,0,0,0,0,0,0,0,0,1,0
abdou harroui|1998,3488.0,5,0.17353516749165418,0.1372740877172787,0.302654043147602,0.07775377969762418,2.028030390238287,0.36104114189756503,3.766878783175539,3.971752289306224,2.006829116871023,0.27454817543455734,0.9172745615396555,1.368927518236846,1.5550755939524836,0.0,,1,Abdou Harroui,Hellas Verona,Serie A,27.0,1998.0,"MF,FW",2025-2026,2024-2025,100.0,exact,Abdou Harroui,Hellas Verona,1998-01-13,1.6,28.7,1.754962354551677,CAM,"MF,FW",Abdou Harroui,3.4,1.91,9.57,1.8,0.5265,69.3,0,0,0,0,1,1,0,0,0,0,0,0,0
abdoul coulibaly|2007,2120.0,1,0.04245283018867924,0.0,,,0.25471698113207547,0.04245283018867924,,,,1.0188679245283019,,,,,,0,Abdoul Coulibaly,Werder Bremen,Bundesliga,18.0,2007.0,DF,2025-2026,,80.0,surname,Karim Coulibaly,SV Werder Bremen,2007-05-23,28.0,19.4,2.754277891854894,CB,DF,Abdoul Coulibaly,17.13,12.29,26.21,-10.87,-0.4697,-37.5,1,0,0,0,0,0,1,0,0,0,0,0,0
abdoul ouattara|2005,1903.0,2,0.09341799975576993,0.0,,,1.3744343891402715,0.5599547511312217,,,,1.099035291244352,,,,,,0,Abdoul Ouattara,Ipswich Town,Premier League,20.0,2005.0,"MF,DF",2026-2027,,100.0,exact,Abdoul Ouattara,RC Strasbourg Alsace,2005-10-22,15.0,20.9,2.754277891854894,CM,"MF,DF",Abdoul Ouattara,22.97,14.67,38.98,7.97,0.4042,49.8,0,0,0,1,0,0,0,0,1,0,0,0,0
abdoulaye ndiaye|2002,2487.0,2,0.03300330033003301,0.0,,,0.6923076923076924,0.0,,,,1.2692307692307694,,,,,,0,Abdoulaye Ndiaye,Parma,Serie A,23.0,2002.0,DF,2025-2026,,100.0,exact,Abdoulaye Ndiaye,Parma Calcio 1913,2002-04-10,6.0,24.5,2.754277891854894,CB,DF,Abdoulaye Ndiaye,5.6,2.39,19.81,-0.4,-0.0589,-5.7,0,0,0,0,1,0,1,0,0,0,0,0,0
abdoulaye toure|1994,5778.0,4,0.25510839770745086,0.01822202840767506,0.2604400712791509,0.015490533562822718,1.4044978818838776,0.30706674144699947,0.7373905632602464,4.85143720461765,2.161617726814907,1.1844318464988788,1.4904702874409237,1.3074300767025644,1.161790017211704,0.0,,1,Abdoulaye Touré,Le Havre,Ligue 1,31.0,1994.0,MF,2025-2026,2024-2025,100.0,exact,Abdoulaye Touré,Le Havre AC,1994-03-03,2.5,32.6,,CM,MF,Abdoulaye Touré,2.1,1.08,3.74,-0.4,-0.1215,-11.4,0,0,1,0,0,0,0,0,1,0,0,0,0
abdukodir khusanov|2004,3987.0,4,0.0,0.0,0.01494621626722023,0.024357239512855212,0.45142508703947754,0.14256852931723218,0.28533685601056796,3.705982260803925,1.5251934327231556,1.6767202263385468,4.775995470843556,1.3689375353840345,2.009472259810555,0.0,,1,Abdukodir Khusanov,Manchester City,Premier League,22.0,2004.0,DF,2026-2027,2024-2025,100.0,exact,Abdukodir Khusanov,Manchester City,2004-02-29,50.0,22.6,2.754277891854894,CB,DF,Abdukodir Khusanov,21.17,13.95,29.47,-28.83,-0.833,-56.5,0,0,0,1,0,0,1,0,0,0,0,0,0
abdul mumin|1998,4712.0,4,0.06642766765078026,0.02467313369886124,0.026173579009050065,0.008924144769459593,0.406157739350485,0.12734000870700915,0.4590142587408034,1.86926232176574,1.380949280552119,1.0932096161956981,4.96712025522495,1.617292792499512,1.3832424392662368,0.0,,1,Abdul Mumin,Rayo Vallecano,La Liga,27.0,1998.0,DF,2025-2026,2024-2025,100.0,exact,Abdul Mumin,Rayo Vallecano,1998-06-06,3.0,28.3,,CB,DF,Abdul Mumin,2.88,1.46,8.75,-0.12,-0.0316,-3.1,0,1,0,0,0,0,1,0,0,0,0,0,0
abdulai juma bah|2006,3508.0,2,0.0,0.0,,,0.32175689479060265,0.09193054136874361,,,,1.378958120531154,,,,,,0,Abdulai Juma Bah,Nice,Ligue 1,19.0,2006.0,DF,2025-2026,,90.0,fuzzy,Juma Bah,OGC Nice,2006-04-11,10.0,20.5,4.7529089664613275,CB,DF,Abdulai Juma Bah,34.93,17.11,38.77,24.93,1.1837,226.6,0,0,1,0,0,0,1,0,0,0,0,0,0
abel bretones|2000,4228.0,3,0.05938315175694338,0.0469541199938622,,,0.6096059113300493,0.16625615763546797,,,,0.8762562814070353,,,,,,0,Abel Bretones,Osasuna,La Liga,26.0,2000.0,"MF,DF",2026-2027,,100.0,exact,Abel Bretones,CA Osasuna,2000-08-21,3.5,26.1,2.754277891854894,CM,"MF,DF",Abel Bretones,7.28,3.21,19.2,3.78,0.6103,84.1,0,1,0,0,0,0,0,0,1,0,0,0,0
abel ruiz|2000,1533.0,2,0.2263384436813851,0.0,0.30757800891530457,0.033432392273402674,1.5582531314987664,0.4700875368767229,1.4041604754829122,1.5378900445765231,0.4011887072808321,0.3569183150360303,0.4680534918276375,0.4680534918276375,0.6017830609212481,,,1,Abel Ruiz,Girona,La Liga,25.0,2000.0,FW,2025-2026,2024-2025,100.0,exact,Abel Ruiz,Girona FC,2000-01-28,2.0,26.7,2.754277891854894,ST,FW,Abel Ruiz,3.44,1.94,6.99,1.44,0.3924,48.0,0,1,0,0,0,0,0,0,0,0,0,1,0
abner|2000,5528.0,5,0.08002778742618964,0.07002431399791595,0.05193759436336186,0.0908256880733945,0.5981463341119734,0.2803627760252366,1.7181680926019125,3.7292400603925517,1.9989934574735784,0.49517193469954845,3.656768998490186,1.334675390035229,0.5779816513761468,0.0,,1,Abner,Lyon,Ligue 1,26.0,2000.0,"DF,MF",2026-2027,2024-2025,100.0,exact,Abner,Olympique Lyon,2000-05-27,10.0,26.3,2.754277891854894,FULLBACK,"DF,MF",Abner,6.82,3.55,22.35,-3.18,-0.3417,-28.9,0,0,1,0,0,0,0,0,0,1,0,0,0
achraf hakimi|1998,10213.0,6,0.15673452878522315,0.18605905352568422,0.15058265651011452,0.2700871248789932,1.5024624595625515,0.5536201301932991,3.831912424960904,7.61842304393886,1.971951773192756,0.9040043144128355,0.9488977450436362,1.209201432679211,0.3920619554695063,0.0,,1,Achraf Hakimi,Paris S-G,Ligue 1,27.0,1998.0,DF,2026-2027,2024-2025,100.0,exact,Achraf Hakimi,Paris Saint-Germain,1998-11-04,80.0,27.9,2.754277891854894,FULLBACK,DF,Achraf Hakimi,43.56,16.27,59.53,-36.44,-0.5976,-45.0,0,0,1,0,0,0,0,0,0,1,0,0,0
adam armstrong|1997,5136.0,4,0.1476554705686731,0.1376787495843033,0.21830903790087464,0.08653846153846154,1.6960425673428667,0.4878665318503538,2.0921282798833816,1.4448979591836733,0.8606413994169096,0.17359494512803458,0.5107871720116617,0.6262390670553935,0.3605769230769231,0.0,,1,Adam Armstrong,Wolves,Premier League,28.0,1997.0,"FW,MF",2025-2026,2024-2025,100.0,exact,Adam Armstrong,Wolverhampton Wanderers,1997-02-10,6.0,29.6,2.754277891854894,ST,"FW,MF",Adam Armstrong,9.99,7.18,18.18,3.99,0.4508,56.9,0,0,0,1,0,0,0,0,0,0,0,1,0
adam daghim|2005,1709.0,2,0.22135070459984046,0.27220154214304715,,,1.781524926686217,0.593841642228739,,,,0.7986572720021271,,,,,,0,Adam Daghim,Hoffenheim,Bundesliga,21.0,2005.0,"MF,FW",2026-2027,,100.0,exact,Adam Daghim,Fußballclub Red Bull Salzburg,2005-09-28,7.5,21.0,1.754962354551677,CAM,"MF,FW",Adam Daghim,8.76,4.66,22.62,1.26,0.1387,14.9,1,0,0,0,0,1,0,0,0,0,0,0,0
adam dzwiga a|1995,1661.0,2,0.057206954570947835,0.057206954570947835,0.096514745308311,0.0,0.49130678631519914,0.11441390914189567,0.24128686327077745,3.3780160857908847,4.825737265415549,1.6051598429613012,6.7560321715817695,1.4477211796246647,3.136729222520107,,,1,Adam Dźwigała,St Pauli,Bundesliga,29.0,1995.0,"DF,MF",2025-2026,2024-2025,92.3076923076923,fuzzy,Adam Dzwigala,FC St. Pauli,1995-09-25,0.8,31.0,0.7529089664613279,FULLBACK,"DF,MF",Adam Dźwigała,1.78,0.95,3.33,0.98,0.436,54.7,1,0,0,0,0,0,0,0,0,1,0,0,0
adam hlozek|2002,3923.0,5,0.4114813818733038,0.20684090853524364,0.2946336429308566,0.16835916622127206,2.858267052640454,1.1834532374100721,2.4200206398348816,2.995356037151703,1.086171310629515,0.26405222366201314,0.8101135190918473,0.6449948400412798,1.9241047568145377,0.0,,1,Adam Hložek,Hoffenheim,Bundesliga,24.0,2002.0,"FW,MF",2026-2027,2024-2025,100.0,exact,Adam Hlozek,TSG 1899 Hoffenheim,2002-07-25,10.0,24.2,2.754277891854894,WINGER,"FW,MF",Adam Hložek,15.19,7.51,37.89,5.19,0.3866,47.2,1,0,0,0,0,0,0,0,0,0,0,0,1
adam marusic|1992,13696.0,5,0.05771589351417646,0.031743741432797054,0.03889168375836848,0.023106546854942234,0.5331505663372051,0.2887626116200858,1.0541387717193609,3.431755737007082,1.2607871212414379,0.9393261669432218,2.1094384892225535,0.7139816570566154,1.116816431322208,0.0,,1,Adam Marušić,Lazio,Serie A,32.0,1992.0,DF,2025-2026,2024-2025,100.0,exact,Adam Marusic,Società Sportiva Lazio S.p.A.,1992-10-17,2.5,33.9,1.754962354551677,CB,DF,Adam Marušić,4.13,1.87,8.54,1.63,0.3817,46.5,0,0,0,0,1,0,1,0,0,0,0,0,0
adam masina|1994,5108.0,5,0.04617134699886244,0.09033524412820913,0.028429403986483175,0.014069828035435121,0.357326076773805,0.08085135788819017,0.5729957392624516,3.3718595425828886,1.577942112738136,1.2827604666205696,3.9228169841813996,1.2804250942749402,3.0953621677957264,0.0,,1,Adam Masina,Torino,Serie A,31.0,1994.0,DF,2025-2026,2024-2025,100.0,exact,Adam Masina,Torino FC,1994-01-02,1.0,32.7,,CB,DF,Adam Masina,1.15,0.9,2.17,0.15,0.0726,7.5,0,0,0,0,1,0,1,0,0,0,0,0,0
adam obert|2002,5509.0,5,0.014801695236890379,0.07286988424315263,0.049265791988878274,0.033426183844011144,0.40299465240641713,0.11340577338482687,1.1026153445129898,3.8826136067425496,2.236510556955426,1.5302675691062053,3.9686332435485276,1.4701537926839867,2.0891364902506964,0.0,,1,Adam Obert,Cagliari,Serie A,24.0,2002.0,"DF,MF",2026-2027,2024-2025,100.0,exact,Adam Obert,Cagliari Calcio,2002-08-23,7.0,24.1,3.753593429158111,FULLBACK,"DF,MF",Adam Obert,16.01,5.59,26.49,9.01,0.7546,112.7,0,0,0,0,1,0,0,0,0,1,0,0,0
adam smith|1991,8194.0,5,0.0,0.06277225784347315,0.020553576322280075,0.022641509433962263,0.10103499260719566,0.0,0.9060016442861056,3.046862154014798,1.4634146341463414,0.835862170231511,2.6308577692518496,0.9388873664017537,0.7924528301886792,0.0,,1,Adam Smith,Bournemouth,Premier League,35.0,1991.0,DF,2026-2027,2024-2025,100.0,exact,Adam Smith,AFC Bournemouth,1991-04-29,0.3,35.4,0.7529089664613279,CB,DF,Adam Smith,1.2,0.9,2.54,0.9,0.5275,69.5,0,0,0,1,0,0,1,0,0,0,0,0,0
adam wharton|2004,5603.0,4,0.01890966617641606,0.15350199602031864,0.024681501024056657,0.20485584218512898,1.0010943192364699,0.24835586106612917,0.9622661158746137,6.567153816780643,2.730586315826015,1.15571430337037,1.7714444405873575,0.9247752282431355,0.4779969650986343,0.0,,1,Adam Wharton,Crystal Palace,Premier League,22.0,2004.0,MF,2026-2027,2024-2025,100.0,exact,Adam Wharton,Crystal Palace,2004-02-06,70.0,22.6,2.754277891854894,CAM,MF,Adam Wharton,45.18,19.78,50.11,-24.82,-0.4302,-35.0,0,0,0,1,0,1,0,0,0,0,0,0,0
adama boiro|2002,1916.0,2,0.0,0.0,0.02452316076294278,0.04087193460490463,0.3163163873899461,0.0,2.043596730245232,3.7602179836512266,1.6348773841961854,1.4761431411530817,2.20708446866485,0.8174386920980927,1.3079019073569482,,,1,Adama Boiro,Athletic Club,La Liga,23.0,2002.0,"DF,FW",2025-2026,2024-2025,100.0,exact,Adama Boiro,Athletic Bilbao,2002-06-22,2.5,24.3,2.754277891854894,CB,"DF,FW",Adama Boiro,2.95,1.68,11.88,0.45,0.1221,13.0,0,1,0,0,0,0,1,0,0,0,0,0,0
adama camara|1996,2609.0,2,0.03347701463798876,0.0,,,0.7086614173228347,0.20842982862436316,,,,1.3902807255541212,,,,,,0,Adama Camara,Paris FC,Ligue 1,29.0,1996.0,"MF,DF",2026-2027,,100.0,exact,Adama Camara,Paris FC,1996-10-18,3.0,29.9,0.7529089664613279,CDM,"MF,DF",Adama Camara,2.49,1.48,4.34,-0.51,-0.1358,-12.7,0,0,1,0,0,0,0,1,0,0,0,0,0
adama traore|1996,5604.0,6,0.10999083409715857,0.24944349875605604,0.19537044583910668,0.24887133182844248,1.8280409907632922,0.5233437531511546,5.433205640231477,3.1445105550574617,0.9536229521558399,0.09624197983501374,0.4621403537370608,0.39367511614638523,1.2697516930022572,0.0,,1,Adama Traoré,Dep. A Coruña,La Liga,30.0,1996.0,"FW,MF",2026-2027,2024-2025,100.0,exact,Adama Traoré,West Ham United,1996-01-25,6.0,30.7,,WINGER,"FW,MF",Adama Traoré,3.43,1.85,10.31,-2.57,-0.4566,-36.7,0,1,0,0,0,0,0,0,0,0,0,0,1
ademola lookman|1997,9191.0,6,0.4879470373465886,0.1563805920907931,0.4208241073899806,0.28437917222963954,3.046130152055933,1.0773278211030726,4.585005535566011,3.619741212288956,1.1287365070578466,0.245458144547574,0.12143647938001659,0.8500553556601161,0.6809078771695595,0.0,,1,Ademola Lookman,Atlético Madrid,La Liga,28.0,1997.0,"FW,MF",2026-2027,2024-2025,100.0,exact,Ademola Lookman,Atalanta BC,1997-10-20,40.0,28.9,3.753593429158111,WINGER,"FW,MF",Ademola Lookman,46.98,16.96,53.82,6.98,0.1573,17.0,0,1,0,0,0,0,0,0,0,0,0,0,1
adil aouchiche|2002,1657.0,3,0.18123238018525975,0.0724929520741039,0.12924970691676435,,2.16295427901524,,4.378663540445487,6.9900351699882775,1.3452520515826494,1.7579540877970197,0.3429073856975381,1.08147713950762,,0.0,,0,Adil Aouchiche,Schalke 04,Bundesliga,24.0,2002.0,MF,2026-2027,,100.0,exact,Adil Aouchiche,Aberdeen FC,2002-07-15,2.2,24.2,0.7529089664613279,CAM,MF,Adil Aouchiche,5.29,1.99,11.22,3.09,0.6753,96.5,1,0,0,0,0,1,0,0,0,0,0,0,0
adnan januzaj|1995,2784.0,5,0.15607218338481546,0.06340432450008128,0.16620498614958445,0.16555183946488294,2.2484148918874975,0.44214345098632,3.1232686980609414,5.394736842105262,1.3227146814404431,0.39505771419281416,0.4778393351800554,0.8725761772853184,0.6020066889632106,0.0,,1,Adnan Januzaj,Sevilla,La Liga,30.0,1995.0,"MF,FW",2025-2026,2024-2025,100.0,exact,Adnan Januzaj,Sevilla FC,1995-02-05,1.0,31.6,,CAM,"MF,FW",Adnan Januzaj,1.64,1.08,4.18,0.64,0.2759,31.8,0,1,0,0,0,1,0,0,0,0,0,0,0
adria altimira|2001,2652.0,4,0.0,0.0,0.012462275874312088,0.027607361963190184,0.3178190550180097,0.10963782036264817,1.2430321320788211,2.5787324693768863,2.1633232735664834,0.8162524941048431,2.7608734244629862,1.1407775608024144,0.6625766871165645,0.0,,1,Adrià Altimira,Dep. A Coruña,La Liga,25.0,2001.0,"DF,MF",2026-2027,2024-2025,100.0,exact,Adrià Altimira,Villarreal CF,2001-03-28,2.0,25.5,2.754277891854894,FULLBACK,"DF,MF",Adrià Altimira,2.89,1.79,14.69,0.89,0.2608,29.8,0,1,0,0,0,0,0,0,0,1,0,0,0
adria pedrosa|1998,8493.0,6,0.06966297837782966,0.10049741143031164,0.03532046864231564,0.06266318537859007,0.9080261895354744,0.2634725600956582,2.0020675396278427,2.987594762232942,2.2105444521019986,0.952441376509999,3.0840799448656098,1.4610613370089591,0.4308093994778068,0.0,,1,Adrià Pedrosa,Rayo Vallecano,La Liga,28.0,1998.0,"DF,MF",2026-2027,2024-2025,100.0,exact,Adrià Pedrosa,Elche CF,1998-05-13,2.8,28.4,1.754962354551677,FULLBACK,"DF,MF",Adrià Pedrosa,5.7,2.92,16.1,2.9,0.5676,76.4,0,1,0,0,0,0,0,0,0,1,0,0,0
adrian beck|1997,3440.0,3,0.15847932093191258,0.07923966046595629,0.17731888964116452,0.06758448060075094,1.6294925049665883,0.6003377427526034,1.931618144888287,3.5280974949221395,2.0291130670277586,0.4144843778219252,1.0846310088016249,1.6939742721733244,1.6332916145181477,0.0,,1,Adrian Beck,Heidenheim,Bundesliga,28.0,1997.0,"MF,FW",2025-2026,2024-2025,100.0,exact,Adrian Beck,1. Fußballclub Heidenheim 1846,1997-06-09,1.5,29.3,1.754962354551677,CAM,"MF,FW",Adrian Beck,2.58,1.5,6.48,1.08,0.3583,43.1,1,0,0,0,0,1,0,0,0,0,0,0,0
adrian bernabe|2001,4094.0,3,0.08958148649279149,0.04199132179349602,0.0805230557467309,0.06813489332415691,1.7754890849061253,0.39767407480411965,2.291810048176187,7.123193392980041,1.7962835512732274,0.5878785051089442,1.6104611149346182,1.3626978664831382,0.24776324845147968,,,1,Adrian Bernabe,Parma,Serie A,25.0,2001.0,MF,2026-2027,2024-2025,100.0,exact,Adrián Bernabé,Parma Calcio 1913,2001-05-26,15.0,25.3,0.7529089664613279,CAM,MF,Adrian Bernabe,8.44,2.45,16.89,-6.56,-0.528,-41.0,0,0,0,0,1,1,0,0,0,0,0,0,0
adrian liso|2005,1702.0,1,0.15863689776733256,0.0,,,1.3748531139835487,0.5287896592244419,,,,0.21151586368977673,,,,,,0,Adrián Liso,Getafe,La Liga,20.0,2005.0,"FW,MF",2025-2026,,100.0,exact,Adrián Liso,Getafe CF,2005-04-02,3.0,21.5,2.754277891854894,WINGER,"FW,MF",Adrián Liso,7.52,6.7,17.12,4.52,0.7563,113.0,0,1,0,0,0,0,0,0,0,0,0,0,1
adrian semper|1998,2340.0,2,0.0,0.0,0.0,,0.0,0.0,0.0,0.0,0.0,0.0,0.0,0.0,,3.2786885245901636,,0,Adrian Šemper,Pisa,Serie A,27.0,1998.0,GK,2025-2026,,100.0,exact,Adrian Semper,Pisa Sporting Club,1998-01-12,1.8,28.7,0.7529089664613279,GK,GK,Adrian Šemper,2.38,1.28,5.15,0.58,0.1889,20.8,0,0,0,0,1,0,0,0,0,0,1,0,0
adrian|1987,1800.0,2,0.0,0.0,0.0,0.0,0.0,0.0,0.0,0.0,0.0,0.0,0.7368421052631579,0.0,0.10526315789473684,2.799242424242424,-0.05263157894736842,1,Adrián,Betis,La Liga,38.0,1987.0,GK,2025-2026,2024-2025,90.0,fuzzy,Adrián San Miguel,Real Betis Balompié,1987-01-03,0.3,39.7,,GK,GK,Adrián,0.48,0.19,1.43,0.18,0.1293,13.8,0,1,0,0,0,0,0,0,0,0,1,0,0
adrien rabiot|1995,13116.0,6,0.2467050217540281,0.1513219755526161,0.1952896312807154,0.13762575452716297,1.5511000888114352,0.5713545377987951,2.616349329967505,4.987378145393023,1.94806241104278,0.7372464022184327,1.2374788516797808,0.9184413352310873,1.2313883299798793,0.0,,1,Adrien Rabiot,Milan,Serie A,31.0,1995.0,MF,2026-2027,2024-2025,100.0,exact,Adrien Rabiot,Olympique Marseille,1995-04-03,18.0,31.5,1.754962354551677,CAM,MF,Adrien Rabiot,10.29,4.57,21.85,-7.71,-0.5201,-40.6,0,0,0,0,1,1,0,0,0,0,0,0,0
adrien tameze|1994,9520.0,5,0.010731212925149792,0.029510835544161926,0.03446123111499563,0.11093990755007704,0.4869287864786717,0.12774320340648543,1.2660756648770133,3.5435135472593333,1.3840679235859659,1.5627328822249382,1.2848045948308153,1.2267449119740292,1.5254237288135593,0.0,,1,Adrien Tameze,Torino,Serie A,31.0,1994.0,"MF,DF",2025-2026,2024-2025,100.0,exact,Adrien Tamèze,Torino FC,1994-02-04,1.2,32.6,,CDM,"MF,DF",Adrien Tameze,1.96,1.34,3.77,0.76,0.2978,34.7,0,0,0,0,1,0,0,1,0,0,0,0,0
adrien thomasson|1993,11469.0,6,0.12667581547556211,0.2731447271191808,0.2165882644218866,0.20650095602294455,1.5500583826132812,0.4115267693389945,1.2121812329784598,4.903689031938598,2.5818271849467687,0.697508708962314,0.8630849220103987,1.5999009655855407,0.5850860420650096,0.0,,1,Adrien Thomasson,Rennes,Ligue 1,32.0,1993.0,MF,2026-2027,2024-2025,100.0,exact,Adrien Thomasson,RC Lens,1993-12-10,4.0,32.8,2.754277891854894,CAM,MF,Adrien Thomasson,4.57,4.03,11.02,0.57,0.1079,11.4,0,0,1,0,0,1,0,0,0,0,0,0,0
adrien truffert|2001,12319.0,6,0.038789644205332464,0.10901227595636537,0.070146340031411,0.1046511627906977,0.6013283216003569,0.22398867183728638,2.328964170911066,3.760953485299946,1.9973873093689911,1.03060071931754,1.9868191225469327,1.4016057772754629,0.8829941860465116,0.0,,1,Adrien Truffert,Bournemouth,Premier League,24.0,2001.0,DF,2026-2027,2024-2025,100.0,exact,Adrien Truffert,AFC Bournemouth,2001-11-20,30.0,24.9,3.753593429158111,FULLBACK,DF,Adrien Truffert,39.61,23.86,51.11,9.61,0.2699,31.0,0,0,0,1,0,0,0,0,0,1,0,0,0
afonso moreira|2005,2060.0,2,0.16983959593717046,0.2972192928900483,,,2.0905923344947737,0.7317073170731707,,,,0.5594716101459732,,,,,,0,Afonso Moreira,Leverkusen,Bundesliga,21.0,2005.0,"MF,FW",2026-2027,,100.0,exact,Afonso Moreira,Olympique Lyon,2005-03-19,20.0,21.5,4.7529089664613275,CAM,"MF,FW",Afonso Moreira,23.79,14.48,42.53,3.79,0.1659,18.0,1,0,0,0,0,1,0,0,0,0,0,0,0
aihen munoz|1997,6171.0,5,0.03041930930274171,0.04115553611547408,0.016303893425489813,0.02459016393442623,0.5135495158756984,0.10665737190658765,2.0141579108720498,3.0902148769543776,2.2123129232741565,0.7640614748394537,2.92466765140325,1.1011398790446199,1.8852459016393444,0.0,,1,Aihen Muñoz,Real Sociedad,La Liga,27.0,1997.0,DF,2025-2026,2024-2025,100.0,exact,Aihen Muñoz,Real Sociedad,1997-08-16,2.5,29.1,0.7529089664613279,CB,DF,Aihen Muñoz,2.46,1.35,7.47,-0.04,-0.0123,-1.2,0,1,0,0,0,0,1,0,0,0,0,0,0
aimar oroz|2001,9607.0,5,0.08088997312838762,0.10317598613314746,0.13446909894652237,0.08799730276466622,1.2137272838726105,0.31593278253093254,2.0732267416826935,4.490053678560152,1.255561615523725,0.5447692067830187,0.33455808479490196,0.9558802422711484,0.5461901550910316,0.0,,1,Aimar Oroz,Osasuna,La Liga,24.0,2001.0,"MF,FW",2026-2027,2024-2025,100.0,exact,Aimar Oroz,CA Osasuna,2001-11-27,7.5,24.8,2.754277891854894,CM,"MF,FW",Aimar Oroz,24.23,10.35,35.45,16.73,1.0878,196.8,0,1,0,0,0,0,0,0,1,0,0,0,0
ainsley maitland niles|1997,8239.0,6,0.05710352837432384,0.15098560044736475,0.1247935983741903,0.15415617128463474,0.6962626748202887,0.27787579393083983,1.46322875650959,4.521148228121428,2.8311952241839204,1.150781275204594,2.478724755493459,1.26889368728566,0.6801007556675063,0.0,,1,Ainsley Maitland-Niles,Everton,Premier League,29.0,1997.0,"DF,MF",2026-2027,2024-2025,100.0,exact,Ainsley Maitland-Niles,Olympique Lyon,1997-08-29,10.0,29.1,0.7529089664613279,FULLBACK,"DF,MF",Ainsley Maitland-Niles,10.18,4.99,19.49,0.18,0.0161,1.6,0,0,0,1,0,0,0,0,0,1,0,0,0
aissa mandi|1991,8618.0,6,0.02679454326999755,0.0,0.03042182108401211,0.020773225620311597,0.41021847295636504,0.13273294946420444,0.5471702542193845,3.906246332245722,1.335179925353865,1.2497740539506002,3.082322011220394,1.0943405084387692,0.727062896710906,0.0,,1,Aïssa Mandi,Levante,La Liga,34.0,1991.0,DF,2026-2027,2024-2025,100.0,exact,Aïssa Mandi,LOSC Lille,1991-10-22,1.0,34.9,,CB,DF,Aïssa Mandi,0.88,0.7,2.15,-0.12,-0.0594,-5.8,0,1,0,0,0,0,1,0,0,0,0,0,0
aitor fernandez|1991,4013.0,6,0.0,0.0,0.0,0.0,0.0,0.0,0.0,0.07034783094187928,0.04522360560549383,0.037778617302606725,0.8542236614371056,0.0,0.0,3.177570093457944,1.2,1,Aitor Fernández,Osasuna,La Liga,35.0,1991.0,GK,2026-2027,2024-2025,100.0,exact,Aitor Fernández,CA Osasuna,1991-05-03,0.5,35.4,0.7529089664613279,GK,GK,Aitor Fernández,0.7,0.32,1.52,0.2,0.1267,13.5,0,1,0,0,0,0,0,0,0,0,1,0,0
aitor paredes|2000,7303.0,5,0.1069219749117719,0.0,0.07450131258742598,0.004966887417218543,0.5237993917168354,0.18784379510786875,0.21729549504665915,2.976603368655029,0.7070726426121449,1.1897690345574616,4.394197788721329,1.0347404526031387,1.490066225165563,0.0,,1,Aitor Paredes,Athletic Club,La Liga,26.0,2000.0,DF,2026-2027,2024-2025,100.0,exact,Aitor Paredes,Athletic Bilbao,2000-04-29,7.5,26.4,2.754277891854894,CB,DF,Aitor Paredes,12.72,5.0,25.05,5.22,0.4791,61.5,0,1,0,0,0,0,1,0,0,0,0,0,0
aitor ruibal|1996,6448.0,5,0.13512283894449498,0.1119199272065514,0.06365753891603226,0.1645087585681645,1.3198362147406733,0.48195795418889237,1.810021588455857,3.8399045563004197,2.8300761277127595,1.070063694267516,2.643449607999091,1.1990114759686399,0.47981721249047987,0.0,,1,Aitor Ruibal,Betis,La Liga,29.0,1996.0,"DF,FW",2025-2026,2024-2025,100.0,exact,Aitor Ruibal,Real Betis Balompié,1996-03-22,4.0,30.5,1.754962354551677,CB,"DF,FW",Aitor Ruibal,3.93,1.75,9.57,-0.07,-0.015,-1.5,0,1,0,0,0,0,1,0,0,0,0,0,0
akor adams|2000,5936.0,4,0.3416442813363096,0.08285725095531762,0.43192997082117546,0.07444168734491315,2.6744333291123215,1.2028343666961911,1.2580241767403084,0.7403084618591079,0.4001667361400583,0.10782792932541334,0.4426844518549396,0.30012505210504375,2.531017369727047,0.0,,1,Akor Adams,Venezia,Serie A,26.0,2000.0,FW,2026-2027,2024-2025,100.0,exact,Akor Adams,Sevilla FC,2000-01-29,15.0,26.7,2.754277891854894,ST,FW,Akor Adams,11.35,5.52,26.65,-3.65,-0.2588,-22.8,0,0,0,0,1,0,0,0,0,0,0,1,0
alan matturro|2004,1953.0,3,0.053211838764650646,0.053211838764650646,0.02489331436699858,0.02,0.6166313080374222,0.18130148566495197,1.1095305832147937,1.6429587482219061,1.0810810810810811,0.9452926651132055,3.7695590327169275,1.3086770981507823,1.6,0.0,,1,Alan Matturro,Levante,La Liga,20.0,2004.0,DF,2025-2026,2024-2025,100.0,exact,Alan Matturro,Levante UD,2004-10-11,4.0,22.0,1.754962354551677,CB,DF,Alan Matturro,6.18,3.21,14.54,2.18,0.3612,43.5,0,1,0,0,0,0,1,0,0,0,0,0,0
albert gr nbaek|2001,1887.0,3,0.13224891501213137,0.2675733861873355,0.1506276150627615,0.09414225941422594,1.8564521137381893,0.8064587676884176,2.259414225941423,2.9184100418410037,2.3535564853556483,0.796569046235861,0.6589958158995817,0.9414225941422595,0.5648535564853556,,,1,Albert Grønbaek,Hamburger SV,Bundesliga,25.0,2001.0,MF,2026-2027,2024-2025,100.0,exact,Albert Grønbaek,Hamburger SV,2001-05-23,5.0,25.3,3.753593429158111,CAM,MF,Albert Grønbaek,8.5,3.34,17.61,3.5,0.4599,58.4,1,0,0,0,0,1,0,0,0,0,0,0,0
albert gu mundsson|1997,7146.0,4,0.3149464266387676,0.12662794473105088,0.3010221123655555,0.12725844461901023,1.6320935098668783,0.696363072318838,2.447057251653417,3.188589752154452,0.669383392344178,0.25758504996572745,0.4850023381655421,0.4088449462221924,0.2827965435978005,0.0,,1,Albert Guðmundsson,Fiorentina,Serie A,28.0,1997.0,"FW,MF",2025-2026,2024-2025,94.44444444444444,fuzzy,Albert Gudmundsson,ACF Fiorentina,1997-06-15,12.0,29.3,2.754277891854894,WINGER,"FW,MF",Albert Guðmundsson,8.06,5.2,17.33,-3.94,-0.3616,-30.3,0,0,0,0,1,0,0,0,0,0,0,0,1
albert sambi lokonga|1999,6608.0,6,0.11919186226718136,0.0672039223421342,0.04721648363596825,0.061182868796736914,0.8390780163381821,0.47060776461311804,1.563281504838534,5.345493095574644,1.6171034032836793,0.6631632336780411,1.277046863107535,1.0886702185495267,1.7131203263086332,0.0,,1,Albert Sambi Lokonga,Hamburger SV,Bundesliga,26.0,1999.0,MF,2026-2027,2024-2025,100.0,exact,Albert Sambi Lokonga,Hamburger SV,1999-10-22,12.0,26.9,1.754962354551677,CM,MF,Albert Sambi Lokonga,9.7,3.32,23.57,-2.3,-0.1945,-17.7,1,0,0,0,0,0,0,0,1,0,0,0,0
alberto dossena|1998,5661.0,3,0.02487676786290137,0.10918137006495601,0.053802605012074914,0.034520547945205475,0.6785829455935873,0.1714151534126487,0.23694524723860805,2.260778336434538,1.6461459281840138,1.1664440042382642,4.819074389326577,1.3112158042677857,2.9095890410958902,0.0,,1,Alberto Dossena,Cagliari,Serie A,26.0,1998.0,DF,2025-2026,2024-2025,100.0,exact,Alberto Dossena,Cagliari Calcio,1998-10-13,6.0,28.0,1.754962354551677,CB,DF,Alberto Dossena,5.9,2.67,13.18,-0.1,-0.015,-1.5,0,0,0,0,1,0,1,0,0,0,0,0,0
alberto grassi|1995,9131.0,5,0.013761306030274876,0.011644182025617202,0.045798623687069905,0.032682705401724924,0.7081779795579916,0.18480492813141683,0.655197392249185,3.323252444766389,1.6314741035856573,1.7508615518518957,1.92810575878305,1.1229626946758422,1.1847480708125284,0.0,,1,Alberto Grassi,Cremonese,Serie A,30.0,1995.0,MF,2025-2026,2024-2025,100.0,exact,Alberto Grassi,US Cremonese,1995-03-07,1.4,31.6,0.7529089664613279,CDM,MF,Alberto Grassi,3.05,1.13,6.28,1.65,0.5222,68.6,0,0,0,0,1,0,0,1,0,0,0,0,0
alberto moleiro|2003,7403.0,4,0.2785009086890318,0.16356402573800286,0.15865188607816108,0.10943257184966838,1.8867944678806,0.7580611823067381,3.555689297016055,4.002989768778272,0.8491719893610825,0.47300947983692715,0.3389698887573045,0.7181269292744957,0.1658069270449521,0.0,,1,Alberto Moleiro,Villarreal,La Liga,22.0,2003.0,MF,2026-2027,2024-2025,100.0,exact,Alberto Moleiro,Villarreal CF,2003-09-30,50.0,23.0,3.753593429158111,CAM,MF,Alberto Moleiro,24.63,15.89,38.87,-25.37,-0.6881,-49.7,0,1,0,0,0,1,0,0,0,0,0,0,0
alberto moreno|1992,6963.0,5,0.07945931135263495,0.06027947757786099,0.044665012406947896,0.06253618992472496,0.8781623892592929,0.3026812862802912,1.6216216216216215,3.8005499295821874,1.4988934343773053,0.9398118549639235,1.9656629334048688,0.7041781235329623,0.5732484076433121,0.0,,1,Alberto Moreno,Como,Serie A,33.0,1992.0,DF,2025-2026,2024-2025,100.0,exact,Alberto Moreno,Como 1907,1992-07-05,1.0,34.2,,CB,DF,Alberto Moreno,1.47,1.01,3.06,0.47,0.2126,23.7,0,0,0,0,1,0,1,0,0,0,0,0,0
alberto paleari|1992,2700.0,2,0.0,0.0,0.0,0.0,0.0,0.0,0.0,0.0,0.0,0.03359683794466403,2.0,0.0,0.0,2.8577075098814224,-0.8,1,Alberto Paleari,Torino,Serie A,32.0,1992.0,GK,2025-2026,2024-2025,100.0,exact,Alberto Paleari,Torino FC,1992-08-29,1.2,34.1,0.7529089664613279,GK,GK,Alberto Paleari,0.88,0.66,2.12,-0.32,-0.1575,-14.6,0,0,0,0,1,0,0,0,0,0,1,0,0
alberto reina|1997,2462.0,1,0.1462225832656377,0.036555645816409424,,,0.8773354995938262,0.4021121039805037,,,,0.6945572705117791,,,,,,0,Alberto Reina,Oviedo,La Liga,27.0,1997.0,MF,2025-2026,,100.0,exact,Alberto Reina,Real Oviedo,1997-11-19,2.0,28.9,0.7529089664613279,CM,MF,Alberto Reina,3.42,1.67,8.54,1.42,0.3874,47.3,0,1,0,0,0,0,0,0,1,0,0,0,0
albian hajdari|2003,2745.0,2,0.032144207739821,0.064288415479642,,,0.7025472473294988,0.14790468364831552,,,,1.6147737299886549,,,,,,0,Albian Hajdari,Hoffenheim,Bundesliga,23.0,2003.0,DF,2026-2027,,100.0,exact,Albian Hajdari,TSG 1899 Hoffenheim,2003-05-18,25.0,23.4,4.7529089664613275,CB,DF,Albian Hajdari,15.12,6.12,30.89,-9.88,-0.4778,-38.0,1,0,0,0,0,0,1,0,0,0,0,0,0
aleix febas|1996,3443.0,3,0.05342738415336802,0.05342738415336802,0.0,,0.652222263409571,0.22784810126582278,0.7692307692307692,6.9230769230769225,3.0769230769230766,0.7526975591018611,0.0,0.0,,0.0,,0,Aleix Febas,Celta Vigo,La Liga,30.0,1996.0,MF,2026-2027,,100.0,exact,Aleix Febas,Elche CF,1996-02-02,5.0,30.7,2.754277891854894,CDM,MF,Aleix Febas,3.93,2.1,10.04,-1.07,-0.1967,-17.9,0,1,0,0,0,0,0,1,0,0,0,0,0
aleix garcia|1997,10018.0,5,0.09809702492629321,0.2146877512731171,0.057887558721018334,0.3030927835051546,1.0449727871670007,0.21010365113455973,1.633580845582664,7.555690256099409,1.2047279890892557,0.8973465558831412,1.4608273980906197,1.0319745415972115,0.18556701030927833,0.0,,1,Aleix García,Leverkusen,Bundesliga,29.0,1997.0,MF,2026-2027,2024-2025,100.0,exact,Aleix García,Bayer 04 Leverkusen,1997-06-28,20.0,29.3,2.754277891854894,CAM,MF,Aleix García,30.16,14.88,47.66,10.16,0.3948,48.4,1,0,0,0,0,1,0,0,0,0,0,0,0
alejandro balde|2003,8190.0,5,0.005196424859696528,0.12991062149241323,0.02774281805745554,0.1339754816112084,0.4863853668675951,0.08199788497518913,4.171272229822162,3.2618331053351572,1.0309165526675788,0.2847640823113698,1.0292749658002736,0.93077975376197,0.6304728546409808,0.0,,1,Alejandro Balde,Barcelona,La Liga,21.0,2003.0,DF,2025-2026,2024-2025,100.0,exact,Alejandro Balde,FC Barcelona,2003-10-18,50.0,22.9,1.754962354551677,FULLBACK,DF,Alejandro Balde,8.58,5.49,22.23,-41.42,-1.6722,-81.2,0,1,0,0,0,0,0,0,0,1,0,0,0
alejandro frances|2002,2289.0,2,0.0,0.0894187779433681,0.015345268542199487,0.023017902813299233,0.92048742000526,0.1788375558867362,1.381074168797954,4.833759590792839,2.762148337595908,1.2965722801788375,3.9897698209718673,1.3043478260869565,0.46035805626598464,,,1,Alejandro Francés,Girona,La Liga,22.0,2002.0,DF,2025-2026,2024-2025,100.0,exact,Alejandro Francés,Girona FC,2002-08-01,3.0,24.2,2.754277891854894,CB,DF,Alejandro Francés,6.94,3.09,24.14,3.94,0.6862,98.6,0,1,0,0,0,0,1,0,0,0,0,0,0
alejandro garnacho|2004,6601.0,4,0.20467182837537629,0.16563038134423513,0.3062347524625346,0.18417462482946795,3.1623572095224324,0.8902538739205871,5.943100317332208,2.222059174202542,1.0119779151457342,0.5016234406425407,0.5282755837628629,0.8353357668250271,0.12278308321964529,0.0,,1,Alejandro Garnacho,Chelsea,Premier League,21.0,2004.0,"MF,FW",2025-2026,2024-2025,100.0,exact,Alejandro Garnacho,Chelsea FC,2004-07-01,28.0,22.2,5.754962354551677,CAM,"MF,FW",Alejandro Garnacho,55.05,26.48,62.43,27.05,0.659,93.3,0,0,0,1,0,1,0,0,0,0,0,0,0
aleksandar pavlovic|2004,4448.0,4,0.15068942875902824,0.08125410374261327,0.05597538955393567,0.012405237767057202,0.5900292184075968,0.28204131116041814,0.9660268842372768,7.851601685280545,2.245034441249248,0.79629021667761,0.8727345683140508,1.0563097706145925,0.7443142660234321,0.0,,1,Aleksandar Pavlovic,Bayern Munich,Bundesliga,22.0,2004.0,MF,2026-2027,2024-2025,100.0,exact,Aleksandar Pavlovic,Bayern Munich,2004-05-03,90.0,22.4,2.754277891854894,CDM,MF,Aleksandar Pavlovic,27.44,8.64,46.9,-62.56,-1.1629,-68.7,1,0,0,0,0,0,0,1,0,0,0,0,0
aleksandr golovin|1996,9351.0,6,0.23336304390605284,0.2312794452997488,0.16753968893545007,0.1873373807458803,1.8273699931761704,0.8848960996699363,2.7270529454428236,6.959061971149971,2.2882585220404543,0.9907511372975727,0.5131356273672334,1.3290756708840357,0.7025151777970511,0.0,,1,Aleksandr Golovin,Monaco,Ligue 1,30.0,1996.0,MF,2026-2027,2024-2025,100.0,exact,Aleksandr Golovin,AS Monaco,1996-05-30,18.0,30.3,2.754277891854894,CAM,MF,Aleksandr Golovin,19.99,9.61,41.52,1.99,0.0996,10.5,0,0,1,0,0,1,0,0,0,0,0,0,0
alessandro bastoni|1999,11697.0,6,0.03294907626505701,0.13983266512487613,0.036463687488661786,0.08872696099442777,0.5682701442266171,0.2131828284009826,2.26945637056298,5.922628046199432,1.7755638870411805,0.8574796188979472,1.9742093487331445,0.991866723105763,1.6973853407629662,0.0,,1,Alessandro Bastoni,Inter,Serie A,27.0,1999.0,DF,2026-2027,2024-2025,100.0,exact,Alessandro Bastoni,Inter Milan,1999-04-13,65.0,27.5,1.754962354551677,FULLBACK,DF,Alessandro Bastoni,22.61,7.42,34.32,-42.39,-1.0278,-64.2,0,0,0,0,1,0,0,0,0,1,0,0,0
alessandro buongiorno|1999,10874.0,5,0.037999981234577165,0.024488876795616395,0.05310567778789115,0.028066528066528068,0.39604424886703754,0.13658665959421828,0.7881108565330655,2.9504723643325694,1.930730360001255,1.788532450107432,3.871347415335363,1.1073098772794325,2.0114345114345116,0.0,,1,Alessandro Buongiorno,Napoli,Serie A,26.0,1999.0,DF,2025-2026,2024-2025,100.0,exact,Alessandro Buongiorno,SSC Napoli,1999-06-06,30.0,27.3,2.754277891854894,CB,DF,Alessandro Buongiorno,16.68,5.49,30.16,-13.32,-0.5616,-43.0,0,0,0,0,1,0,1,0,0,0,0,0,0
alessandro circati|2003,3204.0,2,0.02924982794218857,0.0,0.049999999999999996,0.0,0.27873365450791465,0.02924982794218857,0.16666666666666666,1.6666666666666667,1.1666666666666667,0.8568479008947005,7.000000000000001,0.8333333333333334,2.833333333333333,,,1,Alessandro Circati,Parma,Serie A,21.0,2003.0,DF,2025-2026,2024-2025,100.0,exact,Alessandro Circati,Parma Calcio 1913,2003-10-10,12.0,23.0,2.754277891854894,CB,DF,Alessandro Circati,11.75,5.0,23.85,-0.25,-0.0194,-1.9,0,0,0,0,1,0,1,0,0,0,0,0,0
alessandro deiola|1995,7041.0,5,0.05489673172945983,0.06255674080798909,0.11953087345364966,0.037709497206703906,1.2918450759050213,0.3857801798443833,0.5976543672682483,2.9786322497723994,1.9134579339152789,0.7698309123921924,2.2098752209071924,1.296524393509345,2.3254189944134076,0.0,,1,Alessandro Deiola,Cagliari,Serie A,31.0,1995.0,"MF,DF",2026-2027,2024-2025,100.0,exact,Alessandro Deiola,Cagliari Calcio,1995-08-01,1.5,31.2,2.754277891854894,CM,"MF,DF",Alessandro Deiola,3.31,2.29,7.84,1.81,0.5438,72.2,0,0,0,0,1,0,0,0,1,0,0,0,0
alessandro marcandalli|2002,3437.0,3,0.0,0.052623432905123044,0.0675,0.0,0.20243571298303917,0.08571602261444,0.44999999999999996,2.4750000000000005,2.025,0.575762265903111,6.3,1.35,3.1500000000000004,,,1,Alessandro Marcandalli,Genoa,Serie A,23.0,2002.0,DF,2026-2027,2024-2025,100.0,exact,Alessandro Marcandalli,Genoa CFC,2002-10-25,14.0,23.9,2.754277891854894,CB,DF,Alessandro Marcandalli,8.43,4.28,22.39,-5.57,-0.4642,-37.1,0,0,0,0,1,0,1,0,0,0,0,0,0
alessandro zanoli|2000,5961.0,5,0.05865676019161209,0.09825007332095023,0.04543848134497904,0.08416130917592052,0.4340600254179295,0.11453764516055723,3.1307113646690565,1.9379512293633563,1.4994698843843084,0.5293772607292991,2.0651789771292974,1.0200939061947796,0.9994155464640561,0.0,,1,Alessandro Zanoli,Udinese,Serie A,24.0,2000.0,"FW,DF",2025-2026,2024-2025,100.0,exact,Alessandro Zanoli,SSC Napoli,2000-10-03,4.5,26.0,2.754277891854894,WINGER,"FW,DF",Alessandro Zanoli,5.55,3.17,19.67,1.05,0.1753,19.2,0,0,0,0,1,0,0,0,0,0,0,0,1
alessio romagnoli|1995,12080.0,5,0.02869488610143894,0.0,0.054587547215791406,0.010104790419161677,0.4538322775517053,0.1787454095780559,0.23638357499695387,2.9304252467405876,1.2940173023029122,1.0352812853966522,3.8978920433776043,1.0929694163518948,2.8293413173652695,0.0,,1,Alessio Romagnoli,Lazio,Serie A,30.0,1995.0,DF,2025-2026,2024-2025,100.0,exact,Alessio Romagnoli,Società Sportiva Lazio S.p.A.,1995-01-12,6.0,31.7,0.7529089664613279,CB,DF,Alessio Romagnoli,5.15,2.05,10.36,-0.85,-0.1298,-12.2,0,0,0,0,1,0,1,0,0,0,0,0,0
alessio zerbin|1999,4290.0,5,0.020145321808602224,0.11312373015599708,0.10065118912797281,0.12434210526315789,1.0738290835378212,0.37137111976875714,2.9335362400906,2.9908691959229894,3.0131653454133636,0.5005337649368091,1.2103624009060021,1.6785815402038504,0.5921052631578947,0.0,,1,Alessio Zerbin,Frosinone,Serie A,27.0,1999.0,MF,2026-2027,2024-2025,100.0,exact,Alessio Zerbin,US Cremonese,1999-03-03,2.0,27.6,1.754962354551677,CDM,MF,Alessio Zerbin,2.65,2.06,9.58,0.65,0.1949,21.5,0,0,0,0,1,0,0,1,0,0,0,0,0
alex baena|2001,9133.0,5,0.22270908930859445,0.28520847800784427,0.24686192468619245,0.40578034682080927,2.2673576463771847,0.5078416728902165,2.9545147793224458,6.157376164124713,1.1067620461600756,0.7834430414413005,0.7004993926305844,0.8894587663652315,0.5549132947976879,0.0,,1,Álex Baena,Atlético Madrid,La Liga,25.0,2001.0,"MF,FW",2026-2027,2024-2025,100.0,exact,Álex Baena,Atlético de Madrid,2001-07-20,40.0,25.2,3.753593429158111,CAM,"MF,FW",Álex Baena,51.67,18.47,61.23,11.67,0.2505,28.5,0,1,0,0,0,1,0,0,0,0,0,0,0
alex berenguer|1995,10834.0,6,0.19338090886110412,0.16275497306862155,0.24834863597331397,0.19238991021804192,1.9079177557782945,0.7707571801566578,2.7896492502807315,2.7093929585837904,1.4906863068894907,0.5057654539444261,0.6257018297113416,1.145881498117445,1.0389055151774262,0.0,,1,Álex Berenguer,Athletic Club,La Liga,31.0,1995.0,MF,2026-2027,2024-2025,100.0,exact,Álex Berenguer,Athletic Bilbao,1995-07-04,4.0,31.2,0.7529089664613279,CAM,MF,Álex Berenguer,5.5,2.81,13.72,1.5,0.2628,30.1,0,1,0,0,0,1,0,0,0,0,0,0,0
alex grimaldo|1995,8475.0,4,0.23285280123337557,0.2767120617396621,0.12713235789899535,0.2765553869499241,1.980015854219473,0.6138087520259319,2.747454655788551,5.3674735351628335,1.0877553772503539,0.6315733512905255,1.4078619108623829,0.8708111388308274,0.5462822458270107,0.0,,1,Álex Grimaldo,Atlético Madrid,La Liga,31.0,1995.0,MF,2026-2027,2024-2025,80.0,surname,Alejandro Grimaldo,Bayer 04 Leverkusen,1995-09-20,20.0,31.0,3.753593429158111,CAM,MF,Álex Grimaldo,9.84,6.51,19.06,-10.16,-0.6611,-48.4,0,1,0,0,0,1,0,0,0,0,0,0,0
alex iwobi|1996,13553.0,6,0.16894387001477107,0.1287850812407681,0.1434182971710388,0.2113384770211339,1.6991725768321515,0.7121037608292855,3.8419598270157747,5.915168337443155,1.4230306935477874,0.5518371491875924,0.7282437640177941,0.8732233801315971,0.2113384770211339,0.0,,1,Alex Iwobi,Fulham,Premier League,30.0,1996.0,MF,2026-2027,2024-2025,100.0,exact,Alex Iwobi,Fulham FC,1996-05-03,20.0,30.4,1.754962354551677,CAM,MF,Alex Iwobi,34.2,12.23,37.96,14.2,0.5165,67.6,0,0,0,1,0,1,0,0,0,0,0,0,0
alex jimenez|2005,3920.0,3,0.053320950489976315,0.04755652340997887,,,0.8001693480101608,0.15241320914479256,,,,0.9764317084837152,,,,,,0,Álex Jiménez,Fiorentina,Serie A,21.0,2005.0,"DF,MF",2026-2027,,100.0,exact,Álex Jiménez,AC Milan,2005-05-08,22.0,21.4,,FULLBACK,"DF,MF",Álex Jiménez,17.96,5.69,25.18,-4.04,-0.193,-17.5,0,0,0,0,1,0,0,0,0,1,0,0,0
alex kral|1998,6900.0,4,0.0,0.017410714285714286,0.06409414616899843,0.04974207811348563,0.95625,0.16084484159220144,1.480377796858427,2.894085559876762,1.6000808121622303,0.7794642857142857,1.8152431941007123,1.1091469266124552,1.260132645541636,0.0,,1,Alex Král,Union Berlin,Bundesliga,27.0,1998.0,MF,2025-2026,2024-2025,100.0,exact,Alex Král,1.FC Union Berlin,1998-05-19,2.5,28.4,,CM,MF,Alex Král,3.42,1.92,9.66,0.92,0.2323,26.1,1,0,0,0,0,0,0,0,1,0,0,0,0
alex meret|1997,10706.0,6,0.0,0.014911844682904006,0.0,0.0,0.0,0.0,0.0,0.01452333664349553,0.010054617676266139,0.014911844682904006,0.37313803376365445,0.01452333664349553,0.17970049916805325,1.9054967439276567,0.06888519134775374,1,Alex Meret,Napoli,Serie A,29.0,1997.0,GK,2026-2027,2024-2025,100.0,exact,Alex Meret,SSC Napoli,1997-03-22,8.0,29.5,0.7529089664613279,GK,GK,Alex Meret,9.31,3.2,17.64,1.31,0.1359,14.6,0,0,0,0,1,0,0,0,0,0,1,0,0
alex moreno|1993,9628.0,5,0.030215827338129494,0.1079136690647482,0.06677193773967968,0.12251308900523561,0.6723021582733814,0.13680746807825744,3.1175276336566666,2.835551545228965,2.0279720279720284,1.0715827338129496,3.239341303857433,1.066997518610422,0.28272251308900526,0.0,,1,Álex Moreno,Girona,La Liga,32.0,1993.0,"DF,MF",2025-2026,2024-2025,100.0,exact,Álex Moreno,Girona FC,1993-06-08,3.0,33.3,0.7529089664613279,FULLBACK,"DF,MF",Álex Moreno,1.83,1.11,4.01,-1.17,-0.3447,-29.2,0,1,0,0,0,0,0,0,0,1,0,0,0
alex remiro|1995,16955.0,6,0.0,0.0,0.0,0.0,0.0,0.0,0.0,0.025580293699668404,0.01705352913311227,0.010529232474369632,0.5523448602558029,0.0,0.1388888888888889,2.5526862570495696,-0.1388888888888889,1,Álex Remiro,Real Sociedad,La Liga,31.0,1995.0,GK,2026-2027,2024-2025,100.0,exact,Álex Remiro,Real Sociedad,1995-03-24,9.0,31.5,0.7529089664613279,GK,GK,Álex Remiro,6.05,2.35,13.16,-2.95,-0.3499,-29.5,0,1,0,0,0,0,0,0,0,0,1,0,0
alex scott|2003,5063.0,4,0.09439651781734275,0.03067886829063639,0.07317459479436143,0.10728476821192053,1.4400213732300293,0.46199011124845485,1.9529063935378275,5.350298294704609,2.6941555356105797,1.1716967774077667,1.696320152051106,1.6488041814054164,0.834437086092715,0.0,,1,Alex Scott,Bournemouth,Premier League,23.0,2003.0,MF,2026-2027,2024-2025,100.0,exact,Alex Scott,AFC Bournemouth,2003-08-21,50.0,23.1,1.754962354551677,CM,MF,Alex Scott,31.76,13.56,35.26,-18.24,-0.4426,-35.8,0,0,0,1,0,0,0,0,1,0,0,0,0
alex sola|1999,2694.0,5,0.0,0.1344136205802188,0.09521120397560426,0.06122448979591836,1.5759997013030653,0.17208413001912048,2.4192455387395526,2.3751976507793082,2.060085836909871,0.7695179778217526,1.1621865823356674,1.0266546193810706,1.5743440233236152,0.0,,1,Alex Sola,Getafe,La Liga,26.0,1999.0,"MF,FW",2025-2026,2024-2025,100.0,exact,Álex Sola,Getafe CF,1999-06-09,2.0,27.3,3.753593429158111,CM,"MF,FW",Alex Sola,3.62,2.29,14.47,1.62,0.4322,54.1,0,1,0,0,0,0,0,0,1,0,0,0,0
alex valle|2004,3398.0,3,0.02798507462686567,0.14486391571553991,0.026213592233009706,0.061165048543689315,0.572002007024586,0.08843452082288006,1.6601941747572815,3.8446601941747574,2.2718446601941746,1.0403863037752412,3.6699029126213594,1.1359223300970873,0.5242718446601942,,,1,Álex Valle,Como,Serie A,22.0,2004.0,DF,2026-2027,2024-2025,100.0,exact,Álex Valle,Como 1907,2004-04-25,12.0,22.4,2.754277891854894,CB,DF,Álex Valle,16.76,6.25,29.4,4.76,0.3119,36.6,0,0,0,0,1,0,1,0,0,0,0,0,0
alexander isak|1999,9937.0,6,0.6943632192181385,0.12348733636240947,0.6650575080336759,0.1404208998548621,2.8721979765919454,1.1978369767978032,2.652639844124874,2.779579195323746,0.405682462594332,0.14069458815061406,0.5339304668983467,0.6687217367280764,0.8490566037735849,0.0,,1,Alexander Isak,Liverpool,Premier League,27.0,1999.0,FW,2026-2027,2024-2025,100.0,exact,Alexander Isak,Liverpool FC,1999-09-21,85.0,27.0,4.7529089664613275,WINGER,FW,Alexander Isak,46.94,37.23,77.38,-38.06,-0.5845,-44.3,0,0,0,1,0,0,0,0,0,0,0,0,1
alexander nubel|1996,15660.0,5,0.0,0.019280205655526992,0.0,0.008823529411764706,0.0,0.0,0.0,0.01840490797546012,0.01840490797546012,0.014138817480719795,0.4325153374233129,0.0,0.11764705882352941,2.874035989717224,-0.21176470588235297,1,Alexander Nübel,Stuttgart,Bundesliga,28.0,1996.0,GK,2025-2026,2024-2025,100.0,exact,Alexander Nübel,VfB Stuttgart,1996-09-30,12.0,30.0,2.754277891854894,GK,GK,Alexander Nübel,7.16,4.07,20.04,-4.84,-0.4658,-37.2,1,0,0,0,0,0,0,0,0,0,1,0,0
alexander prass|2001,2874.0,2,0.10776165657134809,0.09930976193830117,0.05172413793103448,0.16091954022988506,0.9761938301169177,0.4225947316523454,1.6091954022988506,3.6206896551724146,2.4137931034482762,0.46274123115931814,3.0459770114942533,1.8965517241379313,0.8620689655172414,,,1,Alexander Prass,Hoffenheim,Bundesliga,24.0,2001.0,DF,2025-2026,2024-2025,100.0,exact,Alexander Prass,TSG 1899 Hoffenheim,2001-05-26,9.0,25.3,1.754962354551677,CB,DF,Alexander Prass,5.62,2.15,15.13,-3.38,-0.4122,-33.8,1,0,0,0,0,0,1,0,0,0,0,0,0
alexander s rloth|1995,10184.0,5,0.7405714285714287,0.09306122448979592,0.6251996908013397,0.09195402298850576,3.190530612244898,1.8577140953015663,1.7979902087090958,1.4362277763463025,0.4653439835094048,0.030367346938775512,1.1718629219273382,0.40505024478227264,5.6321839080459775,0.0,,1,Alexander Sørloth,Atlético Madrid,La Liga,29.0,1995.0,FW,2025-2026,2024-2025,100.0,exact,Alexander Sørloth,Atlético de Madrid,1995-12-05,18.0,30.8,1.754962354551677,ST,FW,Alexander Sørloth,17.8,8.39,19.81,-0.2,-0.0104,-1.0,0,1,0,0,0,0,0,0,0,0,0,1,0
alexander schwolow|1992,5020.0,5,0.0,0.0,0.0020129724893759786,0.0,0.020129724893759783,0.0,0.0,0.0,0.0,0.0312078597572722,0.4428539476627153,0.0,0.16666666666666666,3.1201073585327666,-0.5499999999999999,1,Alexander Schwolow,Mainz 05,Bundesliga,34.0,1992.0,GK,2026-2027,2024-2025,100.0,exact,Alexander Schwolow,Heart of Midlothian FC,1992-06-02,0.45,34.3,0.6707734428473648,GK,GK,Alexander Schwolow,1.03,0.5,2.41,0.58,0.3363,40.0,1,0,0,0,0,0,0,0,0,0,1,0,0
alexis claude maurice|1998,5688.0,6,0.30294358135731814,0.16312346688470972,0.2081711517459606,0.051209103840682786,2.809977578475336,1.0389116164018646,2.4370642099073114,2.8503822351656347,1.8397692587718069,0.4930498773507768,0.4511215031782923,0.7258267760633978,0.5974395448079659,0.0,,1,Alexis Claude-Maurice,Augsburg,Bundesliga,28.0,1998.0,"MF,FW",2026-2027,2024-2025,100.0,exact,Alexis Claude-Maurice,FC Augsburg,1998-06-06,15.0,28.3,0.7529089664613279,CAM,"MF,FW",Alexis Claude-Maurice,4.96,3.38,12.4,-10.04,-0.988,-62.8,1,0,0,0,0,1,0,0,0,0,0,0,0
alexis mac allister|1998,13173.0,6,0.1443396226415094,0.13584905660377358,0.16943074854325416,0.16275490573297424,1.6945637805684068,0.42508199004723124,1.5056556015503466,6.319244865135655,3.0919925119308145,0.7662735849056604,0.8257969256730032,1.8770269201360505,0.6579453636013852,0.0,,1,Alexis Mac Allister,Liverpool,Premier League,27.0,1998.0,MF,2026-2027,2024-2025,100.0,exact,Alexis Mac Allister,Liverpool FC,1998-12-24,70.0,27.8,1.754962354551677,CAM,MF,Alexis Mac Allister,50.58,21.72,62.84,-19.42,-0.3195,-27.3,0,0,0,1,0,1,0,0,0,0,0,0,0
alexis saelemaekers|1999,9607.0,6,0.17439903723572428,0.13676556077959431,0.14222127568948995,0.16430020283975658,1.4975993895136246,0.4633534965402339,3.0073474603343624,3.4539452667447557,1.8611436481737835,0.8462942754280935,0.5079331274624641,0.7206900223618359,0.48681541582150095,0.0,,1,Alexis Saelemaekers,Milan,Serie A,27.0,1999.0,MF,2026-2027,2024-2025,100.0,exact,Alexis Saelemaekers,AC Milan,1999-06-27,20.0,27.3,4.7529089664613275,CAM,MF,Alexis Saelemaekers,17.01,8.89,34.25,-2.99,-0.1533,-14.2,0,0,0,0,1,1,0,0,0,0,0,0,0
alexis sanchez|1988,6068.0,5,0.299153000540638,0.17660839790953325,0.35993502977801844,0.04118993135011443,1.892232834744999,0.4932478418168141,1.3773687060097455,4.9085002707092595,0.8283703302652952,0.37664444043971884,0.24688684353004875,0.5814834867352463,0.41189931350114417,0.0,,1,Alexis Sánchez,Sevilla,La Liga,36.0,1988.0,"FW,MF",2025-2026,2024-2025,100.0,exact,Alexis Sánchez,Sevilla FC,1988-12-19,1.2,37.8,,CAM,"FW,MF",Alexis Sánchez,0.99,0.6,2.49,-0.21,-0.0994,-9.5,0,1,0,0,0,1,0,0,0,0,0,0,0
alexsandro ribeiro|1999,7491.0,5,0.031190820986966687,0.014481452601091677,0.06813430471967057,0.013333333333333334,0.7897705904475366,0.17690215528078074,0.7198289515362685,4.9917643332277475,1.231548938866012,1.156288292302551,4.558441558441558,0.8253088375039594,2.1333333333333333,0.0,,1,Alexsandro Ribeiro,Lille,Ligue 1,27.0,1999.0,DF,2026-2027,2024-2025,90.0,fuzzy,Alexsandro,LOSC Lille,1999-08-09,15.0,27.1,1.754962354551677,CB,DF,Alexsandro Ribeiro,16.1,5.21,27.16,1.1,0.0662,6.8,0,0,1,0,0,0,1,0,0,0,0,0,0
alfonso espino|1992,11277.0,5,0.04226291984874323,0.05116037665900497,0.040585698886094146,0.06482593037214886,0.8741751316082151,0.44637167160788,1.4358605821056414,3.730326985267696,2.886273805246137,1.2445317713353599,2.6712181099532875,1.3436938555515632,1.5126050420168067,0.0,,1,Alfonso Espino,Rayo Vallecano,La Liga,33.0,1992.0,"DF,MF",2025-2026,2024-2025,100.0,exact,Alfonso Espino,Rayo Vallecano,1992-01-05,0.9,34.7,1.754962354551677,FULLBACK,"DF,MF",Alfonso Espino,1.31,0.98,3.39,0.41,0.1954,21.6,0,1,0,0,0,0,0,0,0,1,0,0,0
alfonso pedraza|1996,6712.0,6,0.05225052933542792,0.19517109487056894,0.07078395128846363,0.2739130434782609,0.8104219948849105,0.1997521113769348,4.256822877025117,2.214852669348701,1.6538001522235513,1.2908954306399836,1.9506360769816247,0.9851038382081114,0.9782608695652175,0.0,,1,Alfonso Pedraza,Lazio,Serie A,30.0,1996.0,DF,2026-2027,2024-2025,100.0,exact,Alfonso Pedraza,Villarreal CF,1996-04-09,2.5,30.5,2.754277891854894,FULLBACK,DF,Alfonso Pedraza,8.43,4.03,14.84,5.93,0.9914,169.5,0,0,0,0,1,0,0,0,0,1,0,0,0
alfon|1999,2016.0,2,0.30950395998332636,0.08128386827844937,0.30196936542669583,0.17067833698030635,2.7730304293455608,1.3036681950812838,5.842450765864333,1.4442013129102846,0.525164113785558,0.36265110462692784,0.3282275711159738,0.525164113785558,0.19693654266958427,,,1,Alfon,Villarreal,La Liga,26.0,1999.0,"FW,MF",2025-2026,2024-2025,90.0,fuzzy,Alfon González,Villarreal CF,1999-05-04,3.0,27.4,1.754962354551677,WINGER,"FW,MF",Alfon,4.67,2.47,9.95,1.67,0.3494,41.8,0,1,0,0,0,0,0,0,0,0,0,0,1
ali abdi|1993,2580.0,2,0.2726702883409946,0.06111575428332637,0.27781765972720746,0.12275664034458002,1.5255432511491853,0.4959778520685333,2.2613065326633164,2.71356783919598,2.7781765972720747,1.0107605516088591,2.390524048815506,1.2921751615218953,1.4213926776740846,,,1,Ali Abdi,Nice,Ligue 1,31.0,1993.0,"MF,DF",2025-2026,2024-2025,100.0,exact,Ali Abdi,OGC Nice,1993-12-20,2.0,32.8,0.7529089664613279,CAM,"MF,DF",Ali Abdi,1.05,0.72,2.15,-0.95,-0.3808,-31.7,0,0,1,0,0,1,0,0,0,0,0,0,0
alidu seidu|2000,7581.0,5,0.0,0.03821843304424519,0.012054060635577743,0.0336239103362391,0.35866529472291636,0.04999836606646841,1.5867527091196882,3.1165225861439185,2.391087300620967,1.637512861972659,2.2332886886643126,1.2996469012541094,1.0087173100871731,0.0,,1,Alidu Seidu,Rennes,Ligue 1,25.0,2000.0,DF,2025-2026,2024-2025,100.0,exact,Alidu Seidu,Stade Rennais FC,2000-06-04,6.0,26.3,2.754277891854894,CB,DF,Alidu Seidu,10.65,4.62,26.43,4.65,0.5092,66.4,0,0,1,0,0,0,1,0,0,0,0,0,0
alieu fadera|2001,2730.0,3,0.1054047992823503,0.12558869701726844,0.09306569343065693,0.21897810218978103,1.3800424628450108,0.43642368483132815,4.051094890510949,1.970802919708029,3.5036496350364965,0.5853330343126262,0.5474452554744526,0.9854014598540145,0.6021897810218978,,,1,Alieu Fadera,Cagliari,Serie A,24.0,2001.0,FW,2026-2027,2024-2025,100.0,exact,Alieu Fadera,US Sassuolo,2001-11-03,4.5,24.9,1.754962354551677,WINGER,FW,Alieu Fadera,5.38,2.87,17.74,0.88,0.149,16.1,0,0,0,0,1,0,0,0,0,0,0,0,1
alisson|1992,14388.0,6,0.0,0.004953063823765272,0.0,0.021531100478468897,0.0,0.0,0.0,0.08608156706710536,0.02180733032366669,0.0,0.4866477924860356,0.01951182186854388,0.2511961722488038,2.524239809127367,0.1255980861244019,1,Alisson,Liverpool,Premier League,33.0,1992.0,GK,2026-2027,2024-2025,100.0,exact,Alisson,Liverpool FC,1992-10-02,15.0,34.0,0.7529089664613279,GK,GK,Alisson,7.11,2.36,9.93,-7.89,-0.6796,-49.3,0,0,0,1,0,0,0,0,0,0,1,0,0
aljoscha kemlein|2004,3122.0,4,0.023498694516971282,0.0614581241213095,0.08598024005878993,0.05856832971800434,0.8713501646542262,0.14506833889023826,0.4776680003266107,4.01241120274353,0.9553360006532214,0.7302671219120305,1.4330040009798322,1.4036090471135791,1.8546637744034709,0.0,,1,Aljoscha Kemlein,Union Berlin,Bundesliga,22.0,2004.0,MF,2026-2027,2024-2025,100.0,exact,Aljoscha Kemlein,1.FC Union Berlin,2004-08-02,12.0,22.2,2.754277891854894,CM,MF,Aljoscha Kemlein,8.02,4.65,21.3,-3.98,-0.3655,-30.6,1,0,0,0,0,0,0,0,1,0,0,0,0
allan saint maximin|1997,4334.0,3,0.32676862141049623,0.4257894157773132,0.14775160599571738,,3.0943998239630326,0.6585365853658537,6.624732334047109,4.167558886509637,0.6102783725910064,0.23269886676202003,0.1284796573875803,0.3693790149892933,,0.0,,0,Allan Saint-Maximin,Lens,Ligue 1,28.0,1997.0,MF,2025-2026,,100.0,exact,Allan Saint-Maximin,CF América,1997-03-12,10.0,29.5,,CAM,MF,Allan Saint-Maximin,6.5,3.47,18.49,-3.5,-0.3827,-31.8,0,0,1,0,0,1,0,0,0,0,0,0,0
alpha toure|2006,1606.0,1,0.0,0.0560398505603985,,,0.9526774595267746,0.0560398505603985,,,,0.5603985056039851,,,,,,0,Alpha Touré,Metz,Ligue 1,19.0,2006.0,MF,2025-2026,,100.0,exact,Alpha Touré,FC Metz,2006-01-25,5.0,20.7,1.754962354551677,CM,MF,Alpha Touré,5.25,3.3,16.1,0.25,0.04,4.1,0,0,1,0,0,0,0,0,1,0,0,0,0
alphonse areola|1993,7158.0,5,0.0,0.01779152518721801,0.0,0.0,0.0,0.0,0.0,0.035742652899126294,0.056863311430428186,0.02721056793339225,0.5540111199364576,0.0,0.07964601769911504,3.7320340480952603,-0.10353982300884956,1,Alphonse Areola,West Ham,Premier League,32.0,1993.0,GK,2025-2026,2024-2025,100.0,exact,Alphonse Areola,West Ham United,1993-02-27,4.0,33.6,0.7529089664613279,GK,GK,Alphonse Areola,2.34,1.41,3.53,-1.66,-0.4027,-33.1,0,0,0,1,0,0,0,0,0,0,1,0,0
alphonso davies|2000,8203.0,6,0.07130044843049328,0.25291479820627805,0.0611359528113405,0.09230769230769231,0.7861093038386469,0.1725731895223421,5.056987917419846,5.949196080296831,1.894015792978784,0.8878923766816144,1.5395300161735326,1.1062696223004471,0.5192307692307693,0.0,,1,Alphonso Davies,Bayern Munich,Bundesliga,25.0,2000.0,DF,2026-2027,2024-2025,100.0,exact,Alphonso Davies,Bayern Munich,2000-11-02,40.0,25.9,3.753593429158111,FULLBACK,DF,Alphonso Davies,45.3,15.21,50.25,5.3,0.1216,12.9,1,0,0,0,0,0,0,0,0,1,0,0,0
alvaro carreras|2003,3008.0,3,0.10137883560357955,0.09574667807004734,0.07578947368421053,,0.44263302898517726,0.1157804459691252,2.463157894736842,2.6526315789473687,2.463157894736842,1.4061619975385384,1.7052631578947368,0.9473684210526315,,0.0,,0,Álvaro Carreras,Real Madrid,La Liga,23.0,2003.0,DF,2026-2027,,100.0,exact,Álvaro Carreras,Real Madrid,2003-03-23,50.0,23.5,4.7529089664613275,FULLBACK,DF,Álvaro Carreras,8.84,4.96,25.15,-41.16,-1.6452,-80.7,0,1,0,0,0,0,0,0,0,1,0,0,0
alvaro garcia|1992,13530.0,6,0.1864177821441729,0.17094436939702812,0.21726755218216318,0.17584994138335286,2.0345862640562697,0.8623738837991417,2.6280834914611004,2.39207779886148,1.2618595825426944,1.0256662163821686,1.1990037950664136,1.1586812144212524,0.31652989449003516,0.0,,1,Álvaro García,Rayo Vallecano,La Liga,33.0,1992.0,"MF,FW",2026-2027,2024-2025,100.0,exact,Álvaro García,Rayo Vallecano,1992-10-27,1.5,33.9,1.754962354551677,CAM,"MF,FW",Álvaro García,3.26,2.85,8.02,1.76,0.5322,70.3,0,1,0,0,0,1,0,0,0,0,0,0,0
alvaro morata|1992,8135.0,5,0.415246914586628,0.09097282227692909,0.4981659235179124,0.06551410373066424,2.6572867926373966,0.7954281157590457,1.4371691523711203,1.4055395699255384,0.9251652865332659,0.14819766209628774,0.9133041931161728,0.7116656050255892,1.1464968152866242,0.0,,1,Álvaro Morata,Como,Serie A,32.0,1992.0,"FW,MF",2025-2026,2024-2025,100.0,exact,Álvaro Morata,Como 1907,1992-10-23,6.0,33.9,2.754277891854894,ST,"FW,MF",Álvaro Morata,3.89,3.25,5.9,-2.11,-0.3589,-30.2,0,0,0,0,1,0,0,0,0,0,0,1,0
alvaro nunez|2000,2238.0,2,0.0,0.07879490150637311,,,0.2734177215189873,0.04556962025316456,,,,0.8157589803012747,,,,,,0,Álvaro Núñez,Celta Vigo,La Liga,26.0,2000.0,"DF,MF",2026-2027,,100.0,exact,Álvaro Núñez,Celta de Vigo,2000-07-07,4.0,26.2,3.753593429158111,FULLBACK,"DF,MF",Álvaro Núñez,6.99,2.95,23.33,2.99,0.4692,59.9,0,1,0,0,0,0,0,0,0,1,0,0,0
alvaro odriozola|1995,2409.0,5,0.15303382853051728,0.03221764811168785,0.041768725022560266,0.0,0.24163236083765882,0.38480885311871227,3.434317390743844,2.6801598556142836,1.6707490009024104,0.8457132629318059,1.4619053757896094,0.6033260281036483,2.093023255813953,0.0,,1,Álvaro Odriozola,Real Sociedad,La Liga,29.0,1995.0,DF,2025-2026,2024-2025,100.0,exact,Álvaro Odriozola,Real Sociedad,1995-12-14,0.8,30.8,2.754277891854894,FULLBACK,DF,Álvaro Odriozola,2.05,1.44,6.62,1.25,0.5259,69.2,0,1,0,0,0,0,0,0,0,1,0,0,0
alvaro rodriguez|2004,3053.0,2,0.2691110057121646,0.15775472748644134,0.1267605633802817,0.03169014084507042,2.969500752685955,0.9984946280906524,0.6338028169014085,1.3732394366197183,1.056338028169014,0.19858536283587322,1.267605633802817,2.4295774647887325,10.985915492957746,,,1,Álvaro Rodríguez,Elche,La Liga,21.0,2004.0,FW,2025-2026,2024-2025,100.0,exact,Álvaro Rodríguez,Elche CF,2004-07-14,10.0,22.2,2.754277891854894,ST,FW,Álvaro Rodríguez,15.35,7.38,26.04,5.35,0.3966,48.7,0,1,0,0,0,0,0,0,0,0,0,1,0
alvaro valles|1997,6413.0,3,0.0,0.0,0.0,,0.0,0.0,0.0,0.1379098988660742,0.08274593931964451,0.018040963599702857,1.1032791909285935,0.0,,3.0549669699613613,,0,Álvaro Vallés,Betis,La Liga,29.0,1997.0,GK,2026-2027,,100.0,exact,Álvaro Valles,Real Betis Balompié,1997-07-25,7.0,29.2,3.753593429158111,GK,GK,Álvaro Vallés,6.32,3.67,12.44,-0.68,-0.0883,-8.5,0,1,0,0,0,0,0,0,0,0,1,0,0
amad diallo|2002,4632.0,3,0.1945016171714202,0.18259335489561893,0.20919108528505123,0.23198316675433983,2.1196706850926197,0.8538211130057356,4.83435495872161,2.7743329908230874,1.8623108811961875,0.5385180829167892,0.9598554370548843,0.7079332459341671,0.4734350341925302,0.0,,1,Amad Diallo,Manchester Utd,Premier League,23.0,2002.0,"MF,FW",2025-2026,2024-2025,100.0,exact,Amad Diallo,Manchester United,2002-07-11,45.0,24.2,3.753593429158111,CAM,"MF,FW",Amad Diallo,36.51,18.39,49.61,-8.49,-0.2041,-18.5,0,0,0,1,0,1,0,0,0,0,0,0,0
amadou haidara|1998,6057.0,6,0.09363716110079764,0.0844570472673861,0.09841262040495381,0.06136363636363637,1.157453602075434,0.1961693641886565,0.5241301356398663,5.177167289168469,2.107578140357775,1.2466594585772865,2.6029585217220363,2.1495970119913506,2.0454545454545454,0.0,,1,Amadou Haidara,Lens,Ligue 1,28.0,1998.0,MF,2026-2027,2024-2025,100.0,exact,Amadou Haidara,RB Leipzig,1998-01-31,5.0,28.7,2.754277891854894,CDM,MF,Amadou Haidara,7.23,3.22,19.57,2.23,0.3157,37.1,0,0,1,0,0,0,0,1,0,0,0,0,0
amadou onana|2001,9313.0,5,0.10390650770463221,0.010602704867819612,0.10718571584421252,0.03896103896103896,1.065571839215871,0.34828216158877956,1.2256809338521402,4.010873122659006,2.9619258882141173,1.1609961830262474,1.7100621840794212,0.9458525764573258,1.7810760667903527,0.0,,1,Amadou Onana,Aston Villa,Premier League,23.0,2001.0,MF,2025-2026,2024-2025,100.0,exact,Amadou Onana,Aston Villa,2001-08-16,45.0,25.1,2.754277891854894,CDM,MF,Amadou Onana,36.04,26.13,45.42,-8.96,-0.2167,-19.5,0,0,0,1,0,0,0,1,0,0,0,0,0
ameen al dakhil|2002,1868.0,3,0.037534754402224285,0.0,0.0773809523809524,0.04166666666666668,0.4253938832252085,0.0,0.45238095238095244,2.8035714285714293,1.1071428571428574,1.2928637627432809,4.357142857142857,1.6250000000000004,1.6666666666666667,0.0,,1,Ameen Al-Dakhil,Stuttgart,Bundesliga,23.0,2002.0,DF,2025-2026,2024-2025,100.0,exact,Ameen Al-Dakhil,VfB Stuttgart,2002-03-06,3.0,24.6,1.754962354551677,CB,DF,Ameen Al-Dakhil,2.33,1.41,9.31,-0.67,-0.1839,-16.8,1,0,0,0,0,0,1,0,0,0,0,0,0
amin sarr|2001,4030.0,4,0.10145156824743899,0.062294822608076575,0.1574830359386781,0.09910854745673833,1.3366689079618717,0.39908098793796665,1.4617366172405128,1.965003769791405,1.0376350841920081,0.22248150931455918,0.6220155818044735,0.8679944709726063,3.067645516518091,0.0,,1,Amin Sarr,Hellas Verona,Serie A,24.0,2001.0,"FW,MF",2025-2026,2024-2025,100.0,exact,Amin Sarr,Hellas Verona,2001-03-11,2.4,25.5,2.754277891854894,ST,"FW,MF",Amin Sarr,5.17,3.19,17.69,2.77,0.5952,81.3,0,0,0,0,1,0,0,0,0,0,0,1,0
amine adli|2000,5448.0,5,0.27986525006478363,0.17491578129048976,0.3193998629494716,0.08224543080939947,2.141746566467997,0.7694733522548092,3.573772856782198,3.3108522378908645,1.5677859126483211,0.40424980564913193,0.5063656363833087,1.3795217657878602,2.4673629242819843,0.0,,1,Amine Adli,Bournemouth,Premier League,25.0,2000.0,"MF,FW",2025-2026,2024-2025,100.0,exact,Amine Adli,AFC Bournemouth,2000-05-10,20.0,26.4,3.753593429158111,CAM,"MF,FW",Amine Adli,32.12,16.0,37.66,12.12,0.4557,57.7,0,0,0,1,0,1,0,0,0,0,0,0,0
amine gouiri|2000,11428.0,6,0.5067241790487645,0.1829059651815062,0.4203445144009483,0.17266187050359716,3.035210221363839,1.4665538703244911,2.1876202644663723,2.9911793229784025,0.8603623712689151,0.27809172257188186,0.3948522959929804,0.7439848524499315,0.4316546762589928,0.0,,1,Amine Gouiri,Marseille,Ligue 1,26.0,2000.0,"FW,MF",2026-2027,2024-2025,100.0,exact,Amine Gouiri,Olympique Marseille,2000-02-16,28.0,26.6,2.754277891854894,ST,"FW,MF",Amine Gouiri,50.98,24.9,68.33,22.98,0.5835,79.2,0,0,1,0,0,0,0,0,0,0,0,1,0
amine harit|1997,4434.0,5,0.10654992979268191,0.24283472371355413,0.1643308013266289,0.4161849710982659,1.479619129132342,0.8670520231213873,3.594736279020007,6.155985877821761,1.354445276559324,0.7309820764846783,0.26639563496308977,1.2742056274740559,0.17341040462427745,0.0,,1,Amine Harit,Marseille,Ligue 1,29.0,1997.0,MF,2026-2027,2024-2025,100.0,exact,Amine Harit,Olympique Marseille,1997-06-18,5.0,29.3,0.7529089664613279,CAM,MF,Amine Harit,6.65,2.18,16.19,1.65,0.2424,27.4,0,0,1,0,0,1,0,0,0,0,0,0,0
amine sbai|2000,2241.0,2,0.1623228166438043,0.0845907636031093,,,,,,,,0.425531914893617,,,,,,0,Amine Sbai,Angers,Ligue 1,25.0,2000.0,"MF,FW",2026-2027,,100.0,exact,Amine Sbaï,Angers SCO,2000-11-05,4.0,25.9,0.7529089664613279,CM,"MF,FW",Amine Sbai,5.73,2.47,15.32,1.73,0.2976,34.7,0,0,1,0,0,0,0,0,1,0,0,0,0
amir richardson|2002,2859.0,4,0.10281601645056263,0.056548809047809456,0.09218995290423863,0.05273437499999999,1.0754371230052684,0.4170825609582205,1.7625588697017271,4.4470172684458396,2.426609105180534,0.9587593534014965,2.285321821036107,1.469387755102041,1.669921875,0.0,,1,Amir Richardson,Le Havre,Ligue 1,24.0,2002.0,MF,2026-2027,2024-2025,100.0,exact,Amir Richardson,ACF Fiorentina,2002-01-24,4.0,24.7,2.754277891854894,CDM,MF,Amir Richardson,9.4,3.03,24.98,5.4,0.732,107.9,0,0,1,0,0,0,0,1,0,0,0,0,0
amir rrahmani|1994,13626.0,6,0.06608826135193595,0.058186404016378396,0.07817236394161266,0.029066353493834417,0.7685295862822156,0.12875536480686695,0.7345054330084411,4.5098633586718275,1.0608357039593341,0.7851572788876738,3.8928787949447377,1.0776243995709556,3.276570757486789,0.0,,1,Amir Rrahmani,Napoli,Serie A,32.0,1994.0,DF,2026-2027,2024-2025,100.0,exact,Amir Rrahmani,SSC Napoli,1994-02-24,10.0,32.6,0.7529089664613279,CB,DF,Amir Rrahmani,6.1,2.23,8.34,-3.9,-0.4377,-35.5,0,0,0,0,1,0,1,0,0,0,0,0,0
amos pieper|1998,8274.0,6,0.012531153840798653,0.006265576920399326,0.03386986040125105,0.03604806408544726,0.4801036061732012,0.09398329185922502,0.5812800366160653,3.5883743992676784,2.032191624075063,1.5350663454978348,5.336791517278206,1.5127011976504692,2.403204272363151,0.0,,1,Amos Pieper,Werder Bremen,Bundesliga,28.0,1998.0,DF,2026-2027,2024-2025,100.0,exact,Amos Pieper,SV Werder Bremen,1998-01-17,4.0,28.7,,CB,DF,Amos Pieper,4.17,1.98,10.35,0.17,0.0327,3.3,1,0,0,0,0,0,1,0,0,0,0,0,0
anastasios douvikas|1999,4775.0,4,0.5237508241836998,0.08385173293581401,0.4760540649586443,0.09140625000000002,2.4718569671743453,1.1266076952298258,0.9876941698608028,0.9913253984264676,1.0566875126084325,0.17802367915603587,0.7189832560016138,0.5737341133750252,1.546875,0.0,,1,Anastasios Douvikas,Como,Serie A,27.0,1999.0,FW,2026-2027,2024-2025,100.0,exact,Anastasios Douvikas,Como 1907,1999-08-02,25.0,27.2,2.754277891854894,ST,FW,Anastasios Douvikas,13.99,8.01,21.45,-11.01,-0.5508,-42.4,0,0,0,0,1,0,0,0,0,0,0,1,0
ander barrenetxea|2001,6193.0,6,0.19896644465409688,0.17742230733486347,0.17691245035399758,0.13539192399049882,1.8899207318015359,0.5645613278723863,3.323260231393542,2.9891210499050245,1.9711621481609392,0.6780066744582283,0.7563460542220688,1.1552408910378174,0.498812351543943,0.0,,1,Ander Barrenetxea,Real Sociedad,La Liga,24.0,2001.0,MF,2026-2027,2024-2025,100.0,exact,Ander Barrenetxea,Real Sociedad,2001-12-27,18.0,24.8,3.753593429158111,CAM,MF,Ander Barrenetxea,19.7,9.17,34.38,1.7,0.0859,9.0,0,1,0,0,0,1,0,0,0,0,0,0,0
ander guevara|1997,6718.0,6,0.03461743298420025,0.03994319190484644,0.030034104660970336,0.02773497688751926,0.5400877299865968,0.13835131351395868,1.1469067439216694,5.462246507022626,2.0281271773809086,0.7269660926682052,1.656826432945836,1.0445927610106713,1.386748844375963,0.0,,1,Ander Guevara,Alavés,La Liga,29.0,1997.0,MF,2026-2027,2024-2025,100.0,exact,Ander Guevara,Deportivo Alavés,1997-07-07,2.5,29.2,0.7529089664613279,CM,MF,Ander Guevara,5.35,2.03,13.02,2.85,0.5955,81.4,0,1,0,0,0,0,0,0,1,0,0,0,0
andoni gorosabel|1996,9696.0,5,0.009971808098093046,0.056506912555860586,0.021993150802801627,0.10909090909090911,0.3744967930172721,0.06364172068355922,1.633998175841952,3.4910254865855546,2.2736581252473798,1.0115845326176611,2.5400540363799067,0.9091534874115885,1.2121212121212122,0.0,,1,Andoni Gorosabel,Athletic Club,La Liga,28.0,1996.0,DF,2025-2026,2024-2025,100.0,exact,Andoni Gorosabel,Athletic Bilbao,1996-08-04,3.0,30.1,1.754962354551677,CB,DF,Andoni Gorosabel,5.08,2.07,13.71,2.08,0.4192,52.1,0,1,0,0,0,0,1,0,0,0,0,0,0
andras schafer|1999,5466.0,6,0.08186565876762385,0.07057384376519298,0.06867530718734219,0.05280312907431551,1.2837148638028195,0.3734778566407402,1.8052516411378554,3.53980811311227,2.6510688436290186,1.2844439565265122,1.9087695674128933,1.8380743982494532,1.6427640156453716,0.0,,1,András Schäfer,Union Berlin,Bundesliga,27.0,1999.0,MF,2026-2027,2024-2025,100.0,exact,András Schäfer,1.FC Union Berlin,1999-04-13,4.5,27.5,0.7529089664613279,CM,MF,András Schäfer,4.82,2.67,10.25,0.32,0.0566,5.8,1,0,0,0,0,0,0,0,1,0,0,0,0
andre almeida|2000,6620.0,5,0.03771890435563539,0.15491692860350248,,,,,,,,0.7377049180327868,,,,,,0,André Almeida,Racing Sant,La Liga,26.0,2000.0,MF,2026-2027,,100.0,exact,André Almeida,Valencia CF,2000-05-30,6.0,26.3,2.754277891854894,CM,MF,André Almeida,11.94,8.62,23.0,5.94,0.6145,84.9,0,1,0,0,0,0,0,0,1,0,0,0,0
andre frank zambo anguissa|1995,11872.0,5,0.14117578284845766,0.09996297667530545,0.12405848471422241,0.07573632538569425,1.359145735497574,0.47569361294516094,1.195170580416482,4.980062029242357,1.6171909614532565,1.0706560922855082,0.9769605671245015,1.0899424014178114,2.114305750350631,0.0,,1,Andre-Frank Zambo Anguissa,Napoli,Serie A,29.0,1995.0,MF,2025-2026,2024-2025,80.0,surname,Frank Anguissa,SSC Napoli,1995-11-16,15.0,30.9,0.7529089664613279,CM,MF,Andre-Frank Zambo Anguissa,8.98,4.0,16.78,-6.02,-0.4721,-37.6,0,0,0,0,1,0,0,0,1,0,0,0,0
andre gomes|1993,4040.0,5,0.07040646696437301,0.035203233482186506,0.04744131224830567,0.0493730407523511,0.9768897291306755,0.2098780196125329,1.3201060799528532,7.328356742952559,1.8593458402907377,0.4459076241076958,0.80443964247127,0.8751596110401728,0.6347962382445141,0.0,,1,André Gomes,Lille,Ligue 1,32.0,1993.0,MF,2025-2026,2024-2025,100.0,exact,André Gomes,LOSC Lille,1993-07-30,3.0,33.2,0.7529089664613279,CM,MF,André Gomes,1.4,0.93,2.89,-1.6,-0.5111,-40.0,0,0,1,0,0,0,0,0,1,0,0,0,0
andre silva|1995,6899.0,5,0.415309871663155,0.07365873195535202,0.5248903593136878,0.1775147928994083,2.759851637731381,1.3822848727119714,1.5511271831961222,1.8350388551204124,0.4951142571362622,0.1708255698539015,0.4743402323613141,0.6024467184734938,2.3076923076923075,0.0,,1,André Silva,Elche,La Liga,29.0,1995.0,"FW,MF",2025-2026,2024-2025,100.0,exact,André Silva,Elche CF,1995-11-06,3.0,30.9,0.7529089664613279,ST,"FW,MF",André Silva,3.98,2.33,7.01,0.98,0.2198,24.6,0,1,0,0,0,0,0,0,0,0,0,1,0
andrea belotti|1993,4959.0,5,0.3382480485689506,0.07805724197745013,0.3523173223494308,0.06070826306913997,2.5654813529921943,0.8398744113029828,1.450718386144715,1.2755813576362989,0.901955696818344,0.35385949696444063,0.5867090455031947,0.7764408263873123,2.7318718381112985,0.0,,1,Andrea Belotti,Cagliari,Serie A,31.0,1993.0,FW,2025-2026,2024-2025,100.0,exact,Andrea Belotti,Cagliari Calcio,1993-12-20,1.5,32.8,,ST,FW,Andrea Belotti,1.14,0.89,3.07,-0.36,-0.1537,-14.2,0,0,0,0,1,0,0,0,0,0,0,1,0
andrea cambiaso|2000,11322.0,5,0.07813898535677205,0.12647237836096095,0.04844472629967054,0.10535794687077893,0.8337510293222584,0.3543307086614173,3.1447309399699934,3.6236098436219084,1.9461415910040063,0.6629730407074577,1.273762200120648,1.0579882755100463,0.24313372354795137,0.0,,1,Andrea Cambiaso,Juventus,Serie A,25.0,2000.0,"DF,FW",2025-2026,2024-2025,100.0,exact,Andrea Cambiaso,Juventus FC,2000-02-20,20.0,26.6,2.754277891854894,FULLBACK,"DF,FW",Andrea Cambiaso,13.93,5.79,31.68,-6.07,-0.3413,-28.9,0,0,0,0,1,0,0,0,0,1,0,0,0
andrea carboni|2001,6500.0,5,0.01448212976703438,0.020918631885716327,0.03169888183997793,0.012323140118667274,0.5556852177972035,0.041077133728890915,0.5957862128959708,2.5129956928560824,2.3735969956079863,1.0829414814682377,3.9451740892406275,1.35388597738219,1.5609310816978548,0.0,,1,Andrea Carboni,Monza,Serie A,25.0,2001.0,DF,2026-2027,2024-2025,100.0,exact,Andrea Carboni,AC Monza,2001-02-04,2.5,25.6,2.754277891854894,CB,DF,Andrea Carboni,10.36,3.75,25.0,7.86,1.177,224.5,0,0,0,0,1,0,1,0,0,0,0,0,0
andrea colpani|1999,5289.0,4,0.2374352405895735,0.09290944196983311,0.16907486936469993,0.08170391061452514,2.2181556622733716,0.7541899441340782,2.753178616006262,3.952696270282849,0.9329581755484567,0.49035538817411917,0.544542935116038,0.4950390319236709,0.6284916201117319,0.0,,1,Andrea Colpani,Monza,Serie A,27.0,1999.0,MF,2026-2027,2024-2025,100.0,exact,Andrea Colpani,ACF Fiorentina,1999-05-11,6.0,27.4,1.754962354551677,CAM,MF,Andrea Colpani,6.47,3.14,14.12,0.47,0.0654,6.8,0,0,0,0,1,1,0,0,0,0,0,0,0
andrea pinamonti|1999,13618.0,6,0.30718660581266105,0.05462671743088893,0.26697589724030163,0.053684210526315786,2.5102477920119366,0.9924907377477187,0.6311748711197509,1.384155419122261,0.353236462960001,0.05675503109702745,0.9135425766206923,0.5780233030254561,2.621052631578947,0.0,,1,Andrea Pinamonti,Lazio,Serie A,27.0,1999.0,FW,2026-2027,2024-2025,100.0,exact,Andrea Pinamonti,US Sassuolo,1999-05-19,15.0,27.4,0.7529089664613279,ST,FW,Andrea Pinamonti,19.03,8.49,35.9,4.03,0.2245,25.2,0,0,0,0,1,0,0,0,0,0,0,1,0
andreas christensen|1996,6300.0,6,0.043216835776024046,0.0807966929725667,0.04157422884060173,0.0,0.5622459732048772,0.2983910287664554,0.9490958820847897,5.101048472876463,1.129615559945297,1.161217587373168,2.283847439598845,0.9053335359367876,3.89763779527559,0.0,,1,Andreas Christensen,Barcelona,La Liga,30.0,1996.0,DF,2026-2027,2024-2025,100.0,exact,Andreas Christensen,FC Barcelona,1996-04-10,8.0,30.5,1.754962354551677,CB,DF,Andreas Christensen,4.2,1.8,13.25,-3.8,-0.5491,-42.3,0,1,0,0,0,0,1,0,0,0,0,0,0
andreas hanche olsen|1997,4624.0,4,0.051080467501891866,0.08513411250315311,0.05083824195740825,0.02102803738317757,0.6224249558563861,0.22240765107994478,0.1767104666968736,2.2510194834617128,1.7072949705482556,1.212688135878248,5.053919347530585,1.3457181694608067,3.434579439252336,0.0,,1,Andreas Hanche-Olsen,Mainz 05,Bundesliga,28.0,1997.0,DF,2025-2026,2024-2025,100.0,exact,Andreas Hanche-Olsen,1.FSV Mainz 05,1997-01-17,3.5,29.7,1.754962354551677,CB,DF,Andreas Hanche-Olsen,2.91,1.62,7.97,-0.59,-0.1402,-13.1,1,0,0,0,0,0,1,0,0,0,0,0,0
andreas skov olsen|1999,1644.0,3,0.18489351503115797,0.10477299185098952,0.12995620783524678,0.31962616822429907,1.3805382455659796,0.32267907544435115,3.66433897502663,3.4512960113622912,1.3634749674517694,0.30199274121755804,1.8960823766126165,0.7456503728251864,0.5046728971962616,0.0,,1,Andreas Skov Olsen,Wolfsburg,Bundesliga,25.0,1999.0,"FW,MF",2025-2026,2024-2025,100.0,exact,Andreas Skov Olsen,Rangers FC,1999-12-29,6.0,26.7,2.754277891854894,WINGER,"FW,MF",Andreas Skov Olsen,2.51,1.81,9.29,-3.49,-0.6916,-49.9,1,0,0,0,0,0,0,0,0,0,0,0,1
andrei ratiu|1998,7042.0,4,0.03979468250764173,0.09256589191994924,0.051609359551796116,0.16737357259380098,0.9498680738786279,0.2507879950664657,3.634406239701198,4.06547292101505,2.038668570800835,1.0329315416113962,2.0900801933428537,1.2279468307151489,0.5872756933115824,0.0,,1,Andrei Ratiu,Rayo Vallecano,La Liga,28.0,1998.0,DF,2026-2027,2024-2025,100.0,exact,Andrei Rațiu,Rayo Vallecano,1998-06-20,18.0,28.3,3.753593429158111,FULLBACK,DF,Andrei Ratiu,6.76,3.8,15.4,-11.24,-0.895,-59.1,0,1,0,0,0,0,0,0,0,1,0,0,0
andrej ilic|2000,3194.0,2,0.313353115727003,0.30267062314540055,0.4706510138740662,0.028815368196371396,2.7738872403560833,1.0415430267062313,0.4802561366061899,1.248665955176094,0.192102454642476,0.17626112759643914,0.576307363927428,0.6723585912486659,4.994663820704376,,,1,Andrej Ilic,Union Berlin,Bundesliga,25.0,2000.0,FW,2025-2026,2024-2025,100.0,exact,Andrej Ilic,1.FC Union Berlin,2000-04-03,9.0,26.5,0.7529089664613279,ST,FW,Andrej Ilic,8.06,3.64,16.03,-0.94,-0.0992,-9.4,1,0,0,0,0,0,0,0,0,0,0,1,0
andrej kramaric|1991,12266.0,5,0.4783728813559322,0.24244067796610172,0.4241101961535305,0.13986266714853632,2.4349830508474577,1.053204517621445,2.5249637512652865,4.552567504719175,0.4124148496703417,0.28311864406779663,0.4062594041528739,0.5219817798812683,0.26020961329960246,0.0,,1,Andrej Kramarić,Hoffenheim,Bundesliga,34.0,1991.0,"MF,FW",2025-2026,2024-2025,100.0,exact,Andrej Kramaric,TSG 1899 Hoffenheim,1991-06-19,2.5,35.3,1.754962354551677,CAM,"MF,FW",Andrej Kramarić,5.82,3.31,8.05,3.32,0.667,94.8,1,0,0,0,0,1,0,0,0,0,0,0,0
andrew omobamidele|2002,3241.0,5,0.04121773085544869,0.0,0.007895802402483465,0.0,0.1924142845831024,0.1526133794387552,0.12754757727088675,1.3179916317991631,1.1965177486840328,1.26473353098561,5.691051423943851,1.7006343636118233,1.50278293135436,0.0,,1,Andrew Omobamidele,Strasbourg,Ligue 1,24.0,2002.0,DF,2026-2027,2024-2025,100.0,exact,Andrew Omobamidele,RC Strasbourg Alsace,2002-06-23,8.0,24.3,2.754277891854894,CB,DF,Andrew Omobamidele,4.86,2.7,17.48,-3.14,-0.4292,-34.9,0,0,1,0,0,0,1,0,0,0,0,0,0
andrew robertson|1994,10471.0,5,0.05264142997520004,0.09580740255486407,0.05771697306541257,0.1668009669621273,0.6043236161152964,0.13261127482873436,2.7360593660294388,6.527514810969278,1.48964759054541,0.6790744466800805,1.9706223660905147,0.7118426678067549,0.2538275584206285,0.0,,1,Andrew Robertson,Liverpool,Premier League,31.0,1994.0,DF,2025-2026,2024-2025,100.0,exact,Andrew Robertson,Liverpool FC,1994-03-11,7.0,32.6,3.753593429158111,FULLBACK,DF,Andrew Robertson,8.14,6.86,11.54,1.14,0.1328,14.2,0,0,0,1,0,0,0,0,0,1,0,0,0
andrey santos|2004,4946.0,3,0.2126821583300512,0.0531705395825128,0.15197111719065345,0.10402802101576182,1.2174690217226647,0.37208507730417695,0.8516840830605015,4.781136475759071,3.4127909584249005,1.107037901051292,1.9576624658025745,1.3521998475131185,1.1663747810858145,0.0,,1,Andrey Santos,Chelsea,Premier League,21.0,2004.0,MF,2025-2026,2024-2025,100.0,exact,Andrey Santos,Chelsea FC,2004-05-03,40.0,22.4,3.753593429158111,CM,MF,Andrey Santos,50.27,22.93,55.75,10.27,0.2235,25.0,0,0,0,1,0,0,0,0,1,0,0,0,0
andre|2001,5234.0,2,0.019345049943102793,0.0,0.014563106796116507,0.029126213592233014,0.43810848400556335,0.034138323429004934,0.3640776699029126,3.9684466019417477,3.313106796116505,1.030977367555949,1.0922330097087378,1.529126213592233,0.07281553398058253,,,1,André,Wolves,Premier League,24.0,2001.0,MF,2025-2026,2024-2025,100.0,exact,André,Wolverhampton Wanderers,2001-07-16,25.0,25.2,3.753593429158111,CDM,MF,André,30.73,15.16,34.12,5.73,0.1992,22.0,0,0,0,1,0,0,0,1,0,0,0,0,0
andriy lunin|1999,3870.0,5,0.0,0.03087885985748218,0.0,0.1285714285714286,0.0,0.0,0.0,0.0,0.040752351097178674,0.0,0.5736677115987461,0.0,0.2857142857142857,2.244655581947743,-0.08571428571428572,1,Andriy Lunin,Real Madrid,La Liga,26.0,1999.0,GK,2025-2026,2024-2025,100.0,exact,Andriy Lunin,Real Madrid,1999-02-11,12.0,27.6,3.753593429158111,GK,GK,Andriy Lunin,8.06,2.65,20.11,-3.94,-0.3607,-30.3,0,1,0,0,0,0,0,0,0,0,1,0,0
andy diouf|2003,4466.0,4,0.06099892252615481,0.1345104445448542,0.11307697970601947,0.11325842696629213,1.7480557419762346,0.30821917808219174,3.6065372628892547,4.920615445019754,1.6188559789943806,0.43637690730249207,0.6161811980074109,0.9474614119898899,0.7280898876404495,0.0,,1,Andy Diouf,Inter,Serie A,23.0,2003.0,MF,2026-2027,2024-2025,100.0,exact,Andy Diouf,RC Lens,2003-05-17,20.0,23.4,3.753593429158111,CAM,MF,Andy Diouf,18.89,7.74,33.97,-1.11,-0.0543,-5.3,0,0,0,0,1,1,0,0,0,0,0,0,0
andy robertson|1994,10838.0,6,0.04847884167887615,0.10762302852710505,,,,,,,,0.7356948228882835,,,,,,0,Andy Robertson,Tottenham,Premier League,32.0,1994.0,DF,2026-2027,,80.0,surname,Andrew Robertson,Liverpool FC,1994-03-11,7.0,32.6,3.753593429158111,CB,DF,Andy Robertson,7.88,6.79,10.74,0.88,0.1046,11.0,0,0,0,1,0,0,1,0,0,0,0,0,0
ange yoan bonny|2003,3671.0,2,0.2805454093438642,0.2065364976764644,0.33451957295373663,0.10320284697508895,2.008567439903616,0.6884549922548814,1.4590747330960854,1.8861209964412813,1.2099644128113878,0.09638369891568338,0.6049822064056939,0.6049822064056939,0.8185053380782917,,,1,Ange-Yoan Bonny,Inter,Serie A,21.0,2003.0,FW,2025-2026,2024-2025,100.0,exact,Ange-Yoan Bonny,Inter Milan,2003-10-25,35.0,22.9,3.753593429158111,ST,FW,Ange-Yoan Bonny,22.69,9.4,33.51,-12.31,-0.4183,-34.2,0,0,0,0,1,0,0,0,0,0,0,1,0
angel gomes|2000,8796.0,6,0.10932833932277167,0.15602065090853873,0.1206900092411952,0.2567934782608696,1.2590048584352487,0.40152610688901874,1.5950302905842488,6.263682102885306,1.1366670089331554,0.43048033608341346,0.6302495122702535,0.6006776876476024,0.6114130434782609,0.0,,1,Angel Gomes,Marseille,Ligue 1,26.0,2000.0,"MF,FW",2026-2027,2024-2025,100.0,exact,Angel Gomes,Olympique Marseille,2000-08-31,10.0,26.1,1.754962354551677,CAM,"MF,FW",Angel Gomes,19.82,10.4,41.3,9.82,0.638,89.3,0,0,1,0,0,1,0,0,0,0,0,0,0
angel perez|2002,1776.0,2,0.04833206974981046,0.31557998483699773,,,0.9782608695652174,0.2795031055900621,,,,0.719294920394238,,,,,,0,Ángel Pérez,Alavés,La Liga,24.0,2002.0,"MF,DF",2026-2027,,100.0,exact,Ángel Pérez,Deportivo Alavés,2002-06-08,3.0,24.3,3.753593429158111,CAM,"MF,DF",Ángel Pérez,9.34,4.34,20.99,6.34,0.9497,158.5,0,1,0,0,0,1,0,0,0,0,0,0,0
angelino|1997,9649.0,5,0.035375967925789085,0.0849023230218938,0.036259404196329295,0.1048158640226629,0.7051609606540622,0.20838070824633576,1.502360976736798,4.265353568901532,1.355503891640554,0.8325144451869029,2.627832089067306,0.9565204834587226,0.8498583569405099,0.0,,1,Angeliño,Roma,Serie A,28.0,1997.0,DF,2025-2026,2024-2025,100.0,exact,Angeliño,Associazione Sportiva Roma,1997-01-04,4.5,29.7,1.754962354551677,CB,DF,Angeliño,7.49,3.63,18.65,2.99,0.4336,54.3,0,0,0,0,1,0,1,0,0,0,0,0,0
angelo stiller|2001,10959.0,6,0.048680225010817826,0.18049129580933992,0.05649901541286034,0.23641006931776726,0.621956346564832,0.20567927647573664,1.2232569846463632,8.261648480182409,1.7615966598066364,0.8942182871217922,1.3378540442101836,1.1832812661938676,0.5910251732944181,0.0,,1,Angelo Stiller,Stuttgart,Bundesliga,25.0,2001.0,MF,2026-2027,2024-2025,100.0,exact,Angelo Stiller,VfB Stuttgart,2001-04-04,45.0,25.5,1.754962354551677,CAM,MF,Angelo Stiller,41.22,20.47,57.38,-3.78,-0.0857,-8.2,1,0,0,0,0,1,0,0,0,0,0,0,0
ansgar knauff|2002,7191.0,5,0.24269088844734601,0.13667328980982119,0.2263241370674903,0.2930494677520351,1.7908032926483108,0.7378241692261506,3.1985892566467715,2.8830502107767435,2.144914228473642,0.7408458699971615,1.1212905380024207,1.465002712967987,1.0707576706324358,0.0,,1,Ansgar Knauff,Eint Frankfurt,Bundesliga,23.0,2002.0,"MF,FW",2025-2026,2024-2025,100.0,exact,Ansgar Knauff,Eintracht Frankfurt,2002-01-10,15.0,24.7,1.754962354551677,CAM,"MF,FW",Ansgar Knauff,14.25,9.76,27.68,-0.75,-0.0482,-4.7,1,0,0,0,0,1,0,0,0,0,0,0,0
ansu fati|2002,3626.0,5,0.6491013784679811,0.0392601640202408,0.5580512496045555,0.07725321888412018,3.991450008724481,1.969921332716335,3.211641885479279,3.553305915849415,1.042075292628915,0.2643517710696214,0.32458082885162926,1.0705472951597594,0.7725321888412017,0.0,,1,Ansu Fati,Monaco,Ligue 1,22.0,2002.0,"MF,FW",2025-2026,2024-2025,100.0,exact,Ansu Fati,AS Monaco,2002-10-31,15.0,23.9,0.0,CAM,"MF,FW",Ansu Fati,14.94,8.73,26.92,-0.06,-0.0039,-0.4,0,0,1,0,0,1,0,0,0,0,0,0,0
ante budimir|1991,12364.0,6,0.5904506526667821,0.05016457898661525,0.5199087373036272,0.05182926829268294,2.909708809075573,1.0944045651140146,0.7929133966491196,1.0526822161441511,0.7323006721002792,0.13829154207120958,0.7755954753494511,0.6333411218164576,4.146341463414634,0.0,,1,Ante Budimir,Osasuna,La Liga,35.0,1991.0,FW,2026-2027,2024-2025,100.0,exact,Ante Budimir,CA Osasuna,1991-07-22,2.8,35.2,0.7529089664613279,ST,FW,Ante Budimir,4.05,3.02,8.32,1.25,0.2845,32.9,0,1,0,0,0,0,0,0,0,0,0,1,0
anthony caci|1997,10394.0,6,0.0446964797191167,0.15487849949182297,0.07302585120671273,0.22131147540983606,0.9739154039780861,0.32117122269243964,1.4979022721922988,4.764126777530081,2.1234820896969024,1.1704240968308233,1.63747386494233,1.2461749352681353,1.1736214605067063,0.0,,1,Anthony Caci,Mainz 05,Bundesliga,29.0,1997.0,MF,2026-2027,2024-2025,100.0,exact,Anthony Caci,1.FSV Mainz 05,1997-07-01,7.0,29.2,1.754962354551677,CAM,MF,Anthony Caci,13.93,5.75,28.79,6.93,0.6241,86.7,1,0,0,0,0,1,0,0,0,0,0,0,0
anthony elanga|2002,8125.0,6,0.17470446699445552,0.26153363322523276,0.1932234432234432,0.20511795281887246,1.5912078731063632,0.6225425950196593,3.5592185592185586,2.039072039072039,0.9325396825396826,0.23956480803431318,0.8226495726495726,0.6028693528693527,0.8636545381847262,0.0,,1,Anthony Elanga,Newcastle Utd,Premier League,24.0,2002.0,"FW,MF",2026-2027,2024-2025,100.0,exact,Anthony Elanga,Newcastle United,2002-04-27,32.0,24.4,3.753593429158111,WINGER,"FW,MF",Anthony Elanga,42.08,28.5,51.21,10.08,0.2666,30.5,0,0,0,1,0,0,0,0,0,0,0,0,1
anthony gordon|2001,11379.0,6,0.25463794962536984,0.2264370040642539,0.2923344550276621,0.1848808545603944,2.2668335866940894,0.793474588541918,4.110391832544345,3.150487651856499,1.6156675982433126,0.23141364151621555,0.35162265442308793,1.03433525352193,0.29580936729663104,0.0,,1,Anthony Gordon,Barcelona,La Liga,25.0,2001.0,FW,2026-2027,2024-2025,100.0,exact,Anthony Gordon,Newcastle United,2001-02-24,65.0,25.6,4.7529089664613275,WINGER,FW,Anthony Gordon,35.33,17.29,42.44,-29.67,-0.5971,-45.0,0,1,0,0,0,0,0,0,0,0,0,0,1
anthony jung|1991,7620.0,4,0.02445932028836251,0.03218331616889804,0.01756601607347876,0.004741833508956797,0.20597322348094746,0.0,0.9092996555683124,4.2822699688371335,1.4835164835164836,1.0569001029866116,3.2976873872396264,1.1809086435952107,1.612223393045311,0.0,,1,Anthony Jung,Freiburg,Bundesliga,33.0,1991.0,DF,2025-2026,2024-2025,100.0,exact,Anthony Jung,SC Freiburg,1991-11-03,0.6,34.9,0.7529089664613279,CB,DF,Anthony Jung,1.22,0.77,3.13,0.62,0.3282,38.8,1,0,0,0,0,0,1,0,0,0,0,0,0
anthony lopes|1990,13479.0,6,0.0,0.0,0.0,0.0,0.026748485563684997,0.0,0.01237151192094451,0.015120736792265515,0.02474302384188902,0.037196411640288814,0.4247552426190948,0.0,0.11516314779270632,3.0666351978601214,0.034548944337811895,1,Anthony Lopes,Angers,Ligue 1,35.0,1990.0,GK,2026-2027,2024-2025,100.0,exact,Anthony Lopes,FC Nantes,1990-10-01,0.9,36.0,1.754962354551677,GK,GK,Anthony Lopes,2.46,1.53,4.23,1.56,0.6008,82.4,0,0,1,0,0,0,0,0,0,0,1,0,0
anthony rouault|2001,8412.0,5,0.04139834406623735,0.023804047838086474,0.05061792348109228,0.012362637362637364,0.46533109404990397,0.16065857885615248,0.3979501221046399,4.056094131577,1.4486050469917857,1.0649724011039559,4.239251091541479,1.3137349219270333,2.5137362637362637,0.0,,1,Anthony Rouault,Rennes,Ligue 1,25.0,2001.0,DF,2026-2027,2024-2025,100.0,exact,Anthony Rouault,Stade Rennais FC,2001-05-29,12.0,25.3,2.754277891854894,CB,DF,Anthony Rouault,16.43,6.67,30.07,4.43,0.2933,34.1,0,0,1,0,0,0,1,0,0,0,0,0,0
antoine bernede|1999,2895.0,2,0.05764427079997438,0.0653301735733043,0.12121212121212124,0.07575757575757576,0.7858835585729841,0.1806187151732531,1.0606060606060606,4.3939393939393945,2.272727272727273,0.6475373086530456,0.4545454545454546,0.9090909090909092,0.9090909090909092,,,1,Antoine Bernede,Hellas Verona,Serie A,26.0,1999.0,MF,2025-2026,2024-2025,100.0,exact,Antoine Bernede,Hellas Verona,1999-05-26,3.5,27.3,1.754962354551677,CDM,MF,Antoine Bernede,4.67,2.13,11.93,1.17,0.2307,25.9,0,0,0,0,1,0,0,1,0,0,0,0,0
antoine griezmann|1991,11411.0,5,0.40612000282027777,0.2728618768948741,0.3390910072330779,0.25880923450789795,2.490204570864516,1.0151202989139922,1.9043506423404948,4.7414444564395986,1.2363705063154486,0.40249393136652534,0.8586581021267409,0.9473172838173378,0.7654921020656136,0.0,,1,Antoine Griezmann,Atlético Madrid,La Liga,34.0,1991.0,"FW,MF",2025-2026,2024-2025,100.0,exact,Antoine Griezmann,Atlético de Madrid,1991-03-21,8.0,35.5,0.7529089664613279,CAM,"FW,MF",Antoine Griezmann,2.63,1.72,4.84,-5.37,-0.9081,-59.7,0,1,0,0,0,1,0,0,0,0,0,0,0
antoine hainaut|2002,1650.0,2,0.16858050329831417,0.07329587099926703,0.05970149253731343,0.07462686567164178,0.44776119402985076,0.22388059701492538,1.6417910447761193,2.5373134328358207,1.9402985074626866,1.0078182262399218,4.402985074626866,1.2686567164179103,2.462686567164179,,,1,Antoine Hainaut,Venezia,Serie A,24.0,2002.0,MF,2026-2027,2024-2025,100.0,exact,Antoine Hainaut,Parma Calcio 1913,2002-02-18,1.7,24.6,1.754962354551677,CDM,MF,Antoine Hainaut,3.87,2.29,10.14,2.17,0.5892,80.3,0,0,0,0,1,0,0,1,0,0,0,0,0
antoine mendy|2004,3984.0,5,0.027694312710422476,0.008145386091300728,0.05375651461029455,0.01090909090909091,0.7920191177028411,0.25617803079311685,1.0171575803712596,3.5205246823212506,2.967148796627042,0.8943633928248199,3.1674181647830415,0.9644551150670493,1.8545454545454547,0.0,,1,Antoine Mendy,Nice,Ligue 1,22.0,2004.0,DF,2026-2027,2024-2025,100.0,exact,Antoine Mendy,OGC Nice,2004-05-27,10.0,22.3,1.754962354551677,CB,DF,Antoine Mendy,9.23,3.93,20.99,-0.77,-0.0723,-7.0,0,0,1,0,0,0,1,0,0,0,0,0,0
antoine semenyo|2000,9211.0,5,0.39468323894271856,0.15169064374665506,0.2514949736561398,0.16297221354979707,2.8513026190086843,1.141484461304375,3.8487894753854603,2.935320166790574,1.361476549115945,0.309851504525158,1.0414713773151887,1.8502117205934636,1.8545113955666563,0.0,,1,Antoine Semenyo,Manchester City,Premier League,26.0,2000.0,"MF,FW",2026-2027,2024-2025,100.0,exact,Antoine Semenyo,Manchester City,2000-01-07,80.0,26.7,4.7529089664613275,CAM,"MF,FW",Antoine Semenyo,57.32,36.07,63.56,-22.68,-0.3285,-28.0,0,0,0,1,0,1,0,0,0,0,0,0,0
anton kade|2004,1820.0,2,0.3082088299479604,0.0,0.35064935064935066,,2.4717139499748195,1.0843373493975903,2.337662337662338,1.168831168831169,4.675324675324676,0.6859157293939903,1.168831168831169,3.5064935064935066,,0.0,,0,Anton Kade,Augsburg,Bundesliga,21.0,2004.0,"MF,FW",2025-2026,,100.0,exact,Anton Kade,FC Augsburg,2004-01-17,10.0,22.7,2.754277891854894,CAM,"MF,FW",Anton Kade,8.79,5.4,20.68,-1.21,-0.1169,-11.0,1,0,0,0,0,1,0,0,0,0,0,0,0
anton stach|1998,11824.0,6,0.1078557900206158,0.10257613596366258,0.07485448527733395,0.07659574468085108,1.6534705488014787,0.44820353203870356,1.512497146770144,5.226974435060489,2.2250913033553985,1.5944555251998727,2.7425245377767635,1.522768774252454,1.8452611218568666,0.0,,1,Anton Stach,Leeds United,Premier League,27.0,1998.0,MF,2026-2027,2024-2025,100.0,exact,Anton Stach,Leeds United,1998-11-15,28.0,27.9,2.754277891854894,CAM,MF,Anton Stach,37.43,23.78,46.59,9.43,0.2815,32.5,0,0,0,1,0,1,0,0,0,0,0,0,0
antonee robinson|1997,11441.0,5,0.012756378189094544,0.14182091045522763,0.01664030885157449,0.11935585727818125,0.37904094827586204,0.058164875629368,3.1292153123401087,3.6723801107028233,2.4929066468207823,1.746123061530765,3.345853295502116,1.3689008791106565,1.420903062835491,0.0,,1,Antonee Robinson,Fulham,Premier League,29.0,1997.0,"DF,MF",2026-2027,2024-2025,100.0,exact,Antonee Robinson,Fulham FC,1997-08-08,22.0,29.1,1.754962354551677,FULLBACK,"DF,MF",Antonee Robinson,13.55,6.09,25.21,-8.45,-0.4578,-36.7,0,0,0,1,0,0,0,0,0,1,0,0,0
antonin kinsky|2003,1620.0,3,0.0,0.0,0.0,0.016666666666666666,0.0,0.0,0.16666666666666666,0.16666666666666666,0.5,0.0,1.5,0.0,0.3333333333333333,2.3807106598984773,0.25,1,Antonín Kinský,Tottenham,Premier League,23.0,2003.0,GK,2026-2027,2024-2025,100.0,exact,Antonín Kinský,Tottenham Hotspur,2003-03-13,15.0,23.5,4.7529089664613275,GK,GK,Antonín Kinský,12.98,8.35,22.31,-2.02,-0.1349,-12.6,0,0,0,1,0,0,0,0,0,0,1,0,0
antonino gallo|2000,10956.0,5,0.0,0.08928501129841193,0.014922117020812423,0.09313913376772712,0.3012202901192123,0.058694057226705794,2.2474802565556957,4.301234783367511,1.979143941707753,0.5846042406443638,3.5171691609581566,1.2042410227322307,0.8968953622077425,0.0,,1,Antonino Gallo,Lecce,Serie A,26.0,2000.0,DF,2026-2027,2024-2025,100.0,exact,Antonino Gallo,US Lecce,2000-01-05,3.5,26.7,0.7529089664613279,CB,DF,Antonino Gallo,11.6,4.51,26.09,8.1,1.03,180.1,0,0,0,0,1,0,1,0,0,0,0,0,0
antonio blanco|2000,8977.0,6,0.02518373427045355,0.054070958874797334,0.027245987925073538,0.052805280528052806,0.9607502229589124,0.2649426523703309,0.5511120284844419,4.809845709272925,2.2508901388100524,1.492506604557762,1.4071933536302184,0.9938593322668869,0.9240924092409241,0.0,,1,Antonio Blanco,Alavés,La Liga,26.0,2000.0,MF,2026-2027,2024-2025,100.0,exact,Antonio Blanco,Deportivo Alavés,2000-07-23,10.0,26.2,0.7529089664613279,CDM,MF,Antonio Blanco,7.84,3.74,25.68,-2.16,-0.2181,-19.6,0,1,0,0,0,0,0,1,0,0,0,0,0
antonio caracciolo|1990,3073.0,1,0.0585746827204686,0.0,,,0.7321835340058575,0.1757240481614058,,,,1.669378457533355,,,,,,0,Antonio Caracciolo,Pisa,Serie A,35.0,1990.0,DF,2025-2026,,100.0,exact,Antonio Caracciolo,Pisa Sporting Club,1990-06-30,0.8,36.2,0.7529089664613279,CB,DF,Antonio Caracciolo,0.93,0.41,1.92,0.13,0.0703,7.3,0,0,0,0,1,0,1,0,0,0,0,0,0
antonio nusa|2005,3925.0,3,0.2150764878968673,0.19020369677954252,0.09242618741976895,0.16174582798459564,2.2190338676365764,0.7089722734998996,3.2926829268292686,3.0038510911424905,1.7329910141206677,0.35553460244176033,0.6354300385109115,1.270860077021823,0.3465982028241335,,,1,Antonio Nusa,RB Leipzig,Bundesliga,21.0,2005.0,"FW,MF",2026-2027,2024-2025,100.0,exact,Antonio Nusa,RB Leipzig,2005-04-17,32.0,21.4,2.754277891854894,WINGER,"FW,MF",Antonio Nusa,24.91,11.21,33.75,-7.09,-0.2417,-21.5,1,0,0,0,0,0,0,0,0,0,0,0,1
antonio raillo|1991,11768.0,5,0.053115585856984296,0.039638496908197235,0.049402573529411756,0.044901777362020584,0.7951482479784366,0.14164748117220116,0.7915900735294118,2.8423713235294117,1.005284926470588,0.876010781671159,5.484834558823529,1.4740349264705883,3.704396632366698,0.0,,1,Antonio Raillo,Mallorca,La Liga,33.0,1991.0,DF,2025-2026,2024-2025,100.0,exact,Antonio Raíllo,RCD Mallorca,1991-10-08,1.0,35.0,0.7529089664613279,CB,DF,Antonio Raillo,1.56,0.94,3.17,0.56,0.2459,27.9,0,1,0,0,0,0,1,0,0,0,0,0,0
antonio rudiger|1993,12157.0,6,0.05030447445062219,0.0,0.061237190391237616,0.01964207769532955,0.8388041663679472,0.112677589679386,0.7791561216446086,3.3419076463510766,0.8463676720740156,0.38390256817580093,3.2373563456831103,0.851346305439157,1.3749454386730686,0.0,,1,Antonio Rüdiger,Real Madrid,La Liga,33.0,1993.0,DF,2026-2027,2024-2025,100.0,exact,Antonio Rüdiger,Real Madrid,1993-03-03,6.0,33.6,0.7529089664613279,CB,DF,Antonio Rüdiger,2.34,1.54,6.76,-3.66,-0.7408,-52.3,0,1,0,0,0,0,1,0,0,0,0,0,0
antonio sanabria|1996,8632.0,5,0.21124591077794241,0.06865492100283127,0.31870177728302185,0.03414264036418817,1.7678642158229052,0.32531100334347424,0.6149476027791638,1.770565429350121,0.4525737975509577,0.14259098977511114,0.573490461018771,0.3592952285900733,1.7754172989377845,0.0,,1,Antonio Sanabria,Cremonese,Serie A,29.0,1996.0,FW,2025-2026,2024-2025,100.0,exact,Antonio Sanabria,US Cremonese,1996-03-04,1.8,30.6,1.754962354551677,ST,FW,Antonio Sanabria,5.71,3.3,16.37,3.91,0.8742,139.7,0,0,0,0,1,0,0,0,0,0,0,1,0
antonio sanchez|1997,6612.0,5,0.04495659363373296,0.01395204630012402,0.09629536606806478,0.03870967741935484,0.9704423315419596,0.19051022652298216,1.59814140399347,2.9589350747205825,1.7857591360040184,1.235531211244316,1.6252668592239106,1.3065427602662312,0.3870967741935484,0.0,,1,Antonio Sánchez,Mallorca,La Liga,28.0,1997.0,"MF,DF",2025-2026,2024-2025,100.0,exact,Antonio Sánchez,RCD Mallorca,1997-04-22,2.0,29.4,0.7529089664613279,CDM,"MF,DF",Antonio Sánchez,2.78,1.71,7.63,0.78,0.2299,25.9,0,1,0,0,0,0,0,1,0,0,0,0,0
antonio sivera|1996,10197.0,5,0.0,0.013297479388906948,0.0,0.003202846975088968,0.0,0.0,0.0,0.01810472889329042,0.03620945778658084,0.0,0.5751733102253033,0.01810472889329042,0.1601423487544484,2.5153139356814704,0.06405693950177936,1,Antonio Sivera,Alavés,La Liga,30.0,1996.0,GK,2026-2027,2024-2025,100.0,exact,Antonio Sivera,Deportivo Alavés,1996-08-11,6.0,30.1,0.7529089664613279,GK,GK,Antonio Sivera,7.51,2.45,14.03,1.51,0.1952,21.6,0,1,0,0,0,0,0,0,0,0,1,0,0
antony|2000,7597.0,5,0.22382249902685872,0.14305177111716624,0.2542196960336093,0.2155688622754491,3.1957984012478065,1.2336026693709314,4.979859137526257,4.21475349067095,1.9416779933275672,0.7522382249902686,0.5071049054738664,1.1854689237612752,0.29940119760479045,0.0,,1,Antony,Betis,La Liga,26.0,2000.0,"MF,FW",2026-2027,2024-2025,100.0,exact,Antony,Real Betis Balompié,2000-02-24,40.0,26.6,3.753593429158111,CAM,"MF,FW",Antony,25.01,14.79,46.85,-14.99,-0.4552,-36.6,0,1,0,0,0,1,0,0,0,0,0,0,0
ao tanaka|1998,1570.0,2,0.11145510835913312,0.0655618284465489,,,1.1634980988593155,0.34220532319391633,,,,1.3014022946639956,,,,,,0,Ao Tanaka,Leeds United,Premier League,28.0,1998.0,MF,2026-2027,,100.0,exact,Ao Tanaka,Leeds United,1998-09-10,13.0,28.0,1.754962354551677,CDM,MF,Ao Tanaka,7.29,4.1,13.59,-5.71,-0.5245,-40.8,0,0,0,1,0,0,0,1,0,0,0,0,0
archie gray|2006,3537.0,3,0.05661529352994505,0.05661529352994505,0.0,0.005139920045688178,0.37586919751926334,0.18417590678443904,0.35979440319817246,2.055968018275271,0.8223872073101085,1.0257359063072398,2.5699600228440893,1.1307824100513992,0.5653912050256996,,,1,Archie Gray,Tottenham,Premier League,20.0,2006.0,"MF,DF",2026-2027,2024-2025,100.0,exact,Archie Gray,Tottenham Hotspur,2006-03-12,35.0,20.5,3.753593429158111,CM,"MF,DF",Archie Gray,28.48,18.5,38.61,-6.52,-0.1997,-18.1,0,0,0,1,0,0,0,0,1,0,0,0,0
arda guler|2005,3987.0,4,0.2679232249469581,0.3626585089061035,0.2542890597159293,0.324,2.4637627364005863,0.9465615591823799,2.684925927811434,6.240390978974699,2.034312477727435,0.39226328514333647,0.6826859441022247,1.072137657180675,0.504,0.0,,1,Arda Güler,Real Madrid,La Liga,21.0,2005.0,MF,2026-2027,2024-2025,100.0,exact,Arda Güler,Real Madrid,2005-02-25,90.0,21.6,2.754277891854894,CAM,MF,Arda Güler,37.93,16.91,46.46,-52.07,-0.8491,-57.2,0,1,0,0,0,1,0,0,0,0,0,0,0
ardian ismajli|1996,10080.0,6,0.0,0.015070179758680129,0.015041469471908533,0.0,0.24920922997148046,0.09414515583176938,0.2895834309545008,1.7529637786420509,1.1948830888899304,1.639990150209308,7.212876622463804,1.383252893491402,2.763157894736842,0.0,,1,Ardian Ismajli,Torino,Serie A,29.0,1996.0,DF,2026-2027,2024-2025,100.0,exact,Ardian Ismajli,Torino FC,1996-09-30,5.0,30.0,0.7529089664613279,CB,DF,Ardian Ismajli,4.86,2.62,11.19,-0.14,-0.0228,-2.3,0,0,0,0,1,0,1,0,0,0,0,0,0
arijanet muric|1998,5850.0,4,0.0,0.0,0.0,0.0,0.0,0.0,0.0,0.06790123456790123,0.027777777777777773,0.0,0.6790123456790123,0.0,0.6111111111111112,3.9573732718894004,-0.08888888888888888,1,Arijanet Muric,Sassuolo,Serie A,27.0,1998.0,GK,2026-2027,2024-2025,100.0,exact,Arijanet Murić,US Sassuolo,1998-11-07,7.5,27.9,,GK,GK,Arijanet Muric,5.86,2.22,10.8,-1.64,-0.2138,-19.2,0,0,0,0,1,0,0,0,0,0,1,0,0
arijon ibrahimovic|2005,2784.0,5,0.08858673259167696,0.15863205603625877,0.2223220300920728,0.0,2.053670812563519,0.7858880778588807,1.8189984280260503,4.00179654165731,1.3743543678419043,0.8240626287597856,0.545699528407815,0.7275993712104201,0.0,0.0,,1,Arijon Ibrahimović,Augsburg,Bundesliga,20.0,2005.0,"MF,FW",2026-2027,2024-2025,100.0,exact,Arijon Ibrahimovic,1. Fußballclub Heidenheim 1846,2005-12-11,10.0,20.8,1.754962354551677,CAM,"MF,FW",Arijon Ibrahimović,13.95,5.7,25.87,3.95,0.3067,35.9,1,0,0,0,0,1,0,0,0,0,0,0,0
aritz elustondo|1994,6543.0,5,0.014416146083613645,0.059466602594906284,0.03485041374920432,0.012354152367879203,0.45230658337337815,0.09813668580225135,0.9595798854232972,3.274984086569064,1.2675047740292809,0.9622777510812109,4.461330362826225,1.0550604710375557,1.7913520933424845,0.0,,1,Aritz Elustondo,Real Sociedad,La Liga,31.0,1994.0,DF,2025-2026,2024-2025,100.0,exact,Aritz Elustondo,Real Sociedad,1994-03-28,1.5,32.5,1.754962354551677,CB,DF,Aritz Elustondo,1.82,1.22,4.5,0.32,0.1218,13.0,0,1,0,0,0,0,1,0,0,0,0,0,0
arkadiusz milik|1994,3957.0,4,0.38941206413845764,0.08246373122932044,0.4482740503336311,,3.1519470603206923,5.0,0.8889822939105765,1.976567015184154,0.7518520464456471,0.25655383049121916,0.5532496190826459,0.6194504282036463,,0.0,,0,Arkadiusz Milik,Juventus,Serie A,31.0,1994.0,FW,2025-2026,,100.0,exact,Arkadiusz Milik,Juventus FC,1994-02-28,1.5,32.6,0.7529089664613279,ST,FW,Arkadiusz Milik,2.6,1.12,3.56,1.1,0.3654,44.1,0,0,0,0,1,0,0,0,0,0,0,1,0
arkadiusz pyrka|2002,2576.0,1,0.0,0.03493788819875776,,,0.6638198757763975,0.10481366459627328,,,,0.8035714285714285,,,,,,0,Arkadiusz Pyrka,St Pauli,Bundesliga,22.0,2002.0,MF,2025-2026,,100.0,exact,Arkadiusz Pyrka,FC St. Pauli,2002-09-20,3.5,24.0,,CM,MF,Arkadiusz Pyrka,5.96,3.11,18.7,2.46,0.4365,54.7,1,0,0,0,0,0,0,0,1,0,0,0,0
armand lauriente|1998,10868.0,5,0.2016702111105348,0.22687898749935165,0.20521104982575983,,2.549802620287202,0.9027777777777778,4.17068611386767,3.2048648773395496,1.0177471094597401,0.3398516520566419,0.31155523758971637,0.9138953635965014,,0.0,,0,Armand Lauriente,Sassuolo,Serie A,27.0,1998.0,FW,2026-2027,,100.0,exact,Armand Laurienté,US Sassuolo,1998-12-04,19.0,27.8,2.754277891854894,WINGER,FW,Armand Lauriente,22.73,9.33,34.97,3.73,0.1711,18.7,0,0,0,0,1,0,0,0,0,0,0,0,1
armando broja|2001,3917.0,5,0.13594211043979204,0.05374455529015035,0.2515164644714038,0.05389221556886228,1.7735703245749614,0.4841261470309039,2.6451473136915076,1.0268630849220104,0.7149046793760832,0.23710833216242796,0.6889081455805892,1.0918544194107453,4.850299401197605,0.0,,1,Armando Broja,Burnley,Premier League,23.0,2001.0,FW,2025-2026,2024-2025,100.0,exact,Armando Broja,Burnley FC,2001-09-10,5.0,25.0,3.753593429158111,WINGER,FW,Armando Broja,15.36,11.53,30.85,10.36,1.0029,172.6,0,0,0,1,0,0,0,0,0,0,0,0,1
armel bella kotchap|2001,5520.0,5,0.0,0.02043921604251357,0.052744574677962175,0.0,0.34535170557895,0.0,0.3290008123476848,1.7442265289543926,1.7964488801206917,1.925374151204778,5.1752350005802485,1.1123360798421726,1.6314199395770395,0.0,,1,Armel Bella Kotchap,Venezia,Serie A,24.0,2001.0,DF,2026-2027,2024-2025,100.0,exact,Armel Bella-Kotchap,Hellas Verona,2001-12-11,7.0,24.8,3.753593429158111,CB,DF,Armel Bella Kotchap,12.72,5.17,22.71,5.72,0.5396,71.5,0,0,0,0,1,0,1,0,0,0,0,0,0
arnau martinez|2003,9504.0,5,0.06187948626275405,0.09488187893622288,0.04107497327836311,0.07545731707317074,0.5861139618081199,0.16542034896895538,1.7010230569552605,5.0129790807756915,1.8827301878149336,1.0618519842688594,2.484348755535197,0.8993739502214079,0.9946646341463414,0.0,,1,Arnau Martinez,Valencia,La Liga,23.0,2003.0,"DF,MF",2026-2027,2024-2025,100.0,exact,Arnau Martínez,Girona FC,2003-04-25,10.0,23.4,0.7529089664613279,FULLBACK,"DF,MF",Arnau Martinez,17.67,8.04,25.86,7.67,0.5291,69.7,0,1,0,0,0,0,0,0,0,1,0,0,0
arnau tenas|2001,1519.0,3,0.0,0.09325985587113184,0.0,0.2,0.0,0.0,0.0,0.19726858877086492,0.0,0.0,0.0,0.0,1.0,3.0139889783806693,0.5,1,Arnau Tenas,Villarreal,La Liga,24.0,2001.0,GK,2025-2026,2024-2025,100.0,exact,Arnau Tenas,Villarreal CF,2001-05-30,4.0,25.3,2.754277891854894,GK,GK,Arnau Tenas,4.13,2.28,12.84,0.13,0.0265,2.7,0,1,0,0,0,0,0,0,0,0,1,0,0
arnaud kalimuendo|2002,10227.0,5,0.4616036597954948,0.07823790843991436,0.44792326486290834,0.06982156710628394,2.2767231356015083,1.0119017472777918,1.589448918649896,2.0210840647905166,0.5225771423400597,0.16136568615732338,0.39227219256175916,0.43570717582119267,0.7680372381691233,0.0,,1,Arnaud Kalimuendo,Eint Frankfurt,Bundesliga,23.0,2002.0,"FW,MF",2025-2026,2024-2025,100.0,exact,Arnaud Kalimuendo,Eintracht Frankfurt,2002-01-20,25.0,24.7,3.753593429158111,ST,"FW,MF",Arnaud Kalimuendo,33.39,16.05,40.67,8.39,0.2798,32.3,1,0,0,0,0,0,0,0,0,0,0,1,0
arnaud nordin|1998,7900.0,6,0.23968233718185875,0.1636154876570772,0.2610448279856365,0.10112359550561799,2.305188400078911,0.6963763621865864,3.955287848951697,2.466581721301981,1.2885439592262249,0.33871276392166866,0.5379358276381327,0.8631993513263061,0.9390048154093097,0.0,,1,Arnaud Nordin,Rennes,Ligue 1,28.0,1998.0,"MF,FW",2026-2027,2024-2025,100.0,exact,Arnaud Nordin,Stade Rennais FC,1998-06-17,4.0,28.3,,CAM,"MF,FW",Arnaud Nordin,6.99,3.37,19.47,2.99,0.4692,59.9,0,0,1,0,0,1,0,0,0,0,0,0,0
arnaut danjuma|1997,6402.0,6,0.18994974874371862,0.05168700646087581,0.3483520670603925,0.09967426710097718,2.2937299307081296,0.8672923096302828,4.795199085540103,2.0032387121356448,0.637264240807773,0.14343144292893037,0.18003429224614212,0.36864164602781485,0.1758957654723127,0.0,,1,Arnaut Danjuma,Valencia,La Liga,29.0,1997.0,"MF,FW",2026-2027,2024-2025,100.0,exact,Arnaut Danjuma,Valencia CF,1997-01-31,3.0,29.7,1.754962354551677,CAM,"MF,FW",Arnaut Danjuma,4.33,2.33,9.36,1.33,0.2874,33.3,0,1,0,0,0,1,0,0,0,0,0,0,0
arne maier|1999,5769.0,5,0.11632248614182727,0.13700203923370768,0.11396011396011398,0.1439232409381663,1.5664761467099406,0.5725004077638232,1.5850815850815851,4.257964257964258,1.269101269101269,0.6565758106672028,1.08003108003108,1.3131313131313131,0.3837953091684435,0.0,,1,Arne Maier,Augsburg,Bundesliga,26.0,1999.0,MF,2025-2026,2024-2025,100.0,exact,Arne Maier,FC Augsburg,1999-01-08,2.0,27.7,0.0,CAM,MF,Arne Maier,5.49,2.63,12.85,3.49,0.7714,116.3,1,0,0,0,0,1,0,0,0,0,0,0,0
aron d nnum|1998,6703.0,3,0.09354785204843256,0.10250456128711227,0.06625162232316678,0.15396058014131647,1.2658815724000663,0.3584384858044164,3.363684295911746,4.0736534717715775,1.5914990266061004,0.9245314314148284,1.1406959766385467,0.9016060999351072,0.4016362960208256,0.0,,1,Aron Dønnum,Toulouse,Ligue 1,27.0,1998.0,"DF,MF",2025-2026,2024-2025,100.0,exact,Aron Dønnum,FC Toulouse,1998-04-20,5.0,28.4,0.7529089664613279,FULLBACK,"DF,MF",Aron Dønnum,3.2,1.94,11.32,-1.8,-0.3558,-29.9,0,0,1,0,0,0,0,0,0,1,0,0,0
arouna sangante|2002,6534.0,4,0.05898669288297462,0.01790667462518872,0.047057365877834226,0.007234726688102894,0.4372487885503925,0.22144396551724135,0.7203568331061826,3.5393383719489533,1.7886259447404291,1.642147396509954,3.7512080287448897,1.021434766447776,2.387459807073955,0.0,,1,Arouna Sangante,Sevilla,La Liga,24.0,2002.0,DF,2026-2027,2024-2025,100.0,exact,Arouna Sangante,Le Havre AC,2002-04-12,8.0,24.5,4.7529089664613275,CB,DF,Arouna Sangante,17.01,6.86,26.92,9.01,0.6937,100.1,0,1,0,0,0,0,1,0,0,0,0,0,0
arsen zakharyan|2003,1759.0,3,0.10006569970182445,0.08187193611967454,0.18148487626031165,0.1232876712328767,2.6699348056804975,0.7933600457927877,1.8898425131239065,3.464711274060495,1.5823681359886679,0.37752059432961044,0.6749437546871094,1.1774018831764022,0.0,0.0,,1,Arsen Zakharyan,Real Sociedad,La Liga,22.0,2003.0,"MF,FW",2025-2026,2024-2025,100.0,exact,Arsen Zakharyan,Real Sociedad,2003-05-26,9.0,23.3,2.754277891854894,CAM,"MF,FW",Arsen Zakharyan,5.16,4.56,15.72,-3.84,-0.4848,-38.4,0,1,0,0,0,1,0,0,0,0,0,0,0
arsene kouassi|2004,3055.0,2,0.05742704325795252,0.2060617434550061,,,0.31094049904030713,0.17274472168905952,,,,0.8242469738200244,,,,,,0,Arsène Kouassi,Lorient,Ligue 1,22.0,2004.0,MF,2026-2027,,100.0,exact,Arsène Kouassi,FC Lorient,2004-01-02,15.0,22.7,2.754277891854894,CM,MF,Arsène Kouassi,14.77,6.41,28.11,-0.23,-0.0144,-1.4,0,0,1,0,0,0,0,0,1,0,0,0,0
artem dovbyk|1997,5398.0,3,0.6200527704485489,0.16857226619759602,0.6126980645868743,0.08933002481389578,2.4772793902081505,1.0082644628099173,0.7796480070179287,0.7270135424091233,0.14474477767421462,0.03811199061858693,0.5082515488787763,0.33225505784308357,1.563275434243176,0.0,,1,Artem Dovbyk,Roma,Serie A,28.0,1997.0,FW,2025-2026,2024-2025,100.0,exact,Artem Dovbyk,Associazione Sportiva Roma,1997-06-21,15.0,29.3,2.754277891854894,ST,FW,Artem Dovbyk,14.48,7.54,20.29,-0.52,-0.0333,-3.3,0,0,0,0,1,0,0,0,0,0,0,1,0
arthur atta|2003,5064.0,4,0.11327120822622108,0.09881105398457583,0.08165507140241669,0.10071942446043164,1.8357629908300026,0.6494006562646488,2.0029293299157813,4.295129989015013,1.5452215305748809,0.7615681233933163,1.4719882826803368,0.8568290003661662,1.0071942446043165,0.0,,1,Arthur Atta,Fiorentina,Serie A,23.0,2003.0,MF,2026-2027,2024-2025,100.0,exact,Arthur Atta,Udinese Calcio,2003-01-14,25.0,23.7,2.754277891854894,CAM,MF,Arthur Atta,12.54,7.81,27.93,-12.46,-0.6523,-47.9,0,0,0,0,1,1,0,0,0,0,0,0,0
arthur avom|2004,2435.0,2,0.07226696266206929,0.036133481331034646,,,0.8919301557338368,0.25483718735252475,,,,1.3518173015610608,,,,,,0,Arthur Avom,Lorient,Ligue 1,21.0,2004.0,MF,2026-2027,,100.0,exact,Arthur Avom,FC Lorient,2004-12-15,20.0,21.8,0.7529089664613279,CDM,MF,Arthur Avom,8.89,3.91,20.15,-11.11,-0.7529,-52.9,0,0,1,0,0,0,0,1,0,0,0,0,0
arthur chaves|2001,3254.0,2,0.09081540641504574,0.0,0.032951945080091534,0.004118993135011442,0.4154321782815922,0.11593456138090945,0.41189931350114417,2.3478260869565215,2.1006864988558354,1.2907381167074585,5.60183066361556,1.9359267734553776,2.7597254004576657,,,1,Arthur Chaves,Hoffenheim,Bundesliga,24.0,2001.0,DF,2025-2026,2024-2025,100.0,exact,Arthur Chaves,TSG 1899 Hoffenheim,2001-01-29,5.0,25.7,2.754277891854894,CB,DF,Arthur Chaves,7.39,2.86,16.19,2.39,0.3355,39.9,1,0,0,0,0,0,1,0,0,0,0,0,0
arthur theate|2000,12962.0,6,0.04496341959084135,0.0015241837149437745,0.08705225494436361,0.03328402366863906,0.8928444665294243,0.2968594948916128,1.4225612393347227,5.940313765580152,1.119411787834703,1.2940319739872645,4.397436401525577,1.290449416112924,1.797337278106509,0.0,,1,Arthur Theate,Bologna,Serie A,26.0,2000.0,DF,2026-2027,2024-2025,100.0,exact,Arthur Theate,Eintracht Frankfurt,2000-05-25,17.0,26.3,2.754277891854894,CB,DF,Arthur Theate,46.2,11.63,67.73,29.2,0.9639,162.2,0,0,0,0,1,0,1,0,0,0,0,0,0
arthur vermeeren|2005,2562.0,3,0.0,0.10758965804837363,0.021375719375171284,0.05152671755725191,0.25771476230191825,0.07823365785813631,0.8221430528912032,4.3738010413812,1.7470539873938065,1.3511259382819016,1.4099753357084133,2.0019183337900794,0.4580152671755725,0.0,,1,Arthur Vermeeren,Marseille,Ligue 1,20.0,2005.0,MF,2025-2026,2024-2025,100.0,exact,Arthur Vermeeren,Olympique Marseille,2005-02-07,20.0,21.6,2.754277891854894,CDM,MF,Arthur Vermeeren,12.34,5.77,24.93,-7.66,-0.4536,-36.5,0,0,1,0,0,0,0,1,0,0,0,0,0
arthur|2003,2307.0,4,0.04316668547567995,0.20821577700033855,0.017319804058782366,0.04787234042553191,0.5884074941451992,0.10519801980198022,2.101994401679496,3.0545836249125258,1.7162351294611617,1.3280103825753302,3.463960811756473,0.8896081175647306,1.1968085106382977,0.0,,1,Arthur,Werder Bremen,Bundesliga,23.0,2003.0,MF,2026-2027,2024-2025,100.0,exact,Arthur,Bayer 04 Leverkusen,2003-03-17,8.0,23.5,4.7529089664613275,CDM,MF,Arthur,11.21,4.92,28.29,3.21,0.3047,35.6,1,0,0,0,0,0,0,1,0,0,0,0,0
arturo calabresi|1996,1514.0,1,0.0,0.0,,,0.23778071334214002,0.059445178335535004,,,,1.129458388375165,,,,,,0,Arturo Calabresi,Pisa,Serie A,29.0,1996.0,DF,2025-2026,,100.0,exact,Arturo Calabresi,Pisa Sporting Club,1996-03-17,0.8,30.5,0.7529089664613279,CB,DF,Arturo Calabresi,1.79,1.18,3.04,0.99,0.4372,54.8,0,0,0,0,1,0,1,0,0,0,0,0,0
asier villalibre|1997,1640.0,4,0.2105333511562625,0.252640021387515,0.36656044612626965,0.27027027027027023,2.2405895239992035,0.27027027027027023,1.1651065524795858,1.6759609639514044,0.4660426209918343,0.09022857906696964,1.4250149372634935,0.33160724955188214,5.945945945945946,0.0,,1,Asier Villalibre,Racing Sant,La Liga,28.0,1997.0,FW,2026-2027,2024-2025,100.0,exact,Asier Villalibre,Deportivo Alavés,1997-09-30,2.5,29.0,0.0,ST,FW,Asier Villalibre,3.39,1.4,8.63,0.89,0.2273,25.5,0,1,0,0,0,0,0,0,0,0,0,1,0
assane diao|2005,3988.0,4,0.3463833235120802,0.12595757218621095,0.26070490293084037,0.11183780248528448,2.2148201075991927,0.8303627594883624,3.2672557917363267,2.0297519533249173,1.7503156027158893,0.3811873895109016,1.0716844655225357,1.047118632501962,1.4126880313930674,0.0,,1,Assane Diao,Como,Serie A,21.0,2005.0,MF,2026-2027,2024-2025,100.0,exact,Assane Diao,Como 1907,2005-09-07,30.0,21.1,2.754277891854894,CAM,MF,Assane Diao,25.28,12.72,33.09,-4.72,-0.1652,-15.2,0,0,0,0,1,1,0,0,0,0,0,0,0
aster vranckx|2002,3780.0,5,0.010969924124691471,0.0,0.028169014084507043,0.0,0.40314471158241155,0.08070471568730878,0.5804524114383269,3.3546734955185658,2.193768672641912,0.8008044611024774,1.9931711481007255,1.6559965855740504,1.1330935251798562,0.0,,1,Aster Vranckx,Sassuolo,Serie A,22.0,2002.0,MF,2025-2026,2024-2025,100.0,exact,Aster Vranckx,US Sassuolo,2002-10-04,5.0,24.0,2.754277891854894,CDM,MF,Aster Vranckx,5.03,3.01,16.58,0.03,0.005,0.5,0,0,0,0,1,0,0,1,0,0,0,0,0
atakan karazor|1996,10985.0,5,0.022657952069716776,0.09760348583877995,0.07906799083269671,0.08938120702826585,0.41006932881232777,0.17029457176591686,0.653170359052712,4.81283422459893,2.0282658517952634,0.9141412612394417,1.7532467532467533,1.3407181054239878,1.9595110771581363,,,1,Atakan Karazor,Stuttgart,Bundesliga,28.0,1996.0,MF,2025-2026,2024-2025,100.0,exact,Atakan Karazor,VfB Stuttgart,1996-10-13,8.0,30.0,1.754962354551677,CDM,MF,Atakan Karazor,11.02,3.99,19.05,3.02,0.2897,33.6,1,0,0,0,0,0,0,1,0,0,0,0,0
augusto batalla|1996,7619.0,4,0.0,0.0,0.0,0.0,0.007846556233653008,0.0,0.0,0.06151142355008787,0.09138840070298769,0.01694755672723849,0.500878734622144,0.0,0.28125,2.857890148212729,0.0625,1,Augusto Batalla,Rayo Vallecano,La Liga,30.0,1996.0,GK,2026-2027,2024-2025,100.0,exact,Augusto Batalla,Rayo Vallecano,1996-04-30,6.0,30.4,3.753593429158111,GK,GK,Augusto Batalla,6.93,3.38,14.01,0.93,0.1247,13.3,0,1,0,0,0,0,0,0,0,0,1,0,0
aurele amenda|2003,2134.0,3,0.0,0.0,0.0,0.28125,0.5138711627594544,0.10277423255189089,0.9375,1.875,0.9375,1.4093687456050195,10.3125,1.875,7.5,,,1,Aurèle Amenda,Coventry City,Premier League,23.0,2003.0,DF,2026-2027,2024-2025,100.0,exact,Aurèle Amenda,Eintracht Frankfurt,2003-07-31,10.0,23.2,2.754277891854894,CB,DF,Aurèle Amenda,10.72,7.57,23.54,0.72,0.0634,6.5,0,0,0,1,0,0,1,0,0,0,0,0,0
aurelien tchouameni|2000,12516.0,6,0.0383670963781461,0.02532228360957643,0.0607853607146465,0.02008181480104128,1.2303513028800506,0.1790661361003375,1.0364683301343571,5.469383631824282,1.8768129536894058,1.6282995702885208,2.5742860029151573,1.0507554875672869,2.4767571587950914,0.0,,1,Aurélien Tchouaméni,Real Madrid,La Liga,26.0,2000.0,MF,2026-2027,2024-2025,100.0,exact,Aurélien Tchouaméni,Real Madrid,2000-01-27,70.0,26.7,1.754962354551677,CM,MF,Aurélien Tchouaméni,16.7,7.08,43.3,-53.3,-1.3893,-75.1,0,1,0,0,0,0,0,0,1,0,0,0,0
aurelio buta|1997,5176.0,4,0.04290481487366916,0.05720641983155888,0.02142141306163354,0.03654822335025381,0.5059192753853489,0.04169933708746169,1.969266744613329,3.991147486220144,1.8903457491231,0.8330684887970761,2.3695089360280606,1.0391264406213463,0.5482233502538071,0.0,,1,Aurélio Buta,Eint Frankfurt,Bundesliga,28.0,1997.0,DF,2025-2026,2024-2025,100.0,exact,Aurélio Buta,FC Copenhagen,1997-02-10,2.0,29.6,,CB,DF,Aurélio Buta,2.73,1.57,6.91,0.73,0.2182,24.4,1,0,0,0,0,0,1,0,0,0,0,0,0
axel disasi|1998,10877.0,6,0.05366259642497794,0.01676956138280561,0.07978016133321514,0.05269320843091336,0.5338188181104693,0.17766810610734113,1.359453949117986,4.298555092633631,1.1584079425582838,1.01623541979802,3.199184469461927,1.0738409715450756,1.370023419203747,0.0,,1,Axel Disasi,Crystal Palace,Premier League,28.0,1998.0,DF,2026-2027,2024-2025,100.0,exact,Axel Disasi,West Ham United,1998-03-11,15.0,28.6,2.754277891854894,CB,DF,Axel Disasi,23.39,13.73,33.53,8.39,0.4215,52.4,0,0,0,1,0,0,1,0,0,0,0,0,0
axel tuanzebe|1997,3599.0,4,0.0323720457863445,0.02475509383661638,0.01084057472253291,0.015789473684210527,0.18551176052951013,0.03587591155298145,0.511055665490837,3.1166652327282116,1.598984771573604,1.053043607049912,2.9114686397659817,1.095672373741719,1.1578947368421053,0.0,,1,Axel Tuanzebe,Auxerre,Ligue 1,28.0,1997.0,DF,2026-2027,2024-2025,100.0,exact,Axel Tuanzebe,Burnley FC,1997-11-14,5.0,28.9,,CB,DF,Axel Tuanzebe,1.97,1.14,5.38,-3.03,-0.7047,-50.6,0,0,1,0,0,0,1,0,0,0,0,0,0
axel witsel|1989,10679.0,6,0.03488476102447897,0.0420406094397567,0.023861974851350033,0.0528169014084507,0.4555535511529441,0.14161946017994004,0.40179354712934984,2.90554634954674,1.380836338824447,0.9714064223739528,3.4547226825226636,1.2334535529778732,2.4295774647887325,0.0,,1,Axel Witsel,Nice,Ligue 1,37.0,1989.0,MF,2026-2027,2024-2025,100.0,exact,Axel Witsel,Girona FC,1989-01-12,1.2,37.7,,CM,MF,Axel Witsel,1.05,0.73,2.12,-0.15,-0.0687,-6.6,0,0,1,0,0,0,0,0,1,0,0,0,0
aymeric laporte|1994,6362.0,4,0.013027665695623067,0.027683789603199012,0.10422747387251673,,0.7400179796960993,0.21865889212827988,2.1353921476320497,8.19414367761981,1.0253271819979286,0.9673041779000126,2.35571038508615,0.6779022690895395,,0.0,,0,Aymeric Laporte,Athletic Club,La Liga,32.0,1994.0,DF,2026-2027,,100.0,exact,Aymeric Laporte,Athletic Bilbao,1994-05-27,8.0,32.3,1.754962354551677,CB,DF,Aymeric Laporte,3.22,1.61,6.24,-4.78,-0.7569,-53.1,0,1,0,0,0,0,1,0,0,0,0,0,0
ayoze perez|1993,7949.0,6,0.49577107758305516,0.1743973480878446,0.42342728539277674,0.13705583756345177,2.6690547846698807,1.18744129880585,3.1331047047476153,3.2150894866573787,1.7682992176615584,0.5177078509274381,0.6542707105347766,1.2233415496731328,0.5939086294416243,0.0,,1,Ayoze Pérez,Villarreal,La Liga,33.0,1993.0,FW,2026-2027,2024-2025,100.0,exact,Ayoze Pérez,Villarreal CF,1993-07-29,5.0,33.2,1.754962354551677,WINGER,FW,Ayoze Pérez,4.04,2.49,6.45,-0.96,-0.1735,-15.9,0,1,0,0,0,0,0,0,0,0,0,0,1
ayumu seko|2000,3075.0,2,0.0,0.0,,,0.5828571428571429,0.20571428571428574,,,,1.2335664335664336,,,,,,0,Ayumu Seko,Le Havre,Ligue 1,26.0,2000.0,"MF,DF",2026-2027,,100.0,exact,Ayumu Seko,Le Havre AC,2000-06-07,5.0,26.3,1.754962354551677,CDM,"MF,DF",Ayumu Seko,4.75,2.04,11.55,-0.25,-0.0422,-4.1,0,0,1,0,0,0,0,1,0,0,0,0,0
ayyoub bouaddi|2007,3603.0,3,0.0,0.048562024496843464,0.007248172469334657,0.07819287576020852,0.5034263206172772,0.16207276736493936,0.8474786271837443,3.2839796803370094,3.925164168008921,0.9680030216370799,1.0203196629909552,0.9701400074340232,0.7037358818418766,0.0,,1,Ayyoub Bouaddi,Lille,Ligue 1,17.0,2007.0,MF,2025-2026,2024-2025,100.0,exact,Ayyoub Bouaddi,LOSC Lille,2007-10-02,50.0,19.0,2.754277891854894,CDM,MF,Ayyoub Bouaddi,16.54,7.05,25.22,-33.46,-1.0674,-65.6,0,0,1,0,0,0,0,1,0,0,0,0,0
azzedine ounahi|2000,5852.0,4,0.20032990838086528,0.06439175626527814,0.11251654655096337,,2.133871256235467,0.9715909090909092,3.0136784821297247,6.8921900279452855,1.8002647448154139,0.8907526283363475,0.5206648036475953,0.6045006618620384,,0.0,,0,Azzedine Ounahi,Girona,La Liga,25.0,2000.0,MF,2025-2026,,100.0,exact,Azzedine Ounahi,Girona FC,2000-04-19,10.0,26.4,3.753593429158111,CAM,MF,Azzedine Ounahi,16.35,7.97,27.37,6.35,0.4555,57.7,0,1,0,0,0,1,0,0,0,0,0,0,0
babis lykogiannis|1993,5504.0,5,0.06491476931214388,0.16877840021157406,,,1.0047846889952152,0.28708133971291866,,,,0.8612440191387559,,,,,,0,Babis Lykogiannis,Bologna,Serie A,31.0,1993.0,DF,2025-2026,,80.0,surname,Charalampos Lykogiannis,Bologna Football Club 1909,1993-10-22,1.2,32.9,,CB,DF,Babis Lykogiannis,1.52,1.01,2.59,0.32,0.1349,14.4,0,0,0,0,1,0,1,0,0,0,0,0,0
badredine bouanani|2004,3122.0,4,0.128993729471484,0.15855479247536577,0.21715616939845248,0.19654231119199272,2.6067482830695727,0.9478074055351952,4.515350694733339,3.867626258424162,1.0146434811548382,0.7470886831890116,0.3332223978700391,1.1232215658540643,0.1637852593266606,0.0,,1,Badredine Bouanani,Stuttgart,Bundesliga,20.0,2004.0,"MF,FW",2025-2026,2024-2025,100.0,exact,Badredine Bouanani,VfB Stuttgart,2004-12-08,10.0,21.8,3.753593429158111,CAM,"MF,FW",Badredine Bouanani,20.59,12.63,32.52,10.59,0.6741,96.2,1,0,0,0,0,1,0,0,0,0,0,0,0
bafode diakite|2001,8392.0,4,0.11694278156759012,0.032368091326743696,0.07871353916293204,0.0065075921908893716,0.48447723792287334,0.14202230044913036,0.7606184192162762,4.075239970846837,1.303518538620187,0.8300849227342335,2.816381596290725,1.0034580613146837,1.9848156182212582,0.0,,1,Bafodé Diakité,Bournemouth,Premier League,24.0,2001.0,DF,2025-2026,2024-2025,100.0,exact,Bafodé Diakité,AFC Bournemouth,2001-01-06,25.0,25.7,3.753593429158111,CB,DF,Bafodé Diakité,36.26,19.81,45.44,11.26,0.3599,43.3,0,0,0,1,0,0,1,0,0,0,0,0,0
balthazar pierret|2000,1750.0,2,0.0,0.0,0.010446894950667442,0.020893789901334885,0.3071134832443783,0.0,0.6790481717933836,4.28322692977365,2.6639582124201966,0.9725260302738646,1.6192687173534532,0.9924550203134068,1.4103308183401042,,,1,Balthazar Pierret,Lecce,Serie A,25.0,2000.0,MF,2025-2026,2024-2025,100.0,exact,Balthazar Pierret,US Lecce,2000-05-15,0.9,26.4,,CDM,MF,Balthazar Pierret,1.96,1.32,6.19,1.06,0.4422,55.6,0,0,0,0,1,0,0,1,0,0,0,0,0
bamba dieng|2000,4209.0,5,0.6419368033541262,0.06442376521116679,0.5673617113223856,0.0,3.034819511197464,1.5893895348837208,1.0501296456352638,0.9577571305099395,1.1084701815038893,0.12424583290725023,0.719533275713051,0.5931287813310285,1.5225563909774438,0.0,,1,Bamba Dieng,Lorient,Ligue 1,25.0,2000.0,FW,2025-2026,2024-2025,100.0,exact,Bamba Dieng,FC Lorient,2000-03-23,15.0,26.5,,ST,FW,Bamba Dieng,7.24,3.98,15.87,-7.76,-0.6633,-48.5,0,0,1,0,0,0,0,0,0,0,0,1,0
bamo meite|2001,4716.0,4,0.00832346848179935,0.08489937851435338,0.019391802556192154,0.0,0.2879920094702575,0.03874104271643076,0.7139709122961659,2.2961657117672987,1.3970912296165714,0.7973882805563777,4.147201410312914,1.4543851917144117,1.0,0.0,,1,Bamo Meïté,Lorient,Ligue 1,23.0,2001.0,DF,2025-2026,2024-2025,100.0,exact,Bamo Meïté,FC Lorient,2001-12-03,7.0,24.8,1.754962354551677,CB,DF,Bamo Meïté,5.48,2.93,19.46,-1.52,-0.2115,-19.1,0,0,1,0,0,0,1,0,0,0,0,0,0
baptiste santamaria|1995,8420.0,5,0.04459005913377017,0.058973949176921836,0.07127351664254702,0.08303761533002128,1.1176282563528848,0.2485948289706118,0.7398697539797394,5.654848046309696,2.1345875542691752,1.4427041713281124,1.5086830680173662,1.1179450072358899,2.363378282469837,0.0,,1,Baptiste Santamaria,Valencia,La Liga,30.0,1995.0,MF,2025-2026,2024-2025,100.0,exact,Baptiste Santamaria,Valencia CF,1995-03-09,2.5,31.6,0.7529089664613279,CDM,MF,Baptiste Santamaria,2.75,1.4,6.34,0.25,0.0702,7.3,0,1,0,0,0,0,0,1,0,0,0,0,0
bart verbruggen|2002,9000.0,4,0.0,0.009265858873841766,0.0,0.0,0.0,0.0,0.0,0.08066971080669712,0.0136986301369863,0.0,0.7245053272450533,0.0197869101978691,0.2777777777777778,2.646968534151957,-0.1388888888888889,1,Bart Verbruggen,Brighton,Premier League,24.0,2002.0,GK,2026-2027,2024-2025,100.0,exact,Bart Verbruggen,Brighton & Hove Albion,2002-08-18,40.0,24.1,1.754962354551677,GK,GK,Bart Verbruggen,23.77,11.21,37.39,-16.23,-0.504,-39.6,0,0,0,1,0,0,0,0,0,0,1,0,0
bartol franjic|2000,1590.0,3,0.0,0.0847001882226405,0.030993768448671702,,0.33945555919973763,,0.9740898655296819,3.468350278779928,1.1438176451295505,2.1477547727883843,2.0736306985897017,0.9445719908166613,,0.0,,0,Bartol Franjić,Venezia,Serie A,26.0,2000.0,DF,2026-2027,,100.0,exact,Bartol Franjic,GNK Dinamo Zagreb,2000-01-14,1.4,26.7,0.0,CB,DF,Bartol Franjić,1.61,1.08,5.4,0.21,0.085,8.9,0,0,0,0,1,0,1,0,0,0,0,0,0
bashir humphreys|2003,1578.0,1,0.0,0.0,,,0.5133079847908745,0.17110266159695817,,,,0.6273764258555132,,,,,,0,Bashir Humphreys,Burnley,Premier League,22.0,2003.0,"DF,MF",2025-2026,,100.0,exact,Bashir Humphreys,Burnley FC,2003-03-15,12.0,23.5,2.754277891854894,FULLBACK,"DF,MF",Bashir Humphreys,14.22,9.18,18.41,2.22,0.158,17.1,0,0,0,1,0,0,0,0,0,1,0,0,0
batista mendy|2000,6889.0,3,0.03668740613602232,0.0038618322248444546,0.028711887453585064,,0.7569191160695131,0.2782931354359926,0.8237016892421944,5.690601955964647,2.1086763244600175,0.9249088178502469,1.0590450290256785,1.2426128340567961,,0.0,,0,Batista Mendy,Sevilla,La Liga,25.0,2000.0,MF,2025-2026,,100.0,exact,Batista Mendy,Sevilla FC,2000-01-12,7.5,26.7,0.7529089664613279,CDM,MF,Batista Mendy,4.99,3.46,20.65,-2.51,-0.35,-29.5,0,1,0,0,0,0,0,1,0,0,0,0,0
bazoumana toure|2006,2917.0,2,0.16223782155960384,0.36646660869934045,0.20689655172413793,0.28078817733990147,2.0289271096218693,0.5458825525417258,3.5467980295566504,2.0689655172413794,1.7733990147783252,0.26912391576357814,0.2955665024630542,0.5911330049261084,1.7733990147783252,,,1,Bazoumana Touré,Hoffenheim,Bundesliga,19.0,2006.0,"MF,FW",2025-2026,2024-2025,100.0,exact,Bazoumana Touré,TSG 1899 Hoffenheim,2006-03-02,40.0,20.6,,CAM,"MF,FW",Bazoumana Touré,22.67,9.13,26.91,-17.33,-0.5495,-42.3,1,0,0,0,0,1,0,0,0,0,0,0,0
ben chilwell|1996,4563.0,5,0.05741184751765249,0.10888453839554783,0.10921016671221645,0.277992277992278,0.7206176722905347,0.26528673893819804,2.489204700737907,2.8040448209893416,1.7070237769882484,1.160115263632564,2.6417053839846956,1.4561355561628861,1.0424710424710424,0.0,,1,Ben Chilwell,Strasbourg,Ligue 1,28.0,1996.0,"DF,MF",2025-2026,2024-2025,100.0,exact,Ben Chilwell,RC Strasbourg Alsace,1996-12-21,10.0,29.8,0.7529089664613279,FULLBACK,"DF,MF",Ben Chilwell,2.11,1.36,6.1,-7.89,-1.2643,-71.8,0,0,1,0,0,0,0,0,0,1,0,0,0
ben davies|1993,7384.0,5,0.07441577092127595,0.02349971713303451,0.07054940521212953,0.013523666416228397,0.6129509552199836,0.21546454767726164,1.2748401292718146,4.381489376332256,1.338788420545967,0.8087819313286044,3.8740287423502715,1.3738568383414702,3.5161532682193837,0.0,,1,Ben Davies,Tottenham,Premier League,32.0,1993.0,DF,2025-2026,2024-2025,100.0,exact,Ben Davies,Tottenham Hotspur,1993-04-24,3.0,33.4,0.7529089664613279,CB,DF,Ben Davies,6.02,2.26,6.77,3.02,0.5622,75.5,0,0,0,1,0,0,1,0,0,0,0,0,0
ben white|1997,11138.0,6,0.05065149568728207,0.13653881446136906,0.036566353285775025,0.1051752921535893,0.4688804931397893,0.14068634579031555,1.5462748618131996,5.65219445363065,1.530684556148722,0.9943108827307765,2.641848159871498,1.2486417536731704,1.352253756260434,0.0,,1,Ben White,Arsenal,Premier League,28.0,1997.0,DF,2026-2027,2024-2025,100.0,exact,Ben White,Arsenal FC,1997-10-08,30.0,29.0,1.754962354551677,CB,DF,Ben White,19.03,10.62,30.2,-10.97,-0.4369,-35.4,0,0,0,1,0,0,1,0,0,0,0,0,0
benat prados|2001,3249.0,3,0.031809901851499414,0.0,0.04457210776545166,0.05772594752186589,0.704711671787064,0.24641954507160907,1.18943853294091,4.576918723115236,2.8526148969889062,1.4803838938582419,1.4797939778129952,1.4288544260810503,1.5218658892128278,0.0,,1,Beñat Prados,Athletic Club,La Liga,24.0,2001.0,MF,2025-2026,2024-2025,100.0,exact,Beñat Prados,Athletic Bilbao,2001-02-08,15.0,25.6,4.7529089664613275,CDM,MF,Beñat Prados,9.36,3.44,25.17,-5.64,-0.435,-35.3,0,1,0,0,0,0,0,1,0,0,0,0,0
benat turrientes|2002,4547.0,6,0.0,0.09569547573056407,0.06153737708384731,0.01910828025477707,1.1441049737760534,0.2943518571184802,1.5035420998836921,3.2893948472139,1.5511225460825433,0.44019918836059474,1.122898530292884,1.1990272442110455,0.9554140127388534,0.0,,1,Beñat Turrientes,Real Sociedad,La Liga,24.0,2002.0,MF,2026-2027,2024-2025,100.0,exact,Beñat Turrientes,Real Sociedad,2002-01-31,10.0,24.7,3.753593429158111,CM,MF,Beñat Turrientes,7.88,3.06,20.68,-2.12,-0.2144,-19.3,0,1,0,0,0,0,0,0,1,0,0,0,0
benedict hollerbach|2001,4694.0,3,0.27129433161564104,0.09699909063352531,0.24561246016428026,0.05669291338582677,2.528038799636253,0.778781038374718,3.5953139727994974,2.494501548543471,1.438125589119799,0.11973325250075781,0.395888504870057,1.4280263925669914,1.0275590551181102,0.0,,1,Benedict Hollerbach,Mainz 05,Bundesliga,24.0,2001.0,"FW,MF",2025-2026,2024-2025,100.0,exact,Benedict Hollerbach,1.FSV Mainz 05,2001-05-17,8.0,25.4,2.754277891854894,WINGER,"FW,MF",Benedict Hollerbach,10.66,4.72,24.21,2.66,0.259,29.6,1,0,0,0,0,0,0,0,0,0,0,0,1
benedikt gimber|1997,6128.0,3,0.010475402203714243,0.010475402203714243,0.03691034169942546,0.010108573567952077,0.4795406342144741,0.04565823962120572,0.20071061384941036,1.399871484729362,2.204414877532507,0.933474729708758,4.4428485031750835,1.585273661929241,2.2238861849494573,0.0,,1,Benedikt Gimber,Heidenheim,Bundesliga,28.0,1997.0,DF,2025-2026,2024-2025,100.0,exact,Benedikt Gimber,1. Fußballclub Heidenheim 1846,1997-02-19,1.5,29.6,1.754962354551677,CB,DF,Benedikt Gimber,2.88,1.76,9.73,1.38,0.4403,55.3,1,0,0,0,0,0,1,0,0,0,0,0,0
benjamin andre|1990,13480.0,6,0.05817664097402916,0.0589130541509156,0.06029919447640966,0.06352154531946508,0.7865664296502453,0.18569131832797425,0.953970080552359,7.178365937859609,3.482163406214039,1.3557366586479451,1.9332566168009204,1.380897583429229,3.1426448736998513,0.0,,1,Benjamin André,Lille,Ligue 1,36.0,1990.0,MF,2026-2027,2024-2025,100.0,exact,Benjamin André,LOSC Lille,1990-08-03,3.0,36.2,1.754962354551677,CDM,MF,Benjamin André,2.47,1.48,4.75,-0.53,-0.1431,-13.3,0,0,1,0,0,0,0,1,0,0,0,0,0
benjamin dominguez|2003,1828.0,2,0.13524969173859436,0.2670314426633786,0.1545667447306792,0.05620608899297425,2.059956843403206,0.8843249075215783,3.5128805620608907,2.24824355971897,1.2646370023419204,0.2982429099876696,0.49180327868852464,1.053864168618267,0.14051522248243561,,,1,Benjamín Domínguez,Bologna,Serie A,21.0,2003.0,FW,2025-2026,2024-2025,90.9090909090909,fuzzy,Benja Domínguez,Bologna Football Club 1909,2003-09-19,9.0,23.0,2.754277891854894,WINGER,FW,Benjamín Domínguez,8.56,4.68,21.57,-0.44,-0.0452,-4.4,0,0,0,0,1,0,0,0,0,0,0,0,1
benjamin henrichs|1997,7195.0,6,0.06840390879478828,0.14169381107491857,0.07033149745401643,0.13475935828877003,1.2005628517823637,0.24394463667820065,1.6497973604904916,4.036579029408708,2.7178634521459006,1.291530944625407,1.9079289202951264,1.8686480307596385,0.7700534759358288,0.0,,1,Benjamin Henrichs,RB Leipzig,Bundesliga,29.0,1997.0,DF,2026-2027,2024-2025,100.0,exact,Benjamin Henrichs,RB Leipzig,1997-02-23,7.0,29.6,1.754962354551677,CB,DF,Benjamin Henrichs,4.2,2.21,12.19,-2.8,-0.4303,-35.0,1,0,0,0,0,0,1,0,0,0,0,0,0
benjamin pavard|1996,9900.0,6,0.03757065652747848,0.07311046675617433,0.04625868673840645,0.04545454545454545,0.6771938367361136,0.13279172283143284,1.176391321924269,5.878491539453672,1.9109861974704985,1.269278936739138,2.7495331780468546,1.1504032956667372,2.2727272727272725,0.0,,1,Benjamin Pavard,Inter,Serie A,30.0,1996.0,DF,2026-2027,2024-2025,100.0,exact,Benjamin Pavard,Olympique Marseille,1996-03-28,12.0,30.5,1.754962354551677,CB,DF,Benjamin Pavard,12.61,3.99,19.76,0.61,0.0458,4.7,0,0,0,0,1,0,1,0,0,0,0,0,0
benjamin sesko|2003,5549.0,3,0.5974795124302734,0.12395840506852143,0.4015087075256301,0.07941176470588236,2.873355829488327,1.4599718027551765,1.6116756950351434,1.6036173165599679,0.4190356807091373,0.17726051924798567,1.0133410932533464,0.8098670367551597,2.647058823529412,0.0,,1,Benjamin Šeško,Manchester Utd,Premier League,22.0,2003.0,"FW,MF",2025-2026,2024-2025,100.0,exact,Benjamin Sesko,Manchester United,2003-05-31,75.0,23.3,3.753593429158111,ST,"FW,MF",Benjamin Šeško,50.22,29.86,61.48,-24.78,-0.3946,-32.6,0,0,0,1,0,0,0,0,0,0,0,1,0
benoit badiashile|2001,5725.0,5,0.0415907793514013,0.02201864789191834,0.046594857539958304,0.0,0.3351727512436458,0.0,0.5253648366921474,4.165392633773454,1.5573314801945795,1.5021610895153177,3.927727588603197,1.0038220986796385,2.155688622754491,0.0,,1,Benoît Badiashile,Chelsea,Premier League,24.0,2001.0,DF,2025-2026,2024-2025,100.0,exact,Benoît Badiashile,Chelsea FC,2001-03-26,15.0,25.5,3.753593429158111,CB,DF,Benoît Badiashile,15.96,13.19,35.56,0.96,0.0581,6.0,0,0,0,1,0,0,1,0,0,0,0,0,0
berat djimsiti|1993,12050.0,5,0.011614901488428116,0.03252172416759873,0.06028238182934315,0.04431818181818182,0.5497720037855975,0.10020066023690853,0.6666666666666667,3.134438305709024,1.6243093922651934,1.540135937365568,3.947206875383671,1.2842234499693064,3.0681818181818183,0.0,,1,Berat Djimsiti,Atalanta,Serie A,32.0,1993.0,DF,2025-2026,2024-2025,100.0,exact,Berat Djimsiti,Atalanta BC,1993-02-19,4.0,33.6,0.7529089664613279,CB,DF,Berat Djimsiti,2.48,1.58,4.25,-1.52,-0.3627,-30.4,0,0,0,0,1,0,1,0,0,0,0,0,0
berke ozer|2000,3284.0,2,0.0,0.026758543495750114,,,0.0,0.0,,,,0.0,,,,2.2230063514467187,,0,Berke Özer,Lille,Ligue 1,26.0,2000.0,GK,2026-2027,,100.0,exact,Berke Özer,LOSC Lille,2000-05-25,10.0,26.3,2.754277891854894,GK,GK,Berke Özer,6.23,2.29,17.1,-3.77,-0.4198,-34.3,0,0,1,0,0,0,0,0,0,0,1,0,0
bernardo silva|1994,13464.0,6,0.12268133059675482,0.17705146574758934,0.1306881354569932,0.17191011235955053,1.0576230006074103,0.2822802691119783,3.996597500368381,5.2142637071171185,1.833732970757257,0.7172675521821632,0.7462726554232361,1.1079556871307819,0.16853932584269662,0.0,,1,Bernardo Silva,Real Madrid,La Liga,32.0,1994.0,MF,2026-2027,2024-2025,100.0,exact,Bernardo Silva,Manchester City,1994-08-10,22.0,32.1,1.754962354551677,CAM,MF,Bernardo Silva,6.56,2.54,20.21,-15.44,-1.1125,-67.1,0,1,0,0,0,1,0,0,0,0,0,0,0
bernardo|1995,7018.0,3,0.009123059941882729,0.0,0.0476536922517279,0.03535353535353535,0.5423152298785845,0.03745797983031855,0.756638777737359,4.44343397599127,2.708257548199345,1.516455297006285,4.399781738814114,1.9789014186977083,4.545454545454545,0.0,,1,Bernardo,Hoffenheim,Bundesliga,30.0,1995.0,DF,2025-2026,2024-2025,100.0,exact,Bernardo,TSG 1899 Hoffenheim,1995-05-14,4.0,31.4,0.7529089664613279,CB,DF,Bernardo,2.29,1.4,4.25,-1.71,-0.4181,-34.2,1,0,0,0,0,0,1,0,0,0,0,0,0
bernd leno|1992,14310.0,6,0.0,0.007344632768361581,0.0,0.0026315789473684214,0.0,0.0,0.0,0.0,0.027343749999999997,0.009604519774011298,0.3525390625,0.012695312499999998,0.23684210526315788,2.9766467065868265,-0.08157894736842106,1,Bernd Leno,Fulham,Premier League,34.0,1992.0,GK,2026-2027,2024-2025,100.0,exact,Bernd Leno,Fulham FC,1992-03-04,6.0,34.6,0.7529089664613279,GK,GK,Bernd Leno,7.3,2.29,11.03,1.3,0.1706,18.6,0,0,0,1,0,0,0,0,0,0,1,0,0
bertrand traore|1995,1653.0,4,0.18555638279594527,0.0,0.16346583296114336,,2.2936830651165456,0.8544303797468354,4.421616793211255,4.542206342117017,0.7503349709691827,0.2731802302273639,0.2679767753461367,1.05850826261724,,0.0,,0,Bertrand Traoré,Sunderland,Premier League,29.0,1995.0,"MF,FW",2025-2026,,100.0,exact,Bertrand Traoré,Sunderland AFC,1995-09-06,4.0,31.1,,CAM,"MF,FW",Bertrand Traoré,2.93,1.72,4.88,-1.07,-0.2408,-21.4,0,0,0,1,0,1,0,0,0,0,0,0,0
bertug y ld r m|2002,1555.0,3,0.06375674350171653,0.04413928396272683,0.2218032786885246,0.09972299168975068,1.6527709661598824,0.5796178343949046,0.9098360655737704,1.3819672131147542,0.9491803278688524,0.06375674350171653,1.2,1.1852459016393442,6.066481994459834,0.0,,1,Bertuğ Yıldırım,Rennes,Ligue 1,23.0,2002.0,FW,2025-2026,2024-2025,100.0,exact,Bertuğ Yıldırım,Stade Rennais FC,2002-07-12,7.0,24.2,2.754277891854894,ST,FW,Bertuğ Yıldırım,1.59,1.34,10.13,-5.41,-1.1281,-67.6,0,0,1,0,0,0,0,0,0,0,0,1,0
beto|1998,8454.0,6,0.44421029281277735,0.052406832298136655,0.5125770256598915,0.07040417209908735,2.7892455950276562,1.135671058843727,1.0512278120114043,0.9332750850731169,0.8898188172537478,0.1472382431233363,1.3202428032741653,0.7801434746620068,5.808344198174706,0.0,,1,Beto,Fiorentina,Serie A,28.0,1998.0,FW,2026-2027,2024-2025,100.0,exact,Beto,Everton FC,1998-01-31,18.0,28.7,0.7529089664613279,ST,FW,Beto,8.5,3.87,13.37,-9.5,-0.6932,-50.0,0,0,0,0,1,0,0,0,0,0,0,1,0
bilal brahimi|2000,1814.0,5,0.16021837170662234,0.12817469736529788,0.08669282911166608,0.0,1.805126987894612,1.1641791044776117,4.998216196931859,2.579379236532287,0.4709240099892972,0.2777118442914787,0.3210845522654298,0.6635747413485551,0.0,0.0,,1,Bilal Brahimi,Nice,Ligue 1,25.0,2000.0,"FW,MF",2025-2026,2024-2025,100.0,exact,Bilal Brahimi,Viborg FF,2000-03-28,1.0,26.5,2.754277891854894,WINGER,"FW,MF",Bilal Brahimi,3.27,2.18,8.55,2.27,0.7577,113.3,0,0,1,0,0,0,0,0,0,0,0,0,1
bilal el khannouss|2004,4015.0,3,0.17061327657310096,0.18557935346547824,0.053620531622364805,0.18973418881759851,1.7718810186175904,0.5553177830087739,3.010999083409716,5.279560036663612,2.0623281393217234,0.3711587069309565,0.41246562786434465,0.9074243813015582,0.7836846929422548,,,1,Bilal El Khannouss,Stuttgart,Bundesliga,22.0,2004.0,"MF,FW",2026-2027,2024-2025,100.0,exact,Bilal El Khannouss,VfB Stuttgart,2004-05-10,35.0,22.4,3.753593429158111,CAM,"MF,FW",Bilal El Khannouss,33.2,12.0,39.62,-1.8,-0.0513,-5.0,1,0,0,0,0,1,0,0,0,0,0,0,0
billy gilmour|2001,6754.0,6,0.05603702145561632,0.04392090870845603,0.04532219570405729,0.12705882352941178,0.9569128361968156,0.19035029742233972,1.2995226730310263,6.766109785202864,1.4863961813842481,0.7375683634833824,1.11909307875895,0.7840095465393795,0.6352941176470588,0.0,,1,Billy Gilmour,Napoli,Serie A,25.0,2001.0,MF,2026-2027,2024-2025,100.0,exact,Billy Gilmour,SSC Napoli,2001-06-11,20.0,25.3,2.754277891854894,CM,MF,Billy Gilmour,16.43,6.04,37.64,-3.57,-0.1866,-17.0,0,0,0,0,1,0,0,0,1,0,0,0,0
borja iglesias|1993,8454.0,5,0.5448787250550094,0.11103621077801663,0.44453079463765305,0.14754098360655737,2.1772254938122435,1.2577155142520284,0.9597823975131146,1.4377307169224791,0.37108995531377503,0.14995611971051728,0.4973771128812901,0.39246162813289304,0.6454918032786885,0.0,,1,Borja Iglesias,Celta Vigo,La Liga,32.0,1993.0,FW,2025-2026,2024-2025,100.0,exact,Borja Iglesias,Celta de Vigo,1993-01-17,2.8,33.7,0.7529089664613279,ST,FW,Borja Iglesias,2.91,2.02,5.94,0.11,0.0284,2.9,0,1,0,0,0,0,0,0,0,0,0,1,0
borja mayoral|1997,8224.0,5,0.42402826855123676,0.06757950530035335,0.3543477390155005,0.07271095152603231,1.5543286219081272,0.618147098681779,1.2706772940281172,2.061921736692434,0.36948772379540995,0.20273851590106004,0.5010614010493851,0.40553530660471826,1.3734290843806103,0.0,,1,Borja Mayoral,Getafe,La Liga,28.0,1997.0,FW,2025-2026,2024-2025,100.0,exact,Borja Mayoral,Getafe CF,1997-04-05,6.0,29.5,0.7529089664613279,ST,FW,Borja Mayoral,6.04,2.98,17.65,0.04,0.0055,0.6,0,1,0,0,0,0,0,0,0,0,0,1,0
borna sosa|1998,5781.0,5,0.03348318090218571,0.14230351883428924,0.03153448162944528,0.05334462320067739,0.5664238102619749,0.06854130052724078,2.098369244875238,4.712489357521777,1.523675420787216,1.0128662222911176,2.1691007924553016,0.9696116314100466,1.2193056731583405,0.0,,1,Borna Sosa,Crystal Palace,Premier League,27.0,1998.0,"DF,MF",2025-2026,2024-2025,100.0,exact,Borna Sosa,Crystal Palace,1998-01-21,3.0,28.7,1.754962354551677,FULLBACK,"DF,MF",Borna Sosa,13.44,5.12,20.81,10.44,1.2838,261.0,0,0,0,1,0,0,0,0,0,1,0,0,0
boubacar kamara|1999,9787.0,6,0.03404496772820768,0.09043194552805163,0.024871007014899412,0.046929316338354586,0.4254363958063749,0.20743134087237483,0.9530987303611803,4.668096701258043,2.544495333062786,0.9766650117029576,1.7653197286799234,1.1896341816916922,1.0950173812282735,0.0,,1,Boubacar Kamara,Aston Villa,Premier League,26.0,1999.0,MF,2026-2027,2024-2025,100.0,exact,Boubacar Kamara,Aston Villa,1999-11-23,40.0,26.8,3.753593429158111,CDM,MF,Boubacar Kamara,34.05,20.51,47.55,-5.95,-0.1567,-14.5,0,0,0,1,0,0,0,1,0,0,0,0,0
boubacar traore|2001,4344.0,5,0.04688785302988758,0.01727447216890595,0.03351175238538516,0.0,1.1870030161776803,0.19455747711088506,1.0681871072841518,3.288340702815919,3.400046544100536,0.9500959692898273,0.6283453572259716,1.2985804049336747,0.0,0.0,,1,Boubacar Traoré,Metz,Ligue 1,23.0,2001.0,MF,2025-2026,2024-2025,100.0,exact,Boubacar Traoré,FC Metz,2001-08-20,4.0,25.1,0.7529089664613279,CDM,MF,Boubacar Traoré,2.81,1.79,10.31,-1.19,-0.2722,-23.8,0,0,1,0,0,0,0,1,0,0,0,0,0
boulaye dia|1996,8517.0,6,0.2993973668385429,0.15315326842125465,0.3052721721647182,0.17363344051446944,1.526054094405268,0.6640861255594533,1.248231439422146,1.9150718594087421,0.6668404199865963,0.23145719513287358,0.6936480750614342,0.44065083029265023,0.8681672025723473,0.0,,1,Boulaye Dia,Lazio,Serie A,29.0,1996.0,"FW,MF",2026-2027,2024-2025,100.0,exact,Boulaye Dia,Società Sportiva Lazio S.p.A.,1996-11-16,5.0,29.9,1.754962354551677,ST,"FW,MF",Boulaye Dia,6.29,3.35,17.61,1.29,0.1947,21.5,0,0,0,0,1,0,0,0,0,0,0,1,0
bradley barcola|2002,7436.0,6,0.4615384615384615,0.2704830053667263,0.41283266783374967,0.4167812929848693,2.825152230644961,1.5583609271523178,5.293180432345246,3.622022463069691,1.4888176400007869,0.7062611806797853,0.5753456991679616,1.3507346722004758,0.577716643741403,0.0,,1,Bradley Barcola,Liverpool,Premier League,24.0,2002.0,FW,2026-2027,2024-2025,100.0,exact,Bradley Barcola,Paris Saint-Germain,2002-09-02,70.0,24.1,1.754962354551677,WINGER,FW,Bradley Barcola,62.81,32.44,84.79,-7.19,-0.1067,-10.1,0,0,0,1,0,0,0,0,0,0,0,0,1
bradley locko|2002,7129.0,6,0.0026721693561556387,0.0841733347189026,0.01009327388604721,0.0,0.2988651341127334,0.0661678847900359,2.5356273421045428,3.877294236713257,2.7818047539593524,1.0969255207018895,2.117125741951366,1.0733335156869717,0.9278350515463917,0.0,,1,Bradley Locko,Brest,Ligue 1,24.0,2002.0,DF,2026-2027,2024-2025,100.0,exact,Bradley Locko,Stade Brestois 29,2002-05-06,6.0,24.4,0.7529089664613279,FULLBACK,DF,Bradley Locko,8.19,3.92,20.62,2.19,0.2721,31.3,0,0,1,0,0,0,0,0,0,1,0,0,0
brahim diaz|1999,8067.0,6,0.23216836214183692,0.29250590258547815,0.3150845397281467,0.21444043321299638,1.6158765424685502,0.7177325138416214,3.3994916565366338,4.8098132390319375,1.5754226986407338,0.23872679045092837,0.16311194607138907,0.8533539617637307,0.19494584837545126,0.0,,1,Brahim Díaz,Real Madrid,La Liga,27.0,1999.0,"MF,FW",2026-2027,2024-2025,100.0,exact,Brahim Díaz,Real Madrid,1999-08-03,35.0,27.2,0.7529089664613279,CAM,"MF,FW",Brahim Díaz,17.66,7.87,34.65,-17.34,-0.657,-48.2,0,1,0,0,0,1,0,0,0,0,0,0,0
brais mendez|1997,11032.0,5,0.23954411547254797,0.14741176336772183,0.1816674204733906,0.11757021554539515,2.0289591319085045,0.7275107536936601,1.7186793306196289,5.140961857379767,1.6824966078697419,0.48011192374626066,0.7945122870496004,0.9467812452887079,1.0581319399085565,0.0,,1,Brais Méndez,Real Sociedad,La Liga,28.0,1997.0,"MF,FW",2025-2026,2024-2025,100.0,exact,Brais Méndez,Real Sociedad,1997-01-07,8.0,29.7,1.754962354551677,CAM,"MF,FW",Brais Méndez,11.97,6.99,31.44,3.97,0.3651,44.1,0,1,0,0,0,1,0,0,0,0,0,0,0
brajan gruda|2004,3987.0,4,0.20070905763952424,0.25217291857273555,0.17886075949367086,0.27510917030567683,1.9561201871767504,0.893241054336622,4.50379746835443,3.710126582278481,1.5417721518987344,0.1801235132662397,0.38354430379746834,0.9075949367088607,0.3930131004366812,0.0,,1,Brajan Gruda,RB Leipzig,Bundesliga,22.0,2004.0,"MF,FW",2026-2027,2024-2025,100.0,exact,Brajan Gruda,RB Leipzig,2004-05-31,28.0,22.3,1.754962354551677,CAM,"MF,FW",Brajan Gruda,16.15,7.25,33.18,-11.85,-0.5253,-40.9,1,0,0,0,0,1,0,0,0,0,0,0,0
branco van den boomen|1995,4576.0,3,0.0910398777143371,0.15577934631119902,0.18698060941828254,,1.1691934847545509,0.36348949919224555,1.4958448753462603,10.003462603878116,2.2126038781163433,0.38236748640021573,0.8414127423822715,0.8414127423822715,,0.0,,0,Branco van den Boomen,Angers,Ligue 1,31.0,1995.0,MF,2026-2027,,100.0,exact,Branco van den Boomen,Angers SCO,1995-07-21,2.5,31.2,,CM,MF,Branco van den Boomen,4.19,2.76,7.01,1.69,0.394,48.3,0,0,1,0,0,0,0,0,1,0,0,0,0
breel embolo|1997,7920.0,5,0.4029737264509589,0.15079834417504434,0.4729833154752793,0.27376425855513303,2.1669341894060996,0.8716394354072134,1.2720036736568192,2.6771774070105616,0.964334915046686,0.19388358536791417,0.5097198836675341,0.5740088780039798,1.4665942422596414,0.0,,1,Breel Embolo,Rennes,Ligue 1,28.0,1997.0,"FW,MF",2025-2026,2024-2025,100.0,exact,Breel Embolo,Stade Rennais FC,1997-02-14,15.0,29.6,2.754277891854894,ST,"FW,MF",Breel Embolo,12.47,7.38,20.51,-2.53,-0.1718,-15.8,0,0,1,0,0,0,0,0,0,0,0,1,0
brendan chardonnet|1994,13109.0,5,0.0339631185690206,0.04528415809202748,0.038741525702626206,0.04470198675496689,0.4951067951395003,0.13857276743874683,0.44902257618640157,2.6822878957414598,1.6716909102876325,1.4015446929482502,4.928585532811162,1.6479957875337323,2.160596026490066,0.0,,1,Brendan Chardonnet,Brest,Ligue 1,30.0,1994.0,DF,2025-2026,2024-2025,100.0,exact,Brendan Chardonnet,Stade Brestois 29,1994-12-22,4.0,31.8,0.7529089664613279,CB,DF,Brendan Chardonnet,3.54,1.81,6.67,-0.46,-0.0965,-9.2,0,0,1,0,0,0,1,0,0,0,0,0,0
brenden aaronson|2000,6285.0,4,0.11897844151316171,0.15427973734673717,0.14508017022739972,,1.6170488165680472,0.624744793793385,2.120104887589735,3.6134634397971026,1.9846967287108281,0.43407519321285365,0.2553410996002235,1.7370932381893993,,0.0,,0,Brenden Aaronson,Leeds United,Premier League,25.0,2000.0,"MF,FW",2026-2027,,100.0,exact,Brenden Aaronson,Leeds United,2000-10-22,22.0,25.9,0.7529089664613279,CAM,"MF,FW",Brenden Aaronson,16.09,9.41,26.89,-5.91,-0.2968,-25.7,0,0,0,1,0,1,0,0,0,0,0,0,0
brennan johnson|2001,9395.0,5,0.24075227428198037,0.14794319144808718,0.38553915044857445,0.09508497932935231,1.7682488217042611,0.5392965696917064,3.0507758067293995,2.4378023767398895,1.334450202758772,0.271076034019787,0.45796865458986363,1.1893093676118305,0.28938906752411575,0.0,,1,Brennan Johnson,Everton,Premier League,25.0,2001.0,"MF,FW",2026-2027,2024-2025,100.0,exact,Brennan Johnson,Tottenham Hotspur,2001-05-23,30.0,25.3,3.753593429158111,CAM,"MF,FW",Brennan Johnson,38.99,28.46,44.69,8.99,0.2546,29.0,0,0,0,1,0,1,0,0,0,0,0,0,0
brian brobbey|2002,2458.0,3,0.392725677092221,0.04607396211696448,0.4122137404580153,,1.6898337421640772,0.8406850025947068,0.6870229007633588,1.3740458015267176,0.6870229007633588,0.0,0.0,0.6870229007633588,,0.0,,0,Brian Brobbey,Sunderland,Premier League,24.0,2002.0,FW,2026-2027,,100.0,exact,Brian Brobbey,Sunderland AFC,2002-02-01,30.0,24.7,2.754277891854894,ST,FW,Brian Brobbey,18.26,10.66,29.06,-11.74,-0.4759,-37.9,0,0,0,1,0,0,0,0,0,0,0,1,0
brice samba|1994,12419.0,5,0.0,0.0,0.0,0.0,0.0,0.0,0.0,0.07462224807256797,0.044550595864219694,0.008542203596486747,0.4276857202965089,0.00556882448302746,0.15630427231677665,2.84425162021161,0.17818687044112538,1,Brice Samba,Rennes,Ligue 1,32.0,1994.0,GK,2026-2027,2024-2025,100.0,exact,Brice Samba,Stade Rennais FC,1994-04-25,7.0,32.4,2.754277891854894,GK,GK,Brice Samba,4.71,2.77,11.89,-2.29,-0.3379,-28.7,0,0,1,0,0,0,0,0,0,0,1,0,0
brooke norton cuffy|2004,3111.0,3,0.060532927142885405,0.030266463571442703,0.037552155771905425,0.025034770514603618,0.6134054652723051,0.24536218610892205,1.502086230876217,2.2531293463143256,1.502086230876217,0.4023659274791794,1.502086230876217,1.502086230876217,1.502086230876217,,,1,Brooke Norton-Cuffy,Genoa,Serie A,22.0,2004.0,"MF,DF",2026-2027,2024-2025,100.0,exact,Brooke Norton-Cuffy,Genoa CFC,2004-01-12,15.0,22.7,2.754277891854894,CM,"MF,DF",Brooke Norton-Cuffy,11.38,4.85,25.69,-3.62,-0.2565,-22.6,0,0,0,0,1,0,0,0,1,0,0,0,0
bruno fernandes|1994,16076.0,6,0.2780331946364665,0.37567226084713135,0.28429043929942954,0.25347912524850896,2.5879059429270796,0.7353376047313948,2.3734156141090814,8.677551111012454,2.1496592599169797,0.6650172985201993,1.1877067193500412,1.1517458767120248,0.6560636182902585,0.0,,1,Bruno Fernandes,Manchester Utd,Premier League,32.0,1994.0,MF,2026-2027,2024-2025,100.0,exact,Bruno Fernandes,Manchester United,1994-09-08,35.0,32.1,0.7529089664613279,CAM,MF,Bruno Fernandes,18.07,6.56,23.72,-16.93,-0.6352,-47.0,0,0,0,1,0,1,0,0,0,0,0,0,0
bruno guimaraes|1997,14505.0,6,0.2206062042255086,0.178617712182587,0.12015717178832439,0.1678385814735555,1.316490264565432,0.5984042553191491,1.7533239411816501,7.546226996565995,2.4259267412168706,0.8291060968475307,0.9014264330368936,1.1569956854803205,0.49526138795475394,0.0,,1,Bruno Guimarães,Arsenal,Premier League,28.0,1997.0,MF,2026-2027,2024-2025,100.0,exact,Bruno Guimarães,Newcastle United,1997-11-16,70.0,28.9,1.754962354551677,CAM,MF,Bruno Guimarães,45.08,19.13,50.0,-24.92,-0.4324,-35.1,0,0,0,1,0,1,0,0,0,0,0,0,0
bryan cristante|1995,14467.0,6,0.0799766916745575,0.055065918857892054,0.09527495015216708,0.06161369193154035,1.2882092680276334,0.2580099263730851,1.050739846783503,6.095471717913736,2.3553101059922343,0.8115667565008375,1.5560394584951203,0.9928901248819393,2.684596577017115,0.0,,1,Bryan Cristante,Roma,Serie A,31.0,1995.0,MF,2026-2027,2024-2025,100.0,exact,Bryan Cristante,Associazione Sportiva Roma,1995-03-03,7.0,31.6,0.7529089664613279,CM,MF,Bryan Cristante,12.31,3.29,16.21,5.31,0.5094,66.4,0,0,0,0,1,0,0,0,1,0,0,0,0
bryan gil|2001,5421.0,5,0.07589838909541512,0.16573729863692688,0.1585459428352196,0.15165601394538059,1.5954151177199505,0.5744019187381857,3.7492806445424898,3.760790331862651,1.7494724726644926,0.5529739776951673,0.6215231152887013,1.248801074237483,0.0,0.0,,1,Bryan Gil,Girona,La Liga,24.0,2001.0,"FW,MF",2025-2026,2024-2025,100.0,exact,Bryan Gil,Girona FC,2001-02-11,8.0,25.6,3.753593429158111,WINGER,"FW,MF",Bryan Gil,9.42,4.59,24.52,1.42,0.1465,15.8,0,1,0,0,0,0,0,0,0,0,0,0,1
bryan mbeumo|1999,14244.0,6,0.41181888516376236,0.16578860111262572,0.3438843155824288,0.21880492091388404,2.2870220573728446,1.000056347551699,3.1121148102280176,3.4716252640780945,1.0468419902382167,0.352134988763217,1.067603992132294,0.8020689152764625,0.8963093145869948,0.0,,1,Bryan Mbeumo,Manchester Utd,Premier League,27.0,1999.0,"MF,FW",2026-2027,2024-2025,100.0,exact,Bryan Mbeumo,Manchester United,1999-08-07,75.0,27.1,3.753593429158111,CAM,"MF,FW",Bryan Mbeumo,73.42,39.33,83.02,-1.58,-0.0209,-2.1,0,0,0,1,0,1,0,0,0,0,0,0,0
bryan zaragoza|2001,5061.0,4,0.11713847441082136,0.18128573420722355,0.164989939637827,0.15686274509803927,1.9885397950759969,0.7732980832782551,5.34540576794098,2.358596020567852,0.8204784261122291,0.2105703528099289,0.2928683210373351,0.4717192041135704,0.09803921568627451,0.0,,1,Bryan Zaragoza,Espanyol,La Liga,25.0,2001.0,"FW,MF",2026-2027,2024-2025,100.0,exact,Bryan Zaragoza,Associazione Sportiva Roma,2001-09-09,8.0,25.1,2.754277891854894,WINGER,"FW,MF",Bryan Zaragoza,7.91,4.68,27.98,-0.09,-0.0103,-1.0,0,1,0,0,0,0,0,0,0,0,0,0,1
budu zivzivadze|1994,2100.0,2,0.3614911509978662,0.1101418350696624,0.15970772442588727,0.1409185803757829,2.1520020082841724,1.0025731140956446,1.033402922755741,1.8789144050104385,1.5970772442588728,0.1581523785615665,0.6576200417536535,0.8455114822546973,2.1607515657620042,,,1,Budu Zivzivadze,Heidenheim,Bundesliga,31.0,1994.0,FW,2025-2026,2024-2025,100.0,exact,Budu Zivzivadze,1. Fußballclub Heidenheim 1846,1994-03-10,1.2,32.6,2.754277891854894,ST,FW,Budu Zivzivadze,1.55,1.31,3.49,0.35,0.1488,16.0,1,0,0,0,0,0,0,0,0,0,0,1,0
bukayo saka|2001,13445.0,6,0.38019588185393693,0.28148376648415213,0.38812332705462477,0.3956043956043956,2.9918898720279015,1.112844600089625,4.866518432494441,3.557478508405444,1.7411378152926682,0.47813680882239534,0.5876021470350805,1.1713804189267658,0.5205320994794679,0.0,,1,Bukayo Saka,Arsenal,Premier League,25.0,2001.0,"FW,MF",2026-2027,2024-2025,100.0,exact,Bukayo Saka,Arsenal FC,2001-09-05,110.0,25.1,3.753593429158111,WINGER,"FW,MF",Bukayo Saka,126.02,44.11,139.59,16.02,0.1348,14.4,0,0,0,1,0,0,0,0,0,0,0,0,1
caio henrique oliveira silva|1997,9646.0,5,0.010574412532637077,0.25613577023498696,0.017647757883061322,0.2332814930015552,0.2678851174934726,0.022856473070386216,2.365512597052765,5.205197274599905,1.914514340041198,0.8553524804177545,2.249643479638726,1.0873871018855965,0.6065318818040435,0.0,,1,Caio Henrique Oliveira Silva,Monaco,Ligue 1,28.0,1997.0,"DF,MF",2025-2026,2024-2025,90.0,fuzzy,Caio Henrique,AS Monaco,1997-07-31,12.0,29.2,0.7529089664613279,FULLBACK,"DF,MF",Caio Henrique Oliveira Silva,11.37,3.39,24.75,-0.63,-0.0494,-4.8,0,0,1,0,0,0,0,0,0,1,0,0,0
caio henrique|1997,9646.0,5,0.010574412532637077,0.25613577023498696,,,,,,,,,,,,,,0,Caio Henrique,Monaco,Ligue 1,28.0,1997.0,"DF,MF",2025-2026,,100.0,exact,Caio Henrique,AS Monaco,1997-07-31,12.0,29.2,0.7529089664613279,FULLBACK,"DF,MF",Caio Henrique,14.61,5.87,24.48,2.61,0.1833,20.1,0,0,1,0,0,0,0,0,0,1,0,0,0
caleb ekuban|1994,4396.0,4,0.2839041459018132,0.16461668964054713,0.3003457216940363,0.12972972972972974,2.495493584985686,0.9256417699995854,1.205704407951599,1.3007778738115816,0.6439066551426103,0.2982186406531651,0.6611927398444253,0.8167675021607606,1.9459459459459458,0.0,,1,Caleb Ekuban,Genoa,Serie A,31.0,1994.0,"FW,MF",2025-2026,2024-2025,100.0,exact,Caleb Ekuban,Genoa CFC,1994-03-23,1.2,32.5,,ST,"FW,MF",Caleb Ekuban,1.17,0.96,3.09,-0.03,-0.0132,-1.3,0,0,0,0,1,0,0,0,0,0,0,1,0
callum hudson odoi|2000,7456.0,5,0.20993444152527807,0.12375082868858496,0.11268616544051678,0.11075660893345489,1.5347312593611118,0.5882746284625286,5.334649201507267,3.018123093486452,0.8989772115557152,0.42207871927713797,0.5311322447514804,0.5436928045935762,0.12306289881494988,0.0,,1,Callum Hudson-Odoi,Nott'ham Forest,Premier League,24.0,2000.0,"FW,MF",2025-2026,2024-2025,100.0,exact,Callum Hudson-Odoi,Nottingham Forest,2000-11-07,30.0,25.9,1.754962354551677,WINGER,"FW,MF",Callum Hudson-Odoi,24.8,15.01,40.27,-5.2,-0.1835,-16.8,0,0,0,1,0,0,0,0,0,0,0,0,1
callum wilson|1992,5875.0,5,0.5840561576145737,0.09734269293576231,0.6390326817584795,0.024324324324324326,2.742773524484126,0.9836254170341681,1.136907981148111,0.8552885729738083,0.46588889747353784,0.177507263588743,0.32681758479486983,0.4658888974735378,0.4864864864864865,0.0,,1,Callum Wilson,West Ham,Premier League,33.0,1992.0,FW,2025-2026,2024-2025,100.0,exact,Callum Wilson,West Ham United,1992-02-27,4.0,34.6,0.7529089664613279,ST,FW,Callum Wilson,4.01,2.54,5.33,0.01,0.0027,0.3,0,0,0,1,0,0,0,0,0,0,0,1,0
calvin bassey|1999,8361.0,4,0.031126127324483225,0.0,0.023282637710293458,0.0029277813923227064,0.37381826592269213,0.07478323699421964,0.9520670961788791,3.063817166208044,1.6950353441315558,0.7709702306525844,3.3960025704822945,1.1982402082749757,1.2589459986987637,0.0,,1,Calvin Bassey,Fulham,Premier League,26.0,1999.0,DF,2026-2027,2024-2025,100.0,exact,Calvin Bassey,Fulham FC,1999-12-31,28.0,26.7,0.7529089664613279,CB,DF,Calvin Bassey,14.75,7.67,28.57,-13.25,-0.6103,-45.7,0,0,0,1,0,0,1,0,0,0,0,0,0
cameron archer|2001,3525.0,3,0.2727204987456844,0.02011872531730459,0.3158343033985407,0.03122831367106176,1.8960279378779705,0.6245662734212352,1.4897362369041196,0.810028108230885,0.8458022202663183,0.12294776582797247,0.6183810794696346,0.6720422475227847,0.5621096460791116,0.0,,1,Cameron Archer,Auxerre,Ligue 1,25.0,2001.0,FW,2026-2027,2024-2025,100.0,exact,Cameron Archer,Southampton FC,2001-12-09,10.0,24.8,1.754962354551677,ST,FW,Cameron Archer,4.93,2.19,17.26,-5.07,-0.6181,-46.1,0,0,1,0,0,0,0,0,0,0,0,1,0
cameron puertas|1998,1846.0,1,0.048754062838569874,0.09750812567713975,,,1.8039003250270855,0.390032502708559,,,,0.9263271939328276,,,,,,0,Cameron Puertas,Werder Bremen,Bundesliga,26.0,1998.0,MF,2025-2026,,100.0,exact,Cameron Puertas,SV Werder Bremen,1998-08-18,7.0,28.1,0.7529089664613279,CAM,MF,Cameron Puertas,3.54,1.56,6.83,-3.46,-0.5676,-43.3,1,0,0,0,0,1,0,0,0,0,0,0,0
can uzun|2005,2151.0,3,0.5891980360065466,0.20932035489706263,0.4,0.14666666666666667,3.3179723502304146,1.4753579343581804,1.4666666666666666,5.6,1.3333333333333333,0.16538892238780256,0.4,1.2,0.6666666666666666,,,1,Can Uzun,Eint Frankfurt,Bundesliga,20.0,2005.0,MF,2026-2027,2024-2025,100.0,exact,Can Uzun,Eintracht Frankfurt,2005-11-11,45.0,20.9,2.754277891854894,CAM,MF,Can Uzun,26.92,19.19,60.29,-18.08,-0.4993,-39.3,1,0,0,0,0,1,0,0,0,0,0,0,0
caoimhin kelleher|1998,5850.0,6,0.0,0.0,0.0,0.0,0.0,0.0,0.0,0.039301310043668124,0.008733624454148473,0.017745302713987474,0.22270742358078602,0.0,0.1,2.7867132867132867,-0.04,1,Caoimhín Kelleher,Brentford,Premier League,27.0,1998.0,GK,2026-2027,2024-2025,100.0,exact,Caoimhín Kelleher,Brentford FC,1998-11-23,28.0,27.8,3.753593429158111,GK,GK,Caoimhín Kelleher,24.75,12.66,30.22,-3.25,-0.119,-11.2,0,0,0,1,0,0,0,0,0,0,1,0,0
carl starfelt|1995,6196.0,4,0.04773872519922709,0.0,0.03475957455413112,0.007929515418502203,0.2899693854360236,0.049218878174161915,0.34213612650139524,2.1838476159663527,1.535972823229668,1.2059711294376176,5.656165325352854,1.2593521252072635,2.378854625550661,0.0,,1,Carl Starfelt,Celta Vigo,La Liga,31.0,1995.0,DF,2026-2027,2024-2025,100.0,exact,Carl Starfelt,Celta de Vigo,1995-06-01,4.5,31.3,0.7529089664613279,CB,DF,Carl Starfelt,1.61,1.15,3.05,-2.89,-0.7468,-52.6,0,1,0,0,0,0,1,0,0,0,0,0,0
carlens arcus|1996,4414.0,3,0.026536539340419572,0.08491692588934263,0.0,0.06155349291646311,0.28193372599566,0.024962881989199062,1.714704445530044,3.077674645823156,2.286272594040059,1.2259881175273841,3.64924279433317,1.0552027357107963,1.3629702002931119,,,1,Carlens Arcus,Angers,Ligue 1,30.0,1996.0,DF,2026-2027,2024-2025,100.0,exact,Carlens Arcus,Angers SCO,1996-06-28,1.8,30.3,0.7529089664613279,CB,DF,Carlens Arcus,2.65,1.18,4.87,0.85,0.264,30.2,0,0,1,0,0,0,1,0,0,0,0,0,0
carles alena|1998,9108.0,6,0.023439243991368406,0.15291316318178436,0.09453228672319561,0.08171206225680934,1.3268773794618902,0.25065448671531215,1.1477474640696341,3.4695575897978004,1.386608488338094,0.3750279038618945,0.7732619599199299,1.058680641461056,1.1089494163424125,0.0,,1,Carles Aleñá,Alavés,La Liga,28.0,1998.0,MF,2026-2027,2024-2025,100.0,exact,Carles Aleñá,Deportivo Alavés,1998-01-05,3.0,28.7,2.754277891854894,CM,MF,Carles Aleñá,5.55,3.87,18.38,2.55,0.4928,63.7,0,1,0,0,0,0,0,0,1,0,0,0,0
carlos alcaraz|2002,2872.0,4,0.13645352669742913,0.22247857613711278,0.1763569012723466,0.19767441860465115,2.699406723796968,0.9960964408725604,2.1887582541472055,4.8655177967466585,1.193428893541633,0.4805537244561636,1.0678047994846191,1.1209534546625866,1.744186046511628,0.0,,1,Carlos Alcaraz,Everton,Premier League,22.0,2002.0,"FW,MF",2025-2026,2024-2025,100.0,exact,Carlos Alcaraz,Everton FC,2002-11-30,15.0,23.8,0.7529089664613279,CAM,"FW,MF",Carlos Alcaraz,12.88,7.98,34.37,-2.12,-0.1421,-13.2,0,0,0,1,0,1,0,0,0,0,0,0,0
carlos alvarez|2003,1890.0,1,0.14285714285714285,0.047619047619047616,,,1.4285714285714286,0.5238095238095238,,,,0.6190476190476191,,,,,,0,Carlos Álvarez,Levante,La Liga,21.0,2003.0,MF,2025-2026,,100.0,exact,Carlos Álvarez,Levante UD,2003-08-06,15.0,23.1,0.7529089664613279,CM,MF,Carlos Álvarez,8.85,3.05,17.55,-6.15,-0.4847,-38.4,0,1,0,0,0,0,0,0,1,0,0,0,0
carlos augusto|1999,8352.0,5,0.11202968669265818,0.12154164122316688,0.11650821089023336,0.08861538461538461,1.1629040908869277,0.3170502583372475,2.1019878997407084,3.5108038029386344,1.7337942955920482,0.8074592512565174,2.6672428694900607,0.9904926534140016,3.1569230769230767,0.0,,1,Carlos Augusto,Inter,Serie A,27.0,1999.0,"MF,DF",2026-2027,2024-2025,100.0,exact,Carlos Augusto,Inter Milan,1999-01-07,23.0,27.7,1.754962354551677,CM,"MF,DF",Carlos Augusto,12.53,4.42,24.65,-10.47,-0.573,-43.6,0,0,0,0,1,0,0,0,1,0,0,0,0
carlos baleba|2004,6177.0,4,0.045266375207954505,0.015088791735984835,0.09098813110378712,0.043968432919954906,1.368437342825086,0.25416021826188234,1.4903855874800331,3.9598034656368153,2.7405625088460686,1.461291445815762,1.559536567118911,1.803384758477061,1.3190529875986472,0.0,,1,Carlos Baleba,Brighton,Premier League,21.0,2004.0,MF,2025-2026,2024-2025,100.0,exact,Carlos Baleba,Brighton & Hove Albion,2004-01-03,55.0,22.7,1.754962354551677,CM,MF,Carlos Baleba,24.24,11.48,40.13,-30.76,-0.797,-54.9,0,0,0,1,0,0,0,0,1,0,0,0,0
carlos dominguez|2001,3827.0,5,0.0,0.0,0.01605214515030645,0.0076206604572396286,0.2730118669158153,0.10496442872137776,0.875571553653079,4.2406848915264135,1.7774102539157504,1.0046836702502002,5.308882186983168,1.263741609105944,2.133784928027096,0.0,,1,Carlos Dominguez,Celta Vigo,La Liga,24.0,2001.0,DF,2025-2026,2024-2025,100.0,exact,Carlos Domínguez,Celta de Vigo,2001-02-11,2.0,25.6,1.754962354551677,CB,DF,Carlos Dominguez,5.69,2.11,12.37,3.69,0.8023,123.1,0,1,0,0,0,0,1,0,0,0,0,0,0
carlos martin|2002,1811.0,3,0.09315657470440702,0.09315657470440702,0.15662029881504377,0.18229557389347337,1.7771408097456107,0.8070779454741983,0.8706852138073158,1.4064914992272024,2.9314786192684186,0.2508061626657112,1.3395157135497167,2.009273570324575,1.0127531882970742,0.0,,1,Carlos Martín,Rayo Vallecano,La Liga,23.0,2002.0,"MF,FW",2025-2026,2024-2025,100.0,exact,Carlos Martín,Rayo Vallecano,2002-04-22,1.5,24.4,2.754277891854894,CAM,"MF,FW",Carlos Martín,3.57,2.8,12.72,2.07,0.6037,82.9,0,1,0,0,0,1,0,0,0,0,0,0,0
carlos romero|2001,6395.0,4,0.11807270901021862,0.05903635450510931,0.0749156355455568,0.07400156617071262,1.1113832997427817,0.2902263033310844,1.7817772778402703,2.2424071991001124,2.6524184476940387,1.0008506974694313,3.60658042744657,1.7134420697412827,0.4933437744714174,0.0,,1,Carlos Romero,Villarreal,La Liga,24.0,2001.0,DF,2026-2027,2024-2025,100.0,exact,Carlos Romero,RCD Espanyol Barcelona,2001-10-29,25.0,24.9,4.7529089664613275,CB,DF,Carlos Romero,13.53,6.72,27.27,-11.47,-0.5816,-44.1,0,1,0,0,0,0,1,0,0,0,0,0,0
carlos soler|1997,9184.0,6,0.16297562676444455,0.1437424782642927,0.1512680258577822,0.08942512420156139,1.3385421246341493,0.6659619450317125,1.2105917454002986,4.309796121332671,1.1434609646941822,0.5557367645570189,1.0472401790154153,0.9845847836897067,0.63875088715401,0.0,,1,Carlos Soler,Real Sociedad,La Liga,29.0,1997.0,MF,2026-2027,2024-2025,100.0,exact,Carlos Soler,Real Sociedad,1997-01-02,7.0,29.7,2.754277891854894,CAM,MF,Carlos Soler,7.89,5.01,24.34,0.89,0.1055,11.1,0,1,0,0,0,1,0,0,0,0,0,0,0
carlos vicente|1999,5464.0,3,0.21114959222433247,0.1269411238967713,0.11863326828879774,0.1571798188874515,0.997933191822143,0.3960572894677016,2.7937955477679104,1.95511927043925,1.3529927123571344,0.42355602725952407,1.0770180399028313,0.8565967106049143,0.9896507115135835,0.0,,1,Carlos Vicente,Alavés,La Liga,26.0,1999.0,"FW,MF",2025-2026,2024-2025,100.0,exact,Carlos Vicente,Deportivo Alavés,1999-04-23,4.0,27.4,2.754277891854894,WINGER,"FW,MF",Carlos Vicente,5.3,3.18,19.48,1.3,0.2315,26.0,0,1,0,0,0,0,0,0,0,0,0,0,1
carmona|2002,7960.0,5,0.03716161778923622,0.05891475990976475,0.03183638289849347,0.061182868796736914,0.6752537866580729,0.11325457233265324,1.5077840225530157,3.0301125855165107,2.414393708139556,1.7357194650338383,2.506509130739258,1.189420193568081,1.009517335146159,0.0,,1,Carmona,Sevilla,La Liga,23.0,2002.0,"DF,MF",2025-2026,2024-2025,90.0,fuzzy,José Ángel Carmona,Sevilla FC,2002-01-29,12.0,24.7,1.754962354551677,FULLBACK,"DF,MF",Carmona,9.8,4.75,27.11,-2.2,-0.1852,-16.9,0,1,0,0,0,0,0,0,0,1,0,0,0
carney chukwuemeka|2003,2054.0,5,0.2160586444892185,0.042440090881810784,0.14953271028037385,0.32015810276679846,1.8133493376773697,0.28553299492385786,4.135514018691589,5.502336448598132,2.6168224299065423,0.5671539417841988,0.3621495327102804,1.3434579439252339,2.1343873517786562,0.0,,1,Carney Chukwuemeka,Dortmund,Bundesliga,21.0,2003.0,"MF,FW",2025-2026,2024-2025,100.0,exact,Carney Chukwuemeka,Borussia Dortmund,2003-10-20,20.0,22.9,3.753593429158111,CAM,"MF,FW",Carney Chukwuemeka,14.27,8.79,34.73,-5.73,-0.3185,-27.3,1,0,0,0,0,1,0,0,0,0,0,0,0
casemiro|1992,10740.0,5,0.18330317911605065,0.06792452830188679,0.1327473688181372,0.13855421686746985,1.7706901008012403,0.6215843748514945,0.4685201252404843,5.404956807122108,4.114828926025123,1.0235202894804858,2.974084273265683,2.6277867893922817,2.1686746987951806,0.0,,1,Casemiro,Manchester Utd,Premier League,33.0,1992.0,MF,2025-2026,2024-2025,100.0,exact,Casemiro,Manchester United,1992-02-23,6.0,34.6,,CAM,MF,Casemiro,4.19,2.45,6.79,-1.81,-0.2994,-25.9,0,0,0,1,0,1,0,0,0,0,0,0,0
casper tengstedt|2000,1659.0,2,0.5505075129648509,0.051859403395239576,0.31443638760711934,0.05339485827290706,2.1951219512195124,0.5932762030323007,1.7205009887936717,1.7205009887936717,0.4152933421226105,0.2074376135809583,1.7205009887936717,0.29663810151615033,1.1865524060646013,,,1,Casper Tengstedt,Toulouse,Ligue 1,26.0,2000.0,FW,2026-2027,2024-2025,100.0,exact,Casper Tengstedt,Feyenoord Rotterdam,2000-06-01,3.5,26.3,2.754277891854894,ST,FW,Casper Tengstedt,7.1,3.65,13.08,3.6,0.5874,79.9,0,0,1,0,0,0,0,0,0,0,0,1,0
castello lukeba|2002,11187.0,6,0.03615474229703129,0.0,0.03306370070778564,0.011414077362079899,0.30644022754640204,0.07357417424729967,0.8872598584428716,4.53943377148635,1.269464105156724,1.2355883180010445,3.7325581395348837,1.4226491405460062,1.4838300570703868,0.0,,1,Castello Lukeba,RB Leipzig,Bundesliga,23.0,2002.0,DF,2026-2027,2024-2025,100.0,exact,Castello Lukeba,RB Leipzig,2002-12-17,50.0,23.8,2.754277891854894,CB,DF,Castello Lukeba,20.32,8.96,33.39,-29.68,-0.8721,-58.2,1,0,0,0,0,0,1,0,0,0,0,0,0
castrin|2003,1758.0,2,0.048836541223786264,0.0,,,0.7752545027407988,0.21143304620203604,,,,1.4191324332088482,,,,,,0,Castrin,Sevilla,La Liga,23.0,2003.0,DF,2026-2027,,90.0,fuzzy,Andrés Castrín,Sevilla FC,2003-05-26,6.0,23.3,0.7529089664613279,CB,DF,Castrin,5.82,2.55,12.89,-0.18,-0.0264,-2.6,0,1,0,0,0,0,1,0,0,0,0,0,0
castrop jens|2003,1584.0,1,0.17045454545454544,0.056818181818181816,,,1.7045454545454544,0.6818181818181818,,,,0.9659090909090908,,,,,,0,Castrop Jens,Gladbach,Bundesliga,22.0,2003.0,MF,2025-2026,,95.0,fuzzy,Jens Castrop,Borussia Mönchengladbach,2003-07-29,10.0,23.2,2.754277891854894,CAM,MF,Castrop Jens,8.11,4.18,17.68,-1.89,-0.1886,-17.2,1,0,0,0,0,1,0,0,0,0,0,0,0
catena|1994,15562.0,6,0.049942478175543065,0.06638695269675847,0.05319538005969587,0.06733897202342223,0.5657443235745053,0.12987012987012989,0.24208675955310688,2.7744416785625807,1.187074549036726,0.8612032212221696,5.388553968122884,1.0065712634050237,1.9616135328562134,0.0,,1,Catena,Osasuna,La Liga,31.0,1994.0,DF,2026-2027,2024-2025,90.0,fuzzy,Alejandro Catena,CA Osasuna,1994-10-28,2.6,31.9,1.754962354551677,CB,DF,Catena,4.77,2.35,13.31,2.17,0.4709,60.1,0,1,0,0,0,0,1,0,0,0,0,0,0
cedric bakambu|1991,1694.0,4,0.3842290306378704,0.21697639377197386,0.4114486666015434,0.07605633802816901,3.1958814665996984,1.4093001110934773,1.195662791833545,1.7583276350493307,0.8088307121226922,0.15369161225514816,0.5890397577415257,1.5209534043176711,1.5211267605633803,0.0,,1,Cédric Bakambu,Betis,La Liga,34.0,1991.0,FW,2025-2026,2024-2025,100.0,exact,Cédric Bakambu,Real Betis Balompié,1991-04-11,1.2,35.5,,ST,FW,Cédric Bakambu,2.51,1.06,3.38,1.31,0.4663,59.4,0,1,0,0,0,0,0,0,0,0,0,1,0
cedric zesiger|1998,5193.0,3,0.0,0.03429224614212231,0.06888799678843838,0.06712564543889846,0.6647420021396019,0.15131419177672753,0.5226816539542353,3.6033721397029312,1.226013649136893,0.9707343523308469,5.79044560417503,1.4138900040144522,1.549053356282272,0.0,,1,Cedric Zesiger,Augsburg,Bundesliga,27.0,1998.0,DF,2025-2026,2024-2025,100.0,exact,Cédric Zesiger,FC Augsburg,1998-06-24,5.0,28.3,4.7529089664613275,CB,DF,Cedric Zesiger,6.44,3.74,16.2,1.44,0.2156,24.1,1,0,0,0,0,0,1,0,0,0,0,0,0
cenk ozkacar|2000,5511.0,4,0.0,0.0,0.023189899510435458,0.0,0.47125782583949916,0.15190627482128674,0.8522288070085029,2.9103323885596493,1.4087863952589537,1.264493048215302,5.472816284462768,1.0116593661427467,1.3077939233817701,0.0,,1,Cenk Özkacar,Köln,Bundesliga,24.0,2000.0,DF,2025-2026,2024-2025,100.0,exact,Cenk Özkacar,1.FC Köln,2000-10-06,4.0,26.0,1.754962354551677,CB,DF,Cenk Özkacar,5.32,2.6,15.89,1.32,0.2349,26.5,1,0,0,0,0,0,1,0,0,0,0,0,0
cesar azpilicueta|1989,7108.0,5,0.02386086464703595,0.06203824808229347,0.029535278249019664,0.010285714285714287,0.26565095973700026,0.07313414176772097,1.834691436994188,5.461523486386517,2.1700920543983093,1.1516844002969353,3.078677309007982,1.3741413354840506,1.4400000000000002,0.0,,1,César Azpilicueta,Sevilla,La Liga,35.0,1989.0,DF,2025-2026,2024-2025,100.0,exact,César Azpilicueta,Sevilla FC,1989-08-28,1.0,37.1,,CB,DF,César Azpilicueta,1.35,0.7,2.36,0.35,0.1593,17.3,0,1,0,0,0,0,1,0,0,0,0,0,0
cesar tarrega|2002,5954.0,3,0.02596999023350795,0.0,0.056510244547257116,0.0029742233972240586,0.4817733282237977,0.10239030465606438,0.5948446794448117,2.3496364838070063,1.4573694646397886,0.7930835479002042,6.602775941837408,1.219431592861864,2.587574355584931,,,1,César Tárrega,Valencia,La Liga,24.0,2002.0,DF,2026-2027,2024-2025,100.0,exact,César Tárrega,Valencia CF,2002-02-26,9.0,24.6,3.753593429158111,CB,DF,César Tárrega,12.0,6.32,21.8,3.0,0.2626,30.0,0,1,0,0,0,0,1,0,0,0,0,0,0
cesare casadei|2003,3093.0,3,0.21616089889517762,0.024435579875107038,0.1007751937984496,0.035398230088495575,1.4604958125352436,0.7250370998516006,1.2338501291989663,3.197674418604651,1.2984496124031009,0.40976587790564106,2.4160206718346258,0.39405684754521964,5.663716814159292,0.0,,1,Cesare Casadei,Torino,Serie A,22.0,2003.0,MF,2025-2026,2024-2025,100.0,exact,Cesare Casadei,Torino FC,2003-01-10,15.0,23.7,2.754277891854894,CM,MF,Cesare Casadei,8.6,4.59,19.89,-6.4,-0.5107,-40.0,0,0,0,0,1,0,0,0,1,0,0,0,0
chadi riad|2003,2806.0,3,0.0,0.05094905094905095,0.027462946817785525,0.0,0.5004995004995005,0.289937464468448,0.2702702702702703,1.7306015693112464,1.6564952048823016,0.9020979020979021,4.237140366172625,0.9023539668700958,2.0,0.0,,1,Chadi Riad,Crystal Palace,Premier League,22.0,2003.0,DF,2025-2026,2024-2025,100.0,exact,Chadi Riad,Crystal Palace,2003-06-17,15.0,23.3,2.754277891854894,CB,DF,Chadi Riad,17.44,10.09,32.9,2.44,0.1419,15.2,0,0,0,1,0,0,1,0,0,0,0,0,0
chancel mbemba|1994,6010.0,3,0.0768986209911378,0.03219012041489489,0.08364606543919316,,0.7600445097961293,0.2830188679245283,1.000058637269849,5.525389937844494,1.3510026973144131,0.9800103326312443,3.430280286149877,0.8285446229623549,,0.0,,0,Chancel Mbemba,Lille,Ligue 1,30.0,1994.0,DF,2025-2026,,100.0,exact,Chancel Mbemba,LOSC Lille,1994-08-08,2.0,32.1,,CB,DF,Chancel Mbemba,2.88,1.07,5.03,0.88,0.256,29.2,0,0,1,0,0,0,1,0,0,0,0,0,0
charles de ketelaere|2001,7744.0,5,0.2201765208313562,0.25908702666793204,0.2995031937544358,0.2608695652173913,1.9460180319834042,0.7490730455733038,4.295599716110718,5.76472675656494,1.057487579843861,0.2344120717471766,0.38325053229240597,0.9261887863733145,1.565217391304348,0.0,,1,Charles De Ketelaere,Atalanta,Serie A,25.0,2001.0,"MF,FW",2026-2027,2024-2025,100.0,exact,Charles De Ketelaere,Atalanta BC,2001-03-10,30.0,25.6,1.754962354551677,CAM,"MF,FW",Charles De Ketelaere,27.25,10.84,48.07,-2.75,-0.093,-8.9,0,0,0,0,1,1,0,0,0,0,0,0,0
charles pickel|1997,3190.0,2,0.08103462388475076,0.0,0.05799436165928313,,1.0497667185069983,0.5091937765205092,0.6524365686669351,3.769633507853403,1.9935561820378576,0.8177130228370304,1.3048731373338702,1.3411196133709222,,0.0,,0,Charles Pickel,Espanyol,La Liga,28.0,1997.0,MF,2025-2026,,100.0,exact,Charles Pickel,RCD Espanyol Barcelona,1997-05-15,2.5,29.4,1.754962354551677,CDM,MF,Charles Pickel,1.87,1.31,6.43,-0.63,-0.1979,-18.0,0,1,0,0,0,0,0,1,0,0,0,0,0
charles vanhoutte|1998,1772.0,1,0.0,0.10158013544018057,,,0.25395033860045146,0.05079006772009029,,,,1.0665914221218962,,,,,,0,Charles Vanhoutte,Nice,Ligue 1,26.0,1998.0,MF,2025-2026,,100.0,exact,Charles Vanhoutte,Union Saint-Gilloise,1998-09-16,7.0,28.0,3.753593429158111,CM,MF,Charles Vanhoutte,6.82,2.4,13.11,-0.18,-0.0225,-2.2,0,0,1,0,0,0,0,0,1,0,0,0,0
charlie cresswell|2002,5716.0,4,0.09414335359546251,0.04916375132207487,0.1141621048914003,0.05902777777777778,1.2430067887693246,0.4373542478210456,0.280769909941727,2.397139325445877,1.2316793219141797,0.9602622066737178,6.608687974571782,1.5203955500618047,3.4027777777777777,0.0,,1,Charlie Cresswell,Rennes,Ligue 1,24.0,2002.0,DF,2026-2027,2024-2025,100.0,exact,Charlie Cresswell,FC Toulouse,2002-08-17,25.0,24.1,1.754962354551677,CB,DF,Charlie Cresswell,8.06,3.58,20.23,-16.94,-1.0544,-65.2,0,0,1,0,0,0,1,0,0,0,0,0,0
che adams|1996,8769.0,5,0.3171899946780203,0.10005321979776477,0.30554066867296037,0.06787330316742082,2.2897329450399653,0.8519735361627435,0.782866801335697,1.4024817578430968,0.4953209382858556,0.08408728046833422,0.7049511481221915,0.5008863420868204,1.2217194570135748,0.0,,1,Ché Adams,Torino,Serie A,30.0,1996.0,FW,2026-2027,2024-2025,100.0,exact,Ché Adams,Torino FC,1996-07-13,5.0,30.2,0.7529089664613279,ST,FW,Ché Adams,5.92,2.72,13.35,0.92,0.1429,15.4,0,0,0,0,1,0,0,0,0,0,0,1,0
cheikh niasse|2000,1725.0,2,0.0,0.0581638471773427,,,0.556701030927835,0.09278350515463916,,,,1.3917525773195876,,,,,,0,Cheikh Niasse,Hellas Verona,Serie A,25.0,2000.0,MF,2025-2026,,100.0,exact,Cheikh Niasse,Hellas Verona,2000-01-19,2.0,26.7,2.754277891854894,CDM,MF,Cheikh Niasse,3.43,2.19,8.28,1.43,0.3899,47.7,0,0,0,0,1,0,0,1,0,0,0,0,0
cheikh tidiane sabaly|1999,2496.0,3,0.08336192109777016,0.13276157804459696,0.1734717960821336,,1.0157804459691253,0.3722854188210962,2.3861222563134286,2.3223979230587677,2.633939107859334,0.4353344768439109,0.9063016285107386,1.224923294784045,,0.0,,0,Cheikh Tidiane Sabaly,Metz,Ligue 1,26.0,1999.0,"MF,FW",2025-2026,,80.0,surname,Cheikh Sabaly,FC Metz,1999-03-04,3.0,27.6,2.754277891854894,CDM,"MF,FW",Cheikh Tidiane Sabaly,3.64,1.83,15.9,0.64,0.149,16.1,0,0,1,0,0,0,0,1,0,0,0,0,0
chemsdine talbi|2005,1561.0,1,0.23062139654067904,0.05765534913516976,,,1.4413837283792441,0.5765534913516976,,,,0.17296604740550928,,,,,,0,Chemsdine Talbi,Sunderland,Premier League,20.0,2005.0,"MF,FW",2025-2026,,100.0,exact,Chemsdine Talbi,Sunderland AFC,2005-05-09,25.0,21.4,3.753593429158111,CAM,"MF,FW",Chemsdine Talbi,25.71,12.5,42.19,0.71,0.0269,2.7,0,0,0,1,0,1,0,0,0,0,0,0,0
cher ndour|2004,2708.0,4,0.10114142170904765,0.03966330263099908,0.02115732368896926,0.0,1.1063011063011063,0.32929782082324455,2.538878842676311,3.8896925858951175,1.1392405063291138,0.7555859151205323,1.481012658227848,1.057866184448463,3.103448275862069,0.0,,1,Cher Ndour,Fiorentina,Serie A,22.0,2004.0,MF,2026-2027,2024-2025,100.0,exact,Cher Ndour,ACF Fiorentina,2004-07-27,20.0,22.2,2.754277891854894,CM,MF,Cher Ndour,11.34,5.09,22.29,-8.66,-0.532,-41.3,0,0,0,0,1,0,0,0,1,0,0,0,0
chidera ejuke|1998,3001.0,4,0.1527807717180427,0.10912912265574477,0.11535747883349014,0.1770186335403727,2.1122001704614632,0.49116259418350816,6.164746001881468,3.64593132643462,1.4393226716839138,0.5917223539555939,0.5767873941674507,0.931326434619003,0.3726708074534162,0.0,,1,Chidera Ejuke,Sevilla,La Liga,28.0,1998.0,"MF,FW",2026-2027,2024-2025,100.0,exact,Chidera Ejuke,Sevilla FC,1998-01-02,4.0,28.7,0.7529089664613279,CAM,"MF,FW",Chidera Ejuke,2.48,1.48,7.65,-1.52,-0.3636,-30.5,0,1,0,0,0,1,0,0,0,0,0,0,0
chidozie awaziem|1997,2321.0,1,0.03877638948728996,0.07755277897457992,,,0.42654028436018954,0.15510555794915984,,,,0.7755277897457993,,,,,,0,Chidozie Awaziem,Nantes,Ligue 1,28.0,1997.0,DF,2025-2026,,100.0,exact,Chidozie Awaziem,FC Nantes,1997-01-01,2.5,29.7,1.754962354551677,CB,DF,Chidozie Awaziem,3.13,1.69,6.07,0.63,0.1647,17.9,0,0,1,0,0,0,1,0,0,0,0,0,0
chris fuhrich|1998,10040.0,6,0.23621547253677633,0.2238332098634776,0.17721703617269544,0.16809692074709742,1.9725074527989401,0.901334700378989,5.026254375729288,4.511376896149359,1.0224620770128356,0.23145306381627684,0.5732205367561259,1.144982497082847,0.2271580010095911,0.0,,1,Chris Führich,Stuttgart,Bundesliga,28.0,1998.0,MF,2026-2027,2024-2025,100.0,exact,Chris Führich,VfB Stuttgart,1998-01-09,12.0,28.7,1.754962354551677,CAM,MF,Chris Führich,20.74,8.35,31.11,8.74,0.5141,67.2,1,0,0,0,0,1,0,0,0,0,0,0,0
chris richards|2000,9047.0,6,0.03489691696614337,0.009362587478721393,0.05453873174339065,0.004682622268470344,0.5098201364482117,0.1379971250598946,0.24218894435200589,2.0003697541135144,2.074320576816417,1.229903536977492,5.1931965243113325,1.6675910519504529,2.247658688865765,0.0,,1,Chris Richards,Crystal Palace,Premier League,26.0,2000.0,DF,2026-2027,2024-2025,100.0,exact,Chris Richards,Crystal Palace,2000-03-28,28.0,26.5,0.7529089664613279,CB,DF,Chris Richards,16.21,9.45,26.36,-11.79,-0.5221,-40.7,0,0,0,1,0,0,1,0,0,0,0,0,0
chris wood|1991,9184.0,5,0.5225587532989819,0.05429181852456955,0.43408089894635266,0.07908077053058465,2.061958024381048,0.9521419009370816,0.5056573233934603,1.3348793052464476,0.2577311565218744,0.11876335302249591,0.9524847088851881,0.4356216830342552,2.8590740114903683,0.0,,1,Chris Wood,Nott'ham Forest,Premier League,33.0,1991.0,FW,2025-2026,2024-2025,100.0,exact,Chris Wood,Nottingham Forest,1991-12-07,5.0,34.8,0.7529089664613279,ST,FW,Chris Wood,4.59,2.37,5.61,-0.41,-0.0701,-6.8,0,0,0,1,0,0,0,0,0,0,0,1,0
chrislain matsima|2002,6685.0,6,0.04248828848458438,0.04793550495696699,0.054433310711006426,0.010584084672677381,0.46067549826948323,0.06618099733223887,0.6395464888817917,3.416902870374067,1.2701105832568167,1.7169626320949993,5.296019801189668,1.494670445925985,2.3990591924735396,0.0,,1,Chrislain Matsima,Augsburg,Bundesliga,24.0,2002.0,DF,2026-2027,2024-2025,100.0,exact,Chrislain Matsima,FC Augsburg,2002-05-15,22.0,24.4,3.753593429158111,CB,DF,Chrislain Matsima,13.68,6.63,29.01,-8.32,-0.4489,-36.2,1,0,0,0,0,0,1,0,0,0,0,0,0
christantus uche|2003,2929.0,2,0.15583828954302495,0.214559963863585,0.13757039420756234,0.10498793242156074,1.9287811488368594,0.5262365429496348,1.5567176186645213,1.7739340305711986,1.2670957361222848,0.29360837160280057,0.6878519710378117,0.7240547063555913,3.2944489139179405,,,1,Christantus Uche,Getafe,La Liga,22.0,2003.0,"FW,MF",2025-2026,2024-2025,100.0,exact,Christantus Uche,Getafe CF,2003-05-19,12.0,23.4,1.754962354551677,ST,"FW,MF",Christantus Uche,5.82,4.05,18.74,-6.18,-0.6457,-47.6,0,1,0,0,0,0,0,0,0,0,0,1,0
christian eriksen|1992,7599.0,5,0.0933246921581335,0.2858068697342838,0.136318407960199,0.2714420358152686,1.3812054439403758,0.4125047933823933,1.2587064676616917,5.748756218905473,1.3557213930348258,0.5902786779001944,0.8681592039800994,1.1965174129353235,0.16965127238454286,0.0,,1,Christian Eriksen,Wolfsburg,Bundesliga,33.0,1992.0,MF,2025-2026,2024-2025,100.0,exact,Christian Eriksen,VfL Wolfsburg,1992-02-14,2.5,34.6,0.7529089664613279,CAM,MF,Christian Eriksen,3.18,1.58,7.06,0.68,0.1772,19.4,1,0,0,0,0,1,0,0,0,0,0,0,0
christian gunter|1993,10729.0,5,0.04616406896632121,0.13954139028456183,0.03404391244410073,0.09723422644770958,0.6956085846516127,0.12451002997463684,1.0757876332335832,2.281698665142396,1.0470394405030092,0.42596845455287297,1.6598298644968223,0.8306714636360578,0.27225583405358683,0.0,,1,Christian Günter,Freiburg,Bundesliga,32.0,1993.0,DF,2025-2026,2024-2025,100.0,exact,Christian Günter,SC Freiburg,1993-02-28,2.0,33.6,,CB,DF,Christian Günter,1.84,1.2,5.32,-0.16,-0.0557,-5.4,1,0,0,0,0,0,1,0,0,0,0,0,0
christian kabasele|1991,5675.0,5,0.11434987516066603,0.011966847400534816,0.11451561756778184,0.0310077519379845,0.6030554811042618,0.26007655933348345,0.6778182971301728,2.896781354051054,1.1879657523386713,1.221948084565722,5.7543205961629935,1.2735849056603776,2.7131782945736433,0.0,,1,Christian Kabasele,Udinese,Serie A,35.0,1991.0,DF,2026-2027,2024-2025,100.0,exact,Christian Kabasele,Udinese Calcio,1991-02-24,0.75,35.6,0.7529089664613279,CB,DF,Christian Kabasele,1.19,0.43,2.17,0.44,0.2237,25.1,0,0,0,0,1,0,1,0,0,0,0,0,0
christian kouame|1997,4111.0,4,0.1339481133452009,0.11031021099016547,0.24757453857075248,0.1753764393268379,2.040738903318061,0.4637949260042283,1.3683151916706104,2.704685281590156,1.2937766209181258,0.3177984649954767,0.8305726455276857,0.8252484619025082,6.138175376439325,0.0,,1,Christian Kouamé,Fiorentina,Serie A,27.0,1997.0,"FW,MF",2025-2026,2024-2025,100.0,exact,Christian Kouamé,ACF Fiorentina,1997-12-06,1.8,28.8,0.7529089664613279,ST,"FW,MF",Christian Kouamé,2.01,1.48,6.7,0.21,0.0721,7.5,0,0,0,0,1,0,0,0,0,0,0,1,0
christian mawissa|2005,3908.0,4,0.032199077754809985,0.0,0.030833194744719777,0.0,0.1645730640801399,0.06790744466800805,1.2213537335772493,2.852818892399801,2.2571095958756033,1.4418031483542693,2.9875270247796446,1.5656078496590722,1.8587608261159225,0.0,,1,Christian Mawissa,Monaco,Ligue 1,20.0,2005.0,"DF,MF",2025-2026,2024-2025,100.0,exact,Christian Mawissa,AS Monaco,2005-04-18,15.0,21.4,2.754277891854894,FULLBACK,"DF,MF",Christian Mawissa,13.2,7.61,22.42,-1.8,-0.119,-11.2,0,0,1,0,0,0,0,0,0,1,0,0,0
christian n rgaard|1994,10247.0,5,0.11143749094405733,0.09958243871596613,0.12507589556769885,0.0415040794608017,1.191432748923166,0.49624177481859083,0.4505160898603523,5.044323011536126,2.7128111718275654,1.7047565103995153,2.0412871888281727,1.6563448694596237,1.5643845335225257,0.0,,1,Christian Nørgaard,Arsenal,Premier League,31.0,1994.0,MF,2025-2026,2024-2025,100.0,exact,Christian Nørgaard,Arsenal FC,1994-03-10,5.0,32.6,0.7529089664613279,CDM,MF,Christian Nørgaard,5.12,3.48,7.71,0.12,0.0204,2.1,0,0,0,1,0,0,0,1,0,0,0,0,0
christian pulisic|1998,8913.0,6,0.41509844446861743,0.2799956488632655,0.35571352921353727,0.23244552058111378,2.3516226162596188,1.0349690264743903,4.354349535439768,3.378050933132211,1.3705730378548389,0.23104536060045688,0.4318243817898808,0.8029911581109489,0.3995157384987893,0.0,,1,Christian Pulisic,Milan,Serie A,28.0,1998.0,FW,2026-2027,2024-2025,100.0,exact,Christian Pulisic,AC Milan,1998-09-18,40.0,28.0,0.7529089664613279,WINGER,FW,Christian Pulisic,41.78,12.0,54.74,1.78,0.0425,4.3,0,0,0,0,1,0,0,0,0,0,0,0,1
christoph baumgartner|1999,10003.0,5,0.32229608392930276,0.16729151570523926,0.2651418801993203,0.07267080745341616,2.435651050691534,1.0426748790145182,2.3511873736004834,3.3363217480140945,1.955257177407585,0.6294697709586968,1.0601922315117904,2.0603381773450367,2.291925465838509,0.0,,1,Christoph Baumgartner,RB Leipzig,Bundesliga,25.0,1999.0,MF,2025-2026,2024-2025,100.0,exact,Christoph Baumgartner,RB Leipzig,1999-08-01,40.0,27.2,1.754962354551677,CAM,MF,Christoph Baumgartner,20.13,9.76,34.0,-19.87,-0.663,-48.5,1,0,0,0,0,1,0,0,0,0,0,0,0
christopher nkunku|1997,7589.0,6,0.49641056972659237,0.21842065067970065,0.5456929202680392,0.20521172638436486,2.459262554919081,1.0663811563169163,2.115179178401476,3.1611148878314066,0.8070311741283869,0.3253398503131205,0.7312809556181411,0.6963193163057201,1.5635179153094463,0.0,,1,Christopher Nkunku,RB Leipzig,Bundesliga,28.0,1997.0,FW,2026-2027,2024-2025,100.0,exact,Christopher Nkunku,AC Milan,1997-11-14,25.0,28.9,3.753593429158111,ST,FW,Christopher Nkunku,23.59,14.24,44.67,-1.41,-0.056,-5.4,1,0,0,0,0,0,0,0,0,0,0,1,0
christopher trimmel|1987,9048.0,5,0.004384576035856088,0.15126787323703506,0.025500802472805086,0.10862068965517241,0.4011887072808321,0.09289123984002064,1.2393746656363311,3.9410331094335143,1.7012423467871367,0.7826468224003118,3.7430898175117404,0.7775069844855258,1.1896551724137931,0.0,,1,Christopher Trimmel,Union Berlin,Bundesliga,38.0,1987.0,"DF,MF",2025-2026,2024-2025,100.0,exact,Christopher Trimmel,1.FC Union Berlin,1987-02-24,0.6,39.6,0.7529089664613279,FULLBACK,"DF,MF",Christopher Trimmel,1.4,0.94,2.63,0.8,0.4039,49.8,1,0,0,0,0,0,0,0,0,1,0,0,0
christopher wooh|2001,4964.0,5,0.020434936172359856,0.00454109692719108,0.07961089494163424,0.006181318681318683,0.5926131489984359,0.23381294964028776,0.7377431906614786,3.684046692607004,1.7929961089494164,1.2102023310964227,3.7424124513618677,1.2933852140077822,2.5961538461538463,0.0,,1,Christopher Wooh,Rennes,Ligue 1,23.0,2001.0,DF,2025-2026,2024-2025,100.0,exact,Christopher Wooh,Stade Rennais FC,2001-09-18,5.0,25.0,2.754277891854894,CB,DF,Christopher Wooh,10.52,4.04,18.85,5.52,0.6527,92.1,0,0,1,0,0,0,1,0,0,0,0,0,0
christos mandas|2001,1981.0,3,0.0,0.0,0.0,0.0,0.0,0.0,0.0,0.2062400846113168,0.0,0.03113109650639917,0.41776837652035964,0.0,0.6666666666666666,2.469592808038075,0.1,1,Christos Mandas,Lazio,Serie A,25.0,2001.0,GK,2026-2027,2024-2025,100.0,exact,Christos Mandas,Società Sportiva Lazio S.p.A.,2001-09-17,8.0,25.0,2.754277891854894,GK,GK,Christos Mandas,5.01,2.27,9.27,-2.99,-0.403,-33.2,0,0,0,0,1,0,0,0,0,0,1,0,0
ciro immobile|1990,7480.0,4,0.40706522904117814,0.13890377483869584,0.577250278795603,,2.4539666888169602,0.5011135857461024,1.3621156603472997,1.9327704317349055,0.4989644734745898,0.14083299393367776,0.5763899952206469,0.4158037278954915,,0.0,,0,Ciro Immobile,Bologna,Ligue 1,35.0,1990.0,FW,2025-2026,,100.0,exact,Ciro Immobile,Bologna Football Club 1909,1990-02-20,1.8,36.6,0.7529089664613279,ST,FW,Ciro Immobile,1.44,1.0,2.4,-0.36,-0.1361,-12.7,0,0,1,0,0,0,0,0,0,0,0,1,0
clemens riedel|2003,2515.0,3,0.0,0.040468696273176924,0.035761589403973504,,0.3626298031251024,0.06446991404011461,0.4768211920529801,5.602649006622516,2.6225165562913904,0.8236569947364245,3.0993377483443707,1.3112582781456952,,0.0,,0,Clemens Riedel,Espanyol,La Liga,23.0,2003.0,DF,2026-2027,,100.0,exact,Clemens Riedel,RCD Espanyol Barcelona,2003-07-19,4.0,23.2,2.754277891854894,CB,DF,Clemens Riedel,13.46,4.74,28.86,9.46,1.0617,189.1,0,1,0,0,0,0,1,0,0,0,0,0,0
clement akpa|2001,4880.0,3,0.0,0.015732996261732513,0.01086082059533387,0.03258246178600161,0.2478352660404491,0.017899213658476885,0.9774738535800483,2.6790024135156876,1.991150442477876,1.2792136191270203,5.1045856798069185,1.3757039420756234,1.3757039420756234,,,1,Clément Akpa,Auxerre,Ligue 1,24.0,2001.0,DF,2026-2027,2024-2025,100.0,exact,Clément Akpa,AJ Auxerre,2001-11-24,9.0,24.8,1.754962354551677,CB,DF,Clément Akpa,6.33,3.06,16.68,-2.67,-0.3106,-26.7,0,0,1,0,0,0,1,0,0,0,0,0,0
clement lenglet|1995,7361.0,5,0.03276989650874564,0.06427941238253952,0.08423366834170855,0.050202839756592295,0.44869550604282493,0.0949617515167502,1.2154522613065326,3.9026381909547734,1.315326633165829,1.014606411136163,4.064698492462311,1.1815326633165828,1.6886409736308317,0.0,,1,Clément Lenglet,Atlético Madrid,La Liga,30.0,1995.0,DF,2025-2026,2024-2025,100.0,exact,Clément Lenglet,Atlético de Madrid,1995-06-17,4.0,31.3,0.7529089664613279,CB,DF,Clément Lenglet,2.79,1.53,6.09,-1.21,-0.2781,-24.3,0,1,0,0,0,0,1,0,0,0,0,0,0
clinton mata|1992,7423.0,3,0.0,0.07185374579337248,0.014176018901358535,0.053164556962025315,0.25103333973380765,0.0,0.9710572947430597,3.5741287655050207,1.6302421736562314,1.2733575203888794,2.6314235085646778,1.1571175428233906,0.7974683544303798,0.0,,1,Clinton Mata,Lyon,Ligue 1,32.0,1992.0,DF,2025-2026,2024-2025,100.0,exact,Clinton Mata,Olympique Lyon,1992-11-07,2.5,33.9,1.754962354551677,CB,DF,Clinton Mata,1.41,1.08,3.66,-1.09,-0.3711,-31.0,0,0,1,0,0,0,1,0,0,0,0,0,0
cody gakpo|1999,8150.0,5,0.3342717439620685,0.22403319010223735,0.3888465930719452,0.2046511627906977,2.886638597239247,0.8072931198035825,2.5390178911305674,3.1842405786067762,1.402740768937952,0.5743073047858943,0.6090597639893415,1.0525314046440806,0.7906976744186046,0.0,,1,Cody Gakpo,Liverpool,Premier League,27.0,1999.0,"MF,FW",2026-2027,2024-2025,100.0,exact,Cody Gakpo,Liverpool FC,1999-05-07,60.0,27.4,3.753593429158111,CAM,"MF,FW",Cody Gakpo,41.78,33.15,46.35,-18.22,-0.3549,-29.9,0,0,0,1,0,1,0,0,0,0,0,0,0
cole palmer|2002,8688.0,6,0.49735604901161135,0.21857272469001165,0.5309358312699503,0.30742713882795364,3.252590324800303,1.2009154420621535,3.7105098296590193,6.210136929089228,0.9101757107484862,0.4709623615018741,0.5195250738343129,0.5423465887055876,0.05640864932623002,0.0,,1,Cole Palmer,Chelsea,Premier League,24.0,2002.0,MF,2026-2027,2024-2025,100.0,exact,Cole Palmer,Chelsea FC,2002-05-06,100.0,24.4,6.754277891854894,CAM,MF,Cole Palmer,94.7,44.56,112.52,-5.3,-0.0539,-5.2,0,0,0,1,0,1,0,0,0,0,0,0,0
conor bradley|2003,2436.0,3,0.02502162362535524,0.19461262819720745,0.09337113215513601,0.16710875331564984,0.9452613369578647,0.137136159406134,4.179986730200856,3.7457023945955723,2.6002774594366365,0.9619424193747683,2.871705169189939,1.4657096326678327,1.312997347480106,0.0,,1,Conor Bradley,Liverpool,Premier League,22.0,2003.0,DF,2025-2026,2024-2025,100.0,exact,Conor Bradley,Liverpool FC,2003-07-09,25.0,23.2,2.754277891854894,CB,DF,Conor Bradley,14.72,13.2,27.95,-10.28,-0.5032,-39.5,0,0,0,1,0,0,1,0,0,0,0,0,0
conor gallagher|2000,11225.0,6,0.17160958307277518,0.11994218171753103,0.14146194757502847,0.06613594611145131,1.2999884023743502,0.3487712665406427,1.6439787260985184,4.406261871596809,2.4474483981258706,1.2298686786882222,1.0641699379511207,1.5243130302646575,0.49601959583588484,0.0,,1,Conor Gallagher,Tottenham,Premier League,26.0,2000.0,MF,2026-2027,2024-2025,100.0,exact,Conor Gallagher,Tottenham Hotspur,2000-02-06,32.0,26.6,4.7529089664613275,CAM,MF,Conor Gallagher,42.02,27.99,54.38,10.02,0.2652,30.4,0,0,0,1,0,1,0,0,0,0,0,0,0
copete|1999,6826.0,4,0.01730911888342446,0.011127290710772867,0.03357347695320697,0.0,0.48465532873588485,0.047019109048164455,0.4763237042736238,2.872630621808771,2.196964398125481,1.4267659422479875,5.407428131775897,1.2799888088410156,1.5903141361256545,0.0,,1,Copete,Valencia,La Liga,25.0,1999.0,DF,2025-2026,2024-2025,90.0,fuzzy,José Copete,Valencia CF,1999-10-10,5.0,27.0,2.754277891854894,CB,DF,Copete,6.28,3.58,17.74,1.28,0.1934,21.3,0,1,0,0,0,0,1,0,0,0,0,0,0
corentin tolisso|1994,9493.0,6,0.2804249036488793,0.15617510018599123,0.1727038865327122,0.18935165306998714,1.9617031841598906,0.8985607468556857,1.3343878189529301,7.632448028923034,2.0023639018285477,0.8136636435104405,1.2984078425919487,1.6347424042272127,2.0867325032202664,0.0,,1,Corentin Tolisso,Lyon,Ligue 1,32.0,1994.0,MF,2026-2027,2024-2025,100.0,exact,Corentin Tolisso,Olympique Lyon,1994-08-03,10.0,32.2,2.754277891854894,CAM,MF,Corentin Tolisso,17.77,5.47,22.87,7.77,0.5343,70.6,0,0,1,0,0,1,0,0,0,0,0,0,0
cristhian mosquera|2004,7913.0,6,0.012685814656995089,0.0,0.016381598143696767,0.0,0.17722715457583632,0.0389707719210592,0.7290436425782606,2.8899139931361244,1.586889163690931,0.9426536122044041,3.656472745967125,1.0829361826291144,1.1117806568243447,0.0,,1,Cristhian Mosquera,Arsenal,Premier League,22.0,2004.0,DF,2026-2027,2024-2025,100.0,exact,Cristhian Mosquera,Arsenal FC,2004-06-27,40.0,22.3,3.753593429158111,CB,DF,Cristhian Mosquera,32.44,18.31,42.31,-7.56,-0.2038,-18.4,0,0,0,1,0,0,1,0,0,0,0,0,0
cristhian stuani|1986,3384.0,4,0.9452883930690719,0.14152622834084977,0.8096629213483145,0.05009276437847866,3.142950391644909,1.7642021124750216,0.21235955056179776,0.7584269662921348,1.0382022471910113,0.4352599098029908,0.9606741573033708,0.6168539325842697,1.836734693877551,0.0,,1,Cristhian Stuani,Girona,La Liga,38.0,1986.0,FW,2025-2026,2024-2025,100.0,exact,Cristhian Stuani,Girona FC,1986-10-12,0.7,40.0,,ST,FW,Cristhian Stuani,3.1,1.48,3.54,2.4,0.8799,141.1,0,1,0,0,0,0,0,0,0,0,0,1,0
cristian casseres jr|2000,7677.0,4,0.047769342318519155,0.1680457220847906,0.03921083672615197,0.08679525222551929,0.7441947216264104,0.19027002392617068,0.9057874510102355,4.189909059777025,3.215631064266961,1.2778299070203876,1.3098816635592254,1.3030326091092423,0.8011869436201781,0.0,,1,Cristian Cásseres Jr.,Toulouse,Ligue 1,26.0,2000.0,MF,2026-2027,2024-2025,100.0,exact,Cristian Cásseres Jr.,FC Toulouse,2000-01-20,9.0,26.7,0.7529089664613279,CDM,MF,Cristian Cásseres Jr.,7.99,3.87,20.64,-1.01,-0.1061,-10.1,0,0,1,0,0,0,0,1,0,0,0,0,0
cristian romero|1998,10559.0,6,0.11959884553892153,0.02055605157700214,0.09270490970080981,0.038135593220338986,0.7732810469035711,0.36958775217287293,0.8919798055094366,4.763324636600821,2.306949479890218,1.4034177031207824,3.5877409954935118,1.433266696032257,2.6059322033898304,0.0,,1,Cristian Romero,Atlético Madrid,La Liga,28.0,1998.0,DF,2026-2027,2024-2025,100.0,exact,Cristian Romero,Tottenham Hotspur,1998-04-27,45.0,28.4,2.754277891854894,CB,DF,Cristian Romero,20.67,6.24,38.29,-24.33,-0.7529,-52.9,0,1,0,0,0,0,1,0,0,0,0,0,0
cristian volpato|2003,2157.0,5,0.2190237797246558,0.22841051314142677,0.08594640820980615,,1.7459369024856595,0.5921052631578947,4.541049030786773,7.375997719498289,2.0652793614595213,0.3785982478097622,0.5772519954389965,0.9364310148232611,,0.0,,0,Cristian Volpato,Sassuolo,Serie A,22.0,2003.0,FW,2026-2027,,100.0,exact,Cristian Volpato,US Sassuolo,2003-11-15,10.0,22.9,1.754962354551677,WINGER,FW,Cristian Volpato,17.47,6.44,30.24,7.47,0.5182,67.9,0,0,0,0,1,0,0,0,0,0,0,0,1
cristiano biraghi|1992,10168.0,5,0.06323759266960151,0.08646772875231226,0.0571470761961016,0.16970458830923946,0.7291681603739766,0.11909609120521171,1.9388659184878916,4.387182516243356,1.5977554636739515,0.5691383340264136,2.02894270525694,1.0440047253396338,0.5656819610307983,0.0,,1,Cristiano Biraghi,Torino,Serie A,32.0,1992.0,"MF,DF",2025-2026,2024-2025,100.0,exact,Cristiano Biraghi,Torino FC,1992-09-01,0.9,34.1,0.7529089664613279,CAM,"MF,DF",Cristiano Biraghi,2.26,1.52,3.94,1.36,0.5386,71.4,0,0,0,0,1,1,0,0,0,0,0,0,0
crysencio summerville|2001,4812.0,4,0.1781938991241317,0.08607671398369073,0.1824738755111313,0.19465648854961837,1.8861371186952582,0.5292292368985596,3.2814629713766474,2.4176510676965015,1.6816219900045437,0.48927816369676835,0.7462517037710132,1.3953884597910045,0.4580152671755725,0.0,,1,Crysencio Summerville,West Ham,Premier League,23.0,2001.0,"MF,FW",2025-2026,2024-2025,100.0,exact,Crysencio Summerville,West Ham United,2001-10-30,35.0,24.9,2.754277891854894,CAM,"MF,FW",Crysencio Summerville,25.56,14.3,35.86,-9.44,-0.3041,-26.2,0,0,0,1,0,1,0,0,0,0,0,0,0
cucho|1999,5308.0,4,0.3893927021102849,0.11346542313147374,0.28629904683936613,0.11852502194907814,3.1593969915191686,0.9235174800143181,2.0788257996608386,2.736682065376294,1.163089877784925,0.39712898096015814,0.3683995088006549,1.0262557745161103,2.2914837576821774,0.0,,1,Cucho,Betis,La Liga,27.0,1999.0,FW,2026-2027,2024-2025,90.0,fuzzy,Cucho Hernández,Real Betis Balompié,1999-04-20,18.0,27.4,3.753593429158111,ST,FW,Cucho,13.1,7.75,22.5,-4.9,-0.2983,-25.8,0,1,0,0,0,0,0,0,0,0,0,1,0
curtis jones|2001,6855.0,6,0.09758677685950413,0.10591735537190082,0.19777475022706634,0.057827102803738324,1.3667746158616416,0.4696928513182931,1.9845594913714806,6.012715712988192,2.138964577656676,0.6271735537190083,0.5790190735694823,1.2534059945504088,0.735981308411215,0.0,,1,Curtis Jones,Inter,Serie A,25.0,2001.0,"MF,DF",2026-2027,2024-2025,100.0,exact,Curtis Jones,Liverpool FC,2001-01-30,35.0,25.7,0.7529089664613279,CM,"MF,DF",Curtis Jones,7.91,3.97,20.97,-27.09,-1.3969,-75.3,0,0,0,0,1,0,0,0,1,0,0,0,0
cyril ngonge|2000,4125.0,4,0.18445408064202962,0.1436800207106336,0.26659774351597965,0.1666666666666667,2.7668112096304442,1.1703945901761166,3.3173012091517955,2.686204881557064,1.2541016766305568,0.37667464889003943,0.7281880703016136,0.6270508383152784,1.6666666666666667,0.0,,1,Cyril Ngonge,Torino,Serie A,25.0,2000.0,FW,2025-2026,2024-2025,100.0,exact,Cyril Ngonge,Torino FC,2000-05-26,7.0,26.3,1.754962354551677,WINGER,FW,Cyril Ngonge,4.87,2.81,16.57,-2.13,-0.3096,-26.6,0,0,0,0,1,0,0,0,0,0,0,0,1
daichi kamada|1996,9855.0,6,0.07023135681705776,0.11276584052316316,0.1611045333226305,0.10933503836317136,1.2278950891498814,0.2050658869099609,1.8675121912062773,5.557383957777287,2.570086893700709,0.7616640105511898,0.6321366217816219,1.2516305111276114,0.23017902813299235,0.0,,1,Daichi Kamada,Crystal Palace,Premier League,30.0,1996.0,MF,2026-2027,2024-2025,100.0,exact,Daichi Kamada,Crystal Palace,1996-08-05,10.0,30.1,0.7529089664613279,CM,MF,Daichi Kamada,12.72,6.6,22.42,2.72,0.221,24.7,0,0,0,1,0,0,0,0,1,0,0,0,0
daley blind|1990,8492.0,4,0.007509734841461153,0.0367142592249212,0.03157745681110167,0.05179856115107915,0.3112367884294455,0.07719847840680243,1.918719909374115,7.741433021806854,1.5151515151515151,1.0521972927869458,3.2129708297932598,1.0889266496743133,0.5503597122302158,0.0,,1,Daley Blind,Girona,La Liga,35.0,1990.0,DF,2025-2026,2024-2025,100.0,exact,Daley Blind,Girona FC,1990-03-09,1.2,36.6,0.7529089664613279,CB,DF,Daley Blind,1.06,0.64,2.2,-0.14,-0.0647,-6.3,0,1,0,0,0,0,1,0,0,0,0,0,0
dan axel zagadou|1999,3914.0,5,0.03205889337449537,0.0,0.075024179063234,0.0,0.9760151982901922,0.38931297709923657,0.1699442730161654,4.124257357343526,1.181319946575784,1.471146995962954,4.957398793349606,1.3678441486666972,0.0,0.0,,1,Dan-Axel Zagadou,Stuttgart,Bundesliga,26.0,1999.0,"DF,MF",2025-2026,2024-2025,100.0,exact,Dan-Axel Zagadou,VfB Stuttgart,1999-06-03,2.0,27.3,0.7529089664613279,FULLBACK,"DF,MF",Dan-Axel Zagadou,2.85,1.72,7.57,0.85,0.25,28.4,1,0,0,0,0,0,0,0,0,1,0,0,0
dan burn|1992,13828.0,5,0.03938386136880798,0.047976703849275174,0.07032603648800155,0.024324324324324326,0.5850293588784748,0.15841731434308878,0.4657825894929957,2.4481614441185466,1.4595200616060608,0.9108413029295228,4.669037292051233,1.2689263105443755,3.945945945945946,0.0,,1,Dan Burn,Newcastle Utd,Premier League,33.0,1992.0,DF,2025-2026,2024-2025,100.0,exact,Dan Burn,Newcastle United,1992-05-09,4.0,34.4,0.7529089664613279,CB,DF,Dan Burn,4.21,2.8,6.31,0.21,0.0405,4.1,0,0,0,1,0,0,1,0,0,0,0,0,0
dan ndoye|2000,5608.0,5,0.1915735997388923,0.10217258652740922,0.27544788273615634,0.15958936070928606,1.7958191086377027,0.544142259414226,5.118078175895765,2.6384364820846904,1.2377850162866448,0.5070314606422683,0.36237785016286644,0.9914495114006514,0.5879608026131592,0.0,,1,Dan Ndoye,Nott'ham Forest,Premier League,25.0,2000.0,MF,2026-2027,2024-2025,100.0,exact,Dan Ndoye,Nottingham Forest,2000-10-25,32.0,25.9,3.753593429158111,CAM,MF,Dan Ndoye,24.49,16.95,38.42,-7.51,-0.2582,-22.8,0,0,0,1,0,1,0,0,0,0,0,0,0
danel sinani|1997,3319.0,2,0.19427104602998654,0.134764599498279,0.12239999999999998,0.216,2.254244209789394,0.808587596989674,1.152,4.32,1.008,0.1715185811796278,0.936,0.864,0.72,,,1,Danel Sinani,St Pauli,Bundesliga,28.0,1997.0,"MF,FW",2025-2026,2024-2025,100.0,exact,Danel Sinani,FC St. Pauli,1997-04-05,3.0,29.5,1.754962354551677,CAM,"MF,FW",Danel Sinani,3.95,1.96,9.1,0.95,0.2134,23.8,1,0,0,0,0,1,0,0,0,0,0,0,0
dango ouattara|2002,9293.0,6,0.2424574068422659,0.1562713755038042,0.3087959009393681,0.24688279301745636,2.428572991782201,0.8338866840650432,3.417591801878736,2.1007685738684887,2.129803586678053,0.9442579477411683,2.1485909479077714,1.4859094790777114,2.0199501246882794,0.0,,1,Dango Ouattara,Brentford,Premier League,24.0,2002.0,MF,2026-2027,2024-2025,100.0,exact,Dango Ouattara,Brentford FC,2002-02-11,35.0,24.6,3.753593429158111,CAM,MF,Dango Ouattara,52.97,32.38,58.73,17.97,0.4048,49.9,0,0,0,1,0,1,0,0,0,0,0,0,0
dani calvo|1994,1611.0,1,0.0,0.0,,,0.1675977653631285,0.0,,,,0.558659217877095,,,,,,0,Dani Calvo,Oviedo,La Liga,31.0,1994.0,DF,2025-2026,,100.0,exact,Dani Calvo,Real Oviedo,1994-04-01,0.9,32.5,0.7529089664613279,CB,DF,Dani Calvo,0.79,0.5,1.94,-0.11,-0.0616,-6.0,0,1,0,0,0,0,1,0,0,0,0,0,0
dani cardenas|1997,3271.0,4,0.0,0.0,0.0,0.0,0.0,0.0,0.0,0.0,0.0,0.0,0.5,0.0,0.0,3.458904109589041,-0.06666666666666667,1,Dani Cárdenas,Rayo Vallecano,La Liga,29.0,1997.0,GK,2026-2027,2024-2025,100.0,exact,Dani Cárdenas,Rayo Vallecano,1997-03-28,1.8,29.5,0.7529089664613279,GK,GK,Dani Cárdenas,2.87,1.44,4.91,1.07,0.3233,38.2,0,1,0,0,0,0,0,0,0,0,1,0,0
dani carvajal|1992,7092.0,5,0.08183714586267761,0.09627899513256191,0.08480672779776079,0.02955665024630542,0.5873018703086277,0.11008725434233059,1.3838087035817417,3.4766198895587417,1.880794366482598,0.8745342057874373,2.4028572876032217,1.1854703885708495,1.0344827586206897,0.0,,1,Dani Carvajal,Real Madrid,La Liga,33.0,1992.0,DF,2025-2026,2024-2025,92.85714285714286,fuzzy,Daniel Carvajal,Real Madrid,1992-01-11,4.0,34.7,,CB,DF,Dani Carvajal,0.87,0.69,2.44,-3.13,-0.9815,-62.5,0,1,0,0,0,0,1,0,0,0,0,0,0
dani ceballos|1996,4139.0,5,0.0,0.0904498690857158,0.042031879251412906,0.11851851851851852,0.7497818095263283,0.09726898615787505,3.0518799282547633,10.45619141087685,2.5950116755220143,1.0330327153473857,0.609157670310332,1.2792311076516973,0.14814814814814814,0.0,,1,Dani Ceballos,Real Madrid,La Liga,28.0,1996.0,MF,2025-2026,2024-2025,100.0,exact,Dani Ceballos,Real Madrid,1996-08-07,7.0,30.1,,CDM,MF,Dani Ceballos,4.21,2.46,6.55,-2.79,-0.4283,-34.8,0,1,0,0,0,0,0,1,0,0,0,0,0
dani olmo|1998,7016.0,6,0.35139832926892545,0.36307269236756085,0.3249938680402257,0.22277227722772278,2.9744403608419647,0.9761273209549072,2.8673043904831985,5.177826833455972,1.3367672308069658,0.5510299382555908,0.6941378464557272,0.5543291636006867,0.6683168316831684,0.0,,1,Dani Olmo,Barcelona,La Liga,28.0,1998.0,MF,2026-2027,2024-2025,100.0,exact,Dani Olmo,FC Barcelona,1998-05-07,60.0,28.4,3.753593429158111,CAM,MF,Dani Olmo,20.95,12.44,35.25,-39.05,-1.0223,-64.0,0,1,0,0,0,1,0,0,0,0,0,0,0
dani raba|1995,2264.0,3,0.3200328238793722,0.292337675659042,0.3558827107920671,0.2538584353379457,2.0309775361575544,0.5365820036530311,2.0075434967757633,3.3106217301374867,1.7775885144178127,0.7754641501692482,0.9161698503467575,1.295778075191629,0.23948908994145826,0.0,,1,Dani Raba,Valencia,La Liga,29.0,1995.0,"FW,MF",2025-2026,2024-2025,100.0,exact,Dani Raba,Valencia CF,1995-10-29,1.2,30.9,0.7529089664613279,ST,"FW,MF",Dani Raba,4.66,2.11,7.59,3.46,0.9454,157.4,0,1,0,0,0,0,0,0,0,0,0,1,0
daniel ballard|1999,2599.0,2,0.06720400588584104,0.0,,,1.0888785481619359,0.3769194974406701,,,,0.8301671315309775,,,,,,0,Daniel Ballard,Sunderland,Premier League,27.0,1999.0,DF,2026-2027,,88.0,fuzzy,Dan Ballard,Sunderland AFC,1999-09-22,20.0,27.0,2.754277891854894,CB,DF,Daniel Ballard,16.85,9.36,27.36,-3.15,-0.1626,-15.0,0,0,0,1,0,0,1,0,0,0,0,0,0
daniel batz|1991,2250.0,2,0.0,0.0,0.0,,0.0,0.0,0.0,0.0,0.0,0.0,0.75,0.0,,3.3486005089058524,,0,Daniel Batz,Mainz 05,Bundesliga,34.0,1991.0,GK,2025-2026,,100.0,exact,Daniel Batz,1.FSV Mainz 05,1991-01-12,0.35,35.7,0.0,GK,GK,Daniel Batz,0.37,0.09,1.36,0.02,0.0133,1.3,1,0,0,0,0,0,0,0,0,0,1,0,0
daniel boloca|1998,2157.0,2,0.039525691699604744,0.0,0.02225519287833828,,0.6631532718489239,0.0,1.2017804154302671,4.851632047477745,2.136498516320475,0.7026789635485288,1.4688427299703266,1.023738872403561,,0.0,,0,Daniel Boloca,Sassuolo,Serie A,26.0,1998.0,MF,2025-2026,,100.0,exact,Daniel Boloca,US Sassuolo,1998-12-22,4.0,27.8,1.754962354551677,CDM,MF,Daniel Boloca,2.44,1.64,9.24,-1.56,-0.3733,-31.2,0,0,0,0,1,0,0,1,0,0,0,0,0
daniel heuer fernandes|1992,3330.0,2,0.0,0.0,,,0.030303030303030304,0.0,,,,0.0,,,,3.1818181818181817,,0,Daniel Heuer Fernandes,Hamburger SV,Bundesliga,33.0,1992.0,GK,2026-2027,,100.0,exact,Daniel Heuer Fernandes,Hamburger SV,1992-11-13,1.2,33.9,1.754962354551677,GK,GK,Daniel Heuer Fernandes,1.36,0.54,2.45,0.16,0.0698,7.2,1,0,0,0,0,0,0,0,0,0,1,0,0
daniel james|1997,3870.0,3,0.08718114304165321,0.0629641588634162,0.2240334838638616,,2.0875040361640296,0.483005366726297,2.954069831479238,2.0817270624518116,1.3085141535411389,0.2324830481110752,0.604692146712193,0.8426038109923999,,0.0,,0,Daniel James,Leeds United,Premier League,27.0,1997.0,"FW,MF",2025-2026,,100.0,exact,Daniel James,Leeds United,1997-11-10,10.0,28.9,2.754277891854894,WINGER,"FW,MF",Daniel James,5.34,4.33,14.55,-4.66,-0.5517,-42.4,0,0,0,1,0,0,0,0,0,0,0,0,1
daniel maldini|2001,4251.0,6,0.3765761996234238,0.04450445995549553,0.33458053000137306,0.0632992327365729,2.578864875604318,0.8704348064330532,2.984347109707538,2.3757380200466836,1.0720170259508446,0.4946841895053158,0.8094191953865166,0.7198269943704517,1.7263427109974425,0.0,,1,Daniel Maldini,Cagliari,Serie A,24.0,2001.0,FW,2026-2027,2024-2025,100.0,exact,Daniel Maldini,Società Sportiva Lazio S.p.A.,2001-10-11,9.0,25.0,2.754277891854894,WINGER,FW,Daniel Maldini,11.51,5.76,23.04,2.51,0.2241,25.1,0,0,0,0,1,0,0,0,0,0,0,0,1
daniel mosquera|1999,1972.0,2,0.20874964316300315,0.15094204967170996,0.43199999999999994,0.08509090909090909,3.2532829003711106,0.8992292320867827,1.1127272727272726,1.636363636363636,0.72,0.19269197830431056,0.6545454545454545,0.72,5.170909090909091,,,1,Daniel Mosquera,Hellas Verona,Serie A,25.0,1999.0,FW,2025-2026,2024-2025,100.0,exact,Daniel Mosquera,Hellas Verona,1999-10-20,1.8,26.9,1.754962354551677,ST,FW,Daniel Mosquera,4.0,2.89,10.27,2.2,0.5796,78.5,0,0,0,0,1,0,0,0,0,0,0,1,0
daniel munoz|1996,7270.0,4,0.10824029345146224,0.13710437170518552,0.1220977874897569,0.1533457249070632,0.935756233150118,0.41983395168404897,1.6897022671401256,2.6271510516252388,3.431849221524174,1.078794924732907,2.9942638623326965,1.2799781480469816,1.6171003717472119,0.0,,1,Daniel Muñoz,Nott'ham Forest,Premier League,30.0,1996.0,MF,2026-2027,2024-2025,100.0,exact,Daniel Muñoz,Crystal Palace,1996-05-26,22.0,30.3,1.754962354551677,CAM,MF,Daniel Muñoz,12.58,7.58,17.72,-9.42,-0.5272,-41.0,0,0,0,1,0,1,0,0,0,0,0,0,0
daniel parejo|1989,12234.0,5,0.0934199010848106,0.1135692915148678,0.10266480791399693,0.07127144742630884,0.4103148596666191,0.07272658936725988,0.6611082812793223,7.166027720436449,1.814428567598724,0.8627602629597215,1.1750355218358757,0.966327980483097,0.9502859656841178,0.0,,1,Daniel Parejo,Villarreal,La Liga,36.0,1989.0,MF,2025-2026,2024-2025,91.66666666666666,fuzzy,Dani Parejo,Villarreal CF,1989-04-16,1.0,37.5,,CM,MF,Daniel Parejo,2.96,1.47,3.75,1.96,0.6834,98.1,0,1,0,0,0,0,0,0,1,0,0,0,0
daniel svensson|2002,3595.0,3,0.07160874202231213,0.11122208867295288,0.0921895006402049,0.1382842509603073,0.4892907404908331,0.16309691349694433,1.267605633802817,4.7247119078105,1.7285531370038414,0.8608284945235395,3.4571062740076828,1.152368758002561,0.6914212548015365,,,1,Daniel Svensson,Dortmund,Bundesliga,24.0,2002.0,MF,2026-2027,2024-2025,100.0,exact,Daniel Svensson,Borussia Dortmund,2002-02-12,22.0,24.6,2.754277891854894,CM,MF,Daniel Svensson,11.85,3.63,27.31,-10.15,-0.5822,-44.1,1,0,0,0,0,0,0,0,1,0,0,0,0
daniel vivian|1999,12412.0,5,0.05886989919997317,0.0015094845948711068,0.04603610986280366,0.013803680981595094,0.544169196451034,0.1939555050843958,0.9587882312511564,5.048507758597901,1.483385762245896,1.2377773677943078,4.25387929895054,1.134843638478416,1.4838957055214723,0.0,,1,Daniel Vivian,Athletic Club,La Liga,26.0,1999.0,DF,2025-2026,2024-2025,91.66666666666666,fuzzy,Dani Vivian,Athletic Bilbao,1999-07-05,20.0,27.2,5.754962354551677,CB,DF,Daniel Vivian,35.68,9.34,50.24,15.68,0.5578,74.7,0,1,0,0,0,0,1,0,0,0,0,0,0
daniele ghilardi|2003,3270.0,3,0.0,0.0,0.02661409561360276,0.008871365204534253,0.41376093812463915,0.10393994580908811,0.7097092163627403,2.5283390832922623,1.9517003449975356,1.5104579802112472,4.701823558403154,1.2863479546574668,1.818629866929522,,,1,Daniele Ghilardi,Roma,Serie A,23.0,2003.0,DF,2026-2027,2024-2025,100.0,exact,Daniele Ghilardi,Associazione Sportiva Roma,2003-01-06,18.0,23.7,3.753593429158111,CB,DF,Daniele Ghilardi,8.9,5.12,24.17,-9.1,-0.652,-47.9,0,0,0,0,1,0,1,0,0,0,0,0,0
daniele rugani|1994,3207.0,4,0.06461906661348224,0.0,0.1020247690190682,,0.4056641404068608,0.0,0.20051110674267741,2.919205818753686,0.8846078238647532,1.1057040287195852,3.727147631216827,0.8964025948496167,,0.0,,0,Daniele Rugani,Juventus,Serie A,31.0,1994.0,DF,2025-2026,,100.0,exact,Daniele Rugani,Juventus FC,1994-07-29,2.0,32.2,1.754962354551677,CB,DF,Daniele Rugani,1.63,0.98,2.87,-0.37,-0.1301,-12.2,0,0,0,0,1,0,1,0,0,0,0,0,0
danilho doekhi|1998,10766.0,5,0.09935797056060133,0.026777325399310995,0.06926031294452346,0.041176470588235294,1.037442773054284,0.23431372549019605,0.3930298719772404,2.813940256045519,1.250782361308677,1.2775602881302852,4.686913229018493,1.285348506401138,2.735294117647059,0.0,,1,Danilho Doekhi,Lazio,Serie A,28.0,1998.0,DF,2026-2027,2024-2025,100.0,exact,Danilho Doekhi,1.FC Union Berlin,1998-06-30,13.0,28.2,,CB,DF,Danilho Doekhi,15.28,5.2,23.99,2.28,0.1508,16.3,0,0,0,0,1,0,1,0,0,0,0,0,0
danilo cataldi|1994,8686.0,5,0.11185076720520738,0.06644600031992517,0.03730746570154028,0.04205607476635514,0.8615831374816965,0.29570900519633575,0.7063799343489605,4.545071963639424,1.3976096288191229,1.0520616717321487,1.5699436074404514,0.9828718121370257,0.31542056074766356,0.0,,1,Danilo Cataldi,Lazio,Serie A,30.0,1994.0,MF,2025-2026,2024-2025,100.0,exact,Danilo Cataldi,Società Sportiva Lazio S.p.A.,1994-08-06,3.5,32.1,0.7529089664613279,CM,MF,Danilo Cataldi,3.63,1.52,8.59,0.13,0.0282,2.9,0,0,0,0,1,0,0,0,1,0,0,0,0
danilo veiga|2002,3844.0,3,0.0,0.05107205300450907,0.1443850267379679,0.07219251336898395,0.267428205401943,0.0544464609800363,2.406417112299465,2.406417112299465,1.9251336898395721,0.9331002116499494,3.3689839572192506,1.2032085561497325,1.2032085561497325,,,1,Danilo Veiga,Lecce,Serie A,24.0,2002.0,DF,2026-2027,2024-2025,100.0,exact,Danilo Veiga,US Lecce,2002-09-25,2.5,24.0,0.7529089664613279,CB,DF,Danilo Veiga,8.02,3.26,14.05,5.52,0.9462,157.6,0,0,0,0,1,0,1,0,0,0,0,0,0
danny da costa|1993,7647.0,6,0.0539442576004795,0.0829143218674037,0.014643741803875858,0.02691924227318046,0.4096881358270206,0.12268231955823239,1.4315896838117443,4.692554276555443,1.83156054203701,1.1138490226765676,3.5341687308757104,1.1758706105201806,1.4805583250249252,0.0,,1,Danny da Costa,Mainz 05,Bundesliga,33.0,1993.0,"DF,MF",2026-2027,2024-2025,100.0,exact,Danny da Costa,1.FSV Mainz 05,1993-07-13,1.2,33.2,0.7529089664613279,FULLBACK,"DF,MF",Danny da Costa,2.4,1.2,3.78,1.2,0.434,54.3,1,0,0,0,0,0,0,0,0,1,0,0,0
danny welbeck|1990,9398.0,5,0.4223088789852589,0.09352502571134728,0.3810728192437862,0.05957446808510638,2.3950119986287284,1.0587270988600659,1.244586775355726,2.1256232031733324,1.2380363186433276,0.3056436407267741,0.7713162778849303,0.8368208450089158,0.723404255319149,0.0,,1,Danny Welbeck,Brighton,Premier League,34.0,1990.0,FW,2025-2026,2024-2025,100.0,exact,Danny Welbeck,Brighton & Hove Albion,1990-11-26,3.0,35.8,0.7529089664613279,ST,FW,Danny Welbeck,2.33,1.8,3.95,-0.67,-0.1848,-16.9,0,0,0,1,0,0,0,0,0,0,0,1,0
dante|1983,11825.0,5,0.0143529224144805,0.03690751478009272,0.028342012705510265,0.009164969450101833,0.5228564593846469,0.09683473038909046,0.536167080186493,4.877034653870273,1.727513155383483,1.3276453233394465,3.032963437576683,1.361888922212831,1.8788187372708758,0.0,,1,Dante,Nice,Ligue 1,41.0,1983.0,DF,2025-2026,2024-2025,100.0,exact,Dante,OGC Nice,1983-10-18,0.5,42.9,,CB,DF,Dante,1.86,1.01,3.17,1.36,0.6437,90.4,0,0,1,0,0,0,1,0,0,0,0,0,0
dany mota|1998,6168.0,4,0.19751624196610526,0.09092017487328655,0.20194027423987862,0.07699619771863118,1.6714541217278198,0.47053231939163503,3.2957563275703214,2.103951005365563,0.5300525716763319,0.2586522216222807,1.0373421494769932,0.4796487995230611,2.5665399239543727,0.0,,1,Dany Mota,Monza,Serie A,28.0,1998.0,FW,2026-2027,2024-2025,100.0,exact,Dany Mota,AC Monza,1998-05-02,5.0,28.4,0.7529089664613279,WINGER,FW,Dany Mota,3.15,2.02,10.08,-1.85,-0.3689,-30.9,0,0,0,0,1,0,0,0,0,0,0,0,1
daouda guindo|2002,1686.0,1,0.05338078291814946,0.05338078291814946,,,1.1209964412811386,0.2669039145907473,,,,1.601423487544484,,,,,,0,Daouda Guindo,Brest,Ligue 1,22.0,2002.0,DF,2025-2026,,100.0,exact,Daouda Guindo,Stade Brestois 29,2002-10-14,4.5,24.0,4.7529089664613275,CB,DF,Daouda Guindo,7.45,5.3,16.14,2.95,0.4298,53.7,0,0,1,0,0,0,1,0,0,0,0,0,0
dapo afolayan|1997,1789.0,2,0.14712662950077543,0.04904220983359182,,,2.4,1.2,,,,0.0,,,,,,0,Dapo Afolayan,St Pauli,Bundesliga,27.0,1997.0,"FW,MF",2025-2026,,89.65517241379311,fuzzy,Oladapo Afolayan,FC St. Pauli,1997-09-11,1.0,29.0,0.7529089664613279,WINGER,"FW,MF",Dapo Afolayan,2.47,1.6,4.91,1.47,0.551,73.5,1,0,0,0,0,0,0,0,0,0,0,0,1
dara oshea|1999,6464.0,3,0.03213690586399345,0.07379585790991086,0.03134476236226619,0.014413837283792438,0.6174377758429159,0.05765534913516975,0.44179902122676923,2.8885819797640138,1.3348545350827155,1.0045758721929803,5.873089740895308,1.5875041282613265,3.2863549007046764,0.0,,1,Dara O'Shea,Ipswich Town,Premier League,27.0,1999.0,DF,2026-2027,2024-2025,100.0,exact,Dara O'Shea,Ipswich Town,1999-03-04,16.0,27.6,3.753593429158111,CB,DF,Dara O'Shea,18.03,12.39,28.33,2.03,0.1129,12.0,0,0,0,1,0,0,1,0,0,0,0,0,0
dario essugo|2005,2065.0,3,0.04232383157285487,0.06511358703516133,0.03250773993808049,0.018575851393188854,1.0469187675070026,0.18207282913165265,0.8359133126934983,3.5294117647058822,2.7399380804953557,1.8427145130950657,2.1826625386996903,1.3003095975232197,1.393188854489164,,,1,Dario Essugo,Strasbourg,Ligue 1,21.0,2005.0,MF,2026-2027,2024-2025,100.0,exact,Dário Essugo,Chelsea FC,2005-03-14,15.0,21.5,6.754277891854894,CDM,MF,Dario Essugo,13.06,8.76,28.29,-1.94,-0.1289,-12.1,0,0,1,0,0,0,0,1,0,0,0,0,0
darlin yongwa|2000,3252.0,3,0.034388646288209604,0.07614628820960698,0.06152343749999999,,0.8597161572052402,0.13719512195121952,3.113839285714286,3.1828962053571432,2.1030970982142856,0.8523471615720525,2.3793247767857144,1.1990792410714286,,0.0,,0,Darlin Yongwa,Lorient,Ligue 1,24.0,2000.0,"DF,MF",2025-2026,,100.0,exact,Darlin Yongwa,FC Lorient,2000-09-22,5.0,26.0,,FULLBACK,"DF,MF",Darlin Yongwa,2.03,1.41,8.61,-2.97,-0.682,-49.4,0,0,1,0,0,0,0,0,0,1,0,0,0
david affengruber|2001,3399.0,2,0.025873877530313026,0.025873877530313026,,,0.4272634791454731,0.12207527975584945,,,,1.5067728679417585,,,,,,0,David Affengruber,Elche,La Liga,25.0,2001.0,DF,2026-2027,,100.0,exact,David Affengruber,Elche CF,2001-03-19,20.0,25.5,0.7529089664613279,CB,DF,David Affengruber,4.88,2.06,11.41,-15.12,-1.2733,-72.0,0,1,0,0,0,0,1,0,0,0,0,0,0
david alaba|1992,6375.0,5,0.022382491917433474,0.07460830639144492,0.05030882302197992,0.028391167192429023,0.7610047251927381,0.13505163739076703,0.8291639349918912,3.7048411027914847,0.7794762085504297,0.8132305396667496,2.242158655670957,0.9223284220696318,1.135646687697161,0.0,,1,David Alaba,Real Madrid,La Liga,33.0,1992.0,DF,2025-2026,2024-2025,100.0,exact,David Alaba,Real Madrid,1992-06-24,3.0,34.3,,CB,DF,David Alaba,1.1,0.79,2.48,-1.9,-0.6464,-47.6,0,1,0,0,0,0,1,0,0,0,0,0,0
david brooks|1997,2619.0,4,0.12874473879673187,0.14855162168853678,0.304854246678839,0.178125,3.1765288437732107,1.029804540488042,3.1278725681546304,3.9608386325001574,1.3146131083548447,0.3986135181975737,0.9066297298998929,1.5356041050179436,0.65625,0.0,,1,David Brooks,Bournemouth,Premier League,28.0,1997.0,"FW,MF",2025-2026,2024-2025,100.0,exact,David Brooks,AFC Bournemouth,1997-07-08,12.0,29.2,2.754277891854894,WINGER,"FW,MF",David Brooks,7.54,5.11,15.74,-4.46,-0.42,-34.3,0,0,0,1,0,0,0,0,0,0,0,0,1
david carmo|1999,1786.0,1,0.05039193729003359,0.0,,,0.503919372900336,0.1511758118701008,,,,1.0582306830907056,,,,,,0,David Carmo,Oviedo,La Liga,26.0,1999.0,DF,2025-2026,,100.0,exact,David Carmo,Real Oviedo,1999-07-19,5.0,27.2,2.754277891854894,CB,DF,David Carmo,3.07,1.7,8.87,-1.93,-0.3874,-32.1,0,1,0,0,0,0,1,0,0,0,0,0,0
david costas|1995,2066.0,1,0.04356243949661181,0.0,,,0.21781219748305908,0.04356243949661181,,,,1.176185866408519,,,,,,0,David Costas,Oviedo,La Liga,30.0,1995.0,DF,2025-2026,,100.0,exact,David Costas,Real Oviedo,1995-03-26,1.2,31.5,1.754962354551677,CB,DF,David Costas,1.85,1.32,3.4,0.65,0.2585,29.5,0,1,0,0,0,0,1,0,0,0,0,0,0
david datro fofana|2002,1802.0,3,0.23402288223737433,0.04680457644747486,0.4169039516633099,,2.449439500751185,0.5263157894736842,2.368914507951941,1.6938676296965067,1.2188346412945341,0.13521322084826073,0.39377734564900335,0.7625529550663239,,0.0,,0,David Datro Fofana,Strasbourg,Ligue 1,22.0,2002.0,FW,2025-2026,,100.0,exact,David Datro Fofana,RC Strasbourg Alsace,2002-12-22,4.0,23.8,2.754277891854894,WINGER,FW,David Datro Fofana,5.37,4.04,12.89,1.37,0.2421,27.4,0,0,1,0,0,0,0,0,0,0,0,0,1
david de gea|1990,13680.0,5,0.0,0.009046624913013224,0.0,0.011764705882352941,0.0,0.0,0.0,0.0,0.018361581920903952,0.003479471120389701,0.35734463276836154,0.0,0.17647058823529413,2.982797307404637,0.0,1,David de Gea,Fiorentina,Serie A,35.0,1990.0,GK,2026-2027,2024-2025,100.0,exact,David de Gea,ACF Fiorentina,1990-11-07,3.5,35.9,1.754962354551677,GK,GK,David de Gea,3.92,1.27,5.07,0.42,0.0895,9.4,0,0,0,0,1,0,0,0,0,0,1,0,0
david hancko|1997,2978.0,2,0.0,0.1274299709168835,,,0.7771381578947368,0.18503289473684212,,,,0.8661793969080055,,,,,,0,Dávid Hancko,Atlético Madrid,La Liga,28.0,1997.0,DF,2026-2027,,100.0,exact,Dávid Hancko,Atlético de Madrid,1997-12-13,35.0,28.8,3.753593429158111,CB,DF,Dávid Hancko,6.52,3.12,10.6,-28.48,-1.5653,-79.1,0,1,0,0,0,0,1,0,0,0,0,0,0
david lopez|1989,7082.0,5,0.07735704574223695,0.025316851333823002,0.0593309381778742,0.022231370934540962,0.5372798449733548,0.137863121614968,0.6863476138828635,3.8404962039045563,1.3787960954446856,0.635734266827111,3.6300162689804774,1.0722274945770067,1.1115685467270482,0.0,,1,David López,Girona,La Liga,35.0,1989.0,DF,2025-2026,2024-2025,100.0,exact,David López,Girona FC,1989-10-09,0.6,37.0,,CB,DF,David López,1.17,0.57,2.17,0.57,0.3058,35.8,0,1,0,0,0,0,1,0,0,0,0,0,0
david neres|1997,2205.0,2,0.21419961054616266,0.2865267517695423,0.18939984411535463,0.2455183164458301,1.852687540568108,0.44230828671220607,5.120810600155885,2.2447388932190178,1.4731098986749804,0.300435817389423,0.2805923616523772,0.4910366328916602,0.21044427123928292,,,1,David Neres,Napoli,Serie A,28.0,1997.0,"FW,MF",2025-2026,2024-2025,100.0,exact,David Neres,SSC Napoli,1997-03-03,23.0,29.6,1.754962354551677,WINGER,"FW,MF",David Neres,3.18,2.1,7.57,-19.82,-1.7481,-82.6,0,0,0,0,1,0,0,0,0,0,0,0,1
david okereke|1997,4974.0,4,0.3042150274893098,0.0,0.2099525530953457,,2.155161881490532,1.1166253101736971,2.399457749661094,2.536714866696792,0.6049480343425215,0.3518631643249847,0.508359692724808,0.8692950745594218,,0.0,,0,David Okereke,Cremonese,Serie A,27.0,1997.0,"FW,MF",2025-2026,,100.0,exact,David Okereke,US Cremonese,1997-08-29,1.4,29.1,,WINGER,"FW,MF",David Okereke,3.16,1.73,8.24,1.76,0.549,73.2,0,0,0,0,1,0,0,0,0,0,0,0,1
david raum|1998,11877.0,6,0.07048144522559402,0.23066654801103498,0.029286535317068433,0.3280987100392596,0.6597889131881716,0.2541303694803244,2.2890122877171395,3.944211497676828,1.9160096488529845,0.9250689685859215,2.268613705904256,1.427900726901844,0.6561974200785192,0.0,,1,David Raum,RB Leipzig,Bundesliga,28.0,1998.0,DF,2026-2027,2024-2025,100.0,exact,David Raum,RB Leipzig,1998-04-22,25.0,28.4,0.7529089664613279,CB,DF,David Raum,12.74,5.81,24.99,-12.26,-0.638,-47.2,1,0,0,0,0,0,1,0,0,0,0,0,0
david raya|1995,15660.0,6,0.0,0.0,0.0004901960784313725,0.0,0.0030321406913280777,0.0,0.0,0.2656862745098039,0.008823529411764706,0.0274442538593482,0.4068627450980392,0.006862745098039216,0.34210526315789475,2.0909642207398424,0.028947368421052635,1,David Raya,Arsenal,Premier League,31.0,1995.0,GK,2026-2027,2024-2025,100.0,exact,David Raya,Arsenal FC,1995-09-15,30.0,31.0,1.754962354551677,GK,GK,David Raya,16.24,5.54,21.08,-13.76,-0.5869,-44.4,0,0,0,1,0,0,0,0,0,0,1,0,0
david soria|1993,17717.0,6,0.0,0.0,0.0,0.0,0.0,0.0,0.0,0.01634629937944604,0.049038898138338116,0.009538108275192086,0.55032541244135,0.0,0.15789473684210525,2.81140894782028,0.07894736842105263,1,David Soria,Getafe,La Liga,33.0,1993.0,GK,2026-2027,2024-2025,100.0,exact,David Soria,Getafe CF,1993-04-04,2.8,33.5,3.753593429158111,GK,GK,David Soria,7.49,4.4,13.02,4.69,0.8038,123.4,0,1,0,0,0,0,0,0,0,0,1,0,0
davide bartesaghi|2005,2764.0,4,0.06614500021616013,0.0,0.0,0.07627118644067797,0.7962598875222897,0.2760800353233715,1.4031180400890868,2.1247216035634744,2.8062360801781736,0.6108685314080671,3.0467706013363025,0.8819599109131404,0.7627118644067795,0.0,,1,Davide Bartesaghi,Milan,Serie A,20.0,2005.0,"MF,DF",2026-2027,2024-2025,100.0,exact,Davide Bartesaghi,AC Milan,2005-12-29,22.0,20.7,3.753593429158111,CDM,"MF,DF",Davide Bartesaghi,15.4,8.38,31.46,-6.6,-0.3384,-28.7,0,0,0,0,1,0,0,1,0,0,0,0,0
davide frattesi|1999,8795.0,6,0.3269246502495296,0.06774114374539802,0.34314532729518327,0.062176165803108814,2.278865062271749,0.5787196182310834,2.192260189378345,3.3902840675174972,1.477974475092631,0.5581281191196924,1.4141622066694113,0.9468917249897078,0.7772020725388601,0.0,,1,Davide Frattesi,Lazio,Serie A,26.0,1999.0,MF,2026-2027,2024-2025,100.0,exact,Davide Frattesi,Inter Milan,1999-09-22,22.0,27.0,1.754962354551677,CAM,MF,Davide Frattesi,13.34,5.61,29.52,-8.66,-0.4727,-37.7,0,0,0,0,1,1,0,0,0,0,0,0,0
davide zappacosta|1992,10517.0,6,0.12452589209691153,0.09230590602987847,0.09707640122758845,0.09143686502177069,1.5103831294269157,0.3942220458153776,3.072201582942982,4.144726215474076,1.3600387659505735,0.4902662744794489,1.1484412857373607,1.2986593442093364,0.3918722786647315,0.0,,1,Davide Zappacosta,Atalanta,Serie A,34.0,1992.0,MF,2026-2027,2024-2025,100.0,exact,Davide Zappacosta,Atalanta BC,1992-06-11,3.5,34.3,1.754962354551677,CM,MF,Davide Zappacosta,2.85,1.55,5.64,-0.65,-0.1552,-14.4,0,0,0,0,1,0,0,0,1,0,0,0,0
dayann methalie|2006,1961.0,1,0.09178990311065784,0.04589495155532892,,,0.6884242733299337,0.32126466088730243,,,,1.055583885772565,,,,,,0,Dayann Methalie,Toulouse,Ligue 1,19.0,2006.0,MF,2025-2026,,100.0,exact,Dayann Methalie,FC Toulouse,2006-02-15,18.0,20.6,3.753593429158111,CM,MF,Dayann Methalie,19.24,9.94,34.5,1.24,0.0632,6.5,0,0,1,0,0,0,0,0,1,0,0,0,0
dayot upamecano|1998,10189.0,6,0.07264001745105525,0.03337514315318755,0.05837447847395558,0.025582717453098352,0.4859167301048194,0.1888878478403448,1.1346949186510467,6.927869987428717,2.0185107584673965,1.2653105742487867,2.6006158106655493,0.9215296882686247,3.0187606594656056,0.0,,1,Dayot Upamecano,Bayern Munich,Bundesliga,27.0,1998.0,DF,2026-2027,2024-2025,100.0,exact,Dayot Upamecano,Bayern Munich,1998-10-27,70.0,27.9,3.753593429158111,CB,DF,Dayot Upamecano,42.86,10.67,47.54,-27.14,-0.4817,-38.2,1,0,0,0,0,0,1,0,0,0,0,0,0
dean henderson|1997,10260.0,5,0.0,0.0,0.0,0.005263157894736843,0.009454545454545453,0.0,0.0,0.0,0.04691689008042895,0.011846689895470382,0.5603217158176944,0.0,0.2894736842105263,2.802909090909091,0.08421052631578949,1,Dean Henderson,Crystal Palace,Premier League,29.0,1997.0,GK,2026-2027,2024-2025,100.0,exact,Dean Henderson,Crystal Palace,1997-03-12,28.0,29.5,1.754962354551677,GK,GK,Dean Henderson,13.81,5.55,23.29,-14.19,-0.6717,-48.9,0,0,0,1,0,0,0,0,0,0,1,0,0
dean huijsen|2005,5484.0,4,0.10130246020260492,0.06679283090281643,0.07026400728295953,0.07416563658838073,0.7980007624211106,0.1687610579322234,1.4127286269966068,4.707440205247042,1.3854175287594142,1.3191584103306246,6.9941239758338165,1.4474882065712158,2.5216316440049447,0.0,,1,Dean Huijsen,Real Madrid,La Liga,21.0,2005.0,DF,2026-2027,2024-2025,100.0,exact,Dean Huijsen,Real Madrid,2005-04-14,60.0,21.5,3.753593429158111,CB,DF,Dean Huijsen,41.43,13.47,46.7,-18.57,-0.3629,-30.4,0,1,0,0,0,0,1,0,0,0,0,0,0
declan rice|1999,16007.0,6,0.12358414103998232,0.1814576900148033,0.09094299955918754,0.2102654867256637,1.3097660043524182,0.4060544316693348,2.541114238242175,6.825811264453561,2.0253636702722866,1.098994581053111,1.551320741921264,1.0162422433962903,1.1787610619469027,0.0,,1,Declan Rice,Arsenal,Premier League,27.0,1999.0,MF,2026-2027,2024-2025,100.0,exact,Declan Rice,Arsenal FC,1999-01-14,120.0,27.7,1.754962354551677,CAM,MF,Declan Rice,83.3,23.71,99.3,-36.7,-0.3614,-30.3,0,0,0,1,0,1,0,0,0,0,0,0,0
deiver machado|1993,6816.0,5,0.09465453381498924,0.11797521605926195,0.10215821020045227,0.10470914127423822,1.0398280671269835,0.20470993681792074,2.104419610512218,2.1992666915493886,1.8593979844995279,0.7805569527641867,1.3298351153753267,0.987990427470525,0.7977839335180055,0.0,,1,Deiver Machado,Lens,Ligue 1,31.0,1993.0,"DF,MF",2025-2026,2024-2025,100.0,exact,Deiver Machado,RC Lens,1993-09-02,1.8,33.1,,FULLBACK,"DF,MF",Deiver Machado,1.18,0.97,3.31,-0.62,-0.2526,-22.3,0,0,1,0,0,0,0,0,0,1,0,0,0
dejan ljubicic|1997,5910.0,4,0.08068247541931753,0.06506651243493349,0.10827943078913324,,1.6591203104786547,,1.961836998706339,3.7111901681759383,1.682406209573092,0.6558704453441295,0.4686287192755499,0.9780077619663649,,0.0,,0,Dejan Ljubičić,Schalke 04,Bundesliga,28.0,1997.0,MF,2026-2027,,100.0,exact,Dejan Ljubicic,GNK Dinamo Zagreb,1997-10-08,5.0,29.0,1.754962354551677,CAM,MF,Dejan Ljubičić,4.13,2.03,9.11,-0.87,-0.1568,-14.5,1,0,0,0,0,1,0,0,0,0,0,0,0
denis huseinbasic|2001,3144.0,3,0.05817711700064641,0.09308338720103428,0.07113668136358747,,0.843568196509373,0.0,1.8147112592751904,4.873104634906978,2.2115281213033655,0.6457659987071752,0.7307237337348101,1.5195182277664263,,0.0,,0,Denis Huseinbasic,Köln,Bundesliga,24.0,2001.0,MF,2025-2026,,100.0,exact,Denis Huseinbasic,1.FC Köln,2001-07-03,2.0,25.2,4.7529089664613275,CDM,MF,Denis Huseinbasic,10.31,4.39,25.58,8.31,1.3268,276.9,1,0,0,0,0,0,0,1,0,0,0,0,0
denis suarez|1994,6192.0,6,0.06981586575756338,0.10839831788674315,0.0901664611590629,0.22203947368421054,0.7388276530000462,0.3027730616864742,3.3153514180024666,5.636559802712701,1.8865598027127004,0.3950108194177928,0.5409987669543773,0.873921085080148,0.14802631578947367,0.0,,1,Denis Suárez,Alavés,La Liga,32.0,1994.0,MF,2026-2027,2024-2025,100.0,exact,Denis Suárez,Villarreal CF,1994-01-06,1.0,32.7,0.7529089664613279,CAM,MF,Denis Suárez,2.64,1.26,3.96,1.64,0.5994,82.1,0,1,0,0,0,1,0,0,0,0,0,0,0
denis vavro|1996,3637.0,2,0.07444455131287872,0.0,0.051198699715562776,0.007314099959366113,0.9158411080119266,0.28219678753486577,0.329134498171475,3.5107679804957335,0.7679804957334416,1.2447821486967394,8.55749695245835,1.7553839902478667,2.9256399837464446,,,1,Denis Vavro,Wolfsburg,Bundesliga,29.0,1996.0,DF,2025-2026,2024-2025,100.0,exact,Denis Vavro,VfL Wolfsburg,1996-04-10,5.0,30.5,0.7529089664613279,CB,DF,Denis Vavro,2.67,1.06,4.46,-2.33,-0.4926,-38.9,1,0,0,0,0,0,1,0,0,0,0,0,0
denis zakaria|1996,9273.0,6,0.14290722372301157,0.06774173592064835,0.14397589240871297,0.05876865671641791,1.00004530729674,0.24231157550601776,1.217098532338771,4.4883647389274355,1.704272772931044,1.6657043284597777,1.655722762700199,1.4498037537900634,0.7555970149253731,0.0,,1,Denis Zakaria,Monaco,Ligue 1,29.0,1996.0,"DF,MF",2026-2027,2024-2025,100.0,exact,Denis Zakaria,AS Monaco,1996-11-20,25.0,29.9,1.754962354551677,FULLBACK,"DF,MF",Denis Zakaria,9.7,4.19,17.05,-15.3,-0.8883,-58.9,0,0,1,0,0,0,0,0,0,1,0,0,0
deniz undav|1996,6915.0,5,0.6479057591623038,0.256268944612841,0.6278645305211924,0.18771726535341834,4.5525971191619385,1.761790699595276,1.760292030014196,4.137091867775299,0.8720340701683228,0.20770184623863328,0.3650375177448793,0.7462989251673088,1.0950173812282735,0.0,,1,Deniz Undav,Stuttgart,Bundesliga,30.0,1996.0,"FW,MF",2026-2027,2024-2025,100.0,exact,Deniz Undav,VfB Stuttgart,1996-07-19,22.0,30.2,2.754277891854894,CAM,"FW,MF",Deniz Undav,21.23,14.33,42.5,-0.77,-0.0339,-3.3,1,0,0,0,0,1,0,0,0,0,0,0,0
dennis johnsen|1998,1835.0,2,0.1796218487394958,0.1985294117647059,0.14325259515570932,,1.06827731092437,0.46153846153846156,2.242214532871972,1.9307958477508647,0.8719723183391003,0.09453781512605042,0.1868512110726643,0.8719723183391003,,0.0,,0,Dennis Johnsen,Cremonese,Serie A,27.0,1998.0,"MF,FW",2025-2026,,100.0,exact,Dennis Johnsen,US Cremonese,1998-02-17,1.2,28.6,2.754277891854894,CAM,"MF,FW",Dennis Johnsen,3.99,2.03,9.48,2.79,0.8197,127.0,0,0,0,0,1,1,0,0,0,0,0,0,0
denzel dumfries|1996,9488.0,6,0.20452859514641988,0.11339150093609805,0.19831184662554027,0.1544235924932976,1.544862848422398,0.6388710711994868,2.6347382808171105,2.548298917660966,1.2666691293265857,0.4694620085485181,1.3580953788186618,1.218462561412582,2.7506702412868633,0.0,,1,Denzel Dumfries,Real Madrid,La Liga,30.0,1996.0,MF,2026-2027,2024-2025,100.0,exact,Denzel Dumfries,Inter Milan,1996-04-18,25.0,30.4,3.753593429158111,CAM,MF,Denzel Dumfries,8.6,5.91,21.12,-16.4,-0.9959,-63.1,0,1,0,0,0,1,0,0,0,0,0,0,0
dermane karim|2003,1641.0,2,0.05326370757180157,0.10652741514360314,,,1.054945054945055,0.13186813186813187,,,,0.6579634464751959,,,,,,0,Dermane Karim,Troyes,Ligue 1,22.0,2003.0,MF,2026-2027,,100.0,exact,Dermane Karim,FC Lorient,2003-12-26,2.5,22.8,1.754962354551677,CM,MF,Dermane Karim,6.95,3.46,14.26,4.45,0.8204,127.1,0,0,1,0,0,0,0,0,1,0,0,0,0
derrick kohn|1999,3242.0,2,0.07780145551043384,0.10856017047967512,0.04690990320178704,0.10722263588979897,1.1670218326565074,0.2478790559285915,2.4125093075204767,2.6135517498138494,1.340282948622487,0.48128342245989303,1.7423678332092332,1.4072970960536113,0.5361131794489947,,,1,Derrick Köhn,Union Berlin,Bundesliga,26.0,1999.0,"MF,DF",2025-2026,2024-2025,100.0,exact,Derrick Köhn,1.FC Union Berlin,1999-02-04,4.0,27.6,2.754277891854894,CM,"MF,DF",Derrick Köhn,5.34,2.26,13.49,1.34,0.2368,26.7,1,0,0,0,0,0,0,0,1,0,0,0,0
derry scherhant|2002,1600.0,2,0.3363348400185073,0.1825817702957611,,,2.490392006149116,0.8993082244427364,,,,0.44524326440545253,,,,,,0,Derry Scherhant,Freiburg,Bundesliga,23.0,2002.0,MF,2026-2027,,100.0,exact,Derry Scherhant,SC Freiburg,2002-11-10,7.5,23.9,,CAM,MF,Derry Scherhant,6.53,3.26,16.61,-0.97,-0.1207,-11.4,1,0,0,0,0,1,0,0,0,0,0,0,0
desire doue|2005,6119.0,5,0.3116665503037073,0.2601410319067235,0.20213588140237476,0.4057803468208093,2.826945058294597,1.155574153195613,4.54858427597836,6.704840862783672,2.312232136583995,0.7590588563848356,0.3751844305487248,1.4606899459003722,0.41618497109826597,0.0,,1,Désiré Doué,Paris S-G,Ligue 1,21.0,2005.0,"FW,MF",2026-2027,2024-2025,100.0,exact,Désiré Doué,Paris Saint-Germain,2005-06-03,120.0,21.3,2.754277891854894,WINGER,"FW,MF",Désiré Doué,80.22,25.98,118.98,-39.78,-0.3986,-32.9,0,0,1,0,0,0,0,0,0,0,0,0,1
destiny udogie|2002,10835.0,5,0.0440935192780968,0.0851107465135357,0.06756403353588186,0.07016632016632017,0.41324856439704677,0.0565149136577708,2.9157757095608035,5.089454657334052,2.865933389739251,0.996718621821165,1.9341589108530113,1.3997384816552574,0.6081081081081081,0.0,,1,Destiny Udogie,Tottenham,Premier League,22.0,2002.0,"DF,MF",2025-2026,2024-2025,100.0,exact,Destiny Udogie,Tottenham Hotspur,2002-11-28,30.0,23.8,3.753593429158111,FULLBACK,"DF,MF",Destiny Udogie,31.95,24.15,48.13,1.95,0.0609,6.3,0,0,0,1,0,0,0,0,0,1,0,0,0
devyne rensch|2003,1653.0,2,0.05834127740705434,0.2779790276453765,0.05756929637526652,0.1535181236673774,0.4838894184938036,0.20591039084842708,0.3837953091684435,2.6865671641791042,3.26226012793177,1.2457578646329837,2.302771855010661,0.9594882729211087,1.9189765458422174,,,1,Devyne Rensch,Roma,Serie A,22.0,2003.0,DF,2025-2026,2024-2025,100.0,exact,Devyne Rensch,Associazione Sportiva Roma,2003-01-18,8.5,23.7,2.754277891854894,CB,DF,Devyne Rensch,6.09,3.11,15.64,-2.41,-0.2933,-25.4,0,0,0,0,1,0,1,0,0,0,0,0,0
diant ramaj|2001,2970.0,3,0.0,0.03183520599250936,0.0,,0.0,0.0,0.0,0.0,0.0,0.0,1.5714285714285716,0.0,,3.2322097378277146,,0,Diant Ramaj,Heidenheim,Bundesliga,23.0,2001.0,GK,2025-2026,,100.0,exact,Diant Ramaj,1. Fußballclub Heidenheim 1846,2001-09-19,7.0,25.0,2.754277891854894,GK,GK,Diant Ramaj,7.37,2.16,12.78,0.37,0.0456,4.7,1,0,0,0,0,0,0,0,0,0,1,0,0
diego carlos|1993,7972.0,6,0.028948619696249265,0.0,0.08214715463857014,0.0,0.4794214802249799,0.09630489720647498,0.21659378393449363,3.2383412085815753,1.1146655709799551,0.8420272424691634,3.7507704047192796,1.2969213159980046,1.1927710843373496,0.0,,1,Diego Carlos,Parma,Serie A,33.0,1993.0,DF,2026-2027,2024-2025,100.0,exact,Diego Carlos,Como 1907,1993-03-15,5.0,33.5,1.754962354551677,CB,DF,Diego Carlos,2.55,1.37,4.54,-2.45,-0.5245,-40.8,0,0,0,0,1,0,1,0,0,0,0,0,0
diego coppola|2003,7801.0,6,0.04336019621583742,0.03350560616678346,0.03287115319580656,0.0030748206354629312,0.3815226897288893,0.1513741243325332,0.16739939127494083,1.841393304024349,2.0133581332431523,1.5107086545199717,5.3613459587419685,1.393980385525871,4.089511445165698,0.0,,1,Diego Coppola,Paris FC,Ligue 1,22.0,2003.0,DF,2026-2027,2024-2025,100.0,exact,Diego Coppola,Paris FC,2003-12-28,18.0,22.8,3.753593429158111,CB,DF,Diego Coppola,18.23,10.85,28.39,0.23,0.0119,1.2,0,0,1,0,0,0,1,0,0,0,0,0,0
diego gomez|2003,3069.0,3,0.17156862745098042,0.09978991596638656,0.1569767441860465,0.12209302325581395,1.74955553476186,0.5831851782539534,1.3953488372093026,4.709302325581396,3.6627906976744184,0.8876050420168068,1.744186046511628,2.2674418604651163,1.744186046511628,,,1,Diego Gómez,Brighton,Premier League,23.0,2003.0,"MF,FW",2026-2027,2024-2025,100.0,exact,Diego Gómez,Brighton & Hove Albion,2003-03-27,25.0,23.5,3.753593429158111,CAM,"MF,FW",Diego Gómez,37.63,20.24,42.29,12.63,0.396,48.6,0,0,0,1,0,1,0,0,0,0,0,0,0
diego llorente|1993,9608.0,6,0.060332871012482664,0.009361997226074897,0.04238349691597824,0.01071853910281858,0.38804192472606003,0.17281879194630875,0.47235479727908414,3.021072827310638,1.3813880476318834,1.6081830790568656,4.40531498247895,1.2229850793600456,2.7510917030567685,0.0,,1,Diego Llorente,Betis,La Liga,33.0,1993.0,DF,2026-2027,2024-2025,100.0,exact,Diego Llorente,Real Betis Balompié,1993-08-16,2.5,33.1,1.754962354551677,CB,DF,Diego Llorente,1.98,1.3,4.21,-0.52,-0.1619,-15.0,0,1,0,0,0,0,1,0,0,0,0,0,0
diego lopez|2002,7602.0,4,0.21009228352640874,0.13842528961319456,0.1991898898250162,0.16441359152356594,1.4500294521892791,0.4367132066834516,2.578094620868438,2.693292287751134,1.0878159429682437,0.6292951109365795,0.47828904731043415,0.9361633182112767,0.46035805626598464,0.0,,1,Diego López,Valencia,La Liga,23.0,2002.0,"MF,FW",2025-2026,2024-2025,100.0,exact,Diego López,Valencia CF,2002-05-13,9.0,24.4,2.754277891854894,CAM,"MF,FW",Diego López,12.0,7.44,28.18,3.0,0.2627,30.0,0,1,0,0,0,1,0,0,0,0,0,0,0
diego moreira|2004,4999.0,4,0.1900400372950145,0.2381670597268688,0.08116937510470763,0.25584112149532706,1.1033924309580634,0.3853624084046967,3.460378622884905,3.113586865471603,1.437426704640643,1.0279438380957604,2.2365555369408607,0.8192327022951917,0.9462616822429905,0.0,,1,Diego Moreira,Milan,Serie A,22.0,2004.0,MF,2026-2027,2024-2025,100.0,exact,Diego Moreira,RC Strasbourg Alsace,2004-08-06,25.0,22.1,2.754277891854894,CAM,MF,Diego Moreira,22.12,9.13,32.73,-2.88,-0.1175,-11.1,0,0,0,0,1,1,0,0,0,0,0,0,0
diego rico|1993,10502.0,6,0.0,0.0892423152450761,0.011792054099746407,0.08620078041858815,0.5549937540895842,0.07575188252446155,1.0283178360101435,4.238799661876585,2.3913778529163143,1.3403845779946724,3.0088757396449703,1.1487743026204564,0.8300815892160341,0.0,,1,Diego Rico,Osasuna,La Liga,33.0,1993.0,DF,2026-2027,2024-2025,100.0,exact,Diego Rico,Getafe CF,1993-02-23,1.0,33.6,,CB,DF,Diego Rico,1.47,1.16,2.99,0.47,0.21,23.4,0,1,0,0,0,0,1,0,0,0,0,0,0
dilane bakwa|2002,5551.0,5,0.19120287253141832,0.33123877917414724,0.15552359033371693,0.23788546255506607,1.7940340909090908,0.7293789061605732,3.864787111622555,4.323935558112773,1.052934407364787,0.5816876122082586,0.7802071346375143,0.8751438434982739,0.39647577092511016,0.0,,1,Dilane Bakwa,Lille,Ligue 1,24.0,2002.0,"FW,MF",2026-2027,2024-2025,100.0,exact,Dilane Bakwa,RC Strasbourg Alsace,2002-08-26,28.0,24.1,3.753593429158111,WINGER,"FW,MF",Dilane Bakwa,24.19,12.31,46.32,-3.81,-0.1408,-13.1,0,0,1,0,0,0,0,0,0,0,0,0,1
dimitri foulquier|1993,9551.0,5,0.0,0.028213519918745062,0.01913653050715128,0.0548064375815572,0.4299740435616748,0.07828144911705807,2.0018604960215285,3.628465589129387,1.797039817937175,0.6974382123913779,2.7822721307662914,0.7475207229355969,0.508916920400174,0.0,,1,Dimitri Foulquier,Valencia,La Liga,32.0,1993.0,DF,2025-2026,2024-2025,100.0,exact,Dimitri Foulquier,Valencia CF,1993-03-23,0.9,33.5,0.7529089664613279,CB,DF,Dimitri Foulquier,1.42,0.96,3.9,0.52,0.2426,27.5,0,1,0,0,0,0,1,0,0,0,0,0,0
dimitris giannoulis|1995,5707.0,3,0.06140758376400905,0.18160966262121828,0.03547352397520931,0.14264150943396228,0.4481447070437257,0.20827698133621855,2.0696966402087633,3.503316298793085,1.6709253017288244,1.3143836014168746,2.585897575296292,1.666032401870175,0.3056603773584906,0.0,,1,Dimitris Giannoulis,Augsburg,Bundesliga,29.0,1995.0,DF,2025-2026,2024-2025,97.43589743589743,fuzzy,Dimitrios Giannoulis,FC Augsburg,1995-10-17,3.0,30.9,1.754962354551677,CB,DF,Dimitris Giannoulis,3.05,1.9,7.22,0.05,0.0119,1.2,1,0,0,0,0,0,1,0,0,0,0,0,0
diogo dalot|1999,12904.0,6,0.027502330058518844,0.08731989793579734,0.06224849094567404,0.06396588486140725,0.826973652366124,0.18550975067884476,1.8221830985915493,3.5368460764587524,2.2556589537223344,1.0856544790600315,2.634808853118712,0.9676810865191147,1.2153518123667377,0.0,,1,Diogo Dalot,Manchester Utd,Premier League,27.0,1999.0,"DF,MF",2026-2027,2024-2025,100.0,exact,Diogo Dalot,Manchester United,1999-03-18,30.0,27.5,1.754962354551677,FULLBACK,"DF,MF",Diogo Dalot,27.82,13.76,46.12,-2.18,-0.0728,-7.0,0,0,0,1,0,0,0,0,0,1,0,0,0
diogo leite|1999,9465.0,4,0.011464181780769571,0.027337664246450514,0.03852313426316862,0.03534956794972506,0.5123607395867016,0.16383577306714409,0.6302594415164663,4.130099292432227,1.9327082666045483,1.8007583997178047,5.236001514136797,1.7558163235593862,2.757266300078555,0.0,,1,Diogo Leite,Union Berlin,Bundesliga,26.0,1999.0,DF,2025-2026,2024-2025,100.0,exact,Diogo Leite,1.FC Union Berlin,1999-01-23,12.0,27.7,,CB,DF,Diogo Leite,9.78,3.14,17.56,-2.22,-0.1872,-17.1,1,0,0,0,0,0,1,0,0,0,0,0,0
djaoui cisse|2004,2102.0,2,0.037439999999999994,0.0,0.032114183764495985,0.016057091882247992,1.73664,0.5558399999999999,1.2845673505798394,6.743978590544157,2.649420160570919,0.73152,0.8831400535236396,2.328278322925959,0.32114183764495985,,,1,Djaoui Cissé,Rennes,Ligue 1,21.0,2004.0,MF,2025-2026,2024-2025,100.0,exact,Djaoui Cissé,Stade Rennais FC,2004-01-31,10.0,22.7,3.753593429158111,CAM,MF,Djaoui Cissé,11.42,6.17,28.04,1.42,0.1218,13.0,0,0,1,0,0,1,0,0,0,0,0,0,0
djed spence|2000,5279.0,4,0.01699914277827016,0.03399828555654032,0.03080372949368582,0.09040178571428571,0.5021285251427493,0.27047448953306663,2.7218812699162043,4.501062197568747,2.190782485542311,0.8107283478867306,3.422931665289744,1.5773633895904637,1.0546875,0.0,,1,Djed Spence,Tottenham,Premier League,24.0,2000.0,"DF,MF",2025-2026,2024-2025,100.0,exact,Djed Spence,Tottenham Hotspur,2000-08-09,30.0,26.1,2.754277891854894,FULLBACK,"DF,MF",Djed Spence,22.44,13.26,30.28,-7.56,-0.2794,-24.4,0,0,0,1,0,0,0,0,0,1,0,0,0
djene|1991,14159.0,6,0.0,0.004786652078774617,0.009484916348307205,0.02119309262166405,0.19016837041491277,0.0,0.538269002766434,2.8537742062969302,1.0955078382294823,1.1173413566739603,3.134764853115531,0.8133315768673429,1.5188383045525904,0.0,,1,Djené,Getafe,La Liga,34.0,1991.0,"DF,MF",2026-2027,2024-2025,90.0,fuzzy,Dakonam Djené,Getafe CF,1991-12-31,1.4,34.7,0.7529089664613279,FULLBACK,"DF,MF",Djené,2.54,1.73,5.96,1.14,0.389,47.6,0,1,0,0,0,0,0,0,0,1,0,0,0
djibril sidibe|1992,5416.0,4,0.0657235316017068,0.137890546693777,0.017253774263120056,0.1242265587815326,0.2801692037296315,0.13519313304721034,0.8010680907877169,5.265482181370031,2.7513607887439657,0.770640625447464,2.6435246995994657,0.5022080723015302,0.7282246549262255,0.0,,1,Djibril Sidibé,Le Mans,Ligue 1,34.0,1992.0,"MF,DF",2026-2027,2024-2025,100.0,exact,Djibril Sidibé,FC Toulouse,1992-07-29,1.0,34.2,,CDM,"MF,DF",Djibril Sidibé,1.35,0.79,2.61,0.35,0.1602,17.4,0,0,1,0,0,0,0,1,0,0,0,0,0
djibril sow|1997,11078.0,6,0.12788001381419903,0.10301445557254922,0.08440506154535737,0.06983511154219205,0.8916320848873247,0.30100804876142845,1.190049305244285,4.91380202048064,1.3902010136882392,1.055010113967142,0.8766334517118918,0.9216287970209979,1.0475266731328807,0.0,,1,Djibril Sow,Genoa,Serie A,29.0,1997.0,MF,2026-2027,2024-2025,100.0,exact,Djibril Sow,Sevilla FC,1997-02-06,7.5,29.6,2.754277891854894,CM,MF,Djibril Sow,12.98,5.88,29.16,5.48,0.4977,64.5,0,0,0,0,1,0,0,0,1,0,0,0,0
dodi lukebakio|1997,7852.0,5,0.35209389170445454,0.07201920512136571,0.3245319921765856,0.13098318240620957,2.6086956521739135,1.0632051044941744,3.7734003911707177,2.379156188879575,0.6132998044146409,0.36409709255801553,0.5015367421067338,0.6202849958088852,0.5239327296248383,0.0,,1,Dodi Lukebakio,Sevilla,La Liga,27.0,1997.0,FW,2025-2026,2024-2025,100.0,exact,Dodi Lukébakio,Sevilla FC,1997-09-24,15.0,29.0,3.753593429158111,WINGER,FW,Dodi Lukebakio,13.51,7.65,20.08,-1.49,-0.0978,-9.3,0,1,0,0,0,0,0,0,0,0,0,0,1
dodo|1998,9013.0,4,0.018170972330564857,0.08342128206304776,0.03652558047659238,0.12495867768595041,0.6797595558206764,0.1292614710106584,3.877206529351554,4.395999066209348,1.3204158959900871,0.940760794750608,1.677590820119597,0.7014204392407563,0.35702479338842974,0.0,,1,Dodô,Fiorentina,Serie A,26.0,1998.0,"DF,MF",2025-2026,2024-2025,100.0,exact,Dodô,ACF Fiorentina,1998-11-17,16.0,27.9,0.7529089664613279,FULLBACK,"DF,MF",Dodô,6.41,2.81,22.77,-9.59,-0.8306,-56.4,0,0,0,0,1,0,0,0,0,1,0,0,0
domagoj bradaric|1999,9315.0,5,0.012267237040764972,0.05567438349270257,0.027310585272944447,0.10243145369891361,0.5152239557121289,0.23671670851052923,1.8013364754495271,2.283629789844078,1.279820511992769,0.718105183694011,2.0758950188849794,0.7684733834780645,0.7449560269011898,0.0,,1,Domagoj Bradarić,Hellas Verona,Serie A,25.0,1999.0,DF,2025-2026,2024-2025,100.0,exact,Domagoj Bradarić,Hellas Verona,1999-12-10,1.5,26.8,1.754962354551677,FULLBACK,DF,Domagoj Bradarić,6.55,3.65,24.82,5.05,1.1052,202.0,0,0,0,0,1,0,0,0,0,1,0,0,0
domenico berardi|1994,8287.0,5,0.45004817029345645,0.21745446760356613,0.44633174130067865,,2.4688793286768194,0.965270684371808,2.524149818651919,5.439365102165404,1.07300606887636,1.0212102212775067,0.7013322799583439,0.9566560132150681,,0.0,,0,Domenico Berardi,Sassuolo,Serie A,32.0,1994.0,FW,2026-2027,,100.0,exact,Domenico Berardi,US Sassuolo,1994-08-01,7.0,32.2,2.754277891854894,WINGER,FW,Domenico Berardi,8.54,4.46,10.64,1.54,0.176,19.2,0,0,0,0,1,0,0,0,0,0,0,0,1
domingos andre ribeiro almeida|2000,6498.0,4,0.03914867174149449,0.1607891875097095,0.053524776449098366,0.14567526555386953,0.8277147739630263,0.24284717376133985,2.2384826150676496,6.271956840338992,2.2537754083388206,0.5508777380767438,0.5868609417811856,0.9940315626261125,0.22761760242792112,0.0,,1,Domingos André Ribeiro Almeida,Valencia,La Liga,25.0,2000.0,"MF,FW",2025-2026,2024-2025,90.0,fuzzy,André,Wolverhampton Wanderers,2001-07-16,25.0,25.2,3.753593429158111,CAM,"MF,FW",Domingos André Ribeiro Almeida,18.01,6.94,39.52,-6.99,-0.3131,-26.9,0,1,0,0,0,1,0,0,0,0,0,0,0
domingos duarte|1995,10033.0,5,0.02918524523713012,0.024625050668828537,0.02498520075935414,0.0048413125336202265,0.32924604783137407,0.0987029164071597,0.257200596052175,2.6399804037641106,1.0894282389924268,1.0087150385083097,5.7098532323582845,1.1500540937761536,1.3555675094136632,0.0,,1,Domingos Duarte,Getafe,La Liga,30.0,1995.0,DF,2025-2026,2024-2025,100.0,exact,Domingos Duarte,Getafe CF,1995-03-10,0.8,31.6,,CB,DF,Domingos Duarte,3.13,1.32,7.32,2.33,0.8298,129.3,0,1,0,0,0,0,1,0,0,0,0,0,0
dominic calvert lewin|1997,9368.0,6,0.347879865486452,0.06696687410614202,0.45177800069605095,0.03356121814791796,2.592950874831763,1.1053383749665049,1.346858558355682,1.1939320736176224,0.5085266239482465,0.20264002164585831,1.3910782647859645,0.4643069175179643,4.754505904288378,0.0,,1,Dominic Calvert-Lewin,Leeds United,Premier League,29.0,1997.0,FW,2026-2027,2024-2025,100.0,exact,Dominic Calvert-Lewin,Leeds United,1997-03-16,22.0,29.5,1.754962354551677,ST,FW,Dominic Calvert-Lewin,20.46,13.73,30.34,-1.54,-0.0691,-6.7,0,0,0,1,0,0,0,0,0,0,0,1,0
dominic solanke|1997,9560.0,5,0.3558913357981032,0.09741199164121525,0.44927098492545103,0.1185824625170377,2.444939068499249,0.9842209072978304,1.5086905186853017,1.7125676158049374,0.6375792855377689,0.15142260086802764,1.1318267937065818,0.7487849748757518,1.8809631985461155,0.0,,1,Dominic Solanke,Tottenham,Premier League,29.0,1997.0,FW,2026-2027,2024-2025,100.0,exact,Dominic Solanke,Tottenham Hotspur,1997-09-14,28.0,29.0,3.753593429158111,ST,FW,Dominic Solanke,29.51,23.35,37.57,1.51,0.0507,5.2,0,0,0,1,0,0,0,0,0,0,0,1,0
dominik greif|1997,5940.0,5,0.0,0.017223910840932118,0.0,0.0,0.0,0.0,0.0,0.0,0.0,0.0,0.4082125603864734,0.0,0.22580645161290325,2.679162072767365,0.02903225806451613,1,Dominik Greif,Lyon,Ligue 1,29.0,1997.0,GK,2026-2027,2024-2025,100.0,exact,Dominik Greif,Olympique Lyon,1997-04-06,9.0,29.5,2.754277891854894,GK,GK,Dominik Greif,6.3,3.46,11.03,-2.7,-0.3149,-27.0,0,0,1,0,0,0,0,0,0,0,1,0,0
dominik kohr|1994,10723.0,5,0.07274476786143855,0.005196054847245611,0.06913476370775487,0.023529411764705882,0.7620880442626895,0.17202972075710324,0.8750525872949095,4.380872247931566,2.476511008273734,1.6636035602598027,3.2912634974056934,1.5061001262095077,1.4901960784313726,0.0,,1,Dominik Kohr,Mainz 05,Bundesliga,31.0,1994.0,"DF,MF",2025-2026,2024-2025,100.0,exact,Dominik Kohr,1.FSV Mainz 05,1994-01-31,2.0,32.7,1.754962354551677,FULLBACK,"DF,MF",Dominik Kohr,3.76,2.07,5.21,1.76,0.461,58.6,1,0,0,0,0,0,0,0,0,1,0,0,0
dominik szoboszlai|2000,12253.0,6,0.18572787529151835,0.18710875168773783,0.22329455909943718,0.2673625050180651,2.2123864683427668,0.6978582063910205,2.8016510318949344,5.39797373358349,1.4062288930581617,0.6421075242420523,0.7510694183864917,1.5061913696060039,0.6864712966680049,0.0,,1,Dominik Szoboszlai,Liverpool,Premier League,25.0,2000.0,"MF,DF",2026-2027,2024-2025,100.0,exact,Dominik Szoboszlai,Liverpool FC,2000-10-25,100.0,25.9,1.754962354551677,CAM,"MF,DF",Dominik Szoboszlai,44.91,24.68,59.08,-55.09,-0.7884,-54.5,0,0,0,1,0,1,0,0,0,0,0,0,0
dominique heintz|1993,2241.0,4,0.0,0.0,0.01696596884611569,,0.11947142943341581,0.0,1.0268875880543706,3.7771604325825976,1.6876674273241392,1.020937669703735,4.018255779343189,1.098323246353805,,0.0,,0,Dominique Heintz,Köln,Bundesliga,31.0,1993.0,DF,2025-2026,,100.0,exact,Dominique Heintz,1.FC Köln,1993-08-15,0.6,33.1,1.754962354551677,CB,DF,Dominique Heintz,1.05,0.71,1.81,0.45,0.2471,28.0,1,0,0,0,0,0,1,0,0,0,0,0,0
donny van de beek|1997,2544.0,5,0.110955864222898,0.09616174899317828,0.09176291407539028,0.20267417311752287,1.1132571710364099,0.3849765258215962,0.9709353978931335,2.8671151161314885,1.8695265896687394,0.6583381277225282,0.6853661632186825,1.2336590937936285,0.633356790992259,0.0,,1,Donny van de Beek,Girona,La Liga,28.0,1997.0,MF,2025-2026,2024-2025,100.0,exact,Donny van de Beek,Girona FC,1997-04-18,1.8,29.4,1.754962354551677,CAM,MF,Donny van de Beek,1.74,1.41,6.73,-0.06,-0.0203,-2.0,0,1,0,0,0,1,0,0,0,0,0,0,0
donovan leon|1992,5520.0,3,0.0,0.029191616766467067,0.0,0.0125,0.0,0.0,0.0,0.03051643192488263,0.0,0.0,0.8051643192488264,0.06103286384976526,0.21874999999999997,3.586077844311377,0.3375,1,Donovan Léon,Auxerre,Ligue 1,32.0,1992.0,GK,2025-2026,2024-2025,100.0,exact,Donovan Léon,AJ Auxerre,1992-11-03,0.8,33.9,0.7529089664613279,GK,GK,Donovan Léon,2.14,0.95,3.17,1.34,0.5557,74.3,0,0,1,0,0,0,0,0,0,0,1,0,0
donyell malen|1999,8554.0,6,0.734915745606088,0.10436673310382315,0.4660931935597132,0.03917301414581066,3.735536102152306,1.6393271993005536,3.767116416712645,2.685960776445804,0.6342478808245976,0.20438485232832035,0.5417063750815068,0.5439634849776798,0.4896626768226333,0.0,,1,Donyell Malen,Roma,Serie A,27.0,1999.0,"FW,MF",2026-2027,2024-2025,100.0,exact,Donyell Malen,Associazione Sportiva Roma,1999-01-19,45.0,27.7,3.753593429158111,WINGER,"FW,MF",Donyell Malen,29.9,22.55,44.98,-15.1,-0.3979,-32.8,0,0,0,0,1,0,0,0,0,0,0,0,1
douglas luiz|1998,10506.0,6,0.15238192965803854,0.0935070931992509,0.14682900573507304,0.17013232514177692,1.169318868521769,0.4439999999999999,1.7439076449080346,4.872584866088828,1.9527088476029621,0.9292988892024319,0.6982312218118376,0.9905529055847362,0.8506616257088846,0.0,,1,Douglas Luiz,Juventus,Serie A,28.0,1998.0,MF,2026-2027,2024-2025,100.0,exact,Douglas Luiz,Nottingham Forest,1998-05-09,18.0,28.4,2.754277891854894,CAM,MF,Douglas Luiz,15.43,6.35,33.42,-2.57,-0.145,-13.5,0,0,0,0,1,1,0,0,0,0,0,0,0
duje caleta car|1996,8830.0,6,0.040850528961977585,0.0,0.07485276423279083,0.005681818181818181,0.5104679289348569,0.10080151202268033,0.2849724526629092,2.807928566905199,1.1512887087581534,1.0673510003142348,4.829333164460769,1.4609587739851815,2.215909090909091,0.0,,1,Duje Ćaleta-Car,Sassuolo,Serie A,30.0,1996.0,DF,2026-2027,2024-2025,100.0,exact,Duje Caleta-Car,Real Sociedad,1996-09-17,2.8,30.0,0.7529089664613279,CB,DF,Duje Ćaleta-Car,5.72,2.57,11.97,2.92,0.5701,76.8,0,0,0,0,1,0,1,0,0,0,0,0,0
dusan vlahovic|2000,9917.0,5,0.5821980975468368,0.1434744802508498,0.596507754937254,0.0655829596412556,3.897525756897052,1.4323547215496366,1.288396191501531,1.5321468223261447,0.2997678565420718,0.08655898395299202,0.45722168018033177,0.29522591932173736,1.967488789237668,0.0,,1,Dušan Vlahović,Juventus,Serie A,25.0,2000.0,FW,2025-2026,2024-2025,100.0,exact,Dušan Vlahović,Juventus FC,2000-01-28,35.0,26.7,,ST,FW,Dušan Vlahović,28.94,15.23,35.0,-6.06,-0.1844,-16.8,0,0,0,0,1,0,0,0,0,0,0,1,0
duvan zapata|1991,7794.0,5,0.33482983800075344,0.10030767298756749,0.38520232242564456,0.07666098807495741,3.034660303905563,1.2246986581760289,2.1582541765844327,1.7618401441505571,0.6106377772339999,0.18648750470928038,0.8588970702733966,0.5045269503703869,3.0664395229982966,0.0,,1,Duván Zapata,Torino,Serie A,34.0,1991.0,FW,2025-2026,2024-2025,100.0,exact,Duván Zapata,Torino FC,1991-04-01,2.5,35.5,1.754962354551677,ST,FW,Duván Zapata,2.6,1.76,3.69,0.1,0.0287,2.9,0,0,0,0,1,0,0,0,0,0,0,1,0
dwight mcneil|1999,11036.0,5,0.12449794323573311,0.18128647874676926,0.09639517224842138,0.3413566739606127,1.725497809758406,0.5135486610578837,2.5609463671968666,3.5623051714491245,1.4977220046359203,0.7327905255366395,0.9006474302613698,1.2157301574614339,0.19693654266958427,0.0,,1,Dwight McNeil,Everton,Premier League,25.0,1999.0,"MF,FW",2025-2026,2024-2025,100.0,exact,Dwight McNeil,Everton FC,1999-11-22,18.0,26.9,0.7529089664613279,CAM,"MF,FW",Dwight McNeil,39.7,23.32,45.59,21.7,0.7617,114.2,0,0,0,1,0,1,0,0,0,0,0,0,0
dzenan pejcinovic|2005,1729.0,2,0.40529801324503306,0.0,,,3.1438356164383565,1.4178082191780823,,,,0.25331125827814566,,,,,,0,Dženan Pejčinović,Stuttgart,Bundesliga,21.0,2005.0,FW,2026-2027,,100.0,exact,Dzenan Pejcinovic,VfL Wolfsburg,2005-02-15,15.0,21.6,2.754277891854894,ST,FW,Dženan Pejčinović,10.14,6.34,23.18,-4.86,-0.3621,-30.4,1,0,0,0,0,0,0,0,0,0,0,1,0
ebenezer akinsanmiro|2004,1709.0,2,0.0,0.11156526400428841,,,0.8102493074792244,0.18698060941828254,,,,1.6252345215759851,,,,,,0,Ebenezer Akinsanmiro,Monza,Serie A,21.0,2004.0,MF,2026-2027,,100.0,exact,Ebenezer Akinsanmiro,Pisa Sporting Club,2004-11-25,7.0,21.8,2.754277891854894,CDM,MF,Ebenezer Akinsanmiro,9.24,4.39,21.84,2.24,0.2471,28.0,0,0,0,0,1,0,0,1,0,0,0,0,0
eberechi eze|1998,9779.0,5,0.3408814712792676,0.1786437656971563,0.34590930271009634,0.21561051004636786,3.1709268411245235,0.944290074249533,2.562190924258594,3.8135249289783406,1.423138781583971,0.45936968322125893,0.31925927039336227,0.9631889852545507,0.24343122102009276,0.0,,1,Eberechi Eze,Arsenal,Premier League,27.0,1998.0,"MF,FW",2025-2026,2024-2025,100.0,exact,Eberechi Eze,Arsenal FC,1998-06-29,65.0,28.2,2.754277891854894,CAM,"MF,FW",Eberechi Eze,51.18,30.26,57.17,-13.82,-0.235,-20.9,0,0,0,1,0,1,0,0,0,0,0,0,0
eddie nketiah|1999,4639.0,6,0.32485427895519836,0.1273077579689291,0.4922594487539198,0.14796905222437137,3.4053275737940965,1.351089588377724,2.8073939593992407,1.6161082686912032,1.1467238818286847,0.3116845108894471,0.7040765802937778,0.837762006931837,1.827852998065764,0.0,,1,Eddie Nketiah,Crystal Palace,Premier League,27.0,1999.0,MF,2026-2027,2024-2025,100.0,exact,Eddie Nketiah,Crystal Palace,1999-05-30,10.0,27.3,2.754277891854894,CAM,MF,Eddie Nketiah,20.95,14.51,32.85,10.95,0.6907,99.5,0,0,0,1,0,1,0,0,0,0,0,0,0
eder militao|1998,8307.0,5,0.11978848160005756,0.05503795100543185,0.06383331033531116,0.04797441364605544,1.1023777833735027,0.5475805684951041,0.8395198012970884,3.5443631847661097,1.5896232923968538,1.0942839670491744,3.3779494963433145,1.5498827100869326,2.014925373134328,0.0,,1,Éder Militão,Real Madrid,La Liga,27.0,1998.0,DF,2025-2026,2024-2025,100.0,exact,Éder Militão,Real Madrid,1998-01-18,20.0,28.7,1.754962354551677,CB,DF,Éder Militão,7.58,2.56,16.85,-12.42,-0.8952,-59.1,0,1,0,0,0,0,1,0,0,0,0,0,0
ederson silva|1999,11757.0,6,0.12380650045175941,0.03369881077385167,,,,,,,,0.4337349397590362,,,,,,0,Éderson Silva,Atalanta,Serie A,27.0,1999.0,MF,2026-2027,,90.0,fuzzy,Éderson,Atalanta BC,1999-07-07,45.0,27.2,0.7529089664613279,CM,MF,Éderson Silva,17.37,9.41,23.97,-27.63,-0.918,-60.1,0,0,0,0,1,0,0,0,1,0,0,0,0
ederson|1999,11342.0,5,0.11706371723132522,0.036140476460677584,0.11601842307842854,0.13432835820895522,1.3089137779019318,0.4096174515345726,1.2247693853319939,6.184909254595984,2.132484375611602,1.1926357232023606,1.0991219028482706,1.3198857038477092,1.6556751128080527,0.0,,1,Éderson,Atalanta,Serie A,26.0,1999.0,MF,2025-2026,2024-2025,100.0,exact,Éderson,Atalanta BC,1999-07-07,45.0,27.2,0.7529089664613279,CM,MF,Éderson,18.42,8.89,34.83,-26.58,-0.8622,-57.8,0,0,0,0,1,0,0,0,1,0,0,0,0
edin dzeko|1986,4445.0,3,0.36008114504677113,0.13693226642623693,0.5169142520958965,,3.0784402118787337,0.3688524590163934,1.6811295778790998,3.6336225915575824,0.2846006765700838,0.2028626169277584,1.2906309751434035,0.7876158258567437,,0.0,,0,Edin Džeko,Fiorentina,Serie A,39.0,1986.0,FW,2025-2026,,100.0,exact,Edin Dzeko,ACF Fiorentina,1986-03-17,1.0,40.5,,ST,FW,Edin Džeko,1.19,0.66,2.12,0.19,0.0917,9.6,0,0,0,0,1,0,0,0,0,0,0,1,0
edmond tapsoba|1999,12214.0,6,0.0688096266994648,0.05983445799953462,0.04943985466499417,0.007179896290386918,0.756549870947212,0.2309928502213027,1.7427224360915265,6.009342964661101,1.4767074700462823,0.899760662168002,3.0027250313594878,0.9291059301872918,1.9385719984044676,0.0,,1,Edmond Tapsoba,Leverkusen,Bundesliga,27.0,1999.0,DF,2026-2027,2024-2025,100.0,exact,Edmond Tapsoba,Bayer 04 Leverkusen,1999-02-02,35.0,27.7,4.7529089664613275,CB,DF,Edmond Tapsoba,47.13,7.76,57.71,12.13,0.2904,33.7,1,0,0,0,0,0,1,0,0,0,0,0,0
edoardo corvi|2001,1980.0,2,0.0,0.0,,,0.0,0.0,,,,0.0,,,,2.588235294117647,,0,Edoardo Corvi,Parma,Serie A,25.0,2001.0,GK,2026-2027,,100.0,exact,Edoardo Corvi,Parma Calcio 1913,2001-03-23,1.5,25.5,2.754277891854894,GK,GK,Edoardo Corvi,4.24,1.91,10.3,2.74,0.7393,109.5,0,0,0,0,1,0,0,0,0,0,1,0,0
edoardo goldaniga|1993,4492.0,4,0.026507771081607682,0.0,0.07711414442950572,0.010663507109004738,0.41188998142190403,0.17635886768562903,0.7116651094957045,3.226078435840758,1.1772212474078798,1.2397480628936517,3.49679830458264,0.7957523414534101,1.8483412322274881,0.0,,1,Edoardo Goldaniga,Como,Serie A,31.0,1993.0,DF,2025-2026,2024-2025,100.0,exact,Edoardo Goldaniga,Como 1907,1993-11-02,2.0,32.9,1.754962354551677,CB,DF,Edoardo Goldaniga,1.61,0.97,3.06,-0.39,-0.1379,-12.9,0,0,0,0,1,0,1,0,0,0,0,0,0
edon zhegrova|1999,5185.0,5,0.2443421224099735,0.1739715911559011,0.2382674218670982,0.20245398773006135,3.1275791668476605,1.265097875885048,4.317032466875696,4.123596642055224,1.0718620410640236,0.26975370314061076,0.22529584302619604,0.7054718316981896,0.2760736196319018,0.0,,1,Edon Zhegrova,Juventus,Serie A,26.0,1999.0,"FW,MF",2025-2026,2024-2025,100.0,exact,Edon Zhegrova,Juventus FC,1999-03-31,10.0,27.5,3.753593429158111,WINGER,"FW,MF",Edon Zhegrova,19.69,9.51,36.53,9.69,0.6319,88.1,0,0,0,0,1,0,0,0,0,0,0,0,1
edu exposito|1996,5282.0,4,0.03312612465238017,0.16931130377883197,0.08124838792881092,0.27559808612440195,1.5564583467146251,0.4764855867979318,1.829249419654372,5.53417590920815,2.177456796492133,0.8870440045804023,1.7317513541397989,0.34356461181325765,0.9473684210526316,0.0,,1,Edu Expósito,Espanyol,La Liga,30.0,1996.0,MF,2026-2027,2024-2025,100.0,exact,Edu Expósito,RCD Espanyol Barcelona,1996-08-01,5.0,30.2,0.7529089664613279,CAM,MF,Edu Expósito,2.87,1.64,8.31,-2.13,-0.4377,-35.4,0,1,0,0,0,1,0,0,0,0,0,0,0
eduardo camavinga|2002,8078.0,6,0.04118272478903948,0.061774087183559215,0.040770805068181294,0.06533575317604357,0.7670270503721406,0.13398838767306834,2.4628049761997834,5.683077701382023,3.4810403108975096,1.1519050374816628,1.4880309057879366,1.6515280428633843,1.633393829401089,0.0,,1,Eduardo Camavinga,Real Madrid,La Liga,23.0,2002.0,MF,2026-2027,2024-2025,100.0,exact,Eduardo Camavinga,Real Madrid,2002-11-10,50.0,23.9,2.754277891854894,CDM,MF,Eduardo Camavinga,23.28,10.75,43.77,-26.72,-0.7422,-52.4,0,1,0,0,0,0,0,1,0,0,0,0,0
el bilal toure|2001,3668.0,5,0.3022211433426387,0.18570214831897075,0.3701332410451635,0.27808988764044945,2.6163696141200896,1.0112359550561798,1.8480706004499048,1.6144661706177539,0.5554594220453366,0.16749605534652265,0.9811386052950337,0.37895829728326696,4.803370786516854,0.0,,1,El Bilal Touré,Parma,Serie A,24.0,2001.0,MF,2026-2027,2024-2025,100.0,exact,El Bilal Touré,Beşiktaş Jimnastik Kulübü,2001-10-03,13.0,25.0,1.754962354551677,CAM,MF,El Bilal Touré,9.33,4.24,20.66,-3.67,-0.3036,-26.2,0,0,0,0,1,1,0,0,0,0,0,0,0
el chadaille bitshiabu|2005,2407.0,5,0.0,0.0,0.01958596060487696,0.03185840707964602,0.30664922907488984,0.13591481122942886,0.37665308855532614,5.137548127894648,2.05903688410245,1.0066767621145374,6.860108252887675,1.8581552368729424,1.752212389380531,0.0,,1,El Chadaille Bitshiabu,RB Leipzig,Bundesliga,20.0,2005.0,DF,2025-2026,2024-2025,100.0,exact,El Chadaille Bitshiabu,RB Leipzig,2005-05-16,18.0,21.4,2.754277891854894,CB,DF,El Chadaille Bitshiabu,18.16,7.3,31.12,0.16,0.0085,0.9,1,0,0,0,0,0,1,0,0,0,0,0,0
el hadji malick diouf|2004,2707.0,1,0.0,0.1662356852604359,,,0.5984484669375693,0.1329885482083487,,,,1.0639083856667897,,,,,,0,El Hadji Malick Diouf,West Ham,Premier League,20.0,2004.0,"DF,MF",2025-2026,,100.0,exact,El Hadji Malick Diouf,West Ham United,2004-12-28,28.0,21.7,3.753593429158111,FULLBACK,"DF,MF",El Hadji Malick Diouf,43.26,19.75,47.99,15.26,0.4228,52.6,0,0,0,1,0,0,0,0,0,1,0,0,0
eli junior kroupi|2006,2756.0,2,0.6270298585646935,0.06364588789942378,0.29059040590405905,,2.550550026191723,1.1842105263157894,0.8302583025830258,0.996309963099631,0.5811808118081181,0.572812991094814,0.4151291512915129,0.4981549815498155,,0.0,,0,Eli Junior Kroupi,Bournemouth,Premier League,19.0,2006.0,"MF,FW",2025-2026,,95.0,fuzzy,Junior Kroupi,AFC Bournemouth,2006-06-23,70.0,20.3,3.753593429158111,CAM,"MF,FW",Eli Junior Kroupi,58.71,26.04,73.72,-11.29,-0.1731,-15.9,0,0,0,1,0,1,0,0,0,0,0,0,0
elia caprile|2001,7885.0,4,0.0,0.0,0.0,0.0,0.0,0.0,0.0,0.0,0.045087100079699426,0.0,0.5881817146760788,0.0,0.23136246786632386,3.0177845279506146,0.1249357326478149,1,Elia Caprile,Cagliari,Serie A,25.0,2001.0,GK,2026-2027,2024-2025,100.0,exact,Elia Caprile,Cagliari Calcio,2001-08-25,15.0,25.1,2.754277891854894,GK,GK,Elia Caprile,18.46,6.9,28.42,3.46,0.1957,21.6,0,0,0,0,1,0,0,0,0,0,1,0,0
eliesse ben seghir|2005,3527.0,4,0.28284251307198394,0.12922976890357887,0.24913690289372922,0.26742857142857146,2.6504294112866083,0.9097449548544913,4.220074069424393,5.790596949344047,1.621367145816333,0.546178645932107,0.21185110790283096,1.1411713012365827,0.6685714285714286,0.0,,1,Eliesse Ben Seghir,Leverkusen,Bundesliga,20.0,2005.0,"MF,FW",2025-2026,2024-2025,100.0,exact,Eliesse Ben Seghir,Bayer 04 Leverkusen,2005-02-16,20.0,21.6,3.753593429158111,CAM,"MF,FW",Eliesse Ben Seghir,51.21,21.66,56.79,31.21,0.9108,148.6,1,0,0,0,0,1,0,0,0,0,0,0,0
elif elmas|1999,6816.0,6,0.17489256825075836,0.10521991911021233,0.17140061959889125,0.033802816901408454,1.6265415901338232,0.5503215871002809,3.1726724278493394,3.4162726235121474,1.3119191260394587,0.4763334175935289,0.7043861079406489,0.9068971139735855,0.16901408450704225,0.0,,1,Elif Elmas,Atalanta,Serie A,27.0,1999.0,"MF,FW",2026-2027,2024-2025,95.23809523809523,fuzzy,Eljif Elmas,SSC Napoli,1999-09-24,13.0,27.0,1.754962354551677,CAM,"MF,FW",Elif Elmas,7.76,3.18,25.45,-5.24,-0.4686,-37.4,0,0,0,0,1,1,0,0,0,0,0,0,0
elisha owusu|1997,4688.0,2,0.016638225255972697,0.049914675767918096,0.015358361774744029,0.03839590443686007,0.2687713310580205,0.049914675767918096,0.30716723549488056,2.9948805460750854,2.802901023890785,1.1557167235494878,1.3438566552901023,1.2670648464163823,0.6143344709897611,,,1,Elisha Owusu,Auxerre,Ligue 1,27.0,1997.0,MF,2025-2026,2024-2025,100.0,exact,Elisha Owusu,AJ Auxerre,1997-11-07,4.0,28.9,0.7529089664613279,CDM,MF,Elisha Owusu,3.53,1.42,7.09,-0.47,-0.0989,-9.4,0,0,1,0,0,0,0,1,0,0,0,0,0
elliot anderson|2002,7909.0,5,0.07577657554369244,0.13623660922217048,0.08815792287785788,0.10887096774193548,1.300588098738683,0.2550737857119588,2.1635263169151147,4.796714930384756,2.823748315760207,1.114076887248755,2.319438800607396,1.7054130932266829,1.847507331378299,0.0,,1,Elliot Anderson,Manchester City,Premier League,23.0,2002.0,MF,2026-2027,2024-2025,100.0,exact,Elliot Anderson,Nottingham Forest,2002-11-06,75.0,23.9,,CM,MF,Elliot Anderson,18.62,11.63,35.74,-56.38,-1.3542,-74.2,0,0,0,1,0,0,0,0,1,0,0,0,0
ellyes skhiri|1995,10770.0,6,0.0693728320989969,0.08530983406768539,0.09726800632196884,0.05647691618108471,0.6657287625160744,0.0436966629941551,0.8114698577557011,4.465116279069768,1.9250395123052613,1.4933908315365145,1.7855046285843308,1.3939941296003615,0.7664724338861497,0.0,,1,Ellyes Skhiri,Köln,Bundesliga,31.0,1995.0,"MF,DF",2026-2027,2024-2025,100.0,exact,Ellyes Skhiri,Eintracht Frankfurt,1995-05-10,5.0,31.4,0.7529089664613279,CDM,"MF,DF",Ellyes Skhiri,5.3,2.72,9.72,0.3,0.048,4.9,1,0,0,0,0,0,0,1,0,0,0,0,0
elseid hysaj|1994,5822.0,5,0.018916078666866832,0.1189010659060201,0.020759877417866675,0.339622641509434,0.19456538057348743,0.0,1.5629221998879625,3.9977592513263254,1.9158401159916958,1.0809187809638192,2.4615283224041913,1.1862787095923815,1.6981132075471697,0.0,,1,Elseid Hysaj,Lazio,Serie A,31.0,1994.0,DF,2025-2026,2024-2025,100.0,exact,Elseid Hysaj,Società Sportiva Lazio S.p.A.,1994-02-02,1.2,32.7,,CB,DF,Elseid Hysaj,1.2,0.78,2.66,0.0,0.0023,0.2,0,0,0,0,1,0,1,0,0,0,0,0,0
elvis rexhbecaj|1997,9954.0,5,0.07521213679609154,0.01504242735921831,0.05696396365739953,0.05546218487394959,1.1154538441758808,0.3198218473857526,0.9953380746588628,4.0916051315207405,1.466975193112601,0.6884803291334534,1.0657773845577976,1.6614489400074863,0.5042016806722689,0.0,,1,Elvis Rexhbeçaj,Augsburg,Bundesliga,27.0,1997.0,MF,2025-2026,2024-2025,100.0,exact,Elvis Rexhbecaj,FC Augsburg,1997-11-01,3.5,28.9,3.753593429158111,CM,MF,Elvis Rexhbeçaj,9.19,5.71,23.39,5.69,0.8169,126.3,1,0,0,0,0,0,0,0,1,0,0,0,0
elye wahi|2003,8283.0,6,0.44949101752427395,0.13352527285279903,0.5981873111782476,0.05844155844155843,2.534968109084515,1.2955244934598615,2.109969788519637,0.9570996978851962,0.293655589123867,0.15467779132452955,0.15879154078549845,0.3371601208459214,0.7012987012987013,0.0,,1,Elye Wahi,Nice,Ligue 1,23.0,2003.0,FW,2026-2027,2024-2025,100.0,exact,Elye Wahi,OGC Nice,2003-01-02,18.0,23.7,3.753593429158111,ST,FW,Elye Wahi,40.19,23.43,44.59,22.19,0.7738,116.8,0,0,1,0,0,0,0,0,0,0,0,1,0
emanuel emegha|2003,4814.0,3,0.5171121658755933,0.13168694907390882,0.5903403351817114,0.09419973833406017,2.4169372970272294,1.4244777718264594,1.293108779452083,0.5213250602956031,0.2782873987343077,0.049784090503550905,1.1409783348106615,0.65119251303828,1.020497165285652,0.0,,1,Emanuel Emegha,Strasbourg,Ligue 1,22.0,2003.0,FW,2025-2026,2024-2025,96.55172413793103,fuzzy,Emmanuel Emegha,RC Strasbourg Alsace,2003-02-03,25.0,23.6,6.754277891854894,ST,FW,Emanuel Emegha,27.87,15.23,35.05,2.87,0.1047,11.0,0,0,1,0,0,0,0,0,0,0,0,1,0
emanuele valeri|1998,9929.0,5,0.027977583393059138,0.10569309281822342,0.061817182752601986,0.14723285764009747,0.9269055398990704,0.14985415653864853,2.7985002262589695,2.9497705087594546,1.6057922296205316,0.7678292331206231,2.5555950610899223,0.8930764755317087,0.5951966585450749,0.0,,1,Emanuele Valeri,Parma,Serie A,27.0,1998.0,"MF,DF",2026-2027,2024-2025,100.0,exact,Emanuele Valeri,Parma Calcio 1913,1998-12-07,3.0,27.8,1.754962354551677,CAM,"MF,DF",Emanuele Valeri,7.48,4.08,25.4,4.48,0.7514,112.0,0,0,0,0,1,1,0,0,0,0,0,0,0
emerson palmieri|1994,11390.0,6,0.03386853988961365,0.06934986739301842,0.061005536435732456,0.06389020350212968,0.631422232601588,0.17742520541896006,1.9998503666018255,3.245548406404309,2.6341463414634148,1.1853988961364776,2.6166392338770015,1.3062995660631451,0.7666824420255561,0.0,,1,Emerson Palmieri,Marseille,Ligue 1,32.0,1994.0,"DF,MF",2026-2027,2024-2025,90.0,fuzzy,Emerson,Olympique Marseille,1994-08-03,9.0,32.2,0.7529089664613279,FULLBACK,"DF,MF",Emerson Palmieri,2.44,1.48,5.14,-6.56,-1.0662,-65.6,0,0,1,0,0,0,0,0,0,1,0,0,0
emersonn|2004,1906.0,2,0.3831739273828441,0.14571402872305342,,,2.88860918816866,1.0761485210824417,,,,0.32111054477858064,,,,,,0,Emersonn,Ipswich Town,Premier League,22.0,2004.0,FW,2026-2027,,100.0,exact,Emersonn,Göztepe,2004-07-16,8.0,22.2,4.7529089664613275,ST,FW,Emersonn,48.12,28.41,53.37,40.12,1.697,445.8,0,0,0,1,0,0,0,0,0,0,0,1,0
emi buendia|1996,6822.0,5,0.27928267727335065,0.08640790015087094,0.2598055976163728,0.22816901408450704,2.36503140653574,0.7132075471698113,1.956235041273873,5.2620524593366875,2.162848629902799,0.6465162529145522,0.5846724954818542,1.2528696331754017,1.267605633802817,0.0,,1,Emi Buendía,Aston Villa,Premier League,29.0,1996.0,MF,2026-2027,2024-2025,80.0,surname,Emiliano Buendía,Aston Villa,1996-12-25,16.0,29.8,0.7529089664613279,CAM,MF,Emi Buendía,10.76,5.25,20.98,-5.24,-0.3684,-30.8,0,0,0,1,0,1,0,0,0,0,0,0,0
emil audero|1997,9197.0,6,0.0,0.0,0.0,0.0,0.0,0.0,0.0,0.0,0.018774119528560996,0.004177157908172146,0.4067725897854883,0.0,0.25,3.281012094128715,-0.7,1,Emil Audero,Rayo Vallecano,La Liga,29.0,1997.0,GK,2026-2027,2024-2025,100.0,exact,Emil Audero,US Cremonese,1997-01-18,2.8,29.7,1.754962354551677,GK,GK,Emil Audero,4.11,2.33,15.43,1.31,0.2971,34.6,0,1,0,0,0,0,0,0,0,0,1,0,0
emil holm|2000,4642.0,5,0.07777821424362652,0.16793023529873907,0.11328421817701279,0.055408970976253295,1.310853157964426,0.22027761013880506,2.479764775843272,3.211206184545244,2.450031385245631,0.7919236359351063,3.2498595923221774,1.7156166374838944,2.453825857519789,0.0,,1,Emil Holm,Bologna,Serie A,26.0,2000.0,DF,2026-2027,2024-2025,100.0,exact,Emil Holm,Juventus FC,2000-05-13,10.0,26.4,1.754962354551677,CB,DF,Emil Holm,7.84,2.57,14.5,-2.16,-0.2189,-19.7,0,0,0,0,1,0,1,0,0,0,0,0,0
emil krafth|1994,2934.0,4,0.0,0.010781025395304265,0.01355847090578118,0.026315789473684213,0.32882127455678,0.0,1.305002824681439,2.626953737995104,1.77954930638378,0.8463104935313847,2.875525704601092,0.9547423262820914,2.1052631578947367,0.0,,1,Emil Krafth,Newcastle Utd,Premier League,30.0,1994.0,DF,2025-2026,2024-2025,100.0,exact,Emil Krafth,Newcastle United,1994-08-02,0.75,32.2,,CB,DF,Emil Krafth,1.61,0.93,3.5,0.86,0.3984,48.9,0,0,0,1,0,0,1,0,0,0,0,0,0
emile smith rowe|2000,6412.0,5,0.1997646322751717,0.08312353826215198,0.23520529647482433,0.06167400881057269,1.7804525614860938,0.50126582278481,2.4252279458737447,5.3574539752598875,1.233521110401301,0.7695630800399231,0.6455078692142401,0.9251408328009757,0.2643171806167401,0.0,,1,Emile Smith Rowe,Fulham,Premier League,25.0,2000.0,MF,2025-2026,2024-2025,100.0,exact,Emile Smith Rowe,Fulham FC,2000-07-28,20.0,26.2,2.754277891854894,CAM,MF,Emile Smith Rowe,27.35,14.95,44.28,7.35,0.2999,35.0,0,0,0,1,0,1,0,0,0,0,0,0,0
emiliano martinez|1992,15783.0,6,0.0,0.010463183953715798,0.0,0.01408891671884784,0.0,0.0,0.0,0.06935881627620222,0.040624449533204154,0.003077407045210529,0.4518231460278316,0.01288092302272327,0.2817783343769568,2.8412466643170036,0.022542266750156543,1,Emiliano Martínez,Chelsea,Premier League,34.0,1992.0,GK,2026-2027,2024-2025,100.0,exact,Emiliano Martínez,Aston Villa,1992-09-02,12.0,34.1,2.754277891854894,GK,GK,Emiliano Martínez,10.8,6.18,12.86,-1.2,-0.097,-9.2,0,0,0,1,0,0,0,0,0,0,1,0,0
emmanuel agbadou|1997,8755.0,4,0.02231463637285729,0.024343239679480676,0.06041648813094524,0.016853932584269666,0.8662136119281875,0.1954068167780336,0.8496872054160597,4.71762790299083,2.1274316565258378,1.3145349426919566,4.603222212700317,1.4217156568686262,1.4831460674157306,0.0,,1,Emmanuel Agbadou,Wolves,Premier League,28.0,1997.0,DF,2025-2026,2024-2025,100.0,exact,Emmanuel Agbadou,Beşiktaş Jimnastik Kulübü,1997-06-17,16.0,29.3,3.753593429158111,CB,DF,Emmanuel Agbadou,14.12,12.66,23.91,-1.88,-0.1173,-11.1,0,0,0,1,0,0,1,0,0,0,0,0,0
emmanuel biumla|2005,1723.0,2,0.048857894517058506,0.0,0.04715568862275449,0.0,0.3232137637282332,0.09771578903411701,0.20209580838323352,1.0778443113772456,1.279940119760479,0.5186453417964673,5.658682634730539,1.2125748502994012,1.0778443113772456,,,1,Emmanuel Biumla,Angers,Ligue 1,20.0,2005.0,DF,2025-2026,2024-2025,100.0,exact,Emmanuel Biumla,Angers SCO,2005-05-08,2.5,21.4,1.754962354551677,CB,DF,Emmanuel Biumla,6.72,4.04,14.04,4.22,0.7907,120.5,0,0,1,0,0,0,1,0,0,0,0,0,0
emre can|1994,8269.0,5,0.1684727767296977,0.03290483920501908,0.09401265954135106,0.029928741092636577,0.5264774272803053,0.1922366963767734,1.2560962955276538,5.029054685067967,2.449932551623949,1.1529855657438688,2.803258275396908,1.2529832935560858,1.9239904988123515,0.0,,1,Emre Can,Dortmund,Bundesliga,31.0,1994.0,"DF,MF",2025-2026,2024-2025,100.0,exact,Emre Can,Borussia Dortmund,1994-01-12,3.0,32.7,0.7529089664613279,FULLBACK,"DF,MF",Emre Can,2.73,1.47,5.38,-0.27,-0.0693,-6.7,1,0,0,0,0,0,0,0,0,1,0,0,0
endrick|2006,1590.0,2,0.3448275862068966,0.4187192118226601,0.6198347107438017,0.12396694214876033,4.088669950738916,1.8296973961998593,2.9752066115702482,1.9834710743801653,0.24793388429752067,0.30260380014074595,0.24793388429752067,0.0,1.4876033057851241,,,1,Endrick,Real Madrid,Ligue 1,19.0,2006.0,"FW,MF",2025-2026,2024-2025,100.0,exact,Endrick,Real Madrid,2006-07-21,40.0,20.2,3.753593429158111,WINGER,"FW,MF",Endrick,17.0,10.31,41.04,-23.0,-0.8233,-56.1,0,0,1,0,0,0,0,0,0,0,0,0,1
enes unal|1997,7353.0,6,0.37528197416091325,0.11689110670585823,0.43667433002779393,0.10434782608695653,3.5497325233475383,1.5161940918258392,0.9233778265792815,1.825138112068078,0.8369076622173421,0.10048533734363252,1.2260234018460694,0.6269086916240607,6.260869565217391,0.0,,1,Enes Ünal,Getafe,La Liga,29.0,1997.0,FW,2026-2027,2024-2025,100.0,exact,Enes Ünal,AFC Bournemouth,1997-05-10,7.0,29.4,1.754962354551677,ST,FW,Enes Ünal,9.47,6.09,15.42,2.47,0.269,30.9,0,1,0,0,0,0,0,0,0,0,0,1,0
enrico delprato|1999,6348.0,3,0.07940253185334127,0.0,,,0.5489664520501525,0.27448322602507624,,,,0.8944174962394579,,,,,,0,Enrico Delprato,Parma,Serie A,26.0,1999.0,"DF,MF",2026-2027,,100.0,exact,Enrico Delprato,Parma Calcio 1913,1999-11-10,6.0,26.9,0.7529089664613279,FULLBACK,"DF,MF",Enrico Delprato,7.21,3.03,17.32,1.21,0.1592,17.3,0,0,0,0,1,0,0,0,0,1,0,0,0
enzo boyomo|2001,6000.0,3,0.04320401897850963,0.034161317331844826,0.044212465459011356,0.02486951182069389,0.3881713517620245,0.11255917246215885,0.4697574455019957,3.2606693276020877,2.0448265274792754,0.8982416969020375,3.979121891311022,1.0500460546515198,0.8842493091802271,,,1,Enzo Boyomo,Osasuna,La Liga,24.0,2001.0,DF,2026-2027,2024-2025,100.0,exact,Enzo Boyomo,CA Osasuna,2001-10-07,15.0,25.0,2.754277891854894,CB,DF,Enzo Boyomo,10.77,3.91,21.69,-4.23,-0.3072,-26.4,0,1,0,0,0,0,1,0,0,0,0,0,0
enzo ebosse|1999,4629.0,6,0.0,0.03834106001754166,0.0065136476426799015,0.0,0.10599721059972105,0.0,0.9956575682382134,4.08498759305211,1.2468982630272951,0.8502693898007769,2.251861042183623,1.9727047146401988,1.0,0.0,,1,Enzo Ebosse,Udinese,Serie A,27.0,1999.0,DF,2026-2027,2024-2025,100.0,exact,Enzo Ebosse,Torino FC,1999-03-11,2.8,27.6,0.7529089664613279,CB,DF,Enzo Ebosse,3.27,1.58,10.39,0.47,0.1171,12.4,0,0,0,0,1,0,1,0,0,0,0,0,0
enzo fernandez|2001,10064.0,5,0.2144553399783525,0.13594287652865059,0.18989185007659987,0.20766881574482526,1.8305546676536395,0.7760830977582013,1.8538686729261151,7.489192591806088,2.075022373230998,0.5830277378394533,0.8341043881869341,1.4238475889999542,0.42755344418052255,0.0,,1,Enzo Fernández,Manchester City,Premier League,25.0,2001.0,MF,2026-2027,2024-2025,100.0,exact,Enzo Fernández,Chelsea FC,2001-01-17,90.0,25.7,5.754962354551677,CAM,MF,Enzo Fernández,66.98,35.86,75.22,-23.02,-0.2916,-25.3,0,0,0,1,0,1,0,0,0,0,0,0,0
enzo le fee|2000,10435.0,6,0.12565772336545974,0.15660328210471477,0.06833311054671835,0.028301886792452834,1.096944332970246,0.38373127687972713,2.901751102793744,6.8381232455554075,2.9378425344205317,0.9377442042198488,1.0394332308514904,1.3714744018179388,0.5660377358490566,0.0,,1,Enzo Le Fée,Sunderland,Premier League,26.0,2000.0,"MF,FW",2026-2027,2024-2025,100.0,exact,Enzo Le Fée,Sunderland AFC,2000-02-03,28.0,26.7,2.754277891854894,CAM,"MF,FW",Enzo Le Fée,53.42,27.7,60.19,25.42,0.6295,87.7,0,0,0,1,0,1,0,0,0,0,0,0,0
eray comert|1998,7504.0,6,0.06473431170896059,0.042020518126869154,0.03814318118508496,0.0,0.5437954704262403,0.12561060711793443,0.37964105217079863,2.5733216602331965,1.5669147200445699,1.3650989942836953,3.6889649409049303,1.4326077440407496,0.9106239460370995,0.0,,1,Eray Cömert,Torino,Serie A,28.0,1998.0,DF,2026-2027,2024-2025,100.0,exact,Eray Cömert,Valencia CF,1998-02-04,2.5,28.6,,CB,DF,Eray Cömert,4.24,1.97,11.56,1.74,0.4029,49.6,0,0,0,0,1,0,1,0,0,0,0,0,0
eren dinkci|2001,5677.0,5,0.21179256314312442,0.13286365762394764,0.12206248612926295,0.16555183946488294,1.6116632289518094,0.44317919519889204,2.7053485562103914,2.8540428574951298,1.300520306759056,0.48935921421889617,0.6436021995906592,1.4558725618326636,0.451505016722408,0.0,,1,Eren Dinkçi,Werder Bremen,Bundesliga,24.0,2001.0,"MF,FW",2026-2027,2024-2025,100.0,exact,Eren Dinkçi,SC Freiburg,2001-12-13,6.0,24.8,,CAM,"MF,FW",Eren Dinkçi,6.51,3.39,19.73,0.51,0.0699,7.2,1,0,0,0,0,1,0,0,0,0,0,0,0
eric bailly|1994,3450.0,5,0.03854001360235774,0.0,0.0322098178516105,0.0,0.4239401496259351,0.05276044001517293,0.298061001014903,2.240264943112013,1.3268521980663426,1.1652686465654047,3.994978900699749,1.4951124405747556,1.6045380875202595,0.0,,1,Eric Bailly,Oviedo,La Liga,31.0,1994.0,DF,2025-2026,2024-2025,100.0,exact,Eric Bailly,Real Oviedo,1994-04-12,1.2,32.5,,CB,DF,Eric Bailly,0.71,0.54,2.09,-0.49,-0.252,-22.3,0,1,0,0,0,0,1,0,0,0,0,0,0
eric dier|1994,9857.0,6,0.09093425605536332,0.0473356401384083,0.054118012181402025,0.006151742993848258,0.5122529644268774,0.2900862770633241,0.5219769562012646,3.655584435737285,0.949683826667184,1.0550865051903113,4.163595453311091,1.2796291267408932,3.1989063568010936,0.0,,1,Eric Dier,Monaco,Ligue 1,32.0,1994.0,DF,2026-2027,2024-2025,100.0,exact,Eric Dier,AS Monaco,1994-01-15,4.0,32.7,1.754962354551677,CB,DF,Eric Dier,3.83,1.65,4.91,-0.17,-0.0356,-3.5,0,0,1,0,0,0,1,0,0,0,0,0,0
eric garcia|2001,10904.0,6,0.07515893825652814,0.04525699507919974,0.10247996126741621,0.04597701149425288,0.7118913196894848,0.30128349470839905,1.341115713594061,6.858895045456991,1.8769164559685836,1.2809345928666356,2.4692022163645166,1.2975415568346873,1.5517241379310347,0.0,,1,Eric García,Barcelona,La Liga,25.0,2001.0,"DF,MF",2026-2027,2024-2025,100.0,exact,Eric García,FC Barcelona,2001-01-09,40.0,25.7,4.7529089664613275,FULLBACK,"DF,MF",Eric García,55.99,13.84,62.09,15.99,0.3294,39.0,0,1,0,0,0,0,0,0,0,1,0,0,0
eric martel|2002,7035.0,3,0.05705907992233625,0.05705907992233625,0.07907973174366617,,0.920077663747672,0.1406799531066823,0.7656482861400893,2.892138599105812,2.682563338301043,1.3634742639774933,2.6965350223546944,2.0398658718330847,,0.0,,0,Eric Martel,Köln,Bundesliga,23.0,2002.0,"MF,DF",2025-2026,,100.0,exact,Eric Martel,1.FC Köln,2002-04-29,8.0,24.4,,CDM,"MF,DF",Eric Martel,6.2,4.33,15.14,-1.8,-0.2226,-20.0,1,0,0,0,0,0,0,1,0,0,0,0,0
eric smith|1997,5138.0,2,0.055630079696993615,0.055630079696993615,0.044570215776441456,0.047753802617615845,0.6107472579499723,0.23909098082537683,0.5093738945879024,3.75663247258578,1.4644499469402192,1.0522370393750493,3.3109303148213654,1.1779271312345243,0.955076052352317,,,1,Eric Smith,St Pauli,Bundesliga,28.0,1997.0,"DF,MF",2025-2026,2024-2025,100.0,exact,Eric Smith,FC St. Pauli,1997-01-08,5.0,29.7,0.7529089664613279,FULLBACK,"DF,MF",Eric Smith,3.33,1.75,6.96,-1.67,-0.3269,-27.9,1,0,0,0,0,0,0,0,0,1,0,0,0
erling haaland|2000,13371.0,6,0.8720569554813742,0.18345100587870372,0.8581551907405222,0.09868421052631579,3.730182589158571,1.8027492450652336,1.0416912719971654,1.0227943781740878,0.2551080666115508,0.12495938081592864,0.6791071217668597,0.39092949096492263,1.875,0.0,,1,Erling Haaland,Manchester City,Premier League,26.0,2000.0,FW,2026-2027,2024-2025,100.0,exact,Erling Haaland,Manchester City,2000-07-21,200.0,26.2,7.0,ST,FW,Erling Haaland,69.48,36.66,115.83,-130.52,-1.0479,-64.9,0,0,0,1,0,0,0,0,0,0,0,1,0
ermedin demirovic|1998,9665.0,6,0.5783800629748638,0.16538961667006977,0.49331172101221193,0.0921832884097035,2.6162731900261815,1.3164797030102495,0.9546141256452222,1.7038587435477779,0.7804041294221327,0.25533835556080947,0.8342251038650382,0.8738826639808636,1.6495956873315365,0.0,,1,Ermedin Demirović,Stuttgart,Bundesliga,28.0,1998.0,FW,2026-2027,2024-2025,100.0,exact,Ermedin Demirovic,VfB Stuttgart,1998-03-25,22.0,28.5,1.754962354551677,ST,FW,Ermedin Demirović,24.73,10.06,35.88,2.73,0.1121,11.9,1,0,0,0,0,0,0,0,0,0,0,1,0
ernest nuamah|2003,3228.0,4,0.3075421039785209,0.12448132780082986,0.19240187967436628,0.12832699619771865,2.292863401810924,1.0657977717048561,4.518167979350057,3.2613012111986235,1.5636375670130387,0.4783988284110325,0.5509960950426899,0.7505460321662587,1.1121673003802282,0.0,,1,Ernest Nuamah,Lyon,Ligue 1,22.0,2003.0,"FW,MF",2026-2027,2024-2025,100.0,exact,Ernest Nuamah,Olympique Lyon,2003-11-01,10.0,22.9,1.754962354551677,WINGER,"FW,MF",Ernest Nuamah,12.05,5.32,22.49,2.05,0.1708,18.6,0,0,1,0,0,0,0,0,0,0,0,0,1
esteban lepaul|2000,4689.0,3,0.6466456769193509,0.10293049164446598,0.2817679558011049,0.04419889502762431,2.7098859656999195,1.167729190985005,1.43646408839779,1.1049723756906076,0.6077348066298343,0.17316541535480748,0.5524861878453038,0.8287292817679556,1.9337016574585635,,,1,Esteban Lepaul,Rennes,Ligue 1,26.0,2000.0,FW,2026-2027,2024-2025,100.0,exact,Estéban Lepaul,Stade Rennais FC,2000-04-18,35.0,26.4,3.753593429158111,ST,FW,Esteban Lepaul,19.33,10.35,28.96,-15.67,-0.5714,-43.5,0,0,1,0,0,0,0,0,0,0,0,1,0
ethan ampadu|2000,8490.0,4,0.019177258028126642,0.031586072046326234,0.0309139028098429,,0.6815292023395777,0.17313241423533182,0.9730277605721042,4.302607128779774,2.3514837547159186,1.502594570203805,3.2535615744129736,1.7129342868404753,,0.0,,0,Ethan Ampadu,Leeds United,Premier League,26.0,2000.0,MF,2026-2027,,100.0,exact,Ethan Ampadu,Leeds United,2000-09-14,30.0,26.0,3.753593429158111,CDM,MF,Ethan Ampadu,23.64,19.0,33.31,-6.36,-0.2297,-20.5,0,0,0,1,0,0,0,1,0,0,0,0,0
ethan nwaneri|2007,1574.0,3,0.3261694058154236,0.1630847029077118,0.12067039106145251,0.12067039106145251,2.545137157107232,0.7541147132169577,4.625698324022347,3.318435754189944,1.106145251396648,0.5195954487989886,0.40223463687150834,0.8044692737430167,0.40223463687150834,,,1,Ethan Nwaneri,Dortmund,Bundesliga,19.0,2007.0,MF,2026-2027,2024-2025,100.0,exact,Ethan Nwaneri,Olympique Marseille,2007-03-21,35.0,19.5,3.753593429158111,CAM,MF,Ethan Nwaneri,18.16,10.56,27.81,-16.84,-0.6309,-46.8,1,0,0,0,0,1,0,0,0,0,0,0,0
ethan pinnock|1993,10429.0,6,0.07082774280111466,0.0023222210754463824,0.0673178219907895,0.05645582854155776,0.5323442632077047,0.28241123038810895,0.23026216777533634,2.02630707642296,1.5332751407157692,1.3085715760140364,6.4459862143695625,1.3571923065346294,2.9639309984317825,0.0,,1,Ethan Pinnock,Coventry City,Premier League,33.0,1993.0,DF,2026-2027,2024-2025,100.0,exact,Ethan Pinnock,Brentford FC,1993-05-29,3.0,33.3,0.7529089664613279,CB,DF,Ethan Pinnock,3.83,2.12,4.99,0.83,0.1878,20.7,0,0,0,1,0,0,1,0,0,0,0,0,0
etienne youte kinkoue|2002,4680.0,3,0.0,0.0,0.0387369039870667,0.007758620689655172,0.3879310344827586,0.031381594828742324,0.49885573915051745,2.0747863696487436,0.7218291377102185,1.298582700175336,5.649919166894119,1.2414705326586744,1.0086206896551724,0.0,,1,Etienne Youte Kinkoue,Le Havre,Ligue 1,23.0,2002.0,"DF,MF",2025-2026,2024-2025,100.0,exact,Étienne Youté Kinkoué,Le Havre AC,2002-01-14,2.5,24.7,,FULLBACK,"DF,MF",Etienne Youte Kinkoue,4.99,2.31,13.47,2.49,0.5374,71.2,0,0,1,0,0,0,0,0,0,1,0,0,0
evan ferguson|2004,3492.0,4,0.3760587238848109,0.11180124223602486,0.3320615826563131,0.15671641791044777,2.774703557312253,1.440627211847335,0.8523721890569596,0.9331657614794201,0.9978006194173886,0.14737436476566912,0.6746263297275461,0.8483325104358365,2.014925373134328,0.0,,1,Evan Ferguson,Roma,Serie A,20.0,2004.0,FW,2025-2026,2024-2025,100.0,exact,Evan Ferguson,Associazione Sportiva Roma,2004-10-19,20.0,21.9,2.754277891854894,ST,FW,Evan Ferguson,20.15,11.11,31.34,0.15,0.007,0.7,0,0,0,0,1,0,0,0,0,0,0,1,0
evanilson|1999,5484.0,3,0.24501003273840957,0.09504699545886577,0.4851228978007763,0.07373868046571798,2.5325360534646504,0.9309414937272835,1.125485122897801,1.0866752910737387,0.6209573091849936,0.20593515682754251,0.815006468305304,0.4269081500646831,1.630012936610608,,,1,Evanilson,Bournemouth,Premier League,26.0,1999.0,FW,2026-2027,2024-2025,100.0,exact,Evanilson,AFC Bournemouth,1999-10-06,35.0,27.0,2.754277891854894,ST,FW,Evanilson,22.47,14.21,28.6,-12.53,-0.4279,-34.8,0,0,0,1,0,0,0,0,0,0,0,1,0
evann guessand|2001,6734.0,5,0.3132488873673399,0.1951386511468675,0.3497743036441704,0.18947368421052632,1.9950359465936325,0.8328736900165471,2.861939887702301,2.530001100957833,1.4103269844764945,0.5558883943854843,0.5003853352416602,0.9115930859848067,0.912280701754386,0.0,,1,Evann Guessand,Crystal Palace,Premier League,24.0,2001.0,"FW,MF",2025-2026,2024-2025,100.0,exact,Evann Guessand,Crystal Palace,2001-07-01,25.0,25.2,3.753593429158111,WINGER,"FW,MF",Evann Guessand,36.69,21.0,50.19,11.69,0.3712,44.9,0,0,0,1,0,0,0,0,0,0,0,0,1
exequiel palacios|1998,7112.0,6,0.099303214884902,0.19724611175768203,0.14114114114114112,0.1792207792207792,0.9127488003166174,0.36856786752923026,1.0531960531960531,7.288717288717288,2.533247533247533,1.2800592494067502,1.1518661518661517,1.2505362505362503,0.07792207792207792,0.0,,1,Exequiel Palacios,Ipswich Town,Premier League,27.0,1998.0,MF,2026-2027,2024-2025,100.0,exact,Exequiel Palacios,Bayer 04 Leverkusen,1998-10-05,25.0,28.0,3.753593429158111,CAM,MF,Exequiel Palacios,21.92,16.12,41.71,-3.08,-0.1262,-11.9,0,0,0,1,0,1,0,0,0,0,0,0,0
ezequiel avila|1994,5798.0,5,0.26760341016735084,0.09235869908430692,0.24936596500126806,0.1329394387001477,2.756551941900853,0.9671712207587968,1.4950545270098912,2.64773015470454,0.6362541212274918,0.5257341332491317,0.9187167131625666,0.8102967283794066,0.7976366322008863,0.0,,1,Ezequiel Ávila,Betis,La Liga,31.0,1994.0,FW,2025-2026,2024-2025,80.0,surname,Chimy Ávila,Real Betis Balompié,1994-02-06,1.2,32.6,,ST,FW,Ezequiel Ávila,1.33,1.06,3.48,0.13,0.0559,5.8,0,1,0,0,0,0,0,0,0,0,0,1,0
ezequiel ponce|1997,1917.0,3,0.21066070858601982,0.0,0.29660409800831067,,2.2567703109327986,,0.7995414815876201,1.4830204900415533,0.7092706691503081,0.25853814235556977,1.0187705975068062,0.5158332139274968,,0.0,,0,Ezequiel Ponce,Elche,La Liga,29.0,1997.0,FW,2026-2027,,100.0,exact,Ezequiel Ponce,Houston Dynamo,1997-03-29,4.0,29.5,0.7529089664613279,ST,FW,Ezequiel Ponce,1.75,1.04,4.84,-2.25,-0.5994,-45.1,0,1,0,0,0,0,0,0,0,0,0,1,0
ezri konsa|1997,15121.0,6,0.024275873516474398,0.0,0.04955754238549335,0.012261580381471392,0.36985059158822003,0.09926138832258281,0.7170904262017331,2.8477556580769976,1.223999175758131,0.7332558718565856,2.9992101015420194,0.8767872883587283,0.9502724795640326,0.0,,1,Ezri Konsa,Arsenal,Premier League,28.0,1997.0,DF,2026-2027,2024-2025,100.0,exact,Ezri Konsa,Aston Villa,1997-10-23,40.0,28.9,1.754962354551677,CB,DF,Ezri Konsa,20.58,8.05,36.04,-19.42,-0.642,-47.4,0,0,0,1,0,0,1,0,0,0,0,0,0
fabian bredlow|1995,2430.0,4,0.0,0.0,0.0,,0.0,,0.0,0.0,0.04201680672268907,0.0,0.411764705882353,0.0,,3.277310924369748,,0,Fabian Bredlow,Stuttgart,Bundesliga,31.0,1995.0,GK,2026-2027,,100.0,exact,Fabian Bredlow,VfB Stuttgart,1995-03-02,0.7,31.6,0.7529089664613279,GK,GK,Fabian Bredlow,1.45,0.78,2.98,0.75,0.3659,44.2,1,0,0,0,0,0,0,0,0,0,1,0,0
fabian rieder|2002,4060.0,4,0.20349202361512372,0.21197085793242054,0.12922506183017313,0.20761245674740486,1.5379183731111425,0.5262072971909376,2.1640560593569664,5.335943940643034,2.089859851607585,0.777226479085542,0.6739488870568838,0.9707337180544108,0.4152249134948097,0.0,,1,Fabian Rieder,Augsburg,Bundesliga,24.0,2002.0,MF,2026-2027,2024-2025,100.0,exact,Fabian Rieder,Stade Rennais FC,2002-02-16,12.0,24.6,3.753593429158111,CAM,MF,Fabian Rieder,19.35,7.55,38.63,7.35,0.4481,56.5,1,0,0,0,0,1,0,0,0,0,0,0,0
fabian ruiz pena|1996,8820.0,6,0.12825122857485316,0.2612968956011027,0.16398,0.21996879875195008,1.6419893972005144,0.4558404558404558,1.8558,8.0046,2.1726,0.946901594150785,1.2942,1.053,0.23400936037441497,0.0,,1,Fabián Ruiz Peña,Paris S-G,Ligue 1,30.0,1996.0,MF,2026-2027,2024-2025,95.0,fuzzy,Fabián Ruiz,Paris Saint-Germain,1996-04-03,30.0,30.5,0.7529089664613279,CAM,MF,Fabián Ruiz Peña,11.24,4.7,24.99,-18.76,-0.9293,-60.5,0,0,1,0,0,1,0,0,0,0,0,0,0
fabian schar|1991,12443.0,5,0.08352388515226607,0.0241099874666335,0.10206574080535975,0.012269938650306749,1.2451086384554302,0.33498562331316484,0.6919533812547979,3.709958824760974,1.1651196873473375,1.2959118263315506,4.057505757554609,1.2226952334426688,1.7177914110429446,0.0,,1,Fabian Schär,Newcastle Utd,Premier League,33.0,1991.0,DF,2025-2026,2024-2025,100.0,exact,Fabian Schär,Newcastle United,1991-12-20,4.0,34.8,0.7529089664613279,CB,DF,Fabian Schär,3.95,2.04,5.3,-0.05,-0.0105,-1.0,0,0,0,1,0,0,1,0,0,0,0,0,0
fabiano parisi|2000,8330.0,5,0.0684685719207085,0.03617207573169506,0.05133821616811555,0.06863679694947569,0.9779379046033273,0.38984725283076227,2.8769936340611952,4.394551303990691,2.0863851050722158,1.1781761809752107,2.041207474844274,1.4087206516530906,1.11534795042898,0.0,,1,Fabiano Parisi,Fiorentina,Serie A,24.0,2000.0,"DF,MF",2025-2026,2024-2025,100.0,exact,Fabiano Parisi,ACF Fiorentina,2000-11-09,6.0,25.9,2.754277891854894,FULLBACK,"DF,MF",Fabiano Parisi,15.84,6.42,29.29,9.84,0.8778,140.5,0,0,0,0,1,0,0,0,0,1,0,0,0
fabien centonze|1996,5046.0,5,0.15389520055645722,0.028692325527475082,0.020052746453255728,0.06792452830188679,0.6390563412937631,0.2876480541455161,2.541378683157512,3.887777373590396,2.4718079301564204,1.9302109900301416,3.147053473990542,1.5960349217897416,2.0377358490566038,0.0,,1,Fabien Centonze,Nantes,Ligue 1,29.0,1996.0,"MF,DF",2025-2026,2024-2025,100.0,exact,Fabien Centonze,FC Nantes,1996-01-16,1.0,30.7,0.7529089664613279,CDM,"MF,DF",Fabien Centonze,2.71,1.28,6.16,1.71,0.6188,85.7,0,0,1,0,0,0,0,1,0,0,0,0,0
fabio miretti|2003,4952.0,5,0.11931713883619899,0.16887964266046623,0.14782044628956928,0.10733452593917711,1.655754757388484,0.4543202229792505,1.8635184224182666,3.327711468604048,1.5272444213803842,0.45156947928776847,0.6632070576024909,1.064867669953295,0.590339892665474,0.0,,1,Fabio Miretti,Juventus,Serie A,21.0,2003.0,"MF,FW",2025-2026,2024-2025,100.0,exact,Fabio Miretti,Juventus FC,2003-08-03,15.0,23.2,1.754962354551677,CAM,"MF,FW",Fabio Miretti,12.84,5.11,26.02,-2.16,-0.1452,-13.5,0,0,0,0,1,1,0,0,0,0,0,0,0
fabio silva|2002,3629.0,5,0.4185378530558278,0.28928351608270453,0.4114767081863345,0.09646302250803858,2.3543811649506807,0.9342805463077043,1.5001079991360071,1.4774281805745555,0.7289941680466555,0.21747555109763603,1.1437108503131974,0.5475556195550436,2.459807073954984,0.0,,1,Fábio Silva,Dortmund,Bundesliga,24.0,2002.0,"FW,MF",2026-2027,2024-2025,100.0,exact,Fábio Silva,Borussia Dortmund,2002-07-19,22.0,24.2,3.753593429158111,ST,"FW,MF",Fábio Silva,17.54,11.0,37.61,-4.46,-0.2153,-19.4,1,0,0,0,0,0,0,0,0,0,0,1,0
fabio vieira|2000,3170.0,4,0.26132518284030126,0.22202816286431612,0.2695021934007248,,2.383436659258393,0.7751586582048957,2.5405302307839026,5.3213808888041205,0.9784474537478545,0.6542953826001527,0.4806408544726302,0.4291436200648484,,0.0,,0,Fabio Vieira,Hamburger SV,Bundesliga,26.0,2000.0,"MF,FW",2026-2027,,100.0,exact,Fábio Vieira,Hamburger SV,2000-05-30,18.0,26.3,0.7529089664613279,CAM,"MF,FW",Fabio Vieira,5.46,2.66,16.2,-12.54,-1.0795,-66.0,1,0,0,0,0,1,0,0,0,0,0,0,0
facundo buonanotte|2004,3753.0,5,0.25892593685452936,0.08852168781351431,0.20449856733524358,0.18319107025607356,1.8481611979740145,0.6614217741555567,1.9573065902578797,2.95272206303725,2.777363896848138,0.7192387134848037,0.6240687679083095,1.7148997134670487,1.0636900853578464,0.0,,1,Facundo Buonanotte,Elche,La Liga,21.0,2004.0,MF,2026-2027,2024-2025,100.0,exact,Facundo Buonanotte,Chelsea FC,2004-12-23,12.0,21.8,1.754962354551677,CAM,MF,Facundo Buonanotte,13.51,6.18,22.05,1.51,0.1098,11.6,0,1,0,0,0,1,0,0,0,0,0,0,0
facundo medina|1999,12274.0,6,0.035019122908580155,0.06576762107221151,0.05747982133061673,0.07078254030672435,0.6296418799049825,0.08957770510450733,1.8407648303424498,6.84703393151007,1.6750254682234933,1.1308614324624422,2.241595486247159,1.0637881043805346,1.0617381046008652,0.0,,1,Facundo Medina,Leverkusen,Bundesliga,27.0,1999.0,DF,2026-2027,2024-2025,100.0,exact,Facundo Medina,Olympique Marseille,1999-05-28,18.0,27.3,3.753593429158111,CB,DF,Facundo Medina,39.6,12.22,56.37,21.6,0.7593,113.7,1,0,0,0,0,0,1,0,0,0,0,0,0
fali cande|1998,4861.0,4,0.02482495225970719,0.04964990451941438,0.05169321932583101,0.03529411764705882,0.46785486950986627,0.08198157166380549,0.2970605816461782,2.3226862801153936,1.7425994750110456,0.8039465308720559,5.0874548431530515,1.5531356394729317,2.176470588235294,0.0,,1,Fali Candé,Sassuolo,Serie A,27.0,1998.0,DF,2025-2026,2024-2025,100.0,exact,Fali Candé,US Sassuolo,1998-01-24,3.0,28.7,2.754277891854894,CB,DF,Fali Candé,4.84,2.21,10.97,1.84,0.378,45.9,0,0,0,0,1,0,1,0,0,0,0,0,0
fares chaibi|2002,7227.0,5,0.10756543564001433,0.31313493486315286,0.1926805793563229,0.25765054294175715,1.9647427562514543,0.4764742282217587,2.34512547242893,4.225451301673748,1.1979154440245074,0.6107326401338592,1.6584896359069459,1.3796098499964788,1.4215202369200395,0.0,,1,Fares Chaïbi,Eint Frankfurt,Bundesliga,23.0,2002.0,MF,2026-2027,2024-2025,100.0,exact,Farès Chaïbi,Eintracht Frankfurt,2002-11-28,15.0,23.8,1.754962354551677,CAM,MF,Fares Chaïbi,22.47,9.75,45.72,7.47,0.383,46.7,1,0,0,0,0,1,0,0,0,0,0,0,0
federico baschirotto|1996,12584.0,4,0.05039720463504957,0.00604766455620595,0.040063466878222924,0.005263157894736843,0.502628120893561,0.1940894568690096,0.4769932566441888,2.302657675525585,0.8627528758429195,0.7351272249432563,5.292542641808806,1.1652122173740578,2.736842105263158,0.0,,1,Federico Baschirotto,Cremonese,Serie A,28.0,1996.0,DF,2025-2026,2024-2025,100.0,exact,Federico Baschirotto,US Cremonese,1996-09-20,3.5,30.0,1.754962354551677,CB,DF,Federico Baschirotto,8.08,3.9,18.82,4.58,0.7023,101.8,0,0,0,0,1,0,1,0,0,0,0,0,0
federico bernardeschi|1994,3054.0,3,0.26231419411250356,0.11658408627222382,0.09152542372881356,,2.775498117517661,0.961380443714051,2.440677966101695,4.454237288135593,0.9762711864406779,0.3847274846983386,0.9152542372881356,0.7322033898305085,,0.0,,0,Federico Bernardeschi,Bologna,Serie A,32.0,1994.0,"MF,FW",2026-2027,,100.0,exact,Federico Bernardeschi,Bologna Football Club 1909,1994-02-16,3.5,32.6,0.7529089664613279,CAM,"MF,FW",Federico Bernardeschi,1.6,1.03,2.6,-1.9,-0.5468,-42.1,0,0,0,0,1,1,0,0,0,0,0,0,0
federico bonazzoli|1997,6511.0,4,0.33414566330285733,0.04563222714708625,0.2587299009257756,,2.6319491012577485,1.1474103585657371,1.0816956309891181,2.6360240376806887,0.5311028098099724,0.37977789044994364,0.19977261653402628,0.779600454766932,,0.0,,0,Federico Bonazzoli,Cremonese,Serie A,28.0,1997.0,FW,2025-2026,,100.0,exact,Federico Bonazzoli,US Cremonese,1997-05-21,2.5,29.4,1.754962354551677,ST,FW,Federico Bonazzoli,5.64,2.99,11.66,3.14,0.6409,89.8,0,0,0,0,1,0,0,0,0,0,0,1,0
federico ceccherini|1992,4251.0,3,0.05429045392851757,0.07691147639873322,0.056435895263113295,,0.6424370381541246,0.37815126050420167,1.2583679349207695,3.4700449114481824,1.4414032709092448,1.420600211129543,3.2565036861282946,0.8465384289466994,,0.0,,0,Federico Ceccherini,Cremonese,Serie A,33.0,1992.0,DF,2025-2026,,100.0,exact,Federico Ceccherini,US Cremonese,1992-05-11,0.4,34.4,,CB,DF,Federico Ceccherini,1.21,0.7,1.97,0.81,0.4581,58.1,0,0,0,0,1,0,1,0,0,0,0,0,0
federico chiesa|1997,4359.0,5,0.35260888051995387,0.1749377391726903,0.24319846850495158,0.1666666666666667,3.2964830225353827,1.3938886563415653,4.439863049000478,2.9919375621249493,1.1762323749217685,0.3553422826945271,0.19879983801494677,0.8117660052276995,0.0,0.0,,1,Federico Chiesa,Liverpool,Premier League,27.0,1997.0,FW,2025-2026,2024-2025,100.0,exact,Federico Chiesa,Liverpool FC,1997-10-25,13.0,28.9,1.754962354551677,WINGER,FW,Federico Chiesa,10.84,4.7,17.81,-2.16,-0.1674,-15.4,0,0,0,1,0,0,0,0,0,0,0,0,1
federico dimarco|1997,10729.0,6,0.19305709484823566,0.3684172893353831,0.13789812116949662,0.2565420560747663,2.2162448855887256,0.7743669082322286,2.114437857932282,3.9289661408620513,1.3774741284034964,0.7891208751921633,1.31568371345323,0.8454737265146186,0.29439252336448596,0.0,,1,Federico Dimarco,Inter,Serie A,28.0,1997.0,MF,2026-2027,2024-2025,100.0,exact,Federico Dimarco,Inter Milan,1997-11-10,50.0,28.9,0.7529089664613279,CAM,MF,Federico Dimarco,20.48,8.9,28.75,-29.52,-0.8647,-57.9,0,0,0,0,1,1,0,0,0,0,0,0,0
federico gatti|1998,7373.0,4,0.09566008016494001,0.0,0.12855414398064124,0.02050113895216401,1.0868368144040774,0.41832922998556754,1.3157894736842104,3.51935874168179,1.113127646702964,0.8229071956357491,3.127646702964307,1.0359951603145794,1.5170842824601367,0.0,,1,Federico Gatti,Juventus,Serie A,27.0,1998.0,DF,2025-2026,2024-2025,100.0,exact,Federico Gatti,Juventus FC,1998-06-24,14.0,28.3,3.753593429158111,CB,DF,Federico Gatti,11.09,3.96,24.37,-2.91,-0.2155,-19.4,0,0,0,0,1,0,1,0,0,0,0,0,0
federico ravaglia|1999,3061.0,3,0.0,0.0,0.0,0.0,0.0,0.0,0.0,0.0,0.0,0.0,0.6552337809415952,0.0,0.34090909090909094,2.338226173247881,-0.19602272727272727,1,Federico Ravaglia,Bologna,Serie A,25.0,1999.0,GK,2025-2026,2024-2025,100.0,exact,Federico Ravaglia,Bologna Football Club 1909,1999-11-11,1.8,26.9,1.754962354551677,GK,GK,Federico Ravaglia,5.14,1.87,11.05,3.34,0.7859,119.4,0,0,0,0,1,0,0,0,0,0,1,0,0
federico valverde|1998,13573.0,6,0.13930690515091582,0.18896723707971447,0.09899911902897417,0.09201846965699208,1.750085731209278,0.690729801386111,2.5283868441660142,6.640319107282694,1.4315779169929523,1.1350933012296844,1.2498776429130776,1.1518696162881754,0.8014511873350924,0.0,,1,Federico Valverde,Real Madrid,La Liga,28.0,1998.0,"MF,DF",2026-2027,2024-2025,100.0,exact,Federico Valverde,Real Madrid,1998-07-22,90.0,28.2,2.754277891854894,CAM,"MF,DF",Federico Valverde,39.42,10.89,68.38,-50.58,-0.8115,-55.6,0,1,0,0,0,1,0,0,0,0,0,0,0
federico vinas|1998,2439.0,1,0.33210332103321033,0.03690036900369004,,,2.103321033210332,0.7749077490774907,,,,0.47970479704797053,,,,,,0,Federico Viñas,Oviedo,La Liga,27.0,1998.0,"FW,MF",2025-2026,,100.0,exact,Federico Viñas,Real Oviedo,1998-06-30,4.0,28.2,1.2566735112936345,WINGER,"FW,MF",Federico Viñas,4.77,2.01,10.68,0.77,0.1431,15.4,0,1,0,0,0,0,0,0,0,0,0,0,1
felix agu|1999,4158.0,4,0.06994539874855527,0.0,0.06306282304044332,0.09251856082238723,0.4573352995097844,0.17536923554827596,1.7192412212926946,2.054936857249427,1.9182607768956146,1.0348332071260613,2.381041189321681,1.4362977567005915,1.0793832095945175,0.0,,1,Felix Agu,Werder Bremen,Bundesliga,25.0,1999.0,"DF,MF",2025-2026,2024-2025,100.0,exact,Felix Agu,SV Werder Bremen,1999-09-27,4.5,27.0,0.7529089664613279,FULLBACK,"DF,MF",Felix Agu,2.72,1.71,9.9,-1.78,-0.3899,-32.3,1,0,0,0,0,0,0,0,0,1,0,0,0
felix correia|2001,2367.0,2,0.1486122240839222,0.22947475777664456,,,1.6220165611300537,0.35070628348757915,,,,0.911342609455817,,,,,,0,Félix Correia,Lille,La Liga,25.0,2001.0,MF,2026-2027,,100.0,exact,Félix Correia,LOSC Lille,2001-01-22,10.0,25.7,2.754277891854894,CAM,MF,Félix Correia,8.03,2.86,20.37,-1.97,-0.1978,-17.9,0,1,0,0,0,1,0,0,0,0,0,0,0
felix lemarechal|2003,2622.0,3,0.13763896241397566,0.19322392800423505,0.16851874465746733,0.1467116357504216,1.3366860772895712,0.4173576561636263,1.7584564659909634,3.018683599951154,1.7584564659909634,0.6299629433562731,0.9415068994993283,1.776773720845036,0.7082630691399663,0.0,,1,Félix Lemaréchal,Strasbourg,Ligue 1,21.0,2003.0,"MF,FW",2025-2026,2024-2025,100.0,exact,Félix Lemaréchal,Club Brugge KV,2003-08-07,6.0,23.1,2.754277891854894,CAM,"MF,FW",Félix Lemaréchal,10.06,4.58,27.87,4.06,0.4573,58.0,0,0,1,0,0,1,0,0,0,0,0,0,0
felix nmecha|2000,7099.0,6,0.16811117752540347,0.11991930663478781,0.11019362186788155,0.06560636182902585,1.4340685496667727,0.31320108110017847,1.35354110581901,4.580140815903913,1.9196521018844481,1.1902271368798565,1.6960033133153865,1.295299233795817,1.371769383697813,0.0,,1,Felix Nmecha,Dortmund,Bundesliga,25.0,2000.0,MF,2026-2027,2024-2025,100.0,exact,Felix Nmecha,Borussia Dortmund,2000-10-10,50.0,26.0,3.753593429158111,CAM,MF,Felix Nmecha,19.29,7.18,34.29,-30.71,-0.9215,-60.2,1,0,0,0,0,1,0,0,0,0,0,0,0
fer lopez|2004,2076.0,2,0.11868253189401373,0.09384200196270855,,,1.1530249110320285,0.38434163701067614,,,,0.38434163701067614,,,,,,0,Fer López,Celta Vigo,La Liga,21.0,2004.0,"MF,FW",2025-2026,,100.0,exact,Fer López,Celta de Vigo,2004-05-24,16.0,22.3,3.753593429158111,CM,"MF,FW",Fer López,14.75,6.05,32.92,-1.25,-0.0766,-7.4,0,1,0,0,0,0,0,0,1,0,0,0,0
ferdi kadioglu|1999,3850.0,3,0.04159861954210705,0.0,0.09350649350649351,0.046753246753246755,0.8155699721964783,0.3614457831325301,0.23376623376623373,3.5064935064935066,2.3376623376623376,0.761254737620559,3.9740259740259742,0.46753246753246747,0.7012987012987013,,,1,Ferdi Kadioglu,Brighton,Premier League,26.0,1999.0,"DF,MF",2026-2027,2024-2025,92.85714285714286,fuzzy,Ferdi Kadıoğlu,Brighton & Hove Albion,1999-10-07,35.0,27.0,1.754962354551677,FULLBACK,"DF,MF",Ferdi Kadioglu,12.41,5.01,20.85,-22.59,-0.9874,-62.7,0,0,0,1,0,0,0,0,0,1,0,0,0
ferland mendy|1995,6017.0,5,0.00851325466455412,0.0425662733227706,0.012303962030540653,0.04477611940298508,0.1574952112942512,0.0,1.3557573256293851,3.9511968633924885,1.1816446553858855,0.7959893111358102,1.095749071399092,0.7010936855138259,0.35820895522388063,0.0,,1,Ferland Mendy,Real Madrid,La Liga,30.0,1995.0,DF,2025-2026,2024-2025,100.0,exact,Ferland Mendy,Real Madrid,1995-06-08,4.0,31.3,1.754962354551677,CB,DF,Ferland Mendy,1.51,1.27,6.12,-2.49,-0.6903,-49.9,0,1,0,0,0,0,1,0,0,0,0,0,0
fermin lopez|2003,4941.0,4,0.43456129379426706,0.33770124638229176,0.43110276544895865,0.2803514376996805,3.230668961713932,1.1916711158569142,2.3997951519289864,5.257425742574257,1.8927961761693408,0.3403190855015344,0.36872652782519627,0.8265619665414817,0.646964856230032,0.0,,1,Fermin López,Barcelona,La Liga,23.0,2003.0,MF,2026-2027,2024-2025,100.0,exact,Fermín López,FC Barcelona,2003-05-11,100.0,23.4,4.7529089664613275,CAM,MF,Fermin López,65.03,23.37,72.09,-34.97,-0.4249,-34.6,0,1,0,0,0,1,0,0,0,0,0,0,0
fernando calero|1995,5564.0,4,0.020875709238839524,0.008029118938015202,0.035944700460829496,0.0,0.4287549512900118,0.058937809696361136,0.22580645161290325,2.714285714285715,2.294930875576037,1.3360453912857295,4.774193548387097,1.737327188940092,1.5104895104895104,0.0,,1,Fernando Calero,Espanyol,La Liga,29.0,1995.0,"DF,MF",2025-2026,2024-2025,100.0,exact,Fernando Calero,RCD Espanyol Barcelona,1995-09-14,2.0,31.0,,FULLBACK,"DF,MF",Fernando Calero,1.41,0.97,3.47,-0.59,-0.2182,-19.6,0,1,0,0,0,0,0,0,0,1,0,0,0
ferran jutgla|1999,2339.0,3,0.43262099653903213,0.12607811899137505,0.47840531561461797,,2.4628738757582096,1.4164648910411624,2.9900332225913626,1.196013289036545,0.5980066445182725,0.3411525572707796,0.29900332225913623,0.5980066445182725,,0.0,,0,Ferran Jutglà,Celta Vigo,La Liga,27.0,1999.0,FW,2026-2027,,100.0,exact,Ferran Jutglà,Celta de Vigo,1999-02-01,10.0,27.7,2.754277891854894,WINGER,FW,Ferran Jutglà,7.36,4.47,21.15,-2.64,-0.2748,-24.0,0,1,0,0,0,0,0,0,0,0,0,0,1
ferran torres|2000,7641.0,6,0.7006962435233162,0.18215673575129535,0.4986121625031542,0.2522603978300181,3.1949270326615706,1.723416277755687,2.1751198586929092,2.9901589704769114,0.6913954075195559,0.2817357512953368,0.40373454453696694,0.5980317940953822,0.40687160940325495,0.0,,1,Ferran Torres,Paris S-G,Ligue 1,26.0,2000.0,FW,2026-2027,2024-2025,100.0,exact,Ferran Torres,FC Barcelona,2000-02-29,50.0,26.6,0.7529089664613279,ST,FW,Ferran Torres,22.72,11.84,42.44,-27.28,-0.7655,-53.5,0,0,1,0,0,0,0,0,0,0,0,1,0
fikayo tomori|1997,11746.0,5,0.036016866435013464,0.04567992816148049,0.06601280617948979,0.03954802259887005,0.35226252293757077,0.047717809970839103,0.6189653420063015,3.293017583087712,2.125215977233459,1.0585444891266154,3.164955788189857,1.2668970423823558,1.5819209039548023,0.0,,1,Fikayo Tomori,Milan,Serie A,27.0,1997.0,DF,2025-2026,2024-2025,100.0,exact,Fikayo Tomori,AC Milan,1997-12-19,17.0,28.8,0.7529089664613279,CB,DF,Fikayo Tomori,7.53,3.14,15.66,-9.47,-0.7472,-52.6,0,0,0,0,1,0,1,0,0,0,0,0,0
filip j rgensen|2002,4789.0,5,0.0,0.0,0.0,0.0,0.0,0.0,0.0,0.0,0.06553398058252427,0.0599737257963178,0.2184466019417476,0.0,0.0,3.484364588838085,0.049999999999999996,1,Filip Jørgensen,Strasbourg,Ligue 1,24.0,2002.0,GK,2026-2027,2024-2025,100.0,exact,Filip Jørgensen,Chelsea FC,2002-04-16,15.0,24.5,4.7529089664613275,GK,GK,Filip Jørgensen,10.58,5.03,23.59,-4.42,-0.3235,-27.6,0,0,1,0,0,0,0,0,0,0,1,0,0
filip kostic|1992,7454.0,4,0.15592807641880502,0.23389211462820753,0.060140588388440504,,1.335924330398951,0.7515657620041754,3.5303306430617027,3.655298099453268,1.6558187971882325,0.556283948304926,1.5490757615204376,1.1950013017443377,,0.0,,0,Filip Kostić,Juventus,Serie A,32.0,1992.0,MF,2025-2026,,100.0,exact,Filip Kostić,Juventus FC,1992-11-01,2.0,33.9,,CAM,MF,Filip Kostić,2.62,1.7,4.11,0.62,0.1871,20.6,0,0,0,0,1,1,0,0,0,0,0,0,0
filip stankovic|2002,1817.0,2,0.0,0.0,0.0,0.0,0.0,0.0,0.0,0.0,0.0,0.0,0.7242136064374544,0.0,0.3291880029261156,3.9502560351133873,0.210680321872714,1,Filip Stankovic,Venezia,Serie A,24.0,2002.0,GK,2026-2027,2024-2025,100.0,exact,Filip Stanković,Venezia FC,2002-02-25,5.0,24.6,2.754277891854894,GK,GK,Filip Stankovic,5.12,2.34,13.2,0.12,0.0194,2.0,0,0,0,0,1,0,0,0,0,0,1,0,0
filip ugrinic|1999,2013.0,2,0.0,0.12839879154078548,,,1.1968085106382975,0.17952127659574466,,,,0.7225579053373615,,,,,,0,Filip Ugrinic,Valencia,La Liga,27.0,1999.0,MF,2026-2027,,100.0,exact,Filip Ugrinic,BSC Young Boys,1999-01-05,6.0,27.7,2.754277891854894,CM,MF,Filip Ugrinic,3.62,1.83,10.94,-2.38,-0.4166,-34.1,0,1,0,0,0,0,0,0,1,0,0,0,0
filippo terracciano|2003,5750.0,5,0.040985253345119946,0.016876280789167038,0.024154383573315154,0.016697588126159554,0.45083778679631936,0.12527064645839778,1.453097043537531,3.2090823890261566,1.9361847150038338,1.5188652710250332,1.445428985260288,1.1157024793388428,1.6697588126159555,0.0,,1,Filippo Terracciano,Cremonese,Serie A,22.0,2003.0,"DF,MF",2025-2026,2024-2025,100.0,exact,Filippo Terracciano,US Cremonese,2003-02-08,4.5,23.6,1.754962354551677,FULLBACK,"DF,MF",Filippo Terracciano,11.71,4.81,23.64,7.21,0.8377,131.1,0,0,0,0,1,0,0,0,0,1,0,0,0
finn dahmen|1998,8820.0,6,0.0,0.0,0.0,0.0,0.014808362369337979,0.0,0.0,0.11578947368421053,0.03859649122807017,0.0,0.5070175438596491,0.0,0.2631578947368421,3.2386759581881535,0.37894736842105264,1,Finn Dahmen,Augsburg,Bundesliga,28.0,1998.0,GK,2026-2027,2024-2025,100.0,exact,Finn Dahmen,FC Augsburg,1998-03-27,12.0,28.5,0.7529089664613279,GK,GK,Finn Dahmen,5.88,2.93,13.42,-6.12,-0.6357,-47.0,1,0,0,0,0,0,0,0,0,0,1,0,0
finn jeltsch|2006,2651.0,3,0.0,0.07739326469426175,0.011538461538461539,0.011538461538461539,0.1934295363831747,0.0,0.9230769230769232,3.576923076923077,2.076923076923077,1.1546238408441212,3.115384615384615,1.3846153846153848,1.3846153846153848,,,1,Finn Jeltsch,Stuttgart,Bundesliga,20.0,2006.0,DF,2026-2027,2024-2025,100.0,exact,Finn Jeltsch,VfB Stuttgart,2006-07-17,35.0,20.2,3.753593429158111,CB,DF,Finn Jeltsch,17.52,8.44,26.61,-17.48,-0.6646,-48.6,1,0,0,0,0,0,1,0,0,0,0,0,0
fisayo dele bashiru|2001,2134.0,2,0.1551246537396122,0.036011080332409975,0.10454065469904963,0.07602956705385429,1.0,0.2742382271468144,2.1858500527983105,2.4709609292502637,0.9503695881731785,0.33240997229916897,0.47518479408658926,0.9503695881731785,0.28511087645195354,,,1,Fisayo Dele-Bashiru,Lazio,Serie A,24.0,2001.0,"MF,FW",2025-2026,2024-2025,100.0,exact,Fisayo Dele-Bashiru,Società Sportiva Lazio S.p.A.,2001-02-06,6.0,25.6,1.754962354551677,CM,"MF,FW",Fisayo Dele-Bashiru,2.62,1.75,11.38,-3.38,-0.6605,-48.3,0,0,0,0,1,0,0,0,1,0,0,0,0
fisnik asllani|2002,2344.0,2,0.38526427114546874,0.26968498980182815,0.0,,2.812429179361922,1.0792291220556747,0.0,0.0,0.0,0.19263213557273437,0.0,0.0,,0.0,,0,Fisnik Asllani,Hoffenheim,Bundesliga,22.0,2002.0,"FW,MF",2025-2026,,100.0,exact,Fisnik Asllani,TSG 1899 Hoffenheim,2002-08-08,35.0,24.1,2.754277891854894,WINGER,"FW,MF",Fisnik Asllani,14.37,5.71,26.01,-20.63,-0.851,-57.3,1,0,0,0,0,0,0,0,0,0,0,0,1
florentino luis|1999,3097.0,2,0.0,0.08578463819534539,0.009072580645161291,,0.5409198019539835,0.0855106888361045,0.2721774193548387,2.993951612903226,3.810483870967742,1.7204585771399827,0.997983870967742,1.905241935483871,,0.0,,0,Florentino Luís,Burnley,Premier League,25.0,1999.0,MF,2025-2026,,90.0,fuzzy,Florentino,Burnley FC,1999-08-19,16.0,27.1,,CDM,MF,Florentino Luís,4.43,2.05,13.55,-11.57,-1.1417,-68.1,0,0,0,1,0,0,0,1,0,0,0,0,0
florian kainz|1992,7140.0,4,0.22017809961835796,0.2443976905763773,0.20424542661832673,,1.4840003914277327,1.2903225806451613,2.0075830957850163,5.482246146182161,1.093460271773725,0.8630981505039632,1.008773143663687,0.9191044197824704,,0.0,,0,Florian Kainz,Köln,Bundesliga,32.0,1992.0,MF,2025-2026,,100.0,exact,Florian Kainz,1.FC Köln,1992-10-24,1.0,33.9,,CAM,MF,Florian Kainz,2.05,1.31,4.68,1.05,0.4213,52.4,1,0,0,0,0,1,0,0,0,0,0,0,0
florian lejeune|1991,15776.0,6,0.06060377216002416,0.036815375611229634,0.0920769003512381,0.051428571428571435,1.5108577521684747,0.4833138024150405,0.4529986541344334,3.3807486513989344,1.1374205337505883,1.0965318028206241,4.607784136293509,0.956221072096815,2.4902255639097746,0.0,,1,Florian Lejeune,Rayo Vallecano,La Liga,35.0,1991.0,DF,2026-2027,2024-2025,100.0,exact,Florian Lejeune,Rayo Vallecano,1991-05-20,1.8,35.4,1.754962354551677,CB,DF,Florian Lejeune,3.86,1.41,6.44,2.06,0.5516,73.6,0,1,0,0,0,0,1,0,0,0,0,0,0
florian neuhaus|1997,6062.0,5,0.10241761304256951,0.11704870062007942,0.21898051304635036,0.0706806282722513,2.2343760886225876,0.6108009241432422,2.0675988109655403,5.525707365407905,1.5523505449741277,1.0011844213753223,0.6605746999889904,1.2055488274799075,0.0,0.0,,1,Florian Neuhaus,Gladbach,Bundesliga,28.0,1997.0,"MF,FW",2025-2026,2024-2025,100.0,exact,Florian Neuhaus,Borussia Mönchengladbach,1997-03-16,2.5,29.5,0.7529089664613279,CAM,"MF,FW",Florian Neuhaus,3.73,2.0,10.2,1.23,0.3004,35.0,1,0,0,0,0,1,0,0,0,0,0,0,0
florian sotoca|1990,10433.0,5,0.16677034664407764,0.1429460114092094,0.28398123524666086,0.07525083612040134,2.3645652720606725,0.7072414764722456,1.9402695192278965,5.307168255296263,1.129470822003765,0.8052625309385463,1.301580661547196,1.0649296321749786,2.157190635451505,0.0,,1,Florian Sotoca,Lens,Ligue 1,34.0,1990.0,"FW,MF",2025-2026,2024-2025,100.0,exact,Florian Sotoca,RC Lens,1990-10-25,1.2,35.9,0.7529089664613279,CAM,"FW,MF",Florian Sotoca,1.67,1.19,2.84,0.47,0.1927,21.3,0,0,1,0,0,1,0,0,0,0,0,0,0
florian thauvin|1993,7105.0,5,0.3788305572975903,0.19898170686338076,0.3122761091209699,0.17484662576687116,2.5324698221652815,1.018832419839006,3.988702121796638,3.9494351060898314,0.68820611738771,0.35874105804696055,0.3265362358776522,0.38027004684486077,0.2300613496932515,0.0,,1,Florian Thauvin,Lens,Ligue 1,33.0,1993.0,MF,2026-2027,2024-2025,100.0,exact,Florian Thauvin,RC Lens,1993-01-26,5.0,33.7,1.754962354551677,CAM,MF,Florian Thauvin,3.57,2.62,5.99,-1.43,-0.272,-23.8,0,0,1,0,0,1,0,0,0,0,0,0,0
florian wirtz|2003,10443.0,6,0.27367613620798287,0.30901569733994466,0.31998100322617623,0.2679710761378137,2.275517543773217,0.9647973629717281,4.8269819694413965,7.3340648183024095,1.177636211781275,0.36654521546174285,0.21076593026873883,1.2365917167515517,0.3445342407486176,0.0,,1,Florian Wirtz,Liverpool,Premier League,23.0,2003.0,MF,2026-2027,2024-2025,100.0,exact,Florian Wirtz,Liverpool FC,2003-05-03,100.0,23.4,3.753593429158111,CAM,MF,Florian Wirtz,89.36,50.6,104.58,-10.64,-0.1113,-10.5,0,0,0,1,0,1,0,0,0,0,0,0,0
fode ballo toure|1997,2465.0,5,0.01729771285796656,0.0,0.027450648140303312,0.015280135823429544,0.39438785316163755,0.06996204673281814,2.508684232822164,2.5468101330170296,1.875794289587393,0.6227176628867961,3.004320935355418,1.3725324070151657,0.6112054329371817,0.0,,1,Fodé Ballo-Touré,Metz,Ligue 1,28.0,1997.0,"DF,MF",2025-2026,2024-2025,100.0,exact,Fodé Ballo-Touré,FC Metz,1997-01-03,0.9,29.7,,FULLBACK,"DF,MF",Fodé Ballo-Touré,1.2,0.99,3.78,0.3,0.1469,15.8,0,0,1,0,0,0,0,0,0,1,0,0,0
folarin balogun|2001,7536.0,4,0.521358764186633,0.14541298865069358,0.6932858862316186,0.13170731707317074,3.40952080706179,1.3214246814072543,2.044063006960071,1.5589512795018055,0.39091527552462185,0.14541298865069355,0.26139515411586167,0.4474331466848082,0.5853658536585367,0.0,,1,Folarin Balogun,Monaco,Ligue 1,24.0,2001.0,FW,2025-2026,2024-2025,100.0,exact,Folarin Balogun,AS Monaco,2001-07-03,40.0,25.2,1.754962354551677,ST,FW,Folarin Balogun,22.41,14.39,33.5,-17.59,-0.5604,-42.9,0,0,1,0,0,0,0,0,0,0,0,1,0
fran beltran|1999,11841.0,5,0.040919837533089504,0.020914583628023523,0.03041459460944583,0.06691449814126395,0.8365833451209409,0.18732763256031776,0.9730197543753606,5.111135533148337,1.7754210511855375,1.0475478408470913,1.237602000164849,0.9804379481825425,0.7063197026022305,0.0,,1,Fran Beltrán,Girona,La Liga,26.0,1999.0,MF,2025-2026,2024-2025,100.0,exact,Fran Beltrán,Girona FC,1999-02-03,4.0,27.6,3.753593429158111,CDM,MF,Fran Beltrán,19.49,8.22,38.59,15.49,1.4104,309.7,0,1,0,0,0,0,0,1,0,0,0,0,0
fran garcia|1999,11412.0,6,0.038288010926637035,0.12393224589411461,0.03380810768508374,0.07461999078765545,0.638153683972742,0.14926390403489642,3.7836907184222883,4.34997652214744,2.0115824072624826,1.0952386283488016,2.196118328376898,1.1382062920644858,0.7047443574389681,0.0,,1,Fran Garcia,Betis,La Liga,27.0,1999.0,"DF,MF",2026-2027,2024-2025,100.0,exact,Fran García,Real Madrid,1999-08-14,10.0,27.1,3.753593429158111,FULLBACK,"DF,MF",Fran Garcia,18.11,8.13,30.43,8.11,0.5525,73.8,0,1,0,0,0,0,0,0,0,1,0,0,0
francesco acerbi|1988,10437.0,5,0.03734661212875689,0.05228525698025965,0.04343472479850293,0.031578947368421054,0.395874088564823,0.05913790082355003,1.023818513107569,3.4378436940855885,1.0518885733514995,1.2857905032900587,3.479210098655592,0.9824521085375663,3.2105263157894735,0.0,,1,Francesco Acerbi,Inter,Serie A,37.0,1988.0,DF,2025-2026,2024-2025,100.0,exact,Francesco Acerbi,Inter Milan,1988-02-10,2.0,38.6,,CB,DF,Francesco Acerbi,1.49,0.55,2.21,-0.51,-0.1874,-17.1,0,0,0,0,1,0,1,0,0,0,0,0,0
francesco esposito|2005,1861.0,2,0.4402128772264435,0.1965730458055188,,,3.265436028007638,1.3176320814767664,,,,0.23533392807702955,,,,,,0,Francesco Esposito,Inter,Serie A,21.0,2005.0,FW,2026-2027,,80.0,surname,Pio Esposito,Inter Milan,2005-06-28,45.0,21.3,3.753593429158111,ST,FW,Francesco Esposito,26.82,15.97,48.45,-18.18,-0.503,-39.5,0,0,0,0,1,0,0,0,0,0,0,1,0
francis coquelin|1991,3367.0,5,0.07164308716575606,0.10420812678655426,0.10635074536419828,0.44196428571428575,0.8629735499511524,0.19221186018366912,0.9107986910677494,4.275845352078536,2.394255241788874,1.27003654521113,1.259847291237426,1.2816628287480305,1.2053571428571428,0.0,,1,Francis Coquelin,Nantes,Ligue 1,34.0,1991.0,MF,2025-2026,2024-2025,100.0,exact,Francis Coquelin,FC Nantes,1991-05-13,0.7,35.4,0.7529089664613279,CAM,MF,Francis Coquelin,1.64,0.54,2.66,0.94,0.4413,55.5,0,0,1,0,0,1,0,0,0,0,0,0,0
francisco conceicao|2002,3777.0,3,0.1652037512932617,0.2162667289657244,0.1544776119402985,0.2888059701492537,3.0047776134683195,0.9555226936639746,6.380597014925373,2.3507462686567164,1.544776119402985,0.3259019457330708,0.40298507462686567,0.4701492537313432,0.13432835820895522,,,1,Francisco Conceição,Juventus,Serie A,23.0,2002.0,"MF,FW",2026-2027,2024-2025,100.0,exact,Francisco Conceição,Juventus FC,2002-12-14,30.0,23.8,3.753593429158111,CAM,"MF,FW",Francisco Conceição,25.17,10.58,49.88,-4.83,-0.1693,-15.6,0,0,0,0,1,1,0,0,0,0,0,0,0
francisco perez|2002,4141.0,5,0.07668681264242544,0.0945209551174081,0.04676909173068233,0.41052631578947374,1.0440264789324367,0.47153556735468904,2.9755987347492097,1.9588793492995933,1.6809760506100315,0.4262360051520856,0.4338002711251695,0.9319927699954813,0.7894736842105263,0.0,,1,Francisco Perez,Rayo Vallecano,La Liga,24.0,2002.0,"MF,FW",2026-2027,2024-2025,80.0,surname,Fran Pérez,Rayo Vallecano,2002-09-09,2.5,24.1,2.754277891854894,CAM,"MF,FW",Francisco Perez,6.63,4.35,25.46,4.13,0.7796,118.1,0,1,0,0,0,1,0,0,0,0,0,0,0
franck honorat|1996,11431.0,6,0.15370443206988635,0.32324507835303373,0.16290640816676674,0.3314801945795691,1.2722266959757982,0.34750363177612975,3.7306339538474735,2.9956249463841464,1.1719996568585398,0.3595752168422796,1.2646478510766062,0.7303765977524234,0.5628908964558721,0.0,,1,Franck Honorat,Gladbach,Bundesliga,30.0,1996.0,"MF,FW",2026-2027,2024-2025,100.0,exact,Franck Honorat,Borussia Mönchengladbach,1996-08-11,7.0,30.1,2.754277891854894,CAM,"MF,FW",Franck Honorat,20.27,10.46,35.8,13.27,0.9778,165.9,1,0,0,0,0,1,0,0,0,0,0,0,0
franck kessie|1996,3466.0,3,0.1183660838619836,0.034813554077054,0.16746811624503452,,1.2889399958185237,,1.3359816015053312,4.280786117499477,1.4771064185657536,0.7380473464335449,0.9314237925987874,1.2042651055822706,,0.0,,0,Franck Kessié,Atalanta,Serie A,29.0,1996.0,MF,2026-2027,,100.0,exact,Franck Kessié,Al-Ahli Saudi Football Club,1996-12-19,12.0,29.8,,CM,MF,Franck Kessié,1.97,1.39,5.01,-10.03,-1.4758,-77.1,0,0,0,0,1,0,0,0,1,0,0,0,0
frank anguissa|1995,12108.0,6,0.13496898228357457,0.09556809925669256,,,,,,,,0.3813559322033898,,,,,,0,Frank Anguissa,Napoli,Serie A,30.0,1995.0,MF,2026-2027,,100.0,exact,Frank Anguissa,SSC Napoli,1995-11-16,15.0,30.9,0.7529089664613279,CM,MF,Frank Anguissa,12.88,3.56,17.74,-2.12,-0.1418,-13.2,0,0,0,0,1,0,0,0,1,0,0,0,0
frank magri|1999,4207.0,3,0.3252951752516172,0.08007265852347502,0.2919142419601838,0.08905013192612136,2.5056069396304053,0.961252408007998,1.3782542113323124,1.7393568147013783,0.8324655436447167,0.23187707364089635,0.815926493108729,0.970290964777948,2.3746701846965697,0.0,,1,Frank Magri,Toulouse,Ligue 1,25.0,1999.0,"FW,MF",2025-2026,2024-2025,100.0,exact,Frank Magri,FC Toulouse,1999-09-04,3.0,27.1,,ST,"FW,MF",Frank Magri,4.61,2.21,12.18,1.61,0.3376,40.2,0,0,1,0,0,0,0,0,0,0,0,1,0
frank onyeka|1998,6071.0,6,0.013830550148550355,0.08913021206843562,0.07913725799455858,0.044810417464572955,1.0104043147305206,0.19770749429689916,1.4762824809747248,3.3677694097235915,2.186033673751035,1.3415633644093843,1.2899727928709435,1.268680257087654,0.5515128303332055,0.0,,1,Frank Onyeka,Coventry City,Premier League,28.0,1998.0,MF,2026-2027,2024-2025,100.0,exact,Frank Onyeka,Brentford FC,1998-01-01,8.0,28.7,3.753593429158111,CDM,MF,Frank Onyeka,13.83,8.81,25.55,5.83,0.4993,64.8,0,0,0,1,0,0,0,1,0,0,0,0,0
frederic guilbert|1994,9509.0,5,0.021115470340584714,0.030500123825289032,0.025210084033613446,0.06652977412731007,0.6557526622437142,0.07290227283556487,1.5248034697750068,3.6161561398753053,2.712117104906479,2.2265090392460993,3.52805638384386,1.2320412035782056,1.4784394250513346,0.0,,1,Frederic Guilbert,Nantes,Ligue 1,30.0,1994.0,"DF,MF",2025-2026,2024-2025,100.0,exact,Frédéric Guilbert,FC Nantes,1994-12-24,0.8,31.8,1.754962354551677,FULLBACK,"DF,MF",Frederic Guilbert,2.29,1.24,7.37,1.49,0.6025,82.7,0,0,1,0,0,0,0,0,0,1,0,0,0
frederik r nnow|1992,11640.0,6,0.0,0.0036266924564796904,0.002682926829268293,0.0,0.030333670374115267,0.0,0.0,0.026829268292682923,0.010975609756097562,0.018858800773694392,0.625609756097561,0.0,0.5357142857142857,2.7535389282103133,0.11785714285714287,1,Frederik Rønnow,Union Berlin,Bundesliga,34.0,1992.0,GK,2026-2027,2024-2025,93.33333333333333,fuzzy,Frederik Rönnow,1.FC Union Berlin,1992-08-04,2.0,34.1,,GK,GK,Frederik Rønnow,2.85,1.22,6.27,0.85,0.2502,28.4,1,0,0,0,0,0,0,0,0,0,1,0,0
fredrik oppegard|2002,1724.0,3,0.0,0.0,0.03296703296703297,0.03296703296703297,0.7605838825765232,0.1710403946463952,1.6483516483516485,2.307692307692308,1.978021978021978,1.0738441261142522,3.956043956043956,0.6593406593406593,0.6593406593406593,,,1,Fredrik Oppegard,Auxerre,Ligue 1,24.0,2002.0,"MF,DF",2026-2027,2024-2025,100.0,exact,Fredrik Oppegård,AJ Auxerre,2002-08-07,1.5,24.1,1.754962354551677,CDM,"MF,DF",Fredrik Oppegard,1.75,1.48,9.78,0.25,0.0942,9.9,0,0,1,0,0,0,0,1,0,0,0,0,0
frenkie de jong|1997,9423.0,5,0.09240123201642689,0.16440219202922707,0.07057028418844173,0.15748031496062992,0.44520593607914777,0.15396873755009258,3.2519549876025176,9.315277512874308,1.7814228495136373,0.9432125761676823,0.9250429143620065,0.7095174518405494,0.7874015748031497,0.0,,1,Frenkie de Jong,Barcelona,La Liga,28.0,1997.0,MF,2025-2026,2024-2025,100.0,exact,Frenkie de Jong,FC Barcelona,1997-05-12,35.0,29.4,2.754277891854894,CAM,MF,Frenkie de Jong,21.41,7.01,47.19,-13.59,-0.4741,-37.8,0,1,0,0,0,1,0,0,0,0,0,0,0
gabriel gudmundsson|1999,8115.0,6,0.036507953910078605,0.0,0.056187629561779875,0.07058823529411765,0.7808567153445536,0.15368309485956544,3.4536952224846935,3.846357807453117,1.837487345128477,0.9689408308026268,1.9177553873595914,0.9935881984283854,0.6050420168067228,0.0,,1,Gabriel Gudmundsson,Leeds United,Premier League,27.0,1999.0,"DF,MF",2026-2027,2024-2025,100.0,exact,Gabriel Gudmundsson,Leeds United,1999-04-29,20.0,27.4,2.754277891854894,FULLBACK,"DF,MF",Gabriel Gudmundsson,19.56,15.9,37.28,-0.44,-0.021,-2.1,0,0,0,1,0,0,0,0,0,1,0,0,0
gabriel jesus|1997,6456.0,5,0.416461137340568,0.1923754492283842,0.4714285714285714,0.10361842105263157,3.348601226129237,1.7470553398697113,2.191326530612245,2.691326530612245,1.3954081632653061,0.6088365865689521,0.7729591836734693,1.2959183673469388,1.332236842105263,0.0,,1,Gabriel Jesus,Arsenal,Premier League,28.0,1997.0,FW,2025-2026,2024-2025,100.0,exact,Gabriel Jesus,Arsenal FC,1997-04-03,17.0,29.5,0.7529089664613279,ST,FW,Gabriel Jesus,14.26,7.48,21.42,-2.74,-0.1648,-15.2,0,0,0,1,0,0,0,0,0,0,0,1,0
gabriel magalhaes|1997,15080.0,6,0.09915871961941732,0.053191101252800015,0.11559186083704451,0.03427845958527296,0.8729198066425622,0.2137160261208476,0.39969982530817116,4.070073567403981,1.214600300174692,0.7663458661977482,3.275102723716261,1.3895381738552763,2.0186203977994075,0.0,,1,Gabriel Magalhães,Arsenal,Premier League,28.0,1997.0,DF,2026-2027,2024-2025,90.0,fuzzy,Gabriel,Arsenal FC,1997-12-19,75.0,28.8,2.754277891854894,CB,DF,Gabriel Magalhães,34.86,14.73,45.26,-40.14,-0.7511,-52.8,0,0,0,1,0,0,1,0,0,0,0,0,0
gabriel martinelli|2001,10039.0,5,0.2807711084386126,0.20682757224676426,0.2983721001127946,0.19650655021834063,2.386554421728207,0.9963237584896255,4.846660366429901,2.476145474499284,1.0672804316678353,0.22718883583582394,0.5871414199920739,0.7874279791482487,0.6681222707423581,0.0,,1,Gabriel Martinelli,Arsenal,Premier League,24.0,2001.0,"FW,MF",2025-2026,2024-2025,100.0,exact,Gabriel Martinelli,Arsenal FC,2001-06-18,45.0,25.3,0.7529089664613279,WINGER,"FW,MF",Gabriel Martinelli,36.15,20.37,40.7,-8.85,-0.2137,-19.2,0,0,0,1,0,0,0,0,0,0,0,0,1
gabriel osho|1998,3634.0,3,0.06906966381145714,0.0,0.05407178087942072,0.005441354292623942,0.40327771451205624,0.1476030277544155,0.5808584321544759,2.106202119844685,1.5772903767446742,0.9692033470317373,4.625616538986254,1.7685486409906603,1.033857315598549,0.0,,1,Gabriel Osho,Auxerre,Ligue 1,26.0,1998.0,DF,2025-2026,2024-2025,100.0,exact,Gabriel Osho,AJ Auxerre,1998-08-14,3.0,28.1,2.754277891854894,CB,DF,Gabriel Osho,3.95,2.26,12.48,0.95,0.2122,23.6,0,0,1,0,0,0,1,0,0,0,0,0,0
gabriel strefezza|1997,7180.0,4,0.19745448599149676,0.13000109015589228,0.16251666222340708,0.13402061855670103,2.140112286056906,0.6895203846304186,2.728872300719808,3.837376699546787,1.9306851506264997,0.48689087539518144,0.8189816049053585,1.031724873367102,0.3436426116838488,0.0,,1,Gabriel Strefezza,Parma,Serie A,28.0,1997.0,"FW,MF",2025-2026,2024-2025,100.0,exact,Gabriel Strefezza,Olympiakos Syndesmos Filathlon Peiraios,1997-04-18,6.5,29.4,2.754277891854894,WINGER,"FW,MF",Gabriel Strefezza,7.69,3.75,21.71,1.19,0.1472,15.9,0,0,0,0,1,0,0,0,0,0,0,0,1
gabriel suazo|1997,8505.0,5,0.0,0.1325835989177635,0.02782821291818721,0.15811373092926487,0.2721923317152281,0.1214098602374865,1.734409549319575,4.5916551315008896,2.5093929207039745,1.2175160554212923,1.5159904362989196,1.276538371654053,0.5409153952843273,0.0,,1,Gabriel Suazo,Sevilla,La Liga,29.0,1997.0,"DF,MF",2026-2027,2024-2025,100.0,exact,Gabriel Suazo,Sevilla FC,1997-08-09,6.0,29.1,1.754962354551677,FULLBACK,"DF,MF",Gabriel Suazo,5.98,2.68,17.06,-0.02,-0.0031,-0.3,0,1,0,0,0,0,0,0,0,1,0,0,0
gabriele zappa|1999,8362.0,4,0.03414042008974053,0.07608436477142176,0.036488167452431775,0.10588235294117648,0.500401014458197,0.1331261486052384,1.5203403105179907,3.968088210451956,1.4484696776571404,0.7930331866559729,2.681327456731729,1.1568407635486893,0.6176470588235294,0.0,,1,Gabriele Zappa,Cagliari,Serie A,25.0,1999.0,"DF,MF",2025-2026,2024-2025,100.0,exact,Gabriele Zappa,Cagliari Calcio,1999-12-22,3.0,26.8,3.753593429158111,FULLBACK,"DF,MF",Gabriele Zappa,10.78,5.42,28.56,7.78,1.0797,194.4,0,0,0,0,1,0,0,0,0,1,0,0,0
gaby jean|2000,1585.0,2,0.0,0.0,0.006484149855907781,0.006484149855907781,0.05469078670593185,0.05469078670593185,0.5187319884726225,2.723342939481268,0.9077809798270893,0.5637358014303745,4.6037463976945245,0.8429394812680117,2.65850144092219,,,1,Gaby Jean,Lecce,Serie A,25.0,2000.0,DF,2025-2026,2024-2025,100.0,exact,Gaby Jean,US Lecce,2000-02-19,1.5,26.6,0.7529089664613279,CB,DF,Gaby Jean,2.32,1.17,4.69,0.82,0.2828,32.7,0,0,0,0,1,0,1,0,0,0,0,0,0
gaetan perrin|1996,4420.0,3,0.3057629393507256,0.279338981629058,0.20129715294005435,0.2608695652173913,1.9176243603724519,0.8971494512509516,2.90571796461443,4.701940960465449,1.5494301111164097,0.45298213237144536,0.2081644332109304,0.4399351423529973,0.10033444816053512,0.0,,1,Gaëtan Perrin,Lille,Ligue 1,29.0,1996.0,"MF,FW",2025-2026,2024-2025,100.0,exact,Gaëtan Perrin,LOSC Lille,1996-06-07,5.0,30.3,1.754962354551677,CAM,"MF,FW",Gaëtan Perrin,7.68,3.49,11.46,2.68,0.3693,44.7,0,0,1,0,0,1,0,0,0,0,0,0,0
gaetano oristanio|2002,4278.0,3,0.12190211223780063,0.07907164037046528,0.15625390322500063,0.10107991360691146,1.9553757733279642,0.4510268915835161,2.6102270740176365,2.396642601983463,0.9015512977442482,0.31793388732291245,0.3372386400539582,0.6902150833104345,0.5442764578833693,0.0,,1,Gaetano Oristanio,Parma,Serie A,22.0,2002.0,"FW,MF",2025-2026,2024-2025,100.0,exact,Gaetano Oristanio,Parma Calcio 1913,2002-09-28,5.0,24.0,0.7529089664613279,WINGER,"FW,MF",Gaetano Oristanio,3.67,2.17,17.68,-1.33,-0.25,-22.1,0,0,0,0,1,0,0,0,0,0,0,0,1
gauthier gallon|1993,5683.0,4,0.0,0.0,0.0,0.0,0.0,0.0,0.0,0.0,0.07384615384615385,0.05449826989619377,0.5030769230769231,0.0,0.0,3.48,0.0,1,Gauthier Gallon,Le Havre,Ligue 1,33.0,1993.0,GK,2026-2027,2024-2025,100.0,exact,Gauthier Gallon,FCV Dender EH,1993-04-23,0.6,33.4,,GK,GK,Gauthier Gallon,1.51,0.82,2.54,0.91,0.4485,56.6,0,0,1,0,0,0,0,0,0,0,1,0,0
gauthier hein|1996,4611.0,3,0.23029601976970396,0.21925442978074558,0.18729989327641408,,1.711089040679409,0.49766056997022545,2.929562433297759,3.6499466382070436,1.2966915688367129,0.3202061096797939,0.48025613660618993,0.48025613660618993,,0.0,,0,Gauthier Hein,Nice,Ligue 1,30.0,1996.0,"MF,FW",2026-2027,,100.0,exact,Gauthier Hein,FC Metz,1996-08-07,5.0,30.1,1.754962354551677,CAM,"MF,FW",Gauthier Hein,3.18,1.78,8.98,-1.82,-0.3616,-30.3,0,0,1,0,0,1,0,0,0,0,0,0,0
gautier lloris|1995,8283.0,4,0.05058415951055909,0.024877455496996277,0.05091332436952744,0.02926300578034682,0.4342912178630396,0.11022801302931594,0.4220640802807202,3.293870724428557,1.9686485422883941,1.3607968156856962,5.569474961466566,1.297182960023612,2.0809248554913293,0.0,,1,Gautier Lloris,Brest,Ligue 1,31.0,1995.0,DF,2026-2027,2024-2025,100.0,exact,Gautier Lloris,Le Havre AC,1995-07-18,3.0,31.2,,CB,DF,Gautier Lloris,2.49,1.42,5.33,-0.51,-0.1357,-12.7,0,0,1,0,0,0,1,0,0,0,0,0,0
gavi|2004,7449.0,5,0.0652844103246086,0.1251284531221665,0.09702166064981951,0.1327188940092166,0.7689052771565013,0.04906483267633985,1.7870036101083029,5.081227436823105,2.3736462093862816,0.7126881460436438,0.8370938628158845,1.3199458483754511,1.7419354838709677,0.0,,1,Gavi,Barcelona,La Liga,20.0,2004.0,"MF,FW",2025-2026,2024-2025,100.0,exact,Gavi,FC Barcelona,2004-08-05,30.0,22.1,3.753593429158111,CDM,"MF,FW",Gavi,24.98,13.3,43.09,-5.02,-0.1765,-16.2,0,1,0,0,0,0,0,1,0,0,0,0,0
geoffrey kondogbia|1993,7097.0,6,0.0029517874713020664,0.02066251229911446,0.026876257232326162,0.008910891089108912,0.5087628865979381,0.07450536714589255,0.6999025320918272,4.785466912755853,2.9115945335020013,1.5068875040997047,2.1743638663652765,1.054519815018353,1.2029702970297032,0.0,,1,Geoffrey Kondogbia,Marseille,Ligue 1,33.0,1993.0,"MF,DF",2026-2027,2024-2025,100.0,exact,Geoffrey Kondogbia,Olympique Marseille,1993-02-15,3.0,33.6,0.7529089664613279,CDM,"MF,DF",Geoffrey Kondogbia,1.3,1.06,2.87,-1.7,-0.5532,-42.5,0,0,1,0,0,0,0,1,0,0,0,0,0
georges mikautadze|2000,5904.0,4,0.5915265832681782,0.2594800625488663,0.5713541666666667,0.26708074534161486,2.9968961010673056,1.3998926090797288,2.4713541666666665,3.0234374999999996,0.3307291666666667,0.2704749804534793,0.2734375,0.6302083333333333,0.9316770186335402,0.0,,1,Georges Mikautadze,Villarreal,La Liga,25.0,2000.0,FW,2026-2027,2024-2025,100.0,exact,Georges Mikautadze,Villarreal CF,2000-10-31,30.0,25.9,4.7529089664613275,WINGER,FW,Georges Mikautadze,34.54,25.43,49.98,4.54,0.1366,14.6,0,1,0,0,0,0,0,0,0,0,0,0,1
georginio rutter|2002,6440.0,5,0.20087391154003334,0.18248404639904436,0.2622593068035944,0.13586956521739132,2.374272617925295,0.6833686644825592,2.330872913992298,3.206033376123235,1.8138639281129656,0.5219892490019176,0.6816431322207959,1.1351091142490375,1.358695652173913,0.0,,1,Georginio Rutter,Brighton,Premier League,24.0,2002.0,"MF,FW",2026-2027,2024-2025,100.0,exact,Georginio Rutter,Brighton & Hove Albion,2002-04-20,30.0,24.4,1.754962354551677,CAM,"MF,FW",Georginio Rutter,25.82,13.11,40.83,-4.18,-0.1447,-13.5,0,0,0,1,0,1,0,0,0,0,0,0,0
gerard gumbau|1994,9325.0,5,0.0062032174020925515,0.16004300897398782,0.07430375894080048,0.13780918727915195,1.477606385178446,0.435315361795434,0.5649824988586212,4.524996195404047,1.760006087353523,0.8225466275174723,1.1796149748896667,0.9947116116268452,1.8021201413427563,0.0,,1,Gerard Gumbau,Rayo Vallecano,La Liga,30.0,1994.0,MF,2025-2026,2024-2025,100.0,exact,Gerard Gumbau,Rayo Vallecano,1994-12-18,1.2,31.8,0.7529089664613279,CM,MF,Gerard Gumbau,2.53,1.58,8.07,1.33,0.4718,60.3,0,1,0,0,0,0,0,0,1,0,0,0,0
gerard martin|2002,3594.0,3,0.020083423451259075,0.060250270353777224,0.04335260115606936,0.09537572254335261,0.38168709736050244,0.17085041500898682,0.8670520231213873,3.468208092485549,1.907514450867052,1.3224161903290592,2.3410404624277463,1.3872832369942196,1.2138728323699421,,,1,Gerard Martín,Barcelona,La Liga,24.0,2002.0,DF,2026-2027,2024-2025,100.0,exact,Gerard Martín,FC Barcelona,2002-02-26,35.0,24.6,1.754962354551677,CB,DF,Gerard Martín,6.34,2.36,16.94,-28.66,-1.5895,-79.6,0,1,0,0,0,0,1,0,0,0,0,0,0
gerard moreno|1992,6996.0,6,0.5298013245033113,0.13650493309906744,0.47973044397463,0.44937586685159503,2.6389873250811755,1.0871320332877905,2.002642706131078,6.084038054968288,0.9061839323467231,0.26354912826057575,0.9466173361522198,0.6136363636363635,2.1220527045769764,0.0,,1,Gerard Moreno,Villarreal,La Liga,34.0,1992.0,FW,2026-2027,2024-2025,100.0,exact,Gerard Moreno,Villarreal CF,1992-04-07,2.5,34.5,0.7529089664613279,ST,FW,Gerard Moreno,3.66,2.15,6.87,1.16,0.2864,33.2,0,1,0,0,0,0,0,0,0,0,0,1,0
german valera|2002,3624.0,4,0.127834718747478,0.1234767169719958,0.05774925962487661,0.0,0.9196560924992588,0.28875289644109087,0.6663376110562685,1.2438302073050347,0.8440276406712736,0.7597449761923978,1.2438302073050347,1.154985192497532,0.6081081081081081,0.0,,1,Germán Valera,Elche,La Liga,24.0,2002.0,"MF,DF",2026-2027,2024-2025,100.0,exact,Germán Valera,Elche CF,2002-03-16,6.0,24.5,0.7529089664613279,CM,"MF,DF",Germán Valera,3.06,1.69,14.64,-2.94,-0.544,-42.0,0,1,0,0,0,0,0,0,1,0,0,0,0
geronimo rulli|1992,9810.0,4,0.0,0.0,0.0,0.0029411764705882353,0.01590271281571562,0.0,0.0,0.02951388888888889,0.09027777777777778,0.018709073900841908,0.6684027777777779,0.03125,0.20588235294117646,2.6164639850327407,0.07352941176470588,1,Gerónimo Rulli,Marseille,Ligue 1,33.0,1992.0,GK,2025-2026,2024-2025,100.0,exact,Gerónimo Rulli,Olympique Marseille,1992-05-20,6.0,34.4,0.7529089664613279,GK,GK,Gerónimo Rulli,2.12,1.21,3.88,-3.88,-0.8077,-55.4,0,0,1,0,0,0,0,0,0,0,1,0,0
giacomo raspadori|2000,7594.0,6,0.336117641174411,0.13804831691091882,0.3173336764895123,0.19582955575702626,3.236227592687814,1.1855847944045417,1.5241281688328399,3.1941835027666965,1.2299575344228544,0.24158455459410796,0.6346673529790245,0.8523999485265731,0.40797824116047143,0.0,,1,Giacomo Raspadori,Atalanta,Serie A,26.0,2000.0,"MF,FW",2026-2027,2024-2025,100.0,exact,Giacomo Raspadori,Atalanta BC,2000-02-18,22.0,26.6,3.753593429158111,CAM,"MF,FW",Giacomo Raspadori,24.34,13.25,47.29,2.34,0.0967,10.2,0,0,0,0,1,1,0,0,0,0,0,0,0
gianluca busio|2002,4781.0,3,0.05874947545111205,0.08812421317666806,0.08107222798493202,0.057188244638602066,1.218540153955342,0.25019857029388404,2.0440028388928315,3.4222307146366764,1.7295408636785496,0.6903063365505664,1.8081563574821202,1.3708576731997597,1.1437648927720414,0.0,,1,Gianluca Busio,Venezia,Serie A,24.0,2002.0,MF,2026-2027,2024-2025,100.0,exact,Gianluca Busio,Venezia FC,2002-05-28,5.5,24.3,1.754962354551677,CM,MF,Gianluca Busio,7.65,2.81,17.39,2.15,0.2859,33.1,0,0,0,0,1,0,0,0,1,0,0,0,0
gianluca gaetano|2000,4191.0,5,0.16523408161562214,0.231327714261871,0.35873631702923653,0.19623389494549062,1.9959375865571045,0.5227855592819096,1.5380351946792294,4.057087432451157,1.109879451295552,0.9162980889593589,0.7316059304420119,0.7898018567271718,0.89197224975223,0.0,,1,Gianluca Gaetano,Atalanta,Serie A,26.0,2000.0,"MF,FW",2026-2027,2024-2025,100.0,exact,Gianluca Gaetano,Cagliari Calcio,2000-05-05,6.5,26.4,4.7529089664613275,CAM,"MF,FW",Gianluca Gaetano,11.53,5.94,24.8,5.03,0.5129,67.0,0,0,0,0,1,1,0,0,0,0,0,0,0
gianluca mancini|1996,15197.0,6,0.08291873963515754,0.05712179841533076,0.05759518483499758,0.025771555838370982,0.6195532296780054,0.19480519480519481,1.1124691557318451,3.940340843576321,1.1612434564029244,1.2566795651372766,2.5995664506607015,0.9277494638286098,1.7181037225580655,0.0,,1,Gianluca Mancini,Roma,Serie A,30.0,1996.0,DF,2026-2027,2024-2025,100.0,exact,Gianluca Mancini,Associazione Sportiva Roma,1996-04-17,15.0,30.4,0.7529089664613279,CB,DF,Gianluca Mancini,12.7,3.98,18.53,-2.3,-0.155,-14.4,0,0,0,0,1,0,1,0,0,0,0,0,0
gianluca scamacca|1999,6103.0,6,0.6263616557734205,0.12890341321713872,0.3844272319608642,0.0,3.7027367662945627,1.5526233673605847,1.2433754586220955,2.144313086017122,0.9090909090909091,0.2124183006535948,0.6114961271911944,0.44843049327354256,0.0,0.0,,1,Gianluca Scamacca,Atalanta,Serie A,27.0,1999.0,FW,2026-2027,2024-2025,100.0,exact,Gianluca Scamacca,Atalanta BC,1999-01-01,25.0,27.7,1.754962354551677,ST,FW,Gianluca Scamacca,12.5,8.71,21.43,-12.5,-0.6552,-48.1,0,0,0,0,1,0,0,0,0,0,0,1,0
gianluigi donnarumma|1999,12709.0,6,0.0,0.0,0.0,0.0,0.0,0.0,0.0,0.0,0.02424823002888832,0.018305705278145023,0.4593692466583843,0.0,0.1721664275466284,2.5774011394524905,-0.14203730272596843,1,Gianluigi Donnarumma,Manchester City,Premier League,27.0,1999.0,GK,2026-2027,2024-2025,100.0,exact,Gianluigi Donnarumma,Manchester City,1999-02-25,45.0,27.6,3.753593429158111,GK,GK,Gianluigi Donnarumma,29.36,16.12,40.91,-15.64,-0.4154,-34.0,0,0,0,1,0,0,0,0,0,0,1,0,0
gideon mensah|1998,8410.0,5,0.0,0.05123625606965452,0.006848683300281328,0.10263157894736843,0.10636116973168527,0.01690775878264137,2.150071484573168,3.9701609555873274,2.818336945994558,1.3693140592733162,2.7519254715675876,1.1165429138034406,0.6315789473684211,0.0,,1,Gideon Mensah,Köln,Bundesliga,28.0,1998.0,DF,2026-2027,2024-2025,100.0,exact,Gideon Mensah,AJ Auxerre,1998-07-18,4.0,28.2,1.754962354551677,CB,DF,Gideon Mensah,5.13,2.46,21.46,1.13,0.2041,22.6,1,0,0,0,0,0,1,0,0,0,0,0,0
gift orban|2002,3374.0,3,0.3702520270000399,0.061109557854375524,0.40172910662824207,0.020618556701030927,3.0770459719614967,1.113997555012225,1.0893371757925072,0.9855907780979827,0.4322766570605187,0.10784039621360388,0.3285302593659942,0.6282420749279538,1.134020618556701,0.0,,1,Gift Orban,Hellas Verona,Serie A,23.0,2002.0,"FW,DF",2025-2026,2024-2025,100.0,exact,Gift Orban,Hellas Verona,2002-07-17,7.0,24.2,2.754277891854894,ST,"FW,DF",Gift Orban,11.89,5.04,28.57,4.89,0.4768,61.1,0,0,0,0,1,0,0,0,0,0,0,1,0
gio reyna|2002,2754.0,6,0.3263651877133106,0.06719283276450513,0.2552320291173794,0.051428571428571435,1.7037406936626114,0.40328603435399557,2.081437670609645,4.906733393994541,2.1769790718835305,0.5151450511945392,1.3171064604185625,1.1123748862602365,1.8,0.0,,1,Gio Reyna,Strasbourg,Ligue 1,23.0,2002.0,MF,2026-2027,2024-2025,80.0,surname,Giovanni Reyna,Borussia Dortmund,2002-11-13,4.0,23.9,1.754962354551677,CAM,MF,Gio Reyna,11.32,5.23,28.13,7.32,0.9015,146.3,0,0,1,0,0,1,0,0,0,0,0,0,0
giorgi mamardashvili|2000,12251.0,5,0.0,0.0,0.0,0.0029411764705882353,0.0,0.0,0.01304696908871939,0.010036130068245684,0.062224006423123236,0.04568309150984054,0.47470895222802084,0.009032517061421115,0.11764705882352941,2.8271800028731504,0.03235294117647059,1,Giorgi Mamardashvili,Liverpool,Premier League,24.0,2000.0,GK,2025-2026,2024-2025,100.0,exact,Giorgi Mamardashvili,Liverpool FC,2000-09-29,28.0,26.0,4.7529089664613275,GK,GK,Giorgi Mamardashvili,34.93,20.16,43.78,6.93,0.2143,23.9,0,0,0,1,0,0,0,0,0,0,1,0,0
giorgio scalvini|2003,8172.0,6,0.08164396678804067,0.06123297509103051,0.060177125123003564,0.0,0.8697011468118064,0.26785714285714285,1.051396563469836,4.995836802664446,2.032397244720309,1.8063727651854002,2.377564151086216,1.3625009461812125,2.6470588235294117,0.0,,1,Giorgio Scalvini,Atalanta,Serie A,22.0,2003.0,DF,2026-2027,2024-2025,100.0,exact,Giorgio Scalvini,Atalanta BC,2003-12-11,38.0,22.8,1.754962354551677,CB,DF,Giorgio Scalvini,24.98,10.38,37.75,-13.02,-0.4064,-33.4,0,0,0,0,1,0,1,0,0,0,0,0,0
giovane|2003,1871.0,1,0.14430785676109031,0.24051309460181722,,,2.6937466595403525,1.2987707108498128,,,,0.28861571352218063,,,,,,0,Giovane,Napoli,Serie A,21.0,2003.0,"FW,MF",2025-2026,,100.0,exact,Giovane,SSC Napoli,2003-11-24,12.0,22.8,3.753593429158111,WINGER,"FW,MF",Giovane,19.89,8.47,38.02,7.89,0.4742,60.7,0,0,0,0,1,0,0,0,0,0,0,0,1
giovani lo celso|1996,5714.0,5,0.2735661299077257,0.20354622760991495,0.2370445408211719,0.3026767330130405,2.0094083589650804,0.8340762986251231,2.3476526639019912,8.447560859792965,2.450220013295767,0.4136059345033472,0.25072018740700874,0.8775206559245307,0.3088538091969801,0.0,,1,Giovani Lo Celso,Betis,La Liga,29.0,1996.0,"MF,FW",2025-2026,2024-2025,100.0,exact,Giovani Lo Celso,Real Betis Balompié,1996-04-09,8.0,30.5,1.754962354551677,CAM,"MF,FW",Giovani Lo Celso,7.72,4.04,17.82,-0.28,-0.032,-3.2,0,1,0,0,0,1,0,0,0,0,0,0,0
giovanni di lorenzo|1993,15416.0,6,0.06269746887996004,0.0918296261373152,0.07625583833762273,0.10540540540540538,0.8275799896327125,0.2535922519577469,1.9083023543990085,6.97740920789248,1.7119435706796302,0.6827057722484537,1.8129825564769801,0.8006863025450386,1.2162162162162162,0.0,,1,Giovanni Di Lorenzo,Napoli,Serie A,33.0,1993.0,"DF,MF",2026-2027,2024-2025,100.0,exact,Giovanni Di Lorenzo,SSC Napoli,1993-08-04,7.5,33.1,1.754962354551677,FULLBACK,"DF,MF",Giovanni Di Lorenzo,6.01,3.16,9.51,-1.49,-0.1932,-17.6,0,0,0,0,1,0,0,0,0,1,0,0,0
giovanni fabbian|2003,3253.0,3,0.24840362079854048,0.06525857834537928,0.26709626512361917,0.11436950146627566,1.8567118096975652,0.4521660649819494,1.1086270384008416,1.4755391899000527,1.1165176223040507,0.40207704722475623,0.5957390846922672,0.536559705418201,1.6715542521994133,0.0,,1,Giovanni Fabbian,Bologna,Serie A,22.0,2003.0,MF,2025-2026,2024-2025,100.0,exact,Giovanni Fabbian,Bologna Football Club 1909,2003-01-14,10.0,23.7,3.753593429158111,CAM,MF,Giovanni Fabbian,10.37,6.31,26.23,0.37,0.0327,3.3,0,0,0,0,1,1,0,0,0,0,0,0,0
giovanni simeone|1995,6850.0,6,0.36565584786739375,0.038929139696908845,0.4143521993694641,0.1718377088305489,3.137166842277996,1.0690315289341972,1.6979432517639996,1.4997748085872995,1.1169494069959467,0.20020700415553117,0.9322924485812942,1.3511484762047743,1.7183770883054894,0.0,,1,Giovanni Simeone,Torino,Serie A,31.0,1995.0,FW,2026-2027,2024-2025,100.0,exact,Giovanni Simeone,Torino FC,1995-07-05,7.0,31.2,1.754962354551677,ST,FW,Giovanni Simeone,4.57,2.58,7.1,-2.43,-0.3625,-30.4,0,0,0,0,1,0,0,0,0,0,0,1,0
giuliano simeone|2002,5130.0,4,0.16958532632327944,0.2822469067478357,0.14712778429073858,0.2429906542056075,1.388139958729346,0.48764019037894646,3.288393903868699,2.5000000000000004,1.2133645955451349,0.8147211131754755,0.9173505275498244,1.101992966002345,0.5140186915887851,0.0,,1,Giuliano Simeone,Atlético Madrid,La Liga,23.0,2002.0,MF,2026-2027,2024-2025,100.0,exact,Giuliano Simeone,Atlético de Madrid,2002-12-18,40.0,23.8,3.753593429158111,CAM,MF,Giuliano Simeone,17.97,9.9,34.74,-22.03,-0.7705,-53.7,0,1,0,0,0,1,0,0,0,0,0,0,0
giuseppe pezzella|1997,8538.0,5,0.0,0.059780498273007826,0.018863724890100717,0.1438498957609451,0.33293139038198205,0.043142123182438326,2.6826553892382172,3.0933170107395247,1.8379611596460967,0.4212225878313475,3.2251961493517336,1.0850815202270323,1.1257817929117442,0.0,,1,Giuseppe Pezzella,Cremonese,Serie A,27.0,1997.0,"DF,FW",2025-2026,2024-2025,100.0,exact,Giuseppe Pezzella,US Cremonese,1997-11-29,2.0,28.8,1.754962354551677,CB,"DF,FW",Giuseppe Pezzella,4.99,2.29,16.59,2.99,0.6916,99.7,0,0,0,0,1,0,1,0,0,0,0,0,0
gleison bremer|1997,11918.0,6,0.14350228771763027,0.051696476320636994,0.07714239017923621,0.0,0.788701154674147,0.31347462836068934,0.2696714910926689,2.8617865509288687,1.5689977663573464,1.3619347554816092,3.9306662792598104,1.5166978408121015,1.8333333333333333,0.0,,1,Gleison Bremer,Juventus,Serie A,29.0,1997.0,DF,2026-2027,2024-2025,90.0,fuzzy,Bremer,Juventus FC,1997-03-18,35.0,29.5,2.754277891854894,CB,DF,Gleison Bremer,12.45,5.01,22.23,-22.55,-0.9843,-62.6,0,0,0,0,1,0,1,0,0,0,0,0,0
goduine koyalipou|2000,1800.0,2,0.34257206208425717,0.0565410199556541,0.48813559322033895,0.08135593220338982,3.6252771618625275,1.3403547671840355,1.525423728813559,2.0338983050847457,0.30508474576271183,0.15631929046563192,0.8135593220338982,0.4067796610169491,1.6271186440677965,,,1,Goduine Koyalipou,Levante,Ligue 1,25.0,2000.0,FW,2025-2026,2024-2025,100.0,exact,Goduine Koyalipou,Levante UD,2000-02-15,2.5,26.6,1.754962354551677,ST,FW,Goduine Koyalipou,4.82,2.35,11.05,2.32,0.5086,66.3,0,0,1,0,0,0,0,0,0,0,0,1,0
goncalo guedes|1996,7350.0,6,0.2919269581931764,0.20948462277751081,0.24136106610231142,0.11758793969849247,2.345832244577998,0.8400491736101626,3.4552428821798222,3.8391587579775805,1.0237756687940214,0.2621936568957232,0.27082437750074406,0.7827122118977546,0.45226130653266333,0.0,,1,Gonçalo Guedes,Real Sociedad,La Liga,29.0,1996.0,MF,2026-2027,2024-2025,100.0,exact,Gonçalo Guedes,Real Sociedad,1996-11-29,6.0,29.8,1.754962354551677,CAM,MF,Gonçalo Guedes,7.38,3.89,20.64,1.38,0.1797,19.7,0,1,0,0,0,1,0,0,0,0,0,0,0
goncalo ramos|2001,4247.0,4,0.5454545454545455,0.1320901320901321,0.9290998535431296,0.1857410881801126,3.9424900581217495,1.9904037061548643,0.8179052912238537,1.9366104622779676,1.2437568064891658,0.23310023310023312,0.7063727515115099,0.584700890007135,1.6885553470919323,0.0,,1,Gonçalo Ramos,Milan,Serie A,25.0,2001.0,FW,2026-2027,2024-2025,100.0,exact,Gonçalo Ramos,Paris Saint-Germain,2001-06-20,30.0,25.3,4.7529089664613275,ST,FW,Gonçalo Ramos,18.71,11.52,33.6,-11.29,-0.4526,-36.4,0,0,0,0,1,0,0,0,0,0,0,1,0
gonzalo villar|1998,4542.0,5,0.05065592934147291,0.09546694375892974,0.07331326367982999,,0.7501293326435593,0.12534818941504178,1.4622808570922614,3.8210554276607045,2.326899238533735,0.46759319392128845,1.2192314503276076,1.5778289357180804,,0.0,,0,Gonzalo Villar,Elche,La Liga,28.0,1998.0,MF,2026-2027,,100.0,exact,Gonzalo Villar,GNK Dinamo Zagreb,1998-03-23,1.8,28.5,2.754277891854894,CM,MF,Gonzalo Villar,4.03,2.48,8.32,2.23,0.5861,79.7,0,1,0,0,0,0,0,0,1,0,0,0,0
gorka guruzeta|1996,8019.0,5,0.3962664583091364,0.12068546811813027,0.3919337753540743,0.07336956521739131,2.9789685021228975,1.1107643818944937,0.6020244026835105,1.9120012554435248,1.1193063674526267,0.4722888004307933,0.9639452312762368,1.4176703676095572,1.7608695652173914,0.0,,1,Gorka Guruzeta,Athletic Club,La Liga,30.0,1996.0,FW,2026-2027,2024-2025,100.0,exact,Gorka Guruzeta,Athletic Bilbao,1996-09-12,5.0,30.0,1.754962354551677,ST,FW,Gorka Guruzeta,10.18,5.2,17.86,5.18,0.6228,86.4,0,1,0,0,0,0,0,0,0,0,0,1,0
granit xhaka|1992,14383.0,6,0.06833664490491058,0.1481691739994323,0.0590900281034984,0.13711911357340723,0.8793966040024255,0.12840574374079528,1.4979649190813065,9.923199922473108,1.2199583292954743,0.6622906613681521,1.4619875956972574,0.908154859967051,1.2777008310249307,0.0,,1,Granit Xhaka,Sunderland,Premier League,34.0,1992.0,MF,2026-2027,2024-2025,100.0,exact,Granit Xhaka,Sunderland AFC,1992-09-27,8.0,34.0,1.754962354551677,CM,MF,Granit Xhaka,10.4,4.81,18.12,2.4,0.2364,26.7,0,0,0,1,0,0,0,0,1,0,0,0,0
gregoire coudert|1999,2553.0,3,0.0,0.0,0.0,0.0,0.0,0.0,0.0,0.0,0.0,0.0,0.2947845804988662,0.0,0.0,3.154027114204641,-0.6,1,Grégoire Coudert,Brest,Ligue 1,26.0,1999.0,GK,2025-2026,2024-2025,100.0,exact,Grégoire Coudert,Stade Brestois 29,1999-04-03,4.0,27.5,0.7529089664613279,GK,GK,Grégoire Coudert,3.08,1.48,9.32,-0.92,-0.2034,-18.4,0,0,1,0,0,0,0,0,0,0,1,0,0
gregor kobel|1997,13660.0,6,0.0,0.0,0.0,0.0,0.0,0.0,0.0,0.017761989342806393,0.0,0.009983361064891847,0.5600947306098283,0.005920663114268798,0.15625,2.744463971880492,0.04375,1,Gregor Kobel,Dortmund,Bundesliga,28.0,1997.0,GK,2026-2027,2024-2025,100.0,exact,Gregor Kobel,Borussia Dortmund,1997-12-06,40.0,28.8,1.754962354551677,GK,GK,Gregor Kobel,14.45,3.76,22.83,-25.55,-0.9761,-62.3,1,0,0,0,0,0,0,0,0,0,1,0,0
grigoris kastanos|1998,5030.0,5,0.13553431798436144,0.12250217202432667,0.1358711739979871,0.17545871559633028,2.0304083405734143,0.4841112214498511,1.5904919779764373,4.137410455272039,2.0274110473032976,0.7767158992180712,0.6420579006571547,1.278787519981055,1.548165137614679,0.0,,1,Grigoris Kastanos,Hellas Verona,Serie A,27.0,1998.0,"MF,FW",2025-2026,2024-2025,100.0,exact,Grigoris Kastanos,Hellas Verona,1998-01-30,1.3,28.7,0.7529089664613279,CAM,"MF,FW",Grigoris Kastanos,2.87,1.67,8.57,1.57,0.5205,68.3,0,0,0,0,1,1,0,0,0,0,0,0,0
grischa promel|1995,8300.0,6,0.24995394839386165,0.10967367123404136,0.15871174948701935,0.0,1.6423409380756695,0.6662933930571108,1.3114461593362479,3.5168168436078155,1.3248282630029442,0.7715415243790118,1.4318850923365154,0.9554822018021235,0.5172413793103449,0.0,,1,Grischa Prömel,Stuttgart,Bundesliga,31.0,1995.0,MF,2026-2027,2024-2025,100.0,exact,Grischa Prömel,TSG 1899 Hoffenheim,1995-01-09,3.5,31.7,2.754277891854894,CAM,MF,Grischa Prömel,3.53,2.48,8.82,0.03,0.0064,0.6,1,0,0,0,0,1,0,0,0,0,0,0,0
guela doue|2002,6012.0,3,0.051924776588431705,0.16129824216831976,0.02888405453723049,0.02318733897681266,0.6330403613866248,0.20850507404985932,2.0005600189544874,5.284425011308074,2.126564283714218,1.1445546499067072,5.014969737437267,1.1669933443901177,1.9212366580787632,0.0,,1,Guela Doué,Strasbourg,Ligue 1,22.0,2002.0,"DF,MF",2025-2026,2024-2025,100.0,exact,Guéla Doué,RC Strasbourg Alsace,2002-10-17,20.0,23.9,2.754277891854894,FULLBACK,"DF,MF",Guela Doué,26.13,7.82,34.41,6.13,0.2561,29.2,0,0,1,0,0,0,0,0,0,1,0,0,0
guglielmo vicario|1996,15022.0,6,0.0,0.0,0.0,0.0,0.0,0.0,0.0,0.045217609746906993,0.007913081705708723,0.015879433927586842,0.6533944608428061,0.0022608804873453497,0.375,2.8605612184658984,0.09999999999999999,1,Guglielmo Vicario,Juventus,Serie A,29.0,1996.0,GK,2026-2027,2024-2025,100.0,exact,Guglielmo Vicario,Tottenham Hotspur,1996-10-07,18.0,30.0,1.754962354551677,GK,GK,Guglielmo Vicario,12.03,3.87,21.47,-5.97,-0.3769,-31.4,0,0,0,0,1,0,0,0,0,0,1,0,0
guido rodriguez|1994,10199.0,6,0.10137835808241079,0.01853152782151595,0.02984166846514548,0.015665796344647518,0.8140845808971973,0.2191304347826087,0.361984735819812,3.3108359983519393,3.026545547293453,1.0966304110850027,2.3714414644195494,1.663364005572014,0.8616187989556136,0.0,,1,Guido Rodríguez,Valencia,La Liga,32.0,1994.0,MF,2026-2027,2024-2025,100.0,exact,Guido Rodríguez,West Ham United,1994-04-12,4.0,32.5,1.754962354551677,CDM,MF,Guido Rodríguez,2.65,1.49,5.51,-1.35,-0.3143,-27.0,0,1,0,0,0,0,0,1,0,0,0,0,0
guillaume restes|2005,8972.0,4,0.0,0.009840863977391248,0.0,0.0035391270153362167,0.0,0.0,0.0,0.0,0.03861449858908563,0.022709686101672105,0.562880575587056,0.0,0.0,2.4376405095814153,-0.18049547778214706,1,Guillaume Restes,Toulouse,Ligue 1,21.0,2005.0,GK,2026-2027,2024-2025,100.0,exact,Guillaume Restes,FC Toulouse,2005-03-11,18.0,21.5,1.754962354551677,GK,GK,Guillaume Restes,21.29,6.5,35.83,3.29,0.1598,17.3,0,0,1,0,0,0,0,0,0,0,1,0,0
guillermo maripan|1994,10241.0,5,0.06571572549543897,0.012032456780855025,0.036283156716909105,0.038461538461538464,0.6062507070353877,0.2704642296479032,0.3998551964720596,3.3750740472586065,1.5105640755611138,1.390211544988019,4.909333245573619,1.2173369314816036,2.769230769230769,0.0,,1,Guillermo Maripán,Torino,Serie A,31.0,1994.0,DF,2025-2026,2024-2025,100.0,exact,Guillermo Maripán,Torino FC,1994-05-06,2.0,32.4,,CB,DF,Guillermo Maripán,3.28,1.44,5.47,1.28,0.3547,42.6,0,0,0,0,1,0,1,0,0,0,0,0,0
gustav isaksen|2001,5039.0,4,0.21479401021581265,0.06810541787330644,0.1922075216168351,0.08552036199095023,2.3710615941475637,1.0239916862267295,3.6542869048859252,1.8447234086884046,0.5719345765183872,0.3732700787286989,0.7242941973122199,0.9024377539327012,0.5294117647058824,0.0,,1,Gustav Isaksen,Lazio,Serie A,25.0,2001.0,FW,2026-2027,2024-2025,100.0,exact,Gustav Isaksen,Società Sportiva Lazio S.p.A.,2001-04-19,15.0,25.4,1.754962354551677,WINGER,FW,Gustav Isaksen,6.37,2.84,17.64,-8.63,-0.7752,-53.9,0,0,0,0,1,0,0,0,0,0,0,0,1
gvidas gineitis|2004,4130.0,5,0.059126743480897505,0.07580351728320193,0.07651791639017916,0.12587412587412586,1.5376917945296864,0.3511415713636926,1.0861811546118116,2.6986562707365627,1.6386031851360319,1.0021224984839296,1.8737558062375579,1.1123092236230923,0.8811188811188811,0.0,,1,Gvidas Gineitis,Torino,Serie A,22.0,2004.0,MF,2026-2027,2024-2025,100.0,exact,Gvidas Gineitis,Torino FC,2004-04-15,5.5,22.5,2.754277891854894,CM,MF,Gvidas Gineitis,10.08,5.51,21.39,4.58,0.5335,70.5,0,0,0,0,1,0,0,0,1,0,0,0,0
habib diallo|1995,6443.0,4,0.3619996169316223,0.0413713847921854,0.5463752360244893,,2.152213098337673,0.5657412257726558,1.2256108027693542,1.3337529324254735,0.5561595239457574,0.21030453936027582,0.7827430337014362,0.6231046518281171,,0.0,,0,Habib Diallo,Le Mans,Ligue 1,31.0,1995.0,FW,2026-2027,,100.0,exact,Habib Diallo,FC Metz,1995-06-18,4.0,31.3,1.754962354551677,ST,FW,Habib Diallo,3.44,1.9,5.72,-0.56,-0.1187,-11.2,0,0,1,0,0,0,0,0,0,0,0,1,0
habib diarra|2004,7797.0,5,0.13787490724561363,0.12710343011705005,0.12443647455127452,0.17219387755102042,1.3184288005361804,0.4395806173224877,2.5098459836766156,4.134307596909618,1.0256582144832325,0.4793307322210786,1.2036400811141463,0.8718094823107476,0.45918367346938777,0.0,,1,Habib Diarra,Sunderland,Premier League,21.0,2004.0,"MF,FW",2025-2026,2024-2025,100.0,exact,Habib Diarra,Sunderland AFC,2004-01-03,35.0,22.7,3.753593429158111,CAM,"MF,FW",Habib Diarra,36.72,22.85,48.44,1.72,0.0466,4.8,0,0,0,1,0,1,0,0,0,0,0,0,0
haissem hassan|2002,1994.0,2,0.0,0.13794554306665863,0.0,,1.5633828214221313,0.3707518022657054,5.1923076923076925,0.0,0.0,0.2894151589829897,0.0,0.0,,0.0,,0,Haissem Hassan,Oviedo,La Liga,23.0,2002.0,"MF,FW",2025-2026,,100.0,exact,Haissem Hassan,Real Oviedo,2002-02-08,3.5,24.6,0.7529089664613279,CM,"MF,FW",Haissem Hassan,3.98,1.79,11.2,0.48,0.1009,10.6,0,1,0,0,0,0,0,0,1,0,0,0,0
hakan calhanoglu|1994,11053.0,6,0.3835888130479275,0.21553133802445434,0.24586487244182784,0.2682277807344332,2.1994373784878736,0.76592082616179,2.0479394449116906,7.2203532380151385,2.0675637790860666,0.9447298737195244,0.83964115503224,0.9671993271656854,0.7663650878126663,0.0,,1,Hakan Çalhanoğlu,Inter,Serie A,32.0,1994.0,MF,2026-2027,2024-2025,100.0,exact,Hakan Çalhanoğlu,Inter Milan,1994-02-08,16.0,32.6,0.7529089664613279,CAM,MF,Hakan Çalhanoğlu,5.73,2.34,8.68,-10.27,-0.9263,-60.4,0,0,0,0,1,1,0,0,0,0,0,0,0
hakon haraldsson|2003,5866.0,4,0.2575091882055764,0.07865343405442292,,,1.8292682926829271,0.6219512195121951,,,,0.48331977217249794,,,,,,0,Hákon Haraldsson,Lille,Ligue 1,23.0,2003.0,MF,2026-2027,,95.0,fuzzy,Hákon Arnar Haraldsson,LOSC Lille,2003-04-10,25.0,23.5,3.753593429158111,CAM,MF,Hákon Haraldsson,25.31,12.24,36.2,0.31,0.0119,1.2,0,0,1,0,0,1,0,0,0,0,0,0,0
hamari traore|1992,9801.0,6,0.01365178300559861,0.10921426404478887,0.03177702085237185,0.025714285714285717,0.604892315873438,0.0,1.8729749937692117,4.949738306887098,1.886059649414306,1.1455087012879561,2.4038381656558943,1.0168646672758992,1.1571428571428573,0.0,,1,Hamari Traoré,Paris FC,Ligue 1,34.0,1992.0,DF,2026-2027,2024-2025,100.0,exact,Hamari Traoré,Paris FC,1992-01-27,1.5,34.7,0.7529089664613279,CB,DF,Hamari Traoré,2.09,1.01,4.05,0.59,0.2124,23.7,0,0,1,0,0,0,1,0,0,0,0,0,0
hamed junior traore|2000,5951.0,5,0.3170895847353628,0.14073077075333518,0.30256862251322086,0.1161012900143335,2.483274613039864,1.0723021488124984,3.0120876353563335,4.494333920926718,1.7723495341223874,0.4471319425200903,0.38302694535381515,0.7819189121128179,0.5160057333970377,0.0,,1,Hamed Junior Traorè,Marseille,Ligue 1,25.0,2000.0,MF,2025-2026,2024-2025,80.0,surname,Hamed Traoré,Olympique Marseille,2000-02-16,15.0,26.6,3.753593429158111,CAM,MF,Hamed Junior Traorè,22.56,9.24,31.88,7.56,0.3869,47.2,0,0,1,0,0,1,0,0,0,0,0,0,0
han noah massengo|2001,4904.0,4,0.04585162653400663,0.04989735828700722,0.057253102513296496,0.034416826003824105,0.7192613796184458,0.231328727418561,1.2858483679215769,2.834497862133695,1.6706643028470123,1.3526229827531957,0.774324747106059,1.013661487120659,0.6022944550669216,0.0,,1,Han-Noah Massengo,Augsburg,Bundesliga,25.0,2001.0,MF,2026-2027,2024-2025,100.0,exact,Han-Noah Massengo,FC Augsburg,2001-07-07,8.0,25.2,3.753593429158111,CDM,MF,Han-Noah Massengo,10.71,3.79,23.82,2.71,0.2632,30.1,1,0,0,0,0,0,0,1,0,0,0,0,0
hannes behrens|2005,1678.0,2,0.051678713774234955,0.16415591434168753,,,0.6145675265553869,0.27314112291350534,,,,1.4774032290751873,,,,,,0,Hannes Behrens,Augsburg,Bundesliga,21.0,2005.0,"DF,MF",2026-2027,,92.85714285714286,fuzzy,Hennes Behrens,1. Fußballclub Heidenheim 1846,2005-01-19,5.0,21.7,,FULLBACK,"DF,MF",Hannes Behrens,7.47,3.97,15.32,2.47,0.3452,41.2,1,0,0,0,0,0,0,0,0,1,0,0,0
hannibal mejbri|2003,1534.0,3,0.101027545117002,0.26422588722908213,0.007933010136624064,,1.3327864605819877,0.3661513425549227,1.0709563684442485,3.926840017628911,2.300572939620978,0.46239530265089374,0.0,0.7139709122961657,,0.0,,0,Hannibal Mejbri,Burnley,Premier League,22.0,2003.0,MF,2025-2026,,90.0,fuzzy,Hannibal,Burnley FC,2003-01-21,15.0,23.7,1.754962354551677,CAM,MF,Hannibal Mejbri,11.88,6.87,19.64,-3.12,-0.217,-19.5,0,0,0,1,0,1,0,0,0,0,0,0,0
hans hateboer|1994,6342.0,5,0.008238740388136214,0.023068473086781397,0.03715259444151106,0.08016627078384797,0.685463200292933,0.04390747862021466,1.4882638122209955,4.309268948303172,1.4256228099649593,1.0825704870010986,2.5618009888158206,1.237699803196851,2.244655581947743,0.0,,1,Hans Hateboer,Rennes,Ligue 1,31.0,1994.0,"DF,MF",2025-2026,2024-2025,100.0,exact,Hans Hateboer,Stade Rennais FC,1994-01-09,1.8,32.7,,FULLBACK,"DF,MF",Hans Hateboer,1.14,0.85,2.59,-0.66,-0.2673,-23.5,0,0,1,0,0,0,0,0,0,1,0,0,0
hans nicolussi caviglia|2000,5169.0,4,0.07627912509479133,0.13783771727655272,0.07215234512754203,0.06606081789584062,1.4466269162713934,0.45210059601686287,0.5924532737745386,4.318561184906548,1.5467262254613847,0.670453362675271,1.6250146937815917,1.2631950158692842,0.8493533729465222,0.0,,1,Hans Nicolussi Caviglia,Fiorentina,Serie A,25.0,2000.0,MF,2025-2026,2024-2025,100.0,exact,Hans Nicolussi Caviglia,ACF Fiorentina,2000-06-18,6.0,26.3,3.753593429158111,CM,MF,Hans Nicolussi Caviglia,10.37,4.84,21.46,4.37,0.485,62.4,0,0,0,0,1,0,0,0,1,0,0,0,0
haris belkebla|1994,9633.0,4,0.009992117329662155,0.012989752528560803,0.01747742499271774,0.045200892857142856,0.17686047673502014,0.0,0.5002912904165453,3.7969705796679287,2.6653073113894554,1.3199586992483707,1.6669094086804546,1.31517623070201,0.4017857142857143,0.0,,1,Haris Belkebla,Angers,Ligue 1,31.0,1994.0,MF,2025-2026,2024-2025,100.0,exact,Haris Belkebla,Angers SCO,1994-01-28,1.8,32.7,1.754962354551677,CDM,MF,Haris Belkebla,1.88,1.26,3.79,0.08,0.0281,2.9,0,0,1,0,0,0,0,1,0,0,0,0,0
haris tabakovic|1994,3203.0,2,0.4573260109054664,0.11257255653057635,0.3617539585870889,0.1315468940316687,2.6894287333633002,1.0360193093204604,0.438489646772229,0.7673568818514007,0.32886723507917176,0.022866300545273322,1.753958587088916,0.438489646772229,4.933008526187576,,,1,Haris Tabakovic,Gladbach,Bundesliga,31.0,1994.0,FW,2025-2026,2024-2025,100.0,exact,Haris Tabakovic,Borussia Mönchengladbach,1994-06-20,3.5,32.3,2.754277891854894,ST,FW,Haris Tabakovic,3.93,2.25,5.93,0.43,0.0917,9.6,1,0,0,0,0,0,0,0,0,0,0,1,0
harrison reed|1995,4393.0,4,0.09843798065420242,0.11689510202686537,0.048157923279945045,0.08333333333333336,0.7813514714427318,1.2891405729513656,0.8232401749882499,3.4686720416500956,1.818937777938465,0.636770687356872,1.4154524747821686,1.4772768357496657,0.8333333333333334,0.0,,1,Harrison Reed,Fulham,Premier League,30.0,1995.0,MF,2025-2026,2024-2025,100.0,exact,Harrison Reed,Fulham FC,1995-01-27,2.0,31.7,0.7529089664613279,CM,MF,Harrison Reed,3.28,1.71,6.54,1.28,0.3544,42.5,0,0,0,1,0,0,0,0,1,0,0,0,0
harry kane|1993,14528.0,6,1.0818643987266594,0.2330498408324227,0.769004787918943,0.20033599328013438,4.137389744356406,2.174266416299991,1.321990674183991,3.7859562711737276,0.4399134924305877,0.17959804247636244,0.5647994199492457,0.5659245183953596,1.0961780764384712,0.0,,1,Harry Kane,Bayern Munich,Bundesliga,33.0,1993.0,"FW,MF",2026-2027,2024-2025,100.0,exact,Harry Kane,Bayern Munich,1993-07-28,60.0,33.2,0.7529089664613279,ST,"FW,MF",Harry Kane,9.14,6.15,15.0,-50.86,-1.7943,-83.4,1,0,0,0,0,0,0,0,0,0,0,1,0
harry maguire|1993,8796.0,6,0.05376536793433456,0.05591598265170795,0.09020087561164047,0.03071672354948805,0.8120808064580908,0.25787459523108625,0.6856811743497295,3.2449137265001284,1.3790883337625546,1.2882182157066562,4.1874839041977845,1.2631985578161216,3.2764505119453924,0.0,,1,Harry Maguire,Manchester Utd,Premier League,33.0,1993.0,DF,2026-2027,2024-2025,100.0,exact,Harry Maguire,Manchester United,1993-03-05,8.0,33.6,0.7529089664613279,CB,DF,Harry Maguire,3.56,2.01,4.5,-4.44,-0.6788,-49.3,0,0,0,1,0,0,1,0,0,0,0,0,0
harry wilson|1997,6702.0,5,0.3166321634137877,0.21647300968085487,0.2435059398624453,0.08519793459552497,2.606446971858063,0.9602457594926257,1.9055874495537997,3.5502756778264084,1.4170408685272553,0.563260617229289,0.7878133348490877,1.337747967941795,0.387263339070568,0.0,,1,Harry Wilson,Leeds United,Premier League,29.0,1997.0,MF,2026-2027,2024-2025,100.0,exact,Harry Wilson,Fulham FC,1997-03-22,25.0,29.5,3.753593429158111,CAM,MF,Harry Wilson,18.96,13.17,30.87,-6.04,-0.2644,-23.2,0,0,0,1,0,1,0,0,0,0,0,0,0
harry winks|1996,4582.0,4,0.0,0.06508600650860065,0.017172182380419763,0.07022106631989597,0.6099085466149089,0.2340702210663199,1.0717810382261992,6.05171392854793,1.412263964734522,1.090190609019061,1.1842884400289493,1.0214487795249687,0.4681404421326398,0.0,,1,Harry Winks,Cagliari,Serie A,30.0,1996.0,MF,2026-2027,2024-2025,100.0,exact,Harry Winks,Leicester City,1996-02-02,7.0,30.7,0.0,CM,MF,Harry Winks,2.51,1.44,4.63,-4.49,-0.823,-56.1,0,0,0,0,1,0,0,0,1,0,0,0,0
harvey barnes|1997,9784.0,6,0.3771953166577967,0.1606572645023949,0.3421845574387947,0.20512820512820512,2.814854947544698,0.9874282056297454,4.384180790960452,3.574387947269303,0.8549905838041432,0.28339542309739224,0.5574387947269304,0.6045197740112994,0.3076923076923077,0.0,,1,Harvey Barnes,Newcastle Utd,Premier League,28.0,1997.0,"FW,MF",2026-2027,2024-2025,100.0,exact,Harvey Barnes,Newcastle United,1997-12-09,32.0,28.8,1.754962354551677,WINGER,"FW,MF",Harvey Barnes,28.75,18.99,44.86,-3.25,-0.1038,-9.9,0,0,0,1,0,0,0,0,0,0,0,0,1
harvey elliott|2003,3795.0,5,0.14637319744117966,0.2927463948823593,0.20902594376262237,0.26684636118598387,3.0803426217066034,0.6939501779359432,2.8522603697374556,8.759515302159393,1.5694422867795559,0.48791065813726553,0.5103308994873388,1.677800217492621,0.24258760107816715,0.0,,1,Harvey Elliott,Liverpool,Premier League,22.0,2003.0,"FW,MF",2025-2026,2024-2025,100.0,exact,Harvey Elliott,Liverpool FC,2003-04-04,20.0,23.5,0.7529089664613279,WINGER,"FW,MF",Harvey Elliott,19.47,10.87,35.06,-0.53,-0.0256,-2.5,0,0,0,1,0,0,0,0,0,0,0,0,1
hassane kamara|1994,8684.0,5,0.06356984405522631,0.11422706353673477,0.056102596680695616,0.12143928035982009,0.8373471204380007,0.19358196010407633,2.3673866433733024,2.9587866274914636,1.7724132454538235,1.2247127768764694,2.4531485746049393,1.1077582784086397,0.944527736131934,0.0,,1,Hassane Kamara,Udinese,Serie A,32.0,1994.0,"MF,DF",2026-2027,2024-2025,100.0,exact,Hassane Kamara,Udinese Calcio,1994-03-05,3.0,32.6,0.7529089664613279,CDM,"MF,DF",Hassane Kamara,1.54,1.1,3.44,-1.46,-0.4555,-36.6,0,0,0,0,1,0,0,1,0,0,0,0,0
hauke wahl|1994,5562.0,2,0.037012845634661444,0.018506422817330722,0.02727272727272728,0.015151515151515152,0.3407359024602656,0.13063357282821686,0.9090909090909092,4.303030303030303,1.0909090909090908,1.0124101894186806,5.151515151515151,1.3333333333333333,1.4242424242424243,,,1,Hauke Wahl,St Pauli,Bundesliga,31.0,1994.0,DF,2025-2026,2024-2025,100.0,exact,Hauke Wahl,FC St. Pauli,1994-04-15,1.5,32.5,2.754277891854894,CB,DF,Hauke Wahl,2.88,1.49,3.96,1.38,0.4384,55.0,1,0,0,0,0,0,1,0,0,0,0,0,0
hector bellerin|1995,6750.0,6,0.044421217663966554,0.11758557616932322,0.017601043024771838,0.3103448275862069,0.26115454204076055,0.22900763358778625,1.3787483702737937,4.0938722294654495,1.919817470664928,0.8818918212699242,2.4674054758800525,0.6975228161668839,0.9310344827586207,0.0,,1,Héctor Bellerín,Betis,La Liga,31.0,1995.0,DF,2026-2027,2024-2025,100.0,exact,Héctor Bellerín,Real Betis Balompié,1995-03-19,2.4,31.5,1.754962354551677,CB,DF,Héctor Bellerín,3.1,1.51,6.98,0.7,0.1873,20.6,0,1,0,0,0,0,1,0,0,0,0,0,0
henrik meister|2003,1578.0,2,0.15917814405057573,0.0,0.14285714285714288,0.4285714285714286,1.2395574621810794,0.5046285843305487,2.857142857142857,1.4285714285714286,2.857142857142857,0.10160307067058028,0.0,5.714285714285714,2.857142857142857,,,1,Henrik Meister,Pisa,Serie A,21.0,2003.0,FW,2025-2026,2024-2025,100.0,exact,Henrik Meister,Pisa Sporting Club,2003-11-13,3.8,22.9,1.754962354551677,WINGER,FW,Henrik Meister,5.93,2.91,16.03,2.13,0.3673,44.4,0,0,0,0,1,0,0,0,0,0,0,0,1
henrikh mkhitaryan|1989,11154.0,5,0.11532618917215225,0.15159813576661949,0.09442127290068185,0.10438144329896908,1.549463154522626,0.4184277261200338,2.7749861207988724,6.761946789278139,1.808993722330567,0.811933573768459,1.3785249612094121,1.0057082663098407,0.8891752577319587,0.0,,1,Henrikh Mkhitaryan,Inter,Serie A,36.0,1989.0,MF,2025-2026,2024-2025,100.0,exact,Henrikh Mkhitaryan,Inter Milan,1989-01-21,3.0,37.7,0.7529089664613279,CM,MF,Henrikh Mkhitaryan,2.4,1.15,4.4,-0.6,-0.1634,-15.1,0,0,0,0,1,0,0,0,1,0,0,0,0
hernani|1994,2082.0,3,0.1767727639000806,0.1767727639000806,0.18178887993553589,0.10173323285606632,1.1694198227236101,0.18981181051265414,1.8904109589041096,5.066881547139404,3.147461724415794,1.314464141821112,0.8025785656728447,1.798549556809025,1.2207987942727958,0.0,,1,Hernani,Parma,Serie A,31.0,1994.0,MF,2025-2026,2024-2025,100.0,exact,Hernani,Parma Calcio 1913,1994-03-27,1.5,32.5,1.754962354551677,CAM,MF,Hernani,1.82,1.36,3.12,0.32,0.1192,12.7,0,0,0,0,1,1,0,0,0,0,0,0,0
herve koffi|1996,3108.0,2,0.0,0.0,0.0,0.0,0.0,0.0,0.0,0.0,0.2,0.0,1.0,0.0,0.2,4.010110510228074,0.62,1,Hervé Koffi,Angers,Ligue 1,28.0,1996.0,GK,2025-2026,2024-2025,100.0,exact,Hervé Koffi,Angers SCO,1996-10-16,6.0,29.9,1.754962354551677,GK,GK,Hervé Koffi,3.23,1.75,4.85,-2.77,-0.5044,-39.6,0,0,1,0,0,0,0,0,0,0,1,0,0
hicham boudaoui|1999,9238.0,5,0.07398358203843036,0.08939682829643668,0.10945925258126521,0.1108829568788501,1.2967677851735988,0.5761500669941939,1.8753508309377604,4.528398169725629,2.685196210175373,0.9319876237341158,1.2706458691251765,1.3150419296126827,0.5913757700205339,0.0,,1,Hicham Boudaoui,Nice,Ligue 1,25.0,1999.0,MF,2025-2026,2024-2025,100.0,exact,Hicham Boudaoui,OGC Nice,1999-09-23,12.0,27.0,0.7529089664613279,CM,MF,Hicham Boudaoui,10.03,5.77,25.83,-1.97,-0.1642,-15.1,0,0,1,0,0,0,0,0,1,0,0,0,0
himad abdelli|1999,6436.0,4,0.14933086715264934,0.028152540528778153,0.17043522075958933,0.10133708655876143,1.1316810083626228,0.33512282414185784,3.1762927505196195,6.511305662278769,1.783712288215658,0.9216896964421717,0.8295017950494425,0.8729608868174089,0.4116819141449683,0.0,,1,Himad Abdelli,Marseille,Ligue 1,26.0,1999.0,MF,2026-2027,2024-2025,100.0,exact,Himad Abdelli,Olympique Marseille,1999-11-17,5.0,26.9,3.753593429158111,CM,MF,Himad Abdelli,26.76,10.14,35.94,21.76,1.5319,362.7,0,0,1,0,0,0,0,0,1,0,0,0,0
hiroki ito|1999,8307.0,5,0.05899757277253158,0.0940772106372801,0.04036467906771561,0.144,0.7526176850982408,0.304923239809423,1.074185721638115,5.1900595544445265,1.065362840967576,1.3808621086760093,3.59311815307698,1.2572604955517976,1.8,0.0,,1,Hiroki Ito,Bayern Munich,Bundesliga,26.0,1999.0,DF,2025-2026,2024-2025,100.0,exact,Hiroki Ito,Bayern Munich,1999-05-12,18.0,27.4,1.754962354551677,CB,DF,Hiroki Ito,13.09,5.39,31.01,-4.91,-0.2993,-25.9,1,0,0,0,0,0,1,0,0,0,0,0,0
hjalmar ekdal|1998,1976.0,2,0.0,0.0,0.02059496567505721,,0.35885167464114837,0.05847953216374269,1.0297482837528604,2.265446224256293,0.8237986270022883,0.7715311004784688,4.324942791762014,2.059496567505721,,0.0,,0,Hjalmar Ekdal,Burnley,Premier League,26.0,1998.0,DF,2025-2026,,100.0,exact,Hjalmar Ekdal,Burnley FC,1998-10-21,5.0,27.9,0.7529089664613279,CB,DF,Hjalmar Ekdal,2.35,1.58,8.22,-2.65,-0.5838,-44.2,0,0,0,1,0,0,1,0,0,0,0,0,0
honest ahanor|2008,1647.0,2,0.0,0.0,0.16666666666666666,0.03333333333333333,0.8692744901370778,0.2708124373119358,1.0,1.0,2.3333333333333335,1.4075560013373452,3.0,1.3333333333333333,1.6666666666666667,,,1,Honest Ahanor,Atalanta,Serie A,17.0,2008.0,"DF,MF",2025-2026,2024-2025,100.0,exact,Honest Ahanor,Atalanta BC,2008-02-23,30.0,18.6,1.754962354551677,FULLBACK,"DF,MF",Honest Ahanor,6.47,3.92,15.31,-23.53,-1.4226,-75.9,0,0,0,0,1,0,0,0,0,1,0,0,0
hugo alvarez|2003,3953.0,4,0.20861034247313762,0.19729040140870377,0.13684326225544077,0.06297709923664123,1.20601509765547,0.5268881895594224,4.240492415915585,3.5810068146845455,1.5300065948560124,0.6128939519172026,1.5102220268190811,0.9331721257419215,0.3435114503816794,0.0,,1,Hugo Álvarez,Celta Vigo,La Liga,23.0,2003.0,"FW,MF",2026-2027,2024-2025,100.0,exact,Hugo Álvarez,Celta de Vigo,2003-07-02,8.0,23.2,1.754962354551677,WINGER,"FW,MF",Hugo Álvarez,16.02,4.38,25.99,8.02,0.637,89.1,0,1,0,0,0,0,0,0,0,0,0,0,1
hugo bueno|2002,4417.0,3,0.028629703785483056,0.06567990868434348,0.02519101293592556,,0.5675417750416347,0.2282333051563821,3.11823889855511,1.8178379605113852,2.410167183599365,1.1199266480791903,2.6961192223314927,1.518269158030108,,0.0,,0,Hugo Bueno,Wolves,Premier League,22.0,2002.0,"MF,DF",2025-2026,,100.0,exact,Hugo Bueno,Wolverhampton Wanderers,2002-09-18,12.0,24.0,1.754962354551677,CDM,"MF,DF",Hugo Bueno,12.0,5.15,29.88,-0.0,-0.0003,-0.0,0,0,0,1,0,0,0,1,0,0,0,0,0
hugo duro|1999,10599.0,6,0.3872247455873053,0.06123152992583224,0.34978255893797205,0.05401662049861496,1.8621065155578858,0.6495040533324703,0.660563057907988,1.108262760357061,0.6015106431677729,0.2276778014143621,0.6330968184939345,0.6344701304646372,2.451523545706371,0.0,,1,Hugo Duro,Valencia,La Liga,26.0,1999.0,FW,2026-2027,2024-2025,100.0,exact,Hugo Duro,Valencia CF,1999-11-10,12.0,26.9,1.754962354551677,ST,FW,Hugo Duro,18.02,7.51,31.23,6.02,0.3805,46.3,0,1,0,0,0,0,0,0,0,0,0,1,0
hugo ekitike|2002,7510.0,5,0.5178129167460469,0.24690417222328065,0.624968804591964,0.2387826765509169,3.526385978281578,1.2591839924964827,2.878712253556276,1.7238582480658846,0.7543049663089593,0.267479519908554,0.7355877214873969,0.6307711504866483,1.8259851736246584,0.0,,1,Hugo Ekitike,Liverpool,Premier League,23.0,2002.0,FW,2025-2026,2024-2025,100.0,exact,Hugo Ekitiké,Liverpool FC,2002-06-20,80.0,24.3,4.7529089664613275,WINGER,FW,Hugo Ekitike,69.76,39.57,77.96,-10.24,-0.1351,-12.6,0,0,0,1,0,0,0,0,0,0,0,0,1
hugo larsson|2004,6091.0,3,0.10381938722476454,0.06388885367677817,0.09733169727346463,0.07898035938152946,0.6662694740578295,0.3372474278422949,0.8273194268244495,4.089803048894619,1.682715304785475,1.2663683496647102,1.3570284716011896,1.5947424245575361,0.488926034266611,0.0,,1,Hugo Larsson,Eint Frankfurt,Bundesliga,21.0,2004.0,MF,2025-2026,2024-2025,100.0,exact,Hugo Larsson,Eintracht Frankfurt,2004-06-27,28.0,22.3,2.754277891854894,CDM,MF,Hugo Larsson,17.22,8.63,29.4,-10.78,-0.4648,-37.2,1,0,0,0,0,0,0,1,0,0,0,0,0
hugo magnetti|1998,10772.0,6,0.04194475954309231,0.03877911731342496,0.053173652694610773,0.015497201894102456,0.8840391059905282,0.19329336583437645,1.1338922155688622,3.49940119760479,2.057964071856287,1.1546680032711636,1.0476646706586825,0.8105389221556886,0.38743004735256137,0.0,,1,Hugo Magnetti,Brest,Ligue 1,28.0,1998.0,MF,2026-2027,2024-2025,100.0,exact,Hugo Magnetti,Stade Brestois 29,1998-05-30,6.0,28.3,0.7529089664613279,CDM,MF,Hugo Magnetti,9.11,4.13,17.81,3.11,0.3677,44.4,0,0,1,0,0,0,0,1,0,0,0,0,0
hugo rincon|2003,1857.0,2,0.047977422389463786,0.047977422389463786,,,0.36000000000000004,0.10285714285714287,,,,0.29633113828786456,,,,,,0,Hugo Rincón,Athletic Club,La Liga,23.0,2003.0,DF,2026-2027,,100.0,exact,Hugo Rincón,Girona FC,2003-01-27,3.5,23.7,1.754962354551677,CB,DF,Hugo Rincón,5.7,3.05,18.65,2.2,0.3982,48.9,0,1,0,0,0,0,1,0,0,0,0,0,0
hugo sotelo|2003,3430.0,5,0.0,0.08126496157238251,0.020851547473334498,0.12200956937799043,0.32155538994344834,0.03918254456054087,1.6405840181849973,6.231858716558838,2.104826018534709,0.6501196925790601,0.6373491869207905,0.7081657632453225,0.14354066985645933,0.0,,1,Hugo Sotelo,Levante,La Liga,22.0,2003.0,MF,2026-2027,2024-2025,100.0,exact,Hugo Sotelo,Celta de Vigo,2003-12-19,5.0,22.8,1.754962354551677,CM,MF,Hugo Sotelo,10.83,5.43,24.13,5.83,0.6789,97.2,0,1,0,0,0,0,0,0,1,0,0,0,0
hwang hee chan|1996,7221.0,5,0.28186155194236195,0.09930873332684256,0.25121477162293493,0.01361573373676248,1.3581929704994646,0.3825169555388093,1.9169096209912535,1.8294460641399417,1.000971817298348,0.54473761074871,0.6389698736637511,0.966958211856171,0.4084720121028744,0.0,,1,Hwang Hee-chan,Wolves,Premier League,29.0,1996.0,"MF,FW",2025-2026,2024-2025,95.0,fuzzy,Hee-chan Hwang,Wolverhampton Wanderers,1996-01-26,6.0,30.7,1.754962354551677,CAM,"MF,FW",Hwang Hee-chan,8.12,6.08,14.56,2.12,0.265,30.3,0,0,0,1,0,1,0,0,0,0,0,0,0
iago aspas|1987,11768.0,6,0.40585801536743943,0.2275563144414527,0.3993665078002427,0.23724928366762177,2.3653700167928045,0.9371211220729823,2.7041828246647523,5.58287202865516,0.44758888132382096,0.44821698299074014,0.3863118320949646,0.7153429442586069,0.36103151862464183,0.0,,1,Iago Aspas,Celta Vigo,La Liga,39.0,1987.0,"FW,MF",2026-2027,2024-2025,100.0,exact,Iago Aspas,Celta de Vigo,1987-08-01,1.6,39.2,0.7529089664613279,WINGER,"FW,MF",Iago Aspas,4.12,1.96,6.02,2.52,0.6786,97.1,0,1,0,0,0,0,0,0,0,0,0,0,1
ian maatsen|2002,4552.0,4,0.044964463569114745,0.08847846057148384,0.08658779931584949,0.21334503950834066,1.1886393611447363,0.32072602869904027,2.7355330672748006,4.624429874572406,2.161488027366021,1.109606923560412,2.664980045610034,1.292403078677309,0.7901668129938543,0.0,,1,Ian Maatsen,Aston Villa,Premier League,24.0,2002.0,DF,2026-2027,2024-2025,100.0,exact,Ian Maatsen,Aston Villa,2002-03-10,30.0,24.6,3.753593429158111,CB,DF,Ian Maatsen,32.59,15.48,42.83,2.59,0.0802,8.4,0,0,0,1,0,0,1,0,0,0,0,0,0
ibrahim maza|2005,2280.0,3,0.1754385964912281,0.20313942751615882,1.0140845070422535,,2.6132502831257076,0.8274743104380746,2.535211267605634,0.0,1.267605633802817,0.7663896583564174,1.267605633802817,2.535211267605634,,0.0,,0,Ibrahim Maza,Leverkusen,Bundesliga,20.0,2005.0,MF,2026-2027,,100.0,exact,Ibrahim Maza,Bayer 04 Leverkusen,2005-11-24,45.0,20.8,3.753593429158111,CAM,MF,Ibrahim Maza,17.97,13.22,35.56,-27.03,-0.8859,-58.8,1,0,0,0,0,1,0,0,0,0,0,0,0
ibrahim sangare|1997,3807.0,4,0.05625,0.07775735294117646,0.028613482484545188,0.061016949152542375,0.6148105625717566,0.20537897310513445,0.3073299970562261,3.958198410362084,3.9317044450986165,0.9860294117647058,1.896967912864292,1.8333823962319693,1.5254237288135595,0.0,,1,Ibrahim Sangaré,Nott'ham Forest,Premier League,28.0,1997.0,MF,2026-2027,2024-2025,100.0,exact,Ibrahim Sangaré,Nottingham Forest,1997-12-02,20.0,28.8,1.754962354551677,CDM,MF,Ibrahim Sangaré,8.58,3.94,15.64,-11.42,-0.7849,-54.4,0,0,0,1,0,0,0,1,0,0,0,0,0
ibrahim sulemana|2003,3178.0,4,0.15973232470177479,0.0,0.07821964708980773,0.0,1.0840849578120453,0.28325639949643305,0.8580458256518304,2.318145904661575,2.5409533842507246,0.6153622345068374,1.3984724782723204,1.336844877534896,2.862190812720848,0.0,,1,Ibrahim Sulemana,Bologna,Serie A,22.0,2003.0,MF,2025-2026,2024-2025,100.0,exact,Ibrahim Sulemana,Bologna Football Club 1909,2003-05-22,6.0,23.4,1.754962354551677,CDM,MF,Ibrahim Sulemana,7.5,3.0,15.81,1.5,0.1942,21.4,0,0,0,0,1,0,0,1,0,0,0,0,0
ibrahima konate|1999,10306.0,6,0.022403664243751866,0.019416509011251616,0.05398174378344351,0.03515625,0.5028437055671005,0.1122246824379443,0.9285489455461128,4.625432798237331,1.6776833490714511,0.8207209001294433,4.039974819011647,0.9836323575700348,2.6015625,0.0,,1,Ibrahima Konaté,Real Madrid,La Liga,27.0,1999.0,DF,2026-2027,2024-2025,100.0,exact,Ibrahima Konaté,Liverpool FC,1999-05-25,45.0,27.3,3.753593429158111,CB,DF,Ibrahima Konaté,18.03,6.78,37.19,-26.97,-0.8827,-58.6,0,1,0,0,0,0,1,0,0,0,0,0,0
ibrahima sissoko|1997,8758.0,5,0.03597841295222866,0.05036977813312012,0.059835627422156895,0.055172413793103454,0.8035178892664401,0.19058866649019568,1.1726580248563412,4.0471735934785515,2.367867165575304,1.2568458924645214,1.8341574234932514,1.2929306427903249,2.6206896551724137,0.0,,1,Ibrahima Sissoko,Nantes,Ligue 1,27.0,1997.0,"MF,DF",2025-2026,2024-2025,100.0,exact,Ibrahima Sissoko,FC Nantes,1997-10-27,2.0,28.9,1.754962354551677,CDM,"MF,DF",Ibrahima Sissoko,6.01,3.4,14.74,4.01,0.8483,133.6,0,0,1,0,0,0,0,1,0,0,0,0,0
idrissa gana gueye|1989,11258.0,5,0.06302811385604895,0.08044377689522036,0.03985358229826438,0.04995102840352596,0.9960100623830893,0.21962864721485412,0.9907872007896686,4.177839927613721,3.6904663979600234,1.4073514370225666,0.9969564859751583,1.401661594143292,0.7051909892262488,0.0,,1,Idrissa Gana Gueye,Everton,Premier League,35.0,1989.0,MF,2025-2026,2024-2025,95.0,fuzzy,Idrissa Gueye,Everton FC,1989-09-26,0.5,37.0,,CDM,MF,Idrissa Gana Gueye,1.21,1.0,2.94,0.71,0.3889,47.5,0,0,0,1,0,0,0,1,0,0,0,0,0
idrissa gueye|1989,11258.0,5,0.06302811385604895,0.08044377689522036,,,,,,,,,,,,,,0,Idrissa Gueye,Everton,Premier League,35.0,1989.0,MF,2025-2026,,100.0,exact,Idrissa Gueye,Everton FC,1989-09-26,0.5,37.0,,CM,MF,Idrissa Gueye,3.12,1.08,4.2,2.62,1.0105,174.7,0,0,0,1,0,0,0,0,1,0,0,0,0
idrissa toure|1998,2279.0,1,0.03949100482667837,0.0,,,1.1452391399736725,0.31592803861342694,,,,0.9872751206669592,,,,,,0,Idrissa Touré,Pisa,Serie A,27.0,1998.0,MF,2025-2026,,100.0,exact,Idrissa Touré,Pisa Sporting Club,1998-04-29,5.0,28.4,0.7529089664613279,CM,MF,Idrissa Touré,2.71,1.69,7.98,-2.29,-0.4804,-38.1,0,0,0,0,1,0,0,0,1,0,0,0,0
iglesias|1998,10980.0,6,0.029264893740564398,0.0466844733480432,0.04455302787568087,0.06855955678670361,0.7450778535581007,0.12171580015050877,1.1318487664210188,2.5362063441204743,2.5448574174943928,1.0556265242132157,3.917494392822813,1.425985261134252,1.0907202216066483,0.0,,1,Iglesias,Sevilla,La Liga,28.0,1998.0,DF,2026-2027,2024-2025,90.0,fuzzy,Juan Iglesias,Getafe CF,1998-07-03,5.0,28.2,3.753593429158111,CB,DF,Iglesias,11.4,4.58,28.83,6.4,0.726,106.7,0,1,0,0,0,0,1,0,0,0,0,0,0
ignace van der brempt|2002,2188.0,2,0.0,0.08393434469037553,0.03579952267303103,0.03579952267303103,0.3972892315344441,0.10911464809748818,1.360381861575179,3.007159904534606,2.863961813842482,0.9988187018154686,2.4343675417661097,1.0023866348448687,1.2887828162291168,,,1,Ignace Van Der Brempt,Como,Serie A,23.0,2002.0,DF,2025-2026,2024-2025,100.0,exact,Ignace Van der Brempt,Como 1907,2002-04-01,3.0,24.5,1.754962354551677,CB,DF,Ignace Van Der Brempt,3.58,1.9,13.04,0.58,0.1347,14.4,0,0,0,0,1,0,1,0,0,0,0,0,0
ignatius ganago|1999,3957.0,5,0.25356265356265356,0.10024570024570023,0.21809666033125166,0.11203319502074688,2.264373464373464,0.5658881961323048,1.7411077925604126,1.8632907955471083,0.390985609557426,0.3213759213759213,0.6475699158294868,0.7392071680695085,1.4937759336099585,0.0,,1,Ignatius Ganago,Nantes,Ligue 1,26.0,1999.0,"FW,MF",2025-2026,2024-2025,100.0,exact,Ignatius Ganago,FC Nantes,1999-02-16,2.0,27.6,0.7529089664613279,ST,"FW,MF",Ignatius Ganago,3.43,1.71,10.33,1.43,0.3895,47.6,0,0,1,0,0,0,0,0,0,0,0,1,0
igor jesus|2001,2557.0,2,0.2481580255842336,0.1383175880305564,,,2.7415143603133156,0.8224543080939949,,,,0.0691587940152782,,,,,,0,Igor Jesus,Nott'ham Forest,Premier League,25.0,2001.0,FW,2026-2027,,100.0,exact,Igor Jesus,Nottingham Forest,2001-02-25,25.0,25.6,2.754277891854894,ST,FW,Igor Jesus,18.38,10.39,28.66,-6.62,-0.2939,-25.5,0,0,0,1,0,0,0,0,0,0,0,1,0
igor matanovic|2003,2204.0,3,0.6293198504693004,0.13070489202054703,0.31730769230769235,0.0,2.992881058414329,1.097097162175341,0.5769230769230769,1.7307692307692306,0.5769230769230769,0.4017965199150149,2.5961538461538463,0.8653846153846153,2.8846153846153846,,,1,Igor Matanović,Freiburg,Bundesliga,23.0,2003.0,FW,2026-2027,2024-2025,100.0,exact,Igor Matanovic,SC Freiburg,2003-03-31,22.0,23.5,,ST,FW,Igor Matanović,9.05,6.59,16.99,-12.95,-0.8274,-56.3,1,0,0,0,0,0,0,0,0,0,0,1,0
igor paixao|2000,2252.0,2,0.23469257318164385,0.19557714431803658,,,2.59746835443038,1.0481012658227848,,,,0.6649622906813242,,,,,,0,Igor Paixão,Marseille,Ligue 1,26.0,2000.0,MF,2026-2027,,100.0,exact,Igor Paixão,Olympique Marseille,2000-06-28,35.0,26.3,3.753593429158111,CAM,MF,Igor Paixão,12.57,5.13,24.54,-22.43,-0.976,-62.3,0,0,1,0,0,1,0,0,0,0,0,0,0
igor thiago|2001,3724.0,2,0.5486276572701674,0.023671751709626508,,,2.3034734917733086,1.1791590493601463,,,,0.2840610205155181,,,,,,0,Igor Thiago,Brentford,Premier League,25.0,2001.0,FW,2026-2027,,100.0,exact,Igor Thiago,Brentford FC,2001-06-26,65.0,25.3,4.7529089664613275,ST,FW,Igor Thiago,38.72,16.9,54.92,-26.28,-0.5077,-39.8,0,0,0,1,0,0,0,0,0,0,0,1,0
igor zubeldia|1997,11453.0,6,0.004038083615251393,0.0339199023681117,0.02733074158292379,0.015866020273248127,0.3597948995258742,0.09569894130156724,0.8238832245287171,4.277855204283723,1.247707767916086,1.0991663600714292,3.62297366683782,1.076065429472603,2.5782282944028205,0.0,,1,Igor Zubeldia,Real Sociedad,La Liga,29.0,1997.0,DF,2026-2027,2024-2025,100.0,exact,Igor Zubeldia,Real Sociedad,1997-03-30,6.0,29.5,2.754277891854894,CB,DF,Igor Zubeldia,11.38,3.65,26.24,5.38,0.5698,76.8,0,1,0,0,0,0,1,0,0,0,0,0,0
igor|1998,7002.0,5,0.0,0.0,0.012858673651625192,0.018730489073881376,0.2199634536317953,0.0,1.1187046076913918,4.6505536373377785,1.309441600190499,0.7852900867976246,2.8867722347898557,1.6051910941778784,0.7492195629552549,0.0,,1,Igor,West Ham,Premier League,27.0,1998.0,DF,2025-2026,2024-2025,90.0,fuzzy,Grigoris Kastanos,Hellas Verona,1998-01-30,1.3,28.7,0.7529089664613279,CB,DF,Igor,8.81,4.61,13.99,7.51,1.4509,326.7,0,0,0,1,0,0,1,0,0,0,0,0,0
ihlas bebou|1994,5342.0,5,0.3436402686394164,0.15034261752974468,0.2961728536949776,0.0,2.021954794940852,0.9142515685688676,2.099758648431215,1.9549477071600962,1.1619354097230201,0.7240991374901988,0.8964486840593036,0.6964716699229974,0.0,0.0,,1,Ihlas Bebou,Hoffenheim,Bundesliga,31.0,1994.0,"FW,MF",2025-2026,2024-2025,100.0,exact,Ihlas Bebou,TSG 1899 Hoffenheim,1994-04-23,0.6,32.4,,ST,"FW,MF",Ihlas Bebou,1.97,0.92,4.45,1.37,0.6188,85.7,1,0,0,0,0,0,0,0,0,0,0,1,0
iker losada|2001,1596.0,2,0.23649203481688288,0.06281819674823452,0.207492795389049,0.07780979827089336,1.263754311052718,0.39538512070947607,2.334293948126801,4.020172910662824,1.6858789625360229,0.8203317457710626,1.296829971181556,0.7780979827089338,0.648414985590778,,,1,Iker Losada,Levante,La Liga,23.0,2001.0,"FW,MF",2025-2026,2024-2025,100.0,exact,Iker Losada,Levante UD,2001-08-01,1.8,25.2,2.754277891854894,WINGER,"FW,MF",Iker Losada,4.59,2.44,12.1,2.79,0.6913,99.6,0,1,0,0,0,0,0,0,0,0,0,0,1
iker munoz|2002,4145.0,5,0.06282722513089006,0.02268760907504363,0.05875762960673724,0.14754098360655737,1.0974566199191824,0.2537944762378701,0.8031368307193077,3.7966468361276364,1.2446882484740787,0.8900523560209423,2.246001699760488,0.9422081433979758,1.4754098360655739,0.0,,1,Iker Muñoz,Osasuna,La Liga,23.0,2002.0,MF,2026-2027,2024-2025,100.0,exact,Iker Muñoz,CA Osasuna,2002-09-05,2.0,24.1,3.753593429158111,CAM,MF,Iker Muñoz,10.33,3.89,27.14,8.33,1.3291,277.8,0,1,0,0,0,1,0,0,0,0,0,0,0
ilaix moriba|2003,7585.0,6,0.06542187889900293,0.08983302774191447,0.07260246517687141,0.06332082551594746,1.0046033693262562,0.29259528596483725,1.3844072552359956,4.827387513778935,2.910862811905,0.7538162762691085,1.3686241106323278,1.1115843270868824,1.0131332082551594,0.0,,1,Ilaix Moriba,Celta Vigo,La Liga,23.0,2003.0,MF,2026-2027,2024-2025,100.0,exact,Ilaix Moriba,Celta de Vigo,2003-01-19,15.0,23.7,2.754277891854894,CDM,MF,Ilaix Moriba,21.63,9.34,38.49,6.63,0.3466,41.4,0,1,0,0,0,0,0,1,0,0,0,0,0
ilan kebbal|1998,4395.0,3,0.3192265596497628,0.17511856986501273,0.07110609480812641,,1.9320877099569196,0.8100810081008101,3.0474040632054176,6.297968397291196,1.574492099322799,0.337468077344035,0.15237020316027086,0.8126410835214446,,0.0,,0,Ilan Kebbal,Paris FC,Ligue 1,28.0,1998.0,"MF,FW",2026-2027,,100.0,exact,Ilan Kebbal,Paris FC,1998-07-10,12.0,28.2,1.754962354551677,CAM,"MF,FW",Ilan Kebbal,6.58,3.26,15.67,-5.42,-0.5397,-41.7,0,0,1,0,0,1,0,0,0,0,0,0,0
ilia gruev|2000,2907.0,2,0.0,0.15093222846996152,0.017045454545454544,,0.4409588635691033,0.06802721088435375,1.477272727272727,3.465909090909091,2.5,1.0298905001479728,1.1931818181818181,1.3068181818181817,,0.0,,0,Ilia Gruev,Leeds United,Premier League,25.0,2000.0,MF,2025-2026,,100.0,exact,Ilia Gruev,Leeds United,2000-05-06,12.0,26.4,0.7529089664613279,CDM,MF,Ilia Gruev,5.59,2.46,12.36,-6.41,-0.6796,-49.3,0,0,0,1,0,0,0,1,0,0,0,0,0
ilias akhomach|2004,3299.0,5,0.06914840884306533,0.16729453752354514,0.15448481738887077,0.1541095890410959,2.224978194505015,0.8432205244954247,4.265124306170996,2.4474089276552076,2.0318111852231913,0.46842470506592643,1.2006157003591584,0.8144036568869816,0.9246575342465754,0.0,,1,Ilias Akhomach,Villarreal,La Liga,22.0,2004.0,"MF,FW",2026-2027,2024-2025,100.0,exact,Ilias Akhomach,Villarreal CF,2004-04-16,12.0,22.5,1.754962354551677,CAM,"MF,FW",Ilias Akhomach,6.04,4.15,18.97,-5.96,-0.6139,-45.9,0,1,0,0,0,1,0,0,0,0,0,0,0
iliman ndiaye|2000,7211.0,4,0.21903876214408677,0.08725934426878253,0.2361544461778471,0.07037037037037036,1.4467005076142132,0.6497411693057247,3.0752730109204367,2.5838533541341655,1.7121684867394698,0.6081442054650863,0.7137285491419657,1.0062402496099845,0.2222222222222222,0.0,,1,Iliman Ndiaye,Everton,Premier League,26.0,2000.0,MF,2026-2027,2024-2025,100.0,exact,Iliman Ndiaye,Everton FC,2000-03-06,55.0,26.6,2.754277891854894,CAM,MF,Iliman Ndiaye,25.15,17.81,37.27,-29.85,-0.7615,-53.3,0,0,0,1,0,1,0,0,0,0,0,0,0
illia zabarnyi|2002,9125.0,4,0.020807213167231303,0.010403606583615653,0.033554992905038813,0.02026375040205854,0.23688211913463333,0.07111462294434293,0.7161737291672462,3.575860437939957,1.5362677721821874,0.9483287539680422,4.661389499457444,1.1781809075985643,2.2290125442264395,0.0,,1,Illia Zabarnyi,Paris S-G,Ligue 1,22.0,2002.0,DF,2025-2026,2024-2025,88.88888888888889,fuzzy,Ilya Zabarnyi,Paris Saint-Germain,2002-09-01,40.0,24.1,3.753593429158111,CB,DF,Illia Zabarnyi,18.35,7.9,29.0,-21.65,-0.7506,-52.8,0,0,1,0,0,0,1,0,0,0,0,0,0
ilyas ansah|2004,1892.0,1,0.23784355179704017,0.04756871035940803,,,1.569767441860465,0.5708245243128964,,,,0.19027484143763213,,,,,,0,Ilyas Ansah,Union Berlin,Bundesliga,20.0,2004.0,"MF,FW",2025-2026,,100.0,exact,Ilyas Ansah,1.FC Union Berlin,2004-11-08,12.0,21.9,,CAM,"MF,FW",Ilyas Ansah,8.92,3.51,20.42,-3.08,-0.2709,-23.7,1,0,0,0,0,1,0,0,0,0,0,0,0
ilyas chaira|2001,2447.0,1,0.2206783816918676,0.07355946056395586,,,2.979158152840213,1.2872905598692275,,,,0.14711892112791172,,,,,,0,Ilyas Chaira,Oviedo,La Liga,24.0,2001.0,"MF,FW",2025-2026,,100.0,exact,Ilyas Chaira,Real Oviedo,2001-02-02,4.0,25.7,1.754962354551677,CAM,"MF,FW",Ilyas Chaira,6.77,3.25,17.76,2.77,0.4414,55.5,0,1,0,0,0,1,0,0,0,0,0,0,0
inaki pena|1999,3809.0,4,0.0,0.0,0.0,0.0,0.0,0.0,0.0,0.13189042948934732,0.0,0.0,1.031450794724383,0.0,0.06446991404011461,2.8148670072221247,-0.083810888252149,1,Iñaki Peña,Elche,La Liga,26.0,1999.0,GK,2025-2026,2024-2025,100.0,exact,Iñaki Peña,FC Barcelona,1999-03-02,4.0,27.6,2.754277891854894,GK,GK,Iñaki Peña,6.84,2.56,17.84,2.84,0.45,56.8,0,1,0,0,0,0,0,0,0,0,1,0,0
inaki williams|1994,13652.0,6,0.21957405692660734,0.21595072265389106,0.2989624840237576,0.2647058823529412,2.4942691564713457,0.8247944339025933,3.6132621607397946,2.3513269678971507,0.6484474851514924,0.3326220862353557,1.000300729268476,1.0668370799188032,1.0180995475113124,0.0,,1,Iñaki Williams,Athletic Club,La Liga,32.0,1994.0,"MF,FW",2026-2027,2024-2025,100.0,exact,Iñaki Williams,Athletic Bilbao,1994-06-15,8.0,32.3,1.754962354551677,CAM,"MF,FW",Iñaki Williams,9.95,3.65,23.63,1.95,0.1963,21.7,0,1,0,0,0,1,0,0,0,0,0,0,0
inigo lekue|1993,6621.0,5,0.0,0.049874799885062195,0.01308343284356991,0.05821474773609315,0.3343458807109725,0.07555928687836436,2.053631690981777,4.705363169098178,1.7265458698925291,0.7961495833504371,2.588650641192046,1.0770468823010229,0.6985769728331177,0.0,,1,Iñigo Lekue,Athletic Club,La Liga,32.0,1993.0,DF,2025-2026,2024-2025,100.0,exact,Iñigo Lekue,Athletic Bilbao,1993-05-04,1.0,33.4,,CB,DF,Iñigo Lekue,1.02,0.72,3.0,0.02,0.0084,0.8,0,1,0,0,0,0,1,0,0,0,0,0,0
inigo ruiz de galarreta|1993,9886.0,6,0.024318510127516284,0.11223927751161364,0.019520567322381693,0.17670954637779282,0.6442561558940821,0.07459922755409765,1.2102751739876654,6.7031930744422015,2.1370777616416134,0.9484218949731352,0.801191980536014,0.7927047773523698,0.4874746106973595,0.0,,1,Iñigo Ruiz de Galarreta,Athletic Club,La Liga,33.0,1993.0,MF,2026-2027,2024-2025,100.0,exact,Iñigo Ruiz de Galarreta,Athletic Bilbao,1993-08-06,2.0,33.1,0.7529089664613279,CAM,MF,Iñigo Ruiz de Galarreta,2.07,1.28,5.07,0.07,0.0221,2.2,0,1,0,0,0,1,0,0,0,0,0,0,0
ionut radu|1997,8010.0,6,0.0,0.0,0.0,0.0,0.0,0.0,0.0,0.0,0.0,0.015030946065428822,0.3971014492753623,0.0,0.06666666666666667,3.053481331987891,0.08,1,Ionuț Radu,Celta Vigo,La Liga,29.0,1997.0,GK,2026-2027,2024-2025,100.0,exact,Ionuț Radu,Celta de Vigo,1997-05-28,9.0,29.3,2.754277891854894,GK,GK,Ionuț Radu,7.4,3.85,15.26,-1.6,-0.1749,-16.0,0,1,0,0,0,0,0,0,0,0,1,0,0
isaac palazon camacho|1994,12454.0,5,0.1526497176160661,0.1177351545443063,0.1969129512846639,0.18316373728029603,2.336839826058714,0.6635807122825006,1.3346459945474074,4.332332773386941,1.2503786522732907,0.33290629905631436,0.9071131550684328,1.014925784154435,0.7493061979648473,0.0,,1,Isaac Palazón Camacho,Rayo Vallecano,La Liga,30.0,1994.0,"MF,FW",2025-2026,2024-2025,80.0,surname,Isi Palazón,Rayo Vallecano,1994-12-27,2.8,31.8,1.754962354551677,CAM,"MF,FW",Isaac Palazón Camacho,4.79,2.41,16.41,1.99,0.4211,52.4,0,1,0,0,0,1,0,0,0,0,0,0,0
isaac romero|2000,4892.0,4,0.2368881511059267,0.11036834312889765,0.3710372134085984,0.08766233766233766,2.5358186784225407,0.7756872465074359,1.3290885256427405,1.254447684528746,0.5369325022071215,0.26380725918614567,1.0834960806870166,0.8234570213221328,1.2105751391465678,0.0,,1,Isaac Romero,Sevilla,La Liga,26.0,2000.0,"FW,MF",2026-2027,2024-2025,100.0,exact,Isaac Romero,Sevilla FC,2000-05-18,5.0,26.4,1.754962354551677,ST,"FW,MF",Isaac Romero,5.57,2.56,19.05,0.57,0.0909,9.5,0,1,0,0,0,0,0,0,0,0,0,1,0
isak hien|1999,8705.0,4,0.016454266817228582,0.00871108243265043,0.03010337003109505,0.0038676407391491194,0.33295692853686076,0.10872123123264461,0.3751575762669132,2.092108580552988,1.9726027397260275,1.2001935796096146,3.206992184217161,1.2389276409782335,2.629995702621401,0.0,,1,Isak Hien,Atalanta,Serie A,26.0,1999.0,DF,2025-2026,2024-2025,100.0,exact,Isak Hien,Atalanta BC,1999-01-13,22.0,27.7,1.754962354551677,CB,DF,Isak Hien,7.45,3.29,22.72,-14.55,-1.0011,-63.3,0,0,0,0,1,0,1,0,0,0,0,0,0
isak johannesson|2003,2039.0,2,0.04327779820665855,0.0865555964133171,,,0.6965174129353233,0.24875621890547261,,,,0.3462223856532684,,,,,,0,Ísak Jóhannesson,Köln,Bundesliga,23.0,2003.0,MF,2026-2027,,100.0,exact,Ísak Jóhannesson,1.FC Köln,2003-03-23,8.0,23.5,3.753593429158111,CM,MF,Ísak Jóhannesson,16.57,6.66,28.57,8.57,0.6688,95.2,1,0,0,0,0,0,0,0,1,0,0,0,0
isco|1992,5562.0,6,0.3331968744994037,0.2819358168841108,0.3739661283970067,0.2559793148028442,2.1909671183778667,0.5009970089730806,2.965734541157936,8.249310752264671,1.421819614021268,0.6103269672320808,0.33674675068924775,0.6262307995273729,0.7563025210084032,0.0,,1,Isco,Betis,La Liga,34.0,1992.0,MF,2026-2027,2024-2025,100.0,exact,Isco,Real Betis Balompié,1992-04-21,3.5,34.4,1.754962354551677,CAM,MF,Isco,3.63,2.19,6.15,0.13,0.0292,3.0,0,1,0,0,0,1,0,0,0,0,0,0,0
ismael doukoure|2003,8930.0,6,0.016050092139417837,0.04636693284720709,0.017783632471595586,0.037514209928003035,0.26637763928549096,0.08284074729257454,0.7854437674954718,4.035402601679565,1.4330643833360779,0.9799472922900112,2.754981063724683,1.043306438333608,0.8866995073891627,0.0,,1,Ismaël Doukouré,Strasbourg,Ligue 1,23.0,2003.0,"DF,MF",2026-2027,2024-2025,100.0,exact,Ismaël Doukouré,RC Strasbourg Alsace,2003-07-24,20.0,23.2,1.754962354551677,FULLBACK,"DF,MF",Ismaël Doukouré,15.78,5.95,31.97,-4.22,-0.2245,-20.1,0,0,1,0,0,0,0,0,0,1,0,0,0
ismael kone|2002,3566.0,2,0.20102607056852684,0.02041671029211601,0.05428226779252111,0.1845597104945718,0.818238927860957,0.32823788085017275,1.9541616405307602,4.342581423401689,1.8455971049457178,0.4837189823055177,0.7599517490952955,1.4113389626055488,0.4342581423401689,,,1,Ismaël Koné,Sassuolo,Serie A,23.0,2002.0,"MF,FW",2025-2026,2024-2025,100.0,exact,Ismaël Koné,US Sassuolo,2002-06-16,25.0,24.3,3.753593429158111,CAM,"MF,FW",Ismaël Koné,11.24,5.02,24.26,-13.76,-0.7532,-52.9,0,0,0,0,1,1,0,0,0,0,0,0,0
ismaelo ganiou|2005,2272.0,2,0.16219097416112493,0.0,,,0.9831181727904668,0.17874875868917578,,,,1.3546372912330575,,,,,,0,Ismaëlo Ganiou,Lens,Ligue 1,21.0,2005.0,DF,2026-2027,,100.0,exact,Ismaëlo Ganiou,RC Lens,2005-03-14,20.0,21.5,1.754962354551677,CB,DF,Ismaëlo Ganiou,10.93,4.03,23.73,-9.07,-0.5658,-43.2,0,0,1,0,0,0,1,0,0,0,0,0,0
ismaila sarr|1998,8193.0,4,0.2974838666156994,0.13659973467047423,0.30728244979610675,0.28218369605311694,1.9083488858408473,0.9149457763742884,2.7248595829806876,2.6538816649996146,0.7547895668231129,0.37539630787219214,1.1062168192659843,0.9694544894975763,1.2283290298782736,0.0,,1,Ismaila Sarr,Crystal Palace,Premier League,27.0,1998.0,MF,2025-2026,2024-2025,100.0,exact,Ismaïla Sarr,Crystal Palace,1998-02-25,40.0,28.6,2.754277891854894,CAM,MF,Ismaila Sarr,18.12,15.73,31.28,-21.88,-0.7628,-53.4,0,0,0,1,0,1,0,0,0,0,0,0,0
issa diop|1997,7004.0,6,0.030423625943055574,0.0027657841766414166,0.02324148878201331,0.006721433905899925,0.2615859203651861,0.12372518303014798,0.533061669312232,2.765523940391859,1.6375654481271766,1.0523808792120588,4.635504276339169,1.1300907389419317,1.344286781179985,0.0,,1,Issa Diop,Ipswich Town,Premier League,29.0,1997.0,DF,2026-2027,2024-2025,100.0,exact,Issa Diop,Fulham FC,1997-01-09,8.0,29.7,0.7529089664613279,CB,DF,Issa Diop,6.52,3.05,12.48,-1.48,-0.1802,-16.5,0,0,0,1,0,0,1,0,0,0,0,0,0
issa soumare|2000,5301.0,4,0.22263245338748391,0.1738969909544028,0.17759410253546296,0.14668769716088328,2.236700227346541,0.8694316025760939,2.7778398302245058,2.0808667485758963,1.1493354182955433,0.5006461140852871,1.4542611415168099,0.8276555344577238,3.9747634069400632,0.0,,1,Issa Soumaré,Rennes,Ligue 1,25.0,2000.0,"FW,MF",2026-2027,2024-2025,100.0,exact,Issa Soumaré,Le Havre AC,2000-10-10,8.0,26.0,3.753593429158111,WINGER,"FW,MF",Issa Soumaré,10.69,7.94,25.32,2.69,0.2614,29.9,0,0,1,0,0,0,0,0,0,0,0,0,1
ivan balliu|1992,11247.0,6,0.0023057708319989753,0.014987510407993338,0.013518799580666867,0.0375,0.29266309870604973,0.0,1.54480449374912,3.383924520035675,1.3617374160942561,0.9522833536155768,2.2376429722582967,0.8857630141916103,1.05,0.0,,1,Iván Balliu,Rayo Vallecano,La Liga,34.0,1992.0,DF,2026-2027,2024-2025,100.0,exact,Iván Balliu,Rayo Vallecano,1992-01-01,1.0,34.7,0.7529089664613279,CB,DF,Iván Balliu,0.94,0.75,3.33,-0.06,-0.0296,-2.9,0,1,0,0,0,0,1,0,0,0,0,0,0
ivan ilic|2001,8206.0,6,0.08143945985452268,0.12372533324052484,0.07507494460616065,0.10760869565217393,0.8473618800135578,0.24590163934426232,2.084111743493939,5.122300908024504,0.9990441847330234,0.7501827167368531,1.2492940000868924,0.699917452317852,0.391304347826087,0.0,,1,Ivan Ilić,Lecce,Serie A,25.0,2001.0,MF,2026-2027,2024-2025,100.0,exact,Ivan Ilić,Torino FC,2001-03-17,7.0,25.5,0.7529089664613279,CM,MF,Ivan Ilić,15.88,5.57,26.71,8.88,0.747,111.1,0,0,0,0,1,0,0,0,1,0,0,0,0
ivan martin|1999,9450.0,6,0.05954646799717222,0.06607210832562944,0.09359514579470757,0.08386463952918097,0.5512141754742415,0.16045779356155915,2.5044665430642175,4.987695937974044,1.3030507331872578,0.5448909674261787,0.5809876959379741,0.8327995954828923,0.17655713585090732,0.0,,1,Iván Martín,Racing Sant,La Liga,27.0,1999.0,MF,2026-2027,2024-2025,100.0,exact,Iván Martín,Girona FC,1999-02-14,5.0,27.6,1.754962354551677,CM,MF,Iván Martín,10.44,4.46,28.67,5.44,0.6452,90.6,0,1,0,0,0,0,0,0,1,0,0,0,0
ivan provedel|1994,13913.0,5,0.0,0.0,0.0,0.010344827586206896,0.0014739841792364762,0.0,0.0,0.09244134244134246,0.015592515592515592,0.012528865523510048,0.39983664983664985,0.01447876447876448,0.2413793103448276,2.6944430796442784,-0.29310344827586204,1,Ivan Provedel,Lazio,Serie A,31.0,1994.0,GK,2025-2026,2024-2025,100.0,exact,Ivan Provedel,Società Sportiva Lazio S.p.A.,1994-03-17,3.0,32.5,2.754277891854894,GK,GK,Ivan Provedel,6.63,3.95,11.68,3.63,0.6459,90.8,0,0,0,0,1,0,0,0,0,0,1,0,0
ivan romero|2001,2813.0,3,0.3092115214244041,0.03306035134726333,0.3539325842696629,,2.338295621662066,0.7171314741035856,1.5168539325842696,2.0224719101123596,1.0112359550561798,0.40450312236651603,0.0,0.5056179775280899,,0.0,,0,Iván Romero,Levante,La Liga,25.0,2001.0,"FW,MF",2026-2027,,100.0,exact,Iván Romero,Levante UD,2001-04-10,8.0,25.5,1.754962354551677,WINGER,"FW,MF",Iván Romero,4.59,2.17,14.82,-3.41,-0.4765,-37.9,0,1,0,0,0,0,0,0,0,0,0,0,1
ivan smolcic|2000,2292.0,2,0.0,0.04198221929535726,0.05714285714285715,0.014285714285714287,0.7285149818900231,0.2642410273296016,0.42857142857142855,3.2857142857142856,2.2857142857142856,1.2866315442871255,3.4285714285714284,1.1428571428571428,1.5714285714285714,,,1,Ivan Smolčić,Como,Serie A,24.0,2000.0,DF,2025-2026,2024-2025,100.0,exact,Ivan Smolcic,Como 1907,2000-08-17,3.5,26.1,4.7529089664613275,CB,DF,Ivan Smolčić,6.01,2.76,19.79,2.51,0.4435,55.8,0,0,0,0,1,0,1,0,0,0,0,0,0
j rgen strand larsen|2000,9761.0,5,0.32380969219073213,0.09228974028040525,0.38743871737114083,0.10436799381523,2.010136081088649,0.8240219629375429,0.7989929773419902,0.8904200344507752,0.5220617463892938,0.16389384911865068,0.8612693785610176,0.5989134755532,2.3308851952068035,0.0,,1,Jørgen Strand Larsen,Crystal Palace,Premier League,26.0,2000.0,FW,2026-2027,2024-2025,100.0,exact,Jørgen Strand Larsen,Wolverhampton Wanderers,2000-02-06,40.0,26.6,3.753593429158111,ST,FW,Jørgen Strand Larsen,38.27,24.22,46.73,-1.73,-0.0432,-4.2,0,0,0,1,0,0,0,0,0,0,0,1,0
jack grealish|1995,7455.0,6,0.15048729218421558,0.2364800305751959,0.1846607488404951,0.22468793342579751,1.6889198884017538,0.4884964355152301,7.466597045182295,5.047762385969223,1.0919310747304727,0.45576151347219573,0.5031176091163191,1.0504653377153914,0.12482662968099861,0.0,,1,Jack Grealish,Everton,Premier League,31.0,1995.0,MF,2026-2027,2024-2025,100.0,exact,Jack Grealish,Everton FC,1995-09-10,20.0,31.0,0.7529089664613279,CAM,MF,Jack Grealish,11.07,5.37,18.16,-8.93,-0.554,-42.5,0,0,0,1,0,1,0,0,0,0,0,0,0
jack harrison|1996,10887.0,5,0.10140028971511347,0.11899013589018416,0.15088541349723117,0.16040462427745666,1.3316548251362348,0.3600895559517393,3.134089940972433,2.6206413923203304,1.4623014665611878,0.5090708422432227,1.1419095722022758,1.04606584312055,0.17341040462427745,0.0,,1,Jack Harrison,Leeds United,Serie A,28.0,1996.0,"FW,MF",2025-2026,2024-2025,100.0,exact,Jack Harrison,Leeds United,1996-11-20,6.5,29.9,1.754962354551677,WINGER,"FW,MF",Jack Harrison,7.4,4.81,21.22,0.9,0.1132,12.0,0,0,0,0,1,0,0,0,0,0,0,0,1
jack hinshelwood|2005,4452.0,3,0.23466527605762336,0.11293266410273123,0.14788931910473135,0.0732899022801303,1.4505247376311845,0.6471434174401882,1.1077533289262442,2.9889507979979224,1.3514023987156485,0.6394628772570237,1.8217017659835677,0.5212956842005855,0.9771986970684039,0.0,,1,Jack Hinshelwood,Brighton,Premier League,20.0,2005.0,"MF,DF",2025-2026,2024-2025,100.0,exact,Jack Hinshelwood,Brighton & Hove Albion,2005-04-11,28.0,21.5,2.754277891854894,CAM,"MF,DF",Jack Hinshelwood,40.7,18.79,46.07,12.7,0.3632,43.8,0,0,0,1,0,1,0,0,0,0,0,0,0
jackson irvine|1993,4234.0,2,0.0,0.13893854203906528,0.11034482758620691,0.13448275862068965,1.2519093893204196,0.3276024570184276,0.6551724137931034,4.0344827586206895,1.9310344827586208,1.3806103545776591,2.1724137931034484,0.9310344827586207,2.9310344827586206,,,1,Jackson Irvine,St Pauli,Bundesliga,32.0,1993.0,MF,2025-2026,2024-2025,100.0,exact,Jackson Irvine,FC St. Pauli,1993-03-07,1.0,33.6,0.7529089664613279,CM,MF,Jackson Irvine,1.28,0.71,2.46,0.28,0.1304,13.9,1,0,0,0,0,0,0,0,1,0,0,0,0
jackson tchatchoua|2001,6737.0,3,0.026572489524307012,0.0756293932614892,0.033018202342316914,0.07957057151878749,0.2912753659395192,0.06948273960516158,2.3017496825172854,2.2430153802737407,1.5890009877240017,0.6408058050669422,2.24777762099619,0.6762381825878369,0.8525418377012944,0.0,,1,Jackson Tchatchoua,Wolves,Premier League,23.0,2001.0,"MF,DF",2025-2026,2024-2025,100.0,exact,Jackson Tchatchoua,Wolverhampton Wanderers,2001-09-14,12.0,25.0,3.753593429158111,CM,"MF,DF",Jackson Tchatchoua,24.44,15.23,37.45,12.44,0.6714,95.7,0,0,0,1,0,0,0,0,1,0,0,0,0
jacob bruun larsen|1998,4233.0,5,0.22395943376294108,0.09085146841326856,0.34009646430422136,0.199017199017199,2.1276146207479405,0.5926954293037163,4.00366723801172,3.1247259536811893,0.6098776258620002,0.43524191844496096,1.0583170566428828,1.2305177980627415,0.8845208845208845,0.0,,1,Jacob Bruun Larsen,Burnley,Premier League,26.0,1998.0,"FW,MF",2025-2026,2024-2025,100.0,exact,Jacob Bruun Larsen,Burnley FC,1998-09-19,4.0,28.0,2.754277891854894,WINGER,"FW,MF",Jacob Bruun Larsen,17.39,11.75,28.38,13.39,1.3023,267.8,0,0,0,1,0,0,0,0,0,0,0,0,1
jacob greaves|2000,2562.0,2,0.032677000418935905,0.0,0.05306122448979592,0.012244897959183673,0.40816326530612246,0.16326530612244897,0.4489795918367347,2.816326530612245,1.6326530612244898,0.7867616254713029,6.040816326530612,1.6734693877551021,3.3877551020408165,,,1,Jacob Greaves,Ipswich Town,Premier League,26.0,2000.0,DF,2026-2027,2024-2025,100.0,exact,Jacob Greaves,Ipswich Town,2000-09-12,16.0,26.0,2.754277891854894,CB,DF,Jacob Greaves,11.01,8.15,20.34,-4.99,-0.3474,-29.3,0,0,0,1,0,0,1,0,0,0,0,0,0
jacob murphy|1995,8074.0,6,0.22458440875340974,0.29394135851549213,0.20266102566130245,0.33940677966101696,2.008172048519937,0.6436418023345767,3.1333280613657033,3.416235024316951,1.2757502668933611,0.44696700957786445,1.152979320706971,1.2116958601874184,0.19067796610169493,0.0,,1,Jacob Murphy,Newcastle Utd,Premier League,31.0,1995.0,"FW,MF",2026-2027,2024-2025,100.0,exact,Jacob Murphy,Newcastle United,1995-02-24,12.0,31.6,0.7529089664613279,WINGER,"FW,MF",Jacob Murphy,6.41,3.25,12.11,-5.59,-0.5625,-43.0,0,0,0,1,0,0,0,0,0,0,0,0,1
jacob ramsey|2001,9029.0,5,0.12328767123287669,0.17109309477215542,0.14126679462571978,0.1275415896487985,1.161168577019849,0.23607073378653087,3.3435700575815734,3.6276391554702494,1.9443378119001922,0.562342745317305,0.7715930902111324,1.431861804222649,0.38817005545286504,0.0,,1,Jacob Ramsey,Newcastle Utd,Premier League,24.0,2001.0,"FW,MF",2025-2026,2024-2025,100.0,exact,Jacob Ramsey,Newcastle United,2001-05-28,35.0,25.3,3.753593429158111,WINGER,"FW,MF",Jacob Ramsey,41.15,21.84,45.66,6.15,0.1578,17.1,0,0,0,1,0,0,0,0,0,0,0,0,1
jacobo ramon|2005,3396.0,3,0.10349088662341675,0.0,0.08823529411764706,0.08823529411764706,1.258677383997077,0.30325173547679946,0.0,0.4411764705882353,3.0882352941176476,1.1198640716713006,3.5294117647058822,0.4411764705882353,3.5294117647058822,,,1,Jacobo Ramón,Como,Serie A,21.0,2005.0,DF,2026-2027,2024-2025,100.0,exact,Jacobo Ramón,Como 1907,2005-01-06,30.0,21.7,3.753593429158111,CB,DF,Jacobo Ramón,27.14,10.36,30.14,-2.86,-0.0969,-9.2,0,0,0,0,1,0,1,0,0,0,0,0,0
jacopo fazzini|2003,4261.0,5,0.11470956957793564,0.07898035938152946,0.15211496746203906,0.03253796095444685,1.6301020408163265,0.43214963987530014,1.933297180043384,3.158893709327549,2.7440347071583515,0.7258671124111994,1.542841648590022,1.1740780911062907,1.2364425162689805,0.0,,1,Jacopo Fazzini,Cagliari,Serie A,23.0,2003.0,"MF,FW",2026-2027,2024-2025,100.0,exact,Jacopo Fazzini,ACF Fiorentina,2003-03-16,8.5,23.5,3.753593429158111,CAM,"MF,FW",Jacopo Fazzini,17.19,6.94,24.38,8.69,0.6498,91.5,0,0,0,0,1,1,0,0,0,0,0,0,0
jacques ekomie|2003,2936.0,2,0.0,0.0,0.0,0.0,0.41443850267379684,0.09740259740259741,1.6786226685796273,2.582496413199426,2.840746054519369,1.1058059587471354,1.8077474892395982,2.065997130559541,1.4203730272596844,,,1,Jacques Ekomie,Angers,Ligue 1,21.0,2003.0,"DF,MF",2025-2026,2024-2025,100.0,exact,Jacques Ekomié,Angers SCO,2003-08-19,9.0,23.1,0.7529089664613279,FULLBACK,"DF,MF",Jacques Ekomie,6.29,3.09,16.35,-2.71,-0.3159,-27.1,0,0,1,0,0,0,0,0,0,1,0,0,0
jadon sancho|2000,7252.0,5,0.14117527998920523,0.1897517204155984,0.12791692945310387,0.18877551020408162,1.0929699095938468,0.3688134517766497,5.3254797729525185,4.7031264077844845,0.6710063969727001,0.2580623397652138,0.4013875123885034,0.8392647986305072,0.3061224489795918,0.0,,1,Jadon Sancho,Aston Villa,Premier League,25.0,2000.0,FW,2025-2026,2024-2025,100.0,exact,Jadon Sancho,Aston Villa,2000-03-25,18.0,26.5,,WINGER,FW,Jadon Sancho,15.52,9.77,34.65,-2.48,-0.1402,-13.1,0,0,0,1,0,0,0,0,0,0,0,0,1
jaidon anthony|1999,4399.0,4,0.2595847318973805,0.05920353534501662,0.1399451195609565,,1.7740649396406252,0.7604702424687729,2.034496275970208,3.7279498235985886,2.0815366522932184,0.5024710307487309,1.4347314778518225,2.0815366522932184,,0.0,,0,Jaidon Anthony,Brentford,Premier League,26.0,1999.0,MF,2026-2027,,100.0,exact,Jaidon Anthony,Burnley FC,1999-12-01,20.0,26.8,3.753593429158111,CAM,MF,Jaidon Anthony,25.35,14.59,28.42,5.35,0.2268,25.5,0,0,0,1,0,1,0,0,0,0,0,0,0
jaka bijol|1999,9830.0,5,0.038083595843716206,0.03723729371385584,0.0686596629768032,0.01822477219034762,0.6436993546508807,0.22930260867103566,0.43911725304942534,2.5154057674680956,1.448071635056053,1.083266726221261,5.648875414228302,1.2983148840160756,3.3108336145798174,0.0,,1,Jaka Bijol,Leeds United,Premier League,27.0,1999.0,DF,2026-2027,2024-2025,100.0,exact,Jaka Bijol,Leeds United,1999-02-05,20.0,27.6,3.753593429158111,CB,DF,Jaka Bijol,24.44,17.3,39.16,4.44,0.1919,21.2,0,0,0,1,0,0,1,0,0,0,0,0,0
jake obrien|2001,7060.0,3,0.0750126603646185,0.03323345712356516,0.09227673438098888,0.03437301082113303,0.43773210668467244,0.1727400187849666,0.4872556535070908,2.7208700651590645,1.1556151782292068,0.36176991897366634,4.508192794174013,0.9227673438098887,2.3488224061107577,0.0,,1,Jake O'Brien,Everton,Premier League,24.0,2001.0,DF,2025-2026,2024-2025,100.0,exact,Jake O'Brien,Everton FC,2001-05-15,18.0,25.4,1.754962354551677,CB,DF,Jake O'Brien,28.25,12.08,36.83,10.25,0.4316,54.0,0,0,0,1,0,0,1,0,0,0,0,0,0
jakub kaminski|2002,6677.0,4,0.15538635432063494,0.11737818132134295,0.12682559770154256,0.2628318584070796,1.7148393347327624,0.6330917801158241,2.7242877176180866,3.2999281732051853,1.6222594657454597,0.728862611633482,1.2898040154598625,1.3329000923487362,0.5575221238938053,0.0,,1,Jakub Kamiński,Köln,Bundesliga,23.0,2002.0,"MF,FW",2025-2026,2024-2025,100.0,exact,Jakub Kamiński,1.FC Köln,2002-06-05,17.0,24.3,4.7529089664613275,CAM,"MF,FW",Jakub Kamiński,18.28,10.11,37.82,1.28,0.0687,7.1,1,0,0,0,0,1,0,0,0,0,0,0,0
jakub piotrowski|1997,1839.0,2,0.10507383566830746,0.04827716773949261,,,1.910377358490566,0.4775943396226415,,,,0.7241575160923893,,,,,,0,Jakub Piotrowski,Udinese,Serie A,28.0,1997.0,MF,2026-2027,,100.0,exact,Jakub Piotrowski,Udinese Calcio,1997-10-04,4.5,29.0,2.754277891854894,CAM,MF,Jakub Piotrowski,3.38,1.78,9.02,-1.12,-0.2286,-20.4,0,0,0,0,1,1,0,0,0,0,0,0,0
jamaal lascelles|1993,3377.0,4,0.06477785775044168,0.0,0.05185582205547368,,0.6772230583000719,0.0,0.4341417660458261,1.9898164277100363,0.9707892268524724,0.5241117581626644,4.2509714591987136,1.4712582071552998,,0.0,,0,Jamaal Lascelles,Newcastle Utd,Premier League,31.0,1993.0,DF,2025-2026,,100.0,exact,Jamaal Lascelles,Newcastle United,1993-11-11,2.0,32.9,,CB,DF,Jamaal Lascelles,1.03,0.83,2.08,-0.97,-0.3907,-32.3,0,0,0,1,0,0,1,0,0,0,0,0,0
jamal musiala|2003,8049.0,6,0.5144756277695717,0.29113737075332347,0.40720299873796834,0.22525027808676307,3.238330757341577,1.4303272831213378,4.077115786697809,5.25702122850308,1.827497221646669,0.6008862629246676,0.21868937067942512,1.3816421480909415,0.35038932146829815,0.0,,1,Jamal Musiala,Bayern Munich,Bundesliga,23.0,2003.0,"MF,FW",2026-2027,2024-2025,100.0,exact,Jamal Musiala,Bayern Munich,2003-02-26,100.0,23.6,3.753593429158111,CAM,"MF,FW",Jamal Musiala,116.23,41.04,128.75,16.23,0.149,16.1,1,0,0,0,0,1,0,0,0,0,0,0,0
james garner|2001,9144.0,5,0.03325342200912536,0.1198669863119635,0.06500830468538761,0.07904642409033875,1.0942722611317042,0.3314580343649594,0.9716481903511143,2.9809957897176402,2.4995171694542084,1.3865903642409714,1.6843060759395883,1.2341148750434547,0.6210790464240903,0.0,,1,James Garner,Everton,Premier League,25.0,2001.0,"MF,DF",2026-2027,2024-2025,100.0,exact,James Garner,Everton FC,2001-03-13,45.0,25.5,3.753593429158111,CDM,"MF,DF",James Garner,29.61,19.99,39.52,-15.39,-0.4072,-33.4,0,0,0,1,0,0,0,1,0,0,0,0,0
james hill|2002,3080.0,4,0.0,0.1122588189436757,0.05393362015980332,0.06026785714285714,0.5998581895532972,0.07351174746552634,0.5393362015980332,3.498770743700062,3.0700676090964967,1.6014422139933737,6.568838352796559,1.272280270436386,2.8125,0.0,,1,James Hill,Bournemouth,Premier League,24.0,2002.0,DF,2026-2027,2024-2025,100.0,exact,James Hill,AFC Bournemouth,2002-01-10,23.0,24.7,2.754277891854894,CB,DF,James Hill,21.33,11.5,27.69,-1.67,-0.072,-6.9,0,0,0,1,0,0,1,0,0,0,0,0,0
james justin|1998,7513.0,5,0.061764403115670996,0.04426448889956422,0.04215822345593338,0.02472527472527473,0.8813066595264505,0.2308580223162755,1.2745055517002084,2.939365024288689,1.7526891047883415,1.3474933946402223,4.1689798750867455,1.5145732130464957,2.1325549450549453,0.0,,1,James Justin,Leeds United,Premier League,28.0,1998.0,"DF,MF",2026-2027,2024-2025,100.0,exact,James Justin,Leeds United,1998-02-23,12.0,28.6,2.754277891854894,FULLBACK,"DF,MF",James Justin,15.16,9.47,23.1,3.16,0.2177,24.3,0,0,0,1,0,0,0,0,0,1,0,0,0
james maddison|1996,8920.0,5,0.3366897938331218,0.345589083537962,0.2870108243130724,0.20895522388059698,2.4057746502084743,0.8237389215605069,2.3950041631973353,7.756036636136552,1.5512073272273104,0.5339573822904135,0.5860116569525395,0.6909242298084929,0.24875621890547261,0.0,,1,James Maddison,Tottenham,Premier League,28.0,1996.0,"FW,MF",2025-2026,2024-2025,100.0,exact,James Maddison,Tottenham Hotspur,1996-11-23,20.0,29.8,1.754962354551677,WINGER,"FW,MF",James Maddison,28.67,18.3,41.5,8.67,0.3457,41.3,0,0,0,1,0,0,0,0,0,0,0,0,1
james mcatee|2002,2904.0,5,0.17297108412684548,0.11531405608456365,0.2767580452920143,0.12893982808022922,1.558695902615107,0.4873477038425492,2.570202622169249,2.368533969010727,1.5146603098927294,0.5136717043766925,0.7508939213349226,1.2185935637663885,0.5157593123209169,0.0,,1,James Mcatee,Nott'ham Forest,Premier League,23.0,2002.0,MF,2026-2027,2024-2025,100.0,exact,James McAtee,Nottingham Forest,2002-10-18,18.0,23.9,3.753593429158111,CAM,MF,James Mcatee,16.5,10.23,35.99,-1.5,-0.0824,-7.9,0,0,0,1,0,1,0,0,0,0,0,0,0
james milner|1986,3493.0,5,0.053187791142320806,0.13140513105749846,0.04722114263505636,0.1058823529411765,0.8197177223110618,0.19693654266958427,1.3699961134862029,7.2697240575204045,2.512631169840653,0.8666481262601683,1.6614846482705015,1.4049747376603188,0.0,0.0,,1,James Milner,Brighton,Premier League,39.0,1986.0,MF,2025-2026,2024-2025,100.0,exact,James Milner,Brighton & Hove Albion,1986-01-04,0.5,40.7,,CDM,MF,James Milner,1.58,0.52,2.55,1.08,0.5413,71.8,0,0,0,1,0,0,0,1,0,0,0,0,0
james sands|2000,2387.0,2,0.03946655660742385,0.0,0.019867549668874173,0.0,0.6616452137126939,0.1578662264296954,0.0,3.178807947019868,2.980132450331126,1.7690303608739395,1.589403973509934,0.9933774834437087,3.377483443708609,,,1,James Sands,St Pauli,Bundesliga,25.0,2000.0,"MF,DF",2025-2026,2024-2025,100.0,exact,James Sands,New York City Football Club,2000-07-06,5.0,26.2,3.753593429158111,CDM,"MF,DF",James Sands,6.52,2.96,14.89,1.52,0.2254,25.3,1,0,0,0,0,0,0,1,0,0,0,0,0
james tarkowski|1992,16647.0,6,0.047374729672308935,0.05821954730813869,0.0594336856053612,0.0893223819301848,0.5835390337572892,0.2112140048204998,0.31574145477848137,2.8045270395029815,1.7263139601820374,1.2334553111067421,5.733200099925057,2.0762688852925524,3.1416837782340856,0.0,,1,James Tarkowski,Everton,Premier League,33.0,1992.0,DF,2026-2027,2024-2025,100.0,exact,James Tarkowski,Everton FC,1992-11-19,5.0,33.9,1.754962354551677,CB,DF,James Tarkowski,6.12,3.41,8.56,1.12,0.1714,18.7,0,0,0,1,0,0,1,0,0,0,0,0,0
james trafford|2002,3330.0,3,0.0,0.0,0.0,,0.0,0.0,0.0,0.21428571428571427,0.07142857142857142,0.021428571428571425,0.6428571428571428,0.0,,3.7249999999999996,,0,James Trafford,Leeds United,Premier League,23.0,2002.0,GK,2026-2027,,100.0,exact,James Trafford,Manchester City,2002-10-10,25.0,24.0,3.753593429158111,GK,GK,James Trafford,18.53,11.61,31.49,-6.47,-0.286,-24.9,0,0,0,1,0,0,0,0,0,0,1,0,0
james ward prowse|1994,12123.0,5,0.144780376497433,0.13964632059326867,0.15051955768756975,0.18763029881862409,0.9857387335995437,0.26983617089624157,0.5934696598600021,4.602976768452631,1.4660657091926206,1.2557900741585852,1.3956319473630818,0.8243358791901567,0.8130646282140375,0.0,,1,James Ward-Prowse,West Ham,Premier League,30.0,1994.0,MF,2025-2026,2024-2025,100.0,exact,James Ward-Prowse,West Ham United,1994-11-01,5.0,31.9,0.7529089664613279,CAM,MF,James Ward-Prowse,7.44,3.88,16.86,2.44,0.3407,40.6,0,0,0,1,0,1,0,0,0,0,0,0,0
jamie gittens|2004,3996.0,5,0.26206833795896084,0.2334046134946995,0.20105224657457166,0.12668918918918917,2.7742390463624367,0.9884772878773449,5.522606420392202,2.124468953099063,1.4559828939594293,0.4238136402930069,0.32158230875277827,0.810286132290465,0.25337837837837834,0.0,,1,Jamie Gittens,Chelsea,Premier League,20.0,2004.0,"FW,MF",2025-2026,2024-2025,100.0,exact,Jamie Gittens,Chelsea FC,2004-08-08,30.0,22.1,5.754962354551677,WINGER,"FW,MF",Jamie Gittens,46.94,20.74,57.12,16.94,0.436,54.7,0,0,0,1,0,0,0,0,0,0,0,0,1
jamie leweling|2001,7777.0,5,0.21829521829521834,0.24725274725274726,0.19344819936404642,0.2056524353577871,1.936813186813187,0.7478418312910212,3.30991643866006,2.3648598683724025,0.933964357021371,0.49005049005049006,0.7720180433335797,1.1269688678547658,0.3247143716175586,0.0,,1,Jamie Leweling,Stuttgart,Bundesliga,24.0,2001.0,"MF,FW",2025-2026,2024-2025,100.0,exact,Jamie Leweling,VfB Stuttgart,2001-02-26,40.0,25.6,2.754277891854894,CAM,"MF,FW",Jamie Leweling,19.24,10.35,39.33,-20.76,-0.7057,-50.6,1,0,0,0,0,1,0,0,0,0,0,0,0
jamie vardy|1987,8591.0,4,0.29620173106428827,0.11595085557676765,0.36420275828695864,0.09564293304994687,1.5611201555381173,0.6667678384195131,0.9635857730462134,0.747640938785386,0.5516573917251392,0.1349246319438751,0.9000725864989112,0.37563513186547304,1.5940488841657812,0.0,,1,Jamie Vardy,Cremonese,Serie A,38.0,1987.0,FW,2025-2026,2024-2025,100.0,exact,Jamie Vardy,US Cremonese,1987-01-11,1.0,39.7,,ST,FW,Jamie Vardy,1.57,0.79,2.95,0.57,0.2512,28.6,0,0,0,0,1,0,0,0,0,0,0,1,0
jamil siebert|2002,2086.0,2,0.041783870879646065,0.0,,,0.3174603174603175,0.10582010582010583,,,,0.9708605292623645,,,,,,0,Jamil Siebert,Lecce,Serie A,24.0,2002.0,DF,2026-2027,,100.0,exact,Jamil Siebert,US Lecce,2002-04-02,4.5,24.5,1.754962354551677,CB,DF,Jamil Siebert,4.04,2.03,14.8,-0.46,-0.0881,-8.4,0,0,0,0,1,0,1,0,0,0,0,0,0
jan niklas beste|1999,4788.0,4,0.15760519403280965,0.2468156812211925,0.17324218004048428,0.169811320754717,1.4980689380065642,0.7489597780859917,2.6983157010273846,2.1208417675591034,2.4714509414505597,0.7196312633196215,1.2718175915670475,1.6189894206164306,0.4245283018867924,0.0,,1,Jan-Niklas Beste,Freiburg,Bundesliga,27.0,1999.0,MF,2026-2027,2024-2025,95.0,fuzzy,Niklas Beste,SC Freiburg,1999-01-04,10.0,27.7,3.753593429158111,CAM,MF,Jan-Niklas Beste,9.86,4.95,21.19,-0.14,-0.0132,-1.3,1,0,0,0,0,1,0,0,0,0,0,0,0
jan oblak|1993,15902.0,6,0.0,0.0,0.0,0.0,0.0013034033309196234,0.0,0.0,0.0,0.0,0.00418049104180491,0.36214750542299345,0.0,0.08333333333333333,2.4288921071687186,-0.06666666666666667,1,Jan Oblak,Atlético Madrid,La Liga,33.0,1993.0,GK,2026-2027,2024-2025,100.0,exact,Jan Oblak,Atlético de Madrid,1993-01-07,15.0,33.7,1.754962354551677,GK,GK,Jan Oblak,4.88,1.94,8.18,-10.12,-1.0008,-63.2,0,1,0,0,0,0,0,0,0,0,1,0,0
jan paul van hecke|2000,9282.0,5,0.06056721679218074,0.046146450889280564,0.04511020408163265,0.04563894523326572,0.5882403729925748,0.22736068111455113,1.403265306122449,6.453551020408163,1.539918367346939,1.050552796026278,3.783673469387755,1.4135510204081634,2.4949290060851927,0.0,,1,Jan Paul van Hecke,Tottenham,Premier League,26.0,2000.0,DF,2026-2027,2024-2025,100.0,exact,Jan Paul van Hecke,Brighton & Hove Albion,2000-06-08,45.0,26.3,,CB,DF,Jan Paul van Hecke,26.48,11.57,40.49,-18.52,-0.5152,-40.3,0,0,0,1,0,0,1,0,0,0,0,0,0
jan schoppner|1999,6931.0,3,0.11951404207684457,0.10667369044875383,0.10322702753856344,0.11413651622528909,1.0973562045237546,0.35440337995816074,1.0203463613135233,3.473265827576417,1.9759629033784423,1.3205807789813322,2.9775716854357905,1.408725276805148,1.9134651249533756,0.0,,1,Jan Schöppner,Heidenheim,Bundesliga,26.0,1999.0,MF,2025-2026,2024-2025,100.0,exact,Jan Schöppner,1. Fußballclub Heidenheim 1846,1999-06-12,3.0,27.3,1.754962354551677,CDM,MF,Jan Schöppner,9.95,3.15,21.81,6.95,1.0068,173.7,1,0,0,0,0,0,0,1,0,0,0,0,0
jan thielmann|2002,5315.0,5,0.13729425933360095,0.05961461260537936,0.12464183381088825,,1.6941850594227505,0.5844155844155844,2.6690544412607453,2.724928366762178,1.4828080229226361,0.6828582898434363,1.3280802292263614,1.7406876790830945,,0.0,,0,Jan Thielmann,Köln,Bundesliga,24.0,2002.0,"MF,FW",2026-2027,,100.0,exact,Jan Thielmann,1.FC Köln,2002-05-26,5.0,24.3,1.754962354551677,CAM,"MF,FW",Jan Thielmann,6.89,3.47,19.88,1.89,0.2735,31.5,1,0,0,0,0,1,0,0,0,0,0,0,0
jan virgili|2006,1792.0,1,0.10044642857142858,0.20089285714285715,,,1.6071428571428572,0.8035714285714286,,,,0.3515625,,,,,,0,Jan Virgili,Mallorca,La Liga,19.0,2006.0,"MF,FW",2025-2026,,100.0,exact,Jan Virgili,RCD Mallorca,2006-07-26,15.0,20.2,3.753593429158111,CAM,"MF,FW",Jan Virgili,14.46,8.94,31.28,-0.54,-0.0345,-3.4,0,1,0,0,0,1,0,0,0,0,0,0,0
janik haberer|1994,7677.0,6,0.04751220799788835,0.03682196119836347,0.07084283459042273,0.04245283018867925,0.8622095393395842,0.10073955626624026,0.734081740045606,3.240221013857218,1.981231362918786,0.7851392371651049,1.5589370285914752,1.1721627784599193,0.7959905660377359,0.0,,1,Janik Haberer,Union Berlin,Bundesliga,32.0,1994.0,MF,2026-2027,2024-2025,100.0,exact,Janik Haberer,1.FC Union Berlin,1994-04-02,2.0,32.5,0.7529089664613279,CM,MF,Janik Haberer,1.87,1.2,4.55,-0.13,-0.0428,-4.2,1,0,0,0,0,0,0,0,1,0,0,0,0
janis blaswich|1991,5161.0,3,0.0,0.0,0.0,,0.0,0.0,0.0,0.10031347962382445,0.028213166144200625,0.0,0.3542319749216301,0.0,,2.6997777129128586,,0,Janis Blaswich,Leverkusen,Bundesliga,34.0,1991.0,GK,2025-2026,,100.0,exact,Janis Blaswich,Bayer 04 Leverkusen,1991-05-02,0.7,35.4,0.7529089664613279,GK,GK,Janis Blaswich,0.63,0.41,1.75,-0.07,-0.0429,-4.2,1,0,0,0,0,0,0,0,0,0,1,0,0
jarell quansah|2003,4262.0,4,0.12526704214410564,0.02913187026607108,0.054068241469816286,0.018181818181818184,0.5970335064380735,0.2689046091656048,0.8188976377952756,4.461942257217848,2.0000000000000004,1.0283550203923093,3.753280839895013,1.4383202099737533,1.2727272727272727,0.0,,1,Jarell Quansah,Leverkusen,Bundesliga,23.0,2003.0,DF,2026-2027,2024-2025,100.0,exact,Jarell Quansah,Bayer 04 Leverkusen,2003-01-29,45.0,23.7,3.753593429158111,CB,DF,Jarell Quansah,25.06,7.86,36.17,-19.94,-0.5681,-43.3,1,0,0,0,0,0,1,0,0,0,0,0,0
jari vandeputte|1996,1944.0,1,0.046296296296296294,0.23148148148148143,,,0.9259259259259257,0.37037037037037035,,,,0.8333333333333333,,,,,,0,Jari Vandeputte,Cremonese,Serie A,29.0,1996.0,MF,2025-2026,,100.0,exact,Jari Vandeputte,US Cremonese,1996-02-14,3.0,30.6,1.754962354551677,CM,MF,Jari Vandeputte,2.89,1.25,4.53,-0.11,-0.0285,-2.8,0,0,0,0,1,0,0,0,1,0,0,0,0
jarrad branthwaite|2002,7145.0,5,0.05047364763541934,0.014264291723053293,0.04671102939980151,0.025089605734767026,0.44862577544061466,0.1486324457615999,0.21964433887053997,2.266729577143973,1.566796283943185,1.2398961266961708,5.842539413956364,1.2710085742641914,2.186379928315412,0.0,,1,Jarrad Branthwaite,Everton,Premier League,24.0,2002.0,DF,2026-2027,2024-2025,100.0,exact,Jarrad Branthwaite,Everton FC,2002-06-27,40.0,24.3,3.753593429158111,CB,DF,Jarrad Branthwaite,27.45,23.33,40.64,-12.55,-0.3655,-30.6,0,0,0,1,0,0,1,0,0,0,0,0,0
jarrod bowen|1996,15611.0,5,0.3209832512585561,0.2407374384439171,0.2911280144625985,0.20585267406659943,2.3086103071288457,0.8804145077720208,2.9470955418357945,2.1929256063035103,1.205443940375891,0.6543120121809028,0.6180714261350069,0.933246921581335,0.36326942482341074,0.0,,1,Jarrod Bowen,West Ham,Premier League,28.0,1996.0,"FW,MF",2025-2026,2024-2025,100.0,exact,Jarrod Bowen,West Ham United,1996-12-20,30.0,29.8,3.753593429158111,WINGER,"FW,MF",Jarrod Bowen,29.1,22.75,47.3,-0.9,-0.0296,-2.9,0,0,0,1,0,0,0,0,0,0,0,0,1
javi galan|1994,11442.0,6,0.0,0.08470402836600019,0.012041744715012041,0.1967488789237668,0.36204571389052176,0.028389060006679775,3.3203104094193203,3.1725983409151723,2.8675408081348674,1.06569486851177,1.9427348140219425,1.22023013112122,1.2612107623318385,0.0,,1,Javi Galán,Celta Vigo,La Liga,31.0,1994.0,DF,2026-2027,2024-2025,100.0,exact,Javi Galán,CA Osasuna,1994-11-19,1.8,31.9,1.754962354551677,FULLBACK,DF,Javi Galán,2.89,1.85,9.45,1.09,0.3284,38.9,0,1,0,0,0,0,0,0,0,1,0,0,0
javi lopez|2002,6495.0,4,0.010567101091933777,0.051661383116120695,0.01778581339612328,0.01859504132231405,0.40624633086767636,0.049764998617638924,1.8107471723499977,3.411470378001093,1.4058361014169787,0.6821650816015027,2.81924063406635,0.9687591977462894,0.4648760330578512,0.0,,1,Javi López,Oviedo,La Liga,23.0,2002.0,DF,2025-2026,2024-2025,100.0,exact,Javi López,Real Oviedo,2002-03-25,5.0,24.5,0.0,CB,DF,Javi López,6.83,3.04,17.11,1.83,0.2658,30.5,0,1,0,0,0,0,1,0,0,0,0,0,0
javi puado|1998,8233.0,4,0.31624189413361486,0.08686472628562812,0.3274994530737257,0.09078681909885676,2.0060322726587243,0.7182761372705506,2.2593524392911832,2.2593524392911832,0.7120980091883615,0.2551651334640326,0.5988842704003501,0.5414570115948371,0.27236045729657027,0.0,,1,Javi Puado,Espanyol,La Liga,27.0,1998.0,"FW,MF",2025-2026,2024-2025,100.0,exact,Javi Puado,RCD Espanyol Barcelona,1998-05-25,7.5,28.3,3.753593429158111,ST,"FW,MF",Javi Puado,13.25,9.14,24.52,5.75,0.5169,67.7,0,1,0,0,0,0,0,0,0,0,0,1,0
javi rodriguez|2003,5304.0,3,0.04343629343629344,0.04789129789129789,0.08233890214797135,0.03579952267303103,0.4253754857683017,0.09689108286944649,1.0381861575178997,4.081145584725537,1.8973747016706441,1.0747698247698247,3.4367541766109784,1.0381861575178997,1.431980906921241,,,1,Javi Rodríguez,Celta Vigo,La Liga,23.0,2003.0,DF,2026-2027,2024-2025,100.0,exact,Javi Rodríguez,Celta de Vigo,2003-06-27,18.0,23.3,1.754962354551677,CB,DF,Javi Rodríguez,16.0,5.36,24.1,-2.0,-0.1112,-10.5,0,1,0,0,0,0,1,0,0,0,0,0,0
javi rueda|2002,1779.0,2,0.09755164498852335,0.29265493496557005,,,0.7051282051282051,0.19230769230769232,,,,1.3198163733741393,,,,,,0,Javi Rueda,Celta Vigo,La Liga,24.0,2002.0,MF,2026-2027,,100.0,exact,Javi Rueda,Celta de Vigo,2002-05-08,6.0,24.4,2.754277891854894,CAM,MF,Javi Rueda,5.38,2.32,17.01,-0.62,-0.0921,-8.8,0,1,0,0,0,1,0,0,0,0,0,0,0
javier guerra|2003,8307.0,5,0.1264512944169665,0.145248108451921,0.08747036911615307,0.11158465710964743,1.5217275789876406,0.4382563055839044,1.7646461225871994,4.053504910260752,1.8530308161192008,0.7587077665017989,1.6427362004740942,0.7284117846258042,0.592793490895002,0.0,,1,Javier Guerra,Valencia,La Liga,23.0,2003.0,"MF,FW",2026-2027,2024-2025,91.66666666666666,fuzzy,Javi Guerra,Valencia CF,2003-05-13,25.0,23.4,2.754277891854894,CM,"MF,FW",Javier Guerra,18.07,9.51,35.08,-6.93,-0.3099,-26.6,0,1,0,0,0,0,0,0,1,0,0,0,0
javier munoz|1995,5779.0,3,0.0417846070899043,0.08896077638495754,0.06177269876663648,0.08693972179289026,1.1969268095430652,0.37664783427495285,1.1993937704689568,3.9227231551808233,1.509825099296216,0.9233050276317564,1.204097275451188,1.1147306807887951,0.5216383307573416,0.0,,1,Javier Muñoz,Getafe,La Liga,30.0,1995.0,"MF,DF",2025-2026,2024-2025,90.9090909090909,fuzzy,Javi Muñoz,Getafe CF,1995-02-28,1.2,31.6,1.754962354551677,CM,"MF,DF",Javier Muñoz,1.4,1.17,4.76,0.2,0.0864,9.0,0,1,0,0,0,0,0,0,1,0,0,0,0
jay idzes|2000,6448.0,3,0.011952435436417129,0.0,0.05180684362008314,0.020147105852254554,0.27187985499741063,0.03786897980321077,0.4317236968340261,2.4176527022705465,1.2951710905020786,1.013198757763975,4.489926447073873,1.4966421490246242,1.6405500479692996,,,1,Jay Idzes,Sassuolo,Serie A,26.0,2000.0,DF,2026-2027,2024-2025,100.0,exact,Jay Idzes,US Sassuolo,2000-06-02,14.0,26.3,2.754277891854894,CB,DF,Jay Idzes,9.58,3.61,21.13,-4.42,-0.3491,-29.5,0,0,0,0,1,0,1,0,0,0,0,0,0
jaydee canvot|2006,2982.0,3,0.0,0.0,0.0162748643761302,0.05696202531645569,0.48866749688667493,0.0672478206724782,0.7323688969258589,3.3363471971066905,1.8716094032549728,0.9256599788806759,4.394213381555153,0.8137432188065099,1.301989150090416,,,1,Jaydee Canvot,Crystal Palace,Premier League,20.0,2006.0,"MF,DF",2026-2027,2024-2025,100.0,exact,Jaydee Canvot,Crystal Palace,2006-07-29,28.0,20.2,2.754277891854894,CM,"MF,DF",Jaydee Canvot,38.34,19.73,44.72,10.34,0.305,35.7,0,0,0,1,0,0,0,0,1,0,0,0,0
jayden bogle|2000,5947.0,3,0.09462656302805003,0.03830122789230595,0.07424677187948348,,0.7366375924930759,0.12889366272824918,1.2266857962697273,1.9368723098995695,2.1305595408895264,0.9440126168750702,3.1312769010043042,1.3558106169296986,,0.0,,0,Jayden Bogle,Leeds United,Premier League,26.0,2000.0,"MF,DF",2026-2027,,100.0,exact,Jayden Bogle,Leeds United,2000-07-27,15.0,26.2,1.754962354551677,CDM,"MF,DF",Jayden Bogle,13.15,6.35,26.16,-1.85,-0.1228,-11.6,0,0,0,1,0,0,0,1,0,0,0,0,0
jean butez|1995,5446.0,3,0.0,0.017586611186464055,0.0,0.0,0.0,0.0,0.0,0.054021608643457376,0.0,0.0,0.9723889555822328,0.0,0.3241296518607443,2.3526905436226473,0.005402160864345738,1,Jean Butez,Como,Serie A,31.0,1995.0,GK,2026-2027,2024-2025,100.0,exact,Jean Butez,Como 1907,1995-06-08,8.0,31.3,3.753593429158111,GK,GK,Jean Butez,6.68,2.37,8.22,-1.32,-0.1592,-14.7,0,0,0,0,1,0,0,0,0,0,1,0,0
jean clair todibo|1999,12275.0,5,0.0018181450879780207,0.03181753903961536,0.026142831993427616,0.0,0.26181289266883495,0.0,0.7605187488997125,3.904260313361892,2.153482776832346,1.1445223328821639,3.6467930285781347,1.2226395164603017,1.380821917808219,0.0,,1,Jean-Clair Todibo,West Ham,Premier League,25.0,1999.0,DF,2025-2026,2024-2025,100.0,exact,Jean-Clair Todibo,West Ham United,1999-12-30,22.0,26.7,2.754277891854894,CB,DF,Jean-Clair Todibo,22.11,16.69,39.21,0.11,0.0048,0.5,0,0,0,1,0,0,1,0,0,0,0,0,0
jean daniel akpa akpro|1992,4846.0,5,0.03816426051926525,0.008673695572560283,0.05506783719074223,0.01863354037267081,0.7147125151789672,0.2218958191260557,1.6315129403716797,1.8401550564359825,2.972295063276708,1.2490121624486807,1.675977653631285,1.7785885303842208,1.0248447204968945,0.0,,1,Jean-Daniel Akpa-Akpro,Hellas Verona,Serie A,32.0,1992.0,MF,2025-2026,2024-2025,100.0,exact,Jean-Daniel Akpa Akpro,Hellas Verona,1992-10-11,0.5,34.0,,CDM,MF,Jean-Daniel Akpa-Akpro,0.64,0.48,2.03,0.14,0.089,9.3,0,0,0,0,1,0,0,1,0,0,0,0,0
jean matteo bahoya|2005,2699.0,4,0.18458833870495164,0.2565058732653224,0.164119066773934,0.16612377850162866,1.5414324907439467,0.49942196531791916,2.4798873692679,2.449718423169751,2.6488334674175382,0.6352715552832751,0.8386967015285599,1.3274336283185841,1.2703583061889252,0.0,,1,Jean Mattéo Bahoya,Eint Frankfurt,Bundesliga,20.0,2005.0,"MF,FW",2025-2026,2024-2025,100.0,exact,Jean-Mattéo Bahoya,Eintracht Frankfurt,2005-05-07,25.0,21.4,2.754277891854894,CAM,"MF,FW",Jean Mattéo Bahoya,20.78,7.72,29.6,-4.22,-0.1769,-16.2,1,0,0,0,0,1,0,0,0,0,0,0,0
jean onana|2000,3557.0,5,0.07703281027104138,0.020542082738944364,0.06443914081145587,0.02960526315789474,0.9449358059914408,0.0,1.0202863961813844,4.059665871121719,3.4528639618138426,1.6947218259629102,1.8741050119331744,1.7022673031026254,1.7763157894736843,0.0,,1,Jean Onana,Genoa,Serie A,25.0,2000.0,MF,2025-2026,2024-2025,100.0,exact,Jean Onana,Genoa CFC,2000-01-08,1.0,26.7,0.7529089664613279,CDM,MF,Jean Onana,2.63,1.5,8.95,1.63,0.5953,81.4,0,0,0,0,1,0,0,1,0,0,0,0,0
jean philippe gbamin|1995,2768.0,3,0.03385929581516808,0.03385929581516808,0.19884432358939497,0.0,0.5258149467767279,0.23772001864470735,0.8565601631543168,4.772263766145479,0.8565601631543168,0.9958616416225906,0.8565601631543168,1.98844323589395,2.916666666666667,0.0,,1,Jean-Philippe Gbamin,Metz,Ligue 1,29.0,1995.0,"DF,MF",2025-2026,2024-2025,100.0,exact,Jean-Philippe Gbamin,FC Metz,1995-09-25,2.0,31.0,1.754962354551677,FULLBACK,"DF,MF",Jean-Philippe Gbamin,2.93,1.65,7.03,0.93,0.2701,31.0,0,0,1,0,0,0,0,0,0,1,0,0,0
jean philippe krasso|1997,1545.0,2,0.16640986132511557,0.16640986132511557,0.31788079470198677,,2.2326656394453,0.8241758241758242,2.185430463576159,1.589403973509934,1.390728476821192,0.07858243451463791,0.19867549668874174,1.390728476821192,,0.0,,0,Jean-Philippe Krasso,Paris FC,Ligue 1,28.0,1997.0,FW,2025-2026,,100.0,exact,Jean-Philippe Krasso,Paris FC,1997-07-17,3.5,29.2,0.7529089664613279,ST,FW,Jean-Philippe Krasso,1.54,1.13,4.78,-1.96,-0.5708,-43.5,0,0,1,0,0,0,0,0,0,0,0,1,0
jean philippe mateta|1997,9063.0,5,0.500971581248482,0.06649259169298033,0.44512454584137995,0.10876132930513596,2.3317949963565705,1.1491751005129627,1.3595299662858824,1.3889889038002028,0.7114333409708355,0.17033033762448385,0.7968642597623645,0.5906516971621223,2.141238670694864,0.0,,1,Jean-Philippe Mateta,Crystal Palace,Premier League,28.0,1997.0,FW,2025-2026,2024-2025,100.0,exact,Jean-Philippe Mateta,Crystal Palace,1997-06-28,30.0,29.3,0.7529089664613279,ST,FW,Jean-Philippe Mateta,18.04,11.02,25.21,-11.96,-0.4875,-38.6,0,0,0,1,0,0,0,0,0,0,0,1,0
jean ricner bellegarde|1998,8903.0,5,0.11818862169756704,0.21731456247617165,0.10088099510110277,0.20393559928443653,1.366158799192307,0.3849640839668038,3.0790476382476863,3.607039896780437,1.8906114549523214,0.7307361018935596,0.9217184444489244,1.1485192427877347,0.5366726296958855,0.0,,1,Jean-Ricner Bellegarde,Wolves,Premier League,27.0,1998.0,"MF,FW",2025-2026,2024-2025,100.0,exact,Jean-Ricner Bellegarde,Wolverhampton Wanderers,1998-06-27,16.0,28.3,1.754962354551677,CAM,"MF,FW",Jean-Ricner Bellegarde,28.47,11.9,41.61,12.47,0.55,73.3,0,0,0,1,0,1,0,0,0,0,0,0,0
jean victor makengo|1998,6915.0,5,0.14141555221900207,0.07070777610950103,0.05490794204161673,,1.5294742432288901,0.7,2.0296328576097613,4.0788756945201,1.299161128663253,0.7275044519710884,0.7794966771979517,1.1765987580346442,,0.0,,0,Jean-Victor Makengo,Lorient,Ligue 1,28.0,1998.0,MF,2026-2027,,100.0,exact,Jean-Victor Makengo,FC Lorient,1998-06-12,6.0,28.3,0.7529089664613279,CM,MF,Jean-Victor Makengo,4.95,2.12,11.37,-1.05,-0.163,-15.0,0,0,1,0,0,0,0,0,1,0,0,0,0
jeanuel belocian|2005,3796.0,6,0.0,0.04971108089734874,0.02459016393442623,0.0,0.21051646706586827,0.0,1.0054644808743167,3.737704918032787,1.9180327868852458,1.019077158395649,2.8524590163934427,1.0491803278688523,1.3235294117647058,0.0,,1,Jeanuël Belocian,Racing Sant,La Liga,21.0,2005.0,DF,2026-2027,2024-2025,100.0,exact,Jeanuël Belocian,Bayer 04 Leverkusen,2005-02-17,12.0,21.6,2.754277891854894,CB,DF,Jeanuël Belocian,11.75,7.59,26.21,-0.25,-0.0195,-1.9,0,1,0,0,0,0,1,0,0,0,0,0,0
jeff ekhator|2006,1725.0,2,0.2194369309307021,0.04457312659529887,0.15214564369310793,0.11703511053315994,1.6114899615223437,0.42515905367823537,0.4681404421326398,1.638491547464239,0.8192457737321195,0.20572212274753324,0.5851755526657998,1.1703511053315996,1.7555266579973992,,,1,Jeff Ekhator,Genoa,Serie A,18.0,2006.0,"FW,MF",2025-2026,2024-2025,100.0,exact,Jeff Ekhator,Genoa CFC,2006-11-11,18.0,19.9,4.7529089664613275,ST,"FW,MF",Jeff Ekhator,12.68,8.6,27.74,-5.32,-0.3285,-28.0,0,0,0,0,1,0,0,0,0,0,0,1,0
jefferson lerma|1994,9659.0,4,0.03158448850675557,0.05202151048171506,0.06887959419773962,0.0633245382585752,1.0608672316092607,0.3400369347542483,0.5406247219008633,3.9045118803951238,1.4456705526386047,1.4213019828040008,2.860638960576667,1.2454391741568034,1.6226912928759896,0.0,,1,Jefferson Lerma,Crystal Palace,Premier League,30.0,1994.0,"MF,DF",2025-2026,2024-2025,100.0,exact,Jefferson Lerma,Crystal Palace,1994-10-25,6.0,31.9,0.7529089664613279,CDM,"MF,DF",Jefferson Lerma,3.98,2.34,7.41,-2.02,-0.3403,-28.8,0,0,0,1,0,0,0,1,0,0,0,0,0
jeffrey gouweleeuw|1991,11756.0,5,0.024592231377164958,0.06999327391962333,0.04994054696789537,0.0672554347826087,0.5769715823104086,0.1759413908290313,0.8215665873959572,4.116750891795482,1.4212990487514863,1.2664999159239954,4.780023781212842,1.2407104637336503,1.8953804347826086,0.0,,1,Jeffrey Gouweleeuw,Augsburg,Bundesliga,34.0,1991.0,DF,2025-2026,2024-2025,100.0,exact,Jeffrey Gouweleeuw,FC Augsburg,1991-07-10,1.0,35.2,0.7529089664613279,CB,DF,Jeffrey Gouweleeuw,1.41,1.14,3.77,0.41,0.1862,20.5,1,0,0,0,0,0,1,0,0,0,0,0,0
jens castrop|2003,1584.0,1,0.17045454545454544,0.056818181818181816,,,,,,,,,,,,,,0,Jens Castrop,Gladbach,Bundesliga,22.0,2003.0,MF,2025-2026,,100.0,exact,Jens Castrop,Borussia Mönchengladbach,2003-07-29,10.0,23.2,2.754277891854894,CM,MF,Jens Castrop,9.1,5.0,18.53,-0.9,-0.0858,-8.2,1,0,0,0,0,0,0,0,1,0,0,0,0
jens odgaard|1999,4021.0,4,0.28143950519168637,0.04664743179972702,0.18550675098273794,0.08299180327868852,2.27387483153319,0.9350026638252531,1.6489488976243376,2.248846351051102,0.910613570329858,0.3327516801713861,0.5629806870620406,1.0090582806357888,1.9825819672131146,0.0,,1,Jens Odgaard,Bologna,Serie A,27.0,1999.0,MF,2026-2027,2024-2025,100.0,exact,Jens Odgaard,Bologna Football Club 1909,1999-03-31,12.0,27.5,2.754277891854894,CAM,MF,Jens Odgaard,5.12,2.91,14.89,-6.88,-0.7541,-53.0,0,0,0,0,1,1,0,0,0,0,0,0,0
jens stage|1996,8846.0,4,0.3056907339358427,0.10994140431025923,0.22733140818753186,0.11433756805807622,1.768894627073195,0.7049608355091385,1.031934771530491,3.7027348394768134,1.9492101240020383,0.7391995232893039,1.8742993035501951,1.7122473246135552,1.3883847549909256,0.0,,1,Jens Stage,Werder Bremen,Bundesliga,28.0,1996.0,MF,2025-2026,2024-2025,100.0,exact,Jens Stage,SV Werder Bremen,1996-11-08,14.0,29.9,1.754962354551677,CAM,MF,Jens Stage,8.79,4.65,18.49,-5.21,-0.4271,-34.8,1,0,0,0,0,1,0,0,0,0,0,0,0
jeong woo yeong|1999,5734.0,6,0.23589321151757967,0.13311116935634854,0.22915874935221972,0.12114014251781473,1.8769018541810365,0.5238250652741514,2.4346173777854556,3.8431508032475388,1.0260839523233718,0.6419665256299847,0.7617896009673518,0.7027120400760063,0.997624703087886,0.0,,1,Jeong Woo-yeong,Union Berlin,Bundesliga,27.0,1999.0,"MF,FW",2026-2027,2024-2025,95.0,fuzzy,Woo-yeong Jeong,1.FC Union Berlin,1999-09-20,3.5,27.0,,CAM,"MF,FW",Jeong Woo-yeong,5.21,2.83,15.64,1.71,0.3221,38.0,1,0,0,0,0,1,0,0,0,0,0,0,0
jeremie boga|1997,6698.0,6,0.25536164344476675,0.2040039944838081,0.1921116946596641,0.23908918406072105,2.2740911997638844,1.2347144395064455,5.463834433986792,3.4818782174613907,0.8540897509229889,0.2953064815255124,0.17549789402527172,1.055327336071967,0.25616698292220114,0.0,,1,Jeremie Boga,Juventus,Serie A,29.0,1997.0,"MF,FW",2026-2027,2024-2025,100.0,exact,Jérémie Boga,Juventus FC,1997-01-03,8.0,29.7,2.754277891854894,CAM,"MF,FW",Jeremie Boga,11.97,7.56,20.42,3.97,0.3653,44.1,0,0,0,0,1,1,0,0,0,0,0,0,0
jeremie frimpong|2000,10544.0,6,0.1895904532466805,0.19362429267746092,0.2201515040082371,0.1633535004321521,1.385746804412537,0.45601105481345,4.866367581084063,2.126057218504082,1.3132308597484736,0.4064093226511289,0.9518276090314041,0.9624181804809885,0.5056179775280899,0.0,,1,Jeremie Frimpong,Liverpool,Premier League,25.0,2000.0,"DF,MF",2026-2027,2024-2025,100.0,exact,Jeremie Frimpong,Liverpool FC,2000-12-10,35.0,25.8,3.753593429158111,FULLBACK,"DF,MF",Jeremie Frimpong,41.32,27.97,52.28,6.32,0.1618,17.6,0,0,0,1,0,0,0,0,0,1,0,0,0
jeremy doku|2002,6766.0,5,0.23741807839742796,0.3079015704216644,0.12655753150394536,0.28496042216358836,2.137999258068505,0.669118234870893,11.44529501825462,3.964197385466965,1.9439406430338004,0.45505131692840356,0.17171122364856906,0.6932045695442233,0.0,0.0,,1,Jeremy Doku,Manchester City,Premier League,23.0,2002.0,"MF,FW",2025-2026,2024-2025,100.0,exact,Jérémy Doku,Manchester City,2002-05-27,75.0,24.3,1.754962354551677,CAM,"MF,FW",Jeremy Doku,52.5,16.41,58.22,-22.5,-0.351,-29.6,0,0,0,1,0,1,0,0,0,0,0,0,0
jeremy jacquet|2005,3271.0,4,0.0,0.03876272513703994,0.07639323731997495,0.07766990291262135,0.6311360448807853,0.20020762271985762,0.989355040701315,4.101440200375705,2.3982467125860985,1.6703210649960847,4.226675015654352,1.127113337507827,1.8446601941747571,0.0,,1,Jérémy Jacquet,Liverpool,Premier League,21.0,2005.0,DF,2026-2027,2024-2025,100.0,exact,Jérémy Jacquet,Stade Rennais FC,2005-07-13,55.0,21.2,4.7529089664613275,CB,DF,Jérémy Jacquet,41.5,23.92,46.1,-13.5,-0.2758,-24.1,0,0,0,1,0,0,1,0,0,0,0,0,0
jeremy le douaron|1998,5434.0,5,0.31564625850340133,0.05714285714285715,0.3330015445340656,0.0,2.536124935644414,0.8823529411764706,2.202505577484126,1.214003775527716,0.9236313712030205,0.2204081632653061,0.8278702591384933,0.9699673931697271,2.6470588235294117,0.0,,1,Jérémy Le Douaron,Troyes,Ligue 1,28.0,1998.0,FW,2026-2027,2024-2025,100.0,exact,Jérémy Le Douaron,Stade Brestois 29,1998-04-21,5.0,28.4,2.754277891854894,ST,FW,Jérémy Le Douaron,6.09,4.1,12.67,1.09,0.1663,18.1,0,0,1,0,0,0,0,0,0,0,0,1,0
jeremy toljan|1994,9585.0,5,0.0162708836259611,0.13399551221379727,0.020885259991405242,,0.29630297768707786,0.028445006321112513,1.7198109153416417,3.937258272453803,0.8586162440911046,0.8087586272904193,2.12204555221315,0.8560378169316718,,0.0,,0,Jeremy Toljan,Levante,La Liga,32.0,1994.0,DF,2026-2027,,100.0,exact,Jeremy Toljan,Levante UD,1994-08-08,2.0,32.1,0.7529089664613279,CB,DF,Jeremy Toljan,3.27,1.41,6.45,1.27,0.354,42.5,0,1,0,0,0,0,1,0,0,0,0,0,0
jesper karlstrom|1995,6782.0,3,0.03205004812319538,0.03378248315688163,0.019774011299435026,0.03107344632768362,0.48271865121180196,0.07302423603793466,0.6497175141242938,3.813559322033899,1.7231638418079098,1.00827718960539,2.3163841807909606,0.7909604519774012,0.8757062146892656,,,1,Jesper Karlström,Udinese,Serie A,31.0,1995.0,MF,2026-2027,2024-2025,100.0,exact,Jesper Karlström,Udinese Calcio,1995-06-21,4.0,31.3,1.754962354551677,CM,MF,Jesper Karlström,2.92,1.39,6.52,-1.08,-0.2421,-21.5,0,0,0,0,1,0,0,0,1,0,0,0,0
jesper lindstr m|2000,5703.0,5,0.10447029690200428,0.07196842675471406,0.22023883182774412,0.14527845036319612,2.265844661696804,0.8580931263858093,2.8372107412448955,2.0047023883182775,2.3471723796559836,0.6198570949518921,0.9522336344511818,1.1332137111743597,0.4358353510895884,0.0,,1,Jesper Lindstrøm,Wolfsburg,Bundesliga,25.0,2000.0,FW,2025-2026,2024-2025,100.0,exact,Jesper Lindstrøm,VfL Wolfsburg,2000-02-29,4.0,26.6,1.754962354551677,WINGER,FW,Jesper Lindstrøm,4.38,2.49,17.64,0.38,0.0733,7.6,1,0,0,0,0,0,0,0,0,0,0,0,1
jessy deminguet|1998,2685.0,2,0.07626168224299065,0.0,0.039130434782608685,,0.7087850467289719,0.3157894736842105,0.9130434782608695,3.1304347826086953,1.826086956521739,1.0205607476635514,0.6521739130434783,1.0434782608695652,,0.0,,0,Jessy Deminguet,Metz,Ligue 1,27.0,1998.0,MF,2025-2026,,100.0,exact,Jessy Deminguet,FC Metz,1998-01-07,2.0,28.7,1.754962354551677,CDM,MF,Jessy Deminguet,1.85,1.3,5.74,-0.15,-0.0504,-4.9,0,0,1,0,0,0,0,1,0,0,0,0,0
jesus areso|1999,7774.0,5,0.008370795225546427,0.10230971942334521,0.00615451564272726,0.10230594348814549,0.23614431041191838,0.0,2.826880934989043,3.270285811976439,1.5386289106818145,0.6938459153619594,2.408653621994622,0.9259748535194193,0.7892172783371225,0.0,,1,Jesús Areso,Athletic Club,La Liga,27.0,1999.0,DF,2026-2027,2024-2025,100.0,exact,Jesús Areso,Athletic Bilbao,1999-07-02,5.0,27.2,4.7529089664613275,CB,DF,Jesús Areso,8.81,4.42,28.71,3.81,0.4919,63.5,0,1,0,0,0,0,1,0,0,0,0,0,0
jesus rodriguez|2005,2993.0,3,0.11516314779270632,0.29366602687140114,0.18631863186318628,0.016201620162016202,2.1828128561659446,0.6318668794164576,4.293429342934293,2.8352835283528353,1.296129612961296,0.2802303262955854,0.243024302430243,1.296129612961296,0.243024302430243,,,1,Jesus Rodríguez,Como,Serie A,20.0,2005.0,MF,2026-2027,2024-2025,100.0,exact,Jesús Rodríguez,Como 1907,2005-11-21,30.0,20.9,3.753593429158111,CAM,MF,Jesus Rodríguez,26.36,12.59,41.46,-3.64,-0.1248,-11.7,0,0,0,0,1,1,0,0,0,0,0,0,0
jesus vazquez|2003,4081.0,6,0.017958097771865647,0.0,0.05967450271247739,0.058759521218716,0.7129180327868853,0.14839501841782143,2.5246904993740436,2.1491167060787313,2.6206704687717344,0.6145660126371799,2.8543608290443734,1.7234664070107106,1.17519042437432,0.0,,1,Jesus Vazquez,Valencia,La Liga,23.0,2003.0,"DF,MF",2026-2027,2024-2025,100.0,exact,Jesús Vázquez,Valencia CF,2003-01-02,4.0,23.7,1.754962354551677,FULLBACK,"DF,MF",Jesus Vazquez,5.4,2.45,18.63,1.4,0.2464,27.9,0,1,0,0,0,0,0,0,0,1,0,0,0
jhon lucumi|1998,10317.0,5,0.01350468692075485,0.014299080269034547,0.024329655877840285,0.013771996939556237,0.3849451143373651,0.07411372339111459,1.155987433330898,3.4995250968071887,1.8227515160371153,1.02238423923597,2.9669029005625775,1.2085920946883906,1.5493496557000765,0.0,,1,Jhon Lucumí,Juventus,Serie A,28.0,1998.0,DF,2026-2027,2024-2025,100.0,exact,Jhon Lucumí,Bologna Football Club 1909,1998-06-26,22.0,28.3,0.7529089664613279,CB,DF,Jhon Lucumí,6.67,3.5,16.4,-15.33,-1.0988,-66.7,0,0,0,0,1,0,1,0,0,0,0,0,0
jim allevinah|1995,7835.0,6,0.07840217942219971,0.08125316776482515,0.16107645032125895,0.1285714285714286,1.7837229251554791,0.5289672544080605,3.4997672036502467,2.5125244436167242,1.253748021231027,0.6343449062341612,1.0542881087624545,0.7576124406369309,0.5142857142857143,0.0,,1,Jim Allevinah,Angers,Ligue 1,31.0,1995.0,MF,2026-2027,2024-2025,100.0,exact,Jim Allevinah,Angers SCO,1995-02-27,1.0,31.6,0.7529089664613279,CAM,MF,Jim Allevinah,2.41,1.57,6.51,1.41,0.5341,70.6,0,0,1,0,0,1,0,0,0,0,0,0,0
joachim andersen|1996,14852.0,6,0.01500859187505891,0.032627373641432415,0.040867810292633706,0.016835016835016835,0.5684521368222459,0.14314072515067444,0.5470161687747871,3.7551920775350243,1.2017459460727946,1.0590845484008964,5.901016121840752,1.0306713913594443,2.4242424242424243,0.0,,1,Joachim Andersen,Fulham,Premier League,30.0,1996.0,DF,2026-2027,2024-2025,100.0,exact,Joachim Andersen,Fulham FC,1996-05-31,20.0,30.3,2.754277891854894,CB,DF,Joachim Andersen,17.68,10.27,21.92,-2.32,-0.1169,-11.0,0,0,0,1,0,0,1,0,0,0,0,0,0
joakim m hle|1997,9542.0,5,0.0960444689409309,0.13720638420132986,0.08037333912153677,0.09049360146252286,0.8696773890915063,0.2596610995977081,2.824229833020667,4.255879936123041,1.677235305973736,1.1335358202479098,2.06793903781454,1.2279260143568118,0.6992687385740403,0.0,,1,Joakim Mæhle,Wolfsburg,Bundesliga,28.0,1997.0,"MF,DF",2025-2026,2024-2025,88.0,fuzzy,Joakim Maehle,VfL Wolfsburg,1997-05-20,7.0,29.4,0.7529089664613279,CDM,"MF,DF",Joakim Mæhle,6.74,3.77,16.49,-0.26,-0.0335,-3.3,1,0,0,0,0,0,0,1,0,0,0,0,0
joan garcia|2001,6813.0,5,0.0,0.0,0.0025927403270841645,0.0,0.012853470437017993,0.012948207171314738,0.0,0.029916234543278814,0.0,0.01694310683074728,0.4706820901475867,0.02592740327084164,0.5526315789473685,3.048249950563575,0.2026315789473684,1,Joan García,Barcelona,La Liga,25.0,2001.0,GK,2026-2027,2024-2025,100.0,exact,Joan García,FC Barcelona,2001-05-04,45.0,25.4,4.7529089664613275,GK,GK,Joan García,13.38,5.73,19.9,-31.62,-1.1626,-68.7,0,1,0,0,0,0,0,0,0,0,1,0,0
joan jordan|1994,5925.0,5,0.16612239102655119,0.08433906005963368,0.1818626041966082,0.1463932107496464,0.817833309669175,0.24884351571223484,0.4397815464213855,6.713135958608796,1.9919517102615696,0.7488286241658384,1.0270192584075886,0.8174762862891637,1.0183875530410185,0.0,,1,Joan Jordán,Sevilla,La Liga,31.0,1994.0,MF,2025-2026,2024-2025,100.0,exact,Joan Jordán,Sevilla FC,1994-07-06,1.0,32.2,0.7529089664613279,CAM,MF,Joan Jordán,3.88,1.09,7.87,2.88,0.8927,144.2,0,1,0,0,0,1,0,0,0,0,0,0,0
joao cancelo|1994,9179.0,5,0.13172392244569062,0.16132480389416043,0.0665907797381901,,1.2968620318211517,0.37735849056603776,4.062260275667517,6.2760139565959765,2.2315706119620895,1.2077159630975678,1.7282423102620572,1.0467446982257305,,0.0,,0,João Cancelo,Barcelona,La Liga,32.0,1994.0,DF,2026-2027,,100.0,exact,João Cancelo,Al-Hilal Saudi Football Club,1994-05-27,8.0,32.3,0.7529089664613279,FULLBACK,DF,João Cancelo,6.33,1.81,9.97,-1.67,-0.2059,-18.6,0,1,0,0,0,0,0,0,0,1,0,0,0
joao gomes|2001,9234.0,5,0.06106096649805481,0.030144021435748576,0.07458034302396303,0.0363147276395427,0.8157314620458278,0.217854878681344,1.4423427806836153,4.309238535457974,3.838492884077363,0.9112769557114762,1.0194927624376597,1.4573956939545067,0.3328850033624748,0.0,,1,João Gomes,Aston Villa,Premier League,25.0,2001.0,MF,2026-2027,2024-2025,100.0,exact,João Gomes,Wolverhampton Wanderers,2001-02-12,40.0,25.6,3.753593429158111,CDM,MF,João Gomes,27.88,22.52,42.46,-12.12,-0.3504,-29.6,0,0,0,1,0,0,0,1,0,0,0,0,0
joao neves|2004,3460.0,3,0.21285117583109228,0.20770155060937234,0.14642082429501085,0.19522776572668116,1.6154500447100393,0.48090554186386336,1.70824295010846,7.028199566160521,3.074837310195228,0.9286490816501688,1.0737527114967462,1.4154013015184383,1.024945770065076,,,1,João Neves,Paris S-G,Ligue 1,22.0,2004.0,MF,2026-2027,2024-2025,100.0,exact,João Neves,Paris Saint-Germain,2004-09-27,140.0,22.0,2.754277891854894,CAM,MF,João Neves,27.71,11.14,53.37,-112.29,-1.5916,-79.6,0,0,1,0,0,1,0,0,0,0,0,0,0
joao palhinha|1995,8679.0,4,0.14238684085013317,0.045019368798203875,0.09874433923425278,0.026745913818722145,1.351628026011191,0.3745772999219631,0.2797447509263072,3.3235899547138743,4.38699053108275,1.2270395402673242,1.748867846850556,1.7081103334705643,2.674591381872214,0.0,,1,João Palhinha,Tottenham,Premier League,30.0,1995.0,MF,2025-2026,2024-2025,100.0,exact,João Palhinha,Tottenham Hotspur,1995-07-09,15.0,31.2,1.754962354551677,CM,MF,João Palhinha,8.98,4.61,10.17,-6.02,-0.4723,-37.6,0,0,0,1,0,0,0,0,1,0,0,0,0
joao pedro|2001,8658.0,5,0.48142860015685646,0.22804512639008992,0.4402662866622711,0.23100616016427103,2.4496498796800137,0.8558552174714077,3.279026735010741,3.8207456877299704,1.0087840568305082,0.31491946025298123,0.8460769508901037,0.6450858200225451,1.8942505133470224,0.0,,1,João Pedro,Chelsea,Premier League,25.0,2001.0,"FW,MF",2026-2027,2024-2025,100.0,exact,João Pedro,Chelsea FC,2001-09-26,80.0,25.0,6.754277891854894,WINGER,"FW,MF",João Pedro,78.07,47.31,86.52,-1.93,-0.0241,-2.4,0,0,0,1,0,0,0,0,0,0,0,0,1
joaquin panichelli|2002,2419.0,2,0.6226631056848532,0.03891644410530332,0.23893805309734512,,2.4425791682563904,1.2722298221614228,1.1946902654867257,2.3893805309734515,1.1946902654867257,0.5265165967188097,1.592920353982301,0.39823008849557523,,0.0,,0,Joaquín Panichelli,Strasbourg,Ligue 1,22.0,2002.0,FW,2025-2026,,100.0,exact,Joaquín Panichelli,RC Strasbourg Alsace,2002-10-07,35.0,24.0,3.753593429158111,ST,FW,Joaquín Panichelli,13.18,7.68,31.26,-21.82,-0.9316,-60.6,0,0,1,0,0,0,0,0,0,0,0,1,0
jobe bellingham|2005,2085.0,2,0.0,0.09162951956414066,,,0.9574468085106381,0.3023516237402016,,,,2.171867261020307,,,,,,0,Jobe Bellingham,Dortmund,Bundesliga,21.0,2005.0,MF,2026-2027,,100.0,exact,Jobe Bellingham,Borussia Dortmund,2005-09-23,40.0,21.0,3.753593429158111,CDM,MF,Jobe Bellingham,16.44,8.4,30.16,-23.56,-0.8548,-57.5,1,0,0,0,0,0,0,1,0,0,0,0,0
joe gomez|1997,4709.0,5,0.0,0.09846348341923564,0.035342225683964563,0.017341040462427747,0.7155013128464457,0.22676667057306923,1.6298315645993575,5.745302307467627,2.1964755135819294,1.1553048721190315,2.8536656605977995,1.29685522344465,1.560693641618497,0.0,,1,Joe Gomez,Liverpool,Premier League,28.0,1997.0,DF,2025-2026,2024-2025,100.0,exact,Joe Gomez,Liverpool FC,1997-05-23,13.0,29.3,0.7529089664613279,CB,DF,Joe Gomez,9.87,2.91,15.04,-3.13,-0.253,-22.4,0,0,0,1,0,0,1,0,0,0,0,0,0
joe rodon|1997,4580.0,4,0.05860744698614125,0.0,0.055762081784386616,,0.5343896917987114,0.21348695357505929,0.3097893432465923,3.035935563816605,0.6815365551425031,0.8941392553013858,3.5192069392812884,1.0408921933085502,,0.0,,0,Joe Rodon,Leeds United,Premier League,28.0,1997.0,DF,2026-2027,,100.0,exact,Joe Rodon,Leeds United,1997-10-22,18.0,28.9,1.754962354551677,CB,DF,Joe Rodon,7.17,3.01,14.48,-10.83,-0.8437,-57.0,0,0,0,1,0,0,1,0,0,0,0,0,0
joe scally|2002,11795.0,6,0.04959644601193706,0.06943502441671189,0.02089173090399439,0.03840186190845617,0.4147759500850822,0.2115606936416185,1.6319201121233355,2.57270497547302,1.562281009110021,0.5951573521432447,2.8919936930623686,1.147074281709881,0.8378588052754072,0.0,,1,Joe Scally,Gladbach,Bundesliga,23.0,2002.0,"DF,MF",2026-2027,2024-2025,100.0,exact,Joe Scally,Borussia Mönchengladbach,2002-12-31,7.0,23.7,0.7529089664613279,FULLBACK,"DF,MF",Joe Scally,10.9,5.9,31.45,3.9,0.397,48.7,1,0,0,0,0,0,0,0,0,1,0,0,0
joe willock|1999,7370.0,6,0.10701920050361977,0.141643059490085,0.17971514889943893,0.17403314917127072,1.6542960401041467,0.411625417626261,3.1566681053085888,3.643504531722054,2.3047043590850236,0.6185080264400379,0.5308588692274493,1.8618903754855418,0.4143646408839779,0.0,,1,Joe Willock,Newcastle Utd,Premier League,27.0,1999.0,MF,2026-2027,2024-2025,100.0,exact,Joe Willock,Newcastle United,1999-08-20,14.0,27.1,0.7529089664613279,CAM,MF,Joe Willock,21.2,9.85,33.82,7.2,0.3921,48.0,0,0,0,1,0,1,0,0,0,0,0,0,0
joe worrall|1997,3163.0,3,0.019091256204658267,0.0,0.029261495587552255,,0.26727758686521574,0.0,0.14929334483445028,2.430495653904851,1.9587286842279878,0.9889270714012982,5.034171587817663,1.2540640966093823,,0.0,,0,Joe Worrall,Burnley,Premier League,28.0,1997.0,DF,2025-2026,,100.0,exact,Joe Worrall,Burnley FC,1997-01-10,2.0,29.7,1.754962354551677,CB,DF,Joe Worrall,4.67,2.91,7.65,2.67,0.6374,89.2,0,0,0,1,0,0,1,0,0,0,0,0,0
joel fujita|2002,2665.0,1,0.03377110694183865,0.10131332082551595,,,1.0806754221388368,0.23639774859287055,,,,1.148217636022514,,,,,,0,Joel Fujita,St Pauli,Bundesliga,23.0,2002.0,MF,2025-2026,,80.0,surname,Joel Chima Fujita,FC St. Pauli,2002-02-16,10.0,24.6,,CM,MF,Joel Fujita,7.0,2.45,17.49,-3.0,-0.3185,-27.3,1,0,0,0,0,0,0,0,1,0,0,0,0
joel roca|2005,1557.0,2,0.18027571580063625,0.060091905266878756,0.3214285714285714,,2.9551078119476846,0.9775967413441955,3.2142857142857144,0.0,2.142857142857143,0.12018381053375751,1.0714285714285714,1.0714285714285714,,0.0,,0,Joel Roca,Girona,La Liga,20.0,2005.0,"MF,FW",2025-2026,,100.0,exact,Joel Roca,Girona FC,2005-06-07,6.0,21.3,2.754277891854894,CAM,"MF,FW",Joel Roca,9.13,6.12,17.96,3.13,0.3692,44.7,0,1,0,0,0,1,0,0,0,0,0,0,0
joel schingtienne|2002,1572.0,2,0.0,0.0,0.0,0.008021390374331552,0.0,0.0,0.40106951871657753,2.2459893048128343,2.1657754010695185,0.9234291528873061,2.0053475935828877,1.4438502673796791,0.32085561497326204,,,1,Joël Schingtienne,Venezia,Serie A,24.0,2002.0,DF,2026-2027,2024-2025,100.0,exact,Joël Schingtienne,Oud-Heverlee Leuven,2002-08-14,2.0,24.1,2.754277891854894,CB,DF,Joël Schingtienne,2.86,2.06,11.44,0.86,0.251,28.5,0,0,0,0,1,0,1,0,0,0,0,0,0
joel veltman|1992,9404.0,5,0.041825095057034224,0.020278833967046897,0.03478441205859618,0.02651738361814968,0.367553865652725,0.06744941294029479,1.5220301276371109,4.89187609585038,2.5502912841009784,1.1622306717363753,3.0610282611564634,1.13006919175732,1.1137301119622864,0.0,,1,Joël Veltman,Brighton,Premier League,33.0,1992.0,DF,2025-2026,2024-2025,100.0,exact,Joël Veltman,Brighton & Hove Albion,1992-01-15,1.5,34.7,,CB,DF,Joël Veltman,2.7,1.38,4.52,1.2,0.3909,47.8,0,0,0,1,0,0,1,0,0,0,0,0,0
joelinton|1996,10842.0,5,0.13565726902173916,0.06878396739130435,0.17796235317245784,0.09402423735896365,1.5715225883152175,0.4984753251602465,1.7560328303926867,4.196195999410231,2.338428269523763,1.1979874320652175,1.481790927409446,1.5333955865729592,2.218972001671542,0.0,,1,Joelinton,Newcastle Utd,Premier League,28.0,1996.0,"MF,FW",2025-2026,2024-2025,100.0,exact,Joelinton,Newcastle United,1996-08-14,25.0,30.1,1.754962354551677,CM,"MF,FW",Joelinton,19.51,11.14,25.43,-5.49,-0.2372,-21.1,0,0,0,1,0,0,0,0,1,0,0,0,0
jofre|2001,3095.0,2,0.11466272323967694,0.07985439654191787,0.10392609699769052,0.10392609699769052,1.8653168012740302,0.5098396086907063,2.7020785219399537,1.995381062355658,0.9145496535796767,0.6081219428961437,1.20554272517321,0.5404157043879907,0.20785219399538105,,,1,Jofre,Espanyol,La Liga,24.0,2001.0,"MF,FW",2025-2026,2024-2025,90.0,fuzzy,Jofre Carreras,RCD Espanyol Barcelona,2001-06-17,3.0,25.3,2.754277891854894,CAM,"MF,FW",Jofre,5.94,2.64,20.05,2.94,0.5505,73.4,0,1,0,0,0,1,0,0,0,0,0,0,0
johan manzambi|2005,2511.0,3,0.2831140140236288,0.21827874363653824,0.3492537313432836,0.10746268656716416,2.29175070592981,0.58995562726906,1.8805970149253728,2.6865671641791042,2.1492537313432836,1.1043607722601094,1.8805970149253728,1.6119402985074627,2.417910447761194,,,1,Johan Manzambi,Aston Villa,Premier League,20.0,2005.0,MF,2026-2027,2024-2025,100.0,exact,Johan Manzambi,SC Freiburg,2005-10-14,50.0,21.0,3.753593429158111,CAM,MF,Johan Manzambi,36.86,22.82,44.52,-13.14,-0.298,-25.8,0,0,0,1,0,1,0,0,0,0,0,0,0
johan mojica|1992,11782.0,6,0.012680048399661864,0.09771096119739436,0.03253483104229373,0.13393829401088927,0.5850381899929579,0.0800019482970666,2.5022496664287712,3.943277376113197,1.2734663480932138,0.809285441978419,2.330499270797778,0.562726906010488,0.294010889292196,0.0,,1,Johan Mojica,Getafe,La Liga,34.0,1992.0,DF,2026-2027,2024-2025,100.0,exact,Johan Mojica,RCD Mallorca,1992-08-21,1.5,34.1,0.7529089664613279,CB,DF,Johan Mojica,1.54,1.1,4.5,0.04,0.0166,1.7,0,1,0,0,0,0,1,0,0,0,0,0,0
johan vasquez|1998,13536.0,6,0.059049643063449835,0.005776595517076615,0.060985204172271136,0.00887865833607366,0.8564299683053477,0.19684036182953243,0.9775905387914625,2.6735273963911377,1.7701697840265969,1.3902339877764385,4.11364616907342,1.617135751084943,2.752384084182834,0.0,,1,Johan Vásquez,Genoa,Serie A,27.0,1998.0,DF,2026-2027,2024-2025,100.0,exact,Johan Vásquez,Genoa CFC,1998-10-22,12.0,27.9,1.754962354551677,CB,DF,Johan Vásquez,16.96,5.87,37.93,4.96,0.3229,38.1,0,0,0,0,1,0,1,0,0,0,0,0,0
johann lepenant|2002,6497.0,4,0.0362163635655594,0.046730791697496,0.0550744178810351,0.03955078125,0.8937263912146111,0.25439741915661723,1.0968210340714617,4.6626562256910224,2.823730747290359,1.0350870360995363,0.9568013275942538,1.5052118446299847,0.87890625,0.0,,1,Johann Lepenant,Nantes,Ligue 1,22.0,2002.0,MF,2025-2026,2024-2025,100.0,exact,Johann Lepenant,FC Nantes,2002-10-22,7.0,23.9,2.754277891854894,CDM,MF,Johann Lepenant,18.01,6.59,36.94,11.01,0.8654,137.6,0,0,1,0,0,0,0,1,0,0,0,0,0
john donald|2000,1937.0,3,0.08934306569343065,0.0,0.023195876288659798,,0.6096350364963503,0.2706766917293233,0.2938144329896907,2.0567010309278353,1.7628865979381443,1.114160583941606,1.8711340206185567,1.2371134020618557,,0.0,,0,John Donald,Elche,La Liga,24.0,2000.0,"DF,MF",2025-2026,,100.0,exact,John Donald,Elche CF,2000-09-25,1.0,26.0,1.754962354551677,FULLBACK,"DF,MF",John Donald,2.2,1.38,7.15,1.2,0.4694,59.9,0,1,0,0,0,0,0,0,0,1,0,0,0
john mcginn|1994,13576.0,6,0.12169830103530663,0.1635087602867003,0.11950751307340969,0.1417004048582996,1.2349817635700495,0.37115962470104863,1.4548222678228635,4.923280598398094,1.7896339445290261,0.6458222723652774,0.6982193685046666,1.077116568478189,0.688259109311741,0.0,,1,John McGinn,Aston Villa,Premier League,31.0,1994.0,MF,2026-2027,2024-2025,100.0,exact,John McGinn,Aston Villa,1994-10-18,13.0,31.9,1.754962354551677,CAM,MF,John McGinn,8.73,5.76,20.02,-4.27,-0.3637,-30.5,0,0,0,1,0,1,0,0,0,0,0,0,0
john stones|1994,5116.0,6,0.1124073237490367,0.023916451861497167,0.06709741550695825,0.016423357664233577,0.3409952008082849,0.1604168094879002,1.5017040613462083,4.52747798920761,0.706120420335132,0.6218277483989264,2.2046293666571994,0.8147543311559216,1.3138686131386863,0.0,,1,John Stones,Inter,Serie A,32.0,1994.0,DF,2026-2027,2024-2025,100.0,exact,John Stones,Manchester City,1994-05-28,12.0,32.3,,CB,DF,John Stones,2.38,1.06,3.76,-9.62,-1.3464,-74.0,0,0,0,0,1,0,1,0,0,0,0,0,0
john yeboah|2000,1605.0,2,0.12628624883068287,0.04974912832723871,0.2202283849918434,0.13947797716150082,2.202283849918434,0.734094616639478,3.6704730831973906,3.0831973898858074,0.4404567699836868,0.19899651330895485,0.1468189233278956,0.2936378466557912,0.4404567699836868,,,1,John Yeboah,Venezia,Serie A,26.0,2000.0,FW,2026-2027,2024-2025,100.0,exact,John Yeboah,Venezia FC,2000-06-23,1.5,26.3,1.754962354551677,WINGER,FW,John Yeboah,2.37,1.89,8.41,0.87,0.2976,34.7,0,0,0,0,1,0,0,0,0,0,0,0,1
johnny cardoso|2001,4586.0,4,0.0726746631226553,0.07721682956782126,0.08113198071514664,0.037779850746268655,0.6376700726736243,0.1906824055318852,0.7616010445962234,3.0012053033346726,2.5921554841301724,1.91376612889659,2.5107975090397745,1.2000301325833667,1.2173507462686566,0.0,,1,Johnny Cardoso,Atlético Madrid,La Liga,25.0,2001.0,MF,2026-2027,2024-2025,100.0,exact,Johnny Cardoso,Atlético de Madrid,2001-09-20,20.0,25.0,3.753593429158111,CDM,MF,Johnny Cardoso,10.38,4.72,23.65,-9.62,-0.6126,-45.8,0,1,0,0,0,0,0,1,0,0,0,0,0
jon aramburu|2002,6372.0,4,0.02814610958218664,0.012196647485614212,0.01489136626251119,0.0402439024390244,0.574231025616608,0.14104978450727368,0.9569533729351452,3.6496053381072504,3.764342094556107,1.47485614210658,3.4836032223940108,1.4451948897387905,1.4634146341463414,0.0,,1,Jon Aramburu,Real Sociedad,La Liga,24.0,2002.0,DF,2026-2027,2024-2025,100.0,exact,Jon Aramburu,Real Sociedad,2002-07-23,15.0,24.2,3.753593429158111,CB,DF,Jon Aramburu,16.73,6.54,32.18,1.73,0.1027,10.8,0,1,0,0,0,0,1,0,0,0,0,0,0
jon gorrotxategi|2002,2343.0,2,0.03803131991051454,0.11409395973154363,,,0.5294117647058824,0.04072398190045248,,,,1.313199105145414,,,,,,0,Jon Gorrotxategi,Real Sociedad,La Liga,24.0,2002.0,MF,2026-2027,,100.0,exact,Jon Gorrotxategi,Real Sociedad,2002-02-02,25.0,24.7,3.753593429158111,CDM,MF,Jon Gorrotxategi,9.16,2.99,26.31,-15.84,-0.9399,-60.9,0,1,0,0,0,0,0,1,0,0,0,0,0
jon guridi|1995,6553.0,5,0.09947249434815374,0.05538809344385833,0.1613065911471467,0.05192307692307692,1.0933884297520662,0.3949174395874059,1.0945804399270669,3.6590759203941503,1.5851340342165496,0.6510926902788243,0.7227373239709819,0.8030414710788687,2.0336538461538463,0.0,,1,Jon Guridi,Sevilla,La Liga,31.0,1995.0,"MF,FW",2026-2027,2024-2025,100.0,exact,Jon Guridi,Deportivo Alavés,1995-02-28,1.8,31.6,1.754962354551677,CM,"MF,FW",Jon Guridi,2.1,1.18,5.94,0.3,0.1005,10.6,0,1,0,0,0,0,0,0,1,0,0,0,0
jon martin|2006,3634.0,4,0.05156897772085342,0.01971755030503219,0.05865641711229946,0.01991150442477876,0.6666932175713888,0.1763929442822287,0.3910427807486631,3.3238636363636367,1.0753676470588236,1.1314840405810778,8.023897058823529,1.2708890374331552,5.276548672566371,0.0,,1,Jon Martin,Real Sociedad,La Liga,20.0,2006.0,DF,2026-2027,2024-2025,100.0,exact,Jon Martín,Real Sociedad,2006-04-23,25.0,20.4,4.7529089664613275,CB,DF,Jon Martin,21.12,11.33,27.03,-3.88,-0.1616,-14.9,0,1,0,0,0,0,1,0,0,0,0,0,0
jon moncayola|1998,12771.0,6,0.013204117728565725,0.08509320313964576,0.059652029826014905,0.1586469747498809,0.8535039750418775,0.23141842436894564,0.9634972464545055,4.998781617037866,2.204785808275257,0.7203579783028633,1.0161313904186362,1.4006530532677028,0.6431634111481658,0.0,,1,Jon Moncayola,Osasuna,La Liga,28.0,1998.0,MF,2026-2027,2024-2025,100.0,exact,Jon Moncayola,CA Osasuna,1998-05-13,7.0,28.4,4.7529089664613275,CAM,MF,Jon Moncayola,14.1,5.72,35.07,7.1,0.635,88.7,0,1,0,0,0,1,0,0,0,0,0,0,0
jon pacheco|2001,5689.0,5,0.01326607487962265,0.020636116479413012,0.033361847733105215,0.010538641686182671,0.2211012479937109,0.037687513855703625,0.9324208725406331,3.1080695751354432,1.4599372683205019,0.6868878771004618,3.806672369546621,0.8953521528371828,2.002341920374707,0.0,,1,Jon Pacheco,Alavés,La Liga,24.0,2001.0,DF,2025-2026,2024-2025,100.0,exact,Jon Pacheco,Deportivo Alavés,2001-01-08,5.0,25.7,3.753593429158111,CB,DF,Jon Pacheco,10.5,4.03,21.1,5.5,0.6504,91.6,0,1,0,0,0,0,1,0,0,0,0,0,0
jonas fohrenbach|1996,6945.0,3,0.01730123370235093,0.030531588886501645,0.015457593849676942,0.06386462882096071,0.3195639636787172,0.04262641890718492,1.5899239388239146,3.0013494724789407,1.805226138872986,1.0665701717684575,2.5229001390365586,1.2568495951582566,0.6877729257641921,0.0,,1,Jonas Föhrenbach,Heidenheim,Bundesliga,29.0,1996.0,"DF,MF",2025-2026,2024-2025,100.0,exact,Jonas Föhrenbach,1. Fußballclub Heidenheim 1846,1996-01-26,1.0,30.7,0.7529089664613279,FULLBACK,"DF,MF",Jonas Föhrenbach,2.02,1.27,4.98,1.02,0.4124,51.0,1,0,0,0,0,0,0,0,0,1,0,0,0
jonas hofmann|1992,8331.0,5,0.28713222261609356,0.25067098799817694,0.25337934316991906,0.10112359550561797,2.0904441180938873,0.7579294246876287,2.5316515944788196,4.365064255116612,0.901713469776297,0.31903580290677064,0.4669205140409329,0.8867206092336982,0.0,0.0,,1,Jonas Hofmann,Leverkusen,Bundesliga,33.0,1992.0,"MF,DF",2025-2026,2024-2025,100.0,exact,Jonas Hofmann,Bayer 04 Leverkusen,1992-07-14,1.5,34.2,0.7529089664613279,CAM,"MF,DF",Jonas Hofmann,3.43,1.72,5.94,1.93,0.5721,77.2,1,0,0,0,0,1,0,0,0,0,0,0,0
jonas urbig|2003,1831.0,2,0.0,0.0,0.0,0.0,0.0,0.0,0.0,0.375,0.0,0.0,1.125,0.0,0.25,2.3960066555740434,-0.2125,1,Jonas Urbig,Bayern Munich,Bundesliga,21.0,2003.0,GK,2025-2026,2024-2025,100.0,exact,Jonas Urbig,Bayern Munich,2003-08-08,18.0,23.1,2.754277891854894,GK,GK,Jonas Urbig,8.29,3.95,14.86,-9.71,-0.7152,-51.1,1,0,0,0,0,0,0,0,0,0,1,0,0
jonas wind|1999,7569.0,5,0.3699799725940761,0.14094475146440996,0.299371479598846,0.19226856561546288,2.0491198482133446,0.6536238328145842,0.659946421211705,3.726301689792554,0.5208476439071302,0.16533903537171166,0.7109493062233824,0.6553097953015524,4.486266531027467,0.0,,1,Jonas Wind,Wolfsburg,Bundesliga,26.0,1999.0,"FW,MF",2025-2026,2024-2025,100.0,exact,Jonas Wind,VfL Wolfsburg,1999-02-07,4.0,27.6,2.754277891854894,ST,"FW,MF",Jonas Wind,14.58,7.78,24.79,10.58,1.1368,211.7,1,0,0,0,0,0,0,0,0,0,0,1,0
jonathan burkardt|2000,8443.0,6,0.7068484739952416,0.11166824426309191,0.5272250030521304,0.13229018492176386,2.784241142252776,1.2944602924454909,1.675619582468563,1.8239531192772556,0.6446099377365401,0.15886822379697613,0.43401294103284094,0.6940544500061043,0.8534850640113798,0.0,,1,Jonathan Burkardt,Eint Frankfurt,Bundesliga,26.0,2000.0,FW,2026-2027,2024-2025,100.0,exact,Jonathan Burkardt,Eintracht Frankfurt,2000-07-11,30.0,26.2,3.753593429158111,ST,FW,Jonathan Burkardt,32.52,20.44,44.7,2.52,0.0781,8.1,1,0,0,0,0,0,0,0,0,0,0,1,0
jonathan clauss|1992,12962.0,6,0.0778317926500592,0.23349537795017755,0.08960987084461408,0.3009118541033435,1.0586512119924416,0.2541501597006128,2.4699303182282186,4.637610403444144,1.9373307886911366,1.5777940102264427,2.130398118148329,0.9440326661044783,0.6252713851498046,0.0,,1,Jonathan Clauss,Nice,Ligue 1,34.0,1992.0,"MF,DF",2026-2027,2024-2025,100.0,exact,Jonathan Clauss,OGC Nice,1992-09-25,4.0,34.0,1.754962354551677,CAM,"MF,DF",Jonathan Clauss,6.21,3.43,9.59,2.21,0.3658,44.2,0,0,1,0,0,1,0,0,0,0,0,0,0
jonathan david|2000,13093.0,6,0.5564702303190823,0.16831009860591636,0.5922912861904701,0.15505090054815976,2.3606992208366337,0.9017155279698797,1.5677960690157213,2.4884739658497335,0.8206791739569099,0.27702714794466615,0.2999961686313074,0.506890078032209,0.5638214565387627,0.0,,1,Jonathan David,Atlético Madrid,La Liga,26.0,2000.0,FW,2026-2027,2024-2025,100.0,exact,Jonathan David,Juventus FC,2000-01-14,30.0,26.7,3.753593429158111,ST,FW,Jonathan David,38.88,21.6,58.87,8.88,0.2518,28.6,0,1,0,0,0,0,0,0,0,0,0,1,0
jonathan fischer|2001,2354.0,1,0.0,0.0,,,0.0,0.0,,,,0.0,,,,3.5174171622769754,,0,Jonathan Fischer,Metz,Ligue 1,23.0,2001.0,GK,2025-2026,,100.0,exact,Jonathan Fischer,FC Metz,2001-11-09,2.0,24.9,2.754277891854894,GK,GK,Jonathan Fischer,6.53,2.73,18.75,4.53,0.9198,150.9,0,0,1,0,0,0,0,0,0,0,1,0,0
jonathan gradit|1992,11020.0,6,0.015289035577343107,0.016381109547153327,0.023338779548213992,0.029829545454545456,0.3603043564750349,0.11366120218579236,1.0225893004361968,6.514622337475455,1.7402904981038179,1.3869339416589819,3.7261103533044535,1.2128070990661493,2.7272727272727275,0.0,,1,Jonathan Gradit,Lens,Ligue 1,33.0,1992.0,DF,2026-2027,2024-2025,100.0,exact,Jonathan Gradit,RC Lens,1992-11-24,2.5,33.8,1.754962354551677,CB,DF,Jonathan Gradit,3.72,1.39,6.12,1.22,0.2984,34.8,0,0,1,0,0,0,1,0,0,0,0,0,0
jonathan ikone|1998,7374.0,5,0.19639599706769864,0.073648498900387,0.2326751257601922,0.03089244851258581,2.1971802171948784,0.6945645665624376,3.2051955852541485,3.1556423154891506,1.2928898565958404,0.24089196515334915,0.28155266911930327,0.7838426308281402,0.4118993135011441,0.0,,1,Jonathan Ikone,Paris FC,Ligue 1,27.0,1998.0,"MF,FW",2025-2026,2024-2025,100.0,exact,Jonathan Ikoné,Paris FC,1998-05-02,4.0,28.4,0.7529089664613279,CAM,"MF,FW",Jonathan Ikone,5.11,2.47,14.16,1.11,0.2002,22.2,0,0,1,0,0,1,0,0,0,0,0,0,0
jonathan rowe|2003,2647.0,3,0.19153464175928117,0.15535587609363918,,,2.861427714457109,0.9178164367126576,,,,0.48114720588697757,,,,,,0,Jonathan Rowe,Atalanta,Serie A,23.0,2003.0,"MF,FW",2026-2027,,100.0,exact,Jonathan Rowe,Olympique Marseille,2003-04-30,28.0,23.4,2.754277891854894,CAM,"MF,FW",Jonathan Rowe,15.71,7.4,30.96,-12.29,-0.5511,-42.4,0,0,0,0,1,1,0,0,0,0,0,0,0
jonathan tah|1996,13171.0,6,0.08960059396250612,0.022779812024365964,0.045961729622266405,0.012121212121212121,0.5990277559981183,0.21723627187448571,0.474155069582505,4.336729622266402,0.6631461232604374,1.0979869395744393,4.267395626242545,0.8387176938369781,2.3333333333333335,0.0,,1,Jonathan Tah,Bayern Munich,Bundesliga,30.0,1996.0,DF,2026-2027,2024-2025,100.0,exact,Jonathan Tah,Bayern Munich,1996-02-11,28.0,30.6,2.754277891854894,CB,DF,Jonathan Tah,10.41,3.49,20.88,-17.59,-0.9328,-60.7,1,0,0,0,0,0,1,0,0,0,0,0,0
jordan henderson|1990,6590.0,3,0.03922219685807376,0.13260837985348745,0.05782575173477255,,0.5210949011144085,0.04689942678478374,1.6942945258288356,8.29799537393986,1.3415574402467232,0.7900471081411999,0.6245181187355436,0.8962991518889746,,0.0,,0,Jordan Henderson,Brentford,Premier League,35.0,1990.0,MF,2025-2026,,100.0,exact,Jordan Henderson,Brentford FC,1990-06-17,1.2,36.3,0.7529089664613279,CM,MF,Jordan Henderson,0.98,0.66,2.42,-0.22,-0.107,-10.1,0,0,0,1,0,0,0,0,1,0,0,0,0
jordan lefort|1993,6570.0,3,0.0,0.04196428571428571,0.01764705882352941,0.03235294117647059,0.2980392156862745,0.046078431372549015,0.17647058823529413,2.6176470588235294,1.529411764705882,1.1919642857142858,6.0588235294117645,1.6470588235294117,1.1764705882352942,,,1,Jordan Lefort,Angers,Ligue 1,33.0,1993.0,DF,2026-2027,2024-2025,100.0,exact,Jordan Lefort,Angers SCO,1993-08-09,1.0,33.1,2.754277891854894,CB,DF,Jordan Lefort,1.9,1.59,3.25,0.9,0.3725,45.1,0,0,1,0,0,0,1,0,0,0,0,0,0
jordan pickford|1994,17190.0,6,0.0,0.00979858464888405,0.0,0.010526315789473686,0.0,0.0,0.008249312557286894,0.058661778185151246,0.021998166819431713,0.01905280348394121,0.6086159486709442,0.02658111824014666,0.13157894736842105,2.938399539435809,0.12631578947368421,1,Jordan Pickford,Everton,Premier League,32.0,1994.0,GK,2026-2027,2024-2025,100.0,exact,Jordan Pickford,Everton FC,1994-03-07,13.0,32.6,2.754277891854894,GK,GK,Jordan Pickford,9.6,5.9,13.51,-3.4,-0.2783,-24.3,0,0,0,1,0,0,0,0,0,0,1,0,0
jordan teze|1999,3058.0,2,0.05431502715751358,0.06155703077851539,0.18980667838312829,0.23725834797891038,0.5485817742908872,0.20096560048280024,1.4235500878734624,4.9033391915641475,2.8471001757469248,1.0645745322872662,2.3725834797891037,1.898066783831283,1.1072056239015817,,,1,Jordan Teze,Monaco,Ligue 1,25.0,1999.0,"MF,DF",2025-2026,2024-2025,100.0,exact,Jordan Teze,AS Monaco,1999-09-30,15.0,27.0,2.754277891854894,CAM,"MF,DF",Jordan Teze,7.99,2.83,20.19,-7.01,-0.576,-43.8,0,0,1,0,0,1,0,0,0,0,0,0,0
jordan torunarigha|1997,2751.0,3,0.0,0.004451038575667656,0.055900621118012424,,0.2333916083916084,0.04587155963302752,0.1863354037267081,2.236024844720497,0.7453416149068324,1.4777448071216617,5.590062111801243,0.7453416149068324,,0.0,,0,Jordan Torunarigha,Hamburger SV,Bundesliga,29.0,1997.0,DF,2026-2027,,100.0,exact,Jordan Torunarigha,Hamburger SV,1997-08-07,4.0,29.1,1.754962354551677,CB,DF,Jordan Torunarigha,1.99,1.37,5.87,-2.01,-0.5138,-40.2,1,0,0,0,0,0,1,0,0,0,0,0,0
jordan zemura|1999,5034.0,4,0.036554296052874496,0.07975482775172618,0.05707429942582913,0.06360424028268552,0.5516375586161061,0.1342067422911008,1.8690547604764762,2.722598337475362,2.092724312280401,0.8424103681276077,2.26754649070186,1.0823549575799127,0.38162544169611307,0.0,,1,Jordan Zemura,Udinese,Serie A,25.0,1999.0,"MF,DF",2025-2026,2024-2025,100.0,exact,Jordan Zemura,Udinese Calcio,1999-11-14,5.0,26.9,0.7529089664613279,CDM,"MF,DF",Jordan Zemura,3.45,1.87,12.02,-1.55,-0.2989,-25.8,0,0,0,0,1,0,0,1,0,0,0,0,0
jordy makengo|2001,3309.0,4,0.0,0.11117130783400152,0.008562820445055234,0.02416107382550335,0.06239568622416227,0.0,1.7125640890110472,3.1539721972620116,1.7173212114805223,1.0688048542637338,3.377556953327343,1.1797663724298324,0.6040268456375838,0.0,,1,Jordy Makengo,Freiburg,Bundesliga,25.0,2001.0,DF,2026-2027,2024-2025,100.0,exact,Jordy Makengo,SC Freiburg,2001-08-03,6.0,25.2,1.754962354551677,CB,DF,Jordy Makengo,4.2,1.72,15.69,-1.8,-0.297,-25.7,1,0,0,0,0,0,1,0,0,0,0,0,0
jorge cuenca|1999,6441.0,5,0.056650460149331484,0.017581177287723564,0.04361680940051783,0.0,0.5118076054870637,0.0,0.42421828321051586,3.238398725353516,1.7715594503087035,1.1291022747004686,5.658235411272655,1.1770563632742486,1.5384615384615385,0.0,,1,Jorge Cuenca,Fulham,Premier League,25.0,1999.0,DF,2025-2026,2024-2025,100.0,exact,Jorge Cuenca,Fulham FC,1999-11-17,8.0,26.9,1.754962354551677,CB,DF,Jorge Cuenca,17.42,8.4,28.57,9.42,0.7163,104.7,0,0,0,1,0,0,1,0,0,0,0,0,0
jorge de frutos|1997,8637.0,5,0.24867143303719988,0.08168039771294885,0.20761183261183258,0.12264529058116234,2.0428912354114224,0.8599574731515623,2.703823953823954,1.8578643578643577,1.2950937950937953,0.47283874676051507,0.9018759018759018,0.7503607503607503,0.5410821643286573,0.0,,1,Jorge de Frutos,Rayo Vallecano,La Liga,29.0,1997.0,"FW,MF",2026-2027,2024-2025,100.0,exact,Jorge de Frutos,Rayo Vallecano,1997-02-20,12.0,29.6,1.754962354551677,WINGER,"FW,MF",Jorge de Frutos,5.24,3.46,18.79,-6.76,-0.7347,-52.0,0,1,0,0,0,0,0,0,0,0,0,0,1
jorge herrando|2001,4795.0,4,0.018438553913070886,0.036877107826141765,0.053081034588683414,0.0,0.36600060247012756,0.0780728680101428,0.3262271917429502,2.236591509491921,1.3325551391534065,1.0283039682289532,4.052958161823432,1.2164403759906615,1.9106881405563692,0.0,,1,Jorge Herrando,Osasuna,La Liga,25.0,2001.0,DF,2026-2027,2024-2025,100.0,exact,Jorge Herrando,CA Osasuna,2001-02-28,3.5,25.6,3.753593429158111,CB,DF,Jorge Herrando,9.59,4.14,22.56,6.09,0.8554,135.2,0,1,0,0,0,0,1,0,0,0,0,0,0
joris chotard|2001,13080.0,6,0.03619649525998276,0.0709155825501703,0.036924334635298386,0.023784355179704016,0.7608993330094086,0.21955197457379036,0.5695340176219456,3.7414842401671358,2.280861113634299,1.420527762958099,2.095558179671178,1.4183849577618308,0.7610993657505285,0.0,,1,Joris Chotard,Brest,Ligue 1,25.0,2001.0,MF,2026-2027,2024-2025,100.0,exact,Joris Chotard,Stade Brestois 29,2001-09-24,7.0,25.0,2.754277891854894,CDM,MF,Joris Chotard,21.45,6.88,34.58,14.45,1.0319,180.6,0,0,1,0,0,0,0,1,0,0,0,0,0
jose luis gaya|1995,10980.0,6,0.029823614622092195,0.07498508819268895,0.046547629518867095,0.129783693843594,0.5603233767684667,0.1424948120820844,1.8809042132113645,3.4340751165449905,2.9290175037382356,0.8418780356179169,2.3511302665142053,0.8612894713695136,0.4991680532445923,0.0,,1,José Luis Gayà,Valencia,La Liga,31.0,1995.0,DF,2026-2027,2024-2025,80.0,surname,José Gayà,Valencia CF,1995-05-25,4.0,31.3,0.7529089664613279,CB,DF,José Luis Gayà,4.16,1.95,9.79,0.16,0.0311,3.2,0,1,0,0,0,0,1,0,0,0,0,0,0
jose maria gimenez|1995,9295.0,6,0.013385221723719112,0.041271100314800586,0.0369179600886918,0.009004502251125562,0.6056968683408411,0.12518201377871468,0.1862527716186253,2.4429046563192904,1.2488913525498893,1.0775103487593882,5.3747228381374725,1.2572062084257207,1.7108554277138568,0.0,,1,José María Giménez,Dep. A Coruña,La Liga,31.0,1995.0,DF,2026-2027,2024-2025,100.0,exact,José María Giménez,Atlético de Madrid,1995-01-20,9.0,31.7,1.754962354551677,CB,DF,José María Giménez,1.63,1.3,5.16,-7.37,-1.3346,-73.7,0,1,0,0,0,0,1,0,0,0,0,0,0
jose sa|1993,14241.0,5,0.0,0.008304672426809833,0.0,0.006899195093905712,0.0,0.0,0.0,0.04177576767436325,0.03749107355391573,0.0030198808824763025,0.5055939062128065,0.028921685313020713,0.37945573016481415,2.9806224310041105,-0.11038712150249139,1,José Sá,Wolves,Premier League,32.0,1993.0,GK,2025-2026,2024-2025,100.0,exact,José Sá,Wolverhampton Wanderers,1993-01-17,3.5,33.7,0.7529089664613279,GK,GK,José Sá,5.48,2.81,7.81,1.98,0.3641,43.9,0,0,0,1,0,0,0,0,0,0,1,0,0
josep martinez|1998,4679.0,5,0.0,0.0,0.0,0.02,0.0,0.0,0.0,0.04604758250191865,0.0,0.015627713144643167,0.4834996162701458,0.0,0.2,2.3072073965118722,0.22000000000000003,1,Josep Martinez,Inter,Serie A,28.0,1998.0,GK,2026-2027,2024-2025,100.0,exact,Josep Martínez,Inter Milan,1998-05-27,10.0,28.3,2.754277891854894,GK,GK,Josep Martinez,9.88,3.29,13.35,-0.12,-0.0107,-1.1,0,0,0,0,1,0,0,0,0,0,1,0,0
joseph aidoo|1995,7387.0,5,0.0313953488372093,0.0,0.018203317048884463,0.0,0.32651162790697674,0.0,0.43687960917322716,2.794909294582568,1.3526464822478763,1.0506976744186047,4.290381802906307,0.8597566667703892,1.3846153846153848,0.0,,1,Joseph Aidoo,Celta Vigo,La Liga,29.0,1995.0,DF,2025-2026,2024-2025,100.0,exact,Joseph Aidoo,Celta de Vigo,1995-09-29,1.0,31.0,,CB,DF,Joseph Aidoo,2.15,1.26,5.67,1.15,0.4527,57.3,0,1,0,0,0,0,1,0,0,0,0,0,0
josh cullen|1996,3571.0,2,0.10576032180063727,0.1240649928815168,0.026251823043266894,,0.6732051253079027,0.35667107001321,0.9625668449197862,5.381623723869714,1.8376276130286828,1.1043818218797314,1.1375789985415654,1.3563441905687896,,0.0,,0,Josh Cullen,Burnley,Premier League,29.0,1996.0,MF,2025-2026,,100.0,exact,Josh Cullen,Burnley FC,1996-04-07,4.0,30.5,0.7529089664613279,CDM,MF,Josh Cullen,4.38,1.7,8.31,0.38,0.0731,7.6,0,0,0,1,0,0,0,1,0,0,0,0,0
josh dasilva|1998,1673.0,4,0.2329795495728708,0.1164897747864354,0.09029315960912052,,1.269738545172146,0.0,3.9635179153094455,4.1042345276872965,1.3133550488599346,0.3145223919233756,0.5745928338762215,1.360260586319218,,0.0,,0,Josh Dasilva,Brentford,Premier League,26.0,1998.0,MF,2025-2026,,100.0,exact,Josh Dasilva,Brentford FC,1998-10-23,1.5,27.9,0.7529089664613279,CAM,MF,Josh Dasilva,4.17,3.67,9.42,2.67,0.726,106.7,0,0,0,1,0,1,0,0,0,0,0,0,0
josh doig|2002,5853.0,4,0.0402408489328723,0.04426493382615953,0.04307365062483382,,0.6018738543010387,0.18779342723004694,2.3314468036616396,1.938314278117522,1.5862042769780074,1.0046798616907118,1.9143844722148364,1.750294374596422,,0.0,,0,Josh Doig,Sassuolo,Serie A,24.0,2002.0,DF,2026-2027,,100.0,exact,Josh Doig,US Sassuolo,2002-05-18,4.5,24.4,1.754962354551677,FULLBACK,DF,Josh Doig,5.74,3.48,17.94,1.24,0.2035,22.6,0,0,0,0,1,0,0,0,0,1,0,0,0
josh laurent|1995,1764.0,1,0.0510204081632653,0.0,,,0.7653061224489796,0.2040816326530612,,,,1.4285714285714284,,,,,,0,Josh Laurent,Burnley,Premier League,30.0,1995.0,"DF,MF",2025-2026,,100.0,exact,Josh Laurent,Burnley FC,1995-05-06,1.5,31.4,0.7529089664613279,FULLBACK,"DF,MF",Josh Laurent,3.04,1.66,5.06,1.54,0.4806,61.7,0,0,0,1,0,0,0,0,0,1,0,0,0
josha vagnoman|2000,6433.0,5,0.11626220950924694,0.1328710965819965,0.09819978989590297,0.10305343511450382,1.0403264452608803,0.4692941894098897,1.3279533950912044,2.413093305319454,1.5471301690382964,0.3926815443628647,2.2132556584853407,0.8745583038869259,1.0796074154852782,0.0,,1,Josha Vagnoman,Stuttgart,Bundesliga,25.0,2000.0,"DF,MF",2026-2027,2024-2025,100.0,exact,Josha Vagnoman,VfB Stuttgart,2000-12-11,10.0,25.8,1.754962354551677,FULLBACK,"DF,MF",Josha Vagnoman,6.68,2.92,23.59,-3.32,-0.3596,-30.2,1,0,0,0,0,0,0,0,0,1,0,0,0
joshua kimmich|1995,12882.0,6,0.08456114677220873,0.2761333022915488,0.05822352754405461,0.2339304531085353,1.0483786336446634,0.3563368571089203,1.7419431655818383,10.62787744086363,1.766947134465788,0.9339142581567831,1.1275599301476424,0.9942054294332432,0.37934668071654376,0.0,,1,Joshua Kimmich,Bayern Munich,Bundesliga,31.0,1995.0,MF,2026-2027,2024-2025,100.0,exact,Joshua Kimmich,Bayern Munich,1995-02-08,35.0,31.6,2.754277891854894,CAM,MF,Joshua Kimmich,14.13,6.67,22.05,-20.87,-0.8672,-58.0,1,0,0,0,0,1,0,0,0,0,0,0,0
joshua king|2007,1863.0,3,0.15820637759822367,0.09436871646209834,0.20769230769230768,0.27692307692307694,1.809328763688038,0.7034188748641645,2.076923076923077,6.230769230769231,4.846153846153846,0.23314624067106646,0.6923076923076923,2.076923076923077,0.6923076923076923,,,1,Joshua King,Fulham,Premier League,19.0,2007.0,MF,2026-2027,2024-2025,90.0,fuzzy,Josh King,Fulham FC,2007-01-03,25.0,19.7,2.754277891854894,CAM,MF,Joshua King,27.78,15.97,41.91,2.78,0.1017,10.7,0,0,0,1,0,1,0,0,0,0,0,0,0
joshua zirkzee|2001,5609.0,4,0.28334688370322964,0.11832067671123873,0.3031992706765323,0.09629101283880172,2.6310782058157036,0.9228211168075378,1.352852630016749,2.7305107384400107,0.9349757245531833,0.22107284332889346,0.8548349481629104,0.839570038374287,1.348074179743224,0.0,,1,Joshua Zirkzee,Manchester Utd,Premier League,24.0,2001.0,"FW,MF",2025-2026,2024-2025,100.0,exact,Joshua Zirkzee,Manchester United,2001-05-22,20.0,25.4,2.754277891854894,ST,"FW,MF",Joshua Zirkzee,27.18,15.41,38.91,7.18,0.2942,34.2,0,0,0,1,0,0,0,0,0,0,0,1,0
josip brekalo|1998,3945.0,4,0.0974392769723216,0.04660139333458859,0.11230935140964411,,1.5124270382225569,0.5555555555555555,2.6482822369434604,4.104144199661069,0.7625943614235096,0.2796083600075315,0.20104760437528887,0.6932676012940995,,0.0,,0,Josip Brekalo,Oviedo,La Liga,27.0,1998.0,"MF,FW",2025-2026,,100.0,exact,Josip Brekalo,Real Oviedo,1998-06-23,2.5,28.3,0.7529089664613279,CM,"MF,FW",Josip Brekalo,2.38,1.57,7.52,-0.12,-0.0344,-3.4,0,1,0,0,0,0,0,0,1,0,0,0,0
josip juranovic|1995,3971.0,5,0.057777355081078514,0.1990108897237149,0.07024977698483496,0.13977566867989646,0.6689550786529002,0.18716448227499152,1.4336689180578563,3.667325092391997,1.4279342423856252,0.6612297303723429,2.577736714668026,1.0523129858544666,0.31061259706643657,0.0,,1,Josip Juranović,Union Berlin,Bundesliga,31.0,1995.0,MF,2026-2027,2024-2025,100.0,exact,Josip Juranovic,1.FC Union Berlin,1995-08-16,2.0,31.1,,CM,MF,Josip Juranović,1.61,1.32,3.89,-0.39,-0.1389,-13.0,1,0,0,0,0,0,0,0,1,0,0,0,0
josip stanisic|2000,5414.0,6,0.09082317512694421,0.12398084223678098,0.04045319465081723,0.1541095890410959,0.3739164629246526,0.14246804944479363,2.664561664190193,7.468796433878158,2.166419019316493,0.752534879623252,2.2934621099554233,1.173476968796434,1.13013698630137,0.0,,1,Josip Stanišić,Bayern Munich,Bundesliga,26.0,2000.0,DF,2026-2027,2024-2025,100.0,exact,Josip Stanisic,Bayern Munich,2000-04-02,40.0,26.5,2.754277891854894,CB,DF,Josip Stanišić,22.33,6.45,32.34,-17.67,-0.564,-43.1,1,0,0,0,0,0,1,0,0,0,0,0,0
josko gvardiol|2002,11990.0,6,0.1327039784221173,0.07039784221173297,0.11553754686257431,0.05767470247177296,1.0646057828270516,0.35221843003412967,2.2482675048282648,6.305146362706857,1.656378990419207,1.1805799055967634,2.752679213844814,1.2496686484644222,1.4830637778455902,0.0,,1,Joško Gvardiol,Manchester City,Premier League,24.0,2002.0,DF,2026-2027,2024-2025,100.0,exact,Josko Gvardiol,Manchester City,2002-01-23,70.0,24.7,1.754962354551677,CB,DF,Joško Gvardiol,81.54,25.7,90.36,11.54,0.1506,16.3,0,0,0,1,0,0,1,0,0,0,0,0,0
josue casimir|2001,5535.0,3,0.08874090798668172,0.124751711227654,0.12243509806144427,0.1532298447671507,1.1870704068363365,0.557345422976753,2.967010543022333,2.226278199750595,1.5508445754449607,0.5080095457208591,1.3875977780297017,0.9264255753315951,0.4056084126189284,0.0,,1,Josué Casimir,Auxerre,Ligue 1,23.0,2001.0,"FW,MF",2025-2026,2024-2025,100.0,exact,Josué Casimir,AJ Auxerre,2001-09-24,3.0,25.0,1.754962354551677,WINGER,"FW,MF",Josué Casimir,5.52,3.4,18.0,2.52,0.4879,62.9,0,0,1,0,0,0,0,0,0,0,0,0,1
juan cruz armada|1992,7804.0,5,0.0,0.013588324106693509,0.0050023673755069265,0.0,0.16909914443885252,0.0,0.6818041459950183,3.486835333594087,1.4025155937995348,0.5888273779567187,3.0403277271136546,0.8448442678633922,0.5428954423592492,0.0,,1,Juan Cruz Armada,Osasuna,La Liga,33.0,1992.0,DF,2025-2026,2024-2025,90.0,fuzzy,Juan Cruz,CA Osasuna,1992-07-28,1.0,34.2,,CB,DF,Juan Cruz Armada,0.93,0.63,2.5,-0.07,-0.035,-3.4,0,1,0,0,0,0,1,0,0,0,0,0,0
juan cruz|2000,2755.0,4,0.1760022349490152,0.18103087023327283,0.11208151382823871,0.16349136021267166,1.3740902474526924,0.5582631812140009,2.3871906841339148,2.5909752547307128,1.225618631732169,0.4249196815197653,1.173216885007278,0.6957787481804949,0.5981391227292866,0.0,,1,Juan Cruz,Málaga,La Liga,26.0,2000.0,MF,2026-2027,2024-2025,100.0,exact,Juan Cruz,CD Leganés,2000-04-25,3.0,26.4,2.754277891854894,CAM,MF,Juan Cruz,3.79,2.1,15.88,0.79,0.1803,19.8,0,1,0,0,0,1,0,0,0,0,0,0,0
juan cuadrado|1988,6170.0,5,0.07260992335619201,0.1573215006050827,0.07525452191862296,0.21634615384615385,1.5853166599435258,0.3985992378205789,3.5013819403141726,5.444145121225904,1.9805478781093655,0.8785800726099235,1.1429870902284573,1.12409474162964,1.2980769230769231,0.0,,1,Juan Cuadrado,Pisa,Serie A,37.0,1988.0,"DF,MF",2025-2026,2024-2025,100.0,exact,Juan Cuadrado,Pisa Sporting Club,1988-05-26,0.8,38.3,,FULLBACK,"DF,MF",Juan Cuadrado,1.43,0.61,2.21,0.63,0.2983,34.8,0,0,0,0,1,0,0,0,0,1,0,0,0
juan david cabal|2001,2697.0,4,0.1145852836547463,0.0,0.024085267383380245,0.0,0.8863508706234787,0.2778786778060298,1.8105476860609975,3.886863839800674,2.092926682969593,1.3244710728328026,3.0604900106122823,1.3952844553130623,1.565217391304348,0.0,,1,Juan David Cabal,Juventus,Serie A,24.0,2001.0,DF,2025-2026,2024-2025,90.0,fuzzy,Juan,Göztepe,2002-03-07,12.0,24.6,2.754277891854894,CB,DF,Juan David Cabal,5.49,2.07,16.98,-6.51,-0.6942,-50.1,0,0,0,0,1,0,1,0,0,0,0,0,0
juan foyth|1998,7665.0,6,0.04065737206947581,0.015421761819456344,0.08744786448260597,0.017798286090969017,0.5985202823369334,0.1643304587207506,1.4071347018663933,4.164783186150011,2.2270894983339935,1.2477607290287405,4.997320409161871,1.4868234033133725,2.4324324324324325,0.0,,1,Juan Foyth,Villarreal,La Liga,28.0,1998.0,DF,2026-2027,2024-2025,100.0,exact,Juan Foyth,Villarreal CF,1998-01-12,8.0,28.7,2.754277891854894,CB,DF,Juan Foyth,6.35,3.27,13.87,-1.65,-0.202,-18.3,0,1,0,0,0,0,1,0,0,0,0,0,0
juan jesus|1991,7188.0,6,0.020298271827690225,0.016492345859998307,0.03848161682452084,0.0,0.2554510785712206,0.0,0.3691550451189499,3.8817212320083523,1.8636736520247594,1.1341659383721914,3.04720709970915,1.1947199642031472,2.011173184357542,0.0,,1,Juan Jesus,Venezia,Serie A,35.0,1991.0,DF,2026-2027,2024-2025,100.0,exact,Juan Jesus,SSC Napoli,1991-06-10,1.5,35.3,,CB,DF,Juan Jesus,0.96,0.39,1.92,-0.54,-0.2429,-21.6,0,0,0,0,1,0,1,0,0,0,0,0,0
juan miranda|2000,9278.0,6,0.03504606325387026,0.14702250926013866,0.05848069648319426,0.2411067193675889,0.6982523487220932,0.18406915546344524,1.4677188727397783,5.663993918441964,1.4905247153794638,1.0436888593408682,2.5526253868848303,1.0946804467049178,1.4229249011857708,0.0,,1,Juan Miranda,Bologna,Serie A,26.0,2000.0,DF,2026-2027,2024-2025,100.0,exact,Juan Miranda,Bologna Football Club 1909,2000-01-19,15.0,26.7,1.754962354551677,CB,DF,Juan Miranda,26.78,7.3,43.56,11.78,0.5517,73.6,0,0,0,0,1,0,1,0,0,0,0,0,0
juan musso|1994,6989.0,5,0.0,0.0,0.0,0.0,0.0,0.0,0.0,0.0,0.05022846977571593,0.0,0.4489169486204611,0.0,0.0,2.5058055684568186,0.26666666666666666,1,Juan Musso,Atlético Madrid,La Liga,31.0,1994.0,GK,2025-2026,2024-2025,100.0,exact,Juan Musso,Atlético de Madrid,1994-05-06,3.0,32.4,1.754962354551677,GK,GK,Juan Musso,3.41,1.29,5.68,0.41,0.0985,10.4,0,1,0,0,0,0,0,0,0,0,1,0,0
juan rodriguez|2005,1703.0,2,0.050779953534683044,0.0,,,0.20610687022900762,0.13740458015267176,,,,1.4009293063391972,,,,,,0,Juan Rodríguez,Cagliari,Serie A,21.0,2005.0,DF,2026-2027,,100.0,exact,Juan Rodríguez,Cagliari Calcio,2005-05-30,10.0,21.3,3.753593429158111,CB,DF,Juan Rodríguez,11.75,7.43,21.44,1.75,0.1477,15.9,0,0,0,0,1,0,1,0,0,0,0,0,0
juanlu sanchez|2003,4893.0,3,0.07001271598474082,0.1629142045029546,0.09650159018627896,0.14634146341463414,0.681277582466901,0.15209193112281202,2.5897319400272605,3.6365288505224895,3.145842798727851,0.6947415663101204,1.5565651976374375,1.5456610631531122,0.9930313588850175,0.0,,1,Juanlu Sánchez,Sevilla,La Liga,21.0,2003.0,"MF,DF",2025-2026,2024-2025,100.0,exact,Juanlu Sánchez,Sevilla FC,2003-08-15,10.0,23.1,2.754277891854894,CAM,"MF,DF",Juanlu Sánchez,14.01,7.39,27.4,4.01,0.3109,36.5,0,1,0,0,0,1,0,0,0,0,0,0,0
juanmi|1993,5048.0,5,0.2699409504170963,0.04780204330302747,0.3418036182847673,0.06702127659574468,1.7068141344080983,0.6368341741466291,0.9166551581273306,1.289531832619804,1.559867421626847,0.3683569219233293,0.4909542880817567,0.8762601850573126,1.1489361702127658,0.0,,1,Juanmi,Getafe,La Liga,32.0,1993.0,"FW,MF",2025-2026,2024-2025,100.0,exact,Juanmi,Getafe CF,1993-05-20,1.0,33.4,0.7529089664613279,ST,"FW,MF",Juanmi,1.06,0.78,2.54,0.06,0.0274,2.8,0,1,0,0,0,0,0,0,0,0,0,1,0
jude bellingham|2003,12726.0,6,0.38714377395799,0.23572060430506653,0.37226853518708286,0.1410771704180064,2.2528772927681175,1.0093043317518022,2.9512282936826657,7.351898523831945,2.062619436674329,0.8663903005914697,0.8300329575982496,1.6588196194643696,1.085209003215434,0.0,,1,Jude Bellingham,Real Madrid,La Liga,23.0,2003.0,MF,2026-2027,2024-2025,100.0,exact,Jude Bellingham,Real Madrid,2003-06-29,130.0,23.2,2.754277891854894,CAM,MF,Jude Bellingham,96.38,29.52,110.16,-33.62,-0.2966,-25.7,0,1,0,0,0,1,0,0,0,0,0,0,0
julen agirrezabala|2000,4729.0,6,0.0,0.0,0.0,0.0,0.0,0.0,0.0,0.0,0.0,0.0,0.27104722792607805,0.0,0.3731343283582089,2.4804367606915374,0.11194029850746269,1,Julen Agirrezabala,Racing Sant,La Liga,25.0,2000.0,GK,2026-2027,2024-2025,100.0,exact,Julen Agirrezabala,Valencia CF,2000-12-26,9.0,25.8,0.7529089664613279,GK,GK,Julen Agirrezabala,6.61,2.46,11.83,-2.39,-0.2726,-23.9,0,1,0,0,0,0,0,0,0,0,1,0,0
jules kounde|1998,13101.0,6,0.045951035781544254,0.09416195856873823,0.056976714200985074,0.13474088291746641,0.6083020819862925,0.18173771126663163,1.8114185512777534,6.511127156450657,1.6443178008716062,0.8806026365348399,2.480981974780165,1.0780319244952166,1.0364683301343571,0.0,,1,Jules Koundé,Barcelona,La Liga,27.0,1998.0,DF,2026-2027,2024-2025,100.0,exact,Jules Koundé,FC Barcelona,1998-11-12,60.0,27.9,3.753593429158111,CB,DF,Jules Koundé,31.08,7.85,53.77,-28.92,-0.6428,-47.4,0,1,0,0,0,0,1,0,0,0,0,0,0
julian alvarez|2000,8516.0,4,0.4697853719524901,0.18003750781412797,0.47325335215243475,0.19011558389796732,2.7399458220462596,1.2632650542941757,2.5306986591390266,3.2575864502470013,0.9470712773465066,0.09845801208585121,0.4403669724770643,0.729710656316161,0.46632124352331616,0.0,,1,Julián Álvarez,Atlético Madrid,La Liga,25.0,2000.0,FW,2025-2026,2024-2025,100.0,exact,Julián Alvarez,Atlético de Madrid,2000-01-31,100.0,26.7,3.753593429158111,WINGER,FW,Julián Álvarez,33.55,21.37,45.8,-66.45,-1.0727,-65.8,0,1,0,0,0,0,0,0,0,0,0,0,1
julian brandt|1996,10607.0,5,0.29875038816134664,0.34018995813211406,0.18766171864360615,0.3321754233608337,1.7404619387722322,0.7877220873150365,2.6229061691406783,5.2131281492577966,0.9669072586136456,0.4452344494533617,0.5501838485632575,0.7544600299605067,0.42987407729049065,0.0,,1,Julian Brandt,Dortmund,Bundesliga,29.0,1996.0,"MF,FW",2025-2026,2024-2025,100.0,exact,Julian Brandt,Borussia Dortmund,1996-05-02,15.0,30.4,,CAM,"MF,FW",Julian Brandt,14.55,6.53,30.4,-0.45,-0.0288,-2.8,1,0,0,0,0,1,0,0,0,0,0,0,0
julian chabot|1998,10111.0,6,0.0318815568372769,0.018801943775829968,0.065289474913212,0.01983252534156016,0.6974378844384173,0.20760639462734506,0.3768855955290565,3.3023024113828474,1.72610800628921,1.5597438575775466,5.115276242663885,1.601413515575136,3.0938739532833845,0.0,,1,Julian Chabot,Stuttgart,Bundesliga,28.0,1998.0,DF,2026-2027,2024-2025,80.0,surname,Jeff Chabot,VfB Stuttgart,1998-02-12,15.0,28.6,1.754962354551677,CB,DF,Julian Chabot,9.56,3.99,19.27,-5.44,-0.416,-34.0,1,0,0,0,0,0,1,0,0,0,0,0,0
julian malatini|2001,1572.0,3,0.09854668524785985,0.05823213219191718,0.09222614840989399,0.09911894273127754,0.44793947839936293,0.07973286084230613,1.4708480565371023,4.412544169611307,2.424911660777385,1.3886123830380253,3.617491166077738,1.3992932862190812,1.9823788546255505,0.0,,1,Julián Malatini,Werder Bremen,Bundesliga,24.0,2001.0,DF,2025-2026,2024-2025,100.0,exact,Julián Malatini,SV Werder Bremen,2001-05-31,2.0,25.3,,CB,DF,Julián Malatini,4.84,1.57,10.55,2.84,0.6658,94.6,1,0,0,0,0,0,1,0,0,0,0,0,0
julian niehues|2001,1537.0,2,0.1799082820522871,0.0,0.11688311688311688,0.05844155844155844,1.171167640026653,0.3457061106102771,0.0,3.5064935064935066,1.7532467532467533,1.3792968290675343,4.675324675324676,0.5844155844155845,1.7532467532467533,,,1,Julian Niehues,Heidenheim,Bundesliga,24.0,2001.0,MF,2025-2026,2024-2025,100.0,exact,Julian Niehues,1. Fußballclub Heidenheim 1846,2001-04-17,1.5,25.4,0.7529089664613279,CDM,MF,Julian Niehues,3.58,1.44,7.93,2.08,0.6051,83.1,1,0,0,0,0,0,0,1,0,0,0,0,0
julian ryerson|1997,10488.0,6,0.060692406325687426,0.2632853682860806,0.050544207544356644,0.1792828685258964,0.695353188046721,0.10870685972690715,2.4705531534217977,3.4396898762486954,1.9323095273594753,0.71121242342214,1.4194125540480096,1.2226032503354702,0.398406374501992,0.0,,1,Julian Ryerson,Dortmund,Bundesliga,28.0,1997.0,MF,2026-2027,2024-2025,100.0,exact,Julian Ryerson,Borussia Dortmund,1997-11-17,25.0,28.9,1.754962354551677,CAM,MF,Julian Ryerson,10.56,4.94,21.79,-14.44,-0.8104,-55.5,1,0,0,0,0,1,0,0,0,0,0,0,0
julien le cardinal|1997,2402.0,4,0.05258816250773355,0.04021447721179625,0.04171273067437707,0.019593613933236574,0.8537842854196742,0.27969348659003834,0.5625478357003146,3.0576579641125945,2.3190747512543584,1.8777067436584862,4.722340335062506,1.2284207840802792,1.8940493468795354,0.0,,1,Julien Le Cardinal,Brest,Ligue 1,27.0,1997.0,DF,2025-2026,2024-2025,100.0,exact,Julien Le Cardinal,Stade Brestois 29,1997-08-03,1.5,29.2,1.754962354551677,CB,DF,Julien Le Cardinal,1.9,1.27,5.23,0.4,0.1497,16.2,0,0,1,0,0,0,1,0,0,0,0,0,0
julio enciso|2004,4740.0,5,0.13705942381662609,0.29531360389355527,0.26011782786885246,0.12381771281169389,3.498692161991521,1.2603437301082112,3.4157274590163937,3.4195696721311473,1.056608606557377,0.2712928801318785,0.4918032786885246,1.0527663934426228,1.0834049871023215,0.0,,1,Julio Enciso,Ipswich Town,Premier League,22.0,2004.0,"MF,FW",2026-2027,2024-2025,100.0,exact,Julio Enciso,RC Strasbourg Alsace,2004-01-23,25.0,22.7,2.754277891854894,CAM,"MF,FW",Julio Enciso,27.68,16.03,50.8,2.68,0.098,10.3,0,0,0,1,0,1,0,0,0,0,0,0,0
junior adamu|2001,2236.0,4,0.12320132433464918,0.18050426588564877,0.3098430813124108,0.13980582524271842,1.9565217391304346,0.6310767340152528,0.4835948644793152,0.8174037089871611,0.6932952924393724,0.6905004456895453,1.1897289586305277,0.8174037089871611,3.087378640776699,0.0,,1,Junior Adamu,Schalke 04,Bundesliga,25.0,2001.0,FW,2026-2027,2024-2025,100.0,exact,Junior Adamu,SC Freiburg,2001-06-06,3.0,25.3,2.754277891854894,ST,FW,Junior Adamu,5.69,2.79,23.82,2.69,0.5145,67.3,1,0,0,0,0,0,0,0,0,0,0,1,0
junior diaz|2003,2012.0,2,0.0,0.0,,,0.4033290653008963,0.05761843790012804,,,,1.379591607132812,,,,,,0,Junior Diaz,Troyes,Ligue 1,23.0,2003.0,DF,2026-2027,,100.0,exact,Junior Diaz,Stade Brestois 29,2003-07-23,6.0,23.2,2.754277891854894,CB,DF,Junior Diaz,7.51,3.7,18.86,1.51,0.1956,21.6,0,0,1,0,0,0,1,0,0,0,0,0,0
junior dina ebimbe|2000,5046.0,6,0.2498803255146003,0.07754906653901388,0.24802631578947368,0.2764505119453925,2.2306795293119897,0.583128652494283,2.5723684210526314,3.3453947368421053,1.9835526315789473,0.6083293441838199,1.7467105263157894,1.3289473684210524,2.4573378839590445,0.0,,1,Junior Dina Ebimbe,Schalke 04,Bundesliga,25.0,2000.0,MF,2026-2027,2024-2025,100.0,exact,Junior Dina Ebimbe,Stade Brestois 29,2000-11-21,6.0,25.9,0.7529089664613279,CAM,MF,Junior Dina Ebimbe,6.85,2.67,15.46,0.85,0.1152,12.2,1,0,0,0,0,1,0,0,0,0,0,0,0
junior firpo|1996,4054.0,4,0.016494996517722956,0.08577398189215937,0.02017150652894173,,0.4329591710867151,0.0,1.5084778795556424,4.3149483531475346,3.130968622100955,1.2470217367398555,2.403040343013058,1.3944650165659715,,0.0,,0,Junior Firpo,Betis,La Liga,30.0,1996.0,DF,2026-2027,,100.0,exact,Junior Firpo,Real Betis Balompié,1996-08-22,3.5,30.1,1.754962354551677,CB,DF,Junior Firpo,2.04,1.56,5.16,-1.46,-0.392,-32.4,0,1,0,0,0,0,1,0,0,0,0,0,0
junior messias|1991,5723.0,6,0.20805239838181463,0.0847620882296282,0.18709865732632805,0.07438016528925619,2.0975070034605334,0.7309322033898304,3.1582019848219494,3.0268534734384116,1.7250437828371277,0.5721440955499904,1.844716870986573,0.896088733216579,1.4876033057851237,0.0,,1,Junior Messias,Genoa,Serie A,35.0,1991.0,MF,2026-2027,2024-2025,100.0,exact,Junior Messias,Genoa CFC,1991-05-13,1.1,35.4,0.7529089664613279,CAM,MF,Junior Messias,0.93,0.55,1.94,-0.17,-0.0851,-8.2,0,0,0,0,1,1,0,0,0,0,0,0,0
junior mwanga|2003,4670.0,5,0.05644629561134072,0.07526172748178764,0.09014055815848442,0.07211538461538461,0.8766998935111638,0.18386943000476696,1.4453045426767164,3.6300672234671016,2.838663678957018,0.7598539793834328,1.3230800570380932,1.0327969036463638,0.7932692307692307,0.0,,1,Junior Mwanga,Le Havre,Ligue 1,23.0,2003.0,"DF,MF",2026-2027,2024-2025,100.0,exact,Junior Mwanga,RC Strasbourg Alsace,2003-05-11,6.0,23.4,0.7529089664613279,FULLBACK,"DF,MF",Junior Mwanga,6.57,3.93,14.58,0.57,0.0788,8.2,0,0,1,0,0,0,0,0,0,1,0,0,0
jurgen ekkelenkamp|2000,5229.0,4,0.21293177832827678,0.12149636763436969,0.13621696373693912,0.06183932346723044,1.3387346900022155,0.5421160011658409,1.5903503380454824,3.4019668100799016,1.673325138291334,0.6888969298856014,1.2031346035648434,1.2307928703134603,0.8562367864693446,0.0,,1,Jurgen Ekkelenkamp,Udinese,Serie A,26.0,2000.0,MF,2026-2027,2024-2025,100.0,exact,Jurgen Ekkelenkamp,Udinese Calcio,2000-04-05,10.0,26.5,2.754277891854894,CAM,MF,Jurgen Ekkelenkamp,7.68,3.4,20.17,-2.32,-0.2363,-21.0,0,0,0,0,1,1,0,0,0,0,0,0,0
jurrien timber|2001,5046.0,4,0.07593134540852646,0.14711698172902,0.043792888334373045,0.02978899462143153,0.7404646371547075,0.210421252683247,2.08016219588272,5.5302557704304425,2.167186525265128,0.8233805267737089,1.6310043668122272,0.7186525265127885,0.8191973520893671,0.0,,1,Jurriën Timber,Arsenal,Premier League,25.0,2001.0,DF,2026-2027,2024-2025,100.0,exact,Jurriën Timber,Arsenal FC,2001-06-17,70.0,25.3,1.754962354551677,FULLBACK,DF,Jurriën Timber,26.49,11.2,29.98,-43.51,-0.949,-61.3,0,0,0,1,0,0,0,0,0,1,0,0,0
justin bijlow|1998,1845.0,2,0.0,0.0,,,0.0,0.0,,,,0.0,,,,2.903225806451613,,0,Justin Bijlow,Genoa,Serie A,28.0,1998.0,GK,2026-2027,,100.0,exact,Justin Bijlow,Feyenoord Rotterdam,1998-01-22,4.0,28.7,2.754277891854894,GK,GK,Justin Bijlow,3.28,1.46,6.16,-0.72,-0.1562,-14.5,0,0,0,0,1,0,0,0,0,0,1,0,0
justin kluivert|1999,8817.0,6,0.34684444664741826,0.10817977917941983,0.3504221028396009,0.1846153846153846,2.1760515377110097,0.7087374474294051,3.2141212586339214,3.2110514198004605,1.034535686876439,0.4739835685696229,0.6799693016116655,0.7705295471987721,0.3076923076923077,0.0,,1,Justin Kluivert,Bournemouth,Premier League,27.0,1999.0,MF,2026-2027,2024-2025,100.0,exact,Justin Kluivert,AFC Bournemouth,1999-05-05,25.0,27.4,1.754962354551677,CAM,MF,Justin Kluivert,32.57,17.0,43.34,7.57,0.2555,29.1,0,0,0,1,0,1,0,0,0,0,0,0,0
justin njinmah|2000,3915.0,3,0.2933045277284461,0.07250224280927882,0.3855947955390335,0.15126050420168066,2.89020304289716,0.9796591533809784,3.149163568773234,1.7397769516728627,0.5144052044609666,0.261996741060803,0.2802044609665427,0.6105947955390334,1.4180672268907564,0.0,,1,Justin Njinmah,Werder Bremen,Bundesliga,24.0,2000.0,"FW,MF",2025-2026,2024-2025,100.0,exact,Justin Njinmah,SV Werder Bremen,2000-11-15,5.0,25.9,,WINGER,"FW,MF",Justin Njinmah,3.97,2.5,11.99,-1.03,-0.1879,-17.1,1,0,0,0,0,0,0,0,0,0,0,0,1
kai havertz|1999,9905.0,6,0.3885234665287815,0.17748704320534867,0.43170550322260787,0.1152,2.5021163381303664,0.8960060726380943,1.9145079325731287,3.1415778383738227,1.0137270699058007,0.40908598982696215,1.249380267724343,1.016515865146257,3.024,0.0,,1,Kai Havertz,Arsenal,Premier League,27.0,1999.0,"FW,MF",2026-2027,2024-2025,100.0,exact,Kai Havertz,Arsenal FC,1999-06-11,55.0,27.3,1.754962354551677,ST,"FW,MF",Kai Havertz,33.55,22.67,40.4,-21.45,-0.4829,-38.3,0,0,0,1,0,0,0,0,0,0,0,1,0
kaishu sano|2000,6459.0,3,0.015501205649328281,0.06747583635589958,0.02661846861649688,0.0354912914886625,0.6566042681461742,0.12581638671064416,1.5675320407492606,4.702596122247782,1.8041406506736775,2.0826325707685767,1.656260269470917,1.9520210318764377,2.454814327965823,,,1,Kaishū Sano,Mainz 05,Bundesliga,25.0,2000.0,MF,2026-2027,2024-2025,100.0,exact,Kaishu Sano,1.FSV Mainz 05,2000-12-30,40.0,25.7,1.754962354551677,CDM,MF,Kaishū Sano,11.9,3.43,24.05,-28.1,-1.1561,-68.5,1,0,0,0,0,0,0,1,0,0,0,0,0
kamaldeen sulemana|2002,4720.0,4,0.14349816641231808,0.07994897842972007,0.13340320407246595,0.06419400855920114,2.1299227843199784,0.6963544461073616,3.9616709088186854,2.3749812846234466,1.472151519688576,0.3484955470013439,0.5625842191944903,1.0712681539152569,0.8345221112696147,0.0,,1,Kamaldeen Sulemana,Atalanta,Serie A,23.0,2002.0,"FW,MF",2025-2026,2024-2025,100.0,exact,Kamaldeen Sulemana,Atalanta BC,2002-02-15,17.0,24.6,2.754277891854894,WINGER,"FW,MF",Kamaldeen Sulemana,7.85,4.28,22.8,-9.15,-0.7104,-50.9,0,0,0,0,1,0,0,0,0,0,0,0,1
kamil grabara|1999,5645.0,2,0.0,0.0,0.0,0.0,0.01786861313868613,0.0,0.0,0.06963249516441006,0.0,0.01786861313868613,0.5570599613152805,0.03481624758220503,0.27852998065764023,3.346686131386861,0.05918762088974855,1,Kamil Grabara,Wolfsburg,Bundesliga,26.0,1999.0,GK,2025-2026,2024-2025,100.0,exact,Kamil Grabara,VfL Wolfsburg,1999-01-08,12.0,27.7,1.754962354551677,GK,GK,Kamil Grabara,6.8,2.82,11.7,-5.2,-0.5103,-40.0,1,0,0,0,0,0,0,0,0,0,1,0,0
kamory doumbia|2003,5861.0,6,0.35280892399043035,0.22180266912633675,0.263934633899164,0.0816944024205749,2.0179043146463163,0.7056417249019942,1.641753230301495,5.241639219660502,2.7248543197365085,1.2400196004957775,0.6954649100582722,1.2826197111730429,0.680786686838124,0.0,,1,Kamory Doumbia,Brest,Ligue 1,23.0,2003.0,MF,2026-2027,2024-2025,100.0,exact,Kamory Doumbia,Stade Brestois 29,2003-02-18,9.0,23.6,2.754277891854894,CAM,MF,Kamory Doumbia,27.7,14.6,39.66,18.7,1.0542,187.0,0,0,1,0,0,1,0,0,0,0,0,0,0
kaoru mitoma|1997,8128.0,4,0.24835339541221893,0.13286395639336815,0.29325034437018516,0.1590472531694199,1.8917783329548035,0.8158995815899581,5.6660374470690265,3.3411560634661495,1.4111524922197847,0.45786963434022254,0.4407938370491301,1.3529921942758023,0.898962735305417,0.0,,1,Kaoru Mitoma,Brighton,Premier League,28.0,1997.0,"MF,FW",2025-2026,2024-2025,100.0,exact,Kaoru Mitoma,Brighton & Hove Albion,1997-05-20,22.0,29.4,0.7529089664613279,CAM,"MF,FW",Kaoru Mitoma,13.78,7.3,24.62,-8.22,-0.4426,-35.8,0,0,0,1,0,1,0,0,0,0,0,0,0
karim adeyemi|2002,5173.0,5,0.46821778990357726,0.33553066377455054,0.34107058266224544,0.3768318213538032,2.524079791462536,1.090797041906327,4.255388441496922,2.2196234012316443,1.2896731406916153,0.4407652810492959,0.333076740881099,0.988571766935102,0.5652477320307048,0.0,,1,Karim Adeyemi,Barcelona,La Liga,24.0,2002.0,"MF,FW",2026-2027,2024-2025,100.0,exact,Karim Adeyemi,Borussia Dortmund,2002-01-18,40.0,24.7,0.7529089664613279,CAM,"MF,FW",Karim Adeyemi,15.45,7.94,34.17,-24.55,-0.913,-59.9,0,1,0,0,0,1,0,0,0,0,0,0,0
karl etta eyong|2003,1672.0,1,0.3767942583732058,0.215311004784689,,,2.6913875598086126,1.2918660287081338,,,,0.3229665071770335,,,,,,0,Karl Etta Eyong,Levante,La Liga,21.0,2003.0,FW,2025-2026,,100.0,exact,Karl Etta Eyong,Levante UD,2003-10-14,15.0,23.0,2.754277891854894,ST,FW,Karl Etta Eyong,11.14,8.95,23.18,-3.86,-0.2759,-24.1,0,1,0,0,0,0,0,0,0,0,0,1,0
karl jakob hein|2002,3330.0,3,0.0,0.0,0.0,0.0,0.0,0.0,0.0,0.0,0.0,0.0,0.6129032258064516,0.0,0.22580645161290325,3.2837528604118993,-0.264516129032258,1,Karl Jakob Hein,Werder Bremen,Bundesliga,24.0,2002.0,GK,2026-2027,2024-2025,80.0,surname,Karl Hein,SV Werder Bremen,2002-04-13,3.0,24.5,,GK,GK,Karl Jakob Hein,5.03,2.15,11.11,2.03,0.41,50.7,1,0,0,0,0,0,0,0,0,0,1,0,0
karol mets|1993,2832.0,2,0.03434806034482759,0.0,0.01,0.02,0.3192349137931035,0.03434806034482759,0.5,5.4,1.3000000000000003,1.0708512931034484,6.0,0.9000000000000001,2.4,,,1,Karol Mets,St Pauli,Bundesliga,32.0,1993.0,DF,2025-2026,2024-2025,100.0,exact,Karol Mets,FC St. Pauli,1993-05-16,0.6,33.4,,CB,DF,Karol Mets,1.61,0.57,2.35,1.01,0.4878,62.9,1,0,0,0,0,0,1,0,0,0,0,0,0
kassoum ouattara|2004,1994.0,3,0.02972913455186083,0.21140717903545478,0.11908947904136208,0.2762148337595908,0.9975776260735523,0.05436297741845554,4.022392893494956,3.3811418525030073,2.2485426112704734,1.6681347720766353,1.715554733043398,1.4740446007217543,0.9207161125319694,0.0,,1,Kassoum Ouattara,Monaco,Ligue 1,20.0,2004.0,"MF,DF",2025-2026,2024-2025,100.0,exact,Kassoum Ouattara,AS Monaco,2004-10-14,12.0,22.0,1.754962354551677,CAM,"MF,DF",Kassoum Ouattara,9.12,4.52,19.67,-2.88,-0.2508,-22.2,0,0,1,0,0,1,0,0,0,0,0,0,0
kaua santos|2003,1849.0,2,0.0,0.0,0.0,0.0,0.0,0.0,0.0,0.11764705882352941,0.0,0.0,1.1764705882352942,0.0,0.8235294117647058,3.438480245303634,0.388235294117647,1,Kauã Santos,Eint Frankfurt,Bundesliga,22.0,2003.0,GK,2025-2026,2024-2025,100.0,exact,Kauã Santos,Eintracht Frankfurt,2003-04-11,7.0,23.5,3.753593429158111,GK,GK,Kauã Santos,10.9,5.37,18.56,3.9,0.3968,48.7,1,0,0,0,0,0,0,0,0,0,1,0,0
keane lewis potter|2001,7233.0,5,0.1036016883238097,0.11573521938876039,0.16346311812058484,0.09311348205625605,1.3381725118054062,0.4089078160389514,2.9866929521931986,2.615409889929358,1.3060620995564316,0.5469422464662388,1.979628716937736,0.7869229505503532,0.7856450048496605,0.0,,1,Keane Lewis-Potter,Brentford,Premier League,25.0,2001.0,"DF,MF",2026-2027,2024-2025,100.0,exact,Keane Lewis-Potter,Brentford FC,2001-02-22,25.0,25.6,4.7529089664613275,FULLBACK,"DF,MF",Keane Lewis-Potter,27.68,20.31,47.2,2.68,0.0982,10.3,0,0,0,1,0,0,0,0,0,1,0,0,0
keinan davis|1998,3574.0,4,0.33078150492138336,0.19524176631945067,0.24452742724697402,0.1772983114446529,2.27679364891285,1.0440536731817904,2.06283801184651,1.9701261910893637,0.677955189286634,0.04840704950069025,0.5330929693535925,0.1506567087303631,3.123827392120075,0.0,,1,Keinan Davis,Udinese,Serie A,28.0,1998.0,FW,2026-2027,2024-2025,100.0,exact,Keinan Davis,Udinese Calcio,1998-02-13,10.0,28.6,4.7529089664613275,ST,FW,Keinan Davis,6.87,3.81,17.21,-3.13,-0.335,-28.5,0,0,0,0,1,0,0,0,0,0,0,1,0
kelvin amian|1998,9942.0,5,0.01573133215251235,0.03460893073552717,0.05590807751672098,0.03325635103926097,0.4740374755290389,0.12589050453791353,1.4834505230663693,3.153832961756131,2.162579317441262,0.568425468444113,3.3304750471617215,0.9192248327902589,0.8729792147806004,0.0,,1,Kelvin Amian,Nantes,Ligue 1,27.0,1998.0,DF,2025-2026,2024-2025,100.0,exact,Kelvin Amian,FC Nantes,1998-02-08,2.0,28.6,1.754962354551677,CB,DF,Kelvin Amian,8.02,2.66,20.43,6.02,1.1012,200.8,0,0,1,0,0,0,1,0,0,0,0,0,0
kenan y ld z|2005,6179.0,3,0.28592901308372903,0.15782461654083965,0.15899381816354224,0.18734388009991673,2.677894305332559,1.0970208577809741,4.032517464944465,4.371764587626275,1.8522892898426897,0.19779318826222111,0.4636377343318088,0.8571643966427099,0.29975020815986675,0.0,,1,Kenan Yıldız,Juventus,Serie A,20.0,2005.0,"FW,MF",2025-2026,2024-2025,100.0,exact,Kenan Yıldız,Juventus FC,2005-05-04,75.0,21.4,3.753593429158111,WINGER,"FW,MF",Kenan Yıldız,47.82,23.46,53.03,-27.18,-0.4427,-35.8,0,0,0,0,1,0,0,0,0,0,0,0,1
kenneth taylor|2002,1813.0,2,0.14308872124197267,0.09539248082798178,,,1.0329985652797704,0.38737446197991393,,,,0.6537190597917575,,,,,,0,Kenneth Taylor,Lazio,Serie A,24.0,2002.0,MF,2026-2027,,100.0,exact,Kenneth Taylor,Società Sportiva Lazio S.p.A.,2002-05-16,25.0,24.4,3.753593429158111,CM,MF,Kenneth Taylor,10.64,3.0,18.43,-14.36,-0.8034,-55.2,0,0,0,0,1,0,0,0,1,0,0,0,0
kenny lala|1991,10245.0,5,0.04143780290791599,0.08287560581583196,0.05957836846929423,0.14408041697691734,0.34007574453434325,0.07539610271353123,1.6747413905984025,5.105407882676443,2.2783815634411417,0.8462035541195476,2.343852298022784,0.8419536467199161,0.26805658972449736,0.0,,1,Kenny Lala,Brest,Ligue 1,34.0,1991.0,DF,2026-2027,2024-2025,100.0,exact,Kenny Lala,Stade Brestois 29,1991-10-03,1.5,35.0,0.7529089664613279,CB,DF,Kenny Lala,1.7,1.07,3.53,0.2,0.0771,8.0,0,0,1,0,0,0,1,0,0,0,0,0,0
kenny tete|1995,7001.0,4,0.037622881184513936,0.061895707755168075,0.06135895676046671,0.04565952649379932,0.8313443100449046,0.1295109233960642,2.052848318462594,3.7474262182566918,2.853809196980096,1.5316153566082769,3.2759094028826357,1.5092656142759093,1.2175873731679818,0.0,,1,Kenny Tete,Fulham,Premier League,29.0,1995.0,DF,2025-2026,2024-2025,100.0,exact,Kenny Tete,Fulham FC,1995-10-09,8.0,31.0,1.754962354551677,CB,DF,Kenny Tete,6.85,3.72,11.28,-1.15,-0.1361,-12.7,0,0,0,1,0,0,1,0,0,0,0,0,0
kepa arrizabalaga|1994,7003.0,5,0.0,0.0,0.001930788652903609,0.0,0.018832391713747645,0.0,0.0,0.03861577305807218,0.03416010693598692,0.007243227582210633,0.4737858309817317,0.03861577305807218,0.22580645161290325,2.913226133565117,0.06451612903225806,1,Kepa Arrizabalaga,Arsenal,Premier League,30.0,1994.0,GK,2025-2026,2024-2025,100.0,exact,Kepa Arrizabalaga,Arsenal FC,1994-10-03,5.0,32.0,1.754962354551677,GK,GK,Kepa Arrizabalaga,5.49,2.19,8.64,0.49,0.0777,8.1,0,0,0,1,0,0,0,0,0,0,1,0,0
kervin arriaga|1998,1532.0,1,0.1762402088772846,0.1762402088772846,,,0.9399477806788512,0.3524804177545692,,,,0.8224543080939948,,,,,,0,Kervin Arriaga,Levante,La Liga,27.0,1998.0,MF,2025-2026,,100.0,exact,Kervin Arriaga,Levante UD,1998-01-05,2.0,28.7,1.754962354551677,CAM,MF,Kervin Arriaga,3.29,1.7,7.16,1.29,0.358,43.0,0,1,0,0,0,1,0,0,0,0,0,0,0
keven schlotterbeck|1997,6562.0,5,0.11227157511976962,0.04658075989011718,0.08024298241316807,0.04163454124903623,0.7703741058750149,0.18039230948859658,0.27555969235291233,3.7894968892372503,1.6136775584186547,1.3675633352354917,4.801352079557144,1.179395483270465,2.7756360832690823,0.0,,1,Keven Schlotterbeck,Augsburg,Bundesliga,28.0,1997.0,DF,2025-2026,2024-2025,100.0,exact,Keven Schlotterbeck,FC Augsburg,1997-04-28,6.0,29.4,0.7529089664613279,CB,DF,Keven Schlotterbeck,5.24,1.72,9.84,-0.76,-0.1142,-10.8,1,0,0,0,0,0,1,0,0,0,0,0,0
kevin akpoguma|1995,6855.0,5,0.0068474911553239245,0.0068474911553239245,0.016415390884219103,0.012162162162162161,0.2516452999581542,0.039134361307154565,0.7491704988648933,4.135281448279876,2.5461319052331337,1.2257009168029824,3.8261831305663896,2.420396996332732,1.9459459459459458,0.0,,1,Kevin Akpoguma,Hoffenheim,Bundesliga,30.0,1995.0,DF,2025-2026,2024-2025,100.0,exact,Kevin Akpoguma,TSG 1899 Hoffenheim,1995-04-19,1.5,31.4,,CB,DF,Kevin Akpoguma,2.57,1.37,4.81,1.07,0.3569,42.9,1,0,0,0,0,0,1,0,0,0,0,0,0
kevin danois|2004,4740.0,3,0.06032330135366014,0.020107767117886713,0.09246575342465754,0.1356164383561644,0.866597108361902,0.23475927858101062,1.1712328767123288,5.856164383561644,3.0205479452054798,1.1899066894467079,1.2328767123287672,1.047945205479452,0.863013698630137,,,1,Kévin Danois,Auxerre,Ligue 1,22.0,2004.0,MF,2026-2027,2024-2025,100.0,exact,Kévin Danois,AJ Auxerre,2004-06-28,20.0,22.3,2.754277891854894,CDM,MF,Kévin Danois,32.54,8.5,42.29,12.54,0.4683,59.7,0,0,1,0,0,0,0,1,0,0,0,0,0
kevin danso|1998,12363.0,6,0.01597333832910993,0.012423707589307722,0.05581909063876185,0.051508844953173774,0.6964246659515304,0.1768418545570022,0.8806162472918819,3.972331176279011,1.0462893473612664,1.0959484909139312,4.59551691423231,1.5586015491142862,2.9032258064516125,0.0,,1,Kevin Danso,Sunderland,Premier League,28.0,1998.0,DF,2026-2027,2024-2025,100.0,exact,Kevin Danso,Tottenham Hotspur,1998-09-19,20.0,28.0,3.753593429158111,CB,DF,Kevin Danso,22.78,15.63,34.77,2.78,0.1242,13.2,0,0,0,1,0,0,1,0,0,0,0,0,0
kevin de bruyne|1991,8971.0,6,0.31081424766086174,0.39875781385947767,0.23097858957300108,0.4230317273795534,2.6932441972711687,0.8199184374329255,3.182532962380549,8.487964194992138,0.9997580742711987,0.3481601456356164,0.4499818555703399,0.6314261521712833,0.26439482961222094,0.0,,1,Kevin De Bruyne,Napoli,Serie A,35.0,1991.0,MF,2026-2027,2024-2025,100.0,exact,Kevin De Bruyne,SSC Napoli,1991-06-28,8.0,35.3,0.7529089664613279,CAM,MF,Kevin De Bruyne,5.64,2.5,7.92,-2.36,-0.3043,-26.2,0,0,0,0,1,1,0,0,0,0,0,0,0
kevin diks|1996,2824.0,2,0.15584256844850064,0.0,,,0.8400974025974026,0.4748376623376624,,,,0.7847131681877444,,,,,,0,Kevin Diks,Gladbach,Bundesliga,29.0,1996.0,DF,2026-2027,,100.0,exact,Kevin Diks,Borussia Mönchengladbach,1996-10-06,5.0,30.0,3.753593429158111,CB,DF,Kevin Diks,6.86,3.28,10.47,1.86,0.2696,30.9,1,0,0,0,0,0,1,0,0,0,0,0,0
kevin kampl|1990,6230.0,5,0.0659265194002518,0.024722444775094422,0.03815831690883257,0.0790960451977401,0.4037999313265423,0.11271676300578033,1.4809552184076638,5.90731997983224,1.4623917128844481,1.1722559230857275,1.1138103313929506,1.3902003025163865,0.16949152542372883,0.0,,1,Kevin Kampl,RB Leipzig,Bundesliga,34.0,1990.0,MF,2025-2026,2024-2025,100.0,exact,Kevin Kampl,RB Leipzig,1990-10-09,3.5,36.0,,CM,MF,Kevin Kampl,0.58,0.36,1.76,-2.92,-1.0449,-64.8,1,0,0,0,0,0,0,0,1,0,0,0,0
kevin paredes|2003,2264.0,5,0.1443464314354451,0.12630312750601444,0.17408529480307622,0.07317073170731707,1.2494987971130713,0.34875769318440847,2.3228851083663478,3.5970636215334415,2.5378699603821953,1.281074578989575,1.4367280354229781,1.604521090654859,0.7317073170731707,0.0,,1,Kevin Paredes,Wolfsburg,Bundesliga,22.0,2003.0,DF,2025-2026,2024-2025,100.0,exact,Kevin Paredes,VfL Wolfsburg,2003-05-07,2.0,23.4,0.7529089664613279,FULLBACK,DF,Kevin Paredes,8.04,3.34,18.55,6.04,1.1028,201.2,1,0,0,0,0,0,0,0,0,1,0,0,0
kevin schade|2001,7563.0,6,0.35184852551165957,0.08843760235833605,0.3068548593677955,0.14522459659834278,1.967959114616758,0.8932447629259618,2.457605410113223,1.6068958450740305,1.4800963164096521,0.4212672886531492,1.267995286643783,0.7607971719862697,3.532490187527257,0.0,,1,Kevin Schade,Brentford,Premier League,24.0,2001.0,"MF,FW",2026-2027,2024-2025,100.0,exact,Kevin Schade,Brentford FC,2001-11-27,35.0,24.8,1.754962354551677,CAM,"MF,FW",Kevin Schade,28.37,15.79,39.61,-6.63,-0.2036,-18.4,0,0,0,1,0,1,0,0,0,0,0,0,0
kevin stoger|1993,8721.0,6,0.15695924315543028,0.17523531941325438,0.20371328092676871,0.30754352030947774,1.787346614337523,0.497761946052354,2.302441042614811,8.210591642532064,2.1131568059577983,0.8170481150556643,0.9417666528754652,1.3544683491932146,0.2901353965183752,0.0,,1,Kevin Stöger,Gladbach,Bundesliga,33.0,1993.0,MF,2026-2027,2024-2025,100.0,exact,Kevin Stöger,Borussia Mönchengladbach,1993-08-27,1.8,33.1,0.7529089664613279,CAM,MF,Kevin Stöger,6.15,3.64,7.08,4.35,0.9378,155.4,1,0,0,0,0,1,0,0,0,0,0,0,0
kevin trapp|1990,13455.0,6,0.0,0.0,0.0,0.0,0.0,0.0,0.0,0.025928108426635236,0.0058927519151443725,0.021172022684310017,0.38420742486741305,0.011785503830288745,0.1568627450980392,2.801635991820041,0.07450980392156863,1,Kevin Trapp,Paris FC,Ligue 1,36.0,1990.0,GK,2026-2027,2024-2025,100.0,exact,Kevin Trapp,Paris FC,1990-07-08,1.8,36.2,1.754962354551677,GK,GK,Kevin Trapp,2.92,1.59,4.47,1.12,0.3362,40.0,0,0,1,0,0,0,0,0,0,0,1,0,0
khephren thuram|2001,11324.0,5,0.10907972142717297,0.12502214225114439,0.13346616575661246,0.13929492691315562,1.5984374562981885,0.4829133682684803,2.949944484158973,4.68295131336791,1.7398512479656865,0.6662253754859642,1.4345901714146652,1.138911281123093,1.0834049871023215,0.0,,1,Khéphren Thuram,Juventus,Serie A,24.0,2001.0,MF,2025-2026,2024-2025,100.0,exact,Khéphren Thuram,Juventus FC,2001-03-26,38.0,25.5,2.754277891854894,CM,MF,Khéphren Thuram,23.13,8.35,42.3,-14.87,-0.4801,-38.1,0,0,0,0,1,0,0,0,1,0,0,0,0
khvicha kvaratskhelia|2001,9108.0,5,0.38954490061772495,0.25528427953103333,0.33111955931414383,0.3696275071633238,3.7682502120819756,1.5399598968776855,5.534486771665761,3.569555434866941,1.4454185739778105,0.40656385258646044,0.35472107999068975,0.6912871440763442,0.3008595988538682,0.0,,1,Khvicha Kvaratskhelia,Paris S-G,Ligue 1,25.0,2001.0,FW,2026-2027,2024-2025,100.0,exact,Khvicha Kvaratskhelia,Paris Saint-Germain,2001-02-12,140.0,25.6,2.754277891854894,WINGER,FW,Khvicha Kvaratskhelia,74.63,26.85,82.72,-65.37,-0.6229,-46.4,0,0,1,0,0,0,0,0,0,0,0,0,1
ki jana hoever|2002,2857.0,3,0.033001438524243365,0.06600287704848673,0.020724103726796086,0.11440677966101695,0.3782472569317124,0.21184372936820045,2.502834065466912,3.306291625336545,2.1776250531387276,0.9392717118438496,2.952387700155873,1.4060507297718576,1.0169491525423728,0.0,,1,Ki-Jana Hoever,Wolves,Premier League,23.0,2002.0,"MF,DF",2025-2026,2024-2025,100.0,exact,Ki-Jana Hoever,Wolverhampton Wanderers,2002-01-18,3.5,24.7,0.7529089664613279,CDM,"MF,DF",Ki-Jana Hoever,9.26,4.88,21.16,5.76,0.8238,127.9,0,0,0,1,0,0,0,1,0,0,0,0,0
kieran trippier|1990,9877.0,5,0.019373819034179243,0.19481451362146907,0.020174385766732562,0.0962566844919786,0.2540122940036834,0.0,1.431269415419373,7.034029935046597,2.287489409771251,0.8029371666387619,2.560717311493928,1.2406452979384355,1.5126050420168067,0.0,,1,Kieran Trippier,Newcastle Utd,Premier League,34.0,1990.0,DF,2025-2026,2024-2025,100.0,exact,Kieran Trippier,Newcastle United,1990-09-19,1.5,36.0,1.754962354551677,CB,DF,Kieran Trippier,3.13,2.48,4.29,1.63,0.5015,65.1,0,0,0,1,0,0,1,0,0,0,0,0,0
kiernan dewsbury hall|1998,7749.0,5,0.20776651001731383,0.1174870145931239,0.0798038806592948,0.37500000000000006,1.195975804682358,0.4773890252527354,2.671082829125809,5.191946588775298,2.09837262674734,0.576304724214692,1.286250782390987,1.7603797204256209,0.0,0.0,,1,Kiernan Dewsbury-Hall,Everton,Premier League,28.0,1998.0,MF,2026-2027,2024-2025,100.0,exact,Kiernan Dewsbury-Hall,Everton FC,1998-09-06,35.0,28.1,3.753593429158111,CAM,MF,Kiernan Dewsbury-Hall,19.97,17.94,46.37,-15.03,-0.5405,-41.8,0,0,0,1,0,1,0,0,0,0,0,0,0
kike barja|1997,3478.0,6,0.20667784500984182,0.2526062550120289,0.07980412916887243,0.34285714285714286,1.3602714373843308,0.6243041877194485,4.835892006352568,2.1975913181577553,1.3340391741662256,0.47896770430852226,0.5538644785600847,0.8218634197988355,1.4285714285714286,0.0,,1,Kike Barja,Osasuna,La Liga,29.0,1997.0,MF,2026-2027,2024-2025,100.0,exact,Kike Barja,CA Osasuna,1997-04-01,1.5,29.5,1.754962354551677,CAM,MF,Kike Barja,5.71,3.87,13.88,4.21,0.9879,168.6,0,1,0,0,0,1,0,0,0,0,0,0,0
kike perez|1997,6384.0,5,0.08782291613168301,0.0154075291459093,0.1251473438155555,0.08590021691973969,1.431282840189399,0.4295010845986985,1.7081893193215192,5.002297564581544,2.891335184704214,0.7380206460890555,1.1345973268335565,1.1345973268335565,1.0151843817787418,0.0,,1,Kike Pérez,Venezia,Serie A,29.0,1997.0,MF,2026-2027,2024-2025,100.0,exact,Kike Pérez,Venezia FC,1997-02-14,2.2,29.6,0.7529089664613279,CM,MF,Kike Pérez,4.07,1.9,9.92,1.87,0.4597,58.4,0,0,0,0,1,0,0,0,1,0,0,0,0
kike salas|2002,6861.0,5,0.10297482837528604,0.03040209218698921,0.06525044624165362,0.024128686327077747,0.8486055776892429,0.28942820647682016,0.4065757288613676,2.7488485863505145,1.9535467947729124,1.3376920562275254,5.616694947001918,1.1562617069569625,3.096514745308311,0.0,,1,Kike Salas,Sevilla,La Liga,24.0,2002.0,DF,2026-2027,2024-2025,100.0,exact,Kike Salas,Sevilla FC,2002-04-23,14.0,24.4,2.754277891854894,CB,DF,Kike Salas,16.66,6.17,30.23,2.66,0.1635,17.8,0,1,0,0,0,0,1,0,0,0,0,0,0
kike|1989,8582.0,5,0.376425855513308,0.03956749049429658,0.37772941735854576,0.031864673485444535,2.7943203422053235,1.1098138314887085,1.0187996049888446,1.7857795984053253,0.6106214110676275,0.10800855513307984,0.8163563878424344,0.5546614973848798,3.894571203776554,0.0,,1,Kiké,Espanyol,La Liga,35.0,1989.0,FW,2025-2026,2024-2025,90.0,fuzzy,Kike García,RCD Espanyol Barcelona,1989-11-25,0.7,36.8,0.7529089664613279,ST,FW,Kiké,1.73,0.92,2.84,1.03,0.473,60.5,0,1,0,0,0,0,0,0,0,0,0,1,0
kiko femenia|1991,9231.0,6,0.016991881656541873,0.039980898015392646,0.00999115660338307,0.052537045352492144,0.20622572551355936,0.07275666936135813,2.2861121041639225,4.8871996537904305,1.9050934201366023,1.6042335328676298,2.40973149942612,0.990648578471033,0.2020655590480467,0.0,,1,Kiko Femenía,Getafe,La Liga,35.0,1991.0,"DF,MF",2026-2027,2024-2025,100.0,exact,Kiko Femenía,Getafe CF,1991-02-02,0.7,35.7,0.7529089664613279,FULLBACK,"DF,MF",Kiko Femenía,0.85,0.66,2.43,0.15,0.0868,9.1,0,1,0,0,0,0,0,0,0,1,0,0,0
kilian fischer|2000,3890.0,4,0.0240790286067092,0.0,0.0162046298942555,0.0195907705703091,0.30191397406873843,0.026920687512942635,1.9214061160331526,4.112889396970564,2.44098313803944,0.8983329903272277,3.7862246356101745,1.6333238068019436,0.8228123639529822,0.0,,1,Kilian Fischer,Wolfsburg,Bundesliga,24.0,2000.0,DF,2025-2026,2024-2025,100.0,exact,Kilian Fischer,VfL Wolfsburg,2000-10-12,4.0,26.0,0.7529089664613279,CB,DF,Kilian Fischer,2.11,1.34,6.33,-1.89,-0.4761,-37.9,1,0,0,0,0,0,1,0,0,0,0,0,0
kim min jae|1996,9123.0,5,0.059202359606590774,0.03437556364253657,0.047399415885986056,0.011826544021024966,0.30636423303260546,0.18343787886774554,0.7813721891508004,6.286886161604878,1.5268357299031265,1.7350110871802487,3.4874479324598227,1.062895992594839,3.2325886990801576,0.0,,1,Kim Min-jae,Bayern Munich,Bundesliga,29.0,1996.0,DF,2026-2027,2024-2025,95.0,fuzzy,Min-jae Kim,Bayern Munich,1996-11-15,20.0,29.9,1.754962354551677,CB,DF,Kim Min-jae,13.14,3.94,22.69,-6.86,-0.3955,-32.7,1,0,0,0,0,0,1,0,0,0,0,0,0
kingsley ehizibue|1995,7684.0,6,0.04711032858264531,0.025696542863261083,0.067306738608637,0.07926341072858287,0.6417645754821547,0.1223502631953336,1.8888734601575052,1.9709983932078319,2.1638134534129456,0.738775607318756,2.6797722719247785,1.5318085338517387,1.044835868694956,0.0,,1,Kingsley Ehizibue,Genoa,Serie A,31.0,1995.0,"MF,DF",2026-2027,2024-2025,100.0,exact,Kingsley Ehizibue,Udinese Calcio,1995-05-25,2.0,31.3,,CDM,"MF,DF",Kingsley Ehizibue,1.51,1.26,5.63,-0.49,-0.1797,-16.4,0,0,0,0,1,0,0,1,0,0,0,0,0
ko itakura|1997,6720.0,4,0.08787112235388098,0.013313806417254694,0.05277589652950989,0.025806451612903222,0.7685954508663836,0.22580645161290325,0.7730553857843703,2.253753778555972,1.4435322684550453,1.0611103714551993,4.840516030988288,1.5252977419514693,2.096774193548387,0.0,,1,Ko Itakura,Gladbach,Bundesliga,29.0,1997.0,DF,2026-2027,2024-2025,100.0,exact,Ko Itakura,Ajax Amsterdam,1997-01-27,8.0,29.7,2.754277891854894,CB,DF,Ko Itakura,4.61,2.64,11.25,-3.39,-0.4722,-37.6,1,0,0,0,0,0,1,0,0,0,0,0,0
kobbie mainoo|2005,5592.0,4,0.053417506373679736,0.07648415685322325,0.03991851259702416,0.0872198667474258,0.6914504796145183,0.13938894140837138,1.1859511591325202,3.2979189767657755,2.3695814745093995,1.0780624013597184,1.0490213775497048,0.9004873771886847,1.0357359176256813,0.0,,1,Kobbie Mainoo,Manchester Utd,Premier League,21.0,2005.0,MF,2026-2027,2024-2025,100.0,exact,Kobbie Mainoo,Manchester United,2005-04-19,70.0,21.4,4.7529089664613275,CDM,MF,Kobbie Mainoo,35.71,24.02,48.15,-34.29,-0.6597,-48.3,0,0,0,1,0,0,0,1,0,0,0,0,0
koffi kouao|1998,3125.0,2,0.06616931560168667,0.06811547194291274,0.020930232558139538,,0.8485241647745703,0.39735099337748336,1.0465116279069768,3.0348837209302326,2.0930232558139537,1.1540707103470644,3.976744186046511,0.9418604651162791,,0.0,,0,Koffi Kouao,Metz,Ligue 1,27.0,1998.0,"DF,MF",2025-2026,,100.0,exact,Koffi Kouao,FC Metz,1998-05-20,2.5,28.4,,FULLBACK,"DF,MF",Koffi Kouao,2.22,1.36,4.85,-0.28,-0.0841,-8.1,0,0,1,0,0,0,0,0,0,1,0,0,0
kojo peprah oppong|2004,2425.0,1,0.03711340206185567,0.0,,,0.37113402061855677,0.11134020618556702,,,,1.1134020618556701,,,,,,0,Kojo Peprah Oppong,Nice,Ligue 1,21.0,2004.0,DF,2025-2026,,100.0,exact,Kojo Peprah Oppong,OGC Nice,2004-06-04,10.0,22.3,2.754277891854894,CB,DF,Kojo Peprah Oppong,10.15,5.42,24.3,0.15,0.0135,1.4,0,0,1,0,0,0,1,0,0,0,0,0,0
koke|1992,12050.0,6,0.04004758488544212,0.08336436037377745,0.03229268891069677,0.06542056074766354,0.5027249147553406,0.1720813881231975,0.8983991658488716,6.752484052993131,2.176306427870461,0.7478273504118272,1.159224730127576,1.1895853778213936,0.3738317757009347,0.0,,1,Koke,Atlético Madrid,La Liga,34.0,1992.0,MF,2026-2027,2024-2025,100.0,exact,Koke,Atlético de Madrid,1992-01-08,5.0,34.7,0.7529089664613279,CDM,MF,Koke,1.96,1.27,4.12,-3.04,-0.7071,-50.7,0,1,0,0,0,0,0,1,0,0,0,0,0
koni de winter|2002,7789.0,5,0.053676979604877786,0.024921454816550406,0.057187586333916574,0.008430913348946136,0.41027151186760114,0.16656670379573302,0.5453540841698131,2.5228842434846666,1.4835620222856616,0.829117631396773,4.2451422782945025,0.8006262086748318,3.11943793911007,0.0,,1,Koni De Winter,Milan,Serie A,24.0,2002.0,DF,2026-2027,2024-2025,100.0,exact,Koni De Winter,AC Milan,2002-06-12,23.0,24.3,3.753593429158111,CB,DF,Koni De Winter,14.55,8.59,29.84,-8.45,-0.4341,-35.2,0,0,0,0,1,0,1,0,0,0,0,0,0
konrad laimer|1997,8353.0,6,0.1054444483497944,0.22565111946855998,0.09986417302267264,0.14302530900529725,0.8873068878206305,0.3440207198356703,3.783930623759273,6.712151290356285,2.8529934176157137,0.7307300270640751,0.9158917563472991,1.698255145752795,0.7945850500294291,0.0,,1,Konrad Laimer,Bayern Munich,Bundesliga,29.0,1997.0,DF,2026-2027,2024-2025,100.0,exact,Konrad Laimer,Bayern Munich,1997-05-27,32.0,29.3,0.7529089664613279,FULLBACK,DF,Konrad Laimer,8.47,3.1,24.2,-23.53,-1.2485,-71.3,1,0,0,0,0,0,0,0,0,1,0,0,0
konstantinos koulierakis|2003,4950.0,2,0.08239317159858908,0.052101564393225455,0.036466774716369534,0.036466774716369534,0.8820916018201891,0.29443442203613446,0.7293354943273906,3.7925445705024314,1.4586709886547813,1.2407442311316945,5.3606158833063215,1.239870340356564,2.1515397082658025,,,1,Konstantinos Koulierakis,Wolfsburg,Bundesliga,21.0,2003.0,DF,2025-2026,2024-2025,100.0,exact,Konstantinos Koulierakis,VfL Wolfsburg,2003-11-28,25.0,22.8,2.754277891854894,CB,DF,Konstantinos Koulierakis,27.8,8.22,30.88,2.8,0.1024,10.8,1,0,0,0,0,0,1,0,0,0,0,0,0
konstantinos mavropanos|1997,11070.0,5,0.0701978940631781,0.004499865004049878,0.08806324110671937,0.022004889975550123,0.9350719478415648,0.25967873907239136,0.8648221343873518,3.1351778656126483,1.6932806324110672,1.781046568602942,5.046640316205535,1.2664031620553362,2.5085574572127136,0.0,,1,Konstantinos Mavropanos,West Ham,Premier League,27.0,1997.0,DF,2025-2026,2024-2025,100.0,exact,Konstantinos Mavropanos,West Ham United,1997-12-11,18.0,28.8,1.754962354551677,CB,DF,Konstantinos Mavropanos,20.68,12.06,26.33,2.68,0.132,14.1,0,0,0,1,0,0,1,0,0,0,0,0,0
kostas tsimikas|1996,3808.0,5,0.0,0.17168917106322096,0.03504269722578647,0.22580645161290322,0.6679781811678439,0.10719684822941958,2.5804167957170043,5.9373479049599585,2.779523029954427,1.1079316820173475,1.8676164771470292,0.7884606875801956,0.5376344086021505,0.0,,1,Kostas Tsimikas,Roma,Serie A,29.0,1996.0,DF,2025-2026,2024-2025,80.0,surname,Konstantinos Tsimikas,Associazione Sportiva Roma,1996-05-12,4.5,30.4,0.7529089664613279,FULLBACK,DF,Kostas Tsimikas,3.52,1.61,7.41,-0.98,-0.1963,-17.8,0,0,0,0,1,0,0,0,0,1,0,0,0
krepin diatta|1999,5084.0,5,0.04341248437808328,0.08879826350062489,0.09606171621812035,0.14173228346456693,0.8524633296059988,0.11332633788037776,3.3891080738340147,4.663590249401155,2.292165703818515,1.1898967309083734,1.3125264196139212,1.1635197970973652,2.6574803149606296,0.0,,1,Krépin Diatta,Monaco,Ligue 1,26.0,1999.0,"MF,DF",2025-2026,2024-2025,100.0,exact,Krépin Diatta,AS Monaco,1999-02-25,6.0,27.6,0.0,CAM,"MF,DF",Krépin Diatta,6.27,2.19,15.81,0.27,0.0376,3.8,0,0,1,0,0,1,0,0,0,0,0,0,0
kristian thorstvedt|1999,6215.0,4,0.16160407002843036,0.10039040713887339,0.16544967526510843,,1.5752899106742142,0.475609756097561,1.4035152093347523,4.85451142993432,1.4530510402524495,1.0112497109354808,1.2846292151322791,1.0567643929108723,,0.0,,0,Kristian Thorstvedt,Sassuolo,Serie A,27.0,1999.0,MF,2026-2027,,100.0,exact,Kristian Thorstvedt,US Sassuolo,1999-03-13,12.0,27.5,0.7529089664613279,CM,MF,Kristian Thorstvedt,7.02,2.69,17.78,-4.98,-0.4835,-38.3,0,0,0,0,1,0,0,0,1,0,0,0,0
kristijan jakic|1997,8549.0,5,0.06604806209264143,0.043658888501915516,0.042164642891289794,0.046834345186470075,0.8575053485248021,0.23864047245992523,0.9706472894158141,4.226790324122765,1.9206425088440577,1.0780387083934522,1.889664403862702,1.5454632374031934,1.3660017346053772,0.0,,1,Kristijan Jakić,Augsburg,Bundesliga,28.0,1997.0,"MF,DF",2025-2026,2024-2025,100.0,exact,Kristijan Jakic,FC Augsburg,1997-05-14,6.0,29.4,1.754962354551677,CDM,"MF,DF",Kristijan Jakić,5.93,2.49,15.17,-0.07,-0.0101,-1.0,1,0,0,0,0,0,0,1,0,0,0,0,0
kristjan asllani|2002,4841.0,5,0.07452665502887068,0.09265476030616354,0.14829926635019028,0.1744897959183673,1.502618504095609,0.3015689099051138,0.656753893836557,4.491349209462905,1.1863941308015222,0.9829461528132133,1.0275020597120326,0.8191768998391462,0.36734693877551017,0.0,,1,Kristjan Asllani,Torino,Serie A,23.0,2002.0,MF,2025-2026,2024-2025,100.0,exact,Kristjan Asllani,Torino FC,2002-03-09,12.0,24.6,1.754962354551677,CAM,MF,Kristjan Asllani,7.01,3.64,20.82,-4.99,-0.4846,-38.4,0,0,0,0,1,1,0,0,0,0,0,0,0
kristoffer ajer|1998,8288.0,6,0.02175042594584144,0.03480068151334631,0.055063158629353064,0.07510431154381085,0.5051723904171809,0.16375545851528384,1.3797194500662993,3.341475329750855,1.6602693837671854,0.9385308795630581,3.3896294228487682,1.094982203922116,1.689847009735744,0.0,,1,Kristoffer Ajer,Brentford,Premier League,28.0,1998.0,DF,2026-2027,2024-2025,100.0,exact,Kristoffer Ajer,Brentford FC,1998-04-17,18.0,28.4,3.753593429158111,CB,DF,Kristoffer Ajer,15.37,10.72,30.5,-2.63,-0.1488,-13.8,0,0,0,1,0,0,1,0,0,0,0,0,0
kristoffer lund|2002,2276.0,1,0.0,0.07908611599297012,,,0.7908611599297013,0.11862917398945517,,,,1.1072056239015817,,,,,,0,Kristoffer Lund,Köln,Bundesliga,23.0,2002.0,"DF,MF",2025-2026,,100.0,exact,Kristoffer Lund,1.FC Köln,2002-05-14,4.0,24.4,1.754962354551677,FULLBACK,"DF,MF",Kristoffer Lund,5.19,2.72,17.14,1.19,0.2131,23.7,1,0,0,0,0,0,0,0,0,1,0,0,0
kwasi sibo|1998,1681.0,1,0.0,0.0,,,0.4818560380725759,0.10707911957168352,,,,0.7495538370017847,,,,,,0,Kwasi Sibo,Oviedo,La Liga,27.0,1998.0,MF,2025-2026,,100.0,exact,Kwasi Sibo,Real Oviedo,1998-06-24,1.4,28.3,,CM,MF,Kwasi Sibo,1.73,1.4,4.84,0.33,0.1302,13.9,0,1,0,0,0,0,0,0,1,0,0,0,0
kyle walker peters|1997,9584.0,4,0.027013168919848424,0.03376646114981053,0.028060230292294062,0.08636052090472926,0.5200035017070821,0.18894946700301082,3.603188662533215,4.122940655447298,1.5799822852081489,0.6854591613411538,2.4488928255093,1.0267493356953052,0.339273474982865,0.0,,1,Kyle Walker-Peters,West Ham,Premier League,28.0,1997.0,DF,2025-2026,2024-2025,100.0,exact,Kyle Walker-Peters,West Ham United,1997-04-13,12.0,29.5,1.754962354551677,CB,DF,Kyle Walker-Peters,14.6,7.2,26.96,2.6,0.1821,20.0,0,0,0,1,0,0,1,0,0,0,0,0,0
kyle walker|1990,11205.0,5,0.0,0.05945791522336892,0.011367463792522736,0.0718232044198895,0.27639895725457986,0.03170345079868309,1.9718760525429437,5.703435500168406,1.3322667564836645,1.0027497053887082,1.312563152576625,0.8260357022566521,0.8287292817679558,0.0,,1,Kyle Walker,Burnley,Premier League,35.0,1990.0,"DF,MF",2025-2026,2024-2025,100.0,exact,Kyle Walker,Burnley FC,1990-05-28,1.5,36.3,0.7529089664613279,FULLBACK,"DF,MF",Kyle Walker,0.97,0.78,2.39,-0.53,-0.2376,-21.2,0,0,0,1,0,0,0,0,0,1,0,0,0
kylian mbappe|1998,14135.0,6,0.9474249247010407,0.19190051590970086,0.8200752433774192,0.238390092879257,4.792811769739656,2.2463220045380243,4.911375712678898,4.388938447814452,0.24667416514757787,0.09192437300569589,0.10122949230112865,0.1303184268704185,0.12383900928792571,0.0,,1,Kylian Mbappé,Real Madrid,La Liga,27.0,1998.0,FW,2026-2027,2024-2025,100.0,exact,Kylian Mbappé,Real Madrid,1998-12-20,180.0,27.8,2.754277891854894,WINGER,FW,Kylian Mbappé,63.1,22.89,107.49,-116.9,-1.0381,-64.6,0,1,0,0,0,0,0,0,0,0,0,0,1
ladislav krejci|1999,4976.0,2,0.07216164207825529,0.020445798588838996,0.06270491803278688,0.011065573770491803,0.7312379730596535,0.28263309813983317,1.069672131147541,5.311475409836065,0.8483606557377049,1.206302116741501,3.430327868852459,0.8852459016393442,2.028688524590164,,,1,Ladislav Krejčí,Girona,Premier League,26.0,1999.0,"DF,MF",2025-2026,2024-2025,100.0,exact,Ladislav Krejci,Girona FC,1999-04-20,22.0,27.4,3.753593429158111,FULLBACK,"DF,MF",Ladislav Krejčí,23.85,15.06,29.92,1.85,0.0774,8.1,0,0,0,1,0,0,0,0,0,1,0,0,0
lamare bogarde|2004,1529.0,2,0.0,0.0,0.0,0.018907563025210083,0.04856988667026445,0.04856988667026445,2.26890756302521,2.6470588235294117,2.6470588235294117,0.3026277554070323,2.457983193277311,0.9453781512605042,1.134453781512605,,,1,Lamare Bogarde,Aston Villa,Premier League,21.0,2004.0,"DF,MF",2025-2026,2024-2025,100.0,exact,Lamare Bogarde,Aston Villa,2004-01-05,18.0,22.7,1.754962354551677,FULLBACK,"DF,MF",Lamare Bogarde,8.13,4.62,16.25,-9.87,-0.7329,-51.9,0,0,0,1,0,0,0,0,0,1,0,0,0
lameck banda|2001,5348.0,4,0.1752119082075667,0.18916683894976227,0.20222929936305736,0.16229508196721312,2.3211701467851977,0.7326191865089887,4.493630573248408,1.3662420382165605,1.5828025477707008,0.32871614637171803,0.6114649681528662,1.1878980891719746,0.29508196721311475,0.0,,1,Lameck Banda,Lecce,Serie A,24.0,2001.0,"FW,MF",2025-2026,2024-2025,100.0,exact,Lameck Banda,US Lecce,2001-01-29,3.5,25.7,0.7529089664613279,WINGER,"FW,MF",Lameck Banda,7.93,3.42,17.52,4.43,0.6854,98.5,0,0,0,0,1,0,0,0,0,0,0,0,1
lamine camara|2004,6606.0,4,0.08856240560208704,0.22140601400521762,0.09517628784816051,0.19279454722492698,1.1755701821521507,0.2865699385552744,1.0187884333042534,5.182032895716748,2.711662446539141,1.5045310998215022,1.3826414451986297,1.3500861757133433,0.9201557935735151,0.0,,1,Lamine Camara,Monaco,Ligue 1,22.0,2004.0,MF,2026-2027,2024-2025,100.0,exact,Lamine Camara,AS Monaco,2004-01-01,40.0,22.7,2.754277891854894,CAM,MF,Lamine Camara,30.37,9.75,49.01,-9.63,-0.2678,-23.5,0,0,1,0,0,1,0,0,0,0,0,0,0
lamine sy|2002,1985.0,2,0.05129374216345606,0.0,,,0.76171875,0.1171875,,,,1.4926478969565713,,,,,,0,Lamine Sy,Auxerre,Ligue 1,24.0,2002.0,DF,2026-2027,,100.0,exact,Lamine Sy,AJ Auxerre,2002-08-10,2.5,24.1,2.754277891854894,CB,DF,Lamine Sy,5.15,2.55,15.64,2.65,0.5644,75.8,0,0,1,0,0,0,1,0,0,0,0,0,0
lamine yamal|2007,7906.0,5,0.48275410939062335,0.404537851248937,0.2783228320199379,0.43802521008403356,4.138277918076935,1.461062157656585,5.465363216736578,4.438633132667567,1.7296452954701018,0.46677444374877347,0.21798269477157448,0.7013356266563701,0.031512605042016806,0.0,,1,Lamine Yamal,Barcelona,La Liga,19.0,2007.0,"MF,FW",2026-2027,2024-2025,100.0,exact,Lamine Yamal,FC Barcelona,2007-07-13,200.0,19.2,4.7529089664613275,CAM,"MF,FW",Lamine Yamal,113.96,44.32,198.14,-86.04,-0.5587,-42.8,0,1,0,0,0,1,0,0,0,0,0,0,0
largie ramazani|2001,4192.0,3,0.3086596170334381,0.143612460703058,0.27115659209900045,,3.0587310660188622,1.3857374392220425,3.5383150880533076,2.2617801047120416,0.783912422655878,1.3268076593312372,0.5997144217039505,0.8524512137077581,,0.0,,0,Largie Ramazani,Valencia,La Liga,24.0,2001.0,"MF,FW",2025-2026,,100.0,exact,Largie Ramazani,Leeds United,2001-02-27,8.0,25.6,1.754962354551677,CAM,"MF,FW",Largie Ramazani,6.21,3.12,21.27,-1.79,-0.2215,-19.9,0,1,0,0,0,1,0,0,0,0,0,0,0
lars ritzka|1998,1888.0,2,0.04118558152633062,0.0,0.03904555314533623,0.019522776572668116,0.5449169248099128,0.09504364967614758,0.7809110629067246,2.049891540130152,4.783080260303688,1.1531962827372573,4.002169197396963,1.5618221258134493,0.683297180043384,,,1,Lars Ritzka,St Pauli,Bundesliga,27.0,1998.0,"DF,MF",2025-2026,2024-2025,100.0,exact,Lars Ritzka,FC St. Pauli,1998-05-07,1.0,28.4,,FULLBACK,"DF,MF",Lars Ritzka,1.44,0.93,4.44,0.44,0.1989,22.0,1,0,0,0,0,0,0,0,0,1,0,0,0
lassana coulibaly|1996,13112.0,6,0.08416767521179447,0.04314477468839884,0.027049756662484666,0.030371203599550062,0.6347783434534784,0.19593451433121017,1.0819902664993866,3.430852163842665,1.9642093943446433,0.5233956273674614,1.3375980588146086,1.2991328085147449,1.046119235095613,0.0,,1,Lassana Coulibaly,Lecce,Serie A,30.0,1996.0,MF,2026-2027,2024-2025,100.0,exact,Lassana Coulibaly,US Lecce,1996-04-10,2.2,30.5,0.7529089664613279,CM,MF,Lassana Coulibaly,8.75,3.53,16.15,6.55,1.1137,204.6,0,0,0,0,1,0,0,0,1,0,0,0,0
lassine sinayoko|1999,7072.0,4,0.3407960465091403,0.19446554066340774,0.23968518960171717,0.215311004784689,2.727787143244486,1.0183561323512218,2.2275220605771526,2.8046744574290488,1.4166467922728359,0.8096312856332967,1.380872883377057,0.639160505604579,1.0569812962157459,0.0,,1,Lassine Sinayoko,Paris FC,Ligue 1,26.0,1999.0,"FW,MF",2026-2027,2024-2025,100.0,exact,Lassine Sinayoko,AJ Auxerre,1999-12-08,10.0,26.8,0.7529089664613279,ST,"FW,MF",Lassine Sinayoko,12.54,4.92,28.06,2.54,0.2078,23.1,0,0,1,0,0,0,0,0,0,0,0,1,0
laurent abergel|1993,10476.0,4,0.03805818673883627,0.019572781751401508,0.0319634703196347,,0.7948724144596946,0.19413287316652286,0.9692818596928187,5.817766708177667,2.9991697799916976,1.4190266769766093,1.5981735159817352,1.270236612702366,,0.0,,0,Laurent Abergel,Lorient,Ligue 1,32.0,1993.0,MF,2025-2026,,100.0,exact,Laurent Abergel,FC Lorient,1993-02-01,1.8,33.7,2.754277891854894,CDM,MF,Laurent Abergel,3.31,2.57,4.85,1.51,0.4312,53.9,0,0,1,0,0,0,0,1,0,0,0,0,0
lautaro martinez|1997,12469.0,6,0.685108827034024,0.15738986566997848,0.5707794857842471,0.15642683912691996,3.79310970575159,1.427140056632542,1.5193851176710653,2.5894436131138625,0.9219153856618149,0.4266499789975397,0.4615698544415726,0.9059991837845192,1.2732417138237673,0.0,,1,Lautaro Martínez,Inter,Serie A,29.0,1997.0,FW,2026-2027,2024-2025,100.0,exact,Lautaro Martínez,Inter Milan,1997-08-22,85.0,29.1,2.754277891854894,ST,FW,Lautaro Martínez,35.03,18.3,44.6,-49.97,-0.87,-58.1,0,0,0,0,1,0,0,0,0,0,0,1,0
lautaro valenti|1999,3808.0,2,0.019995898277276457,0.0,0.011568123393316195,0.011568123393316195,0.5844954881050041,0.14458572600492206,0.17352185089974295,1.6195372750642674,0.9832904884318767,0.9398072190319935,5.437017994858612,1.5038560411311057,1.3881748071979436,,,1,Lautaro Valenti,Parma,Serie A,26.0,1999.0,DF,2025-2026,2024-2025,100.0,exact,Lautaro Valenti,Parma Calcio 1913,1999-01-14,2.0,27.7,0.7529089664613279,CB,DF,Lautaro Valenti,4.94,1.78,8.69,2.94,0.6833,98.0,0,0,0,0,1,0,1,0,0,0,0,0,0
lazar samardzic|2002,7165.0,6,0.21139851574320917,0.09337848548166294,0.13760290815781034,0.223267750213858,2.2991831971995333,0.850276699177546,2.842510424462739,4.786271784454186,1.5858013471613388,0.5771309172130556,0.7447877686303861,0.8236929327488506,0.30795551753635586,0.0,,1,Lazar Samardzic,Atalanta,Serie A,24.0,2002.0,MF,2026-2027,2024-2025,100.0,exact,Lazar Samardžić,Atalanta BC,2002-02-24,16.0,24.6,2.754277891854894,CAM,MF,Lazar Samardzic,21.01,10.2,35.36,5.01,0.2584,29.5,0,0,0,0,1,1,0,0,0,0,0,0,0
leander dendoncker|1995,4334.0,4,0.08345697329376855,0.01112759643916914,0.13580373639909668,,0.6982566765578636,0.2706766917293233,0.258673783617327,2.7068363785670293,2.337302401970848,0.8846439169139467,1.69061794292753,2.152535413672757,,0.0,,0,Leander Dendoncker,Oviedo,La Liga,30.0,1995.0,MF,2025-2026,,100.0,exact,Leander Dendoncker,Real Oviedo,1995-04-15,1.8,31.5,,CDM,MF,Leander Dendoncker,1.37,1.15,3.34,-0.43,-0.1649,-15.2,0,1,0,0,0,0,0,1,0,0,0,0,0
leandro cabrera|1991,12558.0,5,0.07951317788493296,0.023036528172270296,0.04397752259956023,0.02823283373997909,0.8517100920008428,0.27026739220718377,0.30156015496841304,2.491012530103662,1.2941956650727724,0.8501222009379746,5.655823531464871,1.1057205682175144,2.415475775531544,0.0,,1,Leandro Cabrera,Espanyol,La Liga,35.0,1991.0,DF,2026-2027,2024-2025,100.0,exact,Leandro Cabrera,RCD Espanyol Barcelona,1991-06-17,0.9,35.3,0.7529089664613279,CB,DF,Leandro Cabrera,1.62,1.27,3.66,0.72,0.3209,37.8,0,1,0,0,0,0,1,0,0,0,0,0,0
leandro trossard|1994,11246.0,5,0.33711618866358234,0.24418145557254073,0.29051081368962167,0.21563236449332285,2.5493272861640635,0.7082178306357865,3.0676608160051866,4.0638169777242625,1.144815449451211,0.39360592838558806,0.45570323716019084,1.2504052239151575,0.21209740769835037,0.0,,1,Leandro Trossard,Arsenal,Premier League,30.0,1994.0,"FW,MF",2025-2026,2024-2025,100.0,exact,Leandro Trossard,Arsenal FC,1994-12-04,18.0,31.8,0.7529089664613279,WINGER,"FW,MF",Leandro Trossard,8.32,4.32,18.63,-9.68,-0.7124,-51.0,0,0,0,1,0,0,0,0,0,0,0,0,1
lee jae sung|1992,10541.0,6,0.2129114532315597,0.1580202191952982,0.19269400841830145,0.169811320754717,1.3978087301124773,0.43746071653048385,1.0612530201036332,3.533863149417254,1.49478034919236,1.1510525440331196,1.151514230576365,1.2171587472838064,1.6981132075471699,0.0,,1,Lee Jae-sung,Mainz 05,Bundesliga,34.0,1992.0,"MF,FW",2026-2027,2024-2025,95.0,fuzzy,Jae-sung Lee,1.FSV Mainz 05,1992-08-10,2.0,34.1,,CAM,"MF,FW",Lee Jae-sung,1.78,1.18,4.29,-0.22,-0.0775,-7.5,1,0,0,0,0,1,0,0,0,0,0,0,0
lee kang in|2001,9345.0,6,0.23625582867998388,0.24454550687928156,0.1548364648573417,0.3030667468430547,1.939139965185997,0.8290122676109777,2.9558107167710506,5.848990953375088,1.383089770354906,0.22278510160612514,0.2000695894224078,0.6141266527487822,0.27059530968129886,0.0,,1,Lee Kang-in,Atlético Madrid,La Liga,25.0,2001.0,"MF,FW",2026-2027,2024-2025,95.0,fuzzy,Kang-in Lee,Paris Saint-Germain,2001-02-19,28.0,25.6,1.754962354551677,CAM,"MF,FW",Lee Kang-in,40.85,14.08,65.88,12.85,0.3667,44.3,0,1,0,0,0,1,0,0,0,0,0,0,0
leif davis|1999,3193.0,2,0.1068093777290132,0.09270247878367183,,,,,,,,0.6,,,,,,0,Leif Davis,Ipswich Town,Premier League,26.0,1999.0,DF,2026-2027,,100.0,exact,Leif Davis,Ipswich Town,1999-12-31,20.0,26.7,2.754277891854894,CB,DF,Leif Davis,20.97,11.53,37.68,0.97,0.0452,4.6,0,0,0,1,0,0,1,0,0,0,0,0,0
lennard maloney|1999,3564.0,4,0.02074954530317391,0.02074954530317391,0.032443491816056116,0.0,0.5763762584214975,0.08286843958186643,0.15491036632891664,2.1687451286048325,1.9729150428682776,1.2518892332914924,3.8727591582229155,1.2860483242400624,2.0610687022900764,0.0,,1,Lennard Maloney,Mainz 05,Bundesliga,25.0,1999.0,"DF,MF",2025-2026,2024-2025,100.0,exact,Lennard Maloney,1.FSV Mainz 05,1999-10-08,2.5,27.0,1.754962354551677,FULLBACK,"DF,MF",Lennard Maloney,3.06,1.5,11.03,0.56,0.149,16.1,1,0,0,0,0,0,0,0,0,1,0,0,0
leny yoro|2005,6347.0,4,0.02230575405840803,0.0,0.04829604850512231,0.007725321888412019,0.43867982981535797,0.12878703186137505,0.6669454317374033,2.849675935605269,1.58059795107673,1.4560700565905242,3.2761864938323226,0.5749529583943133,1.2360515021459226,0.0,,1,Leny Yoro,Manchester Utd,Premier League,19.0,2005.0,DF,2025-2026,2024-2025,100.0,exact,Leny Yoro,Manchester United,2005-11-13,50.0,20.9,2.754277891854894,CB,DF,Leny Yoro,34.0,20.59,53.56,-16.0,-0.3764,-31.4,0,0,0,1,0,0,1,0,0,0,0,0,0
leo petrot|1997,6021.0,3,0.002786550250789523,0.0543377298903957,0.020912547528517112,0.05466970387243737,0.33020620471855844,0.05757307351638619,0.8935361216730039,3.082224334600761,2.0627376425855513,1.2246888352219953,3.590779467680609,1.7015209125475284,1.366742596810934,0.0,,1,Léo Pétrot,Elche,La Liga,28.0,1997.0,DF,2025-2026,2024-2025,100.0,exact,Léo Pétrot,Elche CF,1997-04-15,1.5,29.5,1.754962354551677,CB,DF,Léo Pétrot,2.79,1.78,7.36,1.29,0.4165,51.7,0,1,0,0,0,0,1,0,0,0,0,0,0
leo roman|2000,4500.0,5,0.0,0.0,0.0,0.0,0.0,0.0,0.0,0.0,0.0,0.02122347066167291,0.82,0.0,0.0,3.3736762481089255,0.5,1,Leo Román,Dep. A Coruña,La Liga,26.0,2000.0,GK,2026-2027,2024-2025,100.0,exact,Leo Román,RCD Mallorca,2000-07-06,6.0,26.2,4.7529089664613275,GK,GK,Leo Román,10.82,4.75,20.48,4.82,0.5242,68.9,0,1,0,0,0,0,0,0,0,0,1,0,0
leo skiri stigard|1999,7992.0,5,0.10508511567001311,0.016695766041030118,0.03728806357030553,0.012534818941504178,0.5981012658227848,0.285218253968254,0.3843538860323801,4.183911953427102,1.2333744104024136,0.9938891313836753,6.273955721752433,1.1243785322738282,4.470752089136489,0.0,,1,Leo Skiri Østigård,Genoa,Serie A,25.0,1999.0,DF,2025-2026,2024-2025,80.0,surname,Leo Østigård,Genoa CFC,1999-11-28,13.0,26.8,3.753593429158111,CB,DF,Leo Skiri Østigård,20.5,6.96,26.01,7.5,0.4291,53.6,0,0,0,0,1,0,1,0,0,0,0,0,0
leo stigard|1999,7998.0,5,0.09822020500790453,0.01560507930032128,,,,,,,,1.0588235294117647,,,,,,0,Leo Østigård,Genoa,Serie A,26.0,1999.0,DF,2026-2027,,100.0,exact,Leo Østigård,Genoa CFC,1999-11-28,13.0,26.8,3.753593429158111,CB,DF,Leo Østigård,22.82,8.86,38.38,9.82,0.5313,70.1,0,0,0,0,1,0,1,0,0,0,0,0,0
leon avdullahu|2004,3183.0,2,0.0326335255085391,0.02773849668225824,,,0.4446012702893437,0.06351446718419196,,,,1.1764385945828348,,,,,,0,Leon Avdullahu,Hoffenheim,Bundesliga,22.0,2004.0,MF,2026-2027,,100.0,exact,Leon Avdullahu,TSG 1899 Hoffenheim,2004-02-23,30.0,22.6,4.7529089664613275,CDM,MF,Leon Avdullahu,18.53,7.26,29.96,-11.47,-0.462,-37.0,1,0,0,0,0,0,0,1,0,0,0,0,0
leon bailey|1997,6580.0,5,0.20182630379792255,0.2389623436967403,0.217683580489548,0.11852502194907814,2.139358820257979,0.3911221480676703,4.351661604430945,2.7758174021797397,0.6271216723244596,0.3552142946843437,0.5507414686439164,0.6532517420046454,0.4741000877963126,0.0,,1,Leon Bailey,Roma,Premier League,27.0,1997.0,"FW,MF",2025-2026,2024-2025,100.0,exact,Leon Bailey,Associazione Sportiva Roma,1997-08-09,14.0,29.1,0.7529089664613279,WINGER,"FW,MF",Leon Bailey,9.8,3.64,19.27,-4.2,-0.3284,-28.0,0,0,0,1,0,0,0,0,0,0,0,0,1
leon goretzka|1995,8637.0,5,0.23289594140982606,0.1570949038754959,0.20847499283168802,0.11547169811320754,1.982911199267623,0.5901756617121057,2.4128538073976977,7.374964158440175,1.6718551591365256,1.2798291119926763,1.675541719575636,1.7861385327489452,2.1056603773584905,0.0,,1,Leon Goretzka,Bayern Munich,Bundesliga,30.0,1995.0,"MF,DF",2025-2026,2024-2025,100.0,exact,Leon Goretzka,Bayern Munich,1995-02-06,12.0,31.6,,CAM,"MF,DF",Leon Goretzka,5.27,1.69,8.42,-6.73,-0.7295,-51.8,1,0,0,0,0,1,0,0,0,0,0,0,0
leonardo balerdi|1999,10313.0,6,0.015777171795870664,0.019283209972730815,0.03664551418957332,0.027716673999120103,0.6538849646821392,0.13875342164049964,0.5904767758093512,4.190034263939892,2.3729698999738797,1.687280872613946,3.1390685739747703,1.284667271023155,1.5442146942366914,0.0,,1,Leonardo Balerdi,Roma,Serie A,27.0,1999.0,DF,2026-2027,2024-2025,100.0,exact,Leonardo Balerdi,Olympique Marseille,1999-01-26,18.0,27.7,1.754962354551677,CB,DF,Leonardo Balerdi,11.61,4.33,28.16,-6.39,-0.4099,-33.6,0,0,0,0,1,0,1,0,0,0,0,0,0
leonardo bittencourt|1993,4804.0,4,0.09875351123595506,0.11455407303370786,0.12200609460883431,0.14663951120162932,1.7262113764044946,0.45346884285775807,2.693874063737077,5.0417224389827116,2.4811323441460424,0.9835849719101123,0.6971776834790532,0.8484037251160538,0.45824847250509165,0.0,,1,Leonardo Bittencourt,Werder Bremen,Bundesliga,31.0,1993.0,MF,2025-2026,2024-2025,100.0,exact,Leonardo Bittencourt,SV Werder Bremen,1993-12-19,0.9,32.8,,CAM,MF,Leonardo Bittencourt,1.11,0.78,2.96,0.21,0.1056,11.1,1,0,0,0,0,1,0,0,0,0,0,0,0
leonardo pavoletti|1988,2818.0,4,0.4369408684267947,0.1374645428758455,0.4458647136046431,0.20224719101123595,3.107680558586079,1.0078805474906676,0.16168037034477992,2.580667449733987,0.2611759828646445,0.10309840715688413,0.7835279485939334,0.5472258688592552,11.325842696629213,0.0,,1,Leonardo Pavoletti,Cagliari,Serie A,36.0,1988.0,"FW,MF",2025-2026,2024-2025,100.0,exact,Leonardo Pavoletti,Cagliari Calcio,1988-11-26,0.6,37.8,,ST,"FW,MF",Leonardo Pavoletti,0.88,0.67,1.98,0.28,0.161,17.5,0,0,0,0,1,0,0,0,0,0,0,1,0
leonardo spinazzola|1993,6816.0,6,0.08946094048681023,0.11698738371352108,0.03864879035278256,0.20764667106130524,0.7946662981898578,0.2957454168107921,5.828776870646394,4.347988914688039,0.9684667815144934,0.317701032241621,1.5032581829076477,0.676353831173695,0.1779828609096902,0.0,,1,Leonardo Spinazzola,Napoli,Serie A,33.0,1993.0,"MF,DF",2026-2027,2024-2025,100.0,exact,Leonardo Spinazzola,SSC Napoli,1993-03-25,3.5,33.5,1.754962354551677,CAM,"MF,DF",Leonardo Spinazzola,2.12,1.48,4.19,-1.38,-0.3655,-30.6,0,0,0,0,1,1,0,0,0,0,0,0,0
leonidas stergiou|2002,1653.0,3,0.09929291409658493,0.11734617120505492,0.09810010960906103,0.09507042253521127,0.37460508500075224,0.0801644398766701,1.07964925100475,3.617099013518451,2.449762513701133,1.101248683616669,3.419802703690172,1.5345268542199488,0.6338028169014085,0.0,,1,Leonidas Stergiou,Stuttgart,Bundesliga,23.0,2002.0,DF,2025-2026,2024-2025,100.0,exact,Leonidas Stergiou,VfB Stuttgart,2002-03-03,2.5,24.6,1.754962354551677,CB,DF,Leonidas Stergiou,3.01,1.65,9.17,0.51,0.1355,14.5,1,0,0,0,0,0,1,0,0,0,0,0,0
leopold querfeld|2003,4722.0,3,0.11782012524292808,0.05587346145540919,0.05666857469948484,0.05151688609044076,0.9183940840805868,0.29084662862466515,0.15455065827132228,2.524327418431597,1.287922152261019,1.1441913193694666,7.418431597023469,1.287922152261019,3.348597595878649,,,1,Leopold Querfeld,Union Berlin,Bundesliga,22.0,2003.0,DF,2026-2027,2024-2025,100.0,exact,Leopold Querfeld,1.FC Union Berlin,2003-12-20,20.0,22.8,,CB,DF,Leopold Querfeld,15.45,5.42,21.63,-4.55,-0.244,-21.7,1,0,0,0,0,0,1,0,0,0,0,0,0
lesley ugochukwu|2004,6027.0,5,0.08319793825984648,0.04412011877416101,0.04772124731725792,0.054380664652567974,0.7046613255644573,0.21902102013817434,1.4486807221310438,3.022345663426335,2.789420527711148,0.7475208695164995,1.2157555864158567,1.531056684762025,1.0876132930513596,0.0,,1,Lesley Ugochukwu,Burnley,Premier League,21.0,2004.0,MF,2025-2026,2024-2025,100.0,exact,Lesley Ugochukwu,Burnley FC,2004-03-26,22.0,22.5,3.753593429158111,CDM,MF,Lesley Ugochukwu,30.5,20.0,47.9,8.5,0.3145,37.0,0,0,0,1,0,0,0,1,0,0,0,0,0
levi colwill|2003,6732.0,5,0.04265114074876447,0.038995328684584656,0.061794019933554815,0.031438551921244846,0.4833296039382412,0.10455296903623609,0.6677740863787375,3.858566682486948,1.5420028476506884,1.1003994313181233,3.2933080208827716,1.0792596108210728,2.34360114322007,0.0,,1,Levi Colwill,Chelsea,Premier League,23.0,2003.0,DF,2026-2027,2024-2025,100.0,exact,Levi Colwill,Chelsea FC,2003-02-26,50.0,23.6,2.754277891854894,CB,DF,Levi Colwill,35.66,20.28,39.57,-14.34,-0.3303,-28.1,0,0,0,1,0,0,1,0,0,0,0,0,0
lewis cook|1997,8540.0,5,0.012873269810531876,0.09209339172149726,0.020265789909929825,0.1239086635325722,0.38271095523003923,0.08735906816993953,0.8354975962866773,4.534315079847489,2.2217770901254354,1.6537200448914022,1.8388406918273748,1.0232358954522849,1.239086635325722,0.0,,1,Lewis Cook,Bournemouth,Premier League,29.0,1997.0,"MF,DF",2026-2027,2024-2025,100.0,exact,Lewis Cook,AFC Bournemouth,1997-02-03,11.0,29.6,1.754962354551677,CDM,"MF,DF",Lewis Cook,14.08,6.56,21.32,3.08,0.2281,25.6,0,0,0,1,0,0,0,1,0,0,0,0,0
lewis dunk|1991,13962.0,6,0.049272479122811075,0.0062458072127507,0.05988604679355072,0.021603456553048486,0.7288936785128218,0.10753401924991701,0.8243423445266091,5.055158200994059,0.7685780094556915,0.8480418237757061,2.9918778033701052,1.2777306340162444,2.2035525684109456,0.0,,1,Lewis Dunk,Brighton,Premier League,34.0,1991.0,DF,2026-2027,2024-2025,100.0,exact,Lewis Dunk,Brighton & Hove Albion,1991-11-21,3.5,34.9,0.7529089664613279,CB,DF,Lewis Dunk,5.92,3.56,9.07,2.42,0.4299,53.7,0,0,0,1,0,0,1,0,0,0,0,0,0
lewis ferguson|1999,8060.0,5,0.1260385529691435,0.04236590015769529,0.15708513649322148,0.1007121057985758,1.2331850369863373,0.10576057605760578,1.712984802182251,4.443054330660213,1.5966938080685849,0.6323110598536023,0.8952560657956806,0.8343417355456653,1.4649033570701933,0.0,,1,Lewis Ferguson,Bologna,Serie A,27.0,1999.0,MF,2026-2027,2024-2025,100.0,exact,Lewis Ferguson,Bologna Football Club 1909,1999-08-24,14.0,27.1,1.754962354551677,CM,MF,Lewis Ferguson,11.07,4.15,27.69,-2.93,-0.2175,-19.5,0,0,0,0,1,0,0,0,1,0,0,0,0
lewis hall|2004,6254.0,5,0.04881327155035195,0.09444306886915922,0.028795541335535142,0.1767930561900411,0.8568828873973072,0.15793328653828545,1.8554546392816595,4.964908659304366,2.603209825575395,1.0505464964097486,2.8516874806481574,1.44442150892765,1.2334399269072636,0.0,,1,Lewis Hall,Newcastle Utd,Premier League,22.0,2004.0,DF,2026-2027,2024-2025,100.0,exact,Lewis Hall,Newcastle United,2004-09-08,40.0,22.1,2.754277891854894,CB,DF,Lewis Hall,52.45,23.47,58.17,12.45,0.2652,30.4,0,0,0,1,0,0,1,0,0,0,0,0,0
lewis miley|2006,3407.0,4,0.07276270237774415,0.17724248015091523,0.10458789547927722,0.0,0.8035913589126714,0.2867699400020339,0.9189225498757305,4.219789077718815,2.8958151407268087,1.0037521507493936,1.3723382817223078,1.4811580573654866,1.7252396166134185,0.0,,1,Lewis Miley,Newcastle Utd,Premier League,20.0,2006.0,"MF,DF",2026-2027,2024-2025,100.0,exact,Lewis Miley,Newcastle United,2006-05-01,25.0,20.4,5.754962354551677,CDM,"MF,DF",Lewis Miley,51.66,24.51,57.29,26.66,0.7058,102.6,0,0,0,1,0,0,0,1,0,0,0,0,0
liam delap|2003,3977.0,3,0.29913205207687543,0.0402975821450713,0.322792132664867,0.06594677979174701,2.5186567164179103,0.966341760584831,2.1172387196297726,1.041264944080216,0.38179714616274585,0.0666460012399256,0.971847281141535,0.2776706517547243,1.908985730813729,,,1,Liam Delap,Nott'ham Forest,Premier League,23.0,2003.0,FW,2026-2027,2024-2025,100.0,exact,Liam Delap,Chelsea FC,2003-02-08,28.0,23.6,4.7529089664613275,ST,FW,Liam Delap,27.89,17.14,41.4,-0.11,-0.0039,-0.4,0,0,0,1,0,0,0,0,0,0,0,1,0
lilian brassier|1999,12566.0,6,0.03318613205973503,0.023704380042667884,0.05085903804819723,0.013412816691505219,0.5507681815249349,0.08382620034461882,0.9710617340184763,4.241669394901286,1.1119809830185188,1.5226113447407006,3.636997708282921,1.087640385463966,2.1013412816691504,0.0,,1,Lilian Brassier,Eint Frankfurt,Bundesliga,26.0,1999.0,DF,2026-2027,2024-2025,100.0,exact,Lilian Brassier,Stade Rennais FC,1999-11-02,12.0,26.9,2.754277891854894,CB,DF,Lilian Brassier,16.89,5.55,37.16,4.89,0.3191,37.6,1,0,0,0,0,0,1,0,0,0,0,0,0
lilian raolisoa|2000,3576.0,4,0.06524042304046393,0.17899295552127284,0.0505028057114284,0.13657056145675267,0.8208708504307579,0.17446000474721102,2.2701261181176733,3.305183621312295,2.940163342407912,0.9836248396869947,3.0501694538585475,0.790043891327296,1.024279210925645,0.0,,1,Lilian Raolisoa,Angers,Ligue 1,26.0,2000.0,"MF,DF",2026-2027,2024-2025,100.0,exact,Lilian Raolisoa,Angers SCO,2000-06-16,4.0,26.3,1.754962354551677,CDM,"MF,DF",Lilian Raolisoa,4.26,2.11,13.04,0.26,0.0505,5.2,0,0,1,0,0,0,0,1,0,0,0,0,0
linton maina|1999,5407.0,4,0.13880375679683638,0.1459218981710331,0.12750847936687393,,1.5992997045628623,0.7038123167155425,4.5502402487280955,2.7155172413793105,0.8013001695873375,0.29718240237271376,0.486503674392312,0.6454918032786885,,0.0,,0,Linton Maina,Köln,Bundesliga,27.0,1999.0,"MF,FW",2026-2027,,100.0,exact,Linton Maina,1.FC Köln,1999-06-23,3.0,27.3,,CAM,"MF,FW",Linton Maina,3.89,2.84,10.94,0.89,0.2,22.1,1,0,0,0,0,1,0,0,0,0,0,0,0
lisandro martinez|1998,6104.0,5,0.041451239080049926,0.02941700837939027,0.04460111885968274,0.056539120502569956,0.5330405270513076,0.16055255694812917,0.9908805272434671,5.030270518813702,2.064526017319335,1.1633089677304334,3.4255498505632618,1.4506858763123613,0.8223872073101085,0.0,,1,Lisandro Martínez,Manchester Utd,Premier League,28.0,1998.0,DF,2026-2027,2024-2025,100.0,exact,Lisandro Martínez,Manchester United,1998-01-18,40.0,28.7,0.7529089664613279,CB,DF,Lisandro Martínez,8.19,4.25,15.38,-31.81,-1.4952,-77.6,0,0,0,1,0,0,1,0,0,0,0,0,0
lloyd kelly|1998,8064.0,5,0.016049343865059636,0.04625987349340718,0.030697404388108085,0.041033434650455926,0.45843222681015694,0.08465608465608465,0.7293354943273906,2.882508043252135,1.3955344831756935,0.4946974226641911,4.478337647258037,1.195239362345485,2.8723404255319145,0.0,,1,Lloyd Kelly,Juventus,Serie A,27.0,1998.0,DF,2026-2027,2024-2025,100.0,exact,Lloyd Kelly,Juventus FC,1998-10-06,23.0,28.0,2.754277891854894,CB,DF,Lloyd Kelly,6.53,3.34,18.79,-16.47,-1.1591,-68.6,0,0,0,0,1,0,1,0,0,0,0,0,0
logan costa|2001,5772.0,4,0.051440329218107005,0.03233392122281012,0.03660705463886967,0.03698169592827793,0.4512051734273957,0.16567075415592875,0.7914237723545106,4.37950795375951,1.3709119652208281,0.773074661963551,3.982314000592827,1.124888844975793,1.6809861785580877,0.0,,1,Logan Costa,Villarreal,La Liga,24.0,2001.0,DF,2025-2026,2024-2025,100.0,exact,Logan Costa,Villarreal CF,2001-04-01,15.0,25.5,3.753593429158111,CB,DF,Logan Costa,17.01,5.61,26.95,2.01,0.1185,12.6,0,1,0,0,0,0,1,0,0,0,0,0,0
loic bade|2000,9140.0,5,0.017386264850767892,0.028011204481792715,0.02627696846763784,0.02345495160089352,0.5244856563314981,0.17137688633586695,0.45500645399225514,2.4963120044255946,1.8642817628618846,1.178402395440935,5.042411949105661,0.8602249677300386,2.177959791511541,0.0,,1,Loïc Bade,Leverkusen,Bundesliga,25.0,2000.0,DF,2025-2026,2024-2025,100.0,exact,Loïc Badé,Bayer 04 Leverkusen,2000-04-11,20.0,26.5,3.753593429158111,CB,DF,Loïc Bade,17.23,6.1,30.16,-2.77,-0.1416,-13.2,1,0,0,0,0,0,1,0,0,0,0,0,0
loic nego|1991,6359.0,3,0.0,0.028328611898016998,0.04322409596662031,0.02562017080113867,0.605392928339104,0.09661229611041407,2.155337273991655,3.720010431154381,2.125999652294854,1.1174063581995592,2.3841707232267035,0.6434718358831713,0.6954046360309069,0.0,,1,Loïc Nego,Le Havre,Ligue 1,34.0,1991.0,"DF,FW",2025-2026,2024-2025,100.0,exact,Loïc Nego,Le Havre AC,1991-01-15,0.5,35.7,1.672826830937714,CB,"DF,FW",Loïc Nego,0.92,0.73,2.02,0.42,0.2448,27.7,0,0,1,0,0,0,1,0,0,0,0,0,0
lois openda|2000,8716.0,5,0.48814743765415186,0.17265004110715262,0.5340014837011069,0.12474520994700367,3.4149204309577943,1.031126639139707,2.293627358284725,1.6050154915850874,0.2605204590745778,0.14079199780761853,0.40845418709180037,0.6061355404599473,0.6971055849979616,0.0,,1,Loïs Openda,Lyon,Ligue 1,26.0,2000.0,"FW,MF",2026-2027,2024-2025,100.0,exact,Loïs Openda,Juventus FC,2000-02-16,25.0,26.6,3.753593429158111,ST,"FW,MF",Loïs Openda,34.76,23.02,45.41,9.76,0.3188,37.5,0,0,1,0,0,0,0,0,0,0,0,1,0
lorenz assignon|2000,6573.0,5,0.07126880704630388,0.11002903543990776,0.06524549013730963,0.1336444633008061,0.8714799738819967,0.24309998172180586,3.2976790363973554,4.015885206901073,2.0703220126257422,1.0802850752281852,2.823932712661334,0.969409737182249,1.4509970301230377,0.0,,1,Lorenz Assignon,Stuttgart,Bundesliga,25.0,2000.0,"DF,MF",2025-2026,2024-2025,100.0,exact,Lorenz Assignon,VfB Stuttgart,2000-06-22,9.0,26.3,2.754277891854894,FULLBACK,"DF,MF",Lorenz Assignon,9.77,4.39,21.91,0.77,0.0738,7.7,1,0,0,0,0,0,0,0,0,1,0,0,0
lorenzo bernasconi|2003,1755.0,2,0.0,0.1510663507109005,,,0.5152671755725191,0.05725190839694658,,,,0.8827014218009481,,,,,,0,Lorenzo Bernasconi,Atalanta,Serie A,22.0,2003.0,MF,2026-2027,,100.0,exact,Lorenzo Bernasconi,Atalanta BC,2003-11-16,20.0,22.9,1.754962354551677,CM,MF,Lorenzo Bernasconi,5.45,2.86,11.08,-14.55,-1.1805,-69.3,0,0,0,0,1,0,0,0,1,0,0,0,0
lorenzo colombo|2002,7752.0,5,0.24504785926105727,0.09687938621948775,0.2581959660079861,0.11688311688311688,2.428799348246716,0.909568184801155,1.0412613903962322,1.7415787857069724,1.1813248694583804,0.06933524700022162,0.6800450496570084,1.2919013002969184,2.136139722346619,0.0,,1,Lorenzo Colombo,Genoa,Serie A,24.0,2002.0,FW,2026-2027,2024-2025,100.0,exact,Lorenzo Colombo,Genoa CFC,2002-03-08,10.0,24.6,2.754277891854894,ST,FW,Lorenzo Colombo,17.73,10.24,33.52,7.73,0.5323,70.3,0,0,0,0,1,0,0,0,0,0,0,1,0
lorenzo de silvestri|1988,5191.0,5,0.10459035444509007,0.009960986137627626,0.0608764481542779,0.025471698113207545,0.5229517722254503,0.2115063045148461,1.1721954378642871,4.008778873138087,0.9520040296466862,0.9213912177305553,2.794488018996906,1.0264805353673454,1.0188679245283019,0.0,,1,Lorenzo De Silvestri,Bologna,Serie A,37.0,1988.0,DF,2025-2026,2024-2025,100.0,exact,Lorenzo De Silvestri,Bologna Football Club 1909,1988-05-23,0.6,38.3,0.7529089664613279,CB,DF,Lorenzo De Silvestri,1.24,0.52,2.08,0.64,0.3347,39.8,0,0,0,0,1,0,1,0,0,0,0,0,0
lorenzo lucca|2000,5574.0,4,0.3634065900194186,0.06796535462195234,0.28210026522247156,0.06119847003824904,2.4325095961678773,0.9675713782164259,0.4757312164994343,0.6610160060834245,0.5024389339169464,0.2427334093641155,1.1267318285512917,0.6610160060834245,2.2566935826604335,0.0,,1,Lorenzo Lucca,Napoli,Serie A,26.0,2000.0,FW,2026-2027,2024-2025,100.0,exact,Lorenzo Lucca,SSC Napoli,2000-09-10,20.0,26.0,3.753593429158111,ST,FW,Lorenzo Lucca,13.17,7.82,28.33,-6.83,-0.3933,-32.5,0,0,0,0,1,0,0,0,0,0,0,1,0
lorenzo montipo|1996,16110.0,5,0.0,0.015767131594906003,0.0,0.0,0.0,0.0,0.0,0.012333965844402276,0.025616698292220113,0.001212856276531231,0.6631878557874763,0.004743833017077799,0.19444444444444445,2.7174044875682233,-0.33888888888888885,1,Lorenzo Montipò,Hellas Verona,Serie A,29.0,1996.0,GK,2025-2026,2024-2025,100.0,exact,Lorenzo Montipò,Hellas Verona,1996-02-20,1.2,30.6,1.754962354551677,GK,GK,Lorenzo Montipò,7.98,2.94,18.25,6.78,1.4065,308.2,0,0,0,0,1,0,0,0,0,0,1,0,0
lorenzo pellegrini|1996,9782.0,5,0.2293767100183651,0.11806154192121734,0.26442760820706157,0.13837638376383765,2.2251789663056107,0.7296398530722249,1.924889436670775,3.9819111143333576,1.561117958384688,0.783703759229414,1.034220256651925,0.8955629667222503,0.5535055350553506,0.0,,1,Lorenzo Pellegrini,Roma,Serie A,29.0,1996.0,MF,2025-2026,2024-2025,100.0,exact,Lorenzo Pellegrini,Associazione Sportiva Roma,1996-06-19,8.0,30.3,,CAM,MF,Lorenzo Pellegrini,6.6,2.87,15.26,-1.4,-0.1691,-15.6,0,0,0,0,1,1,0,0,0,0,0,0,0
louis leroux|2006,2257.0,2,0.11024070645207233,0.07691212078051558,0.16544117647058823,0.1433823529411765,0.9537102976783933,0.2973935336846603,1.2132352941176472,3.419117647058824,2.7573529411764706,0.4845463609172482,2.0955882352941178,2.4264705882352944,0.4411764705882353,,,1,Louis Leroux,Nantes,Ligue 1,19.0,2006.0,"MF,DF",2025-2026,2024-2025,100.0,exact,Louis Leroux,FC Nantes,2006-01-23,10.0,20.7,3.753593429158111,CAM,"MF,DF",Louis Leroux,21.71,11.72,29.01,11.71,0.725,106.5,0,0,1,0,0,1,0,0,0,0,0,0,0
louis mouton|2002,2936.0,2,0.0669115717659407,0.059039622146418266,0.11196172248803829,0.11196172248803829,1.690501180792443,0.3443977958541065,1.5502392344497609,4.650717703349282,4.220095693779904,0.6573077932301234,1.6363636363636365,1.4641148325358853,0.430622009569378,,,1,Louis Mouton,Angers,Ligue 1,23.0,2002.0,MF,2025-2026,2024-2025,100.0,exact,Louis Mouton,Angers SCO,2002-06-03,4.0,24.3,1.754962354551677,CAM,MF,Louis Mouton,4.67,2.61,16.82,0.67,0.1252,13.3,0,0,1,0,0,1,0,0,0,0,0,0,0
louis oppie|2002,1620.0,1,0.05555555555555555,0.0,,,0.8333333333333334,0.2222222222222222,,,,0.6111111111111112,,,,,,0,Louis Oppie,St Pauli,Bundesliga,23.0,2002.0,MF,2025-2026,,100.0,exact,Louis Oppie,FC St. Pauli,2002-05-17,2.5,24.4,,CM,MF,Louis Oppie,2.45,1.87,9.96,-0.05,-0.0157,-1.6,1,0,0,0,0,0,0,0,1,0,0,0,0
loum tchaouna|2003,4331.0,5,0.1395792069957771,0.0739937964796891,0.1838793664569321,0.08181818181818182,1.9907463776939,0.7657926102502981,3.0592319375135606,2.580820134519419,0.9438055977435452,0.211891326282746,1.0609676719461922,0.7973530049902365,0.6818181818181819,0.0,,1,Loum Tchaouna,Coventry City,Premier League,23.0,2003.0,"MF,FW",2026-2027,2024-2025,100.0,exact,Loum Tchaouna,Burnley FC,2003-09-08,13.0,23.1,3.753593429158111,CAM,"MF,FW",Loum Tchaouna,19.1,13.58,37.97,6.1,0.3618,43.6,0,0,0,1,0,1,0,0,0,0,0,0,0
lovro majer|1998,7297.0,5,0.1958499683007488,0.23131886019773482,0.2410851828607292,0.32565789473684215,1.721012319871147,0.5084559228144834,2.942317567182062,5.907742340389115,1.5687225423632112,0.5921762821062012,0.5006561305414503,1.0321218691162208,0.8881578947368421,0.0,,1,Lovro Majer,Wolfsburg,Bundesliga,27.0,1998.0,MF,2025-2026,2024-2025,100.0,exact,Lovro Majer,VfL Wolfsburg,1998-01-17,8.0,28.7,1.754962354551677,CAM,MF,Lovro Majer,12.78,4.96,30.51,4.78,0.4257,53.1,1,0,0,0,0,1,0,0,0,0,0,0,0
luca koleosho|2004,1939.0,4,0.2309514409790762,0.1634425582313462,0.17878821322149874,,2.3846547314578004,1.4586709886547813,4.936541220615826,1.7481514181657651,0.7250855313983003,0.4476904855902092,0.0,1.211786778501269,,0.0,,0,Luca Koleosho,Paris FC,Ligue 1,22.0,2004.0,MF,2026-2027,,100.0,exact,Luca Koleosho,RCD Espanyol Barcelona,2004-09-15,6.0,22.0,2.754277891854894,CAM,MF,Luca Koleosho,10.53,6.9,22.95,4.53,0.4992,64.7,0,0,1,0,0,1,0,0,0,0,0,0,0
luca lipani|2005,1559.0,3,0.0,0.06414018613230486,0.0234375,,0.9883997337643815,0.2611218568665377,1.40625,4.6875,2.109375,1.3167602917749643,1.640625,2.109375,,0.0,,0,Luca Lipani,Sassuolo,Serie A,21.0,2005.0,MF,2026-2027,,100.0,exact,Luca Lipani,US Sassuolo,2005-05-18,7.5,21.4,1.754962354551677,CDM,MF,Luca Lipani,7.07,3.31,14.98,-0.43,-0.0525,-5.1,0,0,0,0,1,0,0,1,0,0,0,0,0
luca marianucci|2004,1763.0,2,0.0,0.0595446584938704,0.05051449953227315,0.01683816651075772,0.4833625218914186,0.09106830122591944,1.010289990645463,2.3573433115060802,2.3573433115060802,1.4010507880910683,5.304022450888681,1.3470533208606172,2.3573433115060802,,,1,Luca Marianucci,Napoli,Serie A,21.0,2004.0,DF,2025-2026,2024-2025,100.0,exact,Luca Marianucci,SSC Napoli,2004-07-23,7.0,22.2,3.753593429158111,CB,DF,Luca Marianucci,7.9,4.64,17.19,0.9,0.1065,11.2,0,0,0,0,1,0,1,0,0,0,0,0,0
luca mazzitelli|1995,3312.0,3,0.22207917605407143,0.11345349211457996,0.08649206021860177,0.16119402985074627,1.8997425168973285,0.6416005519144532,0.6978758506908641,6.88224376160033,1.9377191173437822,0.9172835532668168,2.5539286450814602,1.0096927201484842,0.5373134328358209,0.0,,1,Luca Mazzitelli,Cagliari,Serie A,29.0,1995.0,MF,2025-2026,2024-2025,100.0,exact,Luca Mazzitelli,Cagliari Calcio,1995-11-15,1.2,30.9,0.7529089664613279,CAM,MF,Luca Mazzitelli,3.35,1.66,5.39,2.15,0.6808,97.6,0,0,0,0,1,1,0,0,0,0,0,0,0
luca netz|2003,6589.0,5,0.007380315877519557,0.17565151788496547,0.048093721097523384,0.17647058823529413,0.40444131008807177,0.0,1.6370362758195462,2.7769499537560374,1.9121878532524923,0.767552851262034,3.1284040694687087,1.4289384441475697,1.021671826625387,0.0,,1,Luca Netz,Gladbach,Bundesliga,22.0,2003.0,"MF,DF",2025-2026,2024-2025,100.0,exact,Luca Netz,Borussia Mönchengladbach,2003-05-15,8.0,23.4,3.753593429158111,CAM,"MF,DF",Luca Netz,16.94,9.24,33.12,8.94,0.6896,99.3,1,0,0,0,0,1,0,0,0,0,0,0,0
luca pellegrini|1999,5166.0,5,0.045158924677229484,0.09379161279116893,0.050290567724631204,0.15182755388940955,0.7781230098230311,0.3174235403151066,2.035091640590076,5.280509611086276,1.9345105051408136,1.2106065576934208,2.4038891372373716,0.89181940098346,0.6747891283973758,0.0,,1,Luca Pellegrini,Lazio,Serie A,26.0,1999.0,DF,2025-2026,2024-2025,100.0,exact,Luca Pellegrini,Società Sportiva Lazio S.p.A.,1999-03-07,4.5,27.6,0.7529089664613279,CB,DF,Luca Pellegrini,6.34,2.23,14.96,1.84,0.2881,33.4,0,0,0,0,1,0,1,0,0,0,0,0,0
luca ranieri|1999,10377.0,6,0.029970299702997034,0.03888038880388804,0.033846201860058676,0.05132505870513251,0.4667044488523661,0.11509951700418432,0.8033206416578241,3.0026215592035452,1.1136945259347109,0.9549995499955001,3.9140815180076145,1.2597528244179514,1.4491781281449179,0.0,,1,Luca Ranieri,Fiorentina,Serie A,27.0,1999.0,DF,2026-2027,2024-2025,100.0,exact,Luca Ranieri,ACF Fiorentina,1999-04-23,6.0,27.4,1.754962354551677,CB,DF,Luca Ranieri,10.29,4.22,24.29,4.29,0.4779,61.3,0,0,0,0,1,0,1,0,0,0,0,0,0
luca waldschmidt|1996,3063.0,4,0.46614100185528756,0.23654916512059368,0.2957599387314628,,3.144712430426716,1.7282127031019203,1.9111606210401728,3.220775603982455,1.3409454849265476,0.5322356215213359,0.6454083408758615,1.265752280164311,,0.0,,0,Luca Waldschmidt,Köln,Bundesliga,29.0,1996.0,"FW,MF",2025-2026,,100.0,exact,Luca Waldschmidt,1.FC Köln,1996-05-19,2.0,30.4,0.7529089664613279,WINGER,"FW,MF",Luca Waldschmidt,5.03,2.08,9.45,3.03,0.6986,101.1,1,0,0,0,0,0,0,0,0,0,0,0,1
lucas beltran|2001,4921.0,3,0.19532434373254606,0.14936567461900582,0.23811454637607704,0.1448497854077253,1.7033431740205858,0.43826548896431056,0.9282818043588443,2.9034465281297517,1.2361885453623922,0.21686746987951805,0.6409021794221996,1.0400405473897618,1.5450643776824033,0.0,,1,Lucas Beltrán,Valencia,La Liga,24.0,2001.0,"FW,MF",2025-2026,2024-2025,100.0,exact,Lucas Beltrán,Club Atlético River Plate,2001-03-29,8.0,25.5,0.7529089664613279,ST,"FW,MF",Lucas Beltrán,4.35,2.42,16.74,-3.65,-0.5202,-40.6,0,1,0,0,0,0,0,0,0,0,0,1,0
lucas beraldo|2003,4682.0,4,0.07902907140841095,0.023990968106124753,0.05290359221922477,0.01790154152163103,0.6387622465806577,0.20461520973058997,0.46003123668891094,5.364475365611244,1.768564532159591,1.07112616426757,2.6681811727956832,0.8766150788016471,2.013923421183491,0.0,,1,Lucas Beraldo,Paris S-G,Ligue 1,22.0,2003.0,"DF,MF",2026-2027,2024-2025,100.0,exact,Lucas Beraldo,Paris Saint-Germain,2003-11-24,22.0,22.8,1.754962354551677,FULLBACK,"DF,MF",Lucas Beraldo,18.52,5.08,32.98,-3.48,-0.1638,-15.1,0,0,1,0,0,0,0,0,0,1,0,0,0
lucas bergvall|2006,2177.0,2,0.04757314760113181,0.1790989086160256,0.05198019801980198,0.04455445544554455,1.0074313609651442,0.31062466963091945,2.4504950495049505,3.6386138613861387,2.896039603960396,1.0158266223065204,1.6336633663366336,1.3366336633663367,0.6683168316831684,,,1,Lucas Bergvall,Tottenham,Premier League,19.0,2006.0,MF,2025-2026,2024-2025,100.0,exact,Lucas Bergvall,Tottenham Hotspur,2006-02-02,35.0,20.7,4.7529089664613275,CDM,MF,Lucas Bergvall,30.21,20.62,46.67,-4.79,-0.1428,-13.3,0,0,0,1,0,0,0,1,0,0,0,0,0
lucas boye|1996,9154.0,5,0.408634082291296,0.06626498631750746,0.2482839010490869,,2.538843527006162,0.965270684371808,1.6039373138194533,2.2706903250874233,1.5946120968786424,0.3180719343240358,1.6085999222898588,1.2309286361870222,,0.0,,0,Lucas Boyé,Alavés,La Liga,30.0,1996.0,FW,2026-2027,,100.0,exact,Lucas Boyé,Deportivo Alavés,1996-02-28,5.0,30.6,2.754277891854894,ST,FW,Lucas Boyé,8.69,4.31,19.26,3.69,0.479,61.4,0,1,0,0,0,0,0,0,0,0,0,1,0
lucas chevalier|2001,10439.0,4,0.0,0.0,0.0,0.02647058823529412,0.0,0.0,0.0,0.03448659472688841,0.08454778062075871,0.008418217021634818,0.33707865168539325,0.015574591166981866,0.17647058823529413,2.463170300530348,0.21176470588235297,1,Lucas Chevalier,Paris S-G,Ligue 1,23.0,2001.0,GK,2025-2026,2024-2025,100.0,exact,Lucas Chevalier,Paris Saint-Germain,2001-11-06,25.0,24.9,3.753593429158111,GK,GK,Lucas Chevalier,27.61,8.38,34.22,2.61,0.0955,10.0,0,0,1,0,0,0,0,0,0,0,1,0,0
lucas da cunha|2001,6894.0,4,0.14621848739495796,0.09680672268907563,0.0765915392428693,0.1308840413318025,1.3566694782503914,0.507375949932946,2.2211546380432097,5.148927992972245,1.5935981552145384,0.5354621848739496,0.9882779257144424,0.652263430971532,0.5510907003444316,0.0,,1,Lucas Da Cunha,Como,Serie A,25.0,2001.0,MF,2026-2027,2024-2025,100.0,exact,Lucas Da Cunha,Como 1907,2001-06-09,20.0,25.3,2.754277891854894,CM,MF,Lucas Da Cunha,15.26,5.63,32.41,-4.74,-0.2558,-22.6,0,0,0,0,1,0,0,0,1,0,0,0,0
lucas digne|1993,10554.0,5,0.01310793237971391,0.1769570871261378,0.033276094119831075,0.1799234368353892,0.6207542262678803,0.1798636517478685,1.3087668817004687,2.6634798347797837,2.10238084188054,0.8838491547464239,2.958648535759038,0.8785445769712721,1.4164185452998723,0.0,,1,Lucas Digne,Aston Villa,Premier League,32.0,1993.0,DF,2025-2026,2024-2025,100.0,exact,Lucas Digne,Aston Villa,1993-07-20,6.0,33.2,1.754962354551677,CB,DF,Lucas Digne,3.96,2.89,6.38,-2.04,-0.3444,-29.1,0,0,0,1,0,0,1,0,0,0,0,0,0
lucas gourna douath|2003,3444.0,4,0.00580851269805415,0.0,0.05330296127562643,0.039301310043668124,0.6891417632670426,0.12438518759400025,1.5034168564920272,3.4851936218678814,2.8291571753986333,0.9322662880376908,0.6013667425968109,0.7790432801822325,0.0,0.0,,1,Lucas Gourna-Douath,Hull City,Premier League,23.0,2003.0,MF,2026-2027,2024-2025,100.0,exact,Lucas Gourna-Douath,Le Havre AC,2003-08-05,6.0,23.1,0.7529089664613279,CDM,MF,Lucas Gourna-Douath,10.84,8.04,20.35,4.84,0.5258,69.2,0,0,0,1,0,0,0,1,0,0,0,0,0
lucas h gsberg|2006,1976.0,2,0.0,0.0,,,0.20089285714285715,0.05022321428571429,,,,0.635250702905342,,,,,,0,Lucas Høgsberg,Strasbourg,Ligue 1,20.0,2006.0,DF,2026-2027,,100.0,exact,Lucas Høgsberg,FC Nordsjaelland,2006-06-23,18.0,20.3,3.753593429158111,CB,DF,Lucas Høgsberg,15.74,7.54,26.94,-2.26,-0.1265,-11.9,0,0,1,0,0,0,1,0,0,0,0,0,0
lucas hernandez|1996,7156.0,6,0.012078555345133534,0.0832078257109199,0.013620010279253041,0.010262257696693275,0.40048824956351103,0.11167883211678832,1.1744046599280453,6.707212609217064,2.3385300668151445,1.0629128703717512,2.4824396093883845,1.0253554908343328,1.3340935005701255,0.0,,1,Lucas Hernández,Paris S-G,Ligue 1,30.0,1996.0,DF,2026-2027,2024-2025,100.0,exact,Lucas Hernández,Paris Saint-Germain,1996-02-14,18.0,30.6,1.754962354551677,CB,DF,Lucas Hernández,6.9,1.88,14.22,-11.1,-0.877,-58.4,0,0,1,0,0,0,1,0,0,0,0,0,0
lucas holer|1994,10295.0,5,0.22518033923271885,0.09845547299785544,0.33100507825363534,0.1397964649169791,1.521673201481706,0.7273344651952461,1.0139175347071772,2.163544031752084,1.4756399812815222,0.48447891168251633,1.4756399812815222,1.1043901762656638,3.8564542046063206,0.0,,1,Lucas Höler,Freiburg,Bundesliga,31.0,1994.0,"FW,MF",2025-2026,2024-2025,100.0,exact,Lucas Höler,SC Freiburg,1994-07-10,3.0,32.2,,ST,"FW,MF",Lucas Höler,3.84,1.85,11.24,0.84,0.1898,20.9,1,0,0,0,0,0,0,0,0,0,0,1,0
lucas paqueta|1997,11522.0,5,0.1796795406131333,0.0907659535056034,0.20282293036398735,0.11722689075630255,1.5884041863480596,0.3591926112984972,1.1356069719945163,6.054472204347705,2.5343423887194696,0.5973881633787164,1.1922614218168595,1.1708586296617518,1.8151260504201683,0.0,,1,Lucas Paquetá,West Ham,Premier League,27.0,1997.0,"MF,FW",2025-2026,2024-2025,100.0,exact,Lucas Paquetá,West Ham United,1997-08-27,32.0,29.1,4.257357973990418,CM,"MF,FW",Lucas Paquetá,30.0,17.91,46.5,-2.0,-0.0625,-6.1,0,0,0,1,0,0,0,0,1,0,0,0,0
lucas perri|1997,4680.0,3,0.0,0.0,0.0,0.0,0.0,0.0,0.0,0.0,0.030303030303030304,0.0,0.6666666666666666,0.030303030303030304,0.36363636363636365,3.0727532097004278,0.11515151515151514,1,Lucas Perri,Torino,Serie A,28.0,1997.0,GK,2026-2027,2024-2025,100.0,exact,Lucas Perri,Leeds United,1997-12-10,10.0,28.8,2.754277891854894,GK,GK,Lucas Perri,4.92,3.22,8.28,-5.08,-0.6204,-46.2,0,0,0,0,1,0,0,0,0,0,1,0,0
lucas stassin|2004,2081.0,2,0.5575305339481188,0.16472493048467146,0.33386327503974567,0.16216216216216217,2.098569157392687,1.09697933227345,1.2400635930047696,1.6693163751987283,0.7631160572337043,0.1235436978635036,0.3815580286168522,0.47694753577106525,0.7154213036565978,,,1,Lucas Stassin,Sevilla,La Liga,21.0,2004.0,FW,2026-2027,2024-2025,100.0,exact,Lucas Stassin,AS Saint-Étienne,2004-11-29,15.0,21.8,1.754962354551677,ST,FW,Lucas Stassin,13.9,8.37,26.6,-1.1,-0.0714,-6.9,0,1,0,0,0,0,0,0,0,0,0,1,0
lucas torro|1994,12472.0,6,0.04267646069885937,0.013190906034192897,0.06665929692681848,0.03652350355089618,1.1105622861453628,0.28364030895611064,0.3146418306433783,3.4312126906920186,1.9512768074286977,1.3470242867858158,2.0806157417643156,0.9227835507406588,4.839364220493744,0.0,,1,Lucas Torró,Osasuna,La Liga,32.0,1994.0,MF,2026-2027,2024-2025,100.0,exact,Lucas Torró,CA Osasuna,1994-07-19,2.5,32.2,0.7529089664613279,CDM,MF,Lucas Torró,3.28,1.88,6.81,0.78,0.2012,22.3,0,1,0,0,0,0,0,1,0,0,0,0,0
lucas tousart|1997,8013.0,6,0.07255139056831922,0.03627569528415961,0.08913558687788449,0.08021390374331551,1.2538930763135103,0.4862372502445158,0.9699388798802545,2.9547212174129975,2.2115504552825245,1.29173019294464,2.7055008107770986,1.5739054509168016,3.2085561497326203,0.0,,1,Lucas Tousart,Brest,Ligue 1,29.0,1997.0,"MF,DF",2026-2027,2024-2025,100.0,exact,Lucas Tousart,Stade Brestois 29,1997-04-29,2.0,29.4,0.7529089664613279,CM,"MF,DF",Lucas Tousart,3.67,2.14,9.83,1.67,0.4429,55.7,0,0,1,0,0,0,0,0,1,0,0,0,0
lucas vazquez|1991,7066.0,5,0.12706026432617237,0.2418737561871715,0.07628324179080885,0.19323892188213795,0.7302138082359545,0.13757711415624826,1.7852768008851307,4.04532342830047,2.3880744458055085,0.670510792468235,1.6465799976291142,1.1646975145216738,0.2466879853814527,0.0,,1,Lucas Vázquez,Leverkusen,Bundesliga,34.0,1991.0,DF,2025-2026,2024-2025,100.0,exact,Lucas Vázquez,Bayer 04 Leverkusen,1991-07-01,1.5,35.2,0.7529089664613279,CB,DF,Lucas Vázquez,2.37,1.09,4.11,0.87,0.2986,34.8,1,0,0,0,0,0,1,0,0,0,0,0,0
lucas|2001,2948.0,2,0.021426304094804786,0.0,0.04678362573099415,,0.8832398687969527,0.255500354861604,1.7543859649122806,2.7485380116959064,2.7485380116959064,1.1332134165696754,2.631578947368421,1.5789473684210524,,0.0,,0,Lucas,Burnley,Premier League,24.0,2001.0,"MF,DF",2025-2026,,90.0,fuzzy,Lucas Bernadou,Volou Neos Podosferikos Syllogos,2000-09-24,0.75,26.0,,CDM,"MF,DF",Lucas,10.55,6.01,16.55,9.8,1.8872,560.1,0,0,0,1,0,0,0,1,0,0,0,0,0
lucien agoume|2002,9169.0,6,0.02648538889379359,0.08387039816367971,0.05398228062544356,0.10643330179754022,0.5177797924851415,0.07382697145357103,1.0652228657768823,5.701105743916119,2.9443007257159866,1.6844707336452724,1.6318307731050112,1.1826652320230764,1.7880794701986755,0.0,,1,Lucien Agoume,Sevilla,La Liga,24.0,2002.0,MF,2026-2027,2024-2025,100.0,exact,Lucien Agoumé,Sevilla FC,2002-02-09,15.0,24.6,1.754962354551677,CDM,MF,Lucien Agoume,32.58,7.62,44.9,17.58,0.7413,109.9,0,1,0,0,0,0,0,1,0,0,0,0,0
ludovic ajorque|1994,11840.0,6,0.30949264762491346,0.15397644160443455,0.3650288872979138,0.11182364729458917,1.874149313432283,0.6875272161741836,0.3776160903081867,1.6183546727493716,0.7372504620302692,0.25560089306336137,0.8601255390353141,0.6368525332578545,4.797595190380762,0.0,,1,Ludovic Ajorque,Brest,Ligue 1,32.0,1994.0,FW,2026-2027,2024-2025,100.0,exact,Ludovic Ajorque,Stade Brestois 29,1994-02-25,3.0,32.6,0.7529089664613279,ST,FW,Ludovic Ajorque,3.15,1.98,7.65,0.15,0.0365,3.7,0,0,1,0,0,0,0,0,0,0,0,1,0
ludovic blas|1997,11394.0,6,0.24189196338818053,0.2057034019364055,0.2497220612874434,0.18054949847361534,2.558877364246492,0.9242124404984757,3.1581667005934575,4.351815605280053,1.5008690478054585,0.6428231310512671,0.38895761238902027,0.7342279567198534,0.4317488006977758,0.0,,1,Ludovic Blas,Rennes,Ligue 1,28.0,1997.0,"MF,FW",2026-2027,2024-2025,100.0,exact,Ludovic Blas,Stade Rennais FC,1997-12-31,10.0,28.7,0.7529089664613279,CAM,"MF,FW",Ludovic Blas,21.35,8.29,32.71,11.35,0.709,103.2,0,0,1,0,0,1,0,0,0,0,0,0,0
luis diaz|1997,9697.0,6,0.450401552855027,0.301371627277996,0.4122181912412542,0.18757815756565235,3.0272006812265952,1.2599950539939,4.282521378595491,4.034724021767297,1.348309147447525,0.36843509378765993,0.2580007774034724,0.6355273386887794,0.4877032096706961,0.0,,1,Luis Díaz,Bayern Munich,Bundesliga,29.0,1997.0,MF,2026-2027,2024-2025,100.0,exact,Luis Díaz,Bayern Munich,1997-01-13,70.0,29.7,2.754277891854894,CAM,MF,Luis Díaz,32.47,15.72,44.1,-37.53,-0.7519,-52.9,1,0,0,0,0,1,0,0,0,0,0,0,0
luis henrique|2001,5844.0,5,0.1452193460302575,0.1576312559473735,0.14447351672441835,0.1446613088404133,0.9831360397538231,0.4399369894603505,2.95311505551234,4.788204511703556,0.6109893218301393,0.4604818579250045,0.8889046036348206,0.5940173962237465,0.0,0.0,,1,Luis Henrique,Inter,Serie A,24.0,2001.0,MF,2026-2027,2024-2025,100.0,exact,Luis Henrique,Inter Milan,2001-12-14,22.0,24.8,3.753593429158111,CAM,MF,Luis Henrique,15.92,6.92,30.52,-6.08,-0.3072,-26.5,0,0,0,0,1,1,0,0,0,0,0,0,0
luis milla|1994,13164.0,6,0.024485539173084048,0.17139877421158833,0.04763041158964569,0.12208695652173913,0.7691398027482793,0.1539007549848358,1.1042169689482848,4.951288674265822,2.10230782188781,1.1725852648443582,0.8174237744960414,0.7908922454938516,0.9704347826086955,0.0,,1,Luis Milla,Como,Serie A,31.0,1994.0,MF,2026-2027,2024-2025,100.0,exact,Luis Milla,Getafe CF,1994-10-07,3.5,32.0,2.754277891854894,CDM,MF,Luis Milla,5.07,2.57,12.0,1.57,0.2996,34.9,0,0,0,0,1,0,0,1,0,0,0,0,0
luis rioja|1993,11204.0,5,0.14607020593504444,0.14607020593504444,0.14196273895997324,0.1450595655220743,1.3669462205879688,0.26545098519153104,2.9199465094368295,3.0074765218976998,1.0312129593046229,0.6297781009986342,1.1816551682217429,0.9737713886271769,0.4730203223545901,0.0,,1,Luis Rioja,Valencia,La Liga,32.0,1993.0,MF,2026-2027,2024-2025,100.0,exact,Luis Rioja,Valencia CF,1993-10-16,1.8,33.0,0.7529089664613279,CAM,MF,Luis Rioja,3.25,1.68,8.28,1.45,0.4166,51.7,0,1,0,0,0,1,0,0,0,0,0,0,0
luiz felipe|1997,5206.0,5,0.0,0.0,0.01208183429093057,0.0,0.31788975312817047,0.15977443609022557,0.1401492777747946,2.1940611072329914,1.7736132739086077,1.3527223537368955,4.55726789453901,2.0490790957418246,2.2131147540983607,0.0,,1,Luiz Felipe,Rayo Vallecano,La Liga,28.0,1997.0,DF,2025-2026,2024-2025,100.0,exact,Luiz Felipe,Rayo Vallecano,1997-03-22,2.0,29.5,0.7529089664613279,CB,DF,Luiz Felipe,3.18,1.69,7.73,1.18,0.3316,39.3,0,1,0,0,0,0,1,0,0,0,0,0,0
luiz lucio reis junior|2001,4338.0,3,0.0,0.0,0.0,0.0,0.0,0.0,0.0,0.0,0.0,0.02217584137751109,0.8641975308641976,0.0,0.3703703703703704,2.6915234488785322,0.00617283950617284,1,Luiz Lúcio Reis Júnior,Villarreal,La Liga,25.0,2001.0,GK,2026-2027,2024-2025,80.0,surname,Luiz Júnior,Villarreal CF,2001-01-14,12.0,25.7,3.753593429158111,GK,GK,Luiz Lúcio Reis Júnior,9.18,3.09,21.06,-2.82,-0.2441,-21.7,0,1,0,0,0,0,0,0,0,0,1,0,0
luka lochoshvili|1998,2199.0,2,0.027447392497712716,0.05489478499542543,0.029363784665579117,,0.3915171288743883,,0.831973898858075,3.4257748776508974,2.202283849918434,0.7136322049405306,4.355628058727569,1.5171288743882545,,0.0,,0,Luka Lochoshvili,Köln,Bundesliga,28.0,1998.0,DF,2026-2027,,100.0,exact,Luka Lochoshvili,1.FC Nuremberg,1998-05-29,2.5,28.3,2.754277891854894,CB,DF,Luka Lochoshvili,3.7,1.98,10.68,1.2,0.294,34.2,1,0,0,0,0,0,1,0,0,0,0,0,0
luka modric|1985,10411.0,6,0.08685450451302816,0.1822241565273336,0.10178436793164113,0.3448275862068965,0.9478063388066,0.2692275434035058,2.90041951012044,10.126239681404297,1.2736095269395091,1.1623176339243475,0.6176658224911555,0.753378313066677,0.29556650246305416,0.0,,1,Luka Modrić,Milan,Serie A,41.0,1985.0,MF,2026-2027,2024-2025,100.0,exact,Luka Modrić,AC Milan,1985-09-09,3.5,41.1,,CAM,MF,Luka Modrić,1.73,1.46,6.36,-1.77,-0.5009,-39.4,0,0,0,0,1,1,0,0,0,0,0,0,0
luka sucic|2002,3363.0,3,0.21606969990319458,0.05227492739593417,0.16573660714285712,0.13058035714285715,2.1022866978116546,0.5797885419227933,1.5066964285714286,3.9676339285714284,1.2555803571428572,0.5575992255566312,0.8035714285714286,1.5066964285714286,1.3058035714285714,,,1,Luka Sučić,Real Sociedad,La Liga,24.0,2002.0,"MF,FW",2026-2027,2024-2025,100.0,exact,Luka Sucic,Real Sociedad,2002-09-08,10.0,24.1,2.754277891854894,CAM,"MF,FW",Luka Sučić,6.91,3.48,25.23,-3.09,-0.3299,-28.1,0,1,0,0,0,1,0,0,0,0,0,0,0
luka vuskovic|2007,2879.0,2,0.21849007044215385,0.0,,,1.1793611793611793,0.36855036855036855,,,,1.3252676403868349,,,,,,0,Luka Vušković,Brighton,Premier League,19.0,2007.0,DF,2026-2027,,100.0,exact,Luka Vuskovic,Tottenham Hotspur,2007-02-24,60.0,19.6,3.753593429158111,CB,DF,Luka Vušković,55.09,19.41,61.08,-4.91,-0.084,-8.1,0,0,0,1,0,0,1,0,0,0,0,0,0
lukas hradecky|1989,13318.0,6,0.0,0.0,0.0,0.0,0.0,0.0,0.0,0.012182366332369408,0.002214975696794438,0.0,0.2536147172829631,0.00996739063557497,0.034482758620689655,2.7656817493946733,0.027586206896551727,1,Lukáš Hrádecký,Monaco,Ligue 1,36.0,1989.0,GK,2026-2027,2024-2025,100.0,exact,Lukas Hradecky,AS Monaco,1989-11-24,1.5,36.8,0.7529089664613279,GK,GK,Lukáš Hrádecký,2.26,1.12,3.79,0.76,0.2654,30.4,0,0,1,0,0,0,0,0,0,0,1,0,0
lukas klostermann|1996,5924.0,5,0.04279785578419505,0.03696178454089572,0.02519653295706511,0.004896626768226333,0.3540549887601591,0.15171116076678817,0.792178996170127,4.493045756903851,1.2578109252166902,1.0952360366591736,5.454545454545455,1.390848619229994,0.9793253536452666,0.0,,1,Lukas Klostermann,RB Leipzig,Bundesliga,29.0,1996.0,DF,2025-2026,2024-2025,100.0,exact,Lukas Klostermann,RB Leipzig,1996-06-03,3.5,30.3,1.754962354551677,CB,DF,Lukas Klostermann,2.88,1.57,8.74,-0.62,-0.149,-13.8,1,0,0,0,0,0,1,0,0,0,0,0,0
lukas kubler|1992,9356.0,6,0.1328059798976741,0.056605827497369275,0.0808716163091093,0.03908794788273616,0.7836113287809249,0.37997054491899857,0.8828484780411099,3.549926990901943,2.1548916095698076,1.9398381653906165,2.8574637762551953,1.5382455352128497,2.0521172638436482,0.0,,1,Lukas Kübler,Freiburg,Bundesliga,34.0,1992.0,DF,2026-2027,2024-2025,100.0,exact,Lukas Kübler,SC Freiburg,1992-08-30,1.5,34.1,,CB,DF,Lukas Kübler,2.28,0.98,3.83,0.78,0.2717,31.2,1,0,0,0,0,0,1,0,0,0,0,0,0
lukas nmecha|1998,4118.0,5,0.5133552086847191,0.046919562084087214,0.5831807296802367,0.05781584582441113,2.7406544205587418,1.4300302262887021,1.5403577968727988,1.438935061276236,0.5324693618819553,0.2759974240240425,0.5831807296802366,0.5768418087054514,3.0835117773019265,0.0,,1,Lukas Nmecha,Leeds United,Premier League,26.0,1998.0,"FW,MF",2025-2026,2024-2025,100.0,exact,Lukas Nmecha,Leeds United,1998-12-14,10.0,27.8,0.7529089664613279,ST,"FW,MF",Lukas Nmecha,11.35,6.85,20.67,1.35,0.1157,12.3,0,0,0,1,0,0,0,0,0,0,0,1,0
lukas ullrich|2004,3488.0,4,0.022496971561520567,0.11421539408156595,0.04184881964867657,0.08512874408828165,0.5208355334023275,0.11507970335009803,1.4414593434544152,1.8134488514426517,1.1946586121929894,1.3428961485953814,3.4730943486209367,1.2089659009617677,0.6621124540199684,0.0,,1,Lukas Ullrich,Gladbach,Bundesliga,22.0,2004.0,"DF,MF",2026-2027,2024-2025,100.0,exact,Lukas Ullrich,Borussia Mönchengladbach,2004-03-16,6.0,22.5,2.754277891854894,FULLBACK,"DF,MF",Lukas Ullrich,10.52,4.79,25.52,4.52,0.4979,64.5,1,0,0,0,0,0,0,0,0,1,0,0,0
luke shaw|1995,9014.0,6,0.021870478168181766,0.052687970132437895,0.01761071060762101,0.18051575931232092,0.3037458409359236,0.0774552818089774,1.674562306900103,4.88465499485067,1.4459320288362514,1.122353175085328,2.3511843460350152,1.6652935118434604,0.7736389684813754,0.0,,1,Luke Shaw,Manchester Utd,Premier League,31.0,1995.0,DF,2026-2027,2024-2025,100.0,exact,Luke Shaw,Manchester United,1995-07-12,8.0,31.2,0.7529089664613279,CB,DF,Luke Shaw,6.34,2.67,7.58,-1.66,-0.2045,-18.5,0,0,0,1,0,0,1,0,0,0,0,0,0
lutsharel geertruida|2000,3250.0,2,0.02386683529843744,0.0,0.06358381502890173,0.057803468208092484,0.5342499286034842,0.11749826608461507,1.2138728323699421,5.375722543352601,2.0231213872832368,1.0060789033495166,3.4104046242774566,0.8670520231213874,0.6936416184971098,,,1,Lutsharel Geertruida,Sunderland,Premier League,25.0,2000.0,"DF,MF",2025-2026,2024-2025,100.0,exact,Lutsharel Geertruida,RB Leipzig,2000-07-18,20.0,26.2,2.754277891854894,FULLBACK,"DF,MF",Lutsharel Geertruida,17.27,10.96,28.29,-2.73,-0.1395,-13.0,0,0,0,1,0,0,0,0,0,1,0,0,0
lyle foster|2000,3270.0,2,0.2138719738600921,0.13589781672360018,0.21327014218009477,,1.4391801574335361,0.39387308533916854,2.6066350710900474,1.7535545023696684,0.9004739336492891,0.21164414079904945,1.6113744075829384,0.6161137440758293,,0.0,,0,Lyle Foster,Burnley,Premier League,24.0,2000.0,"FW,MF",2025-2026,,100.0,exact,Lyle Foster,Burnley FC,2000-09-03,8.0,26.1,1.754962354551677,WINGER,"FW,MF",Lyle Foster,8.26,3.6,21.05,0.26,0.0286,2.9,0,0,0,1,0,0,0,0,0,0,0,0,1
maarten vandevoordt|2002,1841.0,3,0.0,0.0,0.0,0.0,0.0,0.0,0.0,0.8391608391608392,0.2097902097902098,0.0,0.8391608391608392,0.0,0.2097902097902098,2.5548783086824947,-0.3566433566433566,1,Maarten Vandevoordt,RB Leipzig,Bundesliga,24.0,2002.0,GK,2026-2027,2024-2025,100.0,exact,Maarten Vandevoordt,RB Leipzig,2002-02-26,15.0,24.6,3.753593429158111,GK,GK,Maarten Vandevoordt,5.45,2.24,16.97,-9.55,-0.909,-59.7,1,0,0,0,0,0,0,0,0,0,1,0,0
mads hermansen|2000,4005.0,2,0.0,0.026133743274404302,0.0,0.0,0.0,0.0,0.0,0.03773584905660377,0.03773584905660377,0.0,0.49056603773584906,0.03773584905660377,0.1509433962264151,3.3635664873174482,0.05283018867924528,1,Mads Hermansen,West Ham,Premier League,25.0,2000.0,GK,2025-2026,2024-2025,100.0,exact,Mads Hermansen,West Ham United,2000-07-11,15.0,26.2,3.753593429158111,GK,GK,Mads Hermansen,18.46,12.62,27.5,3.46,0.1956,21.6,0,0,0,1,0,0,0,0,0,0,1,0,0
mads pedersen|1996,5460.0,5,0.033745781777277835,0.028554123042312016,0.036751229863991514,0.0,0.7190447347927663,0.0,2.1471978392977715,2.995080544033954,2.766470531494164,0.8929653024141213,2.190604803704061,1.2096074081219252,0.3829787234042553,0.0,,1,Mads Pedersen,Augsburg,Bundesliga,28.0,1996.0,DF,2025-2026,2024-2025,100.0,exact,Mads Pedersen,FC Augsburg,1996-09-01,0.8,30.1,0.7529089664613279,FULLBACK,DF,Mads Pedersen,1.48,1.24,5.35,0.68,0.3213,37.9,1,0,0,0,0,0,0,0,0,1,0,0,0
maduka okoye|1999,7206.0,4,0.0,0.0,0.0,0.0,0.0,0.0,0.0,0.025291828793774316,0.0,0.008121766333774516,0.37354085603112835,0.0,0.28,2.870652030154741,0.0,1,Maduka Okoye,Udinese,Serie A,27.0,1999.0,GK,2026-2027,2024-2025,100.0,exact,Maduka Okoye,Udinese Calcio,1999-08-28,10.0,27.1,1.754962354551677,GK,GK,Maduka Okoye,12.52,3.5,22.88,2.52,0.2063,22.9,0,0,0,0,1,0,0,0,0,0,1,0,0
maghnes akliouche|2002,7102.0,6,0.22197677286521614,0.2586511962081649,0.321019347567466,0.2730673316708229,1.9904636299076797,0.6792641305252644,3.9709473420574795,5.965813036127982,1.9441487696449813,0.6533838053467449,0.3869513493206437,0.8941205935758562,0.18703241895261843,0.0,,1,Maghnes Akliouche,Paris S-G,Ligue 1,24.0,2002.0,"MF,FW",2026-2027,2024-2025,100.0,exact,Maghnes Akliouche,AS Monaco,2002-02-25,50.0,24.6,1.754962354551677,CAM,"MF,FW",Maghnes Akliouche,29.83,11.86,51.4,-20.17,-0.5032,-39.5,0,0,1,0,0,1,0,0,0,0,0,0,0
mahamadou nagida|2005,1562.0,4,0.09493285731672685,0.0,0.28056234718826406,0.0627906976744186,1.450393000148302,0.4202334630350194,4.552261613691932,2.929400977995111,1.5540953545232274,2.384275224147024,1.0727383863080684,0.783924205378973,1.0465116279069768,0.0,,1,Mahamadou Nagida,Rennes,Ligue 1,21.0,2005.0,DF,2026-2027,2024-2025,100.0,exact,Mahamadou Nagida,Stade Rennais FC,2005-06-28,7.0,21.3,2.754277891854894,FULLBACK,DF,Mahamadou Nagida,5.88,4.28,21.05,-1.12,-0.1513,-14.0,0,0,1,0,0,0,0,0,0,1,0,0,0
mahdi camara|1998,12526.0,6,0.14733784441795256,0.06271303121379519,0.15208918565146412,0.06769462203836028,1.3329619608467294,0.509489380930863,1.7644463400644184,3.7539158442780876,2.5612930742870588,1.1220343536444077,0.923918638683394,1.3223420057947142,0.5754042873260624,0.0,,1,Mahdi Camara,Rennes,Ligue 1,28.0,1998.0,MF,2026-2027,2024-2025,100.0,exact,Mahdi Camara,Stade Rennais FC,1998-06-30,12.0,28.2,2.754277891854894,CM,MF,Mahdi Camara,13.99,5.65,31.95,1.99,0.1421,15.3,0,0,1,0,0,0,0,0,1,0,0,0,0
mahmoud dahoud|1996,3754.0,5,0.19274700171330666,0.2537835522558538,0.10281494572077757,0.17307692307692307,1.7186607652769845,0.31945101751064836,0.78957334006564,4.816965412774552,2.16990658924514,0.8802113078241005,0.9429437010855845,1.153117899520323,0.24725274725274723,0.0,,1,Mahmoud Dahoud,Eint Frankfurt,Bundesliga,29.0,1996.0,"MF,FW",2025-2026,2024-2025,100.0,exact,Mahmoud Dahoud,Eintracht Frankfurt,1996-01-01,2.0,30.7,,CAM,"MF,FW",Mahmoud Dahoud,2.1,1.22,5.32,0.1,0.0318,3.2,1,0,0,0,0,1,0,0,0,0,0,0,0
malang sarr|1999,5572.0,4,0.0,0.021132012927819674,0.015478237862151077,0.019494584837545126,0.5916963619789508,0.13022294404252177,0.3770339992062442,4.13943643339066,1.313665828813335,2.0821248031822326,3.9846540547691487,1.1946024606429422,1.1696750902527075,0.0,,1,Malang Sarr,Lens,Ligue 1,26.0,1999.0,DF,2025-2026,2024-2025,100.0,exact,Malang Sarr,RC Lens,1999-01-23,20.0,27.7,,CB,DF,Malang Sarr,4.95,2.33,11.69,-15.05,-1.2612,-71.7,0,0,1,0,0,0,1,0,0,0,0,0,0
malick fofana|2005,2897.0,3,0.2951510892480675,0.16163035839775125,0.22983494238554966,0.20956576463184395,1.8903724525650036,0.9380053908355794,5.921052631578948,2.3649174711927747,1.1596854562441608,0.46849379245725,0.5570694487698535,0.6411554033011523,0.11327879169288861,0.0,,1,Malick Fofana,Lyon,Ligue 1,20.0,2005.0,"MF,FW",2025-2026,2024-2025,100.0,exact,Malick Fofana,Olympique Lyon,2005-03-31,30.0,21.5,1.754962354551677,CAM,"MF,FW",Malick Fofana,12.79,7.18,25.43,-17.21,-0.8102,-55.5,0,0,1,0,0,1,0,0,0,0,0,0,0
malick thiaw|2001,8472.0,5,0.05794686310527014,0.007669437763932813,0.03544764007011621,0.004983388704318937,0.616680812304635,0.2899178430762151,0.6349412452119717,4.162176199441667,1.5347659546841523,0.8240384797470033,3.7551126403947284,0.9037200545348308,2.441860465116279,0.0,,1,Malick Thiaw,Newcastle Utd,Premier League,25.0,2001.0,DF,2026-2027,2024-2025,100.0,exact,Malick Thiaw,Newcastle United,2001-08-08,45.0,25.1,2.754277891854894,CB,DF,Malick Thiaw,38.78,23.71,45.46,-6.22,-0.1454,-13.5,0,0,0,1,0,0,1,0,0,0,0,0,0
malik tillman|2002,1924.0,3,0.29063509149623246,0.10542645475843729,0.1730769230769231,,1.820972580757692,0.6989247311827956,0.8653846153846154,8.653846153846155,1.7307692307692308,1.15969100234281,0.8653846153846154,4.3269230769230775,,0.0,,0,Malik Tillman,Leverkusen,Bundesliga,24.0,2002.0,MF,2026-2027,,100.0,exact,Malik Tillman,Bayer 04 Leverkusen,2002-05-28,30.0,24.3,3.753593429158111,CAM,MF,Malik Tillman,13.48,5.08,30.37,-16.52,-0.7611,-53.3,1,0,0,0,0,1,0,0,0,0,0,0,0
malo gusto|2003,9626.0,6,0.03200669421055384,0.12331991004654566,0.058134137851009515,0.06766917293233082,0.6809029896278218,0.2212537713711029,3.1712694360640516,5.056277558598283,2.4367602692039916,1.1870718058678937,2.125203063355767,1.3593641216059411,0.435016111707841,0.0,,1,Malo Gusto,Chelsea,Premier League,23.0,2003.0,"DF,MF",2026-2027,2024-2025,100.0,exact,Malo Gusto,Chelsea FC,2003-05-19,35.0,23.4,3.753593429158111,FULLBACK,"DF,MF",Malo Gusto,40.02,25.99,50.26,5.02,0.1306,14.0,0,0,0,1,0,0,0,0,0,1,0,0,0
mama samba balde|1995,6964.0,6,0.24963402419292705,0.24096617613067262,0.3322457124366303,0.15989847715736039,2.793771317199935,0.6176919166243009,2.470607269981663,1.8784381404379247,1.4003343760112177,0.455928808074582,0.6965268040125121,0.7717614065365116,2.7411167512690353,0.0,,1,Mama Samba Baldé,Brest,Ligue 1,30.0,1995.0,"FW,MF",2026-2027,2024-2025,80.0,surname,Mama Baldé,Stade Brestois 29,1995-11-06,3.0,30.9,0.7529089664613279,WINGER,"FW,MF",Mama Samba Baldé,4.58,1.92,12.39,1.58,0.3333,39.6,0,0,1,0,0,0,0,0,0,0,0,0,1
mamadou coulibaly|2004,1715.0,4,0.15935840016664932,0.15935840016664932,0.23927958833619212,0.0,0.9203424907681694,0.32441372291251425,1.3893653516295024,3.4734133790737562,5.866209262435677,1.3654827622122696,0.0,2.7787307032590047,0.0,0.0,,1,Mamadou Coulibaly,Monaco,Ligue 1,22.0,2004.0,MF,2026-2027,2024-2025,100.0,exact,Mamadou Coulibaly,AS Monaco,2004-04-21,15.0,22.4,1.754962354551677,CAM,MF,Mamadou Coulibaly,6.36,2.95,13.84,-8.64,-0.7765,-54.0,0,0,1,0,0,1,0,0,0,0,0,0,0
mamadou sangare|2002,2645.0,2,0.09993250745683742,0.17243256188630773,,,2.0533792509685753,0.5424020662935859,,,,1.6067579630315036,,,,,,0,Mamadou Sangare,Brentford,Premier League,24.0,2002.0,MF,2026-2027,,100.0,exact,Mamadou Sangaré,RC Lens,2002-06-26,40.0,24.3,3.753593429158111,CAM,MF,Mamadou Sangare,27.51,11.98,39.58,-12.49,-0.3633,-30.5,0,0,0,1,0,1,0,0,0,0,0,0,0
mamadou sarr|2005,3927.0,4,0.0,0.020296995350773717,0.030404417735910346,0.011416490486257928,0.1628765720971044,0.0,0.26603865518921554,1.9762871528341723,1.4062043202858536,0.6979043785996809,4.446646093876889,0.9881435764170862,1.1416490486257929,0.0,,1,Mamadou Sarr,Real Sociedad,La Liga,21.0,2005.0,DF,2026-2027,2024-2025,100.0,exact,Mamadou Sarr,Chelsea FC,2005-08-29,22.0,21.1,6.754277891854894,CB,DF,Mamadou Sarr,19.92,10.14,33.28,-2.08,-0.0946,-9.0,0,1,0,0,0,0,1,0,0,0,0,0,0
mandela keita|2002,5239.0,3,0.01842019720446419,0.046592263517174125,0.004928806133625411,0.04928806133625411,0.4077654239657978,0.16576813971309878,0.6407447973713034,2.4644030668127055,2.168674698795181,1.196229277278145,1.4293537787513693,0.8871851040525741,0.6900328587075575,,,1,Mandela Keita,Parma,Serie A,24.0,2002.0,MF,2026-2027,2024-2025,100.0,exact,Mandela Keita,Parma Calcio 1913,2002-05-10,20.0,24.4,2.754277891854894,CDM,MF,Mandela Keita,8.74,4.73,24.33,-11.26,-0.7686,-53.6,0,0,0,0,1,0,0,1,0,0,0,0,0
manolis saliakas|1996,3420.0,2,0.0791670076098519,0.11782996481466326,0.058340535868625754,0.10112359550561797,1.1948694869486949,0.23750102282955562,1.0890233362143473,3.6171132238547967,1.7891097666378564,0.8855658293102037,2.4114088159031977,1.4779602420051858,0.5445116681071737,,,1,Manolis Saliakas,St Pauli,Bundesliga,28.0,1996.0,"MF,DF",2025-2026,2024-2025,100.0,exact,Manolis Saliakas,FC St. Pauli,1996-09-12,2.0,30.0,,CM,"MF,DF",Manolis Saliakas,2.36,1.41,4.63,0.36,0.1132,12.0,1,0,0,0,0,0,0,0,1,0,0,0,0
manor solomon|1999,1811.0,3,0.2861492991805114,0.20957413461107874,0.19544184046441626,,1.3662621467914557,0.43269230769230776,4.5087078047731675,4.237798322941303,2.457536013760482,0.2095741346110788,0.6385723500322511,1.470651472801548,,0.0,,0,Manor Solomon,Villarreal,Serie A,26.0,1999.0,"FW,MF",2025-2026,,100.0,exact,Manor Solomon,Villarreal CF,1999-07-24,8.0,27.2,1.754962354551677,WINGER,"FW,MF",Manor Solomon,4.51,1.98,9.34,-3.49,-0.49,-38.7,0,0,0,0,1,0,0,0,0,0,0,0,1
manu kone|2001,11700.0,6,0.09394655131233248,0.054934847801279156,0.08876423541014933,0.05948678071539657,1.0152565100381648,0.2262329095068362,2.309257061842166,4.923641182906721,1.9805520025889571,0.8558690055996391,0.8834815305666426,1.141452589727389,0.6998444790046656,0.0,,1,Manu Koné,Roma,Serie A,25.0,2001.0,MF,2026-2027,2024-2025,100.0,exact,Manu Koné,Associazione Sportiva Roma,2001-05-17,50.0,25.4,2.754277891854894,CDM,MF,Manu Koné,19.45,7.37,41.97,-30.55,-0.9137,-59.9,0,0,0,0,1,0,0,1,0,0,0,0,0
manu morlanes|1999,6726.0,5,0.07878381138571972,0.02363514341571591,0.04600773282819109,0.020179372197309416,0.6749146508709989,0.15380071309521298,1.321846537094221,5.609673819965227,2.816513999532916,1.143678328616031,1.135013104289384,1.1139943430988402,0.6726457399103138,0.0,,1,Manu Morlanes,Mallorca,La Liga,26.0,1999.0,MF,2025-2026,2024-2025,100.0,exact,Manu Morlanes,RCD Mallorca,1999-01-12,2.4,27.7,1.754962354551677,CDM,MF,Manu Morlanes,10.2,3.25,25.97,7.8,1.1918,229.3,0,1,0,0,0,0,0,1,0,0,0,0,0
manu sanchez|2000,12124.0,6,0.0233030447693565,0.06918091415902711,0.04324340867010452,0.04100227790432802,0.4134677397980369,0.10307017543859649,1.757279919205521,3.2694220440391124,2.704778809811633,1.0064002459765837,2.6359198788082816,1.502501874493122,0.2733485193621868,0.0,,1,Manu Sánchez,Levante,La Liga,26.0,2000.0,DF,2026-2027,2024-2025,100.0,exact,Manu Sánchez,Levante UD,2000-08-24,6.0,26.1,1.754962354551677,CB,DF,Manu Sánchez,11.16,4.64,26.2,5.16,0.5522,73.7,0,1,0,0,0,0,1,0,0,0,0,0,0
manuel akanji|1995,12305.0,6,0.040193524376628216,0.018608113137327877,0.067008557570515,0.01787487586891758,0.6564621323040064,0.15538380609395866,1.623775834903766,5.833359078130311,1.210880780994161,0.9400818756978042,2.423151781025055,0.8091074793784176,1.3406156901688184,0.0,,1,Manuel Akanji,Inter,Serie A,31.0,1995.0,DF,2026-2027,2024-2025,100.0,exact,Manuel Akanji,Manchester City,1995-07-19,17.0,31.2,1.754962354551677,CB,DF,Manuel Akanji,14.49,3.69,18.9,-2.51,-0.1503,-14.0,0,0,0,0,1,0,1,0,0,0,0,0,0
manuel lazzari|1993,7559.0,5,0.008711363489707687,0.0537200748531974,0.026193475522349158,0.08321479374110953,0.39491514486674845,0.15778401122019636,4.384475044524565,3.5888970939576903,1.550106424568872,0.6591598373878815,1.548151687589592,0.8151253203596716,0.3200568990042674,0.0,,1,Manuel Lazzari,Lazio,Serie A,31.0,1993.0,DF,2025-2026,2024-2025,100.0,exact,Manuel Lazzari,Società Sportiva Lazio S.p.A.,1993-11-29,2.0,32.8,0.7529089664613279,FULLBACK,DF,Manuel Lazzari,1.79,1.1,3.26,-0.21,-0.0723,-7.0,0,0,0,0,1,0,0,0,0,1,0,0,0
manuel locatelli|1998,13700.0,6,0.03821208438867985,0.08696543343630588,0.05267221198386214,0.07973068745570518,1.026858527811228,0.3031375593715747,0.8662897843303283,7.703591173980176,2.1741296010360114,0.9809964423231777,2.1819743985655227,1.6552522787269015,1.1162296243798724,0.0,,1,Manuel Locatelli,Juventus,Serie A,28.0,1998.0,MF,2026-2027,2024-2025,100.0,exact,Manuel Locatelli,Juventus FC,1998-01-08,25.0,28.7,3.753593429158111,CDM,MF,Manuel Locatelli,31.16,8.58,38.54,6.16,0.2125,23.7,0,0,0,0,1,0,0,1,0,0,0,0,0
manuel neuer|1986,9752.0,6,0.0,0.0,0.0016472353899372222,0.022727272727272728,0.010435992578849721,0.0,0.0,0.3673334919560005,0.04282812013836777,0.0,0.4562842030126105,0.0,0.18181818181818182,1.8148191094619666,0.0,1,Manuel Neuer,Bayern Munich,Bundesliga,40.0,1986.0,GK,2026-2027,2024-2025,100.0,exact,Manuel Neuer,Bayern Munich,1986-03-27,4.0,40.5,0.7529089664613279,GK,GK,Manuel Neuer,1.27,0.56,2.13,-2.73,-0.7892,-54.6,1,0,0,0,0,0,0,0,0,0,1,0,0
manuel ugarte|2001,4604.0,3,0.02101595056761029,0.07113090961345021,,,1.319052987598647,0.10146561443066515,,,,2.029312288613303,,,,,,0,Manuel Ugarte,Manchester Utd,Premier League,24.0,2001.0,MF,2025-2026,,100.0,exact,Manuel Ugarte,Manchester United,2001-04-11,25.0,25.5,2.754277891854894,CM,MF,Manuel Ugarte,20.87,12.1,30.48,-4.13,-0.1732,-15.9,0,0,0,1,0,0,0,0,1,0,0,0,0
marash kumbulla|2000,5057.0,5,0.06660088801184015,0.0,0.049735847388315386,0.0,0.47474479146901444,0.12690080045120283,0.36008753509140345,2.0928844581003117,1.4960542894405269,0.9016735607756821,6.350272994540108,1.4721810826941355,2.1500672947510093,0.0,,1,Marash Kumbulla,Mallorca,La Liga,25.0,2000.0,DF,2025-2026,2024-2025,100.0,exact,Marash Kumbulla,RCD Mallorca,2000-02-08,3.0,26.6,1.754962354551677,CB,DF,Marash Kumbulla,4.35,2.5,14.36,1.35,0.2913,33.8,0,1,0,0,0,0,1,0,0,0,0,0,0
marc aguado|2000,2755.0,2,0.06995798319327731,0.06428571428571428,,,0.108,0.072,,,,1.4256302521008406,,,,,,0,Marc Aguado,Elche,La Liga,26.0,2000.0,MF,2026-2027,,100.0,exact,Marc Aguado,Elche CF,2000-02-22,3.5,26.6,0.7529089664613279,CDM,MF,Marc Aguado,5.01,1.85,10.8,1.51,0.2885,33.4,0,1,0,0,0,0,0,1,0,0,0,0,0
marc andre ter stegen|1992,9871.0,5,0.0,0.0,0.0,0.0,0.0,0.0,0.0,0.09747232777135305,0.0,0.010949475989363366,0.18833636213447877,0.0,0.13353115727002968,2.307211012044424,-0.34718100890207715,1,Marc-André ter Stegen,Girona,La Liga,33.0,1992.0,GK,2025-2026,2024-2025,100.0,exact,Marc-André ter Stegen,FC Barcelona,1992-04-30,3.0,34.4,1.754962354551677,GK,GK,Marc-André ter Stegen,3.08,1.19,6.8,0.08,0.0191,1.9,0,1,0,0,0,0,0,0,0,0,1,0,0
marc bartra|1991,6628.0,5,0.0795009784735812,0.01590019569471624,0.055679019760946594,0.00857551214864221,0.7571274878967187,0.22162756718598658,0.37029251006066427,2.8298996936752956,1.4676557150579614,1.3392857142857142,6.011171842152682,1.724427893567181,2.143878037160553,0.0,,1,Marc Bartra,Betis,La Liga,35.0,1991.0,DF,2026-2027,2024-2025,100.0,exact,Marc Bartra,Real Betis Balompié,1991-01-15,0.9,35.7,0.7529089664613279,CB,DF,Marc Bartra,1.01,0.55,2.1,0.11,0.0539,5.5,0,1,0,0,0,0,1,0,0,0,0,0,0
marc casado|2003,2734.0,4,0.029053164808422936,0.12515209455936036,0.06105892399658413,0.0782122905027933,0.8764614288353436,0.030988452166543067,0.7045260461144321,5.977796754910335,2.4807856532877883,1.0593230860917286,1.2980358667805296,1.1101622544833478,0.446927374301676,0.0,,1,Marc Casado,Dep. A Coruña,La Liga,23.0,2003.0,MF,2026-2027,2024-2025,100.0,exact,Marc Casadó,FC Barcelona,2003-09-14,18.0,23.0,1.754962354551677,CDM,MF,Marc Casado,6.4,3.72,19.76,-11.6,-0.9436,-61.1,0,1,0,0,0,0,0,1,0,0,0,0,0
marc cucurella|1998,12691.0,6,0.06091861402095085,0.08049959709911361,0.0649141244727257,0.06325301204819277,0.6211465188777276,0.25983055041655373,1.4200774535350773,3.543715178301493,2.520119203581866,0.8978243352135374,2.6626452253782698,1.5353939620794401,0.963855421686747,0.0,,1,Marc Cucurella,Real Madrid,La Liga,28.0,1998.0,DF,2026-2027,2024-2025,100.0,exact,Marc Cucurella,Chelsea FC,1998-07-22,50.0,28.2,5.754962354551677,CB,DF,Marc Cucurella,14.19,6.89,30.45,-35.81,-1.2112,-70.2,0,1,0,0,0,0,1,0,0,0,0,0,0
marc guehi|2000,15231.0,6,0.07458476966468192,0.06769037919147602,0.0487506940588562,0.05295848316443282,0.5964560347709795,0.2353268964926005,0.5996668517490283,3.439200444197668,1.526929483620211,1.0805390159824506,4.268739589117157,1.3392559689061632,2.0006538084341288,0.0,,1,Marc Guéhi,Manchester City,Premier League,26.0,2000.0,DF,2026-2027,2024-2025,100.0,exact,Marc Guéhi,Manchester City,2000-07-13,70.0,26.2,4.7529089664613275,CB,DF,Marc Guéhi,45.17,24.19,79.11,-24.83,-0.4304,-35.0,0,0,0,1,0,0,1,0,0,0,0,0,0
marc oliver kempf|1995,9657.0,5,0.07630065247252746,0.018350789835164832,0.055940922021745054,0.04130019120458891,0.7319730586370838,0.18847654922012047,0.5541483184599197,2.967148591247418,1.1503838509800863,0.9725918612637362,4.617318109192938,1.2713845914032968,3.7170172084130018,0.0,,1,Marc-Oliver Kempf,Como,Serie A,31.0,1995.0,DF,2026-2027,2024-2025,100.0,exact,Marc Oliver Kempf,Como 1907,1995-01-28,3.5,31.7,0.7529089664613279,CB,DF,Marc-Oliver Kempf,3.41,1.62,7.06,-0.09,-0.0213,-2.1,0,0,0,0,1,0,1,0,0,0,0,0,0
marc pubill|2003,4179.0,4,0.0836228488325119,0.0836228488325119,0.040565355294641364,,0.8229588882455126,0.26068066618392466,2.759445773746592,1.7327917199933227,2.238606644037616,0.8525894804880018,3.821156307384119,0.9715652996494352,,0.0,,0,Marc Pubill,Atlético Madrid,La Liga,23.0,2003.0,DF,2026-2027,,100.0,exact,Marc Pubill,Atlético de Madrid,2003-06-20,35.0,23.3,3.753593429158111,CB,DF,Marc Pubill,15.05,6.28,23.66,-19.95,-0.8075,-55.4,0,1,0,0,0,0,1,0,0,0,0,0,0
marc roca|1996,8020.0,6,0.07016880677589689,0.09674790025161542,0.07533805537669028,0.09933774834437087,0.9545258140966049,0.3329727390739939,1.0646061386563639,6.037776346855548,2.309508478214209,1.034458318074965,1.1096801888817343,1.4251985404593261,0.49668874172185434,0.0,,1,Marc Roca,Betis,La Liga,29.0,1996.0,MF,2026-2027,2024-2025,100.0,exact,Marc Roca,Real Betis Balompié,1996-11-26,4.0,29.8,2.754277891854894,CDM,MF,Marc Roca,7.9,4.96,18.47,3.9,0.577,78.1,0,1,0,0,0,0,0,1,0,0,0,0,0
marcao|1996,2220.0,4,0.05427071509648127,0.0,0.0,0.0,0.5427071509648126,0.1323414929504368,0.23517883390494854,3.0867221950024493,1.6242038216560508,0.718288876276958,4.012738853503184,1.499265066144047,2.282608695652174,0.0,,1,Marcão,Sevilla,La Liga,29.0,1996.0,DF,2025-2026,2024-2025,100.0,exact,Marcão,Sevilla FC,1996-06-05,2.5,30.3,1.754962354551677,CB,DF,Marcão,1.39,1.06,3.94,-1.11,-0.3802,-31.6,0,1,0,0,0,0,1,0,0,0,0,0,0
marcel sabitzer|1994,7603.0,5,0.08452443746864105,0.08452443746864105,0.13257899231426132,0.0891089108910891,1.390600676710108,0.2982831377536274,1.4987190435525193,5.4799316823228015,1.850341588385995,0.7966138764167815,1.5429120409906063,1.1240392826643895,0.9467821782178217,0.0,,1,Marcel Sabitzer,Dortmund,Bundesliga,31.0,1994.0,MF,2025-2026,2024-2025,100.0,exact,Marcel Sabitzer,Borussia Dortmund,1994-03-17,6.0,32.5,0.7529089664613279,CM,MF,Marcel Sabitzer,2.27,1.23,4.72,-3.73,-0.7617,-53.3,1,0,0,0,0,0,0,0,1,0,0,0,0
marco bizot|1991,13091.0,5,0.0,0.001860292065854339,0.0,0.0,0.0,0.0,0.0,0.022807381297947335,0.0331743727970143,0.0,0.786854654779183,0.007256894049346879,0.15625,2.7634638638266207,-0.2125,1,Marco Bizot,Aston Villa,Premier League,34.0,1991.0,GK,2025-2026,2024-2025,100.0,exact,Marco Bizot,Aston Villa,1991-03-10,1.5,35.6,0.7529089664613279,GK,GK,Marco Bizot,1.77,1.5,3.86,0.27,0.1012,10.7,0,0,0,1,0,0,0,0,0,0,1,0,0
marco brescianini|2000,4484.0,4,0.20303254437869822,0.10151627218934911,0.16256070117256896,0.09081735620585267,1.327639751552795,0.5053703764160491,2.696908681748194,2.9260926211062417,1.2951557503257136,0.3777736686390533,1.0952860357692762,1.0473173042757313,1.089808274470232,0.0,,1,Marco Brescianini,Fiorentina,Serie A,26.0,2000.0,MF,2026-2027,2024-2025,100.0,exact,Marco Brescianini,ACF Fiorentina,2000-01-20,9.0,26.7,3.753593429158111,CAM,MF,Marco Brescianini,9.25,3.79,19.41,0.25,0.0243,2.5,0,0,0,0,1,1,0,0,0,0,0,0,0
marco carnesecchi|2000,11695.0,5,0.0,0.003228931223764934,0.0,0.0058823529411764705,0.0,0.0,0.0,0.0,0.0061012812690665035,0.0,0.7211714460036607,0.01586333129957291,0.20588235294117646,3.020365895754229,0.12058823529411763,1,Marco Carnesecchi,Atalanta,Serie A,26.0,2000.0,GK,2026-2027,2024-2025,100.0,exact,Marco Carnesecchi,Atalanta BC,2000-07-01,30.0,26.2,1.754962354551677,GK,GK,Marco Carnesecchi,14.52,4.89,28.08,-15.48,-0.6916,-49.9,0,0,0,0,1,0,0,0,0,0,1,0,0
marco friedl|1998,9858.0,5,0.021020859160243623,0.0,0.01597738181339996,0.008329477093937991,0.24289748170345182,0.09204903677758318,0.23374317838122163,2.9632125715037145,2.3566638174764942,1.4083975637363229,5.15714379643632,1.7279242553751069,1.915779731605738,0.0,,1,Marco Friedl,Werder Bremen,Bundesliga,28.0,1998.0,DF,2026-2027,2024-2025,100.0,exact,Marco Friedl,SV Werder Bremen,1998-03-16,10.0,28.5,1.754962354551677,CB,DF,Marco Friedl,7.16,2.69,16.39,-2.84,-0.2983,-25.8,1,0,0,0,0,0,1,0,0,0,0,0,0
marco grull|1998,3541.0,3,0.2690368798089679,0.1751127620058371,0.3048264182895851,0.1371718882303133,1.9217470427661512,0.6387625113739764,1.8289585097375107,2.8958509737510587,0.9144792548687554,0.6638365614221279,0.7620660457239627,1.066892464013548,0.3810330228619814,,,1,Marco Grüll,Werder Bremen,Bundesliga,28.0,1998.0,"MF,FW",2026-2027,2024-2025,100.0,exact,Marco Grüll,SV Werder Bremen,1998-07-06,4.0,28.2,,CAM,"MF,FW",Marco Grüll,4.36,2.11,10.96,0.36,0.0702,7.3,1,0,0,0,0,1,0,0,0,0,0,0,0
marco palestra|2005,3303.0,2,0.027685793387981106,0.11074317355192442,0.0,0.0810810810810811,0.802888008251452,0.19380055371586777,5.27027027027027,2.4324324324324325,2.4324324324324325,0.5683730524944357,1.6216216216216215,1.6216216216216215,0.8108108108108107,,,1,Marco Palestra,Cagliari,Serie A,20.0,2005.0,"MF,DF",2025-2026,2024-2025,100.0,exact,Marco Palestra,Cagliari Calcio,2005-03-03,35.0,21.6,6.754277891854894,CDM,"MF,DF",Marco Palestra,23.62,9.25,26.25,-11.38,-0.3801,-31.6,0,0,0,0,1,0,0,1,0,0,0,0,0
marco silvestri|1991,8910.0,5,0.0,0.0,0.0,0.0,0.0,0.0,0.0,0.0,0.020920502092050212,0.01282051282051282,0.37866108786610886,0.01882845188284519,0.2,2.701465201465201,-0.4,1,Marco Silvestri,Cremonese,Serie A,34.0,1991.0,GK,2025-2026,2024-2025,100.0,exact,Marco Silvestri,US Cremonese,1991-03-02,0.5,35.6,,GK,GK,Marco Silvestri,0.78,0.61,2.88,0.28,0.1694,18.5,0,0,0,0,1,0,0,0,0,0,1,0,0
marco sportiello|1992,2635.0,5,0.0,0.0,0.0,0.0,0.0,0.0,0.0,0.06039052539757096,0.03019526269878548,0.0,0.2717573642890693,0.0,0.0,3.017708269944623,0.14285714285714288,1,Marco Sportiello,Atalanta,Serie A,33.0,1992.0,GK,2025-2026,2024-2025,100.0,exact,Marco Sportiello,Atalanta BC,1992-05-10,0.8,34.4,1.754962354551677,GK,GK,Marco Sportiello,1.48,0.89,2.93,0.68,0.3212,37.9,0,0,0,0,1,0,0,0,0,0,1,0,0
marcos alonso|1990,9416.0,6,0.06080545192844344,0.0070499074699644565,0.12096516118021036,0.04420098224404987,0.9140946885413451,0.19995826530988006,2.2330552770251533,6.6473236191410825,1.2614938237364794,1.1711658784478454,3.759520406203998,0.8294753909500139,2.3800528900642237,0.0,,1,Marcos Alonso,Celta Vigo,La Liga,35.0,1990.0,DF,2026-2027,2024-2025,100.0,exact,Marcos Alonso,Celta de Vigo,1990-12-28,1.2,35.8,1.754962354551677,CB,DF,Marcos Alonso,3.21,1.58,4.21,2.01,0.6489,91.3,0,1,0,0,0,0,1,0,0,0,0,0,0
marcos llorente|1995,11873.0,6,0.06622229916897507,0.14802631578947367,0.0770354091060249,0.1539992041384799,0.7929216867469878,0.21549622917443292,2.799039949105736,3.902520133597444,1.9766349059468213,0.7923303324099723,1.5107788846637653,1.2179922791087718,0.5372065260644648,0.0,,1,Marcos Llorente,Atlético Madrid,La Liga,31.0,1995.0,"DF,MF",2026-2027,2024-2025,100.0,exact,Marcos Llorente,Atlético de Madrid,1995-01-30,20.0,31.7,0.7529089664613279,FULLBACK,"DF,MF",Marcos Llorente,3.87,2.01,10.05,-16.13,-1.462,-76.8,0,1,0,0,0,0,0,0,0,1,0,0,0
marcos senesi|1997,9127.0,4,0.04023049938293799,0.11369488956047694,0.06968581821275872,0.0162748643761302,0.4241693956679332,0.10885960668241457,0.9189338665418731,4.363021420518602,2.3968858352300524,1.3660878268728074,4.719108293803577,1.6234498308906424,2.603978300180832,0.0,,1,Marcos Senesi,Bournemouth,Premier League,28.0,1997.0,DF,2025-2026,2024-2025,100.0,exact,Marcos Senesi,AFC Bournemouth,1997-05-10,25.0,29.4,3.753593429158111,CB,DF,Marcos Senesi,16.69,12.85,25.17,-8.31,-0.385,-32.0,0,0,0,1,0,0,1,0,0,0,0,0,0
marcus pedersen|2000,5109.0,3,0.022335440358534915,0.06832017050845975,0.02429941346243367,0.026431718061674013,0.507145881082028,0.15004445761707172,2.6785215529280335,1.4691369518666793,1.3769667628712412,0.5636414066947928,2.5165254631784753,0.8770133134717439,0.39647577092511016,0.0,,1,Marcus Pedersen,Torino,Serie A,25.0,2000.0,"MF,DF",2025-2026,2024-2025,100.0,exact,Marcus Pedersen,Torino FC,2000-07-16,3.5,26.2,0.7529089664613279,CM,"MF,DF",Marcus Pedersen,3.09,2.26,10.46,-0.41,-0.0953,-9.1,0,0,0,0,1,0,0,0,1,0,0,0,0
marcus rashford|1997,9921.0,6,0.3589096905616452,0.1988553690949656,0.3416741351496684,0.2784810126582279,2.9992654003568053,1.253688837526054,3.1070084244488254,2.456891916113999,0.8130489335006272,0.1940052381414298,0.64366373902133,0.7098046244846746,0.37974683544303794,0.0,,1,Marcus Rashford,Manchester Utd,Premier League,28.0,1997.0,"MF,FW",2026-2027,2024-2025,100.0,exact,Marcus Rashford,FC Barcelona,1997-10-31,40.0,28.9,1.754962354551677,CAM,"MF,FW",Marcus Rashford,30.61,19.01,51.79,-9.39,-0.26,-22.9,0,0,0,1,0,1,0,0,0,0,0,0,0
marcus tavernier|1999,8956.0,5,0.2251918300774734,0.15763428105423138,0.2074022346368715,0.185662712738525,2.347125558192863,0.7900796918396115,2.947116110523931,4.5862902008153394,2.040049826362675,0.3561367090484487,0.7898610901404196,1.0395591121848105,1.2068076328004127,0.0,,1,Marcus Tavernier,Bournemouth,Premier League,27.0,1999.0,MF,2026-2027,2024-2025,100.0,exact,Marcus Tavernier,AFC Bournemouth,1999-03-22,25.0,27.5,2.754277891854894,CAM,MF,Marcus Tavernier,46.38,28.85,51.44,21.38,0.6,82.2,0,0,0,1,0,1,0,0,0,0,0,0,0
marcus thuram|1997,10508.0,6,0.5450828326262646,0.2479219856794579,0.4668083083231807,0.18000000000000002,2.9880730076501414,1.2472906403940889,2.4831367188660747,1.8399548331500908,0.6993432977743441,0.1140268366191235,0.6498677681038838,0.7381214156241643,1.840909090909091,0.0,,1,Marcus Thuram,Inter,Serie A,29.0,1997.0,FW,2026-2027,2024-2025,100.0,exact,Marcus Thuram,Inter Milan,1997-08-06,50.0,29.1,1.754962354551677,WINGER,FW,Marcus Thuram,31.99,16.49,39.67,-18.01,-0.4355,-35.3,0,0,0,0,1,0,0,0,0,0,0,0,1
mariano troilo|2003,2069.0,2,0.04191206684015888,0.0,,,0.4984615384615384,0.11076923076923076,,,,1.1143678948089302,,,,,,0,Mariano Troilo,Parma,Serie A,23.0,2003.0,DF,2026-2027,,100.0,exact,Mariano Troilo,Parma Calcio 1913,2003-06-28,10.0,23.3,3.753593429158111,CB,DF,Mariano Troilo,12.44,6.01,24.63,2.44,0.2002,22.2,0,0,0,0,1,0,1,0,0,0,0,0,0
marin pongracic|1997,9046.0,5,0.0,0.0,0.023476280391660664,0.01393188854489164,0.25312694970141714,0.040661425860666844,0.9197796422105858,3.162290007981157,1.28769149909482,1.1952226744704237,4.004983356368379,0.97584240135485,1.741486068111455,0.0,,1,Marin Pongračić,Fiorentina,Serie A,27.0,1997.0,DF,2025-2026,2024-2025,100.0,exact,Marin Pongracic,ACF Fiorentina,1997-09-11,6.5,29.0,2.754277891854894,CB,DF,Marin Pongračić,8.46,3.26,19.22,1.96,0.2324,26.2,0,0,0,0,1,0,1,0,0,0,0,0,0
mario gila|2000,7565.0,6,0.011359443872696558,0.0,0.032281451520586105,0.019700839109813937,0.4488659226158962,0.11937108052075152,1.404586560842523,4.996756591750295,1.7514404548403095,0.9463290549331056,3.662571068798413,0.863700538024192,2.167092302079533,0.0,,1,Mario Gila,Milan,Serie A,26.0,2000.0,DF,2026-2027,2024-2025,100.0,exact,Mario Gila,Società Sportiva Lazio S.p.A.,2000-08-29,30.0,26.1,4.7529089664613275,CB,DF,Mario Gila,14.62,5.82,32.89,-15.38,-0.6854,-49.6,0,0,0,0,1,0,1,0,0,0,0,0,0
mario gotze|1992,7338.0,5,0.10495249064209616,0.08940397350993377,0.13717101493563544,0.18093385214007784,0.5820231385345594,0.1666286886179788,1.4782841208602315,5.026166010924786,2.066159899155812,0.45349841635473653,0.4366094961610451,0.8439970969097367,0.17509727626459146,0.0,,1,Mario Götze,Eint Frankfurt,Bundesliga,34.0,1992.0,MF,2026-2027,2024-2025,100.0,exact,Mario Götze,Eintracht Frankfurt,1992-06-03,3.0,34.3,1.754962354551677,CAM,MF,Mario Götze,2.69,1.49,4.71,-0.31,-0.0813,-7.8,1,0,0,0,0,1,0,0,0,0,0,0,0
mario hermoso|1995,9578.0,6,0.09188882586500284,0.05615428247305728,0.06897328975543784,0.03308823529411765,0.7521613832853026,0.2159136345461815,1.2313760847514934,5.793756339456779,1.237461963259326,1.4722631877481565,3.4973515158345543,0.8641947481122507,1.9852941176470589,0.0,,1,Mario Hermoso,Roma,Serie A,31.0,1995.0,DF,2026-2027,2024-2025,100.0,exact,Mario Hermoso,Associazione Sportiva Roma,1995-06-18,7.0,31.3,0.7529089664613279,CB,DF,Mario Hermoso,9.72,2.97,11.57,2.72,0.2927,34.0,0,0,0,0,1,0,1,0,0,0,0,0,0
mario martin|2004,4204.0,3,0.04673967832103743,0.04124089263620951,0.09267734553775744,0.07208237986270023,1.2326462641676155,0.4144505429149179,0.9267734553775745,3.3981693363844396,3.1922196796338675,0.8316913348302251,2.368421052631579,1.6475972540045767,1.5961098398169338,,,1,Mario Martín,Getafe,La Liga,22.0,2004.0,"MF,FW",2026-2027,2024-2025,100.0,exact,Mario Martín,Getafe CF,2004-03-05,10.0,22.6,3.753593429158111,CM,"MF,FW",Mario Martín,17.5,6.84,25.15,7.5,0.52,68.2,0,1,0,0,0,0,0,0,1,0,0,0,0
mario pasalic|1995,9904.0,6,0.1879598590568806,0.18892375576999282,0.30949911215035425,0.15099135739705136,1.5967079105923756,0.37703264196433145,1.8987675592046274,5.883014820935671,1.193058949700241,0.6612331451949749,1.2072997063942759,1.1250197788287417,1.3726487036095578,0.0,,1,Mario Pašalić,Atalanta,Serie A,31.0,1995.0,MF,2026-2027,2024-2025,100.0,exact,Mario Pašalić,Atalanta BC,1995-02-09,6.0,31.6,1.754962354551677,CAM,MF,Mario Pašalić,10.29,3.0,16.9,4.29,0.4784,61.3,0,0,0,0,1,1,0,0,0,0,0,0,0
marius bulter|1993,7392.0,5,0.28010114763664656,0.1575568955456137,0.19974383739973964,0.16136495083863509,2.050952858575727,0.8777656873413131,2.766556082811909,2.6928568429009365,0.8333683282240792,0.3828049017700836,0.8730525343299879,0.8560450174274555,0.936957779063042,0.0,,1,Marius Bülter,Köln,Bundesliga,33.0,1993.0,"FW,MF",2026-2027,2024-2025,100.0,exact,Marius Bülter,1.FC Köln,1993-03-29,1.8,33.5,0.7529089664613279,WINGER,"FW,MF",Marius Bülter,2.26,1.39,4.66,0.46,0.1524,16.5,1,0,0,0,0,0,0,0,0,0,0,0,1
marius wolf|1995,7529.0,6,0.050994320144829394,0.08955100122994432,0.045130787179172294,0.13432835820895522,0.8567413608135265,0.221042150680385,2.1478570551393834,4.798600024560972,1.3041876458307748,0.9216290543248434,1.7849686847599164,1.3133980105612182,0.33582089552238803,0.0,,1,Marius Wolf,Augsburg,Bundesliga,31.0,1995.0,MF,2026-2027,2024-2025,100.0,exact,Marius Wolf,FC Augsburg,1995-05-27,2.5,31.3,0.7529089664613279,CM,MF,Marius Wolf,2.84,1.58,6.61,0.34,0.093,9.7,1,0,0,0,0,0,0,0,1,0,0,0,0
mark flekken|1993,14989.0,6,0.0,0.023061211043025633,0.0,0.013740458015267177,0.0,0.0,0.0,0.047317596566523616,0.05890557939914164,0.002635566976345787,0.5369098712446352,0.040557939914163094,0.10992366412213742,3.5097725533838777,-0.008244274809160306,1,Mark Flekken,Leverkusen,Bundesliga,33.0,1993.0,GK,2026-2027,2024-2025,100.0,exact,Mark Flekken,Bayer 04 Leverkusen,1993-06-13,6.0,33.3,1.754962354551677,GK,GK,Mark Flekken,3.89,1.71,8.64,-2.11,-0.3577,-30.1,1,0,0,0,0,0,0,0,0,0,1,0,0
mark mckenzie|1999,5440.0,3,0.013954154044319345,0.05044963385253918,0.050480769230769225,0.018028846153846152,0.24770862838361435,0.05170617000240493,0.3605769230769231,3.4975961538461537,1.8750000000000002,0.8705245330725376,5.084134615384615,1.1177884615384615,1.5865384615384615,,,1,Mark McKenzie,Toulouse,Ligue 1,27.0,1999.0,DF,2026-2027,2024-2025,100.0,exact,Mark McKenzie,FC Toulouse,1999-02-25,7.0,27.6,0.7529089664613279,CB,DF,Mark McKenzie,5.61,2.14,10.62,-1.39,-0.1906,-17.4,0,0,1,0,0,0,1,0,0,0,0,0,0
marko dmitrovic|1992,9819.0,6,0.0,0.0,0.0,0.00625,0.0,0.0,0.0,0.03574329813160033,0.03574329813160033,0.02094618996027447,0.7018683996750609,0.0,0.40625000000000006,3.406187223784652,0.1,1,Marko Dmitrović,Espanyol,La Liga,34.0,1992.0,GK,2026-2027,2024-2025,100.0,exact,Marko Dmitrovic,RCD Espanyol Barcelona,1992-01-24,0.7,34.7,1.754962354551677,GK,GK,Marko Dmitrović,1.81,1.1,4.63,1.11,0.5031,65.4,0,1,0,0,0,0,0,0,0,0,1,0,0
marnon busch|1994,3906.0,3,0.027293160655035856,0.15733704377608906,0.023358720163383397,0.07091690544412609,0.6710906561061758,0.1597538607183007,1.6121346211121985,4.307960685869889,1.673403395311237,1.3437867922508833,3.649321363230226,1.4551333872271626,0.8381088825214901,0.0,,1,Marnon Busch,Heidenheim,Bundesliga,30.0,1994.0,"DF,MF",2025-2026,2024-2025,100.0,exact,Marnon Busch,1. Fußballclub Heidenheim 1846,1994-12-08,1.0,31.8,0.7529089664613279,FULLBACK,"DF,MF",Marnon Busch,2.08,1.03,3.57,1.08,0.4305,53.8,1,0,0,0,0,0,0,0,0,1,0,0,0
marquinhos|1994,10342.0,6,0.11570789215151184,0.009824254993996289,0.058310087285161516,0.041739130434782605,0.39578483029040556,0.08707732764395049,0.9345811212093944,6.057770179069558,1.2957797174480337,0.6353018229450934,3.1957167281562135,1.4528930081886078,1.6695652173913043,0.0,,1,Marquinhos,Paris S-G,Ligue 1,32.0,1994.0,DF,2026-2027,2024-2025,100.0,exact,Marquinhos,Paris Saint-Germain,1994-05-14,28.0,32.4,1.754962354551677,CB,DF,Marquinhos,6.71,1.92,9.23,-21.29,-1.325,-73.4,0,0,1,0,0,0,1,0,0,0,0,0,0
marshall munetsi|1996,11378.0,5,0.21057274636340098,0.1009713578873685,0.25417027060422587,0.12346570397111914,1.7803753104413782,0.6350429884375927,0.717904361794143,2.0017298900284195,2.084517484245644,0.6705533767391909,1.6495737056715678,1.2171011985666624,2.2743682310469313,0.0,,1,Marshall Munetsi,Paris FC,Ligue 1,29.0,1996.0,"MF,FW",2025-2026,2024-2025,100.0,exact,Marshall Munetsi,Paris FC,1996-06-22,15.0,30.3,1.754962354551677,CAM,"MF,FW",Marshall Munetsi,8.68,4.94,24.0,-6.32,-0.5025,-39.5,0,0,1,0,0,1,0,0,0,0,0,0,0
marten de roon|1991,13860.0,5,0.06288429290106205,0.09502515371716043,0.028822190919926324,0.06769130150425115,0.5163499161542762,0.12631431211330862,0.9329288113555099,6.452486726622603,2.3892079315202084,1.1759362772498603,1.873442409795211,1.192978654242063,1.3538260300850231,0.0,,1,Marten de Roon,Atalanta,Serie A,34.0,1991.0,"MF,DF",2025-2026,2024-2025,100.0,exact,Marten de Roon,Atalanta BC,1991-03-29,3.2,35.5,0.7529089664613279,CDM,"MF,DF",Marten de Roon,2.91,1.55,3.32,-0.29,-0.0727,-7.0,0,0,0,0,1,0,0,1,0,0,0,0,0
martial godo|2003,1608.0,2,0.5616740088105726,0.05616740088105726,0.0,0.375,2.3028634361233475,0.9548458149779734,7.5,11.25,0.0,0.8854625550660793,0.0,3.75,0.0,,,1,Martial Godo,Strasbourg,Ligue 1,22.0,2003.0,"FW,DF",2025-2026,2024-2025,100.0,exact,Martial Godo,RC Strasbourg Alsace,2003-03-14,22.0,23.5,3.753593429158111,WINGER,"FW,DF",Martial Godo,17.24,11.28,33.89,-4.76,-0.2319,-20.7,0,0,1,0,0,0,0,0,0,0,0,0,1
martim neto|2003,1508.0,2,0.11715609326543894,0.29289023316359736,,,0.8017817371937639,0.26726057906458794,,,,0.1860714422451089,,,,,,0,Martim Neto,Elche,La Liga,23.0,2003.0,MF,2026-2027,,100.0,exact,Martim Neto,Elche CF,2003-01-14,4.0,23.7,1.754962354551677,CAM,MF,Martim Neto,7.56,3.02,15.79,3.56,0.5382,71.3,0,1,0,0,0,1,0,0,0,0,0,0,0
martin baturina|2003,1835.0,2,0.3994623823961491,0.19973119119807456,,,1.6061185468451242,0.5162523900573613,,,,0.23911480636389207,,,,,,0,Martin Baturina,Como,Serie A,23.0,2003.0,"MF,FW",2026-2027,,100.0,exact,Martin Baturina,Como 1907,2003-02-16,30.0,23.6,3.753593429158111,CAM,"MF,FW",Martin Baturina,24.8,7.3,31.54,-5.2,-0.1838,-16.8,0,0,0,0,1,1,0,0,0,0,0,0,0
martin degaard|1998,13075.0,6,0.21011609527443179,0.2771570283970131,0.21361783744905302,0.20903225806451614,1.9699186516064846,0.5568432464765037,2.889121629295007,9.344218854496587,1.0970485431992834,0.3302992314819862,0.23281050864995143,0.46334969526429354,0.3096774193548387,0.0,,1,Martin Ødegaard,Arsenal,Premier League,27.0,1998.0,MF,2026-2027,2024-2025,100.0,exact,Martin Ødegaard,Arsenal FC,1998-12-17,65.0,27.8,1.754962354551677,CAM,MF,Martin Ødegaard,67.6,27.41,95.23,2.6,0.0386,3.9,0,0,0,1,0,1,0,0,0,0,0,0,0
martin dubravka|1989,8532.0,5,0.0,0.0,0.0,0.0,0.0,0.0,0.0,0.0,0.005138452754781616,0.0,0.33913788181558663,0.0,0.4,3.564235719123956,0.09,1,Martin Dúbravka,Burnley,Premier League,36.0,1989.0,GK,2025-2026,2024-2025,100.0,exact,Martin Dúbravka,Burnley FC,1989-01-15,0.5,37.7,0.7529089664613279,GK,GK,Martin Dúbravka,1.72,1.04,3.45,1.22,0.5946,81.2,0,0,0,1,0,0,0,0,0,0,1,0,0
martin frese|1998,2957.0,2,0.06365319410063862,0.0,0.01639344262295082,0.03278688524590164,0.7170345100160173,0.35009256755351237,1.1475409836065575,3.114754098360656,2.9508196721311477,1.1495017993468266,2.6229508196721314,0.819672131147541,1.639344262295082,,,1,Martin Frese,Hellas Verona,Serie A,27.0,1998.0,"MF,DF",2025-2026,2024-2025,100.0,exact,Martin Frese,Hellas Verona,1998-01-04,2.5,28.7,0.7529089664613279,CDM,"MF,DF",Martin Frese,2.23,1.37,5.29,-0.27,-0.0809,-7.8,0,0,0,0,1,0,0,1,0,0,0,0,0
martin payero|1998,4634.0,3,0.07336208946099242,0.04737968277689094,0.07676524899610165,0.08472121650977553,1.7362361172434873,0.42343523243293857,2.2475598675147284,3.4346513468358886,2.1051088899961896,0.7244506334273002,0.9443972213266112,1.142245801213471,1.3685734974656045,0.0,,1,Martín Payero,Cremonese,Serie A,26.0,1998.0,MF,2025-2026,2024-2025,100.0,exact,Martín Payero,US Cremonese,1998-09-11,5.0,28.0,0.7529089664613279,CAM,MF,Martín Payero,3.54,1.59,9.92,-1.46,-0.2784,-24.3,0,0,0,0,1,1,0,0,0,0,0,0,0
martin satriano|2001,7424.0,6,0.24192309661563668,0.10944140084993088,0.2746829630152955,0.10227272727272728,2.322054542213772,0.8000697228516648,1.382952417958953,1.5355540640785614,1.0491363170723091,0.4147253084839486,1.2526051785651207,0.673990603694938,5.113636363636364,0.0,,1,Martin Satriano,Getafe,La Liga,25.0,2001.0,"FW,MF",2026-2027,2024-2025,100.0,exact,Martín Satriano,Getafe CF,2001-02-20,10.0,25.6,3.753593429158111,ST,"FW,MF",Martin Satriano,14.53,8.71,27.3,4.53,0.3452,41.2,0,1,0,0,0,0,0,0,0,0,0,1,0
martin terrier|1997,6884.0,5,0.4884015746280274,0.16613660120543558,0.3595914954610607,0.1386986301369863,2.4940506638791895,0.8496354958829391,1.9753344481605348,3.3594123268036307,1.1099498327759196,0.43435713809131954,0.618131868131868,0.9701982799808886,1.6952054794520548,0.0,,1,Martin Terrier,Leverkusen,Bundesliga,28.0,1997.0,"MF,FW",2025-2026,2024-2025,100.0,exact,Martin Terrier,Bayer 04 Leverkusen,1997-03-04,8.0,29.6,2.754277891854894,CAM,"MF,FW",Martin Terrier,10.31,6.72,17.52,2.31,0.2285,25.7,1,0,0,0,0,1,0,0,0,0,0,0,0
martin valjent|1995,14257.0,5,0.026403285742225703,0.0060930659405136235,0.01783525853302391,0.0032573289902280127,0.3899562201928719,0.19629971244099612,0.7298375531276889,2.530963990508722,1.0947563296915335,0.7514781326633468,5.367004771713905,1.0712888842533441,1.5960912052117264,0.0,,1,Martin Valjent,Mallorca,La Liga,29.0,1995.0,DF,2025-2026,2024-2025,100.0,exact,Martin Valjent,RCD Mallorca,1995-12-11,3.0,30.8,2.754277891854894,CB,DF,Martin Valjent,5.18,2.78,16.25,2.18,0.4351,54.5,0,1,0,0,0,0,1,0,0,0,0,0,0
martin zubimendi|1999,14394.0,6,0.10336982690707758,0.03710711735125862,0.0779980500487488,0.033423362592842676,0.7216502542126129,0.23262839879154076,1.1515545444697215,5.504279059690175,1.9380348824612719,1.2795329215228644,2.040948976275593,1.2165529195103455,1.610398379473329,0.0,,1,Martín Zubimendi,Arsenal,Premier League,27.0,1999.0,MF,2026-2027,2024-2025,100.0,exact,Martín Zubimendi,Arsenal FC,1999-02-02,75.0,27.7,3.753593429158111,CDM,MF,Martín Zubimendi,74.99,27.53,86.19,-0.01,-0.0001,-0.0,0,0,0,1,0,0,0,1,0,0,0,0,0
marvin friedrich|1995,5724.0,5,0.011446595273827997,0.029761147711952794,0.04386179857877971,0.05460060667340748,0.645587973443899,0.1515445890810181,0.4655721636853712,2.604753736829209,1.3452585150698357,0.7921043929488975,4.729233031119823,1.3869149718206322,3.0940343781597575,0.0,,1,Marvin Friedrich,Gladbach,Bundesliga,29.0,1995.0,DF,2025-2026,2024-2025,100.0,exact,Marvin Friedrich,Borussia Mönchengladbach,1995-12-13,1.8,30.8,,CB,DF,Marvin Friedrich,2.04,1.09,4.08,0.24,0.0819,8.5,1,0,0,0,0,0,1,0,0,0,0,0,0
marvin pieringer|1999,5674.0,4,0.21898096670809078,0.11302243442998235,0.29024707412223666,0.16319129646418856,1.954936384959841,0.5663869693978283,1.1724790164322023,2.4173070102849032,1.0001182172833667,0.49329583360586043,1.2873862158647593,1.1171533278165267,2.978241160471441,0.0,,1,Marvin Pieringer,Paderborn 07,Bundesliga,26.0,1999.0,"FW,MF",2026-2027,2024-2025,100.0,exact,Marvin Pieringer,1. Fußballclub Heidenheim 1846,1999-10-04,3.0,27.0,0.7529089664613279,ST,"FW,MF",Marvin Pieringer,4.44,2.42,11.96,1.44,0.3078,36.0,1,0,0,0,0,0,0,0,0,0,0,1,0
marvin schwabe|1995,11430.0,5,0.0,0.0,0.0,,0.0,0.0,0.0038610038610038615,0.061776061776061784,0.02702702702702703,0.05187074829931973,0.28185328185328185,0.0,,2.7928832116788325,,0,Marvin Schwäbe,Köln,Bundesliga,31.0,1995.0,GK,2026-2027,,100.0,exact,Marvin Schwäbe,1.FC Köln,1995-04-25,3.0,31.4,0.7529089664613279,GK,GK,Marvin Schwäbe,4.51,1.94,8.81,1.51,0.3211,37.9,1,0,0,0,0,0,0,0,0,0,1,0,0
marvin senaya|2001,4154.0,4,0.04457312659529886,0.015429159206064993,0.043708966633690075,0.039647577092511016,0.7217417806392624,0.23034536749872034,1.8212069430704196,2.978685133555176,3.0434391581976796,1.7794963617661625,3.128428815540966,1.7928770572893247,1.1894273127753305,0.0,,1,Marvin Senaya,Auxerre,Ligue 1,24.0,2001.0,"DF,MF",2025-2026,2024-2025,100.0,exact,Marvin Senaya,AJ Auxerre,2001-01-28,3.0,25.7,2.754277891854894,FULLBACK,"DF,MF",Marvin Senaya,5.29,2.45,15.99,2.29,0.4526,57.2,0,0,1,0,0,0,0,0,0,1,0,0,0
mason greenwood|2001,9199.0,4,0.5384233727076694,0.20609507089288784,0.4284693099504384,0.18295292439372327,3.7801270919603835,1.6102214389701939,4.1131338162409445,4.174609226077011,0.8349218452154021,0.2249871190580692,0.16155165840640487,0.2601982462828822,0.25677603423680456,0.0,,1,Mason Greenwood,Marseille,Ligue 1,23.0,2001.0,"FW,MF",2025-2026,2024-2025,100.0,exact,Mason Greenwood,Olympique Marseille,2001-10-01,55.0,25.0,2.754277891854894,WINGER,"FW,MF",Mason Greenwood,50.57,22.85,61.75,-4.43,-0.0823,-7.9,0,0,1,0,0,0,0,0,0,0,0,0,1
mason mount|1999,6166.0,5,0.23031289984878445,0.06281260904966848,0.24937733499377335,0.08681672025723472,1.9744096777945794,0.7164532019704434,2.4517434620174345,5.029576587795765,2.2415940224159403,0.6804699313714087,0.5183686176836861,1.236379202988792,0.5787781350482315,0.0,,1,Mason Mount,Manchester Utd,Premier League,26.0,1999.0,MF,2025-2026,2024-2025,100.0,exact,Mason Mount,Manchester United,1999-01-10,25.0,27.7,1.754962354551677,CAM,MF,Mason Mount,17.58,8.53,34.23,-7.42,-0.3358,-28.5,0,0,0,1,0,1,0,0,0,0,0,0,0
mateo joseph|2003,1699.0,1,0.10594467333725721,0.15891701000588582,,,1.7480871100647442,0.7416127133608005,,,,0.6886403766921719,,,,,,0,Mateo Joseph,Mallorca,La Liga,21.0,2003.0,"MF,FW",2025-2026,,100.0,exact,Mateo Joseph,RCD Mallorca,2003-10-19,3.5,22.9,1.754962354551677,CAM,"MF,FW",Mateo Joseph,8.67,3.69,16.59,5.17,0.7647,114.8,0,1,0,0,0,1,0,0,0,0,0,0,0
mateo kovacic|1994,7144.0,5,0.15320778806255986,0.1005426109160549,0.08072493725084895,0.14740673339399454,1.5576125119693587,0.45608108108108114,2.20913922929278,6.755315222205818,2.4964934297947736,0.8697733801468241,0.7657241990255426,0.9218588513214233,0.40946314831665154,0.0,,1,Mateo Kovačić,Manchester City,Premier League,31.0,1994.0,MF,2025-2026,2024-2025,100.0,exact,Mateo Kovacic,Manchester City,1994-05-06,10.0,32.4,0.7529089664613279,CAM,MF,Mateo Kovačić,6.0,2.25,13.27,-4.0,-0.4514,-36.3,0,0,0,1,0,1,0,0,0,0,0,0,0
mateo pellegrino|2001,4072.0,3,0.31011896805239936,0.040101590696430954,0.40298507462686567,0.08548168249660787,2.2787643635278316,0.7327264587375019,0.7327001356852104,1.8317503392130259,0.3663500678426052,0.10827429488036355,0.7327001356852104,0.7327001356852104,5.983717774762551,,,1,Mateo Pellegrino,Fiorentina,Serie A,25.0,2001.0,FW,2026-2027,2024-2025,100.0,exact,Mateo Pellegrino,Parma Calcio 1913,2001-10-22,15.0,24.9,3.753593429158111,ST,FW,Mateo Pellegrino,11.85,5.33,23.67,-3.15,-0.2189,-19.7,0,0,0,0,1,0,0,0,0,0,0,1,0
mateu morey|2000,1555.0,3,0.06772608560931344,0.0,0.04405535159559447,0.03643724696356276,0.4621309370988447,0.195824267395028,2.10110138378989,2.329850324767015,2.575543631742446,1.219069540967642,3.753177068624683,1.4402711098559733,0.9716599190283401,0.0,,1,Mateu Morey,Mallorca,La Liga,25.0,2000.0,"DF,MF",2025-2026,2024-2025,100.0,exact,Mateu Morey,RCD Mallorca,2000-03-02,1.4,26.6,0.7529089664613279,FULLBACK,"DF,MF",Mateu Morey,1.04,0.85,5.07,-0.36,-0.1602,-14.8,0,1,0,0,0,0,0,0,0,1,0,0,0
mateus fernandes|2004,6174.0,3,0.0736693278338241,0.11480934207868693,0.12375386730835339,0.09281540048126503,1.0324506953720436,0.3212517819259392,2.3513234788587143,4.48607768992781,2.753523547610863,0.9720524295995492,1.082846338948092,1.330354073564799,0.4640770024063252,,,1,Mateus Fernandes,Tottenham,Premier League,22.0,2004.0,MF,2026-2027,2024-2025,100.0,exact,Mateus Fernandes,West Ham United,2004-07-10,50.0,22.2,4.7529089664613275,CDM,MF,Mateus Fernandes,49.17,23.25,54.53,-0.83,-0.0164,-1.6,0,0,0,1,0,0,0,1,0,0,0,0,0
mateus mane|2007,1795.0,1,0.15041782729805014,0.05013927576601672,,,2.0557103064066853,0.8523676880222842,,,,0.2506963788300836,,,,,,0,Mateus Mane,Wolves,Premier League,17.0,2007.0,MF,2025-2026,,100.0,exact,Mateus Mané,Wolverhampton Wanderers,2007-09-16,20.0,19.0,2.754277891854894,CAM,MF,Mateus Mane,25.5,16.37,40.02,5.5,0.2327,26.2,0,0,0,1,0,1,0,0,0,0,0,0,0
matheus cunha|1999,10343.0,6,0.40271080411833704,0.16655806073243842,0.31493099121706397,0.26684636118598387,3.2581926978635876,1.3790884859307502,3.5703331939216514,3.9035271155722855,1.1947581207305173,0.6114948520787177,0.8030112923462986,0.9145406385055068,0.4505198305737389,0.0,,1,Matheus Cunha,Manchester Utd,Premier League,27.0,1999.0,"MF,FW",2026-2027,2024-2025,100.0,exact,Matheus Cunha,Manchester United,1999-05-27,75.0,27.3,3.753593429158111,CAM,"MF,FW",Matheus Cunha,74.37,48.23,82.43,-0.63,-0.0083,-0.8,0,0,0,1,0,1,0,0,0,0,0,0,0
matheus nunes|1998,8057.0,5,0.03330126544808702,0.17697243923840533,0.07712989413543941,0.23655913978494622,0.4643952563918016,0.10991820040899795,3.0873562666538636,3.9429147562234435,1.9595746213121443,0.8287257772938229,1.6203759272151137,0.9916700674556496,0.7526881720430108,0.0,,1,Matheus Nunes,Manchester City,Premier League,28.0,1998.0,DF,2026-2027,2024-2025,100.0,exact,Matheus Nunes,Manchester City,1998-08-27,50.0,28.1,1.754962354551677,FULLBACK,DF,Matheus Nunes,25.7,8.39,39.84,-24.3,-0.6472,-47.6,0,0,0,1,0,0,0,0,0,1,0,0,0
mathew ryan|1992,5310.0,4,0.0,0.0,0.0,0.0,0.042499999999999996,0.0,0.0,0.0,0.06914893617021275,0.032608695652173905,0.15957446808510636,0.0,0.2857142857142857,3.375,0.17857142857142858,1,Mathew Ryan,Levante,La Liga,34.0,1992.0,GK,2026-2027,2024-2025,100.0,exact,Mathew Ryan,Levante UD,1992-04-08,1.8,34.5,,GK,GK,Mathew Ryan,0.8,0.49,2.33,-1.0,-0.4392,-35.5,0,1,0,0,0,0,0,0,0,0,1,0,0
mathias honsak|1996,3451.0,3,0.21234298197706167,0.0766794101583834,0.21673050281150683,0.12193056731583406,2.184380120152922,0.6543486579565955,2.4900171135196802,2.009616168201451,1.177165675169098,0.9653741125068268,2.3029907912965526,1.3678591801809143,1.676545300592718,0.0,,1,Mathias Honsak,Heidenheim,Bundesliga,28.0,1996.0,"MF,FW",2025-2026,2024-2025,100.0,exact,Mathias Honsak,1. Fußballclub Heidenheim 1846,1996-12-20,1.7,29.8,0.7529089664613279,CAM,"MF,FW",Mathias Honsak,2.22,1.4,6.15,0.52,0.1749,19.1,1,0,0,0,0,1,0,0,0,0,0,0,0
mathias jensen|1996,9717.0,5,0.1072196904855537,0.1061787226167619,0.04699641517644377,0.17749419953596288,0.8848226884730159,0.2714300172047364,0.712405976087362,5.242338216705693,2.0309165129820346,0.9077239815864352,1.0070660394952238,1.6747135249383533,0.8352668213457077,0.0,,1,Mathias Jensen,Brentford,Premier League,29.0,1996.0,MF,2025-2026,2024-2025,100.0,exact,Mathias Jensen,Brentford FC,1996-01-01,10.0,30.7,0.7529089664613279,CAM,MF,Mathias Jensen,12.53,7.04,16.47,2.53,0.2067,23.0,0,0,0,1,0,1,0,0,0,0,0,0,0
mathias olivera|1997,9913.0,6,0.022182577873758835,0.053871974836271444,0.04151348039215687,0.06455696202531645,0.5978645084225153,0.12809611829944545,2.026654411764706,4.719669117647059,2.4846813725490198,1.1365930377221194,2.2227328431372553,1.5517769607843137,1.5569620253164558,0.0,,1,Mathías Olivera,Napoli,Serie A,28.0,1997.0,"DF,MF",2026-2027,2024-2025,100.0,exact,Mathías Olivera,SSC Napoli,1997-10-31,15.0,28.9,3.753593429158111,FULLBACK,"DF,MF",Mathías Olivera,10.43,4.51,26.97,-4.57,-0.3364,-28.6,0,0,0,0,1,0,0,0,0,1,0,0,0
mathias pereira lage|1996,7080.0,5,0.12802796293285645,0.18533571776946836,0.19728648812838553,0.20050922978994268,2.0313770118679892,0.740009866798224,1.6653166607603904,2.1915658381005416,1.8498455930744695,0.8949764265973013,1.0957829190502708,0.9864324406419278,2.0050922978994272,0.0,,1,Mathias Pereira Lage,St Pauli,Bundesliga,28.0,1996.0,"FW,MF",2025-2026,2024-2025,100.0,exact,Mathias Pereira Lage,FC St. Pauli,1996-11-30,2.5,29.8,1.754962354551677,ST,"FW,MF",Mathias Pereira Lage,4.9,3.23,15.96,2.4,0.5227,68.7,1,0,0,0,0,0,0,0,0,0,0,1,0
mathys tel|2005,4297.0,6,0.29830088688969425,0.14423339585875328,0.3198225072712358,0.22365038560411313,2.7207493316717253,0.658985933235356,3.043851144753524,2.322320829293758,1.1947199642031472,0.29502285516563165,0.6208516667909613,0.7651577298829145,0.3856041131105399,0.0,,1,Mathys Tel,Tottenham,Premier League,21.0,2005.0,"MF,FW",2026-2027,2024-2025,100.0,exact,Mathys Tel,Tottenham Hotspur,2005-04-27,22.0,21.4,4.7529089664613275,CAM,"MF,FW",Mathys Tel,52.91,24.97,60.17,30.91,0.8519,134.4,0,0,0,1,0,1,0,0,0,0,0,0,0
matias fernandez pardo|2005,3593.0,3,0.2953137272013264,0.17436076446461296,0.24507042253521125,0.23661971830985912,2.4189526184538654,1.1072319201995011,3.8873239436619715,2.197183098591549,1.0140845070422535,0.2748930971288943,0.5070422535211268,0.7605633802816901,0.0,,,1,Matias Fernandez-Pardo,Newcastle Utd,Premier League,21.0,2005.0,"FW,MF",2026-2027,2024-2025,100.0,exact,Matias Fernandez-Pardo,LOSC Lille,2005-02-03,35.0,21.6,2.754277891854894,WINGER,"FW,MF",Matias Fernandez-Pardo,37.75,18.97,44.9,2.75,0.0736,7.6,0,0,0,1,0,0,0,0,0,0,0,0,1
matias moreno|2003,2570.0,3,0.0,0.0,0.0,0.0,0.38101404522362786,0.0,0.625,3.75,5.0,1.4416995141626179,5.625,3.125,1.875,,,1,Matias Moreno,Venezia,Serie A,23.0,2003.0,DF,2026-2027,2024-2025,100.0,exact,Matías Moreno,Levante UD,2003-09-24,6.0,23.0,2.754277891854894,CB,DF,Matias Moreno,7.51,4.19,15.3,1.51,0.1949,21.5,0,0,0,0,1,0,1,0,0,0,0,0,0
matias soule|2003,7745.0,6,0.29371950259719815,0.18605383283488114,0.23819163292847503,0.26277372262773724,2.1839157331549908,0.7182942402043148,3.6926450742240218,5.091093117408907,1.2516869095816465,0.4788288997324099,0.7101889338731444,1.1842105263157892,0.5053340819764177,0.0,,1,Matìas Soulé,Roma,Serie A,23.0,2003.0,"MF,FW",2026-2027,2024-2025,100.0,exact,Matías Soulé,Associazione Sportiva Roma,2003-04-15,35.0,23.5,2.754277891854894,CAM,"MF,FW",Matìas Soulé,33.62,16.96,45.16,-1.38,-0.039,-3.8,0,0,0,0,1,1,0,0,0,0,0,0,0
matias vecino|1991,4836.0,5,0.1902005375232582,0.1343808145544759,0.2279988382224804,0.24629418472063855,1.6580525118875336,0.25932267089823363,0.9468486784780715,4.475747894278246,2.050537322102817,0.9261939218523877,1.7223351728144063,1.3215219285506825,3.078677309007982,0.0,,1,Matías Vecino,Lazio,Serie A,33.0,1991.0,MF,2025-2026,2024-2025,100.0,exact,Matías Vecino,Società Sportiva Lazio S.p.A.,1991-08-24,1.0,35.1,0.7529089664613279,CAM,MF,Matías Vecino,1.53,0.71,2.81,0.53,0.2355,26.5,0,0,0,0,1,1,0,0,0,0,0,0,0
mats wieffer|1999,3074.0,3,0.08691899889039574,0.16644063617309826,0.07093596059113301,0.14187192118226602,0.8358582531945725,0.30430773284152285,1.5960591133004924,5.497536945812808,5.142857142857142,1.3481691530020958,2.482758620689655,1.5960591133004924,2.83743842364532,,,1,Mats Wieffer,Brighton,Premier League,26.0,1999.0,DF,2026-2027,2024-2025,100.0,exact,Mats Wieffer,Brighton & Hove Albion,1999-11-16,25.0,26.9,2.754277891854894,CB,DF,Mats Wieffer,22.8,11.91,30.38,-2.2,-0.0882,-8.4,0,0,0,1,0,0,1,0,0,0,0,0,0
matt doherty|1992,5606.0,5,0.07031125157578878,0.03355764279753556,0.06119882632387872,0.06401137980085349,0.5497061486834395,0.08603784684773018,1.3057146849238508,3.0473662148945087,1.863210842531787,0.8533229168516183,3.8961855526058407,1.2281682269107168,2.3897581792318636,0.0,,1,Matt Doherty,Wolves,Premier League,33.0,1992.0,"DF,MF",2025-2026,2024-2025,100.0,exact,Matt Doherty,Wolverhampton Wanderers,1992-01-16,1.0,34.7,,FULLBACK,"DF,MF",Matt Doherty,2.2,0.93,3.68,1.2,0.4696,59.9,0,0,0,1,0,0,0,0,0,1,0,0,0
matt oriley|2000,1883.0,2,0.19108956438656713,0.19108956438656713,0.26865671641791045,0.23027718550106607,1.4650199936303478,0.5191266499168405,2.1108742004264394,3.646055437100213,1.535181236673774,0.8630878658126615,0.8635394456289979,0.6716417910447761,0.47974413646055436,,,1,Matt O'Riley,Marseille,Ligue 1,24.0,2000.0,MF,2025-2026,2024-2025,100.0,exact,Matt O'Riley,Olympique Marseille,2000-11-21,18.0,25.9,2.754277891854894,CAM,MF,Matt O'Riley,5.26,2.38,16.62,-12.74,-1.111,-67.1,0,0,1,0,0,1,0,0,0,0,0,0,0
matteo bianchetti|1993,4324.0,2,0.009389867289875637,0.06385109757115434,0.03377110694183865,,0.28920791252816963,0.04105839416058395,0.25328330206378985,1.9840525328330205,1.3508442776735459,0.7943827727234788,4.685741088180112,1.3086303939962476,,0.0,,0,Matteo Bianchetti,Cremonese,Serie A,32.0,1993.0,DF,2025-2026,,100.0,exact,Matteo Bianchetti,US Cremonese,1993-03-17,0.8,33.5,0.7529089664613279,CB,DF,Matteo Bianchetti,0.76,0.59,1.79,-0.04,-0.024,-2.4,0,0,0,0,1,0,1,0,0,0,0,0,0
matteo cancellieri|2002,5712.0,6,0.2076835936953694,0.07677999524495475,0.1976443392591777,0.04424157303370786,1.8928468087050545,0.7149277755712105,2.578292696350927,1.3968848037866697,1.7609664813693653,0.8282169978882004,1.39193131157466,0.965930981341846,1.8328651685393256,0.0,,1,Matteo Cancellieri,Lazio,Serie A,24.0,2002.0,FW,2026-2027,2024-2025,100.0,exact,Matteo Cancellieri,Società Sportiva Lazio S.p.A.,2002-02-12,7.0,24.6,0.7529089664613279,WINGER,FW,Matteo Cancellieri,6.95,3.24,17.77,-0.05,-0.0062,-0.6,0,0,0,0,1,0,0,0,0,0,0,0,1
matteo darmian|1989,7965.0,5,0.09558444902162719,0.06806771369721937,0.06509805275514431,0.07580011229646266,0.41130278063851705,0.12824728707661953,0.7830410164341942,2.757733738433918,1.7711642038392488,0.5894374356333678,1.9141002623946972,0.9663720480596603,0.6569343065693432,0.0,,1,Matteo Darmian,Inter,Serie A,35.0,1989.0,"MF,DF",2025-2026,2024-2025,100.0,exact,Matteo Darmian,Inter Milan,1989-12-02,1.4,36.8,,CM,"MF,DF",Matteo Darmian,0.81,0.64,1.86,-0.59,-0.2822,-24.6,0,0,0,0,1,0,0,0,1,0,0,0,0
matteo gabbia|1999,7584.0,5,0.04356771148493284,0.008911577349190809,0.0543199047678717,0.008364312267657993,0.6049970844839537,0.1305891302510354,0.5413194661988596,2.8945554789800143,1.3476599210575781,0.6129184865721233,4.255372470396591,0.9642252991667188,1.9656133828996283,0.0,,1,Matteo Gabbia,Milan,Serie A,25.0,1999.0,DF,2025-2026,2024-2025,100.0,exact,Matteo Gabbia,AC Milan,1999-10-21,17.0,26.9,2.754277891854894,CB,DF,Matteo Gabbia,9.19,4.41,23.76,-7.81,-0.5686,-43.4,0,0,0,0,1,0,1,0,0,0,0,0,0
matteo guendouzi|1999,12344.0,5,0.07107246156188157,0.09847389252549854,0.06747661701390607,0.08807339449541285,0.9376427157862689,0.32342107627347044,2.2703766021675653,7.3600732419458605,1.1936457663186024,0.7954977926625058,1.1045677240560203,0.8429009749096846,0.4954128440366972,0.0,,1,Mattéo Guendouzi,Lazio,Serie A,26.0,1999.0,MF,2025-2026,2024-2025,100.0,exact,Mattéo Guendouzi,Società Sportiva Lazio S.p.A.,1999-04-14,27.0,27.5,3.753593429158111,CM,MF,Mattéo Guendouzi,26.61,10.5,50.2,-0.39,-0.014,-1.4,0,0,0,0,1,0,0,0,1,0,0,0,0
matteo politano|1993,10514.0,6,0.15094407675244811,0.19720113253142416,0.17495734937595403,0.15406562054208273,2.109631363819539,0.4911173698748849,4.483702972075065,4.90392385741223,0.9239472030169705,0.3976483742403203,1.0694082787106043,0.5468258956631049,0.19258202567760344,0.0,,1,Matteo Politano,Napoli,Serie A,33.0,1993.0,"MF,FW",2026-2027,2024-2025,100.0,exact,Matteo Politano,SSC Napoli,1993-08-03,5.0,33.2,1.754962354551677,CAM,"MF,FW",Matteo Politano,4.52,2.66,9.81,-0.48,-0.0841,-8.1,0,0,0,0,1,1,0,0,0,0,0,0,0
matteo prati|2003,4683.0,4,0.03754090996598858,0.03754090996598858,0.06904364416885285,0.11052631578947368,1.4219974804031354,0.038828545325347685,0.35058430717863104,3.194610064393036,1.9139041259241591,0.8749919784380416,1.302170283806344,1.1662294300023848,0.15789473684210528,0.0,,1,Matteo Prati,Racing Sant,La Liga,22.0,2003.0,MF,2026-2027,2024-2025,100.0,exact,Matteo Prati,Torino FC,2003-12-28,5.5,22.8,1.754962354551677,CM,MF,Matteo Prati,9.83,3.55,17.61,4.33,0.5102,66.6,0,1,0,0,0,0,0,0,1,0,0,0,0
matteo ruggeri|2002,7594.0,6,0.0,0.1424618470498677,0.01878690284487386,0.10279840091376356,0.32215165488012526,0.10203888815404093,2.513866523528359,5.487564859545536,1.554839864018608,1.1059824309138584,2.1041331186258723,1.5852567543388798,1.182181610508281,0.0,,1,Matteo Ruggeri,Aston Villa,Premier League,24.0,2002.0,DF,2026-2027,2024-2025,100.0,exact,Matteo Ruggeri,Atlético de Madrid,2002-07-11,28.0,24.2,3.753593429158111,FULLBACK,DF,Matteo Ruggeri,57.25,23.04,63.48,29.25,0.6975,100.9,0,0,0,1,0,0,0,0,0,1,0,0,0
matteo tramoni|2000,1600.0,1,0.11249999999999999,0.11249999999999999,,,1.575,0.50625,,,,0.84375,,,,,,0,Mattéo Tramoni,Pisa,Serie A,25.0,2000.0,"MF,FW",2025-2026,,100.0,exact,Matteo Tramoni,Pisa Sporting Club,2000-01-20,4.5,26.7,3.753593429158111,CM,"MF,FW",Mattéo Tramoni,6.31,2.62,13.5,1.81,0.2842,32.9,0,0,0,0,1,0,0,0,1,0,0,0,0
matthias ginter|1994,13082.0,6,0.07078113456359576,0.1050992604126119,0.07976460578559275,0.024599765716516984,0.6559600947076617,0.18894099737275025,0.6853374929098128,4.534458309699376,1.197107203630176,0.7764475973339902,4.6608054452637555,1.3489790130459445,3.443967200312378,0.0,,1,Matthias Ginter,Freiburg,Bundesliga,32.0,1994.0,DF,2026-2027,2024-2025,100.0,exact,Matthias Ginter,SC Freiburg,1994-01-19,5.0,32.7,0.7529089664613279,CB,DF,Matthias Ginter,4.63,2.25,6.91,-0.37,-0.0631,-6.1,1,0,0,0,0,0,1,0,0,0,0,0,0
matthieu udol|1996,7092.0,4,0.06987577639751552,0.15457368718238285,0.046515163031086104,,1.1403009774008375,0.5096602265156562,1.5322641939651898,3.221859086417876,1.850345823515999,1.565852625635234,3.52283955308961,2.045299080337463,,0.0,,0,Matthieu Udol,Lens,Ligue 1,30.0,1996.0,"MF,DF",2026-2027,,100.0,exact,Matthieu Udol,RC Lens,1996-03-20,8.0,30.5,1.754962354551677,CDM,"MF,DF",Matthieu Udol,2.6,1.95,6.25,-5.4,-0.916,-60.0,0,0,1,0,0,0,0,1,0,0,0,0,0
matthijs de ligt|1999,9760.0,5,0.09539567229389105,0.008143533000698016,0.08847786748329622,0.012717852096090438,0.8166800237842868,0.31838952178399205,0.557488864142539,3.833518930957684,1.1791829064587973,1.1098472118094156,3.67535495545657,1.1275055679287305,2.4587847385774846,0.0,,1,Matthijs de Ligt,Manchester Utd,Premier League,25.0,1999.0,DF,2025-2026,2024-2025,100.0,exact,Matthijs de Ligt,Manchester United,1999-08-12,30.0,27.1,2.754277891854894,CB,DF,Matthijs de Ligt,37.83,21.98,48.48,7.83,0.2253,25.3,0,0,0,1,0,0,1,0,0,0,0,0,0
matthis abline|2003,7481.0,5,0.2580333562833331,0.11005723798464745,0.3003904294724197,0.12355491329479769,2.7851458885941645,0.801882070277305,2.3732105315847427,1.5388927820602663,0.44869356291921114,0.26543216219826743,0.9424366803483831,0.4631094203623986,2.0809248554913293,0.0,,1,Matthis Abline,Monaco,Ligue 1,23.0,2003.0,"FW,MF",2026-2027,2024-2025,100.0,exact,Matthis Abline,FC Nantes,2003-03-28,20.0,23.5,1.754962354551677,WINGER,"FW,MF",Matthis Abline,15.73,7.91,34.57,-4.27,-0.2276,-20.4,0,0,1,0,0,0,0,0,0,0,0,0,1
mattia perin|1992,2793.0,5,0.0,0.0,0.0,0.0,0.0,0.0,0.0,0.0335195530726257,0.0,0.0,0.27486033519553066,0.0,0.2,2.0635641316685587,0.13999999999999999,1,Mattia Perin,Juventus,Serie A,32.0,1992.0,GK,2025-2026,2024-2025,100.0,exact,Mattia Perin,Juventus FC,1992-11-10,2.0,33.9,0.7529089664613279,GK,GK,Mattia Perin,1.39,0.63,2.04,-0.61,-0.2276,-20.4,0,0,0,0,1,0,0,0,0,0,1,0,0
mattia viti|2002,5941.0,5,0.04593225464993195,0.0,0.038492530837413996,0.006998444790046656,0.33513533948283686,0.061674705463746336,0.4909192338684683,3.025475732969689,2.1142998822289716,1.4681309541811582,4.291824211244033,1.5136676377611107,2.13452566096423,0.0,,1,Mattia Viti,Fiorentina,Serie A,23.0,2002.0,"MF,DF",2025-2026,2024-2025,100.0,exact,Mattia Viti,ACF Fiorentina,2002-01-24,5.0,24.7,0.7529089664613279,CDM,"MF,DF",Mattia Viti,6.7,3.57,12.89,1.7,0.2501,28.4,0,0,0,0,1,0,0,1,0,0,0,0,0
mattia zaccagni|1995,12017.0,6,0.2274385160483535,0.13052313463943307,0.21400601554962828,0.15413253909158597,1.6144637277415956,0.5347593582887701,3.5178196470120877,3.1756143238181713,1.3011463594574655,0.9683722384326803,0.6141819420010215,0.8963736450825719,0.6366344005956813,0.0,,1,Mattia Zaccagni,Lazio,Serie A,31.0,1995.0,FW,2026-2027,2024-2025,100.0,exact,Mattia Zaccagni,Società Sportiva Lazio S.p.A.,1995-06-16,7.5,31.3,2.754277891854894,WINGER,FW,Mattia Zaccagni,7.95,4.87,19.29,0.45,0.0519,5.3,0,0,0,0,1,0,0,0,0,0,0,0,1
mattias svanberg|1999,8194.0,5,0.1868088074125735,0.1389857527149547,0.19743336623889435,0.12551271534044298,1.8471654876955268,0.6701876394173993,1.220138203356367,3.553800592300098,1.5715695952615991,1.0685463783999205,1.5459032576505427,1.115498519249753,0.8859721082854799,0.0,,1,Mattias Svanberg,Wolfsburg,Bundesliga,26.0,1999.0,MF,2025-2026,2024-2025,100.0,exact,Mattias Svanberg,VfL Wolfsburg,1999-01-05,8.0,27.7,0.7529089664613279,CAM,MF,Mattias Svanberg,8.45,3.98,23.42,0.45,0.0487,5.0,1,0,0,0,0,1,0,0,0,0,0,0,0
matty cash|1997,12719.0,6,0.06795302013422819,0.07021812080536911,0.07354695206473033,0.04782608695652174,0.8620233050847457,0.2856119158519732,2.2774894426356336,2.7634505657457846,2.4182005738048415,0.8433724832214764,2.6923696850520615,1.173559846555559,0.8695652173913043,0.0,,1,Matty Cash,Aston Villa,Premier League,29.0,1997.0,DF,2026-2027,2024-2025,100.0,exact,Matty Cash,Aston Villa,1997-08-07,22.0,29.1,2.754277891854894,CB,DF,Matty Cash,19.93,13.51,37.06,-2.07,-0.0943,-9.0,0,0,0,1,0,0,1,0,0,0,0,0,0
matvei safonov|1999,2679.0,3,0.0,0.0,0.0,0.0,0.0,0.0,0.0,0.0,0.0,0.02697281969707449,0.3071672354948805,0.10238907849829351,0.0,2.358844576315559,-0.08191126279863482,1,Matvei Safonov,Paris S-G,Ligue 1,27.0,1999.0,GK,2026-2027,2024-2025,92.85714285714286,fuzzy,Matvey Safonov,Paris Saint-Germain,1999-02-25,30.0,27.6,2.754277891854894,GK,GK,Matvei Safonov,5.35,2.22,10.75,-24.65,-1.585,-79.5,0,0,1,0,0,0,0,0,0,0,1,0,0
matz sels|1992,16438.0,6,0.0,0.0,0.0,0.010526315789473686,0.0025365331228950298,0.0,0.01211556383970177,0.0260950605778192,0.032618825722274,0.013119011966129097,0.6644920782851818,0.016775396085740916,0.39473684210526316,2.8935501599425053,0.08157894736842106,1,Matz Sels,Nott'ham Forest,Premier League,34.0,1992.0,GK,2026-2027,2024-2025,100.0,exact,Matz Sels,Nottingham Forest,1992-02-26,3.5,34.6,1.754962354551677,GK,GK,Matz Sels,8.47,3.89,11.41,4.97,0.7441,110.4,0,0,0,1,0,0,0,0,0,0,1,0,0
mauro arambarri|1995,9904.0,5,0.20239814662233552,0.042747884415924316,0.21500104318798247,0.020293122886133032,1.631398854240377,0.5320285886046355,0.6440642603797204,2.7752973085750052,1.6373878572918839,0.6141736863022594,1.4871687878155644,1.162320050073023,1.995490417136415,0.0,,1,Mauro Arambarri,Getafe,La Liga,29.0,1995.0,MF,2025-2026,2024-2025,100.0,exact,Mauro Arambarri,Getafe CF,1995-09-30,8.0,31.0,2.2587268993839835,CAM,MF,Mauro Arambarri,6.33,2.69,18.21,-1.67,-0.2059,-18.6,0,1,0,0,0,1,0,0,0,0,0,0,0
max finkgrafe|2004,2260.0,2,0.09601181683899557,0.06277695716395863,0.05125284738041002,,0.6499261447562777,0.35714285714285715,2.613895216400911,2.716400911161731,3.331435079726651,1.2333825701624814,1.9988610478359907,1.7938496583143506,,0.0,,0,Max Finkgräfe,RB Leipzig,Bundesliga,21.0,2004.0,DF,2025-2026,,100.0,exact,Max Finkgräfe,RB Leipzig,2004-03-27,5.0,22.5,3.753593429158111,FULLBACK,DF,Max Finkgräfe,9.23,5.36,29.37,4.23,0.534,70.6,1,0,0,0,0,0,0,0,0,1,0,0,0
max kilman|1997,14323.0,5,0.01466395112016293,0.009531568228105905,0.042748900876180974,0.03225806451612903,0.3739307535641547,0.055237578681434744,0.7605001403136791,3.1308658913036704,1.1318636774656232,0.8299796334012219,5.088709425961149,1.638863771008076,3.03763440860215,0.0,,1,Max Kilman,West Ham,Premier League,28.0,1997.0,DF,2025-2026,2024-2025,80.0,surname,Maximilian Kilman,West Ham United,1997-05-23,13.0,29.3,4.7529089664613275,CB,DF,Max Kilman,24.62,10.9,29.89,11.62,0.6043,83.0,0,0,0,1,0,0,1,0,0,0,0,0,0
max rosenfelder|2003,1741.0,2,0.04755904231535303,0.0,0.028823058446757407,0.05044035228182545,0.2999878053737653,0.04755904231535303,1.7293835068054444,2.089671737389912,1.9455564451561251,0.6438762651924719,4.683746997598078,1.2249799839871898,0.8646917534027222,,,1,Max Rosenfelder,Freiburg,Bundesliga,22.0,2003.0,DF,2025-2026,2024-2025,100.0,exact,Max Rosenfelder,SC Freiburg,2003-02-10,6.0,23.6,,CB,DF,Max Rosenfelder,2.3,1.97,6.34,-3.7,-0.7515,-52.8,1,0,0,0,0,0,1,0,0,0,0,0,0
maxence caqueret|2000,11365.0,6,0.08480857191258682,0.19343977638488905,0.07062705289597669,0.10301204819277109,0.8530390800622515,0.23064602242391885,1.7215344143394318,7.270038494121843,2.863873489588752,1.0796417076063018,0.6674791552100827,1.35368518050622,0.21686746987951808,0.0,,1,Maxence Caqueret,Como,Serie A,26.0,2000.0,MF,2026-2027,2024-2025,100.0,exact,Maxence Caqueret,Como 1907,2000-02-15,13.0,26.6,2.754277891854894,CDM,MF,Maxence Caqueret,42.7,13.46,61.24,29.7,1.1382,212.1,0,0,0,0,1,0,0,1,0,0,0,0,0
maxence lacroix|2000,13046.0,6,0.04746412336215349,0.05080666726089669,0.0683866832258323,0.028883183568677796,0.6905786629806484,0.17815455122481255,0.3100837306197669,2.650134209366612,1.85569488401907,1.3724485248239593,5.400024037498498,1.3448980409438724,1.7329910141206677,0.0,,1,Maxence Lacroix,Chelsea,Premier League,26.0,2000.0,DF,2026-2027,2024-2025,100.0,exact,Maxence Lacroix,Crystal Palace,2000-04-06,50.0,26.5,2.754277891854894,CB,DF,Maxence Lacroix,39.08,22.13,54.36,-10.92,-0.241,-21.4,0,0,0,1,0,0,1,0,0,0,0,0,0
maxim de cuyper|2000,1839.0,2,0.14937759336099585,0.2517289073305671,,,0.8268551236749117,0.3816254416961131,,,,0.627939142461964,,,,,,0,Maxim De Cuyper,Brighton,Premier League,25.0,2000.0,"DF,MF",2026-2027,,100.0,exact,Maxim De Cuyper,Brighton & Hove Albion,2000-12-22,22.0,25.8,3.753593429158111,FULLBACK,"DF,MF",Maxim De Cuyper,22.28,9.53,30.64,0.28,0.0122,1.2,0,0,0,1,0,0,0,0,0,1,0,0,0
maxim leitsch|1998,3416.0,5,0.06332676611314382,0.0,0.09114414996767937,0.026706231454005937,0.485505206867436,0.10159777700590483,0.5235940530058177,2.9040077569489338,1.4107950872656756,1.701379116239797,4.562055591467356,1.3138332255979317,2.537091988130564,0.0,,1,Maxim Leitsch,Mainz 05,Bundesliga,27.0,1998.0,DF,2025-2026,2024-2025,100.0,exact,Maxim Leitsch,1.FSV Mainz 05,1998-05-18,0.8,28.4,0.0,CB,DF,Maxim Leitsch,2.87,1.41,7.32,2.07,0.7649,114.9,1,0,0,0,0,0,1,0,0,0,0,0,0
maxime dupe|1993,4140.0,2,0.0,0.0,0.0,,0.015337423312883436,0.0,0.0,0.0,0.0,0.0,0.23684210526315788,0.0,,2.914110429447853,,0,Maxime Dupé,Nice,Ligue 1,32.0,1993.0,GK,2025-2026,,100.0,exact,Maxime Dupé,OGC Nice,1993-03-04,0.7,33.6,1.754962354551677,GK,GK,Maxime Dupé,1.66,1.11,3.08,0.96,0.4485,56.6,0,0,1,0,0,0,0,0,0,0,1,0,0
maxime esteve|2002,8937.0,5,0.009365894269460245,0.009365894269460245,0.025611995104039168,,0.34680820125054534,0.030695770804911326,0.7600979192166464,2.327111383108935,1.544981640146879,1.3611766338282223,4.246634026927785,1.3990208078335373,,0.0,,0,Maxime Estève,RB Leipzig,Bundesliga,24.0,2002.0,DF,2026-2027,,100.0,exact,Maxime Estève,Burnley FC,2002-05-26,28.0,24.3,3.753593429158111,CB,DF,Maxime Estève,11.31,7.57,31.58,-16.69,-0.8572,-57.6,1,0,0,0,0,0,1,0,0,0,0,0,0
maxime lopez|1997,8516.0,5,0.0053911585000599015,0.0983886426260932,0.034164859002169194,,0.5615868506493505,0.2755102040816326,1.9801673380849087,7.376820576386737,1.840718933994422,0.7844135617587157,0.8192593740316083,0.7739386427022003,,0.0,,0,Maxime Lopez,Paris FC,Ligue 1,28.0,1997.0,MF,2026-2027,,100.0,exact,Maxime Lopez,Paris FC,1997-12-04,5.0,28.8,0.7529089664613279,CM,MF,Maxime Lopez,8.85,3.36,13.27,3.85,0.4956,64.2,0,0,1,0,0,0,0,0,1,0,0,0,0
maximilian arnold|1994,12482.0,5,0.0920579687977975,0.138517130620985,0.06053010067803575,0.1337011884550085,0.931764301009483,0.3485401166621138,0.5892747072118347,4.984179165810561,1.584138072734744,0.9808045273784031,2.323813437435792,0.9073351140332853,0.534804753820034,0.0,,1,Maximilian Arnold,Wolfsburg,Bundesliga,31.0,1994.0,MF,2025-2026,2024-2025,100.0,exact,Maximilian Arnold,VfL Wolfsburg,1994-05-27,3.0,32.3,1.754962354551677,CM,MF,Maximilian Arnold,5.31,2.9,16.03,2.31,0.4563,57.8,1,0,0,0,0,0,0,0,1,0,0,0,0
maximilian beier|2002,6305.0,4,0.46058469580015804,0.23630948763143497,0.4296210818830512,0.18667504714016342,2.4973668812170855,0.8310204081632654,1.824882839177637,1.481525092433413,1.0703435932458847,0.41463562876071236,0.6146527565174388,0.813885029319643,1.301068510370836,0.0,,1,Maximilian Beier,Dortmund,Bundesliga,23.0,2002.0,"MF,FW",2026-2027,2024-2025,100.0,exact,Maximilian Beier,Borussia Dortmund,2002-10-17,40.0,23.9,2.754277891854894,CAM,"MF,FW",Maximilian Beier,24.89,13.03,48.09,-15.11,-0.4598,-36.9,1,0,0,0,0,1,0,0,0,0,0,0,0
maximilian eggestein|1996,13824.0,6,0.08606928685448036,0.03170973726217697,0.061199188519047265,0.04745166959578207,1.1554210837617727,0.35492388068086056,1.088736944924487,4.478924036366369,1.7277781952062514,1.0910738168169463,1.4212187241716134,1.36711999398903,1.898066783831283,0.0,,1,Maximilian Eggestein,Freiburg,Bundesliga,29.0,1996.0,MF,2026-2027,2024-2025,100.0,exact,Maximilian Eggestein,SC Freiburg,1996-12-08,10.0,29.8,,CDM,MF,Maximilian Eggestein,10.32,5.19,22.36,0.32,0.0288,2.9,1,0,0,0,0,0,0,1,0,0,0,0,0
maximilian mittelstadt|1997,9447.0,6,0.13452914798206278,0.1978369823265629,0.0338340056647498,0.17132442284325639,0.9800140436190617,0.42102831400973156,2.581580980173375,5.852201527765856,3.313878637026864,1.7603095049679063,3.1547506651789545,1.631447944382456,0.8748481166464156,0.0,,1,Maximilian Mittelstädt,Stuttgart,Bundesliga,29.0,1997.0,"DF,MF",2026-2027,2024-2025,100.0,exact,Maximilian Mittelstädt,VfB Stuttgart,1997-03-18,18.0,29.5,1.754962354551677,FULLBACK,"DF,MF",Maximilian Mittelstädt,19.46,6.13,33.46,1.45,0.0738,7.7,1,0,0,0,0,0,0,0,0,1,0,0,0
maximilian philipp|1994,1890.0,5,0.17272400143936667,0.08636200071968335,0.19964303926568078,0.0,1.9863260165527166,0.0,0.9064252932177461,1.755481896991331,1.6292707802141766,0.34544800287873334,0.6540030596634371,1.4571647118816928,0.0,0.0,,1,Maximilian Philipp,Freiburg,Bundesliga,31.0,1994.0,"MF,FW",2025-2026,2024-2025,100.0,exact,Maximilian Philipp,SC Freiburg,1994-03-01,0.5,32.6,,CAM,"MF,FW",Maximilian Philipp,0.9,0.5,2.01,0.4,0.2376,26.8,1,0,0,0,0,1,0,0,0,0,0,0,0
maximilian wober|1998,3369.0,3,0.0633976441122373,0.09509646616835596,0.0548868560423688,,0.7607717293468478,0.0,1.3107847857486759,5.134809821858449,2.5962927298988925,1.7997886745196259,4.817043813192104,2.10519980741454,,0.0,,0,Maximilian Wöber,Werder Bremen,Bundesliga,27.0,1998.0,DF,2025-2026,,100.0,exact,Maximilian Wöber,SV Werder Bremen,1998-02-04,3.0,28.6,0.7529089664613279,CB,DF,Maximilian Wöber,2.35,1.31,6.23,-0.65,-0.1777,-16.3,1,0,0,0,0,0,1,0,0,0,0,0,0
maximo perrone|2003,6490.0,4,0.050594122704525915,0.1259892859504861,0.03135645710746361,0.10662358642972537,0.5261123216419484,0.22768708925164297,0.7339733663672964,4.589656240322082,2.0253948590895012,0.9057340005731795,1.737379993806132,1.0173428305977081,0.5331179321486268,0.0,,1,Máximo Perrone,Como,Serie A,23.0,2003.0,MF,2026-2027,2024-2025,100.0,exact,Máximo Perrone,Como 1907,2003-01-07,35.0,23.7,2.754277891854894,CDM,MF,Máximo Perrone,23.32,7.6,34.36,-11.68,-0.3923,-32.5,0,0,0,0,1,0,0,1,0,0,0,0,0
maxwel cornet|1996,2622.0,5,0.39647577092511016,0.11221012384672928,0.35102244389027437,0.16981132075471697,2.386335300473776,1.0700325732899023,2.2713216957605984,1.3915211970074812,1.714713216957606,0.5685312941567617,0.9516209476309228,0.7810473815461346,1.1320754716981132,0.0,,1,Maxwel Cornet,Genoa,Serie A,28.0,1996.0,"FW,MF",2025-2026,2024-2025,100.0,exact,Maxwel Cornet,Genoa CFC,1996-09-27,2.0,30.0,0.7529089664613279,ST,"FW,MF",Maxwel Cornet,2.7,1.61,6.97,0.7,0.2098,23.3,0,0,0,0,1,0,0,0,0,0,0,1,0
mbala nzola|1996,8258.0,5,0.2932385491558284,0.08360933839567009,0.3948168524685102,0.08013698630136987,2.2986509411099445,0.8437813161117915,1.50592566547395,1.5319861837887028,0.42441415541169414,0.16237175862347525,0.7818155494425945,0.6012533868332333,2.3424657534246576,0.0,,1,M'Bala Nzola,Sassuolo,Serie A,28.0,1996.0,FW,2025-2026,2024-2025,100.0,exact,M'Bala Nzola,US Sassuolo,1996-08-18,4.0,30.1,0.7529089664613279,ST,FW,M'Bala Nzola,4.49,3.07,12.43,0.49,0.0936,9.8,0,0,0,0,1,0,0,0,0,0,0,1,0
mbwana samatta|1992,1969.0,2,0.19163261782816368,0.04402370950106463,,,2.4513618677042803,0.933852140077821,,,,0.27968003683029297,,,,,,0,Mbwana Samatta,Le Havre,Ligue 1,33.0,1992.0,FW,2026-2027,,80.0,surname,Ally Samatta,Le Havre AC,1992-12-23,0.7,33.8,0.7529089664613279,ST,FW,Mbwana Samatta,1.01,0.81,2.07,0.31,0.1672,18.2,0,0,1,0,0,0,0,0,0,0,0,1,0
medon berisha|2003,1792.0,3,0.11787365177195686,0.2218798151001541,0.08795839684389849,0.07541899441340781,2.5585516178736523,0.6083350611652498,1.5816372276517525,4.914372814489375,1.4767327176544427,0.821648690292758,0.5245225499865508,0.774679458441675,0.8798882681564245,0.0,,1,Medon Berisha,Lecce,Serie A,21.0,2003.0,MF,2025-2026,2024-2025,100.0,exact,Medon Berisha,US Lecce,2003-10-21,5.0,22.9,1.754962354551677,CAM,MF,Medon Berisha,10.29,5.01,21.41,5.29,0.6323,88.2,0,0,0,0,1,1,0,0,0,0,0,0,0
mehdi leris|1998,4360.0,2,0.07869955156950674,0.11300448430493273,0.12439024390243902,,1.1603139013452917,0.3315789473684211,2.048780487804878,2.2682926829268295,2.304878048780488,1.0614349775784755,1.2439024390243902,1.3902439024390245,,0.0,,0,Mehdi Léris,Pisa,Serie A,27.0,1998.0,MF,2025-2026,,100.0,exact,Mehdi Léris,Pisa Sporting Club,1998-05-23,1.8,28.4,0.7529089664613279,CDM,MF,Mehdi Léris,2.31,1.46,7.39,0.51,0.1678,18.3,0,0,0,0,1,0,0,1,0,0,0,0,0
melvin bard|2000,12202.0,6,0.0593731925968768,0.042293233082706765,0.050587634133878394,0.08823529411764706,0.6160244693946063,0.25814969950828626,2.250743935796087,3.910397066338033,2.5807809071508014,1.5404496818970503,2.0370314707385253,1.5541495085515045,1.1145510835913313,0.0,,1,Melvin Bard,Nice,Ligue 1,25.0,2000.0,"DF,MF",2026-2027,2024-2025,100.0,exact,Melvin Bard,OGC Nice,2000-11-06,10.0,25.9,1.754962354551677,FULLBACK,"DF,MF",Melvin Bard,11.85,5.98,30.79,1.85,0.1553,16.8,0,0,1,0,0,0,0,0,0,1,0,0,0
mergim vojvoda|1995,8914.0,6,0.05021904049577945,0.1260818463511059,0.03940876572650275,0.1185510428100988,0.7788244309098836,0.2341671101649814,1.7576679549379162,5.667091522078776,1.2766219883233287,0.699861096270969,1.9519365183784227,0.9102869829783735,0.6915477497255763,0.0,,1,Mërgim Vojvoda,Udinese,Serie A,31.0,1995.0,"MF,DF",2026-2027,2024-2025,100.0,exact,Mërgim Vojvoda,Como 1907,1995-02-01,2.5,31.7,1.754962354551677,CM,"MF,DF",Mërgim Vojvoda,3.76,1.75,9.13,1.26,0.3081,36.1,0,0,0,0,1,0,0,0,1,0,0,0,0
merlin rohl|2002,3439.0,4,0.07235723802085726,0.10130013322920017,0.0989240653301339,0.15854922279792746,1.3049229651916794,0.19951704208067772,2.285006579456614,2.187475810821271,1.382846969579689,0.5106353654614784,0.7802461490827464,1.2539670253115567,1.3056994818652852,0.0,,1,Merlin Röhl,Everton,Premier League,24.0,2002.0,MF,2026-2027,2024-2025,100.0,exact,Merlin Röhl,Everton FC,2002-07-05,16.0,24.2,2.754277891854894,CAM,MF,Merlin Röhl,13.09,8.91,34.05,-2.91,-0.1877,-17.1,0,0,0,1,0,1,0,0,0,0,0,0,0
mert komur|2005,2346.0,4,0.16943140892720726,0.19889774091454768,0.15150564617314932,0.20642201834862386,2.309299895506792,0.978436657681941,2.7948557089084063,1.6844416562107902,0.6210790464240904,0.4297173414820474,0.9410288582183187,1.1010037641154329,1.5137614678899083,0.0,,1,Mert Kömür,Augsburg,Bundesliga,21.0,2005.0,"MF,FW",2026-2027,2024-2025,100.0,exact,Mert Kömür,FC Augsburg,2005-07-17,12.0,21.2,2.754277891854894,CAM,"MF,FW",Mert Kömür,14.14,9.86,34.05,2.14,0.1526,16.5,1,0,0,0,0,1,0,0,0,0,0,0,0
michael amir murillo|1996,4423.0,3,0.11589259923086292,0.11589259923086294,0.05910857480198751,0.12187115305703732,0.5888596933892494,0.15960737410813708,1.3570620357160426,4.7264721798593,1.868450828946721,0.6812605495327753,2.6919860284350867,0.783686722093767,1.5510874025441115,0.0,,1,Michael Amir Murillo,Marseille,Ligue 1,29.0,1996.0,"DF,MF",2025-2026,2024-2025,90.0,fuzzy,Amir Murillo,Olympique Marseille,1996-02-11,7.0,30.6,1.754962354551677,FULLBACK,"DF,MF",Michael Amir Murillo,3.54,1.76,9.65,-3.46,-0.5659,-43.2,0,0,1,0,0,0,0,0,0,1,0,0,0
michael folorunsho|1998,5772.0,4,0.0960071296433828,0.010937521098613229,0.13685389285082808,0.07883211678832117,1.543796104068201,0.4029099048684947,1.7849354629575058,2.0130252843755527,1.9520245181823537,0.5444454946865251,1.429539694701479,1.3844521718630283,2.364963503649635,0.0,,1,Michael Folorunsho,Monza,Serie A,28.0,1998.0,"MF,FW",2026-2027,2024-2025,100.0,exact,Michael Folorunsho,Cagliari Calcio,1998-02-07,5.0,28.6,2.754277891854894,CM,"MF,FW",Michael Folorunsho,3.63,2.56,11.81,-1.37,-0.2596,-22.9,0,0,0,0,1,0,0,0,1,0,0,0,0
michael gregoritsch|1994,7065.0,6,0.4926218256691832,0.15905971173644476,0.40498661402417585,0.05633802816901409,3.0582857142857143,0.9367131106261541,0.7836880391573596,2.521431082506287,0.8007247356607804,0.3644474948524365,1.1706644311636334,0.8031585494469834,4.366197183098592,0.0,,1,Michael Gregoritsch,Augsburg,Bundesliga,32.0,1994.0,FW,2026-2027,2024-2025,100.0,exact,Michael Gregoritsch,FC Augsburg,1994-04-18,1.5,32.4,0.7529089664613279,ST,FW,Michael Gregoritsch,3.31,1.97,5.34,1.81,0.5451,72.5,1,0,0,0,0,0,0,0,0,0,0,1,0
michael kayode|2004,6266.0,4,0.04687340783261438,0.03974049794504263,0.027961682139290605,0.19236641221374048,0.27844169709911065,0.07182986181749895,1.997263009949329,3.2621962495839036,2.366756666789955,1.0617845861213955,2.5032363058031586,1.0086178200244111,1.5114503816793894,0.0,,1,Michael Kayode,Brentford,Premier League,22.0,2004.0,DF,2026-2027,2024-2025,100.0,exact,Michael Kayode,Brentford FC,2004-07-10,40.0,22.2,5.754962354551677,CB,DF,Michael Kayode,30.4,19.2,50.36,-9.6,-0.2667,-23.4,0,0,0,1,0,0,1,0,0,0,0,0,0
michael keane|1993,7856.0,5,0.13722554890219563,0.03867265469061876,0.07367334590881588,0.008579599618684462,0.9393712574850299,0.266798418972332,0.24664554934690539,1.9891803395380292,1.1083033775847957,1.342315369261477,4.926504609032993,1.130725700252696,2.23069590085796,0.0,,1,Michael Keane,Everton,Premier League,32.0,1993.0,DF,2025-2026,2024-2025,100.0,exact,Michael Keane,Everton FC,1993-01-11,3.0,33.7,0.7529089664613279,CB,DF,Michael Keane,4.55,2.18,5.33,1.55,0.3269,38.7,0,0,0,1,0,0,1,0,0,0,0,0,0
michael olise|2001,10119.0,6,0.5184131040892193,0.5724326208178439,0.30106839084433995,0.46272493573264784,3.37814763001975,1.7015233668990446,4.393887006431091,6.044706451835974,1.5138994537030637,0.5428090148698884,0.6005808726920685,1.1700435654519052,0.4241645244215938,0.0,,1,Michael Olise,Bayern Munich,Bundesliga,24.0,2001.0,MF,2026-2027,2024-2025,100.0,exact,Michael Olise,Bayern Munich,2001-12-12,150.0,24.8,2.754277891854894,CAM,MF,Michael Olise,97.86,37.9,121.17,-52.14,-0.4236,-34.5,1,0,0,0,0,1,0,0,0,0,0,0,0
michael zetterer|1995,7618.0,4,0.0,0.0,0.001297868931261016,0.0,0.008437324222412033,0.0,0.0,0.09517705495914115,0.03893606793783047,0.028124414074706776,0.28553116487742347,0.01874699567377023,0.23529411764705882,3.0589987708589406,-0.03235294117647059,1,Michael Zetterer,Eint Frankfurt,Bundesliga,30.0,1995.0,GK,2025-2026,2024-2025,100.0,exact,Michael Zetterer,SV Werder Bremen,1995-07-12,4.0,31.2,2.754277891854894,GK,GK,Michael Zetterer,4.6,2.36,8.44,0.6,0.114,12.1,1,0,0,0,0,0,0,0,0,0,1,0,0
michel aebischer|1997,8127.0,6,0.021253300702002965,0.04154054228118761,0.053889384946688386,0.04972375690607736,0.7159395703904083,0.23046981698989347,0.9737906402647198,4.306423656704658,1.5055937811859867,0.8317769047465704,0.7728872314722413,0.902883554808551,0.6215469613259669,0.0,,1,Michel Aebischer,Union Berlin,Bundesliga,29.0,1997.0,MF,2026-2027,2024-2025,100.0,exact,Michel Aebischer,Pisa Sporting Club,1997-01-06,4.0,29.7,2.754277891854894,CM,MF,Michel Aebischer,4.67,3.14,14.71,0.67,0.1259,13.4,1,0,0,0,0,0,0,0,1,0,0,0,0
michel ndary adopo|2000,6282.0,5,0.028581106829825974,0.09145954185544311,0.042031054792075674,0.0859277708592777,0.7950343988393317,0.2586362379309101,0.795109762627164,4.03980010708549,2.104229876851687,0.8983994580175299,0.971800820988756,0.7228270569337855,1.0834371108343712,0.0,,1,Michel Ndary Adopo,Cagliari,Serie A,26.0,2000.0,MF,2026-2027,2024-2025,80.0,surname,Michel Adopo,Cagliari Calcio,2000-07-19,7.0,26.2,2.754277891854894,CDM,MF,Michel Ndary Adopo,9.84,3.34,23.42,2.84,0.3036,35.5,0,0,0,0,1,0,0,1,0,0,0,0,0
michele di gregorio|1997,11827.0,4,0.0,0.003564554074285307,0.0,0.015151515151515152,0.0,0.0,0.0,0.009986684420772303,0.009986684420772303,0.029942254223996576,0.40168664003550825,0.01553484243231247,0.21212121212121213,2.5921437228202753,-0.11818181818181817,1,Michele Di Gregorio,Juventus,Serie A,28.0,1997.0,GK,2025-2026,2024-2025,100.0,exact,Michele Di Gregorio,Juventus FC,1997-07-27,10.0,29.2,2.754277891854894,GK,GK,Michele Di Gregorio,13.99,5.04,22.86,3.99,0.3098,36.3,0,0,0,0,1,0,0,0,0,0,1,0,0
micky van de ven|2001,9914.0,6,0.08304804790949608,0.04152402395474804,0.03583700529571088,0.1064039408866995,0.44657065759950976,0.17752573506749675,0.9022921130290658,4.002102114241824,1.4625864090229213,0.7000950438770519,3.2107773780167363,1.0896632574685694,1.6847290640394088,0.0,,1,Micky van de Ven,Tottenham,Premier League,25.0,2001.0,DF,2026-2027,2024-2025,100.0,exact,Micky van de Ven,Tottenham Hotspur,2001-04-19,50.0,25.4,2.754277891854894,CB,DF,Micky van de Ven,48.78,24.54,54.1,-1.22,-0.0242,-2.4,0,0,0,1,0,0,1,0,0,0,0,0,0
miguel angel rubio|1998,1766.0,2,0.13339413977881656,0.0,0.046153846153846156,,0.590012541329381,0.4368932038834952,0.40384615384615385,1.5576923076923077,1.153846153846154,1.3801162923269867,4.269230769230769,1.7884615384615385,,0.0,,0,Miguel Ángel Rubio,Espanyol,La Liga,27.0,1998.0,DF,2025-2026,,80.0,surname,Miguel Rubio,RCD Espanyol Barcelona,1998-03-11,1.5,28.6,1.754962354551677,CB,DF,Miguel Ángel Rubio,2.12,1.3,4.85,0.62,0.2211,24.7,0,1,0,0,0,0,1,0,0,0,0,0,0
miguel gutierrez|2001,9980.0,6,0.06746886052591113,0.19202675688143933,0.06275100401606425,0.1501220504475183,0.9370361207323108,0.3175545851528384,2.394578313253012,4.1591365461847385,1.2060742971887548,0.5700253729048133,1.5687751004016064,0.7266566265060241,0.1464605370219691,0.0,,1,Miguel Gutiérrez,Leverkusen,Bundesliga,25.0,2001.0,"MF,DF",2026-2027,2024-2025,100.0,exact,Miguel Gutiérrez,SSC Napoli,2001-07-27,22.0,25.2,3.753593429158111,CAM,"MF,DF",Miguel Gutiérrez,18.26,8.52,36.65,-3.74,-0.1774,-16.3,1,0,0,0,0,1,0,0,0,0,0,0,0
miguel roman|2002,1889.0,2,0.09838390403876267,0.10636097733920288,,,0.6178489702517163,0.13729977116704806,,,,0.6488019617691375,,,,,,0,Miguel Román,Celta Vigo,La Liga,23.0,2002.0,MF,2026-2027,,100.0,exact,Miguel Román,Celta de Vigo,2002-12-26,15.0,23.8,1.754962354551677,CM,MF,Miguel Román,8.25,3.14,20.7,-6.75,-0.5476,-42.2,0,1,0,0,0,0,0,0,1,0,0,0,0
mihailo ristic|1995,3293.0,4,0.008672191173636538,0.08238581614954713,0.020237010027347308,0.04195804195804195,0.7328001541722876,0.0,2.3299908842297175,3.0191431175934365,1.7174111212397445,0.7978415879745617,2.9371011850501367,0.6891522333637191,0.6293706293706294,0.0,,1,Mihailo Ristić,Celta Vigo,La Liga,29.0,1995.0,"DF,MF",2025-2026,2024-2025,100.0,exact,Mihailo Ristic,Celta de Vigo,1995-10-31,0.8,30.9,,FULLBACK,"DF,MF",Mihailo Ristić,0.92,0.74,2.88,0.12,0.0657,6.8,0,1,0,0,0,0,0,0,0,1,0,0,0
mika biereth|2003,2302.0,2,0.5338671030331367,0.15779323242358717,0.8281758957654723,0.32980456026058635,2.2169949155514,1.0651043188592135,1.0260586319218241,1.7589576547231272,0.36644951140065146,0.1367541347671089,0.5130293159609121,0.8061889250814332,1.3192182410423454,,,1,Mika Biereth,Monaco,Ligue 1,22.0,2003.0,FW,2025-2026,2024-2025,100.0,exact,Mika Biereth,AS Monaco,2003-02-08,15.0,23.6,3.753593429158111,ST,FW,Mika Biereth,17.86,14.08,40.43,2.86,0.1646,17.9,0,0,1,0,0,0,0,0,0,0,0,1,0
mikael ellertsson|2002,5847.0,4,0.043588934943233015,0.043588934943233015,0.04040649173365691,0.05829959514170041,0.8155842207889604,0.17511276200583709,1.2121947520097074,1.3186713180646141,2.113150310935841,0.5159713461885026,2.8038829061125434,1.5179736083725162,0.5829959514170041,0.0,,1,Mikael Ellertsson,Genoa,Serie A,24.0,2002.0,MF,2026-2027,2024-2025,95.0,fuzzy,Mikael Egill Ellertsson,Genoa CFC,2002-03-11,6.0,24.6,2.754277891854894,CM,MF,Mikael Ellertsson,6.91,4.13,19.97,0.91,0.1219,13.0,0,0,0,0,1,0,0,0,1,0,0,0,0
mike maignan|1995,14506.0,6,0.0,0.009798051276468347,0.0,0.02185792349726776,0.0,0.0,0.0,0.06479323514697448,0.01976742767195832,0.020208480757715964,0.3744829353409881,0.02416018937683794,0.1092896174863388,2.739113417604082,-0.032786885245901634,1,Mike Maignan,Milan,Serie A,31.0,1995.0,GK,2026-2027,2024-2025,100.0,exact,Mike Maignan,AC Milan,1995-07-03,20.0,31.2,4.7529089664613275,GK,GK,Mike Maignan,9.84,3.8,16.41,-10.16,-0.6611,-48.4,0,0,0,0,1,0,0,0,0,0,1,0,0
mike penders|2005,2970.0,1,0.0,0.0,,,0.0,0.0,,,,0.0,,,,3.2424242424242427,,0,Mike Penders,Strasbourg,Ligue 1,20.0,2005.0,GK,2025-2026,,100.0,exact,Mike Penders,RC Strasbourg Alsace,2005-07-31,25.0,21.2,5.754962354551677,GK,GK,Mike Penders,23.98,11.34,32.0,-1.02,-0.0402,-3.9,0,0,1,0,0,0,0,0,0,0,1,0,0
mikel jauregizar|2003,5439.0,4,0.06512458091126173,0.014110325864106708,0.04215387638793358,0.05614973262032085,1.0915609346792443,0.33881421493162905,0.5895647047263438,4.654613343814484,3.219023287805837,1.4251429122747776,1.4326422324850154,1.0523729979365237,1.3636363636363635,0.0,,1,Mikel Jauregizar,Athletic Club,La Liga,22.0,2003.0,MF,2026-2027,2024-2025,100.0,exact,Mikel Jauregizar,Athletic Bilbao,2003-11-13,30.0,22.9,4.7529089664613275,CDM,MF,Mikel Jauregizar,20.28,9.57,35.35,-9.72,-0.3764,-31.4,0,1,0,0,0,0,0,1,0,0,0,0,0
mikel merino|1996,10488.0,5,0.251211652160674,0.17470628536628688,0.2008626605234781,0.11349306431273642,1.6363013524829355,0.7180224954224431,0.8631506715027938,5.340652877168905,2.673267326732673,0.723946306681215,1.7645328889324574,1.2469365748456034,3.3480453972257247,0.0,,1,Mikel Merino,Arsenal,Premier League,29.0,1996.0,"MF,FW",2025-2026,2024-2025,100.0,exact,Mikel Merino,Arsenal FC,1996-06-22,25.0,30.3,1.754962354551677,CAM,"MF,FW",Mikel Merino,22.29,13.9,30.69,-2.71,-0.1101,-10.4,0,0,0,1,0,1,0,0,0,0,0,0,0
mikel oyarzabal|1997,10476.0,6,0.38887324439438214,0.14652046886550038,0.3909000103330693,0.096,2.0275409080433278,0.9332182687201275,1.3686150242827129,1.4755622911858919,0.981124926807426,0.21225667922137348,0.5579857403644128,0.8555781352254331,1.28,0.0,,1,Mikel Oyarzabal,Real Sociedad,La Liga,29.0,1997.0,FW,2026-2027,2024-2025,100.0,exact,Mikel Oyarzabal,Real Sociedad,1997-04-21,25.0,29.4,1.754962354551677,ST,FW,Mikel Oyarzabal,9.74,6.98,28.66,-15.26,-0.8837,-58.7,0,1,0,0,0,0,0,0,0,0,0,1,0
mikel vesga|1993,6920.0,5,0.0825589279304431,0.04307422326805727,0.1308207665538221,0.09109311740890688,0.7573884257966738,0.11277651935033015,0.8139011860514667,5.984943538268507,2.098671906441609,1.536313963227376,1.9516583414218411,1.1249733671077862,2.2773279352226714,0.0,,1,Mikel Vesga,Athletic Club,La Liga,32.0,1993.0,MF,2025-2026,2024-2025,100.0,exact,Mikel Vesga,Athletic Bilbao,1993-04-08,1.2,33.5,0.7529089664613279,CDM,MF,Mikel Vesga,2.49,1.17,3.6,1.29,0.4602,58.4,0,1,0,0,0,0,0,1,0,0,0,0,0
mikkel damsgaard|2000,7658.0,6,0.0918217832528355,0.21099473598523907,0.10254867325348914,0.2597045688766747,1.1568230462197027,0.3438655323593684,2.0265155191490187,6.759128054816856,2.7060970165188194,0.9397080371194444,1.008016771162917,1.5006696818525924,0.37100652696667813,0.0,,1,Mikkel Damsgaard,Brentford,Premier League,26.0,2000.0,MF,2026-2027,2024-2025,100.0,exact,Mikkel Damsgaard,Brentford FC,2000-07-03,30.0,26.2,3.753593429158111,CAM,MF,Mikkel Damsgaard,49.44,29.04,60.05,19.44,0.4869,62.7,0,0,0,1,0,1,0,0,0,0,0,0,0
milan uric|1990,7990.0,5,0.23706297138556684,0.08981888977962468,0.21392792150535617,0.06436931079323797,1.8096297629370288,0.7377579636154457,0.16040372962122207,1.3271298050766374,0.13338836463238465,0.06478739590661454,1.335572106635649,0.36808434797290956,9.772431729518855,0.0,,1,Milan Đurić,Cremonese,Serie A,35.0,1990.0,FW,2025-2026,2024-2025,90.9090909090909,fuzzy,Milan Djuric,US Cremonese,1990-05-22,1.0,36.4,0.7529089664613279,ST,FW,Milan Đurić,1.04,0.76,2.14,0.04,0.0193,1.9,0,0,0,0,1,0,0,0,0,0,0,1,0
mile svilar|1999,8910.0,5,0.0,0.0,0.0,0.0,0.01007751937984496,0.0,0.0,0.04037267080745341,0.0,0.012230215827338128,0.27795031055900615,0.0,0.15789473684210525,3.0209302325581393,0.22368421052631576,1,Mile Svilar,Roma,Serie A,27.0,1999.0,GK,2026-2027,2024-2025,100.0,exact,Mile Svilar,Associazione Sportiva Roma,1999-08-27,35.0,27.1,3.753593429158111,GK,GK,Mile Svilar,16.13,6.44,28.98,-18.87,-0.7429,-52.4,0,0,0,0,1,0,0,0,0,0,1,0,0
milos kerkez|2003,7948.0,4,0.05038864575848909,0.07642277940037512,0.02739860551900225,0.10521582733812948,0.492223551529653,0.10900816031907216,2.639693606992046,3.628105666306589,1.6188745949130905,0.8901994083999738,2.825297063733674,1.1386624766768143,0.7553956834532374,0.0,,1,Milos Kerkez,Liverpool,Premier League,22.0,2003.0,DF,2026-2027,2024-2025,100.0,exact,Milos Kerkez,Liverpool FC,2003-11-07,35.0,22.9,3.753593429158111,CB,DF,Milos Kerkez,41.3,23.82,49.95,6.3,0.1614,17.5,0,0,0,1,0,0,1,0,0,0,0,0,0
mio backhaus|2004,3240.0,2,0.0,0.0,,,0.0,0.0,,,,0.0,,,,3.125,,0,Mio Backhaus,Freiburg,Bundesliga,22.0,2004.0,GK,2026-2027,,100.0,exact,Mio Backhaus,SV Werder Bremen,2004-04-16,15.0,22.5,,GK,GK,Mio Backhaus,9.35,3.16,16.09,-5.65,-0.4357,-35.3,1,0,0,0,0,0,0,0,0,0,1,0,0
miro muheim|1998,2435.0,1,0.0,0.14784394250513347,,,0.8870636550308008,0.2587268993839836,,,,0.9979466119096508,,,,,,0,Miro Muheim,Hamburger SV,Bundesliga,27.0,1998.0,"MF,DF",2025-2026,,100.0,exact,Miro Muheim,Hamburger SV,1998-03-24,5.0,28.5,0.7529089664613279,CM,"MF,DF",Miro Muheim,3.13,1.79,5.84,-1.87,-0.3724,-31.1,1,0,0,0,0,0,0,0,1,0,0,0,0
mitchel bakker|2000,5033.0,5,0.19103288378016522,0.12931456748195802,0.14798162126681982,0.20930232558139536,1.3137184469189824,0.76741440377804,2.608139153265507,3.7896291434197575,1.5388907121759108,0.8934461026026189,1.2789629143419756,0.8890712175910732,0.3100775193798449,0.0,,1,Mitchel Bakker,Atalanta,Serie A,25.0,2000.0,"DF,MF",2025-2026,2024-2025,100.0,exact,Mitchel Bakker,Atalanta BC,2000-06-20,2.5,26.3,0.7529089664613279,FULLBACK,"DF,MF",Mitchel Bakker,6.11,2.69,15.97,3.61,0.7089,103.2,0,0,0,0,1,0,0,0,0,1,0,0,0
mohamed ali cho|2004,6822.0,5,0.17587977761282209,0.18133341412794837,0.2085633892546188,0.22208513263417645,1.9087727802941932,0.7886748158342103,4.536791250796347,2.635113612231896,0.9508388192822254,0.2658647801124055,0.422860479932045,1.060734763219367,0.7217766810610732,0.0,,1,Mohamed Ali Cho,Nice,Ligue 1,21.0,2004.0,"FW,MF",2025-2026,2024-2025,100.0,exact,Mohamed-Ali Cho,OGC Nice,2004-01-19,15.0,22.7,1.754962354551677,WINGER,"FW,MF",Mohamed Ali Cho,21.31,8.1,39.08,6.31,0.3325,39.5,0,0,1,0,0,0,0,0,0,0,0,0,1
mohamed amine sbai|2000,1818.0,1,0.1485148514851485,0.04950495049504951,,,1.6831683168316833,0.7920792079207921,,,,0.19801980198019803,,,,,,0,Mohamed Amine Sbai,Angers,Ligue 1,24.0,2000.0,"MF,FW",2025-2026,,90.0,fuzzy,Amine Sbaï,Angers SCO,2000-11-05,4.0,25.9,0.7529089664613279,CAM,"MF,FW",Mohamed Amine Sbai,3.02,1.68,9.29,-0.98,-0.2176,-19.6,0,0,1,0,0,1,0,0,0,0,0,0,0
mohamed amoura|2000,4573.0,3,0.3761288248531432,0.22094280620744075,0.31738954195379,0.1459262261856506,2.739203017281355,0.9014746344328687,2.9550060802594245,2.2253749493311714,1.0579651398459669,0.3366747523161002,0.8755573571139035,1.532225374949331,0.6931495743818403,,,1,Mohamed Amoura,Nice,Ligue 1,26.0,2000.0,"FW,MF",2026-2027,2024-2025,100.0,exact,Mohamed Amoura,VfL Wolfsburg,2000-05-09,20.0,26.4,2.754277891854894,WINGER,"FW,MF",Mohamed Amoura,9.66,5.83,22.88,-10.34,-0.678,-49.2,0,0,1,0,0,0,0,0,0,0,0,0,1
mohamed bamba|2001,1820.0,2,0.36682542590217987,0.2514196739329548,0.5061511423550088,,2.2833852353910973,0.7917888563049854,1.9771528998242534,1.265377855887522,1.1072056239015817,0.21432496794284667,0.23725834797891038,0.5536028119507909,,0.0,,0,Mohamed Bamba,Lorient,Ligue 1,23.0,2001.0,FW,2025-2026,,100.0,exact,Mohamed Bamba,FC Lorient,2001-12-10,2.0,24.8,1.754962354551677,ST,FW,Mohamed Bamba,6.52,3.5,18.22,4.52,0.9191,150.7,0,0,1,0,0,0,0,0,0,0,0,1,0
mohamed kaba|2001,3471.0,3,0.0,0.0662696264212236,0.07238209869788816,0.0,1.009637249593936,0.4530246054540609,0.8124521282416018,3.811139074296969,2.560455192034139,0.9414185165132647,1.216216216216216,1.6790677316993106,1.592920353982301,0.0,,1,Mohamed Kaba,Lecce,Ligue 1,23.0,2001.0,MF,2025-2026,2024-2025,100.0,exact,Mohamed Kaba,US Lecce,2001-10-27,2.5,24.9,0.7529089664613279,CDM,MF,Mohamed Kaba,2.97,1.67,12.71,0.47,0.1265,13.5,0,0,1,0,0,0,0,1,0,0,0,0,0
mohamed salah|1992,14103.0,5,0.5748890754287085,0.38062117759923253,0.6823922440549417,0.37911598932067636,3.283127473318143,1.0904675923043397,3.792873830457208,4.249968962676206,0.5739083326749658,0.1640484470560019,0.10563976389061318,0.45303206437705257,0.24028478196380895,0.0,,1,Mohamed Salah,Liverpool,Premier League,33.0,1992.0,FW,2025-2026,2024-2025,100.0,exact,Mohamed Salah,Liverpool FC,1992-06-15,22.0,34.3,,WINGER,FW,Mohamed Salah,17.13,7.59,20.72,-4.87,-0.238,-21.2,0,0,0,1,0,0,0,0,0,0,0,0,1
mohammed kudus|2000,6735.0,4,0.18182677425833815,0.21053626493070732,0.21782743726127157,0.10772200772200773,2.2138064563266395,0.6415125909813435,3.7380858886945343,2.8063756113233143,1.7333023953164601,0.21478952280809538,0.2971834505408203,0.8626352050833541,0.38223938223938225,0.0,,1,Mohammed Kudus,Tottenham,Premier League,26.0,2000.0,"MF,FW",2026-2027,2024-2025,100.0,exact,Mohammed Kudus,Tottenham Hotspur,2000-08-02,50.0,26.2,4.7529089664613275,CAM,"MF,FW",Mohammed Kudus,33.96,18.09,43.82,-16.04,-0.3776,-31.4,0,0,0,1,0,1,0,0,0,0,0,0,0
mohammed salisu|1999,8083.0,5,0.04754944261486712,0.022189739886937992,0.05551362465190121,0.00879765395894428,0.6641072151876442,0.2444802425850469,0.5949561460583505,5.185956328240898,2.4055904015823857,1.6404557702129159,4.740910392212998,1.6326158811128753,3.0791788856304985,0.0,,1,Mohammed Salisu,Monaco,Ligue 1,26.0,1999.0,DF,2025-2026,2024-2025,100.0,exact,Mohammed Salisu,AS Monaco,1999-04-17,10.0,27.4,1.754962354551677,CB,DF,Mohammed Salisu,13.96,4.92,29.71,3.96,0.3074,36.0,0,0,1,0,0,0,1,0,0,0,0,0,0
moi gomez|1994,7980.0,6,0.06051216089803554,0.08945275958840036,0.07493235273711234,0.09045226130653268,0.7875141384944073,0.1374939054119941,1.519461597169222,5.915492957746478,1.2467910913758413,0.639324134705332,0.6785540831194059,0.5932144591688059,0.7914572864321606,0.0,,1,Moi Gómez,Osasuna,La Liga,32.0,1994.0,MF,2026-2027,2024-2025,100.0,exact,Moi Gómez,CA Osasuna,1994-06-23,1.5,32.3,0.7529089664613279,CM,MF,Moi Gómez,3.23,1.45,8.63,1.73,0.5255,69.1,0,1,0,0,0,0,0,0,1,0,0,0,0
moise bombito|2000,2337.0,2,0.0,0.0,0.02874087591240876,0.008211678832116789,0.3023158166725881,0.037789477084073514,1.1085766423357666,3.9826642335766427,1.519160583941606,0.7790446045024386,4.968065693430657,1.4370437956204383,1.9708029197080292,,,1,Moïse Bombito,Nice,Ligue 1,25.0,2000.0,DF,2025-2026,2024-2025,100.0,exact,Moïse Bombito,OGC Nice,2000-03-30,7.0,26.5,1.754962354551677,CB,DF,Moïse Bombito,2.97,1.55,8.5,-4.03,-0.7014,-50.4,0,0,1,0,0,0,1,0,0,0,0,0,0
moise kean|2000,7531.0,6,0.4237227835491675,0.08538494378824533,0.5975516449885233,0.06539196940726577,3.669915752351097,1.369539551357733,1.6143840856924254,0.9123947972456005,0.4055087987758225,0.24868364878326454,0.7823259372609028,0.42463657230298396,1.7552581261950289,0.0,,1,Moise Kean,Como,Serie A,26.0,2000.0,FW,2026-2027,2024-2025,100.0,exact,Moise Kean,ACF Fiorentina,2000-02-28,32.0,26.6,2.754277891854894,ST,FW,Moise Kean,24.48,11.83,36.81,-7.52,-0.2586,-22.8,0,0,0,0,1,0,0,0,0,0,0,1,0
moises caicedo|2001,12811.0,5,0.05377669228528534,0.05176006632458715,0.025112304913629417,0.08057296329453895,0.6695198189518026,0.15612991062605677,1.0524243967952576,5.721645903765109,2.951998332793034,1.52793026955567,1.401495855138239,1.4786041772796739,0.9400179051029542,0.0,,1,Moisés Caicedo,Chelsea,Premier League,23.0,2001.0,"MF,DF",2025-2026,2024-2025,100.0,exact,Moisés Caicedo,Chelsea FC,2001-11-02,100.0,24.9,6.754277891854894,CDM,"MF,DF",Moisés Caicedo,58.87,24.98,95.6,-41.13,-0.523,-40.7,0,0,0,1,0,0,0,1,0,0,0,0,0
montassar talbi|1998,8684.0,4,0.004983057604145903,0.026908511062387883,0.02168615984405458,,0.36307283595306616,0.06896551724137931,0.4873294346978558,2.673001949317739,1.4790448343079923,1.0434522623081524,4.814814814814816,1.5253411306042886,,0.0,,0,Montassar Talbi,Lorient,Ligue 1,28.0,1998.0,DF,2026-2027,,100.0,exact,Montassar Talbi,FC Lorient,1998-05-26,8.0,28.3,0.7529089664613279,CB,DF,Montassar Talbi,4.27,2.24,13.23,-3.73,-0.5361,-41.5,0,0,1,0,0,0,1,0,0,0,0,0,0
morato|2001,2252.0,2,0.044148199445983374,0.0,0.019845644983461964,0.0,0.2882617728531856,0.12205678670360108,0.09922822491730982,1.8853362734288863,2.183020948180816,0.8232340720221606,7.739801543550166,1.3891951488423375,0.5953693495038589,,,1,Morato,Nott'ham Forest,Premier League,24.0,2001.0,DF,2025-2026,2024-2025,100.0,exact,Morato,Nottingham Forest,2001-06-30,14.0,25.2,2.754277891854894,CB,DF,Morato,7.31,6.4,21.71,-6.69,-0.5907,-44.6,0,0,0,1,0,0,1,0,0,0,0,0,0
morgan gibbs white|2000,12666.0,6,0.2758232875267985,0.2163567989315714,0.198384935992855,0.16054227613271493,2.1192361085056093,0.8253636853448275,2.2026644834772253,4.901012206013695,1.1476629949389698,0.47509928654271955,0.7323608216731169,0.714498362607919,1.2843382090617195,0.0,,1,Morgan Gibbs-White,Nott'ham Forest,Premier League,26.0,2000.0,MF,2026-2027,2024-2025,100.0,exact,Morgan Gibbs-White,Nottingham Forest,2000-01-27,70.0,26.7,1.754962354551677,CAM,MF,Morgan Gibbs-White,54.93,29.52,60.91,-15.07,-0.2385,-21.2,0,0,0,1,0,1,0,0,0,0,0,0,0
morgan guilavogui|1998,2864.0,3,0.2753709520199285,0.06335968807538178,0.3359454259226867,0.09463198671831764,2.1737246832015593,0.6473396570136314,2.17246807766311,2.69826832254679,1.9048451985306978,0.6238492364345282,1.5490641945076087,1.4577575651565504,3.2872163807415604,0.0,,1,Morgan Guilavogui,Lens,Ligue 1,27.0,1998.0,"FW,MF",2025-2026,2024-2025,100.0,exact,Morgan Guilavogui,Real Salt Lake,1998-03-10,4.5,28.6,2.754277891854894,ST,"FW,MF",Morgan Guilavogui,3.8,2.21,10.06,-0.7,-0.1361,-12.7,0,0,1,0,0,0,0,0,0,0,0,1,0
morgan rogers|2002,7469.0,4,0.29343231819659693,0.21214912756042048,0.19158878504672894,0.2254335260115607,1.9785456542202702,0.7518546996113962,3.2710280373831777,3.603971962616822,1.228582554517134,0.26498320147393517,0.6989875389408099,0.8508566978193146,0.3757225433526012,0.0,,1,Morgan Rogers,Chelsea,Premier League,24.0,2002.0,MF,2026-2027,2024-2025,100.0,exact,Morgan Rogers,Aston Villa,2002-07-26,90.0,24.2,4.7529089664613275,CAM,MF,Morgan Rogers,55.95,35.09,62.03,-34.05,-0.4688,-37.4,0,0,0,1,0,1,0,0,0,0,0,0,0
morgan sanson|1994,5746.0,5,0.09512120282295182,0.1089291193617674,0.2040437311654636,0.03829787234042553,1.4897207732433262,0.32550709786310617,2.601794099095942,3.7402761230639845,1.627303945616371,1.1813439705431112,0.6906580699418319,1.5011563529329315,0.3829787234042553,0.0,,1,Morgan Sanson,Nice,Ligue 1,30.0,1994.0,MF,2025-2026,2024-2025,100.0,exact,Morgan Sanson,OGC Nice,1994-08-18,3.5,32.1,0.7529089664613279,CM,MF,Morgan Sanson,1.61,0.89,3.9,-1.89,-0.5449,-42.0,0,0,1,0,0,0,0,0,1,0,0,0,0
moritz jenz|1999,7455.0,5,0.02300118368664586,0.010895297535779619,0.06325486182190378,0.016874999999999998,0.41886366081997206,0.12133883037964792,0.16171954964176047,2.4196519959058342,1.8341862845445238,1.118583880340041,5.905834186284545,1.3879222108495393,4.10625,0.0,,1,Moritz Jenz,Wolfsburg,Bundesliga,26.0,1999.0,DF,2025-2026,2024-2025,100.0,exact,Moritz Jenz,VfL Wolfsburg,1999-04-30,5.0,27.4,0.7529089664613279,CB,DF,Moritz Jenz,7.34,3.52,11.41,2.34,0.3297,39.1,1,0,0,0,0,0,1,0,0,0,0,0,0
moritz nicolas|1997,7489.0,4,0.0,0.0,0.0,0.0,0.0,0.0,0.0,0.0,0.01875998795655094,0.011426115999492174,0.4419019385320888,0.027097760381684693,0.3843807199511897,3.9782766263642757,0.3788895668090299,1,Moritz Nicolas,Gladbach,Bundesliga,28.0,1997.0,GK,2026-2027,2024-2025,100.0,exact,Moritz Nicolas,Borussia Mönchengladbach,1997-10-21,8.0,28.9,2.754277891854894,GK,GK,Moritz Nicolas,10.33,4.04,16.94,2.33,0.2299,25.8,1,0,0,0,0,0,0,0,0,0,1,0,0
morten frendrup|2001,10474.0,5,0.04177732457709019,0.03081933780277146,0.04767684267641432,0.02610377054463423,0.5911233467580529,0.1630786487769101,0.8507296456007083,3.049518805151784,3.345089527943571,1.452618121770628,1.4560070822743243,1.7207356426878375,0.8701256848211409,0.0,,1,Morten Frendrup,Genoa,Serie A,25.0,2001.0,MF,2026-2027,2024-2025,100.0,exact,Morten Frendrup,Genoa CFC,2001-04-07,15.0,25.5,1.754962354551677,CDM,MF,Morten Frendrup,11.07,5.36,26.51,-3.93,-0.2822,-24.6,0,0,0,0,1,0,0,1,0,0,0,0,0
morten hjulmand|1999,3305.0,2,0.0,0.08306414397784957,0.01823092505064146,,0.5165428764348413,,0.2734638757596219,4.831195138419987,2.7346387575962186,2.1596677434240887,1.6407832545577312,1.3065496286293046,,0.0,,0,Morten Hjulmand,Atlético Madrid,La Liga,27.0,1999.0,MF,2026-2027,,100.0,exact,Morten Hjulmand,Sporting CP,1999-06-25,45.0,27.3,4.7529089664613275,CDM,MF,Morten Hjulmand,8.37,2.81,17.89,-36.63,-1.5914,-79.6,0,1,0,0,0,0,0,1,0,0,0,0,0
morten thorsby|1996,8205.0,5,0.1051156271899089,0.07226699369306237,0.12561478133723247,0.09957850368809273,1.0064821303433775,0.4009826782145236,0.8015419380566263,2.5063139704904955,2.0138242722318225,0.3521373510861948,1.4395852718330453,1.2043067925029907,5.073761854583773,0.0,,1,Morten Thorsby,Cremonese,Serie A,29.0,1996.0,"MF,FW",2025-2026,2024-2025,100.0,exact,Morten Thorsby,US Cremonese,1996-05-05,2.8,30.4,1.754962354551677,CM,"MF,FW",Morten Thorsby,4.48,2.77,13.89,1.68,0.367,44.3,0,0,0,0,1,0,0,0,1,0,0,0,0
mory diaw|1993,8685.0,3,0.0,0.01777313120752744,0.0,,0.0,0.0,0.0,0.01978021978021978,0.01978021978021978,0.055410350235232615,0.4000000000000001,0.0,,3.257710402509148,,0,Mory Diaw,Le Havre,Ligue 1,32.0,1993.0,GK,2025-2026,,100.0,exact,Mory Diaw,Le Havre AC,1993-06-22,0.9,33.3,0.7529089664613279,GK,GK,Mory Diaw,1.71,1.15,2.78,0.81,0.3558,42.7,0,0,1,0,0,0,0,0,0,0,1,0,0
moses simon|1995,11209.0,6,0.1912107101280559,0.22875436554132716,0.19584958510910652,0.2311230356458413,1.4689304919338777,0.4716342332263667,5.702001415598693,2.031685315422496,0.6058461214101774,0.38242142025611175,0.32393114768911047,0.4364260650874208,0.34495975469528556,0.0,,1,Moses Simon,Paris FC,Ligue 1,31.0,1995.0,"MF,FW",2026-2027,2024-2025,100.0,exact,Moses Simon,Paris FC,1995-07-12,7.0,31.2,1.754962354551677,CAM,"MF,FW",Moses Simon,10.22,3.77,23.43,3.22,0.338,40.2,0,0,1,0,0,1,0,0,0,0,0,0,0
mostafa mohamed|1997,6345.0,4,0.34684535887876927,0.03963946958614506,0.36459114778694673,0.028753993610223644,2.834222075409372,0.8633575013943112,0.8490759053399713,1.217349791993453,1.0495805769624225,0.5761880043414658,1.589715610720862,0.8879492600422833,4.097444089456869,0.0,,1,Mostafa Mohamed,Nantes,Ligue 1,27.0,1997.0,FW,2025-2026,2024-2025,100.0,exact,Mostafa Mohamed,FC Nantes,1997-11-28,3.5,28.8,0.7529089664613279,ST,FW,Mostafa Mohamed,4.77,2.05,9.71,1.27,0.2478,28.1,0,0,1,0,0,0,0,0,0,0,0,1,0
mouctar diakhaby|1996,6949.0,6,0.12250370761635822,0.003656827093025619,0.10635504201680675,0.0,0.8171850217226398,0.5231376975169301,0.6801470588235295,2.5603991596638656,1.2762605042016808,1.2341791438961462,5.2914915966386555,1.2211134453781514,2.4808575803981623,0.0,,1,Mouctar Diakhaby,Valencia,La Liga,29.0,1996.0,DF,2026-2027,2024-2025,100.0,exact,Mouctar Diakhaby,Valencia CF,1996-12-19,1.5,29.8,0.7529089664613279,CB,DF,Mouctar Diakhaby,4.49,1.94,7.68,2.99,0.7858,119.4,0,1,0,0,0,0,1,0,0,0,0,0,0
moussa diaby|1999,7835.0,4,0.26395438868163584,0.2871823748856198,0.31258909826080195,,2.3024286565926233,,4.0426634872087295,3.237863196910397,0.5085404732899613,0.2998521855423383,0.1702910759181981,0.312589098260802,,0.0,,0,Moussa Diaby,Leverkusen,Bundesliga,27.0,1999.0,MF,2026-2027,,100.0,exact,Moussa Diaby,Al-Ittihad Football Club,1999-07-07,25.0,27.2,2.754277891854894,CAM,MF,Moussa Diaby,18.03,10.72,33.0,-6.97,-0.3119,-26.8,1,0,0,0,0,1,0,0,0,0,0,0,0
moussa diarra|2000,4704.0,4,0.01737153641588745,0.04439392639615681,0.011523419312785176,0.00482315112540193,0.12160075491121212,0.0,0.8862557035105689,3.7503491945246306,1.9024117701834435,1.0905464527751565,2.346587205512618,1.2361486171896827,1.495176848874598,0.0,,1,Moussa Diarra,Alavés,La Liga,24.0,2000.0,DF,2025-2026,2024-2025,100.0,exact,Moussa Diarra,RSC Anderlecht,2000-11-10,2.0,25.9,1.754962354551677,CB,DF,Moussa Diarra,3.63,2.01,14.18,1.63,0.4341,54.4,0,1,0,0,0,0,1,0,0,0,0,0,0
moussa niakhate|1996,11035.0,6,0.01346475402622547,0.026929508052450937,0.03326221714516102,0.03301540719002201,0.1598233580757305,0.01420920319160564,0.9419255127925144,3.164446385673728,1.7523140759655282,1.069259878553199,4.16684865691199,1.0175214608496985,1.4196625091709465,0.0,,1,Moussa Niakhaté,Lyon,Ligue 1,30.0,1996.0,DF,2026-2027,2024-2025,100.0,exact,Moussa Niakhaté,Olympique Lyon,1996-03-08,15.0,30.6,1.754962354551677,CB,DF,Moussa Niakhaté,4.75,1.88,16.96,-10.25,-1.023,-64.0,0,0,1,0,0,0,1,0,0,0,0,0,0
moustapha mbow|2000,2988.0,3,0.0,0.030606733481365903,0.0,,0.3299618279453945,0.09937430990062569,0.0,0.0,6.000000000000001,1.1666566644661827,6.000000000000001,0.0,,0.0,,0,Moustapha Mbow,Paris FC,Ligue 1,26.0,2000.0,DF,2026-2027,,100.0,exact,Moustapha Mbow,Paris FC,2000-03-08,9.0,26.6,1.754962354551677,CB,DF,Moustapha Mbow,3.2,1.54,9.82,-5.8,-0.8681,-58.0,0,0,1,0,0,0,1,0,0,0,0,0,0
murillo|2002,8555.0,4,0.034641722239627616,0.030613615002461615,0.046524907957021557,0.03387703889585947,0.5824534085932559,0.16921214618693178,0.6545946352092569,3.1052671124802766,1.540461341949057,1.1552611556192094,6.6663160267488175,1.712224810278759,1.2421580928481806,0.0,,1,Murillo,Nott'ham Forest,Premier League,24.0,2002.0,DF,2026-2027,2024-2025,100.0,exact,Murillo,Nottingham Forest,2002-07-04,50.0,24.2,3.753593429158111,CB,DF,Murillo,33.26,22.4,38.98,-16.74,-0.3978,-32.8,0,0,0,1,0,0,1,0,0,0,0,0,0
myles lewis skelly|2006,2349.0,3,0.03317266798979303,0.0,0.013148283418553688,0.026296566837107377,0.2201005025125628,0.03919597989949748,2.4324324324324325,4.66764061358656,1.4463111760409058,0.5511766373688688,1.775018261504748,0.26296566837107377,0.7231555880204529,,,1,Myles Lewis-Skelly,Arsenal,Premier League,20.0,2006.0,"MF,DF",2026-2027,2024-2025,100.0,exact,Myles Lewis-Skelly,Arsenal FC,2006-09-26,45.0,20.0,3.753593429158111,CM,"MF,DF",Myles Lewis-Skelly,29.88,18.11,46.36,-15.12,-0.3985,-32.9,0,0,0,1,0,0,0,0,1,0,0,0,0
nabil bentaleb|1994,8003.0,6,0.09179058148816034,0.13436012652614773,0.07184621545855026,0.0,1.040550106178582,0.39570270683590764,0.9106928313976772,6.168201842210654,2.275530636764117,1.3422709669790405,1.34321185422507,1.381657989587505,0.8206686930091186,0.0,,1,Nabil Bentaleb,Lille,Ligue 1,31.0,1994.0,MF,2026-2027,2024-2025,100.0,exact,Nabil Bentaleb,LOSC Lille,1994-11-24,4.5,31.8,,CDM,MF,Nabil Bentaleb,3.3,1.5,8.0,-1.2,-0.2471,-21.9,0,0,1,0,0,0,0,1,0,0,0,0,0
nacho vidal|1995,7048.0,5,0.014278159703860389,0.0031729243786356425,0.08428720083246617,0.0,0.699629825489159,0.1145123867973954,1.2125527137302152,2.849005969658798,2.3659565145955415,1.1597038603913272,2.6419847746316885,1.1090421162166602,2.1774193548387095,0.0,,1,Nacho Vidal,Oviedo,La Liga,30.0,1995.0,DF,2025-2026,2024-2025,100.0,exact,Nacho Vidal,Real Oviedo,1995-01-24,1.2,31.7,0.7529089664613279,CB,DF,Nacho Vidal,2.0,1.1,4.77,0.8,0.3091,36.2,0,1,0,0,0,0,1,0,0,0,0,0,0
nadiem amiri|1996,8339.0,6,0.31140546392409096,0.1356428707890212,0.18174966664734188,0.24019409623938534,2.2748342091374285,0.9138543516873889,1.8383674415908169,6.749956519218505,1.7166212534059946,0.7040056040247086,1.0626702997275204,0.8226563858774422,0.5822887181560857,0.0,,1,Nadiem Amiri,Mainz 05,Bundesliga,29.0,1996.0,MF,2026-2027,2024-2025,100.0,exact,Nadiem Amiri,1.FSV Mainz 05,1996-10-27,17.0,29.9,1.754962354551677,CAM,MF,Nadiem Amiri,14.18,5.84,26.85,-2.82,-0.1707,-15.7,1,0,0,0,0,1,0,0,0,0,0,0,0
nadir zortea|1999,8398.0,6,0.10361014865317983,0.1146753101598301,0.07719368233992784,0.07961666052340582,0.8375740676193796,0.1998730964467005,2.4675866320924076,2.5850907574301414,1.2909133769742687,0.6699452330390074,1.7788818974740241,0.6136326545414982,0.5639513453741246,0.0,,1,Nadir Zortea,Bologna,Serie A,27.0,1999.0,DF,2026-2027,2024-2025,100.0,exact,Nadir Zortea,Bologna Football Club 1909,1999-06-19,7.0,27.3,2.754277891854894,FULLBACK,DF,Nadir Zortea,9.77,5.21,28.75,2.77,0.2977,34.7,0,0,0,0,1,0,0,0,0,1,0,0,0
nahuel estevez|1995,1706.0,2,0.0,0.058011678167892634,0.013698630136986302,0.10958904109589042,0.7439144612117996,0.10237354970804581,0.4109589041095891,4.109589041095891,2.191780821917808,0.4231440054599227,3.561643835616439,1.2328767123287672,1.9178082191780825,,,1,Nahuel Estévez,Parma,Serie A,29.0,1995.0,MF,2025-2026,2024-2025,100.0,exact,Nahuel Estévez,Parma Calcio 1913,1995-11-14,1.4,30.9,1.754962354551677,CM,MF,Nahuel Estévez,1.17,0.96,3.4,-0.23,-0.1027,-9.8,0,0,0,0,1,0,0,0,1,0,0,0,0
nahuel molina|1998,10495.0,6,0.09223509223509223,0.1437151437151437,0.06748143075383238,0.08490566037735849,0.7419322408766462,0.16837194262881952,2.1571932781962806,3.4214823789706577,2.1192646051730497,0.6885456885456885,2.2377917083706476,0.9750829689722383,0.5660377358490566,0.0,,1,Nahuel Molina,Roma,Serie A,28.0,1998.0,"DF,MF",2026-2027,2024-2025,100.0,exact,Nahuel Molina,Atlético de Madrid,1998-04-06,15.0,28.5,0.7529089664613279,FULLBACK,"DF,MF",Nahuel Molina,9.9,4.69,18.9,-5.1,-0.3838,-31.9,0,0,0,0,1,0,0,0,0,1,0,0,0
nahuel tenaglia|1996,8960.0,5,0.06836570960363253,0.00998600252637329,0.06178448840300788,0.04928131416837782,0.7193923993021315,0.23213575642940815,1.3089026011388663,3.2642209479970634,2.844586416936172,1.359632651667748,3.953492986250273,1.026765341957501,1.4168377823408624,0.0,,1,Nahuel Tenaglia,Alavés,La Liga,30.0,1996.0,DF,2026-2027,2024-2025,100.0,exact,Nahuel Tenaglia,Deportivo Alavés,1996-02-21,3.0,30.6,2.754277891854894,CB,DF,Nahuel Tenaglia,6.0,2.39,14.31,3.0,0.5599,75.1,0,1,0,0,0,0,1,0,0,0,0,0,0
naouirou ahamada|2002,2928.0,6,0.03125976867771178,0.08440137542982182,0.07449681972640934,0.0,1.1351913657838846,0.12390670553935859,3.2700182974644942,4.187505445673956,1.717347738956173,0.5908096280087527,0.7606517382591269,0.9174871482094623,0.0,0.0,,1,Naouirou Ahamada,Auxerre,Ligue 1,24.0,2002.0,MF,2026-2027,2024-2025,100.0,exact,Naouirou Ahamada,AJ Auxerre,2002-03-29,3.0,24.5,0.7529089664613279,CM,MF,Naouirou Ahamada,3.19,1.73,11.57,0.19,0.0467,4.8,0,0,1,0,0,0,0,0,1,0,0,0,0
natan|2001,6474.0,4,0.031144481030179735,0.012269037981585957,0.01832098363325462,0.02482758620689655,0.3629289751898016,0.08171697765613074,0.7108541649702793,2.3988274570474712,1.4192655321227914,1.0239927853862125,4.609559482126862,1.0259750834622587,2.689655172413793,0.0,,1,Natan,Betis,La Liga,25.0,2001.0,DF,2026-2027,2024-2025,100.0,exact,Natan,Real Betis Balompié,2001-02-06,25.0,25.6,3.753593429158111,CB,DF,Natan,7.1,4.0,20.23,-17.9,-1.166,-68.8,0,1,0,0,0,0,1,0,0,0,0,0,0
nathan ake|1995,6211.0,5,0.048389023855987895,0.03225934923732526,0.08085305835481603,0.0,0.7043291250149348,0.07416743419458045,1.2209983595031637,5.8776658073588,1.202249824232482,0.655940101158947,2.4794937895476914,0.8389969533630184,1.7256637168141593,0.0,,1,Nathan Aké,Manchester City,Premier League,30.0,1995.0,DF,2025-2026,2024-2025,100.0,exact,Nathan Aké,Manchester City,1995-02-18,12.0,31.6,,CB,DF,Nathan Aké,4.78,2.21,7.03,-7.22,-0.8104,-55.5,0,0,0,1,0,0,1,0,0,0,0,0,0
nathan collins|2001,12727.0,6,0.037269009783115065,0.05457247861098992,0.057742327033119475,0.04736842105263158,0.4770281693358616,0.17046351344241598,0.650994575045208,3.2683494760831335,1.1938616264955784,1.0934461263153226,5.342837325670689,1.8571180856597886,3.0789473684210527,0.0,,1,Nathan Collins,Brentford,Premier League,25.0,2001.0,DF,2026-2027,2024-2025,100.0,exact,Nathan Collins,Brentford FC,2001-04-30,30.0,25.4,2.754277891854894,CB,DF,Nathan Collins,39.78,25.03,50.03,9.78,0.2743,31.6,0,0,0,1,0,0,1,0,0,0,0,0,0
nathan ngoumou|2000,3153.0,4,0.22608580683545976,0.0922192106828849,0.2084775723650291,0.14130434782608697,2.174265301613022,1.4130434782608696,3.2415113795389265,2.406275318553436,2.068203579583119,0.33317908375751965,1.2627973779185389,1.1832510863961112,0.9782608695652175,0.0,,1,Nathan N'Goumou,Nice,Ligue 1,26.0,2000.0,MF,2026-2027,2024-2025,100.0,exact,Nathan Ngoumou,Borussia Mönchengladbach,2000-03-14,3.5,26.5,0.7529089664613279,CAM,MF,Nathan N'Goumou,3.21,1.66,11.53,-0.29,-0.0673,-6.5,0,0,1,0,0,1,0,0,0,0,0,0,0
nathan ngoy|2003,2855.0,2,0.030670542247168493,0.061341084494336985,,,0.8232848232848232,0.22453222453222457,,,,1.4180615415455549,,,,,,0,Nathan Ngoy,Lille,Ligue 1,23.0,2003.0,DF,2026-2027,,100.0,exact,Nathan Ngoy,LOSC Lille,2003-06-10,25.0,23.3,2.754277891854894,CB,DF,Nathan Ngoy,14.91,5.27,27.84,-10.09,-0.4909,-38.8,0,0,1,0,0,0,1,0,0,0,0,0,0
nathan patterson|2001,2872.0,4,0.0,0.1160179640718563,0.02932183850433562,0.1037463976945245,0.3967065868263473,0.17774163568773232,1.40293719613052,2.8464738609593505,3.130670141847527,0.8083832335329342,2.7652749235627287,1.227006165104506,0.25936599423631124,0.0,,1,Nathan Patterson,Everton,Premier League,23.0,2001.0,DF,2025-2026,2024-2025,100.0,exact,Nathan Patterson,Everton FC,2001-10-16,10.0,25.0,0.7529089664613279,CB,DF,Nathan Patterson,7.58,3.78,18.96,-2.42,-0.2483,-22.0,0,0,0,1,0,0,1,0,0,0,0,0,0
nathan tella|1999,3850.0,4,0.19129510651659345,0.30433312400367135,0.24656608871875707,0.09933774834437087,2.141200908168688,0.7383647410788639,2.8811078585904077,1.9319972979058773,1.1855437964422428,0.34563547654702675,0.7430758838099527,1.0504390902949787,0.728476821192053,0.0,,1,Nathan Tella,Leverkusen,Bundesliga,26.0,1999.0,"MF,FW",2025-2026,2024-2025,100.0,exact,Nathan Tella,Bayer 04 Leverkusen,1999-07-05,15.0,27.2,4.7529089664613275,CAM,"MF,FW",Nathan Tella,5.89,4.22,19.61,-9.11,-0.8419,-56.9,1,0,0,0,0,1,0,0,0,0,0,0,0
nathaniel adjei|2002,2512.0,3,0.0,0.0,0.028962188254223652,,0.36876526672445037,0.21556886227544908,0.7240547063555913,2.4617860016090103,0.9412711182622687,1.4664435441254182,4.6339501206757845,1.0860820595333869,,0.0,,0,Nathaniel Adjei,Lorient,Ligue 1,24.0,2002.0,DF,2026-2027,,100.0,exact,Nathaniel Adjei,FC Lorient,2002-08-21,1.5,24.1,1.754962354551677,CB,DF,Nathaniel Adjei,3.52,1.89,13.61,2.02,0.5918,80.7,0,0,1,0,0,0,1,0,0,0,0,0,0
nathaniel brown|2003,4780.0,3,0.13012985960028647,0.1775603691742227,0.1016949152542373,0.23574730354391368,0.6067013893816613,0.2784440060741098,2.0801232665639446,2.9121725731895225,3.281972265023113,0.7540234855343703,2.542372881355932,1.386748844375963,0.23112480739599384,,,1,Nathaniel Brown,Bayern Munich,Bundesliga,23.0,2003.0,"MF,DF",2026-2027,2024-2025,100.0,exact,Nathaniel Brown,Eintracht Frankfurt,2003-06-16,40.0,23.3,4.7529089664613275,CAM,"MF,DF",Nathaniel Brown,21.74,9.65,35.78,-18.26,-0.5896,-44.5,1,0,0,0,0,1,0,0,0,0,0,0,0
nathaniel clyne|1991,5406.0,5,0.0,0.0434882124055848,0.006159531875577457,0.055900621118012424,0.2723735408560311,0.0,0.8192177394518018,2.217431475207884,1.6907914998460118,0.8537422751201648,2.1958731136433634,1.04096088697259,0.1863354037267081,0.0,,1,Nathaniel Clyne,Crystal Palace,Premier League,34.0,1991.0,"DF,MF",2025-2026,2024-2025,100.0,exact,Nathaniel Clyne,Crystal Palace,1991-04-05,0.3,35.5,0.0,FULLBACK,"DF,MF",Nathaniel Clyne,0.93,0.32,2.35,0.63,0.3929,48.1,0,0,0,1,0,0,0,0,0,1,0,0,0
nayef aguerd|1996,9821.0,6,0.04196293274274391,0.004196293274274391,0.10164410422715789,0.005113636363636364,0.7158962795941375,0.1793767112256402,0.7805724197745012,3.247860024887816,1.3795769071231947,0.9378715468003265,4.4068403785964785,1.269278630415928,3.1193181818181817,0.0,,1,Nayef Aguerd,Marseille,Ligue 1,30.0,1996.0,DF,2026-2027,2024-2025,100.0,exact,Nayef Aguerd,Olympique Marseille,1996-03-30,15.0,30.5,3.753593429158111,CB,DF,Nayef Aguerd,6.97,3.4,18.62,-8.03,-0.6964,-50.2,0,0,1,0,0,0,1,0,0,0,0,0,0
neal maupay|1996,6850.0,6,0.2702601883801175,0.16786347104355123,0.390255905511811,0.19001919385796548,2.090616778719673,0.7922927346650168,1.0728346456692914,2.374507874015748,0.7283464566929134,0.18464981814790637,0.09842519685039369,0.6496062992125985,0.690978886756238,0.0,,1,Neal Maupay,Marseille,Ligue 1,30.0,1996.0,"FW,MF",2026-2027,2024-2025,100.0,exact,Neal Maupay,Olympique Marseille,1996-08-14,4.0,30.1,1.754962354551677,ST,"FW,MF",Neal Maupay,4.58,3.26,13.96,0.58,0.1102,11.7,0,0,1,0,0,0,0,0,0,0,0,1,0
neco williams|2001,9767.0,5,0.03857153453718278,0.07343426767655954,0.0678130130476108,0.05551272166538165,1.2202113359386824,0.42249688173262273,2.4434459517843257,2.714075866240387,3.345545666637864,1.1482449127607492,3.8852501512140325,1.7217661799014947,1.3878180416345411,0.0,,1,Neco Williams,Nott'ham Forest,Premier League,25.0,2001.0,DF,2026-2027,2024-2025,100.0,exact,Neco Williams,Nottingham Forest,2001-04-13,28.0,25.5,2.754277891854894,CB,DF,Neco Williams,29.72,21.56,42.28,1.72,0.0576,5.9,0,0,0,1,0,0,1,0,0,0,0,0,0
neil el aynaoui|2001,4407.0,4,0.20598228904420696,0.10299114452210348,0.19068455293914444,0.11335012594458438,0.8839736277334158,0.38031200999282433,0.9534227646957222,3.901779031608037,2.176291093327192,1.7492649777292655,1.4664056652657032,1.6114917381541827,1.3602015113350125,0.0,,1,Neil El Aynaoui,RB Leipzig,Bundesliga,25.0,2001.0,MF,2026-2027,2024-2025,100.0,exact,Neil El Aynaoui,Associazione Sportiva Roma,2001-07-02,23.0,25.2,3.753593429158111,CAM,MF,Neil El Aynaoui,10.01,4.23,25.87,-12.99,-0.7794,-54.1,1,0,0,0,0,1,0,0,0,0,0,0,0
nemanja gudelj|1991,10783.0,6,0.05731455735940443,0.02179567674230873,0.05154977057776946,0.021660649819494584,1.022982979132609,0.27127549256826816,0.7669257421106845,2.920217248806068,1.5057589661953366,1.0486142254910753,3.2446858320067427,1.0211630302462777,1.660649819494585,0.0,,1,Nemanja Gudelj,Getafe,La Liga,34.0,1991.0,"DF,MF",2026-2027,2024-2025,100.0,exact,Nemanja Gudelj,Sevilla FC,1991-11-16,2.0,34.9,,FULLBACK,"DF,MF",Nemanja Gudelj,0.74,0.57,2.09,-1.26,-0.547,-42.1,0,1,0,0,0,0,0,0,0,1,0,0,0
nemanja matic|1988,10579.0,6,0.02173854700625319,0.05474893320093395,0.018557333469659015,0.0582089552238806,0.32828695995303314,0.10217238962859146,1.731506569193804,7.093195644394458,1.789785798272072,1.1006145836128929,1.3404222688001637,1.131843975256889,0.6716417910447762,0.0,,1,Nemanja Matić,Sassuolo,Serie A,38.0,1988.0,MF,2026-2027,2024-2025,100.0,exact,Nemanja Matić,US Sassuolo,1988-08-01,1.6,38.2,0.7529089664613279,CDM,MF,Nemanja Matić,1.88,0.85,2.7,0.28,0.1015,10.7,0,0,0,0,1,0,0,1,0,0,0,0,0
ngalayel mukau|2004,2976.0,3,0.03284107495492401,0.025113763200824254,0.06050420168067228,0.052941176470588235,1.0462597477616253,0.24044478675267164,1.4369747899159664,4.3109243697479,2.495798319327731,0.9523911736927964,1.6638655462184875,1.0588235294117647,1.0588235294117647,,,1,Ngal'Ayel Mukau,Lille,Ligue 1,21.0,2004.0,MF,2026-2027,2024-2025,100.0,exact,Ngal'ayel Mukau,LOSC Lille,2004-11-03,15.0,21.9,1.754962354551677,CDM,MF,Ngal'Ayel Mukau,12.57,5.19,17.52,-2.43,-0.165,-15.2,0,0,1,0,0,0,0,1,0,0,0,0,0
nhoa sangui|2006,2895.0,2,0.0,0.05248637372989705,0.007772020725388602,0.038860103626943004,0.2160016149653455,0.03431801359262499,1.6321243523316062,3.4974093264248705,1.2435233160621761,0.9306237803647128,1.7875647668393781,0.6217616580310881,0.46632124352331605,,,1,Nhoa Sangui,Paris FC,Ligue 1,19.0,2006.0,"DF,MF",2025-2026,2024-2025,100.0,exact,Nhoa Sangui,Paris FC,2006-02-27,10.0,20.6,3.753593429158111,FULLBACK,"DF,MF",Nhoa Sangui,18.3,7.8,27.23,8.3,0.5621,75.4,0,0,1,0,0,0,0,0,0,1,0,0,0
niccolo pisilli|2004,2679.0,3,0.21894613924974457,0.17734637279229312,0.19804400977995112,0.05134474327628362,1.597745351103619,0.41721540325554446,1.6136919315403424,4.621026894865526,1.76039119804401,1.2501824551160414,1.17359413202934,1.0268948655256724,0.22004889975550124,,,1,Niccolò Pisilli,Roma,Serie A,22.0,2004.0,MF,2026-2027,2024-2025,100.0,exact,Niccolò Pisilli,Associazione Sportiva Roma,2004-09-23,30.0,22.0,2.754277891854894,CAM,MF,Niccolò Pisilli,25.35,6.93,37.0,-4.65,-0.1627,-15.0,0,0,0,0,1,1,0,0,0,0,0,0,0
nick pope|1992,12782.0,5,0.0,0.0,0.0,0.0,0.021522782877430507,0.02072272185502221,0.0,0.023946784922394673,0.0066518847006651885,0.014072588804473794,0.8966740576496672,0.017294900221729487,0.39285714285714285,3.0396791817663398,0.0642857142857143,1,Nick Pope,Newcastle Utd,Premier League,33.0,1992.0,GK,2025-2026,2024-2025,100.0,exact,Nick Pope,Newcastle United,1992-04-19,5.0,34.4,0.7529089664613279,GK,GK,Nick Pope,4.69,2.24,8.44,-0.31,-0.0531,-5.2,0,0,0,1,0,0,0,0,0,0,1,0,0
nick woltemade|2002,4803.0,3,0.4249744862987617,0.1055581788548537,0.4365935759901847,0.25524044389642414,1.8369864891623893,0.8516833484986353,1.6761569194953914,3.0097209551074346,1.2344669204391734,0.1960366178732997,0.9853084594331016,1.1523578821530815,2.6078914919852036,0.0,,1,Nick Woltemade,Newcastle Utd,Premier League,23.0,2002.0,"FW,MF",2025-2026,2024-2025,100.0,exact,Nick Woltemade,Newcastle United,2002-02-14,55.0,24.6,4.7529089664613275,ST,"FW,MF",Nick Woltemade,37.84,21.9,48.64,-17.16,-0.3658,-30.6,0,0,0,1,0,0,0,0,0,0,0,1,0
niclas fullkrug|1993,7030.0,5,0.40000584803871403,0.16184447141040076,0.42511825815358845,0.21645569620253163,2.1626910922536458,0.7187082248645608,0.9512708507797116,2.350677862526311,0.3442500509245638,0.1592128539890934,1.1447841930154132,0.5072086549125229,4.443037974683544,0.0,,1,Niclas Füllkrug,Werder Bremen,Bundesliga,33.0,1993.0,FW,2026-2027,2024-2025,100.0,exact,Niclas Füllkrug,West Ham United,1993-02-09,3.5,33.6,1.754962354551677,ST,FW,Niclas Füllkrug,2.34,1.72,5.45,-1.16,-0.2977,-25.7,1,0,0,0,0,0,0,0,0,0,0,1,0
nico elvedi|1996,13166.0,6,0.03427347375937165,0.03998571938593359,0.07243460764587524,0.01686182669789227,0.4420735534078072,0.044898115814114126,0.9366993326867682,2.940376069365835,1.4343615650738966,1.270974651910032,5.706179523182259,1.3496808187253013,1.9391100702576114,0.0,,1,Nico Elvedi,Leeds United,Premier League,29.0,1996.0,DF,2026-2027,2024-2025,100.0,exact,Nico Elvedi,Borussia Mönchengladbach,1996-09-30,8.0,30.0,0.7529089664613279,CB,DF,Nico Elvedi,17.0,7.04,18.92,9.0,0.693,100.0,0,0,0,1,0,0,1,0,0,0,0,0,0
nico o reilly|2005,3174.0,2,0.1926860317092929,0.08853141997453999,0.2215909090909091,0.06818181818181819,1.3904640666589516,0.5103575975002893,2.7272727272727275,2.8977272727272734,1.5340909090909092,0.6804767966670525,2.0454545454545454,0.8522727272727273,1.0227272727272727,,,1,Nico O’Reilly,Manchester City,Premier League,20.0,2005.0,"DF,MF",2025-2026,2024-2025,96.0,fuzzy,Nico O'Reilly,Manchester City,2005-03-21,70.0,21.5,3.753593429158111,FULLBACK,"DF,MF",Nico O’Reilly,33.61,17.69,41.06,-36.39,-0.7184,-51.2,0,0,0,1,0,0,0,0,0,1,0,0,0
nico oreilly|2005,3339.0,3,0.18115547818518116,0.08323359808508324,,,,,,,,0.5454545454545455,,,,,,0,Nico O'Reilly,Manchester City,Premier League,21.0,2005.0,"DF,MF",2026-2027,,100.0,exact,Nico O'Reilly,Manchester City,2005-03-21,70.0,21.5,3.753593429158111,FULLBACK,"DF,MF",Nico O'Reilly,41.7,21.72,46.26,-28.3,-0.5086,-39.9,0,0,0,1,0,0,0,0,0,1,0,0,0
nico schlotterbeck|1999,12564.0,6,0.1029811244944841,0.08254212268641854,0.07784623940755485,0.09535822401614531,0.9472235465560822,0.2689269160131767,1.6346393080334276,7.046994599499466,2.0587761792556387,1.1406535239808888,3.423390460579273,1.5055541733136242,2.3612512613521695,0.0,,1,Nico Schlotterbeck,Dortmund,Bundesliga,26.0,1999.0,DF,2026-2027,2024-2025,100.0,exact,Nico Schlotterbeck,Borussia Dortmund,1999-12-01,55.0,26.8,4.7529089664613275,CB,DF,Nico Schlotterbeck,58.0,11.46,73.81,3.0,0.0522,5.4,1,0,0,0,0,0,1,0,0,0,0,0,0
nico williams|2002,10290.0,6,0.24059505953656368,0.21580091217974223,0.19989079638343316,0.15781563126252504,2.3400972147210863,0.8585450134176378,5.571793348215002,2.8111901588270247,1.2111965825691757,0.3186507086228535,0.34832741813743595,0.9510350254540784,0.49599198396793587,0.0,,1,Nico Williams,Athletic Club,La Liga,24.0,2002.0,MF,2026-2027,2024-2025,100.0,exact,Nico Williams,Athletic Bilbao,2002-07-12,40.0,24.2,7.0,CAM,MF,Nico Williams,33.88,17.4,54.54,-6.12,-0.1616,-14.9,0,1,0,0,0,1,0,0,0,0,0,0,0
nicola leali|1993,4633.0,3,0.0,0.0,0.0,0.0,0.0,0.0,0.0,0.0,0.0,0.022865511933406066,0.46122655854029404,0.0,0.20689655172413793,2.8447386905384606,0.2172413793103448,1,Nicola Leali,Genoa,Serie A,32.0,1993.0,GK,2025-2026,2024-2025,100.0,exact,Nicola Leali,Genoa CFC,1993-02-17,1.0,33.6,,GK,GK,Nicola Leali,1.74,0.83,2.83,0.74,0.3136,36.8,0,0,0,0,1,0,0,0,0,0,1,0,0
nicola zalewski|2002,6943.0,6,0.07487302235974079,0.15105960651526654,0.055806537337230934,0.23243801652892565,1.474227115977978,0.3171770793834899,4.815306935955355,3.2447515280361414,1.7645495615200637,0.9168661334578785,1.1825671007175125,1.1559925591283549,0.6508264462809916,0.0,,1,Nicola Zalewski,Atalanta,Serie A,24.0,2002.0,MF,2026-2027,2024-2025,100.0,exact,Nicola Zalewski,Atalanta BC,2002-01-23,20.0,24.7,2.754277891854894,CAM,MF,Nicola Zalewski,17.94,6.99,30.95,-2.06,-0.103,-9.8,0,0,0,0,1,1,0,0,0,0,0,0,0
nicolai remberg|2000,5657.0,3,0.0,0.048298146858336846,0.05585436491518411,0.02978899462143153,0.6729202174643261,0.18138614846792153,0.9309060819197353,2.978899462143153,1.6756309474555235,1.2413651362738494,3.7236243276789414,1.712867190732313,3.2023169218038894,,,1,Nicolai Remberg,Hamburger SV,Bundesliga,26.0,2000.0,MF,2026-2027,2024-2025,100.0,exact,Nicolai Remberg,Hamburger SV,2000-06-19,9.0,26.3,1.754962354551677,CDM,MF,Nicolai Remberg,7.55,3.01,16.47,-1.45,-0.157,-14.5,1,0,0,0,0,0,0,1,0,0,0,0,0
nicolas capaldo|1998,2361.0,2,0.08079190625227455,0.11136181672610818,,,0.9895052473763118,0.2698650674662669,,,,1.7796055025838853,,,,,,0,Nicolás Capaldo,Hamburger SV,Bundesliga,28.0,1998.0,"DF,MF",2026-2027,,100.0,exact,Nicolás Capaldo,Hamburger SV,1998-09-14,8.0,28.0,1.754962354551677,FULLBACK,"DF,MF",Nicolás Capaldo,5.84,2.02,12.85,-2.16,-0.2743,-24.0,1,0,0,0,0,0,0,0,0,1,0,0,0
nicolas cozza|1999,9760.0,5,0.026918049493763432,0.025921084697698115,0.06292945372478691,0.06143344709897611,0.5074550811972439,0.17248551478235033,1.2205049670542245,2.8508674713361684,2.7547504382694905,1.0388373175000554,2.861748644890886,1.0065085538114333,0.6582155046318869,0.0,,1,Nicolas Cozza,Nantes,Ligue 1,26.0,1999.0,"DF,MF",2025-2026,2024-2025,100.0,exact,Nicolas Cozza,FC Nantes,1999-01-08,2.5,27.7,,FULLBACK,"DF,MF",Nicolas Cozza,5.95,3.24,18.03,3.45,0.6864,98.7,0,0,1,0,0,0,0,0,0,1,0,0,0
nicolas dominguez|1998,9050.0,5,0.05968407231056939,0.07639561255752882,0.07567392010392986,0.05960264900662252,1.2282982081515181,0.39961313579812724,0.9321208184475479,4.774277362780124,3.639168561221176,0.9668819714312241,1.8658655407599871,1.6580058460539135,1.2379011716760062,0.0,,1,Nicolás Domínguez,Nott'ham Forest,Premier League,27.0,1998.0,"MF,FW",2025-2026,2024-2025,100.0,exact,Nicolás Domínguez,Nottingham Forest,1998-06-28,15.0,28.3,1.754962354551677,CM,"MF,FW",Nicolás Domínguez,18.64,13.95,31.08,3.64,0.2051,22.8,0,0,0,1,0,0,0,0,1,0,0,0,0
nicolas gonzalez|1998,9067.0,6,0.3292547274749722,0.067853170189099,0.3508969699325572,0.05657142857142858,2.9854693022646943,1.1889534274151272,2.293249888243183,4.073973294979689,1.2087228625293969,0.6162402669632925,1.049542282948825,0.9865697459718956,3.0342857142857147,0.0,,1,Nicolás González (Juventus),Juventus,Serie A,28.0,1998.0,"MF,DF",2026-2027,2024-2025,89.65517241379311,fuzzy,Nico González,Juventus FC,1998-04-06,22.0,28.5,2.754277891854894,CAM,"MF,DF",Nicolás González,18.96,7.83,31.43,-3.04,-0.142,-13.2,0,0,0,0,1,1,0,0,0,0,0,0,0
nicolas gonzalez|2002,5012.0,5,0.07150715071507151,0.012834616795012833,0.07902576699942508,0.011842105263157895,0.9018469196175174,0.14773069241922687,1.3923587518946323,5.574138922280875,1.9050854544504259,1.1716171617161715,1.7733758427847175,1.1571630167772957,1.8947368421052633,0.0,,1,Nicolás González (Newcastle Utd),Newcastle Utd,Premier League,24.0,2002.0,MF,2026-2027,2024-2025,90.0,fuzzy,Nico González,Manchester City,2002-01-03,40.0,24.7,2.754277891854894,CDM,MF,Nicolás González,33.27,15.71,44.81,-6.73,-0.1792,-16.4,0,0,0,1,0,0,0,1,0,0,0,0,0
nicolas hofler|1990,8831.0,5,0.02107386660422558,0.035663466560997135,0.03844024361306652,0.011335012594458438,0.7051639979106251,0.2004060514768485,0.4075377679348256,3.658941706873369,2.6196314165941623,1.4216754624542949,1.954045716997548,1.1763426401961559,3.1738035264483626,0.0,,1,Nicolas Höfler,Freiburg,Bundesliga,35.0,1990.0,MF,2025-2026,2024-2025,100.0,exact,Nicolas Höfler,SC Freiburg,1990-03-09,0.5,36.6,,CDM,MF,Nicolas Höfler,0.71,0.55,1.86,0.21,0.1326,14.2,1,0,0,0,0,0,0,1,0,0,0,0,0
nicolas jackson|2001,8075.0,6,0.4985330360286351,0.1552634667292571,0.5314489105513781,0.17432432432432432,2.9086677569505603,1.5639748580873878,2.16158150422472,1.8830866909300796,0.7921950906671369,0.16371317920431872,0.5339019736736624,0.6709849128601433,0.8513513513513513,0.0,,1,Nicolas Jackson,Aston Villa,Premier League,25.0,2001.0,FW,2026-2027,2024-2025,100.0,exact,Nicolas Jackson,Bayern Munich,2001-06-20,40.0,25.3,6.754277891854894,ST,FW,Nicolas Jackson,47.3,35.63,54.13,7.3,0.1639,17.8,0,0,0,1,0,0,0,0,0,0,0,1,0
nicolas pepe|1995,6505.0,5,0.28695719522899776,0.2532658646150669,0.3017238340325026,0.288,2.3996350364963503,0.9660856416476961,4.022984453766701,3.423344026509677,1.3547431875066096,0.4310166778540817,0.523495611097402,0.8217294743892551,0.96,0.0,,1,Nicolas Pépé,Villarreal,La Liga,31.0,1995.0,"MF,FW",2026-2027,2024-2025,100.0,exact,Nicolas Pépé,Villarreal CF,1995-05-29,6.0,31.3,1.754962354551677,CAM,"MF,FW",Nicolas Pépé,6.25,3.14,12.02,0.25,0.0355,3.6,0,1,0,0,0,1,0,0,0,0,0,0,0
nicolas seiwald|2001,5700.0,4,0.0,0.05609358519512896,0.006973833224056744,0.07341650671785029,0.45934570017138826,0.1469337357662231,0.6651963998331049,5.6783095905108185,2.6446921380461346,1.6989883977370794,3.012159504082971,1.7890564463253265,1.0364683301343571,0.0,,1,Nicolas Seiwald,RB Leipzig,Bundesliga,25.0,2001.0,MF,2026-2027,2024-2025,100.0,exact,Nicolas Seiwald,RB Leipzig,2001-05-04,25.0,25.4,1.754962354551677,CDM,MF,Nicolas Seiwald,12.7,3.71,25.74,-12.3,-0.6405,-47.3,1,0,0,0,0,0,0,1,0,0,0,0,0
nicolas tagliafico|1992,8326.0,4,0.07883244096819561,0.09770781415776356,0.11390079608083284,0.03785488958990536,0.9648646648079153,0.206826112860669,1.3487446417636253,4.571341090018372,2.575015309246785,1.4367489945471144,2.046846295162278,1.1864666258420087,1.1829652996845426,0.0,,1,Nicolás Tagliafico,Lyon,Ligue 1,32.0,1992.0,DF,2025-2026,2024-2025,100.0,exact,Nicolás Tagliafico,Olympique Lyon,1992-08-31,4.0,34.1,0.7529089664613279,CB,DF,Nicolás Tagliafico,2.21,1.19,4.52,-1.79,-0.4441,-35.9,0,0,1,0,0,0,1,0,0,0,0,0,0
nicolas valentini|2001,2774.0,3,0.0,0.0,0.02391496899911426,0.0637732506643047,0.8760031063939943,0.2772456639917163,0.31886625332152346,3.3480956598759963,2.7900797165633304,1.0110726643598615,7.7325066430469445,1.195748449955713,3.9858281665190436,,,1,Nicolás Valentini,Alavés,La Liga,25.0,2001.0,DF,2026-2027,2024-2025,100.0,exact,Nicolás Valentini,Hellas Verona,2001-04-06,3.0,25.5,2.754277891854894,CB,DF,Nicolás Valentini,5.3,2.58,10.71,2.3,0.4545,57.5,0,1,0,0,0,0,1,0,0,0,0,0,0
nicolo barella|1997,13795.0,6,0.1151128511487888,0.2196970878632372,0.11763243625135739,0.16490228013029318,1.3603194041368205,0.24331812037421208,2.4009263014666438,8.347310716575302,1.689715175382361,0.3656938746860913,0.46158073083615714,0.9584865176036529,0.9527687296416938,0.0,,1,Nicolò Barella,Inter,Serie A,29.0,1997.0,MF,2026-2027,2024-2025,100.0,exact,Nicolò Barella,Inter Milan,1997-02-07,50.0,29.6,2.754277891854894,CAM,MF,Nicolò Barella,27.47,11.43,45.02,-22.53,-0.583,-44.2,0,0,0,0,1,1,0,0,0,0,0,0,0
nicolo bertola|2003,1798.0,2,0.0,0.05093039512666024,0.0,,0.6680869478379549,0.20419739081111743,2.571428571428571,0.0,7.7142857142857135,1.240304916613961,2.571428571428571,0.0,,0.0,,0,Nicolò Bertola,Udinese,Serie A,22.0,2003.0,"DF,MF",2025-2026,,100.0,exact,Nicolò Bertola,Udinese Calcio,2003-03-23,7.0,23.5,3.753593429158111,FULLBACK,"DF,MF",Nicolò Bertola,6.78,4.11,16.55,-0.22,-0.0277,-2.7,0,0,0,0,1,0,0,0,0,1,0,0,0
nicolo cambiaghi|2000,6328.0,5,0.1318484383000512,0.15488991295442908,0.1501521541829053,0.2758064516129032,2.004330783334387,0.4092600248036378,5.0499172494794715,2.6474827825529865,1.962788959478938,0.49923195084485406,0.331535956435855,1.0714857722492124,0.43548387096774194,0.0,,1,Nicolò Cambiaghi,Bologna,Serie A,25.0,2000.0,"MF,FW",2026-2027,2024-2025,100.0,exact,Nicolò Cambiaghi,Bologna Football Club 1909,2000-12-28,14.0,25.7,2.754277891854894,CAM,"MF,FW",Nicolò Cambiaghi,11.57,6.06,31.87,-2.43,-0.1771,-16.2,0,0,0,0,1,1,0,0,0,0,0,0,0
nicolo casale|1998,8295.0,5,0.007983111284571305,0.03193244513828523,0.03813304194634614,0.04347826086956522,0.43587787613759327,0.0936711901044794,0.7104787815266596,2.865999152599068,1.2945164239680662,1.0282247334527843,3.3898267288094015,1.214236335659969,3.304347826086957,0.0,,1,Nicolò Casale,Bologna,Serie A,27.0,1998.0,DF,2025-2026,2024-2025,100.0,exact,Nicolò Casale,Bologna Football Club 1909,1998-02-14,3.8,28.6,1.754962354551677,CB,DF,Nicolò Casale,5.5,2.15,14.42,1.7,0.3037,35.5,0,0,0,0,1,0,1,0,0,0,0,0,0
nicolo fagioli|2001,6404.0,5,0.06798245614035088,0.14254385964912283,0.07265908079588075,0.18199608610567516,1.1610576923076925,0.2614172731147489,1.8565253321467168,4.7771915326425525,1.7707075201830782,0.6502192982456141,0.7580573390121417,0.8638993071006293,0.17612524461839532,0.0,,1,Nicolò Fagioli,Fiorentina,Serie A,25.0,2001.0,MF,2026-2027,2024-2025,100.0,exact,Nicolò Fagioli,ACF Fiorentina,2001-02-12,16.0,25.6,1.754962354551677,CAM,MF,Nicolò Fagioli,11.62,3.87,26.53,-4.38,-0.298,-25.8,0,0,0,0,1,1,0,0,0,0,0,0,0
nicolo rovella|2001,7909.0,6,0.006411078343377357,0.11539941018079242,0.05006189902827006,0.07284768211920531,0.7647293523074877,0.21254371224851268,1.4820153645259213,4.943612529041668,2.7625621110112437,1.6040518015130145,1.5018569708481018,0.9646073227398377,0.3642384105960265,0.0,,1,Nicolò Rovella,Lazio,Serie A,24.0,2001.0,MF,2026-2027,2024-2025,100.0,exact,Nicolò Rovella,Società Sportiva Lazio S.p.A.,2001-12-04,23.0,24.8,1.754962354551677,CDM,MF,Nicolò Rovella,12.5,5.95,27.63,-10.5,-0.5757,-43.8,0,0,0,0,1,0,0,1,0,0,0,0,0
nicolo savona|2003,2752.0,2,0.13537906137184116,0.029332129963898917,0.026102088167053367,0.06264501160092807,0.3677797833935018,0.23240072202166068,1.8271461716937356,3.080046403712297,1.513921113689095,0.5144404332129964,1.9837587006960558,0.6264501160092808,0.46983758700696054,,,1,Nicolò Savona,Nott'ham Forest,Premier League,22.0,2003.0,DF,2025-2026,2024-2025,100.0,exact,Nicolò Savona,Nottingham Forest,2003-03-19,15.0,23.5,3.753593429158111,FULLBACK,DF,Nicolò Savona,17.18,10.27,37.49,2.18,0.1275,13.6,0,0,0,1,0,0,0,0,0,1,0,0,0
nicolo zaniolo|1999,6790.0,6,0.18795683954054992,0.1770607908715325,0.2513383939272873,0.09012875536480686,2.8490985662234425,0.9065239379635872,3.0707151418298047,2.5637235317618856,1.0535357570914905,0.18250881520604126,0.49260886935677195,0.8485817019576509,0.9012875536480688,0.0,,1,Nicolò Zaniolo,Udinese,Serie A,27.0,1999.0,"FW,MF",2026-2027,2024-2025,100.0,exact,Nicolò Zaniolo,Udinese Calcio,1999-07-02,15.0,27.2,2.754277891854894,WINGER,"FW,MF",Nicolò Zaniolo,12.02,6.44,34.56,-2.98,-0.2063,-18.6,0,0,0,0,1,0,0,0,0,0,0,0,1
niels nkounkou|2000,2266.0,4,0.08939739533514826,0.11588551247148848,0.07684958500029856,0.306282722513089,1.2562549381090335,0.13907826561221706,3.8478533468680958,3.998328058756792,3.520033438824864,1.625708189242881,2.4989550367229953,1.8003224458111902,0.7068062827225131,0.0,,1,Niels Nkounkou,Nice,Ligue 1,25.0,2000.0,"MF,DF",2026-2027,2024-2025,100.0,exact,Niels Nkounkou,Torino FC,2000-11-01,2.6,25.9,1.754962354551677,CAM,"MF,DF",Niels Nkounkou,5.04,2.62,13.07,2.44,0.5173,67.7,0,0,1,0,0,1,0,0,0,0,0,0,0
niklas dorsch|1998,7818.0,5,0.03329193859486882,0.05112690569926282,0.04752331939530395,0.07242136064374542,0.6004438925145983,0.1442384742774721,0.7767770987455773,3.4424252171116114,2.226600192988099,0.9369302718841652,1.4015760694757156,1.068671598584754,0.46086320409656173,0.0,,1,Niklas Dorsch,Heidenheim,Bundesliga,27.0,1998.0,MF,2025-2026,2024-2025,100.0,exact,Niklas Dorsch,1. Fußballclub Heidenheim 1846,1998-01-15,2.5,28.7,1.754962354551677,CDM,MF,Niklas Dorsch,4.8,2.03,14.29,2.3,0.5058,65.8,1,0,0,0,0,0,0,1,0,0,0,0,0
niklas schmidt|1998,2779.0,4,0.09044847368200662,0.08291110087517274,0.09266943291839558,0.3073170731707317,1.4937759336099585,0.43902439024390244,1.5491009681881054,7.252189949285386,2.4296911018902723,0.4296302499895315,1.0557860765329645,0.8114338404794837,0.43902439024390244,0.0,,1,Niklas Schmidt,Toulouse,Ligue 1,28.0,1998.0,MF,2026-2027,2024-2025,100.0,exact,Niklas Schmidt,FC Toulouse,1998-03-01,1.5,28.6,0.7529089664613279,CAM,MF,Niklas Schmidt,3.63,2.29,8.01,2.13,0.616,85.1,0,0,1,0,0,1,0,0,0,0,0,0,0
niklas stark|1995,7999.0,5,0.02836164245422746,0.01843506759524785,0.03260553693550575,0.004273504273504274,0.3970629943591844,0.12848293267392358,0.3539531549683244,2.7583935525117695,1.741867989228355,1.5839977310686035,5.265707034504136,1.4524284634907105,2.0512820512820515,0.0,,1,Niklas Stark,Werder Bremen,Bundesliga,30.0,1995.0,DF,2025-2026,2024-2025,100.0,exact,Niklas Stark,SV Werder Bremen,1995-04-14,2.5,31.5,,CB,DF,Niklas Stark,1.88,1.24,3.56,-0.62,-0.1965,-17.8,1,0,0,0,0,0,1,0,0,0,0,0,0
niklas sule|1995,7008.0,5,0.037920587468148706,0.06500672137396922,0.05411385555208158,0.008547008547008548,0.742160069019482,0.17630176301763018,1.3268717381370403,5.028259457899421,1.1407200750378799,0.9389859754017776,3.2100339113494796,1.1688592799249622,1.0256410256410258,0.0,,1,Niklas Süle,Dortmund,Bundesliga,29.0,1995.0,DF,2025-2026,2024-2025,100.0,exact,Niklas Süle,Borussia Dortmund,1995-09-03,4.0,31.1,0.7529089664613279,CB,DF,Niklas Süle,3.32,1.43,6.82,-0.68,-0.1457,-13.6,1,0,0,0,0,0,1,0,0,0,0,0,0
nikola krstovic|2000,7414.0,4,0.3735653267648446,0.14999213877679365,0.38549543356574684,0.08537782139352305,4.154678027199738,1.3745939476833644,1.2285181184326819,1.761759795737995,0.5700677599921438,0.16791572768722812,0.7512520868113522,0.3888834331729353,2.67909715407262,0.0,,1,Nikola Krstović,Atalanta,Serie A,26.0,2000.0,FW,2026-2027,2024-2025,100.0,exact,Nikola Krstović,US Lecce,2000-04-05,30.0,26.5,3.753593429158111,ST,FW,Nikola Krstović,25.88,12.86,34.58,-4.12,-0.1426,-13.3,0,0,0,0,1,0,0,0,0,0,0,1,0
nikola milenkovic|1997,14548.0,6,0.04772990247396551,0.019215934762245854,0.0756761347780191,0.02972972972972973,0.5665560260959139,0.10818059901654002,0.19874540446752492,2.19493551087761,1.4632903405850732,0.8275249325031682,4.499071793440673,1.011199145807297,2.72972972972973,0.0,,1,Nikola Milenković,Nott'ham Forest,Premier League,28.0,1997.0,DF,2026-2027,2024-2025,100.0,exact,Nikola Milenković,Nottingham Forest,1997-10-12,28.0,29.0,2.754277891854894,CB,DF,Nikola Milenković,26.79,14.05,36.62,-1.21,-0.0426,-4.2,0,0,0,1,0,0,1,0,0,0,0,0,0
nikola moro|1998,5168.0,5,0.06981592514181359,0.07417942046317695,0.051439069197795464,0.05960264900662251,1.1149273888323858,0.11666342601594402,1.6227801592161664,6.861604409063074,2.4617268830373544,0.8945165408794868,1.267605633802817,1.3319044703000613,1.2665562913907285,0.0,,1,Nikola Moro,Bologna,Serie A,28.0,1998.0,MF,2026-2027,2024-2025,100.0,exact,Nikola Moro,Bologna Football Club 1909,1998-03-12,7.0,28.5,0.7529089664613279,CDM,MF,Nikola Moro,4.3,1.87,9.76,-2.7,-0.412,-33.8,0,0,0,0,1,0,0,1,0,0,0,0,0
nikola stulic|2001,1971.0,2,0.17846207680867815,0.0,,,1.7378583967232302,0.4739613809245173,,,,0.08923103840433907,,,,,,0,Nikola Štulić,Lecce,Serie A,25.0,2001.0,FW,2026-2027,,100.0,exact,Nikola Stulic,US Lecce,2001-09-08,3.5,25.1,2.754277891854894,ST,FW,Nikola Štulić,5.18,2.09,13.42,1.68,0.3171,37.3,0,0,0,0,1,0,0,0,0,0,0,1,0
nikola vasilj|1995,6029.0,2,0.0,0.0,0.0,0.0,0.0,0.0,0.0,0.0,0.0,0.01688424909233367,0.6668912091613338,0.0,0.27281913102054567,3.2775307061588888,0.2849444257325699,1,Nikola Vasilj,St Pauli,Bundesliga,29.0,1995.0,GK,2025-2026,2024-2025,100.0,exact,Nikola Vasilj,FC St. Pauli,1995-12-02,4.5,30.8,,GK,GK,Nikola Vasilj,2.76,1.53,4.23,-1.74,-0.38,-31.6,1,0,0,0,0,0,0,0,0,0,1,0,0
nikola vlasic|1997,11483.0,6,0.18210816987240525,0.10783660255189487,0.12305141970708564,0.10203117619272555,1.467774335228627,0.4758239539696159,2.4076467993855797,4.2842151688896335,1.2524143385092699,0.4599123976385451,0.5625598831992457,0.7692424680242728,1.1478507321681626,0.0,,1,Nikola Vlašić,Torino,Serie A,28.0,1997.0,"MF,FW",2026-2027,2024-2025,100.0,exact,Nikola Vlašić,Torino FC,1997-10-04,10.0,29.0,0.7529089664613279,CAM,"MF,FW",Nikola Vlašić,10.02,5.28,23.4,0.02,0.0014,0.1,0,0,0,0,1,1,0,0,0,0,0,0,0
nikolas nartey|2000,2155.0,4,0.24666478578050058,0.18499858933537547,0.03902862098872507,0.0,1.4364596348393859,0.8485072557537666,1.0667823070251516,3.694709453599306,1.743278404163053,0.7399943573415017,3.1743278404163053,1.3790112749349523,4.090909090909091,0.0,,1,Nikolas Nartey,Stuttgart,Bundesliga,25.0,2000.0,MF,2025-2026,2024-2025,100.0,exact,Nikolas Nartey,VfB Stuttgart,2000-02-22,10.0,26.6,1.754962354551677,CAM,MF,Nikolas Nartey,4.62,2.38,9.02,-5.38,-0.6717,-48.9,1,0,0,0,0,1,0,0,0,0,0,0,0
nnamdi collins|2004,3079.0,3,0.05912365603170779,0.09262706111634221,0.046412455992462937,0.06044325050369375,0.2621148750739046,0.08627416010879016,1.7806317250954529,4.177121039321665,1.914513809689096,1.2494799308034246,4.453810680815193,1.2763425397927308,0.7857622565480189,0.0,,1,Nnamdi Collins,Eint Frankfurt,Bundesliga,21.0,2004.0,DF,2025-2026,2024-2025,100.0,exact,Nnamdi Collins,Eintracht Frankfurt,2004-01-10,20.0,22.7,3.753593429158111,CB,DF,Nnamdi Collins,17.09,6.91,30.2,-2.91,-0.1491,-13.8,1,0,0,0,0,0,1,0,0,0,0,0,0
noah atubolu|2002,8787.0,4,0.0,0.0,0.0,0.0,0.0,0.0,0.0,0.05475308963862961,0.0,0.013104812806742555,0.3770141315117067,0.0,0.3901170351105332,2.993674179149437,0.0,1,Noah Atubolu,Eint Frankfurt,Bundesliga,24.0,2002.0,GK,2026-2027,2024-2025,100.0,exact,Noah Atubolu,SC Freiburg,2002-05-25,25.0,24.3,0.7529089664613279,GK,GK,Noah Atubolu,14.66,5.02,23.39,-10.34,-0.5068,-39.8,1,0,0,0,0,0,0,0,0,0,1,0,0
noah cadiou|1998,2322.0,2,0.1124917285493714,0.03749724284979046,,,0.9100585417775413,0.43108036189462484,,,,1.0763914418057499,,,,,,0,Noah Cadiou,Lorient,Ligue 1,27.0,1998.0,MF,2026-2027,,100.0,exact,Noah Cadiou,FC Lorient,1998-10-26,3.0,27.9,2.754277891854894,CM,MF,Noah Cadiou,6.89,2.15,13.63,3.89,0.6789,97.2,0,0,1,0,0,0,0,0,1,0,0,0,0
noah okafor|2000,3202.0,4,0.4323381155486623,0.06785575804575417,0.3480734605689594,0.17841409691629956,2.1708475582603537,0.9599556089891796,4.0511343176089305,1.9704717320849838,0.7713359740727405,0.48468398604110124,0.7518905293482175,0.5509542671948146,0.7929515418502202,0.0,,1,Noah Okafor,Leeds United,Premier League,26.0,2000.0,"FW,MF",2026-2027,2024-2025,100.0,exact,Noah Okafor,Leeds United,2000-05-24,25.0,26.3,2.754277891854894,WINGER,"FW,MF",Noah Okafor,14.53,8.53,24.79,-10.47,-0.5152,-40.3,0,0,0,1,0,0,0,0,0,0,0,0,1
noah sadiki|2004,3299.0,2,0.0,0.02669551410674716,,,0.5919003115264797,0.1557632398753894,,,,0.9751714270758816,,,,,,0,Noah Sadiki,Sunderland,Premier League,21.0,2004.0,MF,2026-2027,,100.0,exact,Noah Sadiki,Sunderland AFC,2004-12-17,35.0,21.8,3.753593429158111,CM,MF,Noah Sadiki,37.52,16.38,41.72,2.52,0.0678,7.0,0,0,0,1,0,0,0,0,1,0,0,0,0
noahkai banks|2006,2363.0,3,0.03811754154313759,0.03811754154313759,0.03237410071942446,0.0,0.4535656820182762,0.2322474877804426,0.6474820143884892,2.5899280575539567,3.5611510791366907,1.1457684546201945,9.06474820143885,1.2949640287769784,2.5899280575539567,,,1,Noahkai Banks,Augsburg,Bundesliga,19.0,2006.0,DF,2026-2027,2024-2025,100.0,exact,Noahkai Banks,FC Augsburg,2006-12-01,20.0,19.8,2.754277891854894,CB,DF,Noahkai Banks,18.81,9.22,32.45,-1.19,-0.0585,-5.7,1,0,0,0,0,0,1,0,0,0,0,0,0
nobel mendy|2004,2154.0,3,0.131589635285517,0.0,0.0,0.0,0.5267111069383157,0.14364848371044972,0.0,2.5,0.0,1.2257330842336123,8.333333333333334,1.6666666666666667,0.8333333333333334,,,1,Nobel Mendy,Hull City,Premier League,22.0,2004.0,DF,2026-2027,2024-2025,100.0,exact,Nobel Mendy,Rayo Vallecano,2004-09-03,7.5,22.1,3.753593429158111,CB,DF,Nobel Mendy,24.73,12.56,31.4,17.23,1.1077,202.7,0,0,0,1,0,0,1,0,0,0,0,0,0
noni madueke|2002,4940.0,4,0.28940845447846186,0.11154284183024052,0.3492242018353314,0.18593212001967538,2.719233603537215,1.0394333843797856,6.731423020883925,3.5543569949643414,1.2169934306382761,0.4084879748107456,0.6993686255463817,0.8857135553794637,0.4869650762420069,0.0,,1,Noni Madueke,Arsenal,Premier League,23.0,2002.0,"FW,MF",2025-2026,2024-2025,100.0,exact,Noni Madueke,Arsenal FC,2002-03-10,50.0,24.6,3.753593429158111,WINGER,"FW,MF",Noni Madueke,34.78,16.0,42.97,-15.22,-0.3544,-29.8,0,0,0,1,0,0,0,0,0,0,0,0,1
nordi mukiele|1997,7818.0,6,0.0717842123072461,0.078310049789723,0.1234231041814316,0.10011123470522804,0.8493937629057025,0.16317885283402525,1.6424521615875265,3.310418143160879,1.8912119064493265,1.3214820902015758,2.8734939759036147,1.451098511693834,1.6017797552836486,0.0,,1,Nordi Mukiele,Sunderland,Premier League,28.0,1997.0,DF,2026-2027,2024-2025,100.0,exact,Nordi Mukiele,Sunderland AFC,1997-11-01,16.0,28.9,2.754277891854894,CB,DF,Nordi Mukiele,17.04,10.28,24.08,1.04,0.0596,6.1,0,0,0,1,0,0,1,0,0,0,0,0,0
noussair mazraoui|1997,6193.0,5,0.006272039249027833,0.075264470988334,0.03851664718524942,0.04756871035940803,0.5184346654821098,0.06543746154850016,1.7765167225971872,4.949474001734473,3.271369857848497,1.0775363429829818,2.719920063346027,1.1181705063911616,1.5856236786469347,0.0,,1,Noussair Mazraoui,Manchester Utd,Premier League,28.0,1997.0,"DF,MF",2026-2027,2024-2025,100.0,exact,Noussair Mazraoui,Manchester United,1997-11-14,18.0,28.9,1.754962354551677,FULLBACK,"DF,MF",Noussair Mazraoui,11.29,4.57,18.04,-6.71,-0.4361,-35.3,0,0,0,1,0,0,0,0,0,1,0,0,0
nuno mendes|2002,6585.0,6,0.1420289373577634,0.24668183856874695,0.09422078474763809,0.26849642004773266,1.4040884114560326,0.7760778859527121,3.0615371520980506,5.951995914545918,1.9303770533662434,0.949351318128208,1.590773682866627,1.3022384883819897,0.805489260143198,0.0,,1,Nuno Mendes,Paris S-G,Ligue 1,24.0,2002.0,DF,2026-2027,2024-2025,100.0,exact,Nuno Mendes,Paris Saint-Germain,2002-06-19,80.0,24.3,2.754277891854894,FULLBACK,DF,Nuno Mendes,42.99,11.57,50.56,-37.01,-0.6105,-45.7,0,0,1,0,0,0,0,0,0,1,0,0,0
nuno tavares|2000,7479.0,6,0.040039483379443616,0.1826801429187115,0.0950956937799043,0.2562277580071174,1.4776964507664687,0.15715837219702292,4.427332535885167,5.198863636363636,1.7606160287081336,0.8771149327809367,2.135167464114833,1.1595394736842102,0.5871886120996441,0.0,,1,Nuno Tavares,Lazio,Serie A,26.0,2000.0,DF,2026-2027,2024-2025,100.0,exact,Nuno Tavares,Società Sportiva Lazio S.p.A.,2000-01-26,12.0,26.7,2.754277891854894,FULLBACK,DF,Nuno Tavares,21.1,6.65,39.13,9.1,0.5305,70.0,0,0,0,0,1,0,0,0,0,1,0,0,0
obite ndicka|1999,14004.0,6,0.0434894221041028,0.0326170665780771,0.03701921920477233,0.018421052631578946,0.5894830077851848,0.16696289713397025,0.8280614822120126,3.108748466552811,1.027229211266928,1.1748939190311523,3.949799148485796,1.2935078055468694,1.6052631578947367,0.0,,1,Obite N'Dicka,Roma,Serie A,27.0,1999.0,DF,2026-2027,2024-2025,80.0,surname,Evan Ndicka,Associazione Sportiva Roma,1999-08-20,35.0,27.1,1.754962354551677,CB,DF,Obite N'Dicka,13.77,5.35,35.19,-21.23,-0.8912,-59.0,0,0,0,0,1,0,1,0,0,0,0,0,0
odilon kossounou|2001,7600.0,6,0.035389664403139696,0.009527986570076072,0.02798813056379822,0.0,0.35284533527944195,0.19763852200757454,1.6173293768545998,5.037863501483679,1.3438575667655788,1.135191542777635,2.4227893175074184,1.39513353115727,1.84,0.0,,1,Odilon Kossounou,Atalanta,Serie A,25.0,2001.0,DF,2026-2027,2024-2025,100.0,exact,Odilon Kossounou,Atalanta BC,2001-01-04,15.0,25.7,2.754277891854894,CB,DF,Odilon Kossounou,20.07,6.39,34.38,5.07,0.2752,31.7,0,0,0,0,1,0,1,0,0,0,0,0,0
odsonne edouard|1998,6984.0,6,0.4487232053531891,0.09889623275876208,0.30460549803641557,0.0,2.7909477241308687,1.4974580187952546,1.8154230631917172,2.0339164584077114,1.2820421278114957,0.20222065504403586,1.1021063905747945,0.9350232059978579,1.25,0.0,,1,Odsonne Édouard,Lens,Ligue 1,28.0,1998.0,FW,2026-2027,2024-2025,100.0,exact,Odsonne Édouard,RC Lens,1998-01-16,12.0,28.7,1.754962354551677,ST,FW,Odsonne Édouard,6.67,3.06,13.66,-5.33,-0.5275,-41.0,0,0,1,0,0,0,0,0,0,0,0,1,0
odysseas vlachodimos|1994,3600.0,2,0.0,0.0,,,0.0,0.0,,,,0.02425106990014266,,,,2.6666666666666665,,0,Odysseas Vlachodimos,Sevilla,La Liga,32.0,1994.0,GK,2026-2027,,100.0,exact,Odysseas Vlachodimos,Sevilla FC,1994-04-26,3.0,32.4,0.7529089664613279,GK,GK,Odysseas Vlachodimos,1.73,0.77,3.6,-1.27,-0.3833,-31.8,0,1,0,0,0,0,0,0,0,0,1,0,0
ohis felix uduokhai|1997,5428.0,4,0.03998716461382766,0.011107545726063239,0.037165722097228945,,0.3614046079799505,,0.7663828211773417,3.1398627289038243,1.2841397772904621,1.3706711425962037,5.057101358471222,1.4507447384159713,,0.0,,0,Ohis Felix Uduokhai,Union Berlin,Bundesliga,29.0,1997.0,DF,2026-2027,,95.0,fuzzy,Felix Uduokhai,Beşiktaş Jimnastik Kulübü,1997-09-09,3.5,29.1,0.7529089664613279,CB,DF,Ohis Felix Uduokhai,2.9,1.58,6.14,-0.6,-0.1444,-13.4,1,0,0,0,0,0,1,0,0,0,0,0,0
oier zarraga|1999,3793.0,5,0.09916196454208541,0.0,0.08104772353263852,0.04017857142857143,0.9735901973222931,0.13689600973482738,1.0038398244651674,3.1637410861217776,1.522216127262754,0.8353644285666589,1.205430608886451,0.9503565551289085,0.6026785714285714,0.0,,1,Oier Zarraga,Udinese,Serie A,26.0,1999.0,MF,2025-2026,2024-2025,100.0,exact,Oier Zarraga,Udinese Calcio,1999-01-04,1.5,27.7,0.7529089664613279,CM,MF,Oier Zarraga,3.35,1.58,8.79,1.85,0.5529,73.8,0,0,0,0,1,0,0,0,1,0,0,0,0
oihan sancet|2000,9851.0,6,0.3608903857285692,0.07198863337367783,0.3769668194114725,0.10555555555555556,2.268720127456187,0.8325559701492536,3.098879257991498,5.3099983437310225,0.8264782200629384,0.26143240540967216,0.3213161817479158,0.3792855959807873,0.6666666666666666,0.0,,1,Oihan Sancet,Athletic Club,La Liga,26.0,2000.0,MF,2026-2027,2024-2025,100.0,exact,Oihan Sancet,Athletic Bilbao,2000-04-25,25.0,26.4,5.754962354551677,CAM,MF,Oihan Sancet,28.59,17.85,48.13,3.59,0.1294,13.8,0,1,0,0,0,1,0,0,0,0,0,0,0
ola aina|1996,8894.0,6,0.03808193964012567,0.025705309257084828,0.021834345539508606,0.042070116861435726,0.5150826235960775,0.058697729444419165,2.3416969243043457,3.462722047641533,1.8713059901981537,1.1462663831677826,3.1418011299802986,1.0360323688880928,0.3906510851419032,0.0,,1,Ola Aina,Nott'ham Forest,Premier League,29.0,1996.0,DF,2026-2027,2024-2025,100.0,exact,Ola Aina,Nottingham Forest,1996-10-08,18.0,30.0,1.754962354551677,CB,DF,Ola Aina,6.7,4.49,17.74,-11.3,-0.9036,-59.5,0,0,0,1,0,0,1,0,0,0,0,0,0
olasagasti|2000,3519.0,5,0.08295848388761891,0.19578202197478065,0.1211750305997552,0.08401400233372229,1.5093699076588811,0.3966124227578227,1.3769889840881275,3.8004895960832314,2.674418604651163,0.9291350195413318,1.1015911872705018,0.8078335373317015,1.2602100350058343,0.0,,1,Olasagasti,Levante,La Liga,26.0,2000.0,MF,2026-2027,2024-2025,90.0,fuzzy,Jon Ander Olasagasti,Levante UD,2000-08-16,2.5,26.1,1.754962354551677,CM,MF,Olasagasti,3.36,2.0,12.29,0.86,0.2198,24.6,0,1,0,0,0,0,0,0,1,0,0,0,0
oleksandr zinchenko|1996,5767.0,5,0.030706243602865915,0.10747185261003071,0.054462934947049915,0.03415559772296015,1.1295511039625676,0.2380952380952381,2.2838466588644994,10.39419975451717,1.9729968886478464,0.9146073987425063,1.5002997174092998,0.9967744697856307,2.049335863377609,0.0,,1,Oleksandr Zinchenko,Nott'ham Forest,Premier League,28.0,1996.0,"DF,MF",2025-2026,2024-2025,100.0,exact,Oleksandr Zinchenko,Ajax Amsterdam,1996-12-15,8.0,29.8,,FULLBACK,"DF,MF",Oleksandr Zinchenko,12.22,4.01,18.75,4.22,0.3846,46.9,0,0,0,1,0,0,0,0,0,1,0,0,0
oliver baumann|1990,15030.0,6,0.0,0.005754475703324808,0.0,0.03571428571428571,0.0,0.0,0.0,0.029801324503311258,0.03863134657836644,0.023657289002557546,0.5286975717439295,0.0,0.2857142857142857,3.211590296495957,0.03928571428571429,1,Oliver Baumann,Hoffenheim,Bundesliga,36.0,1990.0,GK,2026-2027,2024-2025,100.0,exact,Oliver Baumann,TSG 1899 Hoffenheim,1990-06-02,2.5,36.3,1.754962354551677,GK,GK,Oliver Baumann,3.83,1.21,6.04,1.33,0.3223,38.0,1,0,0,0,0,0,0,0,0,0,1,0,0
oliver burke|1997,2872.0,4,0.3818312559923298,0.07334611697027804,0.3906343061346039,0.1685022026431718,2.3147171620325984,0.9226279557018857,2.4054496724240617,1.541095890410959,0.9916617033948778,0.20278044103547457,0.52263251935676,1.809112567004169,3.964757709251101,0.0,,1,Oliver Burke,Union Berlin,Bundesliga,28.0,1997.0,"FW,MF",2025-2026,2024-2025,100.0,exact,Oliver Burke,1.FC Union Berlin,1997-04-07,3.0,29.5,2.754277891854894,WINGER,"FW,MF",Oliver Burke,4.4,2.99,8.04,1.4,0.3004,35.0,1,0,0,0,0,0,0,0,0,0,0,0,1
oliver christensen|1999,3416.0,3,0.0,0.0,0.0,,0.0,0.0,0.0,0.04975124378109452,0.02487562189054726,0.0,0.5920398009950248,0.0,,3.047258592471358,,0,Oliver Christensen,Fiorentina,Serie A,26.0,1999.0,GK,2025-2026,,100.0,exact,Oliver Christensen,Sportklub Puntigamer Sturm Graz,1999-03-22,1.4,27.5,1.754962354551677,GK,GK,Oliver Christensen,3.98,1.67,10.58,2.58,0.7301,107.5,0,0,0,0,1,0,0,0,0,0,1,0,0
oliver mcburnie|1996,3558.0,3,0.1892765880464033,0.25440401619140224,0.3165164825852377,0.13718018508437668,1.7668992401344594,0.587915078933043,0.3686336544165419,1.5787689613287759,0.8847207705997006,0.2910381945229642,1.433857800627101,0.9076014801841756,4.262384322264562,0.0,,1,Oliver McBurnie,Hull City,Premier League,30.0,1996.0,FW,2026-2027,2024-2025,88.88888888888889,fuzzy,Oli McBurnie,UD Las Palmas,1996-06-04,2.5,30.3,1.754962354551677,ST,FW,Oliver McBurnie,6.21,3.88,11.19,3.71,0.7234,106.1,0,0,0,1,0,0,0,0,0,0,0,1,0
olivier deman|2000,3046.0,4,0.07558669674137353,0.09286365599654461,0.06772575250836121,0.13432835820895522,0.8432441840227417,0.20685925458560547,1.7786561264822136,2.818485861964123,2.25752508361204,0.8962422613620004,3.372605655214351,1.74445120097294,5.3731343283582085,0.0,,1,Olivier Deman,Werder Bremen,Bundesliga,26.0,2000.0,"DF,MF",2026-2027,2024-2025,100.0,exact,Olivier Deman,SV Werder Bremen,2000-04-06,3.5,26.5,1.754962354551677,FULLBACK,"DF,MF",Olivier Deman,2.98,1.82,10.63,-0.52,-0.1233,-11.6,1,0,0,0,0,0,0,0,0,1,0,0,0
olivier giroud|1986,8259.0,5,0.4762602793943037,0.2110848883742066,0.5309964751300843,,2.641563257737841,0.8949658172778123,0.3952889833827561,1.2034912997258433,0.5614614222570357,0.18865711898444718,0.8837352431041234,0.5211771946511498,,0.0,,0,Olivier Giroud,Lille,Ligue 1,39.0,1986.0,FW,2026-2027,,100.0,exact,Olivier Giroud,LOSC Lille,1986-09-30,0.9,40.0,0.7529089664613279,ST,FW,Olivier Giroud,2.18,1.26,3.19,1.28,0.5135,67.1,0,0,1,0,0,0,0,0,0,0,0,1,0
ollie watkins|1995,14733.0,5,0.5079642946072179,0.2078035750665892,0.48681556024968553,0.11431870669745957,2.7245357619841695,1.2221314772602607,1.7847055752023353,1.2955403128189307,0.3919730377613747,0.2030498985127783,0.6664609688367787,0.5682006977903307,1.8013856812933027,0.0,,1,Ollie Watkins,Aston Villa,Premier League,29.0,1995.0,FW,2025-2026,2024-2025,100.0,exact,Ollie Watkins,Aston Villa,1995-12-30,25.0,30.7,1.754962354551677,ST,FW,Ollie Watkins,24.78,13.84,41.6,-0.22,-0.0085,-0.8,0,0,0,1,0,0,0,0,0,0,0,1,0
omar alderete|1996,12414.0,5,0.02901186097450097,0.023060710005372565,0.045969027091079966,0.027263547627061596,0.9216845063437616,0.2955133485711634,0.8654435500347321,3.672618804396682,1.3386180688922487,1.0779022192833823,5.96126343317125,1.1510644383606423,3.0595759003702456,0.0,,1,Omar Alderete,Sunderland,Premier League,28.0,1996.0,DF,2025-2026,2024-2025,100.0,exact,Omar Alderete,Sunderland AFC,1996-12-26,13.0,29.8,2.754277891854894,CB,DF,Omar Alderete,16.33,11.11,28.86,3.33,0.2133,23.8,0,0,0,1,0,0,1,0,0,0,0,0,0
omar el hilali|2003,6594.0,4,0.0,0.07203529729567489,0.0,0.02283539486203616,0.04324457207987396,0.0,0.9879611088325411,2.3711066611980987,3.1658182344568027,1.2480115256475675,4.158122029482014,1.5069121088566675,1.027592768791627,0.0,,1,Omar El Hilali,Espanyol,La Liga,23.0,2003.0,DF,2026-2027,2024-2025,100.0,exact,Omar El Hilali,RCD Espanyol Barcelona,2003-09-12,15.0,23.0,0.7529089664613279,CB,DF,Omar El Hilali,9.67,4.73,21.18,-5.33,-0.4053,-33.3,0,1,0,0,0,0,1,0,0,0,0,0,0
omar marmoush|1999,9010.0,6,0.5099392929413165,0.2538983454350673,0.4559926526863616,0.3088067098741899,3.6720186456040405,1.5965564468792801,3.270472983315475,2.7442216439614264,0.8899433644573702,0.3063920961790263,0.22041940915352823,0.7246288075922241,0.4117422798322532,0.0,,1,Omar Marmoush,Tottenham,Premier League,27.0,1999.0,"FW,MF",2026-2027,2024-2025,100.0,exact,Omar Marmoush,Manchester City,1999-02-07,50.0,27.6,2.754277891854894,WINGER,"FW,MF",Omar Marmoush,74.65,50.16,107.34,24.65,0.3943,48.3,0,0,0,1,0,0,0,0,0,0,0,0,1
omar mascarell|1993,10742.0,5,0.04437730148239071,0.036823718251345484,0.020591728377811935,0.009036144578313256,0.33896704749315454,0.10835066214293532,0.6240394019840716,3.681360905407294,1.5797471007405337,1.7297705599093571,2.217933491686461,1.5467374598295376,1.9879518072289157,0.0,,1,Omar Mascarell,Mallorca,La Liga,32.0,1993.0,"MF,DF",2025-2026,2024-2025,100.0,exact,Omar Mascarell,RCD Mallorca,1993-02-02,0.7,33.7,0.0,CDM,"MF,DF",Omar Mascarell,1.61,1.05,3.1,0.91,0.427,53.3,0,1,0,0,0,0,0,1,0,0,0,0,0
omar traore|1998,6589.0,3,0.0,0.071539505704817,0.014718430034129693,0.055045871559633024,0.5249899110953494,0.11037379252414953,3.020477815699659,3.556420648464164,1.903796928327645,1.0147603732283272,2.150170648464164,1.1886732081911264,0.5160550458715596,0.0,,1,Omar Traoré,Heidenheim,Bundesliga,27.0,1998.0,"DF,MF",2025-2026,2024-2025,100.0,exact,Omar Traoré,1. Fußballclub Heidenheim 1846,1998-02-04,2.0,28.6,,FULLBACK,"DF,MF",Omar Traoré,3.63,1.72,9.55,1.63,0.4335,54.3,1,0,0,0,0,0,0,0,0,1,0,0,0
omari hutchinson|2003,4294.0,3,0.08078217663087033,0.16012181439333226,0.10070042144001899,0.1219512195121951,1.4569642570924828,0.6084303492573263,3.3816109693120433,2.604321244138422,1.1111770641657268,0.4832505209168136,0.5208642488276845,0.9375556478898319,0.20905923344947736,0.0,,1,Omari Hutchinson,Nott'ham Forest,Premier League,21.0,2003.0,"MF,FW",2025-2026,2024-2025,100.0,exact,Omari Hutchinson,Nottingham Forest,2003-10-30,30.0,22.9,3.753593429158111,CM,"MF,FW",Omari Hutchinson,15.94,12.21,38.24,-14.06,-0.6045,-45.4,0,0,0,1,0,0,0,0,1,0,0,0,0
or e petrovic|1999,8647.0,4,0.0,0.0,0.0,0.0,0.0,0.0,0.021605451221538972,0.03656307129798903,0.021605451221538972,0.0,0.698022270234336,0.0,0.12903225806451613,3.157810371082792,0.31935483870967746,1,Đorđe Petrović,Bournemouth,Premier League,26.0,1999.0,GK,2026-2027,2024-2025,80.0,surname,Djordje Petrovic,AFC Bournemouth,1999-10-08,28.0,27.0,3.753593429158111,GK,GK,Đorđe Petrović,22.12,17.31,33.73,-5.88,-0.2264,-20.3,0,0,0,1,0,0,0,0,0,0,1,0,0
orel mangala|1998,7660.0,6,0.06559461596911005,0.015351931397025759,0.0756971252345317,0.04066265060240964,0.8476416949089071,0.3518228952349601,0.8287864737216676,2.9677154995794606,1.3256701675688498,1.4737854141144726,1.5139425046906339,0.7608531562034981,0.4066265060240964,0.0,,1,Orel Mangala,Getafe,La Liga,28.0,1998.0,MF,2026-2027,2024-2025,100.0,exact,Orel Mangala,Olympique Lyon,1998-03-18,9.0,28.5,1.754962354551677,CM,MF,Orel Mangala,3.44,2.27,12.36,-5.56,-0.811,-55.6,0,1,0,0,0,0,0,0,1,0,0,0,0
oriol rey|1998,1792.0,2,0.0,0.04798795596399335,,,0.5458680818802123,0.06823351023502654,,,,0.8016811466925948,,,,,,0,Oriol Rey,Levante,La Liga,28.0,1998.0,MF,2026-2027,,100.0,exact,Oriol Rey,Levante UD,1998-02-25,1.8,28.6,0.7529089664613279,CM,MF,Oriol Rey,2.06,1.28,4.87,0.26,0.0897,9.4,0,1,0,0,0,0,0,0,1,0,0,0,0
orir johann helgason|2000,1644.0,4,0.0,0.22267688062045013,0.08978807782872722,0.0856401384083045,1.299028813650266,0.5083585325497803,1.5057627958854876,2.8107572189862435,0.7807658941628454,0.7022886234952657,0.8811500805552112,0.5911513198661544,1.3235294117647058,0.0,,1,Þórir Jóhann Helgason,Venezia,Serie A,26.0,2000.0,MF,2026-2027,2024-2025,95.23809523809523,fuzzy,Thórir Jóhann Helgason,US Lecce,2000-09-28,1.8,26.0,2.754277891854894,CM,MF,Þórir Jóhann Helgason,3.41,1.87,8.98,1.61,0.4539,57.4,0,0,0,0,1,0,0,0,1,0,0,0,0
orri steinn oskarsson|2004,2091.0,3,0.5833613599535268,0.0,0.4957627118644068,0.019067796610169493,2.400725431669626,1.4077908338685912,0.5720338983050848,0.8580508474576272,0.5720338983050848,0.11832329470755495,1.048728813559322,0.9533898305084746,2.955508474576271,,,1,Orri Steinn Óskarsson,Real Sociedad,La Liga,22.0,2004.0,FW,2026-2027,2024-2025,80.0,surname,Orri Óskarsson,Real Sociedad,2004-08-29,20.0,22.1,3.753593429158111,ST,FW,Orri Steinn Óskarsson,14.41,10.74,27.41,-5.59,-0.3096,-26.6,0,1,0,0,0,0,0,0,0,0,0,1,0
osame sahraoui|2001,1898.0,3,0.18398189384536762,0.23983354019128278,0.20185614849187933,0.2505800464037123,1.782704575884067,0.6095928172009135,4.802784222737819,6.194895591647332,0.9048723897911832,0.6537928013433599,0.5568445475638051,0.974477958236659,0.0,,,1,Osame Sahraoui,Lille,Ligue 1,25.0,2001.0,MF,2026-2027,2024-2025,100.0,exact,Osame Sahraoui,LOSC Lille,2001-06-11,9.0,25.3,2.754277891854894,CAM,MF,Osame Sahraoui,11.3,3.71,26.57,2.3,0.207,23.0,0,0,1,0,0,1,0,0,0,0,0,0,0
oscar bobb|2003,1700.0,4,0.02950927174031841,0.08524900724980873,0.38755980861244016,0.5625,1.049103890426927,0.2568406916233003,3.9986329460013668,7.320574162679426,1.9377990430622005,0.977084775401654,0.27682843472317153,1.1073137388926861,0.0,0.0,,1,Oscar Bobb,Fulham,Premier League,23.0,2003.0,"MF,FW",2026-2027,2024-2025,100.0,exact,Oscar Bobb,Manchester City,2003-07-12,28.0,23.2,4.7529089664613275,CAM,"MF,FW",Oscar Bobb,17.15,12.14,33.91,-10.85,-0.4684,-37.4,0,0,0,1,0,1,0,0,0,0,0,0,0
oscar h jlund|2005,1811.0,2,0.09677766228180222,0.05484067529302126,0.12465373961218837,0.13711911357340723,0.6355066489838347,0.24839599985662572,2.119113573407202,6.10803324099723,2.6177285318559558,0.5935696619950537,1.371191135734072,1.8698060941828252,0.8725761772853186,,,1,Oscar Højlund,Eint Frankfurt,Bundesliga,20.0,2005.0,MF,2025-2026,2024-2025,100.0,exact,Oscar Højlund,Eintracht Frankfurt,2005-01-04,15.0,21.7,2.754277891854894,CDM,MF,Oscar Højlund,13.95,6.48,26.57,-1.05,-0.0678,-6.6,1,0,0,0,0,0,0,1,0,0,0,0,0
oscar mingueza|1999,9873.0,5,0.07519952364031,0.1434841485550743,0.05794783986867987,0.184683034078417,0.8194154989771713,0.2807073535171833,2.17654633704558,5.808793354748326,1.639096041999802,0.5791227682644564,1.538483309040995,1.0914571157683217,0.36277024551117626,0.0,,1,Óscar Mingueza,Celta Vigo,La Liga,26.0,1999.0,"MF,DF",2025-2026,2024-2025,100.0,exact,Óscar Mingueza,Celta de Vigo,1999-05-13,18.0,27.4,3.753593429158111,CAM,"MF,DF",Óscar Mingueza,26.67,8.21,44.76,8.67,0.3758,45.6,0,1,0,0,0,1,0,0,0,0,0,0,0
oscar trejo|1988,6172.0,5,0.08487033698516155,0.1372902510054084,0.10578153360906954,0.1814516129032258,0.9959783663846901,0.4350269784172663,2.2307852530722765,6.646829529562294,1.7969470645996368,0.4068783802523922,0.5570268098907964,1.3738209301633588,0.907258064516129,0.0,,1,Óscar Trejo,Rayo Vallecano,La Liga,37.0,1988.0,MF,2025-2026,2024-2025,100.0,exact,Óscar Trejo,Rayo Vallecano,1988-04-26,0.3,38.4,,CAM,MF,Óscar Trejo,0.79,0.62,2.29,0.49,0.3205,37.8,0,1,0,0,0,1,0,0,0,0,0,0,0
oscar valentin|1994,12132.0,6,0.021411120972833493,0.0,0.03463846293714771,0.044141689373296995,0.44889984192284654,0.12209419173310107,0.7418631432208013,4.433450512152253,3.1938299290866117,1.234433474549131,1.864203891144918,1.961027941087339,1.6185286103542234,0.0,,1,Óscar Valentín,Rayo Vallecano,La Liga,32.0,1994.0,MF,2026-2027,2024-2025,100.0,exact,Óscar Valentín,Rayo Vallecano,1994-08-20,2.0,32.1,0.7529089664613279,CDM,MF,Óscar Valentín,3.42,1.99,7.46,1.42,0.3867,47.2,0,1,0,0,0,0,0,1,0,0,0,0,0
otavio ataide|2002,2073.0,2,0.04278882456581928,0.0,,,0.5681220410310363,0.14203051025775906,,,,1.306317644097659,,,,,,0,Otavio Ataide,Paris FC,Ligue 1,24.0,2002.0,DF,2026-2027,,90.0,fuzzy,Otávio,Paris FC,2002-04-21,10.0,24.4,3.753593429158111,CB,DF,Otavio Ataide,8.66,3.48,23.81,-1.34,-0.1296,-12.2,0,0,1,0,0,0,1,0,0,0,0,0,0
oumar solet|2000,4848.0,3,0.07541339897092132,0.050668377433587763,0.043062200956937795,0.06459330143540669,0.8957647940698786,0.24111939366176655,1.076555023923445,3.4988038277511957,1.776315789473684,1.3197344819911232,4.198564593301435,1.7224880382775118,1.076555023923445,,,1,Oumar Solet,Udinese,Serie A,26.0,2000.0,DF,2026-2027,2024-2025,100.0,exact,Oumar Solet,Udinese Calcio,2000-02-07,23.0,26.6,0.7529089664613279,CB,DF,Oumar Solet,6.08,2.27,12.38,-16.92,-1.2206,-70.5,0,0,0,0,1,0,1,0,0,0,0,0,0
ousmane camara|2003,3941.0,4,0.025046245518686467,0.029466171198454665,0.035198095561979253,0.0,0.4129629274099104,0.15460167333575847,0.229552797143343,1.8211188573371873,1.5609590205747321,1.1388675168202729,4.728787621152865,0.5050161537153545,1.4285714285714286,0.0,,1,Ousmane Camara,Angers,Ligue 1,23.0,2003.0,DF,2026-2027,2024-2025,100.0,exact,Ousmane Camara,Angers SCO,2003-03-06,8.0,23.6,2.754277891854894,CB,DF,Ousmane Camara,10.73,5.43,24.76,2.73,0.2649,30.3,0,0,1,0,0,0,1,0,0,0,0,0,0
ousmane dembele|1997,7328.0,6,0.6560286288371001,0.46199199213880293,0.5490721380031365,0.4265895953757225,3.849928887360705,2.0924040334311282,7.776398327234708,6.837428123366439,0.8958442237323574,0.2613554698385228,0.15290120230005227,0.39989545216936745,0.20809248554913298,0.0,,1,Ousmane Dembélé,Paris S-G,Ligue 1,29.0,1997.0,FW,2026-2027,2024-2025,100.0,exact,Ousmane Dembélé,Paris Saint-Germain,1997-05-15,100.0,29.4,1.754962354551677,WINGER,FW,Ousmane Dembélé,29.03,13.45,50.66,-70.97,-1.213,-70.3,0,0,1,0,0,0,0,0,0,0,0,0,1
ozan kabak|2000,7691.0,5,0.1697420090360174,0.012667314107165479,0.07053784744478761,,1.2554416514534474,0.6167904054825813,0.8443563894877921,3.6973369850241826,1.8539129421362393,1.5365452011991727,3.7261814579569963,1.5733348872443331,,0.0,,0,Ozan Kabak,Hoffenheim,Bundesliga,26.0,2000.0,DF,2026-2027,,100.0,exact,Ozan Kabak,TSG 1899 Hoffenheim,2000-03-25,15.0,26.5,3.753593429158111,CB,DF,Ozan Kabak,15.98,7.01,27.52,0.98,0.0592,6.1,1,0,0,0,0,0,1,0,0,0,0,0,0
pablo barrios|2003,6565.0,5,0.03290997294068891,0.11299090709636528,0.05166475315729047,0.0927038626609442,1.159544009876284,0.31677687221282486,1.484187454336708,5.604216678843544,2.0628326896983613,1.4491358084883352,1.2681348502244023,0.8905124726020249,1.351931330472103,0.0,,1,Pablo Barrios,Atlético Madrid,La Liga,23.0,2003.0,MF,2026-2027,2024-2025,100.0,exact,Pablo Barrios,Atlético de Madrid,2003-06-15,55.0,23.3,3.753593429158111,CDM,MF,Pablo Barrios,28.63,10.33,37.39,-26.37,-0.6366,-47.1,0,1,0,0,0,0,0,1,0,0,0,0,0
pablo duran|2001,3101.0,4,0.23900351971673658,0.16312938647332814,0.2301387826467053,0.1807747489239598,2.0464645989606605,0.79061090514086,1.5342585509780353,1.917823188722544,1.0867664736094418,0.4324825594874281,1.1998688667905146,0.816304229046006,0.8393113342898136,0.0,,1,Pablo Durán,Celta Vigo,La Liga,25.0,2001.0,"FW,MF",2026-2027,2024-2025,100.0,exact,Pablo Durán,Celta de Vigo,2001-05-25,4.0,25.3,1.754962354551677,ST,"FW,MF",Pablo Durán,4.03,2.17,16.45,0.03,0.0056,0.6,0,1,0,0,0,0,0,0,0,0,0,1,0
pablo fornals|1996,11000.0,6,0.19327545208206603,0.10866559752253498,0.11024656030731841,0.1625615763546798,1.3277620225668256,0.4464644505106211,1.8486143232331147,6.680059582141037,1.4764219356356079,1.1223248354808384,0.7496766100897652,1.213594135862961,0.8866995073891625,0.0,,1,Pablo Fornals,Betis,La Liga,30.0,1996.0,MF,2026-2027,2024-2025,100.0,exact,Pablo Fornals,Real Betis Balompié,1996-02-22,8.0,30.6,2.754277891854894,CAM,MF,Pablo Fornals,14.99,5.21,32.09,6.99,0.575,77.7,0,1,0,0,0,1,0,0,0,0,0,0,0
pablo ibanez|1998,6325.0,5,0.06467564736547222,0.05809846288762759,0.13288219009535526,0.11128284389489954,1.7892288931113696,0.4694167852062589,1.6111965549061826,4.3214395570593656,1.569670870501384,0.9558841441134198,1.5115349123346662,1.630575207628422,1.321483771251932,0.0,,1,Pablo Ibáñez,Alavés,La Liga,28.0,1998.0,MF,2026-2027,2024-2025,100.0,exact,Pablo Ibáñez,Deportivo Alavés,1998-09-20,4.0,28.0,3.753593429158111,CAM,MF,Pablo Ibáñez,10.79,5.75,22.16,6.79,0.858,135.8,0,1,0,0,0,1,0,0,0,0,0,0,0
pablo maffeo|1997,12733.0,6,0.029364036782319757,0.08191020786647091,0.03272220932931075,0.1558277027027027,0.3865719043762342,0.035508561508719325,1.9758644697145507,2.4256207936876306,2.2808076119749363,1.0184684336604588,2.887909027616616,1.077744256207937,0.7981418918918919,0.0,,1,Pablo Maffeo,Valencia,La Liga,29.0,1997.0,DF,2026-2027,2024-2025,100.0,exact,Pablo Maffeo,RCD Mallorca,1997-07-12,3.0,29.2,2.754277891854894,CB,DF,Pablo Maffeo,8.01,4.26,21.52,5.01,0.8123,125.3,0,1,0,0,0,0,1,0,0,0,0,0,0
pablo marin|2003,3101.0,3,0.026933081650974886,0.08908634699937845,0.12162841346959288,0.07263922518159806,1.116687000759651,0.3436516894406954,1.5329200871167699,3.317138549170715,1.8847378120288154,0.49308257176400166,0.9649857597587534,0.8091807672977048,1.307506053268765,0.0,,1,Pablo Marín,Real Sociedad,La Liga,22.0,2003.0,MF,2025-2026,2024-2025,100.0,exact,Pablo Marín,Real Sociedad,2003-07-03,7.0,23.2,2.754277891854894,CM,MF,Pablo Marín,8.25,4.74,23.23,1.25,0.1454,15.7,0,1,0,0,0,0,0,0,1,0,0,0,0
pablo mari|1993,10157.0,5,0.009185131426757082,0.0,0.014627266621893887,0.0033015407190022015,0.27453337264418387,0.023793061373896775,0.1728676964405641,2.424983210208193,1.3490933512424443,1.69924931395006,4.933378106111484,1.2995298858294155,2.3440939104915626,0.0,,1,Pablo Marí,Fiorentina,Serie A,31.0,1993.0,DF,2025-2026,2024-2025,100.0,exact,Pablo Marí,Al-Hilal Saudi Football Club,1993-08-31,2.0,33.1,,CB,DF,Pablo Marí,1.51,0.92,3.08,-0.49,-0.178,-16.3,0,0,0,0,1,0,1,0,0,0,0,0,0
pablo martinez|1998,2820.0,3,0.03920965633889444,0.24679018989774734,0.06859756097560976,,1.363097229402999,0.1938610662358643,1.0975609756097562,2.743902439024391,2.057926829268293,1.044822018912893,0.6859756097560977,0.8231707317073171,,0.0,,0,Pablo Martínez,Málaga,La Liga,28.0,1998.0,MF,2026-2027,,100.0,exact,Pablo Martínez,Levante UD,1998-02-22,3.0,28.6,,CAM,MF,Pablo Martínez,1.88,1.39,6.71,-1.12,-0.3272,-27.9,0,1,0,0,0,1,0,0,0,0,0,0,0
pablo pagis|2002,2280.0,3,0.4439598099540462,0.24534621076407817,0.05454545454545455,,2.9581644701151992,0.9738041002277902,0.5454545454545455,2.7272727272727275,5.454545454545455,0.9182958174312641,0.5454545454545455,1.090909090909091,,0.0,,0,Pablo Pagis,Paris FC,Ligue 1,23.0,2002.0,"MF,FW",2026-2027,,100.0,exact,Pablo Pagis,FC Lorient,2002-12-29,15.0,23.7,0.7529089664613279,CAM,"MF,FW",Pablo Pagis,8.06,4.08,18.81,-6.94,-0.5689,-43.4,0,0,1,0,0,1,0,0,0,0,0,0,0
pablo rosario|1997,8308.0,5,0.06276262852033974,0.03540455967814037,0.10891089108910891,0.030422535211267605,0.7628073312472061,0.41272132818139357,0.8716117513390684,4.749229021262782,1.723746145106314,1.3759499329459097,1.8763187794189256,1.02418438565168,1.2169014084507044,0.0,,1,Pablo Rosario,Nice,Ligue 1,28.0,1997.0,"MF,DF",2025-2026,2024-2025,100.0,exact,Pablo Rosario,OGC Nice,1997-01-07,8.0,29.7,2.754277891854894,CDM,"MF,DF",Pablo Rosario,7.74,3.85,18.85,-0.26,-0.0292,-2.9,0,0,1,0,0,0,0,1,0,0,0,0,0
pablo torre|2003,2754.0,4,0.251817373568328,0.23298990638564926,0.10091328329867079,0.23225806451612904,1.4708958736467759,0.7381539743055778,2.5228320824667696,7.006962654851253,0.9765801609548784,0.5601171486846923,1.0091328329867078,0.7731259607559454,0.29032258064516125,0.0,,1,Pablo Torre,Mallorca,La Liga,22.0,2003.0,"MF,FW",2025-2026,2024-2025,100.0,exact,Pablo Torre,RCD Mallorca,2003-04-03,5.0,23.5,2.754277891854894,CAM,"MF,FW",Pablo Torre,24.93,11.01,36.71,19.93,1.4636,332.2,0,1,0,0,0,1,0,0,0,0,0,0,0
panos katseris|2001,1964.0,3,0.09144911677348758,0.3622791933718931,0.1815561959654179,,1.1092985318107667,0.48192771084337344,2.07492795389049,1.8155619596541788,2.2478386167146973,1.1923557917773957,1.5561959654178674,1.7291066282420748,,0.0,,0,Panos Katseris,Lorient,Ligue 1,25.0,2001.0,"MF,DF",2026-2027,,100.0,exact,Panos Katseris,FC Lorient,2001-07-05,2.0,25.2,1.754962354551677,CAM,"MF,DF",Panos Katseris,3.25,2.11,15.9,1.25,0.3472,41.5,0,0,1,0,0,1,0,0,0,0,0,0,0
pape demba diop|2003,1587.0,2,0.05478569126651628,0.10957138253303256,,,2.0535011801730922,0.7789142407553108,,,,2.149532710280374,,,,,,0,Pape Demba Diop,Strasbourg,Ligue 1,23.0,2003.0,MF,2026-2027,,100.0,exact,Pape Demba Diop,FC Toulouse,2003-09-04,9.0,23.1,3.753593429158111,CAM,MF,Pape Demba Diop,11.74,6.06,24.45,2.74,0.242,27.4,0,0,1,0,0,1,0,0,0,0,0,0,0
pape gueye|1999,8835.0,6,0.2070838881491345,0.05368841544607191,0.11677408412483038,0.044514388489208634,1.9274536842736374,0.6106940542532124,1.2936736770691994,6.11155868385346,2.5758989145183175,1.309613848202397,1.6962771370420626,1.4043419267299864,1.2544964028776977,0.0,,1,Pape Gueye,Villarreal,La Liga,27.0,1999.0,MF,2026-2027,2024-2025,100.0,exact,Pape Gueye,Villarreal CF,1999-01-24,40.0,27.7,1.754962354551677,CAM,MF,Pape Gueye,25.91,5.76,44.0,-14.09,-0.421,-34.4,0,1,0,0,0,1,0,0,0,0,0,0,0
pape matar sarr|2002,7726.0,5,0.126468926942841,0.16366567016132363,0.15369179737089972,0.07527443805541036,1.3973576535743315,0.501666049611255,1.6493304394119335,5.139645358122773,1.9681395634546872,1.2336919834130078,1.1996805766001883,1.1204390024161515,1.5995818086774698,0.0,,1,Pape Matar Sarr,Tottenham,Premier League,22.0,2002.0,MF,2025-2026,2024-2025,100.0,exact,Pape Matar Sarr,Tottenham Hotspur,2002-09-14,30.0,24.0,3.753593429158111,CAM,MF,Pape Matar Sarr,50.03,31.43,55.51,20.03,0.4985,64.6,0,0,0,1,0,1,0,0,0,0,0,0,0
pascal gro|1991,13417.0,6,0.11591575834187993,0.2740477496601235,0.1403600346285074,0.19724967769660506,1.1714234336064944,0.3429998247765902,1.911188063349799,7.56798390792891,1.7794215002291593,0.5495265580652086,0.9498650506696543,1.3692264602536028,0.9282337773957886,0.0,,1,Pascal Groß,Brighton,Premier League,35.0,1991.0,MF,2026-2027,2024-2025,100.0,exact,Pascal Groß,Borussia Dortmund,1991-06-15,2.5,35.3,0.7529089664613279,CAM,MF,Pascal Groß,7.33,3.94,10.02,4.83,0.8666,137.9,0,0,0,1,0,1,0,0,0,0,0,0,0
pascal stenzel|1996,2692.0,5,0.0,0.24179248831336303,0.03747992147064072,0.18620689655172412,1.4749341787115144,0.6945441493180187,1.9971443869355698,5.857576298411565,1.6544708192039976,1.1702756434366772,2.0988756023558808,1.788327681599143,0.9310344827586207,0.0,,1,Pascal Stenzel,Stuttgart,Bundesliga,29.0,1996.0,DF,2025-2026,2024-2025,100.0,exact,Pascal Stenzel,VfB Stuttgart,1996-03-20,1.2,30.5,,FULLBACK,DF,Pascal Stenzel,2.98,1.32,6.73,1.78,0.5929,80.9,1,0,0,0,0,0,0,0,0,1,0,0,0
pascal struijk|1999,7290.0,4,0.016118921823229156,0.029551356675920123,0.05837193911317009,,0.8706284026944726,0.15326975476839239,0.8100595632031767,4.568497683653209,3.2283256121773665,1.0342974836572043,2.799470549305096,1.369953673064196,,0.0,,0,Pascal Struijk,Brighton,Premier League,27.0,1999.0,DF,2026-2027,,100.0,exact,Pascal Struijk,Leeds United,1999-08-11,22.0,27.1,4.7529089664613275,CB,DF,Pascal Struijk,19.82,16.27,40.44,-2.18,-0.0996,-9.5,0,0,0,1,0,0,1,0,0,0,0,0,0
pasquale mazzocchi|1995,7182.0,5,0.02022017524151876,0.10918894630420131,0.03600917431192661,0.051282051282051294,0.6106492922938666,0.1875520978049458,2.8302752293577984,2.947247706422018,1.6444954128440368,0.6086272747697147,2.362385321100917,0.7293577981651377,0.6410256410256411,0.0,,1,Pasquale Mazzocchi,Napoli,Serie A,30.0,1995.0,"DF,FW",2025-2026,2024-2025,100.0,exact,Pasquale Mazzocchi,SSC Napoli,1995-07-27,1.5,31.2,0.7529089664613279,CB,"DF,FW",Pasquale Mazzocchi,2.47,1.6,7.23,0.97,0.3276,38.8,0,0,0,0,1,0,1,0,0,0,0,0,0
pathe ciss|1994,8811.0,6,0.09554335177510566,0.029397954392340202,0.09332684824902723,0.046261682242990654,1.000515427687838,0.31172110186773705,0.7686770428015564,4.999027237354086,2.2587548638132295,1.7225363901761837,2.6317120622568093,1.38852140077821,2.0186915887850465,0.0,,1,Pathé Ciss,Rayo Vallecano,La Liga,32.0,1994.0,"MF,DF",2026-2027,2024-2025,100.0,exact,Pathé Ciss,Rayo Vallecano,1994-03-16,1.8,32.5,0.7529089664613279,CDM,"MF,DF",Pathé Ciss,2.71,1.32,5.25,0.91,0.281,32.4,0,1,0,0,0,0,0,1,0,0,0,0,0
patrick cutrone|1998,4529.0,4,0.21211933263040378,0.0967561868138684,0.3050691870941421,0.09233023937469469,2.8753735199622543,0.9861653919006402,2.23064631285486,1.331044096147962,0.6670519838166798,0.23444768343360417,0.28456804814197806,0.5048787950906063,1.0112359550561798,0.0,,1,Patrick Cutrone,Monza,Serie A,28.0,1998.0,FW,2026-2027,2024-2025,100.0,exact,Patrick Cutrone,Como 1907,1998-01-03,5.0,28.7,2.754277891854894,ST,FW,Patrick Cutrone,5.57,3.35,14.49,0.57,0.0906,9.5,0,0,0,0,1,0,0,0,0,0,0,1,0
patrick dorgu|2004,5869.0,4,0.1459996106677049,0.11796768541950556,0.12155204119161456,0.07382550335570469,1.4495412844036697,0.5188322492815005,3.218094887826407,2.9146745126884888,2.5285031261493196,0.7697099474401403,2.2986392055902907,1.1015079073188674,1.5436241610738257,0.0,,1,Patrick Dorgu,Manchester Utd,Premier League,21.0,2004.0,MF,2026-2027,2024-2025,100.0,exact,Patrick Dorgu,Manchester United,2004-10-26,35.0,21.9,3.753593429158111,CM,MF,Patrick Dorgu,35.56,24.34,49.25,0.56,0.0154,1.6,0,0,0,1,0,0,0,0,1,0,0,0,0
patrick mainka|1994,9180.0,3,0.049019607843137254,0.03544494720965309,0.07152406417112298,0.008823529411764706,0.9162895927601811,0.2519607843137255,0.7620320855614973,3.2406417112299466,2.030748663101604,1.4607843137254901,5.481283422459892,1.8542780748663101,3.2058823529411766,0.0,,1,Patrick Mainka,Heidenheim,Bundesliga,30.0,1994.0,DF,2025-2026,2024-2025,100.0,exact,Patrick Mainka,1. Fußballclub Heidenheim 1846,1994-11-06,2.5,31.9,2.754277891854894,CB,DF,Patrick Mainka,3.49,2.39,6.76,0.99,0.2492,28.3,1,0,0,0,0,0,1,0,0,0,0,0,0
patrick osterhage|2000,6945.0,5,0.059360228646806644,0.013603385731559857,0.06301010216311853,0.05558006175562417,0.7766296581290536,0.13223572981241447,1.0376120084470064,2.8714114491182006,1.7892814337081215,1.0066505441354294,1.5581302437075508,1.3252668226699387,1.2307013674459637,0.0,,1,Patrick Osterhage,Freiburg,Bundesliga,25.0,2000.0,MF,2025-2026,2024-2025,100.0,exact,Patrick Osterhage,SC Freiburg,2000-02-01,12.0,26.7,,CM,MF,Patrick Osterhage,5.72,2.76,16.64,-6.28,-0.6596,-48.3,1,0,0,0,0,0,0,0,1,0,0,0,0
patrick wimmer|2001,7887.0,6,0.18783171163202123,0.19280738611233966,0.19945886114869021,0.14745762711864405,1.7126018882308098,0.47343128918069094,2.2314598450375107,3.9626122248185953,2.2978723404255317,1.2227720035382572,0.7947361948099864,1.6027548886975769,1.8305084745762707,0.0,,1,Patrick Wimmer,Hoffenheim,Bundesliga,25.0,2001.0,MF,2026-2027,2024-2025,100.0,exact,Patrick Wimmer,VfL Wolfsburg,2001-05-30,12.0,25.3,4.7529089664613275,CAM,MF,Patrick Wimmer,24.37,12.64,38.7,12.37,0.6685,95.1,1,0,0,0,0,1,0,0,0,0,0,0,0
patric|1993,5944.0,5,0.06740043118120957,0.004084874617043005,0.08030312289922385,0.0,0.3819357766935209,0.060842433697347896,0.24475951842571653,3.5118865733667413,0.9927886084458839,0.455463519800295,2.846360691804681,0.8332824054268776,1.0378912685337727,0.0,,1,Patric,Lazio,Serie A,32.0,1993.0,"MF,DF",2025-2026,2024-2025,100.0,exact,Patric,Società Sportiva Lazio S.p.A.,1993-04-17,1.5,33.4,0.7529089664613279,CM,"MF,DF",Patric,1.98,1.01,3.44,0.48,0.1762,19.3,0,0,0,0,1,0,0,0,1,0,0,0,0
patrik schick|1996,8012.0,6,0.852203954004438,0.09305023199515837,0.621266990772894,0.03206650831353919,3.4063309585492227,1.6064502226691568,0.5268379799583292,1.1853854549062406,0.3169957337037404,0.13957534799273755,0.8371366206964976,0.37280484175017364,2.404988123515439,0.0,,1,Patrik Schick,Leverkusen,Bundesliga,30.0,1996.0,FW,2026-2027,2024-2025,100.0,exact,Patrik Schick,Bayer 04 Leverkusen,1996-01-24,18.0,30.7,3.753593429158111,ST,FW,Patrik Schick,12.97,11.51,19.01,-5.03,-0.3077,-26.5,1,0,0,0,0,0,0,0,0,0,0,1,0
patrizio masini|2001,3343.0,3,0.02256291582296789,0.06421752964998553,0.023407022106631988,0.011703511053315994,0.8383505623083041,0.20038623196637514,0.9362808842652796,2.574772431729519,3.1599479843953184,1.4179924790280587,2.1651495448634592,1.5214564369310795,1.638491547464239,,,1,Patrizio Masini,Frosinone,Serie A,25.0,2001.0,MF,2026-2027,2024-2025,100.0,exact,Patrizio Masini,Genoa CFC,2001-01-27,4.2,25.7,1.754962354551677,CDM,MF,Patrizio Masini,4.07,2.02,13.75,-0.13,-0.0245,-2.4,0,0,0,0,1,0,0,1,0,0,0,0,0
patson daka|1998,3289.0,4,0.17622148353900097,0.10655252493055871,0.21614948656079905,0.012228260869565218,2.0049379945008696,0.48913043478260876,1.2777060771000506,1.1261994276415466,1.7524269120700298,0.2950685305769319,1.0453958812636777,0.8837887885079401,1.2228260869565217,0.0,,1,Patson Daka,Hamburger SV,Bundesliga,27.0,1998.0,MF,2026-2027,2024-2025,100.0,exact,Patson Daka,Leicester City,1998-10-09,15.0,28.0,0.0,CAM,MF,Patson Daka,2.89,1.36,8.12,-12.11,-1.4153,-75.7,1,0,0,0,0,1,0,0,0,0,0,0,0
pau cubarsi|2007,7300.0,4,0.014937467659894363,0.03426830816093413,0.02116281005493591,0.05500381970970206,0.288170029891391,0.03825717321997874,0.7678541701348427,5.914349925087398,1.1986016314299983,0.8312261415447099,3.1894040286332617,0.6292658565007493,2.131398013750955,0.0,,1,Pau Cubarsí,Barcelona,La Liga,19.0,2007.0,DF,2026-2027,2024-2025,100.0,exact,Pau Cubarsí,FC Barcelona,2007-01-22,80.0,19.7,2.754277891854894,CB,DF,Pau Cubarsí,29.6,13.14,52.71,-50.4,-0.9733,-62.2,0,1,0,0,0,0,1,0,0,0,0,0,0
pau lopez|1994,9329.0,5,0.0,0.017806796260572785,0.0,0.0,0.0,0.0,0.0,0.023037051257439045,0.0,0.0,0.29180264926089455,0.0,0.0,2.73037542662116,-1.4,1,Pau López,Betis,La Liga,30.0,1994.0,GK,2025-2026,2024-2025,100.0,exact,Pau López,Real Betis Balompié,1994-12-13,2.5,31.8,1.754962354551677,GK,GK,Pau López,3.16,1.37,10.0,0.66,0.1732,18.9,0,1,0,0,0,0,0,0,0,0,1,0,0
pau navarro|2005,3095.0,3,0.0,0.0,0.0,0.0,0.09491753618310332,0.06866374957926624,0.29475982532751094,3.9301310043668125,2.2598253275109172,0.6841628959276017,4.028384279475983,1.277292576419214,0.8842794759825328,,,1,Pau Navarro,Villarreal,La Liga,21.0,2005.0,DF,2026-2027,2024-2025,100.0,exact,Pau Navarro,Villarreal CF,2005-04-25,15.0,21.4,3.753593429158111,CB,DF,Pau Navarro,23.15,8.69,30.24,8.15,0.4116,50.9,0,1,0,0,0,0,1,0,0,0,0,0,0
pau torres|1997,12256.0,6,0.029218479458523537,0.0017708169368802142,0.04343379048058085,0.004455445544554456,0.4347959308738816,0.07068234950321449,1.8099573585340556,4.8256886020514,1.0540797510660367,0.5011411931371006,3.358015443125504,0.9127578656217586,0.801980198019802,0.0,,1,Pau Torres,Aston Villa,Premier League,29.0,1997.0,DF,2026-2027,2024-2025,100.0,exact,Pau Torres,Aston Villa,1997-01-16,20.0,29.7,1.754962354551677,CB,DF,Pau Torres,19.56,10.26,31.71,-0.44,-0.0209,-2.1,0,0,0,1,0,0,1,0,0,0,0,0,0
paul nebel|2002,4646.0,3,0.2923755703967846,0.11967000090659091,0.2222294043502149,0.1573560767590618,1.525792511559034,0.5066488147764963,2.5451666074141106,3.4701528715943244,1.4660159658705276,0.5072376174790728,1.1402346401215215,2.041950809605378,0.652452025586354,0.0,,1,Paul Nebel,Mainz 05,Bundesliga,22.0,2002.0,MF,2025-2026,2024-2025,100.0,exact,Paul Nebel,1.FSV Mainz 05,2002-10-10,18.0,24.0,0.7529089664613279,CAM,MF,Paul Nebel,7.49,3.03,21.5,-10.51,-0.806,-55.3,1,0,0,0,0,1,0,0,0,0,0,0,0
paul pogba|1993,1633.0,4,0.03123915307185005,0.28115237764665046,0.16127306766515112,,1.921207913918778,0.0,2.455201925648569,7.197111527146296,0.842471248997058,0.8122179798681013,1.2276009628242845,0.5295533565124365,,0.0,,0,Paul Pogba,Monaco,Ligue 1,32.0,1993.0,MF,2025-2026,,100.0,exact,Paul Pogba,AS Monaco,1993-03-15,2.5,33.5,0.7529089664613279,CAM,MF,Paul Pogba,1.71,1.15,3.43,-0.79,-0.2552,-22.5,0,0,1,0,0,1,0,0,0,0,0,0,0
paulo dybala|1993,8934.0,6,0.34776845448747606,0.38490877486963376,0.44255049213202646,0.3175723359209598,2.8845271050398544,1.0881054079490335,2.990853097055393,4.983527389551659,1.01107041273609,0.26560956394512736,0.19889909758742763,0.6666803085800815,0.5081157374735357,0.0,,1,Paulo Dybala,Roma,Serie A,32.0,1993.0,"MF,FW",2026-2027,2024-2025,100.0,exact,Paulo Dybala,Associazione Sportiva Roma,1993-11-15,5.0,32.9,,CAM,"MF,FW",Paulo Dybala,6.41,4.66,10.27,1.41,0.2117,23.6,0,0,0,0,1,1,0,0,0,0,0,0,0
paulo gazzaniga|1992,12237.0,4,0.0,0.0,0.0,0.0,0.0,0.0,0.0,0.0,0.03285638579756227,0.003269184665344463,0.3963963963963964,0.013778484366719662,0.028169014084507043,3.0396879018372815,-0.1295774647887324,1,Paulo Gazzaniga,Girona,La Liga,33.0,1992.0,GK,2025-2026,2024-2025,100.0,exact,Paulo Gazzaniga,Girona FC,1992-01-02,1.8,34.7,0.7529089664613279,GK,GK,Paulo Gazzaniga,1.77,0.94,4.16,-0.03,-0.0108,-1.1,0,1,0,0,0,0,0,0,0,0,1,0,0
pavel sulc|2000,1824.0,2,0.5295450254861243,0.3143288653955069,,,2.528735632183908,1.0344827586206897,,,,0.2888427411742496,,,,,,0,Pavel Šulc,Lyon,Ligue 1,25.0,2000.0,"FW,MF",2026-2027,,100.0,exact,Pavel Sulc,FC Viktoria Plzen,2000-12-29,20.0,25.7,2.754277891854894,WINGER,"FW,MF",Pavel Šulc,12.08,6.86,20.67,-7.92,-0.4732,-37.7,0,0,1,0,0,0,0,0,0,0,0,0,1
pedri|2002,9816.0,6,0.1482660644707494,0.2190672750326241,0.1206523307836629,0.23133032302882947,0.872219221636825,0.384862353985928,2.808486073026411,10.090922210997258,1.9122528503391545,0.8221269979361215,0.6018184442199452,1.4273343916871122,0.21882598124348734,0.0,,1,Pedri,Barcelona,La Liga,23.0,2002.0,MF,2026-2027,2024-2025,100.0,exact,Pedri,FC Barcelona,2002-11-25,150.0,23.8,3.753593429158111,CAM,MF,Pedri,44.94,20.59,63.73,-105.06,-1.1899,-69.6,0,1,0,0,0,1,0,0,0,0,0,0,0
pedro bigas|1990,5826.0,4,0.03281330953888665,0.08807783086753786,0.06953491895167399,,0.5667764588900628,0.13087736306349976,0.8385093167701864,3.6335403726708075,1.5883956976215725,1.2624489091013762,4.287986668686563,1.1384638691107407,,0.0,,0,Pedro Bigas,Elche,La Liga,36.0,1990.0,DF,2026-2027,,100.0,exact,Pedro Bigas,Elche CF,1990-05-15,0.3,36.4,0.7529089664613279,CB,DF,Pedro Bigas,0.77,0.44,1.59,0.47,0.3104,36.4,0,1,0,0,0,0,1,0,0,0,0,0,0
pedro diaz|1998,3405.0,3,0.06498435561809195,0.028326513987373406,0.17836498761354252,0.15606936416184972,2.179328045778722,0.36543033261102814,2.0066061106523536,4.607762180016516,1.7093311312964492,0.43989409956862235,0.5202312138728323,1.1890999174236168,0.37159372419488024,,,1,Pedro Díaz,Rayo Vallecano,La Liga,28.0,1998.0,MF,2026-2027,2024-2025,100.0,exact,Pedro Díaz,Rayo Vallecano,1998-06-05,3.0,28.3,1.754962354551677,CAM,MF,Pedro Díaz,3.08,1.88,9.2,0.08,0.0186,1.9,0,1,0,0,0,1,0,0,0,0,0,0,0
pedro neto|2000,8179.0,6,0.15885520542481052,0.23603909054646985,0.15738449266766202,0.2657558395769061,1.914975432599872,0.5359452468204354,5.078641114269936,2.5881005460904425,0.7823205775877937,0.35540486637415236,0.21720900742437568,0.46387008365205656,0.4363155575143235,0.0,,1,Pedro Neto,Chelsea,Premier League,26.0,2000.0,"MF,FW",2026-2027,2024-2025,100.0,exact,Pedro Neto,Chelsea FC,2000-03-09,60.0,26.6,4.7529089664613275,CAM,"MF,FW",Pedro Neto,33.88,27.88,54.55,-26.12,-0.559,-42.8,0,0,0,1,0,1,0,0,0,0,0,0,0
pedro porro|1999,9824.0,5,0.06435168828546914,0.1438449502851663,0.0746594248063396,0.1724137931034483,1.2984910980003133,0.2651543050747588,2.040779983972932,5.2662274062861725,2.406731368533523,1.0568818452531166,2.844804558810435,1.6881844893598077,0.41379310344827586,0.0,,1,Pedro Porro,Tottenham,Premier League,27.0,1999.0,DF,2026-2027,2024-2025,100.0,exact,Pedro Porro,Tottenham Hotspur,1999-09-13,35.0,27.0,4.7529089664613275,CB,DF,Pedro Porro,35.01,25.1,50.51,0.01,0.0004,0.0,0,0,0,1,0,0,1,0,0,0,0,0,0
pedro|1987,6831.0,5,0.45416024653312786,0.13694144838212632,0.27797649463464486,0.13883847549909256,2.142526964560863,1.1460348162475822,3.5539090444557995,4.468574348492591,1.6300459887583036,0.3050847457627119,0.21461420541645376,1.0551865099642308,0.08166969147005446,0.0,,1,Pedro,Lazio,Serie A,38.0,1987.0,"FW,MF",2025-2026,2024-2025,100.0,exact,Pedro,Società Sportiva Lazio S.p.A.,1987-07-28,1.0,39.2,,WINGER,"FW,MF",Pedro,1.94,0.82,3.15,0.94,0.3839,46.8,0,0,0,0,1,0,0,0,0,0,0,0,1
pep chavarria|1998,7011.0,5,0.024438131840588188,0.0620352577491854,0.049174974966258875,0.06615087040618955,0.5486605777214526,0.10227401861134611,2.123731986590622,4.394401149375245,1.63590056162654,0.9944439802823962,3.340371805476947,1.234272280029605,0.8007736943907157,0.0,,1,Pep Chavarría,Chelsea,Premier League,28.0,1998.0,DF,2026-2027,2024-2025,100.0,exact,Pep Chavarría,Rayo Vallecano,1998-04-10,10.0,28.5,3.753593429158111,CB,DF,Pep Chavarría,14.87,10.34,28.16,4.87,0.3662,44.2,0,0,0,1,0,0,1,0,0,0,0,0,0
peque|2002,2273.0,3,0.17439842665432667,0.07808884775566867,0.19841269841269843,0.09523809523809523,1.4372057513678584,0.44089578826822745,1.1111111111111112,2.7777777777777777,1.2698412698412698,0.41907681628875515,0.39682539682539686,1.2698412698412698,0.6349206349206349,,,1,Peque,Sevilla,La Liga,23.0,2002.0,"MF,FW",2026-2027,2024-2025,90.0,fuzzy,Peque Fernández,Sevilla FC,2002-10-04,3.0,24.0,1.754962354551677,CM,"MF,FW",Peque,5.23,3.56,20.08,2.23,0.4423,55.6,0,1,0,0,0,0,0,0,1,0,0,0,0
pere milla|1992,5916.0,4,0.35326714384668667,0.04848764719464327,0.2749172589658727,0.05921052631578947,2.3706996074809514,0.9622741898705313,1.2988985947588303,2.793120286473876,1.333080136726168,0.6926806742091897,0.9863816396288863,1.2793662850632088,2.1710526315789473,0.0,,1,Pere Milla,Espanyol,La Liga,32.0,1992.0,"MF,FW",2025-2026,2024-2025,100.0,exact,Pere Milla,RCD Espanyol Barcelona,1992-09-23,1.0,34.0,0.7529089664613279,CAM,"MF,FW",Pere Milla,1.1,0.81,2.93,0.1,0.0503,5.2,0,1,0,0,0,1,0,0,0,0,0,0,0
pervis estupinan|1998,9208.0,6,0.05810270902358215,0.09208731241473397,0.05298788557467169,0.07868442964196502,0.9280411939986408,0.24711089254979102,2.6646645627608674,5.173572228443449,2.2233533543723913,1.3067628142662249,1.936272014659473,0.8581899623332995,1.7235636969192338,0.0,,1,Pervis Estupiñán,Milan,Serie A,28.0,1998.0,MF,2026-2027,2024-2025,100.0,exact,Pervis Estupiñán,AC Milan,1998-01-21,12.0,28.7,3.753593429158111,CDM,MF,Pervis Estupiñán,12.35,5.95,25.84,0.35,0.0262,2.7,0,0,0,0,1,0,0,1,0,0,0,0,0
petar sucic|2003,1948.0,2,0.09089558889053914,0.09089558889053914,,,1.1218130311614731,0.3059490084985836,,,,0.40903015000742615,,,,,,0,Petar Sučić,Inter,Serie A,22.0,2003.0,MF,2026-2027,,100.0,exact,Petar Sučić,Inter Milan,2003-10-25,40.0,22.9,3.753593429158111,CM,MF,Petar Sučić,14.23,5.3,26.77,-25.77,-0.9903,-62.9,0,0,0,0,1,0,0,0,1,0,0,0,0
peter gulacsi|1990,9586.0,6,0.0,0.0,0.0,0.0,0.0,0.0,0.0,0.03541514419022992,0.02192366068918995,0.001937504709212835,0.5396593400415988,0.0,0.37628278221208666,2.75956252928471,0.12314709236031927,1,Péter Gulácsi,Villarreal,La Liga,36.0,1990.0,GK,2026-2027,2024-2025,100.0,exact,Péter Gulácsi,RB Leipzig,1990-05-06,1.0,36.4,0.7529089664613279,GK,GK,Péter Gulácsi,1.03,0.76,2.97,0.03,0.0133,1.3,0,1,0,0,0,0,0,0,0,0,1,0,0
phil foden|2000,10908.0,6,0.4001880472468708,0.2318269965328789,0.30144508670520237,0.24310635903207653,2.694235845388881,0.8160442600276626,2.8453757225433525,5.039017341040463,0.8092485549132947,0.3975436328377505,0.46676300578034674,0.8410404624277457,0.15194147439504785,0.0,,1,Phil Foden,Manchester City,Premier League,26.0,2000.0,MF,2026-2027,2024-2025,100.0,exact,Phil Foden,Manchester City,2000-05-28,70.0,26.3,0.7529089664613279,CAM,MF,Phil Foden,46.08,25.81,60.06,-23.92,-0.4108,-33.7,0,0,0,1,0,1,0,0,0,0,0,0,0
philipp kohn|1998,5311.0,3,0.0,0.0,0.0,0.0,0.0,0.0,0.0,0.0,0.020224719101123598,0.03461180055319715,0.42247191011235957,0.0,0.15789473684210525,2.626503172748384,-0.09473684210526316,1,Philipp Köhn,Monaco,Ligue 1,27.0,1998.0,GK,2025-2026,2024-2025,100.0,exact,Philipp Köhn,AS Monaco,1998-04-02,3.5,28.5,1.754962354551677,GK,GK,Philipp Köhn,4.28,1.9,10.53,0.78,0.1594,17.3,0,0,1,0,0,0,0,0,0,0,1,0,0
philipp lienhart|1996,11043.0,6,0.05141823337106825,0.0,0.04114285714285714,0.0259927797833935,0.4368782688954979,0.07275041276829938,1.1108571428571428,3.933257142857143,0.9037714285714286,1.1140617230398122,3.9387428571428567,1.0642285714285713,1.8519855595667867,0.0,,1,Philipp Lienhart,Freiburg,Bundesliga,30.0,1996.0,DF,2026-2027,2024-2025,100.0,exact,Philipp Lienhart,SC Freiburg,1996-07-11,10.0,30.2,,CB,DF,Philipp Lienhart,6.76,2.61,12.78,-3.24,-0.3487,-29.4,1,0,0,0,0,0,1,0,0,0,0,0,0
philipp sander|1998,4205.0,3,0.06316732621518702,0.0,0.07714285714285714,0.03857142857142857,0.9923868484899188,0.34183886890320414,1.0285714285714287,3.857142857142857,2.1214285714285714,1.70551780781005,2.8285714285714287,1.0285714285714287,2.0571428571428574,,,1,Philipp Sander,Gladbach,Bundesliga,28.0,1998.0,"DF,MF",2026-2027,2024-2025,100.0,exact,Philipp Sander,Borussia Mönchengladbach,1998-02-21,4.0,28.6,1.754962354551677,FULLBACK,"DF,MF",Philipp Sander,2.42,1.4,6.56,-1.58,-0.3805,-31.6,1,0,0,0,0,0,0,0,0,1,0,0,0
philipp treu|2000,5350.0,3,0.019059483027094364,0.06726876362503893,0.03748698368622006,0.07809788267962513,0.6465187964886416,0.1652482744756416,1.8118708781673027,3.2801110725442557,1.905588337382853,0.4551853005294301,2.7178063172509543,1.6244359597362026,0.656022214508851,,,1,Philipp Treu,Freiburg,Bundesliga,25.0,2000.0,"DF,MF",2026-2027,2024-2025,100.0,exact,Philipp Treu,SC Freiburg,2000-12-03,15.0,25.8,,FULLBACK,"DF,MF",Philipp Treu,4.84,2.47,11.46,-10.16,-1.0072,-63.5,1,0,0,0,0,0,0,0,0,1,0,0,0
phillip tietz|1997,6236.0,4,0.3819564040742016,0.1062835211336909,0.3178106836424024,0.06405693950177935,2.4476326728931594,1.119573061875641,0.570855244948796,1.73539994464434,0.7265430390257404,0.28563696304679426,1.3555217270965958,0.5874619429836702,4.1637010676156585,0.0,,1,Phillip Tietz,Mainz 05,Bundesliga,29.0,1997.0,FW,2026-2027,2024-2025,100.0,exact,Phillip Tietz,FC Augsburg,1997-07-09,4.0,29.2,1.754962354551677,ST,FW,Phillip Tietz,4.27,2.53,11.76,0.27,0.0531,5.5,1,0,0,0,0,0,0,0,0,0,0,1,0
phillipp mwene|1994,7015.0,4,0.056556748466257675,0.11886503067484665,0.0557130459936361,0.06559263521288838,0.6815048030518914,0.11206996409127767,2.17992479028059,3.5319641307492047,1.6818050332658374,0.7122315950920246,1.8848712756725483,1.0309516922186868,0.6904487917146145,0.0,,1,Phillipp Mwene,Mainz 05,Bundesliga,32.0,1994.0,MF,2026-2027,2024-2025,100.0,exact,Phillipp Mwene,1.FSV Mainz 05,1994-01-29,1.5,32.7,,CM,MF,Phillipp Mwene,1.45,1.09,2.93,-0.05,-0.0206,-2.0,1,0,0,0,0,0,0,0,1,0,0,0,0
piero hincapie|2002,10247.0,5,0.055397327157209485,0.0816875841131733,0.08808468657511079,0.10786516853932583,0.5971644079997496,0.12143199808107459,1.8293427707919006,4.869321473872124,1.8490737405847255,1.1548934305655536,3.3768145445434476,1.3459340108676927,2.191011235955056,0.0,,1,Piero Hincapié,Arsenal,Premier League,23.0,2002.0,DF,2025-2026,2024-2025,100.0,exact,Piero Hincapié,Arsenal FC,2002-01-09,50.0,24.7,4.7529089664613275,CB,DF,Piero Hincapié,66.0,29.03,73.16,16.0,0.2729,31.4,0,0,0,1,0,0,1,0,0,0,0,0,0
pierre emerick aubameyang|1989,7894.0,5,0.5390419647177287,0.23656645176476745,0.6451676141932955,,3.0997870351928176,1.5007356547327122,2.1495785140168593,1.8261125269554987,0.6733973730641051,0.32248362081366305,0.7939619682415212,0.9468731621250736,,0.0,,0,Pierre-Emerick Aubameyang,Dep. A Coruña,La Liga,37.0,1989.0,FW,2026-2027,,100.0,exact,Pierre-Emerick Aubameyang,Olympique Marseille,1989-06-18,2.5,37.3,0.7529089664613279,ST,FW,Pierre-Emerick Aubameyang,3.56,2.78,5.26,1.06,0.2652,30.4,0,1,0,0,0,0,0,0,0,0,0,1,0
pierre h jbjerg|1995,13464.0,6,0.10050007282613974,0.120891391950284,0.08280031542977305,0.13175675675675674,1.2638110698015395,0.3812425683709869,1.239376150004381,8.259002891439588,2.045036362043284,1.2234791474486575,1.4812056426881626,1.1894331026022955,0.7094594594594594,0.0,,1,Pierre Højbjerg,Marseille,Ligue 1,31.0,1995.0,MF,2026-2027,2024-2025,95.0,fuzzy,Pierre-Emile Højbjerg,Olympique Marseille,1995-08-05,15.0,31.1,1.754962354551677,CM,MF,Pierre Højbjerg,16.82,5.9,25.46,1.82,0.1079,11.4,0,0,1,0,0,0,0,0,1,0,0,0,0
pierre kalulu|2000,10934.0,6,0.04220508545227177,0.05627344726969571,0.03233746898263028,0.019255455712451863,0.3348971286457156,0.11177139673622877,1.7508684863523576,4.53439205955335,1.759801488833747,0.7776677782409337,2.4655086848635235,1.186302729528536,1.0397946084724006,0.0,,1,Pierre Kalulu,Juventus,Serie A,26.0,2000.0,"DF,MF",2026-2027,2024-2025,100.0,exact,Pierre Kalulu,Juventus FC,2000-06-05,32.0,26.3,2.754277891854894,FULLBACK,"DF,MF",Pierre Kalulu,16.23,5.97,32.34,-15.77,-0.65,-47.8,0,0,0,0,1,0,0,0,0,1,0,0,0
pierre lees melou|1993,11487.0,6,0.0924329037883926,0.08894486968317022,0.07719863283817537,0.16513761467889906,1.4921982804373208,0.3485486539329223,1.4626331010911005,6.2483567766530825,3.08942421453924,1.1623873655653523,1.7022150650716446,1.6415801235703957,0.23591087811271294,0.0,,1,Pierre Lees-Melou,Paris FC,Ligue 1,33.0,1993.0,MF,2026-2027,2024-2025,100.0,exact,Pierre Lees-Melou,Stade Brestois 29,1993-05-25,4.5,33.3,0.7529089664613279,CAM,MF,Pierre Lees-Melou,3.5,1.34,7.47,-1.0,-0.1996,-18.1,0,0,1,0,0,1,0,0,0,0,0,0,0
pietro comuzzo|2005,4182.0,4,0.07107994124058191,0.0,0.02103030520904483,0.025592417061611375,0.37335169199809354,0.09597952436813481,0.5888485458532553,3.241902433763526,1.837725132113456,1.214045396389139,4.8110867455153326,1.5012402487687386,2.6872037914691944,0.0,,1,Pietro Comuzzo,Torino,Serie A,21.0,2005.0,DF,2026-2027,2024-2025,100.0,exact,Pietro Comuzzo,ACF Fiorentina,2005-02-20,18.0,21.6,2.754277891854894,CB,DF,Pietro Comuzzo,15.44,9.29,22.91,-2.56,-0.1446,-13.5,0,0,0,0,1,0,1,0,0,0,0,0,0
pietro terracciano|1990,8837.0,5,0.0,0.0,0.0,0.0,0.0,0.0,0.0,0.0036724201248622846,0.0348879911861917,0.01583918340210016,0.33419023136246784,0.01652589056188028,0.0,2.4973112497311245,0.03333333333333333,1,Pietro Terracciano,Milan,Serie A,35.0,1990.0,GK,2025-2026,2024-2025,100.0,exact,Pietro Terracciano,AC Milan,1990-03-08,0.9,36.6,0.7529089664613279,GK,GK,Pietro Terracciano,1.24,0.6,2.09,0.34,0.1631,17.7,0,0,0,0,1,0,0,0,0,0,1,0,0
piotr zielinski|1994,9672.0,6,0.20794253557212794,0.16985405133366885,0.1606333355232902,0.0826530612244898,1.4547172626448501,0.4205873065993053,2.148347677550752,5.755206622429538,1.009132120097234,0.3952967012856293,0.683923526706524,0.6780106431903291,0.8265306122448979,0.0,,1,Piotr Zieliński,Inter,Serie A,32.0,1994.0,MF,2026-2027,2024-2025,100.0,exact,Piotr Zielinski,Inter Milan,1994-05-20,10.0,32.4,1.754962354551677,CAM,MF,Piotr Zieliński,4.16,2.05,10.03,-5.84,-0.7561,-53.1,0,0,0,0,1,1,0,0,0,0,0,0,0
pol lirola|1997,4953.0,5,0.09741646964992737,0.0999800609565044,0.07146264994547437,0.0926470588235294,0.48708234824963687,0.08012052318016846,2.082538167938931,3.425913304252999,1.7175572519083968,0.858803087703307,1.9905261723009815,0.7483642311886586,0.5294117647058824,0.0,,1,Pol Lirola,Marseille,Serie A,27.0,1997.0,"DF,MF",2025-2026,2024-2025,100.0,exact,Pol Lirola,Olympique Marseille,1997-08-13,1.5,29.1,,FULLBACK,"DF,MF",Pol Lirola,3.57,1.46,8.16,2.07,0.604,82.9,0,0,0,0,1,0,0,0,0,1,0,0,0
pol lozano|1999,4117.0,3,0.04934449228387596,0.04353925789753761,0.009232954545454546,0.03705609881626351,0.5703642784577426,0.16131636739439348,0.8309659090909091,5.308948863636363,2.4467329545454546,0.9825359198877652,1.4488636363636362,1.4950284090909092,0.46320123520329387,0.0,,1,Pol Lozano,Espanyol,La Liga,25.0,1999.0,MF,2025-2026,2024-2025,100.0,exact,Pol Lozano,RCD Espanyol Barcelona,1999-10-06,6.0,27.0,0.7529089664613279,CDM,MF,Pol Lozano,4.06,1.98,10.01,-1.94,-0.3247,-27.7,0,1,0,0,0,0,0,1,0,0,0,0,0
pontus almqvist|1999,3767.0,4,0.10672433035714285,0.12346540178571429,0.12926778180077203,0.1052158273381295,1.7109352238516073,0.6114735658042746,3.2155360722942037,1.1957269816571412,1.6858673209850683,1.0358537946428572,0.5224572847781201,0.9641222059307578,0.7284172661870504,0.0,,1,Pontus Almqvist,Parma,Serie A,27.0,1999.0,MF,2026-2027,2024-2025,100.0,exact,Pontus Almqvist,Parma Calcio 1913,1999-07-10,1.8,27.2,0.7529089664613279,CAM,MF,Pontus Almqvist,2.9,1.66,10.0,1.1,0.3312,39.3,0,0,0,0,1,1,0,0,0,0,0,0,0
portu|1992,5898.0,5,0.1680229775011967,0.1938726663475347,0.18014945732756063,0.196405648267009,1.2450933460986116,0.613692603794336,2.329932981436451,2.1484490836842416,1.4625467054148626,0.36404978458592624,0.5231006464622502,0.9127572504596406,1.1553273427471118,0.0,,1,Portu,Girona,La Liga,33.0,1992.0,"FW,MF",2025-2026,2024-2025,100.0,exact,Portu,Girona FC,1992-05-21,1.2,34.4,0.7529089664613279,WINGER,"FW,MF",Portu,0.85,0.67,3.21,-0.35,-0.175,-16.1,0,1,0,0,0,0,0,0,0,0,0,0,1
przemys aw frankowski|1995,10476.0,6,0.16103379721669983,0.12945854286048417,0.1409714889123548,0.16222062004325882,0.935004522548133,0.2704593145255304,2.0496304118268216,5.333157338965154,2.3046462513199577,1.0588235294117647,1.587117212249208,1.0200633579725449,0.5191059841384282,0.0,,1,Przemysław Frankowski,Rennes,Ligue 1,31.0,1995.0,"MF,DF",2026-2027,2024-2025,95.23809523809523,fuzzy,Przemyslaw Frankowski,Stade Rennais FC,1995-04-12,6.0,31.5,0.7529089664613279,CAM,"MF,DF",Przemysław Frankowski,7.39,2.72,14.74,1.39,0.1813,19.9,0,0,1,0,0,1,0,0,0,0,0,0,0
quentin merlin|2002,10054.0,6,0.035462067711332715,0.14366683842027098,0.06889633409949746,0.1699181875393329,0.9991631267280374,0.33334379610157255,2.2334333242432507,5.5187190774864625,1.5935564299349412,1.0775012881520325,1.320074798394951,1.1903463321516228,0.3964757709251101,0.0,,1,Quentin Merlin,Rennes,Ligue 1,24.0,2002.0,"DF,MF",2026-2027,2024-2025,100.0,exact,Quentin Merlin,Stade Rennais FC,2002-05-16,15.0,24.4,2.754277891854894,FULLBACK,"DF,MF",Quentin Merlin,28.59,11.85,49.6,13.59,0.6147,84.9,0,0,1,0,0,0,0,0,0,1,0,0,0
quilindschy hartman|2001,1965.0,2,0.0,0.22616407982261638,,,0.4438356164383562,0.14794520547945206,,,,1.5538802660753879,,,,,,0,Quilindschy Hartman,Espanyol,La Liga,24.0,2001.0,DF,2026-2027,,100.0,exact,Quilindschy Hartman,Burnley FC,2001-11-14,16.0,24.9,0.7529089664613279,CB,DF,Quilindschy Hartman,5.67,1.97,11.74,-10.33,-0.9363,-60.8,0,1,0,0,0,0,1,0,0,0,0,0,0
rabby nzingoula|2005,1873.0,3,0.048707381041588615,0.03372049456725366,0.054029541331951286,0.0852575488454707,1.0228550018733609,0.30757097791798105,1.3682301114278312,2.3011142783104432,3.3389479139673495,1.6448107905582614,1.1622181912412544,1.5042757190982121,0.9058614564831261,0.0,,1,Rabby Nzingoula,Strasbourg,Ligue 1,19.0,2005.0,MF,2025-2026,2024-2025,100.0,exact,Rabby Nzingoula,RC Strasbourg Alsace,2005-11-25,2.0,20.8,0.7529089664613279,CDM,MF,Rabby Nzingoula,6.87,4.02,13.73,4.87,0.9643,162.3,0,0,1,0,0,0,0,1,0,0,0,0,0
rados aw majecki|1999,3294.0,3,0.0,0.0,0.0,0.0,0.0,0.0,0.0,0.07260726072607261,0.0,0.0,0.4917491749174918,0.0297029702970297,0.3333333333333333,3.0158730158730154,-0.060000000000000005,1,Radosław Majecki,Brest,Ligue 1,25.0,1999.0,GK,2025-2026,2024-2025,93.75,fuzzy,Radoslaw Majecki,Stade Brestois 29,1999-11-16,2.5,26.9,1.754962354551677,GK,GK,Radosław Majecki,6.59,1.85,11.74,4.09,0.7739,116.8,0,0,1,0,0,0,0,0,0,0,1,0,0
radu dragusin|2002,5466.0,5,0.029172369084491823,0.046999927969459045,0.027660758286304748,0.028753993610223644,0.5821800051577409,0.04667863554757631,0.48644781813846283,2.0459422939352994,0.8035927191797155,1.610963048332493,4.032270884667356,1.2471186710118434,2.3722044728434506,0.0,,1,Radu Drăgușin,Fiorentina,Serie A,24.0,2002.0,DF,2026-2027,2024-2025,100.0,exact,Radu Drăgușin,Tottenham Hotspur,2002-02-03,16.0,24.6,0.7529089664613279,CB,DF,Radu Drăgușin,6.92,3.28,14.38,-9.08,-0.7643,-53.4,0,0,0,0,1,0,1,0,0,0,0,0,0
rafa marin|2002,5004.0,4,0.023085279739272133,0.0,0.03360886166240087,0.0,0.35701858166887046,0.07607991208543492,0.5400075525531826,2.862417656190995,1.13665925397558,1.0727865290602934,4.580623505223849,1.2046322326186378,1.267605633802817,0.0,,1,Rafa Marín,Napoli,Serie A,24.0,2002.0,DF,2026-2027,2024-2025,100.0,exact,Rafa Marín,Villarreal CF,2002-05-19,12.0,24.4,2.754277891854894,CB,DF,Rafa Marín,7.74,3.78,19.66,-4.26,-0.3972,-32.8,0,0,0,0,1,0,1,0,0,0,0,0,0
rafa mir|1997,6053.0,5,0.36123185055026363,0.04328123554980116,0.39822328521397454,0.08366533864541832,3.384259687413299,1.5645400593471812,0.9724950884086443,1.4030067480994277,0.8533356111728027,0.2696753907333765,0.8264286324421287,0.4458870761083113,1.4342629482071712,0.0,,1,Rafa Mir,Elche,La Liga,28.0,1997.0,"FW,MF",2025-2026,2024-2025,100.0,exact,Rafa Mir,Elche CF,1997-06-18,4.0,29.3,0.7529089664613279,ST,"FW,MF",Rafa Mir,5.29,3.19,10.63,1.29,0.2296,25.8,0,1,0,0,0,0,0,0,0,0,0,1,0
rafael leao|1999,11712.0,5,0.3853763694888226,0.2622331157900954,0.33421750663129973,0.3254412397761516,2.846469598086407,1.1456880614925566,5.1865320441516225,3.945409429280397,0.546761358774707,0.3038714821486579,0.3580901856763926,0.5121074698382819,1.0073181231166595,0.0,,1,Rafael Leão,Milan,Serie A,26.0,1999.0,FW,2025-2026,2024-2025,100.0,exact,Rafael Leão,AC Milan,1999-06-10,50.0,27.3,1.754962354551677,WINGER,FW,Rafael Leão,49.29,24.05,58.42,-0.71,-0.0139,-1.4,0,0,0,0,1,0,0,0,0,0,0,0,1
rafik belghali|2002,2023.0,2,0.08818443804034581,0.05187319884726225,,,0.9843749999999999,0.28125,,,,0.7495677233429394,,,,,,0,Rafik Belghali,Torino,Serie A,24.0,2002.0,MF,2026-2027,,100.0,exact,Rafik Belghali,KV Mechelen,2002-06-07,7.0,24.3,2.754277891854894,CM,MF,Rafik Belghali,7.67,2.9,23.16,0.67,0.0802,8.4,0,0,0,0,1,0,0,0,1,0,0,0,0
ragnar ache|1998,2169.0,3,0.37272077225598854,0.18770110833035394,0.138996138996139,,2.737182075090836,1.1525029103608848,2.77992277992278,0.694980694980695,0.694980694980695,0.18233821952091525,0.3474903474903475,1.0424710424710424,,0.0,,0,Ragnar Ache,Köln,Bundesliga,28.0,1998.0,FW,2026-2027,,100.0,exact,Ragnar Ache,1.FC Köln,1998-07-28,9.0,28.2,2.754277891854894,WINGER,FW,Ragnar Ache,9.07,4.3,20.85,0.07,0.0069,0.7,1,0,0,0,0,0,0,0,0,0,0,0,1
ramon hendriks|2001,3362.0,3,0.0,0.10850113963870628,0.046793760831889075,0.0779896013864818,0.2731300706091812,0.02367127278612904,0.6239168110918544,2.8076256499133447,1.559792027729636,1.1206133328310133,4.913344887348353,1.169844020797227,2.2616984402079723,,,1,Ramon Hendriks,Stuttgart,Bundesliga,25.0,2001.0,DF,2026-2027,2024-2025,100.0,exact,Ramon Hendriks,VfB Stuttgart,2001-07-18,25.0,25.2,1.754962354551677,CB,DF,Ramon Hendriks,4.59,1.98,12.18,-20.41,-1.5379,-78.5,1,0,0,0,0,0,1,0,0,0,0,0,0
ramon terrats|2000,4724.0,5,0.14615185281160922,0.10883648613630476,0.1179633675012603,0.18666666666666668,1.3233894001904158,0.3978893325727324,1.2492018148210384,3.496555200806587,1.6545118467484459,0.7136563876651982,1.1282137455889767,1.0283985884725257,1.1333333333333333,0.0,,1,Ramón Terrats,Getafe,La Liga,25.0,2000.0,MF,2026-2027,2024-2025,100.0,exact,Ramón Terrats,RCD Espanyol Barcelona,2000-10-18,3.0,25.9,2.754277891854894,CAM,MF,Ramón Terrats,6.17,2.85,22.32,3.17,0.5832,79.2,0,1,0,0,0,1,0,0,0,0,0,0,0
ramy bensebaini|1995,9086.0,5,0.15684666444552656,0.13724083138983573,0.11434227723533483,0.142433234421365,1.0887003767395371,0.24954107388710414,1.285269470285231,5.168755285615438,2.115591604520643,1.3112842461364975,3.6240101483816414,1.7817329130468211,1.824925816023739,0.0,,1,Ramy Bensebaini,Dortmund,Bundesliga,30.0,1995.0,DF,2025-2026,2024-2025,100.0,exact,Ramy Bensebaini,Borussia Dortmund,1995-04-16,7.0,31.5,0.7529089664613279,CB,DF,Ramy Bensebaini,6.87,2.46,11.56,-0.13,-0.0169,-1.7,1,0,0,0,0,0,1,0,0,0,0,0,0
randal kolo muani|1998,10630.0,6,0.31309810632500956,0.1732678840827723,0.481987047737232,0.14822134387351776,1.7873331496832037,0.5903544208904252,2.446581610889208,1.9038662892154965,0.7172218559739404,0.1509761095224156,0.5531857137317253,0.4973436227556521,1.1264822134387351,0.0,,1,Randal Kolo Muani,Juventus,Serie A,27.0,1998.0,"FW,MF",2026-2027,2024-2025,100.0,exact,Randal Kolo Muani,Tottenham Hotspur,1998-12-05,20.0,27.8,1.754962354551677,WINGER,"FW,MF",Randal Kolo Muani,16.11,8.93,33.92,-3.89,-0.2047,-18.5,0,0,0,0,1,0,0,0,0,0,0,0,1
randy nteka|1997,4533.0,6,0.25963678325136685,0.02225458142154573,0.22968210987054416,0.03985828166519043,1.899030524957229,0.8813881625861659,1.2018249935086611,1.3220074928595273,1.5022812418858265,0.33629145259224663,1.4789124225676027,1.1684409659111983,3.2683790965456154,0.0,,1,Randy Nteka,Rayo Vallecano,La Liga,28.0,1997.0,FW,2026-2027,2024-2025,100.0,exact,Randy Nteka,Rayo Vallecano,1997-12-06,1.0,28.8,1.754962354551677,ST,FW,Randy Nteka,3.42,1.72,9.46,2.42,0.7938,121.2,0,1,0,0,0,0,0,0,0,0,0,1,0
rani khedira|1994,12895.0,6,0.07920469361147328,0.02346805736636245,0.04312416555407209,0.019831068674256335,0.5811980609418284,0.19722425127830534,0.4192256341789052,2.512683578104139,2.201602136181575,1.2753422425032594,1.7036048064085445,0.9933244325767691,1.3881748071979434,0.0,,1,Rani Khedira,Union Berlin,Bundesliga,32.0,1994.0,MF,2026-2027,2024-2025,100.0,exact,Rani Khedira,1.FC Union Berlin,1994-01-27,2.0,32.7,,CDM,MF,Rani Khedira,2.34,1.81,4.42,0.34,0.1083,11.4,1,0,0,0,0,0,0,1,0,0,0,0,0
ransford konigsdorffer|2001,2435.0,2,0.22654807853666722,0.03667921271546041,,,2.5118076427651355,0.8501502790897382,,,,0.22007527629276247,,,,,,0,Ransford Königsdörffer,Mainz 05,Bundesliga,25.0,2001.0,"FW,MF",2026-2027,,100.0,exact,Ransford Königsdörffer,Hamburger SV,2001-09-13,5.0,25.0,,WINGER,"FW,MF",Ransford Königsdörffer,6.35,3.13,17.67,1.35,0.2027,22.5,1,0,0,0,0,0,0,0,0,0,0,0,1
raoul bellanova|2000,10187.0,6,0.010279092947919262,0.1878270620483429,0.05179721309281264,0.1735636801928485,0.8160878965715043,0.24208298963526162,3.5963594723614363,2.897699388783963,1.0225599690674123,0.6550585596810365,1.516440372975626,0.6063084633344735,0.8678184009642426,0.0,,1,Raoul Bellanova,Atalanta,Serie A,26.0,2000.0,MF,2026-2027,2024-2025,100.0,exact,Raoul Bellanova,Atalanta BC,2000-05-17,15.0,26.4,2.754277891854894,CAM,MF,Raoul Bellanova,10.12,4.49,30.86,-4.88,-0.3634,-30.5,0,0,0,0,1,1,0,0,0,0,0,0,0
raphael guerreiro|1993,7632.0,5,0.29030794818809535,0.2268030845219495,0.1531334560017318,0.16603053435114504,1.3124338491003478,0.6077478971685821,2.6847061370278174,5.981166792942959,1.3014395497348201,0.7741545285015876,0.8474943175668365,0.625392358480355,0.4580152671755725,0.0,,1,Raphaël Guerreiro,Bayern Munich,Bundesliga,31.0,1993.0,"DF,MF",2025-2026,2024-2025,100.0,exact,Raphaël Guerreiro,Bayern Munich,1993-12-22,5.0,32.8,,FULLBACK,"DF,MF",Raphaël Guerreiro,2.74,1.5,5.7,-2.26,-0.4728,-37.7,1,0,0,0,0,0,0,0,0,1,0,0,0
raphinha|1996,11124.0,6,0.7263515204918443,0.31541319128057754,0.5271292941338348,0.402606551602677,3.6924011747628533,1.3835373631288619,3.2004769985781776,4.204925927624639,1.1571802045590056,0.44157846779280857,0.7540246755033712,1.074622758336009,0.28531172948221206,0.0,,1,Raphinha,Barcelona,La Liga,29.0,1996.0,"MF,FW",2026-2027,2024-2025,100.0,exact,Raphinha,FC Barcelona,1996-12-14,70.0,29.8,1.754962354551677,CAM,"MF,FW",Raphinha,41.43,20.87,74.15,-28.57,-0.5149,-40.2,0,1,0,0,0,1,0,0,0,0,0,0,0
rasmus h jlund|2003,9104.0,5,0.3573336772481898,0.09368609171472264,0.30437010467754927,0.08083832335329341,1.8178590449139005,0.7343204857009421,1.4477344264695118,1.179269453187907,0.26022985140180077,0.03316321830609651,0.4512846790132494,0.3359929726959959,1.3922155688622755,0.0,,1,Rasmus Højlund,Napoli,Serie A,23.0,2003.0,FW,2026-2027,2024-2025,100.0,exact,Rasmus Højlund,SSC Napoli,2003-02-04,60.0,23.6,3.753593429158111,ST,FW,Rasmus Højlund,24.01,13.57,37.99,-35.99,-0.8915,-59.0,0,0,0,0,1,0,0,0,0,0,0,1,0
rasmus kristensen|1997,7755.0,4,0.1312995931728956,0.05657624746474364,0.06344021318662425,0.11102268205332273,0.7611106498558907,0.31522570772762054,1.3647382446488436,4.705407031720107,2.1677985042551366,0.8860053848252305,3.1194017020545,1.629330353305252,1.5758058097890968,0.0,,1,Rasmus Kristensen,Eint Frankfurt,Bundesliga,28.0,1997.0,"DF,MF",2025-2026,2024-2025,95.0,fuzzy,Rasmus Nissen Kristensen,Eintracht Frankfurt,1997-07-11,10.0,29.2,4.7529089664613275,FULLBACK,"DF,MF",Rasmus Kristensen,14.57,5.58,23.12,4.57,0.3473,41.5,1,0,0,0,0,0,0,0,0,1,0,0,0
rasmus nicolaisen|1997,9467.0,5,0.031526166718376256,0.020717195272075824,0.0384420737261888,0.028892455858747994,0.5294285684056838,0.14375105699306615,0.3443389542298427,3.235693030223284,1.3992186076641226,1.3673348879570044,4.5675013664244215,1.4866697706431302,3.033707865168539,0.0,,1,Rasmus Nicolaisen,Toulouse,Ligue 1,29.0,1997.0,DF,2026-2027,2024-2025,100.0,exact,Rasmus Nicolaisen,FC Toulouse,1997-03-16,5.0,29.5,2.754277891854894,CB,DF,Rasmus Nicolaisen,8.81,3.35,19.96,3.81,0.492,63.6,0,0,1,0,0,0,1,0,0,0,0,0,0
rassoul ndiaye|2001,4387.0,4,0.10908437953583025,0.091577009980697,0.11610082582177361,0.05089538171536286,1.2540829297333826,0.34172254637289906,0.6849462945970746,3.9979489393857612,3.3032870945107136,0.7016415029403403,1.7342257246181247,1.0347061046040913,1.1027332704995287,0.0,,1,Rassoul Ndiaye,Le Havre,Ligue 1,24.0,2001.0,MF,2026-2027,2024-2025,100.0,exact,Rassoul Ndiaye,Le Havre AC,2001-12-11,8.0,24.8,1.754962354551677,CM,MF,Rassoul Ndiaye,7.2,2.3,18.18,-0.8,-0.0932,-8.9,0,0,1,0,0,0,0,0,1,0,0,0,0
raul albiol|1985,8303.0,5,0.0,0.040520883840132985,0.011330409356725146,0.0,0.18234397728059845,0.0,0.3527046783625731,3.0701754385964914,0.9722222222222223,0.7059984761377017,4.791666666666667,0.9904970760233919,2.1969696969696972,0.0,,1,Raúl Albiol,Pisa,Serie A,39.0,1985.0,DF,2025-2026,2024-2025,100.0,exact,Raúl Albiol,Pisa Sporting Club,1985-09-04,0.7,41.1,,CB,DF,Raúl Albiol,0.78,0.45,1.71,0.08,0.0475,4.9,0,0,0,0,1,0,1,0,0,0,0,0,0
raul asencio|2003,3378.0,2,0.0603003192369842,0.023056004414141018,0.005389221556886228,0.03233532934131736,0.4912702479013125,0.14365664288810942,0.26946107784431134,1.455089820359281,1.1856287425149699,0.6703976668111772,4.742514970059879,0.5928143712574849,1.6167664670658681,,,1,Raúl Asencio,Real Madrid,La Liga,22.0,2003.0,DF,2025-2026,2024-2025,100.0,exact,Raúl Asencio,Real Madrid,2003-02-13,20.0,23.6,4.7529089664613275,CB,DF,Raúl Asencio,10.67,5.51,23.18,-9.33,-0.5872,-44.4,0,1,0,0,0,0,1,0,0,0,0,0,0
raul jimenez|1991,9555.0,5,0.37695512750594445,0.10111035972164656,0.3767280471460831,0.11908580593424217,2.975393206954473,0.8995476412723484,1.0888762415318805,2.019130147423305,1.1896675173034201,0.3052943871206998,0.8393765260974132,0.7914593622060254,3.2838813151563753,0.0,,1,Raúl Jiménez,Fulham,Premier League,34.0,1991.0,FW,2025-2026,2024-2025,100.0,exact,Raúl Jiménez,Fulham FC,1991-05-05,3.0,35.4,1.754962354551677,ST,FW,Raúl Jiménez,3.29,2.85,5.35,0.29,0.0701,7.3,0,0,0,1,0,0,0,0,0,0,0,1,0
raul moro|2002,3341.0,4,0.1041388518024032,0.20226969292389851,0.1584887303389006,0.21913712088850917,1.52821997105644,0.4559403770276194,4.325604021404248,3.102643100372953,0.8522782552294471,0.29439252336448596,0.7588778984919734,0.31522620398897355,0.307560871422469,0.0,,1,Raúl Moro,Osasuna,La Liga,23.0,2002.0,MF,2026-2027,2024-2025,100.0,exact,Raúl Moro,CA Osasuna,2002-12-05,3.5,23.8,4.7529089664613275,CAM,MF,Raúl Moro,15.34,8.13,34.45,11.84,1.2893,263.0,0,1,0,0,0,1,0,0,0,0,0,0,0
raul|2000,3503.0,4,0.4328587918430165,0.08849557522123894,0.36746411483253594,0.08399999999999999,2.917360375359467,1.793638649032681,1.1237183868762817,1.6650717703349283,1.062200956937799,0.3155059638322431,0.7259056732740945,0.5454545454545454,2.4,0.0,,1,Raúl,Osasuna,La Liga,25.0,2000.0,FW,2026-2027,2024-2025,90.0,fuzzy,Raúl García,CA Osasuna,2000-11-03,3.0,25.9,4.7529089664613275,ST,FW,Raúl,14.83,8.59,28.15,11.83,1.3755,295.7,0,1,0,0,0,0,0,0,0,0,0,1,0
rayan ait nouri|2001,9316.0,5,0.07968081681460701,0.14280458078462036,0.0888317664100889,0.15921518173045995,0.9623786965920066,0.25906099166301005,2.5946544721220217,3.333428011474991,2.670065611952169,0.8102607735823024,1.961967790496208,1.146504956400716,0.6368607269218398,0.0,,1,Rayan Aït-Nouri,Manchester City,Premier League,24.0,2001.0,DF,2025-2026,2024-2025,100.0,exact,Rayan Aït-Nouri,Manchester City,2001-06-06,40.0,25.3,3.753593429158111,FULLBACK,DF,Rayan Aït-Nouri,37.76,24.9,44.92,-2.24,-0.0562,-5.5,0,0,0,1,0,0,0,0,0,1,0,0,0
rayan cherki|2003,8161.0,6,0.26492680396093204,0.4801163918525703,0.23686930556618946,0.4894659480646742,2.5777788538362834,0.7403110993936197,5.064696424469796,8.072505933695735,0.9113008192328307,0.3248144722892653,0.158487098997014,0.3944950616338718,0.17638412542871143,0.0,,1,Rayan Cherki,Manchester City,Premier League,23.0,2003.0,MF,2026-2027,2024-2025,100.0,exact,Rayan Cherki,Manchester City,2003-08-17,90.0,23.1,3.753593429158111,CAM,MF,Rayan Cherki,84.88,45.19,131.72,-5.12,-0.0579,-5.6,0,0,0,1,0,1,0,0,0,0,0,0,0
rayan|2006,1545.0,2,0.27750571335292196,0.11100228534116878,,,2.268226822682268,0.648064806480648,,,,0.5746000652954619,,,,,,0,Rayan,Bournemouth,Premier League,20.0,2006.0,MF,2026-2027,,100.0,exact,Rayan,AFC Bournemouth,2006-08-03,60.0,20.2,4.7529089664613275,CAM,MF,Rayan,24.08,13.99,35.65,-35.92,-0.8888,-58.9,0,0,0,1,0,1,0,0,0,0,0,0,0
razvan sava|2002,1700.0,2,0.0,0.0,0.0,0.0,0.0,0.0,0.0,0.0,0.0,0.0,0.5,0.0,0.0,2.632628152969894,0.041666666666666664,1,Razvan Sava,Udinese,Serie A,23.0,2002.0,GK,2025-2026,2024-2025,100.0,exact,Răzvan Sava,Udinese Calcio,2002-06-21,2.5,24.3,3.753593429158111,GK,GK,Razvan Sava,9.04,4.48,12.84,6.54,1.0534,186.8,0,0,0,0,1,0,0,0,0,0,1,0,0
reda belahyane|2004,3061.0,5,0.0,0.1265199971884445,0.010793871866295266,0.048491379310344834,0.3555150410209663,0.11223572402192512,1.2604456824512533,4.056406685236769,2.1622562674094707,0.5756659872074226,1.2221448467966571,1.128133704735376,0.3394396551724138,0.0,,1,Reda Belahyane,Lazio,Serie A,22.0,2004.0,MF,2026-2027,2024-2025,100.0,exact,Reda Belahyane,Società Sportiva Lazio S.p.A.,2004-06-01,6.8,22.3,2.754277891854894,CM,MF,Reda Belahyane,11.88,5.19,26.41,5.08,0.5013,65.1,0,0,0,0,1,0,0,0,1,0,0,0,0
reda khadra|2001,1675.0,3,0.04704105929496486,0.14112317788489462,0.10941017559657812,0.0,1.6150763691271273,0.9353984104340738,2.4786132372805043,2.7825303917154436,1.0603331832507878,0.14112317788489462,0.8779828905898244,0.4862674470959027,0.0,0.0,,1,Reda Khadra,Le Havre,Ligue 1,24.0,2001.0,"MF,FW",2025-2026,2024-2025,100.0,exact,Reda Khadra,Le Havre AC,2001-07-04,1.2,25.2,0.7529089664613279,CAM,"MF,FW",Reda Khadra,1.69,1.43,7.05,0.49,0.2028,22.5,0,0,1,0,0,1,0,0,0,0,0,0,0
reece james|1999,6846.0,6,0.08357171741376987,0.16444757297548265,0.06242283390224417,0.0592662276575729,1.084568782938482,0.3013350286077559,2.045900210618055,5.781465611155494,1.5589367419565692,1.2050502478695204,1.7027380347156658,1.1209964412811386,1.9473189087488243,0.0,,1,Reece James,Chelsea,Premier League,26.0,1999.0,"DF,MF",2026-2027,2024-2025,100.0,exact,Reece James,Chelsea FC,1999-12-08,60.0,26.8,5.754962354551677,FULLBACK,"DF,MF",Reece James,36.98,19.45,52.85,-23.02,-0.4738,-37.7,0,0,0,1,0,0,0,0,0,1,0,0,0
reinildo mandava|1994,8676.0,6,0.024212097978289823,0.03147572737177677,0.03574286476393705,0.009564293304994687,0.23048404627547905,0.025626984996166908,1.3817017871432382,3.5529474526540405,2.6940517471325687,1.5519954804083773,3.0008002133902374,1.1469725260069352,0.9564293304994687,0.0,,1,Reinildo Mandava,Sunderland,Premier League,32.0,1994.0,DF,2026-2027,2024-2025,100.0,exact,Reinildo Mandava,Sunderland AFC,1994-01-21,4.0,32.7,0.7529089664613279,CB,DF,Reinildo Mandava,3.56,1.63,4.15,-0.44,-0.0917,-8.8,0,0,0,1,0,0,1,0,0,0,0,0,0
remo freuler|1992,12571.0,5,0.031157119697379092,0.05699473115374224,0.03619556743512641,0.042134831460674156,0.4278404485274251,0.07833688645566586,1.0903218621227309,5.4293351152689615,2.3187437353825593,1.0692211564442042,1.6649961020158148,1.2284218732598287,0.7865168539325842,0.0,,1,Remo Freuler,Bologna,Serie A,33.0,1992.0,MF,2025-2026,2024-2025,100.0,exact,Remo Freuler,Bologna Football Club 1909,1992-04-15,3.0,34.5,,CDM,MF,Remo Freuler,2.58,1.59,4.21,-0.42,-0.1123,-10.6,0,0,0,0,1,0,0,1,0,0,0,0,0
remy cabella|1990,5988.0,5,0.17667497693410025,0.16607447831805422,0.31952528535792574,0.20474777448071216,1.8921890029642137,0.7119727835389599,4.15904452339557,7.1955552195933175,3.045581676619548,0.6112954201919869,0.3333585305011717,1.4445536321717438,0.26706231454005935,0.0,,1,Rémy Cabella,Nantes,Ligue 1,35.0,1990.0,"FW,MF",2025-2026,2024-2025,100.0,exact,Rémy Cabella,Olympiakos Syndesmos Filathlon Peiraios,1990-03-08,1.2,36.6,0.7529089664613279,WINGER,"FW,MF",Rémy Cabella,1.7,1.05,3.05,0.5,0.2058,22.9,0,0,1,0,0,0,0,0,0,0,0,0,1
remy labeau lascary|2003,2200.0,4,0.3457883622712341,0.07918817456593148,0.349033273381295,0.15541601255886972,2.3808711086837793,1.0574945085596736,2.3875899280575537,1.0723920863309353,2.306654676258993,0.38538244955419987,0.9206384892086331,0.8599370503597122,0.847723704866562,0.0,,1,Rémy Labeau Lascary,Auxerre,Ligue 1,23.0,2003.0,"MF,FW",2026-2027,2024-2025,100.0,exact,Rémy Labeau Lascary,Stade Brestois 29,2003-03-03,4.0,23.6,1.754962354551677,CAM,"MF,FW",Rémy Labeau Lascary,5.82,3.68,19.58,1.82,0.3107,36.4,0,0,1,0,0,1,0,0,0,0,0,0,0
renato veiga|2003,5024.0,4,0.0,0.03984758633643706,0.06969681631826695,0.007064364207221352,0.5638260083314496,0.1976540288394423,1.0203978336792023,3.102191628283647,1.7446980816925648,1.1314299514315613,5.575745305461356,1.6399250898415751,2.1193092621664054,0.0,,1,Renato Veiga,Villarreal,La Liga,23.0,2003.0,DF,2026-2027,2024-2025,100.0,exact,Renato Veiga,Villarreal CF,2003-07-29,25.0,23.2,5.754962354551677,CB,DF,Renato Veiga,15.66,7.6,25.65,-9.34,-0.4452,-35.9,0,1,0,0,0,0,1,0,0,0,0,0,0
ricardo mangas|1998,2723.0,2,0.1932925821906493,0.31224186353874117,0.0650233744156396,,0.650233744156396,,2.1036974075648107,3.404164895877603,1.3387165320866978,0.9664629109532463,1.7977050573735656,0.6884827879303017,,0.0,,0,Ricardo Mangas,Monza,Serie A,28.0,1998.0,MF,2026-2027,,100.0,exact,Ricardo Mangas,FK Spartak Moskva,1998-03-19,2.0,28.5,2.754277891854894,CAM,MF,Ricardo Mangas,9.09,3.69,17.18,7.09,1.2128,236.3,0,0,0,0,1,1,0,0,0,0,0,0,0
ricardo rodriguez|1992,10736.0,5,0.009407119214912026,0.052261773416177916,0.011888439287028056,0.0282574568288854,0.30102781487718483,0.0272975432211101,1.7170518008226598,4.299401397853058,1.6719058288466038,0.7609314209395506,2.467979801357723,0.7855399123833728,1.9073783359497647,0.0,,1,Ricardo Rodríguez,Betis,La Liga,32.0,1992.0,DF,2025-2026,2024-2025,100.0,exact,Ricardo Rodríguez,Real Betis Balompié,1992-08-25,1.4,34.1,,CB,DF,Ricardo Rodríguez,1.77,0.94,4.44,0.37,0.1441,15.5,0,1,0,0,0,0,1,0,0,0,0,0,0
riccardo calafiori|2002,5704.0,5,0.07661712371781453,0.16830646849487124,0.06351649628252788,0.027466937945066123,1.1783937455579245,0.4622917766789881,1.432388475836431,4.1141960966542745,2.054484200743494,1.027423068871677,2.6164614312267656,1.3278345724907064,2.014242115971516,0.0,,1,Riccardo Calafiori,Arsenal,Premier League,24.0,2002.0,DF,2026-2027,2024-2025,100.0,exact,Riccardo Calafiori,Arsenal FC,2002-05-19,55.0,24.4,2.754277891854894,CB,DF,Riccardo Calafiori,29.03,16.07,38.7,-25.97,-0.6231,-46.4,0,0,0,1,0,0,1,0,0,0,0,0,0
riccardo orsolini|1997,9784.0,6,0.5078973826744073,0.1099471345636169,0.43279982459986843,0.17731629392971246,3.3489665522682888,1.271620702807582,2.6194913396185044,3.232843674632756,0.9981363736022801,0.3356793046411312,0.6889936417452314,1.193817145362859,1.1022364217252396,0.0,,1,Riccardo Orsolini,Bologna,Serie A,29.0,1997.0,"MF,FW",2026-2027,2024-2025,100.0,exact,Riccardo Orsolini,Bologna Football Club 1909,1997-01-24,15.0,29.7,0.7529089664613279,CAM,"MF,FW",Riccardo Orsolini,15.89,9.47,28.57,0.89,0.0541,5.6,0,0,0,0,1,1,0,0,0,0,0,0,0
riccardo sottil|1999,5197.0,5,0.10314091680814941,0.16808149405772496,0.14804469273743015,0.11297071129707112,2.1143887945670627,0.3800327332242226,6.663563004345126,2.430167597765363,0.6393544382371197,0.2024617996604414,0.1893234016139044,0.4252017380509,0.47071129707112963,0.0,,1,Riccardo Sottil,Lecce,Serie A,26.0,1999.0,"FW,MF",2025-2026,2024-2025,100.0,exact,Riccardo Sottil,US Lecce,1999-06-03,3.0,27.3,0.7529089664613279,WINGER,"FW,MF",Riccardo Sottil,4.36,2.78,14.86,1.36,0.2921,33.9,0,0,0,0,1,0,0,0,0,0,0,0,1
richarlison|1997,7492.0,5,0.5148530454652903,0.20140256874950752,0.5070675491402534,0.16071428571428573,2.9628870853360647,1.2010515773660488,1.7690491236239065,2.1222602853626897,1.1793660824159375,0.3403987077456465,1.2841321049655767,1.3619582931453087,1.7857142857142858,0.0,,1,Richarlison,Tottenham,Premier League,28.0,1997.0,"FW,MF",2025-2026,2024-2025,100.0,exact,Richarlison,Tottenham Hotspur,1997-05-10,25.0,29.4,0.7529089664613279,ST,"FW,MF",Richarlison,23.84,11.22,26.5,-1.16,-0.0456,-4.5,0,0,0,1,0,0,0,0,0,0,0,1,0
rico henry|1997,7842.0,5,0.0109724875035559,0.06583492502133541,0.03851640513552069,0.0,0.4407282480594953,0.0,1.7366168631278627,3.138749155341993,1.4528117726556047,0.693095460641281,2.172460394924544,1.1183272017418726,1.8181818181818181,0.0,,1,Rico Henry,Brentford,Premier League,28.0,1997.0,DF,2025-2026,2024-2025,100.0,exact,Rico Henry,Brentford FC,1997-07-08,13.0,29.2,0.7529089664613279,CB,DF,Rico Henry,7.48,3.75,17.26,-5.52,-0.5013,-39.4,0,0,0,1,0,0,1,0,0,0,0,0,0
rico lewis|2004,4012.0,4,0.06439848582771672,0.08932693195457482,0.06081582200247218,0.014263074484944531,0.5214199981534484,0.074219741182441,1.992583436341162,4.7663782447466,1.3844252163164399,0.7353891607423138,1.7404202719406676,1.1545117428924598,0.28526148969889065,0.0,,1,Rico Lewis,Manchester City,Premier League,20.0,2004.0,"DF,MF",2025-2026,2024-2025,100.0,exact,Rico Lewis,Manchester City,2004-11-21,28.0,21.9,3.753593429158111,FULLBACK,"DF,MF",Rico Lewis,33.77,16.34,46.23,5.77,0.1815,19.9,0,0,0,1,0,0,0,0,0,1,0,0,0
ridgeciano haps|1993,4454.0,4,0.03972223856882246,0.11651856646854589,0.05456246102681356,0.04601899196493791,0.7888172937019332,0.19722425127830534,1.6056952816462275,2.840365828310123,1.6368738308044066,0.8023892190902135,2.609644564539597,1.025774267304095,0.9203798392987582,0.0,,1,Ridgeciano Haps,Venezia,Serie A,33.0,1993.0,MF,2026-2027,2024-2025,100.0,exact,Ridgeciano Haps,Venezia FC,1993-06-12,0.9,33.3,0.0,CM,MF,Ridgeciano Haps,1.01,0.81,2.18,0.11,0.0555,5.7,0,0,0,0,1,0,0,0,1,0,0,0,0
ridle baku|1998,12250.0,6,0.1293484095513498,0.09973853266610104,0.09572487960528259,0.10306748466257669,1.1590575175491102,0.29655830968488156,1.6113688066889236,3.600319082932017,1.7522971016633673,0.9311527073124276,2.105947351316217,1.4212485596950983,0.5521472392638036,0.0,,1,Ridle Baku,RB Leipzig,Bundesliga,28.0,1998.0,DF,2026-2027,2024-2025,100.0,exact,Ridle Baku,RB Leipzig,1998-04-08,12.0,28.5,0.7529089664613279,CB,DF,Ridle Baku,13.33,4.77,21.76,1.33,0.0975,10.2,1,0,0,0,0,0,1,0,0,0,0,0,0
ritsu doan|1998,10132.0,5,0.2382741507059975,0.1840137005452258,0.21458153580672987,0.11635220125786164,1.7290026246719161,0.6140010853554538,2.184641932700604,3.5422778257118197,2.0875754961173425,0.5363134349224102,1.2062122519413285,1.567299396031061,0.5031446540880503,0.0,,1,Ritsu Doan,Eint Frankfurt,Bundesliga,28.0,1998.0,MF,2026-2027,2024-2025,100.0,exact,Ritsu Doan,Eintracht Frankfurt,1998-06-16,17.0,28.3,3.753593429158111,CAM,MF,Ritsu Doan,18.97,10.9,36.78,1.97,0.1037,10.9,1,0,0,0,0,1,0,0,0,0,0,0,0
rjan nyland|1990,5463.0,4,0.0,0.007172572084349447,0.0,0.0101010101010101,0.0,0.0,0.0,0.021238359745139684,0.06371507923541905,0.0,0.38719163535370044,0.0,0.23569023569023567,2.6653277865442546,-0.0303030303030303,1,Ørjan Nyland,Sevilla,La Liga,34.0,1990.0,GK,2025-2026,2024-2025,100.0,exact,Ørjan Nyland,Sevilla FC,1990-09-10,0.8,36.0,,GK,GK,Ørjan Nyland,1.01,0.36,2.06,0.21,0.1121,11.9,0,1,0,0,0,0,0,0,0,0,1,0,0
robert andrich|1994,10057.0,5,0.10807963762772568,0.054987885810597284,0.08120353159851301,0.016896120150187734,0.8475718950805856,0.16298239040839266,0.6656598513011153,4.204809479553903,1.660664498141264,1.3178131254608658,1.427160780669145,0.8991635687732343,1.1827284105131413,0.0,,1,Robert Andrich,Leverkusen,Bundesliga,30.0,1994.0,"MF,DF",2025-2026,2024-2025,100.0,exact,Robert Andrich,Bayer 04 Leverkusen,1994-09-22,6.0,32.0,1.754962354551677,CDM,"MF,DF",Robert Andrich,4.88,1.61,7.83,-1.12,-0.1741,-16.0,1,0,0,0,0,0,0,1,0,0,0,0,0
robert lewandowski|1988,12874.0,5,0.788697651990059,0.14438591935902667,0.7954819731482878,0.07761529808773902,3.5937905708668723,1.5410028748868312,1.227560718057022,2.106652587117212,0.34733745662995924,0.1610779331577581,0.6629959269874792,0.489892894855936,1.2485939257592802,0.0,,1,Robert Lewandowski,Barcelona,La Liga,36.0,1988.0,FW,2025-2026,2024-2025,100.0,exact,Robert Lewandowski,FC Barcelona,1988-08-21,7.0,38.1,,ST,FW,Robert Lewandowski,5.78,3.16,8.13,-1.22,-0.1659,-15.3,0,1,0,0,0,0,0,0,0,0,0,1,0
robert sanchez|1997,12751.0,5,0.0,0.012856278569507931,0.0,0.003125,0.0,0.0,0.0,0.03207365060509317,0.01202761897690994,0.04386259747243882,0.6388002078847724,0.002672804217091098,0.375,2.829137536972304,0.053125,1,Robert Sánchez,Chelsea,Premier League,27.0,1997.0,GK,2025-2026,2024-2025,100.0,exact,Robert Sánchez,Chelsea FC,1997-11-18,22.0,28.9,3.753593429158111,GK,GK,Robert Sánchez,20.0,9.53,33.27,-2.0,-0.0911,-8.7,0,0,0,1,0,0,0,0,0,0,1,0,0
robert skov|1996,4049.0,5,0.18194250379046883,0.19799625412492194,0.17068602200889724,0.2535211267605634,1.9585575408032818,0.3948434125269978,2.438371742984246,4.154262969528716,1.586446800682343,0.7331212652733597,1.2944442586212666,1.116834464996488,0.9507042253521126,0.0,,1,Robert Skov,Union Berlin,Bundesliga,29.0,1996.0,"DF,MF",2025-2026,2024-2025,100.0,exact,Robert Skov,1.FC Union Berlin,1996-05-20,2.0,30.4,,FULLBACK,"DF,MF",Robert Skov,3.49,2.07,8.73,1.49,0.4024,49.5,1,0,0,0,0,0,0,0,0,1,0,0,0
roberto fernandez|2002,4490.0,3,0.39528922757187396,0.06359542777970212,0.21643286573146295,0.036072144288577156,1.9154365774330746,0.76257192894671,0.4208416833667335,1.0220440881763528,0.24048096192384774,0.20076203671631454,1.56312625250501,0.5410821643286573,2.0440881763527057,,,1,Roberto Férnandez,Espanyol,La Liga,24.0,2002.0,FW,2026-2027,2024-2025,100.0,exact,Roberto Fernández,RCD Espanyol Barcelona,2002-07-03,10.0,24.2,4.7529089664613275,ST,FW,Roberto Férnandez,16.82,6.53,30.66,6.82,0.4824,62.0,0,1,0,0,0,0,0,0,0,0,0,1,0
roberto gagliardini|1994,6244.0,5,0.04004924573920525,0.029369446875417187,0.10127461535789949,0.1,0.9011080291321182,0.11204960453080755,1.634772340499427,4.638627444170459,2.1630257354218037,1.7287924410756934,1.509741951168687,1.1909144583752997,2.0,0.0,,1,Roberto Gagliardini,Hellas Verona,Serie A,31.0,1994.0,"MF,DF",2025-2026,2024-2025,100.0,exact,Roberto Gagliardini,Hellas Verona,1994-04-07,1.3,32.5,,CDM,"MF,DF",Roberto Gagliardini,1.23,0.9,3.12,-0.07,-0.0303,-3.0,0,0,0,0,1,0,0,1,0,0,0,0,0
roberto navarro|2002,5337.0,6,0.22969902580223478,0.03641569921254941,0.12810760927318998,0.13380281690140844,1.4514126047811238,0.5747688821363274,3.546240107385554,3.4631840935149194,2.07891719567102,0.9398051604469482,0.5864257949047794,1.434603875947314,0.35211267605633806,0.0,,1,Roberto Navarro,Athletic Club,La Liga,24.0,2002.0,MF,2026-2027,2024-2025,96.55172413793103,fuzzy,Robert Navarro,Athletic Bilbao,2002-04-12,6.0,24.5,3.753593429158111,CM,MF,Roberto Navarro,15.63,7.36,27.82,9.63,0.865,137.5,0,1,0,0,0,0,0,0,1,0,0,0,0
roberto piccoli|2001,7458.0,6,0.2654695147645133,0.029172474149946514,0.3654982552736327,0.02590342181004157,2.7889015014101317,0.8065146579804559,1.0526223500324394,1.0605130722965508,0.42767714671482926,0.18475900294966127,0.953199249504638,0.5349909695067422,3.165973776782858,0.0,,1,Roberto Piccoli,Bologna,Serie A,25.0,2001.0,FW,2026-2027,2024-2025,100.0,exact,Roberto Piccoli,ACF Fiorentina,2001-01-27,14.0,25.7,3.753593429158111,ST,FW,Roberto Piccoli,16.91,9.71,31.13,2.91,0.1774,19.4,0,0,0,0,1,0,0,0,0,0,0,1,0
robin fellhauer|1998,3100.0,2,0.15278995578605675,0.05708635710687834,,,0.9646302250803858,0.28938906752411575,,,,0.695110348301401,,,,,,0,Robin Fellhauer,Augsburg,Bundesliga,28.0,1998.0,MF,2026-2027,,100.0,exact,Robin Fellhauer,FC Augsburg,1998-01-21,3.5,28.7,2.754277891854894,CM,MF,Robin Fellhauer,4.74,2.37,9.12,1.24,0.2426,27.5,1,0,0,0,0,0,0,0,1,0,0,0,0
robin gosens|1994,8742.0,6,0.1914027986109684,0.102636283313128,0.09083700877149513,0.08914421553090332,1.0448148388352034,0.30977480745188224,1.1507012240447991,3.7553892660686854,2.207740720551068,1.092013068403641,2.9243272709252195,1.517914663759354,2.781299524564184,0.0,,1,Robin Gosens,Schalke 04,Bundesliga,32.0,1994.0,"DF,MF",2026-2027,2024-2025,100.0,exact,Robin Gosens,ACF Fiorentina,1994-07-05,4.0,32.2,1.754962354551677,FULLBACK,"DF,MF",Robin Gosens,3.72,1.72,9.21,-0.28,-0.0586,-5.7,1,0,0,0,0,0,0,0,0,1,0,0,0
robin hack|1998,5362.0,5,0.2768105849582173,0.20020891364902507,0.22784017078151103,0.14917127071823205,2.6015740893357506,1.0155600427604228,2.4580007425283084,3.6734267681455353,0.9376740300723965,0.504874651810585,1.171570447373306,1.190365695192129,0.787292817679558,0.0,,1,Robin Hack,Gladbach,Bundesliga,28.0,1998.0,MF,2026-2027,2024-2025,100.0,exact,Robin Hack,Borussia Mönchengladbach,1998-08-27,7.0,28.1,2.754277891854894,CAM,MF,Robin Hack,9.72,5.5,19.91,2.72,0.293,34.0,1,0,0,0,0,1,0,0,0,0,0,0,0
robin hranac|2000,2470.0,2,0.03721360120640171,0.0,0.0,0.0,0.29770880965121366,0.11164080361920513,0.8219178082191781,1.6438356164383563,0.0,0.8865593228583938,3.6986301369863015,1.2328767123287672,2.0547945205479454,,,1,Robin Hranáč,Hoffenheim,Bundesliga,25.0,2000.0,DF,2025-2026,2024-2025,100.0,exact,Robin Hranac,TSG 1899 Hoffenheim,2000-01-29,10.0,26.7,1.754962354551677,CB,DF,Robin Hranáč,3.97,1.95,9.89,-6.03,-0.7951,-54.8,1,0,0,0,0,0,1,0,0,0,0,0,0
robin koch|1996,13266.0,6,0.07327885166309822,0.025104791773468832,0.0688249679748457,0.006960556844547564,0.5574599024265808,0.179385905917167,0.35402352393152436,3.4086409689064867,1.1191335740072201,1.2532040650161334,5.395365086759054,1.2530569465471062,3.5498839907192576,0.0,,1,Robin Koch,Eint Frankfurt,Bundesliga,30.0,1996.0,DF,2026-2027,2024-2025,100.0,exact,Robin Koch,Eintracht Frankfurt,1996-07-17,10.0,30.2,3.753593429158111,CB,DF,Robin Koch,12.35,4.58,23.01,2.35,0.1939,21.4,1,0,0,0,0,0,1,0,0,0,0,0,0
robin le normand|1996,12792.0,6,0.059223328351053324,0.016074903409571618,0.04638258217553372,0.020920502092050212,0.36715825241759437,0.08633685076058654,0.6557099288376822,3.188325991189428,1.153846153846154,0.8993485433881384,3.9889020670959003,0.8539478143002373,2.259414225941423,0.0,,1,Robin Le Normand,Atlético Madrid,La Liga,29.0,1996.0,DF,2026-2027,2024-2025,100.0,exact,Robin Le Normand,Atlético de Madrid,1996-11-11,20.0,29.9,2.754277891854894,CB,DF,Robin Le Normand,7.87,4.15,20.88,-12.13,-0.8614,-57.7,0,1,0,0,0,0,1,0,0,0,0,0,0
robin risser|2004,3420.0,2,0.0,0.025718608169440247,,,0.0,0.0,,,,0.0,,,,2.303030303030303,,0,Robin Risser,Lens,Ligue 1,21.0,2004.0,GK,2026-2027,,100.0,exact,Robin Risser,RC Lens,2004-12-02,30.0,21.8,3.753593429158111,GK,GK,Robin Risser,21.53,7.82,31.26,-8.47,-0.3191,-27.3,0,0,1,0,0,0,0,0,0,0,1,0,0
robin roefs|2003,3600.0,2,0.0,0.0,,,0.0,0.0,,,,0.0,,,,3.0857142857142854,,0,Robin Roefs,Sunderland,Premier League,23.0,2003.0,GK,2026-2027,,100.0,exact,Robin Roefs,Sunderland AFC,2003-01-17,28.0,23.7,3.753593429158111,GK,GK,Robin Roefs,28.51,17.95,37.4,0.51,0.0174,1.8,0,0,0,1,0,0,0,0,0,0,1,0,0
robin zentner|1994,11856.0,6,0.0,0.0,0.0,0.009375,0.021043234281341666,0.0,0.0,0.07840909090909091,0.05454545454545456,0.011976415673750154,0.796590909090909,0.010227272727272727,0.25,2.9240530544573393,0.125,1,Robin Zentner,Mainz 05,Bundesliga,31.0,1994.0,GK,2026-2027,2024-2025,100.0,exact,Robin Zentner,1.FSV Mainz 05,1994-10-28,2.5,31.9,1.754962354551677,GK,GK,Robin Zentner,5.29,1.96,13.56,2.79,0.5869,79.8,1,0,0,0,0,0,0,0,0,0,1,0,0
rocco reitz|2002,6593.0,3,0.08212334470133337,0.11086651534680006,0.11591574836099876,0.10327868852459016,1.4320258232295004,0.4325848441905653,1.2616822429906545,4.546659227228345,2.5631189845166693,1.9689071892144674,2.188589761473009,2.2095131817547777,0.8852459016393444,0.0,,1,Rocco Reitz,Gladbach,Bundesliga,23.0,2002.0,MF,2025-2026,2024-2025,100.0,exact,Rocco Reitz,Borussia Mönchengladbach,2002-05-29,20.0,24.3,4.7529089664613275,CM,MF,Rocco Reitz,23.42,7.21,40.3,3.42,0.1511,16.3,1,0,0,0,0,0,0,0,1,0,0,0,0
rodrigo bentancur|1997,8919.0,6,0.0841295084554405,0.05025918686948394,0.10055397793398818,0.02188449848024316,0.9459405385938938,0.19552026369016406,1.5124994180904054,5.526279037288767,2.279223499837065,1.7448678571862142,1.7764536101671247,1.4203249383175829,1.9696048632218843,0.0,,1,Rodrigo Bentancur,Tottenham,Premier League,29.0,1997.0,MF,2026-2027,2024-2025,100.0,exact,Rodrigo Bentancur,Tottenham Hotspur,1997-06-25,20.0,29.3,2.754277891854894,CDM,MF,Rodrigo Bentancur,21.86,13.99,34.87,1.86,0.0849,8.9,0,0,0,1,0,0,0,1,0,0,0,0,0
rodrigo gomes|2003,1770.0,2,0.2581005586592178,0.0,0.07777777777777778,0.1,1.4446927374301675,0.4726256983240223,2.5555555555555554,3.0,2.5555555555555554,0.9318435754189943,2.2222222222222223,0.8888888888888888,0.8888888888888888,,,1,Rodrigo Gomes,Wolves,Premier League,22.0,2003.0,"DF,FW",2025-2026,2024-2025,100.0,exact,Rodrigo Gomes,Wolverhampton Wanderers,2003-07-07,15.0,23.2,2.754277891854894,CB,"DF,FW",Rodrigo Gomes,16.0,12.05,23.97,1.0,0.0605,6.2,0,0,0,1,0,0,1,0,0,0,0,0,0
rodrigo muniz|2001,3557.0,3,0.4144156465841482,0.08001094166723655,0.5148312181324203,0.06535269709543569,3.5040689325035905,1.0117838277123121,0.5024377535449776,1.7484833823365218,0.6464699095612044,0.31388907884838957,1.2125497785552124,0.6632178346793702,6.255186721991702,0.0,,1,Rodrigo Muniz,Fulham,Premier League,24.0,2001.0,FW,2025-2026,2024-2025,100.0,exact,Rodrigo Muniz,Fulham FC,2001-05-04,20.0,25.4,3.753593429158111,ST,FW,Rodrigo Muniz,14.25,8.21,27.43,-5.75,-0.3196,-27.4,0,0,0,1,0,0,0,0,0,0,0,1,0
rodrigo riquelme|2000,5351.0,5,0.18191712664230741,0.16617429837518463,0.16073991388933184,0.13953488372093023,2.3894332627118646,0.7447374788289379,5.516823473130283,3.484611704672301,1.4724924254504865,0.6419575526704502,0.7003667676606602,0.8324031254983256,0.5232558139534884,0.0,,1,Rodrigo Riquelme,Betis,La Liga,26.0,2000.0,MF,2026-2027,2024-2025,100.0,exact,Rodrigo Riquelme,Real Betis Balompié,2000-04-02,4.0,26.5,3.753593429158111,CAM,MF,Rodrigo Riquelme,15.46,7.81,25.27,11.46,1.1913,229.1,0,1,0,0,0,1,0,0,0,0,0,0,0
rodri|1996,10666.0,6,0.1264013522583211,0.12863854433368963,0.12182325659482486,0.0,1.4358177206905016,0.1723231716473945,2.1965960840276177,10.02161549600218,2.1437115695368405,0.9306719033533024,1.2975593376844134,1.052024091834379,1.2328767123287672,0.0,,1,Rodri,Barcelona,La Liga,30.0,1996.0,MF,2026-2027,2024-2025,100.0,exact,Rodri,Manchester City,1996-06-22,50.0,30.3,0.7529089664613279,CM,MF,Rodri,13.6,5.67,24.56,-36.4,-1.2508,-71.4,0,1,0,0,0,0,0,0,1,0,0,0,0
rodrygo|2001,8894.0,5,0.2932117777504004,0.2574842922261919,0.3408058608058608,0.1400414937759336,3.065171861525194,1.0964242886732805,5.541391941391941,3.9809523809523815,0.7882783882783884,0.40409018110139217,0.295970695970696,0.7575091575091575,0.32676348547717843,0.0,,1,Rodrygo,Real Madrid,La Liga,24.0,2001.0,"FW,MF",2025-2026,2024-2025,100.0,exact,Rodrygo,Real Madrid,2001-01-09,45.0,25.7,1.754962354551677,WINGER,"FW,MF",Rodrygo,38.57,15.63,58.27,-6.43,-0.1506,-14.0,0,1,0,0,0,0,0,0,0,0,0,0,1
rolando mandragora|1997,9396.0,6,0.2111002520446479,0.13702998816933287,0.13551015588096363,0.23275862068965514,2.0257706736258356,0.6727425901815117,0.5951818611242324,5.1493859234766175,1.3905290505432215,0.6397819042230338,1.7625177137458667,1.0149976381672177,0.6788793103448275,0.0,,1,Rolando Mandragora,Torino,Serie A,29.0,1997.0,MF,2026-2027,2024-2025,100.0,exact,Rolando Mandragora,ACF Fiorentina,1997-06-29,9.0,29.2,1.754962354551677,CAM,MF,Rolando Mandragora,12.47,5.45,29.0,3.47,0.2982,34.7,0,0,0,0,1,1,0,0,0,0,0,0,0
romain del castillo|1996,8942.0,6,0.33336481254131645,0.20492964397015773,0.2646175661022604,0.24305003971405875,1.2598697356909085,0.4795710912906611,2.929560430394528,4.9977062307114855,2.008090749854033,0.7045046746623854,0.31528901493035283,1.1241554758528651,0.5718824463860207,0.0,,1,Romain Del Castillo,Brest,Ligue 1,30.0,1996.0,"MF,FW",2026-2027,2024-2025,100.0,exact,Romain Del Castillo,Stade Brestois 29,1996-03-29,7.0,30.5,0.7529089664613279,CAM,"MF,FW",Romain Del Castillo,12.09,4.35,26.21,5.09,0.4924,63.6,0,0,1,0,0,1,0,0,0,0,0,0,0
romain faivre|1998,7419.0,6,0.22153106395970085,0.20435811326515035,0.21634275849441556,0.19021134593993325,1.7510601147418308,0.7011686143572621,4.098506447647198,5.635740629332218,1.1064319531270435,0.4361929476415814,0.2589521592424996,0.60736051895059,0.7007786429365963,0.0,,1,Romain Faivre,Auxerre,Ligue 1,28.0,1998.0,"MF,FW",2026-2027,2024-2025,100.0,exact,Romain Faivre,AFC Bournemouth,1998-07-14,4.0,28.2,0.7529089664613279,CAM,"MF,FW",Romain Faivre,17.26,6.34,33.48,13.26,1.2953,265.2,0,0,1,0,0,1,0,0,0,0,0,0,0
romain perraud|1997,8461.0,6,0.08930811871250315,0.11805096151652714,0.0329607200134045,0.07192807192807195,1.1571975861982624,0.3775556352634781,2.046580654427077,2.8242813031093665,1.8720827249443472,0.9700709446358099,2.9126074155635875,0.9435813964621682,0.4045954045954046,0.0,,1,Romain Perraud,Lille,Ligue 1,29.0,1997.0,DF,2026-2027,2024-2025,100.0,exact,Romain Perraud,LOSC Lille,1997-09-22,7.0,29.0,1.754962354551677,CB,DF,Romain Perraud,7.1,2.39,19.99,0.1,0.0119,1.2,0,0,1,0,0,0,1,0,0,0,0,0,0
romano schmid|2000,10298.0,5,0.12451795014511191,0.22685166779310617,0.14617323252420747,0.1968948482709951,1.527521194483108,0.540806068360446,2.9659105982225764,7.027457222443297,1.3184772516248842,0.3563789607601479,0.43772383605252696,1.2932749701551933,0.7304163726182075,0.0,,1,Romano Schmid,Frosinone,Serie A,26.0,2000.0,"MF,FW",2026-2027,2024-2025,100.0,exact,Romano Schmid,SV Werder Bremen,2000-01-27,15.0,26.7,0.7529089664613279,CAM,"MF,FW",Romano Schmid,32.39,11.11,50.83,17.39,0.7358,108.7,0,0,0,0,1,1,0,0,0,0,0,0,0
romelu lukaku|1993,8777.0,5,0.47125585985689616,0.23069331359486797,0.3931252250505498,0.1266268026732325,2.120651369356032,0.661150449518657,1.2015621970473367,1.3012769021964932,0.15580422679555717,0.016037503084135207,0.638174112954602,0.23806885854361134,1.3295814280689413,0.0,,1,Romelu Lukaku,Napoli,Serie A,32.0,1993.0,FW,2025-2026,2024-2025,100.0,exact,Romelu Lukaku,SSC Napoli,1993-05-13,6.0,33.4,0.7529089664613279,ST,FW,Romelu Lukaku,3.59,1.8,6.05,-2.41,-0.4222,-34.4,0,0,0,0,1,0,0,0,0,0,0,1,0
romeo lavia|2004,3691.0,5,0.06733099919202801,0.03501211957985456,0.02439920966778477,0.07904642409033875,0.43635205435821206,0.0,0.6161834305932087,3.8128934429995867,2.4605982631071086,1.5566927013196876,1.0504066534944632,1.2943987501723109,1.355081555834379,0.0,,1,Roméo Lavia,Chelsea,Premier League,22.0,2004.0,MF,2026-2027,2024-2025,100.0,exact,Roméo Lavia,Chelsea FC,2004-01-06,22.0,22.7,3.753593429158111,CDM,MF,Roméo Lavia,23.62,14.55,39.23,1.62,0.068,7.0,0,0,0,1,0,0,0,1,0,0,0,0,0
romulo|2002,2188.0,1,0.370201096892139,0.16453382084095064,,,2.591407678244973,1.110603290676417,,,,0.45246800731261433,,,,,,0,Rômulo,RB Leipzig,Bundesliga,23.0,2002.0,FW,2025-2026,,100.0,exact,Rômulo,RB Leipzig,2002-02-08,30.0,24.6,3.753593429158111,ST,FW,Rômulo,16.98,6.86,33.08,-13.02,-0.5448,-42.0,1,0,0,0,0,0,0,0,0,0,0,1,0
ronald araujo|1999,8180.0,6,0.11173098734022009,0.05655519112282746,0.09888913090829884,0.04774535809018569,0.8905352283035984,0.35667107001321,1.0869091701154432,4.624264866042256,1.3308647353517753,0.7462526438402356,2.735787410150294,0.8865170986713135,3.9389920424403178,0.0,,1,Ronald Araújo,Liverpool,Premier League,27.0,1999.0,DF,2026-2027,2024-2025,100.0,exact,Ronald Araujo,FC Barcelona,1999-03-07,20.0,27.6,4.7529089664613275,CB,DF,Ronald Araújo,44.63,20.45,51.14,24.63,0.7761,117.3,0,0,0,1,0,0,1,0,0,0,0,0,0
ross barkley|1993,5504.0,6,0.24779909508610715,0.119953702079899,0.2079232486973782,0.0929432013769363,2.329570040517683,0.8177379983726607,1.9973534033578695,5.4660491274501695,1.699611281118187,0.6802637578478482,1.3745761310065336,0.940368869406997,0.9294320137693631,0.0,,1,Ross Barkley,Aston Villa,Premier League,32.0,1993.0,MF,2026-2027,2024-2025,100.0,exact,Ross Barkley,Aston Villa,1993-12-05,4.0,32.8,0.7529089664613279,CAM,MF,Ross Barkley,3.41,1.71,4.65,-0.59,-0.1246,-11.7,0,0,0,1,0,1,0,0,0,0,0,0,0
ruben aguilar|1993,8356.0,6,0.06558230318802863,0.12999349381912817,0.05265160523186683,0.15213523131672596,0.6463739654930565,0.18471221381008848,2.1552913198573127,5.9414982164090375,2.5041617122473245,1.345608327911516,2.069678953626635,1.5902497027348395,0.800711743772242,0.0,,1,Ruben Aguilar,Lens,Ligue 1,33.0,1993.0,MF,2026-2027,2024-2025,100.0,exact,Ruben Aguilar,RC Lens,1993-04-26,2.5,33.4,1.754962354551677,CAM,MF,Ruben Aguilar,3.48,1.46,5.17,0.98,0.246,27.9,0,0,1,0,0,1,0,0,0,0,0,0,0
ruben dias|1997,11821.0,6,0.03033393942081689,0.00638609250964566,0.05879907346914534,0.011889035667107,0.6150657863029545,0.21708131067961164,1.3376789214230562,5.886589059808754,0.9741937399774308,0.8916581666592753,2.710102749896062,0.9755300825562748,1.4663143989431968,0.0,,1,Rúben Dias,Manchester City,Premier League,29.0,1997.0,DF,2026-2027,2024-2025,100.0,exact,Rúben Dias,Manchester City,1997-05-14,55.0,29.4,2.754277891854894,CB,DF,Rúben Dias,25.92,14.15,36.16,-29.08,-0.7326,-51.9,0,0,0,1,0,0,1,0,0,0,0,0,0
ruben garcia|1993,10090.0,6,0.12288512911843277,0.16918967052537845,0.1249171696187116,0.13427268959801078,1.240584658060386,0.3898241459963616,1.2620663717606606,3.8345541486827734,1.8536096136970108,0.6589492430988424,1.2024284972330175,1.3217042462883033,1.0443431413178617,0.0,,1,Rubén García,Osasuna,La Liga,33.0,1993.0,"MF,FW",2026-2027,2024-2025,100.0,exact,Rubén García,CA Osasuna,1993-07-14,1.6,33.2,0.7529089664613279,CAM,"MF,FW",Rubén García,2.51,1.54,5.49,0.91,0.301,35.1,0,1,0,0,0,1,0,0,0,0,0,0,0
ruben loftus cheek|1996,7378.0,6,0.14313410681288058,0.047711368937626855,0.10319306407274265,0.16489874638379942,1.532949435476044,0.35184167124793847,3.0154366673715374,4.2186508775639675,1.4421653626559527,0.41849686468146985,1.0551913723831676,0.7612603087333475,1.562198649951784,0.0,,1,Ruben Loftus-Cheek,Milan,Serie A,30.0,1996.0,"MF,FW",2026-2027,2024-2025,100.0,exact,Ruben Loftus-Cheek,AC Milan,1996-01-23,8.5,30.7,0.7529089664613279,CAM,"MF,FW",Ruben Loftus-Cheek,3.02,1.61,9.75,-5.48,-0.8589,-57.6,0,0,0,0,1,1,0,0,0,0,0,0,0
ruben vargas|1998,7646.0,5,0.17446542005904983,0.24961975485371746,0.18781903713342007,0.13831967213114754,2.229131251677552,0.484089880862615,2.970423381042939,3.094284856370734,1.024672204984486,0.4146908830634338,0.9053147833049745,0.8084776298668802,0.9221311475409836,0.0,,1,Ruben Vargas,Sevilla,La Liga,26.0,1998.0,"FW,MF",2025-2026,2024-2025,100.0,exact,Rubén Vargas,Sevilla FC,1998-08-05,12.0,28.1,2.754277891854894,WINGER,"FW,MF",Ruben Vargas,12.72,6.84,32.5,0.72,0.0539,5.5,0,1,0,0,0,0,0,0,0,0,0,0,1
ruben|2001,1942.0,4,0.0,0.12804160125588698,0.04746835443037975,,0.8881578947368423,0.11083743842364532,3.4177215189873418,1.3670886075949367,3.0759493670886076,1.4305337519623234,1.8607594936708862,1.3291139240506329,,0.0,,0,Rubén,Elche,La Liga,25.0,2001.0,"DF,MF",2026-2027,,90.9090909090909,fuzzy,Ruben Providence,Almere City FC,2001-07-07,0.3,25.2,0.7529089664613279,FULLBACK,"DF,MF",Rubén,2.53,1.58,8.19,2.23,1.0,171.8,0,1,0,0,0,0,0,0,0,1,0,0,0
rudy matondo|2008,1575.0,3,0.11347202135943932,0.0,0.0,0.0,0.8312784720190579,0.3197224892380992,1.3636363636363638,2.7272727272727275,1.3636363636363638,0.6808321281566359,2.7272727272727275,0.0,0.0,,,1,Rudy Matondo,Paris FC,Ligue 1,18.0,2008.0,MF,2026-2027,2024-2025,100.0,exact,Rudy Matondo,AJ Auxerre,2008-03-13,20.0,18.5,1.754962354551677,CM,MF,Rudy Matondo,10.2,4.26,20.99,-9.8,-0.629,-46.7,0,0,1,0,0,0,0,0,1,0,0,0,0
ruslan malinovskyi|1993,7534.0,5,0.20883487542419588,0.14487919482553588,0.09767757356503762,0.3524804177545692,2.3324245148939875,0.615721133708754,1.8692464226880716,5.683323104751445,1.9826221777189186,0.49598282913246516,0.7354888723795988,1.1134080558157562,1.6449086161879896,0.0,,1,Ruslan Malinovskyi,Genoa,Serie A,32.0,1993.0,"MF,FW",2025-2026,2024-2025,100.0,exact,Ruslan Malinovskyi,Genoa CFC,1993-05-04,2.5,33.4,2.754277891854894,CAM,"MF,FW",Ruslan Malinovskyi,3.91,3.43,7.61,1.41,0.3387,40.3,0,0,0,0,1,1,0,0,0,0,0,0,0
ryan christie|1995,7955.0,5,0.07150278066369248,0.09790380737028663,0.08247685111528304,0.1487954652810581,1.5870069605568446,0.5918652312958875,1.6853342667133357,5.210646895981163,2.3568905718013173,1.358552832610157,1.7755433226206765,1.603716549463837,0.8502598016060464,0.0,,1,Ryan Christie,Bournemouth,Premier League,31.0,1995.0,MF,2026-2027,2024-2025,100.0,exact,Ryan Christie,AFC Bournemouth,1995-02-22,8.0,31.6,2.754277891854894,CAM,MF,Ryan Christie,6.62,5.88,11.91,-1.38,-0.1663,-15.3,0,0,0,1,0,1,0,0,0,0,0,0,0
ryan gravenberch|2002,8042.0,5,0.07777665413291901,0.1017715793441387,0.061277729467705225,0.08829113924050631,1.0019730633953847,0.27995301487862173,2.1913448907472843,5.453384891487353,2.024829321541564,1.4554163257426016,1.5252826139244018,1.1323058705989009,0.740506329113924,0.0,,1,Ryan Gravenberch,Liverpool,Premier League,24.0,2002.0,MF,2026-2027,2024-2025,100.0,exact,Ryan Gravenberch,Liverpool FC,2002-05-16,80.0,24.4,5.754962354551677,CDM,MF,Ryan Gravenberch,57.92,27.82,70.54,-22.08,-0.3182,-27.3,0,0,0,1,0,0,0,1,0,0,0,0,0
ryan sessegnon|2000,4263.0,4,0.2275676885209219,0.09465204743790558,0.1931527848748084,0.1706896551724138,1.1197135824569255,0.4017544314967169,2.7199065625228123,2.890721950507336,3.1600846777137015,0.9545759677780263,2.4374041900868675,1.609606540623403,1.2413793103448276,0.0,,1,Ryan Sessegnon,Fulham,Premier League,25.0,2000.0,"DF,MF",2025-2026,2024-2025,100.0,exact,Ryan Sessegnon,Fulham FC,2000-05-18,22.0,26.4,0.7529089664613279,FULLBACK,"DF,MF",Ryan Sessegnon,9.63,4.53,20.03,-12.37,-0.7722,-53.8,0,0,0,1,0,0,0,0,0,1,0,0,0
ryan yates|1997,6361.0,4,0.05040241931612717,0.09504456213898266,0.11213659437009692,0.056396866840731065,1.4400691233179193,0.3840718969025549,0.7804568527918783,2.7013151822796493,2.301568989386248,1.0512504600220811,2.4382787263497923,1.7339640055376095,2.1148825065274153,0.0,,1,Ryan Yates,Nott'ham Forest,Premier League,27.0,1997.0,MF,2025-2026,2024-2025,100.0,exact,Ryan Yates,Nottingham Forest,1997-11-21,7.0,28.9,1.754962354551677,CM,MF,Ryan Yates,10.11,5.31,19.31,3.11,0.3288,38.9,0,0,0,1,0,0,0,0,1,0,0,0,0
saba goglichidze|2004,2963.0,2,0.0,0.02909362178291682,0.01063410791650256,0.01063410791650256,0.28869824692278995,0.03804550540842968,0.4253643166601024,1.5951161874753839,2.2686096888538794,1.2644535621036925,3.438361559669161,1.276092949980307,0.9925167388735724,,,1,Saba Goglichidze,Udinese,Serie A,21.0,2004.0,DF,2025-2026,2024-2025,100.0,exact,Saba Goglichidze,Udinese Calcio,2004-06-25,3.5,22.3,3.753593429158111,CB,DF,Saba Goglichidze,15.54,6.23,27.78,12.04,1.3016,267.5,0,0,0,0,1,0,1,0,0,0,0,0,0
sadibou sane|2004,3236.0,3,0.061701012219220065,0.030850506109610033,0.0425531914893617,,0.3259102330393654,0.09278350515463916,0.851063829787234,2.021276595744681,2.021276595744681,1.4064201314675162,6.808510638297872,1.4893617021276595,,0.0,,0,Sadibou Sané,Monaco,Ligue 1,22.0,2004.0,DF,2026-2027,,100.0,exact,Sadibou Sané,FC Metz,2004-06-10,7.0,22.3,4.7529089664613275,CB,DF,Sadibou Sané,16.42,6.58,29.35,9.42,0.7781,117.7,0,0,1,0,0,0,1,0,0,0,0,0,0
sael kumbedi|2005,5064.0,4,0.0,0.15850436903068482,0.02540415704387991,0.028391167192429023,0.38559235927656976,0.05301794453507342,1.814582645991422,3.49389640382712,2.867040580666447,0.8153830522251575,2.1709006928406467,1.207522269877928,0.28391167192429023,0.0,,1,Sael Kumbedi,Lyon,Bundesliga,20.0,2005.0,"DF,MF",2025-2026,2024-2025,100.0,exact,Saël Kumbedi,Olympique Lyon,2005-03-26,12.0,21.5,2.754277891854894,FULLBACK,"DF,MF",Sael Kumbedi,14.28,9.35,28.12,2.28,0.1614,17.5,1,0,0,0,0,0,0,0,0,1,0,0,0
said el mala|2006,2127.0,2,0.5914594240837696,0.16688481675392672,,,3.4049079754601226,1.3803680981595092,,,,0.33376963350785344,,,,,,0,Said El Mala,Köln,Bundesliga,20.0,2006.0,"FW,MF",2026-2027,,100.0,exact,Said El Mala,1.FC Köln,2006-08-26,45.0,20.1,3.753593429158111,WINGER,"FW,MF",Said El Mala,51.31,27.19,56.9,6.31,0.1285,13.7,1,0,0,0,0,0,0,0,0,0,0,0,1
salih ozcan|1998,5897.0,5,0.010523546435148644,0.013154433043935805,0.03782894736842105,0.1451612903225807,0.5498553012365166,0.0,1.0471491228070176,5.024671052631579,1.6118421052631577,1.6548276769271242,1.4309210526315788,1.6502192982456139,2.4193548387096775,0.0,,1,Salih Özcan,Dortmund,Bundesliga,27.0,1998.0,MF,2025-2026,2024-2025,100.0,exact,Salih Özcan,Borussia Dortmund,1998-01-11,3.5,28.7,2.754277891854894,CAM,MF,Salih Özcan,5.61,2.7,15.66,2.11,0.3851,47.0,1,0,0,0,0,1,0,0,0,0,0,0,0
salis abdul samed|2000,7786.0,4,0.012975778546712802,0.009268413247652003,0.03565703916528051,,0.3021502718734553,0.0,0.8002419476788144,4.744291546952972,1.3745652502646304,1.036208601087494,0.8764554665053683,0.90911840314532,,0.0,,0,Salis Abdul Samed,Nice,Ligue 1,25.0,2000.0,MF,2025-2026,,100.0,exact,Salis Abdul Samed,OGC Nice,2000-03-26,4.0,26.5,1.754962354551677,CM,MF,Salis Abdul Samed,7.19,3.28,21.6,3.19,0.4936,63.8,0,0,1,0,0,0,0,0,1,0,0,0,0
salomon rondon|1989,1822.0,2,0.16942062330056473,0.009412256850031374,0.2050632911392405,,2.1177577912570595,0.436046511627907,0.5696202531645569,1.0253164556962024,0.6835443037974683,0.08000418322526667,1.1392405063291138,0.5696202531645569,,0.0,,0,Salomón Rondón,Oviedo,La Liga,35.0,1989.0,FW,2025-2026,,100.0,exact,Salomón Rondón,CF Pachuca,1989-09-16,0.35,37.0,1.2566735112936345,ST,FW,Salomón Rondón,0.41,0.27,1.41,0.06,0.0412,4.2,0,1,0,0,0,0,0,0,0,0,0,1,0
sam beukema|1998,7240.0,3,0.042688845746558415,0.021840804800564773,0.05306142173681921,0.026892430278884466,0.4358233321567243,0.1594496035905688,0.6915382013241193,3.8752235055332718,1.3700285120572173,0.7574788210377691,3.3837529599381426,1.1351664814188371,2.778884462151394,0.0,,1,Sam Beukema,Napoli,Serie A,26.0,1998.0,DF,2025-2026,2024-2025,100.0,exact,Sam Beukema,SSC Napoli,1998-11-17,22.0,27.9,3.753593429158111,CB,DF,Sam Beukema,12.6,5.49,25.78,-9.4,-0.5255,-40.9,0,0,0,0,1,0,1,0,0,0,0,0,0
sam johnstone|1993,4316.0,4,0.0,0.0,0.0,0.0,0.0,0.0,0.0,0.0,0.028517110266159693,0.017321016166281754,0.5101394169835235,0.0,0.5714285714285714,2.802155504234026,-0.42857142857142855,1,Sam Johnstone,Wolves,Premier League,32.0,1993.0,GK,2025-2026,2024-2025,100.0,exact,Sam Johnstone,Wolverhampton Wanderers,1993-03-25,2.0,33.5,1.754962354551677,GK,GK,Sam Johnstone,2.14,1.43,4.37,0.14,0.0467,4.8,0,0,0,1,0,0,0,0,0,0,1,0,0
samir el mourabet|2005,2262.0,2,0.039376158122297715,0.07875231624459543,,,0.5075187969924811,0.042293233082706765,,,,1.1558060531192094,,,,,,0,Samir El Mourabet,Strasbourg,Ligue 1,20.0,2005.0,MF,2026-2027,,100.0,exact,Samir El Mourabet,RC Strasbourg Alsace,2005-10-06,22.0,21.0,3.753593429158111,CM,MF,Samir El Mourabet,18.98,8.59,31.9,-3.02,-0.1409,-13.1,0,0,1,0,0,0,0,0,1,0,0,0,0
samson baidoo|2004,1827.0,1,0.09852216748768472,0.04926108374384236,,,0.7881773399014778,0.19704433497536944,,,,1.2315270935960592,,,,,,0,Samson Baidoo,Lens,Ligue 1,21.0,2004.0,DF,2025-2026,,100.0,exact,Samson Baidoo,RC Lens,2004-03-31,25.0,22.5,3.753593429158111,CB,DF,Samson Baidoo,12.21,5.88,24.41,-12.79,-0.6768,-49.2,0,0,1,0,0,0,1,0,0,0,0,0,0
samu costa|2000,9638.0,4,0.10787865678905531,0.06407829989725843,0.05778003041054233,0.04077010192525481,1.0958200400151408,0.42149316194604286,0.6925309864995624,3.87043265907939,3.170990185688615,1.1306981019845348,2.703773671842603,1.4113256231857347,2.3103057757644394,0.0,,1,Samu Costa,Mallorca,La Liga,24.0,2000.0,MF,2025-2026,2024-2025,100.0,exact,Samú Costa,RCD Mallorca,2000-11-27,15.0,25.8,1.754962354551677,CDM,MF,Samu Costa,14.84,6.35,26.86,-0.16,-0.0101,-1.0,0,1,0,0,0,0,0,1,0,0,0,0,0
samuel amo ameyaw|2006,1539.0,3,0.3571003451970004,0.12141411736698013,0.1810344827586207,0.18103448275862072,1.6892890740491868,0.7095820454240023,3.103448275862069,3.1034482758620685,1.5517241379310343,0.4642304487561005,0.5172413793103448,0.7758620689655171,0.0,,,1,Samuel Amo-Ameyaw,Strasbourg,Ligue 1,20.0,2006.0,"MF,DF",2026-2027,2024-2025,100.0,exact,Samuel Amo-Ameyaw,RC Strasbourg Alsace,2006-07-18,8.0,20.2,2.754277891854894,CAM,"MF,DF",Samuel Amo-Ameyaw,18.44,8.46,31.12,10.44,0.7699,116.0,0,0,1,0,0,1,0,0,0,0,0,0,0
samuel chukwueze|1999,7105.0,6,0.19582876668170973,0.2785120237250983,0.23323672585047414,0.29189189189189185,2.4138502319416832,0.6514118792599805,4.900250429106053,3.6315034187793693,1.2130335687554517,0.4815937076913159,0.5875235656602606,0.3672022285376628,0.5837837837837837,0.0,,1,Samuel Chukwueze,Milan,Serie A,27.0,1999.0,"FW,MF",2026-2027,2024-2025,100.0,exact,Samuel Chukwueze,AC Milan,1999-05-22,18.0,27.4,1.754962354551677,WINGER,"FW,MF",Samuel Chukwueze,17.81,6.12,33.93,-0.19,-0.0099,-1.0,0,0,0,0,1,0,0,0,0,0,0,0,1
samuel essende|1998,2050.0,2,0.34339009397300924,0.08266798558609482,0.2310513447432763,0.07151589242053791,2.7375821380626015,0.7535504839963258,1.815403422982885,1.1552567237163816,0.38508557457212717,0.054052144421677384,0.6051344743276283,0.715158924205379,3.1356968215158925,,,1,Samuel Essende,Augsburg,Bundesliga,27.0,1998.0,"MF,FW",2025-2026,2024-2025,100.0,exact,Samuel Essende,BSC Young Boys,1998-01-23,2.5,28.7,2.754277891854894,CAM,"MF,FW",Samuel Essende,4.29,2.72,7.08,1.79,0.4125,51.1,1,0,0,0,0,1,0,0,0,0,0,0,0
samuel mbangula|2004,1880.0,2,0.27812113720642767,0.22558714462299137,0.07616361071932298,0.17771509167842028,1.254635352286774,0.6211372064276885,3.173483779971791,2.157968970380818,1.9040902679830747,0.27812113720642767,0.5077574047954866,0.8885754583921015,0.2538787023977433,,,1,Samuel Mbangula,Werder Bremen,Bundesliga,21.0,2004.0,"MF,FW",2025-2026,2024-2025,100.0,exact,Samuel Mbangula,SV Werder Bremen,2004-01-16,8.0,22.7,3.753593429158111,CAM,"MF,FW",Samuel Mbangula,16.98,6.11,28.09,8.98,0.6919,99.8,1,0,0,0,0,1,0,0,0,0,0,0,0
samuele angori|2003,2599.0,1,0.0,0.06925740669488265,,,0.4848018468641786,0.103886110042324,,,,0.7964601769911506,,,,,,0,Samuele Angori,Pisa,Serie A,21.0,2003.0,MF,2025-2026,,100.0,exact,Samuele Angori,Pisa Sporting Club,2003-10-07,4.5,23.0,0.7529089664613279,CM,MF,Samuele Angori,10.79,3.28,20.5,6.29,0.7621,114.3,0,0,0,0,1,0,0,0,1,0,0,0,0
samuele birindelli|1999,5323.0,4,0.06617522294074395,0.10689843705812485,0.08694373430465374,0.08583106267029973,1.0241849731906518,0.6130790190735695,2.773240424424787,2.6469989366756406,1.4517771091151783,0.733017854112856,2.08502070088912,1.231872582068279,0.30653950953678477,0.0,,1,Samuele Birindelli,Monza,Serie A,27.0,1999.0,MF,2026-2027,2024-2025,100.0,exact,Samuele Birindelli,AC Monza,1999-07-19,2.5,27.2,0.0,CM,MF,Samuele Birindelli,3.71,2.4,9.14,1.21,0.298,34.7,0,0,0,0,1,0,0,0,1,0,0,0,0
samuele ricci|2001,10854.0,5,0.04809405058781617,0.09996018357467674,0.047132660595619,0.01911504424778761,0.9345334143632514,0.29426214233681747,1.5444253015013536,4.176716711789318,1.2232340634998768,0.8449464573859469,1.3376815161210927,0.7999015505783903,0.4460176991150442,0.0,,1,Samuele Ricci,Milan,Serie A,23.0,2001.0,MF,2025-2026,2024-2025,100.0,exact,Samuele Ricci,AC Milan,2001-08-21,22.0,25.1,2.754277891854894,CM,MF,Samuele Ricci,15.47,7.42,30.79,-6.53,-0.3342,-28.4,0,0,0,0,1,0,0,0,1,0,0,0,0
sander berge|1998,8484.0,4,0.007210126221715831,0.028039379751117127,0.0358668263130618,0.024280575539568344,0.42888876231702455,0.07356603701291237,1.5327841020783814,4.966670836535196,2.1455760673374202,0.7546598778729237,1.6630627088657362,1.2738352663652448,1.1330935251798562,0.0,,1,Sander Berge,Fulham,Premier League,28.0,1998.0,MF,2026-2027,2024-2025,100.0,exact,Sander Berge,Fulham FC,1998-02-14,25.0,28.6,2.754277891854894,CDM,MF,Sander Berge,14.62,10.3,24.56,-10.38,-0.5096,-39.9,0,0,0,1,0,0,0,1,0,0,0,0,0
sandi lovric|1998,7100.0,4,0.07993841781146377,0.15055068687825676,0.13493502568751886,0.13258232235701906,1.950497394599716,0.45007106385218715,2.203082502266546,4.238440616500453,1.5457842248413416,1.0098886783514922,1.0154125113327288,1.122695678452705,0.0389948006932409,0.0,,1,Sandi Lovrić,Hellas Verona,Serie A,27.0,1998.0,MF,2025-2026,2024-2025,100.0,exact,Sandi Lovrić,Hellas Verona,1998-03-28,3.5,28.5,0.7529089664613279,CAM,MF,Sandi Lovrić,4.15,2.09,11.88,0.65,0.1354,14.5,0,0,0,0,1,1,0,0,0,0,0,0,0
sandro tonali|2000,11342.0,6,0.06717965258259226,0.08210846426761277,0.1323971386892103,0.0752851711026616,1.210802700675169,0.340114924677745,1.5612422447580716,4.606218254037998,1.8254037998488495,1.0027185181772105,1.0012830201943863,1.0930277519025606,0.41064638783269963,0.0,,1,Sandro Tonali,Tottenham,Premier League,26.0,2000.0,MF,2026-2027,2024-2025,100.0,exact,Sandro Tonali,Newcastle United,2000-05-08,80.0,26.4,5.754962354551677,CM,MF,Sandro Tonali,40.59,24.33,49.97,-39.41,-0.6665,-48.6,0,0,0,1,0,0,0,0,1,0,0,0,0
santi comesana|1996,12107.0,6,0.10916282135794331,0.11232696110744891,0.13244952566285575,0.0703125,1.1033319274567694,0.27048882060405127,1.3764899051325712,5.349975675018244,2.7776088542933595,1.0584047462096244,1.5270007297494526,1.7951836536122596,1.125,0.0,,1,Santi Comesaña,Villarreal,La Liga,29.0,1996.0,MF,2026-2027,2024-2025,100.0,exact,Santi Comesaña,Villarreal CF,1996-10-05,8.0,30.0,1.754962354551677,CDM,MF,Santi Comesaña,10.9,5.37,21.78,2.9,0.2794,32.2,0,1,0,0,0,0,0,1,0,0,0,0,0
santiago bueno|1998,8072.0,4,0.05228981544771019,0.02255639097744361,0.023727438653417154,0.0,0.3209159261790841,0.21765750321435134,0.3853173798418171,2.4396674102616105,1.957006692354492,0.8848257006151744,3.5124721151896163,1.6953964713039953,1.8672199170124482,0.0,,1,Santiago Bueno,Wolves,Premier League,26.0,1998.0,DF,2025-2026,2024-2025,100.0,exact,Santiago Bueno,Wolverhampton Wanderers,1998-11-09,10.0,27.9,1.754962354551677,CB,DF,Santiago Bueno,21.42,10.0,33.31,11.42,0.7119,103.8,0,0,0,1,0,0,1,0,0,0,0,0,0
santiago castro|2004,5004.0,4,0.2810871935705343,0.11510035943621018,0.30684374999999997,0.11377506538796862,2.421535858424753,0.7722559885591704,0.646875,1.4512500000000002,0.7087500000000001,0.10298453212713542,0.7565624999999999,0.500625,1.4516129032258065,0.0,,1,Santiago Castro,Roma,Serie A,22.0,2004.0,FW,2026-2027,2024-2025,100.0,exact,Santiago Castro,Bologna Football Club 1909,2004-09-18,32.0,22.0,3.753593429158111,ST,FW,Santiago Castro,25.17,12.71,35.02,-6.83,-0.2321,-20.7,0,0,0,0,1,0,0,0,0,0,0,1,0
santiago colombatto|1997,2064.0,1,0.0,0.0436046511627907,,,0.6540697674418604,0.0872093023255814,,,,0.6104651162790697,,,,,,0,Santiago Colombatto,Oviedo,La Liga,28.0,1997.0,MF,2025-2026,,100.0,exact,Santiago Colombatto,Real Oviedo,1997-01-17,2.5,29.7,0.7529089664613279,CM,MF,Santiago Colombatto,1.72,1.34,4.25,-0.78,-0.2513,-22.2,0,1,0,0,0,0,0,0,1,0,0,0,0
santiago gimenez|2001,1561.0,2,0.24516994258413308,0.1621893466325804,0.6457399103139013,0.1210762331838565,2.8100247265412177,1.0183982230417836,1.7488789237668163,0.8071748878923767,0.6726457399103138,0.11315535811575374,1.7488789237668163,0.40358744394618834,0.9417040358744394,,,1,Santiago Giménez,Milan,Serie A,24.0,2001.0,FW,2025-2026,2024-2025,100.0,exact,Santiago Gimenez,AC Milan,2001-04-18,18.0,25.4,2.754277891854894,ST,FW,Santiago Giménez,5.11,3.52,11.78,-12.89,-1.1344,-67.8,0,0,0,0,1,0,0,0,0,0,0,1,0
santiago hidalgo|2005,1599.0,2,0.22020725388601034,0.33031088082901555,,,2.1919770773638967,0.9025787965616046,,,,0.505181347150259,,,,,,0,Santiago Hidalgo,Toulouse,Ligue 1,21.0,2005.0,"MF,FW",2026-2027,,100.0,exact,Santiago Hidalgo,FC Toulouse,2005-02-17,6.0,21.6,2.754277891854894,CAM,"MF,FW",Santiago Hidalgo,15.74,10.92,24.96,9.74,0.8721,139.2,0,0,1,0,0,1,0,0,0,0,0,0,0
santiago mourino|2002,4562.0,3,0.0214990304358823,0.05943849591096871,0.043807463493780424,0.043807463493780424,0.5921236383949353,0.1256866213574155,0.6814494321254734,2.239048134126555,2.0930232558139537,1.125537475760897,5.840995132504056,1.3142239048134128,1.8496484586262845,,,1,Santiago Mouriño,Villarreal,La Liga,24.0,2002.0,DF,2026-2027,2024-2025,100.0,exact,Santiago Mouriño,Villarreal CF,2002-02-13,20.0,24.6,3.753593429158111,CB,DF,Santiago Mouriño,10.87,5.27,23.83,-9.13,-0.5708,-43.5,0,1,0,0,0,0,1,0,0,0,0,0,0
santiago pierotti|2001,5101.0,4,0.07913852427679367,0.08946094048681023,0.14943849375486454,0.1115126484254001,1.315900463939266,0.2946776287321506,1.9847299951817945,1.7979318779882139,2.234906044994626,0.6743978590544158,1.3876431562951705,1.4943849375486455,2.2767165720185853,0.0,,1,Santiago Pierotti,Lecce,Serie A,25.0,2001.0,"MF,FW",2026-2027,2024-2025,100.0,exact,Santiago Pierotti,US Lecce,2001-04-03,4.0,25.5,0.7529089664613279,CM,"MF,FW",Santiago Pierotti,4.42,2.54,13.74,0.42,0.0812,8.5,0,0,0,0,1,0,0,0,1,0,0,0,0
sasa kalajdzic|1997,1960.0,4,0.32604757879483154,0.282574568288854,0.30725143284325934,,1.6411061466006522,0.0,0.5158235733864939,2.1193620732618985,1.1998504859207573,0.5216761260717305,1.525043608273112,0.6728133565910789,,0.0,,0,Sasa Kalajdzic,Wolves,Premier League,28.0,1997.0,"FW,MF",2025-2026,,100.0,exact,Sasa Kalajdzic,LASK,1997-07-07,4.0,29.2,0.7529089664613279,WINGER,"FW,MF",Sasa Kalajdzic,3.58,1.9,8.36,-0.42,-0.0871,-8.3,0,0,0,1,0,0,0,0,0,0,0,0,1
sasa lukic|1996,10189.0,6,0.04497702260801547,0.08604299977185569,0.07982554197438105,0.10366894197952219,0.872725974752222,0.19216013344453708,1.5189943007934907,3.697703824515751,2.355183345855705,1.0149162927634796,1.2748996683098464,0.9978192746797632,0.7295221843003413,0.0,,1,Saša Lukić,Ipswich Town,Premier League,30.0,1996.0,MF,2026-2027,2024-2025,100.0,exact,Saša Lukić,Fulham FC,1996-08-13,10.0,30.1,0.7529089664613279,CDM,MF,Saša Lukić,8.92,5.88,16.12,-1.08,-0.1036,-9.8,0,0,0,1,0,0,0,1,0,0,0,0,0
sascha britschgi|2006,2343.0,2,0.0,0.0754158964879852,,,0.558472553699284,0.12887828162291168,,,,0.3016635859519408,,,,,,0,Sascha Britschgi,Parma,Serie A,20.0,2006.0,"MF,DF",2026-2027,,100.0,exact,Sascha Britschgi,FC Luzern,2006-08-27,10.0,20.1,3.753593429158111,CM,"MF,DF",Sascha Britschgi,23.88,14.79,38.36,13.88,0.816,126.2,0,0,0,0,1,0,0,0,1,0,0,0,0
saud abdulhamid|1999,1557.0,2,0.11930289679909549,0.2842216070801981,0.0,0.08780487804878051,0.5228274006783891,0.1789543451986432,2.6341463414634148,3.951219512195122,1.3170731707317074,0.6280946625599438,0.0,0.8780487804878049,0.0,,,1,Saud Abdulhamid,Lens,Ligue 1,26.0,1999.0,MF,2025-2026,2024-2025,100.0,exact,Saud Abdulhamid,RC Lens,1999-07-18,9.0,27.2,2.754277891854894,CAM,MF,Saud Abdulhamid,5.07,2.16,11.71,-3.93,-0.5,-39.3,0,0,1,0,0,1,0,0,0,0,0,0,0
saul coco|1999,8627.0,4,0.03962206644315757,0.012953367875647666,0.03981609993060375,0.0,0.5679341904554369,0.13377141516076038,0.4715475364330326,2.390527411519778,1.3834142956280358,1.105608046327339,4.873178348369188,1.3740458015267174,1.961335676625659,0.0,,1,Saúl Coco,Torino,Serie A,27.0,1999.0,DF,2026-2027,2024-2025,100.0,exact,Saúl Coco,Torino FC,1999-02-09,7.5,27.6,2.754277891854894,CB,DF,Saúl Coco,9.4,4.27,24.64,1.9,0.202,22.4,0,0,0,0,1,0,1,0,0,0,0,0,0
savio|2004,5815.0,4,0.1454084974455264,0.2764071437928475,0.2169394073418841,0.3516421291053228,2.0562414910098115,1.115331770791239,6.169836355594869,3.0903461863214186,1.224920590245668,0.4781450591677219,0.3908166137268304,0.8829560532346908,0.05096262740656852,0.0,,1,Sávio,Tottenham,Premier League,22.0,2004.0,MF,2026-2027,2024-2025,90.0,fuzzy,Noah Saviolo,Vitória Guimarães SC,2004-03-07,10.0,22.6,4.7529089664613275,CAM,MF,Sávio,48.43,26.92,65.77,38.43,1.5026,349.3,0,0,0,1,0,1,0,0,0,0,0,0,0
scott mctominay|1996,11341.0,6,0.3059989181856428,0.08809059765950322,0.21926985663299253,0.08217788298951641,2.562009667961011,1.055211438152012,1.5911015667533726,3.34825479402335,1.7557921480854153,0.7734972654137081,2.0511463311354428,1.0303369427136895,2.03922894825837,0.0,,1,Scott McTominay,Napoli,Serie A,29.0,1996.0,MF,2026-2027,2024-2025,100.0,exact,Scott McTominay,SSC Napoli,1996-12-08,40.0,29.8,1.754962354551677,CAM,MF,Scott McTominay,16.05,5.8,25.54,-23.95,-0.8771,-58.4,0,0,0,0,1,1,0,0,0,0,0,0,0
sead kolasinac|1993,8183.0,6,0.03197941554861238,0.03639036941738651,0.06811035511893553,0.08512874408828165,0.47753430001950714,0.05160664270118872,1.9649677568350177,5.216997388570109,1.9233980565276865,1.0321632052931446,2.0800838499937826,0.8138068252473752,1.607987388334209,0.0,,1,Sead Kolašinac,Atalanta,Serie A,33.0,1993.0,DF,2026-2027,2024-2025,100.0,exact,Sead Kolasinac,Atalanta BC,1993-06-20,4.0,33.3,0.7529089664613279,FULLBACK,DF,Sead Kolašinac,2.02,1.07,3.56,-1.98,-0.5028,-39.5,0,0,0,0,1,0,0,0,0,1,0,0,0
sean longstaff|1997,8538.0,5,0.12610247485324919,0.09822719093832041,0.15398597253778526,0.022556390977443608,1.2132385475354712,0.264504190704256,0.670354637953176,4.4293193717277495,2.0537390101748496,0.724757381788148,0.8214956040699398,1.4562876617603475,0.7894736842105264,0.0,,1,Sean Longstaff,Leeds United,Premier League,27.0,1997.0,MF,2025-2026,2024-2025,100.0,exact,Sean Longstaff,Leeds United,1997-10-30,15.0,28.9,2.754277891854894,CM,MF,Sean Longstaff,19.44,12.19,31.49,4.44,0.2451,27.8,0,0,0,1,0,0,0,0,1,0,0,0,0
sebastiaan bornauw|1999,6763.0,6,0.06230333543108873,0.024543738200125866,0.06607390488620606,0.05710659898477157,0.5248468345813478,0.20014825796886582,0.21290480463333059,2.78244555020801,1.360633004323354,1.4273127753303962,4.4196100823884485,1.3802104576229708,4.1116751269035525,0.0,,1,Sebastiaan Bornauw,Hamburger SV,Bundesliga,27.0,1999.0,DF,2026-2027,2024-2025,100.0,exact,Sebastiaan Bornauw,Leeds United,1999-03-22,8.0,27.5,2.754277891854894,CB,DF,Sebastiaan Bornauw,7.9,4.01,16.75,-0.1,-0.0111,-1.1,1,0,0,0,0,0,1,0,0,0,0,0,0
sebastian nanasi|2002,3533.0,3,0.3360436686188662,0.21493148348211746,0.2776459420977693,0.20930232558139536,1.366680665767777,0.6823456599102583,2.2638822971048884,5.382059800664452,0.8542952064546748,0.33433786319440495,0.7688656858092074,1.02515424774561,0.12814428096820124,,,1,Sebastian Nanasi,Strasbourg,Ligue 1,24.0,2002.0,MF,2026-2027,2024-2025,100.0,exact,Sebastian Nanasi,RC Strasbourg Alsace,2002-05-16,15.0,24.4,2.754277891854894,CAM,MF,Sebastian Nanasi,14.94,4.35,32.62,-0.06,-0.0036,-0.4,0,0,1,0,0,1,0,0,0,0,0,0,0
sebastian sebulonsen|2000,2498.0,1,0.0,0.0,,,1.1168935148118495,0.1801441152922338,,,,0.6124899919935949,,,,,,0,Sebastian Sebulonsen,Köln,Bundesliga,25.0,2000.0,"DF,MF",2025-2026,,100.0,exact,Sebastian Sebulonsen,1.FC Köln,2000-01-27,5.5,26.7,1.754962354551677,FULLBACK,"DF,MF",Sebastian Sebulonsen,4.44,2.39,11.13,-1.06,-0.1773,-16.2,1,0,0,0,0,0,0,0,0,1,0,0,0
sebastian walukiewicz|2000,7653.0,5,0.0,0.01618516677068898,0.016418007687797248,0.01955458989679522,0.2332568152246353,0.016156427358216995,1.0065802332399503,3.205420548569939,1.800117271483484,0.7826004167944907,4.382044432862075,1.606619323734445,1.3688212927756653,0.0,,1,Sebastian Walukiewicz,Sassuolo,Serie A,25.0,2000.0,DF,2025-2026,2024-2025,100.0,exact,Sebastian Walukiewicz,US Sassuolo,2000-04-05,5.0,26.5,,CB,DF,Sebastian Walukiewicz,8.55,3.24,19.59,3.55,0.4647,59.2,0,0,0,0,1,0,1,0,0,0,0,0,0
sebastiano esposito|2002,5146.0,3,0.27832217669067677,0.0973554939041462,0.2200772200772201,0.08108108108108109,2.061812135448283,0.616405816991739,1.196911196911197,3.590733590733591,2.200772200772201,0.6104762147165874,0.5405405405405406,0.7722007722007722,1.0038610038610039,,,1,Sebastiano Esposito,Sassuolo,Serie A,24.0,2002.0,"FW,MF",2026-2027,2024-2025,100.0,exact,Sebastiano Esposito,Cagliari Calcio,2002-07-02,15.0,24.2,3.753593429158111,ST,"FW,MF",Sebastiano Esposito,16.31,7.55,31.86,1.31,0.0786,8.2,0,0,0,0,1,0,0,0,0,0,0,1,0
sebastiano luperto|1996,14752.0,5,0.03071330073962643,0.04199573774601981,0.049986466735235206,0.036111111111111115,0.47386235426852197,0.14463097674119627,0.49694148216315703,2.591890867752937,1.1497861744167162,0.9709163846057416,4.467601364153088,1.1088615817679859,1.6944444444444446,0.0,,1,Sebastiano Luperto,Cremonese,Serie A,28.0,1996.0,DF,2025-2026,2024-2025,100.0,exact,Sebastiano Luperto,US Cremonese,1996-09-06,4.0,30.1,3.753593429158111,CB,DF,Sebastiano Luperto,12.82,4.68,21.64,8.82,1.0165,176.4,0,0,0,0,1,0,1,0,0,0,0,0,0
seko fofana|1995,7929.0,4,0.16498438419408862,0.08147376997238945,0.22519742216574382,0.12796208530805686,2.177386502512108,0.5251730221196905,3.4392302804756283,5.764727239720432,0.9176726876645185,0.5886479880505138,0.5309975492420804,0.6099664155396206,0.7464454976303317,0.0,,1,Seko Fofana,Rennes,Ligue 1,30.0,1995.0,MF,2025-2026,2024-2025,100.0,exact,Seko Fofana,Stade Rennais FC,1995-05-07,8.0,31.4,2.754277891854894,CAM,MF,Seko Fofana,4.89,2.84,11.2,-3.11,-0.4245,-34.6,0,0,1,0,0,1,0,0,0,0,0,0,0
sekou mara|2002,3454.0,4,0.20586823303493262,0.14487023806161925,0.25451300706980573,0.1171875,2.4577108807997514,0.7853759813144747,1.0254650284851397,1.2849200356922232,1.2540325348342372,0.2516167292649177,0.46949001304138926,1.3096300363786122,2.2265625,0.0,,1,Sekou Mara,Auxerre,Ligue 1,23.0,2002.0,"FW,MF",2025-2026,2024-2025,100.0,exact,Sékou Mara,AJ Auxerre,2002-07-30,4.0,24.2,2.754277891854894,ST,"FW,MF",Sekou Mara,6.96,4.3,26.06,2.96,0.4655,59.3,0,0,1,0,0,0,0,0,0,0,0,1,0
senne lammens|2002,3330.0,2,0.0,0.0,,,0.0,0.0,,,,0.0,,,,2.4375,,0,Senne Lammens,Manchester Utd,Premier League,24.0,2002.0,GK,2026-2027,,100.0,exact,Senne Lammens,Royal Antwerp FC,2002-07-07,35.0,24.2,3.753593429158111,GK,GK,Senne Lammens,21.3,10.13,32.84,-13.7,-0.479,-38.1,0,0,0,1,0,0,0,0,0,0,1,0,0
senne lynen|1999,7282.0,3,0.0,0.0365534187600268,0.031159336195891844,0.019758507135016465,0.7721909713055662,0.11699245562669322,0.3603342230474643,3.093303934083788,2.6320064987814784,2.3056068882886906,2.5745619124985497,1.909597307647673,0.823271130625686,0.0,,1,Senne Lynen,Werder Bremen,Bundesliga,26.0,1999.0,MF,2025-2026,2024-2025,100.0,exact,Senne Lynen,SV Werder Bremen,1999-02-19,8.0,27.6,,CDM,MF,Senne Lynen,6.65,2.15,16.98,-1.35,-0.1628,-15.0,1,0,0,0,0,0,0,1,0,0,0,0,0
senny mayulu|2006,2804.0,3,0.20217952394608543,0.22153713794092342,0.25886736214605066,0.2339108910891089,2.03685116145684,0.6727805178791615,2.769746646795827,4.674366616989568,2.964232488822653,0.6366504158302265,1.046199701937407,0.7578241430700448,0.11138613861386139,0.0,,1,Senny Mayulu,Paris S-G,Ligue 1,19.0,2006.0,"MF,FW",2025-2026,2024-2025,100.0,exact,Senny Mayulu,Paris Saint-Germain,2006-05-17,40.0,20.4,0.7529089664613279,CAM,"MF,FW",Senny Mayulu,17.53,8.61,31.85,-22.47,-0.7944,-54.8,0,0,1,0,0,1,0,0,0,0,0,0,0
sepp van den berg|2001,8884.0,4,0.026272577996715927,0.02791461412151067,0.0765694584111478,0.027842227378190258,0.7397372742200328,0.22000521162937872,0.3217928458554805,2.789829047550639,1.2555667289182586,0.9581280788177339,4.795288033328544,1.881913518172676,3.2714617169373548,0.0,,1,Sepp van den Berg,Brentford,Premier League,23.0,2001.0,DF,2025-2026,2024-2025,100.0,exact,Sepp van den Berg,Brentford FC,2001-12-20,32.0,24.8,2.754277891854894,CB,DF,Sepp van den Berg,29.78,21.38,38.45,-2.22,-0.0697,-6.7,0,0,0,1,0,0,1,0,0,0,0,0,0
serge gnabry|1995,7019.0,5,0.5777648088707324,0.34633060986285374,0.5068750183236096,0.3695652173913043,3.558505981908375,1.2449483305758227,3.5594711073323757,3.944706675657451,1.585798469612126,0.4201925882696236,0.43800756398604473,0.9498959218974464,0.2898550724637681,0.0,,1,Serge Gnabry,Bayern Munich,Bundesliga,30.0,1995.0,"FW,MF",2025-2026,2024-2025,100.0,exact,Serge Gnabry,Bayern Munich,1995-07-14,18.0,31.2,1.754962354551677,WINGER,"FW,MF",Serge Gnabry,19.43,9.29,21.61,1.43,0.0724,7.5,1,0,0,0,0,0,0,0,0,0,0,0,1
sergi altimira|2001,3726.0,3,0.04596346493812611,0.08308780200353565,0.06995576948094186,0.07758620689655173,0.8043606364172069,0.20241058561509237,1.2147131520749317,4.583712761805647,2.7162742292181608,1.2958161461402475,1.8996357486665802,1.381553271757513,0.5020283975659229,0.0,,1,Sergi Altimira,Betis,La Liga,23.0,2001.0,MF,2025-2026,2024-2025,100.0,exact,Sergi Altimira,Real Betis Balompié,2001-08-25,20.0,25.1,4.7529089664613275,CDM,MF,Sergi Altimira,13.02,4.82,27.8,-6.98,-0.4041,-33.2,0,1,0,0,0,0,0,1,0,0,0,0,0
sergi cardona|1999,7999.0,4,0.03424356835543068,0.15541311792080076,0.07852415462734433,0.17724957555178267,0.7414959681156734,0.20438871473354228,1.7204571536369497,3.4536479539702256,2.451934413859238,1.4777416805689703,3.5427834808445082,1.5294524531920581,1.2529711375212225,0.0,,1,Sergi Cardona,Villarreal,La Liga,27.0,1999.0,DF,2026-2027,2024-2025,100.0,exact,Sergi Cardona,Villarreal CF,1999-07-08,9.0,27.2,0.7529089664613279,CB,DF,Sergi Cardona,8.73,3.67,19.78,-0.27,-0.0275,-2.7,0,1,0,0,0,0,1,0,0,0,0,0,0
sergi darder|1993,14026.0,5,0.07069112109802017,0.17563464107858617,0.0806056328992109,0.12135568513119535,1.2032066075549617,0.37448296237935785,1.9955090780778857,5.359466221851544,1.5081798935009945,0.6668286165431798,0.7182908834284982,0.7263745428883045,0.42638483965014584,0.0,,1,Sergi Darder,Mallorca,La Liga,31.0,1993.0,"MF,FW",2025-2026,2024-2025,100.0,exact,Sergi Darder,RCD Mallorca,1993-12-22,3.0,32.8,1.754962354551677,CM,"MF,FW",Sergi Darder,6.6,2.96,12.33,3.6,0.6419,90.0,0,1,0,0,0,0,0,0,1,0,0,0,0
sergi roberto|1992,3808.0,5,0.13752396931927133,0.10246883988494727,0.14696618037135278,0.09051724137931035,1.0381711409395973,0.23119807608220372,1.8613229442970822,5.345242042440319,1.6300563660477454,0.9087368168744009,1.2570457559681698,0.8691147214854111,0.9051724137931034,0.0,,1,Sergi Roberto,Como,Serie A,33.0,1992.0,MF,2025-2026,2024-2025,100.0,exact,Sergi Roberto,Como 1907,1992-02-07,1.4,34.6,,CM,MF,Sergi Roberto,1.14,0.79,2.75,-0.26,-0.1132,-10.7,0,0,0,0,1,0,0,0,1,0,0,0,0
sergio camello|2001,6485.0,5,0.44441367852692787,0.13429322995985046,0.28125,0.15873015873015872,2.5083053495429812,1.1119618557059827,1.4202801227935535,2.007386799693016,0.736041826554106,0.21736120725460334,1.0209612432847277,0.5158768227168073,0.873015873015873,0.0,,1,Sergio Camello,Rayo Vallecano,La Liga,25.0,2001.0,"FW,MF",2026-2027,2024-2025,100.0,exact,Sergio Camello,Rayo Vallecano,2001-02-10,3.0,25.6,0.7529089664613279,ST,"FW,MF",Sergio Camello,9.9,5.04,22.12,6.9,1.0021,172.4,0,1,0,0,0,0,0,0,0,0,0,1,0
sergio canales|1991,5697.0,3,0.16261925411968778,0.10082393755420642,0.15194406548431102,,1.5245566166439288,,3.1105047748976804,6.093110504774898,0.8850613915416099,0.4228100607111882,0.3274215552523875,0.6241473396998636,,0.0,,0,Sergio Canales,Racing Sant,La Liga,35.0,1991.0,MF,2026-2027,,100.0,exact,Sergio Canales,CF Monterrey,1991-02-16,3.0,35.6,1.754962354551677,CM,MF,Sergio Canales,1.54,0.91,2.88,-1.46,-0.4547,-36.5,0,1,0,0,0,0,0,0,1,0,0,0,0
sergio carreira|2000,4808.0,3,0.0400073216013388,0.08119132913212876,0.03260869565217391,0.16847826086956524,0.5895196506550218,0.21121112200338651,2.1195652173913047,2.8804347826086953,1.5217391304347827,0.8472138692048218,2.0108695652173916,1.0869565217391306,0.16304347826086957,,,1,Sergio Carreira,Celta Vigo,La Liga,25.0,2000.0,MF,2026-2027,2024-2025,100.0,exact,Sergio Carreira,Celta de Vigo,2000-10-13,12.0,26.0,2.754277891854894,CAM,MF,Sergio Carreira,4.96,2.97,17.09,-7.04,-0.7804,-54.2,0,1,0,0,0,1,0,0,0,0,0,0,0
sergio gomez|2000,6430.0,5,0.02449928282013967,0.17055269963251074,0.06782843240956209,0.2925493060628196,0.5277489161979149,0.14353890885892703,1.5350645229532471,3.1343875608208167,2.325206261899725,0.8574748987048884,1.0352760736196318,1.4208271631055638,0.6574141709276845,0.0,,1,Sergio Gómez,Real Sociedad,La Liga,26.0,2000.0,DF,2026-2027,2024-2025,100.0,exact,Sergio Gómez,Real Sociedad,2000-09-04,15.0,26.1,3.753593429158111,CB,DF,Sergio Gómez,10.7,5.13,28.87,-4.3,-0.3132,-26.9,0,1,0,0,0,0,1,0,0,0,0,0,0
sergio herrera|1993,14703.0,6,0.0,0.0,0.0,0.0,0.0,0.0,0.0,0.03784192885717375,0.06487187804086929,0.0042547731125353715,0.6930478970699536,0.02162395934695643,0.13513513513513514,3.115431907901833,0.14054054054054055,1,Sergio Herrera,Osasuna,La Liga,33.0,1993.0,GK,2026-2027,2024-2025,100.0,exact,Sergio Herrera,CA Osasuna,1993-06-05,2.8,33.3,1.754962354551677,GK,GK,Sergio Herrera,4.23,1.58,7.22,1.43,0.3196,37.7,0,1,0,0,0,0,0,0,0,0,1,0,0
serhou guirassy|1996,10144.0,6,0.7555901718032549,0.11085249553963612,0.7780716029292107,0.13510392609699767,3.1827436147321904,1.3579037590302436,1.0266320335482257,1.773017462602491,0.2436314702384678,0.08802992292853457,1.1843587657257306,0.3450272266382926,3.775981524249423,0.0,,1,Serhou Guirassy,Dortmund,Bundesliga,30.0,1996.0,FW,2026-2027,2024-2025,100.0,exact,Serhou Guirassy,Borussia Dortmund,1996-03-12,32.0,30.5,1.754962354551677,ST,FW,Serhou Guirassy,17.6,6.29,29.94,-14.4,-0.5734,-43.6,1,0,0,0,0,0,0,0,0,0,0,1,0
sheraldo becker|1995,8109.0,6,0.26848266614436594,0.26848266614436594,0.17821994519242226,0.18090452261306533,2.329540776842902,1.2036715768223827,4.0576671035386624,1.9988085309186225,0.37960204932682,0.19390414777093093,0.4096270701775289,0.39461455975217447,0.6331658291457286,0.0,,1,Sheraldo Becker,Mainz 05,Bundesliga,31.0,1995.0,"FW,MF",2026-2027,2024-2025,100.0,exact,Sheraldo Becker,CA Osasuna,1995-02-09,1.5,31.6,,WINGER,"FW,MF",Sheraldo Becker,5.58,3.46,10.31,4.08,0.9678,163.2,1,0,0,0,0,0,0,0,0,0,0,0,1
shuto machino|1999,3029.0,2,0.3997161237151164,0.08859687278221653,0.2995391705069125,0.1382488479262673,2.18813671848172,0.9477804995306883,1.3824884792626728,2.71889400921659,0.3686635944700461,0.29257571942034294,1.2903225806451613,0.5529953917050692,1.2442396313364055,,,1,Shuto Machino,Gladbach,Bundesliga,25.0,1999.0,"FW,MF",2025-2026,2024-2025,100.0,exact,Shuto Machino,Borussia Mönchengladbach,1999-09-30,4.0,27.0,2.754277891854894,ST,"FW,MF",Shuto Machino,8.87,4.18,17.96,4.87,0.6804,97.5,1,0,0,0,0,0,0,0,0,0,0,1,0
silas katompa|1998,3503.0,4,0.32232833854767,0.10373785608430759,0.40517889760395404,,2.0562325045282397,1.8862275449101795,3.945417427742559,2.074245191791125,0.8703126678843881,0.16301663098962624,0.20790802621682603,0.8509723863758462,,0.0,,0,Silas Katompa,Mainz 05,Bundesliga,26.0,1998.0,FW,2025-2026,,90.0,fuzzy,Silas,1.FSV Mainz 05,1998-10-06,2.0,28.0,,WINGER,FW,Silas Katompa,4.68,2.04,12.13,2.68,0.639,89.5,1,0,0,0,0,0,0,0,0,0,0,0,1
silvan widmer|1993,8164.0,5,0.08744823192099394,0.11038547308059891,0.09503280224929708,0.07142857142857144,0.9232239566741001,0.19532715288569744,1.3776944704779754,3.6241799437675724,1.6869728209934394,1.0837846447913349,2.6485473289597,1.268041237113402,2.142857142857143,0.0,,1,Silvan Widmer,Mainz 05,Bundesliga,32.0,1993.0,DF,2025-2026,2024-2025,100.0,exact,Silvan Widmer,1.FSV Mainz 05,1993-03-05,0.8,33.6,,CB,DF,Silvan Widmer,2.48,1.33,4.18,1.68,0.6585,93.2,1,0,0,0,0,0,1,0,0,0,0,0,0
simon adingra|2002,4827.0,3,0.22238918106686703,0.10368144252441773,0.18704573980559852,0.20510483135824978,2.063110443275733,0.5413940897811865,4.332000350272921,1.7969000846492893,1.8494410227969293,0.6175807663410969,0.7250649464374326,1.1427654047111708,0.5742935278030994,0.0,,1,Simon Adingra,Sunderland,Ligue 1,23.0,2002.0,"MF,FW",2025-2026,2024-2025,100.0,exact,Simon Adingra,Sunderland AFC,2002-01-01,22.0,24.7,3.753593429158111,CAM,"MF,FW",Simon Adingra,14.3,6.87,30.97,-7.7,-0.4078,-33.5,0,0,1,0,0,1,0,0,0,0,0,0,0
simon ebonog|2004,2211.0,3,0.03951140149265295,0.0,0.0,,1.1189043645912975,0.20466173962478681,0.0,4.5,4.5,1.459597655140356,4.5,4.5,,0.0,,0,Simon Ebonog,Le Havre,Ligue 1,22.0,2004.0,MF,2026-2027,,100.0,exact,Simon Ebonog,Le Havre AC,2004-08-16,4.5,22.1,2.754277891854894,CDM,MF,Simon Ebonog,8.18,5.5,19.58,3.68,0.5117,66.8,0,0,1,0,0,0,0,1,0,0,0,0,0
simon sohm|2001,4654.0,3,0.06894316608231933,0.02253911198845055,0.09334225493476081,0.06323185011709602,0.8488950889318665,0.265368884943407,2.0776179324188693,4.215456674473068,0.8430913348946136,0.6509825874311305,1.0839745734359318,0.3312144529943125,0.8732017397122785,,,1,Simon Sohm,Venezia,Serie A,25.0,2001.0,MF,2026-2027,2024-2025,100.0,exact,Simon Sohm,Bologna Football Club 1909,2001-04-11,8.0,25.5,3.753593429158111,CM,MF,Simon Sohm,12.85,4.21,20.87,4.85,0.4307,53.8,0,0,0,0,1,0,0,0,1,0,0,0,0
simone canestrelli|2000,3201.0,1,0.02811621368322399,0.0,,,0.4498594189315838,0.08434864104967196,,,,0.9278350515463917,,,,,,0,Simone Canestrelli,Pisa,Serie A,24.0,2000.0,DF,2025-2026,,100.0,exact,Simone Canestrelli,Pisa Sporting Club,2000-09-11,4.5,26.0,1.754962354551677,CB,DF,Simone Canestrelli,5.05,2.08,12.26,0.55,0.0953,10.0,0,0,0,0,1,0,1,0,0,0,0,0,0
simone scuffet|1996,4679.0,3,0.0,0.0,0.0,0.0,0.0,0.0,0.0,0.01952701236710783,0.01952701236710783,0.015519917227108122,0.4577999566066392,0.01952701236710783,0.28571428571428575,2.3969649939644766,-0.14285714285714288,1,Simone Scuffet,Pisa,Serie A,29.0,1996.0,GK,2025-2026,2024-2025,100.0,exact,Simone Scuffet,Pisa Sporting Club,1996-05-31,0.9,30.3,1.754962354551677,GK,GK,Simone Scuffet,3.27,1.62,8.17,2.37,0.8093,124.6,0,0,0,0,1,0,0,0,0,0,1,0,0
sinaly diomande|2001,7681.0,6,0.07816217759588846,0.06424288569525079,0.056365732890185184,0.027763496143958868,0.4250770607537039,0.1755754974639095,0.4049379366479007,3.9089737502543582,1.666553618666486,1.5364756828780812,3.99036831038459,1.487485586379977,1.2956298200514138,0.0,,1,Sinaly Diomande,Auxerre,Ligue 1,25.0,2001.0,DF,2026-2027,2024-2025,100.0,exact,Sinaly Diomandé,AJ Auxerre,2001-04-09,6.0,25.5,0.7529089664613279,CB,DF,Sinaly Diomande,15.68,4.58,22.33,9.68,0.8681,138.2,0,0,1,0,0,0,1,0,0,0,0,0,0
sirlord conteh|1996,1517.0,2,0.19036046982584037,0.12150668286755771,0.21188340807174888,0.2623318385650224,1.3730255164034024,0.4698258404212232,2.926008968609865,1.9170403587443947,0.9080717488789237,0.3280680437424058,0.8071748878923766,0.10089686098654707,1.6143497757847531,,,1,Sirlord Conteh,Heidenheim,Bundesliga,29.0,1996.0,"FW,MF",2025-2026,2024-2025,100.0,exact,Sirlord Conteh,1. Fußballclub Heidenheim 1846,1996-07-09,1.2,30.2,0.7529089664613279,WINGER,"FW,MF",Sirlord Conteh,1.79,1.21,4.94,0.59,0.2384,26.9,1,0,0,0,0,0,0,0,0,0,0,0,1
sofiane boufal|1993,4183.0,3,0.18238825373762094,0.31315719037968875,0.3567383918459796,,1.8858257178908728,0.35328753680078506,5.086070215175537,5.402038505096263,1.610419026047565,0.30971590257331855,0.07134767836919591,0.6930917327293318,,0.0,,0,Sofiane Boufal,Le Havre,Ligue 1,31.0,1993.0,"MF,FW",2025-2026,,100.0,exact,Sofiane Boufal,Union Saint-Gilloise,1993-09-17,1.8,33.0,,CAM,"MF,FW",Sofiane Boufal,3.18,1.52,4.29,1.38,0.4015,49.4,0,0,1,0,0,1,0,0,0,0,0,0,0
sofiane diop|2000,7190.0,6,0.30336789784900164,0.1722512640329077,0.3702412494770604,0.2453007518796992,2.1552069528769993,0.7769473642140602,3.0372333007948686,5.067284897503835,1.7633523915771858,0.9576656097351958,0.47378329382233997,1.1703388648724027,0.2537593984962406,0.0,,1,Sofiane Diop,Nice,Ligue 1,26.0,2000.0,"MF,FW",2026-2027,2024-2025,100.0,exact,Sofiane Diop,OGC Nice,2000-06-09,15.0,26.3,0.7529089664613279,CAM,"MF,FW",Sofiane Diop,19.49,7.88,34.8,4.49,0.2475,28.1,0,0,1,0,0,1,0,0,0,0,0,0,0
sofyan amrabat|1996,5355.0,5,0.004029099048684947,0.010072747621712366,0.014298323036187116,0.05,0.4754336877448237,0.06282077602135085,1.1359223300970875,7.077669902912621,2.0851721094439544,0.7534415221040851,1.1875551632833188,1.4218887908208295,0.5,0.0,,1,Sofyan Amrabat,Betis,La Liga,28.0,1996.0,MF,2025-2026,2024-2025,100.0,exact,Sofyan Amrabat,Fenerbahce,1996-08-21,10.0,30.1,1.754962354551677,CDM,MF,Sofyan Amrabat,4.19,2.32,7.96,-5.81,-0.7512,-52.8,0,1,0,0,0,0,0,1,0,0,0,0,0
solly march|1994,5224.0,5,0.22379080773241355,0.1732573995347718,0.23096917935388042,0.1607142857142857,2.089917381888185,0.5310656022214509,3.278871147419235,3.9175640549572965,2.131451912365392,1.007058634795861,1.143705904196064,1.1065725956182697,0.5357142857142857,0.0,,1,Solly March,Brighton,Premier League,31.0,1994.0,"FW,MF",2025-2026,2024-2025,100.0,exact,Solly March,Brighton & Hove Albion,1994-07-20,1.0,32.2,,WINGER,"FW,MF",Solly March,3.87,2.05,5.67,2.87,0.8905,143.6,0,0,0,1,0,0,0,0,0,0,0,0,1
souleymane toure|2003,4469.0,4,0.06610266314844537,0.022034221049481786,0.06948273960516158,0.0,0.6218546829520415,0.23348633007383757,0.8784603507223999,3.0522774897981693,1.1687989412153965,1.3979489132504557,3.560990404764531,1.7420315429579794,0.859481582537517,0.0,,1,Souleymane Touré,Lorient,Ligue 1,22.0,2003.0,DF,2025-2026,2024-2025,80.0,surname,Isaak Touré,FC Lorient,2003-03-28,1.2,23.5,1.754962354551677,CB,DF,Souleymane Touré,9.18,3.7,19.79,7.98,1.5317,362.6,0,0,1,0,0,0,1,0,0,0,0,0,0
soumaila coulibaly|2003,1776.0,2,0.0,0.0,0.04109589041095891,0.020547945205479454,0.48734177215189867,0.10759493670886075,0.20547945205479454,3.2876712328767126,0.8219178082191781,0.9050632911392404,5.342465753424658,1.438356164383562,1.6438356164383563,,,1,Soumaïla Coulibaly,Brest,Ligue 1,21.0,2003.0,DF,2025-2026,2024-2025,100.0,exact,Soumaïla Coulibaly,Stade Brestois 29,2003-10-14,6.0,23.0,2.754277891854894,CB,DF,Soumaïla Coulibaly,6.69,4.5,12.38,0.69,0.0943,9.9,0,0,1,0,0,0,1,0,0,0,0,0,0
soungoutou magassa|2003,3434.0,4,0.035977989935568826,0.027512580538964396,0.04143293744438856,0.07902439024390244,0.6243239429995767,0.21898540097326846,0.4909280823242679,5.786684204417966,3.951796974737901,1.599962375958237,2.0054934426863706,1.4344848930326124,1.1414634146341465,0.0,,1,Soungoutou Magassa,West Ham,Premier League,21.0,2003.0,MF,2025-2026,2024-2025,100.0,exact,Soungoutou Magassa,West Ham United,2003-10-08,17.0,23.0,4.7529089664613275,CDM,MF,Soungoutou Magassa,28.88,18.54,43.69,11.88,0.5067,66.0,0,0,0,1,0,0,0,1,0,0,0,0,0
stanislav lobotka|1994,13573.0,6,0.029830508474576273,0.029830508474576273,0.013606182649395886,0.0409711684370258,0.29900814450447544,0.08095773529995372,1.0406008490257972,4.6500489822575375,1.799281593556112,0.6738983050847457,1.2060520300424513,0.8816806356808533,0.20485584218512898,0.0,,1,Stanislav Lobotka,Napoli,Serie A,31.0,1994.0,MF,2026-2027,2024-2025,100.0,exact,Stanislav Lobotka,SSC Napoli,1994-11-25,10.0,31.8,0.7529089664613279,CM,MF,Stanislav Lobotka,3.84,1.87,12.79,-6.16,-0.8206,-56.0,0,0,0,0,1,0,0,0,1,0,0,0,0
stanley nsoki|1999,4041.0,4,0.046062579969756885,0.07118762358962427,0.011747329371758321,0.027522935779816512,0.25125043619867393,0.08744656043528955,0.8594098856181087,4.10847387764916,1.8084704427575309,1.7503780388507617,3.7746024112939236,1.5858894651873734,1.5137614678899083,0.0,,1,Stanley N'Soki,Union Berlin,Bundesliga,26.0,1999.0,"DF,MF",2025-2026,2024-2025,100.0,exact,Stanley Nsoki,1.FC Union Berlin,1999-04-09,2.0,27.5,,FULLBACK,"DF,MF",Stanley N'Soki,3.85,1.53,10.64,1.85,0.4799,61.6,1,0,0,0,0,0,0,0,0,1,0,0,0
stefan bell|1991,8400.0,5,0.056973412407543146,0.05247551142800027,0.04057594712616546,0.06267409470752089,0.7121676550942894,0.3071756901819383,0.3717691490617255,2.861560250206539,1.446713088634486,1.563770240554408,5.417207600613714,1.132302608285141,5.201949860724234,0.0,,1,Stefan Bell,Mainz 05,Bundesliga,33.0,1991.0,DF,2025-2026,2024-2025,100.0,exact,Stefan Bell,1.FSV Mainz 05,1991-08-24,0.6,35.1,0.0,CB,DF,Stefan Bell,1.28,0.71,2.28,0.68,0.3524,42.2,1,0,0,0,0,0,1,0,0,0,0,0,0
stefan de vrij|1992,8247.0,5,0.07758999300551427,0.0,0.0645077565036836,0.0,0.7334450282219366,0.2011758221568988,0.5246870445424962,3.223590951743965,1.099686545410985,1.2956064869788702,3.8093716932537385,1.0224209874817818,3.575794621026895,0.0,,1,Stefan de Vrij,Inter,Serie A,33.0,1992.0,DF,2025-2026,2024-2025,100.0,exact,Stefan de Vrij,Inter Milan,1992-02-05,3.0,34.6,0.7529089664613279,CB,DF,Stefan de Vrij,2.13,1.03,3.41,-0.87,-0.2459,-21.8,0,0,0,0,1,0,1,0,0,0,0,0,0
stefan ortega|1992,5245.0,5,0.0,0.0,0.0,0.0,0.0,0.0,0.0,0.019776597692730272,0.0065921992309100905,0.0,0.5636330342428127,0.013184398461820181,0.16363636363636364,3.005173224643361,-0.057272727272727274,1,Stefan Ortega,Nott'ham Forest,Premier League,32.0,1992.0,GK,2025-2026,2024-2025,100.0,exact,Stefan Ortega,Manchester City,1992-11-06,4.0,33.9,,GK,GK,Stefan Ortega,2.04,1.03,3.5,-1.96,-0.4983,-39.2,0,0,0,1,0,0,0,0,0,0,1,0,0
stefan posch|1997,10314.0,6,0.060757442786741375,0.028353473300479312,0.060968725302021,0.05722070844686648,0.7735401853048912,0.25766624169630276,1.4954273456023484,4.779270633397314,2.9908546912046967,1.027813407142375,2.6927853675059277,1.4581686801400024,1.3896457765667576,0.0,,1,Stefan Posch,Mainz 05,Bundesliga,29.0,1997.0,DF,2026-2027,2024-2025,100.0,exact,Stefan Posch,Bologna Football Club 1909,1997-05-14,6.0,29.4,2.754277891854894,CB,DF,Stefan Posch,15.36,4.54,27.12,9.36,0.8492,133.8,1,0,0,0,0,0,1,0,0,0,0,0,0
stefano moreo|1993,2307.0,1,0.27308192457737324,0.03901170351105332,,,2.0286085825747726,0.7802340702210665,,,,0.8192457737321197,,,,,,0,Stefano Moreo,Pisa,Serie A,32.0,1993.0,"FW,MF",2025-2026,,100.0,exact,Stefano Moreo,Pisa Sporting Club,1993-06-30,1.2,33.2,0.7529089664613279,WINGER,"FW,MF",Stefano Moreo,1.39,0.7,2.04,0.19,0.0813,8.5,0,0,0,0,1,0,0,0,0,0,0,0,1
stefano sabelli|1993,5748.0,4,0.0,0.04858711747285291,0.01587881000182515,0.08309037900874636,0.41507280355380055,0.027675931401537554,2.0277422887388212,3.5845957291476545,2.219383099105676,0.7635118460019743,2.1609782807081586,1.12611790472714,0.6997084548104957,0.0,,1,Stefano Sabelli,Genoa,Serie A,32.0,1993.0,"MF,DF",2025-2026,2024-2025,100.0,exact,Stefano Sabelli,Genoa CFC,1993-01-13,1.3,33.7,1.754962354551677,CDM,"MF,DF",Stefano Sabelli,1.11,0.86,2.68,-0.19,-0.084,-8.1,0,0,0,0,1,0,0,1,0,0,0,0,0
stefano turati|2001,5953.0,3,0.0,0.0,0.0,0.0,0.0,0.0,0.0,0.0,0.0,0.022323708361906707,0.4946800463920125,0.0,0.10089686098654709,3.0333980185884997,-0.08744394618834081,1,Stefano Turati,Sassuolo,Serie A,23.0,2001.0,GK,2025-2026,2024-2025,100.0,exact,Stefano Turati,US Sassuolo,2001-09-05,3.0,25.1,1.754962354551677,GK,GK,Stefano Turati,11.2,3.97,19.17,8.2,1.1155,205.1,0,0,0,0,1,0,0,0,0,0,1,0,0
stephan el shaarawy|1992,6080.0,5,0.2189823989953496,0.23311029570472697,0.20546908503821804,0.09836065573770492,2.3275709828699256,0.9669479606188468,3.1013344769304507,3.4487021013597037,1.1987588607754598,0.7876302415477896,0.8513912363462073,0.5131051184379809,0.4098360655737705,0.0,,1,Stephan El Shaarawy,Roma,Serie A,32.0,1992.0,"MF,FW",2025-2026,2024-2025,100.0,exact,Stephan El Shaarawy,Associazione Sportiva Roma,1992-10-27,2.4,33.9,,CAM,"MF,FW",Stephan El Shaarawy,1.54,1.06,3.44,-0.86,-0.2907,-25.2,0,0,0,0,1,1,0,0,0,0,0,0,0
stole dimitrievski|1993,12216.0,6,0.0,0.0,0.0,0.0,0.0,0.0,0.0,0.0,0.022177632273735346,0.021596976423300742,0.4831555602492343,0.01584116590981096,0.0,2.619260072757225,-0.375,1,Stole Dimitrievski,Valencia,La Liga,32.0,1993.0,GK,2026-2027,2024-2025,100.0,exact,Stole Dimitrievski,Valencia CF,1993-12-25,2.0,32.8,1.754962354551677,GK,GK,Stole Dimitrievski,3.23,1.59,6.97,1.23,0.3443,41.1,0,1,0,0,0,0,0,0,0,0,1,0,0
strahinja pavlovic|2001,5634.0,4,0.12049645988879105,0.05427768463459057,0.08737168775364047,0.05311158798283262,0.8195434803198616,0.25395520854735976,1.9336357125805679,4.61207925519217,2.5853425638577225,0.6361344639174014,3.9245643351635233,0.8271663881594652,2.1727467811158796,0.0,,1,Strahinja Pavlović,Milan,Serie A,25.0,2001.0,DF,2026-2027,2024-2025,100.0,exact,Strahinja Pavlović,AC Milan,2001-05-24,40.0,25.3,1.754962354551677,CB,DF,Strahinja Pavlović,16.8,3.62,26.26,-23.2,-0.8342,-56.6,0,0,0,0,1,0,1,0,0,0,0,0,0
suat serdar|1997,8382.0,5,0.11692549398755211,0.05574354945918182,0.09007601351351352,0.06540697674418604,1.4846818538884525,0.5465090948698399,1.2637246621621623,3.603040540540541,2.4647381756756754,0.8687836123028582,1.2276182432432432,1.5430743243243243,0.9156976744186045,0.0,,1,Suat Serdar,Hellas Verona,Serie A,28.0,1997.0,MF,2025-2026,2024-2025,100.0,exact,Suat Serdar,Hellas Verona,1997-04-11,2.8,29.5,1.754962354551677,CM,MF,Suat Serdar,6.48,2.75,19.01,3.68,0.677,96.8,0,0,0,0,1,0,0,0,1,0,0,0,0
sven botman|2000,9451.0,6,0.04725982658589377,0.04264911179702609,0.0655685777636997,0.1092233009708738,0.7165708826126609,0.231457415665782,0.15204307887234716,2.373297434273044,1.3636363636363638,1.0293420766147108,4.124168514412417,1.2567310738042448,3.7135922330097095,0.0,,1,Sven Botman,Newcastle Utd,Premier League,26.0,2000.0,DF,2026-2027,2024-2025,100.0,exact,Sven Botman,Newcastle United,2000-01-12,35.0,26.7,3.753593429158111,CB,DF,Sven Botman,28.0,18.66,36.17,-7.0,-0.2161,-19.4,0,0,0,1,0,0,1,0,0,0,0,0,0
sven ulreich|1988,1980.0,5,0.0,0.0,0.0,0.0,0.0,0.0,0.0,0.0,0.10071942446043164,0.0,0.20863309352517984,0.0,0.0,2.0769230769230766,0.0,1,Sven Ulreich,Bayern Munich,Bundesliga,36.0,1988.0,GK,2025-2026,2024-2025,100.0,exact,Sven Ulreich,Bayern Munich,1988-08-03,0.5,38.2,0.7529089664613279,GK,GK,Sven Ulreich,1.25,0.24,1.55,0.75,0.4057,50.0,1,0,0,0,0,0,0,0,0,0,1,0,0
taiwo awoniyi|1997,5763.0,6,0.4934713863103131,0.11705600326430683,0.44666207845836203,0.021634615384615388,2.313035424866867,1.2255541069100389,1.0736407432897455,1.3041982105987613,0.9153475567790779,0.16066510251963684,1.1355815554026154,0.6469373709566415,2.8125000000000004,0.0,,1,Taiwo Awoniyi,Coventry City,Premier League,29.0,1997.0,FW,2026-2027,2024-2025,100.0,exact,Taiwo Awoniyi,Nottingham Forest,1997-08-12,8.0,29.1,0.7529089664613279,ST,FW,Taiwo Awoniyi,11.31,4.71,16.04,3.31,0.3134,36.8,0,0,0,1,0,0,0,0,0,0,0,1,0
tajon buchanan|1999,2869.0,4,0.27246376811594203,0.08309178743961354,0.15014829461196247,0.1056751467710372,1.3517877739331028,0.5103018687110686,4.815867523479981,1.4125061789421653,1.979733069698468,0.8251207729468599,0.9787444389520517,0.967622343054869,0.7045009784735812,0.0,,1,Tajon Buchanan,Villarreal,La Liga,27.0,1999.0,MF,2026-2027,2024-2025,100.0,exact,Tajon Buchanan,Villarreal CF,1999-02-08,12.0,27.6,3.753593429158111,CAM,MF,Tajon Buchanan,6.06,2.47,15.74,-5.94,-0.611,-45.7,0,1,0,0,0,1,0,0,0,0,0,0,0
takefusa kubo|2001,10291.0,6,0.19679437551003326,0.11675838547006757,0.15560061593816224,0.17074198988195616,1.8811305435474317,0.6160994555482646,5.033007577259075,3.803570611821743,1.260996173255477,0.5376535330920047,0.3691055175252702,1.201994176030248,0.4173693086003373,0.0,,1,Takefusa Kubo,Real Sociedad,La Liga,25.0,2001.0,MF,2026-2027,2024-2025,100.0,exact,Takefusa Kubo,Real Sociedad,2001-06-04,20.0,25.3,2.754277891854894,CAM,MF,Takefusa Kubo,20.9,9.25,32.57,0.9,0.0419,4.3,0,1,0,0,0,1,0,0,0,0,0,0,0
takehiro tomiyasu|1998,3690.0,5,0.07734542850322272,0.06875149200286464,0.09628763519438761,0.0,1.0681087401344638,0.0,1.5100847705349316,5.829874305758551,2.0257234726688105,1.6328479350680354,2.699210757088571,0.8892136802104649,0.0,0.0,,1,Takehiro Tomiyasu,Crystal Palace,Premier League,27.0,1998.0,DF,2026-2027,2024-2025,100.0,exact,Takehiro Tomiyasu,Ajax Amsterdam,1998-11-05,5.0,27.9,,CB,DF,Takehiro Tomiyasu,6.55,2.72,17.85,1.55,0.2301,25.9,0,0,0,1,0,0,1,0,0,0,0,0,0
takuma asano|1994,7025.0,5,0.19434531979138073,0.0741147405984079,0.29393177572249,0.05977229601518026,2.584133955531155,0.49699879951980797,2.333187259266093,1.6564799225038631,0.8593768019005005,0.3046939335712325,0.5604631316742394,0.7410568074359388,0.42694497153700195,0.0,,1,Takuma Asano,Mallorca,La Liga,30.0,1994.0,"MF,FW",2025-2026,2024-2025,100.0,exact,Takuma Asano,RCD Mallorca,1994-11-10,1.5,31.9,,CAM,"MF,FW",Takuma Asano,2.02,1.2,6.5,0.52,0.1901,20.9,0,1,0,0,0,1,0,0,0,0,0,0,0
takumi minamino|1995,6202.0,5,0.2920876409774436,0.18767622180451127,0.31384491238856443,0.2662483191393994,2.3287711466165413,0.7571419058400479,2.1251537042729787,4.331578542883492,1.4110052259452814,0.412359022556391,0.6155856132800492,1.1637334767906549,0.7664724338861497,0.0,,1,Takumi Minamino,Monaco,Ligue 1,30.0,1995.0,"MF,FW",2025-2026,2024-2025,100.0,exact,Takumi Minamino,AS Monaco,1995-01-16,10.0,31.7,0.7529089664613279,CAM,"MF,FW",Takumi Minamino,3.29,1.48,7.79,-6.71,-0.9415,-61.0,0,0,1,0,0,1,0,0,0,0,0,0,0
tammy abraham|1997,6985.0,5,0.3550385636616513,0.17069161714502465,0.5010812213476342,0.16722972972972977,2.3236818814009355,0.8620519403574604,1.0768964622437505,2.0681601937548653,1.0042383876827263,0.11607029965861676,0.954934694230603,0.67987198339244,2.8125,0.0,,1,Tammy Abraham,Aston Villa,Premier League,27.0,1997.0,FW,2025-2026,2024-2025,100.0,exact,Tammy Abraham,Beşiktaş Jimnastik Kulübü,1997-10-02,18.0,29.0,3.753593429158111,ST,FW,Tammy Abraham,21.41,17.83,26.15,3.41,0.165,17.9,0,0,0,1,0,0,0,0,0,0,0,1,0
tanguy ndombele|1996,3398.0,4,0.06981344296629562,0.17104293526742426,0.15946560545764638,0.1909814323607427,1.1728658418337665,0.19971101248838888,2.0252984650369528,5.146389994314952,2.5369528140989197,0.844742659892177,0.7077885162023878,0.8229107447413302,0.2387267904509284,0.0,,1,Tanguy Ndombele,Nice,Ligue 1,28.0,1996.0,MF,2025-2026,2024-2025,100.0,exact,Tanguy Ndombélé,OGC Nice,1996-12-28,2.5,29.7,,CAM,MF,Tanguy Ndombele,2.38,1.61,6.49,-0.12,-0.0346,-3.4,0,0,1,0,0,1,0,0,0,0,0,0,0
tanguy nianzou|2002,3439.0,5,0.021932114882506525,0.006266318537859008,0.03018760659465606,0.0,0.7206266318537858,0.0,0.5218874360432064,3.4178510517339404,1.6424104604889143,0.9180156657963446,3.5099488345650935,0.434906196702672,2.9536679536679538,0.0,,1,Tanguy Nianzou,Sevilla,La Liga,23.0,2002.0,DF,2025-2026,2024-2025,100.0,exact,Tanguy Nianzou,Sevilla FC,2002-06-07,1.2,24.3,0.7529089664613279,CB,DF,Tanguy Nianzou,4.75,2.02,14.87,3.55,0.9601,161.2,0,1,0,0,0,0,1,0,0,0,0,0,0
tanner tessmann|2001,3867.0,3,0.053356520364405274,0.0,0.07343983450178142,0.04376012965964344,1.2307570697389483,0.4861604695083565,0.8636938282955983,4.0029881622801975,1.7946213078956441,0.8501472244728574,2.177335938397885,1.0705666015400528,0.29173419773095627,0.0,,1,Tanner Tessmann,Lyon,Ligue 1,23.0,2001.0,MF,2025-2026,2024-2025,100.0,exact,Tanner Tessmann,Olympique Lyon,2001-09-24,10.0,25.0,2.754277891854894,CM,MF,Tanner Tessmann,5.07,2.5,14.47,-4.93,-0.5946,-44.8,0,0,1,0,0,0,0,0,1,0,0,0,0
tarik muharemovic|2003,3285.0,2,0.05350118017309205,0.08497246262785207,,,0.6349206349206348,0.2222222222222222,,,,1.5499606608969316,,,,,,0,Tarik Muharemovic,Leeds United,Premier League,23.0,2003.0,DF,2026-2027,,100.0,exact,Tarik Muharemović,US Sassuolo,2003-02-28,25.0,23.6,4.7529089664613275,CB,DF,Tarik Muharemovic,35.99,13.98,46.93,10.99,0.3524,42.3,0,0,0,1,0,0,1,0,0,0,0,0,0
tariq lamptey|2000,3813.0,5,0.09279086366880798,0.20342612419700215,0.04138264832815715,0.08372093023255815,0.6959314775160599,0.20163722533390782,3.880530794982455,1.9493405396684549,1.949340539668455,0.7922912205567452,1.4846932601944096,1.157988141814222,0.10465116279069768,0.0,,1,Tariq Lamptey,Fiorentina,Serie A,24.0,2000.0,DF,2025-2026,2024-2025,100.0,exact,Tariq Lamptey,ACF Fiorentina,2000-09-30,3.0,26.0,,FULLBACK,DF,Tariq Lamptey,3.88,1.76,10.23,0.88,0.1996,22.1,0,0,0,0,1,0,0,0,0,1,0,0,0
terem moffi|1999,8097.0,6,0.46169818618569713,0.07511756203814914,0.5464639150374125,0.0,2.497641664655683,1.869613259668508,1.4458122133719529,1.3275404296403572,0.4755008447984552,0.14657085275736417,0.6130823075066377,0.5261887521119961,4.655172413793103,0.0,,1,Terem Moffi,Hamburger SV,Bundesliga,27.0,1999.0,FW,2026-2027,2024-2025,100.0,exact,Terem Moffi,OGC Nice,1999-05-25,8.0,27.3,0.7529089664613279,ST,FW,Terem Moffi,13.05,5.74,23.4,5.05,0.4451,56.1,1,0,0,0,0,0,0,0,0,0,0,1,0
terry yegbe|2001,1963.0,1,0.0,0.04584819154355579,,,0.2750891492613347,0.09169638308711157,,,,1.0086602139582272,,,,,,0,Terry Yegbe,Metz,Ligue 1,24.0,2001.0,DF,2025-2026,,100.0,exact,Terry Yegbe,FC Metz,2001-01-25,3.0,25.7,3.753593429158111,CB,DF,Terry Yegbe,6.94,2.34,18.1,3.94,0.685,98.4,0,0,1,0,0,0,1,0,0,0,0,0,0
tete morente|1996,7906.0,5,0.09435771546929538,0.12542671934333166,0.14602402387341074,0.07125185551707076,1.5278983393337413,0.3493973777550336,2.35173157459187,3.9293326980464927,1.2593725706547634,0.769820873767788,1.2796850314717758,0.8644080547684128,1.6476991588322611,0.0,,1,Tete Morente,Elche,La Liga,29.0,1996.0,"FW,MF",2026-2027,2024-2025,100.0,exact,Tete Morente,US Lecce,1996-12-04,1.8,29.8,1.754962354551677,WINGER,"FW,MF",Tete Morente,4.63,2.76,14.12,2.83,0.6981,101.0,0,1,0,0,0,0,0,0,0,0,0,0,1
teun koopmeiners|1998,11566.0,6,0.19882960548278772,0.11134457907036115,0.1990103807244483,0.13089267803410232,1.6526833793840632,0.3932889910671978,1.9861394570308486,5.195941680003524,1.4232017266947596,0.5699782023839916,1.1509830120251958,1.3637364734902433,0.9929789368104313,0.0,,1,Teun Koopmeiners,Juventus,Serie A,28.0,1998.0,"MF,DF",2026-2027,2024-2025,100.0,exact,Teun Koopmeiners,Juventus FC,1998-02-28,14.0,28.6,2.754277891854894,CAM,"MF,DF",Teun Koopmeiners,16.46,6.92,35.69,2.46,0.1517,16.4,0,0,0,0,1,1,0,0,0,0,0,0,0
theo le bris|2002,5135.0,4,0.06761717749509093,0.09527875010671903,0.07017795637198622,,0.773099745690873,0.3328050713153724,3.2677956371986223,3.259184845005741,2.02353616532721,0.9635447793050456,2.294776119402985,1.3820321469575199,,0.0,,0,Théo Le Bris,Lorient,Ligue 1,23.0,2002.0,MF,2026-2027,,100.0,exact,Théo Le Bris,FC Lorient,2002-10-01,5.0,24.0,0.7529089664613279,CDM,MF,Théo Le Bris,6.26,3.28,16.91,1.26,0.1913,21.1,0,0,1,0,0,0,0,1,0,0,0,0,0
thiago almada|2001,2262.0,2,0.16623376623376623,0.17922077922077922,0.18927444794952683,0.24605678233438488,1.7038961038961038,0.6103896103896104,3.5962145110410098,9.17981072555205,1.3249211356466877,0.6337662337662338,0.5678233438485805,0.18927444794952683,0.09463722397476342,,,1,Thiago Almada,Atlético Madrid,La Liga,24.0,2001.0,"MF,FW",2025-2026,2024-2025,100.0,exact,Thiago Almada,Atlético de Madrid,2001-04-26,15.0,25.4,3.753593429158111,CAM,"MF,FW",Thiago Almada,12.92,5.47,31.36,-2.08,-0.1391,-13.0,0,1,0,0,0,1,0,0,0,0,0,0,0
thibault de smet|1998,4925.0,4,0.0,0.04193760193167136,0.012965964343598054,0.0,0.2230317920911613,0.0,1.3452188006482981,4.855753646677472,2.2755267423014587,0.9740961175947302,2.6418152350081034,1.393841166936791,0.46875,0.0,,1,Thibault De Smet,Paris FC,Ligue 1,27.0,1998.0,DF,2025-2026,2024-2025,100.0,exact,Thibault De Smet,Paris FC,1998-06-05,1.8,28.3,0.7529089664613279,CB,DF,Thibault De Smet,2.71,2.01,7.76,0.91,0.2803,32.4,0,0,1,0,0,0,1,0,0,0,0,0,0
thibaut courtois|1992,12572.0,6,0.0,0.0,0.0,0.0033333333333333335,0.0,0.0,0.0,0.0030759766225776685,0.02460781298062135,0.020986358866736624,0.3814211011996309,0.0,0.26666666666666666,2.4577122760006698,0.02333333333333333,1,Thibaut Courtois,Real Madrid,La Liga,34.0,1992.0,GK,2026-2027,2024-2025,100.0,exact,Thibaut Courtois,Real Madrid,1992-05-11,15.0,34.4,0.7529089664613279,GK,GK,Thibaut Courtois,3.05,1.57,4.88,-11.95,-1.3738,-74.7,0,1,0,0,0,0,0,0,0,0,1,0,0
thierno barry|2002,4654.0,3,0.40392813427691093,0.06584408458432404,0.4842875591907017,0.11235471373224279,2.250824872085053,0.7890080813554999,1.7046922083512699,1.0460611278519156,0.42617305208781747,0.15827904948154817,0.7361170899698666,0.581145071028842,3.8355574687903573,,,1,Thierno Barry,Everton,Premier League,23.0,2002.0,FW,2026-2027,2024-2025,100.0,exact,Thierno Barry,Everton FC,2002-10-21,30.0,23.9,2.754277891854894,ST,FW,Thierno Barry,31.48,18.47,36.49,1.48,0.0468,4.8,0,0,0,1,0,0,0,0,0,0,0,1,0
thierry correia|1999,7922.0,6,0.0,0.06982056402373325,0.024288047723883245,0.03515625,0.3509490645910146,0.14978601997146934,1.96434912293161,4.0863575030182515,2.8613024643136145,1.0770468487364777,2.3584972658191887,1.3763227043533839,0.46875,0.0,,1,Thierry Correia,Venezia,Serie A,27.0,1999.0,"DF,MF",2026-2027,2024-2025,100.0,exact,Thierry Correia,Valencia CF,1999-03-09,2.5,27.6,0.7529089664613279,FULLBACK,"DF,MF",Thierry Correia,5.38,2.37,17.38,2.88,0.5999,82.2,0,0,0,0,1,0,0,0,0,1,0,0,0
thijs dallinga|2000,6980.0,5,0.40659373866795606,0.11286715822555302,0.42267560832303414,0.046793760831889075,2.629703534777651,0.7127722393969919,0.9481937719067204,1.3001195372490224,0.7859067609457624,0.09790886014746766,1.0648945438337012,0.5725631622667503,3.1975736568457536,0.0,,1,Thijs Dallinga,Köln,Bundesliga,26.0,2000.0,FW,2026-2027,2024-2025,100.0,exact,Thijs Dallinga,Bologna Football Club 1909,2000-08-03,9.0,26.2,1.754962354551677,ST,FW,Thijs Dallinga,10.81,4.17,25.47,1.81,0.1665,18.1,1,0,0,0,0,0,0,0,0,0,0,1,0
thilo kehrer|1996,9802.0,5,0.06027013383060486,0.017617423735099884,0.04779012302407907,0.011330255979857323,0.5507762999289122,0.1534234995773457,0.6719007395464581,4.812134169850339,1.6182398093302024,1.3750862841659541,3.788510742700922,0.8106971364480741,2.0394460763743183,0.0,,1,Thilo Kehrer,Monaco,Ligue 1,28.0,1996.0,DF,2025-2026,2024-2025,100.0,exact,Thilo Kehrer,AS Monaco,1996-09-21,12.0,30.0,1.754962354551677,CB,DF,Thilo Kehrer,9.56,3.51,19.05,-2.44,-0.208,-18.8,0,0,1,0,0,0,1,0,0,0,0,0,0
thomas delaine|1992,5639.0,5,0.031027674178080045,0.06487604600871281,0.06096876096876097,0.0,0.6346569718243645,0.0,3.086346086346086,2.271323271323271,1.8669708669708671,0.9900648760460085,1.8290628290628288,0.7644787644787645,0.0,0.0,,1,Thomas Delaine,Le Havre,Ligue 1,33.0,1992.0,"MF,DF",2025-2026,2024-2025,100.0,exact,Thomas Delaine,Le Havre AC,1992-03-24,0.5,34.5,,CDM,"MF,DF",Thomas Delaine,0.99,0.49,2.08,0.49,0.2818,32.5,0,0,1,0,0,0,0,1,0,0,0,0,0
thomas kristensen|2002,6322.0,3,0.0688254271717051,0.009678575696021033,0.04665674650794414,0.01539338654503991,0.35380571155454654,0.15965816184864098,0.9223347573561178,3.04780876494024,1.550904814477032,1.067869518460987,4.540392646282341,1.0692171074737198,3.1299885974914483,0.0,,1,Thomas Kristensen,Udinese,Serie A,23.0,2002.0,DF,2025-2026,2024-2025,100.0,exact,Thomas Kristensen,Udinese Calcio,2002-01-17,12.0,24.7,1.754962354551677,CB,DF,Thomas Kristensen,11.96,4.16,19.59,-0.04,-0.0029,-0.3,0,0,0,0,1,0,1,0,0,0,0,0,0
thomas lemar|1995,4366.0,6,0.207424479381019,0.1037122396905095,0.13053493729203994,0.211764705882353,1.2396169994261033,0.5962384953981592,2.6567699001791656,6.22728436140261,1.9273099564883542,0.3852168902790353,0.7294599436908114,0.7371384694138725,0.0,0.0,,1,Thomas Lemar,Elche,La Liga,30.0,1995.0,MF,2026-2027,2024-2025,100.0,exact,Thomas Lemar,Girona FC,1995-11-12,1.8,30.9,0.7529089664613279,CAM,MF,Thomas Lemar,3.12,1.28,6.34,1.32,0.3871,47.3,0,1,0,0,0,1,0,0,0,0,0,0,0
thomas meunier|1991,6806.0,6,0.07535321821036106,0.07299843014128728,0.08035045886821747,0.032676348547717844,1.070490367775832,0.35676408713945446,2.9395292095267136,5.941442315690243,2.1759503146921007,1.0784929356357928,2.894612803948207,0.9981423461890371,1.5404564315352698,0.0,,1,Thomas Meunier,Sunderland,Premier League,35.0,1991.0,DF,2026-2027,2024-2025,100.0,exact,Thomas Meunier,LOSC Lille,1991-09-12,1.5,35.0,,CB,DF,Thomas Meunier,2.53,1.66,4.85,1.03,0.3454,41.3,0,0,0,1,0,0,1,0,0,0,0,0,0
thomas partey|1993,9030.0,5,0.08429856732012347,0.03324450542202052,0.07524531072692076,0.06757239899892742,0.9795256061845334,0.26015046229828287,1.2210466591015285,6.677458113610573,2.5817702423069218,1.1409989182343474,1.4913890928509443,0.9492023229423937,0.9009653199856988,0.0,,1,Thomas Partey,Villarreal,La Liga,32.0,1993.0,"MF,DF",2025-2026,2024-2025,100.0,exact,Thomas Partey,Villarreal CF,1993-06-13,2.0,33.3,,CDM,"MF,DF",Thomas Partey,2.73,1.32,4.55,0.73,0.219,24.5,0,1,0,0,0,0,0,1,0,0,0,0,0
thorgan hazard|1993,1972.0,4,0.08636200071968334,0.021590500179920834,0.20822622107969146,,1.4949574846747082,,3.185683211390152,4.37808977654736,2.3314217915760334,0.39942425332853543,0.5873047261222067,1.352580581372355,,0.0,,0,Thorgan Hazard,Lens,Ligue 1,33.0,1993.0,MF,2026-2027,,100.0,exact,Thorgan Hazard,RSC Anderlecht,1993-03-29,2.0,33.5,,CM,MF,Thorgan Hazard,1.0,0.57,2.56,-1.0,-0.4079,-33.5,0,0,1,0,0,0,0,0,1,0,0,0,0
tiago gabriel|2004,3557.0,3,0.10951965927217115,0.0,0.0,0.0,0.5467116899823123,0.10934233799646244,0.0,0.9375,0.0,1.2461561230698395,10.3125,3.75,4.6875,,,1,Tiago Gabriel,Lecce,Serie A,21.0,2004.0,DF,2026-2027,2024-2025,100.0,exact,Tiago Gabriel,US Lecce,2004-12-26,15.0,21.8,0.7529089664613279,CB,DF,Tiago Gabriel,21.24,5.09,23.61,6.24,0.3291,39.0,0,0,0,0,1,0,1,0,0,0,0,0,0
tiago santos|2002,3928.0,4,0.09266652658121455,0.03404076486656861,0.060368542035648336,0.13366336633663367,1.2920445711324178,0.27044206876625254,3.77472962279082,3.954478652447526,2.4520480838075143,0.6543391468795966,1.3057240833553154,0.8207408523947697,1.3366336633663367,0.0,,1,Tiago Santos,Lille,Ligue 1,24.0,2002.0,DF,2026-2027,2024-2025,100.0,exact,Tiago Santos,LOSC Lille,2002-07-23,10.0,24.2,2.754277891854894,FULLBACK,DF,Tiago Santos,8.46,2.89,23.22,-1.54,-0.1504,-14.0,0,0,1,0,0,0,0,0,0,1,0,0,0
tiago tomas|2002,6302.0,5,0.29384679782335704,0.13260778568438675,0.24843694703314853,0.12420382165605096,2.426119715362076,0.9251290877796902,1.683850418780229,2.059690928394479,1.146632063229916,0.36467141063206365,0.7538044119381856,0.8259997640674768,0.4299363057324841,0.0,,1,Tiago Tomás,Stuttgart,Bundesliga,23.0,2002.0,"FW,MF",2025-2026,2024-2025,100.0,exact,Tiago Tomás,VfB Stuttgart,2002-06-16,15.0,24.3,2.754277891854894,ST,"FW,MF",Tiago Tomás,12.16,6.59,32.44,-2.84,-0.1957,-17.8,1,0,0,0,0,0,0,0,0,0,0,1,0
tijjani noslin|1999,3531.0,4,0.3470486859112451,0.1861266695389918,0.22612287041817242,0.16724738675958192,2.454162768942937,0.8762903383372952,1.6649457924625708,1.7114093959731544,0.9292720702116676,0.1589831968978888,0.8402168301497162,1.3474445018069177,2.822299651567944,0.0,,1,Tijjani Noslin,Lazio,Serie A,27.0,1999.0,FW,2026-2027,2024-2025,100.0,exact,Tijjani Noslin,Società Sportiva Lazio S.p.A.,1999-07-07,8.0,27.2,2.754277891854894,ST,FW,Tijjani Noslin,7.28,3.32,17.62,-0.72,-0.084,-8.1,0,0,0,0,1,0,0,0,0,0,0,1,0
tijjani reijnders|1998,7579.0,3,0.23226797197427776,0.10845570592187351,0.17211253103991278,0.10070332480818416,2.1403205681927253,0.8369522305566522,3.04569680818848,6.576524741081704,1.0247713645448489,0.8090987618773394,0.8149112712736963,0.7086184967597359,0.1438618925831202,0.0,,1,Tijjani Reijnders,Manchester City,Premier League,27.0,1998.0,MF,2025-2026,2024-2025,100.0,exact,Tijjani Reijnders,Manchester City,1998-07-29,50.0,28.2,3.753593429158111,CAM,MF,Tijjani Reijnders,26.09,18.89,45.47,-23.91,-0.6325,-46.9,0,0,0,1,0,1,0,0,0,0,0,0,0
tim iroegbunam|2003,2061.0,2,0.0,0.12919580953544488,0.0313588850174216,0.0313588850174216,0.7394398460645674,0.04673039919367154,1.254355400696864,2.35191637630662,4.547038327526132,1.5998289606304024,1.881533101045296,2.822299651567944,1.724738675958188,,,1,Tim Iroegbunam,Everton,Premier League,22.0,2003.0,MF,2025-2026,2024-2025,100.0,exact,Tim Iroegbunam,Everton FC,2003-06-30,18.0,23.2,0.7529089664613279,CDM,MF,Tim Iroegbunam,10.81,6.08,16.15,-7.19,-0.4755,-37.8,0,0,0,1,0,0,0,1,0,0,0,0,0
tim kleindienst|1995,5830.0,4,0.43181852689755695,0.16124869042377127,0.44251001596039213,0.20387285348922177,2.454771541424879,1.1798319327731093,1.385134034721996,2.1634474447086416,0.848669424448715,0.3839905255006757,2.0227354157845023,1.2796000130288918,4.899525027402265,0.0,,1,Tim Kleindienst,Gladbach,Bundesliga,31.0,1995.0,FW,2026-2027,2024-2025,100.0,exact,Tim Kleindienst,Borussia Mönchengladbach,1995-08-31,8.0,31.1,2.754277891854894,ST,FW,Tim Kleindienst,4.09,3.6,6.66,-3.91,-0.5691,-43.4,1,0,0,0,0,0,0,0,0,0,0,1,0
tim lemperle|2002,2418.0,4,0.3802883853588972,0.08081128188876566,0.3100208768267224,,2.4480973945774274,0.9722222222222221,1.9728601252609608,3.1002087682672235,3.569937369519833,0.26382506734273486,2.2546972860125263,2.5365344467640925,,0.0,,0,Tim Lemperle,Hoffenheim,Bundesliga,24.0,2002.0,FW,2026-2027,,100.0,exact,Tim Lemperle,TSG 1899 Hoffenheim,2002-02-05,17.0,24.6,4.7529089664613275,ST,FW,Tim Lemperle,11.48,5.36,29.89,-5.52,-0.3666,-30.7,1,0,0,0,0,0,0,0,0,0,0,1,0
tim oermann|2003,3139.0,4,0.0,0.06416056592909435,0.008710078805474907,0.024401265250790782,0.3997696800197418,0.0,0.619659892160929,2.5333886354209874,2.0680215678141844,0.7625236489265445,2.6627955205308997,1.4085441725425134,1.0980569362855852,0.0,,1,Tim Oermann,Leverkusen,Bundesliga,21.0,2003.0,DF,2025-2026,2024-2025,100.0,exact,Tim Oermann,Sportklub Puntigamer Sturm Graz,2003-10-06,4.0,23.0,2.754277891854894,CB,DF,Tim Oermann,8.54,4.67,24.4,4.54,0.6461,90.8,1,0,0,0,0,0,1,0,0,0,0,0,0
tim siersleben|2000,3173.0,3,0.0,0.0,0.03667855323484463,0.03807106598984772,0.351990079412396,0.20537592982248168,0.8099847172694856,3.1902699949057567,1.9714722363728987,1.7299024634536047,4.275343861436577,1.4938869077941928,1.5228426395939088,0.0,,1,Tim Siersleben,Heidenheim,Bundesliga,25.0,2000.0,DF,2025-2026,2024-2025,100.0,exact,Tim Siersleben,1. Fußballclub Heidenheim 1846,2000-03-09,1.8,26.6,1.754962354551677,CB,DF,Tim Siersleben,4.04,1.82,10.9,2.24,0.5876,80.0,1,0,0,0,0,0,1,0,0,0,0,0,0
tim skarke|1996,4802.0,5,0.2311053196382033,0.08278399509428178,0.1449799913338261,0.09278350515463916,2.156791907514451,0.7067604867239434,2.1150562026865134,2.5463257971605535,1.1148777814594857,0.2690479840564158,0.965768613157291,0.793719572808605,0.7731958762886598,0.0,,1,Tim Skarke,Union Berlin,Bundesliga,30.0,1996.0,"MF,FW",2026-2027,2024-2025,100.0,exact,Tim Skarke,1.FC Union Berlin,1996-09-07,1.5,30.1,,CAM,"MF,FW",Tim Skarke,2.33,1.46,6.52,0.83,0.2853,33.0,1,0,0,0,0,1,0,0,0,0,0,0,0
timo becker|1997,2776.0,2,0.0,0.06092956646270017,0.05153374233128834,0.029447852760736193,0.6257668711656441,0.14723926380368096,1.030674846625767,2.098159509202454,1.950920245398773,0.7053769040489519,4.049079754601227,1.1042944785276072,1.1411042944785275,,,1,Timo Becker,Schalke 04,Bundesliga,29.0,1997.0,DF,2026-2027,2024-2025,100.0,exact,Timo Becker,Holstein Kiel,1997-03-25,1.5,29.5,2.754277891854894,CB,DF,Timo Becker,4.02,1.82,8.42,2.52,0.6973,100.8,1,0,0,0,0,0,1,0,0,0,0,0,0
timo hubers|1996,7752.0,4,0.029003639672429478,0.0,0.06061487026673451,,0.4998862602365787,0.0,0.5167526709789956,3.2923904353514066,1.9994185623955232,1.92959508644222,5.379024638418491,1.4892070644668947,,0.0,,0,Timo Hübers,Köln,Bundesliga,29.0,1996.0,DF,2025-2026,,100.0,exact,Timo Hübers,1.FC Köln,1996-07-20,1.5,30.2,0.7529089664613279,CB,DF,Timo Hübers,2.96,1.68,5.83,1.46,0.4596,58.3,1,0,0,0,0,0,1,0,0,0,0,0,0
timo werner|1996,4766.0,5,0.28262940616068594,0.26357573832962844,0.4067181439703946,0.436046511627907,2.6421086059066368,0.505326806795278,5.6492189445966625,3.535565597978864,0.7205636408924315,0.27945379485550964,0.45475572002989,1.0408141479557342,0.0,0.0,,1,Timo Werner,RB Leipzig,Bundesliga,29.0,1996.0,"FW,MF",2025-2026,2024-2025,100.0,exact,Timo Werner,RB Leipzig,1996-03-06,3.5,30.6,1.754962354551677,WINGER,"FW,MF",Timo Werner,7.57,4.8,15.28,4.07,0.6446,90.5,1,0,0,0,0,0,0,0,0,0,0,0,1
timothee pembele|2002,3376.0,5,0.046250299770461474,0.021583473226215354,0.09526112185686655,0.008086253369272238,0.7999521702738251,0.3136637066743053,2.480657640232108,3.2108317214700195,2.200193423597679,0.9435061153174141,2.920696324951644,1.170212765957447,0.8086253369272237,0.0,,1,Timothee Pembele,Le Havre,Ligue 1,24.0,2002.0,"MF,DF",2026-2027,2024-2025,100.0,exact,Timothée Pembélé,Le Havre AC,2002-09-09,1.8,24.1,1.754962354551677,CDM,"MF,DF",Timothee Pembele,3.35,1.94,15.3,1.55,0.4399,55.2,0,0,1,0,0,0,0,1,0,0,0,0,0
timothy castagne|1995,11917.0,6,0.017967145790554414,0.06416837782340862,0.04385764539266298,0.06549423893268647,0.5351842691070987,0.2403318056134237,1.249942893690895,2.97820823244552,2.203846680981315,1.2465776865160847,3.231760244871853,1.1553748458129656,1.8556701030927834,0.0,,1,Timothy Castagne,Fulham,Premier League,30.0,1995.0,"DF,MF",2026-2027,2024-2025,100.0,exact,Timothy Castagne,Fulham FC,1995-12-05,8.0,30.8,0.7529089664613279,FULLBACK,"DF,MF",Timothy Castagne,9.83,4.36,15.96,1.83,0.1854,20.4,0,0,0,1,0,0,0,0,0,1,0,0,0
timothy weah|2000,8949.0,6,0.10315580346909146,0.08547195144581864,0.15663407194760923,0.08791208791208792,1.1856820567264654,0.43342562295494586,2.735040818157352,3.3123261864178706,1.754059388176191,0.6454605988494581,1.190903382075895,1.1101641697317663,1.043956043956044,0.0,,1,Timothy Weah,Marseille,Ligue 1,26.0,2000.0,"MF,DF",2026-2027,2024-2025,100.0,exact,Timothy Weah,Olympique Marseille,2000-02-22,20.0,26.6,3.753593429158111,CM,"MF,DF",Timothy Weah,14.61,6.89,31.3,-5.39,-0.2965,-25.7,0,0,1,0,0,0,0,0,1,0,0,0,0
tino livramento|2002,7684.0,4,0.013073449013548849,0.038031851675778466,,,,,,,,,,,,,,0,Tino Livramento,Newcastle Utd,Premier League,22.0,2002.0,DF,2025-2026,,100.0,exact,Tino Livramento,Newcastle United,2002-11-12,45.0,23.9,1.754962354551677,CB,DF,Tino Livramento,22.28,12.72,37.79,-22.72,-0.681,-49.4,0,0,0,1,0,0,1,0,0,0,0,0,0
tom bischof|2005,4470.0,5,0.17143420145160757,0.1995139413445433,0.09186697398748765,0.12661195779601406,1.925125473727338,0.6286890128337034,1.6521238063878827,5.027988146196905,3.412907474481396,1.003481230910703,1.7583141257820216,2.2472835034573593,0.49237983587338807,0.0,,1,Tom Bischof,Bayern Munich,Bundesliga,21.0,2005.0,"DF,MF",2026-2027,2024-2025,100.0,exact,Tom Bischof,Bayern Munich,2005-06-28,40.0,21.3,2.754277891854894,FULLBACK,"DF,MF",Tom Bischof,39.86,12.48,52.83,-0.14,-0.0033,-0.3,1,0,0,0,0,0,0,0,0,1,0,0,0
tom cairney|1991,3879.0,4,0.17922411837362304,0.08167175014494216,0.09442934782608695,0.15764331210191085,1.5653752111113912,0.36271615352172076,2.4422554347826084,8.335597826086955,1.5964673913043477,0.594388848277079,0.3668478260869565,1.1039402173913042,0.7165605095541401,0.0,,1,Tom Cairney,Fulham,Premier League,34.0,1991.0,MF,2025-2026,2024-2025,100.0,exact,Tom Cairney,Fulham FC,1991-01-20,0.5,35.7,0.7529089664613279,CAM,MF,Tom Cairney,1.7,1.29,3.01,1.2,0.5874,79.9,0,0,0,1,0,1,0,0,0,0,0,0,0
tom krau|2001,7064.0,5,0.022534097647756473,0.06167226724649139,0.054439705312136495,0.0584958217270195,0.7727899049967366,0.12200356973407742,1.1423032183016673,4.964715005816207,3.554866227219853,1.231073334651117,1.5680496316401706,1.9309810003877472,0.7520891364902507,0.0,,1,Tom Krauß,Köln,Bundesliga,25.0,2001.0,"MF,DF",2026-2027,2024-2025,100.0,exact,Tom Krauß,1.FC Köln,2001-06-22,4.5,25.3,2.754277891854894,CDM,"MF,DF",Tom Krauß,18.13,6.45,34.01,13.63,1.2463,247.7,1,0,0,0,0,0,0,1,0,0,0,0,0
tom louchet|2003,2551.0,3,0.17759156642789567,0.10460873090958238,0.12692643210235532,0.1393548387096774,1.2917961886741451,0.4160413039562947,1.9693224774643792,4.121837743530096,3.120820005815644,1.0071631301527233,2.231026461180576,1.432829310846176,1.2774193548387098,0.0,,1,Tom Louchet,Nice,Ligue 1,22.0,2003.0,"DF,MF",2025-2026,2024-2025,100.0,exact,Tom Louchet,OGC Nice,2003-05-04,7.0,23.4,0.7529089664613279,FULLBACK,"DF,MF",Tom Louchet,8.88,3.31,19.92,1.88,0.2107,23.5,0,0,1,0,0,0,0,0,0,1,0,0,0
tom rothe|2004,3179.0,5,0.14447464737484214,0.11365338926820916,0.09928273106954784,0.07005988023952095,1.4369575668631864,0.4637400198964365,1.3360268748865083,2.655710913382967,2.4432540403123295,1.3484300421651934,3.092881786816778,2.194025785364082,2.3173652694610776,0.0,,1,Tom Rothe,Union Berlin,Bundesliga,21.0,2004.0,"MF,DF",2026-2027,2024-2025,100.0,exact,Tom Rothe,1.FC Union Berlin,2004-10-29,10.0,21.9,,CM,"MF,DF",Tom Rothe,14.64,5.23,22.54,4.64,0.3517,42.2,1,0,0,0,0,0,0,0,1,0,0,0,0
toma basic|1996,4749.0,5,0.07333890513999164,0.10718763058921853,0.10282375851996105,,1.4211581291759465,0.6224783861671469,1.2677702044790653,3.8383641674780926,1.3904576436222005,0.6130380275804429,2.0038948393378777,1.4079844206426484,,0.0,,0,Toma Bašić,Venezia,Serie A,29.0,1996.0,MF,2026-2027,,100.0,exact,Toma Bašić,Società Sportiva Lazio S.p.A.,1996-11-25,3.0,29.8,2.754277891854894,CM,MF,Toma Bašić,3.98,2.63,8.6,0.98,0.2182,24.4,0,0,0,0,1,0,0,0,1,0,0,0,0
tomas soucek|1995,13514.0,5,0.21960616438356165,0.036986301369863014,0.20221662468513857,0.03506038176860148,1.390068493150685,0.5837136680278645,0.34798488664987404,2.786146095717884,1.8045340050377832,0.9508561643835616,2.9890428211586904,1.4803526448362718,3.470977795091546,0.0,,1,Tomáš Souček,West Ham,Premier League,30.0,1995.0,MF,2025-2026,2024-2025,100.0,exact,Tomáš Souček,West Ham United,1995-02-27,10.0,31.6,0.7529089664613279,CM,MF,Tomáš Souček,9.57,4.05,16.65,-0.43,-0.0401,-3.9,0,0,0,1,0,0,0,0,1,0,0,0,0
tomas suslov|2002,4618.0,3,0.04546304957904584,0.09766136576239476,0.10262056335571641,0.08221153846153845,1.8168381665107578,0.4133210097625787,1.8071422342373769,3.2218540158716316,2.119124444056859,0.5135640785781104,0.5749106130635738,1.0301299380831954,0.21634615384615385,0.0,,1,Tomáš Suslov,Hellas Verona,Serie A,23.0,2002.0,"MF,FW",2025-2026,2024-2025,100.0,exact,Tomas Suslov,Hellas Verona,2002-06-07,4.0,24.3,1.754962354551677,CAM,"MF,FW",Tomáš Suslov,6.7,3.05,17.12,2.7,0.4314,53.9,0,0,0,0,1,1,0,0,0,0,0,0,0
tommaso baldanzi|2003,4972.0,5,0.120500905725762,0.08328739072221784,0.1658344876461682,0.10817307692307693,2.0802919708029197,0.636976946318447,3.287697709628579,3.0151725026576037,1.153883323132429,0.40403244860990783,0.47836871436394673,0.6900106304158747,0.10817307692307693,0.0,,1,Tommaso Baldanzi,Genoa,Serie A,23.0,2003.0,"FW,MF",2026-2027,2024-2025,100.0,exact,Tommaso Baldanzi,Associazione Sportiva Roma,2003-03-23,8.5,23.5,0.7529089664613279,WINGER,"FW,MF",Tommaso Baldanzi,9.18,4.09,19.8,0.68,0.0687,7.1,0,0,0,0,1,0,0,0,0,0,0,0,1
tommaso barbieri|2002,1816.0,2,0.0,0.05175213097009877,0.0,,0.8280340955215804,0.1054481546572935,4.128440366972478,0.0,2.4770642201834865,0.7245298335813829,1.651376146788991,2.4770642201834865,,0.0,,0,Tommaso Barbieri,Cremonese,Serie A,22.0,2002.0,MF,2025-2026,,100.0,exact,Tommaso Barbieri,US Cremonese,2002-08-26,3.8,24.1,1.754962354551677,CDM,MF,Tommaso Barbieri,2.45,1.78,11.27,-1.35,-0.3306,-28.2,0,0,0,0,1,0,0,1,0,0,0,0,0
tommaso pobega|1999,6303.0,6,0.15149367447464476,0.07494950210850844,0.14124815361890694,0.10696095076400679,1.7105212017567726,0.6212838859215962,1.0502215657311669,3.592688330871492,2.672082717872969,1.1704879690988343,1.3360413589364843,1.4025110782865582,1.069609507640068,0.0,,1,Tommaso Pobega,Bologna,Serie A,27.0,1999.0,MF,2026-2027,2024-2025,100.0,exact,Tommaso Pobega,Bologna Football Club 1909,1999-07-15,8.0,27.2,1.754962354551677,CAM,MF,Tommaso Pobega,6.23,2.88,18.43,-1.77,-0.2187,-19.6,0,0,0,0,1,1,0,0,0,0,0,0,0
toni lato|1997,4252.0,5,0.011958543715120914,0.06696784480467712,0.018831848190771674,0.057971014492753624,0.21525378687217647,0.0,1.853962985677694,3.0747862477001333,2.3117717089361083,0.9064576136061653,2.5000901908438253,1.1201702803131426,0.8695652173913043,0.0,,1,Toni Lato,Mallorca,La Liga,27.0,1997.0,"DF,MF",2025-2026,2024-2025,100.0,exact,Toni Lato,RCD Mallorca,1997-11-21,1.4,28.9,0.7529089664613279,FULLBACK,"DF,MF",Toni Lato,1.72,1.21,5.97,0.32,0.1254,13.4,0,1,0,0,0,0,0,0,0,1,0,0,0
toni martinez|1997,4075.0,3,0.39381959742885597,0.06925792920300572,0.32015810276679846,0.05335968379446641,3.3074172766215804,1.2249131446689379,1.1561264822134387,0.9782608695652175,1.0671936758893281,0.10999788755771495,1.3339920948616601,0.7114624505928854,7.025691699604744,,,1,Toni Martínez,Alavés,La Liga,29.0,1997.0,FW,2026-2027,2024-2025,100.0,exact,Toni Martínez,Deportivo Alavés,1997-06-30,7.5,29.2,1.754962354551677,ST,FW,Toni Martínez,3.86,2.96,8.06,-3.64,-0.5586,-42.8,0,1,0,0,0,0,0,0,0,0,0,1,0
torbj rn heggem|1999,2563.0,2,0.0,0.0,,,0.4685281590156176,0.08518693800283957,,,,1.011776229380468,,,,,,0,Torbjørn Heggem,Bologna,Serie A,27.0,1999.0,DF,2026-2027,,100.0,exact,Torbjørn Heggem,Bologna Football Club 1909,1999-01-12,13.0,27.7,2.754277891854894,CB,DF,Torbjørn Heggem,5.13,2.05,13.57,-7.87,-0.8266,-56.2,0,0,0,0,1,0,1,0,0,0,0,0,0
tosin adarabioyo|1997,5906.0,4,0.05703221263861996,0.02059496567505721,0.04469338260769142,0.0127750177430802,0.6479493046998768,0.07351093239507414,0.488509065711976,3.2823651691881275,1.16410670978173,1.031332511881711,5.1137544751126,0.7504330754128653,2.6827537260468417,0.0,,1,Tosin Adarabioyo,Chelsea,Premier League,27.0,1997.0,DF,2025-2026,2024-2025,100.0,exact,Tosin Adarabioyo,Chelsea FC,1997-09-24,16.0,29.0,1.754962354551677,CB,DF,Tosin Adarabioyo,8.21,4.32,13.39,-7.79,-0.6129,-45.8,0,0,0,1,0,0,1,0,0,0,0,0,0
tosin aiyegun|1998,1975.0,2,0.35168253727379645,0.0,0.17960088691796008,,2.0793656815508936,1.0065237651444547,1.6962305986696231,1.5964523281596452,0.5986696230598669,0.11950377480177547,0.7982261640798226,0.3991130820399113,,0.0,,0,Tosin Aiyegun,Lorient,Ligue 1,27.0,1998.0,"FW,MF",2025-2026,,95.0,fuzzy,Aiyegun Tosin,FC Lorient,1998-06-26,1.8,28.3,0.7529089664613279,WINGER,"FW,MF",Tosin Aiyegun,3.07,1.22,6.11,1.27,0.3752,45.5,0,0,1,0,0,0,0,0,0,0,0,0,1
toti gomes|1999,8154.0,5,0.014192705399986483,0.04055058685710424,0.03554282174384389,0.03098699311400153,0.29703304872828856,0.09279945007733288,0.7986681121263745,2.7570078984048325,1.792473284807186,0.8627137353848926,4.318104382840329,1.155490165711631,1.8247895944912012,0.0,,1,Toti Gomes,Wolves,Premier League,26.0,1999.0,DF,2025-2026,2024-2025,90.0,fuzzy,Toti,Wolverhampton Wanderers,1999-01-16,18.0,27.7,2.754277891854894,CB,DF,Toti Gomes,25.23,15.77,33.62,7.23,0.3223,38.0,0,0,0,1,0,0,1,0,0,0,0,0,0
trai hume|2002,3244.0,2,0.05486624112457864,0.02743312056228932,,,1.007905138339921,0.2075098814229249,,,,0.7181022735422792,,,,,,0,Trai Hume,Sunderland,Premier League,24.0,2002.0,"DF,MF",2026-2027,,100.0,exact,Trai Hume,Sunderland AFC,2002-03-18,22.0,24.5,3.753593429158111,FULLBACK,"DF,MF",Trai Hume,27.42,16.16,39.24,5.42,0.2115,23.6,0,0,0,1,0,0,0,0,0,1,0,0,0
trent alexander arnold|1998,11673.0,6,0.07618080243778567,0.258062468257999,0.08289692170136673,0.2778012684989429,1.4761946981115348,0.2458626969672975,1.7741729467364928,8.391876357133734,2.110103461489335,1.2798374809547994,1.8290969472474135,0.9004981479116108,0.11416490486257928,0.0,,1,Trent Alexander-Arnold,Real Madrid,La Liga,27.0,1998.0,DF,2026-2027,2024-2025,100.0,exact,Trent Alexander-Arnold,Real Madrid,1998-10-07,60.0,28.0,4.7529089664613275,CB,DF,Trent Alexander-Arnold,38.04,14.92,61.35,-21.96,-0.4462,-36.0,0,1,0,0,0,0,1,0,0,0,0,0,0
trevoh chalobah|1999,9122.0,6,0.0948538046914993,0.013550543527357043,0.06882259065519993,0.07309644670050762,0.5715862248044402,0.20117661578969023,0.7440819221562195,3.4570883943612025,1.559978721517865,1.188834352133458,4.368738363330083,1.0253568578774714,2.0558375634517767,0.0,,1,Trevoh Chalobah,Como,Serie A,27.0,1999.0,DF,2026-2027,2024-2025,100.0,exact,Trevoh Chalobah,Chelsea FC,1999-07-05,40.0,27.2,1.754962354551677,CB,DF,Trevoh Chalobah,16.97,4.59,30.3,-23.03,-0.8247,-56.2,0,0,0,0,1,0,1,0,0,0,0,0,0
tylel tati|2008,1721.0,1,0.0,0.0,,,0.15688553166763508,0.0,,,,0.7321324811156305,,,,,,0,Tylel Tati,Nantes,Ligue 1,17.0,2008.0,DF,2025-2026,,100.0,exact,Tylel Tati,FC Nantes,2008-01-19,25.0,18.7,3.753593429158111,CB,DF,Tylel Tati,16.25,6.34,25.78,-8.75,-0.4105,-33.7,0,0,1,0,0,0,1,0,0,0,0,0,0
tyler adams|1999,7647.0,6,0.04032842626882981,0.08895976382830106,0.04868381693090039,0.04580152671755725,0.39839446603185447,0.2068742592393061,0.7919533353275503,4.273855818127431,3.6030511516601855,1.552644411349948,1.675889919234221,1.6489679928208196,1.419847328244275,0.0,,1,Tyler Adams,Bournemouth,Premier League,27.0,1999.0,MF,2026-2027,2024-2025,100.0,exact,Tyler Adams,AFC Bournemouth,1999-02-14,25.0,27.6,1.754962354551677,CDM,MF,Tyler Adams,24.09,9.59,34.12,-0.91,-0.0355,-3.5,0,0,0,1,0,0,0,1,0,0,0,0,0
tyler dibling|2006,2232.0,2,0.07685233841303206,0.0,0.12006403415154747,0.0720384204909285,1.276931161324225,0.3458355228586442,3.3137673425827106,3.073639274279616,1.632870864461046,0.6089069889647925,0.768409818569904,0.9124866595517609,0.4802561366061899,,,1,Tyler Dibling,Everton,Premier League,19.0,2006.0,"FW,MF",2025-2026,2024-2025,100.0,exact,Tyler Dibling,Everton FC,2006-02-17,17.0,20.6,2.754277891854894,WINGER,"FW,MF",Tyler Dibling,18.93,13.55,34.17,1.93,0.102,10.7,0,0,0,1,0,0,0,0,0,0,0,0,1
tyler morton|2002,2948.0,3,0.06093068636626113,0.06093068636626113,0.0,,0.9981128119102538,0.2860548271752086,0.0,5.454545454545455,0.0,0.849445451106111,0.0,0.0,,0.0,,0,Tyler Morton,Lyon,Ligue 1,23.0,2002.0,MF,2026-2027,,100.0,exact,Tyler Morton,Olympique Lyon,2002-10-31,30.0,23.9,3.753593429158111,CM,MF,Tyler Morton,14.74,6.43,26.78,-15.26,-0.6777,-49.2,0,0,1,0,0,0,0,0,1,0,0,0,0
tyrell malacia|1999,1514.0,3,0.0,0.0,0.010869565217391306,0.0,0.26205450733752617,0.0,1.456521739130435,2.8152173913043477,2.7826086956521743,1.4465408805031446,2.804347826086957,0.7065217391304348,0.0,0.0,,1,Tyrell Malacia,Manchester Utd,Premier League,25.0,1999.0,DF,2025-2026,2024-2025,100.0,exact,Tyrell Malacia,Manchester United,1999-08-17,4.0,27.1,,CB,DF,Tyrell Malacia,4.97,3.03,9.54,0.97,0.1773,19.4,0,0,0,1,0,0,1,0,0,0,0,0,0
tyrhys dolan|2001,2846.0,2,0.09783593356819326,0.15400100654252644,,,1.2670807453416149,0.4472049689440994,,,,0.6794162053346755,,,,,,0,Tyrhys Dolan,Espanyol,La Liga,24.0,2001.0,MF,2026-2027,,100.0,exact,Tyrhys Dolan,RCD Espanyol Barcelona,2001-12-28,10.0,24.8,1.754962354551677,CM,MF,Tyrhys Dolan,7.3,2.43,18.44,-2.7,-0.2822,-24.6,0,1,0,0,0,0,0,0,1,0,0,0,0
tyrick mitchell|1999,15958.0,6,0.044020973548286116,0.08217248395680075,0.03482032356253276,0.18628719275549807,0.3880487872181904,0.14895823512774584,1.3085216693239972,2.562856091605437,2.7003311442874827,0.8064642354046017,2.942166820903344,1.7911895550178953,0.5821474773609314,0.0,,1,Tyrick Mitchell,Crystal Palace,Premier League,27.0,1999.0,MF,2026-2027,2024-2025,100.0,exact,Tyrick Mitchell,Crystal Palace,1999-09-01,25.0,27.1,0.7529089664613279,CAM,MF,Tyrick Mitchell,26.02,11.22,52.6,1.02,0.0385,3.9,0,0,0,1,0,1,0,0,0,0,0,0,0
tyrone mings|1993,9046.0,5,0.009774109470026065,0.022340821645773862,0.04808111644134322,0.016071428571428573,0.5275694303669168,0.07283910650696018,0.5813890100305277,3.0835695595290016,0.5200610553859573,0.9215588928881718,4.695268207588312,1.1357937200174444,2.169642857142857,0.0,,1,Tyrone Mings,Aston Villa,Premier League,33.0,1993.0,DF,2026-2027,2024-2025,100.0,exact,Tyrone Mings,Aston Villa,1993-03-13,3.0,33.5,0.7529089664613279,CB,DF,Tyrone Mings,4.22,2.21,5.88,1.22,0.2667,30.6,0,0,0,1,0,0,1,0,0,0,0,0,0
ukasz skorupski|1991,13766.0,6,0.0,0.0,0.0,0.0,0.0,0.0,0.0,0.010152666014890576,0.04625103406783485,0.0071023972782912155,0.4478453786568399,0.0,0.07614213197969544,2.2852516706287553,-0.08756345177664974,1,Łukasz Skorupski,Bologna,Serie A,35.0,1991.0,GK,2026-2027,2024-2025,96.7741935483871,fuzzy,Lukasz Skorupski,Bologna Football Club 1909,1991-05-05,2.0,35.4,0.7529089664613279,GK,GK,Łukasz Skorupski,2.34,1.38,3.64,0.34,0.1072,11.3,0,0,0,0,1,0,0,0,0,0,1,0,0
ulisses garcia|1996,2990.0,3,0.09708494305353471,0.13546736240028096,0.10669828097213988,0.13548387096774192,0.6118609201746024,0.1703040242210168,2.1695317131001777,5.143746295198577,1.649377593360996,0.684110180121419,1.5604623592175457,0.6090693538826318,1.6451612903225805,0.0,,1,Ulisses Garcia,Marseille,Serie A,29.0,1996.0,"MF,DF",2025-2026,2024-2025,100.0,exact,Ulisses Garcia,Olympique Marseille,1996-01-11,3.0,30.7,1.754962354551677,CM,"MF,DF",Ulisses Garcia,3.5,1.68,6.4,0.5,0.1178,12.5,0,0,0,0,1,0,0,0,1,0,0,0,0
umar sadiq|1997,3435.0,5,0.36944993010406735,0.08587214591608053,0.30732999705622605,0.07699619771863118,2.4076241431198797,0.7395164336985267,1.301989150090416,1.0521889061777199,1.120316245426637,0.08587214591608053,0.7834644013625468,0.8364523318894824,2.737642585551331,0.0,,1,Umar Sadiq,Valencia,La Liga,29.0,1997.0,FW,2026-2027,2024-2025,100.0,exact,Umar Sadiq,Valencia CF,1997-02-02,4.0,29.7,1.754962354551677,ST,FW,Umar Sadiq,2.24,1.83,6.81,-1.76,-0.4351,-35.3,0,1,0,0,0,0,0,0,0,0,0,1,0
umut tohumcu|2004,1793.0,4,0.0,0.15815429964287742,0.03698871420183965,0.096,1.1631993651153563,0.16279393349102547,1.2388283645378042,3.6284167264661753,1.8259508121860526,0.5254804149424636,1.326896731685041,1.080305303672777,0.0,0.0,,1,Umut Tohumcu,Hoffenheim,Bundesliga,20.0,2004.0,"MF,FW",2025-2026,2024-2025,100.0,exact,Umut Tohumcu,TSG 1899 Hoffenheim,2004-08-11,5.0,22.1,1.754962354551677,CM,"MF,FW",Umut Tohumcu,4.6,3.21,11.41,-0.4,-0.0691,-6.7,1,0,0,0,0,0,0,0,1,0,0,0,0
unai gomez|2003,3299.0,4,0.09695011108866895,0.1535043425570592,0.13994382708511416,0.056074766355140186,1.7386793152004745,0.472027972027972,1.5642935645377947,2.0185614849187936,0.9671510562950298,0.19188042819632398,1.011112467944804,1.047746977652949,2.0327102803738315,0.0,,1,Unai Gómez,Udinese,Serie A,23.0,2003.0,MF,2026-2027,2024-2025,100.0,exact,Unai Gómez,Athletic Bilbao,2003-05-25,5.0,23.3,4.7529089664613275,CAM,MF,Unai Gómez,12.88,7.86,32.64,7.88,0.8389,131.4,0,0,0,0,1,1,0,0,0,0,0,0,0
unai lopez|1995,8392.0,6,0.05409573925173232,0.17249396101024075,0.07127208409543145,0.05272407732864675,1.3624168902367901,0.38290150216755725,1.2499748758868812,5.6547343878761085,1.8686310373243824,0.9890334214137474,0.797740839748357,0.947882539746347,0.5272407732864676,0.0,,1,Unai López,Rayo Vallecano,La Liga,30.0,1995.0,MF,2026-2027,2024-2025,100.0,exact,Unai López,Rayo Vallecano,1995-10-30,2.5,30.9,2.754277891854894,CM,MF,Unai López,4.68,3.01,12.45,2.18,0.4841,62.3,0,1,0,0,0,0,0,0,1,0,0,0,0
unai nunez|1997,9816.0,6,0.00843706056976199,0.0,0.04055897060858221,0.013953488372093025,0.5857167323171776,0.06743504418538027,0.510544937046627,3.714347834680687,1.480046646769316,1.6714754439872923,4.806593797560926,0.9730595141620382,1.813953488372093,0.0,,1,Unai Núñez,Espanyol,La Liga,29.0,1997.0,DF,2026-2027,2024-2025,100.0,exact,Unai Núñez,Hellas Verona,1997-01-30,3.5,29.7,2.754277891854894,CB,DF,Unai Núñez,6.28,3.28,15.14,2.78,0.4812,61.8,0,1,0,0,0,0,1,0,0,0,0,0,0
unai simon|1997,14747.0,6,0.0,0.0,0.0,0.0,0.0,0.0,0.0,0.012319822594554638,0.03449550326475299,0.01537771512782726,0.39177035850683745,0.022175680670198348,0.2857142857142857,2.4862913861317417,0.10952380952380951,1,Unai Simón,Athletic Club,La Liga,29.0,1997.0,GK,2026-2027,2024-2025,100.0,exact,Unai Simón,Athletic Bilbao,1997-06-11,22.0,29.3,2.754277891854894,GK,GK,Unai Simón,15.38,4.66,26.67,-6.62,-0.3394,-28.8,0,1,0,0,0,0,0,0,0,0,1,0,0
unai vencedor paris|2000,3388.0,3,0.0,0.0,0.06752748211481417,,0.25339134886101866,0.0,0.6595707555400454,6.90978886756238,1.0521723957424534,0.5113898131558741,0.7694992147967197,1.36625370790438,,0.0,,0,Unai Vencedor Paris,Levante,La Liga,24.0,2000.0,MF,2025-2026,,95.0,fuzzy,Unai Vencedor,Levante UD,2000-11-15,1.6,25.9,0.7529089664613279,CM,MF,Unai Vencedor Paris,2.82,1.85,12.8,1.22,0.3839,46.8,0,1,0,0,0,0,0,0,1,0,0,0,0
urko gonzalez|2001,4649.0,4,0.0,0.052703972544907315,0.03354994710593925,0.04439746300211416,0.5236039548809358,0.06120996441281139,1.1017077225328697,3.9579870031736433,2.8744143871845242,0.8653256887605713,2.54344869276107,1.6910986852047754,1.2684989429175475,0.0,,1,Urko González,Espanyol,La Liga,25.0,2001.0,"DF,MF",2026-2027,2024-2025,90.0,fuzzy,Urko González de Zárate,RCD Espanyol Barcelona,2001-03-20,12.0,25.5,3.753593429158111,FULLBACK,"DF,MF",Urko González,8.3,3.49,20.61,-3.7,-0.335,-28.5,0,1,0,0,0,0,0,0,0,1,0,0,0
valentin barco|2004,4037.0,4,0.05037534571315686,0.13927301461872776,0.050956005197698155,0.13079584775086503,1.103349085679063,0.29600474470264737,1.603861147206237,4.7071653981808055,3.182661963987377,0.8134136704859741,1.9045851123074067,0.5471505476146278,0.43598615916955014,0.0,,1,Valentín Barco,Chelsea,Premier League,22.0,2004.0,MF,2026-2027,2024-2025,100.0,exact,Valentín Barco,RC Strasbourg Alsace,2004-07-23,40.0,22.2,2.754277891854894,CDM,MF,Valentín Barco,31.58,18.65,37.79,-8.42,-0.23,-20.5,0,0,0,1,0,0,0,1,0,0,0,0,0
valentin carboni|2005,1656.0,4,0.08956214064573197,0.13434321096859794,0.15544430538172715,0.08737864077669905,1.6668509509066785,0.568395592582639,3.979974968710889,4.28035043804756,1.9224030037546935,0.5473241928350288,0.36795994993742176,0.9461827284105131,1.7475728155339807,0.0,,1,Valentin Carboni,Genoa,Serie A,20.0,2005.0,"MF,FW",2025-2026,2024-2025,100.0,exact,Valentín Carboni,Racing Club Asociación Civil de Avellaneda,2005-03-05,7.5,21.6,0.25735797399041754,CAM,"MF,FW",Valentin Carboni,6.59,4.09,12.84,-0.91,-0.1137,-10.8,0,0,0,0,1,1,0,0,0,0,0,0,0
valentin castellanos|1998,8739.0,4,0.3498681241857066,0.11153833931805905,0.4504947982745496,0.1359060402684564,3.304204137405066,1.32792227385191,0.9682821618878455,2.209083988835321,0.6500888099467139,0.2659760399122947,0.939355493529561,0.8251712763258056,2.5671140939597317,0.0,,1,Valentín Castellanos,West Ham,Premier League,26.0,1998.0,FW,2025-2026,2024-2025,80.0,surname,Taty Castellanos,West Ham United,1998-10-03,28.0,28.0,3.753593429158111,ST,FW,Valentín Castellanos,34.53,19.92,45.26,6.53,0.203,22.5,0,0,0,1,0,0,0,0,0,0,0,1,0
valentin gendrey|2000,7798.0,4,0.0668461609878377,0.09330609971219013,0.048520189239740344,0.10727728983688833,0.5598365982731408,0.3397008055235903,1.8700784307561729,3.2620278829982863,1.9111013312795684,1.0277597251880048,2.8829196988510444,1.2321015984785375,1.524466750313676,0.0,,1,Valentin Gendrey,Hoffenheim,Bundesliga,25.0,2000.0,DF,2025-2026,2024-2025,100.0,exact,Valentin Gendrey,TSG 1899 Hoffenheim,2000-06-21,6.0,26.3,1.754962354551677,CB,DF,Valentin Gendrey,11.66,4.1,25.57,5.66,0.5925,80.9,1,0,0,0,0,0,1,0,0,0,0,0,0
valentin gomez|2003,2141.0,2,0.04115779846129015,0.0,,,0.5260361317747078,0.23910733262486716,,,,1.043471243342121,,,,,,0,Valentín Gómez,Betis,La Liga,23.0,2003.0,DF,2026-2027,,100.0,exact,Valentín Gómez,Real Betis Balompié,2003-06-26,12.0,23.3,3.753593429158111,CB,DF,Valentín Gómez,11.88,4.76,27.09,-0.12,-0.0095,-0.9,0,1,0,0,0,0,1,0,0,0,0,0,0
valentin rongier|1994,10817.0,6,0.08576596199848306,0.09626791652890955,0.0600467240544693,0.06338028169014086,0.7759774044893714,0.35074883158381986,1.6763833056216193,6.94609896238924,2.7958663944604636,1.4282658161380035,1.4092985077768192,1.5835666028244901,0.7490396927016647,0.0,,1,Valentin Rongier,Rennes,Ligue 1,31.0,1994.0,MF,2026-2027,2024-2025,100.0,exact,Valentin Rongier,Stade Rennais FC,1994-12-07,8.0,31.8,1.754962354551677,CDM,MF,Valentin Rongier,6.9,2.55,18.1,-1.1,-0.1298,-12.2,0,0,1,0,0,0,0,1,0,0,0,0,0
valentin rosier|1996,5195.0,3,0.034833765530053795,0.04992839725974379,0.03077867414942126,0.03815028901734104,0.5968185160815884,0.1203364748033336,1.4731673097158893,2.649070501578394,2.4859698351455632,1.6546038626775554,5.213960014030165,1.3916169764994737,0.9017341040462427,0.0,,1,Valentin Rosier,Osasuna,La Liga,28.0,1996.0,"DF,MF",2025-2026,2024-2025,100.0,exact,Valentin Rosier,CA Osasuna,1996-08-19,3.0,30.1,1.754962354551677,FULLBACK,"DF,MF",Valentin Rosier,2.28,1.69,6.52,-0.72,-0.1999,-18.1,0,1,0,0,0,0,0,0,0,1,0,0,0
valentino lazaro|1996,7926.0,4,0.0,0.15759620136218122,0.049760957629283606,0.12873862158647595,0.5143630621146038,0.07909190772610765,1.8919017554103865,3.619575927885844,0.9032517061421117,0.5839761081150764,1.4780482464143645,0.9360972227290976,0.6241872561768531,0.0,,1,Valentino Lazaro,Torino,Serie A,29.0,1996.0,"DF,FW",2025-2026,2024-2025,100.0,exact,Valentino Lazaro,Torino FC,1996-03-24,2.5,30.5,,FULLBACK,"DF,FW",Valentino Lazaro,3.52,1.56,10.46,1.01,0.2546,29.0,0,0,0,0,1,0,0,0,0,1,0,0,0
valentino livramento|2002,7712.0,5,0.013049323807766324,0.03796166925895658,0.017395383749296302,0.0823943661971831,0.22421110906071232,0.03933037515127067,2.7579283167573654,4.666353912553949,1.7344717583036215,0.7853320327946642,3.188590729968099,1.1332332520172639,0.8556338028169014,0.0,,1,Valentino Livramento,Newcastle Utd,Premier League,22.0,2002.0,DF,2025-2026,2024-2025,80.0,surname,Tino Livramento,Newcastle United,2002-11-12,45.0,23.9,1.754962354551677,CB,DF,Valentino Livramento,31.24,10.08,40.69,-13.76,-0.3554,-29.9,0,0,0,1,0,0,1,0,0,0,0,0,0
vanderson|2001,8064.0,6,0.05994861547245218,0.12723787773744955,0.10145508185973666,0.13517441860465115,1.0351314561889178,0.2509114304096076,2.0799111289177032,4.29258254265994,3.307534009579137,1.9709636637983765,2.2651199213272384,1.6947424013403507,0.9593023255813954,0.0,,1,Vanderson,Monaco,Ligue 1,25.0,2001.0,"DF,MF",2026-2027,2024-2025,100.0,exact,Vanderson,AS Monaco,2001-06-21,18.0,25.3,1.754962354551677,FULLBACK,"DF,MF",Vanderson,14.16,5.48,28.68,-3.84,-0.2258,-20.2,0,0,1,0,0,0,0,0,0,1,0,0,0
vanja milinkovic savic|1997,15030.0,6,0.0,0.010981912144702842,0.00019065776930409913,0.002702702702702703,0.001326259946949602,0.0,0.0,0.0019065776930409914,0.030505243088655862,0.00904392764857881,0.4470924690181125,0.0,0.2972972972972973,2.688992042440318,0.3081081081081081,1,Vanja Milinković-Savić,Napoli,Serie A,29.0,1997.0,GK,2026-2027,2024-2025,100.0,exact,Vanja Milinković-Savić,SSC Napoli,1997-02-20,20.0,29.6,3.753593429158111,GK,GK,Vanja Milinković-Savić,18.3,6.88,26.98,-1.7,-0.0846,-8.1,0,0,0,0,1,0,0,0,0,0,1,0,0
vedat muriqi|1994,12103.0,5,0.47701574909139866,0.06208776416745188,0.40226525392765805,0.09620991253644315,2.750790819760399,1.191292380833229,0.9029046401169164,1.5400073072707343,0.36170990135184505,0.2029209853277696,1.6715381804895872,0.4233649981731823,5.903790087463557,0.0,,1,Vedat Muriqi,Mallorca,La Liga,31.0,1994.0,FW,2025-2026,2024-2025,100.0,exact,Vedat Muriqi,RCD Mallorca,1994-04-24,4.5,32.4,2.754277891854894,ST,FW,Vedat Muriqi,6.8,4.31,13.41,2.3,0.3499,41.9,0,1,0,0,0,0,0,0,0,0,0,1,0
victor boniface|2000,2887.0,3,0.6334343156155329,0.3277334067749931,0.7994670219853433,0.09821428571428571,4.423023960341503,1.5491606714628297,2.62491672218521,2.015323117921386,0.39640239840106595,0.0,0.6062624916722186,0.22318454363757495,2.857142857142857,0.0,,1,Victor Boniface,Werder Bremen,Bundesliga,24.0,2000.0,FW,2025-2026,2024-2025,100.0,exact,Victor Boniface,SV Werder Bremen,2000-12-23,5.0,25.8,1.754962354551677,WINGER,FW,Victor Boniface,18.57,10.6,28.1,13.57,1.1821,226.1,1,0,0,0,0,0,0,0,0,0,0,0,1
victor chust|2000,7455.0,5,0.026512057630250524,0.03494771233078478,0.030640117176675512,,0.31457887022212194,0.12465373961218838,0.5130438224931713,3.292031194331183,1.2256046870670203,0.7965668224361634,4.5140730770753335,1.150785796286766,,0.0,,0,Víctor Chust,Elche,La Liga,26.0,2000.0,DF,2026-2027,,100.0,exact,Víctor Chust,Elche CF,2000-03-05,3.5,26.6,2.754277891854894,CB,DF,Víctor Chust,7.5,3.64,20.54,4.0,0.6365,89.0,0,1,0,0,0,0,1,0,0,0,0,0,0
victor lindelof|1994,7150.0,6,0.01402475976105965,0.04674919920353217,0.025092680535555623,0.01278409090909091,0.23259152907394115,0.0,0.7196911670087931,2.818101044762401,1.0147369711081835,0.8149943727815775,3.681178957688654,1.0533410950090383,2.1732954545454546,0.0,,1,Victor Lindelöf,Aston Villa,Premier League,32.0,1994.0,"DF,MF",2026-2027,2024-2025,100.0,exact,Victor Lindelöf,Aston Villa,1994-07-17,5.0,32.2,0.7529089664613279,FULLBACK,"DF,MF",Victor Lindelöf,3.32,1.96,6.05,-1.68,-0.3289,-28.0,0,0,0,1,0,0,0,0,0,1,0,0,0
victor munoz|2003,2951.0,3,0.21614173228346453,0.06023622047244095,1.25,0.0,2.742218325295923,1.0396755808855762,7.5,0.0,0.0,0.40748031496062986,0.0,0.0,0.0,,,1,Víctor Muñoz,Liverpool,Premier League,23.0,2003.0,"MF,FW",2026-2027,2024-2025,100.0,exact,Víctor Muñoz,CA Osasuna,2003-07-13,30.0,23.2,,CAM,"MF,FW",Víctor Muñoz,15.71,7.15,25.65,-14.29,-0.6179,-46.1,0,0,0,1,0,1,0,0,0,0,0,0,0
victor nelsson|1998,3502.0,2,0.0,0.0,0.0,0.0,0.22811553771306092,0.02602660497397339,0.0,1.9251336898395721,2.406417112299465,1.9918007688905521,4.331550802139037,0.48128342245989303,3.3689839572192506,,,1,Victor Nelsson,Hellas Verona,Serie A,26.0,1998.0,DF,2025-2026,2024-2025,100.0,exact,Victor Nelsson,Hellas Verona,1998-10-14,6.0,28.0,0.7529089664613279,CB,DF,Victor Nelsson,5.73,1.57,10.45,-0.27,-0.0388,-3.8,0,0,0,0,1,0,1,0,0,0,0,0,0
victor parada|2002,2146.0,1,0.0,0.12581547064305684,,,0.5032618825722274,0.12581547064305684,,,,0.37744641192917056,,,,,,0,Victor Parada,Alavés,La Liga,23.0,2002.0,DF,2025-2026,,100.0,exact,Victor Parada,Deportivo Alavés,2002-04-04,4.0,24.5,2.754277891854894,CB,DF,Victor Parada,6.56,2.53,20.83,2.56,0.4136,51.2,0,1,0,0,0,0,1,0,0,0,0,0,0
viktor gyokeres|1998,2224.0,1,0.5665467625899281,0.040467625899280574,,,2.2257194244604315,0.8902877697841726,,,,0.040467625899280574,,,,,,0,Viktor Gyökeres,Arsenal,Premier League,27.0,1998.0,FW,2025-2026,,100.0,exact,Viktor Gyökeres,Arsenal FC,1998-06-04,65.0,28.3,3.753593429158111,ST,FW,Viktor Gyökeres,15.05,9.81,28.91,-49.95,-1.4142,-75.7,0,0,0,1,0,0,0,0,0,0,0,1,0
viktor tsyhankov|1997,8084.0,4,0.20263477568801574,0.22902442089389688,0.18821629711315033,0.18348144276006273,1.7087295270808027,0.613116026387272,3.023512268126501,3.3248001260289075,0.9712102713559921,0.6550286935031207,0.8577842542633216,0.5635855224292072,0.4234187140616832,0.0,,1,Viktor Tsyhankov,Girona,La Liga,27.0,1997.0,"FW,MF",2025-2026,2024-2025,93.75,fuzzy,Viktor Tsygankov,Girona FC,1997-11-15,15.0,28.9,0.7529089664613279,WINGER,"FW,MF",Viktor Tsyhankov,7.23,2.79,22.78,-7.77,-0.6649,-48.6,0,1,0,0,0,0,0,0,0,0,0,0,1
vincent marchetti|1997,3277.0,2,0.1164162069621457,0.09244816435229217,0.08442088091353997,,2.030435609663306,0.7636363636363637,2.4225122349102772,5.248776508972267,2.0187601957585644,0.6163210956819479,1.1378466557911908,0.8442088091353998,,0.0,,0,Vincent Marchetti,Paris FC,Ligue 1,28.0,1997.0,MF,2025-2026,,100.0,exact,Vincent Marchetti,Paris FC,1997-07-04,1.5,29.2,0.7529089664613279,CAM,MF,Vincent Marchetti,2.94,1.4,7.89,1.44,0.4559,57.8,0,0,1,0,0,1,0,0,0,0,0,0,0
vincent sierro|1995,5516.0,4,0.1825775656324582,0.04756222297988408,0.18065573770491802,0.13488759367194006,1.162295081967213,0.2622814321398834,0.6278688524590162,5.526229508196721,1.6983606557377047,0.7840095465393795,1.5147540983606556,1.3688524590163933,1.1615320566194838,0.0,,1,Vincent Sierro,Parma,Serie A,30.0,1995.0,MF,2026-2027,2024-2025,100.0,exact,Vincent Sierro,Al-Shabab Club,1995-10-08,3.5,31.0,0.7529089664613279,CM,MF,Vincent Sierro,3.12,1.51,6.93,-0.38,-0.0872,-8.3,0,0,0,0,1,0,0,0,1,0,0,0,0
vincenzo grifo|1993,11650.0,5,0.35201258051834156,0.29213415187346903,0.30915001924968993,0.25534539473684215,1.9242749569056763,0.8038097749068979,2.1469820763998806,4.662274885571288,1.1139153869187663,0.5851755526657998,0.808486974376524,0.8007870984300809,0.5550986842105263,0.0,,1,Vincenzo Grifo,Freiburg,Bundesliga,32.0,1993.0,"FW,MF",2025-2026,2024-2025,100.0,exact,Vincenzo Grifo,SC Freiburg,1993-04-07,4.0,33.5,0.7529089664613279,CAM,"FW,MF",Vincenzo Grifo,6.13,2.65,8.63,2.13,0.3544,42.5,1,0,0,0,0,1,0,0,0,0,0,0,0
vinicius junior|2000,13006.0,6,0.4722589962691058,0.2592369719581177,0.4532946918852958,0.3195739014647137,3.1360931093770663,1.2763144249714817,6.843349603416717,3.1560402684563753,0.9293776693105552,0.08954146106631362,0.0782489322757779,0.5546064673581451,0.03994673768308921,0.0,,1,Vinicius Júnior,Real Madrid,La Liga,26.0,2000.0,"FW,MF",2026-2027,2024-2025,100.0,exact,Vinicius Junior,Real Madrid,2000-07-12,140.0,26.2,0.7529089664613279,WINGER,"FW,MF",Vinicius Júnior,52.68,22.9,78.19,-87.32,-0.9658,-61.9,0,1,0,0,0,0,0,0,0,0,0,0,1
vinicius souza|1999,6860.0,3,0.019050498941638946,0.006803749622013909,0.02340119495463598,,0.4476867251285152,0.1020408163265306,0.3410599690196946,2.4994467802611195,4.032971896437265,1.2967946779558512,2.302777163089179,1.6629785350741315,,0.0,,0,Vinicius Souza,Wolfsburg,Bundesliga,26.0,1999.0,MF,2025-2026,,80.0,surname,Vini Souza,VfL Wolfsburg,1999-06-17,7.0,27.3,3.753593429158111,CDM,MF,Vinicius Souza,8.29,4.24,21.44,1.29,0.1495,16.1,1,0,0,0,0,0,0,1,0,0,0,0,0
virgil van dijk|1991,16272.0,6,0.10168342560162695,0.021466500960343467,0.06912712360867018,0.018918918918918916,0.889713806729733,0.30346051464063883,0.6307361843389964,5.173794180824059,0.9968756102323764,1.0608970737769745,4.56356180433509,0.913884007029877,3.2162162162162167,0.0,,1,Virgil van Dijk,Liverpool,Premier League,35.0,1991.0,DF,2026-2027,2024-2025,100.0,exact,Virgil van Dijk,Liverpool FC,1991-07-08,15.0,35.2,0.7529089664613279,CB,DF,Virgil van Dijk,3.85,2.24,4.82,-11.15,-1.1945,-69.7,0,0,0,1,0,0,1,0,0,0,0,0,0
vitaliy mykolenko|1999,12669.0,6,0.021685480220213497,0.028256837862702434,0.027229889792975588,0.07592472420506165,0.4466309257725191,0.04681689392597839,0.8412297867957564,2.872463693480276,2.0625193119785763,1.1414448225003286,3.8029148212998254,1.0764496858584818,1.372485399091499,0.0,,1,Vitaliy Mykolenko,Everton,Premier League,27.0,1999.0,DF,2026-2027,2024-2025,100.0,exact,Vitaliy Mykolenko,Everton FC,1999-05-29,25.0,27.3,2.754277891854894,CB,DF,Vitaliy Mykolenko,25.93,16.56,41.4,0.93,0.0352,3.6,0,0,0,1,0,0,1,0,0,0,0,0,0
vitaly janelt|1998,11708.0,6,0.08662665609783717,0.11805005095685654,0.05393239810007732,0.0878438331854481,0.6543125850761045,0.1721448467966574,0.7033580028719763,3.4335303214404065,1.8056169225671048,1.4055599592345147,1.8205291063735778,1.1619076549210205,0.7586512866015972,0.0,,1,Vitaly Janelt,Brentford,Premier League,28.0,1998.0,MF,2026-2027,2024-2025,100.0,exact,Vitaly Janelt,Brentford FC,1998-05-10,16.0,28.4,3.753593429158111,CDM,MF,Vitaly Janelt,24.48,14.54,36.36,8.48,0.4046,49.9,0,0,0,1,0,0,0,1,0,0,0,0,0
vitinha|2000,14612.0,5,0.17508029505222744,0.14222065023304106,0.18709684720367561,0.15756676557863503,1.9866116833404222,0.5590822179732313,2.079759183396329,5.876694656315777,1.7497680103207116,0.7829837242071754,1.0164542923748952,1.0673788561211326,0.8545994065281898,0.0,,1,Vitinha,Paris S-G,Ligue 1,26.0,2000.0,"FW,MF",2026-2027,2024-2025,100.0,exact,Vitinha,Paris Saint-Germain,2000-02-13,140.0,26.6,2.754277891854894,CAM,"FW,MF",Vitinha,29.5,10.98,68.27,-110.5,-1.531,-78.4,0,0,1,0,0,1,0,0,0,0,0,0,0
vitor reis|2006,3139.0,2,0.028673700781498904,0.028673700781498904,0.0,0.0,0.5448003148484792,0.11469480312599561,0.0,0.0,0.0,1.0035795273524617,90.0,0.0,0.0,,,1,Vitor Reis,Girona,La Liga,19.0,2006.0,DF,2025-2026,2024-2025,100.0,exact,Vitor Reis,Girona FC,2006-01-12,30.0,20.7,2.754277891854894,CB,DF,Vitor Reis,16.4,7.46,22.36,-13.6,-0.5773,-43.9,0,1,0,0,0,0,1,0,0,0,0,0,0
vladimir coufal|1992,11894.0,6,0.013290364051736867,0.19701010241398179,0.015273719754360796,0.05904404873477038,0.5456760273530145,0.17702650787552818,2.0737617439683675,3.4861871686757526,1.9556659726717638,1.1789334700011294,2.9256259075878717,1.2470913448921392,1.9400187441424555,0.0,,1,Vladimír Coufal,Hoffenheim,Bundesliga,34.0,1992.0,"DF,MF",2026-2027,2024-2025,100.0,exact,Vladimír Coufal,TSG 1899 Hoffenheim,1992-08-22,2.5,34.1,1.754962354551677,FULLBACK,"DF,MF",Vladimír Coufal,2.7,1.43,6.17,0.2,0.0542,5.6,1,0,0,0,0,0,0,0,0,1,0,0,0
vladyslav vanat|2002,1942.0,1,0.41709577754891863,0.04634397528321318,,,1.2512873326467557,0.8341915550978373,,,,0.13903192584963953,,,,,,0,Vladyslav Vanat,Girona,La Liga,23.0,2002.0,FW,2025-2026,,100.0,exact,Vladyslav Vanat,Girona FC,2002-01-04,15.0,24.7,3.753593429158111,ST,FW,Vladyslav Vanat,14.98,6.93,29.5,-0.02,-0.001,-0.1,0,1,0,0,0,0,0,0,0,0,0,1,0
waldemar anton|1996,13604.0,6,0.04877052720861377,0.06007963496713291,0.06272217616725914,0.03694202154951257,0.7034820321149412,0.17080097446734055,1.3783704036756546,5.007657613353754,1.4137780837700749,1.289945103706089,4.619437692318501,1.26456000337216,2.1241662390969727,0.0,,1,Waldemar Anton,Dortmund,Bundesliga,30.0,1996.0,DF,2026-2027,2024-2025,100.0,exact,Waldemar Anton,Borussia Dortmund,1996-07-20,18.0,30.2,1.754962354551677,CB,DF,Waldemar Anton,11.6,4.29,19.84,-6.4,-0.4107,-33.7,1,0,0,0,0,0,1,0,0,0,0,0,0
walid cheddira|1998,3993.0,3,0.2682507813631942,0.07265125328586508,0.3070111772390767,0.16564417177914112,2.349057189576304,0.7881503779974687,1.2509072434315573,1.1986500217738423,0.5650312091740455,0.13971394862666361,0.5487008274060095,0.34620409348236314,2.0705521472392636,0.0,,1,Walid Cheddira,Sassuolo,Serie A,27.0,1998.0,FW,2025-2026,2024-2025,100.0,exact,Walid Cheddira,SSC Napoli,1998-01-22,2.0,28.7,1.754962354551677,ST,FW,Walid Cheddira,3.29,2.08,7.47,1.29,0.3572,42.9,0,0,0,0,1,0,0,0,0,0,0,1,0
walter benitez|1993,3600.0,3,0.0,0.0,0.0,,0.0,0.0,0.0,0.0,0.0,0.0,0.32432432432432434,0.02702702702702703,,2.8681318681318677,,0,Walter Benítez,Crystal Palace,Premier League,33.0,1993.0,GK,2026-2027,,100.0,exact,Walter Benítez,Crystal Palace,1993-01-19,4.0,33.7,1.754962354551677,GK,GK,Walter Benítez,2.48,1.48,3.15,-1.52,-0.363,-30.4,0,0,0,1,0,0,0,0,0,0,1,0,0
warmed omari|2000,7951.0,6,0.013367439557719282,0.025249608053469756,0.029181380417335465,0.0,0.172499358261316,0.055861842345467164,0.762760834670947,4.6776886035313,1.3117174959871587,1.425860219490057,3.204173354735152,1.0834670947030496,0.0,0.0,,1,Warmed Omari,Hamburger SV,Bundesliga,26.0,2000.0,DF,2026-2027,2024-2025,100.0,exact,Warmed Omari,Hamburger SV,2000-04-23,4.0,26.4,3.753593429158111,CB,DF,Warmed Omari,13.93,6.64,30.94,9.93,1.0939,198.6,1,0,0,0,0,0,1,0,0,0,0,0,0
warren bondo|2003,5077.0,4,0.012149574764883228,0.012149574764883228,0.03382813563938445,0.020224719101123594,0.6425775097871574,0.10170640750367273,1.581097644014708,2.475827318534659,1.926732942938853,0.36718714844980427,0.6054746016614463,0.8408007626310772,0.30337078651685395,0.0,,1,Warren Bondo,Cremonese,Serie A,21.0,2003.0,MF,2025-2026,2024-2025,100.0,exact,Warren Bondo,US Cremonese,2003-09-15,6.0,23.0,2.754277891854894,CM,MF,Warren Bondo,12.29,6.34,26.32,6.29,0.6414,89.9,0,0,0,0,1,0,0,0,1,0,0,0,0
warren kamanzi|2000,3744.0,4,0.06415739948674079,0.12189905902480752,,,1.2413793103448276,0.20689655172413796,,,,0.7241379310344828,,,,,,0,Warren Kamanzi,Toulouse,Ligue 1,24.0,2000.0,MF,2025-2026,,100.0,exact,Warren Kamanzi,FC Toulouse,2000-11-11,1.2,25.9,,CM,MF,Warren Kamanzi,5.35,2.24,14.93,4.15,1.0593,188.4,0,0,1,0,0,0,0,0,1,0,0,0,0
warren zaire emery|2006,7766.0,5,0.08439334637964774,0.11099559686888454,0.07666537290870834,0.061463414634146334,0.7106413994169095,0.2769271344635086,2.276060711294507,5.4401160296611035,2.2190672686045794,0.6430406066536203,0.9983044961493677,1.4671215247278002,0.3951219512195121,0.0,,1,Warren Zaïre-Emery,Paris S-G,Ligue 1,20.0,2006.0,"DF,MF",2026-2027,2024-2025,100.0,exact,Warren Zaïre-Emery,Paris Saint-Germain,2006-03-08,80.0,20.6,2.754277891854894,FULLBACK,"DF,MF",Warren Zaïre-Emery,28.7,13.66,57.69,-51.3,-1.0032,-63.3,0,0,1,0,0,0,0,0,0,1,0,0,0
wataru endo|1993,7991.0,5,0.08908790949799668,0.08696676879566344,0.07641617032061843,0.03296703296703297,0.8951213763846335,0.0,0.7550373843619314,5.340007603599037,2.4726904067925486,0.950271034645298,1.9138258775820556,1.427955899125586,0.989010989010989,0.0,,1,Wataru Endo,Liverpool,Premier League,32.0,1993.0,"MF,DF",2025-2026,2024-2025,100.0,exact,Wataru Endo,Liverpool FC,1993-02-09,4.0,33.6,0.7529089664613279,CDM,"MF,DF",Wataru Endo,2.56,1.87,5.36,-1.44,-0.3393,-28.8,0,0,0,1,0,0,0,1,0,0,0,0,0
wesley fofana|2000,5199.0,5,0.00764980875478113,0.02600934976625584,0.03860838230878126,0.030716723549488057,0.3782447466007417,0.03437429791058189,1.64857792458496,2.768221011539617,1.4014842778087597,1.8619634509137268,3.694822186950367,1.0887563811076315,2.073378839590444,0.0,,1,Wesley Fofana,Chelsea,Premier League,25.0,2000.0,DF,2026-2027,2024-2025,100.0,exact,Wesley Fofana,Chelsea FC,2000-12-17,28.0,25.8,2.754277891854894,CB,DF,Wesley Fofana,17.68,11.49,32.72,-10.32,-0.4399,-35.6,0,0,0,1,0,0,1,0,0,0,0,0,0
wesley said|1995,5214.0,5,0.5173634524612272,0.06523937963587323,0.41691202449652576,0.09944751381215469,2.7810182063385027,1.085240726124704,1.7913084442350724,2.614533034978212,1.1306088799905782,0.3398516520566419,0.2225886232481451,0.5017076904958191,0.9944751381215469,0.0,,1,Wesley Saïd,Lens,Ligue 1,30.0,1995.0,FW,2025-2026,2024-2025,100.0,exact,Wesley Saïd,RC Lens,1995-04-19,5.0,31.4,,ST,FW,Wesley Saïd,2.63,1.95,5.25,-2.37,-0.5034,-39.6,0,0,1,0,0,0,0,0,0,0,0,1,0
wesley|2003,2777.0,2,0.15872686530002492,0.03734749771765292,,,0.9191176470588236,0.47794117647058826,,,,0.8421860735330733,,,,,,0,Wesley,Roma,Serie A,23.0,2003.0,MF,2026-2027,,100.0,exact,Wesley,Associazione Sportiva Roma,2003-09-06,40.0,23.1,3.753593429158111,CM,MF,Wesley,22.43,7.52,30.16,-17.57,-0.5595,-42.8,0,0,0,0,1,0,0,0,1,0,0,0,0
weston mckennie|1998,11772.0,6,0.09130673407953165,0.15716732915329218,0.1016059160722881,0.14025974025974025,1.05992085924251,0.4325982742090124,1.5293396928193232,3.7386776353214017,1.4715792237343015,0.7461706055515825,1.7682579967619128,1.096136174681661,1.3636363636363635,0.0,,1,Weston McKennie,Juventus,Serie A,28.0,1998.0,MF,2026-2027,2024-2025,100.0,exact,Weston McKennie,Juventus FC,1998-08-28,30.0,28.1,3.753593429158111,CAM,MF,Weston McKennie,19.5,8.59,34.91,-10.5,-0.4136,-33.9,0,0,0,0,1,1,0,0,0,0,0,0,0
wilfried gnonto|2003,1891.0,2,0.056607333794578274,0.20944713503993959,0.11964549483013294,,1.5850053462481917,0.0,4.387001477104874,2.326440177252585,1.7946824224519942,0.4302157368387948,0.465288035450517,1.5952732644017726,,0.0,,0,Wilfried Gnonto,Leeds United,Premier League,21.0,2003.0,FW,2025-2026,,100.0,exact,Wilfried Gnonto,Leeds United,2003-11-05,16.0,22.9,1.754962354551677,WINGER,FW,Wilfried Gnonto,7.34,5.04,17.37,-8.66,-0.7126,-51.0,0,0,0,1,0,0,0,0,0,0,0,0,1
will hughes|1995,7465.0,5,0.005810500219507786,0.06391550241458564,0.03316975107905162,0.1323529411764706,0.800686930248173,0.02162222099018684,0.8265831017560458,3.6380299178146993,2.855791403062733,0.9598946362626862,1.160054396026725,1.4775616389759358,0.8111954459203037,0.0,,1,Will Hughes,Crystal Palace,Premier League,30.0,1995.0,MF,2025-2026,2024-2025,100.0,exact,Will Hughes,Crystal Palace,1995-04-17,5.0,31.4,0.7529089664613279,CDM,MF,Will Hughes,4.05,2.82,7.06,-0.95,-0.173,-15.9,0,0,0,1,0,0,0,1,0,0,0,0,0
willem geubbels|2001,1683.0,3,0.3845599884776034,0.008641797493878728,0.2977941176470588,,2.62493855480911,0.7996051332675221,2.4816176470588234,0.8272058823529411,1.3235294117647058,0.49258245715108734,0.8272058823529411,0.8272058823529411,,0.0,,0,Willem Geubbels,Lecce,Serie A,25.0,2001.0,FW,2026-2027,,100.0,exact,Willem Geubbels,Paris FC,2001-08-16,5.0,25.1,3.753593429158111,WINGER,FW,Willem Geubbels,11.82,4.72,19.79,6.82,0.7589,113.6,0,0,0,0,1,0,0,0,0,0,0,0,1
willi orban|1992,12706.0,6,0.10680852476430752,0.0014938255211791264,0.10857622342194004,0.0405040504050405,0.6879324954102527,0.27790784494868326,0.5044092269208238,4.551082120861896,1.4149106280575652,1.153980215110875,5.374665547868213,1.528901413802384,4.212421242124212,0.0,,1,Willi Orban,RB Leipzig,Bundesliga,33.0,1992.0,DF,2026-2027,2024-2025,100.0,exact,Willi Orbán,RB Leipzig,1992-11-03,5.0,33.9,0.7529089664613279,CB,DF,Willi Orban,4.45,1.73,5.38,-0.55,-0.0967,-9.2,1,0,0,0,0,0,1,0,0,0,0,0,0
william mikelbrencis|2004,1982.0,2,0.0,0.25668187744458937,0.029508196721311476,,0.7920469361147328,0.3935860058309038,1.7704918032786883,3.098360655737705,1.6229508196721312,0.41069100391134294,1.3278688524590163,0.8852459016393441,,0.0,,0,William Mikelbrencis,Hamburger SV,Bundesliga,21.0,2004.0,"MF,DF",2025-2026,,100.0,exact,William Mikelbrencis,Hamburger SV,2004-02-25,3.0,22.6,,CM,"MF,DF",William Mikelbrencis,5.58,3.52,14.06,2.58,0.4975,64.5,1,0,0,0,0,0,0,0,1,0,0,0,0
william osula|2003,1739.0,3,0.5224504155855579,0.0,0.17354809437386573,0.06716417910447761,2.5014292625005496,1.2467283753590808,1.3067150635208713,0.7146098003629764,0.44918330308529947,0.3443423193632086,1.092332123411978,0.2756352087114337,4.029850746268656,0.0,,1,William Osula,Newcastle Utd,Premier League,21.0,2003.0,FW,2025-2026,2024-2025,100.0,exact,William Osula,Newcastle United,2003-08-04,28.0,23.2,2.754277891854894,ST,FW,William Osula,13.41,12.02,24.97,-14.59,-0.6995,-50.3,0,0,0,1,0,0,0,0,0,0,0,1,0
william saliba|2001,14728.0,5,0.04794417767106843,0.009453781512605041,0.052880394408050244,0.026653504442250744,0.21406062424969988,0.04610161415212342,0.5237387722023368,4.195988383872493,1.4719389477949618,0.6617647058823529,2.9084216924427637,0.7354629567096642,1.8065153010858837,0.0,,1,William Saliba,Arsenal,Premier League,24.0,2001.0,DF,2025-2026,2024-2025,100.0,exact,William Saliba,Arsenal FC,2001-03-24,100.0,25.5,3.753593429158111,CB,DF,William Saliba,48.46,20.84,78.58,-51.54,-0.7139,-51.0,0,0,0,1,0,0,1,0,0,0,0,0,0
willian pacho|2001,7466.0,4,0.0,0.037506251041840306,0.02429930573412188,0.012664165103189493,0.28763910604249054,0.044810303050419886,0.39176431693788333,3.340741284942879,2.1257759982367856,1.3924195699283213,4.216838702567682,1.5108547919039048,1.224202626641651,0.0,,1,Willian Pacho,Paris S-G,Ligue 1,24.0,2001.0,DF,2026-2027,2024-2025,100.0,exact,Willian Pacho,Paris Saint-Germain,2001-10-16,80.0,25.0,2.754277891854894,CB,DF,Willian Pacho,9.81,6.21,23.93,-70.19,-2.0135,-86.6,0,0,1,0,0,0,1,0,0,0,0,0,0
williot swedberg|2004,3365.0,4,0.33275774504824784,0.27425088877602843,0.370058207217695,0.17359050445103857,1.9122257053291538,0.918085595950299,2.1164144353899883,1.7518044237485448,1.5925494761350407,0.26876587100050786,0.6956926658905703,1.0686845168800931,0.5341246290801187,0.0,,1,Williot Swedberg,Celta Vigo,La Liga,22.0,2004.0,"FW,MF",2026-2027,2024-2025,100.0,exact,Williot Swedberg,Celta de Vigo,2004-02-01,20.0,22.7,2.754277891854894,ST,"FW,MF",Williot Swedberg,19.2,8.78,34.39,-0.8,-0.0388,-3.8,0,1,0,0,0,0,0,0,0,0,0,1,0
willy kambwala|2004,1533.0,3,0.0,0.0,0.02006746326682294,0.008057296329453895,0.24692660792486681,0.07320277795157354,0.22640214967697675,1.4407409524898518,1.2760848436338688,0.7882657099139979,4.394259905094048,0.9467726259219026,1.2891674127126231,0.0,,1,Willy Kambwala,Villarreal,La Liga,20.0,2004.0,DF,2025-2026,2024-2025,100.0,exact,Willy Kambwala,Villarreal CF,2004-08-25,3.0,22.1,2.754277891854894,CB,DF,Willy Kambwala,5.25,3.77,12.37,2.25,0.4466,56.3,0,1,0,0,0,0,1,0,0,0,0,0,0
wilson odobert|2004,5697.0,4,0.0973025568949673,0.10054597545813286,0.1370251857968621,0.10588235294117647,1.7871236283042327,0.6087425796006475,4.3267444260941375,2.573286540049546,1.0102704376548308,0.2935293799664847,0.5016515276630884,0.8523431048720066,0.4235294117647059,0.0,,1,Wilson Odobert,Tottenham,Premier League,20.0,2004.0,"FW,MF",2025-2026,2024-2025,100.0,exact,Wilson Odobert,Tottenham Hotspur,2004-11-28,18.0,21.8,2.754277891854894,WINGER,"FW,MF",Wilson Odobert,27.15,17.83,37.78,9.15,0.3931,48.2,0,0,0,1,0,0,0,0,0,0,0,0,1
wladimiro falcone|1995,14985.0,6,0.0,0.0,0.0,0.0,0.0,0.0,0.0,0.00861244019138756,0.009569377990430622,0.01172529313232831,0.6516746411483254,0.00861244019138756,0.34210526315789475,3.0597279716144294,-0.031578947368421054,1,Wladimiro Falcone,Lecce,Serie A,31.0,1995.0,GK,2026-2027,2024-2025,100.0,exact,Wladimiro Falcone,US Lecce,1995-04-12,3.5,31.5,1.754962354551677,GK,GK,Wladimiro Falcone,7.57,2.13,14.19,4.07,0.644,90.4,0,0,0,0,1,0,0,0,0,0,1,0,0
wojciech szczesny|1990,10662.0,5,0.0,0.0,0.0,0.0,0.0,0.0,0.0,0.0,0.028037383177570097,0.010596546310832025,0.5747663551401869,0.0,0.0,2.1652276295133435,0.0,1,Wojciech Szczęsny,Barcelona,La Liga,35.0,1990.0,GK,2025-2026,2024-2025,100.0,exact,Wojciech Szczesny,FC Barcelona,1990-04-18,0.8,36.4,0.7529089664613279,GK,GK,Wojciech Szczęsny,1.25,0.83,2.14,0.45,0.2213,24.8,0,1,0,0,0,0,0,0,0,0,1,0,0
wout faes|1998,10342.0,4,0.03002617666683776,0.011548529487245291,0.04566498676005808,0.003197158081705151,0.4041985320535852,0.04822117445349336,0.37208507730417695,2.604595541129239,1.4007004356367982,1.0647744187240158,5.23225420688477,1.5575296830955838,1.4387211367673178,0.0,,1,Wout Faes,Monaco,Ligue 1,27.0,1998.0,DF,2025-2026,2024-2025,100.0,exact,Wout Faes,AS Monaco,1998-04-03,10.0,28.5,0.0,CB,DF,Wout Faes,6.46,3.29,12.18,-3.54,-0.3887,-32.2,0,0,1,0,0,0,1,0,0,0,0,0,0
wouter burger|2001,2778.0,2,0.12678682411435674,0.15848353014294594,,,1.3333333333333333,0.48148148148148145,,,,0.714108141702921,,,,,,0,Wouter Burger,Hoffenheim,Bundesliga,25.0,2001.0,MF,2026-2027,,100.0,exact,Wouter Burger,TSG 1899 Hoffenheim,2001-02-16,20.0,25.6,3.753593429158111,CAM,MF,Wouter Burger,12.6,4.09,28.2,-7.4,-0.4341,-35.2,1,0,0,0,0,1,0,0,0,0,0,0,0
woyo coulibaly|1999,2247.0,2,0.0,0.03500164537649206,0.00754400670578374,0.06789606035205366,0.44963652137493637,0.08077302779190473,3.017602682313496,3.3193629505448454,1.4333612740989106,0.9127352140485236,1.961441743503772,1.6596814752724227,0.6789606035205366,,,1,Woyo Coulibaly,Sassuolo,Serie A,26.0,1999.0,DF,2025-2026,2024-2025,100.0,exact,Woyo Coulibaly,US Sassuolo,1999-05-26,2.0,27.3,2.754277891854894,FULLBACK,DF,Woyo Coulibaly,4.05,2.07,12.47,2.05,0.521,68.4,0,0,0,0,1,0,0,0,0,1,0,0,0
xaver schlager|1997,7418.0,6,0.06901745977404998,0.08503937007874017,0.03494278374591313,0.34806629834254144,0.8301137665114147,0.31892085045560126,2.309376459598319,6.943893040635218,2.8164409154600656,0.582951044162958,1.1165927136851939,1.5895025688930409,0.0,0.0,,1,Xaver Schlager,Nott'ham Forest,Premier League,29.0,1997.0,MF,2026-2027,2024-2025,100.0,exact,Xaver Schlager,RB Leipzig,1997-09-28,10.0,29.0,,CAM,MF,Xaver Schlager,8.27,4.87,18.25,-1.73,-0.1709,-15.7,0,0,0,1,0,1,0,0,0,0,0,0,0
xavi simons|2003,6780.0,4,0.25450536809815955,0.28254409509202455,0.24430323856328348,0.2637209302325581,2.242019746932516,0.7116243783191436,4.267531819316196,6.062659576510336,1.0988462498320248,0.6168519938650308,0.48895202626173423,0.7947630108847977,0.7953488372093023,0.0,,1,Xavi Simons,RB Leipzig,Premier League,22.0,2003.0,"MF,FW",2025-2026,2024-2025,100.0,exact,Xavi Simons,RB Leipzig,2003-04-21,40.0,23.4,3.753593429158111,CAM,"MF,FW",Xavi Simons,68.46,38.03,75.89,28.46,0.5272,69.4,0,0,0,1,0,1,0,0,0,0,0,0,0
yan couto|2002,5710.0,5,0.06870338268738371,0.19465958428092053,0.04759500398618124,0.09050279329608939,0.8772604848018469,0.2959697732997481,5.350252458145097,4.859952165825139,2.013818761626362,0.6841711859285295,1.7818230135530162,0.758171671538666,0.10055865921787709,0.0,,1,Yan Couto,Como,Serie A,24.0,2002.0,MF,2026-2027,2024-2025,100.0,exact,Yan Couto,Borussia Dortmund,2002-06-03,17.0,24.3,3.753593429158111,CM,MF,Yan Couto,18.97,8.18,33.76,1.97,0.1039,10.9,0,0,0,0,1,0,0,0,1,0,0,0,0
yan diomande|2006,3301.0,3,0.3778130646662652,0.27761046925477745,0.2311926605504587,0.14862385321100918,1.9132949153922907,0.8815084811338044,6.110091743119266,2.6422018348623855,2.311926605504587,0.7162021573673548,0.9908256880733946,1.3211009174311927,0.4954128440366973,,,1,Yan Diomandé,Real Madrid,La Liga,19.0,2006.0,"FW,MF",2026-2027,2024-2025,100.0,exact,Yan Diomande,RB Leipzig,2006-11-14,90.0,19.9,3.753593429158111,WINGER,"FW,MF",Yan Diomandé,35.36,17.64,40.83,-54.64,-0.9173,-60.0,0,1,0,0,0,0,0,0,0,0,0,0,1
yangel herrera|1998,8008.0,6,0.15434519615532896,0.06102019382885099,0.16688826251130137,0.05981391227292866,1.6427901994912304,0.44604388215077334,1.2700101047705152,4.205711854491304,2.62617667393501,0.8746227782135308,1.8842737860979628,1.1264159974472157,1.9937970757642887,0.0,,1,Yangel Herrera,Real Sociedad,La Liga,28.0,1998.0,MF,2026-2027,2024-2025,100.0,exact,Yangel Herrera,Girona FC,1998-01-07,6.0,28.7,3.753593429158111,CAM,MF,Yangel Herrera,9.02,4.76,23.81,3.02,0.3583,43.1,0,1,0,0,0,1,0,0,0,0,0,0,0
yanis zouaoui|1998,3314.0,2,0.029179539993134225,0.07380707174733951,,,0.6159110350727117,0.1924721984602224,,,,1.039349871685201,,,,,,0,Yanis Zouaoui,Le Havre,Ligue 1,27.0,1998.0,"DF,MF",2025-2026,,100.0,exact,Yanis Zouaoui,Le Havre AC,1998-04-28,2.5,28.4,0.7529089664613279,FULLBACK,"DF,MF",Yanis Zouaoui,3.94,1.75,8.91,1.44,0.3438,41.0,0,0,1,0,0,0,0,0,0,1,0,0,0
yankuba minteh|2004,4229.0,2,0.17988565408035206,0.16733549216776933,0.20076169749727965,0.24483133841131666,1.5882927131590772,0.5508126617189073,4.4069640914037,2.35038084874864,2.35038084874864,0.5549960490231015,1.5179542981501633,1.0772578890097932,0.8324265505984766,,,1,Yankuba Minteh,Brighton,Premier League,21.0,2004.0,"FW,MF",2025-2026,2024-2025,100.0,exact,Yankuba Minteh,Brighton & Hove Albion,2004-07-22,45.0,22.2,2.754277891854894,WINGER,"FW,MF",Yankuba Minteh,29.63,17.35,39.18,-15.37,-0.4066,-33.4,0,0,0,1,0,0,0,0,0,0,0,0,1
yann aurel bisseck|2000,4659.0,4,0.17297557020375684,0.05810898061532455,0.1331332744924978,0.05215711526078558,1.1891998229479173,0.457976278304296,2.008120035304501,4.699382171226832,1.102559576345984,1.0770431988468296,3.3013239187996466,1.2360105913503971,2.723760463618802,0.0,,1,Yann Aurel Bisseck,Inter,Serie A,25.0,2000.0,DF,2026-2027,2024-2025,80.0,surname,Yann Bisseck,Inter Milan,2000-11-29,50.0,25.8,2.754277891854894,CB,DF,Yann Aurel Bisseck,15.62,3.79,24.25,-34.38,-1.1215,-67.4,0,0,0,0,1,0,1,0,0,0,0,0,0
yann gboho|2001,6386.0,4,0.22751211291341902,0.14069828035435122,0.17751911557005798,0.1350192884697814,1.9106585419234448,0.7216467742783532,4.587006282569523,3.881313008328058,1.1593532362538352,0.37419755413391287,0.15341158135684022,0.9840257147031609,0.19288469781397344,0.0,,1,Yann Gboho,Toulouse,Ligue 1,25.0,2001.0,"MF,FW",2026-2027,2024-2025,100.0,exact,Yann Gboho,FC Toulouse,2001-01-14,18.0,25.7,0.7529089664613279,CAM,"MF,FW",Yann Gboho,6.66,3.53,16.49,-11.34,-0.9082,-59.7,0,0,1,0,0,1,0,0,0,0,0,0,0
yann sommer|1988,14480.0,5,0.0,0.001340382753741902,0.0,0.0,0.0,0.0,0.0,0.02357984994640943,0.024651661307609856,0.007372105145580461,0.3354769560557342,0.009646302250803858,0.125,2.324223694988458,0.021875,1,Yann Sommer,Inter,Serie A,36.0,1988.0,GK,2025-2026,2024-2025,100.0,exact,Yann Sommer,Inter Milan,1988-12-17,2.0,37.8,,GK,GK,Yann Sommer,3.74,1.42,7.05,1.74,0.4564,57.8,0,0,0,0,1,0,0,0,0,0,1,0,0
yannick gerhardt|1994,7656.0,5,0.11070451120883175,0.06642270672529905,0.12593319397636618,0.011857707509881424,0.9908053753190441,0.16389548693586697,1.243974233181178,3.4017320080201356,1.6739900174907214,0.7458716442695039,2.1040058018002643,1.3994710123288254,1.2450592885375493,0.0,,1,Yannick Gerhardt,Wolfsburg,Bundesliga,31.0,1994.0,"MF,DF",2025-2026,2024-2025,100.0,exact,Yannick Gerhardt,VfL Wolfsburg,1994-03-13,1.8,32.5,,CM,"MF,DF",Yannick Gerhardt,2.64,1.21,4.79,0.84,0.2625,30.0,1,0,0,0,0,0,0,0,1,0,0,0,0
yannik engelhardt|2001,4002.0,3,0.12152535270289144,0.06565162732225172,0.04639175257731958,0.11597938144329897,0.7226838062392223,0.17400846527668914,1.3917525773195876,4.175257731958763,2.319587628865979,1.1943008800111747,2.0876288659793816,1.0051546391752577,0.8505154639175257,,,1,Yannik Engelhardt,Freiburg,Bundesliga,25.0,2001.0,MF,2026-2027,2024-2025,100.0,exact,Yannik Engelhardt,Borussia Mönchengladbach,2001-02-07,7.0,25.6,0.7529089664613279,CDM,MF,Yannik Engelhardt,7.08,1.98,14.02,0.08,0.0104,1.0,1,0,0,0,0,0,0,1,0,0,0,0,0
yannik keitel|2000,2624.0,5,0.03965922444183314,0.04406580493537015,0.08773445212240868,0.0,0.7006462984723856,0.3028734144447321,0.7107601184600197,4.10352912142152,2.07675222112537,1.1501175088131612,2.942991115498519,1.4548371174728527,1.3333333333333333,0.0,,1,Yannik Keitel,Augsburg,Bundesliga,25.0,2000.0,"MF,DF",2025-2026,2024-2025,100.0,exact,Yannik Keitel,FC Augsburg,2000-02-15,2.0,26.6,0.7529089664613279,CDM,"MF,DF",Yannik Keitel,2.59,1.47,9.28,0.59,0.1786,19.6,1,0,0,0,0,0,0,1,0,0,0,0,0
yaser asprilla|2003,2016.0,2,0.12250453720508167,0.04083484573502723,0.13451957295373668,0.1793594306049822,2.3527153427334917,0.7161803713527852,4.612099644128114,4.932384341637011,1.409252669039146,0.5528409884126763,0.4483985765124555,0.896797153024911,0.25622775800711745,,,1,Yaser Asprilla,Girona,La Liga,21.0,2003.0,"FW,MF",2025-2026,2024-2025,100.0,exact,Yáser Asprilla,Girona FC,2003-11-19,14.0,22.9,3.753593429158111,WINGER,"FW,MF",Yaser Asprilla,10.42,6.49,30.4,-3.58,-0.2728,-23.9,0,1,0,0,0,0,0,0,0,0,0,0,1
yasin ayari|2003,4294.0,4,0.13362313073025883,0.08816371512099552,0.10850077279752704,0.10534351145038168,1.6351643856629114,0.4227090404196236,1.3562596599690881,3.4254250386398764,2.7020865533230296,1.0221480721840417,1.1754250386398761,1.1023956723338484,0.732824427480916,0.0,,1,Yasin Ayari,Brighton,Premier League,22.0,2003.0,MF,2026-2027,2024-2025,100.0,exact,Yasin Ayari,Brighton & Hove Albion,2003-10-06,35.0,23.0,0.7529089664613279,CAM,MF,Yasin Ayari,12.41,9.67,25.54,-22.59,-0.9873,-62.7,0,0,0,1,0,1,0,0,0,0,0,0,0
yasser larouci|2001,2819.0,4,0.025793878252894645,0.025793878252894645,0.02803544233697909,,0.6853108126817111,,3.538695832756472,2.9219161013429327,1.7444275231898103,1.2742175856929956,2.6166412847847154,0.816142876920947,,0.0,,0,Yasser Larouci,Le Mans,Ligue 1,25.0,2001.0,MF,2026-2027,,100.0,exact,Yasser Larouci,Athlitiki Enosi Kifisias,2001-01-01,1.5,25.7,,CDM,MF,Yasser Larouci,2.93,1.41,9.27,1.43,0.4514,57.1,0,0,1,0,0,0,0,1,0,0,0,0,0
yassin belkhdim|2002,4102.0,3,0.06510296426262813,0.06510296426262813,0.04727511490479317,0.03545633617859488,1.087816878810568,0.4861482511498556,1.0045961917268549,2.1864740643466845,3.131976362442548,1.381013944039154,2.4228496388706504,1.3591595535128038,0.29546946815495734,,,1,Yassin Belkhdim,Angers,Ligue 1,24.0,2002.0,MF,2026-2027,2024-2025,100.0,exact,Yassin Belkhdim,Angers SCO,2002-02-14,7.0,24.6,1.754962354551677,CDM,MF,Yassin Belkhdim,5.29,2.63,15.69,-1.71,-0.2412,-21.4,0,0,1,0,0,0,0,1,0,0,0,0,0
yassine kechta|2002,5277.0,3,0.10551155065907143,0.03517051688635714,0.0961744400647087,0.05152671755725191,1.2363789397742473,0.48705203238996236,1.9296406844539635,4.8374307913144525,2.448449497596209,1.151158071934228,1.1483515231607009,1.0355669985645608,0.42938931297709926,0.0,,1,Yassine Kechta,Le Havre,Ligue 1,23.0,2002.0,"MF,FW",2025-2026,2024-2025,100.0,exact,Yassine Kechta,Le Havre AC,2002-02-25,4.0,24.6,,CM,"MF,FW",Yassine Kechta,9.57,4.08,21.53,5.57,0.7488,111.5,0,0,1,0,0,0,0,0,1,0,0,0,0
yehvann diouf|1999,11700.0,5,0.0,0.0,0.0014396456256921372,0.0,0.009665427509293681,0.014705882352941176,0.0,0.04983388704318936,0.03986710963455149,0.04221453287197231,0.5780730897009967,0.0,0.17647058823529413,3.41635687732342,0.4294117647058823,1,Yehvann Diouf,Nice,Ligue 1,26.0,1999.0,GK,2026-2027,2024-2025,100.0,exact,Yehvann Diouf,OGC Nice,1999-11-16,7.0,26.9,3.753593429158111,GK,GK,Yehvann Diouf,16.82,6.51,27.52,9.82,0.8009,122.8,0,0,1,0,0,0,0,0,0,0,1,0,0
yeray alvarez|1995,7953.0,6,0.025343387253214857,0.03519914896279841,0.02613443487863234,0.010106681639528357,0.3920377633542744,0.07341406789232603,1.0232919572196888,5.0575652849634976,1.2975194781292816,1.6740715246706925,4.9360953763726725,0.6607226846076767,2.4761370016844473,0.0,,1,Yeray Álvarez,Athletic Club,La Liga,31.0,1995.0,DF,2026-2027,2024-2025,100.0,exact,Yeray Álvarez,Athletic Bilbao,1995-01-24,0.9,31.7,1.754962354551677,CB,DF,Yeray Álvarez,3.96,1.8,8.71,3.06,0.9603,161.2,0,1,0,0,0,0,1,0,0,0,0,0,0
yeremi pino|2002,8773.0,5,0.12784244802638708,0.19501390376906505,0.22855936722360468,0.24663908996897624,1.6912039099083915,0.4385728977137886,2.111624600071098,2.667525773195876,2.7575097760398153,0.4582826738573028,0.9658282971916103,1.727692854603626,0.5584281282316443,0.0,,1,Yeremi Pino,Villarreal,Premier League,22.0,2002.0,"MF,FW",2025-2026,2024-2025,90.9090909090909,fuzzy,Yéremy Pino,Villarreal CF,2002-10-20,30.0,23.9,3.753593429158111,CAM,"MF,FW",Yeremi Pino,39.27,28.96,56.48,9.27,0.2616,29.9,0,0,0,1,0,1,0,0,0,0,0,0,0
yeremy pino|2002,8447.0,5,0.12911383171434476,0.1783521573681203,,,,,,,,0.29220779220779225,,,,,,0,Yéremy Pino,Crystal Palace,Premier League,23.0,2002.0,"MF,FW",2026-2027,,100.0,exact,Yéremy Pino,Villarreal CF,2002-10-20,30.0,23.9,3.753593429158111,CAM,"MF,FW",Yéremy Pino,44.05,29.86,59.17,14.05,0.3737,45.3,0,0,0,1,0,1,0,0,0,0,0,0,0
yerry mina|1994,7418.0,5,0.07854316965324645,0.0,0.09220489977728284,0.01050992604126119,0.6147312078194089,0.19943671637096658,0.4810690423162583,2.401700749139502,2.0882769791455758,1.0587619269257622,5.55051629884592,1.8860093136262401,3.293110159595173,0.0,,1,Yerry Mina,Cagliari,Serie A,30.0,1994.0,DF,2025-2026,2024-2025,100.0,exact,Yerry Mina,Cagliari Calcio,1994-09-23,2.5,32.0,1.754962354551677,CB,DF,Yerry Mina,2.82,1.43,6.03,0.32,0.0862,9.0,0,0,0,0,1,0,1,0,0,0,0,0,0
yerson mosquera|2001,3806.0,3,0.03050502768048808,0.01525251384024404,0.09807073954983923,0.02040816326530612,1.0608970737769743,0.2183374955404923,0.38585209003215437,2.2240085744908895,2.0685959271168275,1.1998644220991979,4.110396570203644,1.484458735262594,2.2448979591836733,0.0,,1,Yerson Mosquera,Wolves,Premier League,24.0,2001.0,DF,2025-2026,2024-2025,100.0,exact,Yerson Mosquera,Wolverhampton Wanderers,2001-05-02,12.0,25.4,3.753593429158111,CB,DF,Yerson Mosquera,16.4,12.22,29.35,4.4,0.2917,33.9,0,0,0,1,0,0,1,0,0,0,0,0,0
ylber ramadani|1996,7980.0,3,0.0335333231427698,0.011177774380923267,0.030106927380976083,0.054786939679026016,0.9268954448180985,0.18821687921787997,0.7903068437506221,3.349395671133589,2.2849007387347924,1.2519107306634056,1.3153859939069312,1.476673104876446,0.7470946319867183,0.0,,1,Ylber Ramadani,Lecce,Serie A,29.0,1996.0,MF,2025-2026,2024-2025,100.0,exact,Ylber Ramadani,US Lecce,1996-04-12,1.8,30.5,1.754962354551677,CDM,MF,Ylber Ramadani,2.97,1.67,10.0,1.17,0.3494,41.8,0,0,0,0,1,0,0,1,0,0,0,0,0
yoane wissa|1996,9273.0,6,0.4469141641049894,0.11755565314326251,0.46989377588684456,0.0801644398766701,2.4949693159519555,1.1840592668284584,1.702826068580767,1.896818911836804,0.8203488208278156,0.23409789548356585,0.6276239046518837,0.8457073624299118,0.9249743062692702,0.0,,1,Yoane Wissa,Newcastle Utd,Premier League,30.0,1996.0,FW,2026-2027,2024-2025,100.0,exact,Yoane Wissa,Newcastle United,1996-09-03,25.0,30.1,2.754277891854894,ST,FW,Yoane Wissa,18.93,16.14,29.05,-6.07,-0.266,-23.4,0,0,0,1,0,0,0,0,0,0,0,1,0
yoel lago|2004,2196.0,4,0.0,0.03246843346746219,0.0,0.015437392795883362,0.06287240599958908,0.0,0.13946835141256406,4.516628918822266,1.8667302419835496,1.176356320244207,4.377160567409702,0.7938967695792108,0.4631217838765008,0.0,,1,Yoel Lago,Celta Vigo,La Liga,22.0,2004.0,DF,2026-2027,2024-2025,100.0,exact,Yoel Lago,Celta de Vigo,2004-03-25,4.0,22.5,2.754277891854894,CB,DF,Yoel Lago,7.74,3.84,24.03,3.74,0.5588,74.9,0,1,0,0,0,0,1,0,0,0,0,0,0
youri tielemans|1997,11887.0,6,0.06834701479043866,0.18795429067370628,0.09632251332524887,0.20819563780568406,1.152068790703116,0.34863083164300207,1.2068868270396795,7.000197411094503,2.4607292929862656,0.8364372762448921,1.1345497616966074,1.230999182154037,0.6543291473892928,0.0,,1,Youri Tielemans,Manchester Utd,Premier League,29.0,1997.0,MF,2026-2027,2024-2025,100.0,exact,Youri Tielemans,Aston Villa,1997-05-07,30.0,29.4,1.754962354551677,CAM,MF,Youri Tielemans,24.97,16.57,45.49,-5.03,-0.177,-16.2,0,0,0,1,0,1,0,0,0,0,0,0,0
youssef maleh|1998,7915.0,6,0.02318421020350584,0.03422431030041339,0.0634348531266895,0.05364238410596026,1.0169890532428296,0.20866738894907907,0.6613804289061093,4.009731483150117,2.5319877455397366,0.9130162780142539,1.1803928635790233,1.8670030636150656,0.5364238410596026,0.0,,1,Youssef Maleh,Lecce,Serie A,28.0,1998.0,MF,2026-2027,2024-2025,100.0,exact,Youssef Maleh,US Lecce,1998-08-22,1.5,28.1,0.7529089664613279,CDM,MF,Youssef Maleh,6.18,3.0,16.37,4.68,1.0551,187.2,0,0,0,0,1,0,0,1,0,0,0,0,0
youssouf fofana|1999,12955.0,6,0.08504339972906527,0.137725151773619,0.09172049324721081,0.12220447284345046,1.5548796521922061,0.47697955801894193,1.810921902524956,7.059307105108632,2.1374045801526718,0.9836435703175956,0.9336465061655901,1.2201996476805637,0.3953674121405751,0.0,,1,Youssouf Fofana,Sevilla,La Liga,27.0,1999.0,MF,2026-2027,2024-2025,100.0,exact,Youssouf Fofana,AC Milan,1999-01-10,23.0,27.7,1.754962354551677,CM,MF,Youssouf Fofana,30.01,9.43,60.9,7.01,0.2564,29.2,0,1,0,0,0,0,0,0,1,0,0,0,0
youssouf ndayishimiye|1998,4701.0,5,0.07481862152357921,0.0,0.0518863573471082,0.009316770186335406,0.6237104153583924,0.17767653758542143,0.8301817175537312,4.424868554561387,1.7931925099160595,1.0797687424425637,4.2629831196384105,1.3822525597269624,1.7236024844720497,0.0,,1,Youssouf Ndayishimiye,Nice,Ligue 1,27.0,1998.0,MF,2026-2027,2024-2025,100.0,exact,Youssouf Ndayishimiye,OGC Nice,1998-10-27,7.0,27.9,0.7529089664613279,CDM,MF,Youssouf Ndayishimiye,5.72,1.81,12.14,-1.28,-0.1746,-16.0,0,0,1,0,0,0,0,1,0,0,0,0,0
yuito suzuki|2001,1987.0,3,0.40141091417910446,0.08920242537313432,0.25,,2.1143102707348516,0.7720588235294118,7.5,7.5,0.0,0.49848414179104483,0.0,7.5,,0.0,,0,Yuito Suzuki,Freiburg,Bundesliga,24.0,2001.0,MF,2026-2027,,100.0,exact,Yuito Suzuki,SC Freiburg,2001-10-25,24.0,24.9,,CAM,MF,Yuito Suzuki,7.89,3.3,15.59,-16.11,-1.0343,-64.5,1,0,0,0,0,1,0,0,0,0,0,0,0
yukinari sugawara|2000,3985.0,2,0.01901913292260676,0.168246175853829,0.028901734104046242,0.12716763005780346,1.012403075572606,0.3686785766536079,1.9075144508670518,4.161849710982659,1.7919075144508672,0.5822780694767301,3.0635838150289016,1.2138728323699421,0.2890173410404624,,,1,Yukinari Sugawara,Werder Bremen,Bundesliga,25.0,2000.0,"DF,MF",2025-2026,2024-2025,100.0,exact,Yukinari Sugawara,SV Werder Bremen,2000-06-28,5.5,26.3,1.754962354551677,FULLBACK,"DF,MF",Yukinari Sugawara,5.14,2.44,12.84,-0.36,-0.0577,-5.6,1,0,0,0,0,0,0,0,0,1,0,0,0
yunus musah|2002,7412.0,6,0.026437439124317806,0.07513798487964009,0.07712692069326609,0.10311903246339911,1.0149618636042768,0.2809750559742676,3.025452524950313,4.271792789519799,1.6579402902143483,0.5691006632550518,0.6981813519116106,0.8020430406257346,0.45830681094844045,0.0,,1,Yunus Musah,Milan,Serie A,23.0,2002.0,MF,2026-2027,2024-2025,100.0,exact,Yunus Musah,AC Milan,2002-11-29,14.0,23.8,1.754962354551677,CM,MF,Yunus Musah,10.04,5.52,22.04,-3.96,-0.3062,-26.4,0,0,0,0,1,0,0,0,1,0,0,0,0
yuri berchiche|1990,10465.0,6,0.027496473083109436,0.11807309029805817,0.03599875866349436,0.09686888454011743,0.8083702770538624,0.16993536116432595,1.9302782662666804,6.678390400331023,1.6385641874418124,1.1281641162040488,2.853522292334747,1.2413365056377368,1.2328767123287672,0.0,,1,Yuri Berchiche,Athletic Club,La Liga,36.0,1990.0,DF,2026-2027,2024-2025,100.0,exact,Yuri Berchiche,Athletic Bilbao,1990-02-10,1.0,36.6,0.7529089664613279,CB,DF,Yuri Berchiche,1.47,0.86,2.64,0.47,0.2119,23.6,0,1,0,0,0,0,1,0,0,0,0,0,0
yussuf poulsen|1994,3518.0,6,0.4218040233614536,0.07462686567164178,0.5006474103585657,0.14285714285714285,2.431865828092243,1.3170317220543806,0.9098605577689244,1.7704183266932272,1.3580677290836654,0.24659312134977285,1.6135458167330679,1.1160358565737052,6.428571428571428,0.0,,1,Yussuf Poulsen,Hamburger SV,Bundesliga,32.0,1994.0,FW,2026-2027,2024-2025,100.0,exact,Yussuf Poulsen,Hamburger SV,1994-06-15,1.0,32.3,0.7529089664613279,ST,FW,Yussuf Poulsen,2.11,1.13,3.76,1.11,0.4411,55.4,1,0,0,0,0,0,0,0,0,0,0,1,0
yvan neyou|1997,3315.0,3,0.0353827078356065,0.0353827078356065,0.022550739163117013,0.023356401384083042,0.5987842864487253,0.11251803173585509,0.9245803056877976,3.737785016286645,2.105675269356051,1.045150754528684,1.4657980456026058,1.3276747682285142,0.8564013840830449,0.0,,1,Yvan Neyou,Getafe,La Liga,28.0,1997.0,MF,2025-2026,2024-2025,100.0,exact,Yvan Neyou,Getafe CF,1997-01-03,2.0,29.7,1.754962354551677,CDM,MF,Yvan Neyou,2.42,1.36,5.85,0.42,0.1298,13.9,0,1,0,0,0,0,0,1,0,0,0,0,0
yves bissouma|1996,7200.0,5,0.04464997608036996,0.006378568011481423,0.04520654715510522,0.019176136363636364,0.8228352734811034,0.27105585711784275,1.426344505066251,5.826188620420888,3.096258768511302,1.3761760484771168,2.0557287607170696,1.0444271239282932,0.4474431818181818,0.0,,1,Yves Bissouma,Tottenham,Premier League,28.0,1996.0,MF,2025-2026,2024-2025,100.0,exact,Yves Bissouma,Tottenham Hotspur,1996-08-30,10.0,30.1,,CDM,MF,Yves Bissouma,9.68,5.16,14.04,-0.32,-0.0294,-2.9,0,0,0,1,0,0,0,1,0,0,0,0,0
yvon mvogo|1994,8112.0,4,0.0,0.0,0.0,,0.0,0.0,0.0,0.0,0.0,0.026120606256046435,0.40573770491803274,0.0,,3.1274544805426636,,0,Yvon Mvogo,Lorient,Ligue 1,32.0,1994.0,GK,2026-2027,,100.0,exact,Yvon Mvogo,FC Lorient,1994-06-06,2.5,32.3,0.7529089664613279,GK,GK,Yvon Mvogo,1.84,0.93,4.33,-0.66,-0.208,-18.8,0,0,1,0,0,0,0,0,0,0,1,0,0
zaid romero|1999,1865.0,2,0.04601088623582835,0.0,,,0.6671608598962194,0.1334321719792439,,,,1.9920007217393916,,,,,,0,Zaid Romero,Getafe,La Liga,26.0,1999.0,DF,2026-2027,,100.0,exact,Zaid Romero,Club Brugge KV,1999-12-15,2.5,26.8,3.753593429158111,CB,DF,Zaid Romero,9.29,2.94,15.22,6.79,1.0784,194.0,0,1,0,0,0,0,1,0,0,0,0,0,0
zakaria aboukhlal|2000,5639.0,4,0.28772050008563105,0.08734372324028086,0.44175177822360023,0.07574960547080484,2.711080664497345,1.0023952095808384,2.357514134597848,1.6947838774393582,1.0915557176728068,0.3665011132043157,0.5129491154477476,0.7776308590187855,1.0415570752235666,0.0,,1,Zakaria Aboukhlal,Torino,Serie A,25.0,2000.0,"MF,FW",2025-2026,2024-2025,100.0,exact,Zakaria Aboukhlal,Torino FC,2000-02-18,6.0,26.6,2.754277891854894,CAM,"MF,FW",Zakaria Aboukhlal,9.39,6.37,23.58,3.39,0.3948,48.4,0,0,0,0,1,1,0,0,0,0,0,0,0
ze pedro figueiredo|1997,2101.0,2,0.0,0.04143758632830485,,,0.37080635668040024,0.0,,,,0.9750020312542318,,,,,,0,Zé Pedro Figueiredo,Cagliari,Serie A,29.0,1997.0,DF,2026-2027,,90.0,fuzzy,Zé Pedro,Cagliari Calcio,1997-06-06,3.0,29.3,1.754962354551677,CB,DF,Zé Pedro Figueiredo,2.42,1.53,5.02,-0.58,-0.1577,-14.6,0,0,0,0,1,0,1,0,0,0,0,0,0
zeki amdouni|2000,2026.0,2,0.21521947071952385,0.043043894143904776,0.2672811059907834,,2.310022319056223,1.2328767123287672,2.903225806451613,2.2580645161290325,1.2442396313364055,0.387395047295143,0.46082949308755755,1.0599078341013826,,0.0,,0,Zeki Amdouni,Burnley,Premier League,24.0,2000.0,"FW,MF",2025-2026,,100.0,exact,Zeki Amdouni,Burnley FC,2000-12-04,7.0,25.8,1.754962354551677,WINGER,"FW,MF",Zeki Amdouni,9.32,5.47,17.35,2.32,0.2551,29.1,0,0,0,1,0,0,0,0,0,0,0,0,1
zeki celik|1997,10275.0,6,0.01833705248859998,0.07946056078393327,0.02479338842975207,0.06382978723404256,0.6014592365443586,0.1428212486279903,1.4987882930466665,4.270800969365563,2.5184862983906044,0.8129426603279324,3.0218107251600075,1.3067793450568572,1.196808510638298,0.0,,1,Zeki Çelik,Juventus,Serie A,29.0,1997.0,"MF,DF",2026-2027,2024-2025,100.0,exact,Zeki Çelik,Associazione Sportiva Roma,1997-02-17,14.0,29.6,,CDM,"MF,DF",Zeki Çelik,5.99,2.93,12.42,-8.01,-0.7633,-53.4,0,0,0,0,1,0,0,1,0,0,0,0,0
zian flemming|1998,1768.0,1,0.5599547511312217,0.0,,,2.6470588235294117,1.0690045248868778,,,,0.30542986425339363,,,,,,0,Zian Flemming,Burnley,Premier League,26.0,1998.0,FW,2025-2026,,100.0,exact,Zian Flemming,Burnley FC,1998-08-01,12.0,28.2,2.754277891854894,ST,FW,Zian Flemming,13.74,7.58,21.89,1.74,0.1258,13.4,0,0,0,1,0,0,0,0,0,0,0,1,0
zion suzuki|2002,5474.0,3,0.0,0.0,0.0,0.0,0.0,0.0,0.0,0.0,0.02715751357875679,0.0,0.9505129752564876,0.0,0.3530476765238383,2.921744795200999,0.010863005431502716,1,Zion Suzuki,Aston Villa,Premier League,24.0,2002.0,GK,2026-2027,2024-2025,100.0,exact,Zion Suzuki,Parma Calcio 1913,2002-08-21,20.0,24.1,2.754277891854894,GK,GK,Zion Suzuki,27.52,13.09,35.77,7.52,0.3061,35.8,0,0,0,1,0,0,0,0,0,0,1,0,0
zito luvumbo|2002,4389.0,3,0.10604131430417513,0.17958609680545787,0.14839028964367576,0.17372353673723537,1.9070333136960527,0.6998604266955307,3.926599291519066,1.3877891227339028,0.49463429881225257,0.1334068147697687,0.164096686809752,0.553240258387164,0.33623910336239105,0.0,,1,Zito Luvumbo,Mallorca,La Liga,23.0,2002.0,"FW,MF",2025-2026,2024-2025,100.0,exact,Zito Luvumbo,RCD Mallorca,2002-03-09,3.0,24.6,0.7529089664613279,WINGER,"FW,MF",Zito Luvumbo,4.3,2.48,19.17,1.3,0.2809,32.4,0,1,0,0,0,0,0,0,0,0,0,0,1
