id,player_name,games,time,goals,xG,assists,xA,shots,key_passes,yellow_cards,red_cards,position,team_title,npg,npxG,xGChain,xGBuildup,league,season
8260,Erling Haaland,31,2581,27,31.65399668365717,5,4.7517555598169565,122,29,1,0,F S,Manchester City,20,25.56464628130197,30.19725350290537,3.128645434975624,Premier League,2023-2024
8497,Cole Palmer,34,2640,22,17.83224501274526,11,11.869294486939909,108,72,7,0,F M S,"Chelsea,Manchester City",13,10.981725485995412,31.036520244553685,15.302413104102015,Premier League,2023-2024
5232,Alexander Isak,30,2305,21,22.07426631450653,2,3.652040131390095,78,27,1,0,F S,Newcastle United,16,17.507253035902977,24.041151970624924,5.754798140376806,Premier League,2023-2024
1679,Dominic Solanke,38,3346,19,21.40683087334037,3,3.5437498800456524,109,39,3,0,F S,Bournemouth,17,19.12332433462143,22.5880119279027,4.080137750133872,Premier League,2023-2024
6055,Phil Foden,35,2895,19,11.307983005419374,8,8.51623285189271,105,73,2,0,F M S,Manchester City,19,11.307983005419374,30.41696721315384,16.99899828247726,Premier League,2023-2024
8865,Ollie Watkins,37,3250,19,19.26459836959839,13,7.745744535699487,106,45,4,0,F,Aston Villa,19,19.26459836959839,29.22941774129868,5.899641819298267,Premier League,2023-2024
1250,Mohamed Salah,32,2556,18,21.94127439334989,10,12.332044444978235,114,66,2,0,F S,Liverpool,13,16.613166783005,31.87509580329061,8.363566914573312,Premier League,2023-2024
453,Son Heung-Min,35,2989,17,12.978620901703836,10,13.341020658612251,85,69,1,0,F M S,Tottenham,15,11.45628322660923,30.115575216710567,10.445971379056571,Premier League,2023-2024
1776,Jarrod Bowen,34,3026,16,13.498636420816185,6,6.437707958742976,85,32,2,0,F M,West Ham,16,13.498636420816185,17.76942592486739,2.457054629921913,Premier League,2023-2024
5735,Jean-Philippe Mateta,35,2303,16,12.290523625910282,5,3.52706278860569,46,32,3,0,F S,Crystal Palace,14,10.768185935914516,15.486321330070496,2.852151058614254,Premier League,2023-2024
7322,Bukayo Saka,35,2990,16,16.807056225836277,8,11.325986489653587,107,89,4,0,F,Arsenal,10,12.240043208003044,30.35759701579809,13.228619534522297,Premier League,2023-2024
4456,Chris Wood,31,1797,14,13.364272002130749,1,1.987032251432538,48,22,0,0,F S,Nottingham Forest,14,13.364272002130749,15.345352198928596,0.9163662036880852,Premier League,2023-2024
10048,Nicolas Jackson,35,2818,14,19.860593939200044,5,5.2836981769651175,80,36,10,0,F M S,Chelsea,14,19.860593939200044,27.91725537180901,7.270463835448027,Premier League,2023-2024
5220,Kai Havertz,37,2651,13,13.465729914605618,7,5.814370539039373,69,45,11,0,F M S,Arsenal,12,12.704561084508896,24.790123470127583,9.346141943708062,Premier League,2023-2024
5786,Yoane Wissa,34,2556,12,11.16999962553382,3,3.828521143645048,67,29,7,0,F S,Brentford,12,11.16999962553382,16.368419870734215,4.587590790353715,Premier League,2023-2024
7080,Matheus Cunha,32,2499,12,10.229120277799666,7,3.920058634132147,73,28,8,0,F M S,Wolverhampton Wanderers,11,9.467951440252364,12.98503801226616,2.336798165924847,Premier League,2023-2024
7698,Leandro Trossard,34,1649,12,9.575767548754811,1,3.252073733136058,60,24,2,0,F M S,Arsenal,12,9.575767548754811,16.976479506120086,5.5028668232262135,Premier League,2023-2024
8845,Hee-Chan Hwang,29,2154,12,8.681871520355344,3,3.1403315979987383,45,17,6,0,F M S,Wolverhampton Wanderers,11,7.920702653005719,12.023936153389512,2.623934909701348,Premier League,2023-2024
6026,Richarlison,28,1511,11,9.619059151038527,4,1.9676255472004411,61,15,3,0,F M S,Tottenham,11,9.619059151038527,12.735109627246857,2.2886698860675097,Premier League,2023-2024
8150,Anthony Gordon,35,2956,11,11.293779235333204,10,8.833045985549688,81,56,10,1,F M S,Newcastle United,10,10.53261036798358,26.570194900035855,11.442161984741688,Premier League,2023-2024
8706,Eberechi Eze,27,2097,11,9.37310928851366,4,6.844833366572857,83,54,3,0,F M S,Crystal Palace,10,8.611940443515778,16.38165108114481,6.3479389026761055,Premier League,2023-2024
10720,Darwin Núñez,36,2037,11,19.187851031310856,8,5.950456521473825,108,33,9,0,F S,Liverpool,11,18.42668213415891,25.07862750068307,5.313199203461409,Premier League,2023-2024
10846,Julián Álvarez,36,2682,11,14.373571239411833,8,5.823111834935844,98,66,2,0,F M S,Manchester City,9,12.851233504712582,27.162230297923088,13.089299127459526,Premier League,2023-2024
11717,Carlton Morris,38,2879,11,12.306741118431091,4,3.691950936801732,72,22,4,0,F M S,Luton,6,8.500896904617548,12.545526312664151,5.202579701319337,Premier League,2023-2024
1228,Bruno Fernandes,35,3121,10,10.74626663699746,8,13.15852378681302,95,113,9,0,F M,Manchester United,6,6.940422397106886,22.69340828806162,12.64676270633936,Premier League,2023-2024
5221,Leon Bailey,35,2112,10,6.4655649326741695,9,10.29915790259838,53,51,5,0,F M S,Aston Villa,10,6.4655649326741695,17.98974223807454,6.671372391283512,Premier League,2023-2024
6854,Diogo Jota,21,1164,10,6.724682793021202,3,3.19649357162416,41,23,1,1,F S,Liverpool,10,6.724682793021202,12.289753511548042,5.313873592764139,Premier League,2023-2024
9948,Michael Olise,19,1281,10,5.68741318397224,6,5.196664724498987,56,35,0,0,F M S,Crystal Palace,9,4.926244312897325,12.075153382495046,5.04660432972014,Premier League,2023-2024
11055,Rasmus Højlund,30,2210,10,9.338883213698864,2,1.779460173100233,38,28,2,0,F S,Manchester United,10,9.338883213698864,11.463255237787962,2.9498381465673447,Premier League,2023-2024
11718,Elijah Adebayo,27,1422,10,6.630781220272183,0,0.8136616554111242,31,14,1,0,F M S,Luton,10,6.630781220272183,8.281278105452657,1.9411640595644712,Premier League,2023-2024
468,Callum Wilson,20,963,9,10.12450959533453,1,0.9339367430657148,35,8,3,0,F S,Newcastle United,7,8.602172024548054,10.547705547884108,1.8611295819282527,Premier League,2023-2024
6122,Douglas Luiz,35,3043,9,7.572099968791008,5,5.288189608603716,48,53,12,0,M,Aston Villa,5,4.527424611151218,17.31126916781068,13.624405791983008,Premier League,2023-2024
6552,Bryan Mbeumo,25,1954,9,9.158370908349752,6,5.14017678797245,53,32,2,0,F S,Brentford,6,6.874864336103201,15.155989956110716,6.123919734731317,Premier League,2023-2024
8272,João Pedro,31,2026,9,11.918903339654207,3,5.4223863165825605,75,37,2,0,F M S,Brighton,5,8.113133335486054,17.548418318852782,7.590120053850114,Premier League,2023-2024
10717,Rodrigo Muniz,26,1602,9,8.481916300952435,1,1.3883774541318417,72,16,1,0,F S,Fulham,9,8.481916300952435,9.755544383078814,2.1016076635569334,Premier League,2023-2024
618,Raheem Sterling,31,1987,8,8.573790527880192,4,4.971372967585921,51,30,7,0,F M S,Chelsea,8,8.573790527880192,19.289956534281373,8.898095147684216,Premier League,2023-2024
2496,Rodri,34,2967,8,4.294270480051637,9,5.32604681327939,62,50,8,1,M,Manchester City,8,4.294270480051637,31.6230084002018,26.291744768619537,Premier League,2023-2024
2517,Martin Odegaard,35,3117,8,7.670226177200675,10,11.577396512031555,77,102,2,0,M,Arsenal,6,6.147925289347768,29.81505699455738,18.13802364096045,Premier League,2023-2024
6456,Callum Hudson-Odoi,29,1844,8,3.01959465444088,1,3.0873287972062826,38,36,0,0,F M S,Nottingham Forest,8,3.01959465444088,12.357455093413591,6.948451370000839,Premier League,2023-2024
6691,Dejan Kulusevski,36,2787,8,5.835474932566285,3,8.615606566891074,57,65,7,0,F M S,Tottenham,8,5.835474932566285,23.71713701635599,12.507268408313394,Premier League,2023-2024
10408,Luis Díaz,37,2706,8,12.864595355466008,5,6.482230054214597,94,64,3,0,F S,Liverpool,8,12.864595355466008,24.42669267952442,10.309036564081907,Premier League,2023-2024
11296,Cody Gakpo,35,1640,8,8.769219513982534,5,4.2288118079304695,66,25,1,0,F M S,Liverpool,8,8.769219513982534,17.55027423426509,6.47403072565794,Premier League,2023-2024
11363,Antoine Semenyo,33,2141,8,6.423830641433597,2,3.799709178507328,70,29,7,0,M S,Bournemouth,8,6.423830641433597,15.41077795997262,5.712709335610271,Premier League,2023-2024
12027,Mohammed Kudus,33,2490,8,5.177267018705607,6,3.5089522134512663,66,28,6,0,F M S,West Ham,8,5.177267018705607,11.516938520595431,4.337017804384232,Premier League,2023-2024
556,Marcus Rashford,33,2292,7,7.661536030471325,2,2.390108224004507,62,24,2,0,F M S,Manchester United,5,6.13919834792614,12.686340739950538,4.950286580249667,Premier League,2023-2024
843,James Ward-Prowse,37,3025,7,5.63929136376828,7,8.108484361320734,44,64,4,0,M S,West Ham,5,4.116953688673675,11.991799759678544,7.065227452665567,Premier League,2023-2024
1726,Abdoulaye Doucouré,32,2678,7,10.20444649644196,1,2.55271128565073,47,33,7,0,M,Everton,7,10.20444649644196,13.33745107613504,5.22493714094162,Premier League,2023-2024
3697,Odsonne Edouard,30,1534,7,7.869511350989342,0,1.0359194399788976,51,18,4,0,F M S,Crystal Palace,7,7.869511350989342,8.31682275235653,2.1359799914062023,Premier League,2023-2024
4105,Raúl Jiménez,24,1423,7,5.9900733437389135,0,1.6923745833337307,41,11,3,1,F S,Fulham,7,5.9900733437389135,7.9016893692314625,1.7369755171239376,Premier League,2023-2024
5553,Declan Rice,38,3256,7,3.186093623749912,8,5.895036246627569,58,47,5,0,M S,Arsenal,7,3.186093623749912,19.678100544027984,16.131323732435703,Premier League,2023-2024
5555,Dominic Calvert-Lewin,32,2234,7,13.627293583005669,2,3.068425781559199,73,19,2,0,F S,Everton,5,12.104955926537514,11.614983171224594,1.8352613244205715,Premier League,2023-2024
5560,Scott McTominay,32,1861,7,6.777370238676667,1,1.0619673654437063,44,11,2,0,F M S,Manchester United,7,6.777370238676667,9.31455492042005,3.7229946237057447,Premier League,2023-2024
6963,Justin Kluivert,32,2029,7,7.296913180500269,1,1.6692864689975977,56,21,5,0,M S,Bournemouth,7,7.296913180500269,11.757105719298124,4.571535241790116,Premier League,2023-2024
8288,Tomas Soucek,37,2885,7,7.466816443949938,2,2.1494441609829664,42,20,7,0,M S,West Ham,7,7.466816443949938,12.123065176419914,6.039048316888511,Premier League,2023-2024
8327,Bruno Guimarães,37,3292,7,4.978310074657202,8,7.888791332021356,48,62,8,0,M,Newcastle United,7,4.978310074657202,23.880530774593357,18.56961396895349,Premier League,2023-2024
10552,Alejandro Garnacho,36,2601,7,9.865097627043724,4,5.915270071476698,100,46,4,0,M S,Manchester United,7,9.865097627043724,18.36983707919717,5.970016654580832,Premier League,2023-2024
531,Michail Antonio,26,1775,6,6.025665767490864,2,1.559285182505846,30,9,6,0,F S,West Ham,6,6.025665767490864,8.23398894816637,2.5248712673783302,Premier League,2023-2024
1736,Oliver McBurnie,21,1290,6,7.429724760353565,3,2.1915900241583586,33,12,3,2,F S,Sheffield United,4,5.907387010753155,6.99262013938278,2.891832641325891,Premier League,2023-2024
3621,Neal Maupay,31,1381,6,7.23018298856914,3,2.382636667229235,42,16,8,0,F S,"Brentford,Everton",6,7.23018298856914,11.593444548547268,3.028178656473756,Premier League,2023-2024
3635,Bernardo Silva,33,2599,6,4.0968160554766655,9,8.528519937768579,34,65,8,0,M S,Manchester City,6,4.0968160554766655,24.37213490717113,15.577253567054868,Premier League,2023-2024
5355,Jacob Bruun Larsen,32,1272,6,5.2944221664220095,0,1.4546170141547918,44,25,1,0,F M S,Burnley,5,4.533253343775868,7.313723993487656,2.519299939274788,Premier League,2023-2024
6556,Moussa Diaby,38,2233,6,6.457844961434603,8,8.6211255826056,54,46,1,0,F M S,Aston Villa,6,6.457844961434603,17.952719137072563,6.211081475019455,Premier League,2023-2024
6827,Bobby Reid,33,1431,6,5.469232198782265,2,1.5773739200085402,33,17,4,0,F M S,Fulham,6,5.469232198782265,6.414783387444913,1.6770686488598583,Premier League,2023-2024
7078,Sean Longstaff,35,2748,6,7.077314300462604,2,3.0185976549983025,41,20,7,0,M S,Newcastle United,6,7.077314300462604,17.2361901816912,9.9536661230959,Premier League,2023-2024
7723,John McGinn,35,3053,6,4.672283694148064,4,5.626847393810749,40,45,9,1,M,Aston Villa,6,4.672283694148064,20.780676677823067,13.845141869038343,Premier League,2023-2024
7752,Gabriel Martinelli,35,2056,6,7.119670176878572,4,5.322934284806252,58,46,1,0,F S,Arsenal,6,7.119670176878572,16.80896869674325,6.638341135345399,Premier League,2023-2024
7814,Taiwo Awoniyi,20,1066,6,5.060870740562677,3,1.6294344998896122,22,10,2,0,F S,Nottingham Forest,6,5.060870740562677,6.060688458383083,1.5500111253932118,Premier League,2023-2024
10177,Evan Ferguson,27,1364,6,3.9660524409264326,0,0.6511713527143002,33,6,1,0,F S,Brighton,6,3.9660524409264326,6.868808541446924,2.484281620942056,Premier League,2023-2024
11710,Simon Adingra,31,2256,6,5.096701676025987,1,3.30205356515944,52,33,3,0,D F M S,Brighton,6,5.096701676025987,13.104233894497156,6.308099476620555,Premier League,2023-2024
11815,Ben Brereton Díaz,14,1134,6,6.060540288686752,1,1.6426486261188984,35,8,3,0,F M,Sheffield United,5,5.29937145113945,7.229928359389305,1.5459889732301235,Premier League,2023-2024
500,Alex Iwobi,32,2398,5,5.662265548482537,2,4.8107705460861325,55,52,2,0,M S,"Everton,Fulham",5,5.662265548482537,16.545354936271906,8.541501207277179,Premier League,2023-2024
501,Danny Welbeck,29,1723,5,6.242080001160502,1,2.18816620670259,40,22,4,0,F M S,Brighton,5,6.242080001160502,13.546813283115624,7.474573427811265,Premier League,2023-2024
592,Ross Barkley,32,2627,5,4.483209175989032,4,4.823556295596063,66,43,6,0,M S,Luton,5,4.483209175989032,11.16435156017542,5.912003388628364,Premier League,2023-2024
6482,Eddie Nketiah,27,1036,5,5.057408779859543,2,1.209644090384245,38,9,3,0,F S,Arsenal,5,5.057408779859543,5.851144388318062,0.9911122377961874,Premier League,2023-2024
6681,Harvey Barnes,21,738,5,3.467865003272891,3,4.21071451343596,27,13,3,0,F M S,Newcastle United,5,3.467865003272891,9.07958210259676,2.550239199772477,Premier League,2023-2024
6857,Morgan Gibbs-White,37,3177,5,6.069625414907932,10,9.522167706862092,71,74,9,0,F M S,Nottingham Forest,4,5.308456636965275,18.27287240326405,9.268674820661545,Premier League,2023-2024
7218,Cristian Romero,33,2796,5,3.9851038865745063,0,0.3418706227093935,24,7,7,1,D,Tottenham,5,3.9851038865745063,17.811701461672783,16.453976824879646,Premier League,2023-2024
7498,Lyle Foster,24,1938,5,5.608147136867046,3,1.4990256652235985,34,19,0,1,F M S,Burnley,5,5.608147136867046,8.676230592653155,2.611631980165839,Premier League,2023-2024
8379,Alexis Mac Allister,33,2661,5,3.998983211815357,5,3.578091200441122,44,47,7,1,M S,Liverpool,4,3.237814389169216,22.71393956243992,18.186699956655502,Premier League,2023-2024
9040,Conor Gallagher,37,3171,5,4.717563968151808,7,5.792711144313216,48,52,7,1,M,Chelsea,5,4.717563968151808,25.90884201787412,18.712417108938094,Premier League,2023-2024
9524,Anthony Elanga,36,2430,5,6.7731207851320505,9,7.090984374284744,54,33,1,0,F M S,Nottingham Forest,5,6.7731207851320505,17.626320507377386,5.61586544662714,Premier League,2023-2024
10760,Brennan Johnson,35,2350,5,12.170278270728886,10,7.638319082558155,53,46,3,0,F M S,"Nottingham Forest,Tottenham",5,12.170278270728886,21.61685962975025,3.084777120500803,Premier League,2023-2024
11305,Mykhailo Mudryk,31,1563,5,5.111277528107166,2,3.8853818774223328,35,32,5,0,F M S,Chelsea,5,5.111277528107166,10.99068268481642,4.357236756011844,Premier League,2023-2024
11357,Noni Madueke,23,1066,5,3.003602419048548,2,2.160680465400219,32,20,2,0,M S,Chelsea,4,2.242433581501245,7.7808678727597,4.740718839690089,Premier League,2023-2024
11366,Jhon Durán,23,394,5,1.9487376604229207,0,0.2149669798091054,20,4,5,0,F S,Aston Villa,5,1.9487376604229207,3.182466324418783,1.1166265159845352,Premier League,2023-2024
11701,Zeki Amdouni,34,2025,5,6.100483123213053,1,1.494755046442151,49,16,2,0,F M S,Burnley,4,5.339314285665751,7.888359908014536,2.6891510486602783,Premier League,2023-2024
76,Fabian Schär,36,3057,4,2.679914410226047,1,1.2247396316379309,35,9,5,0,D S,Newcastle United,4,2.679914410226047,13.900441944599152,13.216225143522024,Premier League,2023-2024
239,Pascal Groß,36,3107,4,6.07863125950098,10,8.449651076458395,55,101,6,0,D M S,Brighton,3,5.317462421953678,23.86568094044924,17.94647761248052,Premier League,2023-2024
447,Kevin De Bruyne,18,1233,4,2.578734993934632,10,11.979073725640774,44,58,2,0,M S,Manchester City,4,2.578734993934632,15.635810784995556,7.777100384235382,Premier League,2023-2024
668,Idrissa Gueye,25,1930,4,1.66155200637877,0,1.0346810910850763,26,15,8,0,M S,Everton,4,1.66155200637877,7.90418847836554,5.927652306854725,Premier League,2023-2024
672,Jordan Ayew,35,2563,4,4.262499047443271,7,4.95881259907037,48,25,7,1,F M S,Crystal Palace,4,4.262499047443271,10.702397212386131,5.5203778790310025,Premier League,2023-2024
700,Willian,31,2080,4,5.017656198702753,2,4.14518438372761,45,45,1,0,F M S,Fulham,2,3.495318523608148,13.592191327363253,9.297335214912891,Premier League,2023-2024
998,Ivan Toney,17,1447,4,7.132677088491619,2,2.186188329011202,51,13,5,0,F S,Brentford,4,7.132677088491619,7.6502086371183395,1.1057295147329569,Premier League,2023-2024
1299,Mario Lemina,35,3002,4,4.610754423774779,1,1.7865049708634615,48,20,10,1,M S,Wolverhampton Wanderers,4,4.610754423774779,8.971558410674334,6.0500337686389685,Premier League,2023-2024
2199,Pablo Sarabia,30,1763,4,5.981299871578813,7,6.066077848896384,46,52,5,0,F M S,Wolverhampton Wanderers,2,4.458962256088853,10.232647370547056,3.582952373661101,Premier League,2023-2024
5543,Gabriel Jesus,27,1496,4,7.291733928024769,5,4.235467437654734,55,28,6,0,F S,Arsenal,4,7.291733928024769,15.054804097861052,5.210432682186365,Premier League,2023-2024
5596,Harry Wilson,35,1576,4,2.819539733231068,6,3.1505596097558737,39,22,6,0,F M S,Fulham,4,2.819539733231068,7.545763581991196,3.50857000797987,Premier League,2023-2024
6818,James Maddison,28,2206,4,6.2975962068885565,9,7.142374597489834,57,66,5,0,M S,Tottenham,4,6.2975962068885565,20.873470183461905,12.04095826484263,Premier League,2023-2024
7298,Ben White,37,3024,4,2.015913512557745,4,4.758832193911076,13,38,8,0,D S,Arsenal,4,2.015913512557745,20.14929211512208,17.290449742227793,Premier League,2023-2024
7365,Lucas Paquetá,31,2676,4,4.605092185549438,6,5.833031775429845,42,41,10,0,F M,West Ham,2,3.082754510454833,13.320021394640207,7.106406299397349,Premier League,2023-2024
7439,Tahith Chong,33,1978,4,3.5191842010244727,0,0.43756147287786,30,9,4,0,D F M S,Luton,4,3.5191842010244727,5.8977455431595445,3.575332073494792,Premier League,2023-2024
8323,Josh Brownhill,33,2229,4,1.8306225752457976,2,1.8270882591605184,28,34,4,1,M S,Burnley,4,1.8306225752457976,6.495785586535931,4.306291623972356,Premier League,2023-2024
9790,Josko Gvardiol,28,2335,4,3.0817854246124625,1,2.115578116849065,32,19,3,0,D S,Manchester City,4,3.0817854246124625,18.244669392704964,14.99465874582529,Premier League,2023-2024
9912,Cameron Archer,30,1870,4,5.785084556788206,1,2.983854740858078,41,24,2,0,F M S,"Aston Villa,Sheffield United",4,5.785084556788206,9.17532782163471,1.594775709323585,Premier League,2023-2024
10715,João Palhinha,33,2742,4,3.245512000285089,1,0.8451391234993935,44,12,13,0,M S,Fulham,4,3.245512000285089,11.165684594772756,9.492066229693592,Premier League,2023-2024
10864,Marcos Senesi,31,2253,4,2.3658602572977543,5,1.8848512191325424,13,22,13,0,D S,Bournemouth,4,2.3658602572977543,8.664394936524332,7.699831395410001,Premier League,2023-2024
11295,David Datro Fofana,15,876,4,4.029318623244762,1,1.4943999461829662,19,8,1,0,F S,Burnley,4,4.029318623244762,4.770294601097703,0.415885504335165,Premier League,2023-2024
11719,Chiedozie Ogbene,30,1984,4,4.80650751106441,1,3.4691168274730444,35,27,1,0,D F M S,Luton,4,4.80650751106441,10.154046710580587,3.82931049913168,Premier League,2023-2024
11839,Gustavo Hamer,36,2986,4,2.414116295985877,6,6.986010514199734,49,68,9,0,F M S,Sheffield United,4,2.414116295985877,9.918377881404012,4.241241263225675,Premier League,2023-2024
675,Jack Grealish,20,975,3,2.3835059702396397,1,2.7743227388709784,22,26,6,0,M S,Manchester City,3,2.3835059702396397,11.642571322619917,7.49614975694567,Premier League,2023-2024
922,Andreas Pereira,37,2756,3,5.155889482237399,7,6.918029231950641,52,83,7,0,M S,Fulham,3,5.155889482237399,15.476547078229489,7.726291726343334,Premier League,2023-2024
935,Kurt Zouma,33,2849,3,2.339608912356198,0,0.1828841548413038,16,4,3,0,D S,West Ham,3,2.339608912356198,3.844586410559714,3.714732094667852,Premier League,2023-2024
1688,Andrew Robertson,23,1684,3,2.4325872622430325,2,6.65541476290673,12,62,2,0,D S,Liverpool,3,2.4325872622430325,15.87774301506579,10.361629979684947,Premier League,2023-2024
1791,Trent Alexander-Arnold,28,2190,3,2.745258178561926,4,8.361615665256977,47,64,6,0,D S,Liverpool,3,2.745258178561926,19.35842103511095,14.500512413680552,Premier League,2023-2024
3288,Thiago Silva,31,2530,3,0.7915211245417595,1,1.4041369603946805,14,9,4,0,D S,Chelsea,3,0.7915211245417595,14.303374078124762,14.190275978296995,Premier League,2023-2024
3300,Christopher Nkunku,11,416,3,2.412173550575972,0,0.2275804504752159,16,3,0,0,F M S,Chelsea,3,2.412173550575972,4.83782403729856,2.7286274563521147,Premier League,2023-2024
5613,Gabriel,36,3050,3,4.025354804471135,0,0.8747859355062246,31,3,4,0,D S,Arsenal,3,4.025354804471135,13.232404409907758,12.333239757455884,Premier League,2023-2024
6048,Lewis Dunk,33,2895,3,2.9649088978767395,1,1.1697372319176793,34,13,7,1,D,Brighton,3,2.9649088978767395,13.593212680891156,13.529502967372537,Premier League,2023-2024
6049,Solly March,7,571,3,2.7198847085237503,1,0.9913322664797306,14,7,1,0,D M,Brighton,3,2.7198847085237503,4.9072911739349365,2.40057972073555,Premier League,2023-2024
6063,Jacob Murphy,21,1216,3,2.8978680092841387,7,5.225788880139589,30,31,1,0,D F M S,Newcastle United,3,2.8978680092841387,11.551701165735722,4.93473332002759,Premier League,2023-2024
6756,Dwight McNeil,35,2914,3,3.64070400595665,6,10.325187070295216,57,69,2,0,D M S,Everton,3,3.64070400595665,14.694117410108449,5.355050271376967,Premier League,2023-2024
6912,Pedro Porro,35,3101,3,2.83508870145306,7,7.285218555480242,53,52,3,0,D,Tottenham,3,2.83508870145306,20.235827142372727,15.794150441884996,Premier League,2023-2024
7166,Mathias Jensen,32,2294,3,0.689183003269136,3,4.908007476478815,14,41,5,0,M S,Brentford,3,0.689183003269136,11.096407827921212,9.512499671429396,Premier League,2023-2024
7420,Miguel Almirón,33,1967,3,5.132560992613435,1,3.0761873684823517,41,25,2,0,F S,Newcastle United,3,5.132560992613435,12.225016118958592,5.606135703623295,Premier League,2023-2024
7546,Harvey Elliott,34,1268,3,2.5765033923089504,6,4.262343382462859,49,36,2,0,F M S,Liverpool,3,2.5765033923089504,14.047137239947917,9.563051972538233,Premier League,2023-2024
8476,Jarrad Branthwaite,35,3122,3,1.9108920088037848,0,0.9319860828109086,14,4,8,0,D,Everton,3,1.9108920088037848,6.321832184214145,6.261263381689787,Premier League,2023-2024
8720,Jack Harrison,29,2229,3,4.149862082675099,3,4.3471535332500935,34,27,1,0,M S,Everton,3,4.149862082675099,8.462419219315052,2.3600274678319693,Premier League,2023-2024
8756,Dara O&#039;Shea,33,2899,3,0.9073518002405764,4,1.6444027656689286,19,13,5,1,D S,Burnley,3,0.9073518002405764,4.856452916748822,4.503178563900292,Premier League,2023-2024
8981,Jéremy Doku,29,1616,3,3.76985201984644,8,5.476052410900593,56,45,3,0,D M S,Manchester City,3,3.76985201984644,14.622362297028303,7.702265929430723,Premier League,2023-2024
9021,Pape Sarr,34,2141,3,3.842421315610409,3,2.0322468373924494,36,20,9,0,M S,Tottenham,3,3.842421315610409,16.10821724496782,11.238362627103925,Premier League,2023-2024
9205,Jayden Bogle,34,2817,3,2.602401724085212,0,0.7326478343456984,32,10,8,0,D M S,Sheffield United,3,2.602401724085212,5.202804431319237,2.6289064050652087,Premier League,2023-2024
9788,Dominik Szoboszlai,33,2135,3,3.519060474820435,2,5.657645266503096,60,55,1,0,M S,Liverpool,3,3.519060474820435,21.230980657041076,15.891304083168508,Premier League,2023-2024
9983,Beto,30,898,3,7.16694748448208,0,1.1942407237365842,43,11,2,0,F S,Everton,3,6.405778587330133,7.352622885257006,1.000561224296689,Premier League,2023-2024
10050,Micky van de Ven,27,2345,3,0.9709036685526372,0,0.0354084856808185,8,1,5,0,D,Tottenham,3,0.9709036685526372,10.605861792340876,10.423011044040322,Premier League,2023-2024
10126,James McAtee,31,1848,3,3.202349577099085,3,3.065165574662388,26,28,2,0,F M S,"Manchester City,Sheffield United",2,2.4411807619035244,7.374102478846908,2.796986948233098,Premier League,2023-2024
10741,Marcus Tavernier,30,2163,3,4.385046798735857,4,6.264871651306748,53,44,3,0,F M S,Bournemouth,3,4.385046798735857,14.908875443041325,7.105101251974702,Premier League,2023-2024
10806,Kaoru Mitoma,19,1482,3,4.680040899664164,4,3.3876203782856464,34,25,4,0,D F M S,Brighton,3,4.680040899664164,14.050323814153671,8.15176310762763,Premier League,2023-2024
10809,Keane Lewis-Potter,30,1432,3,8.581757307052612,1,1.6146608591079712,43,13,0,0,D F S,Brentford,3,8.581757307052612,9.344955435022712,1.25881989300251,Premier League,2023-2024
10822,Wilson Odobert,29,2150,3,2.5438556540757418,2,4.427815416827798,49,31,3,0,F M S,Burnley,3,2.5438556540757418,10.004786113277078,4.203309727832675,Premier League,2023-2024
11174,Kobbie Mainoo,24,1980,3,0.7737709768116474,1,0.8450042605400085,11,15,3,0,M,Manchester United,3,0.7737709768116474,5.0805817022919655,3.867461297661066,Premier League,2023-2024
11269,Jack Hinshelwood,12,890,3,2.163621000945568,0,0.8382504060864449,14,8,1,0,D M S,Brighton,3,2.163621000945568,4.8760778196156025,2.707413336262107,Premier League,2023-2024
11356,Enzo Fernández,28,2237,3,6.147583088837564,2,3.558830797672272,47,32,7,0,M S,Chelsea,2,4.62524542491883,18.34273999929428,12.553447233512998,Premier League,2023-2024
11362,Facundo Buonanotte,27,1408,3,2.974676702171564,1,2.304281622171402,21,19,7,0,F M S,Brighton,3,2.974676702171564,6.951848786324263,3.328327503055334,Premier League,2023-2024
12412,Morgan Rogers,11,652,3,1.086574248969555,1,0.90475139208138,11,9,3,0,M S,Aston Villa,3,1.086574248969555,3.6785017512738714,2.2780009116977453,Premier League,2023-2024
65,Timo Werner,13,827,2,4.212947295978665,3,3.4769514203071594,29,15,1,0,F M S,Tottenham,2,4.212947295978665,10.507240116596222,3.767841313034296,Premier League,2023-2024
87,Joelinton,20,1289,2,2.559178806841373,1,2.958754763007164,19,23,6,0,F M S,Newcastle United,2,2.559178806841373,10.31060659699142,6.361314440146089,Premier League,2023-2024
579,Nathan Aké,29,2046,2,2.18010578583926,2,1.736834991723299,20,10,0,0,D S,Manchester City,2,2.18010578583926,13.19555415958166,12.08234017342329,Premier League,2023-2024
757,Jeffrey Schlupp,29,1370,2,1.8823988568037748,2,2.1711694821715355,19,18,1,0,F M S,Crystal Palace,2,1.8823988568037748,6.629315219819546,2.9410562105476856,Premier League,2023-2024
833,Virgil van Dijk,36,3177,2,3.299967482686043,2,1.8630620841868224,45,11,3,1,D,Liverpool,2,3.299967482686043,18.08503666892648,17.597938928753138,Premier League,2023-2024
844,Jay Rodriguez,21,781,2,4.621791888028383,1,0.1711099222302436,22,4,0,0,F S,Burnley,1,3.860623050481081,3.988340836018324,0.8826676225289702,Premier League,2023-2024
900,Adama Traoré,17,310,2,1.4920614697039127,3,0.7020887192338705,11,7,2,0,M S,Fulham,2,1.4920614697039127,1.841224255040288,0.1951187644153833,Premier League,2023-2024
1018,Josh Cullen,25,2072,2,0.532621605321765,3,1.9263525325804949,16,26,9,0,M S,Burnley,2,0.532621605321765,8.981078654527664,7.6769237499684095,Premier League,2023-2024
1654,Ben Mee,16,1290,2,1.4556071758270264,0,0.2498973030596971,10,6,1,1,D S,Brentford,2,1.4556071758270264,1.844228193163872,1.3644802905619144,Premier League,2023-2024
1687,Harry Maguire,22,1645,2,2.137907139956951,2,1.306744921952486,20,6,3,0,D S,Manchester United,2,2.137907139956951,5.5030854400247335,4.45605625025928,Premier League,2023-2024
4120,Álex Moreno,21,1033,2,1.4437588155269625,0,1.1591111738234758,8,11,2,0,D S,Aston Villa,2,1.4437588155269625,6.872497453354299,4.588940887711942,Premier League,2023-2024
5136,Estupiñán,19,1239,2,1.034091948531568,3,3.28635298833251,11,26,4,0,D S,Brighton,2,1.034091948531568,8.131439451128244,5.950095744803548,Premier League,2023-2024
5590,Tosin Adarabioyo,20,1618,2,0.9477480566129088,0,0.1365393549203872,14,2,2,0,D S,Fulham,2,0.9477480566129088,5.4755807258188725,5.466204304248095,Premier League,2023-2024
5681,Giovani Lo Celso,22,466,2,0.4979793429374695,2,1.60302646830678,13,17,2,0,M S,Tottenham,2,0.4979793429374695,3.47848142310977,2.747926991432905,Premier League,2023-2024
5956,Youri Tielemans,32,1580,2,1.0049287639558315,6,3.0543287601321936,14,18,3,0,F M S,Aston Villa,2,1.0049287639558315,10.675306875258684,8.060789976269007,Premier League,2023-2024
6034,Philip Billing,29,1359,2,2.870723254047334,2,3.7171403001993895,30,23,3,1,M S,Bournemouth,2,2.870723254047334,7.183791579678655,2.8327820003032684,Premier League,2023-2024
6219,Enes Ünal,16,283,2,4.017524182796478,2,1.2090652771294117,23,5,1,0,F S,Bournemouth,2,4.017524182796478,3.646910510957241,0.7151226531714201,Premier League,2023-2024
6221,Pau Torres,29,2467,2,1.5308636222034693,0,0.6226628543809056,12,8,1,0,D S,Aston Villa,2,1.5308636222034693,12.13946529570967,11.884302482940257,Premier League,2023-2024
6314,Joachim Andersen,38,3420,2,2.444138385821134,3,2.889101937413216,21,21,7,0,D,Crystal Palace,2,2.444138385821134,10.297365324571729,9.6244976837188,Premier League,2023-2024
6382,Pedro Neto,20,1524,2,3.287029344588518,9,5.216042526066303,36,37,4,0,F M S,Wolverhampton Wanderers,2,3.287029344588518,8.703318819403648,2.2079212702810764,Premier League,2023-2024
6490,Manuel Akanji,30,2517,2,2.200386293232441,0,0.5265345014631748,15,13,2,1,D M S,Manchester City,2,2.200386293232441,16.700940661132336,15.83909061923623,Premier League,2023-2024
6674,Rayan Ait Nouri,33,2391,2,3.2441271310672164,1,2.3514519911259413,23,25,7,0,D M S,Wolverhampton Wanderers,2,3.2441271310672164,10.710126422345638,6.927929415367544,Premier League,2023-2024
6686,Nicolo Zaniolo,25,820,2,3.7046729400753975,0,0.6395295020192862,27,10,7,0,F M S,Aston Villa,2,3.7046729400753975,5.261115295812488,1.7181058693677187,Premier League,2023-2024
6850,Willy Boly,20,1461,2,1.4704081807285547,1,1.3754375465214252,14,8,1,1,D S,Nottingham Forest,2,1.4704081807285547,4.124650048092008,3.0947159733623266,Premier League,2023-2024
6885,Axel Disasi,31,2586,2,2.678889036178589,0,0.1950406357645988,16,3,6,0,D S,Chelsea,2,2.678889036178589,14.653339916840196,14.106656992807984,Premier League,2023-2024
6888,William Saliba,38,3420,2,2.367191250436008,1,0.2489092536270618,10,6,4,0,D,Arsenal,2,2.367191250436008,16.631769336760044,16.434827260673046,Premier League,2023-2024
7083,Christian Nørgaard,31,2556,2,3.172293212264776,1,2.970704079605639,36,24,8,0,M S,Brentford,2,3.172293212264776,9.006961837410927,6.332392172887921,Premier League,2023-2024
7281,Diogo Dalot,36,3171,2,1.3286937261000276,3,3.0855262465775013,30,38,4,1,D S,Manchester United,2,1.3286937261000276,10.952797057107093,8.364923918619752,Premier League,2023-2024
7332,Max Kilman,38,3420,2,2.598186601884663,0,1.1396792819723487,14,17,7,0,D,Wolverhampton Wanderers,2,2.598186601884663,9.353960192762315,8.874694420956075,Premier League,2023-2024
7382,Dan Burn,33,2763,2,4.111052492633462,2,1.8968225196003916,23,9,4,0,D S,Newcastle United,2,4.111052492633462,15.2240951359272,13.172115057706833,Premier League,2023-2024
7395,Carlos Vinicius,13,286,2,1.6243880316615105,0,0.5761066563427448,9,5,2,0,F S,Fulham,2,1.6243880316615105,3.164248041808605,1.0699065858498216,Premier League,2023-2024
7762,Jean-Ricner Bellegarde,22,938,2,1.361364832147956,1,0.9551639519631864,15,12,0,1,D F M S,Wolverhampton Wanderers,2,1.361364832147956,3.1770667880773544,1.5232742801308632,Premier League,2023-2024
7931,Takehiro Tomiyasu,22,1106,2,1.6189159248024223,1,0.5923872366547585,17,6,0,1,D S,Arsenal,2,1.6189159248024223,3.8184002935886383,3.4134652838110924,Premier League,2023-2024
7967,Anssumane Fati,19,456,2,3.8195773735642433,0,0.6551500093191862,26,6,2,0,F M S,Brighton,2,3.8195773735642433,5.572026334702969,1.621451124548912,Premier League,2023-2024
8214,Tyrick Mitchell,37,3221,2,2.2116162590682507,3,3.6366397831588975,12,24,6,0,D,Crystal Palace,2,2.2116162590682507,12.8683971920982,8.858033265918493,Premier League,2023-2024
8252,Nicolás Domínguez,26,1543,2,1.7021510526537895,2,0.9089695196598768,22,10,4,0,M S,Nottingham Forest,2,1.7021510526537895,6.102301966398954,3.8425266593694687,Premier League,2023-2024
8635,Sven Botman,17,1383,2,0.9827942438423634,2,1.1396078020334244,10,5,2,0,D S,Newcastle United,2,0.9827942438423634,5.531088795512915,5.531088795512915,Premier League,2023-2024
8812,Sasa Kalajdzic,11,132,2,1.3522434905171394,0,1.0801250115036964,4,4,0,0,F S,Wolverhampton Wanderers,2,1.3522434905171394,2.5644532591104507,0.1592405214905738,Premier League,2023-2024
8831,Iyenoma Destiny Udogie,28,2437,2,2.81389419734478,3,2.5504489485174417,9,24,5,1,D,Tottenham,2,2.81389419734478,14.848989471793177,10.906614396721125,Premier League,2023-2024
8864,Matthew Cash,29,2142,2,4.486114578321576,2,2.969944916665554,33,13,8,0,D M S,Aston Villa,2,4.486114578321576,14.261767610907556,8.849687004461884,Premier League,2023-2024
9156,Kevin Schade,11,299,2,1.4017144106328487,1,0.9465273916721344,8,4,0,0,F S,Brentford,2,1.4017144106328487,2.113900894299149,0.1965943891555071,Premier League,2023-2024
9667,Amadou Onana,30,2093,2,2.553437914699316,0,2.4138805400580168,29,18,5,0,M S,Everton,2,2.553437914699316,10.676468232646585,8.992594484239817,Premier League,2023-2024
9677,Kristoffer Ajer,28,1845,2,1.4675675723701715,1,2.600812576711178,12,12,5,0,D S,Brentford,2,1.4675675723701715,5.710211778059602,3.668103391304612,Premier League,2023-2024
9678,Ethan Pinnock,29,2521,2,3.382065122947097,0,0.5834191367030144,19,4,1,0,D S,Brentford,2,3.382065122947097,5.525476990267634,4.471973324194551,Premier League,2023-2024
10187,Jarell Quansah,17,1182,2,1.426688393577933,0,0.0755226109176874,6,3,1,0,D S,Liverpool,2,1.426688393577933,7.204154305160046,7.149779371917248,Premier League,2023-2024
10291,Vitalii Mykolenko,28,2482,2,1.9085629284381864,0,1.246465403586626,26,13,0,0,D,Everton,2,1.9085629284381864,7.135594544932246,5.507095940411091,Premier League,2023-2024
10386,Anel Ahmedhodzic,31,2646,2,3.4643044117838144,0,0.9506413880735636,19,7,9,1,D S,Sheffield United,2,3.4643044117838144,5.8164455853402615,2.930068898946047,Premier League,2023-2024
10847,Rico Lewis,16,802,2,0.8562885001301765,0,1.764199182391167,5,13,1,0,D M S,Manchester City,2,0.8562885001301765,6.614272229373455,4.863891489803791,Premier League,2023-2024
10866,Luis Sinisterra,20,670,2,2.296443399041891,2,2.3218660429120064,27,19,0,0,M S,Bournemouth,2,2.296443399041891,4.859211741015315,2.420190142467618,Premier League,2023-2024
11317,Danilo,29,1799,2,1.6652069194242358,2,1.5294003784656525,23,20,4,0,F M S,Nottingham Forest,2,1.6652069194242358,10.227419295348229,7.997594775632024,Premier League,2023-2024
11384,João Gomes,34,2690,2,1.8554088305681944,1,1.327573673799634,26,19,11,0,M S,Wolverhampton Wanderers,2,1.8554088305681944,6.302764528430998,4.639164644293487,Premier League,2023-2024
11720,Jacob Brown,19,1031,2,3.0787864811718464,0,0.8424425385892391,25,8,4,0,F M S,Luton,2,3.0787864811718464,3.890200674533844,0.4202767349779606,Premier League,2023-2024
11722,Luke Berry,17,272,2,1.1334221102297306,1,0.0616301111876964,8,1,1,0,M S,Luton,2,1.1334221102297306,0.8148019686341286,0.2390769198536873,Premier League,2023-2024
11723,Alfie Doughty,37,2980,2,1.831780318170786,8,6.612265331670642,26,70,5,0,D S,Luton,2,1.831780318170786,11.054738521575928,7.9952765721827745,Premier League,2023-2024
12151,Gabriel Osho,21,1853,2,1.2455969844013453,0,0.0953587368130683,10,2,3,0,D,Luton,2,1.2455969844013453,2.9620273392647505,2.873757319524884,Premier League,2023-2024
461,Matt Ritchie,13,97,1,1.525990355759859,0,0.0,6,0,1,0,S,Newcastle United,1,1.525990355759859,2.365898761898279,0.8581954278051853,Premier League,2023-2024
553,Anthony Martial,13,430,1,1.0567390732467177,0,0.2762942183762789,6,6,0,0,F S,Manchester United,1,1.0567390732467177,1.701497795060277,0.4121705777943134,Premier League,2023-2024
586,John Stones,16,1060,1,0.7489623166620731,0,0.261431485414505,4,6,2,0,D M S,Manchester City,1,0.7489623166620731,6.698675032705069,6.489708628505468,Premier League,2023-2024
646,Christian Eriksen,22,1130,1,0.6886363411322236,2,2.3459482928738,13,27,1,0,M S,Manchester United,1,0.6886363411322236,5.237064341083169,3.57036822848022,Premier League,2023-2024
652,Kieran Trippier,28,2255,1,0.6469280309975147,10,8.592840051278472,8,66,5,0,D S,Newcastle United,1,0.6469280309975147,13.876140996813774,10.365714758634567,Premier League,2023-2024
660,Ben Davies,17,1067,1,2.077168807387352,0,0.3106337115168571,12,4,2,0,D S,Tottenham,1,2.077168807387352,7.61443617939949,6.318940620869398,Premier League,2023-2024
725,Ola Aina,22,1730,1,0.2965008215978741,1,0.7307851929217577,11,11,3,0,D S,Nottingham Forest,1,0.2965008215978741,6.002222128212452,5.237075835466385,Premier League,2023-2024
766,Jamaal Lascelles,16,1072,1,1.0759279876947403,0,0.0364065654575824,6,2,4,0,D S,Newcastle United,1,1.0759279876947403,3.616684731096029,3.5107219703495502,Premier League,2023-2024
775,Andros Townsend,27,1211,1,1.4216714538633823,3,1.456837410107255,20,18,1,0,F M S,Luton,1,1.4216714538633823,2.8022335171699524,1.2012790031731129,Premier League,2023-2024
804,Craig Dawson,25,2214,1,1.357585897669196,1,1.350392846390605,16,9,7,0,D,Wolverhampton Wanderers,1,1.357585897669196,4.3896971847862005,4.195270133204758,Premier League,2023-2024
986,Danny Ings,20,342,1,1.2228488996624949,0,0.3788724727928638,12,5,1,0,F M S,West Ham,1,1.2228488996624949,1.6572822146117687,0.3996972218155861,Premier League,2023-2024
1245,Emerson,36,3163,1,1.6024377886205912,2,1.5223980667069554,19,23,10,0,D S,West Ham,1,1.6024377886205912,8.584011431783438,6.391479849815369,Premier League,2023-2024
1537,Sasa Lukic,24,1107,1,1.2816824559122324,0,0.6108460575342178,13,10,3,0,M S,Fulham,1,1.2816824559122324,4.723364921286702,3.862767720595002,Premier League,2023-2024
1653,Michael Keane,9,432,1,0.9261618256568908,0,0.0,6,0,2,0,D S,Everton,1,0.9261618256568908,0.8365163393318653,0.8365163393318653,Premier League,2023-2024
1663,Johann Berg Gudmundsson,26,1175,1,2.048229966312647,3,3.143440945073962,15,34,2,0,F M S,Burnley,1,2.048229966312647,6.296170109882951,2.9956371504813437,Premier League,2023-2024
1665,James Tarkowski,38,3420,1,3.3438648656010628,1,2.957596180029213,25,21,11,0,D,Everton,1,3.3438648656010628,6.766535404138267,6.192924220114946,Premier League,2023-2024
1823,Lucas Digne,33,2406,1,1.2978818826377392,3,2.9300744011998177,20,37,7,0,D S,Aston Villa,1,1.2978818826377392,10.579740032553673,9.227116078138351,Premier League,2023-2024
2182,Jefferson Lerma,28,2413,1,2.384976907633245,1,2.4383071903139357,34,24,8,0,D M S,Crystal Palace,1,2.384976907633245,8.658741846680641,5.520685154944658,Premier League,2023-2024
2245,Raphael Varane,22,1374,1,1.1560358591377735,0,0.0810448750853538,8,1,2,0,D S,Manchester United,1,1.1560358591377735,4.322573345154524,3.4524471573531628,Premier League,2023-2024
2248,Casemiro,25,2006,1,3.123898906633258,2,1.3856250941753387,38,16,7,0,D M S,Manchester United,1,3.123898906633258,8.275429267436266,6.855192001909018,Premier League,2023-2024
2254,Mateo Kovacic,30,1540,1,1.42939617857337,0,1.6855967957526443,22,21,4,0,M S,Manchester City,1,1.42939617857337,13.513947013765574,12.226292986422775,Premier League,2023-2024
2383,André Gomes,12,476,1,0.3153491877019405,0,0.2601973935961723,8,3,4,0,M S,Everton,1,0.3153491877019405,1.3486489057540894,0.9295541495084764,Premier League,2023-2024
2958,Oleksandr Zinchenko,27,1742,1,0.5664580916054547,2,3.02644526027143,17,29,2,0,D S,Arsenal,1,0.5664580916054547,9.755152989178896,8.132995340973139,Premier League,2023-2024
3278,Maxwel Cornet,7,101,1,0.5305153168737888,0,0.1610036846250295,4,4,0,0,M S,West Ham,1,0.5305153168737888,0.6300216317176819,0.1063233092427253,Premier League,2023-2024
5973,Kenny Tete,14,880,1,1.1781789623200891,0,0.1614780435338616,4,3,2,0,D S,Fulham,1,1.1781789623200891,1.8050313368439677,1.7335399203002453,Premier League,2023-2024
5989,Moussa Niakhate,21,1446,1,1.166658602654934,0,0.0978621523827314,5,3,3,1,D S,Nottingham Forest,1,1.166658602654934,5.420620266348124,5.337864320725203,Premier League,2023-2024
6030,Zanka,14,1082,1,0.6000314559787512,0,0.9500103443861008,8,6,4,0,D S,Brentford,1,0.6000314559787512,4.571010607294738,3.7045516846701503,Premier League,2023-2024
6044,Charlie Taylor,28,2336,1,0.2403556806966662,1,1.883366331458092,10,15,8,0,D S,Burnley,1,0.2403556806966662,4.918537275865674,4.101939328014851,Premier League,2023-2024
6080,Victor Lindelöf,19,1340,1,0.4308417942374944,1,0.2853157091885805,6,8,2,0,D S,Manchester United,1,0.4308417942374944,3.862116176635027,3.649274256080389,Premier League,2023-2024
6088,Orel Mangala,20,1599,1,0.8923602215945721,0,0.2867993172258138,10,6,6,0,M S,Nottingham Forest,1,0.8923602215945721,3.66855537891388,2.841583462432027,Premier League,2023-2024
6108,Rodrigo Bentancur,23,1016,1,1.622593866661191,1,0.5037150774151087,18,8,7,0,M S,Tottenham,1,1.622593866661191,8.576564118266106,7.389497200027108,Premier League,2023-2024
6157,Timothy Castagne,34,2627,1,1.3355903550982475,3,1.5853081783279777,14,18,3,0,D S,Fulham,1,1.3355903550982475,8.171432700008154,6.209871254861355,Premier League,2023-2024
6615,Trevoh Chalobah,13,944,1,0.3591152802109718,0,0.0749409683048725,2,2,1,0,D S,Chelsea,1,0.3591152802109718,4.417237082496285,4.417237082496285,Premier League,2023-2024
6630,Joe Willock,9,419,1,1.0462103113532066,0,0.4477159287780523,7,7,0,0,M S,Newcastle United,1,1.0462103113532066,2.0969158485531807,0.6613700017333031,Premier League,2023-2024
6665,Curtis Jones,23,1152,1,2.483465351164341,1,0.9511555470526218,19,11,3,1,M S,Liverpool,1,2.483465351164341,9.832491017878056,6.74063022620976,Premier League,2023-2024
6722,Konstantinos Mavropanos,19,1490,1,0.8723389487713575,0,0.1037653312087059,12,2,2,0,D S,West Ham,1,0.8723389487713575,1.404158158227801,1.1598989609628916,Premier League,2023-2024
6820,David Brooks,13,241,1,2.203701872378588,1,0.9074392039328814,13,8,1,0,M S,Bournemouth,1,2.203701872378588,3.8162245713174334,0.9324527494609356,Premier League,2023-2024
6835,Tom Cairney,34,1427,1,1.009905599988997,4,3.1143901832401752,17,25,3,0,M S,Fulham,1,1.009905599988997,9.088703569956124,7.377049610950053,Premier League,2023-2024
6852,Matt Doherty,30,1087,1,1.1126765199005604,0,1.0989295095205307,8,12,2,0,D M S,Wolverhampton Wanderers,1,1.1126765199005604,3.6199135687202215,2.180733907967806,Premier League,2023-2024
6935,Naif Aguerd,21,1871,1,1.6546711716800928,0,0.2851862292736769,14,4,1,1,D,West Ham,1,1.6546711716800928,3.5052518025040627,3.46653238683939,Premier League,2023-2024
7069,Saman Ghoddos,19,701,1,0.302081985399127,0,1.0297286342829466,9,10,5,0,D S,Brentford,1,0.302081985399127,2.3261738447472453,2.0678049931302667,Premier League,2023-2024
7184,Tim Ream,18,1513,1,0.960849940776825,0,0.0,1,0,2,1,D S,Fulham,1,0.960849940776825,4.037653112784028,4.037653112784028,Premier League,2023-2024
7236,Leander Dendoncker,8,117,1,0.8101427890360355,0,0.0,2,0,0,0,M S,Aston Villa,1,0.8101427890360355,0.636492345482111,0.5911310315132141,Premier League,2023-2024
7430,Emerson,22,1145,1,0.1771470475941896,0,0.4156769150868058,6,3,4,0,D S,Tottenham,1,0.1771470475941896,4.4803829826414585,4.325593873858452,Premier League,2023-2024
7438,James Garner,37,3016,1,2.2248211354017258,2,5.287607742473483,41,43,7,0,M S,Everton,1,2.2248211354017258,9.332132609561086,5.183267613872886,Premier League,2023-2024
7710,Oliver Norwood,27,1413,1,0.9864262714982032,0,0.6933921938762069,15,16,8,0,M S,Sheffield United,0,0.2252942509949207,2.788633189164102,2.4070543106645346,Premier League,2023-2024
7726,Ezri Konsa Ngoyo,35,3090,1,2.3284507524222136,0,0.6873185783624649,19,8,5,0,D,Aston Villa,1,2.3284507524222136,14.659921541810036,13.562622778117657,Premier League,2023-2024
7768,Mason Mount,14,501,1,0.6238168478012085,0,0.3742097811773419,5,6,2,0,M S,Manchester United,1,0.6238168478012085,3.08113169670105,2.231110103428364,Premier League,2023-2024
7958,Sandro Tonali,8,436,1,0.8581285923719406,0,0.5521692577749491,3,7,2,0,M S,Newcastle United,1,0.8581285923719406,3.416136920452118,2.1788286715745926,Premier League,2023-2024
8066,Arnaut Danjuma Groeneveld,14,572,1,3.4230369105935097,0,0.8538514971733093,25,6,0,0,F M S,Everton,1,3.4230369105935097,4.255711138248444,0.0953724831342697,Premier League,2023-2024
8127,Amad Diallo Traore,9,375,1,0.5594709701836109,1,1.0110422410070896,10,10,1,0,M S,Manchester United,1,0.5594709701836109,2.2942124884575605,1.4572133403271437,Premier League,2023-2024
8285,Sander Berge,37,3020,1,2.122107489034533,2,3.1849441323429346,25,29,8,1,M S,Burnley,1,2.122107489034533,12.192523565143349,8.591317790560424,Premier League,2023-2024
8286,Jack Robinson,34,2885,1,1.5116838621906936,1,1.087454216554761,14,12,10,0,D S,Sheffield United,1,1.5116838621906936,3.866813466884196,2.7258199555799365,Premier League,2023-2024
8384,Armando Broja,21,500,1,2.489345548674464,1,0.7393966801464558,13,4,0,0,F S,"Chelsea,Fulham",1,2.489345548674464,4.233474781736732,1.649859182536602,Premier League,2023-2024
8430,Chris Richards,26,2085,1,0.6396042630076408,1,0.6775753749534488,11,6,3,0,D M S,Crystal Palace,1,0.6396042630076408,5.3978734547272325,4.986880736425519,Premier League,2023-2024
8780,Joël Veltman,27,1549,1,0.7444530799984932,1,0.5223252037540078,6,4,4,0,D S,Brighton,1,0.7444530799984932,3.686465038917959,3.087540141306817,Premier League,2023-2024
8808,Wataru Endo,29,1718,1,0.4377728682011366,0,1.4933863505721092,10,16,10,0,M S,Liverpool,1,0.4377728682011366,12.217629071325064,11.228149242699146,Premier League,2023-2024
8941,Jacob Ramsey,16,824,1,2.316869243979454,1,0.9168627075850964,19,9,2,0,M S,Aston Villa,1,2.316869243979454,5.194736570119858,2.25878119841218,Premier League,2023-2024
8973,Lorenz Assignon,15,1249,1,0.4085904136300087,2,2.075187735259533,9,13,3,1,D,Burnley,1,0.4085904136300087,3.949996647424996,3.191625501960516,Premier League,2023-2024
9356,Carney Chukwuemeka,9,219,1,0.1176121979951858,1,0.2483895514160394,3,5,2,0,M S,Chelsea,1,0.1176121979951858,0.4714575037360191,0.1054557431489229,Premier League,2023-2024
9453,Moisés Caicedo,35,2897,1,0.2973291608504951,3,2.49897606484592,13,22,11,0,M S,Chelsea,1,0.2973291608504951,25.048321802169085,23.26216376759112,Premier League,2023-2024
9512,Valentino Livramento,26,1275,1,0.961045878008008,0,1.0808788742870092,4,12,1,0,D S,Newcastle United,1,0.961045878008008,6.641679579392076,5.265429927036166,Premier League,2023-2024
9558,Hannibal Mejbri,5,124,1,0.0166018810123205,0,0.2175336331129074,1,2,1,0,M S,Manchester United,1,0.0166018810123205,0.6164471115916967,0.3823116421699524,Premier League,2023-2024
9662,Dango Ouattara,30,1200,1,2.8214692445471883,2,1.69136568531394,30,17,3,0,D F M S,Bournemouth,1,2.8214692445471883,5.184925131499767,3.1382908783853054,Premier League,2023-2024
9680,Vitaly Janelt,38,3137,1,2.0162796927616,3,4.314206030219793,21,37,8,0,D M S,Brentford,1,2.0162796927616,12.40513951331377,9.032909959554672,Premier League,2023-2024
9681,Frank Onyeka,26,1124,1,2.0069142188876867,2,1.8476180955767632,22,12,8,0,M S,Brentford,1,2.0069142188876867,6.113463159650564,2.3846182618290186,Premier League,2023-2024
9685,Mads Roerslev,34,2009,1,1.1281067915260792,2,2.064798539504409,7,15,1,0,D S,Brentford,1,1.1281067915260792,6.286723421886563,4.37823604606092,Premier League,2023-2024
9689,Albert Sambi Lokonga,17,1331,1,0.7531502321362495,3,1.4872490242123604,8,9,4,0,M S,Luton,1,0.7531502321362495,4.319001622498035,3.1800113022327423,Premier League,2023-2024
9733,Nathan Collins,32,2647,1,1.9630648605525491,1,2.0567236468195915,10,11,3,0,D S,Brentford,1,1.9630648605525491,7.091836112551391,4.629758290015161,Premier League,2023-2024
9914,Shandon Baptiste,10,203,1,0.8607992753386497,1,0.4303002767264843,2,4,1,0,M S,Brentford,1,0.8607992753386497,1.3308127243071797,0.2652147859334945,Premier League,2023-2024
10012,Jakub Kiwior,20,953,1,1.1961752735078337,3,0.9080287516117096,6,6,1,0,D S,Arsenal,1,1.1961752735078337,5.180064149200916,3.990576475858688,Premier League,2023-2024
10027,Lewis Dobbin,12,198,1,0.502917317673564,0,0.4989037085324526,5,4,1,0,M S,Everton,1,0.502917317673564,0.6766481157392263,0.1355219595134258,Premier League,2023-2024
10120,Conor Bradley,11,776,1,0.9028667435050012,3,1.9515707418322563,12,15,2,0,D S,Liverpool,1,0.9028667435050012,6.451037675142288,4.833862990140915,Premier League,2023-2024
10216,Lewis Hall,18,748,1,0.4160314388573169,0,0.301099419593811,11,3,2,0,D S,Newcastle United,1,0.4160314388573169,6.00943548977375,5.44678489677608,Premier League,2023-2024
10293,Toti,35,2789,1,1.6792987622320652,3,1.210701234638691,10,6,7,0,D S,Wolverhampton Wanderers,1,1.6792987622320652,5.863689404912293,5.540323508903384,Premier League,2023-2024
10620,Luca Koleosho,15,1015,1,2.3243730422109365,1,1.4566490054130554,23,11,0,0,F M S,Burnley,1,2.3243730422109365,3.73182287439704,0.2789538074284792,Premier League,2023-2024
10697,Ryan Gravenberch,26,1116,1,1.7132481131702662,0,1.092048980295658,23,15,0,0,M S,Liverpool,1,1.7132481131702662,7.440316876396537,5.028185680508614,Premier League,2023-2024
10743,Kieffer Moore,8,76,1,1.253773618489504,0,0.4799897577613592,6,2,0,0,S,Bournemouth,1,1.253773618489504,1.9978741817176344,0.7897170707583427,Premier League,2023-2024
10758,Harry Toffolo,23,1439,1,1.4097881969064474,3,1.481477415189147,8,18,3,0,D S,Nottingham Forest,1,1.4097881969064474,4.174264665693045,2.7104875817894936,Premier League,2023-2024
10805,Levi Colwill,23,1813,1,0.7760256305336952,1,1.2379922457039356,11,7,2,0,D S,Chelsea,1,0.7760256305336952,8.106331346556544,7.155624521896243,Premier League,2023-2024
10872,Vinicius Souza,36,2676,1,0.5002630027011037,0,0.7816855013370514,14,5,3,0,D M S,Sheffield United,1,0.5002630027011037,4.085046709049493,2.9888922558166087,Premier League,2023-2024
11003,Ryan Yates,35,1967,1,2.6223334167152643,1,1.0064595751464367,32,7,6,0,M S,Nottingham Forest,1,2.6223334167152643,7.967897219583392,5.582980010658503,Premier League,2023-2024
11007,Fábio Vieira,11,277,1,1.164049606770277,2,1.3098269253969193,7,5,0,1,M S,Arsenal,0,0.4028807692229748,1.5897186901420357,0.2925933841615915,Premier League,2023-2024
11094,Antony,29,1329,1,3.493122511543333,1,3.495804164558649,43,22,5,0,M S,Manchester United,1,3.493122511543333,11.48103859461844,6.454792508855462,Premier League,2023-2024
11386,Lewis Miley,17,1223,1,1.1169020980596542,3,1.546121459454298,13,12,1,0,M S,Newcastle United,1,1.1169020980596542,6.223425015807152,4.03523076325655,Premier League,2023-2024
11486,Illia Zabarnyi,37,3330,1,1.736923448741436,0,0.3827739413827657,8,7,5,0,D,Bournemouth,1,1.736923448741436,9.300164757296445,9.114820940420032,Premier League,2023-2024
11595,Alfie Gilchrist,11,192,1,0.6408083289861679,0,0.0,5,0,1,0,D S,Chelsea,1,0.6408083289861679,0.9851318392902612,0.509981470182538,Premier League,2023-2024
11699,Ameen Al Dakhil,13,1055,1,1.2219129763543606,0,0.0983457993716001,8,2,1,0,D S,Burnley,1,1.2219129763543606,2.8363101556897163,1.7573904246091845,Premier League,2023-2024
11714,Tom Lockyer,14,1185,1,1.6194254234433174,1,0.3757978826761246,7,3,4,0,D,Luton,1,1.6194254234433174,1.8655977360904217,0.990986067801714,Premier League,2023-2024
11715,Mads Andersen,8,390,1,0.6939341500401497,0,0.0,3,0,1,0,D S,Luton,1,0.6939341500401497,0.6146718375384808,0.0423168651759624,Premier League,2023-2024
11721,Cauley Woodrow,24,344,1,0.9773385636508464,1,1.1986291874200106,16,10,2,0,F S,Luton,1,0.9773385636508464,2.1638130135834217,0.3437035791575908,Premier League,2023-2024
11728,Calvin Bassey,29,2278,1,0.3684718329459429,0,0.105975404381752,5,2,4,1,D S,Fulham,1,0.3684718329459429,8.236559823155403,8.236559823155403,Premier League,2023-2024
11903,Oscar Bobb,14,269,1,1.49422175437212,1,1.187767542898655,4,8,0,0,M S,Manchester City,1,1.49422175437212,5.021226137876511,2.8755914717912674,Premier League,2023-2024
11926,Edson Álvarez,31,2405,1,1.2118008164688945,1,0.5929595055058599,17,12,11,0,M S,West Ham,1,1.2118008164688945,6.416552271693945,5.055172272026539,Premier League,2023-2024
12073,Teden Mengi,30,2465,1,0.6793681988492608,0,0.3480907082557678,11,6,3,0,D S,Luton,1,0.6793681988492608,3.329129146412015,2.983856063336134,Premier League,2023-2024
12105,Alejo Véliz,8,27,1,0.2056590020656585,0,0.0,2,0,1,0,S,Tottenham,1,0.2056590020656585,0.2056590020656585,0.0,Premier League,2023-2024
12149,Alex Scott,23,997,1,0.6420764941722155,1,2.070768877863884,15,22,3,0,M S,Bournemouth,1,0.6420764941722155,4.81823368743062,2.62489465624094,Premier League,2023-2024
12187,Jordan Clark,23,1326,1,0.9263012297451496,1,1.848531438037753,17,12,4,0,M S,Luton,1,0.9263012297451496,4.373950673267245,2.606989283114672,Premier League,2023-2024
12474,George Earthy,3,21,1,0.6298984289169312,0,0.0,1,0,0,0,S,West Ham,1,0.6298984289169312,0.6298984289169312,0.0,Premier League,2023-2024
37,Loris Karius,1,90,0,0.0,0,0.0,0,0,0,0,GK,Newcastle United,0,0.0,0.0,0.0,Premier League,2023-2024
181,Bernd Leno,38,3420,0,0.0,0,0.0,0,0,3,0,GK,Fulham,0,0.0,4.714530278928578,4.714530278928578,Premier League,2023-2024
205,Mahmoud Dahoud,9,462,0,0.1646883096545934,1,1.1006960421800611,6,10,1,1,M S,Brighton,0,0.1646883096545934,3.1638661548495293,2.479746259748936,Premier League,2023-2024
229,Thiago Alcántara,1,1,0,0.0,0,0.0,0,0,0,0,S,Liverpool,0,0.0,0.0,0.0,Premier League,2023-2024
332,Joel Matip,10,798,0,0.5547500364482403,0,0.0490581784397363,5,2,2,0,D S,Liverpool,0,0.5547500364482403,4.662791714072228,4.635653033852577,Premier League,2023-2024
343,Pierre-Emile Højbjerg,36,1212,0,0.544023672118783,0,1.134924995712936,19,8,4,0,M S,Tottenham,0,0.544023672118783,11.555909689515827,10.493784312158825,Premier League,2023-2024
375,Odisseas Vlachodimos,5,450,0,0.0,0,0.0326653309166431,0,1,0,0,GK,Nottingham Forest,0,0.0,1.0999388750642538,1.0672735627740622,Premier League,2023-2024
448,Ivan Perisic,5,71,0,0.1300245970487594,1,1.1601292341947556,2,5,2,0,S,Tottenham,0,0.1300245970487594,1.8040422052145004,0.9906977340579032,Premier League,2023-2024
484,Divock Origi,20,557,0,1.545853216201067,1,1.5920869708061218,14,7,1,0,F M S,Nottingham Forest,0,1.545853216201067,4.103459514677525,1.0764283947646618,Premier League,2023-2024
486,Adam Lallana,25,875,0,0.7641588356345892,1,1.4911685585975647,11,15,2,0,M S,Brighton,0,0.7641588356345892,4.825282486155629,2.9767271457239985,Premier League,2023-2024
488,Philippe Coutinho,2,18,0,0.1422571539878845,0,0.0,3,0,0,0,S,Aston Villa,0,0.1422571539878845,0.1422571539878845,0.0118473293259739,Premier League,2023-2024
489,James Milner,15,788,0,0.2864724565297365,2,1.4874638468027117,5,16,3,0,D M S,Brighton,0,0.2864724565297365,4.586263053119183,4.168471843004227,Premier League,2023-2024
496,Mohamed Elneny,3,18,0,0.0575435645878315,0,0.0,2,0,0,0,S,Arsenal,0,0.0575435645878315,0.154712975025177,0.0971694067120552,Premier League,2023-2024
508,Calum Chambers,5,137,0,0.0,1,0.0567669123411178,0,1,1,0,M S,Aston Villa,0,0.0,0.6117476709187031,0.6117476709187031,Premier League,2023-2024
510,Joel Ward,26,1985,0,0.7851169966161251,1,0.0965822115540504,10,2,4,0,D S,Crystal Palace,0,0.7851169966161251,5.3411974757909775,5.244141489267349,Premier League,2023-2024
528,Angelo Ogbonna,11,629,0,0.0406796969473362,0,0.0,1,0,1,0,D S,West Ham,0,0.0406796969473362,0.2121387161314487,0.1714590191841125,Premier League,2023-2024
530,James Tomkins,4,4,0,0.0,0,0.0,0,0,0,0,S,Crystal Palace,0,0.0,0.0,0.0,Premier League,2023-2024
532,Cheikhou Kouyaté,12,199,0,0.4007705431431532,0,0.0558466427028179,5,1,2,0,M S,Nottingham Forest,0,0.4007705431431532,0.8718480132520199,0.4558485820889473,Premier League,2023-2024
534,Aaron Cresswell,11,414,0,0.0,0,0.4446245804429054,0,5,1,0,D S,West Ham,0,0.0,0.323039136826992,0.2730376645922661,Premier League,2023-2024
561,Joe Rothwell,11,370,0,0.0497114863246679,0,0.1371351620182395,2,4,0,0,M S,Bournemouth,0,0.0497114863246679,1.69688056781888,1.6346725337207315,Premier League,2023-2024
585,Seamus Coleman,12,654,0,0.0,0,0.8893022555857897,0,3,0,0,D S,Everton,0,0.0,2.3442040607333183,1.454901821911335,Premier League,2023-2024
603,Nathaniel Clyne,19,1341,0,0.1827639872208237,0,0.1501605957746505,4,3,0,0,D S,Crystal Palace,0,0.1827639872208237,3.289492018520832,3.0100313499569893,Premier League,2023-2024
631,Ashley Young,31,2305,0,0.5671309139579535,0,2.473125728778541,13,21,5,1,D M S,Everton,0,0.5671309139579535,6.803516559302807,5.159970347769558,Premier League,2023-2024
638,Kyle Walker,32,2770,0,0.3650220464915037,4,3.342263269238174,16,25,2,0,D S,Manchester City,0,0.3650220464915037,21.998310588300228,20.06531212478876,Premier League,2023-2024
643,Eric Dier,4,187,0,0.0,0,0.0,0,0,0,0,D S,Tottenham,0,0.0,0.2850276902318001,0.2850276902318001,Premier League,2023-2024
695,Bertrand Traoré,2,7,0,0.0,0,0.0,0,0,0,0,S,Aston Villa,0,0.0,0.0,0.0,Premier League,2023-2024
706,Lukasz Fabianski,10,706,0,0.0,0,0.0,0,0,0,0,GK S,West Ham,0,0.0,0.3157586343586445,0.3157586343586445,Premier League,2023-2024
712,Jack Cork,4,16,0,0.0,0,0.0,0,0,0,0,S,Burnley,0,0.0,0.2487726733088493,0.2487726733088493,Premier League,2023-2024
741,Jordan Pickford,38,3420,0,0.0,0,0.1356039261445403,0,4,5,0,GK,Everton,0,0.0,4.561621826142073,4.441057674586773,Premier League,2023-2024
773,Aleksandar Mitrovic,1,31,0,0.1909874528646469,0,0.0,2,0,0,0,S,Fulham,0,0.1909874528646469,0.1909874528646469,0.0,Premier League,2023-2024
782,Ben Chilwell,13,771,0,1.2212005220353603,1,1.793320189230144,12,14,5,0,D S,Chelsea,0,1.2212005220353603,3.850440725684166,1.9574524844065309,Premier League,2023-2024
790,Nathan Redmond,12,100,0,0.0,0,0.2518436722457409,0,4,1,0,S,Burnley,0,0.0,0.9050039984285831,0.8224344961345196,Premier League,2023-2024
807,Jonny Evans,23,1399,0,0.0817585885524749,1,0.7122423723340034,1,6,2,0,D S,Manchester United,0,0.0817585885524749,3.112667176872492,3.084139473736286,Premier League,2023-2024
825,Adam Smith,28,2185,0,0.0396374240517616,2,1.4616671204566956,2,17,6,0,D S,Bournemouth,0,0.0396374240517616,7.450475042685866,6.158073959872127,Premier League,2023-2024
847,Cédric Soares,3,44,0,0.0,0,0.0,0,0,0,0,S,Arsenal,0,0.0,0.1967553291469812,0.1967553291469812,Premier League,2023-2024
853,Paul Dummett,5,11,0,0.0,0,0.0,0,0,0,0,S,Newcastle United,0,0.0,0.0359654761850833,0.0359654761850833,Premier League,2023-2024
884,Matt Targett,3,78,0,0.0,0,0.062733381986618,0,1,1,0,D S,Newcastle United,0,0.0,0.0888616982847452,0.0261283162981271,Premier League,2023-2024
910,Harrison Reed,27,1298,0,0.2859246646985411,2,1.2897144686430693,9,14,6,0,M S,Fulham,0,0.2859246646985411,4.717917591333389,4.137020692229271,Premier League,2023-2024
978,Sam Johnstone,20,1800,0,0.0,0,0.0,0,0,1,0,GK,Crystal Palace,0,0.0,1.9733385294675827,1.9733385294675827,Premier League,2023-2024
985,Mason Holgate,10,718,0,0.9260915219783784,0,0.4414309561252594,3,1,3,1,D S,Sheffield United,0,0.9260915219783784,1.08466067770496,0.6432297215797007,Premier League,2023-2024
987,Joseph Gomez,32,1749,0,0.8164968742057681,1,1.5004456005990503,19,21,5,0,D M S,Liverpool,0,0.8164968742057681,10.545846451073883,8.967196764424443,Premier League,2023-2024
1006,Luke Shaw,12,976,0,0.0712745040655136,0,0.954092476516962,2,13,6,0,D,Manchester United,0,0.0712745040655136,2.18767312169075,1.9797745142132044,Premier League,2023-2024
1024,Tyrone Mings,1,30,0,0.0141590423882007,0,0.1377824246883392,1,1,0,0,D,Aston Villa,0,0.0141590423882007,0.1377824246883392,0.0,Premier League,2023-2024
1042,Tom Davies,9,194,0,0.2513177208602428,0,0.0346355289220809,4,1,2,0,M S,Sheffield United,0,0.2513177208602428,0.6308722272515297,0.4355022050440311,Premier League,2023-2024
1214,Thomas Strakosha,2,127,0,0.0,0,0.0,0,0,0,0,GK S,Brentford,0,0.0,0.0,0.0,Premier League,2023-2024
1257,Alisson,28,2520,0,0.0,0,0.0,0,0,1,0,GK,Liverpool,0,0.0,8.493492092937231,8.493492092937231,Premier League,2023-2024
1297,Neto,32,2880,0,0.0,0,0.0,0,0,5,0,GK,Bournemouth,0,0.0,4.502189245074987,4.502189245074987,Premier League,2023-2024
1389,Jorginho,24,911,0,0.0800427403301,2,1.5529427882283926,4,10,1,0,M S,Arsenal,0,0.0800427403301,6.152929972857237,5.498104698956013,Premier League,2023-2024
1545,Emil Krafth,17,912,0,0.2253649309277534,0,0.9704459868371488,4,9,2,0,D S,Newcastle United,0,0.2253649309277534,4.405003933236003,3.777892636135221,Premier League,2023-2024
1771,Reece Burke,22,1691,0,2.1644996237009764,4,2.321440448984504,13,13,5,0,D S,Luton,0,2.1644996237009764,4.144421625882387,3.8680728431791063,Premier League,2023-2024
1789,Lewis Cook,33,2799,0,0.4126169476658106,3,3.677735963836312,12,46,5,1,D M S,Bournemouth,0,0.4126169476658106,11.350567385554314,8.91490264236927,Premier League,2023-2024
1830,Ionut Radu,2,180,0,0.0,0,0.0,0,0,0,0,GK,Bournemouth,0,0.0,0.0,0.0,Premier League,2023-2024
2280,Jonny,1,1,0,0.0,0,0.0,0,0,0,0,S,Wolverhampton Wanderers,0,0.0,0.0,0.0,Premier League,2023-2024
2310,Alphonse Areola,31,2715,0,0.0,0,0.0,0,0,1,0,GK,West Ham,0,0.0,1.7693296167999506,1.7693296167999506,Premier League,2023-2024
2328,Thomas Partey,14,793,0,0.3642031662166118,0,0.4302750788629055,8,6,3,0,D M S,Arsenal,0,0.3642031662166118,5.986752610653639,5.494942259043455,Premier League,2023-2024
2335,Pablo Fornals,15,392,0,0.2919035069644451,0,0.5666238348931074,7,5,0,0,M S,West Ham,0,0.2919035069644451,1.448173340409994,0.9896499309688808,Premier League,2023-2024
2498,Aymeric Laporte,1,6,0,0.1122824624180793,0,0.0,1,0,0,0,S,Manchester City,0,0.1122824624180793,0.0,0.0,Premier League,2023-2024
2674,Thilo Kehrer,4,12,0,0.0,0,0.0,0,0,2,0,S,West Ham,0,0.0,0.0920761972665786,0.0920761972665786,Premier League,2023-2024
3203,Issa Diop,18,1435,0,0.2687341887503862,0,0.0,5,0,2,1,D S,Fulham,0,0.2687341887503862,2.9229609984904528,2.9229609984904528,Premier League,2023-2024
3585,Said Benrahma,13,619,0,1.9243336878716943,1,1.633838023990393,19,11,1,0,M S,West Ham,0,1.1631648428738115,4.428546093404293,1.7844416052103045,Premier League,2023-2024
3600,Serge Aurier,12,843,0,0.2042676210403442,2,0.6003383956849575,6,3,2,0,D S,Nottingham Forest,0,0.2042676210403442,2.74189380183816,2.1127189621329308,Premier League,2023-2024
4401,Emiliano Martinez,34,3022,0,0.0,0,0.0184545237571001,0,1,4,0,GK,Aston Villa,0,0.0,9.158851562067866,9.140397010371087,Premier League,2023-2024
5050,Clement Lenglet,14,1167,0,0.9835287630558014,1,0.8562045320868492,7,2,3,0,D,Aston Villa,0,0.9835287630558014,7.290762335062027,7.290762335062027,Premier League,2023-2024
5552,Nick Pope,15,1347,0,0.0164986308664083,0,0.0,1,0,1,0,GK,Newcastle United,0,0.0164986308664083,4.397169943898916,4.397169943898916,Premier League,2023-2024
5568,Connor Roberts,14,804,0,0.0,1,0.3131415136158466,0,7,3,1,D S,Burnley,0,0.0,2.1132199577987194,1.9018691666424277,Premier League,2023-2024
5569,Rhian Brewster,13,302,0,0.3449401650577783,0,0.1013540811836719,7,2,0,1,F S,Sheffield United,0,0.3449401650577783,0.784455269575119,0.3381610158830881,Premier League,2023-2024
5584,Aaron Wan-Bissaka,22,1784,0,0.1462121829390525,2,1.4311098009347916,3,12,4,0,D S,Manchester United,0,0.1462121829390525,7.737613718956709,6.425123929977417,Premier League,2023-2024
5603,Aaron Ramsdale,6,540,0,0.0,0,0.0,0,0,0,0,GK,Arsenal,0,0.0,0.7832736372947693,0.7832736372947693,Premier League,2023-2024
5609,Yves Bissouma,28,2120,0,1.1663736272603271,0,0.4049058575183153,24,10,8,2,M S,Tottenham,0,1.1663736272603271,11.2580073364079,10.58978133648634,Premier League,2023-2024
5712,Diego Carlos,27,1784,0,1.8101312145590784,0,0.1100177364423871,9,4,4,0,D S,Aston Villa,0,1.8101312145590784,5.879810709506273,5.67356039211154,Premier League,2023-2024
5722,Ibrahim Sangare,17,1053,0,0.8340437468141317,0,0.3507998380810022,8,7,6,0,M S,Nottingham Forest,0,0.8340437468141317,4.501044608652592,3.5168560035526752,Premier League,2023-2024
5789,Boubacar Kamara,20,1686,0,0.1435272945091128,1,1.0960499802604318,5,20,7,1,M,Aston Villa,0,0.1435272945091128,9.230381686240436,8.439194424077868,Premier League,2023-2024
5803,Fode Toure,6,41,0,0.0,0,0.0,0,0,1,0,S,Fulham,0,0.0,0.6374003142118454,0.6374003142118454,Premier League,2023-2024
6027,Jairo Riedewald,9,219,0,0.0593644082546234,0,0.0,1,0,0,0,M S,Crystal Palace,0,0.0593644082546234,1.6596563309431076,1.6002919226884842,Premier League,2023-2024
6054,Ederson,33,2794,0,0.0,0,0.0,0,0,5,0,GK,Manchester City,0,0.0,8.03402054309845,8.03402054309845,Premier League,2023-2024
6104,Will Hughes,30,1924,0,0.3010205570608377,1,1.7067030258476734,8,21,6,0,M S,Crystal Palace,0,0.3010205570608377,5.737615456804633,5.330458853393793,Premier League,2023-2024
6163,Nélson Semedo,36,3127,0,1.232096817344427,1,2.0054253563284874,17,24,10,1,D M,Wolverhampton Wanderers,0,1.232096817344427,8.870165027678013,6.637749888934195,Premier League,2023-2024
6249,Davinson Sánchez,1,77,0,0.1100629791617393,0,0.0,1,0,1,0,S,Tottenham,0,0.1100629791617393,0.1389056295156479,0.1389056295156479,Premier League,2023-2024
6326,Ibrahima Konaté,22,1555,0,0.5480835782364011,0,0.5098369065672159,11,8,3,1,D S,Liverpool,0,0.5480835782364011,10.23207015544176,10.100398369133472,Premier League,2023-2024
6345,Jadon Sancho,3,68,0,0.0,0,0.1281674951314926,0,1,0,0,S,Manchester United,0,0.0,0.2712413966655731,0.1430738866329193,Premier League,2023-2024
6420,Romain Faivre,5,21,0,0.1308193765580654,0,0.0,2,0,1,0,S,Bournemouth,0,0.1308193765580654,0.1480125524103641,0.1480125524103641,Premier League,2023-2024
6424,Ben Johnson,14,509,0,0.2155094873160123,0,0.0,6,0,1,0,D M S,West Ham,0,0.2155094873160123,0.6861794609576464,0.5518248528242111,Premier League,2023-2024
6492,Reiss Nelson,15,215,0,0.2384255621582269,0,0.6414464898407459,4,5,1,0,F S,Arsenal,0,0.2384255621582269,3.198990484699607,2.478929640725255,Premier League,2023-2024
6504,Michael Obafemi,2,9,0,0.1165716275572776,0,0.0,2,0,0,0,S,Burnley,0,0.1165716275572776,0.1536427438259124,0.037071119993925,Premier League,2023-2024
6532,Martin Dubravka,23,1983,0,0.0,0,0.1200264021754264,0,1,1,0,GK S,Newcastle United,0,0.0,3.5433348193764687,3.4233084097504616,Premier League,2023-2024
6557,Louis Beyer,15,1252,0,0.4269037134945392,1,0.4111006297171116,5,3,6,0,D,Burnley,0,0.4269037134945392,1.9057915396988392,1.516863290220499,Premier League,2023-2024
6656,Sergio Gómez,6,29,0,0.6195764094591141,1,0.1288056522607803,2,1,0,0,S,Manchester City,0,0.6195764094591141,0.9868094772100447,0.3672330677509308,Premier League,2023-2024
6903,Matz Sels,16,1440,0,0.0,0,0.0696526691317558,0,1,1,0,GK,Nottingham Forest,0,0.0,0.8204675614833832,0.7508148960769176,Premier League,2023-2024
6962,Robin Olsen,5,398,0,0.0,0,0.0,0,0,0,0,GK S,Aston Villa,0,0.0,0.274754025042057,0.274754025042057,Premier League,2023-2024
6986,Hamed Junior Traore,3,32,0,0.1374315591529011,0,0.0598211325705051,3,1,0,0,S,Bournemouth,0,0.1374315591529011,0.5355859631672502,0.3383332788944244,Premier League,2023-2024
7027,Arijanet Muric,10,900,0,0.0,0,0.3725830223411321,0,4,0,0,GK,Burnley,0,0.0,2.251372165977955,1.878789134323597,Premier League,2023-2024
7047,Mark Flekken,37,3293,0,0.0,1,0.2911852374672889,0,3,3,0,GK,Brentford,0,0.0,4.7133525144308805,4.524704350158572,Premier League,2023-2024
7134,Marc Cucurella,21,1788,0,1.4538506548851728,2,1.254556130617857,8,19,10,0,D S,Chelsea,0,1.4538506548851728,12.102387934923172,10.091670595109465,Premier League,2023-2024
7187,Sergio Reguilón,25,1539,0,1.177430784329772,4,3.6384903844445935,17,28,7,1,D S,"Brentford,Manchester United",0,1.177430784329772,6.459852248430252,3.6084673702716823,Premier League,2023-2024
7198,Oliver Skipp,21,660,0,0.6823929585516453,0,0.541032612323761,4,7,3,0,D M S,Tottenham,0,0.6823929585516453,5.026997778564692,4.433636624366045,Premier League,2023-2024
7230,Emile Smith-Rowe,13,325,0,1.5201803892850876,1,0.2403641268610954,15,4,0,0,M S,Arsenal,0,1.5201803892850876,3.7657799795269966,2.0563183277845383,Premier League,2023-2024
7235,Jason Steele,17,1530,0,0.0,0,0.0,0,0,0,0,GK,Brighton,0,0.0,3.745168898254633,3.745168898254633,Premier League,2023-2024
7240,Benoit Badiashile Mukinayi,18,1338,0,0.5172926671802998,1,1.5548250479623675,6,6,2,0,D S,Chelsea,0,0.5172926671802998,8.460209622979164,8.366715781390667,Premier League,2023-2024
7264,Han-Noah Massengo,3,9,0,0.0,0,0.0,0,0,0,0,S,Burnley,0,0.0,0.0,0.0,Premier League,2023-2024
7277,Ryan John Giles,11,492,0,0.1471442878246307,0,0.2260761391371488,2,5,0,0,D S,Luton,0,0.1471442878246307,0.7447603233158588,0.5261147022247314,Premier League,2023-2024
7338,Bryan Gil Salvatierra,11,182,0,0.7904373183846474,0,0.192443910986185,4,4,0,0,M S,Tottenham,0,0.7904373183846474,2.1181607861071825,1.3597642369568348,Premier League,2023-2024
7352,Tyler Adams,3,111,0,0.0,0,0.0976069122552871,0,1,0,0,M S,Bournemouth,0,0.0,0.5493647493422031,0.4517578370869159,Premier League,2023-2024
7384,Chris Mepham,10,610,0,0.0895473062992096,1,0.474224217236042,1,3,2,0,D S,Bournemouth,0,0.0895473062992096,1.973433375358581,1.934802167117596,Premier League,2023-2024
7582,Mark Travers,4,360,0,0.0,0,0.0,0,0,0,0,GK,Bournemouth,0,0.0,0.0,0.0,Premier League,2023-2024
7603,Marc Guehi,25,2021,0,0.4888940155506134,1,0.962568361312151,5,7,2,0,D M S,Crystal Palace,0,0.4888940155506134,6.667929092422128,6.454947093501687,Premier League,2023-2024
7688,Max Aarons,20,1219,0,0.0476108696311712,1,0.8764500692486763,2,7,1,0,D S,Bournemouth,0,0.0476108696311712,3.960431007668376,3.3971939999610186,Premier League,2023-2024
7689,Ben Godfrey,15,1131,0,2.1673798076808453,0,0.2029681168496608,15,3,2,0,D S,Everton,0,2.1673798076808453,1.4282750822603705,1.147367212921381,Premier League,2023-2024
7699,Adam Webster,15,1146,0,0.4553392454981804,0,0.210617184638977,8,5,1,0,D S,Brighton,0,0.4553392454981804,6.527007706463337,6.405847318470478,Premier League,2023-2024
7702,Dean Henderson,18,1620,0,0.0,0,0.0,0,0,2,0,GK,Crystal Palace,0,0.0,1.232629640027881,1.232629640027881,Premier League,2023-2024
7703,John Egan,6,491,0,0.2383595146238804,0,0.0,3,0,2,0,D,Sheffield United,0,0.2383595146238804,0.3853593021631241,0.2653413340449333,Premier League,2023-2024
7704,Chris Basham,8,298,0,0.4091367721557617,0,0.142877459526062,2,2,1,0,D M S,Sheffield United,0,0.4091367721557617,0.30363729596138,0.30363729596138,Premier League,2023-2024
7706,George Baldock,13,965,0,0.024696996435523,1,0.8560367710888386,1,7,4,0,D S,Sheffield United,0,0.024696996435523,1.778840757906437,1.5442426055669785,Premier League,2023-2024
7709,John Fleck,4,82,0,0.0,0,0.1050862222909927,0,1,1,0,M S,Sheffield United,0,0.0,0.1432250030338764,0.0381387835368514,Premier League,2023-2024
7714,Ben Osborn,24,1343,0,0.1790793510153889,2,1.075881354510784,4,13,3,0,D M S,Sheffield United,0,0.1790793510153889,3.0705280490219597,2.045230019837618,Premier League,2023-2024
7904,Caoimhin Kelleher,10,900,0,0.0,0,0.0448078326880931,0,1,0,0,GK,Liverpool,0,0.0,3.1609220281243324,3.1609220281243324,Premier League,2023-2024
7921,Felipe,7,369,0,0.17141835950315,0,0.0380167607218027,3,2,3,0,D S,Nottingham Forest,0,0.17141835950315,1.4830044843256474,1.4425167199224234,Premier League,2023-2024
7927,Sofyan Amrabat,21,922,0,0.0737247169017791,0,0.2675175704061985,3,6,6,0,D M S,Manchester United,0,0.0737247169017791,2.209341010078788,2.053303020074964,Premier League,2023-2024
7943,Igor Julio,24,1640,0,0.2177427187561988,0,0.623787728138268,5,7,4,0,D S,Brighton,0,0.2177427187561988,10.448413725942371,10.266164284199476,Premier League,2023-2024
7988,Billy Gilmour,30,2154,0,0.7286842339672148,1,2.0903379926458,25,22,8,1,M S,Brighton,0,0.7286842339672148,17.74679738096893,16.257044926285744,Premier League,2023-2024
8040,Marvelous Nakamba,13,1140,0,0.1364169279113412,0,0.3258170820772648,5,7,5,0,M,Luton,0,0.1364169279113412,3.025253765285015,2.7535953894257545,Premier League,2023-2024
8067,Reece James,10,422,0,0.3389957156032324,2,2.679515279829502,7,11,0,2,D S,Chelsea,0,0.3389957156032324,3.0341393500566483,1.8427834287285805,Premier League,2023-2024
8090,Lloyd Kelly,23,1567,0,0.3132251426577568,1,1.6466527543962002,4,9,2,0,D S,Bournemouth,0,0.3132251426577568,5.733856109902263,4.144671676680446,Premier League,2023-2024
8119,Boubacar Traore,24,760,0,0.2670730333775282,0,0.2813335740938782,11,5,4,0,M S,Wolverhampton Wanderers,0,0.2670730333775282,3.788605699315667,3.4077476616948843,Premier League,2023-2024
8191,Giovanni Reyna,9,206,0,0.2087921611964702,1,0.3924582097679376,5,6,0,0,M S,Nottingham Forest,0,0.2087921611964702,1.2173451017588377,0.8090423513203859,Premier League,2023-2024
8204,Neco Williams,26,1622,0,0.934250148013234,1,1.1115016266703606,15,11,4,0,D M S,Nottingham Forest,0,0.934250148013234,4.656272342428565,3.0113450456410646,Premier League,2023-2024
8226,Tariq Lamptey,19,923,0,0.570682673715055,3,1.210934355854988,6,10,3,0,D M S,Brighton,0,0.570682673715055,2.8591504972428083,1.6079945554956794,Premier League,2023-2024
8496,Tommy Doyle,26,1175,0,0.4136425852775574,0,0.6756884949281812,14,8,2,0,M S,Wolverhampton Wanderers,0,0.4136425852775574,4.574842236936092,4.24587644636631,Premier League,2023-2024
8562,Luke Thomas,12,940,0,0.6857008039951324,0,0.06999615393579,6,2,3,0,D M S,Sheffield United,0,0.6857008039951324,1.4491792991757393,0.7634785007685423,Premier League,2023-2024
8666,Cheick Oumar Doucoure,11,926,0,0.1988849276676774,0,0.7361565185710788,6,10,2,0,M,Crystal Palace,0,0.1988849276676774,3.296035975217819,2.666292503476143,Premier League,2023-2024
8719,Kalvin Phillips,12,358,0,0.1942080287262797,0,0.0,5,0,1,1,M S,"Manchester City,West Ham",0,0.1942080287262797,1.1170908715575931,0.9405870689079164,Premier League,2023-2024
8776,Wes Foderingham,30,2644,0,0.0,0,0.0650442615151405,0,1,2,0,GK S,Sheffield United,0,0.0,0.9430307522416116,0.877986490726471,Premier League,2023-2024
8778,Fabio Silva,8,257,0,0.913575079292059,0,0.2420392744243145,7,4,2,0,F S,Wolverhampton Wanderers,0,0.913575079292059,1.1997973173856735,0.1696585118770599,Premier League,2023-2024
8786,Stefan Ortega Moreno,9,626,0,0.0,0,0.0,0,0,0,0,GK S,Manchester City,0,0.0,1.7157262079417706,1.7157262079417706,Premier League,2023-2024
8821,Donny van de Beek,1,1,0,0.0322848819196224,0,0.0656888633966445,1,1,0,0,S,Manchester United,0,0.0322848819196224,0.0979737415909767,0.0,Premier League,2023-2024
8852,Konstantinos Tsimikas,13,667,0,0.0927343983203172,3,1.1678164629265666,3,16,0,0,D S,Liverpool,0,0.0927343983203172,2.015436552464962,1.7746542319655418,Premier League,2023-2024
8858,Guglielmo Vicario,38,3420,0,0.0,0,0.0,0,0,2,0,GK,Tottenham,0,0.0,6.606127485632896,6.606127485632896,Premier League,2023-2024
8859,Mikkel Damsgaard,23,797,0,0.8753717057406902,2,2.291341120377183,9,10,2,0,M S,Brentford,0,0.8753717057406902,4.728561159223318,2.396734122186899,Premier League,2023-2024
8918,Max Lowe,10,499,0,0.9397587776184082,0,0.012994728051126,2,1,1,0,D S,Sheffield United,0,0.9397587776184082,1.840770854614675,0.8880173694342375,Premier League,2023-2024
8923,Ivo Grbic,9,776,0,0.0,0,0.0,0,0,1,0,GK,Sheffield United,0,0.0,0.5941517408937216,0.5941517408937216,Premier League,2023-2024
8940,Antonee Robinson,37,3290,0,0.8533244347199798,6,3.767484251409769,16,31,6,0,D,Fulham,0,0.8533244347199798,13.781186819076538,11.46092726662755,Premier League,2023-2024
8942,Aaron Hickey,9,749,0,0.1934873256832361,0,0.0474643521010875,7,1,5,0,D,Brentford,0,0.1934873256832361,1.1258890461176634,0.9994768127799034,Premier League,2023-2024
8961,Rúben Dias,30,2552,0,1.828122090548277,0,0.600502266548574,20,7,0,0,D S,Manchester City,0,1.828122090548277,16.81101167947054,16.458546616137028,Premier League,2023-2024
8965,Vladimir Coufal,36,3153,0,0.2854840941727161,7,4.300948256626725,8,33,5,1,D,West Ham,0,0.2854840941727161,10.106693800538778,6.967354290187359,Premier League,2023-2024
9017,Malo Gusto,27,1754,0,1.700457390397787,6,5.507309950888157,15,32,7,1,D S,Chelsea,0,1.700457390397787,14.041902555152774,10.585735710337758,Premier League,2023-2024
9077,James Trafford,28,2520,0,0.0,0,0.0,0,0,2,0,GK,Burnley,0,0.0,2.3824947578832507,2.3824947578832507,Premier League,2023-2024
9098,Robert Sánchez,16,1438,0,0.0,0,0.0,0,0,2,0,GK,Chelsea,0,0.0,4.148339273408055,4.148339273408055,Premier League,2023-2024
9105,Radu Dragusin,9,417,0,0.0733767077326774,0,0.0,1,0,1,0,D S,Tottenham,0,0.0733767077326774,2.9626500830054283,2.889273375272751,Premier League,2023-2024
9154,Elliot Anderson,21,997,0,1.341955564916134,2,1.5226023513823748,19,15,3,0,D F M S,Newcastle United,0,1.341955564916134,6.666737984865904,4.969087693840265,Premier League,2023-2024
9222,Antwoine Hackford,2,8,0,0.0,0,0.0,0,0,0,0,S,Sheffield United,0,0.0,0.0,0.0,Premier League,2023-2024
9274,Naouirou Ahamada,20,282,0,0.5298433359712362,0,0.0564648136496543,9,1,2,1,S,Crystal Palace,0,0.5298433359712362,2.506193021312356,1.9648387469351287,Premier League,2023-2024
9284,Jakub Moder,17,586,0,0.8932432122528553,0,0.7571170665323734,11,5,2,0,D M S,Brighton,0,0.8932432122528553,2.4987766928970814,1.1246388629078865,Premier League,2023-2024
9287,Tyler Onyango,1,1,0,0.0,0,0.0,0,0,0,0,S,Everton,0,0.0,0.0,0.0,Premier League,2023-2024
9324,Facundo Pellistri,9,144,0,0.3742355145514011,1,0.0707708746194839,4,1,0,0,M S,Manchester United,0,0.3742355145514011,1.411473162472248,0.9664667788892984,Premier League,2023-2024
9332,Dane Scarlett,4,16,0,0.0,0,0.0,0,0,0,0,S,Tottenham,0,0.0,0.0,0.0,Premier League,2023-2024
9409,Kaine Hayden,3,3,0,0.0,0,0.0,0,0,0,0,S,Aston Villa,0,0.0,0.0,0.0,Premier League,2023-2024
9415,Jaden Philogene-Bidace,1,1,0,0.0,0,0.0,0,0,0,0,S,Aston Villa,0,0.0,0.1071313694119453,0.1071313694119453,Premier League,2023-2024
9451,Chimuanya Ugochukwu,12,289,0,0.0,0,0.1854443699121475,0,3,2,0,M S,Chelsea,0,0.0,2.2840482108294964,2.163483928889036,Premier League,2023-2024
9461,Jesurun Rak-Sakyi,6,124,0,0.3558422047644853,0,0.0768487639725208,5,2,0,0,S,Crystal Palace,0,0.3558422047644853,1.1574715673923492,0.7433868646621704,Premier League,2023-2024
9487,Maxime Estève,16,1314,0,0.2405825015157461,0,0.0125734973698854,7,1,6,0,D S,Burnley,0,0.2405825015157461,1.9057064168155196,1.8650701008737087,Premier League,2023-2024
9509,Daniel Jebbison,1,15,0,0.0,0,0.0,0,0,0,0,S,Sheffield United,0,0.0,0.0,0.0,Premier League,2023-2024
9554,Tim Iroegbunam,9,136,0,0.0,0,0.0,0,0,0,0,M S,Aston Villa,0,0.0,0.0866769701242446,0.0866769701242446,Premier League,2023-2024
9556,William Osula,21,769,0,2.0722835399210453,0,0.098784826695919,21,1,4,0,F S,Sheffield United,0,2.0722835399210453,2.056103426963091,0.1622651368379593,Premier League,2023-2024
9619,Issa Kabore,24,1748,0,0.3038460947573185,2,3.148332368582487,6,16,7,0,D S,Luton,0,0.3038460947573185,6.17993501201272,3.283387303352356,Premier League,2023-2024
9676,David Raya,32,2880,0,0.0,0,0.0,0,0,2,0,GK,Arsenal,0,0.0,7.517592098563909,7.517592098563909,Premier League,2023-2024
9679,Rico Henry,5,401,0,0.0453700954094529,1,0.7904934585094452,2,4,1,0,D,Brentford,0,0.0453700954094529,2.13233545422554,1.4655016660690308,Premier League,2023-2024
9691,Nuno Tavares,8,447,0,0.1731664137914776,0,0.2493439316749572,7,2,2,0,D S,Nottingham Forest,0,0.1731664137914776,0.6703841388225555,0.3541552796959877,Premier League,2023-2024
9740,José Sá,35,3041,0,0.0,0,0.0,0,0,1,0,GK,Wolverhampton Wanderers,0,0.0,2.765407490544021,2.765407490544021,Premier League,2023-2024
9833,Andrew Omobamidele,11,771,0,0.0812814310193061,0,0.0772956404834985,1,2,2,0,D S,Nottingham Forest,0,0.0812814310193061,1.927911488339305,1.8260405641049149,Premier League,2023-2024
9834,Remi Matthews,1,1,0,0.0,0,0.0,0,0,0,0,S,Crystal Palace,0,0.0,0.0,0.0,Premier League,2023-2024
9897,Gonzalo Montiel,14,809,0,0.1195196099579334,2,1.7303651086986065,3,9,5,0,D S,Nottingham Forest,0,0.1195196099579334,4.5273467022925615,3.0314525980502367,Premier League,2023-2024
9913,Aaron Ramsey,14,516,0,0.4020077884197235,0,0.3915222883224487,6,1,1,0,M S,Burnley,0,0.4020077884197235,1.2944342708215115,0.5336329033598304,Premier League,2023-2024
9959,Joe White,4,8,0,0.0,0,0.0,0,0,1,0,S,Newcastle United,0,0.0,0.0,0.0,Premier League,2023-2024
10004,Romeo Lavia,1,29,0,0.0,0,0.0,0,0,0,0,S,Chelsea,0,0.0,0.0,0.0,Premier League,2023-2024
10041,Yasser Larouci,11,531,0,0.2587892366573214,0,0.3102901801466942,6,2,1,0,D S,Sheffield United,0,0.2587892366573214,1.0104657374322414,0.4532643482089042,Premier League,2023-2024
10118,Kaide Gordon,1,1,0,0.0,0,0.0,0,0,0,0,S,Liverpool,0,0.0,0.0,0.0,Premier League,2023-2024
10119,Owen Beck,1,5,0,0.0,0,0.0,0,0,0,0,S,Liverpool,0,0.0,0.5044733881950378,0.5044733881950378,Premier League,2023-2024
10140,Hugo Bueno,22,706,0,0.2772597037255764,0,0.8462303951382637,5,5,1,0,D M S,Wolverhampton Wanderers,0,0.2772597037255764,2.2125213155522943,1.421666874550283,Premier League,2023-2024
10205,Myles Peart-Harris,3,3,0,0.0,0,0.0114118093624711,0,1,0,0,S,Brentford,0,0.0,0.1600197935476899,0.1486079841852188,Premier League,2023-2024
10292,Nathan Patterson,20,979,0,0.4520776625722646,2,1.616803351789713,4,8,4,0,D S,Everton,0,0.4520776625722646,5.134298218414187,3.8557239081710577,Premier League,2023-2024
10405,Josh Dasilva,3,16,0,0.0,0,0.1269184350967407,0,2,0,0,S,Brentford,0,0.0,0.1093902215361595,0.0,Premier League,2023-2024
10433,Cesare Casadei,11,48,0,0.0,0,0.1186848040670156,0,2,0,0,S,Chelsea,0,0.0,0.1853423323482275,0.0880566667765379,Premier League,2023-2024
10453,Odeluga Offiah,4,122,0,0.0,0,0.0,0,0,0,0,D S,Brighton,0,0.0,0.4959608763456344,0.4959608763456344,Premier League,2023-2024
10527,Carlos Baleba,27,1303,0,0.7727098371833563,0,0.446680839639157,21,8,7,0,M S,Brighton,0,0.7727098371833563,5.224796708673239,4.549104126170278,Premier League,2023-2024
10700,Matt Turner,17,1530,0,0.0,0,0.0,0,0,1,0,GK,Nottingham Forest,0,0.0,1.997135661542416,1.997135661542416,Premier League,2023-2024
10716,Manor Solomon,5,194,0,0.3894983045756817,2,0.9335471913218498,7,12,1,0,M S,Tottenham,0,0.3894983045756817,2.026449657976628,1.147088959813118,Premier League,2023-2024
10719,Luke Harris,1,75,0,0.3384603559970855,0,0.0,1,0,0,0,S,Fulham,0,0.3384603559970855,0.3384603559970855,0.0,Premier League,2023-2024
10723,Stefan Bajcetic,1,23,0,0.0,0,0.0,0,0,0,0,S,Liverpool,0,0.0,0.0,0.0,Premier League,2023-2024
10744,Ryan Christie,37,2974,0,2.0325705148279667,5,6.359501954168081,43,53,6,0,M S,Bournemouth,0,2.0325705148279667,14.907791091129184,9.681732330471275,Premier League,2023-2024
10746,Jaidon Anthony,3,153,0,0.0768714845180511,0,0.0,2,0,1,0,M S,Bournemouth,0,0.0768714845180511,0.1533443480730056,0.0764728710055351,Premier League,2023-2024
10747,James Hill,5,74,0,0.0,0,0.0,0,0,0,0,D S,Bournemouth,0,0.0,0.1440847814083099,0.1440847814083099,Premier League,2023-2024
10756,Joe Worrall,7,440,0,0.0814925581216812,0,0.1285788267850875,2,2,0,1,D S,Nottingham Forest,0,0.0814925581216812,0.3787533640861511,0.3787533640861511,Premier League,2023-2024
10757,Scott McKenna,5,420,0,0.1700837537646293,0,0.1904423832893371,2,3,0,0,D,Nottingham Forest,0,0.1700837537646293,0.285503588616848,0.1808048486709594,Premier League,2023-2024
10775,Lewis Warrington,1,1,0,0.0,0,0.0,0,0,0,0,S,Everton,0,0.0,0.0,0.0,Premier League,2023-2024
10802,Lisandro Martínez,11,656,0,0.0,1,0.0476659638807177,0,3,3,0,D S,Manchester United,0,0.0,2.1589127592742443,2.1222109608352184,Premier League,2023-2024
10807,Jan Paul van Hecke,28,2365,0,1.5838892180472612,0,0.4882163163274526,15,10,4,0,D M S,Brighton,0,1.5838892180472612,11.12253069318831,10.831943391822278,Premier League,2023-2024
10913,André Onana,38,3420,0,0.0,0,0.1317380405962467,0,3,5,0,GK,Manchester United,0,0.0,4.992942536249757,4.861204484477639,Premier League,2023-2024
10945,Santiago Bueno,12,817,0,0.0,0,0.190905986353755,0,2,1,0,D S,Wolverhampton Wanderers,0,0.0,2.1081051090732217,1.93471594247967,Premier League,2023-2024
10997,Bobby Clark,5,79,0,0.0737958550453186,0,0.0,2,0,0,0,M S,Liverpool,0,0.0737958550453186,0.2553020417690277,0.2216729074716568,Premier League,2023-2024
11000,Matheus Nunes,19,817,0,0.9250318259000778,2,1.5578467566519976,10,12,0,1,M S,"Manchester City,Wolverhampton Wanderers",0,0.9250318259000778,6.406420938670635,4.531493496149778,Premier League,2023-2024
11058,Julio Enciso,12,476,0,1.770764671266079,2,2.373305637389421,28,9,2,0,M S,Brighton,0,1.770764671266079,4.64084342494607,1.593938222154975,Premier League,2023-2024
11132,Ethan Nwaneri,1,6,0,0.0,0,0.0245362166315317,0,1,0,0,S,Arsenal,0,0.0,0.0245362166315317,0.0245362166315317,Premier League,2023-2024
11210,Nathan Fraser,7,175,0,0.4309285432100296,0,0.0660940874367952,3,2,1,0,F S,Wolverhampton Wanderers,0,0.4309285432100296,0.6629210263490677,0.1658984124660492,Premier League,2023-2024
11231,Ben Doak,1,6,0,0.0,0,0.0,0,0,0,0,S,Liverpool,0,0.0,0.0,0.0,Premier League,2023-2024
11232,Thomas Cannon,1,1,0,0.0,0,0.0,0,0,0,0,S,Everton,0,0.0,0.0,0.0,Premier League,2023-2024
11242,Divin Mubama,5,67,0,0.0542812757194042,0,0.0,1,0,0,0,S,West Ham,0,0.0542812757194042,0.0542812757194042,0.0,Premier League,2023-2024
11268,David Ozoh,9,133,0,0.0,0,0.0,0,0,1,0,S,Crystal Palace,0,0.0,0.742124617099762,0.742124617099762,Premier League,2023-2024
11300,Dominic Sadi,1,1,0,0.0,0,0.0,0,0,0,0,S,Bournemouth,0,0.0,0.0,0.0,Premier League,2023-2024
11361,Daniel Bentley,5,379,0,0.0,0,0.0,0,0,0,0,GK S,Wolverhampton Wanderers,0,0.0,0.4679479077458381,0.4679479077458381,Premier League,2023-2024
11409,Kaelan Casey,1,1,0,0.0,0,0.0,0,0,0,0,S,West Ham,0,0.0,0.0,0.0,Premier League,2023-2024
11487,Michael Olakigbe,8,35,0,0.0837424425408244,0,0.0,3,0,0,0,S,Brentford,0,0.0837424425408244,0.2045577513054013,0.1208153069019317,Premier League,2023-2024
11700,Vitinho,32,2324,0,1.7635137159377337,2,1.0349685866385698,25,11,1,0,D M S,Burnley,0,1.7635137159377337,6.745405659079552,4.7740294598042965,Premier League,2023-2024
11702,Benson Manuel,8,91,0,0.098589944653213,0,0.0892248228192329,4,1,0,0,M S,Burnley,0,0.098589944653213,0.1630203500390052,0.1271920781582594,Premier League,2023-2024
11703,Anass Zaroury,6,141,0,0.1752443592995405,0,0.0479699922725558,3,2,0,1,F S,Burnley,0,0.1752443592995405,0.2102061901241541,0.0,Premier League,2023-2024
11704,Hjalmar Ekdal,8,440,0,0.0767697896808385,0,0.0297618024051189,2,1,2,0,D S,Burnley,0,0.0767697896808385,0.5405235048383474,0.5107617024332285,Premier League,2023-2024
11707,Jurriën Timber,2,70,0,0.0,0,0.0,0,0,2,0,D S,Arsenal,0,0.0,0.2789519429206848,0.2789519429206848,Premier League,2023-2024
11709,Milos Kerkez,28,1982,0,1.6971189985051751,1,1.3916718121618032,16,13,4,1,D M S,Bournemouth,0,1.6971189985051751,7.389515491202474,5.424490239471197,Premier League,2023-2024
11711,Bart Verbruggen,21,1890,0,0.0,0,0.0,0,0,3,0,GK,Brighton,0,0.0,3.662125539034605,3.662125539034605,Premier League,2023-2024
11712,Thomas Kaminski,38,3410,0,0.0,0,0.0386374369263649,0,1,3,0,GK,Luton,0,0.0,2.81331679597497,2.7746793553233147,Premier League,2023-2024
11713,Amari&#039;i Bell,21,1724,0,0.4993779337964952,0,0.3448488349094987,2,8,0,0,D,Luton,0,0.4993779337964952,5.261379264295101,4.456334888935089,Premier League,2023-2024
11716,Pelly Ruddock Mpanzu,27,1068,0,1.2606520606204867,0,0.5314477952197194,11,6,1,0,M S,Luton,0,1.2606520606204867,2.659800674766302,1.222071398049593,Premier League,2023-2024
11724,James Shea,1,10,0,0.0,0,0.0,0,0,0,0,S,Luton,0,0.0,0.0,0.0,Premier League,2023-2024
11729,Bénie Traoré,8,360,0,0.3212226927280426,0,0.3953269124031067,1,4,0,0,F M S,Sheffield United,0,0.3212226927280426,1.2498194947838783,0.6901140883564949,Premier League,2023-2024
11730,Anis Ben Slimane,15,394,0,0.8026072084903717,0,0.4848009049892425,8,3,2,0,M S,Sheffield United,0,0.8026072084903717,1.5446888133883476,0.4106670431792736,Premier League,2023-2024
11731,Andre Brooks,20,948,0,0.4944612309336662,0,0.0924307461827993,9,3,1,0,D M S,Sheffield United,0,0.4944612309336662,1.294992309063673,0.9438477288931608,Premier League,2023-2024
11732,Auston Trusty,32,2576,0,0.6636047475039959,0,1.102281242609024,8,8,4,0,D S,Sheffield United,0,0.6636047475039959,2.35319939814508,1.6658160258084536,Premier League,2023-2024
11739,Omari Kellyman,2,25,0,0.0492617450654506,0,0.0,1,0,0,0,S,Aston Villa,0,0.0492617450654506,0.0492617450654506,0.0,Premier League,2023-2024
11772,Yehor Yarmolyuk,27,619,0,1.0328057277947664,0,0.0831548906862735,11,3,2,0,M S,Brentford,0,1.0328057277947664,3.1682952363044024,2.1086901389062405,Premier League,2023-2024
11807,Ian Maatsen,12,169,0,0.6834889836609364,0,0.0573244532570242,5,2,1,0,M S,Chelsea,0,0.6834889836609364,1.3501509558409452,0.6530423145741224,Premier League,2023-2024
11808,Andrey Santos,1,3,0,0.0721131637692451,0,0.0,2,0,0,0,S,Nottingham Forest,0,0.0721131637692451,0.0278007220476865,0.0278007220476865,Premier League,2023-2024
11810,Mason Burstow,2,2,0,0.0,0,0.0,0,0,0,0,S,Chelsea,0,0.0,0.0,0.0,Premier League,2023-2024
11811,James McConnell,3,3,0,0.0,0,0.0,0,0,0,0,S,Liverpool,0,0.0,0.0,0.0,Premier League,2023-2024
11980,Joseph Johnson,2,75,0,0.0,0,0.0,0,0,1,0,S,Luton,0,0.0,0.0351049415767192,0.0351049415767192,Premier League,2023-2024
11984,Youssef Chermiti,18,159,0,0.6035170843824744,0,0.4252763092517853,6,3,3,0,F S,Everton,0,0.6035170843824744,1.2006155140697956,0.2379013262689113,Premier League,2023-2024
11987,Daniel Gore,1,1,0,0.0,0,0.0,0,0,0,0,S,Manchester United,0,0.0,0.0,0.0,Premier League,2023-2024
11998,Hannes Delcroix,12,575,0,0.2327943220734596,0,0.2035211659967899,4,4,2,0,D S,Burnley,0,0.2327943220734596,1.6811544448137283,1.477633286267519,Premier League,2023-2024
12032,Djordje Petrovic,23,1982,0,0.0,0,0.0,0,0,2,0,GK S,Chelsea,0,0.0,3.312307056039572,3.312307056039572,Premier League,2023-2024
12033,Deivid Washington,2,7,0,0.1251875013113021,0,0.0,1,0,0,0,S,Chelsea,0,0.1251875013113021,0.191845029592514,0.0666575282812118,Premier League,2023-2024
12034,Brandon Aguilera,1,1,0,0.0,0,0.0,0,0,0,0,S,Nottingham Forest,0,0.0,0.0,0.0,Premier League,2023-2024
12047,Enso González,1,1,0,0.0,0,0.0,0,0,0,0,S,Wolverhampton Wanderers,0,0.0,0.0,0.0,Premier League,2023-2024
12086,Alex Matos,1,1,0,0.0,0,0.0,0,0,0,0,S,Chelsea,0,0.0,0.0,0.0,Premier League,2023-2024
12094,Mike Trésor,16,384,0,0.6615988579578698,0,0.6491026850417256,5,7,0,0,F M S,Burnley,0,0.6615988579578698,0.9828745895065368,0.3400473915971815,Premier League,2023-2024
12118,Jamie Donley,3,3,0,0.0,0,0.0,0,0,1,0,S,Tottenham,0,0.0,0.0,0.0,Premier League,2023-2024
12123,Murillo,32,2813,0,1.6653295904397964,2,1.2170642092823982,17,8,5,0,D,Nottingham Forest,0,1.6653295904397964,8.485122511163354,7.43321305885911,Premier League,2023-2024
12152,Matheus França,10,197,0,0.2915826556272805,1,0.8639639485627413,8,6,1,0,M S,Crystal Palace,0,0.2915826556272805,1.1256566774100063,0.5917453020811081,Premier League,2023-2024
12158,Ryan Oné,1,4,0,0.0,0,0.0,0,0,0,0,S,Sheffield United,0,0.0,0.0,0.0,Premier League,2023-2024
12188,Zack Nelson,2,2,0,0.0,0,0.0,0,0,0,0,S,Luton,0,0.0,0.0675242245197296,0.0675242245197296,Premier League,2023-2024
12198,Ben Parkinson,1,18,0,0.0,0,0.0,0,0,0,0,S,Newcastle United,0,0.0,0.0,0.0,Premier League,2023-2024
12199,Alex Murphy,2,5,0,0.0,0,0.0,0,0,0,0,S,Newcastle United,0,0.0,0.0,0.0,Premier League,2023-2024
12200,Amadou Diallo,1,1,0,0.0,0,0.0,0,0,0,0,S,Newcastle United,0,0.0,0.0,0.0,Premier League,2023-2024
12204,Benicio Baker-Boaitey,5,22,0,0.020216230303049,0,0.0963166654109954,1,1,1,0,S,Brighton,0,0.020216230303049,0.2696841582655906,0.1531512588262558,Premier League,2023-2024
12205,Mark O’Mahony,3,64,0,0.0705048590898513,0,0.0,1,0,1,0,F S,Brighton,0,0.0705048590898513,0.0,0.0,Premier League,2023-2024
12215,Michael Ndiweni,1,1,0,0.0,0,0.0,0,0,0,0,S,Newcastle United,0,0.0,0.0,0.0,Premier League,2023-2024
12234,Tawanda Chirewa,8,129,0,0.1088726669549942,0,0.0158984512090683,3,1,1,0,F S,Wolverhampton Wanderers,0,0.1088726669549942,0.1717495657503605,0.0712861530482769,Premier League,2023-2024
12251,Sydie Peck,1,6,0,0.0,0,0.0,0,0,0,0,S,Sheffield United,0,0.0,0.0,0.0,Premier League,2023-2024
12275,Willy Kambwala,8,318,0,0.0,0,0.0,0,0,1,0,D S,Manchester United,0,0.0,0.3869060948491096,0.3869060948491096,Premier League,2023-2024
12291,Rhys Norrington-Davies,5,107,0,0.0,0,0.0261976327747106,0,1,1,0,D S,Sheffield United,0,0.0,0.0828541945666074,0.0566565617918968,Premier League,2023-2024
12340,Omari Forson,4,62,0,0.0488010458648204,1,0.1278283558785915,1,2,0,0,M S,Manchester United,0,0.0488010458648204,0.0683912262320518,0.0342192091047763,Premier League,2023-2024
12408,Daniel Muñoz,16,1440,0,1.7550712414085865,4,3.085336983203888,8,21,4,0,D,Crystal Palace,0,1.7550712414085865,6.9232857301831245,3.610450681298971,Premier League,2023-2024
12409,Adam Wharton,16,1333,0,0.3555116150528192,3,2.5562784411013126,10,20,2,0,M S,Crystal Palace,0,0.3555116150528192,6.304625790566206,4.828129124827683,Premier League,2023-2024
12418,Rodrigo Ribeiro,4,11,0,0.0,0,0.0,0,0,0,0,S,Nottingham Forest,0,0.0,0.0,0.0,Premier League,2023-2024
12449,Oliver Arblaster,12,954,0,0.0217242818325757,0,1.0297467429190874,1,12,2,0,M S,Sheffield United,0,0.0217242818325757,2.881228821817785,2.644879447761923,Premier League,2023-2024
12455,Jayden Danns,2,6,0,0.0,0,0.0,0,0,1,0,S,Liverpool,0,0.0,0.0,0.0,Premier League,2023-2024
12465,Sam Curtis,1,24,0,0.0,0,0.0,0,0,0,0,S,Sheffield United,0,0.0,0.0764820128679275,0.0764820128679275,Premier League,2023-2024
12497,Jimi Tauriainen,1,1,0,0.0,0,0.0,0,0,0,0,S,Chelsea,0,0.0,0.0,0.0,Premier League,2023-2024
12498,Valentín Barco,6,299,0,0.3076824657618999,0,0.3052761070430279,4,4,1,0,D S,Brighton,0,0.3076824657618999,2.3139365799725056,1.9353922195732596,Premier League,2023-2024
12509,Daiki Hashioka,10,583,0,0.1002131290733814,0,0.5188488382846117,2,3,0,0,D S,Luton,0,0.1002131290733814,2.0648620426654816,1.5119032934308052,Premier League,2023-2024
12532,Leon Chiwome,3,178,0,0.1448510400950908,0,0.0,2,0,0,0,F S,Wolverhampton Wanderers,0,0.1448510400950908,0.0585044063627719,0.0131325274705886,Premier League,2023-2024
12535,Josh Acheampong,1,1,0,0.0,0,0.0,0,0,0,0,S,Chelsea,0,0.0,0.0,0.0,Premier League,2023-2024
12549,Fred Onyedinma,8,419,0,0.1841092407703399,0,0.1307402979582548,5,2,1,0,D S,Luton,0,0.1841092407703399,0.5668405517935753,0.2519910037517547,Premier League,2023-2024
12568,Ethan Wheatley,3,9,0,0.0,0,0.0,0,0,0,0,S,Manchester United,0,0.0,0.0,0.0,Premier League,2023-2024
12581,Finley Munroe,1,1,0,0.0,0,0.0,0,0,0,0,S,Aston Villa,0,0.0,0.0,0.0,Premier League,2023-2024
12603,Mikey Moore,2,2,0,0.0,0,0.0,0,0,0,0,S,Tottenham,0,0.0,0.0,0.0,Premier League,2023-2024
11736,Artem Dovbyk,36,2678,24,23.31381724774837,8,6.509533985517919,85,27,2,0,F S,Girona,17,17.367596223950386,23.6771375015378,3.992590010166168,La Liga,2023-2024
6531,Alexander Sørloth,34,2487,23,15.42916595377028,6,4.057515846565366,78,33,3,0,F S,Villarreal,23,15.42916595377028,20.514578377828,3.432165618985892,La Liga,2023-2024
227,Robert Lewandowski,35,2777,19,17.914700919762254,8,5.09992503747344,92,27,5,0,F S,Barcelona,15,14.941590474918485,25.661629386246204,9.227330034598708,La Liga,2023-2024
8824,Jude Bellingham,28,2351,19,12.974516276270151,6,5.894492693245411,63,48,5,0,F M S,Real Madrid,18,12.231238637119532,27.42240233719349,15.474829688668253,La Liga,2023-2024
1235,Ante Budimir,33,2476,17,15.208166905678809,2,2.322105295024812,77,12,4,0,F S,Osasuna,14,12.23505643196404,12.838875048793852,1.577920326963067,La Liga,2023-2024
2270,Antoine Griezmann,33,2685,16,13.233244309201837,6,5.676792664453387,79,43,5,0,F M S,Atletico Madrid,12,10.260133827105165,25.45843400619924,11.906192127615212,La Liga,2023-2024
5169,Youssef En-Nesyri,33,2580,16,13.3881605733186,2,1.3884780388325453,73,9,4,0,F S,Sevilla,15,12.64488290436566,14.379435012117028,2.695498451590538,La Liga,2023-2024
1804,Álvaro Morata,32,1924,15,17.68113228864968,3,2.8247487526386976,67,15,2,1,F S,Atletico Madrid,15,16.937854619696736,20.133963122963905,3.360558204352856,La Liga,2023-2024
2252,Borja Mayoral,27,2193,15,11.781445782631636,1,1.9314997978508472,47,20,2,0,F M S,Getafe,11,8.808335237205029,12.544378835707905,2.4337577307596803,La Liga,2023-2024
7008,Vinícius Júnior,26,1902,15,15.999081552028656,5,4.433579048141837,78,31,7,0,F M S,Real Madrid,14,15.255804002285004,20.517531529068947,4.835081744939089,La Liga,2023-2024
7020,Gorka Guruzeta,32,2321,14,13.0646229442209,5,3.0766469575464725,65,27,2,0,F S,Athletic Club,14,12.321345334872603,15.980735013261436,2.6838627718389034,La Liga,2023-2024
6637,Hugo Duro,37,3050,13,11.410676322877409,2,1.5678155571222303,65,15,4,0,F M S,Valencia,13,11.410676322877409,14.390071650967002,2.716021410189569,La Liga,2023-2024
11070,Jørgen Strand Larsen,37,2951,13,16.671772304922342,3,2.7474186159670357,81,24,3,0,F M S,Celta Vigo,13,16.671772304922342,20.40579062514007,4.552490897476673,La Liga,2023-2024
2399,Iñaki Williams,34,2880,12,11.432036427780986,3,6.19192869309336,93,44,4,0,F M S,Athletic Club,12,11.432036427780986,21.492380052804947,5.147575912997127,La Liga,2023-2024
10400,Myrto Uzuni,34,2490,11,12.619373556226492,1,3.1601249799132347,64,18,3,0,F M S,Granada,7,8.902985572814941,10.58439028635621,1.75699582695961,La Liga,2023-2024
866,Joselu,34,1631,10,13.563519598916171,2,2.325238820165396,63,12,0,0,F S,Real Madrid,10,12.076964350417256,17.439819484949112,5.645642139017582,La Liga,2023-2024
2120,Gerard Moreno,30,2296,10,9.997523443773389,6,5.868685748428106,63,53,0,0,F M S,Villarreal,8,7.767690574750304,16.735687041655183,7.895937273278832,La Liga,2023-2024
2361,Willian José,33,2004,10,6.604414518922567,5,3.088982405140996,48,27,0,1,F S,Real Betis,10,6.604414518922567,11.779934830963612,2.7242426984012127,La Liga,2023-2024
8015,Rodrygo,34,2426,10,12.429995279759169,5,4.424967087805271,87,46,2,0,F S,Real Madrid,10,11.68671764060855,22.53792427107692,10.114376921206713,La Liga,2023-2024
770,Ayoze Pérez,31,2346,9,8.989579416811466,1,4.214360909536481,68,31,4,0,F M S,Real Betis,9,8.989579416811466,17.23151198029518,6.425478775054216,La Liga,2023-2024
1709,Cristhian Stuani,31,694,9,11.261974029242992,3,2.2404822162352502,34,10,6,0,F S,Girona,9,11.261974029242992,11.822853227611631,0.315147440880537,La Liga,2023-2024
2234,Mikel Oyarzabal,33,2160,9,10.142703792080283,3,2.1910949237644672,40,21,3,0,F M S,Real Sociedad,7,8.656148603186011,10.525855980813503,1.3151531964540482,La Liga,2023-2024
2275,Ángel Correa,32,1502,9,7.449641685932875,2,4.268415723927319,43,32,3,0,F M S,Atletico Madrid,9,7.449641685932875,16.604389868676662,6.348268950358033,La Liga,2023-2024
2290,Iago Aspas,35,2736,9,10.404229525476694,10,12.151071110740304,78,90,6,1,F M S,Celta Vigo,6,6.687841277569532,23.67988681048155,10.63012528140098,La Liga,2023-2024
8862,Sergio Arribas,34,2065,9,9.642353873699903,4,4.135038662701845,60,40,1,0,F M S,Almeria,9,9.642353873699903,15.820769029669464,4.31053960043937,La Liga,2023-2024
11735,Sávio,37,3062,9,6.155738043598831,10,8.476998306810856,45,52,5,0,F M S,Girona,9,6.155738043598831,24.98598575219512,13.196425644680858,La Liga,2023-2024
11831,Samu Omorodion,35,2014,9,13.301204808056356,1,1.8839029110968115,67,18,6,0,F S,"Alaves,Granada",9,13.301204808056356,15.395711928606032,3.0258879344910383,La Liga,2023-2024
2255,Isco,29,2377,8,9.666563872247934,5,8.340999964624643,63,81,10,0,M S,Real Betis,6,8.180008582770824,19.04085874557495,7.847405590116978,La Liga,2023-2024
6421,Brahim Diaz,31,1548,8,7.064669705927372,6,5.103312510065734,38,30,0,0,F M S,Real Madrid,8,7.064669705927372,17.72036318667233,7.117511269636452,La Liga,2023-2024
7490,Mason Greenwood,34,2766,8,9.606171378865838,7,5.150464846752584,103,40,6,1,F M S,Getafe,6,7.376338509842753,14.052480861544607,4.136063855141401,La Liga,2023-2024
11322,Viktor Tsygankov,30,2118,8,7.182822577655315,7,6.8491873703897,44,35,0,0,D F M S,Girona,8,7.182822577655315,18.071242179721597,9.44023699592799,La Liga,2023-2024
11822,Fermín López,31,1447,8,8.455701429396868,0,1.420464774593711,51,17,2,0,F M S,Barcelona,8,8.455701429396868,12.826990146189928,3.3985758498311043,La Liga,2023-2024
2186,Morales,29,996,7,5.825236776843667,0,0.5933051854372025,25,5,0,0,F M S,Villarreal,7,5.825236776843667,8.629727041348815,2.665788280777633,La Liga,2023-2024
2551,Pepelu,37,3314,7,6.94635817874223,1,3.3046364076435566,35,52,4,0,M,Valencia,0,1.0002651019021869,11.623020177707076,10.69089342933148,La Liga,2023-2024
5091,Alex Berenguer,35,1533,7,5.9159444607794285,3,4.649526584893465,32,33,4,0,M S,Athletic Club,6,5.172794762998819,8.556869108229876,1.8393376246094704,La Liga,2023-2024
6118,Portu,36,1205,7,4.973772298544645,5,3.65421982575208,22,18,4,0,F M S,"Getafe,Girona",7,4.973772298544645,11.46655536815524,3.547722566872835,La Liga,2023-2024
6441,Ferrán Torres,29,1168,7,6.14692690782249,2,2.06962201744318,38,26,2,0,F M S,Barcelona,7,6.14692690782249,11.04676415026188,4.374510854482651,La Liga,2023-2024
7892,João Félix,30,1530,7,8.801812421530485,3,3.087745688855648,61,19,3,0,F M S,Barcelona,7,8.801812421530485,17.652851674705744,7.777922375127673,La Liga,2023-2024
8001,Takefusa Kubo,30,2169,7,5.006727017462254,4,6.733130760490894,46,58,1,0,F M S,Real Sociedad,7,5.006727017462254,12.395342625677586,3.640120666474104,La Liga,2023-2024
9002,Vedat Muriqi,29,2335,7,11.220534628257155,2,3.225141496397555,66,34,4,0,F S,Mallorca,6,8.990829708054662,9.76861596852541,2.220715753734112,La Liga,2023-2024
12030,Tasos Douvikas,32,846,7,5.597069129347801,1,1.1894508870318532,26,8,2,0,F S,Celta Vigo,7,5.597069129347801,6.697281435132027,0.6971121802926064,La Liga,2023-2024
1189,Lucas Boyé,31,2613,6,7.1452496172860265,3,3.2088521169498563,56,27,8,1,F M S,Granada,6,7.1452496172860265,10.558177180588244,3.42706776317209,La Liga,2023-2024
2304,Leo Baptistao,32,1869,6,5.837608506903052,0,1.8269870448857544,47,19,6,1,F M S,Almeria,6,5.837608506903052,10.266108710318804,3.071513507515192,La Liga,2023-2024
2518,Marcos Llorente,37,2580,6,4.876857055351138,4,6.641838442534208,30,26,5,0,D F M S,Atletico Madrid,6,4.876857055351138,19.585022961720824,10.337015140801668,La Liga,2023-2024
7071,Álvaro García,32,2537,6,7.112187316641212,1,3.6980624217540026,45,40,6,1,F M S,Rayo Vallecano,6,7.112187316641212,11.993901647627354,1.8538533048704269,La Liga,2023-2024
8014,Abdón Prats,34,1218,6,4.045267624780536,1,2.3391423150897026,33,14,4,0,F S,Mallorca,6,4.045267624780536,5.668141694739461,1.2052582316100595,La Liga,2023-2024
8026,Raphinha,28,1385,6,7.731987021863459,9,6.221527995541692,59,40,4,1,F M S,Barcelona,5,6.988709412515163,14.769633650779724,7.721641294658184,La Liga,2023-2024
8042,Raul García,35,1328,6,5.832890957593918,1,1.2678657453507185,33,10,4,0,F S,Osasuna,6,5.832890957593918,7.175652220845223,1.3460570983588696,La Liga,2023-2024
8978,Luis Suárez,15,922,6,5.410993490368128,0,0.6992363482713699,40,8,3,0,F M S,Almeria,5,4.667715843766928,5.6103093065321445,0.5050557218492031,La Liga,2023-2024
10143,Bryan Zaragoza,21,1651,6,3.4969893489032984,2,3.2957579903304577,33,22,5,0,F M S,Granada,5,2.753711733967066,8.612707426771522,3.226908627897501,La Liga,2023-2024
11743,Kirian Rodríguez,37,3232,6,1.8378973649814725,2,1.910202752798796,43,37,8,0,M S,Las Palmas,6,1.8378973649814725,11.23528541252017,8.897437009960413,La Liga,2023-2024
12190,Arda Güler,10,365,6,1.991128913126886,0,0.1776059940457344,15,2,1,0,F M S,Real Madrid,6,1.991128913126886,4.972774624824524,3.295796275138855,La Liga,2023-2024
314,Ilkay Gündogan,36,3014,5,7.261162165552378,9,10.576679192483423,43,97,5,0,M S,Barcelona,4,5.774606849998236,30.591652281582355,20.01150991767645,La Liga,2023-2024
555,Memphis Depay,23,870,5,6.286115247756243,1,2.1676864326000214,39,12,2,0,F S,Atletico Madrid,5,6.286115247756243,9.110113620758057,1.083245625719428,La Liga,2023-2024
5304,Mikel Merino,32,2476,5,3.81742243655026,3,2.5781697425991297,30,19,10,0,M S,Real Sociedad,5,3.81742243655026,11.67240933328867,6.87834064848721,La Liga,2023-2024
5706,Dodi Lukebakio,23,1122,5,6.540482584387064,1,0.6361335068941116,42,13,0,0,F M S,Sevilla,5,6.540482584387064,9.135638374835253,3.597939668223262,La Liga,2023-2024
6227,Brais Méndez,32,2435,5,4.253141248598695,6,5.089708650484681,66,40,7,0,F M S,Real Sociedad,5,4.253141248598695,12.606009811162949,7.558188047260046,La Liga,2023-2024
6920,Chris Ramos,38,2752,5,10.751682560890911,1,1.7786291632801294,78,18,5,0,F M S,Cadiz,5,10.751682560890911,11.691351497545838,2.073237329721451,La Liga,2023-2024
7009,Jaime Mata,36,1891,5,5.709469351917505,1,1.5407152902334929,34,18,8,1,F M S,Getafe,5,5.709469351917505,7.414690779522061,1.9643178265541792,La Liga,2023-2024
7350,Yangel Herrera,29,2164,5,6.053082942962647,0,2.1153405918739736,52,18,9,0,D M S,Girona,5,6.053082942962647,18.590083649381995,13.715097695589066,La Liga,2023-2024
7529,Iván Martín,36,2801,5,3.2572554741054773,4,3.426012462005019,19,29,5,0,F M S,Girona,5,3.2572554741054773,23.63595617376268,18.003766800742596,La Liga,2023-2024
7870,Luis Rioja,37,2576,5,5.841826934367418,4,5.503333631902933,57,41,4,0,F M S,Alaves,2,2.86871649697423,11.749913413077593,7.45725760422647,La Liga,2023-2024
8045,Eric Garcia,32,2700,5,3.56385139375925,0,0.3726290613412857,17,10,4,0,D S,"Barcelona,Girona",5,3.56385139375925,19.98190453276038,19.82159387692809,La Liga,2023-2024
9211,Nico Williams,31,2336,5,6.556464571505785,11,7.37903618440032,56,46,4,1,M S,Athletic Club,5,6.556464571505785,20.137821784242988,8.772917037829757,La Liga,2023-2024
10870,Williot Swedberg,15,421,5,2.655545361340046,0,0.2127302475273609,12,3,1,0,F S,Celta Vigo,5,2.655545361340046,3.393190272152424,0.6375101953744888,La Liga,2023-2024
11527,Lamine Yamal,37,2186,5,5.792876272462308,5,6.701532162725925,58,39,3,0,D F M S,Barcelona,5,5.792876272462308,22.475352063775063,12.034275501966476,La Liga,2023-2024
1109,Lucas Ocampos,35,2934,4,6.91489348327741,3,5.845869053155184,64,36,9,0,D F M S,Sevilla,3,6.171615903731436,16.757698979228735,7.750453559681773,La Liga,2023-2024
2260,Daniel Carvajal,28,2191,4,2.5843210201710463,3,2.846800524741411,18,21,3,1,D S,Real Madrid,4,2.5843210201710463,17.779699720442295,13.596170537173748,La Liga,2023-2024
4226,Darwin Machís,21,789,4,1.6609838381409645,0,0.7223969530314207,21,11,0,1,M S,Cadiz,3,0.9177062064409256,1.6214497294276953,0.4944714903831482,La Liga,2023-2024
5159,Marc Cardona,26,692,4,3.430356253869832,1,1.046162724494934,22,8,4,0,F S,Las Palmas,3,2.6870786445215344,4.098069593310356,1.0499781053513288,La Liga,2023-2024
6076,Nemanja Maksimovic,38,3381,4,5.083175158128142,0,1.093019516672939,34,21,4,0,F M,Getafe,4,5.083175158128142,8.056125676259398,2.84362658392638,La Liga,2023-2024
6917,Rubén Alcaraz,37,3256,4,3.218607753980905,1,1.4706367831677198,49,21,14,0,M,Cadiz,1,1.7320524961687624,9.142522914335132,7.632076874375343,La Liga,2023-2024
7308,Ander Barrenetxea,29,1459,4,4.389514604583383,1,1.0995194213464856,37,13,1,0,F M S,Real Sociedad,4,4.389514604583383,9.233631463721396,4.014798982068896,La Liga,2023-2024
7526,Martín Zubimendi,31,2647,4,2.6000347044318914,1,1.4402537755668163,22,16,5,0,M S,Real Sociedad,4,2.6000347044318914,9.632920825853944,7.485700702294707,La Liga,2023-2024
7779,Oihan Sancet,30,2041,4,7.619544181972742,5,5.002125304192305,42,42,3,2,M S,Athletic Club,4,6.876266572624445,19.383669286966324,8.901302080601454,La Liga,2023-2024
8935,Pedri,24,1482,4,3.1283660791814327,2,4.838285274803639,15,37,3,0,F M S,Barcelona,4,3.1283660791814327,17.99414351582527,12.402524460107088,La Liga,2023-2024
9812,Isi Palazón,37,2854,4,6.335625420324504,1,2.225726639851928,72,36,7,0,F M S,Rayo Vallecano,2,4.849070153199136,10.12043279223144,5.024445602670312,La Liga,2023-2024
10322,Javier Guerra,36,2512,4,2.65656166523695,1,1.336386915296316,42,12,3,1,F M S,Valencia,4,2.65656166523695,10.262043055146933,6.620698370039463,La Liga,2023-2024
10943,Samuel Lino,34,2109,4,6.0498463828116655,5,5.474011484533548,54,34,1,0,D M S,Atletico Madrid,4,6.0498463828116655,18.711061470210552,9.383106797933578,La Liga,2023-2024
11395,Iker Muñoz,28,1857,4,1.440973857417703,0,0.120781245175749,23,5,5,0,M S,Osasuna,4,1.440973857417703,4.938536483794451,4.333449829369783,La Liga,2023-2024
12305,Isaac Romero,14,1079,4,9.279214672744274,4,2.405117738991976,42,11,2,0,F,Sevilla,4,9.279214672744274,9.81811036914587,0.5587532091885805,La Liga,2023-2024
897,Juanmi,17,902,3,2.394270528107881,1,1.3814822752028704,14,11,3,0,F S,Cadiz,3,2.394270528107881,3.842763864435256,0.4586437502875924,La Liga,2023-2024
1055,Aleix García,37,3211,3,1.654544435441494,6,6.332581764552742,39,57,4,1,M S,Girona,3,1.654544435441494,27.95874883979559,26.10125770606101,La Liga,2023-2024
1145,Rodrigo de Paul,34,2138,3,2.4136575758457184,5,5.956038564443588,30,40,7,0,M S,Atletico Madrid,3,2.4136575758457184,18.401144174858928,12.855113858357072,La Liga,2023-2024
1450,Umar Sadiq,26,1084,3,4.327728940173984,1,1.3044183999300003,33,10,4,0,F S,Real Sociedad,3,4.327728940173984,5.5899777337908745,0.7982677100226283,La Liga,2023-2024
1857,David López,25,2004,3,2.560835152864456,0,0.1779922470450401,16,3,4,0,D M,Girona,3,2.560835152864456,11.615245217457414,11.584674993529916,La Liga,2023-2024
2104,Sergi Roberto,14,861,3,1.7566438242793083,2,0.92743831127882,10,10,4,0,D M S,Barcelona,3,1.7566438242793083,7.062162987887859,5.187547985464335,La Liga,2023-2024
2106,Munir,38,2529,3,5.857398867607117,2,1.977289479225874,43,24,2,0,F M S,Las Palmas,3,5.114121228456497,6.820673560723662,1.9331548307091,La Liga,2023-2024
2166,Adrián Embarba,36,2525,3,4.703754590824246,2,4.46298486366868,64,53,5,0,F M S,Almeria,2,3.960476951673627,9.753230541944504,4.130155490711331,La Liga,2023-2024
2183,Rubén García,30,1565,3,2.8549397652968764,2,3.817399071529508,28,32,1,0,F M S,Osasuna,3,2.8549397652968764,7.513364969752729,2.6561790024861693,La Liga,2023-2024
2198,Moi Gómez,28,2034,3,2.794319991953671,0,1.1854128642007709,19,24,3,0,F M S,Osasuna,3,2.794319991953671,9.092681156471372,5.7657966474071145,La Liga,2023-2024
2229,Yuri,27,1927,3,0.930156422778964,1,2.338234329596162,18,14,5,0,D S,Athletic Club,3,0.930156422778964,8.477914944291115,7.352592485025525,La Liga,2023-2024
2246,Sergio Ramos,28,2520,3,2.363202068023384,0,0.1144642643630504,28,4,7,1,D,Sevilla,3,2.363202068023384,7.144621841609478,6.970444522798061,La Liga,2023-2024
2253,Lucas Vázquez,29,1385,3,1.4752543810755014,5,5.109131463803351,11,29,0,0,D S,Real Madrid,3,1.4752543810755014,13.438542291522026,9.925284247845411,La Liga,2023-2024
2335,Pablo Fornals,15,1180,3,2.757550232112408,2,2.4938491079956293,17,23,2,0,M S,Real Betis,3,2.757550232112408,6.276711612939835,2.003740269690752,La Liga,2023-2024
2378,Daniel Parejo,33,2602,3,2.7543703578412533,5,3.763231922872365,12,35,4,0,M S,Villarreal,0,0.5245375297963619,13.774897009134293,12.096920046955349,La Liga,2023-2024
2584,Raíllo,26,2200,3,1.0896789133548737,2,1.946201842278242,29,8,4,1,D S,Mallorca,3,1.0896789133548737,3.3288030233234167,2.4110382981598377,La Liga,2023-2024
3749,Jonathan Bamba,27,2024,3,3.753225581720472,2,4.27307846210897,41,39,0,0,F M S,Celta Vigo,3,3.753225581720472,11.568410554900764,5.41610742919147,La Liga,2023-2024
5073,Florian Lejeune,37,3330,3,2.7786948457360268,1,1.1222076853737235,64,9,5,0,D,Rayo Vallecano,3,2.7786948457360268,6.015694395639002,5.366033425554633,La Liga,2023-2024
5074,Kike García,33,1422,3,10.35389361344278,2,1.8036036575213077,57,18,3,0,F S,Alaves,3,9.61061597429216,11.454374939203262,1.9085751418024304,La Liga,2023-2024
5077,Mikel Vesga,27,1529,3,2.68631455861032,1,1.3270403016358614,19,7,2,0,M S,Athletic Club,1,1.199759339913726,5.111013642512262,3.481826763600111,La Liga,2023-2024
5179,Jon Guridi,36,2758,3,4.945392818190157,4,4.210919074714184,36,32,2,0,F M S,Alaves,3,4.945392818190157,15.953632154501976,9.553089398890734,La Liga,2023-2024
5682,Gonçalo Guedes,17,947,3,2.451155014336109,2,1.931647036224604,25,18,0,0,F M S,Villarreal,3,2.451155014336109,5.377200864255428,1.639312908053398,La Liga,2023-2024
6170,André Silva,19,717,3,2.9928668327629566,0,0.3096608091145754,16,5,1,0,F S,Real Sociedad,2,2.2495892234146595,2.7100992649793625,0.6770922802388668,La Liga,2023-2024
6533,Anthony Lozano,19,844,3,4.719658374786377,0,0.9141268488019704,27,9,2,0,F S,"Almeria,Getafe",3,4.719658374786377,4.992544200271368,0.7519851960241795,La Liga,2023-2024
6560,Aurelien Tchouameni,27,1989,3,1.1284832786768677,1,1.016305934637785,27,10,6,0,D M S,Real Madrid,3,1.1284832786768677,14.34218283277005,13.378327887505291,La Liga,2023-2024
7528,Sergio Camello,31,1686,3,4.553138293325901,1,1.6020972728729248,34,20,3,0,F S,Rayo Vallecano,3,4.553138293325901,9.425828685984015,3.8848830573260784,La Liga,2023-2024
8002,Rodrigo Riquelme,34,1502,3,3.1890832781791687,5,4.1543308813124895,36,28,1,0,D F M S,Atletico Madrid,3,3.1890832781791687,10.4628825802356,4.837257476523519,La Liga,2023-2024
8319,Ricard Sánchez,33,2317,3,0.6868337672203779,0,1.7101847026497126,14,23,7,0,D S,Granada,3,0.6868337672203779,4.334156412631273,2.659800657071173,La Liga,2023-2024
8429,Luka Romero,13,418,3,1.3589543215930462,0,0.0608787722885608,8,2,2,0,M S,Almeria,3,1.3589543215930462,2.419142585247755,1.0623113885521889,La Liga,2023-2024
8489,Jorge Cuenca,29,1943,3,1.5723481718450785,1,0.2578685991466045,19,6,7,0,D S,Villarreal,3,1.5723481718450785,5.850654125213623,5.564333848655224,La Liga,2023-2024
9694,Diego López,36,2717,3,4.588101631961763,6,5.838031250052154,40,40,2,0,F M S,Valencia,3,4.588101631961763,11.753942198120058,2.9665117785334587,La Liga,2023-2024
9970,Antonio Sánchez,29,1484,3,2.456588609144092,1,0.9946272429078816,23,12,3,0,D F M S,Mallorca,3,2.456588609144092,4.210118742659688,1.4729171246290207,La Liga,2023-2024
10334,Kike Salas,23,1607,3,1.0458727329969406,0,0.247379477135837,16,5,9,0,D S,Sevilla,3,1.0458727329969406,3.0582334231585264,2.7417275570333004,La Liga,2023-2024
10399,Juan Latasa,33,1557,3,5.340842031873763,0,1.2214664816856384,45,19,5,1,F S,Getafe,3,5.340842031873763,6.516679762862623,1.124325681477785,La Liga,2023-2024
10975,Largie Ramazani,29,1561,3,5.039075307548046,5,5.374200887046754,40,25,7,2,F M S,Almeria,3,5.039075307548046,10.195076782256365,2.574905341491103,La Liga,2023-2024
11340,Cyle Larin,35,1834,3,8.655439012683928,2,0.6739965248852968,69,10,8,0,F S,Mallorca,3,8.655439012683928,9.256140869110824,1.6772314738482237,La Liga,2023-2024
11826,Carlos Benavídez,29,1084,3,1.0416047144681215,1,0.4492913717404008,14,6,5,0,M S,Alaves,3,1.0416047144681215,4.363672302104533,3.6337609300389886,La Liga,2023-2024
12041,Roman Yaremchuk,25,930,3,4.171886486001313,0,0.2125076241791248,18,6,2,0,F S,Valencia,3,4.171886486001313,4.6312211221084,0.3661166233941912,La Liga,2023-2024
12160,Alberto Moleiro,28,1817,3,1.88723237067461,3,2.46946167293936,33,27,2,0,F M S,Las Palmas,3,1.88723237067461,5.9564906693995,2.778646009042859,La Liga,2023-2024
200,Andreas Christensen,30,2071,2,0.7326760925352573,2,1.1259709149599075,11,6,4,0,D M S,Barcelona,2,0.7326760925352573,11.990120647475123,11.355757901445031,La Liga,2023-2024
451,Matija Nastasic,26,2251,2,1.3440532181411982,0,0.3397770263254642,8,5,8,0,D S,Mallorca,2,1.3440532181411982,3.435213418677449,2.651814231649041,La Liga,2023-2024
608,Alberto Moreno,27,1507,2,1.2026363052427769,2,1.7425644844770432,17,16,1,2,D M S,Villarreal,2,1.2026363052427769,8.26783012598753,5.657957712188363,La Liga,2023-2024
644,Erik Lamela,13,443,2,1.7779102623462677,0,1.3970007188618183,9,12,3,0,M S,Sevilla,2,1.7779102623462677,3.96923715993762,1.89701737370342,La Liga,2023-2024
2070,Carlos Fernández,10,407,2,1.4206017851829529,1,0.437736451625824,9,2,2,0,F S,Real Sociedad,1,0.6773241832852364,0.8234930839389563,0.0505063440650701,La Liga,2023-2024
2094,Ivan Rakitic,18,1438,2,1.0803361106663942,1,3.3129946729168296,32,49,6,0,M S,Sevilla,2,1.0803361106663942,4.866999372839928,3.6569386990740895,La Liga,2023-2024
2110,Rubén Duarte,28,1882,2,0.778625306673348,1,1.666043220087886,15,17,7,0,D S,Alaves,2,0.778625306673348,4.890459792688489,4.110139857977629,La Liga,2023-2024
2168,Bebé,19,157,2,1.548812891356647,0,0.2659009620547294,16,3,1,0,S,Rayo Vallecano,1,0.8055352820083499,1.5149233266711235,0.8059836337342858,La Liga,2023-2024
2250,Luka Modric,32,1673,2,1.234472492709756,6,7.648128478787839,25,55,2,0,M S,Real Madrid,2,1.234472492709756,17.069808715954423,14.450822414830329,La Liga,2023-2024
2358,Jonathan Viera,21,1569,2,3.419524535536766,4,3.984316235408187,26,45,2,1,F M S,"Almeria,Las Palmas",0,1.93309722840786,9.009981509298086,5.22716449201107,La Liga,2023-2024
2379,João Cancelo,32,2522,2,2.178373849950731,4,6.667653251439333,31,35,7,0,D M S,Barcelona,2,2.178373849950731,20.926805324852467,15.549591969698668,La Liga,2023-2024
2401,Muniain,20,567,2,2.1089497916400437,0,0.8693453073501587,13,13,1,0,M S,Athletic Club,2,2.1089497916400437,4.539409592747688,2.599403072148561,La Liga,2023-2024
2566,Roger,24,1464,2,2.6313201300799847,3,3.441865175962448,36,12,3,0,F S,Cadiz,2,2.6313201300799847,5.959322208538652,1.5697756428271532,La Liga,2023-2024
2589,Rafa Mir,15,350,2,1.5057746144011617,0,0.2619092240929603,15,5,1,0,F S,Sevilla,2,1.5057746144011617,1.872372434474528,0.1251072380691766,La Liga,2023-2024
2594,Sergio Akieme,19,1681,2,1.317646473646164,0,2.537110412493348,9,17,2,0,D M,Almeria,2,1.317646473646164,7.06900847516954,4.766819188371301,La Liga,2023-2024
2621,Sergi Darder,36,2130,2,1.7865178659558296,5,5.888831946998835,32,51,4,0,M S,Mallorca,2,1.7865178659558296,7.913182632997632,3.5740005373954773,La Liga,2023-2024
3059,Axel Witsel,35,2762,2,1.1863595861941576,0,0.3938517831265926,6,3,5,0,D S,Atletico Madrid,2,1.1863595861941576,14.69416292756796,14.316268928349018,La Liga,2023-2024
4168,Javi Muñoz,37,2659,2,3.1554005797952414,3,1.6818826254457235,38,24,6,0,M S,Las Palmas,2,3.1554005797952414,9.510037542320788,5.553472641855478,La Liga,2023-2024
5086,Marc Roca,26,2023,2,1.066370977088809,2,1.9638910461217165,20,19,5,0,M S,Real Betis,2,1.066370977088809,10.028404958546162,8.13139932602644,La Liga,2023-2024
5173,Asier Villalibre,18,456,2,2.615739949978888,1,1.1547473296523094,12,9,0,0,F S,Athletic Club,2,2.615739949978888,3.5155712459236383,0.4210262224078178,La Liga,2023-2024
6241,Federico Valverde,37,2931,2,4.201607981696725,7,6.22173410281539,56,49,2,0,M S,Real Madrid,2,4.201607981696725,27.96735017001629,20.866584636271,La Liga,2023-2024
6427,Aitor Ruibal,18,1040,2,1.2375148171558976,1,1.127075096592307,13,10,5,0,D M S,Real Betis,2,1.2375148171558976,4.722409792244434,3.3653818890452385,La Liga,2023-2024
6470,José Arnáiz,26,922,2,1.793456044048071,1,2.62796001508832,29,14,3,0,F M S,Osasuna,2,1.793456044048071,3.397945187985897,1.706015819683671,La Liga,2023-2024
6955,Ezequiel Ávila,23,1177,2,2.761871500872076,3,1.9776590215042236,36,23,5,3,F M S,"Osasuna,Real Betis",2,2.761871500872076,7.255484355613589,3.985528225079179,La Liga,2023-2024
7070,Santiago Comesaña,27,1645,2,2.165256801992655,0,1.4374671690165997,17,12,6,2,M S,Villarreal,2,2.165256801992655,7.749161342158914,5.864406324923039,La Liga,2023-2024
7246,Valery Fernández,27,405,2,0.948156202211976,0,0.7140233628451824,5,6,1,0,M S,Girona,2,0.948156202211976,5.432346967048943,4.0496402168646455,La Liga,2023-2024
7276,Robin Le Normand,29,2484,2,0.8448614859953523,0,0.1142949070781469,9,3,13,0,D S,Real Sociedad,2,0.8448614859953523,7.548361234366894,7.5338910184800625,La Liga,2023-2024
7432,Reinildo,16,713,2,1.2540149614214895,1,0.6998050753027201,5,5,2,0,D S,Atletico Madrid,2,1.2540149614214895,3.792576534673572,2.960359640419483,La Liga,2023-2024
7781,Frenkie de Jong,20,1641,2,1.0600792113691568,0,2.509486421942711,7,21,7,0,D M,Barcelona,2,1.0600792113691568,17.80471708625555,15.505143828690052,La Liga,2023-2024
7841,Dani Rodríguez,36,2672,2,1.548793044872582,4,5.381772861815989,27,50,8,0,F M S,Mallorca,2,1.548793044872582,8.062609313055873,4.183748701587319,La Liga,2023-2024
7882,Sheraldo Becker,15,769,2,1.9461984522640705,2,1.6168914884328842,21,8,1,0,F M S,Real Sociedad,2,1.9461984522640705,3.5689502712339163,0.4457260128110647,La Liga,2023-2024
8107,Jorge De Frutos,36,1499,2,4.203992499038577,0,1.2770522255450487,29,17,1,0,M S,Rayo Vallecano,2,4.203992499038577,7.655280977487564,2.874981191009283,La Liga,2023-2024
8142,Edgar González,31,2541,2,1.9409231208264828,0,0.300341859459877,13,7,5,1,D M S,Almeria,2,1.9409231208264828,5.982757529243827,5.704114023596048,La Liga,2023-2024
8267,Guido Rodríguez,24,1865,2,0.7606446947902441,0,0.7604827135801315,18,4,6,0,M S,Real Betis,2,0.7606446947902441,6.565757455304265,5.561212830245495,La Liga,2023-2024
8417,Álex Baena,34,2665,2,6.942582780495286,14,10.450773367658256,73,84,11,1,F M S,Villarreal,2,6.1993051785975695,18.36723465844989,7.157092597335577,La Liga,2023-2024
8424,Aimar Oroz,33,2370,2,2.920883681625128,1,2.4306202111765742,25,26,3,0,M S,Osasuna,1,2.1776060722768307,11.14612780790776,7.546972875483334,La Liga,2023-2024
8513,Miguel Gutiérrez,35,3058,2,2.810915406793356,7,9.733721763826908,35,42,4,0,D,Girona,2,2.810915406793356,25.91285879164934,19.389349835924804,La Liga,2023-2024
8963,Nahuel Molina,30,1845,2,1.3038488682359457,3,2.7496361136436462,12,19,4,1,D S,Atletico Madrid,2,1.3038488682359457,13.15212426148355,10.882931523025036,La Liga,2023-2024
9011,Óscar Mingueza,38,2998,2,2.3126691011711955,2,5.042737593874335,28,49,4,0,D F M S,Celta Vigo,2,2.3126691011711955,16.73545361869037,13.703091602772474,La Liga,2023-2024
9324,Facundo Pellistri,15,1242,2,2.189263768494129,1,0.9153640922158957,17,18,0,1,F M S,Granada,2,2.189263768494129,3.3937868252396584,1.4023651368916037,La Liga,2023-2024
9958,Yerson Mosquera,16,1231,2,1.1751275416463614,1,0.2924861721694469,10,5,4,0,D S,Villarreal,2,1.1751275416463614,5.195367939770222,5.021152634173632,La Liga,2023-2024
10121,Ilias Akhomach,31,1517,2,2.8520439928397536,2,2.783080594614148,30,20,4,0,F M S,Villarreal,2,2.8520439928397536,7.819413809105754,3.0658173207193613,La Liga,2023-2024
10412,Gastón Álvarez,35,2628,2,1.4335118364542725,0,0.7242664946243167,14,7,7,0,D S,Getafe,2,1.4335118364542725,4.232770146802068,3.5136727215722203,La Liga,2023-2024
11057,André Almeida,18,991,2,0.5475282277911901,1,1.376497931778431,10,13,0,0,F M S,Valencia,2,0.5475282277911901,3.805688476189971,2.962751304730773,La Liga,2023-2024
11531,Unai Gómez,25,839,2,1.7401139978319409,0,0.8440086068585515,16,12,1,0,M S,Athletic Club,2,1.7401139978319409,3.611395625397563,1.5755526795983317,La Liga,2023-2024
11742,Álex Suárez,32,2589,2,2.2428878135979176,0,0.2274227906018495,7,6,7,0,D S,Las Palmas,2,2.2428878135979176,2.811455954797566,2.659366096369922,La Liga,2023-2024
11746,Pejiño,17,489,2,1.2113106455653906,0,0.3578695189207792,17,9,0,0,F M S,Las Palmas,2,1.2113106455653906,2.024031599983573,0.5163136906921864,La Liga,2023-2024
11747,Juan Herzog,4,290,2,0.6798617094755173,0,0.0,3,0,1,0,D S,Las Palmas,2,0.6798617094755173,0.2586515843868255,0.2586515843868255,La Liga,2023-2024
12081,Assane Diao,18,1093,2,3.3369423635303974,0,0.5736600309610367,21,11,4,0,F M S,Real Betis,2,3.3369423635303974,4.840794697403908,2.2125620525330305,La Liga,2023-2024
12294,Carlos Vicente,18,1125,2,2.099360242486,4,4.537976810708642,15,33,1,0,M S,Alaves,2,2.099360242486,5.820134531706572,0.6914112120866776,La Liga,2023-2024
12299,Bruno Méndez,17,1339,2,0.3977752877399325,0,0.1248152693733573,8,4,4,0,D S,Granada,2,0.3977752877399325,1.7927039675414562,1.6345273982733488,La Liga,2023-2024
12302,Vitor Roque,14,298,2,2.888690084218979,0,0.060693223029375,13,1,2,1,F S,Barcelona,2,2.888690084218979,2.972983691841364,0.0236003845930099,La Liga,2023-2024
548,Daley Blind,34,2971,1,2.129695435985923,2,1.2106527229771018,16,17,6,0,D S,Girona,1,2.129695435985923,24.09246441349387,23.50267488136888,La Liga,2023-2024
572,Etienne Capoue,32,1407,1,1.383053512312472,1,0.934924954548478,14,9,8,0,M S,Villarreal,1,1.383053512312472,7.873502869158983,6.262989364564419,La Liga,2023-2024
695,Bertrand Traoré,11,568,1,1.030176293104887,0,0.4050034135580063,20,5,4,0,M S,Villarreal,1,1.030176293104887,3.7249467335641375,2.3592448234558105,La Liga,2023-2024
696,Falcao,22,330,1,2.7179346177726984,0,0.4753551241010427,17,4,3,0,F S,Rayo Vallecano,0,1.9746569897979496,1.6436348035931587,0.1840809043496847,La Liga,2023-2024
1003,Pablo Maffeo,22,1467,1,1.0679006753489375,2,0.7505094222724438,10,10,3,0,D S,Mallorca,1,1.0679006753489375,4.110106518492103,2.8312632646411657,La Liga,2023-2024
1078,Sergi Canos,27,1245,1,3.1207109168171883,2,2.454174777492881,43,12,1,0,M S,Valencia,1,3.1207109168171883,6.818596877157688,2.015315644443035,La Liga,2023-2024
1129,Suso,29,1512,1,1.3368166759610176,4,5.227224212139845,26,40,5,1,F M S,Sevilla,1,1.3368166759610176,8.484955254942179,5.2473676316440105,La Liga,2023-2024
1680,Luis Hernández,9,721,1,0.9484918117523192,0,0.3413344025611877,1,6,4,0,D S,Cadiz,1,0.9484918117523192,1.1536532118916512,0.8123188018798828,La Liga,2023-2024
1822,Antonio Rüdiger,33,2704,1,1.827603718265891,0,1.1107329986989498,19,5,7,0,D S,Real Madrid,1,1.827603718265891,18.69485248811543,17.799246959388256,La Liga,2023-2024
2130,Dani García,17,717,1,1.0434326827526093,0,0.1607107818126678,6,2,4,0,M S,Athletic Club,1,1.0434326827526093,2.9731606133282185,1.9294682443141935,La Liga,2023-2024
2143,Germán Pezzella,32,2794,1,2.001612448133528,0,0.6059935558587313,23,4,7,0,D,Real Betis,1,2.001612448133528,6.906882889568806,6.8436340764164925,La Liga,2023-2024
2266,Saúl Ñíguez,34,1321,1,1.536744553595781,4,3.2573720682412386,16,13,8,1,M S,Atletico Madrid,1,1.536744553595781,7.874309295788407,3.537319257855416,La Liga,2023-2024
2369,Toni Kroos,33,2152,1,1.7282002866268158,8,6.074183616787195,35,62,3,0,M S,Real Madrid,1,1.7282002866268158,19.829758189618587,18.521783612668514,La Liga,2023-2024
2400,Raúl García,20,359,1,0.8854227997362614,0,0.0,10,0,3,0,F S,Athletic Club,1,0.8854227997362614,0.6820256561040878,0.062103483825922,La Liga,2023-2024
2437,Gonzalo Escalante,26,1790,1,1.5264770975336432,2,1.464338380843401,15,11,2,1,M S,Cadiz,1,1.5264770975336432,3.778125042095781,3.027462931349873,La Liga,2023-2024
2452,De Marcos,28,2261,1,0.9442514274269342,5,3.225184014067054,5,21,5,0,D S,Athletic Club,1,0.9442514274269342,12.379830218851566,10.082095950841904,La Liga,2023-2024
2505,José Gayá,24,1823,1,0.6903985943645239,2,2.948830856010318,10,24,3,0,D S,Valencia,1,0.6903985943645239,8.297749947756529,6.486939322203398,La Liga,2023-2024
2521,Alfonso,19,1122,1,0.7673241011798382,3,3.281064536422491,9,20,4,1,D M S,Villarreal,1,0.7673241011798382,5.181222092360258,2.83334302995354,La Liga,2023-2024
2537,Sandro Ramírez,27,1843,1,4.187466069124639,3,3.5517972512170672,51,31,2,0,F M S,Las Palmas,1,3.4441884150728583,6.363823507912457,2.0989825716242194,La Liga,2023-2024
2624,Djibril Sow,24,1499,1,1.6027095206081867,1,1.044075457379222,18,15,6,0,M S,Sevilla,1,1.6027095206081867,6.618328319862485,4.244942573830485,La Liga,2023-2024
3237,Aissa Mandi,16,1110,1,0.7814082130789757,0,0.4293010160326957,4,2,3,0,D S,Villarreal,1,0.7814082130789757,4.181226946413517,3.734291456639767,La Liga,2023-2024
3667,Nabil Fekir,19,1052,1,2.299122029915452,2,2.2748832907527685,27,30,1,0,F M S,Real Betis,1,2.299122029915452,4.824952717870474,2.524621143937111,La Liga,2023-2024
4091,Unai López,35,2184,1,0.8788710786029696,2,2.645142774097621,32,31,8,0,M S,Rayo Vallecano,1,0.8788710786029696,6.50930130854249,4.759890879504383,La Liga,2023-2024
4113,Cristian Herrera,8,139,1,0.8265172243118286,0,0.0221527460962533,1,1,1,0,M S,Las Palmas,1,0.8265172243118286,1.6205731108784676,0.794055886566639,La Liga,2023-2024
4229,Raúl de Tomás,25,1295,1,3.9389174664393063,2,1.1559236701577902,39,8,5,0,F S,Rayo Vallecano,0,3.1956398589536548,5.204008745960891,2.344203056767583,La Liga,2023-2024
4242,Stefan Mitrovic,11,721,1,0.1143389642238617,0,0.4140972308814525,1,2,3,0,D S,Getafe,1,0.1143389642238617,0.8236163817346096,0.4095191545784473,La Liga,2023-2024
5041,Benito Ramírez,20,331,1,0.4952068980783224,1,0.4986361414194107,10,2,0,0,M S,Las Palmas,1,0.4952068980783224,1.859892396256328,1.0042459890246391,La Liga,2023-2024
5058,Carles Aleñá,30,1039,1,1.577088724821806,1,1.884065702557564,16,17,5,0,M S,Getafe,1,1.577088724821806,2.7812199518084526,1.221043431200087,La Liga,2023-2024
5141,Unai García,9,558,1,0.0831124559044838,0,0.0066396472975611,2,1,3,1,D S,Osasuna,1,0.0831124559044838,1.044558867812157,1.044558867812157,La Liga,2023-2024
5162,Nacho Vidal,15,494,1,1.3824303150177002,0,0.2116242218762636,11,4,2,0,D S,"Mallorca,Osasuna",1,1.3824303150177002,1.89184083417058,0.8223285786807537,La Liga,2023-2024
5212,Sergi Guardiola,22,386,1,1.910371983423829,1,1.0110417641699314,12,4,1,0,F S,Cadiz,1,1.910371983423829,3.719693067483604,1.2106836950406432,La Liga,2023-2024
5666,Mouctar Diakhaby,14,1081,1,1.1500477269291878,0,0.0328477164730429,7,2,6,0,D M S,Valencia,1,1.1500477269291878,2.144415302202105,2.007977155968547,La Liga,2023-2024
6126,Ander Guevara,37,2951,1,0.5625613089650869,0,0.994552617892623,16,21,7,0,M S,Alaves,1,0.5625613089650869,8.876669323071837,8.04570441506803,La Liga,2023-2024
6149,Unai Núñez,34,2807,1,2.559862903319299,0,0.5769859924912453,21,10,4,0,D S,Celta Vigo,1,2.559862903319299,9.434673003852367,9.207855448126791,La Liga,2023-2024
6306,Juan Foyth,12,1066,1,0.9108466282486916,1,0.8086542831733823,6,5,1,0,D,Villarreal,1,0.9108466282486916,3.285667860880494,2.5356477182358503,La Liga,2023-2024
6325,Andoni Gorosabel,36,2884,1,0.6708051897585392,0,1.9685864513739944,15,15,7,0,D M S,Alaves,1,0.6708051897585392,8.044700527563691,6.260708058252931,La Liga,2023-2024
6433,Jules Koundé,35,2887,1,1.76188949868083,2,2.466757703572512,24,23,4,0,D S,Barcelona,1,1.76188949868083,23.405811548233032,22.4094820022583,La Liga,2023-2024
6442,Ignasi Miquel,34,3003,1,1.4515733113512397,1,1.3224067045375705,20,12,5,0,D S,Granada,1,1.4515733113512397,5.336938146967441,4.783442651387304,La Liga,2023-2024
6570,Óscar Rodríguez,25,973,1,1.608869817107916,1,1.426833689212799,34,21,10,0,F M S,Getafe,1,1.608869817107916,5.656665023416281,3.20871976390481,La Liga,2023-2024
6740,Miguel Ángel Rubio,19,1544,1,0.9288409631699324,0,0.184600330889225,9,2,5,0,D S,Granada,1,0.9288409631699324,2.3108114898204803,2.1262111961841583,La Liga,2023-2024
6750,Gonzalo Villar,35,1787,1,1.4651812510564923,3,1.4083677809685469,22,13,7,0,F M S,Granada,1,1.4651812510564923,5.990052342414856,3.5424873642623425,La Liga,2023-2024
6926,William Carvalho,22,604,1,0.3391710165888071,3,0.833967974409461,8,10,2,0,M S,Real Betis,1,0.3391710165888071,3.33754407428205,3.022481644526124,La Liga,2023-2024
6953,Gonzalo Melero,28,1062,1,2.3216972649097443,1,1.2438790807500482,14,11,3,0,F M S,Almeria,1,2.3216972649097443,6.897926954552531,4.402093879878521,La Liga,2023-2024
7050,Lucas Torró,28,1791,1,1.4957571886479857,0,0.6539105530828238,30,9,5,0,M S,Osasuna,1,1.4957571886479857,5.143669301643968,3.7087611369788647,La Liga,2023-2024
7174,Adrià Pedrosa,31,1705,1,0.676932604983449,4,3.719353220425546,16,27,1,0,D S,Sevilla,1,0.676932604983449,5.681037684902549,3.735473511740565,La Liga,2023-2024
7286,Juan Miranda,25,1871,1,2.5544359046034515,1,2.2766245119273663,15,21,8,0,D S,Real Betis,1,2.5544359046034515,9.58624094352126,6.43008853495121,La Liga,2023-2024
7406,Sory Kaba,17,721,1,1.7437660470604897,1,0.3312440663576126,13,6,2,0,F S,Las Palmas,1,1.7437660470604897,2.6371102891862392,0.6072471812367439,La Liga,2023-2024
7600,Luca De La Torre,31,1968,1,2.601727206259966,4,1.6357177440077066,24,17,2,1,F M S,Celta Vigo,1,2.601727206259966,9.558848209679129,6.624843729659915,La Liga,2023-2024
7604,Alejandro Catena,30,2543,1,2.216797783970833,3,1.2513669654726982,18,6,8,1,D S,Osasuna,1,2.216797783970833,5.49226139485836,5.339984819293022,La Liga,2023-2024
7609,Carles Pérez,16,764,1,1.3790044747292995,1,1.3671489879488945,24,10,3,0,D M S,Celta Vigo,1,1.3790044747292995,4.660734243690968,2.777670806273818,La Liga,2023-2024
7655,Carl Starfelt,27,2232,1,2.107007630169392,0,0.1059861797839403,12,2,4,0,D S,Celta Vigo,1,2.107007630169392,5.27281042560935,5.27281042560935,La Liga,2023-2024
7845,Aleksander Sedlar,11,958,1,0.2245315322652459,0,0.0684859901666641,4,2,2,0,D,Alaves,1,0.2245315322652459,3.772087436169386,3.703601475805044,La Liga,2023-2024
7857,Jon Moncayola,33,1800,1,0.9331170525401832,3,2.5943564297631383,16,21,2,1,F M S,Osasuna,1,0.9331170525401832,7.213975889608264,5.365969069302082,La Liga,2023-2024
7888,Nemanja Gudelj,22,1745,1,0.7564000599086285,1,0.7040673717856407,19,7,7,0,D M S,Sevilla,1,0.7564000599086285,2.8698927480727434,2.7067639399319887,La Liga,2023-2024
7905,Fede San Emeterio,4,164,1,0.1277366429567337,0,0.0737049728631973,1,1,1,1,M S,Cadiz,1,0.1277366429567337,0.297201007604599,0.2234960347414016,La Liga,2023-2024
8091,Ronald Araújo,25,1992,1,2.4427372300997376,2,1.7349820882081983,23,8,6,0,D S,Barcelona,1,2.4427372300997376,12.875288758426905,11.938473954796793,La Liga,2023-2024
8334,Hugo Guillamón,26,1262,1,0.1433142628520727,0,0.2364084236323833,3,7,7,0,M S,Valencia,1,0.1433142628520727,3.1233228221535683,2.9077119259163737,La Liga,2023-2024
8413,Javier López,32,2377,1,0.8477662242949009,3,2.7234498150646687,18,14,3,0,D S,Alaves,1,0.8477662242949009,9.449958447366951,6.395732913166285,La Liga,2023-2024
8422,Javi Hernández,31,2613,1,1.993790135718882,2,2.1685356460511684,31,32,11,0,D S,Cadiz,1,1.993790135718882,6.219473441597074,4.068691070657224,La Liga,2023-2024
8423,Jon Pacheco Dozagarat,23,1499,1,1.0531192943453789,1,0.3983447253704071,6,3,8,0,D S,Real Sociedad,1,1.0531192943453789,5.409035062417388,5.0308004301041365,La Liga,2023-2024
8470,Kike Pérez,24,820,1,1.450000587850809,0,0.5529084540903568,13,7,7,0,F M S,Rayo Vallecano,1,1.450000587850809,3.1939980909228325,1.7989067155867815,La Liga,2023-2024
8760,Arsen Zakharyan,29,1246,1,2.4437440503388643,2,2.343281362205744,33,26,1,0,F M S,Real Sociedad,1,2.4437440503388643,5.965398781001568,3.8657787907868624,La Liga,2023-2024
8765,Roberto Navarro,29,2029,1,2.999608102254569,1,3.741502471268177,32,45,0,1,M S,Cadiz,1,2.999608102254569,7.7469913847744465,3.1558670178055763,La Liga,2023-2024
8939,Marcos Acuña,21,1340,1,0.428915673866868,2,2.0705395191907883,9,23,7,0,D S,Sevilla,1,0.428915673866868,5.24521953985095,3.3911742232739925,La Liga,2023-2024
8948,Aitor Paredes,34,2727,1,1.3154027927666905,0,0.1645672395825386,13,4,6,1,D S,Athletic Club,1,1.3154027927666905,8.53143885359168,8.53143885359168,La Liga,2023-2024
9209,Theo Corbeanu,9,180,1,0.1839280016720295,0,0.0,5,0,2,0,M S,Granada,1,0.1839280016720295,0.0918646361678838,0.01854850910604,La Liga,2023-2024
9217,Jesús Vázquez,20,671,1,1.404348136857152,0,0.0443531339988112,7,3,1,0,D S,Valencia,1,1.404348136857152,2.6566368248313665,1.306158907711506,La Liga,2023-2024
9755,Inigo Ruiz de Galarreta,29,2140,1,0.3331029573455453,1,2.6309501454234123,11,27,7,0,M S,Athletic Club,1,0.3331029573455453,10.054476633667946,8.725870177149773,La Liga,2023-2024
9768,Jesús Areso,37,2667,1,0.1742449877783656,6,3.528580255806446,9,36,3,0,D S,Osasuna,1,0.1742449877783656,8.42346422933042,6.302987055853009,La Liga,2023-2024
9796,Giuliano Simeone,14,617,1,2.7372554913163185,2,2.2005359139293432,15,11,1,0,M S,Alaves,1,1.993977852165699,6.374225340783596,2.682699700817466,La Liga,2023-2024
9804,Gavi,12,939,1,1.0798097513616085,1,1.3673980422317982,10,11,5,0,F M S,Barcelona,1,1.0798097513616085,7.008280975744128,5.830359412357211,La Liga,2023-2024
9809,José Ángel Carmona,31,1401,1,0.7732128351926804,1,1.20351280272007,12,11,8,0,D M S,Getafe,1,0.7732128351926804,4.321316052228212,2.7777864895761013,La Liga,2023-2024
9810,Fran García,25,1377,1,0.8616898478940129,5,2.605682753026485,9,16,2,0,D S,Real Madrid,1,0.8616898478940129,10.99445502087474,8.379380259662867,La Liga,2023-2024
9811,Óscar Valentín,34,2728,1,2.517518602311611,0,0.7553664008155465,15,11,5,1,M S,Rayo Vallecano,1,2.517518602311611,6.878373552113771,6.031045524403453,La Liga,2023-2024
9813,Randy Nteka,16,548,1,2.323896234855056,1,1.2020751107484102,15,9,3,0,F S,Rayo Vallecano,0,1.5806185957044363,2.8216016944497824,0.3198093120008707,La Liga,2023-2024
9815,Pathé Ciss,31,1624,1,1.4027741933241489,0,0.4211129285395145,22,11,10,0,D M S,Rayo Vallecano,1,1.4027741933241489,4.941405242308974,3.482982475310564,La Liga,2023-2024
10078,Hugo Álvarez,12,766,1,1.0486868023872375,1,2.21878731995821,12,19,1,0,D F S,Celta Vigo,1,1.0486868023872375,7.985994607210159,5.228383045643568,La Liga,2023-2024
10095,Abdessamad Ezzalzouli,28,839,1,4.379430050030351,0,0.4825019761919975,38,6,1,0,M S,"Barcelona,Real Betis",1,3.6361524406820536,5.90100547298789,2.308239759877324,La Liga,2023-2024
10128,Javi Llabrés,16,191,1,0.787030310370028,0,0.2734225504100323,9,5,1,0,M S,Mallorca,1,0.787030310370028,0.9985162997618318,0.1264108791947364,La Liga,2023-2024
10189,Marc Pubill,23,1907,1,0.8252652809023857,3,1.7033800836652515,20,22,2,0,D S,Almeria,1,0.8252652809023857,4.610900083556771,3.019310286268592,La Liga,2023-2024
10364,Nahuel Tenaglia,25,1111,1,0.7715793494135141,0,0.4839693661779165,8,6,5,0,D S,Alaves,1,0.7715793494135141,4.1249495428055525,3.550118513405323,La Liga,2023-2024
10371,Giovanni González,34,2477,1,0.5446585230529308,1,1.3406448289752009,14,21,5,0,D S,Mallorca,1,0.5446585230529308,5.486550766974688,4.530075024813414,La Liga,2023-2024
10561,Jesús Santiago,15,741,1,0.644088888540864,0,0.3622183762490749,6,7,4,0,M S,Getafe,1,0.644088888540864,1.0281095672398806,0.2448506345972418,La Liga,2023-2024
10857,Pablo Ibáñez,33,1126,1,2.0689656753093004,2,1.3134953267872334,27,12,3,0,M S,Osasuna,1,2.0689656753093004,4.280975911766291,1.9462436437606807,La Liga,2023-2024
10944,Fran Pérez,32,2135,1,1.1978931091725826,4,3.3480407260358334,20,19,4,0,M S,Valencia,1,1.1978931091725826,7.534912073984742,3.509936761111021,La Liga,2023-2024
10946,Yan Couto,34,2244,1,1.82208695076406,8,4.980193942785263,29,27,8,0,D F M S,Girona,1,1.82208695076406,19.296333955600858,16.317308470606804,La Liga,2023-2024
10970,Kaiky,8,512,1,0.2039155699312687,0,0.0341274254024028,3,1,2,0,D S,Almeria,1,0.2039155699312687,1.0525648519396782,0.8930088393390179,La Liga,2023-2024
10974,Samú Costa,34,2307,1,1.5485040042549372,1,0.4910073233768344,22,12,8,0,M S,Mallorca,1,1.5485040042549372,4.817893960513175,4.284698486328125,La Liga,2023-2024
10982,Copete,19,1355,1,0.4413056410849094,1,0.6440806742757559,7,4,7,0,D S,Mallorca,1,0.4413056410849094,0.7527758441865444,0.6495289858430624,La Liga,2023-2024
11042,Marko Milovanovic,11,279,1,0.792152613401413,0,0.1752990186214447,5,2,0,0,F S,Almeria,1,0.792152613401413,1.8793186098337171,0.9769823253154756,La Liga,2023-2024
11071,Brian Ocampo,13,201,1,0.2481075935065746,0,0.1097212843596935,5,2,2,0,M S,Cadiz,1,0.2481075935065746,1.3427426051348448,1.0034629348665476,La Liga,2023-2024
11087,Pep Chavarría,22,1149,1,0.9431706629693508,1,1.0317076318897307,11,13,3,1,D M S,Rayo Vallecano,1,0.9431706629693508,4.356292314827442,2.8271502293646336,La Liga,2023-2024
11105,Abdul Mumin,20,1698,1,0.6516401516273618,0,0.4911184320226311,6,4,5,1,D S,Rayo Vallecano,1,0.6516401516273618,3.1330819092690945,2.766486033797264,La Liga,2023-2024
11412,Alberto Mari,16,229,1,1.9944591969251635,1,0.9537389390170574,7,6,0,0,F S,Valencia,0,1.2511815503239632,2.6446703039109707,0.6212776899337769,La Liga,2023-2024
11633,Marc Guiu,3,75,1,0.9520300701260568,0,0.3236564397811889,4,1,1,0,F S,Barcelona,1,0.9520300701260568,1.3621556162834167,0.0864691063761711,La Liga,2023-2024
11741,Saúl Coco,30,2286,1,0.850907270796597,0,0.0172934103757143,20,1,6,1,D S,Las Palmas,1,0.850907270796597,2.8640661789104342,2.7888443991541862,La Liga,2023-2024
11744,Sergi Cardona,35,2813,1,2.3810415733605623,2,3.153697572648525,26,39,9,0,D S,Las Palmas,1,2.3810415733605623,7.9747383035719395,5.03214128408581,La Liga,2023-2024
11745,Julián Araujo,25,1448,1,0.925544673576951,0,1.1897415593266487,7,16,5,0,D S,Las Palmas,1,0.925544673576951,3.5234330277889967,1.6969562005251646,La Liga,2023-2024
11824,Lucas Pires,29,1485,1,0.8230944480746984,0,1.861044006422162,11,23,6,0,D S,Cadiz,1,0.8230944480746984,3.803584365639836,1.9846527273766696,La Liga,2023-2024
11825,Abderrahmane Rebbach,23,681,1,1.1461342638358474,0,1.7387915328145027,17,18,1,0,M S,Alaves,1,1.1461342638358474,2.8438005410134792,0.5110004432499409,La Liga,2023-2024
11953,Sergi Altimira,14,564,1,0.2386123361065983,0,0.1252301689237356,7,4,1,0,M S,Real Betis,1,0.2386123361065983,1.3789741024374962,1.1615048851817846,La Liga,2023-2024
12323,Johnny Cardoso,17,1347,1,1.400701679289341,2,0.4572103656828403,12,8,3,0,M S,Real Betis,1,1.400701679289341,2.722668305039406,2.138847252354026,La Liga,2023-2024
12403,Bruno Langa,11,821,1,0.3603680580854416,0,0.344120305031538,8,7,1,1,D S,Almeria,1,0.3603680580854416,1.9400840550661087,1.3523537842556834,La Liga,2023-2024
12423,Tadeo Allende,10,310,1,1.3809997532516718,0,0.3619154244661331,9,2,1,0,M S,Celta Vigo,1,1.3809997532516718,2.2853086832910776,0.7870679534971714,La Liga,2023-2024
250,Ørjan Nyland,24,2160,0,0.0,0,0.3358997460454702,0,2,1,0,GK,Sevilla,0,0.0,5.452713521197438,5.116813780739904,La Liga,2023-2024
323,Adnan Januzaj,8,174,0,0.4951215237379074,0,0.0524380793794989,6,2,0,0,S,Sevilla,0,0.4951215237379074,0.5302753280848265,0.020418656989932,La Liga,2023-2024
371,Sokratis,15,1128,0,0.146733857691288,0,0.0388076640665531,2,1,6,0,D S,Real Betis,0,0.146733857691288,2.855895947664976,2.855895947664976,La Liga,2023-2024
391,David Alaba,14,1154,0,1.2931234426796436,1,0.8402687106281519,14,10,2,0,D,Real Madrid,0,1.2931234426796436,6.041483221575618,5.476463763043284,La Liga,2023-2024
492,Héctor Bellerín,23,1704,0,0.3341669738292694,1,1.9478861335664988,2,15,0,1,D M S,Real Betis,0,0.3341669738292694,6.715505924075842,5.353044997900724,La Liga,2023-2024
493,Gabriel,23,1821,0,0.4024024158716202,0,0.3212538585066795,8,4,5,1,D S,"Atletico Madrid,Valencia",0,0.4024024158716202,5.430678362958133,5.303734355606139,La Liga,2023-2024
497,Francis Coquelin,17,910,0,0.1641912348568439,0,0.0949985831975936,3,1,4,0,M S,Villarreal,0,0.1641912348568439,4.41907699033618,4.271606404334307,La Liga,2023-2024
552,Ander Herrera,23,1010,0,0.7731333766132593,3,1.467544499784708,14,12,4,0,M S,Athletic Club,0,0.7731333766132593,4.63287403061986,3.9313354566693306,La Liga,2023-2024
615,Fernando,8,450,0,0.0171756707131862,0,0.7489490881562233,1,2,0,0,M S,Sevilla,0,0.0171756707131862,1.6335179647430778,0.9835764011368155,La Liga,2023-2024
616,Jesús Navas,29,2032,0,0.1678512850776314,2,3.4736319854855537,7,23,5,1,D S,Sevilla,0,0.1678512850776314,8.608703004196286,6.22283641807735,La Liga,2023-2024
680,Thibaut Courtois,4,336,0,0.0,0,0.1762250810861587,0,1,0,0,GK,Real Madrid,0,0.0,2.6165935900062323,2.4403685238212347,La Liga,2023-2024
681,César Azpilicueta,25,1411,0,0.4941818416118622,2,2.6341477148234844,2,15,4,0,D S,Atletico Madrid,0,0.4941818416118622,12.240258498117328,10.218506569042802,La Liga,2023-2024
842,Oriol Romeu,28,932,0,0.4870307557284832,1,1.0925833769142628,10,7,4,0,M S,Barcelona,0,0.4870307557284832,6.967861384153366,5.97800425440073,La Liga,2023-2024
973,Paulo Gazzaniga,38,3420,0,0.0,0,0.2728084586560726,0,3,2,0,GK,Girona,0,0.0,11.87281447276473,11.617830585688353,La Liga,2023-2024
1374,José Reina,2,180,0,0.0,0,0.0,0,0,0,0,GK,Villarreal,0,0.0,0.3935121893882751,0.3935121893882751,La Liga,2023-2024
1382,José Callejón,25,763,0,1.4001540020108223,1,1.5133505389094353,11,16,2,0,D F M S,Granada,0,1.4001540020108223,5.023295275866985,3.422605959698558,La Liga,2023-2024
1428,Ianis Hagi,22,786,0,2.3040251582860947,2,2.245730670168996,27,24,3,0,M S,Alaves,0,1.560747556388378,4.481196455657482,2.405624341219664,La Liga,2023-2024
1588,Raúl Albiol,26,2039,0,0.1873274138197302,1,1.5144617557525637,6,3,6,0,D S,Villarreal,0,0.1873274138197302,5.379311555996537,5.379311555996537,La Liga,2023-2024
1621,Marcos Alonso,5,250,0,0.0645731538534164,0,0.6204419042915106,3,5,0,0,D S,Barcelona,0,0.0645731538534164,1.7688512280583382,1.1844583824276924,La Liga,2023-2024
1715,Álvaro Negredo,7,16,0,0.0960300732403993,0,0.0586434826254844,3,1,0,0,S,Cadiz,0,0.0960300732403993,0.1589204724878072,0.0847294051200151,La Liga,2023-2024
1716,Bernardo,2,2,0,0.0,0,0.0,0,0,0,0,S,Girona,0,0.0,0.0,0.0,La Liga,2023-2024
1719,Javier Manquillo,12,757,0,0.0622012056410312,1,0.3282497227191925,1,1,3,0,D S,Celta Vigo,0,0.0622012056410312,3.704629305750132,3.642428103834391,La Liga,2023-2024
1731,Claudio Bravo,7,630,0,0.0,0,0.0469669923186302,0,1,0,0,GK,Real Betis,0,0.0,0.6719896532595158,0.6250226609408855,La Liga,2023-2024
1739,Eric Bailly,10,845,0,0.1702861487865448,0,0.0754569694399833,2,1,4,0,D S,Villarreal,0,0.1702861487865448,2.840977318584919,2.751708723604679,La Liga,2023-2024
2090,Marc-André ter Stegen,28,2520,0,0.0,0,0.0693136379122734,0,1,3,0,GK,Barcelona,0,0.0,10.277078991755843,10.277078991755843,La Liga,2023-2024
2122,Joan Jordán,8,376,0,0.2038762848824262,0,0.0451160557568073,6,2,0,0,M S,Sevilla,0,0.2038762848824262,0.6885622888803482,0.610394649207592,La Liga,2023-2024
2174,Diego Mariño,1,90,0,0.0,0,0.0,0,0,0,0,GK,Almeria,0,0.0,0.0285994093865156,0.0285994093865156,La Liga,2023-2024
2190,Vicente Guaita,27,2403,0,0.0,0,0.0,0,0,2,0,GK S,Celta Vigo,0,0.0,3.776095699518919,3.776095699518919,La Liga,2023-2024
2194,Damián Suárez,16,1323,0,0.3071885607205331,2,0.7839745869860053,4,17,6,1,D M S,Getafe,0,0.3071885607205331,3.2181388190947477,2.7108029201626778,La Liga,2023-2024
2208,Iván Cuéllar,1,90,0,0.0,0,0.0,0,0,0,0,GK,Mallorca,0,0.0,0.0392460189759731,0.0392460189759731,La Liga,2023-2024
2210,Jorge Meré,10,689,0,0.1905492786318063,0,0.0,4,0,0,0,D S,Cadiz,0,0.1905492786318063,0.427211083471775,0.4151508882641792,La Liga,2023-2024
2226,Zaldúa,13,713,0,0.0142668616026639,0,0.6533675184473395,1,5,3,0,D M S,Cadiz,0,0.0142668616026639,1.912533525377512,1.361300956457853,La Liga,2023-2024
2228,Aritz Elustondo,15,792,0,0.2734052082523703,1,0.7126521356403828,6,7,2,0,D S,Real Sociedad,0,0.2734052082523703,1.222236301749945,1.0287848487496376,La Liga,2023-2024
2247,Nacho,29,1719,0,0.3477312177419662,1,1.0648770369589329,5,5,4,2,D S,Real Madrid,0,0.3477312177419662,8.827640989795327,8.595789207145572,La Liga,2023-2024
2261,Jan Oblak,38,3420,0,0.0,0,0.0,0,0,1,0,GK,Atletico Madrid,0,0.0,6.289251936599612,6.289251936599612,La Liga,2023-2024
2263,Stefan Savic,23,1632,0,0.2319706631824374,0,0.0716344788670539,5,1,5,1,D S,Atletico Madrid,0,0.2319706631824374,8.325394976884127,8.325394976884127,La Liga,2023-2024
2269,Koke,35,2528,0,0.8687992542982101,4,3.3413646891713142,10,26,6,0,M S,Atletico Madrid,0,0.8687992542982101,22.3038531113416,19.22992175258696,La Liga,2023-2024
2272,Yannick Carrasco,3,234,0,0.0718080624938011,1,0.2317299097776413,2,4,0,0,D,Atletico Madrid,0,0.0718080624938011,0.996244352310896,0.8823320083320141,La Liga,2023-2024
2278,Giménez,22,1321,0,0.3844417072832584,0,0.0548979341983795,7,1,5,0,D S,Atletico Madrid,0,0.3844417072832584,4.855000216513872,4.800102312117815,La Liga,2023-2024
2301,Manu Trigueros,14,278,0,0.7013782588765025,0,0.182953268289566,6,5,0,0,M S,Villarreal,0,0.7013782588765025,1.559991167858243,0.889558769762516,La Liga,2023-2024
2306,Cédric Bakambu,4,197,0,0.3387096747756004,0,0.6694268435239792,4,3,1,0,F S,Real Betis,0,0.3387096747756004,0.9776408933103083,0.0944220200181007,La Liga,2023-2024
2308,Denis Suárez,4,114,0,0.0676707029342651,0,0.494709849357605,1,3,0,0,M S,Villarreal,0,0.0676707029342651,0.5971031673252583,0.0545091405510902,La Liga,2023-2024
2346,Aarón,2,153,0,0.0,0,0.0,0,0,0,0,GK S,Las Palmas,0,0.0,0.1161999106407165,0.1161999106407165,La Liga,2023-2024
2391,José Mari,3,3,0,0.0,0,0.0467416886240243,0,2,0,0,S,Cadiz,0,0.0,0.1218371111899614,0.0750954207032918,La Liga,2023-2024
2403,Íñigo Lekue,27,1999,0,0.2251490466296672,2,1.0375951137393713,5,17,4,0,D S,Athletic Club,0,0.2251490466296672,6.856774915009737,5.855579763650894,La Liga,2023-2024
2415,David Soria,39,3504,0,0.0,0,0.0,0,0,3,0,GK,Getafe,0,0.0,1.6697353422641754,1.6697353422641754,La Liga,2023-2024
2417,Igor Zubeldia,30,2540,0,0.7220773892477155,2,0.6404095031321049,12,10,11,1,D S,Real Sociedad,0,0.7220773892477155,7.492594746872783,7.105091752484441,La Liga,2023-2024
2418,Álvaro Odriozola,9,395,0,0.0,0,0.1638015210628509,0,2,0,0,D S,Real Sociedad,0,0.0,1.1239113043993711,1.1239113043993711,La Liga,2023-2024
2424,Óliver Torres,27,1633,0,0.6434128619730473,1,2.451912136748433,9,22,3,0,F M S,Sevilla,0,0.6434128619730473,7.696620766073465,5.100665792822838,La Liga,2023-2024
2433,Mamadou Sylla,2,5,0,0.0,0,0.0,0,0,0,0,S,Alaves,0,0.0,0.0,0.0,La Liga,2023-2024
2446,Dani Ceballos,20,556,0,0.51682398468256,2,1.323996583931148,7,12,2,0,M S,Real Madrid,0,0.51682398468256,6.05693104211241,4.671789812855423,La Liga,2023-2024
2453,Marc Bartra,3,230,0,0.2176977284252643,0,0.0,3,0,1,0,D,Real Betis,0,0.2176977284252643,0.4187570437788963,0.4187570437788963,La Liga,2023-2024
2456,Omar Mascarell,29,1577,0,0.2071775989606976,0,0.0311384322121739,6,2,6,1,D M S,Mallorca,0,0.2071775989606976,4.018802328035235,3.941452434286475,La Liga,2023-2024
2475,Jaume,2,73,0,0.0,0,0.0,0,0,0,0,GK S,Valencia,0,0.0,0.0,0.0,La Liga,2023-2024
2479,Toni Lato,28,1535,0,0.2631682381033897,1,1.5410883836448193,5,10,3,0,D S,Mallorca,0,0.2631682381033897,4.736479518003762,3.34537638630718,La Liga,2023-2024
2484,Iñigo Martínez,20,1276,0,0.5659955367445946,0,0.0172937158495187,8,1,5,0,D S,Barcelona,0,0.5659955367445946,9.240256048738956,9.240256048738956,La Liga,2023-2024
2509,Dimitri Foulquier,33,1804,0,0.6595267774537206,0,1.0877278074622154,7,14,3,0,D M S,Valencia,0,0.6595267774537206,6.5488414373248816,5.640171140432358,La Liga,2023-2024
2532,Amath Diedhiou,15,362,0,1.6075254753232002,0,0.4607605654746294,12,3,2,0,F M S,Mallorca,0,1.6075254753232002,2.5320386681705718,0.8323619682341814,La Liga,2023-2024
2539,Jaume Costa,30,1692,0,0.3761693984270096,1,1.0755313038825989,6,19,7,0,D S,Mallorca,0,0.3761693984270096,2.631909340620041,1.6665169820189476,La Liga,2023-2024
2543,Borja Iglesias,11,388,0,0.7683117017149925,1,1.13411545753479,10,11,2,0,F S,Real Betis,0,0.7683117017149925,2.835924595594406,1.062027856707573,La Liga,2023-2024
2555,Remiro,37,3275,0,0.0,0,0.0272997692227363,0,1,3,1,GK,Real Sociedad,0,0.0,2.69634373486042,2.669043943285942,La Liga,2023-2024
2609,Gerard Gumbau,35,2714,0,1.8900840035639703,3,4.485361495986581,45,41,12,0,M S,Granada,0,1.8900840035639703,7.919907013420016,4.410726794973016,La Liga,2023-2024
2619,Stole Dimitrievski,37,3330,0,0.0,0,0.0516082141548395,0,2,1,0,GK,Rayo Vallecano,0,0.0,1.6695769000798464,1.6179686803370714,La Liga,2023-2024
3208,Óscar Trejo,31,1400,0,0.8453094018623233,0,1.4899287717416885,18,22,4,1,F M S,Rayo Vallecano,0,0.8453094018623233,4.244989138096571,2.539323018863797,La Liga,2023-2024
3239,Hamari Traore,31,2320,0,0.4801902109757066,2,1.7844457905739546,18,29,7,0,D S,Real Sociedad,0,0.4801902109757066,8.387183956801891,6.795876614749432,La Liga,2023-2024
3248,Omenuke Mfulu,5,69,0,0.0,0,0.0,0,0,0,0,M S,Las Palmas,0,0.0,0.0624723806977272,0.0624723806977272,La Liga,2023-2024
3264,Mauro Arambarri,7,321,0,0.2758096102625131,0,0.0399282723665237,9,2,2,0,M S,Getafe,0,0.2758096102625131,0.7712307870388031,0.4936759360134601,La Liga,2023-2024
3399,Youssouf Sabaly,12,1053,0,0.1100941058248281,1,0.6800671080127358,4,4,2,0,D,Real Betis,0,0.1100941058248281,2.208556307479739,1.862690029665828,La Liga,2023-2024
3425,Thomas Lemar,3,177,0,0.1218904107809066,0,0.0145741188898682,2,1,0,0,M,Atletico Madrid,0,0.1218904107809066,0.8289734497666359,0.7070829942822456,La Liga,2023-2024
4034,José Campaña,8,154,0,0.0183247681707143,0,0.0,1,0,0,0,M S,Las Palmas,0,0.0183247681707143,0.6414254382252693,0.6414254382252693,La Liga,2023-2024
4177,Álex Fernández,26,1270,0,0.2681667953729629,1,0.8052411060780287,7,13,3,0,F M S,Cadiz,0,0.2681667953729629,2.13529378734529,1.4652563501149416,La Liga,2023-2024
4193,Aitor Fernández,7,545,0,0.1320342421531677,0,0.0,1,0,1,0,GK S,Osasuna,0,0.1320342421531677,0.8849698007106781,0.8849698007106781,La Liga,2023-2024
4202,Kevin,12,720,0,0.0770702064037323,0,0.21082778647542,2,3,3,0,D S,Celta Vigo,0,0.0770702064037323,1.499826280400157,1.3895474392920732,La Liga,2023-2024
4485,José Pozo,2,15,0,0.0,0,0.0,0,0,0,0,S,Rayo Vallecano,0,0.0,0.0,0.0,La Liga,2023-2024
4920,Matteo Gabbia,7,492,0,0.0,0,0.0332298167049884,0,1,2,0,D S,Villarreal,0,0.0,1.2725523188710213,1.2725523188710213,La Liga,2023-2024
5031,Álvaro Lemos,4,259,0,0.0186499208211898,0,0.0,1,0,1,0,D S,Las Palmas,0,0.0186499208211898,0.3681476861238479,0.3494977504014969,La Liga,2023-2024
5033,Iván Villar,12,1014,0,0.0,0,0.0525932163000106,0,1,0,1,GK,Celta Vigo,0,0.0,1.0566007755696774,1.0566007755696774,La Liga,2023-2024
5037,Darko Brasanac,2,43,0,0.0,0,0.058772288262844,0,1,0,0,S,Osasuna,0,0.0,0.091545321047306,0.0327730327844619,La Liga,2023-2024
5043,Kiko Femenía,23,1559,0,0.0180776678025722,0,0.7103211544454098,1,7,6,1,D M S,Villarreal,0,0.0180776678025722,8.147028211504221,7.607327003031969,La Liga,2023-2024
5047,Rubén Sobrino,33,1707,0,1.7188277821987867,1,2.139330465346575,21,23,9,1,F M S,Cadiz,0,1.7188277821987867,4.474040633067489,1.4335287157446146,La Liga,2023-2024
5061,Kepa,14,1194,0,0.0,0,0.0,0,0,1,0,GK S,Real Madrid,0,0.0,3.6908441241830583,3.6908441241830583,La Liga,2023-2024
5062,Yeray Álvarez,19,1145,0,0.2445644773542881,0,0.1286869943141937,7,3,1,1,D S,Athletic Club,0,0.2445644773542881,2.1471067517995834,2.045874582603574,La Liga,2023-2024
5065,Diego Rico,33,2629,0,0.3690704135224223,7,4.589375820942223,21,39,10,0,D M S,Getafe,0,0.3690704135224223,8.167431263253093,4.461082279682159,La Liga,2023-2024
5075,Rubén Peña,29,2126,0,1.05329264793545,2,2.6980124656111,17,29,3,0,D F M S,Osasuna,0,1.05329264793545,7.286354508250952,5.073089100420475,La Liga,2023-2024
5090,David García,27,2338,0,1.1602762695401907,1,0.9631527327001096,15,5,5,0,D,Osasuna,0,1.1602762695401907,5.989079457707703,5.917239627800882,La Liga,2023-2024
5103,Martin Hongla,13,551,0,0.137131568044424,0,0.0,3,0,0,0,D M S,Granada,0,0.137131568044424,0.3189828936010599,0.2483643628656864,La Liga,2023-2024
5109,Rui Silva,28,2479,0,0.0,0,0.0,0,0,4,0,GK,Real Betis,0,0.0,2.6925004106014967,2.6925004106014967,La Liga,2023-2024
5110,Mariano,9,232,0,1.283030454069376,0,0.1081700474023819,14,2,1,0,F S,Sevilla,0,1.283030454069376,0.8322091698646545,0.1192917507141828,La Liga,2023-2024
5117,Víctor Díaz,4,159,0,0.0,0,0.0,0,0,1,0,D S,Granada,0,0.0,0.3886590600013733,0.3886590600013733,La Liga,2023-2024
5134,Óscar Melendo,26,1159,0,0.3117926977574825,0,0.5518040414899588,6,11,2,0,F M S,Granada,0,0.3117926977574825,3.404225243255496,2.9349127896130085,La Liga,2023-2024
5138,Alejandro Pozo,21,944,0,0.2253624200820922,0,0.4613147424533963,4,13,3,0,D M S,Almeria,0,0.2253624200820922,2.829019183292985,2.2215104699134827,La Liga,2023-2024
5140,Kike Barja,16,276,0,0.3886577486991882,0,0.2979553304612636,4,5,3,0,F M S,Osasuna,0,0.3886577486991882,1.1024686489254236,0.8619389664381742,La Liga,2023-2024
5185,Unai Simón,36,3186,0,0.0,0,0.0254396069794893,0,1,2,0,GK,Athletic Club,0,0.0,6.068774430081248,6.043334823101759,La Liga,2023-2024
5200,Eric Curbelo,2,100,0,0.0,0,0.0,0,0,0,0,D S,Las Palmas,0,0.0,0.0456804148852825,0.0456804148852825,La Liga,2023-2024
5234,Jesús Vallejo,3,92,0,0.0,0,0.0,0,0,1,0,D S,Granada,0,0.0,0.9160338938236235,0.9160338938236235,La Liga,2023-2024
5264,Caglar Söyüncü,6,95,0,0.0,0,0.0,0,0,0,1,D S,Atletico Madrid,0,0.0,0.2289020046591758,0.2289020046591758,La Liga,2023-2024
5635,Faitout Maouassa,6,240,0,0.2357696704566478,1,0.3341120090335607,5,5,0,0,D S,Granada,0,0.2357696704566478,0.4030827432870865,0.1437355112284422,La Liga,2023-2024
5672,Iván Balliu,33,2878,0,0.959212239831686,1,2.487216589972377,11,24,4,0,D S,Rayo Vallecano,0,0.959212239831686,7.487997930496931,5.418355187401176,La Liga,2023-2024
5730,Famara Diedhiou,8,51,0,0.7279834635555744,1,0.3974076211452484,5,1,1,0,S,Granada,0,0.7279834635555744,1.2390880063176155,0.1465964019298553,La Liga,2023-2024
5947,Mihailo Ristic,12,809,0,0.4263878604397177,0,0.1302771838381886,10,5,2,0,D S,Celta Vigo,0,0.4263878604397177,2.7432716600596905,2.466514006257057,La Liga,2023-2024
6014,Rominigue Kouame,16,822,0,0.2608537385240197,0,0.0955784181132912,5,4,2,0,M S,Cadiz,0,0.2608537385240197,1.8161317203193903,1.5831835009157658,La Liga,2023-2024
6075,Antonio Sivera,34,3060,0,0.0,0,0.0902358191087842,0,3,3,0,GK,Alaves,0,0.0,2.3123537227511406,2.232304647564888,La Liga,2023-2024
6079,Fabio González,6,111,0,0.0,0,0.0,0,0,1,0,M S,Las Palmas,0,0.0,0.1532762944698333,0.1532762944698333,La Liga,2023-2024
6120,Bono,1,90,0,0.0,0,0.0,0,0,0,0,GK,Sevilla,0,0.0,0.0,0.0,La Liga,2023-2024
6121,Juanpe,17,718,0,0.1930472329258918,0,0.0,4,0,4,0,D S,Girona,0,0.1930472329258918,2.506332751363516,2.448934894055128,La Liga,2023-2024
6124,Maxi Gómez,32,1170,0,1.3022282775491476,0,0.5264191050082445,16,10,2,0,F S,Cadiz,0,1.3022282775491476,2.670521793421358,1.3194565190933645,La Liga,2023-2024
6136,Mario Hermoso,31,2559,0,1.4281741920858622,1,0.7117665782570839,17,17,9,0,D S,Atletico Madrid,0,1.4281741920858622,16.1638703905046,15.305130396038294,La Liga,2023-2024
6151,Djené Dakonam,34,2580,0,0.1253459304571151,0,0.284101452678442,7,6,13,1,D M S,Getafe,0,0.1253459304571151,3.297972426749766,3.029572262428701,La Liga,2023-2024
6164,Andrés Guardado,12,421,0,0.1238458976149559,0,0.17838532384485,5,5,2,0,M S,Real Betis,0,0.1238458976149559,2.278516659513116,2.1590131651610136,La Liga,2023-2024
6177,Luiz Felipe,4,360,0,0.1076035313308239,0,0.0991769731044769,2,1,1,0,D,Real Betis,0,0.1076035313308239,0.6651503592729568,0.6651503592729568,La Liga,2023-2024
6214,Raúl Fernández,4,280,0,0.0,0,0.0,0,0,0,0,GK,Granada,0,0.0,0.0,0.0,La Liga,2023-2024
6219,Enes Ünal,3,133,0,0.0809843465685844,1,0.6826157048344612,1,3,0,0,F S,Getafe,0,0.0809843465685844,0.7880530953407288,0.0948138087987899,La Liga,2023-2024
6224,Marko Dmitrovic,13,1170,0,0.0,0,0.0,0,0,1,0,GK,Sevilla,0,0.0,1.0511504001915457,1.0511504001915457,La Liga,2023-2024
6226,Iván Alejo,31,1770,0,0.5896123591810465,2,2.020405754446984,12,15,18,0,M S,Cadiz,0,0.5896123591810465,3.699001715518534,1.8776471866294744,La Liga,2023-2024
6233,Ferland Mendy,23,1758,0,0.2666007615625858,0,1.1088898330926895,5,11,5,0,D S,Real Madrid,0,0.2666007615625858,12.091725358739495,10.99658022262156,La Liga,2023-2024
6242,Johan Mojica,30,2035,0,1.0765943648293614,3,3.276795998215676,17,24,1,0,D F S,Osasuna,0,1.0765943648293614,7.460344950668514,5.053867304697633,La Liga,2023-2024
6310,Boubakary Soumare,28,2289,0,0.0227503608912229,1,1.038184255361557,1,8,10,0,M S,Sevilla,0,0.0227503608912229,6.839430097490549,5.843111161142588,La Liga,2023-2024
6592,Manuel Morlanes,35,1607,0,0.9207215989008546,2,1.5948606301099062,11,16,2,0,M S,Mallorca,0,0.9207215989008546,4.826761193573475,3.2111904323101044,La Liga,2023-2024
6643,Francisco Vieites,4,311,0,0.0,0,0.0,0,0,0,0,GK S,Real Betis,0,0.0,0.931511509232223,0.931511509232223,La Liga,2023-2024
6712,Enzo Loiodice,34,1805,0,0.6150052286684513,1,1.1749551789835095,16,19,3,0,M S,Las Palmas,0,0.6150052286684513,4.874503262341023,4.1022844389081,La Liga,2023-2024
6759,Juan Cruz,5,53,0,0.0856194142252206,0,0.0523345358669757,2,1,0,0,S,Real Betis,0,0.0856194142252206,0.1557597257196903,0.0178057793527841,La Liga,2023-2024
6766,Dani Vivian,33,2884,0,0.8867789721116424,0,0.5833873376250267,11,6,6,0,D S,Athletic Club,0,0.8867789721116424,8.652127988636494,8.47702593356371,La Liga,2023-2024
6919,Toni Villa,2,8,0,0.0255176350474357,0,0.0,1,0,0,0,S,Girona,0,0.0255176350474357,0.0255176350474357,0.0,La Liga,2023-2024
6924,Miguel De la Fuente,3,65,0,0.1304582729935646,0,0.0,2,0,0,0,F S,Alaves,0,0.1304582729935646,0.1304582729935646,0.0,La Liga,2023-2024
6931,Fran Beltrán,33,2463,0,0.6912616118788719,0,1.1813373565673828,21,18,2,0,M S,Celta Vigo,0,0.6912616118788719,12.35244132578373,11.672832887619734,La Liga,2023-2024
6966,Daniel Fuzato,1,6,0,0.0,0,0.0,0,0,0,0,S,Getafe,0,0.0,0.0,0.0,La Liga,2023-2024
7019,Peru Nolaskoain,2,5,0,0.0,0,0.0,0,0,0,0,S,Athletic Club,0,0.0,0.0,0.0,La Liga,2023-2024
7160,Nemanja Radonjic,11,342,0,1.107987742871046,0,0.7896160259842873,10,7,0,0,M S,Mallorca,0,1.107987742871046,1.8893221244215963,0.1744726914912462,La Liga,2023-2024
7194,Andriy Lunin,21,1890,0,0.0,0,0.1058787852525711,0,1,2,0,GK,Real Madrid,0,0.0,5.532087583094835,5.426208805292845,La Liga,2023-2024
7226,Chumi,31,2427,0,0.794005248695612,1,1.3696383833885193,5,4,4,0,D S,Almeria,0,0.794005248695612,4.136079708114266,3.8911746609956026,La Liga,2023-2024
7287,Iñaki Peña,10,900,0,0.0,0,0.0,0,0,0,0,GK,Barcelona,0,0.0,3.1926888525485992,3.1926888525485992,La Liga,2023-2024
7306,Aihen Muñoz,21,1094,0,0.2717834999784827,2,1.6518815699964762,7,12,2,0,D S,Real Sociedad,0,0.2717834999784827,5.011136032640934,3.685880288481712,La Liga,2023-2024
7355,Paul Akouokou,2,17,0,0.0,0,0.0,0,0,0,0,S,Real Betis,0,0.0,0.3784242887049913,0.3784242887049913,La Liga,2023-2024
7359,Eduardo Camavinga,31,1847,0,0.8755504079163074,2,1.74825625307858,17,20,9,0,D M S,Real Madrid,0,0.8755504079163074,14.26892701536417,12.717680420726538,La Liga,2023-2024
7385,Javi Galán,19,1162,0,0.1072029825299978,1,1.2079992294311523,3,11,4,0,D M S,"Atletico Madrid,Real Sociedad",0,0.1072029825299978,4.2576851565390825,3.9845173079520464,La Liga,2023-2024
7424,Alex Sola,31,1265,0,2.303257567808032,3,2.6484938506037,28,27,2,0,D F M S,"Alaves,Real Sociedad",0,2.303257567808032,5.903971094638109,1.9674826990813017,La Liga,2023-2024
7510,Cristian Rivero,1,57,0,0.0,0,0.0,0,0,0,0,S,Valencia,0,0.0,0.0788845419883728,0.0788845419883728,La Liga,2023-2024
7515,Andrei Ratiu,12,629,0,0.3055592365562916,0,0.7678892202675343,6,6,1,0,D S,Rayo Vallecano,0,0.3055592365562916,2.333376344293356,1.378071442246437,La Liga,2023-2024
7605,Manuel Sánchez,26,1784,0,0.5429475717246532,5,3.505473857745528,9,20,3,0,D S,Celta Vigo,0,0.5429475717246532,7.5165757574141026,5.35230431240052,La Liga,2023-2024
7718,Predrag Rajkovic,36,3240,0,0.0,0,0.1604034006595611,0,4,2,0,GK,Mallorca,0,0.0,2.208053339272737,2.0476499376818538,La Liga,2023-2024
7826,Joseph Aidoo,6,400,0,0.1291830167174339,0,0.0441861115396022,3,1,0,0,D S,Celta Vigo,0,0.1291830167174339,0.7474957443773746,0.7014066018164158,La Liga,2023-2024
7829,Eder Militão,10,498,0,0.0802793055772781,0,0.0,2,0,0,0,D S,Real Madrid,0,0.0802793055772781,3.2499173879623413,3.2353989481925964,La Liga,2023-2024
7838,Martin Valjent,28,2376,0,0.2804082296788692,1,0.7641149433329701,9,7,5,0,D,Mallorca,0,0.2804082296788692,3.387194753624499,2.823629103600979,La Liga,2023-2024
7840,Iddrisu Baba,25,1416,0,0.3663055226206779,0,0.4541104203090071,8,6,5,0,M S,Almeria,0,0.3663055226206779,1.828830935060978,1.3067606063559651,La Liga,2023-2024
7856,Aridane Hernández,19,1697,0,0.542479895055294,0,0.085307446308434,5,3,3,0,D,Rayo Vallecano,0,0.542479895055294,3.7125490121543407,3.691220831125975,La Liga,2023-2024
7859,Sergio Herrera,32,2875,0,0.0,0,0.0070047862827777,0,1,2,0,GK,Osasuna,0,0.0,1.963049747981131,1.9560449616983533,La Liga,2023-2024
7860,Domingos Duarte,15,898,0,0.0996901094913482,0,0.0824884828180074,1,2,3,2,D S,Getafe,0,0.0996901094913482,1.5951038803905249,1.5126153975725174,La Liga,2023-2024
7863,Antonio Puertas,27,693,0,3.954187366180122,2,0.6933754212222993,19,10,2,1,F M S,Granada,0,2.46763217728585,4.047966557554901,1.5224014772102237,La Liga,2023-2024
7864,Carlos Neva,36,3180,0,0.1293451897799968,2,3.277485676109791,4,21,4,0,D,Granada,0,0.1293451897799968,7.631473049055785,5.563596080522984,La Liga,2023-2024
7868,Diadie Samassékou,4,83,0,0.0226466134190559,0,0.0124736810103058,1,1,0,0,S,Cadiz,0,0.0226466134190559,0.0566790485754609,0.0340324351564049,La Liga,2023-2024
7899,Daley Sinkgraven,10,382,0,0.0,0,0.0,0,0,0,1,D S,Las Palmas,0,0.0,0.238798500970006,0.238798500970006,La Liga,2023-2024
7967,Anssumane Fati,3,26,0,0.851670041680336,0,0.0,7,0,0,0,S,Barcelona,0,0.851670041680336,1.3263437449932098,0.474673705175519,La Liga,2023-2024
7981,Nianzou Kouassi,8,309,0,0.0262003038078546,0,0.0,1,0,3,0,D S,Sevilla,0,0.0262003038078546,1.3491652496159077,1.3491652496159077,La Liga,2023-2024
8058,Thierry Correia,31,2180,0,0.8264532443135977,2,2.285063786432147,5,18,4,1,D M S,Valencia,0,0.8264532443135977,8.928189212456346,7.467619983479381,La Liga,2023-2024
8089,Kieran Tierney,20,1255,0,0.1390082202851772,2,0.7988459318876266,2,8,1,0,D S,Real Sociedad,0,0.1390082202851772,2.849950300529599,2.6930690556764603,La Liga,2023-2024
8108,Daniel Cárdenas,1,90,0,0.0,0,0.0,0,0,0,0,GK,Rayo Vallecano,0,0.0,0.0,0.0,La Liga,2023-2024
8165,Lucien Agoume,12,774,0,1.1587789077311754,0,0.7649756781756878,6,9,3,0,M S,Sevilla,0,1.1587789077311754,4.680497780442238,4.036951724439859,La Liga,2023-2024
8409,Juanlu Sanchez,26,1155,0,0.8320242613554001,2,0.7619312610477209,11,17,2,0,D S,Sevilla,0,0.8320242613554001,3.88984501734376,2.833031091839075,La Liga,2023-2024
8410,Rodrigo Sánchez,29,988,0,1.2866828525438905,0,1.013054247945547,18,15,0,0,M S,Real Betis,0,1.2866828525438905,4.859820757061243,2.7596865203231573,La Liga,2023-2024
8473,Pablo Gozálbez,5,89,0,0.0124794244766235,0,0.0,1,0,0,0,M S,Valencia,0,0.0124794244766235,0.4806812703609466,0.4682018458843231,La Liga,2023-2024
8571,Ricardo Visus,3,151,0,0.0,0,0.0,0,0,0,0,D S,Real Betis,0,0.0,0.2860291302204132,0.2860291302204132,La Liga,2023-2024
8649,Houboulang Mendes,7,396,0,0.0171948950737714,0,0.0308262482285499,1,1,0,0,D S,Almeria,0,0.0171948950737714,0.1735965386033058,0.1427702903747558,La Liga,2023-2024
8665,Loic Bade,28,2308,0,0.5971373412758112,1,0.4407977694645524,14,9,5,1,D S,Sevilla,0,0.5971373412758112,5.53490275144577,5.375210411846638,La Liga,2023-2024
8685,Mohamed Ali-Cho,11,207,0,0.5172878056764603,0,0.0709886029362678,3,1,0,0,F S,Real Sociedad,0,0.5172878056764603,0.6069340929389,0.0186576843261718,La Liga,2023-2024
8710,Renato Tapia,21,1337,0,1.1141321901232004,0,0.5880990009754896,19,6,3,1,D M S,Celta Vigo,0,1.1141321901232004,5.394871832802892,4.476658945903182,La Liga,2023-2024
8712,Miguel Rodriguez,15,259,0,0.1409197179600596,0,0.1348711773753166,6,2,2,0,D M S,Celta Vigo,0,0.1409197179600596,0.4527730019763112,0.1769821085035801,La Liga,2023-2024
8713,Gabriel Veiga,1,14,0,0.0,0,0.0,0,0,0,0,S,Celta Vigo,0,0.0,0.0945315584540367,0.0945315584540367,La Liga,2023-2024
8725,Luis Milla,28,2220,0,0.7645091386511922,1,1.65008888207376,17,30,6,0,M S,Getafe,0,0.7645091386511922,6.788594078272581,5.593738727271557,La Liga,2023-2024
8726,Alberto Soro,1,2,0,0.0,0,0.0936094522476196,0,1,0,0,S,Granada,0,0.0,0.0936094522476196,0.0,La Liga,2023-2024
8730,David Gil,5,368,0,0.0,0,0.0,0,0,1,0,GK S,Cadiz,0,0.0,0.0378633290529251,0.0378633290529251,La Liga,2023-2024
8731,Isaac Carcelén,36,2639,0,0.4181515490636229,0,0.7854791264981031,10,16,2,0,D M S,Cadiz,0,0.4181515490636229,3.80903453938663,3.0125666111707687,La Liga,2023-2024
8733,Alfonso Espino,31,2535,0,0.9701855070888996,1,3.3670406583696604,18,28,9,0,D S,Rayo Vallecano,0,0.9701855070888996,7.077559070661664,3.91663090325892,La Liga,2023-2024
8735,Salvi Sánchez,1,21,0,0.0,0,0.0,0,0,0,0,S,Rayo Vallecano,0,0.0,0.0,0.0,La Liga,2023-2024
8741,Fali,31,2655,0,0.9351132679730654,0,0.1054295990616083,13,4,12,0,D,Cadiz,0,0.9351132679730654,3.3312222259119157,3.207734011113644,La Liga,2023-2024
8744,Juan Cruz,26,1655,0,0.0542969927191734,1,0.5691426796838641,3,5,3,0,D S,Osasuna,0,0.0542969927191734,2.553079799748957,2.369369168765843,La Liga,2023-2024
8761,Shon Weissman,5,61,0,0.0275173429399728,0,0.0,1,0,0,0,S,Granada,0,0.0275173429399728,0.0410245666280388,0.013507223688066,La Liga,2023-2024
8773,Álex Centelles,14,974,0,0.0569905154407024,1,1.2923075705766678,2,11,2,0,D M S,Almeria,0,0.0569905154407024,1.7054213136434555,1.3082378581166267,La Liga,2023-2024
8849,Alberto Perea,2,2,0,0.0,0,0.0645603314042091,0,1,0,0,S,Granada,0,0.0,0.0645603314042091,0.0645603314042091,La Liga,2023-2024
8861,Urko Gonzalez,5,160,0,0.0588453002274036,0,0.0,2,0,1,0,M S,Real Sociedad,0,0.0588453002274036,0.0596905937418341,0.0373143693432211,La Liga,2023-2024
8863,Marvin Park,31,1826,0,1.2387149445712566,2,2.6454294845461845,14,13,5,0,D F M S,Las Palmas,0,1.2387149445712566,6.1723127737641335,2.952649524435401,La Liga,2023-2024
8949,Jeremías Ledesma,34,3052,0,0.0,0,0.0539969950914382,0,1,0,0,GK,Cadiz,0,0.0,2.63006785325706,2.5760708581656218,La Liga,2023-2024
8972,Victor Chust,23,1969,0,0.3418484022840857,1,0.356376925483346,5,6,4,2,D,Cadiz,0,0.3418484022840857,4.528740154579282,4.083586324006319,La Liga,2023-2024
8986,Omar Alderete,32,2228,0,2.0292449481785297,1,1.0543783586472273,23,12,7,1,D M S,Getafe,0,2.0292449481785297,3.4851332590915263,3.2615407910197973,La Liga,2023-2024
9015,Cenk Özkacar,23,1582,0,0.2487474447116255,0,0.0328609198331832,5,1,2,0,D S,Valencia,0,0.2487474447116255,3.785840697586536,3.711648151278496,La Liga,2023-2024
9024,Yeremi Pino,7,501,0,0.9005821198225021,0,0.2941292840987444,9,5,4,0,F M,Villarreal,0,0.9005821198225021,1.3586286306381226,0.3870690912008285,La Liga,2023-2024
9038,Aleksandar Radovanovic,9,575,0,0.0509594492614269,0,0.0161808338016271,1,1,2,0,D S,Almeria,0,0.0509594492614269,0.6352320574223995,0.6352320574223995,La Liga,2023-2024
9198,Unai Marrero,2,142,0,0.0,0,0.0,0,0,0,0,GK S,Real Sociedad,0,0.0,0.0,0.0,La Liga,2023-2024
9218,Juan Iglesias,23,1402,0,0.4546850705519318,2,0.949866116978228,15,12,3,0,D M S,Getafe,0,0.4546850705519318,2.236746683716774,1.0354153299704194,La Liga,2023-2024
9243,Ilaix Moriba,15,616,0,0.2090145461261272,2,0.9248004481196404,4,6,3,1,M S,Getafe,0,0.2090145461261272,1.7193779377266765,0.7051846478134394,La Liga,2023-2024
9267,Momo Mbaye,4,288,0,0.3877622783184051,0,0.0,2,0,2,0,D S,Cadiz,0,0.3877622783184051,0.2918264623731375,0.0173641499131917,La Liga,2023-2024
9272,Filip Jorgensen,36,3240,0,0.0,0,0.0,0,0,4,0,GK,Villarreal,0,0.0,7.287767574191093,7.287767574191093,La Liga,2023-2024
9280,Antonio Blanco,33,2457,0,0.6555717512965202,1,1.479127185419202,20,20,4,1,M S,Alaves,0,0.6555717512965202,6.338301086332649,4.706147252582014,La Liga,2023-2024
9297,Abdelkabir Abqar,27,2318,0,0.507450656965375,0,0.170391546562314,10,3,9,0,D,Alaves,0,0.507450656965375,2.4509469643235207,2.3596736155450344,La Liga,2023-2024
9403,Raúl Torrente,17,1258,0,0.1349076069891452,0,0.2540754899382591,3,2,4,0,D S,Granada,0,0.1349076069891452,2.1149673108011484,1.9325012657791376,La Liga,2023-2024
9450,Dion Lopy,30,1922,0,0.7930335476994514,0,1.030075021088123,23,13,4,0,M S,Almeria,0,0.7930335476994514,6.641953369602561,5.284824077039957,La Liga,2023-2024
9465,Beñat Turrientes,29,1715,0,0.7851970875635743,1,0.4151092208921909,23,9,4,0,M S,Real Sociedad,0,0.7851970875635743,3.719556420110166,2.728710589930415,La Liga,2023-2024
9466,Jon Ander Olasagasti,14,335,0,1.1791986878961325,0,0.1880938345566392,9,6,3,0,M S,Real Sociedad,0,1.1791986878961325,1.6109830625355244,0.4490080522373318,La Liga,2023-2024
9505,Beñat Prados,26,1457,0,0.3182103037834167,0,0.5128440577536821,7,10,1,0,D M S,Athletic Club,0,0.3182103037834167,4.9395834766328335,4.346323827281594,La Liga,2023-2024
9506,Eneko Ortiz,1,12,0,0.0,0,0.0,0,0,0,0,S,Alaves,0,0.0,0.0,0.0,La Liga,2023-2024
9519,Carlos Domínguez,22,1589,0,0.2694596871733665,0,0.1121169105172157,5,3,2,0,D S,Celta Vigo,0,0.2694596871733665,3.732235359959304,3.601200635544956,La Liga,2023-2024
9520,Hugo Sotelo,17,706,0,0.3555913036689162,1,1.733929662965238,8,15,1,0,M S,Celta Vigo,0,0.3555913036689162,5.740932049229741,5.177344894036651,La Liga,2023-2024
9558,Hannibal Mejbri,6,91,0,0.0205856710672378,0,0.9787148088216782,1,4,2,0,M S,Sevilla,0,0.0205856710672378,0.5281277745962143,0.0,La Liga,2023-2024
9693,Giorgi Mamardashvili,37,3288,0,0.0,0,0.2702518608421087,0,2,3,1,GK,Valencia,0,0.0,2.166453121230006,1.896201251074672,La Liga,2023-2024
9756,Dominik Greif,1,90,0,0.0,0,0.0,0,0,0,0,GK,Mallorca,0,0.0,0.073220394551754,0.073220394551754,La Liga,2023-2024
9762,Milutin Osmajic,1,1,0,0.0974432379007339,0,0.056115549057722,2,1,0,0,S,Cadiz,0,0.0974432379007339,0.1535587906837463,0.0,La Liga,2023-2024
9794,Franco Cervi,17,514,0,0.3993713539093733,1,1.7846542578190565,9,10,2,0,D M S,Celta Vigo,0,0.3993713539093733,3.603385565802455,1.607266677543521,La Liga,2023-2024
9805,Álex Balde,18,1379,0,0.1513009183108806,1,1.0918369684368372,5,12,1,0,D M S,Barcelona,0,0.1513009183108806,9.58990053460002,8.505029190331697,La Liga,2023-2024
9819,Jorge Moreno,1,11,0,0.0,0,0.0,0,0,0,0,S,Osasuna,0,0.0,0.0,0.0,La Liga,2023-2024
9824,Julen Agirrezabala,4,234,0,0.0,0,0.0,0,0,0,0,GK S,Athletic Club,0,0.0,0.1301006227731704,0.1301006227731704,La Liga,2023-2024
9847,Luís Maximiano,33,2970,0,0.0,0,0.0,0,0,1,0,GK,Almeria,0,0.0,3.2553159426897764,3.2553159426897764,La Liga,2023-2024
9922,Jon Karrikaburu,2,5,0,0.0,0,0.0,0,0,0,0,S,Alaves,0,0.0,0.0,0.0,La Liga,2023-2024
10010,Jesús Owono,4,360,0,0.0,0,0.0,0,0,1,0,GK,Alaves,0,0.0,1.3290287256240845,1.3290287256240845,La Liga,2023-2024
10024,Cristhian Mosquera,36,3060,0,0.9962476417422296,0,0.0716728568077087,9,1,2,0,D S,Valencia,0,0.9962476417422296,7.333322339691222,7.304638323374093,La Liga,2023-2024
10082,Hugo Gonzalez,9,59,0,0.0188332442194223,1,0.4925474710762501,1,4,0,0,S,Valencia,0,0.0188332442194223,0.3262952454388141,0.0,La Liga,2023-2024
10107,César Tárrega,1,3,0,0.0,0,0.0,0,0,0,0,S,Valencia,0,0.0,0.0,0.0,La Liga,2023-2024
10155,Rubén Iranzo,1,7,0,0.0,0,0.0,0,0,0,0,S,Valencia,0,0.0,0.0,0.0,La Liga,2023-2024
10188,Peter,15,642,0,1.6862849863246083,0,0.884673461318016,17,7,1,0,M S,Valencia,0,1.6862849863246083,4.07306419685483,2.322724919766188,La Liga,2023-2024
10200,Rafa Marín,33,2434,0,1.0936051346361635,0,0.2305420637130737,13,5,6,0,D S,Alaves,0,1.0936051346361635,6.729401000775397,6.569665716029704,La Liga,2023-2024
10221,Tomás Mendes,1,4,0,0.0,0,0.0,0,0,0,0,S,Alaves,0,0.0,0.0326404273509979,0.0326404273509979,La Liga,2023-2024
10224,Mika Mármol,36,3193,0,0.1459772363305091,1,0.8249071957543492,3,5,4,1,D,Las Palmas,0,0.1459772363305091,6.354607587680221,6.32452601287514,La Liga,2023-2024
10323,Jesús Corona,2,9,0,0.0,0,0.0,0,0,0,0,S,Sevilla,0,0.0,0.0,0.0,La Liga,2023-2024
10381,Ibrahima Koné,9,254,0,0.6477935090661049,0,0.1163466274738311,4,2,0,0,F S,Almeria,0,0.6477935090661049,0.8029887303709984,0.0885477215051651,La Liga,2023-2024
10401,Njegos Petrovic,10,112,0,0.081746332347393,0,0.0876066535711288,3,2,0,0,S,Granada,0,0.081746332347393,0.6733207944780588,0.5530099626630545,La Liga,2023-2024
10402,Matías Arezo,14,331,0,0.9252994209527968,0,0.0962525606155395,12,2,1,0,F S,Granada,0,0.9252994209527968,1.665972150862217,0.6783719398081303,La Liga,2023-2024
10494,Pablo Barrios Rivas,24,1571,0,1.0035561434924605,1,1.7167253606021404,16,16,4,0,M S,Atletico Madrid,0,1.0035561434924605,8.838192000985146,6.901825416833162,La Liga,2023-2024
10562,Mario Dominguez,3,15,0,0.1400110274553299,0,0.0,3,0,0,0,S,Valencia,0,0.1400110274553299,0.1256244331598281,0.0,La Liga,2023-2024
10566,Miguel Ángel Brau,1,25,0,0.0,0,0.0,0,0,0,0,S,Granada,0,0.0,0.0990472212433815,0.0990472212433815,La Liga,2023-2024
10576,Álvaro Fernández,13,452,0,0.4894391372799873,0,0.7756723361089826,7,7,1,0,D F M S,Granada,0,0.4894391372799873,2.2598436502739787,1.4647520780563354,La Liga,2023-2024
10614,Damián Rodríguez,5,256,0,0.0226929895579814,2,0.7027461566030979,1,6,1,0,M S,Celta Vigo,0,0.0226929895579814,1.7932294681668282,1.7213182225823402,La Liga,2023-2024
10618,Unai Ropero,1,2,0,0.0,0,0.0,0,0,0,0,S,Alaves,0,0.0,0.0,0.0,La Liga,2023-2024
10858,Jorge Herrando,19,1643,0,0.6078655924648046,1,0.8061938732862473,4,3,4,0,D S,Osasuna,0,0.6078655924648046,1.8355923192575572,1.5064674457535148,La Liga,2023-2024
10915,Diego Méndez,1,1,0,0.0,0,0.0,0,0,0,0,S,Rayo Vallecano,0,0.0,0.0,0.0,La Liga,2023-2024
10930,Etta Eyong,1,19,0,0.0,0,0.0,0,0,0,0,S,Cadiz,0,0.0,0.0,0.0,La Liga,2023-2024
10947,Ramón Terrats,19,776,0,0.3874708525836468,2,1.2265031784772873,8,8,4,0,M S,Villarreal,0,0.3874708525836468,4.124615162611008,3.289061889052391,La Liga,2023-2024
10949,Arnau Martinez,21,1236,0,0.0670542269945144,2,1.7664639884606004,1,10,5,0,D S,Girona,0,0.0670542269945144,8.931810360401869,8.252765346318483,La Liga,2023-2024
10969,Fernando Martínez,4,360,0,0.0,0,0.0,0,0,0,0,GK,Almeria,0,0.0,0.1706023849546909,0.1706023849546909,La Liga,2023-2024
10971,Srdjan Babic,1,90,0,0.0576848946511745,0,0.0,1,0,0,0,D,Almeria,0,0.0576848946511745,0.1038091480731964,0.1038091480731964,La Liga,2023-2024
10972,Lucas Robertone,33,2454,0,1.0352079533040524,5,2.8863672353327274,37,33,11,0,M S,Almeria,0,1.0352079533040524,10.68546389695257,8.120876839384437,La Liga,2023-2024
10977,Arnau Puigmal,11,232,0,0.0,0,0.2230001837015152,0,3,3,0,D M S,Almeria,0,0.0,0.2777540870010853,0.1523254998028278,La Liga,2023-2024
10981,Malcom Adu,12,238,0,0.1142076216638088,0,0.021074978634715,4,1,2,0,M S,Athletic Club,0,0.1142076216638088,0.8945511411875486,0.7989534009248018,La Liga,2023-2024
10987,Fabrizio Angileri,12,215,0,0.0,0,1.3041672706604004,0,4,2,0,D S,Getafe,0,0.0,1.1894072806462646,0.668181031011045,La Liga,2023-2024
10991,Gorka Rivera,1,1,0,0.0,0,0.0,0,0,0,0,S,Getafe,0,0.0,0.0,0.0,La Liga,2023-2024
10999,Marcão,7,341,0,0.0,0,0.3002846240997314,0,1,2,0,D S,Sevilla,0,0.0,1.1862068492919209,1.1862068492919209,La Liga,2023-2024
11025,Pablo Torre,26,632,0,1.159542222507298,2,0.9704246409237384,13,13,1,0,M S,Girona,0,1.159542222507298,5.892184537835419,4.510254573076963,La Liga,2023-2024
11030,Luiz Henrique,14,604,0,1.6164679657667875,3,2.722592063248157,18,11,1,0,M S,Real Betis,0,1.6164679657667875,4.459690233692527,1.529390474781394,La Liga,2023-2024
11099,Lázaro,14,241,0,0.7849982865154743,0,0.3038176652044058,8,6,0,0,M S,Almeria,0,0.7849982865154743,1.0122627951204777,0.1306260116398334,La Liga,2023-2024
11151,Marc Casadó,2,11,0,0.0,0,0.0,0,0,0,0,S,Barcelona,0,0.0,0.0,0.0,La Liga,2023-2024
11167,Chadi Riad,26,2160,0,0.6348644411191344,0,0.1388264000415802,11,2,1,0,D S,Real Betis,0,0.6348644411191344,3.816927118226886,3.80872711353004,La Liga,2023-2024
11186,Alvaro Rodríguez,1,1,0,0.0,0,0.0,0,0,0,0,S,Real Madrid,0,0.0,0.0,0.0,La Liga,2023-2024
11204,Jon Magunacelaya,5,112,0,0.236787412315607,0,0.4766339063644409,4,1,0,0,F S,Real Sociedad,0,0.236787412315607,1.005659520626068,0.4522879421710968,La Liga,2023-2024
11265,Diego Hormigo,1,32,0,0.0,0,0.0,0,0,0,0,S,Sevilla,0,0.0,0.0,0.0,La Liga,2023-2024
11266,Manu Bueno,4,114,0,0.01587382145226,0,0.0679851695895195,1,2,1,0,M S,Sevilla,0,0.01587382145226,0.6641952265053988,0.5803361982107162,La Liga,2023-2024
11288,César Montes,21,1800,0,0.5614795321598649,0,0.1845421958714723,13,5,5,0,D,Almeria,0,0.5614795321598649,2.718390127643943,2.5909802485257387,La Liga,2023-2024
11318,Abner,23,1384,0,0.1778232231736183,1,1.2607837356626987,4,8,3,0,D S,Real Betis,0,0.1778232231736183,5.191712699830532,4.443651057779789,La Liga,2023-2024
11349,Mario Martín,2,9,0,0.0,0,0.0,0,0,0,0,S,Real Madrid,0,0.0,0.0,0.0,La Liga,2023-2024
11378,Máximo Perrone,29,1643,0,0.1750375656411051,0,0.3737841211259365,7,9,6,0,M S,Las Palmas,0,0.1750375656411051,5.221752477809787,4.926801485940814,La Liga,2023-2024
11379,Selim Amallah,20,566,0,0.6258985176682472,1,0.452852526679635,11,4,3,1,F M S,Valencia,0,0.6258985176682472,1.5915673822164536,0.5930880382657051,La Liga,2023-2024
11402,Carlos Romero,7,256,0,0.456226110458374,0,0.0,2,0,1,0,D S,Villarreal,0,0.456226110458374,1.6576858684420586,1.2014597579836843,La Liga,2023-2024
11419,Jorge Pascual,1,10,0,0.0,0,0.0,0,0,0,0,S,Villarreal,0,0.0,0.0,0.0,La Liga,2023-2024
11503,Marciano Sanca,6,24,0,0.0114937983453273,0,0.0421322546899318,1,1,0,0,S,Almeria,0,0.0114937983453273,0.0693905800580978,0.0157645251601934,La Liga,2023-2024
11537,Santiago García,1,18,0,0.0,0,0.0,0,0,0,0,S,Getafe,0,0.0,0.0737994164228439,0.0737994164228439,La Liga,2023-2024
11540,Carlos Dotor,17,690,0,0.1885063024237752,0,0.1095287278294563,4,1,2,0,M S,Celta Vigo,0,0.1885063024237752,0.97998889349401,0.7698276322335005,La Liga,2023-2024
11541,Nico Paz,4,12,0,0.1046110168099403,0,0.0,2,0,0,0,S,Real Madrid,0,0.1046110168099403,0.1046110168099403,0.0,La Liga,2023-2024
11560,Marcos Peña,7,436,0,0.3856491921469569,0,0.0457014665007591,4,1,3,0,M S,Almeria,0,0.3856491921469569,1.3953719586133957,1.3323566690087318,La Liga,2023-2024
11629,Abdellah Raihani,1,5,0,0.0,0,0.0,0,0,0,0,S,Atletico Madrid,0,0.0,0.0,0.0,La Liga,2023-2024
11630,Salim El Jebari,1,10,0,0.0,0,0.0,0,0,0,0,S,Atletico Madrid,0,0.0,0.0,0.0,La Liga,2023-2024
11705,Federico Gattoni,2,5,0,0.0,0,0.0,0,0,0,0,S,Sevilla,0,0.0,0.0,0.0,La Liga,2023-2024
11737,Silvi Clua,1,1,0,0.0,0,0.0,0,0,0,0,S,Girona,0,0.0,0.1319008320569992,0.1319008320569992,La Liga,2023-2024
11740,Álvaro Vallés,37,3263,0,0.0,0,0.0,0,0,2,1,GK,Las Palmas,0,0.0,3.4357246309518814,3.4357246309518814,La Liga,2023-2024
11748,Iñaki González,1,3,0,0.0,0,0.0,0,0,0,0,S,Las Palmas,0,0.0,0.1242240816354751,0.1242240816354751,La Liga,2023-2024
11749,Siebe Van der Heyden,6,291,0,0.1044305879622697,0,0.0,2,0,1,0,D S,Mallorca,0,0.1044305879622697,0.0719253197312355,0.0719253197312355,La Liga,2023-2024
11760,Imanol García de Albéniz,9,529,0,0.0145702976733446,0,0.1408717706799507,1,2,2,0,D S,Athletic Club,0,0.0145702976733446,2.20159275829792,2.125772215425968,La Liga,2023-2024
11815,Ben Brereton Díaz,14,231,0,0.2486091218888759,0,0.1335055362433195,5,2,2,0,F M S,Villarreal,0,0.2486091218888759,0.6096909828484058,0.2818686068058014,La Liga,2023-2024
11827,Xeber Alkain,10,296,0,0.5093520395457745,0,0.6055785967037082,5,6,1,0,F M S,Alaves,0,0.5093520395457745,1.1765547767281532,0.2446316108107566,La Liga,2023-2024
11829,André Ferreira,15,1340,0,0.0,0,0.0,0,0,1,0,GK S,Granada,0,0.0,2.289650324732065,2.289650324732065,La Liga,2023-2024
11830,Sergio Ruiz,35,2536,0,0.914044759236276,4,1.7954023014754057,13,12,8,0,M S,Granada,0,0.914044759236276,8.087164682336152,6.460835027508438,La Liga,2023-2024
11832,Wilson Manafá,4,241,0,0.0109770195558667,0,0.0919438824057579,1,1,1,0,D M S,Granada,0,0.0109770195558667,0.9130907580256462,0.9130907580256462,La Liga,2023-2024
11833,Miki Bosch,1,21,0,0.0,0,0.0,0,0,0,0,S,Granada,0,0.0,0.0695897042751312,0.0695897042751312,La Liga,2023-2024
11834,Adrià Alti,11,792,0,0.017201567068696,0,0.0772409681230783,1,2,3,0,D M S,Villarreal,0,0.017201567068696,3.7001988533884287,3.6588158309459686,La Liga,2023-2024
11995,Ibrahima Kebe,2,6,0,0.0,0,0.0,0,0,1,0,S,Girona,0,0.0,0.055542267858982,0.055542267858982,La Liga,2023-2024
12005,Pau Cubarsí,19,1581,0,0.0848426893353462,0,0.5032942704856396,3,5,4,0,D S,Barcelona,0,0.0848426893353462,8.70684488862753,8.553266756236553,La Liga,2023-2024
12035,Gonzalo García,2,10,0,0.0542567372322082,0,0.0,1,0,0,0,S,Real Madrid,0,0.0542567372322082,0.0542567372322082,0.0,La Liga,2023-2024
12046,Jhon Solis,18,337,0,1.4234591610729694,0,0.5155662856996059,9,3,0,0,M S,Girona,0,1.4234591610729694,4.462306126952171,3.327251501381397,La Liga,2023-2024
12082,Pablo Busto,2,37,0,0.0129622295498847,0,0.284610390663147,1,1,0,0,S,Real Betis,0,0.0129622295498847,0.3917483687400818,0.107137992978096,La Liga,2023-2024
12098,Jastin García,3,24,0,0.0,0,0.0,0,0,0,0,S,Girona,0,0.0,0.0,0.0,La Liga,2023-2024
12105,Alejo Véliz,6,22,0,0.4899606183171272,0,0.0,2,0,0,0,S,Sevilla,0,0.4899606183171272,0.4899606183171272,0.045785404741764,La Liga,2023-2024
12121,Paco Sanz,1,22,0,0.0,0,0.0,0,0,0,0,S,Almeria,0,0.0,0.0,0.0,La Liga,2023-2024
12139,Yarek Gasiorowski,14,714,0,0.0372236147522926,0,0.0,1,0,1,0,D S,Valencia,0,0.0372236147522926,0.8483194578438997,0.8483194578438997,La Liga,2023-2024
12154,Nabil Aberdin,2,180,0,0.0,0,0.0,0,0,0,0,D,Getafe,0,0.0,0.1152268722653389,0.1152268722653389,La Liga,2023-2024
12171,Hector Fort,7,318,0,0.0224463362246751,2,0.7645399570465088,1,3,0,0,D S,Barcelona,0,0.0224463362246751,2.2197200804948807,1.5228757560253143,La Liga,2023-2024
12174,Jordi Martín,13,563,0,1.69226436316967,0,0.5328456927090883,7,7,1,0,M S,Getafe,0,1.69226436316967,3.972078252583742,1.7684292905032637,La Liga,2023-2024
12182,Jon Aramburu,11,535,0,0.1254246011376381,0,0.0,4,0,3,0,D S,Real Sociedad,0,0.1254246011376381,1.57797634229064,1.466769453138113,La Liga,2023-2024
12197,Rachad Dhimi,1,13,0,0.0633659288287162,0,0.022019749507308,1,1,0,0,S,Almeria,0,0.0633659288287162,0.1013899371027946,0.01600425504148,La Liga,2023-2024
12207,Victor Parada,2,2,0,0.0,0,0.0,0,0,0,0,S,Alaves,0,0.0,0.0,0.0,La Liga,2023-2024
12229,Moussa Diakité,1,1,0,0.0,0,0.0,0,0,0,0,S,Cadiz,0,0.0,0.0,0.0,La Liga,2023-2024
12262,Aingeru Olabarrieta,1,5,0,0.0359201058745384,0,0.0,1,0,0,0,S,Athletic Club,0,0.0359201058745384,0.0576375387609005,0.0217174310237169,La Liga,2023-2024
12263,Mikel Jauregizar,7,137,0,0.0488209426403045,0,0.1200265474617481,2,2,0,0,M S,Athletic Club,0,0.0488209426403045,0.5884349793195724,0.5271917060017586,La Liga,2023-2024
12298,Augusto Batalla,17,1530,0,0.0272234696894884,0,0.0471705086529254,1,1,3,0,GK,Granada,0,0.0272234696894884,2.248191110789776,2.2010206058621407,La Liga,2023-2024
12300,Jaílson,14,885,0,0.1981812343001365,1,0.7527084946632385,5,2,1,0,D M S,Celta Vigo,0,0.1981812343001365,4.851309036836028,3.996650161221624,La Liga,2023-2024
12301,Antal Yaakobishvili,1,61,0,0.0,0,0.364303857088089,0,1,0,0,S,Girona,0,0.0,1.199763298034668,1.199763298034668,La Liga,2023-2024
12310,Stefan Lekovic,1,23,0,0.0,0,0.0,0,0,0,0,S,Villarreal,0,0.0,0.0,0.0,La Liga,2023-2024
12321,Alberto Dadie,1,23,0,0.0,0,0.0,0,0,0,0,S,Real Sociedad,0,0.0,0.0765677392482757,0.0765677392482757,La Liga,2023-2024
12325,Kamil Piatkowski,9,504,0,0.7196483574807644,0,0.0783949056640267,4,2,1,1,D S,Granada,0,0.7196483574807644,0.4685151483863592,0.4547905083745718,La Liga,2023-2024
12353,Jon Martín,1,20,0,0.0,0,0.0,0,0,0,0,S,Real Sociedad,0,0.0,0.0,0.0,La Liga,2023-2024
12363,Pablo Sáenz,1,13,0,0.0,0,0.0,0,0,0,0,S,Granada,0,0.0,0.0,0.0,La Liga,2023-2024
12392,Arthur Vermeeren,5,161,0,0.0,0,0.1251713931560516,0,2,2,0,M S,Atletico Madrid,0,0.0,0.510745570063591,0.4320101514458656,La Liga,2023-2024
12394,Marc Martínez,3,270,0,0.0,0,0.0,0,0,0,0,GK,Granada,0,0.0,0.0381525605916976,0.0381525605916976,La Liga,2023-2024
12398,Miguel Crespo,15,491,0,0.0984955858439207,0,1.2121793515980244,2,6,4,0,M S,Rayo Vallecano,0,0.0984955858439207,3.1207608189433813,1.925723498687148,La Liga,2023-2024
12413,Joaquín Panichelli,8,212,0,0.4175710696727037,0,0.0891835009679198,9,2,0,0,F M S,Alaves,0,0.4175710696727037,0.6536963675171137,0.1469418033957481,La Liga,2023-2024
12417,Aiham Ousou,6,434,0,0.1479828357696533,0,0.0,2,0,0,0,D S,Cadiz,0,0.1479828357696533,1.189348243176937,1.189348243176937,La Liga,2023-2024
12442,Kamil Józwiak,11,585,0,0.1520807240158319,1,1.2023921310901642,4,5,2,0,M S,Granada,0,0.1520807240158319,1.7419395167380571,0.399547622539103,La Liga,2023-2024
12472,Iñigo Arguibide,1,14,0,0.0,0,0.0,0,0,0,0,S,Osasuna,0,0.0,0.0,0.0,La Liga,2023-2024
12473,Max Svensson,1,1,0,0.0,0,0.0,0,0,0,0,S,Osasuna,0,0.0,0.0,0.0,La Liga,2023-2024
12537,Asier Osambela,1,5,0,0.0,0,0.0,0,0,0,0,S,Osasuna,0,0.0,0.0,0.0,La Liga,2023-2024
12566,Alberto Risco,4,124,0,0.1189612597227096,0,0.4765212638303637,2,4,0,0,M S,Getafe,0,0.1189612597227096,0.7163679078221321,0.1882437467575073,La Liga,2023-2024
12579,Yassin Tallal,1,1,0,0.0,0,0.0,0,0,0,0,S,Getafe,0,0.0,0.0,0.0,La Liga,2023-2024
12604,Jeremy Jorge,1,1,0,0.0,0,0.0,0,0,0,0,S,Getafe,0,0.0,0.0,0.0,La Liga,2023-2024
12608,Xabi Huarte,1,1,0,0.0,0,0.0,0,0,0,0,S,Osasuna,0,0.0,0.0,0.0,La Liga,2023-2024
12624,Sergio Rodelas,3,123,0,0.0376821905374527,1,1.0727558135986328,2,2,0,0,F M S,Granada,0,0.0376821905374527,1.1795755811035633,0.0872074952349066,La Liga,2023-2024
12641,Borja Vázquez,1,2,0,0.0,0,0.0541070960462093,0,1,0,0,S,Cadiz,0,0.0,0.0541070960462093,0.0,La Liga,2023-2024
12642,Yoel Lago,1,90,0,0.0,0,0.0,0,0,0,0,D,Celta Vigo,0,0.0,0.0,0.0,La Liga,2023-2024
12643,Javier Rueda,1,16,0,0.0,0,0.0,0,0,0,0,S,Celta Vigo,0,0.0,0.0,0.0,La Liga,2023-2024
7006,Lautaro Martínez,33,2688,24,19.917103573679924,3,4.22837570309639,109,36,5,0,F S,Inter,22,17.633207097649574,29.06748184561729,11.011354323476551,Serie A,2023-2024
7084,Dusan Vlahovic,33,2346,16,18.15998312085867,4,2.7414223439991474,110,29,6,1,F S,Juventus,14,15.114787809550762,15.924202740192412,3.548745024949312,Serie A,2023-2024
502,Olivier Giroud,35,2397,15,15.56334208138287,8,5.820083811879158,77,32,1,1,F S,AC Milan,11,11.756847977638245,15.76063448563218,2.256007954478264,Serie A,2023-2024
5322,Victor Osimhen,25,2015,15,17.077908156439662,3,3.6298218183219433,90,24,4,1,F S,Napoli,12,13.271414129063489,17.016105957329273,3.5706963166594505,Serie A,2023-2024
10366,Albert Gudmundsson,35,3034,14,10.58288561925292,4,5.503198656253517,56,79,4,0,F M S,Genoa,10,6.776391487568617,11.851484376937153,3.625112195499242,Serie A,2023-2024
189,Hakan Calhanoglu,32,2618,13,9.97734544146806,3,4.402719554491341,62,51,5,0,M,Inter,3,2.3643571361899376,21.514875929802656,18.073472432792187,Serie A,2023-2024
594,Romelu Lukaku,32,2665,13,11.805389358662069,3,2.7021777480840683,65,29,5,1,F S,Roma,13,11.044090582989156,16.639348335564137,3.660405125468969,Serie A,2023-2024
1148,Duván Zapata,37,3036,13,12.924597828648984,4,3.023106226697564,104,29,2,0,F S,"Atalanta,Torino",13,12.924597828648984,16.45599003881216,6.094204256311059,Serie A,2023-2024
1294,Paulo Dybala,28,2011,13,10.748245939612389,9,5.363411068916321,59,50,3,0,F M S,Roma,6,5.419154184870422,13.225863721221684,8.160132974386215,Serie A,2023-2024
5992,Marcus Thuram,35,2750,13,15.48910939320922,7,4.38146791793406,77,30,3,0,F S,Inter,13,15.48910939320922,25.697542982175943,8.535633765161037,Serie A,2023-2024
2662,Christian Pulisic,36,2658,12,8.112775510177016,8,5.247536565177143,65,45,2,0,F M S,AC Milan,12,8.112775510177016,19.75232334434986,8.28600705601275,Serie A,2023-2024
6253,Gianluca Scamacca,29,1445,12,8.273879911750555,6,3.805969566106796,60,33,1,0,F S,Atalanta,12,8.273879911750555,13.530910216271876,4.084158739075065,Serie A,2023-2024
7074,Nicolás González,29,1915,12,10.854810073971748,2,2.028881089761853,85,22,1,0,M S,Fiorentina,11,8.570913629606366,10.353842929005625,3.5413291305303574,Serie A,2023-2024
8044,Joshua Zirkzee,34,2802,12,9.106743048876524,4,6.0383808510378,86,43,8,0,F S,Bologna,10,7.584145395085216,16.887928269803524,6.857426970265806,Serie A,2023-2024
9969,Teun Koopmeiners,34,2641,12,6.477179829031229,5,6.847522427327931,54,59,5,0,F M S,Atalanta,10,4.954582165926695,18.902232628315687,11.484685834497212,Serie A,2023-2024
4895,Andrea Pinamonti,38,3161,11,10.101071687415242,1,1.9918804159387944,84,18,4,0,F S,Sassuolo,9,7.817175218835473,12.745142171159388,4.147701982408762,Serie A,2023-2024
5556,Ademola Lookman,31,1930,11,11.020978674292564,7,6.360278395935893,67,49,4,0,F M S,Atalanta,11,11.020978674292564,19.68611168302596,5.54826701618731,Serie A,2023-2024
7453,Khvicha Kvaratskhelia,34,2774,11,12.988513953983784,6,6.76034078001976,129,63,8,0,F M S,Napoli,11,12.988513953983784,24.399165177717805,8.898299863561988,Serie A,2023-2024
9965,Matìas Soulè Malvano,36,3173,11,11.002136468887327,3,6.402062648907304,84,81,4,0,F M,Frosinone,6,6.434343488886952,18.089630898088217,9.64729354903102,Serie A,2023-2024
6160,Riccardo Orsolini,33,1795,10,8.406649756245315,2,5.7234551049768925,59,36,2,0,M S,Bologna,8,6.1227931855246425,10.48891113139689,2.694749374873936,Serie A,2023-2024
10877,Charles De Ketelaere,35,2064,10,7.576863840222359,8,7.673456937074661,45,49,1,0,F M S,Atalanta,9,6.815564997494221,17.62094940803945,7.474469909444451,Serie A,2023-2024
1433,Federico Chiesa,33,2220,9,8.021589172072709,2,7.339922096580267,74,54,1,0,F M S,Juventus,8,7.260290336795151,18.357803158462048,6.64956908300519,Serie A,2023-2024
1612,Domenico Berardi,17,1448,9,6.615158909931779,3,3.4691362250596285,51,28,6,0,F M,Sassuolo,4,2.808664860203862,7.928557217121124,3.124533172696829,Serie A,2023-2024
3856,Milan Djuric,37,2479,9,7.573165649548173,2,2.5195388458669186,51,21,4,0,F S,"Monza,Verona",8,5.289269166998565,9.16340547800064,3.656920501962304,Serie A,2023-2024
7193,Rafael Leão,34,2534,9,9.509692578576503,9,10.24364968854934,70,59,5,0,F M S,AC Milan,9,9.509692578576503,22.979722768068317,8.597919277846813,Serie A,2023-2024
1121,Giacomo Bonaventura,31,2325,8,5.703772021457553,3,3.079216778278351,52,40,6,0,M S,Fiorentina,8,4.942473186179996,11.38205629400909,5.078366011381149,Serie A,2023-2024
1471,Lorenzo Pellegrini,29,1878,8,5.22588387876749,3,2.8655528174713254,47,36,7,0,M S,Roma,7,4.464585058391094,8.608983617275953,4.905187401920557,Serie A,2023-2024
1473,Matteo Politano,37,2436,8,7.065327040851116,7,8.613974200561643,75,70,2,1,F M S,Napoli,6,4.781430587172508,19.03964001312852,10.029942949302496,Serie A,2023-2024
6718,Andrea Colpani,38,2751,8,5.195591009221971,4,6.015339965000749,65,57,1,0,F M S,Monza,8,5.195591009221971,16.83323433622718,8.72997466288507,Serie A,2023-2024
11306,Cyril Ngonge,32,1750,8,5.592625975608826,2,2.7090163761749864,59,30,6,0,F M S,"Napoli,Verona",8,5.592625975608826,8.655464269220829,2.435427289456129,Serie A,2023-2024
11936,Lorenzo Lucca,37,2624,8,9.097997449338436,4,1.4457896761596205,61,20,6,0,F S,Udinese,8,9.097997449338436,10.78939988091588,1.7023183298297226,Serie A,2023-2024
1209,Ciro Immobile,31,1675,7,10.90908194705844,1,2.2230643928050995,49,17,8,0,F S,Lazio,3,7.863886579871178,12.374241132289171,3.2814318612217903,Serie A,2023-2024
11898,Mateo Retegui,29,2235,7,7.062236865982413,2,0.9539305465295912,63,12,5,0,F S,Genoa,6,6.300938048399985,7.494548461399972,2.6804171930998564,Serie A,2023-2024
11989,Walid Cheddira,36,2150,7,9.744923711754382,1,1.1241850014775991,60,16,0,0,F M S,Frosinone,6,8.983624876476824,11.387159596197309,2.7390568777918816,Serie A,2023-2024
12008,Nikola Krstovic,35,2401,7,12.602945871651173,1,2.69566588755697,92,40,4,1,F S,Lecce,6,10.31904935836792,13.926026972942054,3.329130887985229,Serie A,2023-2024
688,Ruben Loftus-Cheek,29,2111,6,3.988019663840532,1,2.216939765959978,41,25,5,0,M S,AC Milan,6,3.988019663840532,11.732238488271832,6.346873274073005,Serie A,2023-2024
1126,M&#039;Baye Niang,14,692,6,5.77756480500102,1,0.9350745789706708,24,8,1,0,F S,Empoli,2,2.732369536533952,3.5163778346031904,0.9474569149315356,Serie A,2023-2024
1134,Mario Pasalic,34,2039,6,7.94828999787569,6,5.14187899697572,40,31,3,0,F M S,Atalanta,4,6.425692372024059,16.404161186888814,7.419036481529474,Serie A,2023-2024
1186,Andrea Belotti,29,1626,6,7.542850721627474,2,2.6303337272256613,47,13,1,0,F S,"Fiorentina,Roma",6,7.542850721627474,10.188461167737842,3.012017218396068,Serie A,2023-2024
1423,Matías Vecino,31,1100,6,4.235215881839395,1,0.4754638131707907,33,7,8,0,M S,Lazio,6,4.235215881839395,8.142204336822033,5.13212438300252,Serie A,2023-2024
1517,Antonio Candreva,34,2769,6,4.409524447284639,6,5.322269272059202,65,60,5,0,F M S,Salernitana,5,3.6482256120070815,9.028309136629105,2.9924242617562413,Serie A,2023-2024
1958,Mattia Zaccagni,28,2001,6,5.531386425718665,1,2.13460570666939,42,29,8,0,D F M S,Lazio,6,5.531386425718665,10.9565597102046,4.790194280445576,Serie A,2023-2024
4981,Davide Frattesi,32,877,6,8.650838863104582,3,2.203672669827938,32,10,1,0,M S,Inter,6,8.650838863104582,12.41026128269732,3.0905153434723616,Serie A,2023-2024
6228,Luka Jovic,23,844,6,5.654392594471574,1,1.2098798044025898,22,11,2,1,F S,AC Milan,6,5.654392594471574,6.618622664362192,0.5274116210639477,Serie A,2023-2024
7013,Matteo Pessina,37,3243,6,6.191244266927242,3,1.2209580885246396,28,27,3,1,M,Monza,2,2.3847501277923584,13.443852856755257,10.650530990213156,Serie A,2023-2024
8341,Lazar Samardzic,34,2393,6,3.76485834363848,2,5.842832416296005,57,61,3,0,M S,Udinese,5,3.0035595083609223,7.7469049682840705,5.526285901665688,Serie A,2023-2024
10404,Éderson,36,2888,6,4.507856946438551,1,1.5685449875891209,38,18,8,0,M S,Atalanta,6,4.507856946438551,16.61496058665216,12.260867228731511,Serie A,2023-2024
10994,Kristian Thorstvedt,34,2439,6,4.574479971081018,1,1.940694333985448,42,37,7,0,M S,Sassuolo,6,4.574479971081018,8.221251201815903,3.545681210234761,Serie A,2023-2024
11039,Lewis Ferguson,31,2725,6,6.609099584631622,3,3.129140879958868,60,33,8,0,M,Bologna,6,6.609099584631622,14.55499241221696,7.731563315726817,Serie A,2023-2024
11900,Lucas Beltrán,32,1712,6,3.811171130277216,2,2.241196360439062,31,25,6,0,F M S,Fiorentina,5,3.049872324801981,6.6004968136549,2.8438814617693424,Serie A,2023-2024
11966,Noah Okafor,28,837,6,4.565763399004936,2,1.1466773133724928,22,8,1,0,F M S,AC Milan,6,4.565763399004936,6.369675822556019,1.8827040195465088,Serie A,2023-2024
865,Marko Arnautovic,27,748,5,5.603070825338364,3,2.8958673030138016,17,16,0,0,F S,Inter,5,5.603070825338364,9.66440336406231,2.5932205468416214,Serie A,2023-2024
942,Florian Thauvin,29,1717,5,5.913654111325741,3,5.438421674072743,48,38,4,0,F M S,Udinese,4,5.152355298399925,12.571636833250524,4.254050675779581,Serie A,2023-2024
1208,Felipe Anderson,38,2812,5,5.540468875318766,6,6.976992512121797,43,42,3,0,D F M S,Lazio,5,5.540468875318766,19.13297401927412,9.109817018732429,Serie A,2023-2024
1219,Luis Alberto,33,2341,5,5.471688620746136,7,6.289189122617245,56,64,7,0,M S,Lazio,5,5.471688620746136,16.42470671236515,8.889257160015404,Serie A,2023-2024
1324,Federico Dimarco,30,2166,5,3.2087074536830187,6,9.558618923649192,50,63,0,0,D S,Inter,5,3.2087074536830187,18.552083106711507,12.900610843673348,Serie A,2023-2024
1477,Luca Mazzitelli,29,2229,5,2.270628267899156,0,1.240358730778098,49,12,4,1,M S,Frosinone,5,2.270628267899156,8.944092478603125,6.5332458689808846,Serie A,2023-2024
2217,Antonio Sanabria,35,2156,5,10.537829289212825,0,1.1701391767710447,54,15,2,0,F M S,Torino,3,9.015231618657708,12.769075983203948,5.5119775626808405,Serie A,2023-2024
2547,Theo Hernández,32,2804,5,5.673698761500418,4,5.116860808804631,57,44,11,1,D S,AC Milan,4,4.151101096533239,19.027444131672382,14.8872380964458,Serie A,2023-2024
3291,Adrien Rabiot,31,2650,5,3.885295913554728,3,4.415788423269987,38,26,8,0,M S,Juventus,5,3.885295913554728,12.9052067771554,7.400138486176729,Serie A,2023-2024
6196,Nicolas Viola,26,1183,5,3.5457330187782645,2,4.302946716547012,38,33,3,0,F M S,Cagliari,5,2.784434213303029,5.8647221913561225,2.654928490519524,Serie A,2023-2024
6697,Armand Lauriente,37,2972,5,6.066018413752317,4,4.80344538576901,84,47,5,0,F M S,Sassuolo,5,6.066018413752317,11.795659732073544,3.543833694420755,Serie A,2023-2024
7375,Roberto Piccoli,37,1366,5,6.925743224099279,0,1.3456403650343418,58,10,5,0,F M S,"Empoli,Lecce",4,6.164444388821721,7.418892973102629,2.8612514436244965,Serie A,2023-2024
7500,Giacomo Raspadori,37,1546,5,6.702579943463206,3,4.483555294573307,61,36,0,0,F M S,Napoli,5,5.941281167790294,13.592910822480915,5.701834740117192,Serie A,2023-2024
7507,Gianluca Gaetano,20,910,5,2.4068917855620384,1,2.226691184565425,22,21,2,1,F M S,"Cagliari,Napoli",4,1.645592950284481,3.941987328231335,1.3649292774498465,Serie A,2023-2024
9019,Lucas Martínez Quarta,29,2290,5,2.6196879521012306,1,1.475505298934877,24,14,9,0,D S,Fiorentina,5,2.6196879521012306,7.482435021549463,6.212520699948072,Serie A,2023-2024
11877,Michael Folorunsho,34,2827,5,4.301565490663052,1,1.3998309317976236,47,18,5,0,F M S,Verona,5,4.301565490663052,6.740188028663397,2.493741159327328,Serie A,2023-2024
11964,Giovanni Fabbian,27,1044,5,4.738078761845827,2,1.9500266648828983,28,16,4,0,F M S,Bologna,5,4.738078761845827,5.781427254900336,1.8028524331748488,Serie A,2023-2024
12378,Tijjani Noslin,17,1368,5,3.635997879318893,4,1.871297030709684,36,26,2,0,F M,Verona,5,3.635997879318893,7.412537131458521,2.347518300637603,Serie A,2023-2024
703,Fikayo Tomori,26,2133,4,3.608174130320549,0,0.1108320206403732,17,4,6,1,D S,AC Milan,4,3.608174130320549,8.231157934293151,8.09448311291635,Serie A,2023-2024
1104,Leonardo Pavoletti,19,595,4,3.134023245424032,1,0.6250302419066429,25,7,4,0,F S,Cagliari,4,3.134023245424032,3.234085081145168,1.0611830335110426,Serie A,2023-2024
1583,Arkadiusz Milik,32,858,4,5.394047812558711,1,3.4170331433415413,36,15,2,1,F S,Juventus,4,5.394047812558711,8.824270950630307,1.2191411405801773,Serie A,2023-2024
1723,Roberto Pereyra,27,1873,4,4.360814411193132,3,2.3164268862456083,28,25,6,0,D F M S,Udinese,3,3.5995155163109303,6.53267246298492,2.878888551145792,Serie A,2023-2024
5733,Houssem Aouar,16,743,4,3.093056729063392,0,0.3638733401894569,12,10,3,0,F M S,Roma,4,3.093056729063392,4.6208417396992445,1.4368452914059162,Serie A,2023-2024
6159,Gianluca Mancini,36,2881,4,2.5976381422951818,1,0.9861035160720348,19,10,9,0,D S,Roma,4,2.5976381422951818,9.495561430230737,9.208332350477576,Serie A,2023-2024
7224,Boulaye Dia,17,1134,4,4.597895558923483,0,0.5252823103219271,29,10,1,0,F M S,Salernitana,3,3.8365967236459255,4.8020573407411575,0.8395658656954765,Serie A,2023-2024
7284,Marco Brescianini,36,2324,4,2.032998721115291,2,2.1246125996112823,31,22,1,0,D F M S,Frosinone,4,2.032998721115291,7.01019527669996,3.680753684602678,Serie A,2023-2024
7910,Szymon Zurkowski,13,879,4,1.4531914927065372,0,0.1119957510381937,16,4,4,0,M S,Empoli,4,1.4531914927065372,2.1714146435260773,0.6975974515080452,Serie A,2023-2024
7947,Ruslan Malinovskiy,28,1551,4,0.9845063956454396,1,0.5905360467731953,39,11,7,0,F M S,Genoa,4,0.9845063956454396,3.0354270953685045,2.2007417865097523,Serie A,2023-2024
8163,Daniel Maldini,18,568,4,1.815977042540908,1,0.97320815641433,21,12,1,0,F M S,"Empoli,Monza",4,1.815977042540908,3.545224618166685,1.6822674944996834,Serie A,2023-2024
8297,Alexis Saelemaekers,30,1909,4,2.824991188943386,2,3.0194268077611923,29,44,4,1,F M S,Bologna,4,2.824991188943386,8.58481384627521,4.7481407187879086,Serie A,2023-2024
8478,Lorenzo Colombo,25,1351,4,4.194637024775147,1,0.4335366464219987,37,8,3,0,F S,Monza,4,4.194637024775147,6.460399262141436,1.996957939118147,Serie A,2023-2024
8944,Giulio Maggiore,27,1826,4,3.3743705889210105,2,0.9672145377844572,23,11,7,1,M S,Salernitana,4,3.3743705889210105,5.2626653630286455,3.6049116821959615,Serie A,2023-2024
9071,Matteo Cancellieri,36,1772,4,5.752293495461345,2,3.437209785915911,40,17,7,0,D F M S,Empoli,4,5.752293495461345,8.570779743604362,1.7997431829571724,Serie A,2023-2024
9840,Denzel Dumfries,31,1648,4,3.937063835561276,4,4.1486883871257305,24,27,2,1,D S,Inter,4,3.937063835561276,10.218461418524384,5.086537055671215,Serie A,2023-2024
9843,Caleb Ekuban,29,1104,4,3.069615147076547,1,1.6045123357325792,26,15,0,0,F S,Genoa,4,3.069615147076547,4.363434009253979,0.6763226184993982,Serie A,2023-2024
9977,Loum Tchaouna,33,2096,4,2.7410695469006896,3,2.286348751746118,44,22,4,0,F M S,Salernitana,4,2.7410695469006896,6.495509563945234,2.617133552208543,Serie A,2023-2024
10380,Zito,30,1942,4,4.575773281976581,5,2.946080996654928,51,25,6,0,F M S,Cagliari,4,4.575773281976581,9.082523783668876,2.4096630979329348,Serie A,2023-2024
10895,Dany Mota,34,2084,4,5.251721445471048,3,3.44157709274441,38,34,3,0,D F M S,Monza,4,5.251721445471048,11.03209387511015,5.333640689961612,Serie A,2023-2024
10948,Valentín Castellanos,35,1650,4,6.691938574425876,3,1.9540263283997772,54,19,2,0,F S,Lazio,4,6.691938574425876,10.104372954927385,3.248108034953475,Serie A,2023-2024
10993,Federico Gatti,32,2654,4,6.301926800981164,0,2.331916820257902,35,10,7,0,D S,Juventus,4,6.301926800981164,9.019049543887377,6.176881054416299,Serie A,2023-2024
1106,Darko Lazovic,32,1965,3,3.126208140514791,2,3.6228156751021743,34,31,0,1,D F M S,Verona,2,2.364909335039556,7.023141970857978,2.464788753539324,Serie A,2023-2024
1136,Gianluca Lapadula,23,1203,3,4.980033218860626,1,1.364402815699577,35,19,3,0,F S,Cagliari,2,4.218734428286552,5.2574767880141735,0.951296066865325,Serie A,2023-2024
1168,Bryan Cristante,37,3300,3,4.356771616265178,4,3.065107261762023,54,29,8,0,D M,Roma,3,4.356771616265178,16.0614797398448,12.43504716642201,Serie A,2023-2024
1248,Leandro Paredes,34,2680,3,3.0285770436748862,5,2.5797851774841547,32,27,15,1,M S,Roma,0,0.744680586270988,12.670357435941696,11.149565836414697,Serie A,2023-2024
1252,Stephan El Shaarawy,33,1732,3,2.4553019870072603,4,2.535477615892887,40,20,2,0,D F M S,Roma,3,2.4553019870072603,8.6091322414577,5.056028000079095,Serie A,2023-2024
1362,Simy,15,679,3,3.1081032380461693,0,0.4330064160749316,13,5,0,0,F S,Salernitana,3,3.1081032380461693,3.4764763563871384,0.6693851845338941,Serie A,2023-2024
1386,Piotr Zielinski,28,1979,3,2.7691213600337505,2,3.8941668095067135,30,48,1,0,M S,Napoli,2,2.007822524756193,11.810004824772475,9.097011776641011,Serie A,2023-2024
1463,Francesco Acerbi,29,2381,3,1.4171453770250082,1,1.5421600556001067,15,7,1,0,D S,Inter,3,1.4171453770250082,14.983083475381136,14.750613091513516,Serie A,2023-2024
2019,Federico Bonazzoli,24,997,3,2.0861231544986367,1,1.164365341886878,27,8,2,0,F S,Verona,3,2.0861231544986367,4.569867891259491,2.4164443155750632,Serie A,2023-2024
2711,Aleksey Miranchuk,27,1168,3,7.988960333168507,5,5.325843313708901,38,45,1,0,F M S,Atalanta,3,7.988960333168507,13.763345999643208,3.9943138379603615,Serie A,2023-2024
2774,Sardar Azmoun,23,528,3,2.55787324719131,0,1.477016143500805,16,8,4,0,F M S,Roma,3,2.55787324719131,3.882671419531107,1.145880326628685,Serie A,2023-2024
3751,Thomas Henry,18,287,3,3.1893111262470484,0,0.088482798077166,14,3,2,2,F S,Verona,3,2.428012298420072,2.4909921092912555,0.3665539622306824,Serie A,2023-2024
3821,Rolando Mandragora,33,1563,3,3.8466990552842617,3,1.4808170050382614,30,13,5,0,M S,Fiorentina,3,3.8466990552842617,4.725248294882476,2.650852335616946,Serie A,2023-2024
4951,Grigoris Kastanos,26,1504,3,2.410724989138544,3,2.1585450284183025,30,28,5,0,D M S,Salernitana,3,2.410724989138544,5.4913522163406014,2.433546317741275,Serie A,2023-2024
5025,Alessandro Buongiorno,29,2531,3,2.133894484490156,0,0.1651349896565079,13,4,7,0,D,Torino,3,2.133894484490156,6.109036276116967,5.352526945993304,Serie A,2023-2024
5661,Jonathan Ikone,28,1666,3,6.106528326869011,1,2.0917009208351374,39,15,5,0,M S,Fiorentina,3,6.106528326869011,10.085613992065191,2.236844953149557,Serie A,2023-2024
5954,Eldor Shomurodov,22,924,3,3.2875718157738447,3,1.9538291282951832,21,10,1,0,F M S,Cagliari,3,3.2875718157738447,5.609471465460956,1.1483166310936213,Serie A,2023-2024
6276,Nikola Vlasic,33,2630,3,3.2144442331045866,2,3.407337000593543,46,35,3,0,F M S,Torino,3,3.2144442331045866,13.114470873959364,7.353357671760023,Serie A,2023-2024
6884,Remi Oudin,31,1839,3,1.3559500183910131,2,5.604622139595449,34,58,3,0,F M S,Lecce,3,1.3559500183910131,7.771999806165695,4.81767800450325,Serie A,2023-2024
6960,Bremer,36,3235,3,2.343254954554141,0,0.3624123577028513,18,7,9,0,D,Juventus,3,2.343254954554141,10.726232182234526,10.57403377816081,Serie A,2023-2024
6980,Francesco Caputo,20,1296,3,3.818636681884527,0,0.8588490802794695,23,10,0,0,F S,Empoli,2,3.0573378540575504,5.464836820960045,2.02997712045908,Serie A,2023-2024
7160,Nemanja Radonjic,10,370,3,1.1274005435407162,0,0.4384387284517288,12,3,1,0,M S,Torino,3,1.1274005435407162,1.6060902811586857,0.0977730359882116,Serie A,2023-2024
7924,Amir Rrahmani,30,2612,3,3.407160803675652,0,0.7616675207391381,25,13,5,0,D,Napoli,3,3.407160803675652,13.804005013778806,13.218144295737147,Serie A,2023-2024
8828,Ivan Ilic,31,2097,3,2.571698747575283,2,5.4198929220438,27,47,3,0,M S,Torino,3,2.571698747575283,7.87908730097115,4.572807356715202,Serie A,2023-2024
9018,M&#039;Bala Nzola,33,1526,3,4.340571399778128,3,1.8532288521528244,32,21,2,0,F M S,Fiorentina,2,3.5792725570499897,5.830465029925108,1.898510018363595,Serie A,2023-2024
9872,Kaio Jorge,20,791,3,7.668177828192711,0,0.2469829516485333,27,8,2,0,F S,Frosinone,2,6.145580217242241,4.4298127219080925,0.4458208698779344,Serie A,2023-2024
9996,Abdou Harroui,18,1041,3,3.397505425848067,3,1.7014152370393276,33,16,2,0,F M S,Frosinone,2,2.636206590570509,4.9546966245397925,1.350578375160694,Serie A,2023-2024
11951,Gustav Isaksen,28,1061,3,1.645481524989009,1,2.6048705708235502,23,19,3,0,D F M S,Lazio,3,1.645481524989009,6.753309216350317,3.515850380063057,Serie A,2023-2024
11965,Tijjani Reijnders,36,2843,3,4.087502425536513,3,3.857007266953588,44,50,8,0,M S,AC Milan,3,4.087502425536513,20.718899864703417,14.411027738824489,Serie A,2023-2024
12095,Tomás Suslov,32,2105,3,3.3827812066301703,5,3.2258242769166827,53,28,7,0,M S,Verona,2,2.6214823788031936,5.601638951338828,2.192126054316759,Serie A,2023-2024
317,Henrikh Mkhitaryan,36,2847,2,3.4876577770337462,8,5.048100844025612,39,40,4,0,M S,Inter,2,3.4876577770337462,26.45776951685548,19.62764586508274,Serie A,2023-2024
498,Alexis Sánchez,23,716,2,2.6577158421278,5,4.303511302918196,18,18,0,0,F S,Inter,1,1.8964170068502424,8.540967049077153,5.72641428001225,Serie A,2023-2024
557,Matteo Darmian,33,2436,2,1.5660245101898909,1,1.6902962233871222,10,23,2,0,D S,Inter,2,1.5660245101898909,16.104429135099053,13.302629305049775,Serie A,2023-2024
1164,Cristiano Biraghi,29,2366,2,1.541363311931491,5,4.970447704195976,17,45,8,0,D S,Fiorentina,2,0.7800644766539335,6.196250403299928,5.446145296096802,Serie A,2023-2024
1178,Davide Zappacosta,31,1888,2,3.113600242882967,1,2.0843700440600514,37,17,5,0,D M S,Atalanta,2,3.113600242882967,9.883850516751409,5.854753114283085,Serie A,2023-2024
1193,Lorenzo De Silvestri,15,668,2,0.201005432754755,0,0.0,4,0,0,0,D S,Bologna,2,0.201005432754755,1.1438260460272431,1.0947870099917054,Serie A,2023-2024
1204,Patric,20,1606,2,1.4115280732512474,0,0.1865046005696058,6,4,4,0,D S,Lazio,2,1.4115280732512474,6.176527382805944,6.022996557876468,Serie A,2023-2024
1229,Luis Muriel,18,364,2,1.206673363223672,1,1.2441264912486076,23,14,0,0,F S,Atalanta,2,1.206673363223672,2.416435664519668,0.7658611461520195,Serie A,2023-2024
1301,Daniele Rugani,17,1195,2,2.4401188790798187,0,0.3670960031449795,8,3,2,0,D S,Juventus,2,2.4401188790798187,3.885229654610157,3.630960177630186,Serie A,2023-2024
1409,Nicolò Barella,37,2896,2,5.040394342504442,3,3.771154088899493,41,42,7,0,M S,Inter,2,5.040394342504442,25.446581311523914,19.66714115440845,Serie A,2023-2024
1461,Pol Lirola,25,1557,2,1.1706221904605627,1,1.459252922795713,9,13,1,0,D S,Frosinone,2,1.1706221904605627,6.2088695503771305,4.397105786949396,Serie A,2023-2024
1474,Alfred Duncan,30,1922,2,1.7479003816843033,5,1.8096561208367348,23,36,2,0,M S,Fiorentina,2,1.7479003816843033,7.860188426449895,5.145171854645014,Serie A,2023-2024
1826,Nicola Sansone,25,714,2,3.139332728460431,2,1.1634612744674089,23,17,4,0,F M S,Lecce,2,3.139332728460431,5.156079547479749,2.677779865451157,Serie A,2023-2024
4920,Matteo Gabbia,18,1273,2,1.5995576912537215,1,0.4694472812116146,11,3,5,0,D S,AC Milan,2,1.5995576912537215,5.304741024971008,5.206781357526779,Serie A,2023-2024
5226,Walace,37,3260,2,0.5665851011872292,0,1.0140040703117847,27,21,7,0,M,Udinese,2,0.5665851011872292,7.691468658857048,6.657536955550313,Serie A,2023-2024
5759,Matteo Guendouzi,33,2378,2,1.3498496962711215,3,3.336887179873884,26,23,3,1,M S,Lazio,2,1.3498496962711215,9.756979374215009,7.131837922148407,Serie A,2023-2024
6145,Daichi Kamada,29,1552,2,1.770090764388442,2,3.275326691567898,29,24,3,0,M S,Lazio,2,1.770090764388442,9.194597266614435,6.055140949785709,Serie A,2023-2024
6208,Antonin Barak,21,784,2,2.33964005112648,3,3.230741411447525,20,15,2,0,F M S,Fiorentina,2,2.33964005112648,7.536964239552617,3.2750527299940586,Serie A,2023-2024
6212,Mattia Bani,27,2313,2,1.6134519381448629,0,0.1038574632257223,9,2,9,0,D,Genoa,2,1.6134519381448629,1.4570695161819458,1.4570695161819458,Serie A,2023-2024
6414,Yann Bisseck,16,880,2,0.8390006460249424,0,0.49121755361557,12,1,0,0,D S,Inter,2,0.8390006460249424,8.877967856824398,8.467975687235594,Serie A,2023-2024
6517,Charalampos Lykogiannis,22,882,2,1.2336327023804188,1,1.362388264387846,15,9,3,0,D S,Bologna,2,1.2336327023804188,5.77699127048254,4.214210208505392,Serie A,2023-2024
6521,Yerry Mina,18,1261,2,1.410271931439638,0,0.0,4,0,5,0,D S,"Cagliari,Fiorentina",1,0.6489730961620808,2.117453515529633,2.117453515529633,Serie A,2023-2024
6672,Riccardo Sottil,22,1116,2,2.646036193706095,3,2.760981880128384,34,13,1,0,M S,Fiorentina,2,2.646036193706095,7.369942061603069,3.5621309839189053,Serie A,2023-2024
6696,Luca Ranieri,26,2066,2,1.441001696512103,1,0.5041802749037743,10,7,14,0,D S,Fiorentina,2,1.441001696512103,4.79611973837018,4.0650772750377655,Serie A,2023-2024
6942,Arthur,33,2030,2,1.0155868381261826,3,1.9102045139297843,12,34,2,0,M S,Fiorentina,1,0.2542880047112703,9.552368685603142,8.295249164104462,Serie A,2023-2024
6981,Ismael Bennacer,20,1158,2,1.850306496024132,2,2.435472975485027,12,17,2,0,M S,AC Milan,1,1.0890076607465744,8.583248920738697,5.898235939443111,Serie A,2023-2024
7005,Jens Odgaard,10,430,2,1.2369104344397783,0,0.1100126467645168,11,2,1,0,F M S,Bologna,2,1.2369104344397783,1.4135567136108875,0.0666336305439472,Serie A,2023-2024
7091,Christian Kouamé,23,1073,2,2.1881829909980297,1,2.137999728322029,24,12,0,0,F M S,Fiorentina,2,2.1881829909980297,6.242273487150669,2.5009691528975964,Serie A,2023-2024
7628,Lameck Banda,21,1381,2,4.250229399651289,4,2.862423125654459,50,24,5,1,F M S,Lecce,2,4.250229399651289,8.565378371626139,2.568667955696583,Serie A,2023-2024
7742,Valentin Gendrey,37,3054,2,1.349260602146387,3,1.8709439719095824,17,24,5,0,D S,Lecce,2,1.349260602146387,7.326979896984994,5.636754522100091,Serie A,2023-2024
7912,Eljif Elmas,11,326,2,0.5556726865470409,0,0.2568822242319584,6,6,2,0,F M S,Napoli,2,0.5556726865470409,2.0065636560320854,1.3879762552678585,Serie A,2023-2024
7939,Morten Thorsby,24,1127,2,2.0728363944217563,2,1.581761445850134,13,9,2,0,M S,Genoa,2,2.0728363944217563,2.8514922419562936,0.8016927363350987,Serie A,2023-2024
7953,Nahitan Nández,33,2374,2,3.648187742568553,3,2.559912462718785,23,43,7,0,D F M S,Cagliari,1,2.886888914741576,6.032314267940819,1.7537768399342897,Serie A,2023-2024
8129,Riccardo Calafiori,30,2342,2,1.367072181776166,5,1.7191182393580675,17,17,3,0,D S,Bologna,2,1.367072181776166,9.829544549807906,8.616447186097503,Serie A,2023-2024
8197,Ilario Monterisi,24,1470,2,1.4172419514507055,2,0.3920033145695925,5,5,1,0,D S,Frosinone,2,1.4172419514507055,3.25308571010828,2.73151158168912,Serie A,2023-2024
8294,El Bilal Touré,11,369,2,1.882786586880684,0,1.0414742417633531,12,7,2,0,F S,Atalanta,2,1.882786586880684,3.592253863811493,0.7911189123988152,Serie A,2023-2024
8728,Oier Zarraga,15,383,2,0.5558614768087864,0,0.0347695304080843,6,2,0,0,M S,Udinese,2,0.5558614768087864,0.976634681224823,0.8069032430648804,Serie A,2023-2024
8825,Reinier,22,1089,2,1.4411808121949434,2,1.630042317323387,14,16,3,0,F M S,Frosinone,2,1.4411808121949434,4.740806046873331,1.9707004819065328,Serie A,2023-2024
9061,Pontus Almqvist,30,2132,2,2.9668203815817837,1,3.025027060881257,40,28,5,0,F M S,Lecce,2,2.9668203815817837,6.589064545929432,1.2147310553118589,Serie A,2023-2024
9105,Radu Dragusin,19,1710,2,1.2185589708387852,1,0.9097644370049238,17,7,1,0,D,Genoa,2,1.2185589708387852,2.690718320198357,1.7258912902325392,Serie A,2023-2024
9344,Viktor Kovalenko,17,595,2,1.2719546630978584,1,0.8952885717153549,11,8,1,0,M S,Empoli,2,1.2719546630978584,3.2815642431378365,1.4945762977004051,Serie A,2023-2024
9841,Andrea Cambiaso,34,2410,2,3.40128761343658,3,3.768610880710185,29,37,10,0,D F M S,Juventus,2,3.40128761343658,10.551057416945696,6.422112620435655,Serie A,2023-2024
9851,Nedim Bajrami,28,1326,2,2.2069415310397744,2,1.6387284640222788,32,20,0,0,F M S,Sassuolo,2,2.2069415310397744,5.0840517450124025,2.323289778083563,Serie A,2023-2024
9866,Nadir Zortea,19,1389,2,0.5186185883358121,5,3.534176256507635,12,24,4,0,D M S,"Atalanta,Frosinone",2,0.5186185883358121,6.042646564543247,4.330034360289574,Serie A,2023-2024
9936,Matheus Henrique,31,2502,2,3.3476949287578464,2,1.78012574929744,19,36,6,1,M S,Sassuolo,2,3.3476949287578464,8.526001347228885,4.392212780192494,Serie A,2023-2024
9951,Tommaso Baldanzi,27,1261,2,2.6789792524650693,0,2.006355500780046,29,17,3,0,F M S,"Empoli,Roma",2,2.6789792524650693,5.812233972363174,1.839673114940524,Serie A,2023-2024
10169,Diego Coppola,24,1639,2,1.7048195209354162,0,0.1992175914347171,13,4,9,0,D S,Verona,2,1.7048195209354162,1.786657601594925,1.6403288803994656,Serie A,2023-2024
10365,Morten Frendrup,37,3154,2,1.5405127331614494,5,2.2738952478393912,30,14,6,0,D M S,Genoa,2,1.5405127331614494,8.21080532670021,5.891995377838612,Serie A,2023-2024
10985,Sulemana,21,1349,2,0.5607676235958934,0,0.1666801152750849,13,4,4,0,M S,Cagliari,2,0.5607676235958934,1.731207937002182,1.2891650712117553,Serie A,2023-2024
11080,Valentín Carboni,31,1137,2,2.1189415901899338,3,1.994642379693687,23,24,2,0,M S,Monza,2,2.1189415901899338,4.993029025383294,2.265473666600883,Serie A,2023-2024
11380,Vitinha,9,273,2,1.1880891853943467,0,0.156061477959156,14,2,2,0,F M S,Genoa,2,1.1880891853943467,1.3500177934765816,0.1589862406253814,Serie A,2023-2024
11942,Kenan Yildiz,27,923,2,1.904007162898779,0,1.6226798808202147,19,18,3,0,F S,Juventus,2,1.904007162898779,4.988986518234015,2.5734628178179264,Serie A,2023-2024
11943,Dean Huijsen,14,494,2,0.5376391168683767,0,0.0600836426019668,6,1,4,0,D S,"Juventus,Roma",2,0.5376391168683767,2.1391787603497505,2.1194995529949665,Serie A,2023-2024
11944,Patrick Dorgu,32,1553,2,2.840239219367504,0,2.0495039699599147,19,18,6,0,D F M S,Lecce,2,2.840239219367504,6.467214574106038,3.3943686094135046,Serie A,2023-2024
11955,Alberto Dossena,35,2978,2,2.615106286481023,4,2.21619226038456,24,12,5,0,D S,Cagliari,2,2.615106286481023,3.801843693479896,3.2734219189733267,Serie A,2023-2024
11958,Gaetano Oristanio,25,1094,2,2.0435856729745865,1,0.8276610802859068,23,15,1,0,F M S,Cagliari,2,2.0435856729745865,4.423574924468994,2.5102518033236265,Serie A,2023-2024
11962,Oussama El Azzouzi,18,520,2,0.4724064394831657,2,0.9569269753992558,2,6,4,0,M S,Bologna,2,0.4724064394831657,2.4028254486620426,1.3159676501527429,Serie A,2023-2024
12084,Martín Payero,29,1796,2,1.4152702372521162,2,1.6361295226961374,38,14,6,1,M S,Udinese,2,1.4152702372521162,5.586488757282496,3.486677371431142,Serie A,2023-2024
12419,Karol Swiderski,15,484,2,2.0812334790825844,0,0.3934734687209129,15,8,0,0,F M S,Verona,2,2.0812334790825844,2.516543637961149,0.1879445556551218,Serie A,2023-2024
3,Luca Caldirola,29,2140,1,0.723320740275085,1,0.4904024042189121,9,5,5,1,D S,Monza,1,0.723320740275085,6.14009296707809,5.715118063613772,Serie A,2023-2024
308,Ricardo Rodríguez,35,2792,1,0.2766037099063396,2,1.4691500328481195,11,20,4,0,D M S,Torino,1,0.2766037099063396,8.555893468670547,7.499153194949031,Serie A,2023-2024
342,Sead Kolasinac,30,2206,1,1.1113558299839497,0,0.8098294232040644,13,8,4,0,D S,Atalanta,1,1.1113558299839497,6.6635137517005205,5.958992322906852,Serie A,2023-2024
687,Pedro,33,753,1,1.8198607312515376,1,2.2389940647408366,11,17,4,0,F S,Lazio,1,1.8198607312515376,5.227868661284447,1.492518588900566,Serie A,2023-2024
702,Tammy Abraham,8,230,1,0.694375567138195,0,0.1508842362090945,4,3,1,0,F S,Roma,1,0.694375567138195,0.4077750099822879,0.0144925015047192,Serie A,2023-2024
1000,Federico Fazio,17,1353,1,0.6082127429544926,0,0.1230054898187518,8,3,3,0,D S,Salernitana,1,0.6082127429544926,3.372141497209668,3.222803173586726,Serie A,2023-2024
1053,Keinan Davis,8,160,1,0.5508965011686087,0,0.0649355389177799,6,3,2,0,S,Udinese,1,0.5508965011686087,0.854156069457531,0.2383240163326263,Serie A,2023-2024
1102,Giovanni Simeone,28,752,1,4.133235761895776,0,0.7984235929325223,35,10,3,0,F S,Napoli,1,4.133235761895776,3.8527955766767263,0.7010052110999823,Serie A,2023-2024
1114,Davide Biraschi,1,90,1,0.4150917828083038,0,0.0,1,0,0,0,D,Genoa,1,0.4150917828083038,0.0,0.0,Serie A,2023-2024
1122,Manuel Locatelli,36,3023,1,1.1890530409291389,4,1.748154795728624,25,26,6,0,M S,Juventus,1,1.1890530409291389,13.120755590498447,11.252381660044191,Serie A,2023-2024
1146,Jakub Jankto,18,900,1,1.4536809204146266,2,0.5478375209495425,12,6,0,0,M S,Cagliari,1,1.4536809204146266,3.1707892743870616,1.529730579815805,Serie A,2023-2024
1206,Danilo Cataldi,28,1355,1,0.3127561341971159,0,0.9586758268997072,12,11,8,0,M S,Lazio,1,0.3127561341971159,4.39442494045943,3.7201632326468825,Serie A,2023-2024
1247,Juan Jesus,24,2122,1,1.4222165159881115,0,0.662285060621798,8,5,7,0,D S,Napoli,1,1.4222165159881115,8.702164508402348,8.66438776999712,Serie A,2023-2024
1254,Alessandro Florenzi,31,1721,1,1.5332235610112548,4,3.2321879332885146,32,45,5,0,D M S,AC Milan,1,1.5332235610112548,9.017562486231329,7.239985601045191,Serie A,2023-2024
1289,Alex Sandro,16,702,1,0.7754071149975061,0,1.0416890606284142,5,5,1,0,D S,Juventus,1,0.7754071149975061,3.548311877995729,3.488472014665604,Serie A,2023-2024
1354,Gianmarco Ferrari,31,2257,1,1.4231959572061896,0,0.3276870641857385,16,9,4,0,D S,Sassuolo,1,1.4231959572061896,2.799851391464472,2.406594954431057,Serie A,2023-2024
1430,Milan Badelj,33,2588,1,1.3331176647916436,3,0.9685387210920452,21,18,6,0,M S,Genoa,1,1.3331176647916436,5.30420212354511,4.21149130910635,Serie A,2023-2024
1449,Federico Di Francesco,2,13,1,0.1078931018710136,0,0.0,2,0,0,0,S,Lecce,1,0.1078931018710136,0.1798040568828582,0.1695928126573562,Serie A,2023-2024
1468,Gregoire Defrel,20,728,1,0.9857334326952696,2,1.051968320272863,12,8,0,0,F M S,Sassuolo,1,0.9857334326952696,2.3583967722952366,0.5101333325728774,Serie A,2023-2024
1488,Remo Freuler,32,2657,1,1.5866257585585115,1,1.158876609057188,14,20,9,0,M S,Bologna,1,1.5866257585585115,11.166541524231434,9.252567537128924,Serie A,2023-2024
1493,Andrea Petagna,18,1017,1,1.7845756635069847,1,0.992335420101881,19,18,2,0,F S,Cagliari,1,1.7845756635069847,3.452853962779045,0.9730603732168674,Serie A,2023-2024
1496,Roberto Gagliardini,33,2392,1,4.718925521709025,2,1.4507102305069566,36,20,5,0,D M S,Monza,1,4.718925521709025,12.74323767144233,10.012927846051753,Serie A,2023-2024
1500,Leonardo Spinazzola,24,1297,1,0.2408232176676392,2,3.263167497701943,8,27,0,0,D M S,Roma,1,0.2408232176676392,5.900873385369778,3.72096349298954,Serie A,2023-2024
1541,Stefan de Vrij,25,1561,1,0.7378777489066124,0,0.1917284801602363,10,2,0,0,D S,Inter,1,0.7378777489066124,6.488284315913916,6.335597399622202,Serie A,2023-2024
1574,Davide Calabria,29,2216,1,1.2325395569205284,3,1.209073469042778,21,12,3,2,D S,AC Milan,1,1.2325395569205284,8.848112123087049,8.138166825287044,Serie A,2023-2024
1634,Alessandro Deiola,27,1611,1,2.924027793109417,0,0.9824435133486986,25,10,7,0,M S,Cagliari,1,2.924027793109417,4.589740971103311,2.5830027107149363,Serie A,2023-2024
1639,Sebastiano Luperto,38,3410,1,1.451402991078794,1,1.3278764421120286,20,11,4,0,D,Empoli,1,1.451402991078794,6.717136964201927,6.351688604801893,Serie A,2023-2024
1724,Isaac Success,27,837,1,2.894139414653182,1,1.4814461851492524,19,11,4,0,F M S,Udinese,1,2.1328405793756247,5.025094967335463,2.4349495340138674,Serie A,2023-2024
1725,Christian Kabasele,13,858,1,0.9381369650363922,1,0.5993434190750122,6,2,5,0,D S,Udinese,1,0.9381369650363922,1.051224495284259,0.6647053016349673,Serie A,2023-2024
1970,Jaime Báez,11,523,1,0.4376501403748989,0,0.6646343022584915,9,8,1,0,F M S,Frosinone,1,0.4376501403748989,1.709488045424223,1.1082226857542992,Serie A,2023-2024
1971,Simone Romagnoli,33,2706,1,1.2882206961512566,1,0.4073518738150596,12,3,6,0,D S,Frosinone,1,1.2882206961512566,6.114292765036225,6.026543343439698,Serie A,2023-2024
2053,Martin Erlic,32,2637,1,1.2599187605082989,0,0.0,8,0,5,0,D S,Sassuolo,1,1.2599187605082989,3.7574885953217754,3.7574885953217754,Serie A,2023-2024
2163,Diego Llorente,29,2267,1,0.3196344124153256,1,0.4385721636936068,9,4,5,0,D S,Roma,1,0.3196344124153256,5.95802061073482,5.54117695428431,Serie A,2023-2024
2244,Danilo,29,2449,1,1.11694738548249,1,1.23118397872895,17,21,7,0,D S,Juventus,1,1.11694738548249,10.108822636306286,8.303714914247394,Serie A,2023-2024
3729,Hassane Kamara,35,2285,1,2.5372107615694404,1,2.9129584496840835,26,21,4,0,D S,Udinese,1,2.5372107615694404,10.385756962466983,6.273619976360351,Serie A,2023-2024
4906,Alberto Cerri,12,567,1,1.4709026291966438,0,0.2875602208077907,10,4,2,0,F S,Empoli,1,1.4709026291966438,2.0390813425183296,0.3735613971948623,Serie A,2023-2024
4932,Pietro Pellegri,24,728,1,1.5631389655172825,1,0.1794552765786647,13,4,3,0,F M S,Torino,1,1.5631389655172825,1.3027387280017138,0.4921676684170961,Serie A,2023-2024
4939,Alessandro Bastoni,28,2307,1,1.2156042139977217,3,4.35888428427279,15,22,5,0,D,Inter,1,1.2156042139977217,18.89328174293041,16.129423080012202,Serie A,2023-2024
4970,Luca Pellegrini,19,774,1,0.268625364638865,0,0.5109135136008263,7,2,5,1,D S,Lazio,1,0.268625364638865,2.628682404756546,2.438202168792486,Serie A,2023-2024
5228,Renato Sanches,7,133,1,0.2420009896159172,0,0.1117553822696209,2,3,2,0,M S,Roma,1,0.2420009896159172,0.4869404016062617,0.3909831866621971,Serie A,2023-2024
5240,Ondrej Duda,32,2505,1,2.166810128837824,4,3.7828885642811656,23,54,10,2,M S,Verona,1,1.4055112935602665,6.363787721842527,4.314336875453591,Serie A,2023-2024
5329,Stefan Posch,31,2441,1,1.2682907721027732,2,2.8784273993223906,18,22,7,0,D S,Bologna,1,1.2682907721027732,7.7063942681998014,6.1556713078171015,Serie A,2023-2024
5353,Josip Brekalo,11,664,1,0.4707165425643325,0,0.2999907229095697,9,6,0,0,M S,Fiorentina,1,0.4707165425643325,3.300089456140995,2.710291527211666,Serie A,2023-2024
6176,Adam Marusic,37,3120,1,0.7665141485631466,0,0.7136273309588432,8,10,3,1,D,Lazio,1,0.7665141485631466,9.412858635187147,8.192704245448112,Serie A,2023-2024
6239,Junior Sambia,18,1015,1,0.5277102794498205,2,0.9866680279374124,12,12,4,0,D S,Salernitana,1,0.5277102794498205,1.8203992368653417,1.374386872164905,Serie A,2023-2024
6368,Mathías Olivera,23,1573,1,0.8125967849045992,1,1.1069821063429115,12,19,3,0,D S,Napoli,1,0.8125967849045992,7.649928713217378,6.484758350066841,Serie A,2023-2024
6412,Raoul Bellanova,37,3104,1,1.7604174735024571,7,6.650871468707919,32,52,5,0,D M S,Torino,1,1.7604174735024571,11.59403127618134,6.98616261780262,Serie A,2023-2024
6762,Yacine Adli,24,1435,1,0.1724660396575927,2,1.649123763665557,4,22,3,0,M S,AC Milan,1,0.1724660396575927,8.18585869949311,7.408783662132919,Serie A,2023-2024
6978,Giovanni Di Lorenzo,36,3235,1,3.1027365876361728,6,5.272171592339873,38,51,6,0,D,Napoli,1,3.1027365876361728,20.94511530175805,17.020839024335146,Serie A,2023-2024
7208,Samuel Chukwueze,24,1011,1,2.320517832413316,3,2.813594989478588,28,20,1,0,F M S,AC Milan,1,2.320517832413316,7.759905718266964,4.579765383154154,Serie A,2023-2024
7330,Uros Racic,22,800,1,0.9443234698846936,1,0.2370237335562706,17,6,1,0,M S,Sassuolo,1,0.9443234698846936,2.0256251273676757,1.1354438262060285,Serie A,2023-2024
7530,Samuele Ricci,32,2425,1,1.2500714594498277,2,2.916640043258667,30,26,6,1,M S,Torino,1,1.2500714594498277,9.489967902190983,6.507628761231899,Serie A,2023-2024
7576,Nicolò Cambiaghi,37,2573,1,4.165542892180383,1,2.8089517606422305,72,31,3,0,F M S,Empoli,1,4.165542892180383,9.30418773368001,3.278561648912728,Serie A,2023-2024
7909,Gaetano Castrovilli,6,374,1,0.5842749997973442,2,0.6308609843254089,5,7,0,0,M S,Fiorentina,1,0.5842749997973442,1.6944605130702255,0.4793245438486337,Serie A,2023-2024
7938,Tommaso Augello,32,2446,1,0.5506297014653683,1,2.755643446929753,10,27,5,0,D M S,Cagliari,1,0.5506297014653683,4.408420585095882,3.384077059105038,Serie A,2023-2024
7944,Gabriel Strefezza,19,1125,1,2.28761306591332,0,1.6274695182219148,28,20,4,0,F M S,Lecce,0,1.5263142306357622,4.336920645087957,2.5932965707033877,Serie A,2023-2024
8232,Andrea Carboni,21,1489,1,1.466522696428001,0,0.5416123308241367,18,8,1,0,D S,Monza,1,1.466522696428001,5.455737911164761,3.9659536480903625,Serie A,2023-2024
8245,Lorenzo Pirola,27,2006,1,0.785307920537889,0,0.0493121482431888,15,1,4,0,D S,Salernitana,1,0.785307920537889,2.33173334505409,2.118483614176512,Serie A,2023-2024
8310,Mitchel Bakker,14,363,1,0.2858780734241009,0,0.1858433103188872,5,4,1,0,D M S,Atalanta,1,0.2858780734241009,1.3082169368863106,0.9974010977894068,Serie A,2023-2024
8626,Nikola Moro,23,839,1,1.006576499901712,0,0.3595817126333713,11,11,0,0,F M S,Bologna,1,1.006576499901712,3.988015130162239,2.7982165552675724,Serie A,2023-2024
8662,Dan Ndoye,32,1780,1,6.087033653631806,1,2.24803932569921,41,22,4,0,F M S,Bologna,1,6.087033653631806,11.469716750085354,3.714808417018503,Serie A,2023-2024
8761,Shon Weissman,11,496,1,0.7812016010284424,0,0.1301387920975685,6,2,0,0,F S,Salernitana,1,0.7812016010284424,0.9622708559036256,0.0999285746365785,Serie A,2023-2024
8838,Junior Messias,18,1042,1,1.6916981544345615,0,2.1623765137046576,22,16,0,0,D F M S,Genoa,1,1.6916981544345615,3.887740714475513,1.8942891815677283,Serie A,2023-2024
8857,Gabriele Zappa,38,2553,1,1.48014113958925,3,3.2002728516235948,19,25,2,0,D M S,Cagliari,1,1.48014113958925,7.56587568577379,3.5023112297058105,Serie A,2023-2024
8913,Emmanuel Gyasi,33,1855,1,3.2399215884506702,2,1.2464483184739947,16,10,9,0,D F M S,Empoli,1,3.2399215884506702,5.84683699067682,1.7417074032127855,Serie A,2023-2024
8916,Simone Bastoni,16,747,1,0.3763941302895546,0,0.5595345050096512,7,12,3,0,D M S,Empoli,1,0.3763941302895546,2.5678741931915283,2.1126374639570717,Serie A,2023-2024
9010,Hamza Rafia,28,1234,1,0.6631547901779413,0,0.6085196658968925,16,15,4,0,M S,Lecce,1,0.6631547901779413,3.90921900421381,2.836152932606637,Serie A,2023-2024
9107,Giorgio Scalvini,33,2579,1,1.3213619571179152,3,1.2767269192263484,19,10,3,0,D M S,Atalanta,1,1.3213619571179152,11.570769302546978,10.104473318904638,Serie A,2023-2024
9260,Chaka Traorè,2,13,1,0.114000491797924,0,0.0,1,0,0,0,S,AC Milan,1,0.114000491797924,0.114000491797924,0.0,Serie A,2023-2024
9854,Kristjan Asllani,23,746,1,0.6922403955832124,2,1.3165023643523457,15,8,1,0,M S,Inter,1,0.6922403955832124,6.1372614447027445,5.025871854275465,Serie A,2023-2024
9855,Mattia Viti,15,993,1,1.2804135140031576,0,0.0174854397773742,4,1,0,0,D S,Sassuolo,1,1.2804135140031576,2.852553255856037,2.293475277721882,Serie A,2023-2024
9966,Fabio Miretti,25,1118,1,1.325026299804449,1,1.4677876215428114,20,25,3,0,F M S,Juventus,1,1.325026299804449,4.88746052980423,2.944629279896617,Serie A,2023-2024
9985,Johan Vásquez,37,2843,1,2.076727170497179,1,0.9380512684583664,34,11,6,0,D M S,Genoa,1,2.076727170497179,5.810803423635662,4.7087382497265935,Serie A,2023-2024
10084,Cristian Volpato,22,606,1,0.4366618460044265,0,1.425618641078472,12,16,1,0,F M S,Sassuolo,1,0.4366618460044265,1.713898716494441,0.7558141779154539,Serie A,2023-2024
10237,Leo Østigard,25,1611,1,1.027788769453764,0,0.1085247620940208,7,3,2,0,D S,Napoli,1,1.027788769453764,5.102749330922961,5.032398793846369,Serie A,2023-2024
10248,Arijon Ibrahimovic,16,463,1,0.77170505002141,1,1.1495994897559283,12,8,1,0,F M S,Frosinone,1,0.77170505002141,2.624185614287853,1.3404285721480846,Serie A,2023-2024
10303,Jacopo Fazzini,31,1213,1,1.0734277730807662,1,2.0790783083066344,23,24,6,0,M S,Empoli,1,1.0734277730807662,5.486825512722135,3.577957080677152,Serie A,2023-2024
10378,Jovane Cabral,12,681,1,1.3014900656417012,0,0.598495727404952,25,10,1,0,D F M S,Salernitana,1,1.3014900656417012,2.0387344732880592,0.8432046957314014,Serie A,2023-2024
10616,Samuel Iling-Junior,24,759,1,0.8712157420814037,2,1.7570865042507648,9,19,1,0,D S,Juventus,1,0.8712157420814037,4.293723855167627,3.0920320451259613,Serie A,2023-2024
10740,Jordan Zemura,27,1006,1,0.6152164787054062,0,0.4507105844095349,5,8,1,0,D S,Udinese,1,0.6152164787054062,2.9638896649703383,1.8979626148939133,Serie A,2023-2024
10750,Rasmus Kristensen,29,1748,1,0.6677331235259771,1,0.7783578988164663,9,12,5,0,D M S,Roma,1,0.6677331235259771,7.334618158638477,6.310220118612051,Serie A,2023-2024
10878,Sandi Lovric,29,1995,1,3.50694039138034,3,3.840361265465617,43,43,1,1,M S,Udinese,1,3.50694039138034,9.013672885019332,4.2419182769954205,Serie A,2023-2024
10897,Samuele Vignato,10,332,1,1.6053274646401403,0,0.1686290772631764,7,4,2,0,M S,Monza,1,1.6053274646401403,2.085781052708626,0.4161661900579929,Serie A,2023-2024
10898,Warren Bondo,25,1456,1,1.0160550205036998,1,0.5501793222501874,17,7,9,0,M S,Monza,1,1.0160550205036998,5.249609800055623,3.849331934005022,Serie A,2023-2024
10904,Joan Gonzàlez,29,1283,1,1.736732117831707,1,1.3338501080870628,14,15,6,0,M S,Lecce,1,1.736732117831707,5.520030545070767,3.4242400862276554,Serie A,2023-2024
10956,Emil Holm,22,956,1,3.351479221135378,1,1.2132441699504852,26,4,5,0,D M S,Atalanta,1,3.351479221135378,5.254846431314945,3.025589451193809,Serie A,2023-2024
11008,Perr Schuurs,9,771,1,0.7242057342082262,0,0.1234192624688148,7,1,2,0,D,Torino,1,0.7242057342082262,1.1792714418843389,0.8482931600883603,Serie A,2023-2024
11281,Michael Kayode,26,2076,1,0.8575504701584578,1,0.9539240906015038,7,15,2,0,D S,Fiorentina,1,0.8575504701584578,6.573314850218594,5.421737646684051,Serie A,2023-2024
11498,Mirko Maric,10,266,1,1.1588000692427158,0,0.7266653086990118,7,5,0,0,F S,Monza,1,1.1588000692427158,2.1612824201583862,0.7623992189764977,Serie A,2023-2024
11881,Marvin Çuni,22,506,1,1.3647625744342804,0,0.3008130341768265,10,6,0,0,F S,Frosinone,1,1.3647625744342804,1.8656647372990849,0.5133898202329874,Serie A,2023-2024
11930,Daniel Boloca,30,2031,1,0.6598985847085714,0,0.4136646664701402,13,14,6,1,M S,Sassuolo,1,0.6598985847085714,6.659005264751613,5.759857155382633,Serie A,2023-2024
11945,Ylber Ramadani,34,2989,1,1.12616962287575,0,0.8014742638915777,31,16,13,0,M,Lecce,1,1.12616962287575,7.142113093286753,5.900680987164378,Serie A,2023-2024
11957,Antoine Makoumbou,32,2715,1,0.622934453189373,0,1.2004082184284923,8,15,3,2,M,Cagliari,1,0.622934453189373,6.938698309473693,5.549611383117735,Serie A,2023-2024
11959,Matteo Prati,26,1978,1,2.1295204116031528,1,0.582101290114224,35,14,4,0,M S,Cagliari,1,2.1295204116031528,4.893152610398829,4.056498377583921,Serie A,2023-2024
11961,Sam Beukema,30,2554,1,2.6552196834236383,1,0.6003758893348277,12,7,4,1,D S,Bologna,1,2.6552196834236383,7.411603178828955,7.235883537679911,Serie A,2023-2024
12016,Chukwubuikem Ikwuemesi,25,1039,1,2.5094009581953287,1,0.4941993914544582,22,8,2,0,F S,Salernitana,1,2.5094009581953287,3.6371622374281287,0.6929538110271096,Serie A,2023-2024
12017,Agustín Martegani,18,717,1,0.7115944735705853,0,0.341152373701334,15,6,1,0,M S,Salernitana,1,0.7115944735705853,1.9232338862493636,1.1300806105136871,Serie A,2023-2024
12155,Zanos Savva,2,25,1,0.4502986371517181,0,0.0,1,0,0,0,S,Torino,1,0.4502986371517181,1.0481181144714355,0.5978194624185562,Serie A,2023-2024
12178,Niccolò Pierozzi,12,878,1,0.2483679689466953,0,0.0571012906730175,8,1,6,0,D S,Salernitana,1,0.2483679689466953,0.843851269222796,0.8253662586212158,Serie A,2023-2024
12181,Jan-Carlo Simic,4,137,1,0.6633056998252869,0,0.0,2,0,0,0,S,AC Milan,1,0.6633056998252869,0.2343813702464103,0.2343813702464103,Serie A,2023-2024
12322,Tajon Buchanan,10,133,1,0.2573621198534965,0,0.3881093431264162,4,2,0,0,S,Inter,1,0.2573621198534965,0.8158906064927578,0.5989293530583382,Serie A,2023-2024
12334,Kingstone Mutandwa,5,25,1,0.0509538101032376,0,0.0,2,0,0,0,S,Cagliari,1,0.0509538101032376,0.0509538101032376,0.0,Serie A,2023-2024
12341,Lautaro Giannetti,7,630,1,1.0422063767910004,0,0.0907661467790603,3,1,4,0,D,Udinese,1,1.0422063767910004,2.331788755953312,2.331788755953312,Serie A,2023-2024
12528,Santiago Castro,8,229,1,0.8369157202541828,1,0.3986154198646545,7,1,1,0,F S,Bologna,1,0.8369157202541828,2.0450746789574623,1.24784816801548,Serie A,2023-2024
64,Filip Kostic,29,1876,0,0.7081119995564222,4,6.123868856579065,21,40,2,0,D S,Juventus,0,0.7081119995564222,8.757608419284225,6.036460127681494,Serie A,2023-2024
193,Giulio Donati,4,23,0,0.018066257238388,0,0.3515257742255926,1,3,1,0,S,Monza,0,0.018066257238388,0.3898247182369232,0.0339217595756053,Serie A,2023-2024
199,Yann Sommer,34,3060,0,0.0,0,0.0,0,0,1,0,GK,Inter,0,0.0,9.55554497987032,9.55554497987032,Serie A,2023-2024
220,Jérôme Boateng,7,245,0,0.0,0,0.0862229689955711,0,1,0,0,D S,Salernitana,0,0.0,0.5747720524668694,0.4885490760207176,Serie A,2023-2024
257,Jeremy Toljan,25,2088,0,0.6874100705608726,5,1.8560058195143936,12,18,1,0,D S,Sassuolo,0,0.6874100705608726,6.239248927682638,4.487788300961256,Serie A,2023-2024
307,Suat Serdar,25,1661,0,1.060647669248283,2,1.1698606880381703,22,17,7,0,M S,Verona,0,1.060647669248283,3.126561622135341,1.5272986348718405,Serie A,2023-2024
542,Pedro Obiang,8,451,0,0.0343710668385028,0,0.6498488169163465,2,5,1,0,M S,Sassuolo,0,0.0343710668385028,0.7924320511519909,0.6682834140956402,Serie A,2023-2024
628,Chris Smalling,8,377,0,0.0280518811196088,0,0.0233509931713342,1,1,0,0,D S,Roma,0,0.0280518811196088,0.3877423368394375,0.3877423368394375,Serie A,2023-2024
1040,Angelino,16,1169,0,0.2103409711271524,1,1.6354470886290071,8,19,2,0,D S,Roma,0,0.2103409711271524,4.212130680680275,3.599353041499853,Serie A,2023-2024
1089,Juan Cuadrado,10,234,0,0.2432254031300544,2,1.708009822294116,5,9,1,0,S,Inter,0,0.2432254031300544,2.3335455767810345,1.923541110008955,Serie A,2023-2024
1093,Mattia Perin,3,227,0,0.0,0,0.0,0,0,0,0,GK,Juventus,0,0.0,0.1355116218328476,0.1355116218328476,Serie A,2023-2024
1096,Armando Izzo,23,1663,0,0.5234021171927452,0,0.7562816748395562,5,7,9,0,D S,Monza,0,0.5234021171927452,5.485083221457899,5.326382507570088,Serie A,2023-2024
1119,Alessio Romagnoli,29,2408,0,0.8311996189877391,0,0.3158785998821258,11,6,9,0,D S,Lazio,0,0.8311996189877391,6.717959278263152,6.468203706666827,Serie A,2023-2024
1120,Mattia De Sciglio,1,46,0,0.0,0,0.0,0,0,0,0,D,Juventus,0,0.0,0.0721983537077903,0.0721983537077903,Serie A,2023-2024
1157,Samuele Perisan,1,90,0,0.0,0,0.0,0,0,0,0,GK,Empoli,0,0.0,0.0609601885080337,0.0609601885080337,Serie A,2023-2024
1158,Simone Scuffet,31,2790,0,0.0,0,0.0,0,0,3,0,GK,Cagliari,0,0.0,3.285050520673394,3.285050520673394,Serie A,2023-2024
1170,Gianluca Caprari,6,284,0,0.774406723678112,0,0.9869644418358804,8,11,0,0,F M S,Monza,0,0.774406723678112,1.630188811570406,0.2261303663253784,Serie A,2023-2024
1175,Vincenzo Fiorillo,4,360,0,0.0,0,0.0,0,0,1,0,GK,Salernitana,0,0.0,0.0129995737224817,0.0129995737224817,Serie A,2023-2024
1226,Karol Linetty,28,1856,0,0.5407502222806215,0,1.1149951126426458,16,15,12,0,M S,Torino,0,0.5407502222806215,5.900664731860161,4.934686308726668,Serie A,2023-2024
1241,Pedro Pereira,23,828,0,0.1887575536966323,2,1.635898425243795,3,14,3,0,D S,Monza,0,0.1887575536966323,3.2076416639611125,1.5267320713028312,Serie A,2023-2024
1244,Wojciech Szczesny,35,3150,0,0.0,0,0.0703406184911727,0,1,1,0,GK,Juventus,0,0.0,3.5755958519876003,3.5052552334964275,Serie A,2023-2024
1246,Kostas Manolas,8,492,0,0.2563929632306099,0,0.0494773797690868,2,1,0,0,D S,Salernitana,0,0.2563929632306099,0.1885968185961246,0.1391194425523281,Serie A,2023-2024
1256,Kevin Strootman,27,1222,0,0.070931889116764,2,1.914120340719819,1,22,4,0,M S,Genoa,0,0.070931889116764,2.846030632033944,1.7782558668404818,Serie A,2023-2024
1264,Edoardo Goldaniga,13,1017,0,0.6161536648869514,0,0.1459697280079126,4,4,3,0,D S,Cagliari,0,0.6161536648869514,1.4959616214036942,1.484241172671318,Serie A,2023-2024
1281,Giuseppe Pezzella,19,1089,0,0.1217322247102856,0,0.4391938876360655,3,8,4,0,D S,Empoli,0,0.1217322247102856,1.4867536341771483,1.0501906042918565,Serie A,2023-2024
1302,Emil Audero,4,339,0,0.0,0,0.0,0,0,0,0,GK,Inter,0,0.0,1.5747767575085163,1.5747767575085163,Serie A,2023-2024
1304,Moise Kean,19,646,0,2.7023022659122944,0,0.6390364356338978,16,5,2,0,F S,Juventus,0,2.7023022659122944,3.156016569584608,0.715679656714201,Serie A,2023-2024
1305,Lukasz Skorupski,32,2880,0,0.0,0,0.0,0,0,2,0,GK,Bologna,0,0.0,3.8841355526819834,3.8841355526819834,Serie A,2023-2024
1311,Rade Krunic,10,684,0,0.1937541961669922,0,0.4364178515970707,2,5,3,0,M S,AC Milan,0,0.1937541961669922,3.132165942341089,2.8424993939697742,Serie A,2023-2024
1313,Riccardo Saponara,12,323,0,0.1368810683488845,0,0.2080950513482093,5,3,0,0,F M S,Verona,0,0.1368810683488845,0.863316722214222,0.5749543663114309,Serie A,2023-2024
1375,Elseid Hysaj,22,1188,0,0.4160170760005712,0,0.3899691384285688,2,9,2,0,D S,Lazio,0,0.4160170760005712,3.838132774457336,3.5144787803292274,Serie A,2023-2024
1441,Adam Masina,20,1081,0,0.2205374017357826,0,0.0827008336782455,6,2,2,0,D S,"Torino,Udinese",0,0.2205374017357826,3.518620727583766,3.4830709267407656,Serie A,2023-2024
1445,Simone Verdi,1,1,0,0.0,0,0.0604485683143138,0,1,0,0,S,Torino,0,0.0,0.0604485683143138,0.0,Serie A,2023-2024
1460,Andrea Consigli,35,3150,0,0.0,0,0.0,0,0,1,0,GK,Sassuolo,0,0.0,2.410509587265551,2.410509587265551,Serie A,2023-2024
1465,Stefano Sensi,4,34,0,0.0774952322244644,1,0.177813708782196,2,3,0,0,S,Inter,0,0.0774952322244644,0.2826309353113174,0.1410882957279682,Serie A,2023-2024
1483,Etrit Berisha,14,1260,0,0.0,0,0.0,0,0,0,0,GK,Empoli,0,0.0,1.6803835276514292,1.6803835276514292,Serie A,2023-2024
1484,Rafael Toloi,18,956,0,0.0674257585778832,0,0.0594476126134395,3,2,4,1,D S,Atalanta,0,0.0674257585778832,1.833284478634596,1.7532754093408585,Serie A,2023-2024
1486,Mattia Caldara,1,31,0,0.0838537514209747,0,0.0,1,0,0,0,S,AC Milan,0,0.0838537514209747,0.0984834730625152,0.0984834730625152,Serie A,2023-2024
1491,Alejandro Gomez,2,37,0,0.0,0,0.1360279321670532,0,1,0,0,S,Monza,0,0.0,0.8234249874949455,0.6873970553278923,Serie A,2023-2024
1501,Marco Sportiello,7,630,0,0.0,0,0.0,0,0,0,0,GK,AC Milan,0,0.0,0.539675772190094,0.539675772190094,Serie A,2023-2024
1504,Alberto Grassi,27,1837,0,0.9090436110273004,1,0.8388190064579248,23,6,4,1,M S,Empoli,0,0.9090436110273004,4.838489793241024,4.473317813128233,Serie A,2023-2024
1523,Danilo D&#039;Ambrosio,24,1525,0,0.7400869764387608,0,0.2313196407631039,14,4,3,1,D S,Monza,0,0.7400869764387608,4.484826764091849,4.147360630333424,Serie A,2023-2024
1544,Federico Ravaglia,6,538,0,0.0,0,0.0,0,0,0,0,GK,Bologna,0,0.0,1.5675542280077934,1.5675542280077934,Serie A,2023-2024
1580,Mattia Destro,15,340,0,1.2548539750277996,0,0.4004472531378269,10,3,2,0,F S,Empoli,0,1.2548539750277996,1.519638480618596,0.0717486124485731,Serie A,2023-2024
1599,Norbert Gyömbér,22,1779,0,0.1469315206632018,0,0.1302383821457624,4,5,9,0,D S,Salernitana,0,0.1469315206632018,2.5037967041134834,2.309079956263304,Serie A,2023-2024
1601,Riccardo Marchizza,13,1152,0,0.2525317771360278,4,0.9633309692144394,8,11,1,0,D,Frosinone,0,0.2525317771360278,2.581760685890913,1.5810423363000154,Serie A,2023-2024
1609,Antonio Mirante,2,179,0,0.0,0,0.0,0,0,0,0,GK,AC Milan,0,0.0,0.1117369383573532,0.1117369383573532,Serie A,2023-2024
1710,Marten de Roon,30,2598,0,0.6061462499201298,5,1.5440559647977352,16,23,10,0,D M S,Atalanta,0,0.6061462499201298,10.94014247506857,9.392945867031813,Serie A,2023-2024
1740,Paul Pogba,2,47,0,0.0,0,0.0208641551434993,0,1,0,0,S,Juventus,0,0.0,0.9723805338144302,0.9723805338144302,Serie A,2023-2024
1792,Mário Rui,21,1206,0,0.1136360457167029,2,1.897091045975685,5,26,5,1,D S,Napoli,0,0.1136360457167029,8.784344581887126,7.998427785933018,Serie A,2023-2024
1841,Pierluigi Gollini,7,630,0,0.0150956837460398,0,0.0,1,0,0,0,GK,Napoli,0,0.0150956837460398,0.8918942175805569,0.8918942175805569,Serie A,2023-2024
1873,Nicola Leali,2,178,0,0.0,0,0.0,0,0,1,0,GK,Genoa,0,0.0,0.0756071507930755,0.0756071507930755,Serie A,2023-2024
1892,Alex Meret,31,2774,0,0.0,0,0.1849974691867828,0,1,0,0,GK,Napoli,0,0.0,4.149379049427807,4.149379049427807,Serie A,2023-2024
1898,Stefano Sabelli,32,2491,0,0.8782992325723171,1,2.5561527954414487,9,20,5,0,D M S,Genoa,0,0.8782992325723171,4.999777005054057,2.2704256689175963,Serie A,2023-2024
1922,Daniele Sommariva,1,2,0,0.0,0,0.0,0,0,0,0,S,Genoa,0,0.0,0.0,0.0,Serie A,2023-2024
1926,Boris Radunovic,7,630,0,0.0,0,0.0,0,0,0,0,GK,Cagliari,0,0.0,0.2149237003177404,0.2149237003177404,Serie A,2023-2024
1927,Berat Gjimshiti,37,2829,0,0.983755529858172,1,0.73514056019485,13,7,5,0,D S,Atalanta,0,0.983755529858172,6.919027889147401,6.847096337005496,Serie A,2023-2024
1946,Pepín,10,224,0,0.1443074801936745,0,0.076927326619625,5,2,2,0,M S,Monza,0,0.1443074801936745,0.7213570214807987,0.598285373300314,Serie A,2023-2024
2303,Samu Castillejo,17,521,0,0.3471894413232803,0,0.7417199946939945,6,15,2,0,F M S,Sassuolo,0,0.3471894413232803,1.576084552332759,0.6752883233129978,Serie A,2023-2024
2330,Guillermo Ochoa,21,1890,0,0.0,0,0.0,0,0,0,0,GK,Salernitana,0,0.0,1.476787043735385,1.476787043735385,Serie A,2023-2024
3207,Alexis Blin,31,1619,0,1.1373690329492092,2,1.0918332301080227,13,7,4,0,M S,Lecce,0,1.1373690329492092,5.701776580885053,4.996312720701098,Serie A,2023-2024
3209,Jean-Daniel Akpa-Akpro,19,685,0,0.3536526430398226,0,0.0818582475185394,7,1,5,0,D M S,Monza,0,0.3536526430398226,2.5619549266994,2.149956703186035,Serie A,2023-2024
3218,Benoit Costil,13,1170,0,0.0,0,0.0444706007838249,0,1,0,0,GK,Salernitana,0,0.0,0.8558120103552938,0.8113414095714688,Serie A,2023-2024
3334,Lassana Coulibaly,28,2096,0,0.4365227520465851,1,0.973370311781764,13,11,5,0,M S,Salernitana,0,0.4365227520465851,5.651856973767281,5.296831698156893,Serie A,2023-2024
3363,Benjamin Pavard,23,1692,0,0.9082522876560688,2,1.2916022017598152,15,10,6,0,D S,Inter,0,0.9082522876560688,9.948150794953108,9.047635540366173,Serie A,2023-2024
3550,Koffi Djidji,13,751,0,0.0930693745613098,0,0.0,2,0,2,0,D S,Torino,0,0.0930693745613098,2.632842756807804,2.632842756807804,Serie A,2023-2024
3737,Mike Maignan,29,2610,0,0.0,1,0.1870583388954401,0,3,1,1,GK,AC Milan,0,0.0,8.04731984436512,7.860261490568519,Serie A,2023-2024
3772,Maxime Lopez,21,913,0,0.1646125670522451,0,0.5469922432675958,4,10,1,1,M S,"Fiorentina,Sassuolo",0,0.1646125670522451,2.558629224076867,2.007612438872457,Serie A,2023-2024
3872,George Puscas,8,177,0,2.792495638132096,0,0.070931889116764,11,1,0,0,F S,Genoa,0,2.792495638132096,2.243834644556045,0.0378665206953883,Serie A,2023-2024
3927,Alessio Cragno,3,270,0,0.0,0,0.0,0,0,0,0,GK,Sassuolo,0,0.0,0.6551097873598337,0.6551097873598337,Serie A,2023-2024
3939,Nikita Contini,1,16,0,0.0,0,0.0,0,0,0,0,S,Napoli,0,0.0,0.3447420299053192,0.3447420299053192,Serie A,2023-2024
3951,Kevin Bonifazi,7,394,0,0.0,0,0.0693663954734802,0,1,0,0,D S,"Bologna,Frosinone",0,0.0,0.6913915891200304,0.6220251936465502,Serie A,2023-2024
3976,Karlo Lulic,1,14,0,0.0,0,0.0,0,0,0,0,S,Frosinone,0,0.0,0.0502718053758144,0.0502718053758144,Serie A,2023-2024
3978,Marco Faraoni,19,997,0,0.575445618480444,2,0.6825410705059767,10,12,5,0,D M S,"Fiorentina,Verona",0,0.575445618480444,2.771657489240169,2.286839947104454,Serie A,2023-2024
4010,Luca Garritano,12,474,0,1.0928553324192762,0,0.3353522643446922,12,4,1,0,D M S,Frosinone,0,1.0928553324192762,2.0435240864753723,0.9823616221547128,Serie A,2023-2024
4699,Simon Kjaer,20,1171,0,0.7086775749921799,1,1.0426491126418114,6,4,1,0,D S,AC Milan,0,0.7086775749921799,5.137498181313276,5.069989297538996,Serie A,2023-2024
4733,José Luis Palomino,4,15,0,0.0,0,0.0,0,0,0,0,S,Atalanta,0,0.0,0.0,0.0,Serie A,2023-2024
4903,Mamadou Coulibaly,1,1,0,0.0,0,0.0,0,0,0,0,S,Salernitana,0,0.0,0.0,0.0,Serie A,2023-2024
4907,Bartosz Bereszynski,24,1780,0,0.0423501124605536,1,0.3475748784840107,3,8,3,0,D S,Empoli,0,0.0423501124605536,2.979609194211662,2.724884663708508,Serie A,2023-2024
4911,Alessio Zerbin,20,820,0,0.7994290422648191,1,1.5719266142696142,9,16,0,1,D F M S,"Monza,Napoli",0,0.7994290422648191,3.744940564036369,2.1480026189237837,Serie A,2023-2024
4940,Francesco Rossi,1,3,0,0.0,0,0.0,0,0,0,0,S,Atalanta,0,0.0,0.0,0.0,Serie A,2023-2024
4941,Hans Hateboer,23,1094,0,0.3292371742427349,1,2.4460225384682417,11,22,5,0,D M S,Atalanta,0,0.3292371742427349,5.45352204144001,4.465422060340643,Serie A,2023-2024
4943,Emanuel Vignato,9,305,0,0.0187865793704986,1,0.3307584077119827,1,5,1,0,F M S,Salernitana,0,0.0187865793704986,0.8755935598164797,0.526048569008708,Serie A,2023-2024
4956,Michele Cerofolini,8,672,0,0.0,0,0.0,0,0,1,0,GK S,Frosinone,0,0.0,0.3319777306169271,0.3319777306169271,Serie A,2023-2024
4984,Wladimiro Falcone,38,3420,0,0.0,0,0.0,0,0,0,0,GK,Lecce,0,0.0,2.945461377501488,2.945461377501488,Serie A,2023-2024
5103,Martin Hongla,15,1079,0,0.0897515546530485,0,0.2959393579512834,3,9,0,0,M S,Verona,0,0.0897515546530485,1.571519217453897,1.2555691627785563,Serie A,2023-2024
5133,Aarón Martín,22,1393,0,0.1877811048179865,1,1.639231901615858,5,26,2,1,D S,Genoa,0,0.1877811048179865,1.5476608704775572,0.8022421393543482,Serie A,2023-2024
5246,Diego Demme,2,68,0,0.0114026013761758,0,0.0,1,0,1,0,M S,Napoli,0,0.0114026013761758,0.4613552186638117,0.4613552186638117,Serie A,2023-2024
5360,Weston McKennie,34,2603,0,3.1354414774104957,7,4.233117712661624,23,41,6,0,D M S,Juventus,0,3.1354414774104957,12.871985682286322,8.706567496992648,Serie A,2023-2024
5573,Domingos Quina,2,10,0,0.0,0,0.0,0,0,0,0,S,Udinese,0,0.0,0.0,0.0,Serie A,2023-2024
5700,Yann Karamoh,10,135,0,0.1784261763095855,0,0.0946688055992126,2,1,0,0,M S,Torino,0,0.1784261763095855,0.4036844819784164,0.1825510412454605,Serie A,2023-2024
5996,Adrien Tameze,29,2171,0,0.4694110434502363,2,2.187949159182608,9,19,6,1,D M S,Torino,0,0.4694110434502363,8.490508006885648,7.367256930097938,Serie A,2023-2024
6045,Davy Klaassen,13,181,0,0.0530300587415695,0,0.2107891254127025,1,3,1,0,M S,Inter,0,0.0530300587415695,1.0802036598324776,0.8971321955323219,Serie A,2023-2024
6107,Carlo Pinsoglio,1,43,0,0.0,0,0.0,0,0,0,0,S,Juventus,0,0.0,0.0,0.0,Serie A,2023-2024
6125,Stanislav Lobotka,38,3324,0,0.6276283888146281,1,1.4858915386721492,14,23,4,0,M,Napoli,0,0.6276283888146281,16.704255057498813,15.061229022219775,Serie A,2023-2024
6132,Marco Silvestri,17,1530,0,0.0,0,0.0,0,0,0,0,GK,Udinese,0,0.0,1.9688830319792032,1.9688830319792032,Serie A,2023-2024
6161,Nicolas Haas,1,90,0,0.0685825496912002,0,0.0,1,0,1,0,M,Empoli,0,0.0685825496912002,0.1952812671661377,0.1266987174749374,Serie A,2023-2024
6167,Vanja Milinkovic-Savic,36,3240,0,0.0,0,0.0,0,0,2,0,GK,Torino,0,0.0,4.207985732704401,4.207985732704401,Serie A,2023-2024
6174,Nikola Milenkovic,34,2497,0,0.6086195334792137,0,0.8881916888058186,10,8,4,0,D S,Fiorentina,0,0.6086195334792137,5.86647667363286,5.715780328959227,Serie A,2023-2024
6180,Manuel Lazzari,24,1678,0,1.0219634026288986,2,1.607017232105136,8,9,4,1,D S,Lazio,0,1.0219634026288986,6.413812613114715,4.334949789568782,Serie A,2023-2024
6191,Lorenzo Venuti,14,353,0,0.0804341249167919,0,0.2839142382144928,3,5,1,0,D S,Lecce,0,0.0804341249167919,1.9130821488797665,1.5487337820231917,Serie A,2023-2024
6324,Marash Kumbulla,7,357,0,0.0,0,0.0,0,0,1,0,D S,Sassuolo,0,0.0,0.1831981390714645,0.1831981390714645,Serie A,2023-2024
6352,Valentino Lazaro,35,1966,0,2.348205342888832,4,3.1190716549754143,18,34,3,0,D M S,Torino,0,2.348205342888832,7.661769658327103,4.8102430403232574,Serie A,2023-2024
6362,Rick Karsdorp,18,1195,0,0.4070770991966128,2,2.538990513421595,8,11,2,0,D S,Roma,0,0.4070770991966128,6.8040081867948174,4.409966066479683,Serie A,2023-2024
6396,Jordi Mboula,11,311,0,0.4280407819896936,1,0.2378566563129425,4,3,0,0,F M S,Verona,0,0.4280407819896936,1.693010849878192,1.088365314528346,Serie A,2023-2024
6434,Franck Zambo,34,2793,0,2.702732869423926,2,4.440528566017747,33,39,2,0,M S,Napoli,0,2.702732869423926,15.261235605925322,11.883951734751465,Serie A,2023-2024
6601,Timothy Weah,30,1245,0,1.8570021530613303,1,0.8826393820345402,12,13,5,0,D S,Juventus,0,1.8570021530613303,6.292055152356625,4.092949433252215,Serie A,2023-2024
6706,Ndary Adopo,10,84,0,0.2529441714286804,1,0.1038771420717239,1,2,0,0,S,Atalanta,0,0.2529441714286804,0.9938008151948452,0.8899236712604761,Serie A,2023-2024
6807,Jaka Bijol,24,2082,0,1.359392996877432,0,0.1122936960309743,15,3,4,0,D S,Udinese,0,1.359392996877432,4.954108491539955,4.864091504365206,Serie A,2023-2024
6849,Rui Patrício,23,2070,0,0.0,0,0.0,0,0,1,0,GK,Roma,0,0.0,3.0713120894506574,3.0713120894506574,Serie A,2023-2024
6856,Rúben Vinagre,12,267,0,0.0243673538789153,0,0.2362872082740068,2,5,0,0,D S,Verona,0,0.0243673538789153,0.2730931071564555,0.1428012885153293,Serie A,2023-2024
6872,Mehmet Zeki Çelik,17,645,0,0.1264010779559612,0,0.5789229040965438,2,9,1,0,D S,Roma,0,0.1264010779559612,1.8307569976896048,1.134177591651678,Serie A,2023-2024
6902,Toma Basic,15,1172,0,0.444509937427938,0,0.4180284962058067,12,16,5,0,M S,Salernitana,0,0.444509937427938,2.664844237267971,2.298974396660924,Serie A,2023-2024
6977,Pietro Terracciano,33,2970,0,0.0,0,0.0456455023959279,0,2,3,0,GK,Fiorentina,0,0.0,2.8789050756022334,2.8710202407091856,Serie A,2023-2024
6982,Ivan Provedel,30,2700,0,0.0,0,0.0,0,0,0,0,GK,Lazio,0,0.0,5.310401801019907,5.310401801019907,Serie A,2023-2024
6986,Hamed Junior Traore,9,386,0,0.7107702987268567,0,0.6444383710622787,10,8,1,0,M S,Napoli,0,0.7107702987268567,2.084580399096012,1.0637724921107292,Serie A,2023-2024
6988,Simone Aresti,1,1,0,0.0,0,0.0,0,0,0,0,S,Cagliari,0,0.0,0.0,0.0,Serie A,2023-2024
7002,Giangiacomo Magnani,33,2433,0,0.5251049250364304,0,0.4376089368015528,11,6,6,0,D S,Verona,0,0.5251049250364304,4.217370260506868,3.738872779533267,Serie A,2023-2024
7003,Mehdi Bourabia,10,194,0,0.1536810770630836,0,0.0229401476681232,2,1,1,0,M S,Frosinone,0,0.1536810770630836,0.2740098619833588,0.1203287849202752,Serie A,2023-2024
7049,Evan Ndicka,25,2187,0,1.1618843842297792,3,1.257807606831193,9,6,6,0,D,Roma,0,1.1618843842297792,9.608854707330464,9.144851986318828,Serie A,2023-2024
7087,Elia Caprile,23,2070,0,0.0,0,0.1958548780530691,0,2,0,0,GK,Empoli,0,0.0,1.1644436018541455,0.9685887349769472,Serie A,2023-2024
7095,Juan Musso,11,990,0,0.0,0,0.0,0,0,0,0,GK,Atalanta,0,0.0,1.682745210826397,1.682745210826397,Serie A,2023-2024
7124,Davide Bettella,1,1,0,0.0,0,0.0,0,0,0,0,S,Monza,0,0.0,0.0,0.0,Serie A,2023-2024
7236,Leander Dendoncker,3,16,0,0.0242284890264272,0,0.0,1,0,0,0,S,Napoli,0,0.0242284890264272,0.1002070531249046,0.1002070531249046,Serie A,2023-2024
7324,Luca Gemello,2,180,0,0.0,0,0.0,0,0,0,0,GK,Torino,0,0.0,0.6422152072191238,0.6422152072191238,Serie A,2023-2024
7333,Caleb Okoli,34,2908,0,0.6606414467096329,1,0.7082394063472748,13,5,9,0,D S,Frosinone,0,0.6606414467096329,5.585356507450342,5.5629331804811954,Serie A,2023-2024
7379,Nicolo Fagioli,8,432,0,0.2789147980511188,2,1.3754366859793663,6,11,1,0,M S,Juventus,0,0.2789147980511188,2.4494937397539616,1.6591778006404638,Serie A,2023-2024
7411,Nicolo Rovella,23,1328,0,0.5673309545964003,2,0.3831647876650095,5,10,6,0,M S,Lazio,0,0.5673309545964003,4.864365924149752,4.15737172588706,Serie A,2023-2024
7483,Hans Nicolussi Caviglia,8,263,0,0.1111021563410759,1,0.3564958497881889,3,8,1,0,M S,Juventus,0,0.1111021563410759,1.0787366107106209,0.9936075806617736,Serie A,2023-2024
7502,Iron Gomis,5,124,0,0.4435039106756449,0,0.1669863751158118,3,3,0,0,M S,Salernitana,0,0.4435039106756449,0.6771704601123929,0.2401133980602026,Serie A,2023-2024
7516,Nehuén Pérez,36,3240,0,1.709209845401347,0,0.153227174654603,20,7,7,1,D,Udinese,0,1.709209845401347,8.736407712101936,8.581781735643744,Serie A,2023-2024
7754,Tiago Djaló,1,15,0,0.0,0,0.0,0,0,0,0,S,Juventus,0,0.0,0.0,0.0,Serie A,2023-2024
7755,Domagoj Bradaric,34,2759,0,0.5899687772616744,3,1.682189168408513,19,35,5,0,D M S,Salernitana,0,0.5899687772616744,6.263963130302727,4.610747911036015,Serie A,2023-2024
7763,Fabien Centonze,10,680,0,0.009466852992773,1,0.8775856494903564,1,6,2,0,D S,Verona,0,0.009466852992773,1.5264255739748478,0.8688952811062336,Serie A,2023-2024
7785,Kingsley Ehizibue,23,957,0,1.4999388866126535,1,0.4407686498016119,18,8,4,0,D S,Udinese,0,1.4999388866126535,3.0453608594834805,1.4038625061511991,Serie A,2023-2024
7923,Pawel Dawidowicz,28,2144,0,0.4296509325504303,0,0.0400943383574485,9,2,5,0,D M S,Verona,0,0.4296509325504303,2.514886982738972,2.4780776873230934,Serie A,2023-2024
7925,Liam Henderson,1,1,0,0.0,0,0.0,0,0,0,0,S,Empoli,0,0.0,0.0,0.0,Serie A,2023-2024
7936,Filip Jagiello,2,30,0,0.0,0,0.0,0,0,0,0,S,Genoa,0,0.0,0.01307004224509,0.01307004224509,Serie A,2023-2024
7973,Marco Mancosu,6,164,0,1.251962864771485,0,0.1491824425756931,7,2,0,0,F M S,Cagliari,0,0.4906640890985727,0.8093029130250216,0.2273430377244949,Serie A,2023-2024
8009,Antonino Gallo,35,2526,0,0.7609681477770209,3,5.05229134298861,15,47,2,0,D S,Lecce,0,0.7609681477770209,9.66337451711297,6.295074298977852,Serie A,2023-2024
8030,Sebastian Walukiewicz,27,2051,0,0.1868324587121606,0,0.1156043838709592,4,3,6,0,D S,Empoli,0,0.1868324587121606,3.880304664373398,3.811721724458039,Serie A,2023-2024
8034,Georgios Kyriakopoulos,28,1722,0,1.161013673990965,3,1.8630351405590773,24,21,3,0,D S,Monza,0,1.161013673990965,5.851192948408425,4.496173164341599,Serie A,2023-2024
8037,Marley Aké,1,7,0,0.0,0,0.0,0,0,0,0,S,Udinese,0,0.0,0.0,0.0,Serie A,2023-2024
8101,Stefano Turati,31,2748,0,0.0,0,0.0,0,0,0,0,GK,Frosinone,0,0.0,1.893377254717052,1.893377254717052,Serie A,2023-2024
8165,Lucien Agoume,1,3,0,0.0,0,0.0,0,0,0,0,S,Inter,0,0.0,0.5211808085441589,0.5211808085441589,Serie A,2023-2024
8244,Dylan Bronn,4,44,0,0.0648643597960472,0,0.0,1,0,0,0,S,Salernitana,0,0.0648643597960472,0.5418936610221863,0.5418936610221863,Serie A,2023-2024
8252,Nicolás Domínguez,2,103,0,0.0,0,0.0553824976086616,0,1,0,0,M S,Bologna,0,0.0,0.3314372058957815,0.2760547157377004,Serie A,2023-2024
8303,Marin Pongracic,36,3220,0,1.3009874150156977,0,0.4591833371669054,13,11,7,1,D,Lecce,0,1.3009874150156977,7.105370898731053,6.591240594163537,Serie A,2023-2024
8313,Pierre Kalulu Kyatengwa,9,363,0,0.0826341770589351,0,0.0838577933609485,2,2,0,0,D S,AC Milan,0,0.0826341770589351,0.8816976360976696,0.8816976360976696,Serie A,2023-2024
8326,Maduka Okoye,21,1890,0,0.0,0,0.0,0,0,2,0,GK,Udinese,0,0.0,0.213257934898138,0.213257934898138,Serie A,2023-2024
8378,Malick Thiaw,21,1626,0,0.6821040762588382,1,0.2017819918692112,5,4,5,1,D S,AC Milan,0,0.6821040762588382,6.564719596877694,6.341804901137948,Serie A,2023-2024
8380,Pablo Marí,34,2609,0,0.3156427722424269,0,0.6654438972473145,8,4,7,0,D S,Monza,0,0.3156427722424269,5.760206629522145,5.714745820499957,Serie A,2023-2024
8429,Luka Romero,4,72,0,0.1343880891799926,0,0.0,1,0,1,0,S,AC Milan,0,0.1343880891799926,0.6175433099269867,0.483155220746994,Serie A,2023-2024
8512,Filippo Terracciano,21,1361,0,0.342523486353457,1,1.1813033670186996,8,17,2,0,D M S,"AC Milan,Verona",0,0.342523486353457,3.91193412989378,2.6313380654901266,Serie A,2023-2024
8522,Matteo Lovato,26,1482,0,0.0544194560497999,0,0.1685897819697857,2,3,4,0,D S,"Salernitana,Torino",0,0.0544194560497999,3.056273942813277,2.9812231678515677,Serie A,2023-2024
8632,Enzo Ebosse,1,15,0,0.0,0,0.0,0,0,0,0,S,Udinese,0,0.0,0.046560026705265,0.046560026705265,Serie A,2023-2024
8639,Brandon Soppy,5,173,0,0.0183064453303813,0,0.0406885482370853,1,1,0,0,D S,Torino,0,0.0183064453303813,0.441145472228527,0.441145472228527,Serie A,2023-2024
8663,Flavius Daniliuc,14,732,0,0.1341615654528141,0,0.222919201478362,2,5,2,0,D S,Salernitana,0,0.1341615654528141,1.8717448394745588,1.6862171459943056,Serie A,2023-2024
8771,Yunus Musah,30,1439,0,0.6486980924382806,2,1.5079145263880491,14,14,5,0,D M S,AC Milan,0,0.6486980924382806,5.727942459285259,3.954697690904141,Serie A,2023-2024
8819,Mergim Vojvoda,28,1372,0,0.2669189944863319,3,1.501221808604896,9,18,3,0,D M S,Torino,0,0.2669189944863319,5.784149983897805,5.116446918807924,Serie A,2023-2024
8829,Nicolò Casale,20,1559,0,0.9763956321403384,0,0.0758862327784299,7,2,5,0,D S,Lazio,0,0.9763956321403384,4.498380331322551,4.311005115509033,Serie A,2023-2024
8856,Razvan Marin,30,1815,0,1.0083023044280708,3,3.3114207424223423,35,33,3,0,M S,Empoli,0,1.0083023044280708,5.588325290009379,4.377111053094268,Serie A,2023-2024
8871,Marco Carnesecchi,27,2427,0,0.0,0,0.0,0,0,0,0,GK,Atalanta,0,0.0,2.1709901951253414,2.1709901951253414,Serie A,2023-2024
8872,Matteo Ruggeri,34,2489,0,0.6316420622169971,4,2.544009182602167,12,24,3,0,D M S,Atalanta,0,0.6316420622169971,10.970818209461868,9.308693802915514,Serie A,2023-2024
8881,Lorenzo Montipò,37,3330,0,0.0,1,0.0145514784380793,0,1,0,0,GK,Verona,0,0.0,2.229683101177216,2.2151316218078136,Serie A,2023-2024
8912,Tommaso Pobega,11,298,0,0.3183460757136345,0,0.2567567229270935,5,1,0,0,D M S,AC Milan,0,0.3183460757136345,2.486055664718151,2.0224963948130608,Serie A,2023-2024
9036,Nicola Zalewski,22,976,0,1.1059876764193175,1,1.9128439761698248,16,17,1,1,D F S,Roma,0,1.1059876764193175,5.136600196361542,3.116694536060095,Serie A,2023-2024
9041,Bruno Amione,10,587,0,0.163093265146017,0,0.0131578342989087,5,1,2,0,D S,Verona,0,0.163093265146017,0.4932041214779019,0.4932041214779019,Serie A,2023-2024
9046,Giuseppe Caso,14,381,0,0.33439452201128,0,0.1467023659497499,7,3,2,0,F S,Frosinone,0,0.33439452201128,0.6358818951994181,0.1547850109636783,Serie A,2023-2024
9052,Josep Martínez,36,3240,0,0.0,0,0.0194406956434249,0,1,2,1,GK,Genoa,0,0.0,2.737232381477952,2.717791685834527,Serie A,2023-2024
9090,Ardian Ismajli,26,2037,0,0.2571477051824331,0,0.0920417718589305,5,4,2,0,D S,Empoli,0,0.2571477051824331,4.935336872935295,4.919616490602493,Serie A,2023-2024
9134,Alessandro Di Pardo,15,318,0,0.1110992114990949,0,0.1954643037170171,3,5,0,0,D S,Cagliari,0,0.1110992114990949,0.652215588837862,0.520976459607482,Serie A,2023-2024
9263,Filippo Ranocchia,9,474,0,0.2098854109644889,0,0.9020096212625504,6,4,3,0,M S,Empoli,0,0.2098854109644889,1.0342459380626678,0.2303450182080268,Serie A,2023-2024
9381,Saba Sazonov,12,340,0,0.3835054039955139,0,0.0382866822183132,1,1,2,0,D S,Torino,0,0.3835054039955139,0.3872452601790428,0.3489585816860199,Serie A,2023-2024
9425,Emil Bohinen,17,580,0,0.0769432056695222,0,0.4058457557111978,4,7,1,0,M S,"Genoa,Salernitana",0,0.0769432056695222,2.0653364174067974,1.7213346157222986,Serie A,2023-2024
9503,Kacper Urbanski,22,911,0,1.4756384547799826,1,0.9181818217039108,17,16,3,0,F M S,Bologna,0,1.4756384547799826,5.409994894638658,3.953838130459189,Serie A,2023-2024
9518,Edoardo Bove,31,1766,0,1.5188872143626213,2,0.919532866217196,19,16,2,0,M S,Roma,0,1.5188872143626213,8.768603987060487,6.591720283031464,Serie A,2023-2024
9550,Yayah Kallon,1,2,0,0.0,0,0.0,0,0,0,0,S,Verona,0,0.0,0.0,0.0,Serie A,2023-2024
9752,Jesper Lindstrom,22,389,0,0.5909223323687911,1,1.413169089704752,14,13,2,0,F S,Napoli,0,0.5909223323687911,3.0457052029669285,1.7466773092746737,Serie A,2023-2024
9856,Emmanuel Ekong,1,1,0,0.0,0,0.0167833287268877,0,1,0,0,S,Empoli,0,0.0,0.0167833287268877,0.0,Serie A,2023-2024
9862,Sydney van Hooijdonk,9,190,0,0.7327332533895969,0,0.1074938923120498,5,2,0,0,F S,Bologna,0,0.7327332533895969,1.261018741875887,0.4720808565616607,Serie A,2023-2024
9876,Alessandro Zanoli,21,963,0,0.2112956754863262,2,1.4767101276665926,3,12,4,0,D S,"Napoli,Salernitana",0,0.2112956754863262,3.1347189471125603,1.9625904392451048,Serie A,2023-2024
9877,Tyronne Ebuehi,15,1093,0,0.2627561595290899,1,0.5964694246649742,5,11,0,0,D S,Empoli,0,0.2627561595290899,2.2221295442432165,1.6675625070929527,Serie A,2023-2024
9892,Matias Viña,15,1047,0,0.3592149438336491,3,1.3409467078745363,8,16,1,0,D S,Sassuolo,0,0.3592149438336491,3.481733580119908,2.482716388069093,Serie A,2023-2024
9893,Youssef Maleh,34,2639,0,0.9273026809096336,1,2.1609607758000493,18,34,11,0,M S,Empoli,0,0.9273026809096336,6.281802204437554,3.827223476953805,Serie A,2023-2024
9902,Pasquale Mazzocchi,28,1730,0,0.3391728680580854,2,1.4282731506973505,13,17,4,1,D S,"Napoli,Salernitana",0,0.3391728680580854,3.6569135459139934,2.875270064920187,Serie A,2023-2024
9905,David Okereke,9,238,0,0.3632239531725645,0,0.1005034651607275,8,2,0,0,F M S,Torino,0,0.3632239531725645,1.143243219703436,0.7818590216338634,Serie A,2023-2024
9924,Fabiano Parisi,21,1451,0,1.1005738358944654,1,2.193103577941656,12,16,4,0,D S,Fiorentina,0,1.1005738358944654,9.431910619139671,7.188881734386087,Serie A,2023-2024
9952,Ridgeciano Haps,16,767,0,0.0961966207250952,1,0.8937602415680885,4,3,0,0,D M S,Genoa,0,0.0961966207250952,1.0056717228144407,0.637868101708591,Serie A,2023-2024
9964,Koni de Winter,29,2383,0,0.5454128971323371,1,0.903245024383068,11,5,6,1,D S,Genoa,0,0.5454128971323371,3.991287388838828,3.682261490263045,Serie A,2023-2024
9982,David Zima,5,81,0,0.0,0,0.0,0,0,0,0,S,Torino,0,0.0,0.335852712392807,0.335852712392807,Serie A,2023-2024
9983,Beto,1,81,0,0.0,0,0.1780328601598739,0,6,0,0,F,Udinese,0,0.0,0.1780328601598739,0.033035073429346,Serie A,2023-2024
9992,Oliver Christensen,4,360,0,0.0,0,0.0,0,0,0,0,GK,Fiorentina,0,0.0,1.4052646309137344,1.4052646309137344,Serie A,2023-2024
10034,Pablo Galdames,2,8,0,0.0257878247648477,0,0.0,1,0,0,0,S,Genoa,0,0.0257878247648477,0.4947963897138834,0.4690085649490356,Serie A,2023-2024
10039,Nicola Bagnolini,1,2,0,0.0,0,0.0,0,0,0,0,S,Bologna,0,0.0,0.0,0.0,Serie A,2023-2024
10073,Adam Obert,17,929,0,0.125678377225995,0,0.8502773195505142,3,6,1,0,D S,Cagliari,0,0.125678377225995,3.2031116038560867,2.463052250444889,Serie A,2023-2024
10076,Filippo Missori,8,254,0,0.2369240745902061,0,0.0446176175028085,4,2,0,0,D S,Sassuolo,0,0.2369240745902061,0.5472197216004133,0.2991007026284933,Serie A,2023-2024
10232,Ruan,26,1513,0,0.5574674028903246,0,0.6519884169101715,7,4,5,1,D S,Sassuolo,0,0.5574674028903246,2.383122514002025,2.1343659041449428,Serie A,2023-2024
10233,Justin Kumi,1,1,0,0.0,0,0.0,0,0,0,0,S,Sassuolo,0,0.0,0.0,0.0,Serie A,2023-2024
10236,Silvan Hefti,6,104,0,0.0,0,0.0,0,0,0,0,D S,Genoa,0,0.0,0.0,0.0,Serie A,2023-2024
10238,Lapo Francesco Maria Nava,1,1,0,0.0,0,0.0,0,0,0,0,S,AC Milan,0,0.0,0.0,0.0,Serie A,2023-2024
10268,Giorgio Cittadini,6,117,0,0.0,0,0.0,0,0,1,0,D S,"Genoa,Monza",0,0.0,0.0826758220791816,0.0826758220791816,Serie A,2023-2024
10301,Jens Cajuste,26,986,0,1.4428469873964789,2,1.3371006846427915,16,15,7,0,M S,Napoli,0,1.4428469873964789,6.839327538385987,4.322914877906442,Serie A,2023-2024
10383,Michel Aebischer,36,2232,0,0.9749945206567644,1,1.5278925970196724,17,17,8,0,M S,Bologna,0,0.9749945206567644,7.66948364302516,6.0087677873671055,Serie A,2023-2024
10385,Liberato Cacace,31,1914,0,0.4602995403110981,1,1.8651858707889917,13,21,6,0,D S,Empoli,0,0.4602995403110981,5.031446887180209,4.169410252943635,Serie A,2023-2024
10393,Emil Ceïde,11,141,0,0.1400832580402493,0,0.2053149845451116,2,4,0,0,S,Sassuolo,0,0.1400832580402493,0.407642682082951,0.1018226519227027,Serie A,2023-2024
10396,Demba Seck,20,716,0,1.4840920213609934,0,0.7436612918972969,16,5,1,0,F M S,"Frosinone,Torino",0,1.4840920213609934,2.7555592600256205,0.7159791886806488,Serie A,2023-2024
10413,Giovanni Bonfanti,2,86,0,0.0503539741039276,0,0.0,1,0,0,0,D S,Atalanta,0,0.0503539741039276,0.6180681586265564,0.6180681586265564,Serie A,2023-2024
10577,Mario Gila,21,1822,0,0.4283573627471924,0,0.6459688115864992,8,7,2,1,D,Lazio,0,0.4283573627471924,6.568248246796429,6.382926278747618,Serie A,2023-2024
10596,Simone Pafundi,1,3,0,0.0,0,0.0,0,0,0,0,S,Udinese,0,0.0,0.0,0.0,Serie A,2023-2024
10764,Djed Spence,16,836,0,0.0894954688847065,0,0.2373986169695854,2,6,1,0,D M S,Genoa,0,0.0894954688847065,0.6684167422354221,0.4553005844354629,Serie A,2023-2024
10781,Mateusz Wieteska,19,954,0,0.2734787259250879,1,0.5759464874863625,4,4,3,1,D S,Cagliari,0,0.2734787259250879,1.5842874646186829,1.2992527848109603,Serie A,2023-2024
10879,Festy Ebosele,31,1732,0,0.8112895488739014,0,1.5617681546136737,16,16,4,1,D S,Udinese,0,0.8112895488739014,4.618826879188418,2.364440810866654,Serie A,2023-2024
10880,Axel Guessand,1,38,0,0.01167693734169,0,0.0,1,0,0,0,S,Udinese,0,0.01167693734169,0.3780693411827087,0.3780693411827087,Serie A,2023-2024
10890,Michele Di Gregorio,33,2872,0,0.0,0,0.0,0,0,0,0,GK,Monza,0,0.0,5.725842714309692,5.725842714309692,Serie A,2023-2024
10891,Carlos Augusto,37,1659,0,1.1027822345495224,3,3.164252106100321,22,19,1,0,D S,Inter,0,1.1027822345495224,12.28015723824501,9.812551019713284,Serie A,2023-2024
10892,Samuele Birindelli,35,2006,0,1.2049254719167948,2,2.6630832497030497,25,23,7,0,D S,Monza,0,1.2049254719167948,9.27482590917498,6.304812270216644,Serie A,2023-2024
10894,Patrick Ciurria,22,1606,0,1.475392802618444,1,3.146348964422941,28,31,2,0,D F M S,Monza,0,1.475392802618444,7.059582455083728,3.7341069895774126,Serie A,2023-2024
10896,Alessandro Sorrentino,7,548,0,0.0,0,0.0,0,0,0,0,GK S,Monza,0,0.0,0.5653340164572,0.5653340164572,Serie A,2023-2024
10902,Federico Baschirotto,37,3298,0,2.30855421256274,1,0.5566259026527405,18,2,3,1,D,Lecce,0,2.30855421256274,5.680645692162216,5.650157491676509,Serie A,2023-2024
10907,Marcin Listkowski,1,7,0,0.0119695411995053,0,0.0,1,0,0,0,S,Lecce,0,0.0119695411995053,0.0,0.0,Serie A,2023-2024
10908,Medon Berisha,6,196,0,0.12602299451828,0,0.324688721448183,2,5,0,0,M S,Lecce,0,0.12602299451828,0.706414595246315,0.4350805208086967,Serie A,2023-2024
10935,Dodô,9,522,0,0.0842589307576417,0,0.7045378591865301,2,10,0,0,D S,Fiorentina,0,0.0842589307576417,1.838272713124752,1.2678810395300388,Serie A,2023-2024
10963,Erik Botheim,7,317,0,0.0329855121672153,0,0.0,1,0,1,0,F M S,Salernitana,0,0.0329855121672153,0.1875474713742733,0.1545619554817676,Serie A,2023-2024
10967,Mile Svilar,15,1350,0,0.0,0,0.0395816192030906,0,1,1,0,GK,Roma,0,0.0,1.6329222209751606,1.6329222209751606,Serie A,2023-2024
11022,Simone Perilli,1,90,0,0.0,0,0.0,0,0,0,0,GK,Verona,0,0.0,0.0164207555353641,0.0164207555353641,Serie A,2023-2024
11023,Josh Doig,28,2205,0,0.5908603323623538,2,1.293358794413507,13,19,7,0,D M S,"Sassuolo,Verona",0,0.5908603323623538,4.780129810795188,3.459060024470091,Serie A,2023-2024
11027,Emanuele Valeri,16,1173,0,1.366531042382121,1,2.413590338081121,20,24,3,0,D M S,Frosinone,0,1.366531042382121,5.232246050611138,2.041946468874812,Serie A,2023-2024
11038,Jhon Lucumí,29,2201,0,0.7497506756335497,0,0.4332375451922416,11,4,1,0,D S,Bologna,0,0.7497506756335497,8.966233726590872,8.594582717865705,Serie A,2023-2024
11049,Reda Belahyane,2,88,0,0.0283172782510519,0,0.0,1,0,0,0,M S,Verona,0,0.0283172782510519,0.864464646205306,0.8361473679542542,Serie A,2023-2024
11053,Isak Hien,26,1783,0,0.3597128503024578,1,0.0426307842135429,8,1,4,1,D S,"Atalanta,Verona",0,0.3597128503024578,5.4989280588924885,5.456297270953655,Serie A,2023-2024
11054,Juan Cabal,22,1498,0,0.4380451953038573,0,0.444687420502305,12,12,6,0,D S,Verona,0,0.4380451953038573,4.162682744674385,3.879935966804624,Serie A,2023-2024
11096,Vivaldo Semedo,1,9,0,0.0,0,0.0,0,0,0,0,S,Udinese,0,0.0,0.0,0.0,Serie A,2023-2024
11140,Enzo Barrenechea,36,2836,0,0.504088924266398,1,1.4889122173190117,20,25,10,0,M S,Frosinone,0,0.504088924266398,10.443923195824029,9.522312646731734,Serie A,2023-2024
11278,Gvidas Gineitis,14,522,0,0.6061288490891457,0,0.4122712407261133,9,8,2,0,M S,Torino,0,0.6061288490891457,2.425183964893222,2.0006659291684628,Serie A,2023-2024
11282,Lorenzo Amatucci,2,14,0,0.0170058459043502,0,0.0,1,0,0,0,S,Fiorentina,0,0.0170058459043502,0.1603089272975921,0.1603089272975921,Serie A,2023-2024
11289,Ola Solbakken,1,16,0,0.0,0,0.0,0,0,0,0,S,Roma,0,0.0,0.0,0.0,Serie A,2023-2024
11297,Carlos Alcaraz,10,378,0,0.3986751958727836,1,0.2984562255442142,11,2,0,0,M S,Juventus,0,0.3986751958727836,1.172136716544628,0.8768043182790279,Serie A,2023-2024
11367,Victor Kristiansen,32,2323,0,0.2558430545032024,3,2.372798257507384,6,23,5,0,D S,Bologna,0,0.2558430545032024,7.188016228377819,5.70120033621788,Serie A,2023-2024
11413,Andrea Ferraris,1,8,0,0.0,0,0.0,0,0,0,0,S,Monza,0,0.0,0.0,0.0,Serie A,2023-2024
11418,Alphadjo Cissè,1,6,0,0.0,0,0.0,0,0,0,0,S,Verona,0,0.0,0.0,0.0,Serie A,2023-2024
11470,Niccolò Pisilli,1,8,0,0.0,0,0.0,0,0,0,0,S,Roma,0,0.0,0.0,0.0,Serie A,2023-2024
11478,Nikola Sekulov,1,10,0,0.0,0,0.0,0,0,0,0,S,Juventus,0,0.0,0.0,0.0,Serie A,2023-2024
11529,Leonardo Mendicino,1,1,0,0.0,0,0.0,0,0,0,0,S,Atalanta,0,0.0,0.0,0.0,Serie A,2023-2024
11554,Andres Sfait,2,17,0,0.0,0,0.0659932419657707,0,1,0,0,S,Salernitana,0,0.0,0.0659932419657707,0.0659932419657707,Serie A,2023-2024
11586,Ebenezer Akinsanmiro,1,12,0,0.0,0,0.0874421745538711,0,1,0,0,S,Inter,0,0.0,0.0874421745538711,0.0874421745538711,Serie A,2023-2024
11610,Riccardo Pagano,4,39,0,0.0586816407740116,0,0.0571372620761394,1,1,0,0,S,Roma,0,0.0586816407740116,0.1141801942139864,0.0554985534399747,Serie A,2023-2024
11875,Steven Shpendi,12,401,0,0.4600376039743423,1,0.7257909066975117,7,5,0,0,F S,Empoli,0,0.4600376039743423,1.7624393850564957,0.6312420908361673,Serie A,2023-2024
11879,Anthony Oyono,16,1193,0,0.2424544477835297,1,1.1169285383075476,4,10,4,0,D S,Frosinone,0,0.2424544477835297,3.0323795918375254,2.335448293015361,Serie A,2023-2024
11880,Francesco Gelli,27,1562,0,0.7696660403162241,0,3.516356298699975,10,25,3,0,D F M S,Frosinone,0,0.7696660403162241,4.08471822924912,2.201621536165476,Serie A,2023-2024
11882,Giorgi Kvernadze,5,45,0,0.0,0,0.0,0,0,0,0,S,Frosinone,0,0.0,0.0,0.0,Serie A,2023-2024
11883,Gennaro Borrelli,1,19,0,0.0,0,0.0,0,0,0,0,S,Frosinone,0,0.0,0.0,0.0,Serie A,2023-2024
11884,Luigi Canotto,1,11,0,0.0,0,0.0,0,0,0,0,S,Frosinone,0,0.0,0.0,0.0,Serie A,2023-2024
11887,Przemyslaw Szyminski,1,2,0,0.0,0,0.0,0,0,0,0,S,Frosinone,0,0.0,0.0,0.0,Serie A,2023-2024
11890,Natan,14,963,0,0.2553371554240584,0,0.1369430627673864,6,4,1,1,D S,Napoli,0,0.2553371554240584,4.064338330179453,3.9365375228226185,Serie A,2023-2024
11897,Raffaele Di Gennaro,1,21,0,0.0,0,0.0,0,0,0,0,S,Inter,0,0.0,0.0,0.0,Serie A,2023-2024
11899,Gino Infantino,6,68,0,0.0149718821048736,0,0.0817903876304626,1,1,1,0,S,Fiorentina,0,0.0149718821048736,0.7795332074165344,0.6827709376811981,Serie A,2023-2024
11901,Tomasso Martinelli,1,90,0,0.0,0,0.0,0,0,0,0,GK,Fiorentina,0,0.0,0.0,0.0,Serie A,2023-2024
11902,Pietro Comuzzo,4,37,0,0.0,0,0.0,0,0,1,0,S,Fiorentina,0,0.0,0.4442299492657184,0.4442299492657184,Serie A,2023-2024
11927,Samuele Mulattieri,27,388,0,1.2952582612633703,0,0.6014150744304061,13,7,1,0,F S,Sassuolo,0,1.2952582612633703,2.41062904894352,0.6421138299629092,Serie A,2023-2024
11928,Kevin Miranda,1,10,0,0.0,0,0.0,0,0,0,0,S,Sassuolo,0,0.0,0.0196192078292369,0.0196192078292369,Serie A,2023-2024
11929,Luca Lipani,8,392,0,0.1795076578855514,0,0.2084036134183406,3,3,0,0,M S,Sassuolo,0,0.1795076578855514,0.447154302150011,0.2594301365315914,Serie A,2023-2024
11932,Mateusz Legowski,29,1099,0,0.3032666565850377,0,0.2647525919601321,7,7,3,0,M S,Salernitana,0,0.3032666565850377,1.6934871384873986,1.3353054719045758,Serie A,2023-2024
11937,João Ferreira,35,1788,0,0.1530463099479675,1,1.0152465980499985,3,13,10,0,D S,Udinese,0,0.1530463099479675,4.543129182420671,4.267973645590246,Serie A,2023-2024
11946,Mohamed Kaba,23,1375,0,1.486546249128878,0,0.8267533173784614,14,13,2,1,M S,Lecce,0,1.486546249128878,5.888079074211419,3.674834813922644,Serie A,2023-2024
11947,Rares Burnete,1,6,0,0.0,1,0.0976818576455116,0,1,0,0,S,Lecce,0,0.0,0.0976818576455116,0.0976818576455116,Serie A,2023-2024
11948,Jeppe Corfitzen,1,7,0,0.0,0,0.0,0,0,0,0,S,Lecce,0,0.0,0.0,0.0,Serie A,2023-2024
11956,Paulo Azzi,25,923,0,0.9374023210257292,0,0.5329193426296115,22,9,1,0,D M S,Cagliari,0,0.9374023210257292,2.5265165716409683,1.6429027747362852,Serie A,2023-2024
11963,Tommaso Corazza,9,178,0,0.0994131490588188,0,0.0552694536745548,1,1,1,0,D S,Bologna,0,0.0994131490588188,0.7312995651736856,0.576616988517344,Serie A,2023-2024
11967,Davide Bartesaghi,6,61,0,0.0,0,0.0,0,0,0,0,S,AC Milan,0,0.0,0.1568979918956756,0.1568979918956756,Serie A,2023-2024
11968,Kevin Zeroli,3,22,0,0.0,0,0.0,0,0,0,0,S,AC Milan,0,0.0,0.0,0.0,Serie A,2023-2024
11990,Mateus Lusuardi,4,230,0,0.0472821108996868,0,0.0,1,0,1,0,D S,Frosinone,0,0.0472821108996868,0.2722821794450283,0.2722821794450283,Serie A,2023-2024
11994,Marco Pellegrino,11,609,0,0.1128894239664077,0,0.083368957042694,3,1,1,0,D S,"AC Milan,Salernitana",0,0.1128894239664077,1.7492418959736824,1.7492418959736824,Serie A,2023-2024
12006,Jesper Karlsson,7,344,0,0.4770841570571065,0,0.1498148646205663,6,5,0,0,M S,Bologna,0,0.4770841570571065,0.6357683734968305,0.1441399790346622,Serie A,2023-2024
12011,Seydou Fini,3,31,0,0.1391888707876205,0,0.0,2,0,0,0,S,Genoa,0,0.1391888707876205,0.5611952394247055,0.443789541721344,Serie A,2023-2024
12012,Marcus Pedersen,28,1580,0,0.1500912057235837,2,1.4423717940226195,3,10,4,0,D S,Sassuolo,0,0.1500912057235837,3.235796181485057,2.2974980007857084,Serie A,2023-2024
12040,Thomas Thiesson Kristensen,26,2100,0,1.3205620916560292,1,0.3004907891154289,10,4,2,1,D S,Udinese,0,1.3205620916560292,3.720601694658399,3.5097201969474554,Serie A,2023-2024
12043,Christos Mandas,9,721,0,0.0,0,0.0,0,0,0,0,GK S,Lazio,0,0.0,0.5141101107001305,0.5141101107001305,Serie A,2023-2024
12055,Berkan Kutlu,6,182,0,0.2186781093478202,0,0.2188671566545963,4,5,0,0,S,Genoa,0,0.2186781093478202,0.4601022694259882,0.0957148354500532,Serie A,2023-2024
12061,Ahmed Touba,6,272,0,0.0409594699740409,0,0.0,1,0,1,0,D S,Lecce,0,0.0409594699740409,0.5359840150922537,0.5359840150922537,Serie A,2023-2024
12078,Alan Matturro,6,101,0,0.048380397260189,0,0.0,1,0,0,0,D S,Genoa,0,0.048380397260189,0.2911143600940704,0.2911143600940704,Serie A,2023-2024
12083,Pantelis Hatzidiakos,13,890,0,0.2641571993008256,0,0.0194045137614011,4,1,1,0,D,Cagliari,0,0.2641571993008256,1.2750499630346894,1.2441863417625427,Serie A,2023-2024
12096,Juan Manuel Cruz,4,100,0,0.0239829756319522,0,0.2399708777666092,1,1,0,0,F S,Verona,0,0.0239829756319522,0.2639538533985615,0.0,Serie A,2023-2024
12097,Charlys,2,23,0,0.0,0,0.0379080548882484,0,2,0,0,S,Verona,0,0.0,0.1069667562842369,0.0904731526970863,Serie A,2023-2024
12106,Antonio Tikvic,1,1,0,0.0,0,0.0,0,0,0,0,S,Udinese,0,0.0,0.0,0.0,Serie A,2023-2024
12112,Trivante Stewart,4,93,0,0.0706339515745639,0,0.0279136542230844,2,1,0,0,S,Salernitana,0,0.0706339515745639,0.2015164829790592,0.1029688715934753,Serie A,2023-2024
12113,Jackson Tchatchoua,26,1713,0,0.0,2,1.4765660241246223,0,15,2,0,D S,Verona,0,0.0,4.330691508948803,3.0953275114297867,Serie A,2023-2024
12124,Alessandro Vogliacco,20,1183,0,0.2210755627602338,1,0.476941904053092,5,13,4,0,D S,Genoa,0,0.2210755627602338,2.252034517005086,1.7882756013423204,Serie A,2023-2024
12129,João Costa,3,6,0,0.0,0,0.0167320426553487,0,1,1,0,S,Roma,0,0.0,0.1070027630776166,0.0902707204222679,Serie A,2023-2024
12168,Alejandro Jiménez,3,64,0,0.0,0,0.0968091785907745,0,1,1,0,S,AC Milan,0,0.0,0.1774033904075622,0.1774033904075622,Serie A,2023-2024
12170,Joseph Nonge,2,22,0,0.0,0,0.0,0,0,1,0,S,Juventus,0,0.0,0.0581958834081888,0.0581958834081888,Serie A,2023-2024
12218,Francesco Camarda,2,8,0,0.0,0,0.0,0,0,0,0,S,AC Milan,0,0.0,0.0,0.0,Serie A,2023-2024
12221,Christos Papadopoulos,1,2,0,0.0,0,0.0,0,0,0,0,S,Genoa,0,0.0,0.0,0.0,Serie A,2023-2024
12303,Farès Ghedjemis,6,159,0,0.2441481687128543,0,0.1187944477424025,3,2,1,0,F S,Frosinone,0,0.2441481687128543,2.241150489076972,1.878207853063941,Serie A,2023-2024
12319,Andrea Sodero,1,2,0,0.0,0,0.0,0,0,0,0,S,Empoli,0,0.0,0.0,0.0,Serie A,2023-2024
12320,Giacomo Corona,1,2,0,0.0,0,0.0,0,0,0,0,S,Empoli,0,0.0,0.0118741057813167,0.0118741057813167,Serie A,2023-2024
12342,Brenner,8,190,0,0.5442621372640133,0,0.030571348965168,4,2,0,0,F M S,Udinese,0,0.5442621372640133,0.5279277171939611,0.0761274024844169,Serie A,2023-2024
12362,Santiago Pierotti,11,175,0,0.3271357007324695,2,0.884659118950367,7,2,0,0,S,Lecce,0,0.3271357007324695,1.4067715667188168,0.2904151491820812,Serie A,2023-2024
12379,Elayis Tavsan,3,39,0,0.1019730642437934,0,0.0,3,0,0,0,S,Verona,0,0.1019730642437934,0.1019730642437934,0.0,Serie A,2023-2024
12380,Dani Silva,14,415,0,0.0605682944878935,0,0.3046790715306997,3,3,2,0,M S,Verona,0,0.0605682944878935,1.509407116100192,1.4246073625981808,Serie A,2023-2024
12415,Triantafyllos Pasalidis,8,453,0,0.0,0,0.0316847469657659,0,2,3,0,D S,Salernitana,0,0.0,0.3679116126149893,0.3679116126149893,Serie A,2023-2024
12439,Stefan Mitrovic,10,377,0,0.4080480439588427,0,0.066924987360835,7,3,0,0,M S,Verona,0,0.4080480439588427,0.5978282410651445,0.2118185115978121,Serie A,2023-2024
12440,David Ankeye,6,48,0,0.0,0,0.0,0,0,0,0,S,Genoa,0,0.0,0.0286079458892345,0.0286079458892345,Serie A,2023-2024
12443,Leonardo Cerri,1,4,0,0.0,0,0.0,0,0,0,0,S,Juventus,0,0.0,0.0,0.0,Serie A,2023-2024
12597,Alessandro Dellavalle,1,13,0,0.0,0,0.0,0,0,0,0,S,Torino,0,0.0,0.0553994327783584,0.0553994327783584,Serie A,2023-2024
12617,Gerardo Fusco,1,10,0,0.0,0,0.0299088601022958,0,1,0,0,S,Salernitana,0,0.0,0.0,0.0,Serie A,2023-2024
647,Harry Kane,32,2854,36,33.116344682872295,8,6.784328814595938,146,31,2,0,F,Bayern Munich,31,29.327461294829845,38.139976032078266,8.29485059529543,Bundesliga,2023-2024
3738,Serhou Guirassy,28,2228,28,23.512099631130692,3,7.668689090758562,91,53,0,0,F S,VfB Stuttgart,24,20.48099290579557,32.28878764808178,7.664522420614958,Bundesliga,2023-2024
10832,Loïs Openda,34,2772,24,24.74329467304051,7,6.524221880361438,120,36,4,0,F S,RasenBallsport Leipzig,22,22.469964699819684,29.7026682253927,4.370127652771771,Bundesliga,2023-2024
10804,Deniz Undav,30,2135,18,17.09328974597156,10,7.17163859680295,107,39,5,0,F M S,VfB Stuttgart,18,16.335513127967715,26.269780419766903,6.985997205600143,Bundesliga,2023-2024
8137,Maximilian Beier,33,2477,16,12.45765060186386,1,2.661381559446454,82,24,1,0,F M S,Hoffenheim,16,12.45765060186386,15.76284497603774,2.5732957124710083,Bundesliga,2023-2024
956,Andrej Kramaric,30,2231,15,12.076880916953089,6,9.023594247177243,69,77,4,0,F M S,Hoffenheim,10,8.287997469305992,18.804145156405863,8.480153063312173,Bundesliga,2023-2024
6496,Ermedin Demirovic,33,2911,15,14.406423318199812,9,4.684111354872584,83,33,7,0,F M,Augsburg,12,11.37531662452966,17.19372038450092,4.087510204873979,Bundesliga,2023-2024
11867,Victor Boniface,23,1565,14,16.99027242511511,8,4.492216352373362,80,22,2,0,F M S,Bayer Leverkusen,10,13.959327064454556,21.300463762134317,4.196672234684229,Bundesliga,2023-2024
11974,Benjamin Sesko,31,1523,14,8.596239453181624,2,0.9170200936496258,47,12,0,0,F S,RasenBallsport Leipzig,14,8.596239453181624,11.759752489626408,4.802732428535819,Bundesliga,2023-2024
9749,Donyell Malen,27,1797,13,9.379874732345344,1,3.628069125115872,72,22,5,0,F M S,Borussia Dortmund,13,9.379874732345344,15.993896249681711,6.437888169661164,Bundesliga,2023-2024
4329,Marvin Ducksch,33,2734,12,12.536896999925377,9,8.121447345241904,80,58,8,0,F M S,Werder Bremen,7,7.9902367405593395,17.139057140797377,7.284846526570618,Bundesliga,2023-2024
6098,Niclas Füllkrug,31,2453,12,14.847305115312338,8,4.508429236710072,58,36,1,0,F S,"Borussia Dortmund,Werder Bremen",9,12.574136432260277,15.35699363052845,3.505920523777604,Bundesliga,2023-2024
6142,Tim Kleindienst,33,2892,12,16.78191621415317,3,2.5056460234336555,83,27,6,0,F M,FC Heidenheim,10,15.2663627397269,15.012215526308864,3.2841085717082024,Bundesliga,2023-2024
8393,Omar Marmoush,29,2343,12,11.406442493200302,6,4.691447583958507,78,41,7,0,F M S,Eintracht Frankfurt,10,9.890889197587969,15.56265939772129,2.8945334600284696,Bundesliga,2023-2024
8397,Florian Wirtz,32,2393,11,9.3572720233351,11,8.88662638887763,71,72,3,0,M S,Bayer Leverkusen,10,8.59949536062777,28.521583795547485,15.226114071905611,Bundesliga,2023-2024
10394,Jonas Wind,34,2689,11,11.242378208320588,7,4.637466970831156,73,37,3,0,F M S,Wolfsburg,11,10.484601590316744,17.152671616524458,5.674650900065899,Bundesliga,2023-2024
6351,Robin Hack,29,1357,10,4.567830590065569,2,2.017133677378297,43,23,2,0,F M S,Borussia M.Gladbach,10,4.567830590065569,7.399705816060305,1.6435965355485678,Bundesliga,2023-2024
8418,Jamal Musiala,24,1795,10,8.374677112326026,5,6.257946293801069,58,41,2,0,M S,Bayern Munich,10,8.374677112326026,24.165846794843677,11.269792128354313,Bundesliga,2023-2024
9201,Eren Sami Dinkci,33,2730,10,3.6833908520638943,4,4.120627013035119,49,35,8,0,M,FC Heidenheim,10,3.6833908520638943,10.54632380232215,4.091179316863418,Bundesliga,2023-2024
11866,Álex Grimaldo,33,2787,10,5.481053691357374,13,10.64055438619107,71,78,1,0,D M S,Bayer Leverkusen,10,5.481053691357374,22.194406371563677,13.785695523023604,Bundesliga,2023-2024
9328,Jeremie Frimpong,31,2296,9,10.86039075627923,7,6.639975064434111,56,45,6,0,D M S,Bayer Leverkusen,9,10.86039075627923,22.83795581012964,6.852963579818606,Bundesliga,2023-2024
337,Leroy Sané,27,2139,8,10.463140001520514,11,11.30691079236567,73,72,4,0,M S,Bayern Munich,8,10.463140001520514,29.35667160153389,12.488253947347404,Bundesliga,2023-2024
5266,Vincenzo Grifo,32,2416,8,7.684199303388596,8,8.20120744034648,49,56,3,0,M S,Freiburg,2,3.1375391986221075,12.51849060319364,5.632112881168723,Bundesliga,2023-2024
6449,Chris Führich,34,2709,8,7.510290591046214,7,8.933032155036926,54,52,2,0,D M S,VfB Stuttgart,8,6.752513853833079,24.860250413417816,13.97021697461605,Bundesliga,2023-2024
7108,Jonathan Burkardt,21,1554,8,6.991286312229931,2,2.5152483489364386,41,14,2,0,F M S,Mainz 05,7,6.233509694226086,10.67875086516142,3.765703327953816,Bundesliga,2023-2024
8700,Xavi Simons,32,2738,8,7.734520580619574,11,10.540094953030348,81,79,9,1,M,RasenBallsport Leipzig,7,6.218967225402594,23.96453043073416,12.515338407829404,Bundesliga,2023-2024
10926,Tim Skarke,30,2454,8,3.9389715548604727,0,2.044516548514366,69,30,7,0,D F M S,Darmstadt,8,3.9389715548604727,8.126491028815508,3.3146689906716347,Bundesliga,2023-2024
11845,Phillip Tietz,34,2470,8,9.15065080858767,4,2.794616512954235,52,29,1,0,F S,Augsburg,8,9.15065080858767,12.386572120711207,3.8898986922577024,Bundesliga,2023-2024
11982,Jan-Niklas Beste,31,2658,8,4.454712076112628,12,6.618623999878764,49,70,4,0,M,FC Heidenheim,8,3.696935391053557,6.628855990245938,2.2056391928344965,Bundesliga,2023-2024
171,Michael Gregoritsch,32,1681,7,11.299522154033184,4,1.2629597373306751,72,14,2,0,F M S,Freiburg,7,11.299522154033184,11.064708192832768,2.9364843908697367,Bundesliga,2023-2024
261,Julian Brandt,32,2251,7,4.833765083923936,11,10.61525715701282,33,80,2,0,F M S,Borussia Dortmund,7,4.833765083923936,15.423669405281544,7.738454823382199,Bundesliga,2023-2024
1236,Patrik Schick,20,1062,7,6.778491199016571,0,1.1231339424848557,40,8,1,0,F S,Bayer Leverkusen,6,6.020714581012726,9.454042546451092,3.1764470525085926,Bundesliga,2023-2024
3310,Alassane Pléa,27,1957,7,6.879629638977349,4,3.6423654896207154,58,36,1,0,F M S,Borussia M.Gladbach,6,6.12185297627002,13.662751639261842,5.829366076737642,Bundesliga,2023-2024
6271,Ihlas Bebou,32,1615,7,5.354578691534698,5,2.886668909341097,38,15,3,0,D F M S,Hoffenheim,7,5.354578691534698,12.528125173412263,4.379570780321956,Bundesliga,2023-2024
6475,Lucas Höler,33,2354,7,7.733447901904583,2,2.173959033563733,34,32,7,0,F M S,Freiburg,6,6.217894554138184,11.54770889878273,4.904460255987942,Bundesliga,2023-2024
7052,Wout Weghorst,28,2019,7,7.089848818257451,3,3.5110421497374773,39,34,4,0,F S,Hoffenheim,6,6.332072140648961,12.106838148087265,4.090849205851555,Bundesliga,2023-2024
7058,Kevin Stöger,32,2714,7,6.653226168826222,9,10.590811729431152,75,126,8,0,M,Bochum,3,3.62211948633194,13.064226008951664,7.3393242647871375,Bundesliga,2023-2024
8791,Ritsu Doan,30,2264,7,5.619689551182091,2,3.5378279890865088,37,31,2,0,D M S,Freiburg,7,5.619689551182091,10.873915130272508,3.092355154454708,Bundesliga,2023-2024
8989,Ansgar Knauff,31,2159,7,6.450881984084845,2,3.2767638489604,37,19,5,1,D F M S,Eintracht Frankfurt,7,6.450881984084845,11.87765314336866,3.446074989624321,Bundesliga,2023-2024
9780,Mathys Tel,30,965,7,4.882880583405495,5,2.5551925227046013,43,12,2,0,F M S,Bayern Munich,7,4.882880583405495,11.930157478898764,5.437594532966614,Bundesliga,2023-2024
319,Marco Reus,26,1625,6,7.890434369444847,6,6.095844455994666,42,36,2,0,M S,Borussia Dortmund,6,7.890434369444847,14.216983430087566,5.956105806864798,Bundesliga,2023-2024
335,Leon Goretzka,30,2253,6,4.689053881913424,7,5.581948401406407,56,32,3,0,M S,Bayern Munich,6,4.689053881913424,22.46926599740982,15.75047143921256,Bundesliga,2023-2024
4280,Davie Selke,19,1286,6,4.871595870703459,0,0.4104938842356205,33,12,3,0,F S,FC Cologne,6,4.871595870703459,4.404608283191919,0.958058787509799,Bundesliga,2023-2024
6087,Takuma Asano,29,2048,6,9.964158710092306,1,1.63044754229486,63,21,2,0,F M S,Bochum,6,9.964158710092306,9.919001955538988,2.151080192998052,Bundesliga,2023-2024
6155,Robin Gosens,30,2354,6,2.4756892109289765,3,3.411861822940409,32,34,7,1,D M S,Union Berlin,6,2.4756892109289765,7.790660656988621,4.173315906897187,Bundesliga,2023-2024
8826,Rocco Reitz,34,2150,6,3.82297052256763,3,2.18938222900033,34,20,2,0,M S,Borussia M.Gladbach,6,3.82297052256763,11.016384686343372,6.000934523530304,Bundesliga,2023-2024
9783,Jae-Sung Lee,29,2150,6,6.214204024523497,3,3.710132916457951,38,32,6,0,F M S,Mainz 05,6,6.214204024523497,12.726068703457711,4.897844089195132,Bundesliga,2023-2024
10585,Justin Njinmah,24,1011,6,4.3166096322238445,2,2.432547379285097,33,13,1,0,F M S,Werder Bremen,6,4.3166096322238445,8.9449203312397,2.3999127810820937,Bundesliga,2023-2024
224,Thomas Müller,31,1675,5,5.793734209612012,9,10.090841444209218,35,51,0,0,M S,Bayern Munich,5,5.793734209612012,23.43874228745699,10.763331964612007,Bundesliga,2023-2024
320,Jonas Hofmann,32,2243,5,6.534328494220972,7,9.633211698383093,60,79,3,0,F M S,Bayer Leverkusen,5,6.534328494220972,22.7306589782238,12.597811445593834,Bundesliga,2023-2024
3682,Jordan Siebatcheu,26,1475,5,6.951000560075045,3,3.4791886154562235,36,21,2,0,F S,"Borussia M.Gladbach,Union Berlin",5,6.951000560075045,10.483169293031096,2.0109332390129566,Bundesliga,2023-2024
5231,Florian Kainz,33,2269,5,4.688286791555584,4,4.0478279404342175,28,54,4,0,F M S,FC Cologne,0,0.8995648426935077,7.009228006005287,5.491398116573691,Bundesliga,2023-2024
5250,Yussuf Poulsen,28,1194,5,6.919978216290474,2,2.1836321242153645,28,13,0,0,F S,RasenBallsport Leipzig,5,6.919978216290474,10.635895442217588,2.9980139415711164,Bundesliga,2023-2024
7401,Keven Schlotterbeck,27,2184,5,2.6162528563290834,1,0.4888703497126698,25,10,9,0,D S,Bochum,5,2.6162528563290834,2.4119908325374126,1.543354818597436,Bundesliga,2023-2024
7422,Christoph Baumgartner,32,1114,5,4.064403414726257,1,1.4943338558077812,31,16,3,0,F M S,RasenBallsport Leipzig,5,4.064403414726257,9.496019845828414,5.529703238978982,Bundesliga,2023-2024
7562,Eric Junior Dina Ebimbe,31,1985,5,5.9633841793984175,3,3.138101674616337,52,20,5,0,D F M S,Eintracht Frankfurt,5,5.9633841793984175,9.779370825737717,3.5336184073239565,Bundesliga,2023-2024
7612,Nathan N&#039;Goumou Minpol,32,1356,5,4.342125268653035,2,2.298521106131375,30,17,1,0,F M S,Borussia M.Gladbach,5,4.342125268653035,9.86121209524572,4.398688684217632,Bundesliga,2023-2024
8456,Nathan Tella,24,805,5,3.71436058357358,2,3.482117654755712,21,14,2,0,D M S,Bayer Leverkusen,5,3.71436058357358,8.950528286397457,3.1216535922139883,Bundesliga,2023-2024
8645,Enzo Millot,31,2282,5,6.214938064105809,4,4.119167222641408,39,33,5,0,F M S,VfB Stuttgart,4,5.457161390222609,18.62775661237538,11.732027526944876,Bundesliga,2023-2024
8807,Silas Wamangituka,27,861,5,5.937350358814001,2,2.404309891164303,24,15,0,0,M S,VfB Stuttgart,5,5.17957366630435,10.5564406234771,4.659267008304596,Bundesliga,2023-2024
9133,Youssoufa Moukoko,20,566,5,3.791819430887699,0,0.4432037137448787,14,7,1,0,F S,Borussia Dortmund,5,3.791819430887699,4.089777605608106,0.5360254179686308,Bundesliga,2023-2024
9712,Kevin Behrens,31,1916,5,8.321831177920103,1,2.096348625607789,52,24,4,0,F S,"Union Berlin,Wolfsburg",5,8.321831177920103,11.046282581984997,3.755228543654084,Bundesliga,2023-2024
9931,Lovro Majer,32,2177,5,6.302813100628555,5,4.539229284971952,37,39,5,0,F M S,Wolfsburg,3,4.787259700708091,13.405724236741662,7.745161081664264,Bundesliga,2023-2024
11981,Benedict Hollerbach,28,1330,5,4.145312132313848,0,1.6249021347612145,34,14,2,0,F M S,Union Berlin,5,4.145312132313848,6.933790316805244,1.8773544393479824,Bundesliga,2023-2024
183,Jonathan Tah,31,2641,4,2.2892355620861053,1,0.5294756833463907,26,5,6,0,D S,Bayer Leverkusen,4,2.2892355620861053,14.599547434598207,14.493786741048098,Bundesliga,2023-2024
4340,Grischa Prömel,28,2176,4,3.0754783414304256,5,2.636586481705308,26,21,8,1,D M S,Hoffenheim,4,3.0754783414304256,12.81657399237156,7.653144761919975,Bundesliga,2023-2024
5113,Santos Borré,19,984,4,2.414145240560174,0,1.718951783142984,20,13,0,0,F S,Werder Bremen,4,2.414145240560174,5.100860384292901,1.5008409656584265,Bundesliga,2023-2024
5248,Marcel Sabitzer,25,1971,4,3.610703623853624,3,3.0982092767953877,47,22,3,1,M S,Borussia Dortmund,3,2.852926946245134,15.105567989870906,10.236786777153611,Bundesliga,2023-2024
7065,Florian Neuhaus,25,1253,4,5.168816182762384,2,2.201768177561462,38,19,4,0,M S,Borussia M.Gladbach,3,4.411039505153894,9.522696343250573,4.2675488060340285,Bundesliga,2023-2024
7109,Leandro Barreiro Martins,31,2600,4,5.028050007298589,1,1.380755132995546,38,20,8,0,M S,Mainz 05,4,5.028050007298589,10.784912591800094,5.83985104970634,Bundesliga,2023-2024
7376,Ozan Kabak,28,2325,4,2.5764861460775137,1,1.0609610378742218,18,8,9,1,D,Hoffenheim,4,2.5764861460775137,8.383561950176954,8.007528465241194,Bundesliga,2023-2024
7810,Ruben Vargas,31,2017,4,4.296662529930472,4,2.4807538092136383,49,28,3,0,D F M S,Augsburg,4,4.296662529930472,8.264652723446488,3.8526919959113,Bundesliga,2023-2024
7877,Robert Andrich,28,1664,4,2.207086061127484,2,1.7669888511300087,23,22,4,0,D M S,Bayer Leverkusen,4,2.207086061127484,11.024579983204603,9.481278274208307,Bundesliga,2023-2024
7997,Julian Ryerson,21,1794,4,2.067363006994128,1,3.672922600060701,18,14,3,0,D S,Borussia Dortmund,4,2.067363006994128,10.107329465448856,5.779333185404539,Bundesliga,2023-2024
8211,Amine Adli,23,882,4,3.675458775833249,6,2.6393760927021503,27,23,5,0,F M S,Bayer Leverkusen,4,3.675458775833249,8.638548348098993,3.9961099550127983,Bundesliga,2023-2024
8292,Dani Olmo,21,1487,4,3.7428875751793385,5,5.405302612110972,45,32,0,0,F M S,RasenBallsport Leipzig,4,3.7428875751793385,14.852808624505997,8.09803992509842,Bundesliga,2023-2024
8325,Exequiel Palacios,24,1858,4,3.4670117869973183,4,3.0578365633264184,21,26,6,0,M S,Bayer Leverkusen,2,1.951458401978016,17.10044719092548,13.883696779608728,Bundesliga,2023-2024
8853,Maxence Lacroix,28,2365,4,1.0067627653479576,1,0.6478007826954126,12,8,3,3,D S,Wolfsburg,4,1.0067627653479576,6.921689668670297,6.5668864864856005,Bundesliga,2023-2024
8995,Hugo Ekitike,14,710,4,3.668045934289694,2,1.8413986042141917,30,12,3,0,F S,Eintracht Frankfurt,4,3.668045934289694,4.456916220486164,0.8664532341063023,Bundesliga,2023-2024
9069,Romano Schmid,33,2638,4,5.486472093500197,6,6.0749450866132975,38,51,5,0,F M S,Werder Bremen,4,5.486472093500197,18.433228065259755,10.512278792448342,Bundesliga,2023-2024
9718,Jamie Leweling,34,1548,4,6.18448478449136,4,2.671717455610633,43,23,3,0,D F M S,VfB Stuttgart,4,6.18448478449136,12.17147049214691,4.742095705121756,Bundesliga,2023-2024
10695,Faride Alidou,26,1297,4,4.491334058344364,0,0.6120355743914843,33,14,4,0,F M S,FC Cologne,4,4.491334058344364,5.366597069427371,1.727730430662632,Bundesliga,2023-2024
10736,Philipp Hofmann,29,1573,4,5.456883036531508,2,2.556839730590582,39,19,1,0,F S,Bochum,4,5.456883036531508,7.839652965776622,1.9698244957253337,Bundesliga,2023-2024
11310,Brajan Gruda,28,1671,4,4.42372371070087,3,5.52777498960495,30,43,5,0,F M S,Mainz 05,4,4.42372371070087,15.224408596754074,6.060056267306209,Bundesliga,2023-2024
11846,Tomás Cvancara,21,869,4,6.688829250633717,1,1.123583059757948,36,7,4,0,F M S,Borussia M.Gladbach,3,5.173275910317898,6.333817396312952,0.9938469901680946,Bundesliga,2023-2024
11851,Václav Cerny,22,937,4,2.5093976221978664,0,0.9179883785545826,20,14,2,0,F M S,Wolfsburg,4,2.5093976221978664,6.919606121256948,4.175301656126976,Bundesliga,2023-2024
11918,Oscar Vilhelmsson,26,1356,4,3.6894681099802256,1,0.7908352115191519,28,10,2,0,F M S,Darmstadt,4,3.6894681099802256,4.700634269043803,0.7264855308458209,Bundesliga,2023-2024
9,Tobias Kempe,24,1352,3,3.4581127744168043,2,2.227647320367396,21,28,1,0,F M S,Darmstadt,0,1.1847827080637217,4.2387461783364415,2.438204400241375,Bundesliga,2023-2024
28,Mitchell Weiser,30,2649,3,3.825203446671367,7,5.451371055096388,44,37,5,0,D M,Werder Bremen,3,3.825203446671367,14.797331511974336,8.213747451081872,Bundesliga,2023-2024
74,Pavel Kaderábek,29,2439,3,2.4086271207779646,4,5.176608527079225,20,35,7,0,D M S,Hoffenheim,3,2.4086271207779646,11.63707581255585,6.728731320239604,Bundesliga,2023-2024
83,Kevin Volland,26,1394,3,5.798084431327879,4,2.58993039932102,36,20,1,2,F M S,Union Berlin,1,3.5247543090954423,6.6129677733406425,1.914235956966877,Bundesliga,2023-2024
204,Granit Xhaka,33,2842,3,1.4065664550289512,0,2.9251911845058203,45,41,5,0,M S,Bayer Leverkusen,3,1.4065664550289512,27.56088880449533,24.80232505127788,Bundesliga,2023-2024
226,Kingsley Coman,17,1156,3,3.008565280586481,3,3.586299749091268,34,29,1,0,M S,Bayern Munich,3,3.008565280586481,11.753271628171206,7.292826905846596,Bundesliga,2023-2024
294,Gian-Luca Waldschmidt,22,1162,3,3.1211734050884843,0,1.2530349101871252,43,16,0,0,F M S,FC Cologne,3,2.3633967274799943,5.107390804216266,2.1489174980670214,Bundesliga,2023-2024
373,Mats Hummels,25,1590,3,3.938827695325017,0,1.0778169613331556,16,9,4,1,D S,Borussia Dortmund,3,3.938827695325017,8.434880653396249,7.727431314066052,Bundesliga,2023-2024
422,Mario Götze,30,2079,3,2.785656651481986,2,3.756745349615812,13,35,3,1,F M S,Eintracht Frankfurt,3,2.785656651481986,12.171520452015102,7.01344698201865,Bundesliga,2023-2024
993,Serge Gnabry,10,431,3,3.3403557799756527,1,1.2970510721206665,17,9,0,0,M S,Bayern Munich,3,3.3403557799756527,4.916260749101639,1.6229082513600588,Bundesliga,2023-2024
1277,Roland Sallai,27,1875,3,7.083729654550552,1,4.516578245908022,56,30,6,0,D F M S,Freiburg,3,6.325953006744385,14.219031397253277,4.067937880754471,Bundesliga,2023-2024
3314,Franck Honorat,32,2405,3,1.738555376417935,9,11.50164495408535,28,88,1,0,D F M S,Borussia M.Gladbach,3,1.738555376417935,14.150986708700655,8.551571669057012,Bundesliga,2023-2024
3455,Raphael Guerreiro,20,1202,3,2.1515450924634933,0,2.056199060752988,18,23,2,0,D M S,Bayern Munich,3,2.1515450924634933,10.515572249889374,7.552321650087833,Bundesliga,2023-2024
7051,Gonçalo Paciência,19,621,3,3.6273227371275434,1,1.841426245868206,39,9,2,0,F S,Bochum,3,3.6273227371275434,4.653732987120748,0.6183570539578795,Bundesliga,2023-2024
7867,Robert Skov,25,1252,3,1.8686408773064611,4,1.725373494438827,32,23,2,0,D M S,Hoffenheim,3,1.8686408773064611,3.9314654357731342,1.8218494467437267,Bundesliga,2023-2024
8109,Niels Nkounkou,29,1275,3,1.1915052942931652,2,2.0994782745838165,23,15,3,1,D M S,Eintracht Frankfurt,3,1.1915052942931652,5.449065528810024,2.7327349856495857,Bundesliga,2023-2024
9227,Steffen Tigges,25,684,3,3.279848057776689,0,1.5322761107236147,22,10,0,0,F S,FC Cologne,3,3.279848057776689,4.251582372933626,0.5208778474479914,Bundesliga,2023-2024
9458,Josip Stanisic,20,1237,3,0.6973425764590502,1,1.4043006151914597,10,11,3,0,D S,Bayer Leverkusen,3,0.6973425764590502,10.42192229256034,9.140204049646854,Bundesliga,2023-2024
10395,Kevin Paredes,28,1432,3,4.302366063930094,0,1.2557124756276608,19,17,4,0,D F M S,Wolfsburg,3,4.302366063930094,10.85318410396576,5.547144521027803,Bundesliga,2023-2024
10721,Sepp van den Berg,33,2831,3,3.7091642525047055,0,0.5576253132894635,25,7,9,0,D S,Mainz 05,3,3.7091642525047055,6.752309799194336,6.562722461298108,Bundesliga,2023-2024
10727,Ko Itakura,20,1608,3,1.8548003062605856,0,0.1758543895557522,20,4,9,0,D M S,Borussia M.Gladbach,3,1.8548003062605856,4.3651446513831615,4.070858389139175,Bundesliga,2023-2024
10734,Jens Stage,30,2351,3,4.944427359849215,1,2.2542869094759226,40,26,5,1,M S,Werder Bremen,3,4.944427359849215,11.307002702727914,6.110577404499054,Bundesliga,2023-2024
10772,Karim Adeyemi,21,913,3,3.5241760229691863,1,1.785720892250538,23,8,4,1,F M S,Borussia Dortmund,3,3.5241760229691863,5.555004710331559,1.4766650684177876,Bundesliga,2023-2024
11323,Arne Engels,32,1386,3,1.3737167296931148,2,1.2870851336047051,20,19,1,1,D M S,Augsburg,3,1.3737167296931148,3.520249331369996,1.9314303258433936,Bundesliga,2023-2024
11841,Maximilian Wittek,21,1060,3,1.3438246101140976,1,1.0201581176370382,26,24,4,0,D M S,Bochum,3,1.3438246101140976,3.364954423159361,1.730381866917014,Bundesliga,2023-2024
11856,Marvin Pieringer,31,1527,3,2.7943019811064005,3,1.70323749165982,27,14,5,0,F M S,FC Heidenheim,3,2.7943019811064005,4.504263352137059,1.105154684279114,Bundesliga,2023-2024
11857,Nikola Dovedan,21,624,3,1.6699141347780824,1,1.3329138830304146,14,8,0,1,M S,FC Heidenheim,3,1.6699141347780824,4.2541603446006775,1.873883532360196,Bundesliga,2023-2024
11860,Kevin Sessa,30,954,3,2.825762929394841,0,1.507950717583299,29,17,1,0,M S,FC Heidenheim,3,2.825762929394841,5.80783118866384,3.043549472466111,Bundesliga,2023-2024
11916,Marvin Mehlem,20,1538,3,3.027790492400527,2,1.337923001497984,23,22,3,0,M S,Darmstadt,3,3.027790492400527,6.99539487157017,3.0663306284695864,Bundesliga,2023-2024
12424,Yorbe Vertessen,13,575,3,3.0108204130083323,2,1.4330097809433937,24,7,1,0,F M S,Union Berlin,3,3.0108204130083323,5.26316960901022,1.617756225168705,Bundesliga,2023-2024
22,John Brooks,21,1548,2,2.4664577171206474,0,0.0867934506386518,11,3,6,1,D S,Hoffenheim,2,2.4664577171206474,4.941739622503519,4.307529669255018,Bundesliga,2023-2024
65,Timo Werner,8,192,2,2.619151372462511,0,0.0609633103013038,9,2,0,0,F M S,RasenBallsport Leipzig,1,1.8613747544586656,2.5027804113924503,0.6053832545876503,Bundesliga,2023-2024
140,Yannick Gerhardt,25,1618,2,1.8372199106961489,1,1.2328636664897203,19,14,5,0,D M S,Wolfsburg,2,1.8372199106961489,6.460884919390082,4.579356890171766,Bundesliga,2023-2024
153,Maximilian Arnold,30,2498,2,0.9359495984390378,1,4.071343323215842,32,48,9,0,M S,Wolfsburg,2,0.9359495984390378,8.472179770469666,7.077213104814291,Bundesliga,2023-2024
212,Nico Elvedi,30,2490,2,1.9831135272979736,1,0.103568535298109,16,3,5,0,D S,Borussia M.Gladbach,2,1.9831135272979736,8.107086041942239,7.5018914844840765,Bundesliga,2023-2024
339,Eric Maxim Choupo-Moting,27,695,2,5.640835586935282,2,2.1856860015541315,26,16,1,0,M S,Bayern Munich,2,5.640835586935282,10.652611684054136,4.074539352208376,Bundesliga,2023-2024
372,Julian Weigl,31,2774,2,2.3818776588886976,3,2.265138564631343,19,24,10,0,M,Borussia M.Gladbach,0,0.866324270144105,11.471323980018497,9.569174846634269,Bundesliga,2023-2024
418,Niklas Stark,17,1081,2,0.4072652859613299,0,0.0,5,0,5,0,D S,Werder Bremen,2,0.4072652859613299,2.9174184016883373,2.900383822619915,Bundesliga,2023-2024
419,Maximilian Mittelstädt,31,2113,2,0.9744149846956134,4,5.203670730814338,21,31,5,0,D S,VfB Stuttgart,2,0.9744149846956134,19.498442778363824,16.147974142804742,Bundesliga,2023-2024
604,Emre Can,25,1969,2,2.4467077059671283,2,1.2897010575979948,17,20,5,0,D M S,Borussia Dortmund,0,0.9311543358489872,9.788407865911722,8.786319265142083,Bundesliga,2023-2024
2663,Felix Passlack,15,974,2,1.1445927759632468,2,1.6430067010223866,14,14,2,1,D S,Bochum,2,1.1445927759632468,4.24166364222765,1.6516353450715542,Bundesliga,2023-2024
2691,Milos Veljkovic,23,1919,2,1.3219488495960832,1,0.5370659530162811,6,6,2,0,D S,Werder Bremen,2,1.3219488495960832,7.289470637217164,6.292845236137509,Bundesliga,2023-2024
3347,Ellyes Skhiri,27,2180,2,2.7327092373743653,2,2.1730561600998044,18,20,1,0,M S,Eintracht Frankfurt,2,2.7327092373743653,11.28488290682435,7.835769977420568,Bundesliga,2023-2024
5249,Emil Forsberg,14,449,2,1.6260444759391248,1,0.8517668843269348,12,6,0,0,M S,RasenBallsport Leipzig,2,0.868267813231796,4.331011588219553,2.925800044089556,Bundesliga,2023-2024
5298,Arne Maier,22,981,2,1.1951006520539522,4,2.2151197511702776,22,27,0,0,M S,Augsburg,2,1.1951006520539522,4.211874397471547,2.5746523663401604,Bundesliga,2023-2024
6100,Felix Uduokhai,33,2930,2,2.0644265189766884,0,0.58353934250772,13,9,3,1,D,Augsburg,2,2.0644265189766884,8.341641323640943,6.876336144283414,Bundesliga,2023-2024
6273,Robin Koch,31,2742,2,3.7939876094460487,0,0.3878946341574192,24,5,10,0,D,Eintracht Frankfurt,2,3.7939876094460487,10.042273595929146,8.55856654047966,Bundesliga,2023-2024
6345,Jadon Sancho,14,983,2,1.284897806122899,2,3.4202707670629025,9,25,1,0,F M S,Borussia Dortmund,2,1.284897806122899,7.454362347722053,4.485134799033403,Bundesliga,2023-2024
6380,Anthony Caci,31,2506,2,1.862931460142136,3,2.9395877309143543,31,25,8,0,D S,Mainz 05,2,1.862931460142136,9.770811071619391,6.269201004877687,Bundesliga,2023-2024
6445,Elvis Rexhbecaj,25,2025,2,1.593154071830213,0,0.5105802221223712,28,12,4,0,M S,Augsburg,1,0.8353773942217231,5.118085071444511,3.9731741482391953,Bundesliga,2023-2024
6626,Joshua Vagnoman,18,1147,2,1.7019743993878365,2,1.509387955069542,17,7,2,0,D M S,VfB Stuttgart,2,1.7019743993878365,7.624159812927246,5.904312869533896,Bundesliga,2023-2024
6905,Ludovic Ajorque,26,1347,2,5.715712696313858,0,0.8593341186642647,30,15,4,0,F S,Mainz 05,2,4.200159281492233,6.111298134550452,2.058779038488865,Bundesliga,2023-2024
7197,Fredrik Jensen,22,1393,2,1.3293611658737063,5,5.256843195296824,14,32,1,0,M S,Augsburg,2,1.3293611658737063,7.1586007522419095,2.8322389433160424,Bundesliga,2023-2024
7267,Woo-Yeong Jeong,26,552,2,2.605867937207222,3,2.102066401392221,18,9,1,0,M S,VfB Stuttgart,2,2.605867937207222,7.995916116982698,3.448712017387152,Bundesliga,2023-2024
7345,Alphonso Davies,29,2080,2,0.8386915270239115,5,3.290612770244479,13,37,0,0,D S,Bayern Munich,2,0.8386915270239115,17.92008127272129,15.28332383185625,Bundesliga,2023-2024
7366,Maximilian Wöber,25,2104,2,1.5659300200641155,3,1.2240509875118732,19,12,2,1,D S,Borussia M.Gladbach,2,1.5659300200641155,7.7744498290121555,7.407491223886609,Bundesliga,2023-2024
7485,Nico Schlotterbeck,33,2865,2,3.536296498030424,1,2.0545509476214647,26,16,4,0,D S,Borussia Dortmund,2,3.536296498030424,12.024734841659663,10.594416359439492,Bundesliga,2023-2024
7501,Amadou Haidara,21,1582,2,0.9922775700688362,1,1.6235595028847456,21,17,5,0,M S,RasenBallsport Leipzig,2,0.9922775700688362,12.830584708601236,10.555549938231708,Bundesliga,2023-2024
7551,Mohamed Simakan,32,2147,2,3.792179027572274,3,2.594315452501178,30,15,8,0,D S,RasenBallsport Leipzig,2,3.792179027572274,13.175233444198966,10.86243693716824,Bundesliga,2023-2024
7798,Christopher Antwi-Adjei,25,1229,2,1.9709949642419813,2,3.855188194662333,29,23,6,0,F M S,Bochum,2,1.9709949642419813,6.187160577625036,1.1585207507014277,Bundesliga,2023-2024
7799,Sven Michel,22,552,2,2.41439189016819,1,0.9980124924331903,14,12,2,0,F M S,Augsburg,1,0.898838497698307,1.8230030369013548,0.0929197650402784,Bundesliga,2023-2024
7902,Matthijs de Ligt,22,1390,2,1.9497294751927257,0,0.174727089703083,14,3,5,0,D S,Bayern Munich,2,1.9497294751927257,13.82798907533288,13.669430438429115,Bundesliga,2023-2024
8117,Nick Woltemade,30,1170,2,2.1179728470742702,0,1.358275574631989,21,24,1,0,F M S,Werder Bremen,2,2.1179728470742702,7.065050270408392,4.377801384776831,Bundesliga,2023-2024
8392,Julian Justvan,18,1046,2,0.6837796624749899,2,2.7966008381918077,17,24,1,0,F M S,"Darmstadt,Hoffenheim",2,0.6837796624749899,3.5581726003438234,0.8152424627915025,Bundesliga,2023-2024
9233,Joakim Maehle,30,2464,2,1.6975777419283986,3,3.131878277286887,20,22,5,0,D M S,Wolfsburg,2,1.6975777419283986,10.414472971111536,8.041769804432988,Bundesliga,2023-2024
9711,Patrick Osterhage,24,1870,2,1.2685407400131226,1,0.6997663751244545,21,13,5,0,D M S,Bochum,2,1.2685407400131226,5.741146918386221,4.423051286488771,Bundesliga,2023-2024
9724,David Raum,31,2761,2,1.1637575421482325,8,8.822827788069844,14,68,6,0,D M,RasenBallsport Leipzig,2,1.1637575421482325,19.40191071107984,15.503833007067442,Bundesliga,2023-2024
9730,Patrick Wimmer,14,604,2,1.810730138793588,0,0.1002170778810978,10,4,3,1,F M S,Wolfsburg,2,1.810730138793588,2.133570494130254,1.1864213608205318,Bundesliga,2023-2024
9910,Anton Stach,33,2523,2,1.9476461745798588,3,3.3864241652190685,40,21,4,0,M S,"Hoffenheim,Mainz 05",2,1.9476461745798588,10.367411406710744,7.442647943273187,Bundesliga,2023-2024
9986,Kristijan Jakic,18,1253,2,0.6804289035499096,1,0.5128443296998739,14,8,5,0,M S,"Augsburg,Eintracht Frankfurt",2,0.6804289035499096,3.74289258942008,2.992653951048851,Bundesliga,2023-2024
10725,Danilho Doekhi,24,2160,2,1.2109281308948994,0,0.1917865127325058,16,4,2,0,D,Union Berlin,2,1.2109281308948994,4.427957221865654,4.250279098749161,Bundesliga,2023-2024
10751,Brenden Aaronson,30,1203,2,2.3798574674874544,2,2.727505593560636,19,22,1,1,F M S,Union Berlin,2,2.3798574674874544,7.425651806406677,3.351934116333723,Bundesliga,2023-2024
10774,Adam Hlozek,23,429,2,3.048878658562898,3,1.449788983911276,18,9,1,0,F M S,Bayer Leverkusen,2,3.048878658562898,6.153611909598112,1.8057314492762089,Bundesliga,2023-2024
10792,Farès Chaïbi,28,1937,2,4.5395487267524,4,7.007488042116165,40,50,2,0,F M S,Eintracht Frankfurt,2,4.5395487267524,11.82070443034172,4.844033380970359,Bundesliga,2023-2024
11324,Dion Beljo,26,506,2,3.4225120218470693,0,0.4120763093233108,19,8,2,0,F M S,Augsburg,2,3.4225120218470693,4.54721678327769,0.963243443518877,Bundesliga,2023-2024
11331,Merlin Röhl,24,1509,2,3.106929948553443,3,2.4336063899099827,24,18,3,1,F M S,Freiburg,2,3.106929948553443,8.70490767993033,3.5572371650487185,Bundesliga,2023-2024
11336,Moritz Broschinski,26,1249,2,2.9109442364424467,2,2.344660680741072,26,15,4,0,F M S,Bochum,2,2.9109442364424467,6.10059529542923,1.952606625854969,Bundesliga,2023-2024
11411,Damion Downs,10,147,2,1.1753866337239742,0,0.0,5,0,0,0,S,FC Cologne,2,1.1753866337239742,1.335887260735035,0.5519676320254803,Bundesliga,2023-2024
11547,Aleksandar Pavlovic,19,1226,2,1.344846123829484,2,1.5133820995688438,8,11,6,0,M S,Bayern Munich,2,1.344846123829484,7.815445501357317,6.840334955602884,Bundesliga,2023-2024
11807,Ian Maatsen,16,1288,2,0.849341201595962,2,1.4945228397846222,11,8,5,0,D S,Borussia Dortmund,2,0.849341201595962,8.60348061658442,7.317504981532693,Bundesliga,2023-2024
11853,Patrick Mainka,34,3060,2,3.5919931679964066,0,0.0872465278953313,29,3,1,0,D,FC Heidenheim,2,3.5919931679964066,2.3352817092090845,2.201988593675196,Bundesliga,2023-2024
11865,Jan Schöppner,26,2000,2,0.8375998865813017,2,1.7514398954808712,17,14,3,0,M S,FC Heidenheim,2,0.8375998865813017,4.880874862894416,2.865587437525392,Bundesliga,2023-2024
11911,Hugo Larsson,29,1883,2,1.0792000703513622,1,1.7924396395683289,10,10,1,0,M S,Eintracht Frankfurt,2,1.0792000703513622,6.495211164467037,4.084836439229548,Bundesliga,2023-2024
11913,Christoph Klarer,30,2397,2,1.7205605804920197,2,1.4601161554455755,9,12,9,0,D S,Darmstadt,2,1.7205605804920197,3.1219774074852467,2.649532202631235,Bundesliga,2023-2024
12028,Olivier Deman,29,1343,2,1.643682629801333,1,1.2761030569672585,17,13,5,0,D M S,Werder Bremen,2,1.643682629801333,5.017011563293636,2.8167819445952773,Bundesliga,2023-2024
75,Niklas Süle,23,1488,1,0.7371887601912022,0,0.1112643228843808,7,4,0,0,D S,Borussia Dortmund,1,0.7371887601912022,5.14378746598959,4.968571795150638,Bundesliga,2023-2024
82,Nadiem Amiri,23,1412,1,2.392204888164997,4,5.076409200206399,39,51,5,0,M S,"Bayer Leverkusen,Mainz 05",1,1.6344282254576683,7.324724670499563,5.173268396407366,Bundesliga,2023-2024
116,Florian Grillitsch,30,2299,1,0.9007108602672815,6,1.5126190595328808,21,19,8,0,D M S,Hoffenheim,1,0.9007108602672815,13.64495960623026,12.21770933177322,Bundesliga,2023-2024
125,Maximilian Eggestein,33,2926,1,2.301129903644324,1,2.667136858217418,39,25,6,0,M,Freiburg,1,2.301129903644324,11.088446551933885,7.465105237439275,Bundesliga,2023-2024
161,Robin Knoche,24,1920,1,1.396061367355287,0,0.3083915710449219,8,3,1,0,D S,Union Berlin,1,0.6382847195491195,3.9953995840623975,3.8880528109148154,Bundesliga,2023-2024
188,Kevin Kampl,26,1348,1,0.1895998921245336,0,1.1563301319256425,6,14,3,0,M S,RasenBallsport Leipzig,1,0.1895998921245336,6.404891517013311,5.420626096427441,Bundesliga,2023-2024
205,Mahmoud Dahoud,13,160,1,0.4736259281635284,0,0.5927827227860689,2,7,0,0,M S,VfB Stuttgart,1,0.4736259281635284,4.058749169111252,3.537891738116741,Bundesliga,2023-2024
223,Joshua Kimmich,28,2225,1,1.2427259711548686,6,7.946546060964465,25,73,1,1,D M S,Bayern Munich,1,1.2427259711548686,23.67464930564165,19.97111616283655,Bundesliga,2023-2024
262,Leonardo Bittencourt,29,1600,1,3.068262171931565,2,3.054721027612686,31,26,8,0,M S,Werder Bremen,1,3.068262171931565,9.704018617980182,4.66505157481879,Bundesliga,2023-2024
267,Philipp Max,23,1388,1,0.1792451674118638,2,2.8603504225611687,8,20,2,0,D S,Eintracht Frankfurt,1,0.1792451674118638,6.712096985429525,4.350963208824396,Bundesliga,2023-2024
269,Dominik Kohr,31,2216,1,1.9021731289103627,0,0.8735304730944335,25,15,13,1,D M S,Mainz 05,1,1.9021731289103627,5.235130553133786,3.878144847229123,Bundesliga,2023-2024
378,Milos Pantovic,1,9,1,0.5618004202842712,0,0.0,1,0,0,0,S,Union Berlin,1,0.5618004202842712,0.5618004202842712,0.0,Bundesliga,2023-2024
435,Benjamin Henrichs,33,2539,1,2.717759570106864,5,5.070023860782385,36,40,5,0,D M S,RasenBallsport Leipzig,1,2.717759570106864,18.743870448321104,14.128764633089304,Bundesliga,2023-2024
1139,Silvan Widmer,20,1226,1,1.1907554073259234,3,3.630277963355184,14,15,4,0,D M S,Mainz 05,1,1.1907554073259234,7.669031405821443,4.940777608193457,Bundesliga,2023-2024
1287,Leonardo Bonucci,7,467,1,0.75777667760849,0,0.293448694050312,1,2,0,0,D S,Union Berlin,0,0.0,1.4568561688065529,1.4568561688065529,Bundesliga,2023-2024
2611,Philipp Lienhart,15,1265,1,1.8939213044941423,0,0.9980377294123172,7,3,3,0,D S,Freiburg,1,1.8939213044941423,2.904509451240301,2.5449572317302227,Bundesliga,2023-2024
2631,Karim Onisiwo,24,1513,1,2.482787423767149,3,1.9092329498380425,33,16,1,0,F M S,Mainz 05,1,2.482787423767149,5.308682337403297,2.115310536697507,Bundesliga,2023-2024
2665,Jeffrey Gouweleeuw,30,2595,1,1.046881471760571,0,1.6063790675252676,23,15,7,0,D S,Augsburg,1,1.046881471760571,6.97013224195689,6.029334744438529,Bundesliga,2023-2024
4243,Christian Günter,15,1059,1,0.5045850314199924,2,2.2601338531821966,6,18,1,0,D M S,Freiburg,1,0.5045850314199924,4.300076507031918,3.0230954326689243,Bundesliga,2023-2024
4247,Maximilian Philipp,17,267,1,0.6273456588387489,0,0.4438656233251095,9,3,2,0,F S,Freiburg,1,0.6273456588387489,1.2788753286004066,0.3595673218369484,Bundesliga,2023-2024
4250,Nicolas Höfler,28,2340,1,0.8550013126805425,1,0.3059728499501943,16,9,10,1,D M S,Freiburg,1,0.8550013126805425,5.146695289760828,4.745235666632652,Bundesliga,2023-2024
4271,Janik Haberer,21,1230,1,1.0519700599834323,1,0.8010420650243759,15,10,7,0,D M S,Union Berlin,1,1.0519700599834323,3.138015972450376,2.246667222119868,Bundesliga,2023-2024
5217,Anthony Jung,31,2591,1,0.6805804511532187,0,0.3237763652577996,5,7,3,1,D M S,Werder Bremen,1,0.6805804511532187,9.421346353366973,9.087589727714658,Bundesliga,2023-2024
5235,Aymen Barkok,13,286,1,2.204937173984945,0,0.3915510047227144,12,5,2,0,M S,Mainz 05,1,1.4471604665741324,1.7998726647347212,0.3538897261023521,Bundesliga,2023-2024
5243,Dayotchanculle Upamecano,25,1777,1,1.9543452253565192,0,0.615122314542532,12,6,1,1,D S,Bayern Munich,1,1.9543452253565192,13.299695679917932,12.804763549938798,Bundesliga,2023-2024
5245,Bernardo,33,2928,1,1.8660342954099176,0,0.4688646197319031,29,12,9,0,D,Bochum,1,1.8660342954099176,7.204560381360352,6.138285596854985,Bundesliga,2023-2024
5263,Lukas Kübler,26,1862,1,0.5534165091812611,0,0.2575063984841108,8,5,7,0,D S,Freiburg,1,0.5534165091812611,4.734404686838388,4.272767264395952,Bundesliga,2023-2024
5292,Manuel Gulde,27,2052,1,1.310921974480152,0,0.1058258600533008,12,3,3,1,D S,Freiburg,1,1.310921974480152,7.105137266218662,7.074103333055973,Bundesliga,2023-2024
5306,Aaron Seydel,16,581,1,1.190246008336544,0,0.5017934776842594,14,8,1,0,F S,Darmstadt,1,1.190246008336544,2.638493701815605,1.2499674558639526,Bundesliga,2023-2024
5340,Marco Friedl,25,2207,1,0.2277989201247692,0,0.0909841433167457,7,1,6,0,D,Werder Bremen,1,0.2277989201247692,2.7737255189567804,2.635946119204164,Bundesliga,2023-2024
5358,Lukas Klostermann,25,1423,1,1.1135592143982649,0,0.4370988812297582,6,5,3,0,D S,RasenBallsport Leipzig,1,1.1135592143982649,6.337007949128747,6.200740167871118,Bundesliga,2023-2024
5743,Randal Kolo Muani,2,162,1,1.239070326089859,0,0.0,5,0,0,0,F,Eintracht Frankfurt,1,1.239070326089859,1.3475775718688965,0.1418213844299316,Bundesliga,2023-2024
6103,Dan-Axel Zagadou,19,1444,1,1.1439917497336864,0,0.1491779629141092,11,3,1,0,D S,VfB Stuttgart,1,1.1439917497336864,6.559690181165934,6.35435601696372,Bundesliga,2023-2024
6312,Rogerio,13,914,1,0.4504390489310026,0,0.428591949865222,4,6,0,0,D S,Wolfsburg,1,0.4504390489310026,4.382092306390405,3.6055959966033697,Bundesliga,2023-2024
6357,Marco Richter,20,679,1,2.062112364917993,0,1.9792995369061828,38,12,3,0,M S,Mainz 05,1,2.062112364917993,3.9209891632199287,1.1464222418144343,Bundesliga,2023-2024
6544,Lukas Nmecha,3,23,1,0.1309233158826828,0,0.0207864828407764,1,1,0,0,S,Wolfsburg,1,0.1309233158826828,0.0415699500590562,0.0207834672182798,Bundesliga,2023-2024
6638,Linton Maina,31,1911,1,2.222583015449345,3,3.3558166213333607,33,21,4,0,F M S,FC Cologne,1,2.222583015449345,8.129530172795057,3.746312394738197,Bundesliga,2023-2024
6708,Bote Baku,33,1989,1,2.036134872585535,0,3.3480421621352434,27,28,4,0,D F M S,Wolfsburg,1,2.036134872585535,9.370258934795856,5.987109617330134,Bundesliga,2023-2024
6974,Mattias Svanberg,25,1764,1,2.8561502965167165,3,2.828930059447885,42,26,8,0,M S,Wolfsburg,1,2.8561502965167165,8.328636918216944,4.603605476208031,Bundesliga,2023-2024
7106,Philipp Mwene,23,2021,1,1.4282803563401103,2,2.306240428239107,24,23,4,1,D M,Mainz 05,1,1.4282803563401103,6.641070067882538,4.366441967897117,Bundesliga,2023-2024
7410,Andras Schafer,20,1264,1,1.7435843665152788,2,2.117854233831167,21,18,1,1,D M S,Union Berlin,1,1.7435843665152788,5.693262223154306,2.862957987934351,Bundesliga,2023-2024
7482,Kouadio Kone,22,1585,1,1.2275742506608367,0,1.2343427445739508,23,24,4,1,M S,Borussia M.Gladbach,1,1.2275742506608367,8.966829701326787,7.068683033809066,Bundesliga,2023-2024
7524,Tuta,30,2617,1,1.6428968962281942,2,2.177085487172008,18,12,1,2,D M,Eintracht Frankfurt,1,1.6428968962281942,8.827466882765293,6.959281526505947,Bundesliga,2023-2024
7632,Ivan Ordets,24,1870,1,1.0632570590823889,0,0.4255469981580972,16,4,4,0,D S,Bochum,1,1.0632570590823889,1.8259794674813747,1.6292185224592686,Bundesliga,2023-2024
7793,Matthias Bader,24,1825,1,0.738696456886828,2,2.2708643041551118,17,18,1,0,D M S,Darmstadt,1,0.738696456886828,6.159693071618676,4.311036054044962,Bundesliga,2023-2024
7809,Mads Pedersen,27,1762,1,0.6891600228846073,1,1.2946920469403267,14,13,5,1,D M S,Augsburg,1,0.6891600228846073,4.514145325869322,2.943501239642501,Bundesliga,2023-2024
7879,Marius Bülter,30,1331,1,1.8945992104709148,4,3.4703396894037724,22,22,1,1,D F M S,Hoffenheim,1,1.8945992104709148,9.166707267053424,5.122026624158025,Bundesliga,2023-2024
7900,Sargis Adamyan,20,795,1,5.121561866253614,2,2.354639958590269,31,12,2,0,F M S,FC Cologne,1,5.121561866253614,6.304150778800249,2.0520244240760803,Bundesliga,2023-2024
8065,Iago,23,1625,1,1.6442270195111632,1,2.340431857854128,18,17,4,0,D M S,Augsburg,1,1.6442270195111632,6.703731796704233,4.033072794787586,Bundesliga,2023-2024
8092,Tom Krauß,29,1320,1,0.5937967412173748,2,0.6373225171118975,17,8,5,0,M S,Mainz 05,1,0.5937967412173748,3.8558023143559694,3.005203675478697,Bundesliga,2023-2024
8205,Jan Thielmann,22,1610,1,2.8620740436017518,0,1.1467232694849372,37,16,4,1,D F M S,FC Cologne,1,2.8620740436017518,3.8218951132148495,0.9389952458441256,Bundesliga,2023-2024
8206,Yannik Keitel,15,926,1,0.8275578916072845,0,0.0595137886703014,6,2,0,0,D M S,Freiburg,1,0.8275578916072845,1.3297527767717838,0.8072961755096912,Bundesliga,2023-2024
9053,Eric Martel,30,2484,1,2.5668789613991976,1,1.150712525472045,27,12,6,0,M S,FC Cologne,1,2.5668789613991976,4.240097777917981,3.29002910014242,Bundesliga,2023-2024
9202,Felix Nmecha,20,1004,1,2.3005349542945623,2,0.7578889355063438,23,13,3,0,M S,Borussia Dortmund,1,2.3005349542945623,6.008954947814345,3.727810999378562,Bundesliga,2023-2024
9511,Castello Lukeba,32,2176,1,1.00545135140419,0,0.1824770215898752,7,4,3,0,D S,RasenBallsport Leipzig,1,1.00545135140419,11.889688301831484,11.75899611786008,Bundesliga,2023-2024
9674,Joe Scally,31,2223,1,0.6696561272256076,4,1.28013570420444,11,15,4,0,D M S,Borussia M.Gladbach,1,0.6696561272256076,6.563381035812199,5.671230044215918,Bundesliga,2023-2024
9705,Anthony Losilla,31,2622,1,2.157300296239555,2,1.6021368727087977,27,19,10,0,M,Bochum,1,2.157300296239555,6.348509636707604,3.719168961048126,Bundesliga,2023-2024
9714,Odilon Kossounou,22,1822,1,0.6733856815844774,0,1.2877439875155687,5,10,3,0,D S,Bayer Leverkusen,1,0.6733856815844774,10.892226748168468,10.125521678477526,Bundesliga,2023-2024
9716,Maximilian Bauer,14,798,1,1.4807326756417751,0,0.0,4,0,3,0,D S,Augsburg,1,1.4807326756417751,2.0538846105337143,2.0538846105337143,Bundesliga,2023-2024
9725,Angelo Stiller,32,2803,1,2.023089347407222,5,5.376184418797493,18,51,5,0,D M S,"Hoffenheim,VfB Stuttgart",1,2.023089347407222,26.745202094316483,22.89305441081524,Bundesliga,2023-2024
9732,Noah Weißhaupt,24,693,1,0.3708160705864429,2,2.047544148750603,4,16,1,0,D M S,Freiburg,1,0.3708160705864429,4.09987820032984,2.900294376537204,Bundesliga,2023-2024
9911,Piero Hincapié,26,1482,1,2.348540125414729,2,0.6686799041926861,18,6,2,0,D S,Bayer Leverkusen,1,2.348540125414729,9.342207428067924,8.566322464495897,Bundesliga,2023-2024
10071,Lennard Maloney,29,2316,1,0.7858804753050208,1,1.677654905244708,14,8,1,0,D M S,FC Heidenheim,1,0.7858804753050208,2.2529899906367064,1.7159385699778795,Bundesliga,2023-2024
10105,Matej Maglica,26,1702,1,0.8396869003772736,0,0.3989789877086878,11,8,7,2,D S,Darmstadt,1,0.8396869003772736,2.9959666449576616,2.666301855817437,Bundesliga,2023-2024
10367,Tiago Tomás,26,1007,1,2.928634814918041,1,0.9851035736501216,27,9,3,0,F M S,Wolfsburg,1,2.928634814918041,5.174130156636238,1.692886235192418,Bundesliga,2023-2024
10542,Jamie Bynoe-Gittens,25,1058,1,2.827054128050804,4,3.043994825333357,42,17,1,0,D F M S,Borussia Dortmund,1,2.827054128050804,8.045045936480165,3.4943683613091707,Bundesliga,2023-2024
10838,Luca Pfeiffer,24,1657,1,5.838141828775406,3,1.6173482071608305,48,19,3,0,F M S,Darmstadt,1,5.838141828775406,8.553316397592425,2.13791867159307,Bundesliga,2023-2024
10861,Hrvoje Smolcic,11,342,1,0.8454071991145611,0,0.0177087672054767,3,1,0,0,D S,Eintracht Frankfurt,1,0.8454071991145611,0.5476790368556976,0.5180687680840492,Bundesliga,2023-2024
10986,Kim Min-Jae,25,1969,1,1.0650094617158177,1,0.6361748464405537,10,8,3,0,D S,Bayern Munich,1,1.0650094617158177,16.283293291926384,15.945324867963793,Bundesliga,2023-2024
11295,David Datro Fofana,12,684,1,4.060827124863863,0,0.3827281994745135,26,5,0,0,F M S,Union Berlin,1,4.060827124863863,4.917184886522591,0.9215688081458212,Bundesliga,2023-2024
11309,Andreas Hanche-Olsen,15,1019,1,0.996105384081602,0,0.012948278337717,4,1,5,0,D S,Mainz 05,1,0.996105384081602,2.4915835689753294,2.478635294362902,Bundesliga,2023-2024
11311,Aurélio Buta,30,1765,1,0.4785298304632306,1,0.528659038245678,13,9,5,0,D F S,Eintracht Frankfurt,1,0.4785298304632306,6.759270810522139,5.984904651530087,Bundesliga,2023-2024
11604,Mert Kömür,4,113,1,0.1393913477659225,0,0.0442003458738327,2,1,0,0,M S,Augsburg,1,0.1393913477659225,0.510459840297699,0.3848645836114883,Bundesliga,2023-2024
11842,Lukas Daschner,20,480,1,2.503563442267477,1,1.157596731558442,13,10,2,0,F M S,Bochum,1,2.503563442267477,4.536715145222843,1.6236160583794117,Bundesliga,2023-2024
11855,Adrian Beck,23,982,1,0.9925451297312976,1,1.0597687922418118,12,11,1,0,M S,FC Heidenheim,1,0.9925451297312976,1.411934558302164,0.9195537455379964,Bundesliga,2023-2024
11864,Benedikt Gimber,24,2042,1,1.8804494012147188,1,1.1915506273508072,18,3,9,0,D,FC Heidenheim,1,1.8804494012147188,1.7814466711133718,1.524864973500371,Bundesliga,2023-2024
11894,Max Finkgrafe,24,1748,1,1.0378976929932833,0,1.3866049107164145,12,23,4,0,D M S,FC Cologne,1,1.0378976929932833,4.175446494482458,2.4810542771592736,Bundesliga,2023-2024
11915,Fabian Nürnberger,21,1495,1,0.8428393397480249,1,1.755262432619929,19,30,2,0,D M S,Darmstadt,1,0.8428393397480249,5.695529833436012,4.431067931465805,Bundesliga,2023-2024
11917,Mathias Honsak,23,1004,1,2.1307936487719417,1,1.0033821519464254,23,12,1,0,F M S,Darmstadt,1,2.1307936487719417,2.995257318019867,0.5960548147559166,Bundesliga,2023-2024
11975,Leonidas Stergiou,15,564,1,0.3251683600246906,0,0.421503584831953,3,5,0,0,D S,VfB Stuttgart,1,0.3251683600246906,2.538110561668873,2.374480940401554,Bundesliga,2023-2024
11983,Matús Bero,24,1678,1,3.5607892237603664,1,1.683550394140184,30,11,6,0,F M S,Bochum,1,3.5607892237603664,6.1099881967529655,1.3022626005113125,Bundesliga,2023-2024
12013,Skelly Alvero,6,117,1,0.3027783408761024,0,0.0,5,0,1,0,M S,Werder Bremen,1,0.3027783408761024,0.3741057217121124,0.2189652919769287,Bundesliga,2023-2024
12053,Mikkel Kaufmann,18,424,1,1.2217344976961613,0,1.0639084111899135,15,4,0,0,F S,Union Berlin,1,1.2217344976961613,2.8279455192387104,1.0950163174420595,Bundesliga,2023-2024
12107,Nacho Ferri,8,56,1,0.9850408621132374,0,0.0466638654470443,5,1,0,0,S,Eintracht Frankfurt,1,0.9850408621132374,1.5079885125160215,0.5229476541280746,Bundesliga,2023-2024
12308,Lovro Zvonarek,5,157,1,0.0661834999918937,0,0.2421567142009735,1,2,0,0,M S,Bayern Munich,1,0.0661834999918937,0.6256715133786201,0.5014762952923775,Bundesliga,2023-2024
12360,Julián Malatini,10,603,1,0.8992225341498852,0,0.2027890896424651,3,4,1,0,D S,Werder Bremen,1,0.8992225341498852,2.7825447535142303,1.821010172367096,Bundesliga,2023-2024
12364,Chris Bedia,7,113,1,0.4426194690167904,0,0.1566397733986377,3,3,0,0,S,Union Berlin,1,0.4426194690167904,1.201132521033287,0.6252865009009838,Bundesliga,2023-2024
5,Fabian Holland,23,1874,0,0.768468352034688,2,1.1599683593958616,11,17,4,1,D M,Darmstadt,0,0.768468352034688,6.395354073494673,4.933516290038824,Bundesliga,2023-2024
35,Genki Haraguchi,2,18,0,0.0,0,0.0,0,0,0,0,S,VfB Stuttgart,0,0.0,0.0609914138913154,0.0609914138913154,Bundesliga,2023-2024
40,Stefan Bell,10,667,0,0.2294920403510332,0,0.0905444547533989,4,1,3,0,D S,Mainz 05,0,0.2294920403510332,0.3876202367246151,0.1771708764135837,Bundesliga,2023-2024
73,Oliver Baumann,34,3060,0,0.0,1,0.3063733577728271,0,2,1,0,GK,Hoffenheim,0,0.0,5.77265227586031,5.466278910636902,Bundesliga,2023-2024
88,Mark Uth,11,347,0,2.0221984162926674,1,1.0530052278190851,12,9,2,0,F M S,FC Cologne,0,2.0221984162926674,3.9155861884355545,1.6223006062209606,Bundesliga,2023-2024
106,Waldemar Anton,33,2889,0,1.5518756648525596,3,1.4026816934347153,27,10,7,0,D S,VfB Stuttgart,0,1.5518756648525596,17.270139643922448,16.389904933050275,Bundesliga,2023-2024
126,Michael Zetterer,27,2430,0,0.0824050530791282,0,0.1456083320081234,1,3,2,0,GK,Werder Bremen,0,0.0824050530791282,5.23376901820302,5.088160686194897,Bundesliga,2023-2024
129,Dominique Heintz,12,561,0,0.0,0,0.3302623126655817,0,7,0,0,D S,FC Cologne,0,0.0,0.902663243934512,0.70314721763134,Bundesliga,2023-2024
133,Kevin Vogt,32,2650,0,0.6018818821758032,0,0.1325936131179332,3,3,7,0,D S,"Hoffenheim,Union Berlin",0,0.6018818821758032,8.39175974112004,7.746633994393051,Bundesliga,2023-2024
139,Simon Zoller,1,38,0,0.0,0,0.0,0,0,0,0,S,Bochum,0,0.0,0.0,0.0,Bundesliga,2023-2024
150,Josuha Guilavogui,11,389,0,0.0,1,0.0680515989661216,0,1,1,0,D S,Mainz 05,0,0.0,0.699214544147253,0.699214544147253,Bundesliga,2023-2024
159,Koen Casteels,25,2250,0,0.0,0,0.2063113003969192,0,1,2,0,GK,Wolfsburg,0,0.0,3.945238273590803,3.945238273590803,Bundesliga,2023-2024
187,Christoph Kramer,14,197,0,0.0696515813469886,0,0.0759923104196786,1,2,3,0,M S,Borussia M.Gladbach,0,0.0696515813469886,1.385152181610465,1.267584202811122,Bundesliga,2023-2024
201,Tony Jantschke,4,18,0,0.0,0,0.0,0,0,0,0,S,Borussia M.Gladbach,0,0.0,0.0,0.0,Bundesliga,2023-2024
213,Thorgan Hazard,1,4,0,0.0,0,0.0,0,0,0,0,S,Borussia Dortmund,0,0.0,0.0,0.0,Bundesliga,2023-2024
217,Manuel Neuer,23,2055,0,0.0,0,0.0,0,0,1,0,GK,Bayern Munich,0,0.0,6.9707482028752565,6.9707482028752565,Bundesliga,2023-2024
228,Sebastian Rode,8,45,0,0.0,0,0.0905835554003715,0,1,0,0,M S,Eintracht Frankfurt,0,0.0,0.163885973393917,0.163885973393917,Bundesliga,2023-2024
231,Sven Ulreich,11,990,0,0.0,0,0.072161965072155,0,1,1,0,GK,Bayern Munich,0,0.0,4.778258137404919,4.706096164882183,Bundesliga,2023-2024
247,Danilo Soares,5,350,0,0.1166783850640058,0,0.1200036332011222,4,3,0,0,D S,Bochum,0,0.1166783850640058,0.3727698400616646,0.1820630878210067,Bundesliga,2023-2024
249,Danny da Costa,19,831,0,0.2220892691984772,1,1.5813138987869024,6,9,1,0,D S,Mainz 05,0,0.2220892691984772,2.93437541089952,1.2424132823944092,Bundesliga,2023-2024
256,Jens Grahl,2,180,0,0.0,1,0.070671372115612,0,1,0,0,GK,Eintracht Frankfurt,0,0.0,0.4554878659546375,0.4554878659546375,Bundesliga,2023-2024
281,Lukas Hradecky,33,2970,0,0.0,0,0.0,0,0,2,0,GK,Bayer Leverkusen,0,0.0,5.69852019008249,5.69852019008249,Bundesliga,2023-2024
282,Makoto Hasebe,8,212,0,0.0,0,0.0,0,0,1,0,D M S,Eintracht Frankfurt,0,0.0,0.6330092921853065,0.6330092921853065,Bundesliga,2023-2024
315,Matthias Ginter,23,1929,0,1.002468844875693,2,1.2798231691122055,7,5,3,0,D S,Freiburg,0,1.002468844875693,5.464734205976129,5.32260843552649,Bundesliga,2023-2024
326,Pascal Stenzel,23,1125,0,0.3266832735389471,5,3.146456418558955,14,15,1,1,D S,VfB Stuttgart,0,0.3266832735389471,9.02250695042312,7.023394027724862,Bundesliga,2023-2024
359,Timothy Chandler,6,8,0,0.086961843073368,0,0.02498684450984,2,1,0,0,S,Eintracht Frankfurt,0,0.086961843073368,0.175062458962202,0.1133378595113754,Bundesliga,2023-2024
370,Marvin Friedrich,24,1540,0,1.3566069416701794,0,0.2013548817485571,12,5,1,0,D S,Borussia M.Gladbach,0,1.3566069416701794,3.111770475283265,2.897133693099022,Bundesliga,2023-2024
420,Patrick Herrmann,8,48,0,0.2005257727578282,0,0.0696346070617437,3,2,1,0,S,Borussia M.Gladbach,0,0.2005257727578282,0.6579364985227585,0.4047087654471397,Bundesliga,2023-2024
449,Robin Zentner,30,2700,0,0.0266694203019142,0,0.0197227951139211,1,1,3,0,GK,Mainz 05,0,0.0266694203019142,1.2927239798009396,1.2927239798009396,Bundesliga,2023-2024
643,Eric Dier,15,1164,0,1.1518191900104284,0,0.05859668366611,9,2,1,0,D S,Bayern Munich,0,1.1518191900104284,7.966668020933866,7.945689599961042,Bundesliga,2023-2024
855,Cristian Gamboa,22,1174,0,0.0759541867300868,1,0.6853029727935791,6,10,7,0,D S,Bochum,0,0.0759541867300868,3.1149651166051626,2.446594389155507,Bundesliga,2023-2024
983,Kevin Mbabu,25,2052,0,0.1242797663435339,2,2.4247501185163856,4,21,5,0,D M S,Augsburg,0,0.1242797663435339,6.46109638735652,4.813772508874536,Bundesliga,2023-2024
1673,Edimilson Fernandes,21,1277,0,0.5281554060056806,2,0.8149455729871988,15,18,4,0,D S,Mainz 05,0,0.5281554060056806,4.358554725535214,3.719993852078914,Bundesliga,2023-2024
2543,Borja Iglesias,7,247,0,1.5709560550749302,0,0.4381035827100277,8,3,0,0,F S,Bayer Leverkusen,0,1.5709560550749302,2.503956988453865,1.275659091770649,Bundesliga,2023-2024
2639,Alexander Nübel,30,2700,0,0.0,0,0.0,0,0,1,0,GK,VfB Stuttgart,0,0.0,7.694039307534695,7.694039307534695,Bundesliga,2023-2024
2693,Marius Wolf,22,1136,0,0.8850555419921875,1,1.4097293093800545,9,11,2,0,D S,Borussia Dortmund,0,0.8850555419921875,7.559550730511546,6.595603168010712,Bundesliga,2023-2024
3286,Kevin Trapp,32,2880,0,0.0,0,0.0,0,0,2,0,GK,Eintracht Frankfurt,0,0.0,4.489290349185467,4.489290349185467,Bundesliga,2023-2024
3339,Jérôme Roussillon,23,703,0,0.5374878337606788,1,0.7475190320983529,7,8,2,0,D S,Union Berlin,0,0.5374878337606788,3.1205338025465608,2.243395862169564,Bundesliga,2023-2024
3349,Ramy Bensebaini,17,1042,0,1.6679775696247816,0,0.5580584965646267,16,7,2,1,D S,Borussia Dortmund,0,1.6679775696247816,5.922570548951626,4.590317063033581,Bundesliga,2023-2024
3393,Bouna Sarr,2,103,0,0.6052926778793335,0,0.0,1,0,0,0,D S,Bayern Munich,0,0.6052926778793335,0.9070138335227966,0.9070138335227966,Bundesliga,2023-2024
3699,Aissa Laidouni,23,1029,0,0.7682113070040941,3,1.5009211637079716,13,12,2,0,M S,Union Berlin,0,0.7682113070040941,4.841209087520838,3.0136834727600217,Bundesliga,2023-2024
3743,Lucas Tousart,23,1591,0,1.4459867663681507,0,0.5308162374421954,25,6,5,0,M S,Union Berlin,0,1.4459867663681507,3.9345752531662574,2.430923885665834,Bundesliga,2023-2024
4284,Alexander Brunst,3,270,0,0.0,0,0.0,0,0,0,0,GK,Darmstadt,0,0.0,0.136294923722744,0.136294923722744,Bundesliga,2023-2024
4312,Marnon Busch,16,572,0,0.1300882305949926,0,0.2229079119861126,5,5,1,0,D S,FC Heidenheim,0,0.1300882305949926,0.6958134043961763,0.6142815593630075,Bundesliga,2023-2024
4313,Janis Blaswich,21,1890,0,0.0,0,0.0375545546412467,0,1,0,0,GK,RasenBallsport Leipzig,0,0.0,4.854983039200306,4.817428477108479,Bundesliga,2023-2024
4335,Nicolai Rapp,2,80,0,0.0,0,0.0,0,0,1,0,D S,Werder Bremen,0,0.0,0.0638681799173355,0.0638681799173355,Bundesliga,2023-2024
4376,Marvin Schwäbe,34,3060,0,0.0,0,0.025182869285345,0,1,0,0,GK,FC Cologne,0,0.0,2.4870402198284864,2.461857346817851,Bundesliga,2023-2024
5241,Péter Gulácsi,13,1170,0,0.0,0,0.0,0,0,0,0,GK,RasenBallsport Leipzig,0,0.0,2.9495482966303825,2.9495482966303825,Bundesliga,2023-2024
5247,Naby Keita,5,105,0,0.0844875797629356,0,0.0,2,0,2,0,M S,Werder Bremen,0,0.0844875797629356,1.1572114257141948,1.0727238459512591,Bundesliga,2023-2024
5251,Rani Khedira,20,1377,0,0.225515853613615,0,0.1485211551189422,3,5,5,1,M S,Union Berlin,0,0.225515853613615,2.2159358859062195,2.081237137317657,Bundesliga,2023-2024
5253,Benno Schmitz,22,1163,0,0.2183492090553045,1,0.4379158895462751,8,5,5,0,D S,FC Cologne,0,0.2183492090553045,3.472950367256999,2.888173679821193,Bundesliga,2023-2024
5256,Oliver Burke,1,28,0,0.0,0,0.0,0,0,0,0,S,Werder Bremen,0,0.0,0.0,0.0,Bundesliga,2023-2024
5257,Willi Orban,19,1587,0,0.4689998626708984,0,0.6591169387102127,7,7,2,0,D S,RasenBallsport Leipzig,0,0.4689998626708984,9.486498098820448,9.460853826254606,Bundesliga,2023-2024
5260,Andreas Luthe,1,90,0,0.0,0,0.0,0,0,0,0,GK,Bochum,0,0.0,0.0175025276839733,0.0175025276839733,Bundesliga,2023-2024
5262,Alexander Schwolow,1,90,0,0.0,0,0.0,0,0,0,0,GK,Union Berlin,0,0.0,0.0628381744027137,0.0628381744027137,Bundesliga,2023-2024
5270,Gerrit Holtmann,10,371,0,0.7900596875697374,0,0.1928579024970531,14,5,1,0,M S,Darmstadt,0,0.7900596875697374,1.507698806002736,0.6219939105212688,Bundesliga,2023-2024
5288,Gregor Kobel,27,2365,0,0.0,0,0.0,0,0,1,0,GK,Borussia Dortmund,0,0.0,5.4802994802594185,5.4802994802594185,Bundesliga,2023-2024
5294,Salih Özcan,23,1159,0,0.1291839890182018,0,0.9814587850123644,5,10,3,0,M S,Borussia Dortmund,0,0.1291839890182018,6.331796882674098,5.5178036242723465,Bundesliga,2023-2024
5347,Jonas Föhrenbach,33,2796,0,0.513311019167304,0,0.6851613540202379,12,14,2,0,D S,FC Heidenheim,0,0.513311019167304,4.061098561622202,3.749769006855786,Bundesliga,2023-2024
5612,Anwar El Ghazi,3,44,0,0.0538081862032413,1,0.6269503235816956,1,2,0,0,S,Mainz 05,0,0.0538081862032413,0.7482239045202732,0.0674653947353363,Bundesliga,2023-2024
5680,Thomas Meunier,8,593,0,0.4455173946917057,0,0.8821972012519836,8,4,0,0,D S,Borussia Dortmund,0,0.4455173946917057,2.965701000764966,2.796330377459526,Bundesliga,2023-2024
5724,Irvin Cardona,3,42,0,0.1299492269754409,0,0.0,3,0,1,0,S,Augsburg,0,0.1299492269754409,0.0859093628823757,0.0676271021366119,Bundesliga,2023-2024
6007,Nicolas Cozza,6,277,0,0.0170388873666524,0,0.0865112952888012,1,2,1,0,D S,Wolfsburg,0,0.0170388873666524,1.4602019041776657,1.3930189684033394,Bundesliga,2023-2024
6081,Dennis Geiger,3,57,0,0.0,0,0.1105725318193435,0,1,1,0,S,Hoffenheim,0,0.0,0.1105725318193435,0.1105725318193435,Bundesliga,2023-2024
6082,Jiri Pavlenka,7,630,0,0.0,0,0.0,0,0,0,0,GK,Werder Bremen,0,0.0,1.0896473079919815,1.0896473079919815,Bundesliga,2023-2024
6109,Konrad Laimer,29,1757,0,1.333602118305862,3,3.444238219410181,17,25,3,0,D M S,Bayern Munich,0,1.333602118305862,16.894843760877848,13.476504020392897,Bundesliga,2023-2024
6144,Sébastien Haller,14,379,0,0.5566804856061935,1,0.4255511723458767,7,5,2,0,F S,Borussia Dortmund,0,0.5566804856061935,1.6045382767915726,0.9482564851641656,Bundesliga,2023-2024
6190,Dawid Kownacki,22,340,0,1.3725180234760046,0,0.2749298671260476,19,5,0,0,F S,Werder Bremen,0,1.3725180234760046,1.9744076449424028,0.6974716819822788,Bundesliga,2023-2024
6290,Alexander Meyer,8,695,0,0.0,0,0.0,0,0,0,0,GK S,Borussia Dortmund,0,0.0,0.8985588029026985,0.8985588029026985,Bundesliga,2023-2024
6292,Tomas Koubek,3,270,0,0.0,0,0.0,0,0,0,0,GK,Augsburg,0,0.0,0.3146742433309555,0.3146742433309555,Bundesliga,2023-2024
6321,Moritz Nicolas,27,2430,0,0.0,0,0.0,0,0,2,0,GK,Borussia M.Gladbach,0,0.0,3.909672226756811,3.909672226756811,Bundesliga,2023-2024
6327,Kevin Akpoguma,17,1080,0,0.6730638053268194,0,0.2466843258589506,2,5,7,0,D M S,Hoffenheim,0,0.6730638053268194,3.8935156539082527,3.0096214525401592,Bundesliga,2023-2024
6403,Timo Hübers,31,2782,0,1.9536213167011736,0,0.5741186980158091,22,6,6,0,D,FC Cologne,0,1.9536213167011736,5.162680794484913,4.701751452870667,Bundesliga,2023-2024
6411,Niklas Dorsch,21,1395,0,0.5927808890119195,0,0.1284244731068611,14,3,5,0,M S,Augsburg,0,0.5927808890119195,3.946524831466377,3.559052163735032,Bundesliga,2023-2024
6436,Stanley N&#039;Soki,11,630,0,0.0,0,0.1301346495747566,0,2,1,1,D M S,Hoffenheim,0,0.0,1.431337047368288,1.3726870007812977,Bundesliga,2023-2024
6595,Paul Jäckel,6,216,0,0.0,0,0.0743938460946083,0,2,0,0,D S,Union Berlin,0,0.0,0.1586586879566311,0.0842648418620228,Bundesliga,2023-2024
6596,Finn Dahmen,31,2790,0,0.0,0,0.0341024361550807,0,1,4,0,GK,Augsburg,0,0.0,3.327351630665362,3.327351630665362,Bundesliga,2023-2024
7024,Kasim Nuhu,1,1,0,0.0,0,0.0,0,0,0,0,S,Hoffenheim,0,0.0,0.0,0.0,Bundesliga,2023-2024
7030,Fabian Bredlow,4,360,0,0.0,0,0.0,0,0,0,0,GK,VfB Stuttgart,0,0.0,0.5643789768218994,0.5643789768218994,Bundesliga,2023-2024
7048,Frederik Rönnow,33,2970,0,0.1221665404736995,0,0.2219827771186828,3,1,2,0,GK,Union Berlin,0,0.1221665404736995,3.590184275060892,3.368201497942209,Bundesliga,2023-2024
7053,Pavao Pervan,9,810,0,0.0,0,0.0,0,0,1,0,GK,Wolfsburg,0,0.0,0.635935939848423,0.635935939848423,Bundesliga,2023-2024
7075,Borna Sosa,2,32,0,0.0203590616583824,0,0.012273414991796,1,1,0,0,S,VfB Stuttgart,0,0.0203590616583824,0.0921085253357887,0.0921085253357887,Bundesliga,2023-2024
7164,Florent Muslija,10,70,0,0.0527077699080109,0,0.6101264357566833,2,6,0,0,S,Freiburg,0,0.0527077699080109,0.6429778346791863,0.110935054719448,Bundesliga,2023-2024
7320,Amos Pieper,7,594,0,0.3389727566391229,0,0.5340107679367065,4,1,0,0,D,Werder Bremen,0,0.3389727566391229,1.7593848444521427,1.2253740765154362,Bundesliga,2023-2024
7511,Sacha Boey,2,108,0,0.4358054995536804,0,0.0,1,0,1,0,D S,Bayern Munich,0,0.4358054995536804,0.5658864602446556,0.1300809681415558,Bundesliga,2023-2024
7719,Nathanael Mbuku,1,3,0,0.020050048828125,0,0.0325101539492607,1,1,0,0,S,Augsburg,0,0.020050048828125,0.0525602027773857,0.0,Bundesliga,2023-2024
7783,Xaver Schlager,29,2499,0,1.0008859485387802,5,2.174327801913023,21,27,7,0,M,RasenBallsport Leipzig,0,1.0008859485387802,21.959266629070044,20.25843463279307,Bundesliga,2023-2024
7791,Sebastiaan Bornauw,20,1438,0,0.6899171620607376,0,0.2496099323034286,10,3,5,0,D S,Wolfsburg,0,0.6899171620607376,2.404109492897988,2.1939023174345493,Bundesliga,2023-2024
7796,Klaus Gjasula,22,1361,0,0.7296396363526583,0,0.222535727545619,9,6,7,1,D M S,Darmstadt,0,0.7296396363526583,4.124188588000834,3.7602720828726888,Bundesliga,2023-2024
7807,Luca Kilian,13,623,0,0.0,0,0.0495972074568271,0,1,1,0,D S,FC Cologne,0,0.0,0.2435255106538534,0.2435255106538534,Bundesliga,2023-2024
7815,Christian Groß,20,779,0,0.1120370514690876,1,0.2158436253666877,3,5,1,0,D M S,Werder Bremen,0,0.1120370514690876,2.9876101445406675,2.7099535688757896,Bundesliga,2023-2024
7831,Stefan Lainer,15,739,0,0.3713122233748436,1,0.6658202558755875,3,8,2,0,D M S,Borussia M.Gladbach,0,0.3713122233748436,2.527795072644949,1.812662582844496,Bundesliga,2023-2024
7868,Diadie Samassékou,1,1,0,0.0,0,0.0,0,0,0,0,S,Hoffenheim,0,0.0,0.0,0.0,Bundesliga,2023-2024
7875,Christopher Trimmel,26,1680,0,0.3145258547738194,2,2.440682277083397,6,39,2,1,D M S,Union Berlin,0,0.3145258547738194,5.509496794082224,4.362459319643676,Bundesliga,2023-2024
7876,Christopher Lenz,6,34,0,0.0,0,0.1104272007942199,0,1,0,0,S,"Eintracht Frankfurt,RasenBallsport Leipzig",0,0.0,0.9229241237044334,0.8124969229102135,Bundesliga,2023-2024
7881,Sebastian Polter,9,456,0,1.1248192861676216,1,0.3556242045015096,9,3,0,0,F S,Darmstadt,0,1.1248192861676216,2.0692971907556057,0.9860603660345078,Bundesliga,2023-2024
7882,Sheraldo Becker,11,664,0,0.977994905784726,1,2.1538064759224653,16,12,0,0,F M S,Union Berlin,0,0.977994905784726,3.856623947620392,1.7708171596750617,Bundesliga,2023-2024
7912,Eljif Elmas,14,221,0,1.2049502842128277,0,0.1669224798679351,10,2,0,0,M S,RasenBallsport Leipzig,0,1.2049502842128277,2.6335152089595795,1.536571780219674,Bundesliga,2023-2024
7937,Julian Chabot,32,2721,0,1.098495252430439,0,0.420714683830738,19,9,7,1,D,FC Cologne,0,1.098495252430439,5.183199753053486,4.940922331996262,Bundesliga,2023-2024
7990,Christoph Zimmermann,19,1236,0,0.2057701963931322,0,0.0738291200250387,4,3,5,0,D S,Darmstadt,0,0.2057701963931322,1.7408660296350718,1.667036848142743,Bundesliga,2023-2024
8000,Ilia Gruev,1,2,0,0.0,0,0.0,0,0,0,0,S,Werder Bremen,0,0.0,0.0,0.0,Bundesliga,2023-2024
8017,Alex Kral,24,1340,0,1.7174312379211187,0,0.2186119565740227,18,5,2,0,D M S,Union Berlin,0,1.7174312379211187,4.68869945500046,3.056635794229805,Bundesliga,2023-2024
8070,Mateu Morey,3,113,0,0.0171830151230096,0,0.112567089498043,1,1,0,0,D S,Borussia Dortmund,0,0.0171830151230096,0.8347894996404648,0.7050394006073475,Bundesliga,2023-2024
8191,Giovanni Reyna,11,239,0,1.0650781691074371,0,1.0050093680620191,9,7,1,0,M S,Borussia Dortmund,0,1.0650781691074371,4.440231924876571,2.5835784133523703,Bundesliga,2023-2024
8317,Edmond Tapsoba,28,2085,0,1.0586105026304722,1,0.6888151057064533,12,9,4,0,D S,Bayer Leverkusen,0,1.0586105026304722,16.958674350753427,16.241943368688226,Bundesliga,2023-2024
8396,Jessic Ngankam,22,417,0,2.263934353366494,0,0.4608204215764999,15,5,2,1,F M S,"Eintracht Frankfurt,Mainz 05",0,1.5061576459556818,2.0515232775360346,0.8593009933829308,Bundesliga,2023-2024
8401,Luca Netz,30,2254,0,1.15903243701905,4,3.0963007863610983,17,36,2,0,D M S,Borussia M.Gladbach,0,1.15903243701905,9.005601301789284,6.364106032066047,Bundesliga,2023-2024
8648,Fraser Hornby,7,203,0,1.0771338418126106,0,0.4023185297846794,10,4,1,0,F S,Darmstadt,0,1.0771338418126106,1.5243942495435476,0.2800828441977501,Bundesliga,2023-2024
8678,Jonas Omlin,7,630,0,0.0,1,0.3304319977760315,0,1,1,0,GK,Borussia M.Gladbach,0,0.0,1.4161147885024548,1.0856827907264233,Bundesliga,2023-2024
8803,Robert Gumny,13,467,0,0.1685204040259122,0,0.1760811423882842,3,2,3,0,D S,Augsburg,0,0.1685204040259122,1.6093239467591047,1.4227177929133177,Bundesliga,2023-2024
8804,Felix Agu,24,1646,0,1.0503350887447596,0,0.746006079018116,11,7,2,0,D S,Werder Bremen,0,1.0503350887447596,5.799242444336414,4.186897806823254,Bundesliga,2023-2024
8806,Roberto Massimo,5,56,0,0.0,0,0.0577912405133247,0,1,1,0,S,VfB Stuttgart,0,0.0,0.131596365943551,0.0738051254302263,Bundesliga,2023-2024
8812,Sasa Kalajdzic,5,331,0,0.1673691570758819,1,0.7296219691634178,2,3,0,0,F,Eintracht Frankfurt,0,0.1673691570758819,1.3101872503757477,0.5645456090569496,Bundesliga,2023-2024
8821,Donny van de Beek,8,360,0,0.0810083299875259,0,0.626002736389637,1,3,1,0,F M S,Eintracht Frankfurt,0,0.0810083299875259,0.9746963763609529,0.9354151235893368,Bundesliga,2023-2024
8854,Tim Siersleben,14,903,0,0.1213570768013596,0,0.7937690913677216,3,3,1,0,D S,FC Heidenheim,0,0.1213570768013596,1.3464968912303448,1.2854830883443356,Bundesliga,2023-2024
8878,Atakan Karazor,33,2660,0,0.9654796337708832,4,3.105354379862547,19,29,9,0,M S,VfB Stuttgart,0,0.9654796337708832,18.897660940885544,15.486275654286146,Bundesliga,2023-2024
8974,Jens Petter Hauge,10,115,0,0.06740253418684,0,0.0317158810794353,1,1,0,0,S,Eintracht Frankfurt,0,0.06740253418684,0.6460278816521168,0.5786253400146961,Bundesliga,2023-2024
8987,Lilian Egloff,5,93,0,0.1221713367849588,0,0.0,3,0,1,0,M S,VfB Stuttgart,0,0.1221713367849588,0.2230807542800903,0.115456597879529,Bundesliga,2023-2024
9076,Philipp Förster,13,362,0,0.3735261894762516,0,0.4130106996744871,6,8,1,0,M S,Bochum,0,0.3735261894762516,1.110610468313098,0.6512311119586229,Bundesliga,2023-2024
9178,Merveille Papela,11,264,0,0.4438758082687855,0,0.5349623532965779,4,3,1,0,D M S,Mainz 05,0,0.4438758082687855,1.5241789072752,1.0259344577789309,Bundesliga,2023-2024
9270,Kiliann Sildillia,27,1790,0,0.535849335603416,1,0.59051757119596,7,11,2,1,D S,Freiburg,0,0.535849335603416,5.847707314416766,5.125430742278695,Bundesliga,2023-2024
9352,Masaya Okugawa,2,23,0,0.0,0,0.0,0,0,0,0,S,Augsburg,0,0.0,0.0136988889425992,0.0136988889425992,Bundesliga,2023-2024
9501,Fabio Carvalho,9,132,0,0.2135871239006519,0,0.2304075136780738,3,2,0,0,M S,RasenBallsport Leipzig,0,0.2135871239006519,0.7217054478824139,0.3711858205497265,Bundesliga,2023-2024
9629,El Chadaille Bitshiabu,6,15,0,0.0,0,0.0,0,0,0,0,S,RasenBallsport Leipzig,0,0.0,0.1743035651743412,0.1743035651743412,Bundesliga,2023-2024
9702,Manuel Riemann,33,2970,0,0.0,0,0.147290339693427,0,4,5,0,GK,Bochum,0,0.0,3.767653523012996,3.658614674583077,Bundesliga,2023-2024
9703,Maxim Leitsch,7,377,0,0.0,0,0.0,0,0,0,0,D S,Mainz 05,0,0.0,0.3328197039663791,0.3328197039663791,Bundesliga,2023-2024
9709,Erhan Masovic,29,2227,0,1.439959393814206,0,1.0276570552960038,17,4,7,0,D M S,Bochum,0,1.439959393814206,5.084696691483259,3.397561278194189,Bundesliga,2023-2024
9715,Hiroki Ito,26,2240,0,0.7480805702507496,2,1.9971041632816195,18,18,1,0,D S,VfB Stuttgart,0,0.7480805702507496,16.274456840008497,14.244097359478474,Bundesliga,2023-2024
9750,Antonios Papadopoulos,2,113,0,0.0,0,0.0,0,0,0,0,D S,Borussia Dortmund,0,0.0,1.4169259071350098,1.4169259071350098,Bundesliga,2023-2024
9752,Jesper Lindstrom,1,87,0,0.1418213844299316,0,0.0,1,0,0,0,F,Eintracht Frankfurt,0,0.1418213844299316,0.9457054734230042,0.8038840889930725,Bundesliga,2023-2024
9797,Dejan Ljubicic,26,2088,0,2.150934772565961,2,4.017072768881917,38,28,6,0,M S,FC Cologne,0,2.150934772565961,8.003899110481143,3.965411264449358,Bundesliga,2023-2024
9935,Aster Vranckx,24,1128,0,0.1110397037118673,0,0.137501161545515,4,4,6,0,M S,Wolfsburg,0,0.1110397037118673,2.3230541590601206,2.2155466321855783,Bundesliga,2023-2024
9943,Moritz Jenz,22,1775,0,0.4702929202467203,1,0.5674292035400867,7,4,5,1,D S,Wolfsburg,0,0.4702929202467203,6.539135681465268,6.472229378297925,Bundesliga,2023-2024
10143,Bryan Zaragoza,7,141,0,0.4988181181252002,0,0.5307319108396769,7,4,1,0,M S,Bayern Munich,0,0.4988181181252002,1.9517157897353168,1.0699753910303116,Bundesliga,2023-2024
10157,Mathias Olesen,6,94,0,0.0136061264201998,0,0.0084629524499177,1,1,0,1,S,FC Cologne,0,0.0136061264201998,0.0220690788701176,0.0084629524499177,Bundesliga,2023-2024
10160,Noah Atubolu,34,3060,0,0.0,0,0.0,0,0,0,0,GK,Freiburg,0,0.0,5.104440525174141,5.104440525174141,Bundesliga,2023-2024
10289,Tom Bischof,13,141,0,0.1920338720083236,2,0.722013883292675,5,5,0,0,M S,Hoffenheim,0,0.1920338720083236,0.794271819293499,0.4643583446741104,Bundesliga,2023-2024
10427,Bambasé Conté,7,26,0,0.1350983884185552,0,0.034126479178667,3,1,0,0,S,Hoffenheim,0,0.1350983884185552,0.2126864716410637,0.0434615984559059,Bundesliga,2023-2024
10498,Kenneth Schmidt,5,51,0,0.0122932633385062,0,0.1067321375012397,1,2,0,0,S,Freiburg,0,0.0122932633385062,0.1568934945389628,0.1264183558523655,Bundesliga,2023-2024
10595,Umut Tohumcu,20,1022,0,0.5710894772782922,2,1.2406918285414577,15,9,5,0,M S,Hoffenheim,0,0.5710894772782922,6.796610902994871,5.650862833485007,Bundesliga,2023-2024
10696,Noussair Mazraoui,19,1202,0,0.9278328996151686,3,2.601860685274005,12,16,3,0,D S,Bayern Munich,0,0.9278328996151686,14.216763466596603,13.023674719035624,Bundesliga,2023-2024
10697,Ryan Gravenberch,1,6,0,0.0,0,0.1902855932712555,0,2,1,0,S,Bayern Munich,0,0.0,0.5938770174980164,0.4035913944244385,Bundesliga,2023-2024
10724,Diogo Leite,32,2710,0,0.5729180835187435,0,0.5412383750081062,12,6,6,0,D S,Union Berlin,0,0.5729180835187435,6.325476054102182,5.752256024628878,Bundesliga,2023-2024
10729,Yvandro Borges Sanches,3,7,0,0.0,0,0.0,0,0,0,0,S,Borussia M.Gladbach,0,0.0,0.0,0.0,Bundesliga,2023-2024
10731,Finn Becker,22,555,0,0.1699785217642784,0,0.4481327924877405,6,6,1,0,M S,Hoffenheim,0,0.1699785217642784,2.163063019514084,1.6224692855030298,Bundesliga,2023-2024
10732,Jakub Kaminski,17,441,0,1.1023705713450909,2,1.5051188878715038,10,6,0,0,D M S,Wolfsburg,0,1.1023705713450909,3.9393463917076583,1.414673537015915,Bundesliga,2023-2024
10733,Bartol Franjic,20,1234,0,0.1960456743836403,1,0.4225994762964546,4,2,5,0,D M S,Darmstadt,0,0.1960456743836403,2.848531885072589,2.821240780875087,Bundesliga,2023-2024
10789,Anthony Rouault,22,1002,0,0.1054016537964344,2,1.3006245661526918,3,8,3,0,D S,VfB Stuttgart,0,0.1054016537964344,3.693702265620232,2.871620435267687,Bundesliga,2023-2024
10830,Jean Négoce,8,162,0,0.0,0,0.0785550773143768,0,3,0,0,M S,Eintracht Frankfurt,0,0.0,1.0497192740440369,1.0030443370342257,Bundesliga,2023-2024
10848,Florian Dietz,5,58,0,0.2644126862287521,0,0.0615693628787994,3,2,0,0,S,FC Cologne,0,0.2644126862287521,0.2867851927876472,0.0192054659128189,Bundesliga,2023-2024
10862,Tim Oermann,16,722,0,0.1127656446769833,0,0.4802052900195122,5,4,2,0,D S,Bochum,0,0.1127656446769833,0.9638971257954836,0.4773730952292681,Bundesliga,2023-2024
11031,Kilian Fischer,6,290,0,0.1642550639808178,0,0.0984699875116348,4,2,1,0,D S,Wolfsburg,0,0.1642550639808178,0.9314673393964767,0.7275718450546265,Bundesliga,2023-2024
11069,Matej Kovár,1,90,0,0.0,0,0.0,0,0,0,0,GK,Bayer Leverkusen,0,0.0,0.109728492796421,0.109728492796421,Bundesliga,2023-2024
11073,Fabio Chiarodia,7,137,0,0.0,0,0.1382360011339187,0,1,0,0,D S,Borussia M.Gladbach,0,0.0,0.9297459423542024,0.7915099486708641,Bundesliga,2023-2024
11074,Denis Huseinbasic,26,1626,0,0.3411594768986106,3,0.6191406790167093,12,16,5,0,M S,FC Cologne,0,0.3411594768986106,3.4724491965025663,2.839762404561043,Bundesliga,2023-2024
11092,Mërgim Berisha,8,251,0,0.5670692436397076,0,0.3562791123986244,11,4,0,0,F S,"Augsburg,Hoffenheim",0,0.5670692436397076,0.9159450381994249,0.1620457805693149,Bundesliga,2023-2024
11143,Nelson Weiper,5,114,0,0.6600031703710556,0,0.1306346803903579,2,2,0,0,F S,Mainz 05,0,0.6600031703710556,0.7906378507614136,0.0,Bundesliga,2023-2024
11227,Dzenan Pejcinovic,4,16,0,0.1592965424060821,0,0.1215928681194782,2,2,1,0,S,Wolfsburg,0,0.1592965424060821,0.2021501064300537,0.0,Bundesliga,2023-2024
11236,Aljoscha Kemlein,2,23,0,0.0328893437981605,0,0.0,1,0,0,0,S,Union Berlin,0,0.0328893437981605,0.6743266731500626,0.641437329351902,Bundesliga,2023-2024
11319,Justin Diehl,7,143,0,0.21597102843225,0,0.203490063548088,7,5,0,0,M S,FC Cologne,0,0.21597102843225,0.5016422364860773,0.3585634995251894,Bundesliga,2023-2024
11333,Josip Juranovic,21,1272,0,1.3066761055961251,2,2.853756513446569,12,39,4,0,D M S,Union Berlin,0,0.5488994279876351,3.448020369745791,2.261666787788272,Bundesliga,2023-2024
11350,Amin Sarr,14,350,0,0.4195053596049547,0,0.1210343204438686,6,2,0,0,F M S,Wolfsburg,0,0.4195053596049547,1.7570901960134506,1.4122108276933432,Bundesliga,2023-2024
11355,Noah Mbamba-Muanda,3,8,0,0.0418604239821434,1,0.600445568561554,1,1,0,0,S,Bayer Leverkusen,0,0.0418604239821434,0.9376006424427032,0.3371550366282463,Bundesliga,2023-2024
11410,Paxten Aaronson,7,83,0,0.0924492925405502,1,0.0662584900856018,2,1,0,0,M S,Eintracht Frankfurt,0,0.0924492925405502,0.7425932139158249,0.5838854312896729,Bundesliga,2023-2024
11585,Julien Duranville,2,5,0,0.0,0,0.0,0,0,0,0,S,Borussia Dortmund,0,0.0,0.0,0.0,Bundesliga,2023-2024
11835,Senne Lynen,32,1787,0,0.3616187218576669,3,1.7365689352154732,12,15,6,0,M S,Werder Bremen,0,0.3616187218576669,6.228365509770811,5.270159992389381,Bundesliga,2023-2024
11836,Leon Opitz,3,10,0,0.0,0,0.0,0,0,0,0,S,Werder Bremen,0,0.0,0.0,0.0,Bundesliga,2023-2024
11838,Frans Krätzig,4,44,0,0.2098601087927818,0,0.2049354761838913,2,2,0,0,S,Bayern Munich,0,0.2098601087927818,1.1618228033185003,0.8294706642627716,Bundesliga,2023-2024
11840,Jovan Milosevic,5,12,0,0.0,0,0.0,0,0,0,0,S,VfB Stuttgart,0,0.0,0.0,0.0,Bundesliga,2023-2024
11843,Noah Loosli,10,316,0,0.0,0,0.0,0,0,1,0,D S,Bochum,0,0.0,0.0347410477697849,0.0347410477697849,Bundesliga,2023-2024
11844,Tim Breithaupt,16,613,0,0.076667882502079,0,0.1054473454132676,3,3,3,0,M S,Augsburg,0,0.076667882502079,1.5497107207775116,1.4878638684749603,Bundesliga,2023-2024
11847,Grant-Leon Ranos,9,22,0,0.1453387085348367,0,0.0,3,0,0,0,S,Borussia M.Gladbach,0,0.1453387085348367,0.3346616690978408,0.189322957303375,Bundesliga,2023-2024
11848,Attila Szalai,7,393,0,0.0074080373160541,0,0.7657858580350876,1,3,1,0,D S,"Freiburg,Hoffenheim",0,0.0074080373160541,1.420810030773282,0.7999268639832735,Bundesliga,2023-2024
11849,Maximilian Breunig,2,4,0,0.0,0,0.0,0,0,0,0,S,Freiburg,0,0.0,0.0,0.0,Bundesliga,2023-2024
11850,Cédric Zesiger,23,1608,0,0.9096127366647124,0,0.047672614455223,16,1,5,0,D S,Wolfsburg,0,0.9096127366647124,6.076035015285015,5.857762202620506,Bundesliga,2023-2024
11852,Kevin Müller,34,3060,0,0.0,0,0.0554459989070892,0,1,1,0,GK,FC Heidenheim,0,0.0,2.4732332238927484,2.417787224985659,Bundesliga,2023-2024
11854,Florian Pick,22,281,0,0.3018327918834984,1,0.9613195285201072,8,9,2,0,M S,FC Heidenheim,0,0.3018327918834984,1.318059837911278,0.337092537432909,Bundesliga,2023-2024
11858,Denis Thomalla,21,413,0,0.2020928636193275,0,0.5851377435028553,3,4,0,0,M S,FC Heidenheim,0,0.2020928636193275,0.3864306155592203,0.0768599491566419,Bundesliga,2023-2024
11859,Omar Traoré,31,2495,0,0.2996252682060003,2,1.5487096402794125,11,19,5,0,D M S,FC Heidenheim,0,0.2996252682060003,5.333975475281477,3.824632803909481,Bundesliga,2023-2024
11861,Stefan Schimmer,16,117,0,0.5988056659698486,1,0.8167678117752075,5,1,0,0,S,FC Heidenheim,0,0.5988056659698486,1.5782188177108765,0.2775787711143493,Bundesliga,2023-2024
11862,Norman Theuerkauf,25,1261,0,0.5631319470703602,1,0.7616560496389866,7,11,3,0,D M S,FC Heidenheim,0,0.5631319470703602,2.716423327103257,1.8859585616737604,Bundesliga,2023-2024
11868,Arthur,4,175,0,0.097993990406394,2,0.399464551359415,2,5,0,0,D S,Bayer Leverkusen,0,0.097993990406394,0.6566111017018557,0.1591525413095951,Bundesliga,2023-2024
11869,Gustavo Puerta,7,32,0,0.1002520658075809,0,0.0702392607927322,2,1,0,0,S,Bayer Leverkusen,0,0.1002520658075809,0.4855824783444404,0.3396045714616775,Bundesliga,2023-2024
11871,Nicolas Seiwald,21,677,0,0.0,2,0.2528872732073068,0,5,1,0,M S,RasenBallsport Leipzig,0,0.0,2.5311324950307608,2.33156618475914,Bundesliga,2023-2024
11892,Leart Paqarada,17,1064,0,0.3291083248332143,0,1.96383623406291,10,21,0,0,D S,FC Cologne,0,0.3291083248332143,1.4707817286252975,1.0354264453053474,Bundesliga,2023-2024
11893,Rasmus Carstensen,23,1643,0,0.8789425641298294,0,3.29796152189374,10,16,0,1,D M S,FC Cologne,0,0.8789425641298294,5.462368227541447,3.313492329791188,Bundesliga,2023-2024
11895,Jacob Christensen,7,205,0,0.0182674210518598,0,0.0937909930944442,1,2,1,0,M S,FC Cologne,0,0.0182674210518598,0.6576025113463402,0.6196731775999069,Bundesliga,2023-2024
11908,David Mamutovic,2,5,0,0.0,0,0.0,0,0,0,0,S,Mainz 05,0,0.0,0.0,0.0,Bundesliga,2023-2024
11910,William Pacho,33,2970,0,1.3089734893292189,2,0.8661881368607283,10,7,7,0,D,Eintracht Frankfurt,0,1.3089734893292189,10.655748518183827,9.83799609169364,Bundesliga,2023-2024
11912,Marcel Schuhen,31,2790,0,0.0,0,0.0860880687832832,0,1,2,0,GK,Darmstadt,0,0.0,3.5562935806810856,3.470205519348383,Bundesliga,2023-2024
11914,Emir Karic,27,1789,0,0.4390908014029264,0,1.406511797569692,12,20,4,0,D M S,Darmstadt,0,0.4390908014029264,5.251124709844589,4.494702987372875,Bundesliga,2023-2024
11919,Fabian Schnellhardt,10,218,0,0.1420575659722089,0,0.0607444774359464,5,2,1,0,M S,Darmstadt,0,0.1420575659722089,0.6631640568375587,0.573362254537642,Bundesliga,2023-2024
11920,Braydon Manu,4,179,0,0.4165120385587215,0,0.0389801962301135,5,3,1,0,M S,Darmstadt,0,0.4165120385587215,0.5067313583567739,0.0880579706281423,Bundesliga,2023-2024
11921,Filip Stojilkovic,6,127,0,0.1112240031361579,0,0.0,3,0,1,0,S,Darmstadt,0,0.1112240031361579,0.0481303734704852,0.0078852353617548,Bundesliga,2023-2024
11923,Jannik Müller,16,1115,0,0.1272055692970752,0,0.062849273905158,3,2,5,0,D M S,Darmstadt,0,0.1272055692970752,1.2896067099645734,1.2116989074274898,Bundesliga,2023-2024
11924,Clemens Riedel,14,749,0,0.3014681367203593,0,0.5485061015933752,8,6,2,0,D M S,Darmstadt,0,0.3014681367203593,2.551959738135338,2.3497156724333763,Bundesliga,2023-2024
11925,Thomas Isherwood,12,649,0,0.0,0,0.0350511409342289,0,1,1,0,D S,Darmstadt,0,0.0,0.8119191695004702,0.8119191695004702,Bundesliga,2023-2024
11991,Lukas Ullrich,4,39,0,0.0,0,0.0,0,0,0,0,S,Borussia M.Gladbach,0,0.0,0.0911717340350151,0.0911717340350151,Bundesliga,2023-2024
12023,Thomas Keller,2,2,0,0.0,0,0.0,0,0,0,0,S,FC Heidenheim,0,0.0,0.0,0.0,Bundesliga,2023-2024
12029,Daniel Batz,4,360,0,0.0,0,0.0,0,0,0,0,GK,Mainz 05,0,0.0,0.1429326385259628,0.1429326385259628,Bundesliga,2023-2024
12042,Daniel Peretz,1,15,0,0.0,0,0.0,0,0,0,0,S,Bayern Munich,0,0.0,0.0,0.0,Bundesliga,2023-2024
12067,Luca Raimund,3,23,0,0.8934257626533508,0,0.0,2,0,1,0,S,VfB Stuttgart,0,0.8934257626533508,1.5341386757791042,0.6407129727303982,Bundesliga,2023-2024
12069,Junior Adamu,15,63,0,0.0992888286709785,0,0.3055990636348724,2,1,0,0,S,Freiburg,0,0.0992888286709785,0.5205853953957558,0.1156974919140338,Bundesliga,2023-2024
12070,Jordy Makengo,20,1043,0,0.1532070208340883,0,0.1944871172308921,3,5,1,0,D S,Freiburg,0,0.1532070208340883,3.5838348772376776,3.26492833904922,Bundesliga,2023-2024
12072,Patric Pfeiffer,11,503,0,0.4534807316958904,1,0.6695820167660713,11,4,0,0,D S,Augsburg,0,0.4534807316958904,1.06826829072088,0.2537745581939816,Bundesliga,2023-2024
12090,Andreas Müller,11,334,0,0.0725825019180774,0,0.0165319163352251,3,1,3,0,M S,Darmstadt,0,0.0725825019180774,0.9415937978774308,0.9020726475864648,Bundesliga,2023-2024
12099,Frank Ronstadt,4,62,0,0.0718104019761085,0,0.0137434285134077,3,1,0,0,S,Darmstadt,0,0.0718104019761085,0.0843069367110729,0.0414292179048061,Bundesliga,2023-2024
12108,Fabian Rüdlin,1,3,0,0.0,0,0.0,0,0,0,0,S,Freiburg,0,0.0,0.0373377688229084,0.0373377688229084,Bundesliga,2023-2024
12134,Moritz-Broni Kwarteng,11,254,0,1.7395308427512646,1,0.3739005522802472,14,4,1,1,F M S,Bochum,0,1.7395308427512646,1.8945809453725813,0.6347060203552246,Bundesliga,2023-2024
12226,Marcus Müller,1,15,0,0.0134237660095095,0,0.0,1,0,0,0,S,Mainz 05,0,0.0134237660095095,0.0134237660095095,0.0,Bundesliga,2023-2024
12232,Kofi Amoako,2,2,0,0.0,0,0.0,0,0,0,0,S,Wolfsburg,0,0.0,0.0,0.0,Bundesliga,2023-2024
12249,Fabio Torsiello,10,116,0,0.4996874183416366,0,0.07237359136343,4,1,0,0,F S,Darmstadt,0,0.4996874183416366,0.5928282178938389,0.0658443346619606,Bundesliga,2023-2024
12250,Elias Baum,4,21,0,0.0,0,0.0,0,0,0,0,S,Eintracht Frankfurt,0,0.0,0.0332672037184238,0.0332672037184238,Bundesliga,2023-2024
12254,Hendry Blank,1,36,0,0.0,0,0.0,0,0,0,0,S,Borussia Dortmund,0,0.0,0.0846703574061393,0.0846703574061393,Bundesliga,2023-2024
12266,Samuel Bamba,2,40,0,0.1001552492380142,0,0.1008847057819366,2,1,0,0,S,Borussia Dortmund,0,0.1001552492380142,0.5207335352897644,0.3196935653686523,Bundesliga,2023-2024
12277,Samuele Di Benedetto,1,1,0,0.0,0,0.0210212133824825,0,1,0,0,S,VfB Stuttgart,0,0.0,0.0,0.0,Bundesliga,2023-2024
12348,Ole Pohlmann,2,50,0,0.0575165338814258,0,0.0503891259431839,1,1,0,0,S,Borussia Dortmund,0,0.0575165338814258,0.1079056635499,0.0,Bundesliga,2023-2024
12370,Nuha Jatta,1,1,0,0.0,0,0.0,0,0,0,0,S,RasenBallsport Leipzig,0,0.0,0.0,0.0,Bundesliga,2023-2024
12372,David Jurásek,13,474,0,0.1003778837621212,1,1.2145703472197056,5,6,1,0,D M S,Hoffenheim,0,0.1003778837621212,3.209126329049468,1.956794848665595,Bundesliga,2023-2024
12373,Shio Fukuda,5,23,0,0.0977842062711715,0,0.0120176570490002,2,1,0,0,S,Borussia M.Gladbach,0,0.0977842062711715,0.2082750461995601,0.1382360011339187,Bundesliga,2023-2024
12399,Kjell-Arik Wätjen,2,103,0,0.0,1,0.7191968560218811,0,3,0,0,M S,Borussia Dortmund,0,0.0,1.1783769130706787,0.4591800272464752,Bundesliga,2023-2024
12406,Pep Biel,11,242,0,0.9485033508390188,0,0.17878810595721,6,4,1,0,S,Augsburg,0,0.9485033508390188,1.212286819703877,0.1036668643355369,Bundesliga,2023-2024
12430,Nnamdi Collins,2,87,0,0.0,0,0.0,0,0,0,0,D S,Eintracht Frankfurt,0,0.0,0.103748008608818,0.103748008608818,Bundesliga,2023-2024
12431,Isak Hansen-Aaröen,3,18,0,0.0,0,0.1230475530028343,0,1,1,0,S,Werder Bremen,0,0.0,0.1230475530028343,0.0,Bundesliga,2023-2024
12432,Christian Kühlwetter,1,6,0,0.0,1,0.62220299243927,0,1,0,0,S,FC Heidenheim,0,0.0,0.62220299243927,0.0,Bundesliga,2023-2024
12469,Tim Drexler,8,565,0,0.0,0,0.0137376682832837,0,1,1,0,D S,Hoffenheim,0,0.0,2.8544292896986008,2.8544292896986008,Bundesliga,2023-2024
12470,Max Moerstedt,1,10,0,0.0,0,0.0,0,0,0,0,S,Hoffenheim,0,0.0,0.0,0.0,Bundesliga,2023-2024
12547,Joel Imasuen,1,1,0,0.0,0,0.0,0,0,0,0,S,Werder Bremen,0,0.0,0.0,0.0,Bundesliga,2023-2024
12569,Marko Mladenovic,1,1,0,0.0,0,0.0,0,0,0,0,S,Eintracht Frankfurt,0,0.0,0.0,0.0,Bundesliga,2023-2024
12599,Asaf Arania,1,2,0,0.0,0,0.0,0,0,0,0,S,Darmstadt,0,0.0,0.0,0.0,Bundesliga,2023-2024
12619,Matteo Vinlöf,1,14,0,0.0,0,0.0,0,0,0,0,S,Bayern Munich,0,0.0,0.0,0.0,Bundesliga,2023-2024
12620,Jonathan Asp Jensen,1,1,0,0.0,0,0.0,0,0,0,0,S,Bayern Munich,0,0.0,0.0,0.0,Bundesliga,2023-2024
12627,Mahmut Kücüksahin,1,1,0,0.0,0,0.0,0,0,0,0,S,Augsburg,0,0.0,0.0,0.0,Bundesliga,2023-2024
12628,Jonathan Norbye,1,1,0,0.0,0,0.0,0,0,0,0,S,RasenBallsport Leipzig,0,0.0,0.0,0.0,Bundesliga,2023-2024
12629,Bennit Bröger,1,7,0,0.0,0,0.0,0,0,0,0,S,Wolfsburg,0,0.0,0.0,0.0,Bundesliga,2023-2024
3423,Kylian Mbappe-Lottin,29,2144,27,21.30484156869352,7,6.111246053129435,120,40,4,0,F M S,Paris Saint Germain,21,15.22408035211265,27.302389673888683,9.621899209916592,Ligue 1,2023-2024
3277,Alexandre Lacazette,29,2328,19,14.314888790249825,2,2.1464070649817586,62,20,3,1,F S,Lyon,17,12.794698551297188,14.286405302584171,2.908077796921134,Ligue 1,2023-2024
8636,Jonathan Christian David,34,2662,19,20.245989114046097,4,3.6278544832021,79,32,4,0,F S,Lille,17,17.965703658759594,23.10569333843887,5.178990771993995,Ligue 1,2023-2024
318,Pierre-Emerick Aubameyang,34,2651,16,22.92249481752515,8,5.676151594147086,116,26,4,0,F M S,Marseille,12,19.88211416080594,26.3315849006176,4.60744265653193,Ligue 1,2023-2024
3210,Wissam Ben Yedder,32,2329,16,15.413016859441996,2,5.340569153428078,64,38,2,0,F S,Monaco,15,14.652921769768,22.80396420881152,5.4832504671067,Ligue 1,2023-2024
10794,Thijs Dallinga,33,2526,14,15.851471649482846,2,1.827732164412737,84,19,6,0,F S,Toulouse,13,13.57118628360331,14.745851553976536,2.933907760307193,Ligue 1,2023-2024
8187,Georges Mikautadze,20,1767,13,9.639897767454386,4,2.277865383774042,57,21,0,1,F,Metz,10,7.3596123568713665,11.434298023581505,2.7773917419835925,Ligue 1,2023-2024
8997,Terem Igobor Moffi,30,1985,11,10.773453200235965,2,4.1571652777493,49,22,4,0,F S,Nice,8,8.493167841807008,13.66520450077951,2.869547951966524,Ligue 1,2023-2024
11767,Gonçalo Ramos,29,1432,11,10.042182721197603,1,2.3267749901860952,55,16,1,0,F S,Paris Saint Germain,10,9.282087549567224,14.44456380046904,5.904165701940656,Ligue 1,2023-2024
8056,Arnaud Kalimuendo Muinga,30,2185,10,9.685840448364615,1,2.39311717171222,61,28,6,0,F S,Rennes,8,8.165650209411979,13.25514984689653,3.5458899727091198,Ligue 1,2023-2024
8239,Takumi Minamino,30,2159,10,7.044541770592332,6,5.270321061834693,61,34,4,0,F M S,Monaco,10,7.044541770592332,17.90679496154189,7.167916463688016,Ligue 1,2023-2024
4773,Benjamin Bourigeaud,32,2467,9,9.492334720678627,6,6.859400821849704,51,69,2,0,D F M S,Rennes,2,4.171668753959239,14.009798239916565,7.762860920280218,Ligue 1,2023-2024
6863,Téji Savanier,32,2802,9,9.534016711637378,7,8.263342382386327,82,96,8,1,M,Montpellier,2,4.213350744917989,13.434316385537386,7.70728618465364,Ligue 1,2023-2024
9182,Sepe Elye Wahi,28,1723,9,14.083894703537226,3,3.1773214172571898,60,17,8,1,F S,"Lens,Montpellier",8,13.323799524456264,18.523378144949675,2.332134653814137,Ligue 1,2023-2024
3721,Romain Del Castillo,33,2557,8,5.3914333544671535,8,10.25096280220896,39,89,4,0,F M S,Brest,5,3.111147861927748,17.506020214408636,9.412143738940358,Ligue 1,2023-2024
10783,Muhammed-Cham Saracevic,33,2580,8,9.278165878728032,4,3.048882992938161,74,49,4,0,F M S,Clermont Foot,4,5.477690229192376,11.946519818156958,6.487531292252243,Ligue 1,2023-2024
10831,Mostafa Mohamed,29,2052,8,7.874880239367485,2,2.762396715581417,65,23,3,1,F S,Nantes,5,5.594594830647111,8.693812534213066,1.4545363886281848,Ligue 1,2023-2024
11783,Akor Adams,32,2304,8,13.71569935977459,1,1.9707514513283968,79,18,2,0,F S,Montpellier,8,13.71569935977459,14.545285888016224,1.308993379585445,Ligue 1,2023-2024
11817,Emanuel Emegha,28,2105,8,10.774887776002288,1,0.3396829972043633,48,9,3,0,F S,Strasbourg,8,10.01479265652597,10.69280936382711,1.1465704198926687,Ligue 1,2023-2024
12383,Mohamed Bamba,16,1163,8,7.702964879572391,3,2.106854500249028,38,14,3,0,F M S,Lorient,7,6.942869700491428,9.102448683232067,1.4751060977578163,Ligue 1,2023-2024
3348,Florian Sotoca,32,2615,7,8.699992233887315,6,7.505253344774246,68,50,4,1,D F M S,Lens,3,5.659611718729138,21.025430120527744,11.286432217806578,Ligue 1,2023-2024
3799,Wesley Said,27,1004,7,6.774058876559138,1,1.0907432921230793,45,13,1,0,F S,Lens,7,6.774058876559138,7.255487274378538,0.8935680435970426,Ligue 1,2023-2024
5611,Martin Terrier,24,1561,7,5.484762106090784,3,3.058112908154726,38,16,2,1,F M S,Rennes,7,5.484762106090784,8.320196202024817,2.023215502500534,Ligue 1,2023-2024
6401,Amine Gouiri,31,2090,7,8.593208337202668,3,2.2471080673858523,78,21,2,0,F M S,Rennes,7,8.593208337202668,13.86965735629201,5.2739784168079495,Ligue 1,2023-2024
6452,Mahdi Camara,32,2071,7,5.036631565541029,3,3.4732709750533104,42,31,7,0,M S,Brest,6,4.276536386460066,10.790371301583946,4.385030290111899,Ligue 1,2023-2024
8777,Vitinha,28,2127,7,3.116927620954812,4,3.475747575983405,45,36,0,0,F M S,Paris Saint Germain,7,3.116927620954812,19.426674520596865,15.858192145824432,Ligue 1,2023-2024
9690,Folarin Balogun,29,1712,7,12.501815546303988,5,3.484191540628672,66,25,1,0,F S,Monaco,7,10.22153015807271,14.938280303031206,3.167869232594967,Ligue 1,2023-2024
10058,Maghnes Akliouche,28,1618,7,5.47180512920022,4,3.782016538083553,35,38,5,0,F M S,Monaco,7,5.47180512920022,15.916594874113798,8.480356054380536,Ligue 1,2023-2024
2897,Aleksandr Golovin,25,2177,6,4.375330166891217,6,5.106445733457804,45,51,8,1,F M,Monaco,6,4.375330166891217,12.569110073149204,6.559793988242745,Ligue 1,2023-2024
3544,Jeremie Boga,28,2034,6,5.111232029274106,6,5.038571942597628,39,34,1,0,D F M S,Nice,6,5.111232029274106,13.020861614495516,6.126380542293191,Ligue 1,2023-2024
3800,Steve Mounie,32,1778,6,10.936348255723717,2,1.9047060329467056,59,21,2,1,F S,Brest,6,10.936348255723717,13.199898360297084,4.71943000331521,Ligue 1,2023-2024
5311,Vincent Sierro,30,2268,6,5.410428666509688,2,2.150746964849532,36,31,8,0,M S,Toulouse,2,1.609952942468226,5.913235186599195,4.690571770071983,Ligue 1,2023-2024
5684,Arnaud Nordin,20,1253,6,3.402373623102904,3,3.059761773794889,31,21,1,1,F M S,Montpellier,6,3.402373623102904,7.7947336211800575,2.7146856039762497,Ligue 1,2023-2024
5743,Randal Kolo Muani,26,1261,6,6.060104067437351,5,2.945527248084545,22,26,1,0,F M S,Paris Saint Germain,6,6.060104067437351,11.092200070619583,3.891284951940179,Ligue 1,2023-2024
8006,Evann Guessand,34,1508,6,9.788425955921412,0,1.4258180130273104,48,15,1,0,F M S,Nice,4,8.268235716968775,9.983116066083312,2.018603900447488,Ligue 1,2023-2024
10100,Kamory Doumbia,25,845,6,3.515577346086502,5,1.029841810464859,25,12,1,0,M S,Brest,6,3.515577346086502,6.354501243680716,2.294132273644209,Ligue 1,2023-2024
10328,Edon Zhegrova,33,2333,6,6.623751133680344,6,6.066135792993009,82,47,3,1,F M S,Lille,6,6.623751133680344,15.320663623511791,6.366063013672829,Ligue 1,2023-2024
11754,Teddy Teuma,28,2143,6,3.2207208909094334,3,3.952919630333781,44,43,7,0,M S,Reims,5,2.4606257379055023,9.891975186765194,7.325576866045594,Ligue 1,2023-2024
713,André Ayew,19,1106,5,3.90908195823431,0,1.1872607376426458,33,8,2,1,F M S,Le Havre,5,3.90908195823431,5.20885119214654,0.7863170336931944,Ligue 1,2023-2024
3746,Gaetan Laborde,34,1922,5,8.125969402492046,2,2.399031098932028,63,27,2,0,F M S,Nice,4,6.6057791113853455,11.621101446449757,4.086496219038963,Ligue 1,2023-2024
6420,Romain Faivre,17,1452,5,2.751144153997302,1,1.3688614312559366,27,16,1,0,F M S,Lorient,5,2.751144153997302,6.2825479209423065,3.762773288413882,Ligue 1,2023-2024
7268,Bafode Diakite,21,1695,5,2.9714528992772102,2,1.72285920009017,16,13,4,0,D S,Lille,5,2.9714528992772102,5.852686842903495,5.478594264015555,Ligue 1,2023-2024
7756,Yusuf Yazici,27,1318,5,6.340119296684861,2,2.655162677168846,40,18,5,0,D F M S,Lille,5,6.340119296684861,8.720471452921629,2.335673050954938,Ligue 1,2023-2024
9490,Matthis Abline,22,1048,5,3.47554353903979,0,2.266896899789572,42,17,1,0,F M S,Nantes,5,3.47554353903979,7.098511226475239,1.9423844907432797,Ligue 1,2023-2024
9646,Mohamed Bayo,22,1408,5,7.344980435445905,1,0.6225849771872163,47,13,4,0,F S,Le Havre,3,5.824790125712752,6.415509121492505,0.437967212870717,Ligue 1,2023-2024
10193,Frank Magri,29,1425,5,3.865499809384346,2,1.3850213140249252,41,14,4,0,F M S,Toulouse,5,3.865499809384346,6.83569161221385,2.5519598154351115,Ligue 1,2023-2024
11504,Eli Junior Kroupi,30,1065,5,4.23556845728308,3,2.0847119065001607,22,11,1,0,F M S,Lorient,5,4.23556845728308,7.326598536223173,2.477607460692525,Ligue 1,2023-2024
11753,Oumar Diakité,28,1601,5,6.596211787313223,1,1.855064818635583,36,15,4,0,F S,Reims,5,5.8361166678369045,8.396560048684478,2.008635824546218,Ligue 1,2023-2024
11782,Mousa Al Tamari,27,1969,5,4.405066933482885,2,3.3391671553254128,47,20,0,0,F M S,Montpellier,5,4.405066933482885,9.409519232809544,2.7625695280730724,Ligue 1,2023-2024
11906,Emmanuel Sabbi,30,1598,5,4.6934321243315935,1,1.693899305537343,31,10,5,0,F M S,Le Havre,3,3.1733074951916933,6.173611456528306,2.053918185643852,Ligue 1,2023-2024
11907,Mohamed Daramy,25,1674,5,6.099191207438707,5,2.915613763034344,32,23,0,0,F M S,Reims,4,5.339096043258905,9.443968892097471,3.3310300074517727,Ligue 1,2023-2024
2117,Marco Asensio,19,1113,4,4.186658531427383,5,5.453711749985814,27,33,0,0,F M S,Paris Saint Germain,4,4.186658531427383,13.65283788368106,6.291693858802319,Ligue 1,2023-2024
2442,Kevin Gameiro,27,1347,4,3.81428830511868,2,3.140614176169038,29,24,0,0,F M S,Strasbourg,2,2.2940980065613985,6.658012803643942,2.1801937632262707,Ligue 1,2023-2024
3223,Benjamin André,30,2576,4,3.674980757758021,0,1.4772163350135088,23,20,8,0,M S,Lille,4,3.674980757758021,11.224076591432096,8.860409907996655,Ligue 1,2023-2024
3475,Ludovic Blas,29,1561,4,4.779703591018915,1,1.9489189833402636,45,20,3,0,F M S,Rennes,3,3.2595133520662785,7.355839474126697,3.0274975951761007,Ligue 1,2023-2024
5197,Achraf Hakimi,25,1933,4,3.9934143386781216,5,5.582610415294766,42,43,3,0,D S,Paris Saint Germain,4,3.9934143386781216,17.540421098470688,11.59443087130785,Ligue 1,2023-2024
5619,Pierre Lees-Melou,29,2530,4,2.4142561042681336,0,3.014383472502232,52,28,10,1,M,Brest,4,2.4142561042681336,14.741135323420169,10.844613229855897,Ligue 1,2023-2024
5624,Yunis Abdelhamid,31,2785,4,3.332101697102189,0,0.2297642230987548,22,6,5,0,D,Reims,3,2.5720065776258707,8.613752303645015,7.436235349625349,Ligue 1,2023-2024
5677,Florent Mollet,29,2100,4,6.727348856627941,4,2.38288186583668,63,38,4,0,F M S,Nantes,4,6.727348856627941,11.43734343536198,4.16294065490365,Ligue 1,2023-2024
6147,Denis Zakaria,25,2155,4,2.2434440618380904,0,1.0849895384162664,26,11,9,2,D M S,Monaco,4,2.2434440618380904,8.510517873801291,6.227434668689966,Ligue 1,2023-2024
6945,Youssouf Fofana,32,2709,4,5.708632782101631,4,4.075116904452443,52,40,3,0,M S,Monaco,4,5.708632782101631,17.21247176080942,11.400775265879927,Ligue 1,2023-2024
7908,Marshall Munetsi,27,2187,4,7.32050568331033,3,1.812375396490097,44,12,5,0,F M S,Reims,4,7.32050568331033,10.674800753593445,3.6056861709803343,Ligue 1,2023-2024
8657,Jeremy Le Douaron,33,1634,4,7.360610231757164,0,0.5459868758916855,50,9,3,0,F M S,Brest,4,7.360610231757164,9.564942386001348,2.0988667560741305,Ligue 1,2023-2024
8759,David Pereira Da Costa,25,1508,4,3.3974218741059303,2,2.882254445925355,30,26,3,0,F M S,Lens,4,3.3974218741059303,8.578894898295403,4.864923959597945,Ligue 1,2023-2024
9001,Martín Satriano,33,1883,4,6.565474736504257,4,3.3374714450910687,63,21,4,0,F M S,Brest,4,6.565474736504257,11.129465272650124,3.487907554022968,Ligue 1,2023-2024
9345,Ahmadou Bamba Dieng,16,530,4,3.505000371485949,1,1.2395724318921566,17,8,3,0,F S,Lorient,4,3.505000371485949,4.980763081461191,0.5460636466741562,Ligue 1,2023-2024
9632,Deiver Machado,19,1136,4,1.784729102626443,0,1.255944062024355,16,13,4,0,D S,Lens,4,1.784729102626443,4.551569402217865,2.484481608495116,Ligue 1,2023-2024
10016,Bradley Barcola,28,1665,4,5.587399275973439,7,5.790045220404863,33,32,1,1,D F M S,"Lyon,Paris Saint Germain",4,5.587399275973439,14.698110453784466,5.2658564280718565,Ligue 1,2023-2024
10431,Désiré Doué,31,1613,4,2.506785422563553,4,3.2440088354051118,34,31,3,0,F M S,Rennes,4,2.506785422563553,8.33095910679549,4.203312116675079,Ligue 1,2023-2024
10455,Shamar Nicholson,26,1489,4,6.594864312559366,3,1.191740025766194,40,18,2,0,F S,Clermont Foot,3,5.074674028903246,7.210880653001368,1.2717416286468506,Ligue 1,2023-2024
11371,Ibrahim Salah,23,480,4,3.4569018948823214,1,0.8240513857454062,17,5,3,0,F M S,Rennes,4,3.4569018948823214,4.433549581095576,0.8108308762311935,Ligue 1,2023-2024
11755,Keito Nakamura,25,1410,4,3.65666695125401,1,1.6749480552971363,41,14,1,0,F M S,Reims,4,3.65666695125401,7.118444759398699,2.8518834207206964,Ligue 1,2023-2024
11791,Nabil Alioui,18,1026,4,2.152775105088949,1,1.971198357641697,28,24,1,0,F M S,Le Havre,4,2.152775105088949,3.7549580624327055,1.0701203802600503,Ligue 1,2023-2024
12014,Jake O&#039;Brien,27,2369,4,3.1601644456386566,2,1.7144725359976292,18,5,4,1,D,Lyon,4,3.1601644456386566,6.373841376975179,6.311421249061823,Ligue 1,2023-2024
3226,Ousmane Dembélé,26,1522,3,5.467531647533178,8,7.214480429887772,43,59,0,0,F M S,Paris Saint Germain,3,5.467531647533178,17.94719810411334,8.73319387435913,Ligue 1,2023-2024
3585,Said Benrahma,12,799,3,1.6094996351748705,3,3.6835075058043,25,23,2,0,F M S,Lyon,3,1.6094996351748705,6.620961874723434,2.8606580197811127,Ligue 1,2023-2024
5675,Ismaila Sarr,23,1434,3,4.0526722595095634,4,2.7649366967380047,25,20,1,0,F M S,Marseille,3,4.0526722595095634,10.08843206614256,4.578065328299999,Ligue 1,2023-2024
5745,Matthieu Udol,30,2700,3,1.55330375675112,3,2.996099198237061,19,32,5,0,D,Metz,3,1.55330375675112,5.1083391066640615,3.376788841560483,Ligue 1,2023-2024
5800,Lebo Mothiba,15,597,3,5.460810614749789,0,0.1876826770603656,16,5,0,0,F S,Strasbourg,3,5.460810614749789,5.827408976852894,0.3450762145221233,Ligue 1,2023-2024
5801,Christopher Operi,28,2448,3,1.9374558152630923,4,4.101986763067544,23,49,6,0,D,Le Havre,3,1.9374558152630923,6.740914304740727,4.17554272711277,Ligue 1,2023-2024
6069,Ablie Jallow,17,924,3,2.1019286774098878,2,0.7209161873906851,18,12,1,0,F M S,Metz,2,1.341833557933569,2.6764203933998942,1.1510307667776942,Ligue 1,2023-2024
6773,Samuel Gigot,21,1735,3,3.78363386914134,0,0.6496247239410877,19,7,7,1,D S,Marseille,3,3.78363386914134,7.087280634790659,6.3591769225895405,Ligue 1,2023-2024
6874,Yann Gboho,16,1215,3,1.632133223116398,2,1.9749648943543436,23,17,1,0,F M S,Toulouse,3,1.632133223116398,5.7997128292918205,2.677903775125742,Ligue 1,2023-2024
7169,Moses Simon,22,1803,3,4.668348058126867,5,3.968233197927475,34,29,0,0,F M S,Nantes,2,3.908252893947065,9.504107100889088,2.425846144556999,Ligue 1,2023-2024
7313,Lee Kang-In,23,1477,3,2.020375344902277,4,3.2733469223603606,23,27,2,0,D F M S,Paris Saint Germain,3,2.020375344902277,10.943470425903795,6.928839895874262,Ligue 1,2023-2024
7743,Pereira Lage,30,1167,3,3.957470413297415,2,2.3346722200512886,36,14,3,0,F M S,Brest,3,3.957470413297415,6.131544962525368,1.2869406640529633,Ligue 1,2023-2024
8677,Lilian Brassier,30,2679,3,1.2170368153601885,0,0.634378707036376,11,6,9,1,D,Brest,3,1.2170368153601885,6.119855243712664,5.743897553533316,Ligue 1,2023-2024
8686,Cheick Tidiane Sabaly,29,1408,3,2.583535738289356,1,1.141747161746025,21,9,5,0,F M S,Metz,3,2.583535738289356,4.657344026491046,1.6435944736003876,Ligue 1,2023-2024
8697,Jonathan Clauss,27,2089,3,1.394891146570444,4,4.359142733737826,28,46,2,1,D M S,Marseille,3,1.394891146570444,13.26696152612567,9.870473228394983,Ligue 1,2023-2024
8920,Dilane Bakwa,31,2187,3,3.3611376946792006,6,5.99444548971951,44,48,4,1,F M S,Strasbourg,3,3.3611376946792006,10.853785425424576,3.850510520860553,Ligue 1,2023-2024
9307,Iliman Ndiaye,30,1647,3,4.741980096325278,3,2.8300538305193186,35,22,0,1,F M S,Marseille,3,4.741980096325278,12.221890777815132,5.667855674866587,Ligue 1,2023-2024
9448,Dion Moise Sahi,18,613,3,3.761172002181411,1,1.216288346797228,24,5,0,0,F M S,Strasbourg,3,3.761172002181411,5.305808056145906,1.6168418619781733,Ligue 1,2023-2024
9633,Przemyslaw Frankowski,30,2199,3,4.115753903985024,2,4.827693289145827,31,39,4,0,D M S,Lens,2,2.5955636128783226,12.676617067307234,8.174650894477963,Ligue 1,2023-2024
9767,Habib Diarra,31,2337,3,3.1546090682968497,1,1.586253142915666,39,21,3,0,F M S,Strasbourg,2,2.394513927400112,7.443974677473307,4.463788837194443,Ligue 1,2023-2024
10271,Vanderson,20,1677,3,2.644009420182556,1,2.201288294047117,30,19,4,1,D M,Monaco,3,2.644009420182556,10.887180641293526,6.513446312397718,Ligue 1,2023-2024
10701,Nicolás Tagliafico,25,2139,3,3.263522985391319,1,0.8974769078195095,15,18,5,1,D M,Lyon,3,3.263522985391319,7.981826696544886,5.2273042015731335,Ligue 1,2023-2024
10796,Zakaria Aboukhlal,13,764,3,3.2044861800968647,0,0.2308216318488121,28,5,2,0,F M S,Toulouse,2,2.444391045719385,2.9525407031178474,0.9363008737564088,Ligue 1,2023-2024
10819,Khalil Fayad,23,1022,3,2.1196256168186665,0,0.9183327397331597,17,8,2,0,F M S,Montpellier,3,2.1196256168186665,2.4130981201305985,0.8853267254307866,Ligue 1,2023-2024
10920,Junya Ito,31,2745,3,5.085144154727459,7,11.214461904019116,46,79,2,0,D F M,Reims,3,5.085144154727459,17.437305003404617,5.176961925812066,Ligue 1,2023-2024
11015,Julien Ponceau,32,2272,3,3.197014134377241,2,2.7552311634644866,33,35,5,0,F M S,Lorient,3,3.197014134377241,10.707108356058598,6.225061770528555,Ligue 1,2023-2024
11380,Vitinha,18,921,3,5.534087149426341,2,2.816041424870491,37,18,1,0,F S,Marseille,3,5.534087149426341,11.574844017624857,4.518646661192179,Ligue 1,2023-2024
11752,Amir Richardson,28,1354,3,2.0540283527225256,1,1.2164121214300394,17,12,4,0,M S,Reims,3,2.0540283527225256,4.412331238389015,3.3830718714743853,Ligue 1,2023-2024
12060,Ernest Nuamah,29,1861,3,4.488262306898832,2,4.6635559890419245,43,29,4,0,F M S,Lyon,3,4.488262306898832,10.613944187760351,4.294388744980097,Ligue 1,2023-2024
12111,Amir Murillo,16,979,3,0.9443634413182737,2,1.604901198297739,5,7,3,0,D S,Marseille,3,0.9443634413182737,5.3255571611225605,3.957347460091114,Ligue 1,2023-2024
12336,Malick Fofana,17,521,3,2.3040476609021425,0,0.6635458040982485,9,6,0,0,D F S,Lyon,3,2.3040476609021425,4.472375379875302,2.0387245416641235,Ligue 1,2023-2024
12425,Faris Moumbagna,13,532,3,2.297125905752182,1,0.9849253073334694,16,4,0,1,F S,Marseille,3,2.297125905752182,3.6564183309674254,0.9049820774234832,Ligue 1,2023-2024
849,Chancel Mbemba,25,2213,2,1.8016112111508849,2,0.9920555800199508,19,7,1,0,D,Marseille,2,1.8016112111508849,8.687920725438744,8.569199843797833,Ligue 1,2023-2024
1754,Joel Asoro,20,849,2,0.8502524234354496,1,0.4549936512485146,6,8,2,0,F M S,Metz,2,0.8502524234354496,1.7266812156885862,0.5823678821325302,Ligue 1,2023-2024
2478,Carlos Soler,24,1086,2,1.777349624782801,2,2.303655739873648,14,21,1,0,D M S,Paris Saint Germain,2,1.777349624782801,7.148923080414534,3.47078069858253,Ligue 1,2023-2024
2594,Sergio Akieme,13,806,2,1.1321421954780817,0,0.3217498920857906,11,6,2,0,D S,Reims,2,1.1321421954780817,3.689936026930809,2.30277831107378,Ligue 1,2023-2024
2854,Daler Kuzyaev,30,2114,2,1.9548383736982944,2,1.2785213775932789,16,30,1,0,F M S,Le Havre,2,1.9548383736982944,6.678595228120685,3.954864541068673,Ligue 1,2023-2024
3253,Frederic Guilbert,32,2514,2,0.953000608831644,0,1.2549135070294142,21,21,3,0,D S,Strasbourg,2,0.953000608831644,5.25563246384263,4.153748655691743,Ligue 1,2023-2024
3389,Benjamin Mendy,15,699,2,1.0539637645706534,1,2.150585029274225,13,15,3,0,D M S,Lorient,2,1.0539637645706534,3.9453737437725063,1.8855689764022827,Ligue 1,2023-2024
3390,Rémy Cabella,30,1458,2,5.502562128007412,2,3.478668333031237,33,32,0,0,F M S,Lille,2,5.502562128007412,11.917509911581874,5.674406601116061,Ligue 1,2023-2024
3429,Tiemoué Bakayoko,20,1320,2,1.53631126973778,1,0.5140000507235527,12,4,5,0,M S,Lorient,2,1.53631126973778,5.109879486262798,3.6135247200727454,Ligue 1,2023-2024
3487,Ismael Traoré,26,2225,2,1.0283289682120085,0,0.0897827912122011,10,2,2,0,D S,Metz,2,1.0283289682120085,1.987324665300548,1.949643694795668,Ligue 1,2023-2024
3603,Corentin Tolisso,25,1764,2,2.9498002268373966,1,2.180631509050727,39,26,5,0,D M S,Lyon,1,2.189705092459917,9.692050624638796,6.481072263792157,Ligue 1,2023-2024
3663,Grejohn Kyei,26,1014,2,4.9180383663624525,1,1.2012839950621128,31,12,1,0,F S,Clermont Foot,1,4.157943246886134,6.222914502024651,1.3747198469936848,Ligue 1,2023-2024
3674,Abdoulaye Touré,30,2314,2,2.778659758158028,0,0.6587939606979489,32,13,4,0,M S,Le Havre,0,1.2584694530814886,8.388548022136092,7.483502667397261,Ligue 1,2023-2024
3696,Morgan Sanson,29,2005,2,2.4807587498798966,3,4.764164406806231,41,42,4,0,M S,Nice,2,2.4807587498798966,10.806192375719547,6.085101960226893,Ligue 1,2023-2024
3701,Gautier Lloris,31,2782,2,2.2394042601808906,0,0.1668939907103777,16,3,2,0,D,Le Havre,2,2.2394042601808906,4.126491610892117,4.035703734494746,Ligue 1,2023-2024
4882,Laurent Abergel,33,2863,2,0.9182511237449944,1,2.0591473784297705,26,31,4,0,M S,Lorient,2,0.9182511237449944,10.164760626852512,8.12498695217073,Ligue 1,2023-2024
5742,Hugo Magnetti,33,2385,2,2.3243492525070906,0,1.240470776334405,36,24,6,0,M S,Brest,2,2.3243492525070906,7.814084395766258,5.734977852553129,Ligue 1,2023-2024
5975,Kenny Lala,33,2970,2,0.4887401550076902,3,3.720995305106044,14,34,7,0,D,Brest,2,0.4887401550076902,11.23666127026081,9.642239551991224,Ligue 1,2023-2024
6088,Orel Mangala,8,390,2,0.6318405121564865,0,0.5445175617933273,5,7,0,0,M S,Lyon,2,0.6318405121564865,2.743016965687275,1.86590064316988,Ligue 1,2023-2024
7486,Leonardo Balerdi,27,2286,2,1.5898108915425837,0,0.1449104994535446,14,5,4,1,D S,Marseille,2,1.5898108915425837,8.152847118675709,7.985097009688616,Ligue 1,2023-2024
7730,Jean-Charles Castelletto,28,2468,2,0.4380025565624237,0,1.0735941221937535,10,10,5,0,D,Nantes,2,0.4380025565624237,6.621827995404601,5.690828327089548,Ligue 1,2023-2024
7747,Mama Baldé,20,521,2,3.156901767477393,3,2.395954266190529,17,14,1,0,F S,Lyon,2,3.156901767477393,5.199122317135334,0.3343441039323807,Ligue 1,2023-2024
7760,Abdoul Kader Bamba,23,542,2,2.077591747045517,1,1.301208570599556,14,11,2,0,M S,Nantes,2,2.077591747045517,4.802950624376535,2.2085976023226976,Ligue 1,2023-2024
7762,Jean-Ricner Bellegarde,3,270,2,0.5845728665590286,2,1.346037745475769,5,3,2,0,F M,Strasbourg,2,0.5845728665590286,2.333690494298935,0.5744543671607971,Ligue 1,2023-2024
8050,Hichem Boudaoui,29,1609,2,3.567662664689124,0,2.251754865050316,29,20,5,0,M S,Nice,2,3.567662664689124,9.234316141344609,4.888252913951874,Ligue 1,2023-2024
8103,Modibo Sagnan,13,1063,2,1.4889334714971485,0,0.5682838372886181,10,3,5,0,D S,Montpellier,2,1.4889334714971485,1.6753121591173112,1.5300605613738298,Ligue 1,2023-2024
8328,Azz-Eddine Ounahi,21,1234,2,0.9383462257683276,0,1.6522557511925695,16,15,3,0,M S,Marseille,2,0.9383462257683276,5.264179594814777,3.744540598243475,Ligue 1,2023-2024
9645,Jim Allevinah,29,1915,2,2.7687199637293816,1,1.344161020591855,37,20,1,0,D F M S,Clermont Foot,2,2.7687199637293816,6.709202943369746,3.7399630630388856,Ligue 1,2023-2024
9648,Elbasan Rashani,24,1173,2,1.8926210356876252,0,0.6972434092313051,16,12,4,2,F M S,Clermont Foot,2,1.8926210356876252,2.9100487725809216,1.1706229895353315,Ligue 1,2023-2024
9999,Arthur Theate,28,2306,2,2.0051040309481323,0,0.7494475785642862,22,6,4,0,D S,Rennes,2,2.0051040309481323,7.147258527576923,6.187369977124035,Ligue 1,2023-2024
10382,Eray Cömert,25,1991,2,0.5572396423667669,0,0.1563692949712276,9,4,5,0,D M S,Nantes,2,0.5572396423667669,4.400997896678746,4.294967160560191,Ligue 1,2023-2024
10564,Leny Yoro,32,2670,2,2.2766736643388867,0,0.1037881076335907,14,2,5,0,D S,Lille,2,2.2766736643388867,6.415431879460812,6.2826026901602745,Ligue 1,2023-2024
10771,Ben Seghir,13,404,2,0.8190818913280964,1,0.4249519109725952,14,5,0,1,F M S,Monaco,2,0.8190818913280964,2.6896997578442097,1.6455016173422337,Ligue 1,2023-2024
10786,Warren Zaïre-Emery,26,1967,2,1.787117462605238,3,2.970772545784712,14,21,4,0,D M S,Paris Saint Germain,2,1.787117462605238,18.72690976783633,16.460084728896618,Ligue 1,2023-2024
10788,Rasmus Nicolaisen,33,2929,2,1.4216241789981725,0,0.5673008300364017,19,5,4,1,D,Toulouse,2,1.4216241789981725,6.099316857755184,6.037884637713432,Ligue 1,2023-2024
11131,Christian Mawissa Elebi,17,1115,2,0.7378201857209206,0,0.3464423641562462,5,3,3,0,D M S,Toulouse,2,0.7378201857209206,3.0830102786421776,2.719547819346189,Ligue 1,2023-2024
11757,Hákon Haraldsson,26,1280,2,1.259676828980446,0,1.6958199627697468,12,15,5,0,F M S,Lille,2,1.259676828980446,4.924335990101099,2.4288825653493404,Ligue 1,2023-2024
11762,Morgan Guilavogui,23,493,2,2.304705310612917,0,1.8569900281727316,21,14,1,0,F S,Lens,2,2.304705310612917,6.790731526911259,2.902995761483908,Ligue 1,2023-2024
11795,Yassine Kechta,32,1868,2,1.6456643836572766,1,1.6516199680045247,20,26,4,0,M S,Le Havre,2,1.6456643836572766,5.330799985677004,2.4047774197533727,Ligue 1,2023-2024
11816,Abakar Sylla,22,1798,2,2.25918669719249,0,0.2037947885692119,11,5,4,0,D S,Strasbourg,2,2.25918669719249,5.920914912596345,5.830772625282407,Ligue 1,2023-2024
12002,Papa Amadou Diallo,16,883,2,2.509009497705847,1,0.9904705602675676,13,12,1,0,F M S,Metz,2,2.509009497705847,3.749064877163619,0.8549030525609851,Ligue 1,2023-2024
12049,Aiyegun Tosin,19,900,2,1.174021172337234,0,0.3183338642120361,11,7,0,1,F M S,Lorient,2,1.174021172337234,2.2476511960849166,0.8045515744015574,Ligue 1,2023-2024
12183,Jeremy Sebas,14,391,2,1.0171898305416107,0,0.044483195990324,7,1,0,0,F M S,Strasbourg,2,1.0171898305416107,1.6732304766774178,0.7286988887935877,Ligue 1,2023-2024
148,Dante,32,2847,1,1.5748603288084269,1,0.851948807016015,15,13,5,1,D,Nice,1,1.5748603288084269,11.099400147795675,10.868105173110962,Ligue 1,2023-2024
677,Jordan Veretout,29,2181,1,2.1600702428258955,2,5.629450068809092,36,48,4,0,M S,Marseille,1,2.1600702428258955,12.616389954928309,9.140395939350128,Ligue 1,2023-2024
734,Wahbi Khazri,25,1151,1,4.432910308241844,0,1.322423979640007,44,10,6,0,F M S,Montpellier,1,4.432910308241844,6.197288694791496,1.4841998033225536,Ligue 1,2023-2024
961,Jordan Amavi,2,91,1,0.0681874677538871,0,0.0,1,0,1,0,D S,Brest,1,0.0681874677538871,0.0401245653629303,0.0401245653629303,Ligue 1,2023-2024
1022,Pedro Chirivella,32,2625,1,1.30850313231349,1,0.8502244986593723,17,17,5,0,M S,Nantes,1,1.30850313231349,9.587031641975043,8.019579717889428,Ligue 1,2023-2024
1750,Ainsley Maitland-Niles,23,1440,1,3.2190229715779424,4,1.913672556169331,18,18,1,1,D F M S,Lyon,0,2.458927829749882,6.286107018589973,5.338687606155872,Ligue 1,2023-2024
2276,Lucas Hernández,27,1937,1,0.5872261431068182,1,2.1136919744312763,6,12,6,0,D S,Paris Saint Germain,1,0.5872261431068182,13.214291026815772,11.730256332084537,Ligue 1,2023-2024
2447,Fabián,21,1189,1,1.7686488423496485,3,1.4336949158459902,19,18,3,0,M S,Paris Saint Germain,1,1.7686488423496485,11.030702006071806,8.590706162154675,Ligue 1,2023-2024
2674,Thilo Kehrer,15,1326,1,0.9344119448214768,1,0.912460251711309,12,5,2,1,D,Monaco,1,0.9344119448214768,5.538438476622105,5.190966822206974,Ligue 1,2023-2024
3259,Adam Ounas,17,388,1,0.6189610250294209,0,2.255139661952853,9,13,0,0,M S,Lille,1,0.6189610250294209,3.244394898414612,1.57051520049572,Ligue 1,2023-2024
3274,Maxime Gonalons,21,1339,1,0.4426813926547766,0,0.2250664476305246,13,7,4,0,M S,Clermont Foot,1,0.4426813926547766,2.982993684709072,2.592447716742754,Ligue 1,2023-2024
3275,Jordan Ferri,30,2045,1,0.8777746018022299,1,1.811488753184676,9,27,5,0,M S,Montpellier,1,0.8777746018022299,7.435606284067035,5.903371775522828,Ligue 1,2023-2024
3370,Issiaga Sylla,19,1459,1,1.1118053197860718,2,1.2978583928197622,12,15,3,0,D M S,Montpellier,1,1.1118053197860718,5.379077579826117,4.698375592008233,Ligue 1,2023-2024
3464,Vincent Le Goff,9,560,1,0.1337801702320575,1,0.992842554114759,4,9,1,0,D S,Lorient,1,0.1337801702320575,1.874815944582224,0.9136202055960894,Ligue 1,2023-2024
3479,Marcus Coco,28,1510,1,1.1307953661307693,0,1.0208944641053677,9,12,2,0,D F M S,Nantes,1,1.1307953661307693,3.73827554192394,2.316703576594591,Ligue 1,2023-2024
3549,Adrien Thomasson,29,1186,1,4.732723202556372,2,4.164455230347812,30,30,2,1,M S,Lens,1,4.732723202556372,10.8868455812335,4.301206756383181,Ligue 1,2023-2024
3683,Ivan Cavaleiro,17,782,1,1.7073889076709747,1,1.4392605368047953,10,12,1,0,F M S,Lille,1,1.7073889076709747,3.40888093970716,1.5040980707854033,Ligue 1,2023-2024
3693,Nolan Mbemba,6,7,1,0.0453498996794223,0,0.0,2,0,0,0,S,Le Havre,1,0.0453498996794223,0.0453498996794223,0.0,Ligue 1,2023-2024
3713,Samuel Grandsir,23,556,1,2.6092693097889423,0,1.230260891839862,15,13,2,2,M S,Le Havre,1,1.849174190312624,3.418819971382618,0.9702813941985368,Ligue 1,2023-2024
4345,Christopher Jullien,20,1215,1,1.456346619874239,0,0.0334601877257227,7,2,5,0,D S,Montpellier,1,1.456346619874239,2.26374754216522,2.2518475083634257,Ligue 1,2023-2024
4830,Bilal Boutobba,27,912,1,2.4618160519748926,1,1.8785869479179385,25,12,1,0,F M S,Clermont Foot,1,2.4618160519748926,4.803853314369917,1.8040190152823925,Ligue 1,2023-2024
5261,Kevin Danso,30,2657,1,2.2954298378899693,0,0.3083150358870625,21,8,6,0,D,Lens,1,2.2954298378899693,11.925815293565392,11.646889187395573,Ligue 1,2023-2024
5352,Niklas Schmidt,22,1265,1,1.516534423455596,1,3.1523961946368217,20,28,4,0,M S,Toulouse,1,1.516534423455596,5.742723759263754,2.54379566013813,Ligue 1,2023-2024
5356,Breel Embolo,5,175,1,0.8260157406330109,0,0.1714432295411825,6,3,0,0,F S,Monaco,1,0.8260157406330109,1.324013298377395,0.3265543282032013,Ligue 1,2023-2024
5700,Yann Karamoh,12,243,1,0.6743476167321205,0,0.1375172231346368,5,5,1,0,F S,Montpellier,1,0.6743476167321205,1.280130817554891,0.4910029666498303,Ligue 1,2023-2024
5717,Amine Harit,28,1837,1,2.992945097386837,2,3.8823818005621433,33,39,5,0,F M S,Marseille,1,2.992945097386837,10.56260772421956,5.6257153721526265,Ligue 1,2023-2024
5761,Youssef Maziz,2,131,1,0.4085260033607483,0,0.0428303643129766,4,3,0,0,M,Metz,1,0.4085260033607483,0.4701726138591766,0.0835501551628112,Ligue 1,2023-2024
5976,Yoann Salmier,20,1570,1,1.4450461836531758,1,1.3807902336120603,10,6,3,0,D S,Le Havre,1,1.4450461836531758,4.788182912394404,4.2435387801378965,Ligue 1,2023-2024
6006,Ruben Aguilar,25,1934,1,1.777808541432023,3,3.1522562243044376,12,26,4,0,D M S,Lens,1,1.777808541432023,10.541019223630428,6.293500451371074,Ligue 1,2023-2024
6018,Samuel Moutoussamy,26,1085,1,2.1231555305421352,0,0.6587613690644503,15,11,2,0,M S,Nantes,1,2.1231555305421352,5.353673495352268,3.1424327176064253,Ligue 1,2023-2024
6019,Angelo Fulgini,29,1398,1,3.6937349252402782,2,3.696188071742654,46,38,1,0,M S,Lens,1,3.6937349252402782,8.241204300895333,3.448700682260096,Ligue 1,2023-2024
6073,Guillermo Maripán,23,1772,1,0.5276401601731777,0,0.8011495927348733,11,3,0,1,D S,Monaco,1,0.5276401601731777,5.215569268912077,5.132400263100863,Ligue 1,2023-2024
6878,Youcef Atal,6,373,1,0.1423671059310436,0,0.8520295917987823,4,4,2,0,D S,Nice,1,0.1423671059310436,1.1009004674851894,0.6346094384789467,Ligue 1,2023-2024
7206,Jonathan Gradit,26,2141,1,0.2222526762634515,0,0.1320574041455984,4,5,9,1,D,Lens,1,0.2222526762634515,7.429127996787429,7.327028876170516,Ligue 1,2023-2024
7265,Kephren Thuram,27,2131,1,3.9183114636689433,1,4.024295303970575,39,31,7,0,M S,Nice,1,3.9183114636689433,13.10879285633564,7.108978260308504,Ligue 1,2023-2024
7278,Imran Louza,14,874,1,0.9397605489939452,3,3.3334865644574165,22,25,1,0,M S,Lorient,1,0.9397605489939452,4.069092675112188,1.7506064726039767,Ligue 1,2023-2024
7328,Maxence Caqueret,34,3033,1,2.33883365476504,3,6.2454175893217325,24,56,1,0,M,Lyon,1,2.33883365476504,17.27113639935851,11.142841279506683,Ligue 1,2023-2024
7472,Wilfried Stephane Singo,25,2183,1,0.6674047829583287,1,1.1527590109035373,19,14,8,1,D S,Monaco,1,0.6674047829583287,6.803115203976631,6.192444387823343,Ligue 1,2023-2024
7613,Moussa Diarra,22,1391,1,0.3673396930098533,2,1.3667648024857044,5,10,5,0,D S,Toulouse,1,0.3673396930098533,4.5843624118715525,3.8814347982406616,Ligue 1,2023-2024
7736,Brendan Chardonnet,33,2970,1,1.4806034844368696,1,1.946330424398184,19,10,4,0,D,Brest,1,1.4806034844368696,8.327955149114132,7.036830939352512,Ligue 1,2023-2024
7765,Thomas Delaine,27,2074,1,1.901281314902008,1,3.375219777226448,12,26,5,0,D F M S,Strasbourg,1,1.901281314902008,8.62109162658453,4.676855377852917,Ligue 1,2023-2024
8094,Mathis Cherki,33,1721,1,5.684411404654384,6,4.492587501183152,57,43,0,0,F M S,Lyon,1,5.684411404654384,12.1333181373775,4.881457727402449,Ligue 1,2023-2024
8146,Ismail Jakobs,22,1465,1,1.7188143711537125,2,1.7914068289101124,21,17,0,0,D M S,Monaco,1,1.7188143711537125,7.152214948087931,4.182398052886128,Ligue 1,2023-2024
8190,Melvin Bard,32,2683,1,0.5778345596045256,2,2.7300977502018213,15,18,7,1,D S,Nice,1,0.5778345596045256,12.88046213425696,11.10669601149857,Ligue 1,2023-2024
8200,Logan Costa,31,2643,1,1.653143205679953,1,0.5063137877732515,14,6,6,0,D S,Toulouse,1,1.653143205679953,6.1500694546848536,5.7332335617393255,Ligue 1,2023-2024
8330,Jean Onana,13,553,1,0.7238339576870203,0,0.1011086348444223,8,2,1,0,M S,Marseille,1,0.7238339576870203,2.491192784160376,2.370654184371233,Ligue 1,2023-2024
8640,Adrien Truffert,30,2145,1,1.2452726271003485,2,2.754145013168454,20,19,6,0,D S,Rennes,1,1.2452726271003485,7.635853089392185,5.3059947937726974,Ligue 1,2023-2024
8643,Chrislain Matsima,20,1472,1,0.2758157700300216,1,0.0462966412305831,7,3,4,0,D S,"Clermont Foot,Monaco",1,0.2758157700300216,1.9751224778592589,1.9161364994943144,Ligue 1,2023-2024
8660,Jordan Lotomba,28,1822,1,1.3524351436644793,0,1.3800171203911304,11,12,4,0,D S,Nice,1,1.3524351436644793,4.949062124826014,3.4882998717948794,Ligue 1,2023-2024
8664,Facundo Medina,31,2714,1,1.0300949662923813,3,2.136337280273437,21,26,11,0,D S,Lens,1,1.0300949662923813,12.228698570281267,10.28387147001922,Ligue 1,2023-2024
8685,Mohamed Ali-Cho,17,875,1,1.1709333825856447,2,1.5442429296672344,18,14,2,0,F S,Nice,1,1.1709333825856447,5.678162446245551,3.3181071262806654,Ligue 1,2023-2024
8696,Pape Alassane Gueye,15,765,1,0.639775212854147,0,0.5262564718723297,8,4,2,0,D M S,Marseille,1,0.639775212854147,3.970248483121395,3.0654432736337185,Ligue 1,2023-2024
8702,Tinotenda Kadewere,25,1076,1,2.536626670509577,0,1.2739359010010958,16,18,1,0,F M S,"Lyon,Nantes",1,1.7765315510332584,5.22701177187264,3.034497072920203,Ligue 1,2023-2024
8813,Tanguy Coulibaly,16,620,1,2.2709643244743347,0,1.060563888400793,16,9,2,0,F M S,Montpellier,1,2.2709643244743347,4.565612338483334,1.4202740490436554,Ligue 1,2023-2024
8973,Lorenz Assignon,14,1010,1,0.4635073374956846,1,1.762451134622097,11,20,4,0,D S,Rennes,1,0.4635073374956846,5.592971339821816,4.568631023168564,Ligue 1,2023-2024
8980,Luis Henrique,15,773,1,1.092231074348092,0,0.7575593367218971,12,10,0,0,D F M S,Marseille,1,1.092231074348092,3.036521696485579,1.3965907404199245,Ligue 1,2023-2024
8981,Jéremy Doku,2,110,1,1.1924280524253843,0,0.194053690880537,6,3,0,0,F S,Rennes,1,1.1924280524253843,2.2108976244926453,0.9063422679901124,Ligue 1,2023-2024
9092,Marvin Senaya,32,2130,1,1.1762971673160791,1,2.655311161652208,15,20,3,1,D S,Strasbourg,1,1.1762971673160791,9.351579528301954,6.039935726672411,Ligue 1,2023-2024
9250,Reda Khadra,29,1363,1,2.098100846633315,3,3.5564336143434048,23,22,1,0,D F M S,Reims,1,2.098100846633315,8.14067292585969,2.898024605587125,Ligue 1,2023-2024
9487,Maxime Estève,12,1002,1,0.4332976965233683,1,0.2463138867169618,6,5,1,1,D,Montpellier,1,0.4332976965233683,1.1448569484055042,1.071659415960312,Ligue 1,2023-2024
9491,Warmed Omari,25,2077,1,0.648391380906105,0,0.2845100034028291,3,5,5,1,D S,Rennes,1,0.648391380906105,5.750894725322723,5.701225504279137,Ligue 1,2023-2024
9510,Habib Keita,27,1264,1,0.6384662594646215,0,0.6892083361744881,20,10,4,0,M S,Clermont Foot,1,0.6384662594646215,4.81003750488162,4.056220257654786,Ligue 1,2023-2024
9523,Andy Diouf,25,1351,1,1.498029014095664,0,1.1004069512709975,28,21,2,0,M S,Lens,1,1.498029014095664,8.886315995827317,7.490754822269082,Ligue 1,2023-2024
9612,Myron Boadu,9,71,1,0.7872653752565384,0,0.0,2,0,0,0,S,Monaco,1,0.7872653752565384,0.7872653752565384,0.0,Ligue 1,2023-2024
9631,Christopher Wooh,18,1385,1,1.6293416675180197,0,0.447730029001832,10,5,3,1,D S,Rennes,1,1.6293416675180197,3.017312005162239,2.6116719115525484,Ligue 1,2023-2024
9640,Florent Ogier,14,921,1,0.2287012888118624,1,0.5649861097335815,6,1,1,0,D S,Clermont Foot,1,0.2287012888118624,1.8306207647547128,1.8306207647547128,Ligue 1,2023-2024
9778,Henrique,11,607,1,0.4164334014058113,0,0.5064263064414263,8,5,2,0,D M S,Lyon,1,0.4164334014058113,2.359863445162773,1.5678784251213074,Ligue 1,2023-2024
9944,Gabriel Gudmundsson,25,1253,1,1.5891057532280684,0,1.3782710460945964,15,13,2,0,D F M S,Lille,1,1.5891057532280684,5.162620253860951,2.623224994167685,Ligue 1,2023-2024
9961,Nuno Mendes,6,259,1,0.3703247234225273,1,0.8533171117305756,4,3,3,0,D S,Paris Saint Germain,1,0.3703247234225273,2.6179765574634075,2.0485892109572887,Ligue 1,2023-2024
9978,Azor Matusiwa,28,2186,1,1.139986542053521,1,1.1238975645974278,18,25,5,0,M S,"Reims,Rennes",1,1.139986542053521,9.342274710536003,8.340445127338171,Ligue 1,2023-2024
10005,Joshua Wilson-Esbrand,11,460,1,0.1910467967391014,1,1.2285603545606136,4,5,1,0,D M S,Reims,1,0.1910467967391014,1.47712392359972,0.968093179166317,Ligue 1,2023-2024
10132,Yohann Magnin,31,1654,1,1.6208317438140512,0,1.01841514185071,14,9,2,0,D F M S,Clermont Foot,1,1.6208317438140512,5.417138086631894,3.448125439696014,Ligue 1,2023-2024
10439,Didier Lamkel Zé,9,560,1,1.2143923938274384,0,0.5939076542854309,11,6,1,0,F M S,Metz,1,1.2143923938274384,2.8373885229229927,1.1846360564231873,Ligue 1,2023-2024
10581,Junior Mwanga,22,1474,1,1.1133563751354814,1,0.9430535584688188,20,13,3,0,F M S,Strasbourg,1,1.1133563751354814,4.5718795247375965,3.2374879717826843,Ligue 1,2023-2024
10781,Mateusz Wieteska,2,180,1,0.0806244257837534,0,0.0,3,0,0,0,D,Clermont Foot,1,0.0806244257837534,0.7649957537651062,0.7649957537651062,Ligue 1,2023-2024
10811,Ismaily,30,2479,1,0.5590428728610277,1,1.4929571133106947,7,10,1,0,D S,Lille,1,0.5590428728610277,8.811350658535957,7.800560588017106,Ligue 1,2023-2024
10844,Darline Yongwa,22,1140,1,1.0311737637966871,1,1.50238286703825,15,12,3,0,D S,Lorient,1,1.0311737637966871,4.6387044517323375,2.83303383551538,Ligue 1,2023-2024
10854,Souleymane Isaak Touré,24,2052,1,2.0452666468918324,1,0.4159194556996226,18,7,6,0,D S,Lorient,1,2.0452666468918324,7.043645482510328,6.051116898655891,Ligue 1,2023-2024
10856,Emmanuel Agbadou,32,2601,1,2.312899088487029,1,1.050631707534194,33,12,1,0,D S,Reims,1,2.312899088487029,9.483175493776798,8.557282235473394,Ligue 1,2023-2024
11006,Mohamed Camara,20,1073,1,1.5949666714295745,2,0.4871107516810298,14,14,4,0,M S,Monaco,0,0.8348715519532561,6.616976831108332,5.580427460372448,Ligue 1,2023-2024
11062,Badredine Bouanani,18,583,1,1.3713798243552446,0,1.3446860872209072,19,15,0,0,F M S,"Lorient,Nice",1,1.3713798243552446,4.550394618883729,2.492829011753201,Ligue 1,2023-2024
11090,Siriné Doucouré,11,422,1,1.0782809853553772,3,1.028350254520774,9,10,2,0,F S,Lorient,1,1.0782809853553772,2.625079123303294,1.155181280337274,Ligue 1,2023-2024
11182,Ayman Kari,14,920,1,1.069549836218357,1,1.0054884646087885,7,13,1,0,F M S,Lorient,1,1.069549836218357,3.733618624508381,2.589059414342046,Ligue 1,2023-2024
11387,Cheick Konate,19,1065,1,0.574148784391582,1,1.9202979491092265,14,16,4,0,D S,Clermont Foot,1,0.574148784391582,3.2954417634755373,1.5027935896068811,Ligue 1,2023-2024
11399,Jeffinho,10,293,1,1.2841922054067254,1,0.9289669077843428,11,6,0,0,F M S,Lyon,1,1.2841922054067254,2.4144056122750044,0.3936380371451378,Ligue 1,2023-2024
11515,Tom Louchet,13,381,1,1.0059647634625437,1,1.0139359273016453,2,8,1,0,D F M S,Nice,1,1.0059647634625437,2.0432888474315405,1.0000868365168571,Ligue 1,2023-2024
11750,Emran Soglo,3,118,1,0.0625488013029098,1,0.0593841560184955,1,2,1,0,M S,Marseille,1,0.0625488013029098,0.8474048599600792,0.7254718653857708,Ligue 1,2023-2024
11751,Joseph Okumu,21,1737,1,1.1647935397922993,0,0.0,11,0,3,0,D S,Reims,1,1.1647935397922993,6.21959363669157,6.2038236781954765,Ligue 1,2023-2024
11756,Tiago Santos,29,2362,1,1.2542755771428349,2,2.645004451274872,33,27,6,0,D S,Lille,1,1.2542755771428349,10.691637087613344,8.113012429326773,Ligue 1,2023-2024
11765,Óscar Cortés,4,30,1,0.4433479309082031,1,0.6105575561523438,1,1,0,0,S,Lens,1,0.4433479309082031,1.0539054870605469,0.0,Ligue 1,2023-2024
11777,Cristian Cásseres Jr.,32,1964,1,1.4494038056582212,3,2.040348768234253,15,14,1,0,M S,Toulouse,1,1.4494038056582212,7.773001629859209,5.090816708281636,Ligue 1,2023-2024
11779,César Gelabert,16,771,1,0.9986520819365978,2,1.647264525294304,14,14,1,0,F M S,Toulouse,1,0.9986520819365978,4.528431281447411,2.194010909646749,Ligue 1,2023-2024
11784,Lucas Mincarelli Davin,13,996,1,0.5185244949534535,1,0.7111035995185375,6,4,1,1,D S,Montpellier,1,0.5185244949534535,2.025511287152767,0.9159498428925872,Ligue 1,2023-2024
11799,Lamine Camara,31,2277,1,1.8555652080103755,4,3.5246365256607533,30,40,3,0,M S,Metz,1,1.0954700885340571,4.857310733757913,3.607345405034721,Ligue 1,2023-2024
11800,Arthur Atta,21,915,1,1.007412069477141,2,1.9343109894543888,9,12,0,0,M S,Metz,1,1.007412069477141,4.284385736100376,1.917312804609537,Ligue 1,2023-2024
11805,Simon Elisor,14,785,1,2.0553249157965183,0,0.849286824464798,14,11,1,0,F S,Metz,1,1.2952297963202,3.153650395572185,1.2594715869054198,Ligue 1,2023-2024
11808,Andrey Santos,11,826,1,1.013881241902709,0,0.5879655871540308,12,6,3,0,M S,Strasbourg,1,1.013881241902709,2.8653457099571824,1.6060519479215143,Ligue 1,2023-2024
12000,Ibou Sané,9,104,1,0.4958780342712998,0,0.0288442447781562,2,1,1,0,S,Metz,1,0.4958780342712998,0.5867249444127083,0.0720536112785339,Ligue 1,2023-2024
12013,Skelly Alvero,8,432,1,0.501044224947691,0,0.037625677883625,9,1,2,0,M S,Lyon,1,0.501044224947691,1.0203711092472076,0.6314878538250923,Ligue 1,2023-2024
12038,Fabian Rieder,15,342,1,0.4622965827584266,0,0.553330309689045,5,4,0,0,M S,Rennes,1,0.4622965827584266,1.128715455532074,0.2004500105977058,Ligue 1,2023-2024
12048,Kévin Van Den Kerkhof,29,1922,1,1.194155065342784,2,2.950635934248566,20,21,2,0,D F M S,Metz,1,1.194155065342784,6.069990940392017,2.9222632627934217,Ligue 1,2023-2024
12104,Neil El Aynaoui,25,1569,1,2.5668053859844804,2,1.0836108047515154,22,16,1,0,M S,Lens,1,2.5668053859844804,6.940165674313903,4.416760019958019,Ligue 1,2023-2024
12184,Ibrahim Cissoko,11,221,1,0.9265930280089378,1,0.3685957323759794,8,6,1,0,M S,Toulouse,1,0.9265930280089378,1.3401853032410145,0.4691749643534422,Ligue 1,2023-2024
12186,Kassoum Ouattara,14,633,1,0.9063864052295684,0,1.0991815477609634,8,6,2,0,D M S,Monaco,1,0.9063864052295684,2.95817968249321,1.3582199458032846,Ligue 1,2023-2024
12192,Othmane Maamma,2,90,1,0.487964067608118,0,0.4954282939434051,3,3,0,0,F S,Montpellier,1,0.487964067608118,0.9615037441253662,0.3955488037317991,Ligue 1,2023-2024
12346,Beraldo,13,1015,1,1.0835750717669723,0,0.2440895494073629,5,4,4,1,D S,Paris Saint Germain,1,1.0835750717669723,4.045121163129807,4.008333243429661,Ligue 1,2023-2024
12367,Gift Orban,13,465,1,1.3008600361645222,0,0.0,8,0,2,0,F S,Lyon,1,1.3008600361645222,3.228551745414734,2.114436656236649,Ligue 1,2023-2024
12381,Panos Katseris,15,1059,1,2.2099021282047038,1,0.8746824134141207,17,9,4,0,D S,Lorient,1,2.2099021282047038,4.74935185816139,1.871618249453604,Ligue 1,2023-2024
12389,Shavy Babicka,12,364,1,0.953265219926834,0,0.1921838223934173,8,2,0,0,F M S,Toulouse,1,0.953265219926834,1.5557349286973476,0.5057877209037542,Ligue 1,2023-2024
12402,Yoram Zague,5,368,1,0.6070328187197447,0,0.3410272859036922,2,3,1,0,D S,Paris Saint Germain,1,0.6070328187197447,2.492417186498642,1.5856580473482609,Ligue 1,2023-2024
399,Ulisses García,13,904,0,0.4049488781020045,0,1.059856466948986,11,8,0,0,D S,Marseille,0,0.4049488781020045,4.882287677377462,4.344686005264521,Ligue 1,2023-2024
485,Mamadou Sakho,1,4,0,0.0,0,0.0,0,0,0,0,S,Montpellier,0,0.0,0.0743319988250732,0.0743319988250732,Ligue 1,2023-2024
602,Dejan Lovren,10,728,0,0.7276167068630457,0,0.0174089260399341,6,1,2,1,D S,Lyon,0,0.7276167068630457,1.12466193549335,1.1066744457930326,Ligue 1,2023-2024
697,Nemanja Matic,28,2294,0,0.7257280210033059,0,1.1526501569896936,11,19,9,0,M S,"Lyon,Rennes",0,0.7257280210033059,10.500774018466473,9.543940342962742,Ligue 1,2023-2024
726,Vito Mannone,2,91,0,0.0,0,0.0,0,0,0,0,GK S,Lille,0,0.0,0.0,0.0,Ligue 1,2023-2024
772,Moussa Sissoko,26,1832,0,1.25010740570724,0,1.286710923537612,10,14,7,0,F M S,Nantes,0,1.25010740570724,6.023239448666573,3.9606807865202422,Ligue 1,2023-2024
914,Nabil Bentaleb,26,1975,0,0.2938596587628126,3,0.6899229548871517,10,14,7,0,M S,Lille,0,0.2938596587628126,7.287905583158135,6.597983036190271,Ligue 1,2023-2024
943,Massadio Haidara,18,719,0,0.1577987223863601,1,0.2441441714763641,3,1,1,0,D S,Lens,0,0.1577987223863601,1.47297989949584,1.0710370242595673,Ligue 1,2023-2024
1116,Gianluigi Donnarumma,25,2169,0,0.0,0,0.0,0,0,3,1,GK,Paris Saint Germain,0,0.0,5.924043433740735,5.924043433740735,Ligue 1,2023-2024
1223,Milan Skriniar,24,1613,0,0.1410824786871671,0,0.0354959964752197,3,1,1,0,D S,Paris Saint Germain,0,0.1410824786871671,9.250628160312772,9.250628160312772,Ligue 1,2023-2024
1516,Geoffrey Kondogbia,26,1442,0,0.3745703939348459,0,0.7353154523298144,8,10,3,0,M S,Marseille,0,0.3745703939348459,4.445752723142505,4.012066396418959,Ligue 1,2023-2024
1670,Steve Mandanda,34,3060,0,0.0,0,0.0,0,0,1,0,GK,Rennes,0,0.0,4.257864400744438,4.257864400744438,Ligue 1,2023-2024
1785,Nampalys Mendy,16,1066,0,0.160887960344553,1,1.630225621163845,7,8,2,0,M S,Lens,0,0.160887960344553,6.371999038383365,5.253630412742496,Ligue 1,2023-2024
1809,Joaquín Correa,12,434,0,0.5828954353928566,0,0.643419899046421,4,5,2,0,F M S,Marseille,0,0.5828954353928566,1.8668145267292855,0.8535171588882804,Ligue 1,2023-2024
1932,Sanjin Prcic,3,90,0,0.0108283348381519,0,0.2282153125852346,1,3,0,0,M S,Strasbourg,0,0.0108283348381519,0.9854514952749014,0.7681850548833609,Ligue 1,2023-2024
2107,Pau López,33,2943,0,0.0,0,0.3871650099754333,0,2,1,0,GK,Marseille,0,0.0,6.891925988718867,6.504760993644595,Ligue 1,2023-2024
2243,Keylor Navas,4,360,0,0.0,0,0.0,0,0,0,0,GK,Paris Saint Germain,0,0.0,0.3154168166220188,0.3154168166220188,Ligue 1,2023-2024
2293,Rubén Blanco,2,117,0,0.0,0,0.0,0,0,0,0,GK S,Marseille,0,0.0,0.27140580303967,0.27140580303967,Ligue 1,2023-2024
3201,Alban Lafont,28,2501,0,0.0,0,0.0,0,0,2,0,GK,Nantes,0,0.0,2.2013996187597518,2.2013996187597518,Ligue 1,2023-2024
3233,Mehdi Zeffane,23,1254,0,1.455025055445731,0,0.3824244737625122,19,9,2,0,D S,Clermont Foot,0,1.455025055445731,4.349929953925312,3.0039259158074856,Ligue 1,2023-2024
3269,Anthony Lopes,31,2790,0,0.0,0,0.2709861099720001,0,1,0,0,GK,Lyon,0,0.0,3.3930690260604024,3.1220829160884023,Ligue 1,2023-2024
3283,Mathieu Gorgelin,1,90,0,0.0,0,0.0,0,0,1,0,GK,Le Havre,0,0.0,0.0,0.0,Ligue 1,2023-2024
3290,Benjamin Stambouli,7,282,0,0.0435517663136124,1,0.0976015049964189,2,3,4,0,M S,Reims,0,0.0435517663136124,0.4579763915389776,0.4198760576546192,Ligue 1,2023-2024
3297,Marquinhos,21,1549,0,0.2776336874812841,1,0.7221489418298006,4,9,1,0,D S,Paris Saint Germain,0,0.2776336874812841,10.214081335812809,9.712922740727665,Ligue 1,2023-2024
3298,Layvin Kurzawa,1,6,0,0.0,0,0.0,0,0,0,0,S,Paris Saint Germain,0,0.0,0.0,0.0,Ligue 1,2023-2024
3318,Jean-Louis Leca,1,90,0,0.0,0,0.0,0,0,0,0,GK,Lens,0,0.0,0.0406685471534729,0.0406685471534729,Ligue 1,2023-2024
3346,Jonas Martin,31,1176,0,0.6068249363452196,1,1.3834041431546211,10,15,5,0,M S,Brest,0,0.6068249363452196,5.374452080577612,4.071699779480696,Ligue 1,2023-2024
3398,Rémy Riou,3,270,0,0.0,0,0.0,0,0,0,0,GK,Lyon,0,0.0,0.2116365730762481,0.2116365730762481,Ligue 1,2023-2024
3448,Alois Confais,2,5,0,0.0,0,0.0,0,0,0,0,S,Le Havre,0,0.0,0.0,0.0,Ligue 1,2023-2024
3451,Benjamin Lecomte,30,2700,0,0.0,1,0.2603648649528622,0,2,1,0,GK,Montpellier,0,0.0,2.861861609853804,2.6014967495575547,Ligue 1,2023-2024
3502,Denis Petric,1,19,0,0.0,0,0.0,0,0,0,0,S,Nantes,0,0.0,0.0,0.0,Ligue 1,2023-2024
3517,Ronael Pierre Gabriel,12,587,0,0.2708219066262245,0,0.7479082569479942,7,2,3,0,D S,Nantes,0,0.2708219066262245,1.4373032543808222,0.5420793239027262,Ligue 1,2023-2024
3536,Jean-Victor Makengo,11,476,0,0.1829360928386449,0,0.2661716043949127,5,1,0,0,F M S,Lorient,0,0.1829360928386449,2.061639180406928,1.646923629567027,Ligue 1,2023-2024
3567,Samuel Umtiti,6,184,0,0.0,0,0.0,0,0,0,0,D S,Lille,0,0.0,0.6482579112052917,0.6482579112052917,Ligue 1,2023-2024
3591,Dimitry Bertaud,4,360,0,0.0,0,0.0,0,0,0,0,GK,Montpellier,0,0.0,0.0739739779382944,0.0739739779382944,Ligue 1,2023-2024
3657,Kevin N&#039;Doram,23,1611,0,0.2829619282856583,2,0.5292211920022964,7,7,4,0,M S,Metz,0,0.2829619282856583,1.9627496423199773,1.4873464433476329,Ligue 1,2023-2024
3670,Nicolas Pallois,23,1581,0,0.2083875872194767,1,0.5296203717589378,4,3,5,0,D S,Nantes,0,0.2083875872194767,2.8952169250696898,2.8068945836275816,Ligue 1,2023-2024
3673,Valentin Rongier,10,862,0,0.4728322178125381,0,0.7356455996632576,10,9,2,0,M,Marseille,0,0.4728322178125381,5.079157188534737,4.197437301278114,Ligue 1,2023-2024
3785,Kelvin Adou,12,813,0,0.0301479715853929,1,1.012249756604433,1,5,2,0,D S,Nantes,0,0.0301479715853929,2.170351080596447,1.4981824569404123,Ligue 1,2023-2024
4748,Brice Samba,33,2970,0,0.0,0,0.1804111488163471,0,2,3,0,GK,Lens,0,0.0,7.400067053735256,7.342077724635601,Ligue 1,2023-2024
5177,Caio Henrique,9,628,0,0.2088081166148185,5,2.153760865330696,6,13,0,0,D S,Monaco,0,0.2088081166148185,5.09084215015173,3.9042596891522408,Ligue 1,2023-2024
5598,Angel Gomes,31,2605,0,1.7343415468931198,8,7.537701047956943,35,48,5,0,M S,Lille,0,1.7343415468931198,12.069569908082483,7.670033901929855,Ligue 1,2023-2024
5615,Valentin Rosier,3,36,0,0.018322754651308,0,0.121520310640335,1,2,0,0,S,Nice,0,0.018322754651308,0.0863124653697013,0.0863124653697013,Ligue 1,2023-2024
5626,Jeremie Bela,12,159,0,0.1868158308789134,0,0.1050430834293365,6,3,0,0,M S,Clermont Foot,0,0.1868158308789134,0.6725188922137022,0.5177998142316937,Ligue 1,2023-2024
5635,Faitout Maouassa,3,76,0,0.3686111718416214,0,0.1259934604167938,3,2,0,0,D S,Lens,0,0.3686111718416214,0.530580461025238,0.1185019463300705,Ligue 1,2023-2024
5654,Baptiste Santamaria,30,1937,0,1.9300971580669284,1,0.8069737106561661,28,14,3,0,M S,Rennes,0,1.9300971580669284,7.681525564752519,6.315793385729194,Ligue 1,2023-2024
5659,Nordi Mukiele,16,779,0,1.64492179825902,0,0.1606107335537672,9,3,2,0,D S,Paris Saint Germain,0,1.64492179825902,4.2880706414580345,3.2897141948342323,Ligue 1,2023-2024
5686,Digbo Maiga,7,127,0,0.0686644688248634,0,0.0,2,0,0,0,M S,Metz,0,0.0686644688248634,0.0471544973552227,0.0471544973552227,Ligue 1,2023-2024
5752,Alexis Claude Maurice,18,470,0,1.0006207078695295,0,0.228068571537733,18,6,1,0,M S,Nice,0,1.0006207078695295,2.574296170845628,1.6065377108752728,Ligue 1,2023-2024
5759,Matteo Guendouzi,2,8,0,0.4173534214496612,0,0.0,2,0,0,0,S,Marseille,0,0.4173534214496612,0.4173534214496612,0.0,Ligue 1,2023-2024
5768,Remy Descamps,6,540,0,0.0,0,0.0,0,0,1,0,GK,Nantes,0,0.0,0.4793882556259632,0.4793882556259632,Ligue 1,2023-2024
5778,Johan Gastien,28,2315,0,0.2187802344560623,0,2.0714834621176124,11,32,7,0,M,Clermont Foot,0,0.2187802344560623,7.304157186299562,6.238963967189193,Ligue 1,2023-2024
5958,Oualid El Hajjam,13,379,0,0.7073704451322556,0,0.4363715946674347,8,7,1,0,D S,Le Havre,0,0.7073704451322556,1.186357282102108,0.3396501140668988,Ligue 1,2023-2024
5984,Alexandre Oukidja,34,2987,0,0.0,0,0.0,0,0,3,0,GK,Metz,0,0.0,2.097907841671258,2.097907841671258,Ligue 1,2023-2024
5998,Christophe Herelle,19,1624,0,0.0916829891502857,0,0.0623993836343288,4,1,4,1,D S,Metz,0,0.0916829891502857,2.747688469476998,2.73047814052552,Ligue 1,2023-2024
6007,Nicolas Cozza,13,900,0,0.9644020833075048,0,0.2591292336583137,5,3,2,0,D S,Nantes,0,0.9644020833075048,3.139263514429331,2.0504905562847853,Ligue 1,2023-2024
6110,Yvon Mvogo,34,3060,0,0.0,0,0.0,0,0,1,0,GK,Lorient,0,0.0,4.602884083986282,4.602884083986282,Ligue 1,2023-2024
6238,Ignatius Ganago,6,174,0,0.3626630380749702,0,0.8077720999717712,6,4,0,0,F M S,Nantes,0,0.3626630380749702,1.6561503112316132,0.6963321566581726,Ligue 1,2023-2024
6293,Gerzino Nyamsi,13,1092,0,0.2479167822748422,0,0.1260170675814151,7,4,1,0,D,Strasbourg,0,0.2479167822748422,1.6374826915562153,1.516587007790804,Ligue 1,2023-2024
6308,Jessy Deminguet,18,689,0,0.1357151567935943,0,0.1038058996200561,3,2,1,0,F M S,Strasbourg,0,0.1357151567935943,0.2648430503904819,0.1592235304415226,Ligue 1,2023-2024
6379,Yoel Armougom,5,223,0,0.0454871393740177,0,0.2889320515096187,2,5,1,0,D S,Clermont Foot,0,0.0454871393740177,0.6022438555955887,0.3133118152618408,Ligue 1,2023-2024
6500,Romain Perraud,19,326,0,0.0474635735154151,1,0.7586815189570189,2,3,2,0,D S,Nice,0,0.0474635735154151,1.1184780057519674,1.0841377433389423,Ligue 1,2023-2024
6501,Andy Pelmard,34,2984,0,0.4286044985055923,0,0.5417843293398619,2,6,1,0,D S,Clermont Foot,0,0.4286044985055923,5.9713918678462505,5.799232084304094,Ligue 1,2023-2024
6709,Yehvann Diouf,34,3060,0,0.0,0,0.0,0,0,0,0,GK,Reims,0,0.0,5.633825052529573,5.633825052529573,Ligue 1,2023-2024
6816,Jean-Clair Todibo,30,2661,0,0.7868220256641507,2,1.453206803649664,9,9,2,1,D,Nice,0,0.7868220256641507,9.044614411890509,8.252114675939083,Ligue 1,2023-2024
6846,Sofiane Diop,10,505,0,1.517579635605216,0,0.7088201846927404,14,8,0,0,F M S,Nice,0,1.517579635605216,2.643633309751749,0.7353029139339924,Ligue 1,2023-2024
6903,Matz Sels,19,1710,0,0.0,0,0.386400431394577,0,1,2,0,GK,Strasbourg,0,0.0,1.2328888792544603,0.8464884329587221,Ligue 1,2023-2024
6904,Ibrahima Sissoko,27,1640,0,0.8727685492485762,1,1.9227196043357253,14,12,7,0,M S,Strasbourg,0,0.8727685492485762,6.204545033164322,4.821010775864124,Ligue 1,2023-2024
6923,Mohammed Salisu,12,1030,0,0.1895199902355671,1,0.4635328585281968,4,3,2,0,D S,Monaco,0,0.1895199902355671,3.276549056172371,2.835811525583267,Ligue 1,2023-2024
7007,Duje Caleta-Car,24,1986,0,0.6293763415887952,0,1.2204961348325014,7,7,2,1,D S,Lyon,0,0.6293763415887952,7.835800746455789,7.825894067063928,Ligue 1,2023-2024
7151,Thomas Foket,27,1867,0,0.1901407781988382,1,1.147746296599507,3,11,7,1,D M S,Reims,0,0.1901407781988382,7.332558438181877,6.401242438703775,Ligue 1,2023-2024
7355,Paul Akouokou,8,311,0,0.0548432990908622,0,0.0,2,0,1,0,M S,Lyon,0,0.0548432990908622,0.6231786012649536,0.6231786012649536,Ligue 1,2023-2024
7540,Theo Sainte Luce,6,348,0,0.1111911088228225,0,0.0902826115489006,3,1,1,0,D S,Montpellier,0,0.1111911088228225,0.1736730691045522,0.0588634759187698,Ligue 1,2023-2024
7614,Lucas Perrin,31,2719,0,0.5144310761243105,1,1.240734301507473,12,7,3,0,D S,Strasbourg,0,0.5144310761243105,8.626514609903097,7.500357849523425,Ligue 1,2023-2024
7739,Joris Chotard,31,2623,0,0.7801956203766167,3,1.7759358156472445,21,15,5,0,M S,Montpellier,0,0.7801956203766167,6.4589342679828405,4.582611739635468,Ligue 1,2023-2024
7763,Fabien Centonze,3,91,0,0.0,0,0.0,0,0,1,0,M S,Nantes,0,0.0,0.3557906523346901,0.3557906523346901,Ligue 1,2023-2024
7772,Marcin Bulka,34,3060,0,0.0537922121584415,0,0.0,1,0,2,0,GK,Nice,0,0.0537922121584415,4.750243475660682,4.750243475660682,Ligue 1,2023-2024
7891,Renan Lodi,14,1244,0,0.716683579608798,0,1.239263977855444,6,14,6,0,D,Marseille,0,0.716683579608798,4.840963572263718,3.481516186147928,Ligue 1,2023-2024
7915,Adrien Lebeau,7,34,0,0.0543437041342258,1,0.6630993112921715,1,4,0,0,S,Brest,0,0.0543437041342258,0.6970005072653294,0.0721974074840545,Ligue 1,2023-2024
8049,Jean-Kevin Duverne,19,1349,0,0.6208431720733643,0,0.1384443510323763,4,3,4,0,D S,Nantes,0,0.6208431720733643,2.109121646732092,2.021633043885231,Ligue 1,2023-2024
8097,Guillaume Dietsch,1,73,0,0.0,0,0.0,0,0,0,0,S,Metz,0,0.0,0.0,0.0,Ligue 1,2023-2024
8151,Hianga&#039;a M&#039;Bock,2,5,0,0.0816519558429718,0,0.5329005122184753,1,1,0,0,S,Brest,0,0.0816519558429718,0.6223156675696373,0.0077632046304643,Ligue 1,2023-2024
8548,Arnau Tenas,6,529,0,0.0,1,0.2893681228160858,0,1,0,0,GK S,Paris Saint Germain,0,0.0,0.8662592172622681,0.5768910944461823,Ligue 1,2023-2024
8638,Lucas Chevalier,33,2970,0,0.0,0,0.1166207641363143,0,2,1,0,GK,Lille,0,0.0,3.205430978909135,3.0888102184981108,Ligue 1,2023-2024
8641,Radoslaw Majecki,12,1080,0,0.0,0,0.0,0,0,1,0,GK,Monaco,0,0.0,0.8437743112444878,0.8437743112444878,Ligue 1,2023-2024
8644,Eliot Matazo,6,72,0,0.086983285844326,1,0.9687121957540512,1,2,2,0,S,Monaco,0,0.086983285844326,1.2833445854485035,0.2276490647345781,Ligue 1,2023-2024
8647,Thibault De Smet,27,1852,0,0.1750782243907451,0,0.7101392019540071,4,14,7,1,D M S,Reims,0,0.1750782243907451,5.10480585321784,4.743182646110654,Ligue 1,2023-2024
8650,Julien Laporte,23,1823,0,0.8170445524156094,0,0.0440158322453498,13,1,4,0,D S,Lorient,0,0.8170445524156094,3.0845659067854285,3.016678139567375,Ligue 1,2023-2024
8651,Enzo Le Fée,25,1548,0,0.5182020096108317,1,1.7437881659716368,12,28,3,0,M S,Rennes,0,0.5182020096108317,5.8787168357521296,4.989643240347505,Ligue 1,2023-2024
8653,Adrian Grbic,1,28,0,0.1122170463204383,0,0.0,2,0,0,0,S,Lorient,0,0.1122170463204383,0.1789318472146988,0.1100339740514755,Ligue 1,2023-2024
8656,Birger Meling,1,12,0,0.1198129504919052,0,0.0,1,0,0,0,S,Rennes,0,0.1198129504919052,0.162633016705513,0.0428200773894786,Ligue 1,2023-2024
8687,Kiki Kouyate,23,1936,0,0.8520762994885445,2,1.5966659225523472,13,5,5,1,D S,Montpellier,0,0.8520762994885445,2.321308160200715,2.102388048544526,Ligue 1,2023-2024
8691,Saidou Sow,10,714,0,0.1138403303921222,1,0.4738517999649048,3,2,2,0,D S,Strasbourg,0,0.1138403303921222,1.5059031322598455,1.0320513248443604,Ligue 1,2023-2024
8703,Sinaly Diomande,10,892,0,0.8058434035629034,0,0.3938105814158916,6,3,2,0,D,Lyon,0,0.8058434035629034,1.3209533728659153,1.2120576314628124,Ligue 1,2023-2024
8995,Hugo Ekitike,1,8,0,0.0,0,0.0303820725530385,0,1,0,0,S,Paris Saint Germain,0,0.0,0.0524059422314167,0.0220238678157329,Ligue 1,2023-2024
9060,Danilo Pereira,26,1981,0,1.7964236102998257,0,0.0,10,0,2,0,D S,Paris Saint Germain,0,1.7964236102998257,10.688812766224146,10.57005325332284,Ligue 1,2023-2024
9068,Komnen Andric,7,135,0,0.0782724749296903,0,0.1465659784153103,3,4,0,0,F S,Clermont Foot,0,0.0782724749296903,0.260715271346271,0.0510073211044073,Ligue 1,2023-2024
9140,Maxime Busi,5,152,0,0.3641709089279175,0,0.2248899638652801,1,3,1,0,M S,Reims,0,0.3641709089279175,1.2481651678681374,0.6591042950749397,Ligue 1,2023-2024
9197,Loris Mouyokolo,1,90,0,0.0,0,0.0,0,0,0,0,D,Lorient,0,0.0,0.1227136477828025,0.1227136477828025,Ligue 1,2023-2024
9279,Krépin Diatta,26,1163,0,0.8094843309372663,2,2.623059577308595,9,23,2,0,D M S,Monaco,0,0.8094843309372663,7.894643863663077,6.785860065370798,Ligue 1,2023-2024
9317,Oussama Targhaline,14,1053,0,0.1411428824067115,0,0.2876383680850267,6,8,3,1,M S,Le Havre,0,0.1411428824067115,2.447756426408887,2.1989851035177708,Ligue 1,2023-2024
9399,Quentin Merlin,26,2014,0,0.7230393858626485,2,2.9117498681880534,19,30,1,0,D M S,"Marseille,Nantes",0,0.7230393858626485,8.895181046798825,7.161321360617876,Ligue 1,2023-2024
9514,Antoine Mendy,10,414,0,0.121766559779644,0,0.3936069086194038,2,2,0,0,D S,Nice,0,0.121766559779644,3.141618706285953,2.8269193172454834,Ligue 1,2023-2024
9562,Sacha Delaye,9,104,0,0.2782323099672794,0,0.1018649041652679,5,2,1,0,S,Montpellier,0,0.2782323099672794,0.3558684810996055,0.0236500464379787,Ligue 1,2023-2024
9614,Marco Bizot,32,2877,0,0.0,0,0.1316264159977436,0,3,3,1,GK,Brest,0,0.0,4.476430103182793,4.391507426276803,Ligue 1,2023-2024
9616,Grégoire Coudert,3,181,0,0.0,0,0.0,0,0,0,0,GK S,Brest,0,0.0,0.3693810403347015,0.3693810403347015,Ligue 1,2023-2024
9638,Arthur Desmas,33,2970,0,0.0,0,0.1745983362197876,0,1,2,0,GK,Le Havre,0,0.0,2.015949409455061,1.8413510732352731,Ligue 1,2023-2024
9642,Salis Abdul Samed,27,1510,0,0.8402506019920111,0,0.6497425884008408,5,6,2,0,M S,Lens,0,0.8402506019920111,8.304884536191821,6.872539086267352,Ligue 1,2023-2024
9652,Alidu Seidu,25,1728,0,0.0958505677990615,1,0.8352891271933913,8,8,8,1,D S,"Clermont Foot,Rennes",0,0.0958505677990615,4.521311935968697,4.3677008440718055,Ligue 1,2023-2024
9655,Pablo Rosario,30,1996,0,0.8373203622177243,0,1.459423739463091,16,17,4,0,D M S,Nice,0,0.8373203622177243,10.211026633158326,8.954532898962498,Ligue 1,2023-2024
9658,Billal Brahimi,20,186,0,0.1292262095957994,0,0.5664444714784622,4,7,1,1,F S,"Brest,Nice",0,0.1292262095957994,1.5122875031083822,0.9866894241422416,Ligue 1,2023-2024
9659,Bradley Locko,33,2962,0,0.2747934786602855,3,1.6215941831469536,12,23,5,0,D,Brest,0,0.2747934786602855,11.308132014237344,10.3378444314003,Ligue 1,2023-2024
9661,Igor Silva,5,251,0,0.0498577840626239,0,0.2047157362103462,1,2,2,0,D S,Lorient,0,0.0498577840626239,0.4006845206022262,0.3508267402648926,Ligue 1,2023-2024
9670,Léo Leroy,21,439,0,0.8237765040248632,1,0.3570748129859566,7,4,3,0,M S,Montpellier,0,0.8237765040248632,2.770360761322081,1.9842935791239145,Ligue 1,2023-2024
9673,Bilal Nadir,5,100,0,0.082767441868782,0,0.1304146088659763,1,2,1,0,M S,Marseille,0,0.082767441868782,0.2131820507347583,0.0732888504862785,Ligue 1,2023-2024
9699,Bamo Meïté,18,761,0,0.086170956492424,0,0.0114494077861309,1,1,1,0,D S,"Lorient,Marseille",0,0.086170956492424,3.301255164667964,3.301255164667964,Ligue 1,2023-2024
9826,Axel Camblan,7,70,0,0.3196465820074081,0,0.033264547586441,2,1,2,0,S,Brest,0,0.3196465820074081,0.3047952204942703,0.0613301247358322,Ligue 1,2023-2024
9873,Montassar Talbi,25,2204,0,0.6891204351559281,0,0.2516640909016132,5,7,2,0,D,Lorient,0,0.6891204351559281,4.523782499134541,4.413807041943073,Ligue 1,2023-2024
9929,Théo Le Bris,26,1498,0,1.003899421542883,2,1.312765806913376,13,13,2,0,D M S,Lorient,0,1.003899421542883,5.161802479997277,3.0794665943831205,Ligue 1,2023-2024
9931,Lovro Majer,1,12,0,0.0428200773894786,0,0.2584652304649353,1,2,0,0,S,Rennes,0,0.0428200773894786,0.3718713819980621,0.0705860778689384,Ligue 1,2023-2024
9963,Maximiliano Caufriez,20,1686,0,0.2216372434049844,1,0.1907353671267628,6,9,5,3,D,Clermont Foot,0,0.2216372434049844,2.3175756316632032,2.1690973164513707,Ligue 1,2023-2024
10044,Aiman Maurer,5,44,0,0.1248866915702819,0,0.0,3,0,0,0,S,Clermont Foot,0,0.1248866915702819,0.285139363259077,0.1602526679635048,Ligue 1,2023-2024
10195,Ibrahim Diakité,5,100,0,0.0,0,0.0980342011898756,0,2,0,0,D S,Reims,0,0.0,0.4709131345152855,0.3943038582801819,Ligue 1,2023-2024
10236,Silvan Hefti,11,711,0,0.2166466685011983,1,1.4108116924762726,4,4,1,0,D M S,Montpellier,0,0.2166466685011983,2.4090773798525333,1.2318535577505827,Ligue 1,2023-2024
10263,Alaa Bellarouch,15,1350,0,0.0,0,0.0334351919591426,0,1,1,0,GK,Strasbourg,0,0.0,1.6610604375600817,1.6610604375600817,Ligue 1,2023-2024
10300,Jeanuël Belocian,23,1459,0,0.4875206686556339,1,0.3548547849059105,3,6,0,0,D S,Rennes,0,0.4875206686556339,4.262160075828433,4.06894819997251,Ligue 1,2023-2024
10302,Danley Jean Jacques,33,2694,0,2.9617251148447394,0,0.4454032639041543,34,9,4,0,M S,Metz,0,2.9617251148447394,4.653666585683823,1.7738110637292266,Ligue 1,2023-2024
10318,Kelvin Yeboah,13,233,0,0.5418527387082577,0,0.2364756762981414,7,5,0,0,S,Montpellier,0,0.5418527387082577,0.9585213605314492,0.2277505677193403,Ligue 1,2023-2024
10346,Bonke Innocent,4,211,0,0.070721223950386,0,0.1179575324058532,2,2,1,0,M S,Lorient,0,0.070721223950386,1.19307741522789,1.1648102402687073,Ligue 1,2023-2024
10347,Pablo Pagis,3,175,0,0.1087431609630584,0,0.0,3,0,1,0,M,Lorient,0,0.1087431609630584,0.0853732302784919,0.0231366250663995,Ligue 1,2023-2024
10373,Falaye Sacko,19,1373,0,0.0236335266381502,1,0.3710645101964474,1,7,0,0,D S,Montpellier,0,0.0236335266381502,2.64633431378752,2.4950588578358293,Ligue 1,2023-2024
10375,Enzo Tchato Mbiayi,17,1119,0,0.3418476041406393,0,0.1950671644881367,5,7,2,0,D S,Montpellier,0,0.3418476041406393,3.253545278683305,2.814757982268929,Ligue 1,2023-2024
10381,Ibrahima Koné,1,30,0,0.0,0,0.0,0,0,0,0,S,Lorient,0,0.0,0.0,0.0,Ligue 1,2023-2024
10389,Fali Candé,25,1836,0,0.7711716489866376,1,0.2514672242105007,13,6,4,0,D S,Metz,0,0.7711716489866376,2.0065143145620823,1.8363204840570688,Ligue 1,2023-2024
10390,Ismaël Doukouré,22,1672,0,0.2156703928485512,0,0.2068604454398155,9,9,4,0,D M S,Strasbourg,0,0.2156703928485512,3.439118914306164,3.0547689525410533,Ligue 1,2023-2024
10527,Carlos Baleba,2,65,0,0.0303489509969949,0,0.0,2,0,0,0,M S,Lille,0,0.0303489509969949,0.5445556640625,0.5142067074775696,Ligue 1,2023-2024
10702,Johann Lepenant,6,251,0,0.0876034516841173,0,0.1649843007326126,4,3,1,0,M S,Lyon,0,0.0876034516841173,0.5954738762229681,0.5186909586191177,Ligue 1,2023-2024
10703,Mohamed El Arouch,1,1,0,0.0,0,0.0,0,0,0,0,S,Lyon,0,0.0,0.0,0.0,Ligue 1,2023-2024
10770,Soungoutou Magassa,21,1339,0,0.5910461433231831,0,0.1140842027962207,8,2,7,0,D M S,Monaco,0,0.5910461433231831,4.742211680859327,4.713962059468031,Ligue 1,2023-2024
10780,Mory Diaw,30,2700,0,0.0,0,0.0459839180111885,0,2,3,0,GK,Clermont Foot,0,0.0,2.307687904685736,2.261703984811902,Ligue 1,2023-2024
10782,Neto Borges,28,2520,0,0.5178292142227292,1,2.267312972806394,16,25,3,1,D,Clermont Foot,0,0.5178292142227292,5.685965292155743,4.103292102925479,Ligue 1,2023-2024
10787,Mikkel Desler,24,1560,0,1.1496010944247246,1,1.2052357457578182,16,9,2,0,D M S,Toulouse,0,1.1496010944247246,3.599463239312172,2.863821864128113,Ligue 1,2023-2024
10791,Stijn Spierings,26,1611,0,0.3210714161396026,1,0.7943557417020202,11,14,7,0,M S,"Lens,Toulouse",0,0.3210714161396026,6.608952850103378,6.1175940297544,Ligue 1,2023-2024
10792,Farès Chaïbi,2,49,0,0.0,1,0.5024143569171429,0,2,1,0,S,Toulouse,0,0.0,0.0675205066800117,0.0265078227967023,Ligue 1,2023-2024
10795,Denis Genreau,9,466,0,0.3972939131781459,0,0.6255151499062777,3,6,0,0,M S,Toulouse,0,0.3972939131781459,2.0142574422061443,1.3195934109389782,Ligue 1,2023-2024
10797,Kévin Biakolo,8,541,0,0.0097579639405012,0,0.1344953821972012,1,3,1,0,D S,Toulouse,0,0.0097579639405012,1.3601678619161248,1.268348008394241,Ligue 1,2023-2024
10810,Alexsandro Ribeiro,29,2207,0,2.443594947457313,0,1.0118668656796217,17,5,6,1,D S,Lille,0,2.443594947457313,7.510616027750075,7.345205732621251,Ligue 1,2023-2024
10827,Amine Salama,11,285,0,1.2880796808749435,0,0.2140091359615326,6,5,0,0,F S,Reims,0,1.2880796808749435,1.6887680143117905,0.6991863921284676,Ligue 1,2023-2024
10835,Achraf Dari,4,117,0,0.0474665872752666,0,0.0,1,0,0,0,D S,Brest,0,0.0474665872752666,0.0559927746653556,0.0559927746653556,Ligue 1,2023-2024
10836,Karamoko Dembele,1,11,0,0.0,0,0.0,0,0,0,0,S,Brest,0,0.0,0.0,0.0,Ligue 1,2023-2024
10843,Gédéon Kalulu,19,975,0,0.6428866423666477,1,1.1876168716698885,6,8,0,0,D S,Lorient,0,0.6428866423666477,3.7274695094674826,2.310085086151957,Ligue 1,2023-2024
10868,Guela Doué,24,1218,0,0.4617900559678674,2,1.2490335423499346,15,17,1,1,D S,Rennes,0,0.4617900559678674,3.6311829686164856,2.7432536594569683,Ligue 1,2023-2024
10919,Yanis Begraoui,14,279,0,0.4391946624964475,0,0.1227879673242569,7,1,0,0,F M S,Toulouse,0,0.4391946624964475,0.7774120308458805,0.4157807771116495,Ligue 1,2023-2024
11013,Naatan Skyttä,8,97,0,0.5021806135773659,0,0.5789231508970261,5,5,0,0,S,Toulouse,0,0.5021806135773659,1.302496187388897,0.787348099052906,Ligue 1,2023-2024
11024,Alan Virginius,16,1039,0,0.9961100295186044,2,1.5445407945662737,10,12,0,0,F M S,"Clermont Foot,Lille",0,0.9961100295186044,3.979844635352492,1.7796688415110111,Ligue 1,2023-2024
11035,Marquinhos,7,147,0,0.2402018755674362,0,1.0209415145218372,5,5,0,0,M S,Nantes,0,0.2402018755674362,1.84221307002008,1.014564711600542,Ligue 1,2023-2024
11049,Reda Belahyane,1,24,0,0.0,0,0.0,0,0,0,0,S,Nice,0,0.0,0.0,0.0,Ligue 1,2023-2024
11066,Yaya Fofana,4,16,0,0.0873189829289913,0,0.0,3,0,0,0,S,Reims,0,0.0873189829289913,0.1448427625000476,0.0930918306112289,Ligue 1,2023-2024
11084,Axel Gueguin,3,124,0,0.0,0,0.081521101295948,0,1,0,0,D S,Montpellier,0,0.0,0.1030812561511993,0.0215601529926061,Ligue 1,2023-2024
11157,Sael Kumbedi,17,908,0,0.2761745741590857,1,0.6427205298095942,6,5,4,0,D M S,Lyon,0,0.2761745741590857,2.888322114944458,2.093461785465479,Ligue 1,2023-2024
11252,Ichem Ferrah,1,1,0,0.0,0,0.0,0,0,0,0,S,Lille,0,0.0,0.0,0.0,Ligue 1,2023-2024
11253,Mamadou Sarr,1,4,0,0.0,0,0.0,0,0,0,0,S,Lyon,0,0.0,0.0,0.0,Ligue 1,2023-2024
11259,Julien Le Cardinal,14,515,0,0.3443514853715896,0,0.1529064327478408,4,2,3,0,D S,"Brest,Lens",0,0.3443514853715896,0.7253205049782991,0.5156152937561274,Ligue 1,2023-2024
11271,Nathan Zeze,13,1026,0,0.1480166306719184,0,0.0,3,0,1,0,D S,Nantes,0,0.1480166306719184,1.7902700686827302,1.7811707872897389,Ligue 1,2023-2024
11291,Warren Kamanzi,24,1173,0,0.6049273461103439,3,2.35152455791831,6,12,1,0,D M S,Toulouse,0,0.6049273461103439,4.151657538488507,1.9243591614067557,Ligue 1,2023-2024
11293,François Mughe,5,175,0,0.0918822325766086,0,0.1450017876923084,3,2,1,0,M S,Marseille,0,0.0918822325766086,0.4593876656144857,0.2345729675143957,Ligue 1,2023-2024
11339,Youssouf Ndayishimiye,23,1715,0,1.2197498939931393,0,0.8034768821671605,14,11,6,1,D M S,Nice,0,1.2197498939931393,6.716884715482593,6.466902259737253,Ligue 1,2023-2024
11342,Eduard Sobol,3,16,0,0.0,0,0.0,0,0,0,0,S,Strasbourg,0,0.0,0.0,0.0,Ligue 1,2023-2024
11343,Gabriel Suazo,31,2380,0,0.6201653834432364,4,2.9135293792933226,10,43,5,0,D F M S,Toulouse,0,0.6201653834432364,7.371823449619114,5.551996757276356,Ligue 1,2023-2024
11344,Jaouen Hadjam,8,90,0,0.0420783907175064,0,0.4357248488813638,1,4,0,0,S,Nantes,0,0.0420783907175064,1.3459541127085686,0.9314542785286904,Ligue 1,2023-2024
11350,Amin Sarr,3,90,0,0.6009720340371132,0,0.0890473797917366,5,1,0,0,F S,Lyon,0,0.6009720340371132,0.6891261711716652,0.0777943655848503,Ligue 1,2023-2024
11389,Valentin Atangana Edoa,15,541,0,0.408668328076601,0,0.1224844828248024,9,2,0,0,M S,Reims,0,0.408668328076601,0.8975416347384453,0.5280376225709915,Ligue 1,2023-2024
11407,Edan Diop,10,137,0,0.0,0,0.0,0,0,3,0,S,Monaco,0,0.0,0.1209383942186832,0.1209383942186832,Ligue 1,2023-2024
11465,Stredair Appuah,4,69,0,0.4087733514606952,0,0.0,4,0,0,0,S,Nantes,0,0.4087733514606952,0.4622436352074146,0.0966612994670867,Ligue 1,2023-2024
11468,Thérence Koudou,9,291,0,0.0306951804086565,0,0.2206723429262638,2,5,3,0,D S,Reims,0,0.0306951804086565,0.9648726750165224,0.7442003265023232,Ligue 1,2023-2024
11505,Aurelien Pelon,1,90,0,0.0,0,0.0,0,0,1,0,D,Lorient,0,0.0,0.0,0.0,Ligue 1,2023-2024
11545,Jérémy Jacquet,7,234,0,0.1028948426246643,1,0.1672557108104229,1,2,0,0,D S,"Clermont Foot,Rennes",0,0.1028948426246643,0.5136230736970901,0.3835830762982368,Ligue 1,2023-2024
11613,Mamadou Diakhon,11,174,0,0.0264961402863264,0,0.1430326849222183,1,1,0,0,F S,Reims,0,0.0264961402863264,0.9389258455485106,0.7693970203399658,Ligue 1,2023-2024
11729,Bénie Traoré,14,486,0,0.7419605404138565,1,1.2470746487379074,7,8,1,1,F S,Nantes,0,0.7419605404138565,2.742165692150593,0.9107773043215276,Ligue 1,2023-2024
11759,Aaron Malouda,1,1,0,0.0,0,0.0,0,0,0,0,S,Lille,0,0.0,0.0,0.0,Ligue 1,2023-2024
11763,Abduqodir Khusanov,11,819,0,0.1942526958882808,0,0.0726845264434814,5,1,4,0,D S,Lens,0,0.1942526958882808,1.763464143499732,1.635731739923358,Ligue 1,2023-2024
11764,Ayanda Sishuba,7,44,0,1.0613732365891335,0,0.0250916313380002,12,1,0,0,S,Lens,0,1.0613732365891335,1.2434313325211406,0.2441441714763641,Ligue 1,2023-2024
11766,Manuel Ugarte,25,1938,0,0.4321953430771827,2,1.0513594467192888,10,14,5,0,M S,Paris Saint Germain,0,0.4321953430771827,12.84576378017664,11.88918875530362,Ligue 1,2023-2024
11768,Cher Ndour,3,20,0,0.0,0,0.0,0,0,1,0,S,Paris Saint Germain,0,0.0,0.211808905005455,0.211808905005455,Ligue 1,2023-2024
11769,Dembo Sylla,1,42,0,0.0376853793859481,0,0.0,1,0,0,0,S,Lorient,0,0.0376853793859481,0.0376853793859481,0.0,Ligue 1,2023-2024
11770,Formose Mendy,18,1246,0,0.2653043577447533,0,0.1616651751101017,7,2,6,0,D S,Lorient,0,0.2653043577447533,2.0882100453600287,1.926544870249927,Ligue 1,2023-2024
11773,Douglas Augusto,25,1791,0,1.3544314978644252,0,1.5766075644642117,16,18,7,0,M S,Nantes,0,1.3544314978644252,5.938078632578254,4.403514040634036,Ligue 1,2023-2024
11774,Lamine Diack,1,1,0,0.0,0,0.0,0,0,0,0,S,Nantes,0,0.0,0.0,0.0,Ligue 1,2023-2024
11775,Bastien Meupiyou,1,8,0,0.0,0,0.0,0,0,0,1,D,Nantes,0,0.0,0.0082499822601675,0.0082499822601675,Ligue 1,2023-2024
11776,Guillaume Restes,34,3060,0,0.0,0,0.0,0,0,3,0,GK,Toulouse,0,0.0,2.860344873741269,2.860344873741269,Ligue 1,2023-2024
11778,Mamady Bangré,8,73,0,0.1804072894155979,1,0.8699694573879242,3,5,2,0,S,Toulouse,0,0.1804072894155979,1.104147456586361,0.2142858188599348,Ligue 1,2023-2024
11780,Massamba Ndiaye,4,360,0,0.0,0,0.0,0,0,0,0,GK,Clermont Foot,0,0.0,0.5099521838128567,0.5099521838128567,Ligue 1,2023-2024
11781,Philipp Köhn,22,1980,0,0.0,0,0.0,0,0,0,0,GK,Monaco,0,0.0,2.378115151077509,2.378115151077509,Ligue 1,2023-2024
11786,Becir Omeragic,28,2316,0,0.3198932567611336,0,0.8321256777271628,9,10,4,0,D M S,Montpellier,0,0.3198932567611336,4.197980768978596,3.985558643937111,Ligue 1,2023-2024
11787,Loïc Négo,28,1583,0,1.3509439853951335,3,1.166723372414708,18,13,2,0,D M S,Le Havre,0,1.3509439853951335,4.848459834232926,2.488972395658493,Ligue 1,2023-2024
11788,Arouna Sangante,30,2698,0,0.6515988428145647,0,1.2633824171498418,16,17,8,0,D,Le Havre,0,0.6515988428145647,5.54806715156883,4.7728124018758535,Ligue 1,2023-2024
11789,Josué Casimir,30,2066,0,1.4895929899066689,5,4.364805613644421,21,30,6,0,D F M S,Le Havre,0,1.4895929899066689,7.464236579835415,3.6296002957969904,Ligue 1,2023-2024
11790,Rassoul Ndiaye,19,508,0,0.1179900541901588,0,0.1134582664817571,5,2,2,2,M S,Le Havre,0,0.1179900541901588,0.7552623394876719,0.5636159107089043,Ligue 1,2023-2024
11792,Issa Soumaré,7,243,0,0.4572930801659822,0,0.7231943272054195,5,3,0,0,F M S,Le Havre,0,0.4572930801659822,0.5209243465214968,0.0809389054775238,Ligue 1,2023-2024
11793,Andy Logbo,10,225,0,0.3218677565455436,0,0.1005119942128658,4,3,0,0,F S,Le Havre,0,0.3218677565455436,0.2554340958595276,0.0,Ligue 1,2023-2024
11794,Antoine Joujou,23,722,0,1.2131121344864368,2,0.5873505733907223,20,9,1,0,F M S,Le Havre,0,1.2131121344864368,2.8249927572906017,1.3559063412249088,Ligue 1,2023-2024
11796,Étienne Youté,22,1947,0,0.2520809285342693,0,0.1242737509310245,6,3,1,0,D,Le Havre,0,0.2520809285342693,3.493575589731336,3.387337388470769,Ligue 1,2023-2024
11797,Maxime Colin,22,1835,0,0.230180736631155,0,0.68876594863832,6,4,3,0,D,Metz,0,0.230180736631155,2.892052374780178,2.5728819742798805,Ligue 1,2023-2024
11798,Koffi Kouao,13,868,0,0.2393402745947241,2,1.3542440719902515,5,6,2,0,D S,Metz,0,0.2393402745947241,2.6819926276803017,1.6917280554771423,Ligue 1,2023-2024
11801,Benjamin Tetteh,12,247,0,0.1991094425320625,0,0.0622823610901832,3,2,2,0,F S,Metz,0,0.1991094425320625,0.2646299675107002,0.0655205249786377,Ligue 1,2023-2024
11802,Malick Mbaye,5,144,0,0.5085585154592991,0,0.0802886765450239,4,2,1,0,M S,Metz,0,0.5085585154592991,0.5456038936972618,0.0505504263564944,Ligue 1,2023-2024
11803,Jean N&#039;Guessan,6,103,0,0.0594624429941177,0,0.0,3,0,0,0,M S,Metz,0,0.0594624429941177,0.0973541736602783,0.0758016668260097,Ligue 1,2023-2024
11804,Aboubacar Lô,6,191,0,0.0490720570087432,0,0.2920311689376831,1,2,0,1,D M S,Metz,0,0.0490720570087432,0.2998045063577592,0.0369637380354106,Ligue 1,2023-2024
11806,Sadibou Sané,14,845,0,0.3041481282562017,0,0.0087460940703749,5,1,1,0,D S,Metz,0,0.3041481282562017,1.8542188676074147,1.8542188676074147,Ligue 1,2023-2024
11818,Ângelo,21,1065,0,0.5878619709983468,3,3.147912744898349,9,26,2,0,F M S,Strasbourg,0,0.5878619709983468,6.498367574065924,4.074120530858636,Ligue 1,2023-2024
11819,Clinton Mata,28,2223,0,0.6214882228523493,3,2.3802453950047493,14,14,6,0,D S,Lyon,0,0.6214882228523493,8.999163658358157,6.730494701303542,Ligue 1,2023-2024
11905,Ignacio Miramón,2,39,0,0.0287265665829181,0,0.0,2,0,0,0,M S,Lille,0,0.0287265665829181,0.2108672857284546,0.1821407228708267,Ligue 1,2023-2024
11978,Diego Moreira,7,269,0,0.9072051644325256,0,0.3541486114263534,5,3,1,0,M S,Lyon,0,0.9072051644325256,1.4055219814181328,0.3572942335158586,Ligue 1,2023-2024
11996,Mathis Lambourde,1,8,0,0.0,0,0.0,0,0,0,0,S,Rennes,0,0.0,0.0,0.0,Ligue 1,2023-2024
12001,Joseph N&#039;Duquidi,13,744,0,0.1602081432938575,0,0.0360742583870887,4,2,2,0,D M S,Metz,0,0.1602081432938575,0.5181192681193352,0.4334995429962873,Ligue 1,2023-2024
12004,Joel Mvuka,7,189,0,0.0294810887426137,0,0.0,1,0,1,0,D S,Lorient,0,0.0294810887426137,0.0294810887426137,0.0,Ligue 1,2023-2024
12024,Adson,8,220,0,0.2717675641179085,0,0.0793814565986394,5,3,0,0,M S,Nantes,0,0.2717675641179085,1.3329124366864562,1.177577949129045,Ligue 1,2023-2024
12039,Bertug Yildirim,21,411,0,1.4484275393188,1,0.5712480749934912,9,4,3,0,F S,Rennes,0,1.4484275393188,1.7288285419344902,0.5775931160897017,Ligue 1,2023-2024
12045,Aron Dønnum,27,1628,0,1.2176911104470491,1,2.4736274564638734,21,23,8,0,F M S,Toulouse,0,1.2176911104470491,5.740901775658131,3.547597063705325,Ligue 1,2023-2024
12052,Aliou Balde,7,58,0,0.1142181120812892,0,0.0,3,0,0,0,S,Nice,0,0.1142181120812892,0.5834536291658878,0.4692355170845985,Ligue 1,2023-2024
12066,Ethan Mbappé,3,39,0,0.1630925238132476,0,0.0,2,0,0,0,S,Paris Saint Germain,0,0.1630925238132476,0.7625649720430374,0.5994724482297897,Ligue 1,2023-2024
12079,Óscar Estupiñán,6,259,0,0.2691512666642666,0,0.0096615748479962,6,1,0,0,F S,Metz,0,0.2691512666642666,0.2551868110895157,0.0,Ligue 1,2023-2024
12119,Antonin Cartillier,1,6,0,0.0,0,0.0,0,0,0,0,S,Monaco,0,0.0,0.0,0.0,Ligue 1,2023-2024
12120,Noam Mayoka-Tika,1,1,0,0.0,0,0.0,0,0,0,0,S,Marseille,0,0.0,0.0,0.0,Ligue 1,2023-2024
12127,Yanis Issoufou,1,9,0,0.0,0,0.0,0,0,0,0,S,Montpellier,0,0.0,0.0,0.0,Ligue 1,2023-2024
12133,Steven Baseya,2,3,0,0.0,0,0.0,0,0,0,0,S,Strasbourg,0,0.0,0.0,0.0,Ligue 1,2023-2024
12143,Mahamadou Diawara,11,354,0,0.7673920597881079,0,0.1789290141314268,6,3,2,0,M S,Lyon,0,0.7673920597881079,1.0142083633691072,0.1437773462384939,Ligue 1,2023-2024
12144,Bassirou N&#039;Diaye,5,138,0,0.0,0,0.3115178346633911,0,2,0,0,S,Lorient,0,0.0,0.4161699377000332,0.1241173259913921,Ligue 1,2023-2024
12159,Mahamadou Nagida,3,104,0,0.1628047749400138,0,0.268251433968544,3,3,0,0,D S,Rennes,0,0.1628047749400138,0.6473540365695953,0.3090387880802154,Ligue 1,2023-2024
12162,Ayyoub Bouaddi,9,117,0,0.0,0,0.0173937622457742,0,1,1,1,M S,Lille,0,0.0,0.799903616309166,0.7825098484754562,Ligue 1,2023-2024
12163,Amadou Koné,16,459,0,0.1707883737981319,0,0.3532793372869491,6,4,2,1,M S,Reims,0,0.1707883737981319,1.235429858788848,1.106223590672016,Ligue 1,2023-2024
12164,Adama Bojang,9,59,0,0.8690661787986755,0,0.0530525147914886,4,1,1,0,S,Reims,0,0.8690661787986755,1.6973143815994265,0.7751956945285201,Ligue 1,2023-2024
12228,Abdellah Baallal,1,1,0,0.0,0,0.0,0,0,0,0,S,Clermont Foot,0,0.0,0.0,0.0,Ligue 1,2023-2024
12258,Luc Zogbe,1,7,0,0.0,0,0.0,0,0,0,0,S,Brest,0,0.0,0.0114791840314865,0.0114791840314865,Ligue 1,2023-2024
12264,Saïmon Bouabré,1,40,0,0.0,0,0.0,0,0,0,0,S,Monaco,0,0.0,0.0882868915796279,0.0882868915796279,Ligue 1,2023-2024
12283,Daouda Traoré,1,14,0,0.0621192902326583,0,0.0,1,0,0,0,S,Nice,0,0.0621192902326583,0.4891355037689209,0.4270161986351013,Ligue 1,2023-2024
12285,Mamadou Coulibaly,5,120,0,0.117486760020256,0,0.0211204271763563,2,1,0,0,M S,Monaco,0,0.117486760020256,0.520616427063942,0.3820092231035232,Ligue 1,2023-2024
12307,Mohamed Bechikh,2,9,0,0.0,0,0.0,0,0,0,0,S,Strasbourg,0,0.0,0.0241856556385755,0.0241856556385755,Ligue 1,2023-2024
12326,Royce Openda,1,14,0,0.0,0,0.0,0,0,0,0,S,Lorient,0,0.0,0.0,0.0,Ligue 1,2023-2024
12327,Gino Caoki,1,5,0,0.0,0,0.0,0,0,0,0,S,Lorient,0,0.0,0.0,0.0,Ligue 1,2023-2024
12332,Hugo Boutsingkham,2,6,0,0.0,0,0.0,0,0,0,0,S,Nantes,0,0.0,0.0,0.0,Ligue 1,2023-2024
12335,Steve Ngoura,12,193,0,0.6314274948090315,1,0.0766507238149643,7,1,0,0,F S,Le Havre,0,0.6314274948090315,1.7898901496082544,1.0818119328469038,Ligue 1,2023-2024
12337,Adryelson,2,3,0,0.0,0,0.0,0,0,0,0,S,Lyon,0,0.0,0.0,0.0,Ligue 1,2023-2024
12343,Jhoanner Chávez,8,486,0,0.5122348442673683,0,0.9299897663295268,3,4,1,0,D M S,Lens,0,0.5122348442673683,3.5853820741176605,2.242269203066826,Ligue 1,2023-2024
12345,Senny Mayulu,8,321,0,0.1889441944658756,1,0.4834381118416786,3,6,0,0,F M S,Paris Saint Germain,0,0.1889441944658756,1.9737593829631803,1.361293151974678,Ligue 1,2023-2024
12368,Chaïm El Djebali,1,8,0,0.0,0,0.0,0,0,0,0,S,Lyon,0,0.0,0.0,0.0,Ligue 1,2023-2024
12375,Sofiane Sidi Ali,2,12,0,0.0680245980620384,0,0.0,1,0,0,0,S,Marseille,0,0.0680245980620384,0.3908601924777031,0.3228355944156647,Ligue 1,2023-2024
12376,Lucas Michal,1,2,0,0.0,0,0.0,0,0,0,0,S,Monaco,0,0.0,0.0,0.0,Ligue 1,2023-2024
12382,Nathaniel Adjei,15,1243,0,0.3647497743368149,0,0.0713866874575614,4,3,2,0,D S,Lorient,0,0.3647497743368149,2.7994321640580893,2.756242336705327,Ligue 1,2023-2024
12384,Mohamed-Amine Bouchenna,2,20,0,0.0387375243008136,0,0.1028948426246643,1,1,1,0,S,Clermont Foot,0,0.0387375243008136,0.1416323632001876,0.0,Ligue 1,2023-2024
12386,Adel Mahamoud,1,5,0,0.0,0,0.0,0,0,0,0,S,Nantes,0,0.0,0.0,0.0,Ligue 1,2023-2024
12388,Enzo Mongo,1,5,0,0.0,0,0.0,0,0,0,0,S,Nantes,0,0.0,0.0,0.0,Ligue 1,2023-2024
12400,Rabby Nzingoula,6,123,0,0.0953473523259162,1,0.1509222835302353,1,2,1,0,M S,Strasbourg,0,0.0953473523259162,0.2588345929980278,0.0125649627298116,Ligue 1,2023-2024
12420,Tiago Morais,3,35,0,0.3163146376609802,0,0.0,1,0,0,0,S,Lille,0,0.3163146376609802,0.3163146376609802,0.0,Ligue 1,2023-2024
12421,Andrej Ilic,2,2,0,0.0,0,0.0,0,0,0,0,S,Lille,0,0.0,0.0260431468486785,0.0260431468486785,Ligue 1,2023-2024
12446,Simon Ebonog,4,14,0,0.0,0,0.0,0,0,0,0,S,Le Havre,0,0.0,0.6314274668693542,0.6314274668693542,Ligue 1,2023-2024
12451,Djaoui Cissé,2,2,0,0.0,0,0.0,0,0,0,0,S,Rennes,0,0.0,0.0,0.0,Ligue 1,2023-2024
12468,Trévis Dago,4,16,0,0.1294036954641342,1,0.2309859544038772,1,1,1,0,S,Lille,0,0.1294036954641342,0.3603896498680115,0.0,Ligue 1,2023-2024
12519,Aboubacar Ali Abdallah,9,107,0,0.1611940115690231,1,0.2815385162830353,4,1,0,0,F S,Strasbourg,0,0.1611940115690231,0.4104594755917787,0.0156945493072271,Ligue 1,2023-2024
12552,Christ Mbondi,1,1,0,0.0,0,0.0,0,0,0,0,S,Reims,0,0.0,0.0,0.0,Ligue 1,2023-2024
12555,Ivan M&#039;Bahia,1,7,0,0.0,0,0.0142282284796237,0,1,1,0,S,Clermont Foot,0,0.0,0.0265993271023035,0.0123710976913571,Ligue 1,2023-2024
12586,Raimane Daou,1,22,0,0.0,0,0.0,0,0,0,0,S,Marseille,0,0.0,0.0723513066768646,0.0723513066768646,Ligue 1,2023-2024
12587,Keyliane Abdallah,1,1,0,0.0,0,0.0,0,0,0,0,S,Marseille,0,0.0,0.0,0.0,Ligue 1,2023-2024
12606,Ilhan Fakili,3,93,0,0.1182872541248798,0,0.0258579980581998,4,1,0,0,M S,Clermont Foot,0,0.1182872541248798,0.2796327695250511,0.1354875266551971,Ligue 1,2023-2024
12618,Abdoul Koné,3,202,0,0.0,0,0.622617095708847,0,2,1,0,D,Reims,0,0.0,0.6921053975820541,0.069488301873207,Ligue 1,2023-2024
12636,Vignon Ouotro,1,3,0,0.0,0,0.0,0,0,0,0,S,Strasbourg,0,0.0,0.0,0.0,Ligue 1,2023-2024
