id,player_name,games,time,goals,xG,assists,xA,shots,key_passes,yellow_cards,red_cards,position,team_title,npg,npxG,xGChain,xGBuildup,league,season
8260,Erling Haaland,5,450,5,4.760757207870483,0,0.6280249953269958,20,1,0,0,F,Manchester City,5,4.760757207870483,5.657658219337463,0.990496426820755,Premier League,2026-2027
5232,Alexander Isak,5,417,4,3.734499484300613,0,0.1502389535307884,15,3,1,0,F,Liverpool,4,3.734499484300613,2.389996752142906,0.447217172011733,Premier League,2026-2027
239,Pascal Groß,5,450,3,1.7418897114694118,3,2.327627532184124,10,15,2,0,M,Brighton,2,0.9807208627462388,3.732839316129685,1.5181320905685425,Premier League,2026-2027
1228,Bruno Fernandes,5,450,3,3.054240271449089,1,0.8571310415863991,19,13,0,0,M,Manchester United,2,2.293071433901787,4.767141938209534,2.4167455509305,Premier League,2026-2027
7322,Bukayo Saka,5,422,3,4.273403286933899,0,0.3061508983373642,15,7,0,0,M,Arsenal,2,3.512234508991241,4.156832754611969,1.014505384489894,Premier League,2026-2027
8094,Mathis Cherki,5,313,3,1.058727128431201,2,1.856302186846733,9,12,1,0,M S,Manchester City,3,1.058727128431201,4.495353020727634,2.891793973743916,Premier League,2026-2027
8272,João Pedro,4,360,3,2.517409959807992,3,0.7439739257097244,11,7,1,0,F,Chelsea,3,2.517409959807992,4.1094639003276825,0.9801533166319132,Premier League,2026-2027
9156,Kevin Schade,5,450,3,1.6469795405864716,0,0.1368778403848409,13,3,0,0,M,Brentford,3,1.6469795405864716,2.3191302716732025,0.6257321536540985,Premier League,2026-2027
9789,Brian Brobbey,5,404,3,2.917344477027654,0,0.6051481859758496,11,5,1,0,F,Sunderland,3,2.917344477027654,4.182296063750982,0.6735323630273342,Premier League,2026-2027
10741,Marcus Tavernier,5,434,3,1.6946706473827362,0,1.4790641739964483,13,9,2,0,M,Bournemouth,3,1.6946706473827362,2.162270724773407,0.5718400599434972,Premier League,2026-2027
12412,Morgan Rogers,5,444,3,1.436189830303192,1,1.80231461673975,15,11,1,0,M,Chelsea,3,1.436189830303192,4.165929287672043,1.1771483309566977,Premier League,2026-2027
2517,Martin Odegaard,5,391,2,1.0822108462452888,0,1.9719086587429049,7,12,0,0,M,Arsenal,2,1.0822108462452888,3.042163275182247,0.9677608143538236,Premier League,2026-2027
5220,Kai Havertz,5,442,2,1.1796535849571228,0,0.3856108225882053,10,5,1,0,F,Arsenal,2,1.1796535849571228,3.836165964603424,2.414606913924217,Premier League,2026-2027
5555,Dominic Calvert-Lewin,5,424,2,3.3394249826669693,1,0.1636576950550079,11,2,3,0,F,Leeds,2,3.3394249826669693,3.3232451528310776,0.1856741961091756,Premier League,2026-2027
6552,Bryan Mbeumo,5,450,2,2.8686716854572296,0,1.2157072350382805,19,10,1,0,M,Manchester United,2,2.8686716854572296,5.811429470777512,2.19177614338696,Premier League,2026-2027
6630,Joe Willock,5,292,2,0.864694744348526,0,0.3159610256552696,10,2,0,0,M S,Newcastle United,2,0.864694744348526,2.090573124587536,0.9543050788342952,Premier League,2026-2027
8214,Tyrick Mitchell,5,430,2,1.0259912312030792,0,0.5719306748360395,5,5,0,0,D,Crystal Palace,2,1.0259912312030792,1.980098593980074,0.8720796257257462,Premier League,2026-2027
8497,Cole Palmer,5,445,2,1.820941172540188,2,1.8364662174135449,17,11,1,0,M,Chelsea,2,1.820941172540188,4.83687661588192,1.6125021167099476,Premier League,2026-2027
8919,Leif Davis,5,450,2,1.7481177002191544,1,0.6700423881411552,6,4,0,0,D,Ipswich,2,1.7481177002191544,3.397299043834209,1.432579517364502,Premier League,2026-2027
9205,Jayden Bogle,5,376,2,1.2523942552506924,0,0.0464970078319311,6,2,2,0,D,Leeds,2,1.2523942552506924,1.257822135463357,0.9619607031345369,Premier League,2026-2027
9524,Anthony Elanga,3,241,2,0.4224189072847366,0,0.6791225373744965,4,4,1,0,M,Newcastle United,2,0.4224189072847366,1.60206700861454,0.6694696191698313,Premier League,2026-2027
9680,Vitaly Janelt,5,450,2,0.8616216434165835,0,0.1685912609100341,4,5,3,0,M,Brentford,2,0.8616216434165835,2.528997592628002,1.6294672638177872,Premier League,2026-2027
11269,Jack Hinshelwood,1,69,2,1.401410698890686,0,0.100886195898056,3,1,0,0,M,Brighton,2,1.401410698890686,1.6856542825698853,0.183357372879982,Premier League,2026-2027
11363,Antoine Semenyo,5,450,2,0.3976367637515068,3,1.4251534789800644,7,10,0,0,M,Manchester City,2,0.3976367637515068,5.27187816798687,3.86921726167202,Premier League,2026-2027
12410,Joshua King,5,428,2,1.3586387112736702,0,0.6300289370119572,14,4,1,0,M,Fulham,2,1.3586387112736702,3.4324229955673218,1.7162633314728737,Premier League,2026-2027
12916,Thierno Barry,5,425,2,3.853710442781448,0,0.297066681087017,17,5,0,0,F,Everton,2,3.853710442781448,4.0462949723005295,0.6976549290120602,Premier League,2026-2027
14082,Emersonn,5,334,2,1.366104282438755,1,1.1160312294960022,9,4,0,0,F,Ipswich,2,1.366104282438755,3.319626048207283,0.9138327278196812,Premier League,2026-2027
14118,Charalampos Kostoulas,5,355,2,1.7747207581996918,1,0.0689107999205589,13,2,1,0,F S,Brighton,2,1.7747207581996918,2.740635961294174,1.0416297614574432,Premier League,2026-2027
14760,Mohamed Belloumi,5,408,2,0.9527353011071682,2,0.5133136138319969,13,5,1,0,M,Hull,2,0.9527353011071682,1.4904468655586245,0.1785864718258381,Premier League,2026-2027
14856,Malick Yalcouyé,5,237,2,1.4396155551075935,0,0.9637800054624676,7,5,0,0,M S,Brighton,2,1.4396155551075935,3.401956409215927,0.9985608346760272,Premier League,2026-2027
782,Ben Chilwell,2,20,1,0.4560462087392807,0,0.0,2,0,0,0,S,Crystal Palace,1,0.4560462087392807,0.4560462087392807,0.0,Premier League,2026-2027
1665,James Tarkowski,5,450,1,0.1422398248687386,1,0.3601316353306174,4,2,0,0,D,Everton,1,0.1422398248687386,2.204187862575054,1.8424348160624504,Premier League,2026-2027
1750,Ainsley Maitland-Niles,3,177,1,0.0460055172443389,0,0.4221580624580383,2,3,0,0,D S,Everton,1,0.0460055172443389,1.253463700413704,0.8809201717376709,Premier League,2026-2027
1790,Chuba Akpom,3,72,1,0.5009468421339989,0,0.0,2,0,0,0,S,Ipswich,1,0.5009468421339989,0.5453394744545221,0.0443926341831684,Premier League,2026-2027
2203,Emiliano Buendía,5,413,1,0.7628546841442585,0,0.299975112080574,9,5,0,0,F M,Aston Villa,1,0.7628546841442585,2.127523124217987,1.2580938264727592,Premier League,2026-2027
4490,Semi Ajayi,5,426,1,0.9432528605684638,0,0.0,3,0,1,0,D,Hull,1,0.9432528605684638,0.682461678981781,0.682461678981781,Premier League,2026-2027
5786,Yoane Wissa,5,443,1,2.425379753112793,1,0.7382008507847786,9,4,2,0,F M,Newcastle United,1,1.6642108801752329,2.514782950282097,0.7349181771278381,Premier League,2026-2027
6048,Lewis Dunk,4,360,1,0.0203081760555505,0,0.0,1,0,1,0,D,Brighton,1,0.0203081760555505,3.117137230932713,3.0968290343880653,Premier League,2026-2027
6382,Pedro Neto,5,343,1,1.065810576081276,0,0.7570094503462315,7,5,0,0,D M S,Chelsea,1,1.065810576081276,1.7371716722846031,0.609008364379406,Premier League,2026-2027
6681,Harvey Barnes,5,450,1,0.8555664122104645,2,0.3903732299804687,8,6,0,0,M,Newcastle United,1,0.8555664122104645,1.7876548748463392,0.6539087686687708,Premier League,2026-2027
6857,Morgan Gibbs-White,5,450,1,1.453150950372219,2,2.083746552467346,9,14,0,0,M,Nottingham Forest,0,0.6919821128249168,3.32504940032959,1.7768863774836063,Premier League,2026-2027
6963,Justin Kluivert,4,311,1,1.0765978209674358,0,0.2000063136219978,10,3,1,0,M,Bournemouth,1,1.0765978209674358,1.1086337603628635,0.4629282429814338,Premier League,2026-2027
7080,Matheus Cunha,5,417,1,0.5601261369884014,1,1.759502187371254,13,8,0,0,F,Manchester United,1,0.5601261369884014,3.5736555606126785,1.317332848906517,Premier League,2026-2027
7148,Wilson Isidor,5,100,1,1.1115214824676514,0,0.0,5,0,0,0,S,Sunderland,1,1.1115214824676514,1.0120541900396347,0.0,Premier League,2026-2027
7603,Marc Guehi,5,450,1,0.7117164582014084,1,0.5821347422897816,3,3,0,0,D M,Manchester City,1,0.7117164582014084,5.129593670368195,5.129593670368195,Premier League,2026-2027
8327,Bruno Guimarães,3,122,1,0.0816797241568565,0,0.0,2,0,0,0,M S,Arsenal,1,0.0816797241568565,0.1922268550843,0.1105471383780241,Premier League,2026-2027
8651,Enzo Le Fée,5,442,1,1.8244210332632065,1,1.9849609732627869,10,8,0,0,M,Sunderland,0,0.3020833544433117,3.407839983701706,1.8106865361332891,Premier League,2026-2027
8662,Dan Ndoye,5,332,1,1.7308399975299835,0,1.6962198615074158,11,5,1,0,M,Nottingham Forest,1,1.7308399975299835,3.6271088141947994,1.26824782602489,Premier League,2026-2027
8685,Mohamed Ali-Cho,4,62,1,0.7861246690154076,0,0.0968096684664487,4,3,0,0,S,Hull,1,0.7861246690154076,0.8991709351539612,0.0396613106131553,Premier League,2026-2027
8868,Liam Delap,4,276,1,1.120107550173998,0,0.6601310446858406,12,6,2,0,F S,Nottingham Forest,1,1.120107550173998,2.112693876028061,0.449344303458929,Premier League,2026-2027
8941,Jacob Ramsey,3,64,1,0.1496343240141868,0,0.0,2,0,1,0,S,Newcastle United,1,0.1496343240141868,0.7209044694900513,0.6304523944854736,Premier League,2026-2027
9040,Conor Gallagher,3,133,1,0.3952543884515762,0,0.0,2,0,1,0,M S,Tottenham,1,0.3952543884515762,0.4343272633850574,0.0390728749334812,Premier League,2026-2027
9501,Fabio Carvalho,1,2,1,0.5489259362220764,0,0.0,1,0,0,0,S,Brentford,1,0.5489259362220764,0.5489259362220764,0.0,Premier League,2026-2027
9739,Kiernan Dewsbury-Hall,5,450,1,1.453199703246355,0,1.1657781824469566,18,11,1,0,M,Everton,1,1.453199703246355,3.721558958292008,1.8836163580417635,Premier League,2026-2027
9788,Dominik Szoboszlai,5,441,1,1.2616926208138466,0,1.418816328048706,13,11,1,0,M,Liverpool,0,0.5005238056182861,2.164847582578659,1.8352826833724976,Premier League,2026-2027
9790,Josko Gvardiol,5,436,1,0.433158254250884,2,0.8218707293272018,3,3,1,0,D,Manchester City,1,0.433158254250884,3.858068108558655,3.4055190086364746,Premier League,2026-2027
9910,Anton Stach,5,450,1,1.1217019446194172,0,0.2856458127498626,7,6,0,0,M,Leeds,1,1.1217019446194172,1.3702575992792845,0.3074439670890569,Premier League,2026-2027
10004,Romeo Lavia,4,273,1,1.2299621105194092,0,0.176572099328041,2,2,1,0,M,Chelsea,1,1.2299621105194092,1.7416341751813889,1.671058401465416,Premier League,2026-2027
10048,Nicolas Jackson,4,298,1,0.7952165901660919,0,0.5373992472887039,8,2,2,0,F,Aston Villa,1,0.7952165901660919,1.5537186488509178,0.4070612220093608,Premier League,2026-2027
10216,Lewis Hall,5,450,1,0.3191283727064729,1,0.7595338206738234,5,5,0,0,D,Newcastle United,1,0.3191283727064729,1.643626980483532,1.329808585345745,Premier League,2026-2027
10746,Jaidon Anthony,5,270,1,0.9835657700896264,0,0.4255058653652668,5,7,1,0,M S,Brentford,1,0.9835657700896264,0.6662124115973711,0.2507753763347864,Premier League,2026-2027
10807,Jan Paul van Hecke,5,450,1,1.0393902733922005,0,0.1078261756338179,5,4,1,0,D,Tottenham,1,1.0393902733922005,0.9656528457999228,0.8886720947921276,Premier League,2026-2027
10809,Keane Lewis-Potter,5,418,1,1.1509940521791575,1,0.7646497022360563,9,7,0,0,D,Brentford,1,1.1509940521791575,1.6276894211769104,0.9401073902845384,Premier League,2026-2027
11070,Jørgen Strand Larsen,5,299,1,0.3642293028533458,0,0.1841569952666759,6,2,0,0,F S,Crystal Palace,1,0.3642293028533458,0.9291204512119292,0.4216524362564087,Premier League,2026-2027
11281,Michael Kayode,5,304,1,0.8559175711125135,0,0.1161020807921886,6,2,0,0,D S,Brentford,1,0.8559175711125135,0.6770742237567902,0.6194151043891907,Premier League,2026-2027
11296,Cody Gakpo,5,373,1,0.5316769182682037,3,1.6420192569494247,10,11,0,0,M S,Liverpool,1,0.5316769182682037,2.57442793995142,1.4476697370409966,Premier League,2026-2027
11356,Enzo Fernández,4,274,1,0.3784715570509434,0,0.6221392452716827,5,4,1,0,M S,"Chelsea,Manchester City",1,0.3784715570509434,2.34717969596386,1.8740161061286928,Premier League,2026-2027
11385,Yasin Ayari,4,339,1,0.8801306933164597,0,0.1378153059631586,10,3,1,0,M,Brighton,1,0.8801306933164597,1.9240527749061584,1.0653914846479893,Premier League,2026-2027
11966,Noah Okafor,5,308,1,0.2040508985519409,0,0.120637584477663,5,2,0,0,F M S,Leeds,1,0.2040508985519409,0.891937755048275,0.5672492757439613,Premier League,2026-2027
11974,Benjamin Sesko,4,67,1,0.5099981389939785,0,0.0985427126288414,4,1,0,0,S,Manchester United,1,0.5099981389939785,1.0367052592337132,0.4281644225120544,Premier League,2026-2027
12035,Gonzalo García,5,428,1,2.5277403593063354,0,0.5807332247495651,15,3,0,0,F,Fulham,1,2.5277403593063354,3.61255356669426,1.0963487848639488,Premier League,2026-2027
12149,Alex Scott,5,449,1,0.6130434572696686,0,0.5371516682207584,7,11,1,0,M,Bournemouth,1,0.6130434572696686,1.9727439880371092,1.1186206564307213,Premier League,2026-2027
12286,Nobel Mendy,4,260,1,0.559999842196703,0,0.0,4,0,0,0,D,Hull,1,0.559999842196703,0.1151676326990127,0.0807523056864738,Premier League,2026-2027
12573,Tyrique George,5,319,1,0.3795135468244552,0,0.7398852212354541,10,7,0,0,M S,Everton,1,0.3795135468244552,1.6029456481337547,0.6289728656411171,Premier League,2026-2027
13019,Jack Clarke,4,174,1,0.2715911287814379,0,0.2303129751235246,4,4,1,0,M S,Ipswich,1,0.2715911287814379,1.091902293264866,0.5899982322007418,Premier League,2026-2027
13078,Chema Andres,2,110,1,0.5504021178930998,1,0.0203081760555505,3,1,0,0,M S,Brighton,1,0.5504021178930998,0.3244772851467132,0.2851768061518669,Premier League,2026-2027
13102,Johan Manzambi,2,103,1,0.8602598309516907,1,0.4329994916915893,4,2,0,0,M S,Aston Villa,1,0.8602598309516907,1.4037344716489315,0.4278776012361049,Premier League,2026-2027
13222,Thiago,5,444,1,3.05342335999012,0,0.0658458098769187,13,2,2,0,F,Brentford,1,2.2922544926404957,2.411235526204109,0.0640725810080766,Premier League,2026-2027
13279,Víctor Muñoz,5,261,1,0.4772009328007698,0,0.2158210128545761,7,2,1,0,M S,Liverpool,1,0.4772009328007698,0.955033089965582,0.5722725950181484,Premier League,2026-2027
13427,Bazoumana Touré,3,43,1,0.0853618085384368,0,0.0,1,0,0,0,S,Newcastle United,1,0.0853618085384368,0.1386306583881378,0.0532688498497009,Premier League,2026-2027
13711,Maxim De Cuyper,5,431,1,1.47655544616282,2,1.1626487132161856,7,11,2,0,M,Brighton,1,1.47655544616282,3.845543004572392,1.881778366863728,Premier League,2026-2027
13725,Luka Vuskovic,5,439,1,0.9004770889878273,0,0.0,8,0,0,0,D,Brighton,1,0.9004770889878273,2.0772898625582457,1.9494231343269348,Premier League,2026-2027
13729,Zian Flemming,3,52,1,0.8689452726393938,0,0.0188812222331762,5,1,1,0,S,Ipswich,1,0.8689452726393938,0.7857956197112799,0.0,Premier League,2026-2027
13778,Igor Jesus,5,251,1,2.243614614009857,0,0.1690378785133361,9,2,1,0,F S,Nottingham Forest,1,2.243614614009857,3.0242712572216988,0.9241030467674136,Premier League,2026-2027
14352,César Palacios,4,238,1,1.0977095626294613,0,0.0839163698256015,8,2,1,0,M S,Fulham,1,1.0977095626294613,1.1128899604082108,0.1695648487657308,Premier League,2026-2027
14424,Nilson Angulo,5,335,1,0.6982195675373077,1,0.978974848985672,4,2,1,0,M,Sunderland,1,0.6982195675373077,2.7113520316779613,1.1511233560740948,Premier League,2026-2027
14446,Alysson Edward,4,75,1,0.2450596839189529,0,0.0,1,0,1,0,S,Aston Villa,1,0.2450596839189529,0.0,0.0,Premier League,2026-2027
14743,Jay Dasilva,5,446,1,0.3974166736006737,0,0.4225407615303993,3,4,0,0,D,Coventry,1,0.3974166736006737,1.1955077983438969,0.5152910724282265,Premier League,2026-2027
14764,Liam Millar,2,46,1,0.3580830097198486,0,0.0,3,0,1,0,S,Hull,1,0.3580830097198486,0.4714833982288837,0.1134003959596157,Premier League,2026-2027
14770,Anan Khalaili,5,377,1,0.913678627461195,0,0.2030914984643459,7,3,1,0,D S,Crystal Palace,1,0.913678627461195,2.510296329855919,1.7461591586470604,Premier League,2026-2027
76,Fabian Schär,2,20,0,0.0,0,0.0446467325091362,0,1,0,0,S,Newcastle United,0,0.0,0.0,0.0,Premier League,2026-2027
181,Bernd Leno,5,450,0,0.0,0,0.0,0,0,0,0,GK,Fulham,0,0.0,2.299736440181732,2.299736440181732,Premier League,2026-2027
204,Granit Xhaka,5,450,0,0.0633862242102623,0,1.3990975059568882,1,14,2,0,M,Sunderland,0,0.0633862242102623,2.818359035998583,2.370546270161867,Premier League,2026-2027
212,Nico Elvedi,4,327,0,0.1575422585010528,0,0.7818162441253662,2,2,0,0,D S,Leeds,0,0.1575422585010528,1.1282214000821114,0.5640117339789867,Premier League,2026-2027
468,Callum Wilson,3,8,0,0.1512992680072784,0,0.1435260325670242,2,1,0,0,S,Brentford,0,0.1512992680072784,0.2948253080248832,0.0666065290570259,Premier League,2026-2027
500,Alex Iwobi,5,416,0,0.6891581993550062,0,1.6279734522104263,6,10,0,0,M,Fulham,0,0.6891581993550062,2.9686436653137207,2.216563284397125,Premier League,2026-2027
501,Danny Welbeck,3,83,0,0.0,0,0.2033524885773658,0,3,0,0,F S,Chelsea,0,0.0,0.4742997139692306,0.2709472179412842,Premier League,2026-2027
556,Marcus Rashford,5,359,0,1.31516495347023,0,0.4550329595804214,13,13,0,0,M S,Manchester United,0,1.31516495347023,2.174497455358505,0.6078035831451416,Premier League,2026-2027
559,Paddy McNair,1,24,0,0.0,0,0.0,0,0,0,0,S,Hull,0,0.0,0.0,0.0,Premier League,2026-2027
592,Ross Barkley,5,316,0,0.3103811964392662,0,0.5212244912981987,7,6,0,0,M S,Aston Villa,0,0.3103811964392662,1.6356897093355656,1.374971054494381,Premier League,2026-2027
605,Jordan Henderson,1,90,0,0.0,0,0.0,0,0,0,0,M,Chelsea,0,0.0,0.0504735149443149,0.0504735149443149,Premier League,2026-2027
675,Jack Grealish,4,130,0,0.0206971019506454,0,0.5671355798840523,1,6,0,0,M S,"Everton,Manchester City",0,0.0206971019506454,1.5936466082930565,1.177211456000805,Premier League,2026-2027
702,Tammy Abraham,4,63,0,0.0,0,0.0,0,0,0,0,S,Aston Villa,0,0.0,0.0,0.0,Premier League,2026-2027
725,Ola Aina,4,315,0,0.0374636389315128,0,0.3177260756492615,2,4,2,0,D,Nottingham Forest,0,0.0374636389315128,2.488125182688236,2.376091718673706,Premier League,2026-2027
741,Jordan Pickford,5,450,0,0.0,0,0.0,0,0,0,0,GK,Everton,0,0.0,0.6117682410404086,0.6117682410404086,Premier League,2026-2027
825,Adam Smith,5,435,0,0.0194541551172733,0,0.1351541988551616,1,3,3,0,D,Bournemouth,0,0.0194541551172733,1.1409330870956182,0.9863247331231833,Premier League,2026-2027
833,Virgil van Dijk,5,450,0,0.122930608689785,0,0.0113014495000243,2,1,1,0,D,Liverpool,0,0.122930608689785,2.632438197731972,2.6211367398500443,Premier League,2026-2027
884,Matt Targett,1,3,0,0.0,0,0.0,0,0,0,0,S,Hull,0,0.0,0.0,0.0,Premier League,2026-2027
1006,Luke Shaw,4,339,0,0.0528936292976141,1,0.6392222791910172,2,5,1,0,D,Manchester United,0,0.0528936292976141,2.026820331811905,1.5441753715276718,Premier League,2026-2027
1024,Tyrone Mings,4,257,0,0.2057136110961437,0,0.0,4,0,1,0,D S,Aston Villa,0,0.2057136110961437,0.7955841198563576,0.7276137582957745,Premier League,2026-2027
1045,Matt Grimes,5,445,0,0.0846458571031689,0,0.0852295393124222,4,2,0,0,M,Coventry,0,0.0846458571031689,1.0247676679864526,0.9540700241923332,Premier League,2026-2027
1116,Gianluigi Donnarumma,5,450,0,0.0,0,0.0,0,0,0,0,GK,Manchester City,0,0.0,0.2214787136763334,0.2214787136763334,Premier League,2026-2027
1257,Alisson,5,450,0,0.0,0,0.0,0,0,1,0,GK,Liverpool,0,0.0,1.2902906648814678,1.2902906648814678,Premier League,2026-2027
1537,Sasa Lukic,5,411,0,0.0379965938627719,1,0.4162421263754368,1,6,2,0,M,Ipswich,0,0.0379965938627719,2.7598775774240494,2.378874570131302,Premier League,2026-2027
1679,Dominic Solanke,5,179,0,0.3718185536563396,0,0.1044512093067169,5,1,0,0,F S,Tottenham,0,0.3718185536563396,0.7045795284211636,0.2991728261113167,Premier League,2026-2027
1687,Harry Maguire,5,450,0,0.1604117359966039,0,0.5488212071359158,6,3,2,0,D,Manchester United,0,0.1604117359966039,2.323545940220356,2.222704604268074,Premier League,2026-2027
1688,Andrew Robertson,5,367,0,0.101430170238018,1,1.0729973539710045,2,8,0,0,D S,Tottenham,0,0.101430170238018,1.0077016428112984,0.5973088592290878,Premier League,2026-2027
1736,Oliver McBurnie,5,444,0,1.6400052309036257,1,0.5556872598826885,9,6,2,0,F,Hull,0,1.6400052309036257,2.065118171274662,0.3437080439180136,Premier League,2026-2027
1789,Lewis Cook,5,177,0,0.0,0,0.0255504697561264,0,1,1,0,M S,Bournemouth,0,0.0,0.5940587893128395,0.5940587893128395,Premier League,2026-2027
2182,Jefferson Lerma,2,44,0,0.3585331439971924,0,0.0,1,0,1,0,S,Crystal Palace,0,0.3585331439971924,0.1216107904911041,0.1216107904911041,Premier League,2026-2027
2254,Mateo Kovacic,2,39,0,0.0,0,0.0,0,0,0,0,S,Manchester City,0,0.0,1.022069811820984,1.022069811820984,Premier League,2026-2027
3203,Issa Diop,5,450,0,0.0698871538043022,0,0.0558183044195175,1,2,0,0,D,Ipswich,0,0.0698871538043022,1.8324792012572289,1.8040066584944725,Premier League,2026-2027
3645,Olivier Boscagli,5,439,0,0.0671432567760348,0,0.8254270441830158,3,7,1,0,D M,Brighton,0,0.0671432567760348,2.4040823578834534,2.274784550070762,Premier League,2026-2027
4391,Darnell Furlong,1,15,0,0.0,0,0.0,0,0,0,0,S,Ipswich,0,0.0,0.0,0.0,Premier League,2026-2027
4401,Emiliano Martinez,4,360,0,0.0,0,0.2692107073962688,0,3,0,0,GK,Chelsea,0,0.0,0.6718895025551319,0.4026787802577019,Premier League,2026-2027
4456,Chris Wood,4,58,0,0.0588695593178272,0,0.0,1,0,0,0,S,Nottingham Forest,0,0.0588695593178272,0.0588695593178272,0.0,Premier League,2026-2027
5261,Kevin Danso,3,270,0,0.0525091774761676,0,0.0845017079263925,1,3,0,0,D,Sunderland,0,0.0525091774761676,1.2709564361721275,1.20655975677073,Premier League,2026-2027
5304,Mikel Merino,5,72,0,0.1443382352590561,0,0.0,2,0,1,0,S,Arsenal,0,0.1443382352590561,0.2751585692167282,0.1730753406882286,Premier League,2026-2027
5553,Declan Rice,5,418,0,0.0903996648266911,2,0.5419433666393161,4,7,1,0,M,Arsenal,0,0.0903996648266911,3.4073787182569504,3.2758855000138283,Premier League,2026-2027
5584,Aaron Wan-Bissaka,4,159,0,0.0,0,0.0963074266910553,0,1,0,0,D S,Aston Villa,0,0.0,0.2465851232409477,0.1502776928246021,Premier League,2026-2027
5590,Tosin Adarabioyo,1,3,0,0.0,0,0.0,0,0,0,0,S,Tottenham,0,0.0,0.0,0.0,Premier League,2026-2027
5595,Daniel James,3,46,0,0.2652605324983597,0,0.0,6,0,0,0,S,Leeds,0,0.2652605324983597,0.2795854955911636,0.0393981784582138,Premier League,2026-2027
5596,Harry Wilson,4,141,0,0.0126873375847935,0,0.2121756598353386,1,4,1,0,M S,Leeds,0,0.0126873375847935,0.2423584908246994,0.0359995458275079,Premier League,2026-2027
5613,Gabriel,5,450,0,1.027115480042994,0,0.0308935046195983,5,1,2,0,D,Arsenal,0,1.027115480042994,2.608785204589367,2.56489010900259,Premier League,2026-2027
5652,Walter Benítez,2,180,0,0.0,0,0.0,0,0,0,0,GK,Crystal Palace,0,0.0,0.1692228317260742,0.1692228317260742,Premier League,2026-2027
5659,Nordi Mukiele,4,360,0,1.130737528204918,0,0.3719659447669983,5,2,1,0,D,Sunderland,0,1.130737528204918,3.0156310200691223,2.4604992121458054,Premier League,2026-2027
5675,Ismaila Sarr,1,7,0,0.0,0,0.0,0,0,0,0,S,Crystal Palace,0,0.0,0.0,0.0,Premier League,2026-2027
5680,Thomas Meunier,5,413,0,0.5553960166871548,1,0.5282210577279329,7,2,0,0,D M,Sunderland,0,0.5553960166871548,2.494141399860382,1.4648783849552274,Premier League,2026-2027
5722,Ibrahim Sangare,3,100,0,0.0229706531390547,0,0.017668368294835,2,1,0,0,M S,Nottingham Forest,0,0.0229706531390547,0.269901093095541,0.2292620688676834,Premier League,2026-2027
5735,Jean-Philippe Mateta,1,67,0,1.3189489841461182,0,0.0249885991215705,2,1,0,0,F,Crystal Palace,0,1.3189489841461182,1.6011031866073608,0.2571656405925751,Premier League,2026-2027
5789,Boubacar Kamara,5,450,0,0.0765544697642326,1,0.794694690965116,1,4,0,0,M,Aston Villa,0,0.0765544697642326,2.344409119337797,1.5005328319966793,Premier League,2026-2027
5956,Youri Tielemans,5,408,0,0.3632175512611866,0,0.3321077339351177,7,7,0,0,M,Manchester United,0,0.3632175512611866,2.812755435705185,2.168562911450863,Premier League,2026-2027
5973,Kenny Tete,1,26,0,0.0,0,0.0,0,0,1,0,S,Fulham,0,0.0,0.0276066735386848,0.0276066735386848,Premier League,2026-2027
6026,Richarlison,1,69,0,0.0,0,0.0,0,0,0,0,F,Tottenham,0,0.0,0.1046644821763038,0.1046644821763038,Premier League,2026-2027
6055,Phil Foden,4,219,0,1.562865175306797,2,1.292097933590412,6,7,1,1,M S,Manchester City,0,1.562865175306797,3.519607402384281,1.261883020401001,Premier League,2026-2027
6063,Jacob Murphy,5,178,0,0.0381478518247604,0,0.1246905997395515,2,1,3,0,M S,Newcastle United,0,0.0381478518247604,0.1628384590148925,0.0,Premier League,2026-2027
6080,Victor Lindelöf,5,450,0,0.6031574606895447,0,0.1066546961665153,1,3,0,0,D,Aston Villa,0,0.6031574606895447,1.4386596903204918,0.7863424606621265,Premier League,2026-2027
6104,Will Hughes,2,20,0,0.0,0,0.0679302960634231,0,1,0,0,S,Crystal Palace,0,0.0,0.0679302960634231,0.0,Premier League,2026-2027
6108,Rodrigo Bentancur,5,378,0,0.0345872491598129,0,0.0221979115158319,1,1,0,0,M S,Tottenham,0,0.0345872491598129,1.3619062565267086,1.3397083543241024,Premier League,2026-2027
6145,Daichi Kamada,5,449,0,0.4567724056541919,3,0.8362781256437302,4,6,1,0,M,Crystal Palace,0,0.4567724056541919,1.9917849749326704,0.7822625264525414,Premier League,2026-2027
6157,Timothy Castagne,5,412,0,0.654914066195488,1,0.3721819370985031,4,4,2,0,D,Fulham,0,0.654914066195488,3.1328263506293297,2.862978421151638,Premier League,2026-2027
6174,Nikola Milenkovic,3,270,0,0.1238637343049049,0,0.0,2,0,1,0,D,Nottingham Forest,0,0.1238637343049049,1.2843571975827217,1.2379908561706543,Premier League,2026-2027
6221,Pau Torres,3,193,0,0.0,0,0.0,0,0,0,0,D,Aston Villa,0,0.0,0.0402790792286396,0.0402790792286396,Premier League,2026-2027
6314,Joachim Andersen,3,190,0,0.0,0,0.1571598164737224,0,3,1,0,D S,Fulham,0,0.0,1.519817352294922,1.4592247009277344,Premier League,2026-2027
6369,Ethan Ampadu,5,450,0,0.0440760543569922,0,0.2466616630554199,2,5,0,0,M,Leeds,0,0.0440760543569922,0.7195305377244949,0.4681910127401352,Premier League,2026-2027
6377,Joe Rodon,2,123,0,0.0335895232856273,0,0.0978372022509574,1,1,0,0,D,Leeds,0,0.0335895232856273,0.1499307751655578,0.0185040533542633,Premier League,2026-2027
6456,Callum Hudson-Odoi,1,1,0,0.0,0,0.0,0,0,0,0,S,Nottingham Forest,0,0.0,0.0,0.0,Premier League,2026-2027
6482,Eddie Nketiah,4,186,0,1.3445371091365814,1,1.731226783245802,4,4,0,0,F M S,Crystal Palace,0,1.3445371091365814,2.7044309973716736,0.0249885991215705,Premier League,2026-2027
6544,Lukas Nmecha,4,57,0,0.2016026079654693,1,0.8600444793701172,3,2,0,0,S,Leeds,0,0.2016026079654693,1.0931142419576645,0.0314671769738197,Premier League,2026-2027
6756,Dwight McNeil,2,88,0,0.0249885991215705,0,0.0,1,0,0,0,M S,Crystal Palace,0,0.0249885991215705,0.8070297837257385,0.7820411920547485,Premier League,2026-2027
6807,Jaka Bijol,3,167,0,0.0831441581249237,0,0.0,2,0,0,0,D S,Leeds,0,0.0831441581249237,0.1994854211807251,0.1163412556052208,Premier League,2026-2027
6818,James Maddison,3,48,0,0.0900653004646301,0,0.0,2,0,0,0,S,Tottenham,0,0.0900653004646301,0.2336259726434946,0.2027805466204881,Premier League,2026-2027
6820,David Brooks,4,34,0,0.0,0,0.0373677760362625,0,2,1,0,S,Bournemouth,0,0.0,0.0373677760362625,0.0,Premier League,2026-2027
6837,Ryan Sessegnon,3,43,0,0.1366333719342947,0,0.0892665684223175,3,1,0,0,S,Fulham,0,0.1366333719342947,0.245438028126955,0.1468672025948763,Premier League,2026-2027
6885,Axel Disasi,3,138,0,0.0,0,0.0335021689534187,0,1,0,1,D S,Crystal Palace,0,0.0,0.4037309698760509,0.4037309698760509,Premier League,2026-2027
6903,Matz Sels,5,450,0,0.0,0,0.0,0,0,0,0,GK,Nottingham Forest,0,0.0,0.5750250518321991,0.5750250518321991,Premier League,2026-2027
6912,Pedro Porro,3,198,0,0.2397700110450387,0,0.4163180589675903,7,3,0,0,D M,Tottenham,0,0.2397700110450387,0.6740134507417679,0.1316954344511032,Premier League,2026-2027
6937,Georginio Rutter,2,103,0,0.1363732144236564,1,0.9075709581375122,3,1,0,0,F S,Brighton,0,0.1363732144236564,1.624579131603241,0.7004402652382851,Premier League,2026-2027
7078,Sean Longstaff,2,7,0,0.0,0,0.0,0,0,0,0,S,Leeds,0,0.0,0.0978372022509574,0.0978372022509574,Premier League,2026-2027
7166,Mathias Jensen,1,68,0,0.0874465405941009,0,0.5949914455413818,2,3,0,0,M,Brentford,0,0.0874465405941009,0.6761671900749207,0.6374379396438599,Premier League,2026-2027
7230,Emile Smith-Rowe,3,31,0,0.0605926103889942,0,0.0901469960808754,1,2,0,0,S,Fulham,0,0.0605926103889942,0.3825965523719787,0.2318569421768188,Premier League,2026-2027
7254,Viktor Gyokeres,2,24,0,0.0,0,0.2692977488040924,0,1,0,0,S,Arsenal,0,0.0,0.2692977488040924,0.0,Premier League,2026-2027
7277,Ryan John Giles,5,447,0,0.0300956219434738,1,1.0476755518466234,1,8,1,0,D,Hull,0,0.0300956219434738,1.2762716449797151,0.5802549347281456,Premier League,2026-2027
7281,Diogo Dalot,5,351,0,0.3334149634465575,0,0.553809130564332,8,8,1,0,D S,Manchester United,0,0.3334149634465575,1.4451206997036934,1.0950439609587193,Premier League,2026-2027
7298,Ben White,4,317,0,0.1290393024682998,1,0.2222591415047645,1,3,0,0,D,Arsenal,0,0.1290393024682998,2.646710306406021,2.4759733974933624,Premier League,2026-2027
7352,Tyler Adams,5,286,0,0.0159738343209028,0,0.0696287769824266,1,2,0,0,M S,Bournemouth,0,0.0159738343209028,1.081352660432458,1.011723875999451,Premier League,2026-2027
7432,Reinildo,4,360,0,0.0,0,0.1718617230653762,0,2,0,1,D,Sunderland,0,0.0,1.4481492098420858,1.4143945034593344,Premier League,2026-2027
7438,James Garner,5,331,0,0.1389046087861061,0,0.1772764660418033,3,4,2,0,M S,Everton,0,0.1389046087861061,3.4155030883848667,3.2718188166618347,Premier League,2026-2027
7526,Martín Zubimendi,5,80,0,0.1898118108510971,0,0.0,3,0,0,0,S,Arsenal,0,0.1898118108510971,0.2821188941597938,0.2821188941597938,Premier League,2026-2027
7589,Wesley Fofana,4,320,0,0.0,0,0.0281393062323331,0,2,1,0,D,Chelsea,0,0.0,0.966323021799326,0.9529836513102056,Premier League,2026-2027
7702,Dean Henderson,3,270,0,0.0,0,0.0,0,0,0,0,GK,Crystal Palace,0,0.0,0.4324545040726661,0.4324545040726661,Premier League,2026-2027
7703,John Egan,5,443,0,0.0287521136924624,0,0.0,2,0,1,0,D,Hull,0,0.0287521136924624,0.3663018392398953,0.3609744384884834,Premier League,2026-2027
7723,John McGinn,5,447,0,0.5558831095695496,2,0.4943055734038353,4,6,2,0,M,Aston Villa,0,0.5558831095695496,1.707441821694374,0.9265762008726596,Premier League,2026-2027
7726,Ezri Konsa Ngoyo,4,280,0,0.0775847285985946,0,0.0361343510448932,1,1,0,0,D S,Arsenal,0,0.0775847285985946,0.9699474051594734,0.9699474051594734,Premier League,2026-2027
7753,James Justin,5,450,0,0.1590359974652528,0,0.6312604583799839,4,4,0,0,D,Leeds,0,0.1590359974652528,0.8710468262434006,0.1001646779477596,Premier League,2026-2027
7768,Mason Mount,1,10,0,0.0434884391725063,0,0.0,1,0,0,0,S,Manchester United,0,0.0434884391725063,0.0434884391725063,0.0,Premier League,2026-2027
7783,Xaver Schlager,5,374,0,0.1729392781853675,0,0.0203152950853109,6,1,1,0,M S,Nottingham Forest,0,0.1729392781853675,3.134145140647888,3.0166331827640533,Premier League,2026-2027
7814,Taiwo Awoniyi,4,234,0,1.3279294669628143,0,0.1542489975690841,6,3,0,1,F S,Coventry,0,1.3279294669628143,1.688181221485138,0.324620746076107,Premier League,2026-2027
7904,Caoimhin Kelleher,5,450,0,0.0,0,0.0,0,0,0,0,GK,Brentford,0,0.0,0.8992864489555359,0.8992864489555359,Premier League,2026-2027
7931,Takehiro Tomiyasu,4,189,0,0.0,0,0.018685258924961,0,1,0,0,D S,Crystal Palace,0,0.0,0.6858354732394218,0.6671502105891705,Premier League,2026-2027
7958,Sandro Tonali,5,436,0,0.2487730644643306,0,0.1999102085828781,8,4,0,0,M,Tottenham,0,0.2487730644643306,1.206602618098259,0.8828888982534409,Premier League,2026-2027
8006,Evann Guessand,2,49,0,0.0400747209787368,0,0.0,1,0,0,0,S,Crystal Palace,0,0.0400747209787368,0.0400747209787368,0.0,Premier League,2026-2027
8044,Joshua Zirkzee,2,18,0,0.0,0,0.0673880130052566,0,1,0,0,S,Manchester United,0,0.0,0.0673880130052566,0.0,Premier League,2026-2027
8056,Arnaud Kalimuendo Muinga,1,1,0,0.0,0,0.0,0,0,0,0,S,Nottingham Forest,0,0.0,0.0,0.0,Premier League,2026-2027
8067,Reece James,4,290,0,0.2511844299733639,0,0.0511663053184747,8,2,1,0,M S,Chelsea,0,0.2511844299733639,1.1988796144723892,1.0695355460047722,Premier League,2026-2027
8091,Ronald Araújo,5,282,0,0.0,0,0.0,0,0,1,0,D S,Liverpool,0,0.0,1.0291796550154686,1.0291796550154686,Premier League,2026-2027
8117,Nick Woltemade,1,18,0,0.0189082399010658,1,0.5074549913406372,1,1,0,0,S,Newcastle United,0,0.0189082399010658,0.0,0.0,Premier League,2026-2027
8129,Riccardo Calafiori,5,424,0,0.8136723972856998,2,1.1157742366194725,7,4,0,0,D,Arsenal,0,0.8136723972856998,3.3472619354724884,1.956722099334001,Premier League,2026-2027
8190,Melvin Bard,1,15,0,0.0,0,0.0415897667407989,0,1,0,0,S,Leeds,0,0.0,0.0415897667407989,0.0,Premier League,2026-2027
8204,Neco Williams,5,450,0,0.4549915045499801,0,0.6145083382725716,6,8,0,0,D,Nottingham Forest,0,0.4549915045499801,3.6755644474178553,3.144631514325738,Premier League,2026-2027
8252,Nicolás Domínguez,1,1,0,0.0,0,0.0,0,0,0,0,S,Nottingham Forest,0,0.0,0.0,0.0,Premier League,2026-2027
8285,Sander Berge,5,350,0,0.0810160040855407,0,0.4690428450703621,2,6,0,0,M S,Fulham,0,0.0810160040855407,2.663769982755184,2.133249193429947,Premier League,2026-2027
8325,Exequiel Palacios,4,278,0,0.0,0,0.105096498504281,0,3,0,0,M S,Ipswich,0,0.0,1.5446998793631792,1.4531756658107042,Premier League,2026-2027
8372,Lucas Gourna Douath,3,132,0,0.0113331601023674,0,0.1006717607378959,1,3,1,0,M S,Hull,0,0.0113331601023674,0.402684710919857,0.3114141933619976,Premier League,2026-2027
8378,Malick Thiaw,5,450,0,0.0,0,0.0675467774271965,0,1,0,0,D,Newcastle United,0,0.0,0.8866446139290929,0.8866446139290929,Premier League,2026-2027
8379,Alexis Mac Allister,5,311,0,0.0946871927008032,0,0.1899361684918403,3,3,1,0,M S,Liverpool,0,0.0946871927008032,1.535441242158413,1.3848284408450129,Premier League,2026-2027
8393,Omar Marmoush,4,344,0,0.649056937545538,0,0.1981379017233848,8,4,0,0,F M,Tottenham,0,0.649056937545538,1.5599806122481823,0.90984608232975,Premier League,2026-2027
8397,Florian Wirtz,5,405,0,0.9623080939054488,1,0.4311150051653385,12,9,1,0,M,Liverpool,0,0.9623080939054488,2.9187014997005463,2.1324644684791565,Premier League,2026-2027
8401,Luca Netz,3,21,0,0.0,0,0.0106379007920622,0,1,0,0,S,Nottingham Forest,0,0.0,0.0106379007920622,0.0,Premier League,2026-2027
8430,Chris Richards,5,450,0,0.0577773377299308,0,0.0,2,0,1,0,D,Crystal Palace,0,0.0577773377299308,0.9696577750146388,0.9696577750146388,Premier League,2026-2027
8476,Jarrad Branthwaite,5,450,0,0.316840298473835,0,0.0,3,0,0,0,D,Everton,0,0.316840298473835,1.9304542392492292,1.8799719363451004,Premier League,2026-2027
8483,Bobby Thomas,5,440,0,0.2913232855498791,0,0.5729330964386463,10,4,0,0,D,Coventry,0,0.2913232855498791,1.4396229647099972,0.8415733277797699,Premier League,2026-2027
8489,Jorge Cuenca,1,90,0,0.0,0,0.24121855199337,0,2,0,0,D,Fulham,0,0.0,0.3366747200489044,0.3366747200489044,Premier League,2026-2027
8582,Ellis Simms,3,105,0,0.4884032309055328,0,0.0232315408065915,1,2,0,0,F S,Coventry,0,0.4884032309055328,0.5116347707808018,0.0,Premier League,2026-2027
8635,Sven Botman,5,450,0,0.049539616331458,0,0.0,2,0,1,0,D,Newcastle United,0,0.049539616331458,0.4536776766180992,0.4389983937144279,Premier League,2026-2027
8640,Adrien Truffert,5,450,0,0.1155947539955377,0,0.3737582862377167,4,4,1,0,D,Bournemouth,0,0.1155947539955377,0.9008121192455292,0.523752418346703,Premier League,2026-2027
8706,Eberechi Eze,4,79,0,0.0374864414334297,0,0.0,1,0,0,0,S,Arsenal,0,0.0374864414334297,1.0048265382647514,1.0048265382647514,Premier League,2026-2027
8717,Pascal Struijk,3,99,0,0.0785112977027893,0,0.0,1,0,1,0,D S,Brighton,0,0.0785112977027893,0.2597213611006737,0.2597213611006737,Premier League,2026-2027
8756,Dara O&#039;Shea,5,450,0,0.0188435949385166,0,0.2653389796614647,1,5,0,0,D,Ipswich,0,0.0188435949385166,1.3299903385341167,1.1717825680971146,Premier League,2026-2027
8831,Iyenoma Destiny Udogie,3,86,0,0.0,0,0.1275281012058258,0,1,1,0,D S,Tottenham,0,0.0,0.2593709379434585,0.2593709379434585,Premier League,2026-2027
8852,Konstantinos Tsimikas,2,63,0,0.0443882532417774,0,0.0,1,0,0,0,D S,Liverpool,0,0.0443882532417774,0.5579924583435059,0.5136042088270187,Premier League,2026-2027
8853,Maxence Lacroix,5,362,0,0.3009853521361947,1,0.4455546438694,2,1,1,0,D S,Chelsea,0,0.3009853521361947,1.8460345640778544,1.8460345640778544,Premier League,2026-2027
8859,Mikkel Damsgaard,5,287,0,0.1388204153627157,0,1.0265097618103027,4,7,0,0,M S,Brentford,0,0.1388204153627157,1.1519005708396437,0.6035692300647497,Premier League,2026-2027
8864,Matthew Cash,4,291,0,0.0784304365515708,0,0.0439537204802036,1,1,2,0,D S,Aston Villa,0,0.0784304365515708,0.9714933931827544,0.8930629566311836,Premier League,2026-2027
8872,Matteo Ruggeri,3,107,0,0.0245545785874128,0,0.026407653465867,1,1,0,0,D S,Aston Villa,0,0.0245545785874128,0.1048594340682029,0.0803048536181449,Premier League,2026-2027
8940,Antonee Robinson,5,437,0,0.3264952898025512,0,0.4008898884057998,4,7,0,0,D,Fulham,0,0.3264952898025512,3.1440735459327698,2.5841140151023865,Premier League,2026-2027
8942,Aaron Hickey,5,147,0,0.0416250601410865,0,0.0,1,0,0,0,D S,Brentford,0,0.0416250601410865,0.3364503681659698,0.2948253080248832,Premier League,2026-2027
8961,Rúben Dias,5,450,0,0.1631077080965042,0,0.2958108764141798,2,3,0,0,D,Manchester City,0,0.1631077080965042,4.27147501707077,4.090437173843384,Premier League,2026-2027
8969,Florentino Luís,2,24,0,0.0,0,0.0639750361442565,0,2,0,0,S,Ipswich,0,0.0,0.1165230758488178,0.1165230758488178,Premier League,2026-2027
8981,Jéremy Doku,1,10,0,0.1168257147073745,0,0.5500059723854065,1,1,0,0,S,Manchester City,0,0.1168257147073745,1.4166337251663208,0.7498021125793457,Premier League,2026-2027
8986,Omar Alderete,1,21,0,0.0,0,0.0,0,0,0,0,S,Sunderland,0,0.0,0.0,0.0,Premier League,2026-2027
9011,Óscar Mingueza,2,15,0,0.0,0,0.0,0,0,0,0,S,Crystal Palace,0,0.0,0.0,0.0,Premier League,2026-2027
9017,Malo Gusto,4,274,0,0.0633799321949482,0,0.0321993976831436,2,1,0,0,D M S,Chelsea,0,0.0633799321949482,1.386716928333044,1.3162947297096252,Premier League,2026-2027
9024,Yeremi Pino,5,308,0,0.6449213363230228,0,0.955132283270359,6,5,1,0,M S,Crystal Palace,0,0.6449213363230228,2.3728346303105354,1.879701629281044,Premier League,2026-2027
9077,James Trafford,5,450,0,0.0,0,0.0,0,0,0,0,GK,Leeds,0,0.0,0.1601911038160324,0.1601911038160324,Premier League,2026-2027
9098,Robert Sánchez,1,90,0,0.0,0,0.0,0,0,0,0,GK,Chelsea,0,0.0,0.280918151140213,0.280918151140213,Premier League,2026-2027
9154,Elliot Anderson,5,418,0,0.0838646460324525,0,0.9072193503379822,4,3,1,0,M,Manchester City,0,0.0838646460324525,3.994480676949024,3.9769672825932494,Premier League,2026-2027
9251,Christian Walton,1,90,0,0.0,0,0.0,0,0,0,0,GK,Ipswich,0,0.0,0.0,0.0,Premier League,2026-2027
9307,Iliman Ndiaye,5,390,0,0.3821170572191477,1,1.230673087760806,7,7,0,0,M S,"Everton,Manchester City",0,0.3821170572191477,1.777683548629284,0.9393892288208008,Premier League,2026-2027
9328,Jeremie Frimpong,3,181,0,0.0134936962276697,0,0.5577860251069069,1,6,1,0,D S,Liverpool,0,0.0134936962276697,1.5616052150726318,1.0977389067411425,Premier League,2026-2027
9339,Joe Gelhardt,1,2,0,0.0865735188126564,0,0.0,3,0,0,0,S,Hull,0,0.0865735188126564,0.055952213704586,0.0200764201581478,Premier League,2026-2027
9415,Jaden Philogene-Bidace,2,46,0,0.029194907285273,0,0.0,2,0,0,0,S,Ipswich,0,0.029194907285273,0.0637922454625368,0.0345973372459411,Premier League,2026-2027
9453,Moisés Caicedo,1,14,0,0.0,0,0.0,0,0,0,0,S,Chelsea,0,0.0,0.0,0.0,Premier League,2026-2027
9499,Cody Drameh,2,60,0,0.0413598306477069,0,0.0,1,0,0,0,S,Hull,0,0.0413598306477069,0.0413598306477069,0.0,Premier League,2026-2027
9509,Daniel Jebbison,3,29,0,0.0824772268533706,0,0.0,1,0,0,0,S,Bournemouth,0,0.0824772268533706,0.0,0.0,Premier League,2026-2027
9512,Valentino Livramento,2,31,0,0.0,0,0.0,0,0,1,0,S,Newcastle United,0,0.0,0.0532688498497009,0.0532688498497009,Premier League,2026-2027
9554,Tim Iroegbunam,3,59,0,0.1036601886153221,0,0.0210943575948476,2,1,1,0,S,"Everton,Hull",0,0.1036601886153221,0.5376907140016556,0.4129361659288406,Premier League,2026-2027
9556,William Osula,1,57,0,0.0589579232037067,1,0.2569243609905243,2,1,0,0,F,Newcastle United,0,0.0589579232037067,0.2569243609905243,0.0,Premier League,2026-2027
9614,Marco Bizot,1,90,0,0.0,0,0.0,0,0,0,0,GK,Aston Villa,0,0.0,0.0519704781472682,0.0519704781472682,Premier League,2026-2027
9662,Dango Ouattara,5,180,0,0.0655486648902297,0,0.4146657194942236,4,4,0,0,M S,Brentford,0,0.0655486648902297,1.1785214450210333,0.9566460847854614,Premier League,2026-2027
9676,David Raya,5,450,0,0.0,0,0.0,0,0,0,0,GK,Arsenal,0,0.0,0.8331011682748795,0.8331011682748795,Premier League,2026-2027
9677,Kristoffer Ajer,5,450,0,0.1272055171430111,0,0.1573546379804611,2,3,1,0,D,Brentford,0,0.1272055171430111,1.7250148057937622,1.5965384766459465,Premier League,2026-2027
9678,Ethan Pinnock,4,280,0,0.0863797944039106,0,0.0,2,0,1,0,D S,Coventry,0,0.0863797944039106,0.3888557553291321,0.3888557553291321,Premier League,2026-2027
9679,Rico Henry,1,1,0,0.0,0,0.0,0,0,0,0,S,Brentford,0,0.0,0.0,0.0,Premier League,2026-2027
9681,Frank Onyeka,4,318,0,0.0440942011773586,0,0.0,1,0,0,0,M,Coventry,0,0.0440942011773586,0.0617012940347194,0.0617012940347194,Premier League,2026-2027
9733,Nathan Collins,3,196,0,0.6079705432057381,0,0.0722000915557146,5,3,1,0,D,Brentford,0,0.6079705432057381,0.866667777299881,0.8238366693258286,Premier League,2026-2027
9746,Christos Tzolis,5,371,0,0.2376735210418701,1,1.0445209741592407,4,8,2,0,M,Arsenal,0,0.2376735210418701,3.0590693801641464,1.9334625601768491,Premier League,2026-2027
9767,Habib Diarra,2,26,0,0.0153624014928936,1,0.4507821798324585,1,1,0,0,S,Sunderland,0,0.0153624014928936,0.5479860501363873,0.0818414762616157,Premier League,2026-2027
9780,Mathys Tel,4,259,0,0.2538659814745188,0,0.0742256212979555,6,3,0,0,M S,Tottenham,0,0.2538659814745188,0.9492788724601268,0.8303732387721539,Premier League,2026-2027
9802,Nico González,3,170,0,0.0,0,0.0439363270998001,0,3,1,0,M,Newcastle United,0,0.0,0.7810100317001343,0.7653721868991852,Premier League,2026-2027
9887,Michael Svoboda,1,3,0,0.0,0,0.0,0,0,0,0,S,Brighton,0,0.0,0.0,0.0,Premier League,2026-2027
9911,Piero Hincapié,2,26,0,0.0,0,0.0,0,0,0,0,S,Arsenal,0,0.0,0.1390989478677511,0.1390989478677511,Premier League,2026-2027
9944,Gabriel Gudmundsson,3,255,0,0.0,0,0.0400099940598011,0,1,0,0,D,Leeds,0,0.0,0.5887760110199451,0.548766016960144,Premier League,2026-2027
9960,Kjell Scherpen,4,360,0,0.0,0,0.0,0,0,0,0,GK,Ipswich,0,0.0,1.1611180333420634,1.1611180333420634,Premier League,2026-2027
9977,Loum Tchaouna,4,214,0,0.2081379685550928,0,0.1702721044421196,6,3,0,0,M S,Coventry,0,0.2081379685550928,0.5795920044183731,0.355061262845993,Premier League,2026-2027
9983,Beto,2,25,0,0.1096467524766922,0,0.0,2,0,0,0,S,Everton,0,0.1096467524766922,0.1096467524766922,0.0,Premier League,2026-2027
10016,Bradley Barcola,3,169,0,0.36527144536376,0,0.1788661405444145,2,2,0,0,M S,Liverpool,0,0.36527144536376,0.6835663467645645,0.2582314759492874,Premier League,2026-2027
10024,Cristhian Mosquera,2,170,0,0.0,0,0.0,0,0,0,0,D,Arsenal,0,0.0,1.3176348507404327,1.3176348507404327,Premier League,2026-2027
10025,Lamare Bogarde,1,11,0,0.0,0,0.0,0,0,0,0,S,Aston Villa,0,0.0,0.0,0.0,Premier League,2026-2027
10050,Micky van de Ven,4,360,0,0.7289388813078403,0,0.0,3,0,1,0,D,Tottenham,0,0.7289388813078403,0.6268856376409531,0.5668285042047501,Premier League,2026-2027
10126,James McAtee,5,426,0,0.3188868798315525,0,1.1392769422382116,9,12,2,0,M,Nottingham Forest,0,0.3188868798315525,2.71364832110703,2.079294355586171,Premier League,2026-2027
10166,Kasey McAteer,3,36,0,0.0215396918356418,0,0.0,1,0,0,0,S,Ipswich,0,0.0215396918356418,0.0783076658844947,0.0567679740488529,Premier League,2026-2027
10184,Archie Gray,4,315,0,0.3266539350152015,0,0.0,3,0,0,0,D S,Tottenham,0,0.3266539350152015,1.1794874519109726,0.852833516895771,Premier League,2026-2027
10291,Vitalii Mykolenko,5,450,0,0.0857508778572082,0,0.1454806700348854,1,2,1,0,D,Everton,0,0.0857508778572082,2.387879127636552,2.242398465052247,Premier League,2026-2027
10485,Guemissongui Ouattara,5,124,0,0.0110398465767502,0,0.1239720713347196,1,3,0,0,D S,Ipswich,0,0.0110398465767502,0.2263772282749414,0.1129050031304359,Premier League,2026-2027
10552,Alejandro Garnacho,3,26,0,0.0,0,0.0,0,0,0,0,S,Aston Villa,0,0.0,0.0,0.0,Premier League,2026-2027
10564,Leny Yoro,2,17,0,0.0,0,0.0,0,0,0,0,S,Manchester United,0,0.0,0.0226435251533985,0.0226435251533985,Premier League,2026-2027
10586,Tyler Dibling,1,23,0,0.249734416604042,0,0.3950921893119812,3,2,0,0,S,Everton,0,0.249734416604042,0.6448265910148621,0.3731476664543152,Premier League,2026-2027
10696,Noussair Mazraoui,3,98,0,0.0905937775969505,0,0.1054909825325012,1,2,0,0,D S,Manchester United,0,0.0905937775969505,1.3720625638961792,1.2247279286384585,Premier League,2026-2027
10697,Ryan Gravenberch,5,189,0,0.0744986031204462,1,0.1100344881415367,3,3,0,0,M S,Liverpool,0,0.0744986031204462,0.9468704760074615,0.762337401509285,Premier League,2026-2027
10717,Rodrigo Muniz,4,31,0,0.218571214005351,0,0.1147942375391721,3,2,1,0,S,Fulham,0,0.218571214005351,0.3333654664456844,0.0,Premier League,2026-2027
10744,Ryan Christie,4,95,0,0.6965257525444031,0,0.0760472863912582,4,1,0,0,M S,Bournemouth,0,0.6965257525444031,1.0079867839813232,0.2745572924613952,Premier League,2026-2027
10747,James Hill,5,450,0,0.0,0,0.7499553021043539,0,5,1,0,D,Bournemouth,0,0.0,1.6133190467953682,1.5825573205947876,Premier League,2026-2027
10751,Brenden Aaronson,5,198,0,0.0185040533542633,0,0.0,1,0,0,0,M S,Leeds,0,0.0185040533542633,0.2248580008745193,0.206353947520256,Premier League,2026-2027
10760,Brennan Johnson,5,241,0,0.9158050939440728,0,0.2002364099025726,4,4,1,0,M S,Everton,0,0.9158050939440728,1.6523170322179794,0.5632150955498219,Premier League,2026-2027
10802,Lisandro Martínez,4,360,0,0.1614827513694763,0,0.0164411179721355,6,1,0,0,D,Manchester United,0,0.1614827513694763,1.3609998915344477,1.3460986111313105,Premier League,2026-2027
10805,Levi Colwill,4,344,0,0.0462870895862579,0,0.0131807746365666,1,1,1,0,D,Chelsea,0,0.0462870895862579,1.5919955968856812,1.5325277224183085,Premier League,2026-2027
10830,Jean Négoce,1,1,0,0.0,0,0.0,0,0,0,0,S,Leeds,0,0.0,0.0,0.0,Premier League,2026-2027
10847,Rico Lewis,1,59,0,0.3493589162826538,0,0.0,1,0,0,0,D,Manchester City,0,0.3493589162826538,0.4049635827541351,0.0556046552956104,Premier League,2026-2027
10864,Marcos Senesi,1,90,0,0.0,0,0.0,0,0,0,0,D,Tottenham,0,0.0,0.570436418056488,0.570436418056488,Premier League,2026-2027
11000,Matheus Nunes,3,211,0,0.0,0,0.0,0,0,0,0,D S,Manchester City,0,0.0,1.9549574628472328,1.9549574628472328,Premier League,2026-2027
11058,Julio Enciso,5,418,0,1.3406626507639885,2,1.1283133700489998,17,6,1,0,M,Ipswich,0,1.3406626507639885,4.219414532184601,1.7504383772611618,Premier League,2026-2027
11087,Pep Chavarría,5,197,0,0.029501985758543,0,0.0690587759017944,1,2,0,0,D S,Chelsea,0,0.029501985758543,0.7497057188302279,0.6511449608951807,Premier League,2026-2027
11167,Chadi Riad,1,77,0,0.0,0,0.0,0,0,0,0,D,Crystal Palace,0,0.0,0.0249885991215705,0.0249885991215705,Premier League,2026-2027
11174,Kobbie Mainoo,5,360,0,0.2359141316264867,1,0.2353285737335682,6,6,0,0,M S,Manchester United,0,0.2359141316264867,2.315055787563324,2.091449685394764,Premier League,2026-2027
11186,Alvaro Rodríguez,2,8,0,0.0,0,0.0,0,0,0,0,S,Bournemouth,0,0.0,0.0760472863912582,0.0760472863912582,Premier League,2026-2027
11231,Ben Doak,4,6,0,0.181943230330944,0,0.0,3,0,0,0,S,Bournemouth,0,0.181943230330944,0.1677313596010208,0.0467368885874748,Premier League,2026-2027
11297,Carlos Alcaraz,2,2,0,0.1389852948486805,0,0.0,2,0,1,0,S,Everton,0,0.1389852948486805,0.1389852948486805,0.0,Premier League,2026-2027
11305,Mykhailo Mudryk,1,15,0,0.0,0,0.0,0,0,0,0,S,Tottenham,0,0.0,0.0,0.0,Premier League,2026-2027
11331,Merlin Röhl,3,257,0,0.0,0,0.4254343435168266,0,2,1,0,D,Everton,0,0.0,0.5663490295410156,0.140914686024189,Premier League,2026-2027
11357,Noni Madueke,2,21,0,0.0,0,0.2490433752536773,0,4,0,0,S,Arsenal,0,0.0,0.2490433752536773,0.1730512827634811,Premier League,2026-2027
11384,João Gomes,2,129,0,0.0,0,0.0591752137988805,0,2,1,1,M,Aston Villa,0,0.0,0.1130724176764488,0.053897202014923,Premier League,2026-2027
11386,Lewis Miley,5,405,0,0.0498530454933643,0,0.1460857633501291,1,4,1,0,D M,Newcastle United,0,0.0498530454933643,1.9307107292115688,1.8162116818130016,Premier League,2026-2027
11461,Romaine Mundle,1,1,0,0.2634761333465576,0,0.0,1,0,0,0,S,Sunderland,0,0.2634761333465576,0.0,0.0,Premier League,2026-2027
11545,Jérémy Jacquet,5,421,0,0.0,0,0.0559851173311471,0,3,1,0,D,Liverpool,0,0.0,2.5803601890802383,2.550957515835762,Premier League,2026-2027
11592,Nico O&#039;Reilly,4,162,0,0.7226127600297332,0,0.0556046552956104,3,1,0,0,M S,Manchester City,0,0.7226127600297332,1.8265763707458973,1.2669845409691334,Premier League,2026-2027
11594,Shea Charles,5,305,0,0.0624442547559738,0,0.1790547966957092,2,3,0,0,M S,Fulham,0,0.0624442547559738,2.31061914563179,2.1713491529226303,Premier League,2026-2027
11707,Jurriën Timber,2,104,0,0.0,0,0.0,0,0,0,0,D S,Arsenal,0,0.0,0.0680855419486761,0.0680855419486761,Premier League,2026-2027
11709,Milos Kerkez,5,387,0,0.0801110751926899,0,0.0403094720095396,3,2,2,0,D S,Liverpool,0,0.0801110751926899,1.0768851190805435,0.9949489533901216,Premier League,2026-2027
11711,Bart Verbruggen,5,450,0,0.0,0,0.0,0,0,0,0,GK,Brighton,0,0.0,1.7183992341160774,1.7183992341160774,Premier League,2026-2027
11728,Calvin Bassey,5,450,0,0.1489062756299972,0,0.0,3,0,1,0,D,Fulham,0,0.1489062756299972,3.621916405856609,3.5417126044631004,Premier League,2026-2027
11735,Sávio,3,242,0,0.3957698605954647,0,1.144650012254715,6,9,0,0,M,Tottenham,0,0.3957698605954647,1.2712439000606537,0.4792663305997848,Premier League,2026-2027
11763,Abduqodir Khusanov,3,270,0,0.0,0,0.0,0,0,1,0,D,Manchester City,0,0.0,2.533252000808716,2.533252000808716,Premier League,2026-2027
11772,Yehor Yarmolyuk,5,212,0,0.0679449792951345,1,0.4193765558302402,3,3,1,0,M S,Brentford,0,0.0679449792951345,1.151023805141449,0.7303898930549622,Premier League,2026-2027
11807,Ian Maatsen,4,343,0,0.2525993976742029,0,0.1131966412067413,5,1,1,0,D,Aston Villa,0,0.2525993976742029,1.535320894792676,1.2098039649426937,Premier League,2026-2027
11808,Andrey Santos,3,80,0,0.0,0,0.0,0,0,0,0,M S,Manchester United,0,0.0,1.2654043026268482,1.2654043026268482,Premier League,2026-2027
11839,Gustavo Hamer,3,27,0,0.0,0,0.0,0,0,0,0,S,Coventry,0,0.0,0.0954192206263542,0.0954192206263542,Premier League,2026-2027
11903,Oscar Bobb,5,356,0,0.4986396059393883,0,1.0200855024158957,4,8,0,0,M,Fulham,0,0.4986396059393883,2.538703992962837,1.3857592940330503,Premier League,2026-2027
11911,Hugo Larsson,3,32,0,0.0914710462093353,0,0.0,1,0,0,0,S,Fulham,0,0.0914710462093353,0.3233280032873153,0.2318569421768188,Premier League,2026-2027
11944,Patrick Dorgu,5,169,0,0.9733668267726898,1,0.1260564103722572,6,3,1,0,D M S,Manchester United,0,0.9733668267726898,1.499672908335924,0.489005422219634,Premier League,2026-2027
12014,Jake O&#039;Brien,2,14,0,0.0,0,0.0,0,0,0,0,S,Everton,0,0.0,0.0,0.0,Premier League,2026-2027
12027,Mohammed Kudus,4,110,0,0.1346785388886928,1,0.5546379387378693,3,3,0,0,S,Tottenham,0,0.1346785388886928,0.7345506139099598,0.5482371896505356,Premier League,2026-2027
12032,Djordje Petrovic,5,450,0,0.0,0,0.0,0,0,0,0,GK,Bournemouth,0,0.0,0.6285185143351555,0.6285185143351555,Premier League,2026-2027
12123,Murillo,5,450,0,0.3464511409401893,1,0.1844880795106291,5,5,1,0,D,Nottingham Forest,0,0.3464511409401893,1.191924013197422,1.0407838691025972,Premier League,2026-2027
12162,Ayyoub Bouaddi,2,20,0,0.0,0,0.0,0,0,0,0,S,Manchester City,0,0.0,0.0,0.0,Premier League,2026-2027
12203,Treymaurice Nyoni,3,33,0,0.0,0,0.0,0,0,0,0,S,Liverpool,0,0.0,0.2973485589027405,0.2973485589027405,Premier League,2026-2027
12272,Myles Lewis-Skelly,4,280,0,0.1580951698124408,0,0.1400724798440933,3,2,0,0,M,Arsenal,0,0.1580951698124408,3.1080533266067505,2.86166974902153,Premier League,2026-2027
12336,Malick Fofana,3,46,0,0.4315411746501922,0,0.0,3,0,0,0,S,Sunderland,0,0.4315411746501922,0.4315411746501922,0.0,Premier League,2026-2027
12408,Daniel Muñoz,4,263,0,0.6327560693025589,0,0.2147140949964523,6,4,0,0,D S,"Crystal Palace,Nottingham Forest",0,0.6327560693025589,3.5390845835208893,2.7617710530757904,Premier League,2026-2027
12409,Adam Wharton,5,442,0,0.0977495331317186,0,0.7138844504952431,4,7,1,0,M,Crystal Palace,0,0.0977495331317186,2.723395090550184,1.96331188082695,Premier League,2026-2027
12434,Lewis Koumas,3,21,0,0.1653798706829548,0,0.0,2,0,0,0,S,Liverpool,0,0.1653798706829548,0.1653798706829548,0.0,Premier League,2026-2027
12498,Valentín Barco,3,112,0,0.1294342540204525,0,0.0,2,0,1,0,M S,Chelsea,0,0.1294342540204525,0.1478602141141891,0.0734006389975547,Premier League,2026-2027
12535,Josh Acheampong,4,218,0,0.0,0,0.0,0,0,0,0,D S,Chelsea,0,0.0,1.043536651879549,1.043536651879549,Premier League,2026-2027
12603,Mikey Moore,2,90,0,0.6267714742571115,0,0.0170009192079305,4,1,0,0,M S,Tottenham,0,0.6267714742571115,0.6983903795480728,0.0716189090162515,Premier League,2026-2027
12733,Ibrahim Mbaye,2,24,0,0.0242633782327175,0,0.0523314736783504,1,1,0,0,S,Aston Villa,0,0.0242633782327175,0.0523314736783504,0.0,Premier League,2026-2027
12745,Jacob Greaves,4,360,0,0.0,0,0.0525427237153053,0,1,1,0,D,Ipswich,0,0.0,1.7024960070848465,1.6499532908201218,Premier League,2026-2027
12757,Harrison Armstrong,5,449,0,0.1899910941720008,1,0.891987033188343,4,4,2,0,M,Everton,0,0.1899910941720008,2.911220133304596,1.8292419463396072,Premier League,2026-2027
12758,Mats Wieffer,2,165,0,0.1158689148724079,0,0.0733533576130867,2,2,0,0,D,Brighton,0,0.1158689148724079,1.4131770431995392,1.276841014623642,Premier League,2026-2027
12760,Carl Rushworth,5,450,0,0.0,1,0.2845446765422821,0,1,0,0,GK,Coventry,0,0.0,0.5765660218894482,0.2920213490724563,Premier League,2026-2027
12779,Honest Ahanor,1,90,0,0.0,0,0.0522258765995502,0,1,0,0,D,Crystal Palace,0,0.0,0.2046297639608383,0.1524038910865783,Premier League,2026-2027
12781,Zion Suzuki,4,360,0,0.0,0,0.0,0,0,0,0,GK,Aston Villa,0,0.0,1.0465258583426476,1.0465258583426476,Premier League,2026-2027
12841,Dayann Methalie,1,90,0,0.0145568735897541,0,0.0,1,0,1,0,D,Sunderland,0,0.0145568735897541,1.1143755912780762,1.0998187065124512,Premier League,2026-2027
12843,Sorba Thomas,3,122,0,0.127026917412877,0,0.1452129893004894,3,3,0,0,M S,Hull,0,0.127026917412877,1.2111794352531433,0.9389395117759703,Premier League,2026-2027
12847,Sidiki Chérif,1,29,0,0.0,0,0.0,0,0,0,0,S,Coventry,0,0.0,0.0303194411098957,0.0303194411098957,Premier League,2026-2027
12911,Abdul Fatawu,5,369,0,0.0620910078287124,1,1.992685854434967,4,8,2,1,M,Ipswich,0,0.0620910078287124,3.011125385761261,1.0685254111886024,Premier League,2026-2027
12912,Lucas Bergvall,3,73,0,0.0372198298573493,0,0.0,1,0,0,0,M S,Tottenham,0,0.0372198298573493,0.0816761180758476,0.0444562882184982,Premier League,2026-2027
12948,Mateus Fernandes,5,257,0,0.1730380486696958,0,0.7410605251789093,6,5,1,0,M S,Tottenham,0,0.1730380486696958,1.0930125713348389,0.7894339468330145,Premier League,2026-2027
12955,Aurèle Amenda,4,360,0,0.011054546572268,0,0.0709287449717521,1,1,1,0,D,Coventry,0,0.011054546572268,0.8940168619155884,0.8120335824787617,Premier League,2026-2027
12963,Evanilson,5,430,0,0.9197197556495668,3,1.221893131732941,8,6,1,0,F,Bournemouth,0,0.9197197556495668,2.3645593225955963,0.7764686997979879,Premier League,2026-2027
13051,Matias Fernandez-Pardo,3,162,0,0.0524123236536979,0,0.0126359658315777,1,1,0,0,M S,Newcastle United,0,0.0524123236536979,0.7345665097236633,0.6695182397961617,Premier League,2026-2027
13066,Ferdi Kadioglu,4,336,0,0.1205686125904321,0,0.451943133957684,4,4,1,0,D,Brighton,0,0.1205686125904321,0.9377444572746754,0.5898935794830322,Premier League,2026-2027
13080,Ayden Heaven,1,90,0,0.1321679949760437,0,0.0,2,0,0,0,D,Manchester United,0,0.1321679949760437,0.2001935094594955,0.1803916990756988,Premier League,2026-2027
13091,Jaydee Canvot,4,360,0,0.0194436479359865,0,0.016936169937253,1,1,0,0,D,Crystal Palace,0,0.0194436479359865,1.5514642409980297,1.5320206098258495,Premier League,2026-2027
13136,Brooke Norton-Cuffy,2,31,0,0.0670347735285759,0,0.0,1,0,1,0,S,Hull,0,0.0670347735285759,0.3503979071974754,0.2833631336688995,Premier League,2026-2027
13206,Matt O&#039;Riley,2,8,0,0.5785816311836243,0,0.0292195957154035,1,1,0,0,S,Brighton,0,0.5785816311836243,0.6078012268990278,0.0,Premier League,2026-2027
13214,Aladji Bamba,3,22,0,0.0,0,0.0,0,0,0,0,S,Newcastle United,0,0.0,0.0,0.0,Premier League,2026-2027
13330,Robinio Vaz,2,13,0,0.0,0,0.0358757935464382,0,1,0,0,S,Hull,0,0.0,0.1489220559597015,0.1130462661385536,Premier League,2026-2027
13348,Antonín Kinsky,5,450,0,0.0,0,0.0461257211863994,0,1,0,0,GK,Tottenham,0,0.0,0.4838469140231609,0.4377211928367615,Premier League,2026-2027
13364,Diego Gómez,5,442,0,1.2188748344779017,2,1.278441242873669,14,7,0,0,M,Brighton,0,1.2188748344779017,2.7647382467985158,0.7494966387748718,Premier League,2026-2027
13380,Vitor Reis,1,1,0,0.0,0,0.0,0,0,0,0,S,Manchester City,0,0.0,0.0,0.0,Premier League,2026-2027
13456,Amar Dedic,4,330,0,0.2175311855971813,1,0.1411565989255905,3,2,0,0,D,Newcastle United,0,0.2175311855971813,1.5142665999010203,1.2006105752661824,Premier League,2026-2027
13692,Rio Ngumoha,3,97,0,0.3864648193120956,0,0.0,2,0,0,0,M S,Liverpool,0,0.3864648193120956,0.5874816626310349,0.2010168470442295,Premier League,2026-2027
13712,Robin Roefs,5,450,0,0.0,0,0.0,0,0,0,0,GK,Sunderland,0,0.0,1.640747344121337,1.640747344121337,Premier League,2026-2027
13713,Trai Hume,4,196,0,0.1510267257690429,0,0.820563267916441,3,4,0,0,M S,Sunderland,0,0.1510267257690429,2.362265348434448,1.8171843588352203,Premier League,2026-2027
13715,Dan Ballard,5,450,0,0.1787438131868839,0,0.151408389210701,5,2,2,0,D,Sunderland,0,0.1787438131868839,1.924305286258459,1.7230570744723082,Premier League,2026-2027
13716,Noah Sadiki,5,425,0,0.9139449167996644,0,0.4065665788948536,7,3,1,0,M,Sunderland,0,0.9139449167996644,2.2449031621217728,1.314534991979599,Premier League,2026-2027
13717,Chemsdine Talbi,1,29,0,0.0,0,0.0,0,0,0,0,S,Sunderland,0,0.0,0.0,0.0,Premier League,2026-2027
13719,Chris Rigg,2,14,0,0.0,0,0.0,0,0,0,0,S,Sunderland,0,0.0,0.0,0.0,Premier League,2026-2027
13723,El Hadji Malick Diouf,2,32,0,0.0,0,0.0,0,0,0,0,S,Brentford,0,0.0,0.0,0.0,Premier League,2026-2027
13775,Estêvão,4,14,0,0.1030909139662981,0,0.0,2,0,0,0,S,Chelsea,0,0.1030909139662981,0.1962461322546005,0.0931552201509475,Premier League,2026-2027
13776,Jorrel Hato,4,269,0,0.0349031090736389,2,1.2096408493816853,1,4,0,0,D,Chelsea,0,0.0349031090736389,1.940410055220127,1.8537863865494728,Premier League,2026-2027
13779,Jair,4,360,0,0.0373633401468396,0,0.0126525117084383,2,1,2,0,D,Nottingham Forest,0,0.0373633401468396,1.597619197331369,1.5602558553218842,Premier League,2026-2027
13792,Ibrahim Osman,3,32,0,0.1361042708158493,0,0.0280558001250028,2,1,0,0,S,Brighton,0,0.1361042708158493,0.4480753391981125,0.3776165172457695,Premier League,2026-2027
13834,Ao Tanaka,4,257,0,0.7995230369269848,1,0.9668696522712708,5,1,1,0,M S,Leeds,0,0.7995230369269848,0.4723164662718773,0.2810738459229469,Premier League,2026-2027
13837,David Affengruber,2,180,0,0.0,0,0.0545682199299335,0,1,0,0,D,Fulham,0,0.0,1.429437391459942,1.429437391459942,Premier League,2026-2027
13872,Max Dowman,1,8,0,0.0,0,0.0485323965549469,0,1,0,0,S,Arsenal,0,0.0,0.0308935046195983,0.0308935046195983,Premier League,2026-2027
13879,Tarik Muharemovic,5,450,0,0.3752861097455024,1,0.4843495786190033,5,1,0,0,D,Leeds,0,0.3752861097455024,1.4622139055281878,0.7104727122932673,Premier League,2026-2027
13917,Mamadou Sangaré,5,331,0,0.3661982007324695,1,0.624411441385746,6,4,2,0,M S,Brentford,0,0.3661982007324695,1.9323826134204865,1.6926967427134514,Premier League,2026-2027
14030,Kevin,4,57,0,0.0854699909687042,0,0.0,2,0,0,0,S,Fulham,0,0.0854699909687042,0.1235325448215007,0.0380625538527965,Premier League,2026-2027
14054,Stephen Mfuni,1,90,0,0.0,0,0.0,0,0,0,0,D,Coventry,0,0.0,0.0283976942300796,0.0283976942300796,Premier League,2026-2027
14056,Senne Lammens,5,450,0,0.0,0,0.0,0,0,0,0,GK,Manchester United,0,0.0,0.6359608024358749,0.6359608024358749,Premier League,2026-2027
14097,Ryan McAidoo,2,9,0,0.18103788793087,0,0.0,1,0,0,0,S,Manchester City,0,0.18103788793087,0.18103788793087,0.0,Premier League,2026-2027
14099,Luke O&#039;Nien,1,69,0,0.0211695246398448,0,0.0,1,0,1,0,D,Sunderland,0,0.0211695246398448,0.8553716540336609,0.8553716540336609,Premier League,2026-2027
14193,George Hemmings,5,298,0,0.2612697780132293,0,0.4427976068109274,1,3,0,0,M S,Aston Villa,0,0.2612697780132293,0.8782874289900064,0.192436121404171,Premier League,2026-2027
14198,Shea Lacey,1,8,0,0.0,0,0.0,0,0,0,0,S,Manchester United,0,0.0,0.0,0.0,Premier League,2026-2027
14374,Alex Tóth,2,15,0,0.0,0,0.0,0,0,0,0,S,Bournemouth,0,0.0,0.0,0.0,Premier League,2026-2027
14376,Quinten Timber,3,258,0,0.3044135179370641,0,0.0690195262432098,5,2,0,0,M,Crystal Palace,0,0.3044135179370641,0.4113083388656378,0.0378752946853637,Premier League,2026-2027
14395,Rayan,5,446,0,1.5897435583174229,0,0.6875993143767118,12,3,0,0,M,Bournemouth,0,1.5897435583174229,3.069048047065735,0.8183238636702299,Premier League,2026-2027
14742,Milan van Ewijk,4,360,0,0.0,0,0.1488154251128435,0,3,1,0,D,Coventry,0,0.0,0.7705074846744537,0.7449175603687763,Premier League,2026-2027
14744,Caleb Yirenkyi,5,269,0,0.0297570321708917,0,0.1697358787059784,1,3,1,0,D M S,Coventry,0,0.0297570321708917,0.996956456452608,0.8272206038236618,Premier League,2026-2027
14745,Brandon Thomas-Asante,5,226,0,0.2569537237286567,0,0.0,5,0,0,0,F M S,Coventry,0,0.2569537237286567,0.2781979590654373,0.0954192206263542,Premier League,2026-2027
14746,Victor Torp,3,48,0,0.0,0,0.5053454041481018,0,1,0,0,S,Coventry,0,0.0,0.600764624774456,0.0954192206263542,Premier League,2026-2027
14747,Jack Rudoni,5,304,0,1.4225774444639685,0,0.5934824347496033,6,9,0,0,M S,Coventry,0,1.4225774444639685,2.0426415354013443,0.3191619776189327,Premier League,2026-2027
14748,Joel Latibeaudiere,1,1,0,0.0,0,0.0,0,0,0,0,S,Coventry,0,0.0,0.0,0.0,Premier League,2026-2027
14749,Tatsuhiro Sakamoto,1,29,0,0.0278062783181667,0,0.0,1,0,0,0,S,Coventry,0,0.0278062783181667,0.1232255026698112,0.0954192206263542,Premier League,2026-2027
14758,Konstantinos Tzolakis,5,450,0,0.0,0,0.0,0,0,1,0,GK,Hull,0,0.0,0.6477609146386385,0.6477609146386385,Premier League,2026-2027
14759,Lewie Coyle,5,359,0,0.0776113048195838,0,0.0623814594000577,1,2,1,0,D,Hull,0,0.0776113048195838,0.2652598861604929,0.1543013025075197,Premier League,2026-2027
14761,Matt Crooks,3,212,0,0.0,0,0.0853721424937248,0,1,3,0,M,Hull,0,0.0,0.1144063267856836,0.0290341842919588,Premier League,2026-2027
14762,Regan Slater,5,443,0,0.141082352027297,1,0.8655824195593596,4,5,1,0,M,Hull,0,0.141082352027297,1.0317744705826044,0.7988396752625704,Premier League,2026-2027
14763,Elliot Stroud,4,260,0,0.0728685958310961,0,0.0324212647974491,3,1,1,0,M,Hull,0,0.0728685958310961,0.209178464487195,0.1038885992020368,Premier League,2026-2027
14765,Lucas Herrington,5,190,0,0.0148928221315145,0,0.1409125328063964,1,2,0,0,D S,Hull,0,0.0148928221315145,1.226762853562832,1.106799405068159,Premier League,2026-2027
14767,Jens Hjertø-Dahl,1,7,0,0.0,0,0.0,0,0,0,0,S,Hull,0,0.0,0.2833631336688995,0.2833631336688995,Premier League,2026-2027
14769,Hayden Hackney,5,135,0,0.0831227153539657,1,0.1533246859908104,2,4,0,0,M S,Everton,0,0.0831227153539657,0.2707803100347519,0.1907834485173225,Premier League,2026-2027
14771,Marcelino Núñez,2,146,0,0.0554595366120338,0,0.0379965938627719,1,1,0,0,M,Ipswich,0,0.0554595366120338,1.5013093948364258,1.5013093948364258,Premier League,2026-2027
14772,Daizen Maeda,5,262,0,0.7843679301440716,0,0.0,3,0,0,0,M S,Ipswich,0,0.7843679301440716,1.3152420707046986,0.53087417781353,Premier League,2026-2027
14773,Sindre Egeli,1,8,0,0.0,0,0.0,0,0,0,0,S,Ipswich,0,0.0,0.0,0.0,Premier League,2026-2027
14775,Ousmane Diomande,3,165,0,0.0725189168006181,0,0.0,2,0,0,0,D S,Nottingham Forest,0,0.0725189168006181,0.2292620688676834,0.2292620688676834,Premier League,2026-2027
14788,Jannik Schuster,3,254,0,0.1085636392235755,1,0.832377552986145,1,1,0,0,D S,Brentford,0,0.1085636392235755,0.2265664488077163,0.2265664488077163,Premier League,2026-2027
14854,Costinha,5,58,0,0.0519828535616397,0,0.0698570907115936,2,1,1,0,S,Brighton,0,0.0519828535616397,0.4708686396479606,0.3770844861865043,Premier League,2026-2027
14855,Zadok Yohanna,1,7,0,0.0,0,0.0,0,0,0,0,S,Brighton,0,0.0,0.3119710683822632,0.3119710683822632,Premier League,2026-2027
14857,Promise David,2,20,0,0.520228385925293,0,0.0,1,0,1,0,S,Brighton,0,0.520228385925293,0.0,0.0,Premier League,2026-2027
14859,António Silva,5,450,0,1.18889862857759,0,0.0,4,0,2,0,D,Bournemouth,0,1.18889862857759,0.753809280693531,0.7374633122235537,Premier League,2026-2027
14874,Lukás Hornícek,5,450,0,0.0,0,0.0,0,0,1,0,GK,Newcastle United,0,0.0,0.2051249966025352,0.2051249966025352,Premier League,2026-2027
14875,Sean Steur,5,228,0,0.0,0,0.1157017033547163,0,3,0,0,M S,Newcastle United,0,0.0,0.4028674773871898,0.3065009526908397,Premier League,2026-2027
14923,Geovany Quenda,2,24,0,0.0315958335995674,0,0.0,1,0,0,0,S,Chelsea,0,0.0315958335995674,0.0,0.0,Premier League,2026-2027
14934,Zavier Gozo,2,22,0,0.0,0,0.0,0,0,0,0,S,Crystal Palace,0,0.0,0.0679302960634231,0.0679302960634231,Premier League,2026-2027
14935,Kaden Braithwaite,1,1,0,0.0,0,0.0,0,0,0,0,S,Manchester City,0,0.0,0.0,0.0,Premier League,2026-2027
14981,Ephron Mason-Clark,4,240,0,0.3271281756460666,0,0.1838700864464044,4,4,0,0,M,Coventry,0,0.3271281756460666,0.6489716582000256,0.1379733840003609,Premier League,2026-2027
14982,Hidemasa Morita,1,48,0,0.0,0,0.0186402760446071,0,1,0,0,M,Hull,0,0.0,0.0186402760446071,0.0,Premier League,2026-2027
15045,Darío Osorio,1,1,0,0.0,0,0.0,0,0,0,0,S,Crystal Palace,0,0.0,0.0,0.0,Premier League,2026-2027
15091,Mahdi Nicoll-Jazuli,1,2,0,0.0,0,0.0,0,0,0,0,S,Chelsea,0,0.0,0.0,0.0,Premier League,2026-2027
8026,Raphinha,7,577,12,9.057607993483543,3,2.6452580094337463,25,14,0,0,F,Barcelona,9,6.827774986624718,10.27310198545456,1.980008240789175,La Liga,2026-2027
3423,Kylian Mbappe-Lottin,7,630,7,8.346656907349825,2,1.808776967227459,41,11,0,0,F,Real Madrid,6,6.860101718455553,8.557747710496187,2.7631383910775185,La Liga,2026-2027
7528,Sergio Camello,7,482,7,2.826850488781929,1,0.4708410147577524,19,8,2,0,F S,Rayo Vallecano,7,2.826850488781929,3.3098482936620712,0.1355514321476221,La Liga,2026-2027
11527,Lamine Yamal,7,592,7,6.0806483924388885,4,4.077104330062866,38,27,1,0,F M,Barcelona,6,4.5940931141376495,12.124042093753816,4.7864792458713055,La Liga,2026-2027
318,Pierre-Emerick Aubameyang,8,646,6,4.143434464931488,4,1.5796765610575676,20,11,0,0,F S,Deportivo La Coruna,6,4.143434464931488,5.994043409824371,0.3709862157702446,La Liga,2026-2027
13350,Roberto Fernández,7,617,6,4.336601883172989,0,0.2768584229052067,16,4,0,0,F,Espanyol,6,4.336601883172989,4.205634534358978,0.4340188112109899,La Liga,2026-2027
14459,Yassir Zabiri,7,381,6,3.273046473041177,0,0.0600159205496311,14,2,4,0,F S,Racing Santander,6,3.273046473041177,3.868151288479567,0.5891972482204437,La Liga,2026-2027
1235,Ante Budimir,7,499,5,4.621416881680489,0,0.1765712350606918,18,2,0,0,F S,Osasuna,2,2.391584023833275,2.718103379011154,0.3911227993667125,La Liga,2026-2027
8271,Fernando Niño,7,481,5,2.770048387348652,0,0.3235920369625091,11,2,1,0,F S,Elche,5,2.770048387348652,3.3604379072785378,0.3467615619301796,La Liga,2026-2027
1189,Lucas Boyé,6,492,4,1.6901421546936035,0,0.6235124319791794,16,4,0,0,F,Alaves,4,1.6901421546936035,2.5440324433147907,1.0314378142356873,La Liga,2026-2027
8417,Álex Baena,7,457,4,1.4014368802309036,1,1.3584229685366154,15,15,1,0,F M S,Atletico Madrid,4,1.4014368802309036,4.982717879116535,3.157174274325371,La Liga,2026-2027
11822,Fermín López,6,454,4,2.7873381413519382,2,2.0857397988438606,11,11,1,0,M S,Barcelona,4,2.7873381413519382,7.2432868629693985,2.560778930783272,La Liga,2026-2027
5110,Mariano,7,319,3,1.5857496112585068,3,0.5904206000268459,9,3,2,0,F S,Alaves,3,1.5857496112585068,3.190767774358392,1.099570682272315,La Liga,2026-2027
5656,Nicolas Pepe,7,526,3,1.1930150501430037,0,0.9693327248096466,19,12,1,0,M S,Villarreal,3,1.1930150501430037,3.459699921309948,1.9125720225274565,La Liga,2026-2027
8636,Jonathan Christian David,3,163,3,3.1835193037986755,1,1.032787948846817,10,6,0,0,F S,Atletico Madrid,3,3.1835193037986755,4.26876837015152,0.4792521484196186,La Liga,2026-2027
8696,Pape Alassane Gueye,8,599,3,1.3351981304585934,0,0.3975052684545517,7,9,1,0,M S,Villarreal,2,0.5919205211102962,8.4724892526865,7.635376773774624,La Liga,2026-2027
8824,Jude Bellingham,7,537,3,1.589520826935768,2,2.8061698898673058,16,16,1,0,M S,Real Madrid,3,1.589520826935768,5.651951909065247,3.087950587272644,La Liga,2026-2027
12862,Luka Sucic,7,554,3,1.044646069407463,0,0.8197630662471056,15,8,2,0,F M S,Real Sociedad,3,1.044646069407463,1.701953636482358,0.4264703430235386,La Liga,2026-2027
13767,Roger Brugué,5,450,3,3.12242890894413,0,0.1314248666167259,13,2,0,0,F M,Levante,3,3.12242890894413,2.42912720143795,0.2220457047224044,La Liga,2026-2027
2120,Gerard Moreno,7,368,2,2.7291413098573685,0,1.7527719847857952,9,10,0,0,F S,Villarreal,1,1.9858637005090716,3.53398571908474,2.438278019428253,La Liga,2026-2027
6954,Juan Camilo Hernández,7,451,2,2.1886105686426163,1,1.0414866358041763,12,5,0,0,F S,Real Betis,2,2.1886105686426163,4.675718799233437,1.4588502123951912,La Liga,2026-2027
7071,Álvaro García,7,543,2,1.709140056744218,2,0.7791093438863754,11,3,1,0,F M S,Rayo Vallecano,2,1.709140056744218,3.469180554151535,1.0871980488300323,La Liga,2026-2027
7308,Ander Barrenetxea,6,321,2,0.41688940115273,0,0.0378905683755874,8,1,0,0,M S,Real Sociedad,2,0.41688940115273,0.6035235896706581,0.2131812628358602,La Liga,2026-2027
7313,Lee Kang-In,7,482,2,1.4858759678900242,1,1.582297619432211,20,10,1,0,F M S,Atletico Madrid,2,1.4858759678900242,4.70286537706852,1.9327285401523115,La Liga,2026-2027
8002,Rodrigo Riquelme,7,310,2,1.086318351328373,0,0.6334548406302929,7,6,0,0,M S,Real Betis,2,1.086318351328373,2.112270705401897,1.1099759619683027,La Liga,2026-2027
8187,Georges Mikautadze,8,442,2,3.952066130936146,1,1.1898082345724106,21,7,0,0,F S,Villarreal,1,3.208788581192493,5.153014630079269,1.3499823585152626,La Liga,2026-2027
8765,Roberto Navarro,5,320,2,1.7620166093111038,0,0.2241111770272255,9,6,1,0,M S,Athletic Club,2,1.7620166093111038,1.8968825936317444,0.159416290000081,La Liga,2026-2027
9275,Iván Romero,6,390,2,3.161652568727732,0,0.4800993204116821,16,3,1,0,F S,Levante,2,3.161652568727732,3.975184112787247,1.1252701990306375,La Liga,2026-2027
9796,Giuliano Simeone,7,474,2,0.6234005875885487,2,0.5562696401029825,9,5,0,0,D M S,Atletico Madrid,2,0.6234005875885487,2.555682560428977,1.94146122597158,La Liga,2026-2027
10163,Luismi Cruz,8,481,2,0.896603656001389,1,1.7354060523211956,5,13,0,0,M S,Deportivo La Coruna,2,0.896603656001389,2.65988514572382,0.4417837858200073,La Liga,2026-2027
10772,Karim Adeyemi,7,222,2,4.287973910570145,2,1.3813532069325447,16,6,1,0,F M S,Barcelona,2,4.287973910570145,5.571585774421692,0.9642313979566096,La Liga,2026-2027
11154,Pablo Durán,5,244,2,1.1414916887879372,0,0.1033143550157547,5,3,0,0,F S,Celta Vigo,2,1.1414916887879372,1.6447096467018127,0.4162914678454399,La Liga,2026-2027
11866,Álex Grimaldo,6,536,2,2.174411326646805,1,0.7862814664840698,10,4,0,0,D,Atletico Madrid,0,0.688241496682167,2.861076697707176,1.89359000697732,La Liga,2026-2027
12160,Alberto Moleiro,8,488,2,2.1893972158432007,3,2.742976814508438,12,16,0,0,F M S,Villarreal,2,2.1893972158432007,8.616915874183178,4.598355937749147,La Liga,2026-2027
13376,Pablo García,6,262,2,1.0177054293453691,0,0.0994756929576397,10,2,1,0,M S,"Racing Santander,Real Betis",2,1.0177054293453691,1.2510440535843372,0.4675386250019073,La Liga,2026-2027
13769,Carlos Espí,4,12,2,1.3819266334176064,0,0.078504666686058,4,1,0,0,S,Real Madrid,2,1.3819266334176064,1.4784590005874634,0.1207723170518875,La Liga,2026-2027
13823,Miguel Sierra,7,523,2,0.405436422675848,0,0.2845495548099279,10,7,2,0,F M,Sevilla,2,0.405436422675848,1.3922685272991655,0.8036326691508293,La Liga,2026-2027
14709,Zakaria Eddahchouri,5,74,2,0.1570494510233402,0,0.1900665909051895,4,2,0,0,S,Deportivo La Coruna,2,0.1570494510233402,0.3618026934564113,0.014686644077301,La Liga,2026-2027
770,Ayoze Pérez,8,430,1,4.380019053816795,3,1.060098584741354,16,7,0,0,F S,Villarreal,1,4.380019053816795,6.181630581617355,1.5396367264911532,La Liga,2026-2027
1450,Umar Sadiq,3,151,1,1.0633442997932434,0,0.0640965774655342,3,1,0,0,F S,Valencia,1,1.0633442997932434,1.0741783380508425,0.0179016347974538,La Liga,2026-2027
1822,Antonio Rüdiger,3,214,1,0.1455326192080974,0,0.1395609825849533,3,1,0,0,D S,Real Madrid,1,0.1455326192080974,1.304494857788086,1.1649338603019714,La Liga,2026-2027
2290,Iago Aspas,6,218,1,0.5752790225669742,0,0.0943438708782196,6,2,0,0,F S,Celta Vigo,1,0.5752790225669742,0.7865691110491753,0.1631621196866035,La Liga,2026-2027
2379,João Cancelo,6,192,1,0.1392981745302677,0,0.1050355806946754,5,1,1,0,D S,Barcelona,1,0.1392981745302677,2.3581711128354077,2.1264258921146397,La Liga,2026-2027
2399,Iñaki Williams,6,406,1,2.432776466012001,2,0.639490433037281,13,5,0,0,F M,Athletic Club,1,2.432776466012001,3.3877470940351486,0.5072083696722984,La Liga,2026-2027
2453,Marc Bartra,5,333,1,0.2134610004723072,0,0.0202004183083772,5,1,0,0,D S,Real Betis,1,0.2134610004723072,1.1559847313910725,1.06980749219656,La Liga,2026-2027
2478,Carlos Soler,7,461,1,1.0163309928029776,2,0.9237169772386552,5,11,0,0,M S,Real Sociedad,0,0.2730533983558416,1.1931581869721413,0.459679439663887,La Liga,2026-2027
2571,Sergio Canales,7,515,1,1.0624952167272568,0,0.0995353553444147,13,2,1,0,M S,Racing Santander,1,1.0624952167272568,2.2618477195501328,1.3008815497159958,La Liga,2026-2027
3425,Thomas Lemar,4,167,1,0.1565263122320175,0,0.3257782571017742,3,2,1,0,M S,Elche,1,0.1565263122320175,1.2467247247695925,0.8842656016349792,La Liga,2026-2027
5091,Alex Berenguer,6,271,1,0.2553792344406247,1,1.723415318876505,6,11,1,0,M S,Athletic Club,1,0.2553792344406247,2.4861198738217354,1.432622078806162,La Liga,2026-2027
5140,Kike Barja,6,234,1,0.8258503377437592,0,0.3015096187591553,5,4,3,0,M S,Osasuna,1,0.8258503377437592,1.187604546546936,0.1185562536120414,La Liga,2026-2027
5179,Jon Guridi,7,359,1,0.8508105706423521,0,0.2759562991559505,4,3,3,0,M S,Sevilla,0,0.1075329650193452,0.4337454810738563,0.1104862168431282,La Liga,2026-2027
5543,Gabriel Jesus,3,19,1,0.3567205592989921,0,0.108625553548336,3,1,0,0,S,Barcelona,1,0.3567205592989921,0.265821885317564,0.0,La Liga,2026-2027
5556,Ademola Lookman,7,477,1,1.785831332206726,0,1.0631543695926666,10,12,1,0,F M S,Atletico Madrid,1,1.785831332206726,3.407384276390076,0.5583985447883606,La Liga,2026-2027
6219,Enes Ünal,7,532,1,1.169947799295187,0,0.1573135703802108,10,4,2,0,F S,Getafe,1,1.169947799295187,1.7307362034916878,0.6133204773068428,La Liga,2026-2027
6945,Youssouf Fofana,4,285,1,0.6650506909936666,0,0.0382178798317909,5,1,0,0,M S,Sevilla,1,0.6650506909936666,1.076622150838375,0.9442805796861647,La Liga,2026-2027
7008,Vinícius Júnior,7,572,1,3.5653191059827805,3,2.492556426674128,22,13,2,0,M,Real Madrid,1,3.5653191059827805,7.198669642210007,2.2651410587131977,La Liga,2026-2027
7174,Adrià Pedrosa,5,409,1,0.2440756782889366,1,1.3818761967122557,4,9,1,0,D S,Rayo Vallecano,1,0.2440756782889366,1.9824284315109253,1.019815772771835,La Liga,2026-2027
7276,Robin Le Normand,4,262,1,0.047013834118843,0,0.0,1,0,0,1,D S,Atletico Madrid,1,0.047013834118843,1.1760623082518578,1.1760623082518578,La Liga,2026-2027
7350,Yangel Herrera,7,409,1,0.2198792304843664,0,0.2125987410545349,4,1,3,0,M S,Real Sociedad,1,0.2198792304843664,1.5265163369476795,1.1290169544517994,La Liga,2026-2027
7515,Andrei Ratiu,6,540,1,0.6204499937593937,0,0.7383233606815338,7,4,0,0,D,Rayo Vallecano,1,0.6204499937593937,2.0617981553077698,1.5800643861293793,La Liga,2026-2027
7655,Carl Starfelt,3,216,1,0.7867014706134796,0,0.0118582686409354,4,1,1,0,D S,Celta Vigo,1,0.7867014706134796,0.3489735275506973,0.312682494521141,La Liga,2026-2027
7779,Oihan Sancet,6,517,1,2.650330051779747,0,1.056620853021741,17,9,0,0,M,Athletic Club,1,1.9070524126291275,3.07255120575428,0.7770865969359875,La Liga,2026-2027
7870,Luis Rioja,4,114,1,0.4375313557684421,0,0.6161909122020006,3,3,0,0,D S,Valencia,1,0.4375313557684421,0.9199611023068428,0.0,La Liga,2026-2027
8145,Troy Parrott,4,169,1,1.5000589075498283,1,0.601751858368516,5,4,0,0,F S,Real Betis,1,1.5000589075498283,1.783435359597206,0.3699496164917946,La Liga,2026-2027
8230,German Valera,7,578,1,0.3447922877967357,0,0.654657019302249,3,11,1,0,D F M,Elche,1,0.3447922877967357,1.8600144013762476,1.3505252599716189,La Liga,2026-2027
8549,Ferrán Jutglà,7,391,1,0.3333274461328983,0,0.5815059058368206,6,3,0,0,F S,Celta Vigo,1,0.3333274461328983,0.9392763748764992,0.0568043440580368,La Liga,2026-2027
8694,Chidera Ejuke,6,186,1,0.3208258952945471,0,0.0698493719100952,2,1,1,0,F S,Sevilla,1,0.3208258952945471,0.4587496072053909,0.068074345588684,La Liga,2026-2027
8935,Pedri,7,532,1,0.5911225453019142,1,1.234484277665615,6,14,0,0,M S,Barcelona,1,0.5911225453019142,7.502035230398178,6.379338711500168,La Liga,2026-2027
8948,Aitor Paredes,4,296,1,0.5328558087348938,0,0.0592959625646472,1,2,0,0,D S,Athletic Club,1,0.5328558087348938,0.671281810849905,0.6119858585298061,La Liga,2026-2027
9001,Martín Satriano,7,564,1,1.6628420650959015,1,0.7444793619215488,15,6,0,0,F M,Getafe,1,1.6628420650959015,2.218737784773112,0.5132805742323399,La Liga,2026-2027
9211,Nico Williams,6,368,1,1.4253652691841123,0,0.7773501612246037,12,7,0,0,M S,Athletic Club,1,1.4253652691841123,3.315427735447884,1.8456426672637465,La Liga,2026-2027
9218,Juan Iglesias,7,630,1,0.4404233656823635,0,0.2447428852319717,4,4,1,0,D,Sevilla,1,0.4404233656823635,0.9771272912621498,0.6998658161610365,La Liga,2026-2027
9243,Ilaix Moriba,7,494,1,0.1605392163619399,0,0.2671265304088592,5,1,0,0,M S,Celta Vigo,1,0.1605392163619399,1.9560623094439509,1.5842242166399956,La Liga,2026-2027
9466,Jon Ander Olasagasti,6,515,1,0.6628731116652489,1,2.368843726813793,6,10,0,0,M,Levante,1,0.6628731116652489,2.2943751960992813,0.4738071467727422,La Liga,2026-2027
9814,Andrés Martín,3,242,1,2.145969867706299,0,0.7234595865011215,9,6,0,0,M,Racing Santander,0,0.6594145894050598,1.7822408378124237,0.4921092092990875,La Liga,2026-2027
10082,Hugo Gonzalez,4,251,1,1.3752374723553658,2,0.7593299113214016,8,9,0,0,F,Celta Vigo,0,0.6319598630070686,0.8804520778357983,0.1236637569963932,La Liga,2026-2027
10095,Abdessamad Ezzalzouli,4,245,1,1.037250280380249,0,0.8916659094393253,7,6,0,0,F M S,Real Betis,1,1.037250280380249,1.952962040901184,0.3045179657638073,La Liga,2026-2027
10189,Marc Pubill,6,410,1,0.1524072550237178,0,0.0,3,0,2,0,D S,Atletico Madrid,1,0.1524072550237178,1.0714542753994465,1.0394992642104626,La Liga,2026-2027
10319,Adrián De la Fuente,6,527,1,0.6757432892918587,0,0.5486200302839279,7,2,1,0,D,Levante,1,0.6757432892918587,0.8080321624875069,0.3052246421575546,La Liga,2026-2027
10364,Nahuel Tenaglia,7,587,1,0.5539715811610222,0,0.4857673123478889,6,2,2,0,D,Alaves,1,0.5539715811610222,2.3364844005554914,1.360925728455186,La Liga,2026-2027
10576,Álvaro Fernández,4,206,1,0.4673479199409485,0,0.3694992363452911,1,5,1,0,D S,Real Madrid,1,0.4673479199409485,1.6322053223848343,1.0217295438051224,La Liga,2026-2027
10857,Pablo Ibáñez,7,582,1,1.140210647135973,0,0.0961099695414304,9,2,1,0,M,Alaves,1,1.140210647135973,3.724816795438528,3.1162415705621243,La Liga,2026-2027
10947,Ramón Terrats,6,537,1,1.4643283151090143,0,0.4521251395344734,17,10,2,0,M,Getafe,1,1.4643283151090143,1.7250436171889303,0.1543011870235204,La Liga,2026-2027
11362,Facundo Buonanotte,4,220,1,1.2822771444916723,0,0.0269735660403966,8,1,1,0,M S,Elche,0,0.5389995351433754,0.9783557951450348,0.5295365899801254,La Liga,2026-2027
11540,Carlos Dotor,6,481,1,0.2914519291371107,0,0.2961172200739383,4,5,0,0,F M,Malaga,1,0.2914519291371107,1.2675992846488953,0.7723864484578371,La Liga,2026-2027
11890,Natan,6,540,1,0.6441528769209981,0,0.150003814138472,3,3,2,0,D,Real Betis,1,0.6441528769209981,1.0783936083316803,1.0716211423277855,La Liga,2026-2027
12115,Adrián Niño,3,83,1,0.4436628222465515,0,0.0127122085541486,5,1,0,0,S,Malaga,1,0.4436628222465515,0.2436372488737106,0.13115756213665,La Liga,2026-2027
12190,Arda Güler,7,359,1,1.91625452041626,2,3.95790171995759,11,28,1,0,M S,Real Madrid,1,1.91625452041626,5.8265073243528605,2.246301891282201,La Liga,2026-2027
12305,Isaac Romero,6,209,1,0.3056120909750461,1,0.3550829794257879,5,3,4,0,F S,Sevilla,1,0.3056120909750461,0.596410321071744,0.0,La Liga,2026-2027
12742,Peque,3,162,1,1.0858079120516777,0,0.1196340098977088,6,3,1,0,M S,Sevilla,0,0.3425302878022194,0.9294610545039176,0.4672967419028282,La Liga,2026-2027
12870,Buba Sangaré,7,547,1,0.0268692355602979,0,0.0563208553940057,1,2,0,0,D,Elche,1,0.0268692355602979,1.2909344583749771,1.2077443972229958,La Liga,2026-2027
13048,Orri Óskarsson,6,312,1,2.7402745448052883,0,0.0998680461198091,8,2,0,1,F S,Real Sociedad,1,2.7402745448052883,2.9255964159965515,0.0854538399726152,La Liga,2026-2027
13057,Lucas Stassin,3,200,1,0.8664955049753189,0,0.0599767491221427,7,2,0,0,F S,Sevilla,1,0.8664955049753189,0.9394132271409036,0.0718234851956367,La Liga,2026-2027
13560,Iván Azón,4,270,1,0.6449636854231358,1,0.3353011533617973,7,4,1,0,F M S,Getafe,1,0.6449636854231358,1.0687728375196457,0.0885079950094223,La Liga,2026-2027
13601,Marcos Fernández,6,195,1,1.717292293906212,1,0.7342698760330677,13,5,2,0,M S,Espanyol,1,1.717292293906212,2.559375196695328,0.1989751830697059,La Liga,2026-2027
13615,Oso,2,164,1,0.4707444943487644,1,0.1353991478681564,4,1,0,0,M,Sevilla,1,0.4707444943487644,0.8697241693735123,0.3356491699814796,La Liga,2026-2027
13620,Miguel Román,7,580,1,0.1587684415280819,2,0.6660572625696659,7,7,0,0,M S,Celta Vigo,1,0.1587684415280819,1.4882779270410538,1.2152947187423706,La Liga,2026-2027
13829,Tyrhys Dolan,6,436,1,0.3184660747647285,0,0.0843749716877937,6,2,0,0,M S,Espanyol,1,0.3184660747647285,2.339291475713253,1.9364504516124723,La Liga,2026-2027
13839,Marc Aguado,4,268,1,0.0892788842320442,0,0.0536111295223236,1,1,1,0,M,Elche,1,0.0892788842320442,0.8068914115428925,0.7532802820205688,La Liga,2026-2027
14129,Xavi Espart,5,446,1,0.1748613025993108,2,1.1975302249193192,4,4,1,0,D,Barcelona,1,0.1748613025993108,4.257456466555595,3.72443650662899,La Liga,2026-2027
14364,Job Ochieng,4,238,1,0.62986671179533,3,0.3137027770280838,9,4,0,0,M S,Real Sociedad,1,0.62986671179533,0.736464150249958,0.0,La Liga,2026-2027
14452,Aaron Mayol,2,180,1,0.067496083676815,0,0.0316575765609741,2,1,1,0,M,Valencia,1,0.067496083676815,0.4007833674550056,0.3733200505375862,La Liga,2026-2027
14519,Ville Koski,7,623,1,0.9187273383140564,0,0.0,2,0,0,0,D,Alaves,1,0.9187273383140564,1.337995447218418,1.337995447218418,La Liga,2026-2027
14681,Mikel Rodríguez,3,150,1,0.6545253396034241,0,0.0668461937457323,2,3,0,0,M S,Alaves,1,0.6545253396034241,1.3314264304935932,0.6100548976100981,La Liga,2026-2027
14688,Sergio Martínez,2,123,1,0.0326571799814701,0,0.0,1,0,0,0,M,Racing Santander,1,0.0326571799814701,0.2078892514109611,0.1752320751547813,La Liga,2026-2027
14689,Maguette Gueye,5,136,1,0.446624256670475,0,0.0,3,0,0,0,M S,Racing Santander,1,0.446624256670475,0.6209256425499916,0.568601131439209,La Liga,2026-2027
14700,Cala,7,399,1,1.1958888694643974,0,0.0575351500883698,11,3,3,0,M S,Espanyol,1,1.1958888694643974,1.539766103029251,0.3214140962809324,La Liga,2026-2027
14701,Enzo Bardeli,6,380,1,0.0508777918294072,1,0.6946400813758373,2,8,0,0,M S,Levante,1,0.0508777918294072,0.7869252264499664,0.264154277741909,La Liga,2026-2027
14712,Diego Villares,3,113,1,0.2717766463756561,0,0.0512723959982395,1,1,0,0,S,Deportivo La Coruna,1,0.2717766463756561,0.7619980350136757,0.4389490261673927,La Liga,2026-2027
14732,Chupe,7,557,1,2.562555886805057,0,0.1054684296250343,15,3,1,0,F S,Malaga,0,1.0760006681084633,1.128900624811649,0.1100824298337102,La Liga,2026-2027
14931,Abiel Osorio,4,165,1,1.5414043366909027,0,0.1466845124959945,9,2,2,0,F S,Elche,1,1.5414043366909027,1.783589333295822,0.0955004356801509,La Liga,2026-2027
200,Andreas Christensen,6,392,0,0.8804607316851616,1,0.0703668668866157,4,1,0,0,D S,Barcelona,0,0.8804607316851616,4.874849751591682,4.736601546406746,La Liga,2026-2027
257,Jeremy Toljan,6,248,0,0.0941172689199447,1,0.0621753931045532,2,1,1,0,D S,Levante,0,0.0941172689199447,0.2123024333268404,0.1181851718574762,La Liga,2026-2027
375,Odisseas Vlachodimos,7,630,0,0.0,0,0.0,0,0,0,0,GK,Sevilla,0,0.0,0.0396209955215454,0.0396209955215454,La Liga,2026-2027
492,Héctor Bellerín,7,506,0,0.4141013920307159,0,0.8493807967752218,3,9,1,0,D S,Real Betis,0,0.4141013920307159,2.9315995778888464,1.976722216233611,La Liga,2026-2027
680,Thibaut Courtois,7,630,0,0.0,0,0.0,0,0,0,0,GK,Real Madrid,0,0.0,1.60773903131485,1.60773903131485,La Liga,2026-2027
900,Adama Traoré,5,123,0,0.0458243861794471,0,0.0,1,0,0,0,S,Deportivo La Coruna,0,0.0458243861794471,0.7197955772280693,0.6739711984992027,La Liga,2026-2027
1003,Pablo Maffeo,6,334,0,0.0533615369349718,0,0.146387405693531,2,2,1,0,D S,Valencia,0,0.0533615369349718,0.8405657932162285,0.7206941395998001,La Liga,2026-2027
1040,Angelino,1,59,0,0.0,0,0.0,0,0,0,1,D,Deportivo La Coruna,0,0.0,0.0640754029154777,0.0640754029154777,La Liga,2026-2027
1244,Wojciech Szczesny,1,39,0,0.0,0,0.0,0,0,0,0,S,Barcelona,0,0.0,0.318548321723938,0.318548321723938,La Liga,2026-2027
1302,Emil Audero,3,270,0,0.0,0,0.0172281991690397,0,1,0,0,GK,Rayo Vallecano,0,0.0,0.1869741976261139,0.1869741976261139,La Liga,2026-2027
1621,Marcos Alonso,5,413,0,0.2300834618508815,0,0.0,3,0,2,1,D,Celta Vigo,0,0.2300834618508815,1.4609661400318146,1.43320032954216,La Liga,2026-2027
1791,Trent Alexander-Arnold,4,206,0,0.1819270402193069,1,0.6990013867616653,3,6,0,0,D S,Real Madrid,0,0.1819270402193069,2.072226345539093,2.0550975799560547,La Liga,2026-2027
1830,Ionut Radu,7,630,0,0.0,0,0.0,0,0,1,0,GK,Celta Vigo,0,0.0,1.2099692523479462,1.2099692523479462,La Liga,2026-2027
2057,Ezequiel Ponce,3,115,0,0.1945467349141836,0,0.3189496695995331,3,1,0,0,F S,Elche,0,0.1945467349141836,0.8004068583250046,0.2869104444980621,La Liga,2026-2027
2163,Diego Llorente,2,128,0,0.0,0,0.0,0,0,0,0,D,Real Betis,0,0.0,0.0452919378876686,0.0452919378876686,La Liga,2026-2027
2183,Rubén García,7,381,0,0.2725378051400184,0,0.5722754001617432,6,7,1,0,M S,Osasuna,0,0.2725378051400184,0.9260770119726658,0.7094158306717873,La Liga,2026-2027
2198,Moi Gómez,4,249,0,0.0,1,0.6874298602342606,0,4,0,0,M S,Osasuna,0,0.0,1.0204280391335487,0.3329981788992882,La Liga,2026-2027
2229,Yuri,5,366,0,0.2908606901764869,0,0.6761321872472763,11,6,2,1,D,Athletic Club,0,0.2908606901764869,2.8337938711047173,2.6018393747508526,La Liga,2026-2027
2234,Mikel Oyarzabal,7,484,0,1.371817283332348,2,1.0929497592151165,11,10,1,0,F M S,Real Sociedad,0,1.371817283332348,2.8202965930104256,0.8250733651220798,La Liga,2026-2027
2252,Borja Mayoral,2,2,0,0.0,0,0.0,0,0,0,0,S,Getafe,0,0.0,0.0,0.0,La Liga,2026-2027
2255,Isco,7,335,0,1.400513332337141,0,0.6025542467832565,11,14,0,0,M S,Real Betis,0,1.400513332337141,3.6743514239788055,2.1623791018500924,La Liga,2026-2027
2261,Jan Oblak,7,630,0,0.0,0,0.0,0,0,0,0,GK,Atletico Madrid,0,0.0,0.93736607208848,0.93736607208848,La Liga,2026-2027
2269,Koke,7,353,0,0.1712514460086822,0,0.7286523394286633,2,8,0,0,M S,Atletico Madrid,0,0.1712514460086822,2.8763093650341034,2.6064990758895874,La Liga,2026-2027
2278,Giménez,7,423,0,0.2520581260323524,0,0.4366221912205219,5,3,1,0,D S,"Atletico Madrid,Deportivo La Coruna",0,0.2520581260323524,2.4265777729451656,2.4265777729451656,La Liga,2026-2027
2280,Jonny,6,517,0,0.0678850430995225,0,0.0842171148397028,2,2,0,0,D,Alaves,0,0.0678850430995225,1.4097236995585265,1.3492430616170168,La Liga,2026-2027
2308,Denis Suárez,6,277,0,0.6445108875632286,0,0.4360318183898926,2,10,1,0,M S,Alaves,0,0.6445108875632286,1.5435897819697857,0.7935939319431782,La Liga,2026-2027
2335,Pablo Fornals,6,462,0,0.5557286739349365,0,0.4547237586230039,9,12,0,0,M S,Real Betis,0,0.5557286739349365,2.08228600025177,1.450809195637703,La Liga,2026-2027
2353,Pedro Bigas,4,182,0,0.0183366760611534,0,0.0,1,0,0,0,D S,Elche,0,0.0183366760611534,1.1416017711162567,1.1232650578022003,La Liga,2026-2027
2385,Mat Ryan,6,540,0,0.0,0,0.0,0,0,0,0,GK,Levante,0,0.0,0.6753049790859222,0.6753049790859222,La Liga,2026-2027
2415,David Soria,7,630,0,0.0,0,0.02213666588068,0,1,0,0,GK,Getafe,0,0.0,0.5042392211034894,0.4821025552228093,La Liga,2026-2027
2417,Igor Zubeldia,5,391,0,0.0,0,0.0979948937892913,0,2,2,0,D S,Real Sociedad,0,0.0,0.4959214925765991,0.4959214925765991,La Liga,2026-2027
2446,Dani Ceballos,3,61,0,0.0447095520794391,0,0.0357969589531421,1,1,0,0,S,Real Betis,0,0.0447095520794391,0.682177234441042,0.6016706824302673,La Liga,2026-2027
2496,Rodri,6,360,0,0.8228511735796928,0,1.5227382592856884,4,5,1,0,M S,Barcelona,0,0.8228511735796928,5.6065689623355865,5.494570165872574,La Liga,2026-2027
2498,Aymeric Laporte,6,479,0,0.5960469245910645,0,0.0,2,0,0,0,D S,Athletic Club,0,0.5960469245910645,1.8567175175994637,1.8567175175994637,La Liga,2026-2027
2505,José Gayá,5,363,0,0.0330321565270423,0,0.0577862989157438,1,2,1,0,D S,Valencia,0,0.0330321565270423,0.7646778468042612,0.6738593876361847,La Liga,2026-2027
2518,Marcos Llorente,7,461,0,0.0915316939353942,1,0.4225920215249061,3,9,1,0,D M S,Atletico Madrid,0,0.0915316939353942,3.974216539412737,3.6259600538760415,La Liga,2026-2027
2543,Borja Iglesias,2,38,0,0.2424186617136001,0,0.045072603970766,2,1,0,0,S,Celta Vigo,0,0.2424186617136001,1.266569271683693,0.9790779948234558,La Liga,2026-2027
2551,Pepelu,7,580,0,0.1038964875042438,0,0.1085797771811485,2,2,1,0,D M,Valencia,0,0.1038964875042438,0.8587114736437798,0.8587114736437798,La Liga,2026-2027
2555,Remiro,6,540,0,0.0,0,0.0,0,0,0,0,GK,Real Sociedad,0,0.0,0.7770684342831373,0.7770684342831373,La Liga,2026-2027
2619,Stole Dimitrievski,7,630,0,0.0,0,0.0412126779556274,0,1,1,0,GK,Valencia,0,0.0,1.0314712524414062,0.9902586042881012,La Liga,2026-2027
3237,Aissa Mandi,6,515,0,0.0462536662817001,0,0.2485141009092331,1,2,2,0,D,Levante,0,0.0462536662817001,1.098704732954502,0.8039369620382786,La Liga,2026-2027
3635,Bernardo Silva,6,279,0,0.1400992721319198,1,0.2287682760506868,1,5,0,0,M S,Real Madrid,0,0.1400992721319198,1.7381021678447723,1.6749390065670011,La Liga,2026-2027
3721,Romain Del Castillo,2,31,0,0.0,0,0.0,0,0,0,0,S,Osasuna,0,0.0,0.0,0.0,La Liga,2026-2027
4052,Ximo Navarro,7,626,0,0.134370781481266,0,0.0365165658295154,3,1,2,0,D,Deportivo La Coruna,0,0.134370781481266,2.9642245918512344,2.9642245918512344,La Liga,2026-2027
4091,Unai López,7,572,0,0.2244267500936985,3,1.0782695738598704,5,16,2,0,M,Rayo Vallecano,0,0.2244267500936985,2.914269868284464,2.84363416582346,La Liga,2026-2027
4175,Pere Milla,5,50,0,0.0817241156473755,0,0.0,3,0,1,0,S,Espanyol,0,0.0817241156473755,0.1764793395996093,0.1349685341119766,La Liga,2026-2027
4193,Aitor Fernández,2,180,0,0.0,0,0.0,0,0,0,0,GK,Osasuna,0,0.0,0.0,0.0,La Liga,2026-2027
5043,Kiko Femenía,3,138,0,0.0,0,0.4289546906948089,0,1,0,1,D,Getafe,0,0.0,0.5738362669944763,0.1448815464973449,La Liga,2026-2027
5058,Carles Aleñá,6,113,0,0.0970924664288759,1,0.4841231741011143,2,2,0,0,M S,Alaves,0,0.0970924664288759,1.1747277099639175,1.152605541050434,La Liga,2026-2027
5062,Yeray Álvarez,4,321,0,0.1902664601802826,1,0.5935595631599426,3,2,0,0,D,Athletic Club,0,0.1902664601802826,1.7929493840783834,1.732245659455657,La Liga,2026-2027
5065,Diego Rico,2,105,0,0.0,0,0.048503465950489,0,1,0,0,D,Osasuna,0,0.0,0.1032003313302993,0.1032003313302993,La Liga,2026-2027
5073,Florian Lejeune,7,630,0,0.4857670096680522,0,0.0205781646072864,13,1,1,0,D,Rayo Vallecano,0,0.4857670096680522,1.4860627204179764,1.3975345864892006,La Liga,2026-2027
5081,Edu Expósito,7,563,0,0.7786507122218609,0,1.298945308662951,16,16,2,0,M S,Espanyol,0,0.7786507122218609,4.083911865949631,3.145657163113356,La Liga,2026-2027
5086,Marc Roca,5,427,0,0.137161124497652,1,1.2590122520923617,3,4,1,0,M,Real Betis,0,0.137161124497652,1.8504763301461933,1.7167334090918305,La Liga,2026-2027
5133,Aarón Martín,3,114,0,0.0,0,0.0738660916686058,0,3,0,0,D S,Racing Santander,0,0.0,0.3677724376320839,0.3677724376320839,La Liga,2026-2027
5173,Asier Villalibre,6,251,0,0.4898625835776329,1,0.3514554798603058,3,1,0,0,F S,Racing Santander,0,0.4898625835776329,0.7883651256561279,0.0561065375804901,La Liga,2026-2027
5185,Unai Simón,6,540,0,0.0,0,0.0,0,0,0,0,GK,Athletic Club,0,0.0,0.9198719393461944,0.9198719393461944,La Liga,2026-2027
5199,Raba,1,5,0,0.0180280916392803,0,0.0134637570008635,1,1,0,0,S,Valencia,0,0.0180280916392803,0.1143913194537162,0.1009275615215301,La Liga,2026-2027
5241,Péter Gulácsi,3,270,0,0.0,0,0.0,0,0,0,0,GK,Villarreal,0,0.0,0.816812165081501,0.816812165081501,La Liga,2026-2027
5666,Mouctar Diakhaby,4,290,0,0.1739212423563003,0,0.0,2,0,2,0,D S,Valencia,0,0.1739212423563003,0.1326435804367065,0.1326435804367065,La Liga,2026-2027
5672,Iván Balliu,6,195,0,0.0,0,0.0,0,0,0,0,D S,Rayo Vallecano,0,0.0,0.1654858160763979,0.1654858160763979,La Liga,2026-2027
5681,Giovani Lo Celso,1,2,0,0.0,0,0.0,0,0,0,0,S,Real Betis,0,0.0,0.0,0.0,La Liga,2026-2027
5682,Gonçalo Guedes,6,264,0,0.8367774691432714,0,0.3625304643064737,11,5,0,0,M S,Real Sociedad,0,0.8367774691432714,1.174272982403636,0.4429540187120437,La Liga,2026-2027
6075,Antonio Sivera,7,630,0,0.0,1,0.1713878810405731,0,1,1,0,GK,Alaves,0,0.0,1.3419620115309954,1.3419620115309954,La Liga,2026-2027
6088,Orel Mangala,7,553,0,0.1447181235998869,0,0.0182461095973849,3,2,1,0,M S,Getafe,0,0.1447181235998869,0.8155093342065811,0.7853844463825226,La Liga,2026-2027
6126,Ander Guevara,3,94,0,0.0,0,0.0153138441964983,0,1,0,0,M S,Alaves,0,0.0,0.0913151260465383,0.0913151260465383,La Liga,2026-2027
6149,Unai Núñez,5,431,0,0.0550813600420951,0,0.1637804582715034,2,3,0,0,D,Espanyol,0,0.0550813600420951,0.9720204640179873,0.8443207833915949,La Liga,2026-2027
6151,Djené Dakonam,7,605,0,0.0,0,0.0382532440125942,0,1,2,0,D,Getafe,0,0.0,1.2894373834133148,1.2894373834133148,La Liga,2026-2027
6168,Leandro Cabrera,4,360,0,0.1101482212543487,0,0.0,2,0,0,0,D,Espanyol,0,0.1101482212543487,1.879907421767712,1.879907421767712,La Liga,2026-2027
6224,Marko Dmitrovic,7,630,0,0.0,0,0.0,0,0,0,0,GK,Espanyol,0,0.0,2.556143432855606,2.556143432855606,La Liga,2026-2027
6241,Federico Valverde,7,577,0,0.2613279670476913,1,0.3467883467674255,6,5,0,0,M,Real Madrid,0,0.2613279670476913,4.061378736048937,3.782803881913424,La Liga,2026-2027
6242,Johan Mojica,6,491,0,0.2153709065169096,0,0.3628051169216633,5,8,3,0,D S,Getafe,0,0.2153709065169096,1.134210266172886,0.8948249872773886,La Liga,2026-2027
6306,Juan Foyth,3,270,0,0.1418230235576629,0,0.4167003631591797,4,1,2,0,D,Villarreal,0,0.1418230235576629,1.823896810412407,1.7713554054498672,La Liga,2026-2027
6326,Ibrahima Konaté,6,540,0,0.2996599823236465,0,0.1898056864738464,4,2,3,0,D,Real Madrid,0,0.2996599823236465,4.4461535811424255,4.113386809825897,La Liga,2026-2027
6400,Antonio Martínez,6,351,0,2.067206017673016,0,1.272668719291687,11,5,0,0,F S,Alaves,0,2.067206017673016,3.371043100953102,0.196515467017889,La Liga,2026-2027
6421,Brahim Diaz,3,98,0,0.1395609825849533,0,0.2035518139600753,1,3,0,0,M S,Real Madrid,0,0.1395609825849533,1.0738674402236938,0.7307546809315681,La Liga,2026-2027
6433,Jules Koundé,4,163,0,0.0,0,0.0482952650636434,0,2,0,0,D S,Barcelona,0,0.0,2.954808548092842,2.934723451733589,La Liga,2026-2027
6485,Júnior Firpo,2,153,0,0.0,0,0.0977740138769149,0,1,1,0,D,Real Betis,0,0.0,0.2086285538971424,0.1108545400202274,La Liga,2026-2027
6560,Aurelien Tchouameni,3,179,0,0.0831842478364706,0,0.2511325925588608,3,3,0,0,M S,Real Madrid,0,0.0831842478364706,1.3245019614696505,1.1290506795048714,La Liga,2026-2027
6637,Hugo Duro,7,246,0,0.3576956540346145,1,0.1413959246128797,5,3,0,0,F S,Valencia,0,0.3576956540346145,0.3435985334217548,0.0265157520771026,La Liga,2026-2027
6656,Sergio Gómez,7,594,0,0.1799928210675716,0,0.4558760393410921,4,8,1,0,D,Real Sociedad,0,0.1799928210675716,1.401573233306408,1.1801553294062614,La Liga,2026-2027
6749,Mujaid Sadick,3,166,0,0.0,0,0.0,0,0,0,0,D S,Rayo Vallecano,0,0.0,0.3491973727941513,0.3491973727941513,La Liga,2026-2027
6750,Gonzalo Villar,7,583,0,0.1661676913499832,1,1.1528992159292102,4,8,2,0,M,Elche,0,0.1661676913499832,1.8683394640684128,1.3483660221099854,La Liga,2026-2027
6759,Juan Cruz,7,244,0,0.0813149400055408,1,0.1270459294319152,4,1,1,0,F M S,Malaga,0,0.0813149400055408,0.5530267730355263,0.3796765655279159,La Liga,2026-2027
7020,Gorka Guruzeta,4,178,0,0.0630546435713768,0,0.4475347995758056,2,1,2,0,F S,Athletic Club,0,0.0630546435713768,0.5773334205150604,0.1099454686045646,La Liga,2026-2027
7050,Lucas Torró,5,221,0,0.0583116933703422,0,0.0221519842743873,1,1,0,0,M S,Osasuna,0,0.0583116933703422,0.2965336740016937,0.2743816897273063,La Liga,2026-2027
7070,Santiago Comesaña,7,393,0,0.5895065665245056,0,0.1421189652755856,1,6,2,0,M S,Villarreal,0,0.5895065665245056,2.46298173815012,1.806033845990896,La Liga,2026-2027
7086,David Hancko,7,544,0,0.4017005786299705,2,0.3636834658682346,8,3,1,0,D S,Atletico Madrid,0,0.4017005786299705,1.9564402848482128,1.5571150854229927,La Liga,2026-2027
7134,Marc Cucurella,7,426,0,0.0,0,0.1656370460987091,0,2,0,0,D S,Real Madrid,0,0.0,3.2761583868414164,3.2761583868414164,La Liga,2026-2027
7186,Juan Berrocal,2,91,0,0.0692912489175796,0,0.0,1,0,0,0,D S,Malaga,0,0.0692912489175796,0.0752772837877273,0.0752772837877273,La Liga,2026-2027
7218,Cristian Romero,4,275,0,0.2699675634503364,0,0.0,4,0,1,0,D S,Atletico Madrid,0,0.2699675634503364,1.8317191787064075,1.8110972829163077,La Liga,2026-2027
7258,Joaquín Muñoz,7,396,0,0.1979922000318765,0,0.2708955183625221,5,4,0,0,M S,Malaga,0,0.1979922000318765,0.3390869274735451,0.0630847699940204,La Liga,2026-2027
7306,Aihen Muñoz,2,36,0,0.0,0,0.0,0,0,0,0,S,Real Sociedad,0,0.0,0.017867662012577,0.017867662012577,La Liga,2026-2027
7359,Eduardo Camavinga,6,235,0,0.0,0,0.0,0,0,2,0,M S,Real Madrid,0,0.0,3.3577605485916138,3.3577605485916138,La Liga,2026-2027
7385,Javi Galán,6,234,0,0.0,0,0.2123361639678478,0,4,0,0,D S,Celta Vigo,0,0.0,0.3573063015937805,0.2787353172898292,La Liga,2026-2027
7529,Iván Martín,5,400,0,0.0687266141176223,0,0.4633755218237638,1,3,0,0,M S,Racing Santander,0,0.0687266141176223,1.547482430934906,1.462068647146225,La Liga,2026-2027
7546,Harvey Elliott,3,71,0,0.0719447284936904,0,0.1649613231420517,1,2,0,0,S,Valencia,0,0.0719447284936904,0.2516665756702423,0.0710552856326103,La Liga,2026-2027
7604,Alejandro Catena,6,540,0,0.0,0,0.0120716718956828,0,1,0,0,D,Osasuna,0,0.0,0.9919650889933108,0.9798934198915958,La Liga,2026-2027
7605,Manuel Sánchez,6,527,0,0.0147671597078442,0,0.095528557896614,1,1,0,0,D,Levante,0,0.0147671597078442,1.3537711538374424,1.3537711538374424,La Liga,2026-2027
7810,Ruben Vargas,1,15,0,0.0908168107271194,0,0.0,1,0,0,0,S,Sevilla,0,0.0908168107271194,0.0908168107271194,0.0,La Liga,2026-2027
7842,Aleix Febas,2,170,0,0.0163384079933166,0,0.0,1,0,0,0,M,Celta Vigo,0,0.0163384079933166,0.1277943402528762,0.1277943402528762,La Liga,2026-2027
7857,Jon Moncayola,7,496,0,0.0554085113108158,0,0.1312178671360016,2,1,3,0,M S,Osasuna,0,0.0554085113108158,1.0308596156537533,1.0000187568366528,La Liga,2026-2027
7859,Sergio Herrera,5,450,0,0.0,0,0.1013535410165786,0,1,2,0,GK,Osasuna,0,0.0,0.2579014096409082,0.1565478686243295,La Liga,2026-2027
7888,Nemanja Gudelj,5,367,0,0.1846384163945913,0,0.3923095427453518,5,2,2,0,D M S,Getafe,0,0.1846384163945913,0.4983369391411543,0.3968280553817749,La Liga,2026-2027
7916,Pol Lozano,3,28,0,0.0284752920269966,0,0.1193331554532051,1,2,1,0,S,Espanyol,0,0.0284752920269966,0.2692380547523498,0.1978419721126556,La Liga,2026-2027
8001,Takefusa Kubo,5,227,0,0.6456151753664017,0,0.133668415248394,2,3,0,0,M S,Real Sociedad,0,0.6456151753664017,0.8808033410459757,0.1204423941671848,La Liga,2026-2027
8042,Raul García,7,354,0,1.0395515579730272,1,0.5896504521369934,11,2,1,0,F M S,Osasuna,0,1.0395515579730272,1.6246236804872751,0.1813162714242935,La Liga,2026-2027
8045,Eric Garcia,6,472,0,0.179296288639307,0,0.5898402631282806,4,5,0,0,D,Barcelona,0,0.179296288639307,5.348868787288666,4.805562317371368,La Liga,2026-2027
8066,Arnaut Danjuma Groeneveld,7,531,0,1.0612537153065205,0,0.3616837784647941,15,7,0,0,F M S,Valencia,0,1.0612537153065205,1.837133564054966,0.6168694011867046,La Liga,2026-2027
8107,Jorge De Frutos,5,384,0,0.1309883743524551,1,0.3263629227876663,2,3,0,1,F M,Rayo Vallecano,0,0.1309883743524551,1.0438874661922457,0.5865361541509628,La Liga,2026-2027
8108,Daniel Cárdenas,3,207,0,0.0,0,0.0,0,0,0,0,GK S,Rayo Vallecano,0,0.0,0.5345075726509094,0.5345075726509094,La Liga,2026-2027
8122,Sergio Carreira,7,443,0,0.3631617613136768,0,0.5876803882420063,4,4,1,0,D S,Celta Vigo,0,0.3631617613136768,1.5802503153681755,0.7952572554349899,La Liga,2026-2027
8150,Anthony Gordon,6,417,0,2.357400342822075,4,1.650351818650961,12,7,0,0,F M S,Barcelona,0,2.357400342822075,5.049033910036087,1.1290897950530052,La Liga,2026-2027
8165,Lucien Agoume,7,630,0,0.1338067650794983,0,0.4035385139286518,5,2,2,0,M,Sevilla,0,0.1338067650794983,1.4911556169390678,0.9832271486520768,La Liga,2026-2027
8183,Pablo Martínez,5,301,0,0.0829122997820377,1,0.5297977644950151,3,8,1,0,M S,Malaga,0,0.0829122997820377,0.6199106462299824,0.4920547492802143,La Liga,2026-2027
8200,Logan Costa,1,85,0,0.0885902643203735,0,0.0,1,0,0,0,D,Villarreal,0,0.0885902643203735,0.0,0.0,La Liga,2026-2027
8267,Guido Rodríguez,4,322,0,0.062384720891714,0,0.0179016347974538,2,1,1,0,M,Valencia,0,0.062384720891714,0.4072068464010954,0.3774449303746223,La Liga,2026-2027
8284,Julen Lobete,1,4,0,0.0,0,0.0,0,0,0,0,S,Malaga,0,0.0,0.0329434238374233,0.0329434238374233,La Liga,2026-2027
8292,Dani Olmo,7,237,0,0.9023389015346766,3,2.9468913078308105,10,12,0,0,M S,Barcelona,0,0.9023389015346766,6.554781913757324,3.2869804948568344,La Liga,2026-2027
8423,Jon Pacheco Dozagarat,1,17,0,0.0,0,0.0,0,0,0,0,S,Real Sociedad,0,0.0,0.0,0.0,La Liga,2026-2027
8424,Aimar Oroz,3,156,0,0.1406084150075912,0,0.1186437271535396,2,3,0,0,F M S,Osasuna,0,0.1406084150075912,1.0938428342342377,0.9532344043254852,La Liga,2026-2027
8425,Giorgi Kochorashvili,5,178,0,0.1458322405815124,1,0.3796366453170776,4,1,1,0,M S,Sevilla,0,0.1458322405815124,0.1805497724562883,0.0548352673649787,La Liga,2026-2027
8500,Víctor García,5,220,0,0.3969394564628601,0,0.4939678497612476,1,2,0,0,M S,Levante,0,0.3969394564628601,0.8909072764217854,0.0,La Liga,2026-2027
8584,Raul Moro,5,165,0,0.3003012537956238,0,0.6888908073306084,4,3,0,0,M S,Osasuna,0,0.3003012537956238,0.7949065491557121,0.0,La Liga,2026-2027
8712,Miguel Rodriguez,3,5,0,0.0,0,0.0693579912185669,0,2,0,0,S,Alaves,0,0.0,0.0693579912185669,0.0,La Liga,2026-2027
8760,Arsen Zakharyan,3,8,0,0.0,0,0.0,0,0,0,0,S,Real Sociedad,0,0.0,0.0,0.0,La Liga,2026-2027
8764,Oriol Rey,6,470,0,0.0279749445617198,0,0.0131067121401429,1,1,0,0,M S,Levante,0,0.0279749445617198,1.0560147054493427,1.0429079867899418,La Liga,2026-2027
8861,Urko Gonzalez,7,463,0,0.015046052634716,0,0.0658164024353027,1,1,2,0,M S,Espanyol,0,0.015046052634716,2.190762262791395,2.190762262791395,La Liga,2026-2027
8893,Josan,3,17,0,0.0,1,0.3529816307127476,0,5,1,0,S,Elche,0,0.0,0.2649879977107048,0.0560929998755455,La Liga,2026-2027
8895,Tete Morente,7,393,0,0.1218563988804817,3,1.4299063608050346,5,5,1,0,D M S,Elche,0,0.1218563988804817,2.514649420976639,0.9785666167736052,La Liga,2026-2027
8902,José Salinas,6,360,0,0.0173797886818647,0,0.0323592498898506,1,1,1,0,D S,Malaga,0,0.0173797886818647,0.5839907303452492,0.5342516899108887,La Liga,2026-2027
8921,Iñigo Vicente,7,543,0,0.2075433600693941,2,1.908390812575817,4,16,2,0,M S,Racing Santander,0,0.2075433600693941,1.9839065205305813,0.9796043075621128,La Liga,2026-2027
8972,Victor Chust,7,630,0,0.4887095568701625,1,0.1405873298645019,4,2,0,0,D,Elche,0,0.4887095568701625,2.5236722603440285,2.212694309651852,La Liga,2026-2027
9198,Unai Marrero,1,90,0,0.0,0,0.0,0,0,0,0,GK,Real Sociedad,0,0.0,0.0905481800436973,0.0905481800436973,La Liga,2026-2027
9217,Jesús Vázquez,7,345,0,0.076790876686573,0,0.0698187500238418,2,1,0,0,D S,Valencia,0,0.076790876686573,0.4440544787794351,0.2974448502063751,La Liga,2026-2027
9241,Alfon,2,11,0,0.0324252098798751,0,0.020117737352848,1,1,0,0,S,Sevilla,0,0.0324252098798751,0.0324252098798751,0.0,La Liga,2026-2027
9247,Mario Soriano,8,583,0,0.300111873075366,2,1.2606235146522522,7,7,1,0,M S,Deportivo La Coruna,0,0.300111873075366,5.052797086536884,4.343550555408001,La Liga,2026-2027
9280,Antonio Blanco,7,530,0,0.2446950245648622,0,0.0674033835530281,7,2,3,0,M S,Alaves,0,0.2446950245648622,3.102485191076994,2.9918693751096725,La Liga,2026-2027
9297,Abdelkabir Abqar,2,91,0,0.0,0,0.0,0,0,0,0,D S,Getafe,0,0.0,0.0,0.0,La Liga,2026-2027
9381,Saba Sazonov,4,100,0,0.0396997965872287,0,0.0,1,0,1,0,D S,Getafe,0,0.0396997965872287,0.077953040599823,0.0382532440125942,La Liga,2026-2027
9444,Felix Correia,3,233,0,0.1267531216144561,1,0.7300010323524475,2,4,0,0,M,Sevilla,0,0.1267531216144561,0.7617756873369217,0.1023134216666221,La Liga,2026-2027
9465,Beñat Turrientes,4,260,0,0.1278261188417673,0,0.1595169324427843,4,4,1,0,M S,Real Sociedad,0,0.1278261188417673,1.0136467888951302,0.8184148948639631,La Liga,2026-2027
9477,Pablo Ramón,5,382,0,0.0273322314023971,0,0.0389663055539131,2,1,2,0,D S,Racing Santander,0,0.0273322314023971,0.7932925578206778,0.7659603301435709,La Liga,2026-2027
9520,Hugo Sotelo,4,95,0,0.0943543761968612,0,0.0,1,0,1,0,M S,Levante,0,0.0943543761968612,0.0224206112325191,0.0224206112325191,La Liga,2026-2027
9755,Inigo Ruiz de Galarreta,5,291,0,0.1044663079082965,1,0.6924175079911947,5,6,2,0,M S,Athletic Club,0,0.1044663079082965,1.3374566361308098,1.1862265951931477,La Liga,2026-2027
9768,Jesús Areso,5,348,0,0.0915577290579676,0,0.3390603084117174,2,6,1,0,D S,Athletic Club,0,0.0915577290579676,1.4369648601859808,1.0288090873509643,La Liga,2026-2027
9773,Joan García,6,501,0,0.0,0,0.0,0,0,0,0,GK,Barcelona,0,0.0,3.809680864214897,3.809680864214897,La Liga,2026-2027
9793,Matías Dituro,7,630,0,0.0,0,0.0,0,0,0,0,GK,Elche,0,0.0,1.0989788435399532,1.0989788435399532,La Liga,2026-2027
9804,Gavi,2,68,0,0.0,0,0.0808575972914695,0,1,0,0,M S,Barcelona,0,0.0,0.6049848794937134,0.5241272896528244,La Liga,2026-2027
9805,Álex Balde,1,7,0,0.0,0,0.2244419902563095,0,1,0,0,S,Barcelona,0,0.0,0.4706230461597442,0.2461810559034347,La Liga,2026-2027
9809,José Ángel Carmona,3,55,0,0.0466019511222839,0,0.0165115222334861,1,1,0,0,S,Sevilla,0,0.0466019511222839,0.0,0.0,La Liga,2026-2027
9810,Fran García,6,477,0,0.0,1,0.7042773589491844,0,6,1,0,D S,Real Betis,0,0.0,2.279438711702824,1.71512071788311,La Liga,2026-2027
9811,Óscar Valentín,7,375,0,0.0,0,0.1581825800240039,0,2,1,0,M S,Rayo Vallecano,0,0.0,1.881847009062767,1.8645788803696632,La Liga,2026-2027
9812,Isi Palazón,2,85,0,0.0471912994980812,0,0.0,1,0,0,0,M,Rayo Vallecano,0,0.0471912994980812,0.604228675365448,0.604228675365448,La Liga,2026-2027
9813,Randy Nteka,3,155,0,0.6639002822339535,0,0.0,3,0,0,0,F S,Rayo Vallecano,0,0.6639002822339535,0.637382984161377,0.092939555644989,La Liga,2026-2027
9815,Pathé Ciss,7,630,0,0.2105635218322277,0,0.0891597718000412,3,2,4,0,D M,Rayo Vallecano,0,0.2105635218322277,1.1841929629445076,1.1262030825018885,La Liga,2026-2027
9824,Julen Agirrezabala,7,630,0,0.0,0,0.0,0,0,0,0,GK,Racing Santander,0,0.0,0.7930730544030666,0.7930730544030666,La Liga,2026-2027
9825,Nicolás Serrano,1,4,0,0.0699954181909561,0,0.0,1,0,0,0,S,Athletic Club,0,0.0699954181909561,0.0699954181909561,0.0,La Liga,2026-2027
9839,Leo Román,8,720,0,0.0,0,0.0,0,0,0,0,GK,Deportivo La Coruna,0,0.0,2.863050442188978,2.863050442188978,La Liga,2026-2027
9840,Denzel Dumfries,6,424,0,0.6266797333955765,0,0.2062297388911247,6,4,1,0,D S,Real Madrid,0,0.6266797333955765,2.718640208244324,2.3994410634040837,La Liga,2026-2027
10067,Rubén Sánchez,3,88,0,0.0094188591465353,0,0.0,1,0,1,0,S,Elche,0,0.0094188591465353,0.1082752412185072,0.0988563820719719,La Liga,2026-2027
10078,Hugo Álvarez,5,280,0,0.1063788756728172,2,1.3795671239495275,1,5,0,0,D F S,Celta Vigo,0,0.1063788756728172,1.8907156586647036,0.9239329844713212,La Liga,2026-2027
10101,Carlos Martín,1,61,0,0.1210419535636901,0,0.0,2,0,0,0,M,Atletico Madrid,0,0.1210419535636901,0.1210419535636901,0.0,La Liga,2026-2027
10107,César Tárrega,5,322,0,0.1899663871154189,0,0.0,3,0,0,0,D S,Valencia,0,0.1899663871154189,0.531690675765276,0.518226919695735,La Liga,2026-2027
10121,Ilias Akhomach,7,179,0,0.106258412823081,2,1.7600704431533811,4,4,1,0,M S,Villarreal,0,0.106258412823081,3.08987136464566,1.2470564795657992,La Liga,2026-2027
10143,Bryan Zaragoza,4,137,0,0.0973811671137809,0,0.2035852074623108,4,3,0,0,M S,Espanyol,0,0.0973811671137809,0.92123481631279,0.6294425837695599,La Liga,2026-2027
10209,Jofre Carreras,3,9,0,0.1464172042906284,0,0.0,2,0,0,0,S,Espanyol,0,0.1464172042906284,0.2228295691311359,0.0764123722910881,La Liga,2026-2027
10300,Jeanuël Belocian,3,209,0,0.070685438811779,0,0.0,2,0,1,0,D S,Racing Santander,0,0.070685438811779,0.4303879514336586,0.4303879514336586,La Liga,2026-2027
10301,Jens Cajuste,1,1,0,0.0,0,0.0,0,0,0,0,S,Malaga,0,0.0,0.0,0.0,La Liga,2026-2027
10322,Javier Guerra,7,581,0,0.5160601511597633,1,1.0938589684665203,11,6,1,0,F M,Valencia,0,0.5160601511597633,1.664080385118723,0.6839785352349281,La Liga,2026-2027
10325,Juan Carlos Arana,3,66,0,0.2171456813812255,0,0.0,1,0,0,0,F S,Racing Santander,0,0.2171456813812255,0.2171456813812255,0.0,La Liga,2026-2027
10334,Kike Salas,5,450,0,0.2369071580469608,0,0.1162319257855415,6,2,1,1,D,Sevilla,0,0.2369071580469608,0.4946788176894188,0.3241158425807953,La Liga,2026-2027
10352,Johaneko Louis Jean,5,166,0,0.0129961771890521,0,0.0,1,0,1,0,D S,Athletic Club,0,0.0129961771890521,0.1481329500675201,0.1351367719471454,La Liga,2026-2027
10449,Vanja Drkusic,3,112,0,0.0,0,0.0,0,0,0,0,D S,Espanyol,0,0.0,0.1159879639744758,0.1159879639744758,La Liga,2026-2027
10494,Pablo Barrios Rivas,4,289,0,0.1318450942635536,1,0.3771083056926727,3,6,0,0,M S,Atletico Madrid,0,0.1318450942635536,1.1854697093367577,0.965887999162078,La Liga,2026-2027
10846,Julián Álvarez,3,71,0,0.7099707163870335,0,0.038959952071309,5,2,0,0,S,Atletico Madrid,0,0.7099707163870335,0.4879400506615639,0.142048941925168,La Liga,2026-2027
10858,Jorge Herrando,3,188,0,0.1308604478836059,0,0.0,2,0,1,0,D,Osasuna,0,0.1308604478836059,0.2533902022987604,0.2533902022987604,La Liga,2026-2027
10870,Williot Swedberg,6,315,0,1.1323687434196472,0,0.1899905353784561,4,3,0,0,F S,Celta Vigo,0,1.1323687434196472,1.5347344148904083,0.2370491940528154,La Liga,2026-2027
10875,Omar El Hilali,6,526,0,0.0,1,0.8930656462907791,0,3,1,1,D,Espanyol,0,0.0,2.983269795775413,2.113786354660988,La Liga,2026-2027
10903,Morten Hjulmand,7,347,0,0.1433374714106321,0,0.2753598466515541,3,8,1,0,M S,Atletico Madrid,0,0.1433374714106321,0.7233338877558708,0.5408610105514526,La Liga,2026-2027
10930,Etta Eyong,3,52,0,0.0768621638417244,1,0.4784444272518158,2,1,0,0,S,Levante,0,0.0768621638417244,0.5553065948188305,0.0,La Liga,2026-2027
10940,Giacomo Quagliata,8,659,0,0.4128806181252002,0,0.7198422085493803,6,6,1,0,D S,Deportivo La Coruna,0,0.4128806181252002,3.019640661776066,2.113032242283225,La Liga,2026-2027
10944,Fran Pérez,5,132,0,0.0292809028178453,0,0.02525713481009,1,1,1,1,M S,Rayo Vallecano,0,0.0292809028178453,0.0915472116321325,0.0370091721415519,La Liga,2026-2027
10949,Arnau Martinez,4,249,0,0.0246348865330219,0,0.0,1,0,1,0,D S,Valencia,0,0.0246348865330219,0.0246348865330219,0.0,La Liga,2026-2027
11057,André Almeida,3,120,0,0.0,0,0.0703336000442504,0,3,0,1,M S,Racing Santander,0,0.0,0.235047148540616,0.235047148540616,La Liga,2026-2027
11094,Antony,7,530,0,2.8045675083994865,0,0.466875278390944,32,8,0,0,F M S,Real Betis,0,2.8045675083994865,4.73432885017246,2.219688590615988,La Liga,2026-2027
11151,Marc Casadó,4,142,0,0.0,0,0.0,0,0,0,0,M S,Deportivo La Coruna,0,0.0,0.0504066944122314,0.0504066944122314,La Liga,2026-2027
11216,Rodrigo Mendoza,3,113,0,0.2838966399431228,0,0.0,5,0,0,0,M S,Atletico Madrid,0,0.2838966399431228,0.2298932895064354,0.0,La Liga,2026-2027
11253,Mamadou Sarr,2,151,0,0.0,0,0.0,0,0,0,0,D,Real Sociedad,0,0.0,0.0898306835442781,0.0898306835442781,La Liga,2026-2027
11264,Carlos Álvarez,1,51,0,0.0,0,0.0237714387476444,0,1,0,0,M,Levante,0,0.0,0.0237714387476444,0.0,La Liga,2026-2027
11266,Manu Bueno,2,21,0,0.0,0,0.0215732101351022,0,1,0,0,S,Sevilla,0,0.0,0.0215732101351022,0.0,La Liga,2026-2027
11282,Lorenzo Amatucci,7,630,0,0.0,1,0.2493201941251754,0,5,4,0,M,Deportivo La Coruna,0,0.0,2.863657273352146,2.863657273352146,La Liga,2026-2027
11343,Gabriel Suazo,7,630,0,0.0123102944344282,0,0.3058925941586494,1,9,2,0,D,Sevilla,0,0.0123102944344282,0.9752367306500672,0.872341075912118,La Liga,2026-2027
11349,Mario Martín,4,339,0,0.5231896787881851,0,0.026229903101921,6,1,2,1,M,Getafe,0,0.5231896787881851,0.4747271761298179,0.2678980380296707,La Liga,2026-2027
11383,Renato Veiga,8,720,0,0.5342059982940555,1,0.6470660492777824,3,3,2,0,D,Villarreal,0,0.5342059982940555,5.308183021843433,5.201836295425892,La Liga,2026-2027
11395,Iker Muñoz,6,480,0,0.1533698514103889,0,0.0899677071720361,2,3,1,0,M S,Osasuna,0,0.1533698514103889,0.9333047531545162,0.8457196652889252,La Liga,2026-2027
11402,Carlos Romero,5,382,0,0.3473866954445839,0,0.0702700046822428,4,2,1,0,D S,Villarreal,0,0.3473866954445839,2.714933030307293,2.367546330206096,La Liga,2026-2027
11740,Álvaro Vallés,7,630,0,0.0,0,0.1276781558990478,0,1,0,0,GK,Real Betis,0,0.0,1.6405884698033333,1.5129103437066078,La Liga,2026-2027
11744,Sergi Cardona,4,360,0,0.0835464708507061,0,0.5370966196060181,3,1,0,0,D,Villarreal,0,0.0835464708507061,3.0379481315612797,2.4368884563446045,La Liga,2026-2027
11788,Arouna Sangante,4,290,0,0.0,0,0.0269768126308918,0,1,0,1,D,Sevilla,0,0.0,0.2383027300238609,0.2113259136676788,La Liga,2026-2027
11825,Abderrahmane Rebbach,7,570,0,0.1597515698522329,0,0.0,5,0,3,0,D,Alaves,0,0.1597515698522329,1.2912773955613377,1.1315258336253464,La Liga,2026-2027
11826,Carlos Benavídez,3,136,0,0.1235379166901111,0,0.0236626211553812,3,1,0,0,M S,Alaves,0,0.1235379166901111,0.1985777672380209,0.1524143759161234,La Liga,2026-2027
11834,Adrià Alti,4,239,0,0.0,0,0.0304612424224615,0,1,0,1,D M S,Deportivo La Coruna,0,0.0,0.2778579965233803,0.2473967522382736,La Liga,2026-2027
11869,Gustavo Puerta,3,270,0,0.0745944902300834,0,0.5110450983047485,2,4,1,0,M,Racing Santander,0,0.0745944902300834,1.432128630578518,0.882454439997673,La Liga,2026-2027
11924,Clemens Riedel,6,358,0,0.0292814597487449,0,0.0,2,0,3,0,D S,Espanyol,0,0.0292814597487449,2.819306328892708,2.7900248616933823,La Liga,2026-2027
11943,Dean Huijsen,6,504,0,0.5117034148424864,0,0.1873666644096374,6,2,0,1,D,Real Madrid,0,0.5117034148424864,4.639457494020462,4.442659944295883,La Liga,2026-2027
11959,Matteo Prati,4,264,0,0.0,0,0.0961095765233039,0,2,0,0,M S,Racing Santander,0,0.0,0.6706392914056778,0.6508167758584023,La Liga,2026-2027
12005,Pau Cubarsí,5,429,0,0.2354785650968551,0,0.0,3,0,1,0,D,Barcelona,0,0.2354785650968551,4.706533133983612,4.690048724412918,La Liga,2026-2027
12171,Hector Fort,1,6,0,0.0,0,0.0,0,0,0,0,S,Real Sociedad,0,0.0,0.1321566104888916,0.1321566104888916,La Liga,2026-2027
12180,Javier Rodríguez,4,232,0,0.0230605155229568,0,0.0,1,0,0,0,D S,Celta Vigo,0,0.0230605155229568,0.5973767191171646,0.5743162035942078,La Liga,2026-2027
12182,Jon Aramburu,7,599,0,0.061309409327805,0,0.1018941793590784,4,4,3,0,D,Real Sociedad,0,0.061309409327805,1.036243592388928,0.93708573654294,La Liga,2026-2027
12189,Hugo Rincón,2,103,0,0.0,0,0.0,0,0,0,0,D S,Athletic Club,0,0.0,0.0569116324186325,0.0569116324186325,La Liga,2026-2027
12257,Rayane Belaid,1,20,0,0.0,0,0.0,0,0,0,0,S,Rayo Vallecano,0,0.0,0.0838077962398529,0.0838077962398529,La Liga,2026-2027
12263,Mikel Jauregizar,5,209,0,0.0613385401666164,0,0.0147356409579515,2,1,0,0,M S,Athletic Club,0,0.0613385401666164,0.8989997357130051,0.8229255601763725,La Liga,2026-2027
12297,David Otorbi,6,262,0,0.3053668327629566,0,0.3705686330795288,4,4,0,0,M S,Valencia,0,0.3053668327629566,1.1980162598192692,0.6230083331465721,La Liga,2026-2027
12298,Augusto Batalla,2,153,0,0.0,0,0.0,0,0,0,0,GK,Rayo Vallecano,0,0.0,0.02525713481009,0.02525713481009,La Liga,2026-2027
12322,Tajon Buchanan,8,398,0,1.266734953969717,0,0.8707200512290001,11,9,3,0,M S,Villarreal,0,1.266734953969717,4.006690725684166,2.4016923755407333,La Liga,2026-2027
12323,Johnny Cardoso,5,217,0,0.125946469604969,1,0.4698733687400818,3,1,1,0,M S,Atletico Madrid,0,0.125946469604969,2.503108534961939,1.9453848339617248,La Liga,2026-2027
12353,Jon Martín,6,456,0,0.1676658000797033,0,0.0651188641786575,3,1,0,1,D S,Real Sociedad,0,0.1676658000797033,0.3305273950099945,0.3305273950099945,La Liga,2026-2027
12472,Iñigo Arguibide,7,573,0,0.121407900005579,0,0.5570967942476273,3,2,0,0,D,Osasuna,0,0.121407900005579,1.2111214501783252,0.6989652691408992,La Liga,2026-2027
12537,Asier Osambela,5,286,0,0.0724703520536422,0,0.0650649890303611,2,1,1,0,D M S,Osasuna,0,0.0724703520536422,0.4267212152481079,0.3376893363893032,La Liga,2026-2027
12566,Alberto Risco,4,46,0,0.1295052645727992,0,0.0,2,0,0,0,S,Getafe,0,0.1295052645727992,0.5924646332859993,0.4778388142585754,La Liga,2026-2027
12620,Jonathan Asp Jensen,5,231,0,0.3493170216679573,0,0.0832660496234893,8,2,0,0,F M S,Deportivo La Coruna,0,0.3493170216679573,0.35430608689785,0.0,La Liga,2026-2027
12642,Yoel Lago,7,582,0,0.0502882860600948,0,0.0260315369814634,1,1,3,0,D S,Celta Vigo,0,0.0502882860600948,1.6001719534397123,1.5741404294967651,La Liga,2026-2027
12643,Javier Rueda,7,374,0,0.0972574837505817,0,0.7009110301733017,3,6,2,0,D S,Celta Vigo,0,0.0972574837505817,1.0664815790951252,0.3607487082481384,La Liga,2026-2027
12724,Adama Boiro,1,16,0,0.0,0,0.0,0,0,0,0,S,Athletic Club,0,0.0,0.1071871146559715,0.1071871146559715,La Liga,2026-2027
12790,Abel Bretones,7,525,0,0.0349396793171763,0,0.7271586880087852,2,3,2,0,D S,Osasuna,0,0.0349396793171763,1.0657401829957962,0.8005594108253717,La Liga,2026-2027
12820,Marc Bernal,7,284,0,0.5581030286848545,2,1.2117825001478195,4,7,0,0,M S,Barcelona,0,0.5581030286848545,4.012941151857376,2.8425848446786404,La Liga,2026-2027
12821,Gerard Martín,6,439,0,0.0874556526541709,0,0.0,1,0,1,0,D S,Barcelona,0,0.0874556526541709,5.963210396468639,5.963210396468639,La Liga,2026-2027
12863,Pedro Díaz,6,315,0,0.3801083825528621,0,0.4007370620965957,12,10,0,0,M S,Rayo Vallecano,0,0.3801083825528621,1.2571111842989922,0.692133529111743,La Liga,2026-2027
12864,Pelayo Fernández,2,65,0,0.0,0,0.0,0,0,0,0,D S,Rayo Vallecano,0,0.0,0.0,0.0,La Liga,2026-2027
12884,Endrick,1,2,0,0.1207723170518875,0,0.0,1,0,0,0,S,Real Madrid,0,0.1207723170518875,0.1207723170518875,0.0,La Liga,2026-2027
12893,Enzo Boyomo,3,206,0,0.0,0,0.0700481235980987,0,1,0,0,D S,Osasuna,0,0.0,0.1714016646146774,0.1013535410165786,La Liga,2026-2027
12903,Rafael Bauza,4,101,0,0.013394296169281,1,0.1214295998215675,1,1,1,0,M S,Espanyol,0,0.013394296169281,0.4711313471198082,0.336307443678379,La Liga,2026-2027
12914,Pau Navarro,3,262,0,0.0,0,0.0,0,0,0,0,D,Villarreal,0,0.0,2.99127334356308,2.99127334356308,La Liga,2026-2027
12917,Luiz Júnior,4,360,0,0.0,0,0.0,0,0,0,0,GK,Villarreal,0,0.0,1.0168173536658287,1.0168173536658287,La Liga,2026-2027
12994,Gabriel Moscardo,4,173,0,0.0882431827485561,0,0.0,2,0,1,0,M S,Espanyol,0,0.0882431827485561,0.329422578215599,0.241179384291172,La Liga,2026-2027
13001,Álvaro Djaló,1,5,0,0.0,0,0.0,0,0,0,0,S,Athletic Club,0,0.0,0.0,0.0,La Liga,2026-2027
13002,Iker Córdoba,3,94,0,0.0,0,0.0,0,0,0,0,S,Valencia,0,0.0,0.0776239186525344,0.0776239186525344,La Liga,2026-2027
13003,Santiago Mouriño,6,336,0,0.2708050087094307,0,0.7868856340646744,2,3,2,0,D S,Villarreal,0,0.2708050087094307,3.126006558537483,2.8975645899772644,La Liga,2026-2027
13035,Daniel Requena,3,107,0,0.0059044258669018,0,0.0,1,0,0,0,F S,Levante,0,0.0059044258669018,0.0486205602064728,0.042716134339571,La Liga,2026-2027
13123,Peio Canales,4,218,0,0.1565263494849205,0,0.3099036365747452,4,5,0,0,M S,Athletic Club,0,0.1565263494849205,0.6546947211027145,0.4595411568880081,La Liga,2026-2027
13278,Youssef Lekhedim,6,134,0,0.0153138441964983,0,0.1100914850831031,1,3,0,0,S,Alaves,0,0.0153138441964983,1.2277325317263603,1.1394919399172068,La Liga,2026-2027
13313,Nicolás Valentini,4,230,0,0.018492117524147,0,0.0232037864625453,1,1,1,0,D S,Alaves,0,0.018492117524147,0.7937629818916321,0.7937629818916321,La Liga,2026-2027
13361,Jones El Abdellaoui,3,160,0,0.3061533635482192,0,0.0,3,0,0,0,D F S,Celta Vigo,0,0.3061533635482192,0.3224917715415358,0.0163384079933166,La Liga,2026-2027
13374,Ángel Ortiz,2,124,0,0.0077351783402264,0,0.0817700698971748,1,3,1,0,D,Real Betis,0,0.0077351783402264,0.2522645443677902,0.1834183279424905,La Liga,2026-2027
13392,Andrés García,6,488,0,0.1751599200069904,0,0.1912585254758596,6,5,0,0,D F M S,Getafe,0,0.1751599200069904,0.7764416262507439,0.6074297726154327,La Liga,2026-2027
13417,Maroan Sannadi,3,66,0,0.632702648639679,0,0.0,2,0,0,0,S,Athletic Club,0,0.632702648639679,0.632702648639679,0.0,La Liga,2026-2027
13455,José Ángel López,1,90,0,0.0224631298333406,0,0.0943216979503631,1,2,0,0,D,Espanyol,0,0.0224631298333406,0.2520594000816345,0.1352745592594146,La Liga,2026-2027
13482,Luken Beitia,3,270,0,0.1842169314622879,0,0.4375027799978852,3,3,1,0,D,Real Sociedad,0,0.1842169314622879,0.2147378269582986,0.1662526596337556,La Liga,2026-2027
13483,Alex Marchal,4,94,0,0.1638789214193821,0,0.6377106048166752,3,2,0,0,S,Real Sociedad,0,0.1638789214193821,0.7653400264680386,0.021625243127346,La Liga,2026-2027
13533,Roger Hinojo,7,549,0,0.0534142181277275,0,0.136613568291068,1,2,2,0,D,Espanyol,0,0.0534142181277275,2.3824266009032726,2.3059606477618217,La Liga,2026-2027
13561,Yan Diomande,7,268,0,0.3829313144087791,1,0.6669749356806278,3,7,1,0,M S,Real Madrid,0,0.3829313144087791,2.423697754740715,1.5402959883213043,La Liga,2026-2027
13600,Andrés Castrín,6,479,0,0.5589372143149376,0,0.131232850253582,2,3,0,0,D S,Sevilla,0,0.5589372143149376,0.3756134565919637,0.3562699314206838,La Liga,2026-2027
13694,Jozhua Vertrouwd,2,121,0,0.0,0,0.0,0,0,0,0,D,Rayo Vallecano,0,0.0,0.1378692537546157,0.1378692537546157,La Liga,2026-2027
13696,Jean Valou,1,14,0,0.0,0,0.0,0,0,0,0,S,Getafe,0,0.0,0.0,0.0,La Liga,2026-2027
13727,Quilindschy Hartman,3,130,0,0.0,0,0.6019371449947357,0,4,0,0,M S,Espanyol,0,0.0,1.2790771573781967,1.2656828612089157,La Liga,2026-2027
13761,Filip Ugrinic,7,510,0,0.2795754633843899,0,0.2062515597790479,6,4,0,0,M S,Valencia,0,0.2795754633843899,1.036687009036541,0.6624294798821211,La Liga,2026-2027
13763,Aimar Blázquez,1,7,0,0.4738985002040863,0,0.0,1,0,0,0,S,Valencia,0,0.4738985002040863,0.4738985002040863,0.0,La Liga,2026-2027
13770,Paco Cortés,3,61,0,0.0651787221431732,0,0.0,1,0,0,0,M S,Levante,0,0.0651787221431732,0.0651787221431732,0.0,La Liga,2026-2027
13772,Nacho Pérez,5,305,0,0.3976705372333526,0,0.1006952226161956,1,2,0,0,D S,Levante,0,0.3976705372333526,0.1667764261364936,0.066081203520298,La Liga,2026-2027
13788,Davinchi,4,100,0,0.0188965518027544,0,0.0437643602490425,1,1,2,0,D S,Getafe,0,0.0188965518027544,0.1023607086390256,0.0396997965872287,La Liga,2026-2027
13790,Joselu Pérez,1,3,0,0.0,0,0.0,0,0,0,0,S,Getafe,0,0.0,0.0,0.0,La Liga,2026-2027
13809,Giorgi Tsitaishvili,4,196,0,0.7389473766088486,0,0.4838268086314201,6,2,1,0,M S,Rayo Vallecano,0,0.7389473766088486,1.4122035503387451,0.2064885944128036,La Liga,2026-2027
13836,Álvaro Núñez,3,266,0,0.053841158747673,0,0.0054172724485397,2,1,0,0,D,Celta Vigo,0,0.053841158747673,0.2498743012547493,0.2095696479082107,La Liga,2026-2027
13837,David Affengruber,3,270,0,0.5557593554258347,0,0.0490003265440464,5,1,0,0,D,Elche,0,0.5557593554258347,1.313000500202179,1.2967220805585384,La Liga,2026-2027
13838,Ali Houary,3,200,0,1.1243287082761526,0,0.4434623420238495,5,3,1,0,M,Elche,0,1.1243287082761526,0.9390429258346558,0.0834225788712501,La Liga,2026-2027
13840,Martim Neto,4,159,0,0.1222017761319875,0,0.1461656577885151,3,3,0,0,M S,Elche,0,0.1222017761319875,0.5862730145454407,0.3619282282888889,La Liga,2026-2027
13841,Federico Redondo,5,332,0,0.0909273698925972,0,0.6702471785247326,1,2,1,1,D,Elche,0,0.0909273698925972,1.1976436078548431,1.1465922594070437,La Liga,2026-2027
13845,Valentín Gómez,3,259,0,0.0,0,0.3270527953281998,0,2,1,0,D S,Real Betis,0,0.0,0.8514370322227478,0.8358897268772125,La Liga,2026-2027
13904,Abdoulaye Faye,1,48,0,0.0,0,0.0,0,0,0,0,D,Celta Vigo,0,0.0,0.0,0.0,La Liga,2026-2027
13936,Jon Gorrotxategi,5,127,0,0.0,0,0.0,0,0,0,0,M S,Real Sociedad,0,0.0,0.1133755296468734,0.1133755296468734,La Liga,2026-2027
13996,Tani Oluwaseyi,5,54,0,0.0425790175795555,0,0.1455990821123123,1,2,0,0,S,Villarreal,0,0.0425790175795555,0.1142562106251716,0.0315325371921062,La Liga,2026-2027
14001,Nelson Deossa,7,306,0,0.6245007365942001,1,0.7261685878038406,14,5,0,0,M S,Real Betis,0,0.6245007365942001,2.341293904930353,1.1033609956502914,La Liga,2026-2027
14042,Dominik Livakovic,1,90,0,0.0,0,0.0,0,0,0,0,GK,Barcelona,0,0.0,0.2673935294151306,0.2673935294151306,La Liga,2026-2027
14059,Alemão,6,99,0,0.8351947739720345,0,0.0,6,0,2,0,S,Rayo Vallecano,0,0.8351947739720345,0.4405134953558445,0.0613822601735591,La Liga,2026-2027
14074,Javi Hernández,7,576,0,0.7302806079387665,4,2.026864094659686,11,13,1,0,F M,Espanyol,0,0.7302806079387665,3.009432690218091,1.0890498775988815,La Liga,2026-2027
14122,Pedro Felipe,3,80,0,0.0,0,0.0,0,0,1,0,D S,Racing Santander,0,0.0,0.2171456813812255,0.2171456813812255,La Liga,2026-2027
14221,Carlos Macià,4,40,0,0.0,0,0.0,0,0,0,0,S,Villarreal,0,0.0,0.6802204251289368,0.6802204251289368,La Liga,2026-2027
14222,Aitor Mañas,4,85,0,0.0,0,0.0787613987922668,0,1,0,0,F S,Alaves,0,0.0,0.102424019947648,0.0236626211553812,La Liga,2026-2027
14233,Dani Martinez,1,90,0,0.4704098701477051,0,0.0,1,0,0,0,D,Atletico Madrid,0,0.4704098701477051,0.1483689695596695,0.1483689695596695,La Liga,2026-2027
14258,Kareem Tunde,1,9,0,0.0,0,0.0,0,0,0,0,S,Levante,0,0.0,0.0,0.0,La Liga,2026-2027
14260,Xanet Oláiz,1,6,0,0.0,0,0.0,0,0,0,0,S,Alaves,0,0.0,0.5497019290924072,0.5497019290924072,La Liga,2026-2027
14323,Julio Díaz,4,80,0,0.0,0,0.3430064022541046,0,2,0,0,M S,Sevilla,0,0.0,0.4742590188980102,0.1312525868415832,La Liga,2026-2027
14324,Iker Luque,3,131,0,0.0667489860206842,0,0.023884018883109,2,1,0,0,M S,Racing Santander,0,0.0667489860206842,0.085513636469841,0.0324884615838527,La Liga,2026-2027
14342,Petar Ratkov,2,70,0,0.1024090647697448,0,0.0,1,0,0,0,F S,Levante,0,0.1024090647697448,0.1024090647697448,0.0,La Liga,2026-2027
14362,Hugo Burcio,2,16,0,0.250002309679985,0,0.0608019083738327,2,1,0,0,S,Celta Vigo,0,0.250002309679985,0.8070098608732224,0.4962056279182434,La Liga,2026-2027
14387,Zaid Romero,6,523,0,0.1365871876478195,0,0.026492279022932,1,1,0,1,D,Getafe,0,0.1365871876478195,1.305061601102352,1.141982153058052,La Liga,2026-2027
14389,Sebastián Boselli,5,115,0,0.0,0,0.0,0,0,1,0,D S,Getafe,0,0.0,0.1241917610168457,0.1241917610168457,La Liga,2026-2027
14392,Ángel Pérez,7,502,0,1.0636142380535605,3,2.8394444920122623,9,10,0,0,D S,Alaves,0,1.0636142380535605,4.081670746207237,2.2032801881432533,La Liga,2026-2027
14393,Thiago Fernández,4,302,0,0.7133502122014761,0,0.1631712652742862,6,2,0,0,F M,Levante,0,0.7133502122014761,0.941479180008173,0.1268754694610834,La Liga,2026-2027
14396,Alexander Freeman,6,308,0,0.1450731828808784,0,0.1152575891464948,3,4,0,0,D S,Villarreal,0,0.1450731828808784,4.019973747432232,3.810266315937042,La Liga,2026-2027
14400,Lucas Cepeda,7,213,0,0.4044739827513695,2,0.9007244873791932,9,5,2,0,F S,Elche,0,0.4044739827513695,2.293588623404503,1.1671176105737686,La Liga,2026-2027
14440,Álvaro Fidalgo,2,25,0,0.0,0,0.0,0,0,0,0,S,Real Betis,0,0.0,0.0,0.0,La Liga,2026-2027
14500,Andrés Antañón,1,65,0,0.1333201080560684,0,0.0,1,0,0,0,F,Celta Vigo,0,0.1333201080560684,0.1333201080560684,0.0,La Liga,2026-2027
14555,Javier Morcillo,5,303,0,0.0147623810917139,0,0.0988563820719719,1,1,0,0,M S,Elche,0,0.0147623810917139,1.6653643231838942,1.5517455320805311,La Liga,2026-2027
14607,Nico Guillén,2,92,0,0.0340840630233287,0,0.0,1,0,1,0,M S,Sevilla,0,0.0340840630233287,0.0340840630233287,0.0,La Liga,2026-2027
14683,Robbie Ure,7,386,0,0.6076166704297066,1,0.2457225583493709,7,4,1,0,F S,Sevilla,0,0.6076166704297066,0.9810684360563756,0.1277292296290397,La Liga,2026-2027
14686,Álvaro Mantilla,6,517,0,0.4277900159358978,0,0.0530251748859882,2,1,2,0,D,Racing Santander,0,0.4277900159358978,1.2048914041370151,0.7240762021392584,La Liga,2026-2027
14687,Jorge Salinas,7,541,0,0.1379484208300709,0,0.2301352098584175,2,3,2,0,D S,Racing Santander,0,0.1379484208300709,0.9821105897426604,0.7917649745941162,La Liga,2026-2027
14690,Diego Díaz,1,7,0,0.0,0,0.0,0,0,0,0,S,Racing Santander,0,0.0,0.0,0.0,La Liga,2026-2027
14691,Facu González,5,249,0,0.0,0,0.0,0,0,1,0,D S,Racing Santander,0,0.0,0.5352151989936829,0.5352151989936829,La Liga,2026-2027
14692,Manu Hernando,5,406,0,0.1196734029799699,0,0.0,3,0,1,0,D S,Racing Santander,0,0.1196734029799699,0.3804291039705276,0.3804291039705276,La Liga,2026-2027
14693,Íñigo Sainz-Maza,2,85,0,0.0,0,0.2171456813812255,0,1,0,0,M S,Racing Santander,0,0.0,0.568601131439209,0.568601131439209,La Liga,2026-2027
14702,Marc Santos,1,21,0,0.0,0,0.0,0,0,0,0,S,Levante,0,0.0,0.0,0.0,La Liga,2026-2027
14706,Lucas Noubi,6,540,0,0.0,0,0.024993123486638,0,1,1,0,D,Deportivo La Coruna,0,0.0,2.63560002297163,2.63560002297163,La Liga,2026-2027
14707,Bright Ede,4,285,0,0.1557421572506427,0,0.0,2,0,1,0,D S,Deportivo La Coruna,0,0.1557421572506427,0.9903265684843064,0.9903265684843064,La Liga,2026-2027
14708,Bil Nsongo,8,487,0,0.686833213083446,0,0.3909434378147125,11,3,1,0,F M S,Deportivo La Coruna,0,0.686833213083446,2.1039330698549747,1.1779148932546375,La Liga,2026-2027
14710,David Mella,3,125,0,0.3340671360492706,0,0.0651904046535492,2,1,0,0,M S,Deportivo La Coruna,0,0.3340671360492706,0.4416319355368614,0.0423743948340415,La Liga,2026-2027
14711,Kevin Sánchez,1,4,0,0.0,0,0.0,0,0,0,0,S,Deportivo La Coruna,0,0.0,0.0,0.0,La Liga,2026-2027
14713,Teun Gijselhart,1,23,0,0.0,0,0.082022801041603,0,1,0,0,S,Deportivo La Coruna,0,0.0,0.082022801041603,0.0,La Liga,2026-2027
14714,Miguel Loureiro,5,213,0,0.0,0,0.0,0,0,0,0,D S,Deportivo La Coruna,0,0.0,1.2139139026403427,1.2139139026403427,La Liga,2026-2027
14715,Riki Rodríguez,5,306,0,0.0651904046535492,0,0.0121361343190073,1,1,0,0,M,Deportivo La Coruna,0,0.0651904046535492,1.2318119183182716,1.1544853821396828,La Liga,2026-2027
14717,Umaru,1,20,0,0.0,0,0.0,0,0,1,0,S,Elche,0,0.0,0.0,0.0,La Liga,2026-2027
14718,Álvaro Padilla,1,8,0,0.0,0,0.0,0,0,0,0,S,Elche,0,0.0,0.0,0.0,La Liga,2026-2027
14719,Matia Barzic,1,6,0,0.0,0,0.0,0,0,0,0,S,Elche,0,0.0,0.0,0.0,La Liga,2026-2027
14721,Jorge Domínguez,1,50,0,0.0,0,0.0,0,0,1,0,D,Atletico Madrid,0,0.0,0.0,0.0,La Liga,2026-2027
14722,Arnau Ortiz,5,139,0,0.5260943025350571,0,0.2455483675003051,2,5,0,0,M S,Atletico Madrid,0,0.5260943025350571,0.2676092237234115,0.0,La Liga,2026-2027
14724,Alfonso Herrero,7,630,0,0.0,0,0.0,0,0,1,0,GK,Malaga,0,0.0,0.5751464478671551,0.5751464478671551,La Liga,2026-2027
14725,Carlos Puga,6,350,0,0.0127684511244297,0,0.1232751347124576,1,2,2,0,D S,Malaga,0,0.0127684511244297,0.4327425546944141,0.3094674348831177,La Liga,2026-2027
14726,Einar Galilea,6,479,0,0.0,0,0.0,0,0,2,0,D,Malaga,0,0.0,0.5164141990244389,0.5164141990244389,La Liga,2026-2027
14727,Ángel Recio,7,630,0,0.1410863799974322,0,0.0206629429012537,4,1,0,0,D,Malaga,0,0.1410863799974322,1.0008526165038347,0.9708023238927126,La Liga,2026-2027
14728,Rafita,7,560,0,0.0356945432722568,0,0.0547850504517555,1,1,1,0,D S,Malaga,0,0.0356945432722568,0.8810675106942654,0.8810675106942654,La Liga,2026-2027
14729,Izan Merino,6,428,0,0.0303817056119442,0,0.110339380800724,1,3,0,0,M S,Malaga,0,0.0303817056119442,0.3578742742538452,0.3020505867898464,La Liga,2026-2027
14730,David Larrubia,7,573,0,0.5764919854700565,0,0.5296763069927692,12,10,3,0,F M S,Malaga,0,0.5764919854700565,1.4797939509153366,0.7433755379170179,La Liga,2026-2027
14731,Dani Lorenzo,6,422,0,0.5335064977407455,0,0.1969023793935775,2,4,1,0,M S,Malaga,0,0.5335064977407455,0.6726548187434673,0.5414972566068172,La Liga,2026-2027
14733,Eneko Jauregi,2,58,0,0.082160972058773,0,0.0,1,0,1,0,F S,Malaga,0,0.082160972058773,0.0,0.0,La Liga,2026-2027
14734,Ramón Enríquez,7,92,0,0.0,0,0.0688081998378038,0,2,3,0,S,Malaga,0,0.0,0.3555478788912296,0.3555478788912296,La Liga,2026-2027
14735,Rafa Rodríguez,4,164,0,0.2104581892490387,0,0.0464143548160791,7,2,0,0,M S,Malaga,0,0.2104581892490387,0.4086560141295194,0.2530393972992897,La Liga,2026-2027
14736,Haitam Abaida,2,29,0,0.2747760154306888,0,0.0440937206149101,3,1,0,0,S,Malaga,0,0.2747760154306888,0.1047360002994537,0.0,La Liga,2026-2027
14741,Facundo Bernal,7,419,0,0.1479983776807785,0,0.0298292934894561,6,1,1,0,M S,Real Betis,0,0.1479983776807785,1.4350216276943684,1.313421543687582,La Liga,2026-2027
14777,Beñat Gerenabarrena,5,372,0,0.0323582179844379,0,0.0569116324186325,1,1,2,0,M S,Athletic Club,0,0.0323582179844379,1.1803046576678753,1.091034796088934,La Liga,2026-2027
14800,Justin de Haas,3,223,0,0.0230620540678501,0,0.1537960767745971,1,2,2,0,D,Valencia,0,0.0230620540678501,1.4040160924196243,1.2271579653024671,La Liga,2026-2027
14801,Ryunosuke Sato,5,302,0,0.3421536758542061,0,0.044952493160963,5,1,2,0,M S,Valencia,0,0.3421536758542061,0.4835580084472894,0.0964518506079912,La Liga,2026-2027
14802,Aliou Dieng,5,220,0,0.0,0,0.0246348865330219,0,1,0,0,M S,Valencia,0,0.0,0.0609704628586769,0.0609704628586769,La Liga,2026-2027
14893,Francho Serrano,5,358,0,0.0267306752502918,0,0.0,2,0,1,0,M S,Getafe,0,0.0267306752502918,0.2566988077014684,0.2299681324511766,La Liga,2026-2027
14895,Óscar López,2,7,0,0.0,0,0.0,0,0,0,0,S,Getafe,0,0.0,0.0,0.0,La Liga,2026-2027
14907,Hamza Abdelkarim,1,1,0,0.0,0,0.0,0,0,0,0,S,Barcelona,0,0.0,0.0705461204051971,0.0705461204051971,La Liga,2026-2027
14915,Jonathan Dubasin,7,241,0,1.061453938484192,0,0.1425231397151947,4,2,0,0,M S,Osasuna,0,1.061453938484192,0.8505957014858723,0.302058320492506,La Liga,2026-2027
14916,Unai Santos,2,164,0,0.0744916349649429,0,0.0,1,0,0,0,D,Osasuna,0,0.0744916349649429,0.5733860731124878,0.5733860731124878,La Liga,2026-2027
14917,Ifeanyi Ndukwe,2,38,0,0.0,0,0.0,0,0,0,0,S,Levante,0,0.0,0.0,0.0,La Liga,2026-2027
14924,Yeremay Hernández,7,181,0,0.1900665909051895,1,0.2936611771583557,2,1,2,0,M S,Deportivo La Coruna,0,0.1900665909051895,0.8654041960835457,0.6753376051783562,La Liga,2026-2027
14930,Giorgi Guliashvili,4,51,0,0.4057344198226928,0,0.0,1,0,0,0,S,Racing Santander,0,0.4057344198226928,0.4220513701438904,0.0163169577717781,La Liga,2026-2027
14936,Nathan Saliba,5,387,0,0.3007507622241974,0,0.1902269423007965,5,2,0,0,M S,Villarreal,0,0.3007507622241974,3.1749245822429657,2.9522600769996643,La Liga,2026-2027
14983,Yanis Musuayi,2,51,0,0.042716134339571,0,0.0,1,0,0,0,S,Levante,0,0.042716134339571,0.042716134339571,0.0,La Liga,2026-2027
15026,Rockson Yeboah,3,206,0,0.0,0,0.0149925462901592,0,1,1,0,D S,Osasuna,0,0.0,0.0628952011466026,0.0628952011466026,La Liga,2026-2027
15028,Gnangoro,5,186,0,0.0245713610202074,0,0.0619020760059356,1,3,1,0,M S,Rayo Vallecano,0,0.0245713610202074,0.2363817747682333,0.1715602241456508,La Liga,2026-2027
15033,Couhaib Driouech,3,53,0,0.0603700447827577,0,0.1429620385169983,2,2,1,0,S,Celta Vigo,0,0.0603700447827577,0.6469245161861181,0.4578896537423134,La Liga,2026-2027
15064,Sebastián Cáceres,2,180,0,0.0147119583562016,0,0.0,1,0,0,0,D,Celta Vigo,0,0.0147119583562016,0.4010765254497528,0.3863645642995834,La Liga,2026-2027
15066,Roy Revivo,4,270,0,0.3938417434692383,2,0.7776886522769928,1,3,0,0,D S,Elche,0,0.3938417434692383,1.5404300093650818,0.7323081344366074,La Liga,2026-2027
9749,Donyell Malen,5,352,6,5.8672687113285065,0,0.4971594214439392,20,7,1,0,F,Roma,6,5.8672687113285065,7.501896485686302,1.3149362411350012,Serie A,2026-2027
7006,Lautaro Martínez,4,325,4,4.770701169967651,0,0.8546852171421051,22,6,2,0,F,Inter,4,4.770701169967651,4.416922667995095,1.0518342684954405,Serie A,2026-2027
9539,Antonio Raimondo,5,427,4,3.0122673138976097,0,0.43326485902071,14,3,2,0,F,Frosinone,4,3.0122673138976097,3.455183818936348,0.0854327473789453,Serie A,2026-2027
14794,Gustavo Varela,4,341,4,2.6201901733875275,0,1.1076453179121015,11,6,1,0,F,Monza,3,1.85889133810997,3.715979993343353,0.8248954266309738,Serie A,2026-2027
4981,Davide Frattesi,5,386,3,1.749478042125702,0,0.991567760705948,8,5,0,0,M S,Lazio,3,1.749478042125702,3.198252499103546,0.5833569439128041,Serie A,2026-2027
8163,Daniel Maldini,5,378,3,2.063562158495188,0,0.562257930636406,10,5,0,0,F M,Cagliari,2,1.3022633139044046,1.5630778297781944,0.7366410195827484,Serie A,2026-2027
11882,Giorgi Kvernadze,5,445,3,1.7348382025957108,1,1.3913454227149489,13,12,1,0,M,Frosinone,3,1.7348382025957108,3.451414570212364,1.2320981323719025,Serie A,2026-2027
11978,Diego Moreira,3,127,3,0.8720810413360596,0,0.0,5,0,0,0,D S,AC Milan,3,0.8720810413360596,1.5681852120906117,0.6961041409522295,Serie A,2026-2027
13072,Vasilije Adzic,5,226,3,1.6974174827337265,1,0.8090071827173233,11,12,0,0,M S,Sassuolo,3,1.6974174827337265,2.4634398072957997,1.1067548990249634,Serie A,2026-2027
13847,Franco Mastantuono,5,385,3,2.3416033685207367,0,0.789076954126358,22,10,1,0,F M,Fiorentina,3,2.3416033685207367,3.430962076410651,1.0141446124762297,Serie A,2026-2027
189,Hakan Calhanoglu,3,136,2,0.0891002807766199,0,0.5502183437347412,3,5,1,0,M S,Inter,2,0.0891002807766199,2.352625072002411,1.9783773459494116,Serie A,2026-2027
3291,Adrien Rabiot,5,306,2,0.9657443966716528,2,0.3615340925753116,4,3,0,0,M S,AC Milan,2,0.9657443966716528,2.940570404753089,2.029208768159151,Serie A,2026-2027
3334,Lassana Coulibaly,5,450,2,1.5806555859744549,1,0.1439524563029408,6,5,0,0,F M,Lecce,2,1.5806555859744549,2.3379743844270706,0.9174525812268256,Serie A,2026-2027
3729,Hassane Kamara,5,432,2,0.6947631435468793,1,0.2793080992996692,9,3,0,0,D,Udinese,2,0.6947631435468793,1.685519862920046,0.7372812665998936,Serie A,2026-2027
5992,Marcus Thuram,4,224,2,3.358635738492012,2,1.011175747960806,15,6,0,0,F S,Inter,2,3.358635738492012,4.738861083984375,1.659905970096588,Serie A,2026-2027
6960,Bremer,5,450,2,1.0640088319778442,0,0.6640757210552692,4,5,0,0,D,Juventus,2,1.0640088319778442,0.950844906270504,0.8549584299325943,Serie A,2026-2027
7482,Kouadio Kone,5,329,2,1.0707238763570786,0,0.2951509822160005,6,6,1,0,M S,Roma,2,1.0707238763570786,2.75623220205307,1.6747097000479698,Serie A,2026-2027
7700,Che Adams,3,196,2,0.8535634912550449,0,0.1491836309432983,3,2,0,0,F S,Torino,2,0.8535634912550449,1.0553425252437592,0.2551664896309376,Serie A,2026-2027
9762,Milutin Osmajic,4,293,2,1.098447795957327,0,0.5027314461767673,6,4,0,0,F S,Genoa,2,1.098447795957327,1.7603426799178123,0.1591634340584278,Serie A,2026-2027
9965,Matìas Soulè Malvano,5,280,2,2.1045790556818247,1,0.5145326089113951,16,5,0,0,M S,Roma,2,2.1045790556818247,5.529041111469269,3.181347757577896,Serie A,2026-2027
9993,Jurgen Ekkelenkamp,5,439,2,1.1471973359584808,1,0.5566869415342808,14,2,0,0,M,Udinese,2,1.1471973359584808,2.894063949584961,1.3427411019802094,Serie A,2026-2027
10328,Edon Zhegrova,4,67,2,0.5323749203234911,1,0.9293685406446456,5,8,0,0,S,Juventus,2,0.5323749203234911,0.7910058423876762,0.0377443805336952,Serie A,2026-2027
11055,Rasmus Højlund,5,375,2,1.4979403465986252,0,0.0145792383700609,8,1,0,0,F,Napoli,2,1.4979403465986252,1.587333695963025,0.1702947383746504,Serie A,2026-2027
11418,Alphadjo Cissè,4,233,2,0.4805211424827575,0,0.1358801964670419,7,2,1,0,M S,AC Milan,2,0.4805211424827575,1.1007331311702728,0.4952341616153717,Serie A,2026-2027
11470,Niccolò Pisilli,4,146,2,0.7807044386863708,0,0.2051678597927093,3,3,1,0,M S,Roma,2,0.7807044386863708,1.6171734482049942,0.7118231542408466,Serie A,2026-2027
12030,Tasos Douvikas,5,323,2,3.6228500455617914,0,0.348161406815052,13,5,0,0,F S,Como,2,3.6228500455617914,3.787815600633621,0.5794073306024075,Serie A,2026-2027
12081,Assane Diao,5,341,2,0.7972423285245895,1,1.5659523531794548,10,13,1,0,M S,Como,2,0.7972423285245895,3.635944217443466,1.4359873160719872,Serie A,2026-2027
12378,Tijjani Noslin,4,177,2,1.832009805366397,0,0.0463177487254142,5,1,0,0,F S,Lazio,2,1.832009805366397,2.732021391391754,0.9798440635204316,Serie A,2026-2027
13396,Tiago Gabriel,4,243,2,1.2188577353954315,0,0.0,2,0,0,0,D S,Lecce,2,1.2188577353954315,0.8004751950502396,0.8004751950502396,Serie A,2026-2027
13446,Mateo Pellegrino,5,355,2,0.7397412545979023,0,0.3293623402714729,5,6,1,0,F S,Fiorentina,2,0.7397412545979023,1.667515343055129,0.5984117537736893,Serie A,2026-2027
13934,Martin Baturina,5,285,2,0.5963130090385675,1,0.4272240623831749,11,4,1,0,M,Como,2,0.5963130090385675,2.2617266476154327,1.497566983103752,Serie A,2026-2027
14003,Francesco Pio Esposito,5,298,2,2.307159185409546,1,0.5023978799581528,13,4,0,0,F S,Inter,2,2.307159185409546,3.25453382730484,0.545040987432003,Serie A,2026-2027
14808,David Romero,4,167,2,0.9650033116340636,0,0.0,8,0,0,0,F S,Parma Calcio 1913,2,0.9650033116340636,0.9650033116340636,0.0,Serie A,2026-2027
447,Kevin De Bruyne,5,257,1,0.7088299104943871,1,1.3613394275307655,5,13,0,0,M S,Napoli,1,0.7088299104943871,3.355715423822403,2.67877796292305,Serie A,2026-2027
1386,Piotr Zielinski,5,356,1,0.6200557816773653,1,0.784995935857296,10,3,0,0,M S,Inter,1,0.6200557816773653,3.234069347381592,2.2239934131503105,Serie A,2026-2027
1409,Nicolò Barella,5,450,1,0.6207426376640797,1,1.7724017798900604,8,13,1,0,M,Inter,1,0.6207426376640797,5.204698592424393,4.529863595962524,Serie A,2026-2027
1424,Federico Bernardeschi,5,368,1,0.908880970440805,0,1.529411405324936,12,7,0,0,F M S,Bologna,1,0.908880970440805,2.396535275503993,0.6516029052436352,Serie A,2026-2027
1473,Matteo Politano,5,346,1,0.4666620194911957,1,0.9428509175777436,3,6,1,0,F M,Napoli,1,0.4666620194911957,2.2832721807062626,1.7018621154129503,Serie A,2026-2027
1612,Domenico Berardi,4,213,1,1.0234300270676613,0,0.2516331523656845,9,4,0,0,F M S,Sassuolo,1,1.0234300270676613,1.983877494931221,1.0178338289260864,Serie A,2026-2027
1814,Giacomo Calo,5,439,1,0.5122215300798416,1,1.2191248834133148,8,21,0,0,M,Frosinone,1,0.5122215300798416,2.2935329601168637,1.7867121323943138,Serie A,2026-2027
1958,Mattia Zaccagni,5,447,1,2.2699383348226547,2,1.8946239054203036,16,8,2,0,F,Lazio,0,1.508639544248581,3.993689805269241,1.462707992643118,Serie A,2026-2027
2662,Christian Pulisic,2,111,1,0.4556236565113067,1,1.2596366703510284,3,6,1,0,M S,AC Milan,1,0.4556236565113067,1.821274697780609,1.052600383758545,Serie A,2026-2027
3821,Rolando Mandragora,5,294,1,0.356170505285263,1,0.1623979918658733,8,6,0,0,M S,"Fiorentina,Torino",1,0.356170505285263,1.1961739510297775,1.0490568950772283,Serie A,2026-2027
6125,Stanislav Lobotka,5,443,1,0.4451947603374719,0,0.4028684180229902,4,3,0,0,M,Napoli,1,0.4451947603374719,2.271397821605205,1.8655096869915724,Serie A,2026-2027
6136,Mario Hermoso,5,424,1,0.1496104001998901,0,1.0967543981969357,2,6,2,0,D,Roma,1,0.1496104001998901,4.807531714439392,3.77672715485096,Serie A,2026-2027
6253,Gianluca Scamacca,5,263,1,0.3375979326665401,0,0.2487622387707233,6,4,0,0,F S,Atalanta,1,0.3375979326665401,0.8134704381227493,0.3026122711598873,Serie A,2026-2027
6414,Yann Bisseck,4,277,1,0.5463771522045135,0,0.1140876654535532,5,3,0,0,D S,Inter,1,0.5463771522045135,1.44137941300869,0.8812697939574718,Serie A,2026-2027
6718,Andrea Colpani,4,256,1,1.073977313935757,0,0.6406841035932302,6,6,0,0,F M S,Monza,1,1.073977313935757,1.515436314046383,0.4940945319831371,Serie A,2026-2027
7074,Nicolás González,4,228,1,0.3308699652552604,0,0.2496138401329517,8,5,0,0,D M S,Juventus,1,0.3308699652552604,0.4216644093394279,0.1039398955181241,Serie A,2026-2027
7234,John Yeboah,5,382,1,2.465276405215264,0,1.3471614718437197,13,10,0,0,F S,Venezia,1,1.703977569937706,3.0546763986349106,0.628586595878005,Serie A,2026-2027
7375,Roberto Piccoli,5,366,1,1.7570508494973185,0,0.1198771111667156,10,3,1,0,F,Bologna,1,1.7570508494973185,1.9083869941532607,0.5484653450548649,Serie A,2026-2027
7500,Giacomo Raspadori,4,179,1,0.4085751324892044,0,0.1440212838351726,8,3,0,0,F S,Atalanta,1,0.4085751324892044,0.5911489296704531,0.2826691586524248,Serie A,2026-2027
7969,Sebastiano Esposito,2,144,1,0.3629574812948704,0,0.7712806761264801,4,4,0,0,F,Sassuolo,1,0.3629574812948704,1.454908311367035,0.7721179574728012,Serie A,2026-2027
7988,Billy Gilmour,3,187,1,0.0963314548134803,0,0.0,2,0,0,0,M S,Napoli,1,0.0963314548134803,2.0059536695480347,1.955912709236145,Serie A,2026-2027
8341,Lazar Samardzic,5,258,1,0.6140834158286452,0,0.3305095490068197,10,7,0,0,M S,Atalanta,1,0.6140834158286452,0.99169300775975,0.3919208645820617,Serie A,2026-2027
9061,Pontus Almqvist,5,72,1,0.4112688601016998,1,0.3354258257895708,1,3,1,0,S,Parma Calcio 1913,1,0.4112688601016998,0.8201416432857513,0.073446974158287,Serie A,2026-2027
9071,Matteo Cancellieri,5,300,1,0.7689223969355226,0,0.5893561374396086,7,5,1,0,F S,Lazio,1,0.7689223969355226,2.120936542749405,0.7898073494434357,Serie A,2026-2027
9806,Ricardo Mangas,5,376,1,1.116548316553235,2,1.0373100508004427,3,8,0,0,D F,Monza,1,1.116548316553235,4.233649216592312,2.139836274087429,Serie A,2026-2027
9969,Teun Koopmeiners,5,121,1,0.1616878751665353,1,0.4502857029438019,5,1,0,0,M S,Juventus,1,0.1616878751665353,0.1564283743500709,0.0575053952634334,Serie A,2026-2027
9985,Johan Vásquez,4,348,1,0.1041757147759199,0,0.0580067187547683,3,1,0,1,D,Genoa,1,0.1041757147759199,0.8992321193218231,0.7986909821629524,Serie A,2026-2027
10084,Cristian Volpato,3,189,1,0.2464981749653816,0,0.8351967036724091,5,8,1,0,F,Sassuolo,1,0.2464981749653816,0.9399782717227936,0.4862669184803962,Serie A,2026-2027
10241,Antonio Vergara,3,138,1,1.0263417661190033,1,0.475740572437644,3,2,1,0,M S,Napoli,1,1.0263417661190033,1.671673722565174,0.1695914063602686,Serie A,2026-2027
10366,Albert Gudmundsson,4,107,1,0.3855462968349457,0,0.9306812714785336,6,7,1,0,F S,"Fiorentina,Lazio",1,0.3855462968349457,1.3162275403738022,0.0487932413816452,Serie A,2026-2027
10404,Éderson,5,419,1,0.1340387146919965,0,0.1465241685509681,5,2,0,0,M,Atalanta,1,0.1340387146919965,1.0396768786013126,0.83792370185256,Serie A,2026-2027
10881,James Abankwah,5,440,1,0.4437234029173851,0,0.0535205360502004,2,2,1,0,D,Udinese,1,0.4437234029173851,1.8721990175545216,1.8721990175545216,Serie A,2026-2027
10891,Carlos Augusto,3,147,1,0.132370263338089,1,0.4830057844519615,2,4,0,0,D S,Inter,1,0.132370263338089,1.4243430495262146,0.9998609647154808,Serie A,2026-2027
10993,Federico Gatti,1,1,1,0.4502857029438019,0,0.0,1,0,1,0,S,Juventus,1,0.4502857029438019,0.065250389277935,0.065250389277935,Serie A,2026-2027
11023,Josh Doig,5,417,1,0.1796961296349764,0,0.4602200333029032,4,5,0,0,D,Sassuolo,1,0.1796961296349764,2.2950384616851807,1.9852434694767,Serie A,2026-2027
11541,Nico Paz,5,427,1,1.5697270035743711,1,1.352516632527113,27,10,0,0,M,Como,1,1.5697270035743711,4.00810232758522,2.78780435025692,Serie A,2026-2027
11736,Artem Dovbyk,3,76,1,1.030492827296257,0,0.3945821523666382,4,1,1,0,S,Bologna,1,1.030492827296257,1.8531720489263532,0.4280970394611358,Serie A,2026-2027
11767,Gonçalo Ramos,5,447,1,2.329848550260067,1,0.6264547053724527,14,4,0,0,F,AC Milan,1,2.329848550260067,4.211195493116975,1.3178513273596764,Serie A,2026-2027
11783,Akor Adams,5,417,1,1.5804618820548058,0,0.0232425164431333,17,2,0,0,F,Venezia,1,1.5804618820548058,2.026816710829735,0.4863941073417663,Serie A,2026-2027
11902,Pietro Comuzzo,4,339,1,0.6325240731239319,0,0.0772845223546028,2,2,0,0,D,Torino,1,0.6325240731239319,1.843276150524616,1.484776236116886,Serie A,2026-2027
12008,Nikola Krstovic,5,187,1,0.8423242019489408,0,0.0638332450762391,6,3,1,0,F S,Atalanta,1,0.8423242019489408,1.1147610722109675,0.2174112126231193,Serie A,2026-2027
12168,Alejandro Jiménez,4,293,1,0.3661427795886993,1,0.5275014098733664,3,6,1,0,D S,Fiorentina,1,0.3661427795886993,1.788729377090931,1.2693048864603045,Serie A,2026-2027
12436,Jacobo Ramón,5,450,1,1.4136273507028818,0,0.5223944326862693,4,3,0,0,D,Como,1,1.4136273507028818,3.266304388642311,2.750764101743698,Serie A,2026-2027
12784,Ange-Yoan Bonny,4,62,1,1.052764616906643,0,0.0,3,0,0,0,S,Inter,1,1.052764616906643,1.204061180353165,0.1512965559959411,Serie A,2026-2027
12785,Antoine Hainaut,5,447,1,0.890985632315278,1,1.6460535302758217,6,7,0,0,D,Venezia,1,0.890985632315278,2.556200474500656,0.7154368460178375,Serie A,2026-2027
12853,Jesper Karlström,5,450,1,0.3241366120055318,0,0.0737985223531723,3,4,2,0,M,Udinese,1,0.3241366120055318,1.700753364712,1.6174388267099855,Serie A,2026-2027
12874,Richie Sagrado,4,163,1,1.0449923910200596,0,0.0,4,0,0,0,D S,Venezia,1,1.0449923910200596,1.0742517206817863,0.1074287388473749,Serie A,2026-2027
13052,Francisco Conceição,5,374,1,1.520641963928938,1,0.6041135936975479,12,8,1,0,M,Juventus,1,1.520641963928938,2.0358266681432724,0.4158053882420063,Serie A,2026-2027
13342,Alessandro Romano,5,446,1,0.1989654954522848,0,0.327183248475194,7,3,0,0,M,Cagliari,1,0.1989654954522848,0.7434112094342709,0.5969892665743828,Serie A,2026-2027
13582,Jay Robinson,4,240,1,0.7280638795346022,0,0.0984758138656616,6,2,0,0,M S,Monza,1,0.7280638795346022,2.8842669427394867,2.0577272772789,Serie A,2026-2027
13811,Idrissa Gueye,4,177,1,1.3636165484786034,0,0.1628216132521629,10,3,0,0,F S,Udinese,1,1.3636165484786034,2.102445773780346,0.6181367412209511,Serie A,2026-2027
13878,Olaf Gorter,2,112,1,0.0621552281081676,0,0.0295129306614398,1,1,0,0,M,Lecce,1,0.0621552281081676,0.0621552281081676,0.0,Serie A,2026-2027
13955,Jakub Piotrowski,3,150,1,0.3408645167946815,0,0.221136525273323,4,3,2,0,M,Udinese,1,0.3408645167946815,0.6007622219622135,0.3094933852553367,Serie A,2026-2027
14085,Cas Odenthal,1,90,1,0.5228176116943359,0,0.0121200596913695,1,1,0,0,D,Sassuolo,1,0.5228176116943359,0.7770265936851501,0.2542089819908142,Serie A,2026-2027
14403,Sandro Kulenovic,3,52,1,0.3749625086784363,0,0.0,3,0,0,0,S,Torino,1,0.3749625086784363,0.4441373348236084,0.0691748186945915,Serie A,2026-2027
14417,Kieron Bowie,5,297,1,1.5745534524321556,0,0.845339335501194,9,8,0,0,F S,Sassuolo,1,1.5745534524321556,2.37851420044899,0.6867436170578003,Serie A,2026-2027
14445,Paul Mendy,5,370,1,1.2306996062397957,0,0.161022369749844,9,3,0,0,F,Cagliari,1,1.2306996062397957,1.4791351407766342,0.0994926588609814,Serie A,2026-2027
14798,Kaiki,3,107,1,0.7763784341514111,0,0.1346234604716301,4,3,0,0,D S,Como,1,0.7763784341514111,1.1017125211656094,0.3783737234771251,Serie A,2026-2027
14804,Simone Lontani,5,327,1,0.6596158072352409,0,0.453470230102539,5,1,0,0,F M S,Parma Calcio 1913,1,0.6596158072352409,0.7220967262983322,0.1972617506980896,Serie A,2026-2027
14888,Gabriele Bracaglia,5,426,1,0.4976526144891977,1,0.5389738641679287,7,6,3,0,D,Frosinone,1,0.4976526144891977,2.837754726409912,2.112468592822552,Serie A,2026-2027
14918,Rodrigo Mora,4,170,1,1.0425245761871338,0,0.8695764727890491,9,4,0,0,M S,Roma,1,1.0425245761871338,1.8830506354570389,0.5114014744758606,Serie A,2026-2027
15079,Exequiel Zeballos,1,24,1,0.0578765645623207,0,0.0,2,0,0,0,S,Monza,1,0.0578765645623207,0.0480223894119262,0.0480223894119262,Serie A,2026-2027
116,Florian Grillitsch,1,5,0,0.0,0,0.0,0,0,0,0,S,Frosinone,0,0.0,0.0,0.0,Serie A,2026-2027
308,Ricardo Rodríguez,1,16,0,0.0,0,0.0,0,0,0,0,S,Torino,0,0.0,0.0,0.0,Serie A,2026-2027
317,Henrikh Mkhitaryan,1,63,0,0.5902351140975952,0,0.11342054605484,6,2,1,0,M,Inter,0,0.5902351140975952,0.8706099987030029,0.3474019765853882,Serie A,2026-2027
342,Sead Kolasinac,4,240,0,0.0197435095906257,0,0.0,1,0,0,0,D S,Atalanta,0,0.0197435095906257,0.0773372426629066,0.0773372426629066,Serie A,2026-2027
546,David de Gea,5,450,0,0.0,0,0.2939338088035583,0,1,1,0,GK,Fiorentina,0,0.0,0.6595944166183472,0.36566062271595,Serie A,2026-2027
586,John Stones,3,97,0,0.0950693972408771,0,0.0,2,0,0,0,D S,Inter,0,0.0950693972408771,0.8240441009402275,0.8240441009402275,Serie A,2026-2027
688,Ruben Loftus-Cheek,5,213,0,0.2918129172176122,0,1.189262628555298,5,8,1,0,M S,AC Milan,0,0.2918129172176122,1.001408603042364,0.3415125645697117,Serie A,2026-2027
697,Nemanja Matic,5,404,0,0.0918680354952812,1,0.9963381737470628,4,7,1,0,M,Sassuolo,0,0.0918680354952812,3.800132244825363,3.4380087107419968,Serie A,2026-2027
971,Harry Winks,5,419,0,0.1766465175896883,0,0.0,4,0,0,0,M,Cagliari,0,0.1766465175896883,1.1894295662641523,1.0997772589325905,Serie A,2026-2027
1053,Keinan Davis,4,267,0,0.4454020261764526,2,1.074964702129364,6,5,1,0,F,Udinese,0,0.4454020261764526,1.6848227977752686,0.6600044472143054,Serie A,2026-2027
1093,Mattia Perin,1,1,0,0.0,0,0.0,0,0,0,0,S,Juventus,0,0.0,0.0,0.0,Serie A,2026-2027
1102,Giovanni Simeone,5,342,0,0.9633775427937508,0,0.0762375071644783,9,1,0,0,F S,Torino,0,0.9633775427937508,1.4576447159051895,0.4529876001179218,Serie A,2026-2027
1122,Manuel Locatelli,3,270,0,0.5725479125976562,1,0.1077702268958091,2,6,1,0,M,Juventus,0,0.5725479125976562,1.039353847503662,0.438145637512207,Serie A,2026-2027
1134,Mario Pasalic,4,177,0,0.0,0,0.0780334025621414,0,2,0,0,M S,Atalanta,0,0.0,0.3650828972458839,0.2870494909584522,Serie A,2026-2027
1148,Duván Zapata,2,10,0,0.0,0,0.0,0,0,0,0,S,Torino,0,0.0,0.0,0.0,Serie A,2026-2027
1168,Bryan Cristante,5,425,0,0.4280400052666664,0,0.0514278672635555,8,1,0,0,M,Roma,0,0.4280400052666664,4.604396000504494,4.311288550496101,Serie A,2026-2027
1178,Davide Zappacosta,3,196,0,0.0752059966325759,0,0.0,2,0,0,0,D S,Atalanta,0,0.0752059966325759,0.3698644191026687,0.2946584224700928,Serie A,2026-2027
1193,Lorenzo De Silvestri,1,30,0,0.0,0,0.0,0,0,0,0,S,Bologna,0,0.0,0.0,0.0,Serie A,2026-2027
1247,Juan Jesus,2,109,0,0.0,0,0.0,0,0,1,0,D S,Venezia,0,0.0,0.0175031553953886,0.0175031553953886,Serie A,2026-2027
1252,Stephan El Shaarawy,2,54,0,0.0,0,0.0,0,0,0,0,S,Genoa,0,0.0,0.1014323011040687,0.1014323011040687,Serie A,2026-2027
1294,Paulo Dybala,5,413,0,1.864550694823265,4,4.2060305923223495,18,20,0,0,F M,Roma,0,1.864550694823265,8.697067379951477,3.4297453463077545,Serie A,2026-2027
1304,Moise Kean,4,152,0,0.6091385632753372,1,0.3828045949339866,6,2,0,0,F S,"Como,Fiorentina",0,0.6091385632753372,1.0260204821825027,0.3426725380122661,Serie A,2026-2027
1305,Lukasz Skorupski,4,360,0,0.0,0,0.0,0,0,0,0,GK,Bologna,0,0.0,0.7595455795526505,0.7595455795526505,Serie A,2026-2027
1324,Federico Dimarco,5,322,0,0.7568998038768768,1,1.8747487589716911,7,14,0,0,D M S,Inter,0,0.7568998038768768,3.003049459308386,1.0769444219768047,Serie A,2026-2027
1489,Franck Kessié,3,170,0,0.5844284892082214,0,0.0773372426629066,3,2,1,0,M S,Atalanta,0,0.5844284892082214,1.2030409276485443,0.6020414233207703,Serie A,2026-2027
1496,Roberto Gagliardini,2,18,0,0.0,0,0.0575808249413967,0,1,0,0,S,Cagliari,0,0.0,0.0575808249413967,0.0,Serie A,2026-2027
1500,Leonardo Spinazzola,4,300,0,0.140087891370058,0,0.2946517933160066,3,5,0,0,D S,Napoli,0,0.140087891370058,1.4565214961767197,1.0446362271904943,Serie A,2026-2027
1634,Alessandro Deiola,5,445,0,0.2644155025482178,0,0.0,1,0,2,0,D M,Cagliari,0,0.2644155025482178,1.057858608663082,1.057858608663082,Serie A,2026-2027
1710,Marten de Roon,2,28,0,0.0,0,0.0336115285754203,0,1,0,0,S,Roma,0,0.0,0.1468378901481628,0.1132263541221618,Serie A,2026-2027
1725,Christian Kabasele,3,215,0,0.6011047959327698,0,0.0,2,0,0,0,D S,Udinese,0,0.6011047959327698,1.066066563129425,1.066066563129425,Serie A,2026-2027
1892,Alex Meret,3,270,0,0.0,0,0.0,0,0,0,0,GK,Napoli,0,0.0,0.1064000930637121,0.1064000930637121,Serie A,2026-2027
1898,Stefano Sabelli,1,47,0,0.0,0,0.0,0,0,0,0,M,Genoa,0,0.0,0.1184943467378616,0.1184943467378616,Serie A,2026-2027
2250,Luka Modric,5,320,0,0.0,0,0.531991982832551,0,5,0,0,M S,AC Milan,0,0.0,2.2477651573717594,2.2477651573717594,Serie A,2026-2027
2521,Alfonso,4,112,0,0.0321657909080386,0,0.0396322254091501,2,2,0,0,D S,Lazio,0,0.0321657909080386,0.2919081896543503,0.2493079751729965,Serie A,2026-2027
2624,Djibril Sow,5,323,0,0.1043898984789848,1,0.2775759678333998,1,8,1,0,M S,Genoa,0,0.1043898984789848,0.7695360481739044,0.6651461496949196,Serie A,2026-2027
3363,Benjamin Pavard,2,117,0,0.0446873940527439,0,0.1342850476503372,1,1,0,0,D S,Inter,0,0.0446873940527439,1.8397682905197144,1.7054831981658936,Serie A,2026-2027
3544,Jeremie Boga,3,102,0,0.0181249007582664,0,0.065250389277935,1,2,0,0,M S,Juventus,0,0.0181249007582664,0.0833752900362014,0.0,Serie A,2026-2027
3737,Mike Maignan,5,450,0,0.0,0,0.0,0,0,0,0,GK,AC Milan,0,0.0,0.6684796120971441,0.6684796120971441,Serie A,2026-2027
4291,Marc-Oliver Kempf,2,111,0,0.0432732217013835,0,0.0201421380043029,2,1,0,0,D S,Como,0,0.0432732217013835,0.5838598012924194,0.5838598012924194,Serie A,2026-2027
4895,Andrea Pinamonti,4,106,0,0.1056073904037475,0,0.0,1,0,0,0,F S,Lazio,0,0.1056073904037475,0.2270033061504364,0.1213959157466888,Serie A,2026-2027
4911,Alessio Zerbin,4,75,0,0.1495431810617447,0,0.0201567411422729,2,1,0,0,S,Frosinone,0,0.1495431810617447,0.4826856702566147,0.312985748052597,Serie A,2026-2027
4918,Patrick Cutrone,4,191,0,0.7677075602114201,0,0.3798321262001991,4,4,0,0,M S,Monza,0,0.7677075602114201,1.4578680992126465,0.3905982915312052,Serie A,2026-2027
4920,Matteo Gabbia,2,15,0,0.0,0,0.0,0,0,0,0,S,AC Milan,0,0.0,0.0,0.0,Serie A,2026-2027
4939,Alessandro Bastoni,5,400,0,0.2099708877503872,0,0.6634716540575027,3,5,1,0,D,Inter,0,0.2099708877503872,3.974235840141773,3.561862835660577,Serie A,2026-2027
4952,Filippo Delli Carri,2,28,0,0.0,0,0.0,0,0,0,0,S,Monza,0,0.0,0.3400780856609344,0.3400780856609344,Serie A,2026-2027
4984,Wladimiro Falcone,5,450,0,0.0,0,0.0,0,0,1,0,GK,Lecce,0,0.0,0.0255656512454152,0.0255656512454152,Serie A,2026-2027
5136,Estupiñán,5,281,0,0.4185331529006362,0,0.0724187195301055,5,2,1,0,D S,AC Milan,0,0.4185331529006362,1.2272895760834217,1.0630115512758491,Serie A,2026-2027
5311,Vincent Sierro,3,190,0,0.0495785698294639,0,0.3882497251033783,1,1,0,0,M S,Parma Calcio 1913,0,0.0495785698294639,1.015345185995102,0.6270954422652721,Serie A,2026-2027
5360,Weston McKennie,2,177,0,0.2655916810035705,0,0.1079718023538589,3,1,0,0,M,Juventus,0,0.2655916810035705,0.5352016985416412,0.2460304498672485,Serie A,2026-2027
5560,Scott McTominay,2,150,0,0.175654349848628,0,0.1099831089377403,2,2,0,0,M,Napoli,0,0.175654349848628,0.8833670914173126,0.5977296307682991,Serie A,2026-2027
5610,Jean Butez,4,360,0,0.0,0,0.0,0,1,0,0,GK,Como,0,0.0,0.9736139699816704,0.9736139699816704,Serie A,2026-2027
5712,Diego Carlos,3,223,0,0.0574417747557163,0,0.0,1,0,0,0,D,Parma Calcio 1913,0,0.0574417747557163,1.281901091337204,1.281901091337204,Serie A,2026-2027
5743,Randal Kolo Muani,5,450,0,1.2342319712042809,1,0.2143498957157135,11,3,0,0,F,Juventus,0,1.2342319712042809,1.542789191007614,1.0471520945429802,Serie A,2026-2027
6122,Douglas Luiz,5,431,0,0.2387560317292809,0,0.8354422617703676,11,7,1,0,M,Juventus,0,0.2387560317292809,1.7412135004997251,1.1979155763983729,Serie A,2026-2027
6159,Gianluca Mancini,5,396,0,0.9607918560504912,2,1.852626383304596,4,5,0,0,D,Roma,0,0.9607918560504912,4.591441363096237,1.855822630226612,Serie A,2026-2027
6160,Riccardo Orsolini,3,96,0,0.0,0,0.1591953039169311,0,2,0,0,M S,Bologna,0,0.0,0.061408806592226,0.0259884037077426,Serie A,2026-2027
6167,Vanja Milinkovic-Savic,2,180,0,0.0,0,0.0,0,0,0,0,GK,Napoli,0,0.0,0.431132972240448,0.431132972240448,Serie A,2026-2027
6176,Adam Marusic,1,18,0,0.0,0,0.0,0,0,0,0,D,Lazio,0,0.0,0.0239126812666654,0.0239126812666654,Serie A,2026-2027
6180,Manuel Lazzari,3,22,0,0.0205681771039962,0,0.0,1,0,0,0,S,Lazio,0,0.0205681771039962,0.0205681771039962,0.0,Serie A,2026-2027
6276,Nikola Vlasic,5,430,0,0.3004073966294527,0,0.2750684125348925,6,2,0,0,F M,Torino,0,0.3004073966294527,1.9159220671281216,1.3953918358311057,Serie A,2026-2027
6332,Willem Geubbels,2,133,0,0.257948637008667,0,0.0,2,0,0,0,F,Lecce,0,0.257948637008667,0.2284357100725174,0.0,Serie A,2026-2027
6368,Mathías Olivera,4,160,0,0.9765939861536026,0,0.2169928476214409,6,3,0,0,D S,Napoli,0,0.9765939861536026,2.533879190683365,1.3671659007668495,Serie A,2026-2027
6412,Raoul Bellanova,4,281,0,0.011755209416151,0,0.1611773176118731,1,2,1,0,D S,Atalanta,0,0.011755209416151,1.1423633573576808,0.969430792145431,Serie A,2026-2027
6434,Franck Zambo,4,242,0,1.2754745446145537,0,0.0528591461479663,5,1,0,0,M S,Napoli,0,1.2754745446145537,1.920761741697788,0.6452870890498161,Serie A,2026-2027
6490,Manuel Akanji,5,416,0,1.1409875825047493,1,0.7548836413770914,7,2,2,0,D,Inter,0,1.1409875825047493,2.6983312759548426,2.658206442371011,Serie A,2026-2027
6507,Semuel Pizzignacco,1,90,0,0.0,0,0.0,0,0,0,0,GK,Monza,0,0.0,0.0,0.0,Serie A,2026-2027
6521,Yerry Mina,1,90,0,0.0,0,0.0,0,0,0,0,D,Cagliari,0,0.0,0.0241155475378036,0.0241155475378036,Serie A,2026-2027
6615,Trevoh Chalobah,4,360,0,0.1775894910097122,0,0.020203998312354,2,1,0,0,D,Como,0,0.1775894910097122,1.506184220314026,1.4030679911375046,Serie A,2026-2027
6618,Oumar Solet,3,217,0,0.0,0,0.1202667076140642,0,2,0,0,D,Udinese,0,0.0,0.3059133701026439,0.1856466569006443,Serie A,2026-2027
6665,Curtis Jones,4,147,0,0.0513170538470149,0,0.1448271982371807,2,3,0,0,M S,Inter,0,0.0513170538470149,1.955116681754589,1.7589724361896515,Serie A,2026-2027
6686,Nicolo Zaniolo,2,137,0,0.314592570066452,0,0.6597879081964493,5,5,1,0,M,Udinese,0,0.314592570066452,1.0224627256393433,0.1118630617856979,Serie A,2026-2027
6692,Enrico Del Prato,5,450,0,0.1331973373889923,0,0.0780671425163745,3,4,2,0,D,Parma Calcio 1913,0,0.1331973373889923,0.4306770861148834,0.3555733412504196,Serie A,2026-2027
6696,Luca Ranieri,3,266,0,0.0624455995857715,0,0.222776859998703,1,1,1,0,D,Fiorentina,0,0.0624455995857715,0.2079452741891145,0.2079452741891145,Serie A,2026-2027
6697,Armand Lauriente,5,450,0,1.721360631287098,1,1.5468326061964035,19,7,1,0,F M,Sassuolo,0,1.721360631287098,4.031417593359947,1.3712960928678513,Serie A,2026-2027
6706,Ndary Adopo,5,450,0,0.1625908464193344,2,0.6937877386808395,4,8,0,0,D M,Cagliari,0,0.1625908464193344,1.197778083384037,0.5004660040140152,Serie A,2026-2027
6872,Mehmet Zeki Çelik,5,432,0,0.057513004168868,1,0.8717397982254624,2,6,1,0,D,Juventus,0,0.057513004168868,1.8283802419900892,0.9953965991735458,Serie A,2026-2027
6902,Toma Basic,2,155,0,0.0,0,0.5602833032608032,0,3,0,0,M,Venezia,0,0.0,0.3032099287956953,0.3032099287956953,Serie A,2026-2027
6976,Demba Thiam,3,270,0,0.0,0,0.0353411994874477,0,1,0,0,GK,Monza,0,0.0,0.2231505997478962,0.1878093965351581,Serie A,2026-2027
6978,Giovanni Di Lorenzo,5,450,0,0.0124728921800851,1,0.4355035871267319,1,3,1,0,D,Napoli,0,0.0124728921800851,3.237919956445694,3.2025174647569656,Serie A,2026-2027
6986,Hamed Junior Traore,1,2,0,0.0,0,0.0577776208519935,0,1,0,0,S,Genoa,0,0.0,0.0577776208519935,0.0577776208519935,Serie A,2026-2027
7005,Jens Odgaard,5,259,0,0.8001884296536446,0,0.148560956120491,6,2,1,0,M S,Bologna,0,0.8001884296536446,0.4970474392175674,0.1826030574738979,Serie A,2026-2027
7007,Duje Caleta-Car,2,99,0,0.0,0,0.0,0,0,0,0,D S,Sassuolo,0,0.0,0.7064511179924011,0.7064511179924011,Serie A,2026-2027
7027,Arijanet Muric,5,450,0,0.0,0,0.0,0,0,0,0,GK,Sassuolo,0,0.0,1.2157235983759165,1.2157235983759165,Serie A,2026-2027
7049,Evan Ndicka,3,185,0,0.5121009349822998,0,0.0,2,0,1,0,D S,Roma,0,0.5121009349822998,1.5120915323495865,1.0607800036668775,Serie A,2026-2027
7087,Elia Caprile,5,450,0,0.0,0,0.0,0,0,0,0,GK,Cagliari,0,0.0,0.316385168582201,0.316385168582201,Serie A,2026-2027
7208,Samuel Chukwueze,5,383,0,0.3841381464153528,2,1.4348900131881237,6,10,0,0,D S,AC Milan,0,0.3841381464153528,3.597878973931074,2.146266520023346,Serie A,2026-2027
7224,Boulaye Dia,2,167,0,0.0,1,0.5429759621620178,0,4,1,0,F,Lazio,0,0.0,0.7815594375133514,0.3617158979177475,Serie A,2026-2027
7240,Benoit Badiashile Mukinayi,1,6,0,0.0,0,0.0,0,0,0,0,S,Napoli,0,0.0,0.0,0.0,Serie A,2026-2027
7284,Marco Brescianini,4,131,0,0.0151015343144536,0,0.0,1,0,0,0,M S,Fiorentina,0,0.0151015343144536,0.0151015343144536,0.0,Serie A,2026-2027
7286,Juan Miranda,4,311,0,0.0382911525666713,1,1.0839424598962069,1,9,0,0,D S,Bologna,0,0.0382911525666713,1.7377830408513546,1.4062066711485386,Serie A,2026-2027
7328,Maxence Caqueret,4,86,0,0.0,0,0.3622436914592981,0,3,1,0,S,Como,0,0.0,0.923617884516716,0.5871797278523445,Serie A,2026-2027
7379,Nicolo Fagioli,5,360,0,0.1842235419899225,1,0.5329923685640097,6,3,1,0,M S,Fiorentina,0,0.1842235419899225,1.8074905294924972,1.2399190831929443,Serie A,2026-2027
7411,Nicolo Rovella,2,126,0,0.038214273750782,0,0.0439883694052696,1,2,0,0,M,Lazio,0,0.038214273750782,0.1394892334938049,0.1394892334938049,Serie A,2026-2027
7486,Leonardo Balerdi,3,181,0,0.0690721422433853,0,0.0,1,0,0,0,D S,Roma,0,0.0690721422433853,0.4993450120091438,0.4993450120091438,Serie A,2026-2027
7507,Gianluca Gaetano,4,287,0,0.01091995742172,1,0.1439837366342544,1,2,0,1,M S,Atalanta,0,0.01091995742172,0.250651640817523,0.0957479532808065,Serie A,2026-2027
7530,Samuele Ricci,3,57,0,0.0879476740956306,0,0.3931609690189361,1,2,0,0,S,Como,0,0.0879476740956306,1.3674850538372991,1.2003481984138489,Serie A,2026-2027
7576,Nicolò Cambiaghi,5,368,0,0.4170649498701095,0,0.2566608125343919,8,5,1,0,F M,Bologna,0,0.4170649498701095,0.7911389479413629,0.4094257466495037,Serie A,2026-2027
7627,Andrea Ghion,1,7,0,0.0,0,0.0,0,0,0,0,S,Sassuolo,0,0.0,0.0,0.0,Serie A,2026-2027
7785,Kingsley Ehizibue,3,149,0,0.0979805663228035,0,0.0912410765886306,3,1,1,0,D S,Genoa,0,0.0979805663228035,0.166217990219593,0.0,Serie A,2026-2027
7911,Aleksa Terzic,2,24,0,0.0134162008762359,0,0.1373442709445953,1,1,0,0,S,Frosinone,0,0.0134162008762359,0.1709172129631042,0.0201567411422729,Serie A,2026-2027
7912,Eljif Elmas,4,112,0,0.0,0,0.0169382896274328,0,1,0,0,F S,Atalanta,0,0.0,0.0169382896274328,0.0169382896274328,Serie A,2026-2027
7924,Amir Rrahmani,5,450,0,0.0573105569928884,1,0.069283552467823,4,1,0,0,D,Napoli,0,0.0573105569928884,2.1124761551618576,2.091833218932152,Serie A,2026-2027
8009,Antonino Gallo,4,318,0,0.011043170467019,0,0.1013737032189965,1,2,0,0,D,Lecce,0,0.011043170467019,0.0978956399485468,0.078311339020729,Serie A,2026-2027
8058,Thierry Correia,4,182,0,0.557151310145855,0,0.0650549912825226,5,3,1,0,D S,Venezia,0,0.557151310145855,0.7548937555402517,0.2095899935811758,Serie A,2026-2027
8090,Lloyd Kelly,4,146,0,0.1187310367822647,0,0.0,1,0,0,0,D S,Juventus,0,0.1187310367822647,0.1907985396683216,0.1907985396683216,Serie A,2026-2027
8117,Nick Woltemade,3,44,0,0.3399407565593719,0,0.3673348426818847,3,1,0,0,S,Juventus,0,0.3399407565593719,0.5759726911783218,0.1151347383856773,Serie A,2026-2027
8182,Lucas Da Cunha,5,325,0,0.3686902560293674,0,0.6884351298213005,9,9,0,0,M S,Como,0,0.3686902560293674,3.5066474974155426,2.8328871726989746,Serie A,2026-2027
8197,Ilario Monterisi,5,267,0,0.2372592557221651,0,0.142129959538579,5,3,0,0,D S,Frosinone,0,0.2372592557221651,0.5578309204429388,0.5276840589940548,Serie A,2026-2027
8232,Andrea Carboni,5,444,0,0.4579277765005827,0,0.6086803078651428,4,2,0,0,D,Monza,0,0.4579277765005827,2.6090992130339146,1.839197438210249,Serie A,2026-2027
8290,Edoardo Corvi,5,450,0,0.0,0,0.0,0,0,0,0,GK,Parma Calcio 1913,0,0.0,0.3596228007227182,0.3596228007227182,Serie A,2026-2027
8294,El Bilal Touré,5,380,0,0.5390480803325772,1,0.0810457579791545,5,2,0,0,F M,Parma Calcio 1913,0,0.5390480803325772,0.7052649520337582,0.2222055345773697,Serie A,2026-2027
8297,Alexis Saelemaekers,4,185,0,0.1645718738436699,1,1.4294666908681393,2,4,0,0,M S,AC Milan,0,0.1645718738436699,3.0812289714813232,1.48719035461545,Serie A,2026-2027
8303,Marin Pongracic,3,69,0,0.0,0,0.0,0,0,0,0,D S,Fiorentina,0,0.0,0.1028591692447662,0.1028591692447662,Serie A,2026-2027
8308,Filip Stankovic,5,450,0,0.0,0,0.0,0,0,0,0,GK,Venezia,0,0.0,0.3655262198299169,0.3655262198299169,Serie A,2026-2027
8313,Pierre Kalulu Kyatengwa,5,450,0,0.0759004577994346,0,0.1422302946448326,1,4,0,0,D,Juventus,0,0.0759004577994346,1.188208669424057,0.9866049960255624,Serie A,2026-2027
8326,Maduka Okoye,5,450,0,0.0,0,0.0,0,0,0,0,GK,Udinese,0,0.0,0.5187271405011415,0.5187271405011415,Serie A,2026-2027
8470,Kike Pérez,5,425,0,0.0222754925489425,0,0.9467114023864268,1,11,2,0,M,Venezia,0,0.0222754925489425,1.0599151849746704,0.448557423427701,Serie A,2026-2027
8478,Lorenzo Colombo,5,322,0,0.8939458765089512,2,1.4976526834070685,5,6,0,0,F S,Genoa,0,0.1326470449566841,1.7587806172668934,0.6790775209665298,Serie A,2026-2027
8512,Filippo Terracciano,1,1,0,0.0,0,0.0,0,0,0,0,S,AC Milan,0,0.0,0.0,0.0,Serie A,2026-2027
8530,Giuseppe Aurelio,1,1,0,0.0,0,0.0,0,0,0,0,S,Cagliari,0,0.0,0.0,0.0,Serie A,2026-2027
8554,Rafael Obrador,2,33,0,0.0,0,0.0,0,0,0,0,S,Sassuolo,0,0.0,0.0635477751493454,0.0635477751493454,Serie A,2026-2027
8626,Nikola Moro,4,82,0,0.0,0,0.0259884037077426,0,1,0,0,S,Bologna,0,0.0,0.97785434871912,0.9518659450113772,Serie A,2026-2027
8632,Enzo Ebosse,5,381,0,0.0193267073482275,0,0.89812046661973,1,5,0,0,D S,Udinese,0,0.0193267073482275,1.491398509591818,1.1980218477547169,Serie A,2026-2027
8636,Jonathan Christian David,1,61,0,0.0,0,0.0,2,1,0,0,F,Juventus,0,0.0,0.0,0.0,Serie A,2026-2027
8642,Strahinja Pavlovic,5,450,0,0.7046370208263397,1,0.294793963432312,5,1,2,0,D,AC Milan,0,0.7046370208263397,3.645444305613637,3.0421646554023027,Serie A,2026-2027
8725,Luis Milla,5,275,0,0.0619695223867893,0,0.765129966661334,1,7,0,0,M S,Como,0,0.0619695223867893,0.8931201733648777,0.8311506509780884,Serie A,2026-2027
8728,Oier Zarraga,3,39,0,0.0,0,0.0,0,0,0,0,S,Udinese,0,0.0,0.0960253402590751,0.0960253402590751,Serie A,2026-2027
8768,Kevin Omoruyi,3,71,0,0.0,0,0.0,0,0,1,0,S,Cagliari,0,0.0,0.016050849109888,0.016050849109888,Serie A,2026-2027
8771,Yunus Musah,5,326,0,0.6009324789047241,0,0.0284640975296497,1,1,0,0,M S,AC Milan,0,0.6009324789047241,1.1583074033260343,1.1583074033260343,Serie A,2026-2027
8819,Mergim Vojvoda,5,432,0,0.1277826279401779,0,0.7291592536494136,3,8,0,0,D,Udinese,0,0.1277826279401779,2.733493894338608,2.0306065306067467,Serie A,2026-2027
8828,Ivan Ilic,4,221,0,0.0852477326989173,2,0.6483802683651447,2,3,1,0,M S,Lecce,0,0.0852477326989173,0.2868849337100982,0.1863818913698196,Serie A,2026-2027
8838,Junior Messias,5,204,0,0.5051965191960335,0,0.2689056061208248,11,4,0,0,M S,Genoa,0,0.5051965191960335,0.5583617985248566,0.2615525722503662,Serie A,2026-2027
8857,Gabriele Zappa,1,21,0,0.0,0,0.069826029241085,0,1,0,0,S,Cagliari,0,0.0,0.069826029241085,0.069826029241085,Serie A,2026-2027
8858,Guglielmo Vicario,5,450,0,0.0,0,0.0,0,0,0,0,GK,Juventus,0,0.0,0.3796346262097358,0.3796346262097358,Serie A,2026-2027
8867,Adrián Bernabé,3,178,0,0.0241969749331474,0,0.0511984601616859,1,3,0,0,M S,Parma Calcio 1913,0,0.0241969749331474,0.612652737647295,0.5799534842371941,Serie A,2026-2027
8871,Marco Carnesecchi,5,450,0,0.0,0,0.0,0,0,0,0,GK,Atalanta,0,0.0,0.4673662520945072,0.4673662520945072,Serie A,2026-2027
8912,Tommaso Pobega,4,262,0,0.2391920424997806,0,0.0620419643819332,6,2,0,0,M,Bologna,0,0.2391920424997806,0.6177434474229813,0.3478500535711646,Serie A,2026-2027
8963,Nahuel Molina,4,215,0,0.1286441795527935,1,0.9898909628391266,3,7,0,0,D S,Roma,0,0.1286441795527935,3.979471266269684,3.491409182548523,Serie A,2026-2027
8967,Lautaro Valenti,1,41,0,0.0,0,0.0,0,0,0,0,S,Parma Calcio 1913,0,0.0,0.1347808241844177,0.1347808241844177,Serie A,2026-2027
8980,Luis Henrique,3,121,0,0.0874501354992389,0,0.0,2,0,0,0,D S,Inter,0,0.0874501354992389,0.9788360744714736,0.9788360744714736,Serie A,2026-2027
9021,Pape Sarr,2,62,0,0.0675970390439033,0,0.0,2,0,0,0,S,Juventus,0,0.0675970390439033,0.8177340775728226,0.7501370459794998,Serie A,2026-2027
9029,Simon Sohm,4,244,0,0.1087526157498359,0,0.0844101095572114,2,4,2,0,M S,Venezia,0,0.1087526157498359,0.2022533426061272,0.1580340564250946,Serie A,2026-2027
9036,Nicola Zalewski,3,118,0,0.1580542549490928,1,0.0951419277116656,3,3,0,0,F S,Atalanta,0,0.1580542549490928,0.4329364821314811,0.1797403246164322,Serie A,2026-2027
9052,Josep Martínez,5,450,0,0.0,0,0.0,0,0,0,0,GK,Inter,0,0.0,1.1627482119947672,1.1627482119947672,Serie A,2026-2027
9069,Romano Schmid,5,377,0,0.0390867739915847,3,0.9806181490421296,2,4,2,0,M,Frosinone,0,0.0390867739915847,2.780483722686768,2.2076397240161896,Serie A,2026-2027
9090,Ardian Ismajli,4,251,0,0.0,0,0.0,0,0,0,0,D S,Torino,0,0.0,0.7499273717403412,0.7499273717403412,Serie A,2026-2027
9098,Robert Sánchez,1,90,0,0.0,0,0.0,0,0,0,0,GK,Como,0,0.0,0.554345428943634,0.554345428943634,Serie A,2026-2027
9105,Radu Dragusin,5,450,0,0.2269260492175817,1,0.0513955242931842,3,1,1,0,D,Fiorentina,0,0.2269260492175817,1.7065801303833723,1.6551845949143171,Serie A,2026-2027
9107,Giorgio Scalvini,5,450,0,0.0283904280513525,0,0.0,1,0,0,0,D,Atalanta,0,0.0283904280513525,0.7577301068231463,0.7577301068231463,Serie A,2026-2027
9329,Riccardo Ciervo,2,6,0,0.0475543774664402,0,0.0,1,0,0,0,S,"Cagliari,Sassuolo",0,0.0475543774664402,0.0339647391811013,0.0339647391811013,Serie A,2026-2027
9447,Niakhate Ndiaye,1,90,0,0.453470230102539,0,0.0,1,0,0,0,D,Parma Calcio 1913,0,0.453470230102539,0.0241969749331474,0.0241969749331474,Serie A,2026-2027
9495,Wisdom Amey,2,2,0,0.0,0,0.0,0,0,0,0,S,Frosinone,0,0.0,0.0,0.0,Serie A,2026-2027
9523,Andy Diouf,4,346,0,0.1358116250485181,3,1.78404238820076,4,13,0,0,D M,Inter,0,0.1358116250485181,2.6641906052827835,1.7937082760035992,Serie A,2026-2027
9561,Nicolò Bertola,3,45,0,0.0,0,0.0,0,0,1,0,S,Udinese,0,0.0,0.0259113032370805,0.0259113032370805,Serie A,2026-2027
9691,Nuno Tavares,5,339,0,0.5353384241461754,2,1.1406703852117062,7,6,0,0,D S,Lazio,0,0.5353384241461754,2.470544219017029,0.9463428519666196,Serie A,2026-2027
9710,Armel Bella Kotchap,3,195,0,0.5029945271089673,0,0.0,2,0,0,0,D,Venezia,0,0.5029945271089673,0.3276779539883137,0.3185331225395202,Serie A,2026-2027
9714,Odilon Kossounou,4,360,0,0.0386622548103332,0,0.0,1,0,0,0,D,Atalanta,0,0.0386622548103332,0.4633048651739955,0.4633048651739955,Serie A,2026-2027
9841,Andrea Cambiaso,2,28,0,0.0,0,0.0,0,0,1,0,S,Juventus,0,0.0,0.0,0.0,Serie A,2026-2027
9866,Nadir Zortea,3,176,0,0.0354204028844833,0,0.0,1,0,0,0,D S,Bologna,0,0.0354204028844833,0.1494780592620372,0.1140576563775539,Serie A,2026-2027
9876,Alessandro Zanoli,1,18,0,0.0156385470181703,0,0.1223125234246254,1,2,0,0,S,Udinese,0,0.0156385470181703,0.1379510760307312,0.0275729522109031,Serie A,2026-2027
9886,Nicolas Galazzi,1,19,0,0.0169760901480913,0,0.0,1,0,0,0,S,Monza,0,0.0169760901480913,0.0680368617177009,0.0680368617177009,Serie A,2026-2027
9893,Youssef Maleh,5,247,0,0.2248838357627391,0,0.1818441413342952,4,2,0,0,M S,Lecce,0,0.2248838357627391,0.4005839005112648,0.2119145840406417,Serie A,2026-2027
9904,Gianluca Busio,4,313,0,0.3282253891229629,2,0.3123581409454345,5,5,1,0,M,Venezia,0,0.3282253891229629,2.009534813463688,1.7216100543737411,Serie A,2026-2027
9951,Tommaso Baldanzi,5,336,0,0.7456430196762085,0,0.0973984114825725,10,2,0,0,M,Genoa,0,0.7456430196762085,1.4313421696424484,0.7037519812583923,Serie A,2026-2027
9952,Ridgeciano Haps,4,262,0,0.5742291808128357,1,0.5258232485502958,1,3,1,0,D S,Venezia,0,0.5742291808128357,1.3020798154175282,0.2289138846099376,Serie A,2026-2027
9964,Koni de Winter,5,450,0,0.8317001778632402,0,0.0,4,0,1,0,D,AC Milan,0,0.8317001778632402,2.859086008742452,2.859086008742452,Serie A,2026-2027
9983,Beto,3,95,0,0.7908569946885109,1,0.0363403223454952,5,1,0,0,F S,Fiorentina,0,0.7908569946885109,0.9273818805813788,0.1001845747232437,Serie A,2026-2027
9999,Arthur Theate,3,270,0,0.1022226000204682,0,0.0,3,0,0,0,D,Bologna,0,0.1022226000204682,0.3219480812549591,0.3083507046103477,Serie A,2026-2027
10013,Redouane Halal,2,133,0,0.0557263866066932,0,0.0,1,0,1,0,D S,Venezia,0,0.0557263866066932,0.1070997267961502,0.1070997267961502,Serie A,2026-2027
10073,Adam Obert,5,450,0,0.1494117192924022,0,0.2191880624741315,3,4,0,0,D,Cagliari,0,0.1494117192924022,0.5848804637789726,0.3215741515159607,Serie A,2026-2027
10075,Romano Floriani,5,410,0,0.0621291100978851,0,0.3651985386386513,1,3,1,0,D S,Lazio,0,0.0621291100978851,1.6617190912365911,1.6429362818598747,Serie A,2026-2027
10172,Jonathan Rowe,3,201,0,0.7635890319943428,0,0.0846890360116958,7,2,0,0,F S,"Atalanta,Bologna",0,0.7635890319943428,0.4962327927350998,0.193983107805252,Serie A,2026-2027
10200,Rafa Marín,5,441,0,0.1138088395819068,0,0.0954806506633758,3,1,1,0,D,Napoli,0,0.1138088395819068,2.2166753336787224,2.2016802355647087,Serie A,2026-2027
10237,Leo Østigard,5,426,0,0.1772066466510296,0,0.0174750350415706,4,1,3,0,D,Genoa,0,0.1772066466510296,0.8705155029892921,0.8530404679477215,Serie A,2026-2027
10268,Giorgio Cittadini,5,266,0,0.0395306907594203,0,0.0,1,0,1,0,D S,Frosinone,0,0.0395306907594203,0.1824315339326858,0.1824315339326858,Serie A,2026-2027
10292,Nathan Patterson,2,72,0,0.0,0,0.0,0,0,1,0,S,Torino,0,0.0,0.0691748186945915,0.0691748186945915,Serie A,2026-2027
10303,Jacopo Fazzini,4,249,0,0.1580280466005206,1,0.8552611768245697,4,4,1,0,M,Cagliari,0,0.1580280466005206,0.2568128071725368,0.181671891361475,Serie A,2026-2027
10348,Omari Hutchinson,1,11,0,0.0178886968642473,0,0.0,1,0,0,0,S,AC Milan,0,0.0178886968642473,0.0,0.0,Serie A,2026-2027
10365,Morten Frendrup,5,450,0,0.072634857147932,0,0.1594183770939707,2,5,0,0,M,Genoa,0,0.072634857147932,1.1431418135762217,0.9960152208805084,Serie A,2026-2027
10382,Eray Cömert,4,320,0,0.0234734006226062,1,0.0236558560281991,1,1,0,0,D,Torino,0,0.0234734006226062,1.017135209403932,0.9700059359893204,Serie A,2026-2027
10433,Cesare Casadei,1,70,0,0.0,0,0.0,0,0,0,0,M,Torino,0,0.0,0.0,0.0,Serie A,2026-2027
10577,Mario Gila,5,436,0,0.7065239548683167,0,0.2062047384679317,1,4,1,0,D,AC Milan,0,0.7065239548683167,2.605908812955022,2.5595793146640062,Serie A,2026-2027
10724,Diogo Leite,1,4,0,0.0,0,0.0,0,0,0,0,S,Lazio,0,0.0,0.0,0.0,Serie A,2026-2027
10725,Danilho Doekhi,3,270,0,0.966125100851059,1,0.1459088772535324,3,2,0,0,D,Lazio,0,0.966125100851059,0.3972152099013328,0.2513063326478004,Serie A,2026-2027
10733,Bartol Franjic,2,137,0,0.4369052946567535,0,0.0,2,0,0,0,D,Venezia,0,0.4369052946567535,0.4752086699008941,0.4752086699008941,Serie A,2026-2027
10796,Zakaria Aboukhlal,2,23,0,0.3232909925282001,0,0.0,2,0,0,0,S,Torino,0,0.3232909925282001,0.3232909925282001,0.0,Serie A,2026-2027
10877,Charles De Ketelaere,5,355,0,0.1186121553182601,1,0.9621261917054652,2,10,0,0,F S,Atalanta,0,0.1186121553182601,1.3498834185302258,0.5740911327302456,Serie A,2026-2027
10878,Sandi Lovric,1,9,0,0.0,0,0.0259113032370805,0,1,0,0,S,Udinese,0,0.0,0.3641840517520904,0.3641840517520904,Serie A,2026-2027
10892,Samuele Birindelli,5,446,0,0.2372519699856639,2,1.353227697312832,6,8,1,0,D,Monza,0,0.2372519699856639,2.7626921012997627,2.026487503200769,Serie A,2026-2027
10895,Dany Mota,3,101,0,0.8679337501525879,0,0.2017742712050676,4,4,0,0,F S,Monza,0,0.8679337501525879,1.419007144868374,0.3723387084901333,Serie A,2026-2027
10899,Emirhan Ilkhan,3,70,0,0.0,0,0.2936307787895202,0,1,0,0,S,Torino,0,0.0,0.7849150281399488,0.4912842493504286,Serie A,2026-2027
10906,Thórir Helgason,2,120,0,0.0474925721064209,0,0.0360852479934692,2,1,0,0,M S,Venezia,0,0.0474925721064209,0.1820583641529083,0.1747566163539886,Serie A,2026-2027
10908,Medon Berisha,1,6,0,0.0331319980323314,0,0.0,1,0,0,0,S,Lecce,0,0.0331319980323314,0.0331319980323314,0.0,Serie A,2026-2027
10935,Dodô,1,90,0,0.0123136425390839,0,0.0,1,0,0,0,D,Fiorentina,0,0.0123136425390839,0.0161070134490728,0.0161070134490728,Serie A,2026-2027
10946,Yan Couto,5,422,0,0.3479517670348286,1,1.116836003959179,6,9,1,0,D,Como,0,0.3479517670348286,2.909243457019329,1.9158619940280917,Serie A,2026-2027
10956,Emil Holm,5,274,0,0.1630388349294662,0,0.0277500580996274,3,1,1,0,D S,Bologna,0,0.1630388349294662,1.4788777604699137,1.3653050065040588,Serie A,2026-2027
10957,Mikael Ellertsson,5,443,0,0.106251310557127,0,0.1258230023086071,2,2,1,0,D M,Genoa,0,0.106251310557127,0.927483394742012,0.7620449997484684,Serie A,2026-2027
10967,Mile Svilar,5,450,0,0.0,0,0.0,0,0,0,0,GK,Roma,0,0.0,0.2308858335018158,0.2308858335018158,Serie A,2026-2027
10985,Sulemana,1,27,0,0.0,0,0.0,0,0,0,0,S,Sassuolo,0,0.0,0.332519382238388,0.332519382238388,Serie A,2026-2027
10994,Kristian Thorstvedt,5,216,0,0.944519892334938,0,0.1063092201948165,7,2,0,0,M S,Sassuolo,0,0.944519892334938,1.721705600619316,1.5250908136367798,Serie A,2026-2027
11027,Emanuele Valeri,5,450,0,0.0365185812115669,0,1.5573718845844269,2,9,0,0,D,Parma Calcio 1913,0,0.0365185812115669,1.178538290783763,0.0460454206913709,Serie A,2026-2027
11038,Jhon Lucumí,4,305,0,0.0,0,0.0181249007582664,1,1,2,0,D,Juventus,0,0.0,0.4928977377712726,0.4747728407382965,Serie A,2026-2027
11039,Lewis Ferguson,5,450,0,0.4588475301861763,0,0.9891445189714432,3,5,0,0,M,Bologna,0,0.4588475301861763,2.4302603229880333,1.8827590569853785,Serie A,2026-2027
11049,Reda Belahyane,4,324,0,0.0463177487254142,0,0.1612095292657613,1,3,1,0,M S,Lazio,0,0.0463177487254142,1.3744238764047625,1.236092485487461,Serie A,2026-2027
11138,Costantino Favasuli,2,57,0,0.5838437043130398,1,0.440842717885971,3,2,0,0,S,Napoli,0,0.5838437043130398,1.4396641254425049,0.4149777293205261,Serie A,2026-2027
11149,Aleksandar Stankovic,2,13,0,0.0800811946392059,0,0.0,1,0,0,0,S,Inter,0,0.0800811946392059,0.0,0.0,Serie A,2026-2027
11155,Wilfried Gnonto,3,77,0,0.1814161986112594,0,0.0,3,0,0,0,S,Fiorentina,0,0.1814161986112594,1.0118019729852676,0.899203896522522,Serie A,2026-2027
11246,Amar Ahmed Fatah,4,91,0,0.0937448255717754,0,0.0181125961244106,3,1,0,0,S,Lecce,0,0.0937448255717754,0.1203985549509525,0.0085411304607987,Serie A,2026-2027
11278,Gvidas Gineitis,4,281,0,0.1088026314973831,1,0.0533874668180942,1,1,1,0,M,Torino,0,0.1088026314973831,0.5522444723173976,0.4434418408200145,Serie A,2026-2027
11283,Leonardo Colombo,1,25,0,0.0,0,0.0,0,0,1,0,S,Monza,0,0.0,0.0,0.0,Serie A,2026-2027
11378,Máximo Perrone,5,261,0,0.2889783829450607,1,0.6252654120326042,5,8,0,0,M S,Como,0,0.2889783829450607,2.5436123237013817,1.9120504148304465,Serie A,2026-2027
11380,Vitinha,5,219,0,0.4320378862321377,0,0.0,8,0,0,0,M S,Genoa,0,0.4320378862321377,0.6009639129042625,0.2166114002466201,Serie A,2026-2027
11520,Lorenzo Bernasconi,3,183,0,0.039150670170784,0,0.054100202396512,1,2,0,0,D S,Atalanta,0,0.039150670170784,0.4018672481179237,0.3451730236411094,Serie A,2026-2027
11531,Unai Gómez,5,208,0,0.2494693286716938,1,0.593361034989357,3,3,1,0,M S,Udinese,0,0.2494693286716938,0.3697648122906685,0.0275729522109031,Serie A,2026-2027
11586,Ebenezer Akinsanmiro,4,268,0,0.0,1,0.4591757543385029,0,4,0,0,M S,Monza,0,0.0,2.3451544642448425,2.206564575433731,Serie A,2026-2027
11741,Saúl Coco,5,399,0,0.5688030123710632,0,0.0377217568457126,4,2,0,0,D,Torino,0,0.5688030123710632,1.3508694767951963,1.3508694767951963,Serie A,2026-2027
11768,Cher Ndour,5,401,0,0.238588385283947,1,0.571785606443882,5,5,0,0,M S,Fiorentina,0,0.238588385283947,1.6182627975940704,0.8272225111722946,Serie A,2026-2027
11800,Arthur Atta,5,335,0,1.1758023723959925,0,0.3055781172588467,11,5,0,0,M S,Fiorentina,0,1.1758023723959925,2.492760471999645,1.2957948856055737,Serie A,2026-2027
11877,Michael Folorunsho,4,304,0,0.4611536655575037,0,0.6704024970531464,7,3,2,0,M S,Monza,0,0.4611536655575037,2.8568892180919647,2.3781651109457016,Serie A,2026-2027
11879,Anthony Oyono,5,380,0,0.2414681389927864,1,0.5210505425930023,7,4,1,0,D S,Frosinone,0,0.2414681389927864,1.4698797017335892,0.9350938349962234,Serie A,2026-2027
11883,Gennaro Borrelli,2,31,0,0.0864087287336587,0,0.0,2,0,0,0,S,Cagliari,0,0.0864087287336587,0.1385668516159057,0.0687408223748207,Serie A,2026-2027
11886,Lorenzo Palmisani,5,450,0,0.0,0,0.1071964837610721,0,2,0,0,GK,Frosinone,0,0.0,0.9037915915250778,0.7965951040387154,Serie A,2026-2027
11929,Luca Lipani,4,143,0,0.0,0,0.0,0,0,2,0,M S,Sassuolo,0,0.0,0.7652999833226204,0.7652999833226204,Serie A,2026-2027
11936,Lorenzo Lucca,5,75,0,0.1892046853899955,0,1.0182011239230633,3,3,0,0,S,Napoli,0,0.1892046853899955,1.7622882835566998,0.6890644617378712,Serie A,2026-2027
11942,Kenan Yildiz,1,72,0,0.1322833001613617,0,0.2390583306550979,2,3,0,0,M,Juventus,0,0.1322833001613617,0.7883044481277466,0.6010693311691284,Serie A,2026-2027
11946,Mohamed Kaba,2,23,0,0.0,0,0.0,0,0,0,0,S,Lecce,0,0.0,0.0,0.0,Serie A,2026-2027
11951,Gustav Isaksen,5,153,0,0.2138513550162315,0,0.0769460797309875,3,1,1,0,F S,Lazio,0,0.2138513550162315,0.4185110926628113,0.148658350110054,Serie A,2026-2027
11958,Gaetano Oristanio,1,20,0,0.0524925217032432,0,0.3965635299682617,1,2,0,0,S,Torino,0,0.0524925217032432,0.4490560591220855,0.0,Serie A,2026-2027
11962,Oussama El Azzouzi,1,83,0,0.0,0,0.0539670102298259,0,1,1,0,M,Bologna,0,0.0,0.0539670102298259,0.0,Serie A,2026-2027
11964,Giovanni Fabbian,3,78,0,0.1081185936927795,0,0.073446974158287,1,1,0,0,M S,Parma Calcio 1913,0,0.1081185936927795,0.484715849161148,0.4112688601016998,Serie A,2026-2027
11967,Davide Bartesaghi,3,128,0,0.0,0,0.7021367847919464,0,4,0,0,D S,AC Milan,0,0.0,1.2717610597610474,0.7106921672821045,Serie A,2026-2027
12011,Seydou Fini,4,187,0,0.3714881017804146,0,0.229657232761383,2,3,0,0,M S,Frosinone,0,0.3714881017804146,0.714531384408474,0.1948023587465286,Serie A,2026-2027
12012,Marcus Pedersen,1,70,0,0.0,0,0.0996403694152832,0,1,0,0,D,Torino,0,0.0,0.0996403694152832,0.0996403694152832,Serie A,2026-2027
12040,Thomas Thiesson Kristensen,1,90,0,0.1431389451026916,0,0.0,2,0,1,0,D,Atalanta,0,0.1431389451026916,0.1815702766180038,0.1646319776773452,Serie A,2026-2027
12043,Christos Mandas,5,450,0,0.0,0,0.0,0,0,0,0,GK,Lazio,0,0.0,0.9168699458241464,0.9168699458241464,Serie A,2026-2027
12104,Neil El Aynaoui,1,9,0,0.0,0,0.0,0,0,0,0,S,Roma,0,0.0,0.6868959665298462,0.6868959665298462,Serie A,2026-2027
12218,Francesco Camarda,2,6,0,0.0,0,0.0,0,0,0,0,S,AC Milan,0,0.0,0.0,0.0,Serie A,2026-2027
12303,Farès Ghedjemis,3,194,0,0.7972727939486504,0,0.0652279630303382,7,2,0,0,M S,Frosinone,0,0.7972727939486504,1.992210574448109,1.2253354489803314,Serie A,2026-2027
12334,Kingstone Mutandwa,1,1,0,0.0,0,0.0,0,0,0,0,S,Cagliari,0,0.0,0.0,0.0,Serie A,2026-2027
12340,Omari Forson,4,93,0,0.1424460858106613,0,0.0725704692304134,2,4,0,0,M S,Monza,0,0.1424460858106613,0.9961761496961116,0.836753960698843,Serie A,2026-2027
12347,Luis Hasa,2,36,0,0.1579580008983612,0,0.0928552784025669,4,4,0,0,S,Frosinone,0,0.1579580008983612,0.4275769367814064,0.1936762332916259,Serie A,2026-2027
12362,Santiago Pierotti,5,373,0,0.1848852830007672,0,0.843276634812355,3,2,0,0,F M S,Lecce,0,0.1848852830007672,1.2469796920195222,0.2188177490606904,Serie A,2026-2027
12365,Alieu Njie,4,266,0,1.239366635680199,0,1.0971164256334305,7,10,1,0,F M S,"Fiorentina,Torino",0,1.239366635680199,2.766587674617768,0.5991073548793793,Serie A,2026-2027
12369,Lucas Perri,3,270,0,0.0,0,0.0,0,0,0,0,GK,Torino,0,0.0,0.6375356903299689,0.6375356903299689,Serie A,2026-2027
12528,Santiago Castro,4,98,0,1.0753992656245828,0,0.1347646862268448,7,2,0,0,S,Roma,0,1.0753992656245828,1.7777208387851715,0.5790067687630653,Serie A,2026-2027
12601,Darryl Bakola,4,299,0,0.3650053106248379,1,0.4988787919282913,2,6,0,0,M S,Sassuolo,0,0.3650053106248379,2.0888942778110504,1.6192477643489838,Serie A,2026-2027
12609,Niccolò Fortini,5,278,0,0.0545524880290031,0,0.0898875296115875,1,1,0,0,D M S,Torino,0,0.0545524880290031,1.2549434900283811,1.2549434900283811,Serie A,2026-2027
12635,Matteo Palma,1,49,0,0.0,0,0.0,0,0,0,0,D,Udinese,0,0.0,0.0,0.0,Serie A,2026-2027
12761,Yukinari Sugawara,2,51,0,0.0,0,0.0852656587958335,0,1,0,0,S,Cagliari,0,0.0,0.0852656587958335,0.0,Serie A,2026-2027
12777,Patrizio Masini,5,388,0,0.0652667582035064,1,0.7613788843154907,4,1,0,0,M S,Frosinone,0,0.0652667582035064,2.0059503316879272,1.2117817029356956,Serie A,2026-2027
12822,Álex Valle,4,348,0,0.1774835828691721,1,0.2508482038974762,5,7,0,0,D,Como,0,0.1774835828691721,1.2733705639839172,1.0271949544548988,Serie A,2026-2027
12858,Daniele Ghilardi,3,138,0,0.0,0,0.0,0,0,1,0,D S,Roma,0,0.0,0.6548173725605011,0.6548173725605011,Serie A,2026-2027
12868,Mattia Felici,2,34,0,0.0582893043756485,0,0.0206735637038946,1,1,0,0,S,Cagliari,0,0.0582893043756485,0.1487888991832733,0.0904995929449796,Serie A,2026-2027
12872,Fisayo Dele-Bashiru,1,58,0,0.0,0,0.0,0,0,0,0,M,Lazio,0,0.0,0.0239126812666654,0.0239126812666654,Serie A,2026-2027
12877,Lorenzo Lucchesi,5,422,0,0.5492794066667557,0,0.2824534773826599,4,1,2,0,D,Monza,0,0.5492794066667557,1.782197211869061,1.782197211869061,Serie A,2026-2027
12885,Kialonda Gaspar,4,338,0,0.8136727511882782,0,0.0,2,0,2,0,D,Lecce,0,0.8136727511882782,0.7099227206781507,0.7099227206781507,Serie A,2026-2027
12904,Samuel Mbangula,2,6,0,0.0835487395524978,0,0.0,1,0,0,0,S,Bologna,0,0.0835487395524978,0.0835487395524978,0.0835487395524978,Serie A,2026-2027
12958,Alessandro Marcandalli,5,442,0,0.0,0,0.1049305945634841,0,2,1,0,D,Genoa,0,0.0,0.9418300725519656,0.8368994817137718,Serie A,2026-2027
12989,Jay Idzes,3,261,0,0.0167456045746803,0,0.0780590921640396,1,1,1,0,D,Sassuolo,0,0.0167456045746803,0.2646178416907787,0.2646178416907787,Serie A,2026-2027
12993,David Neres,3,61,0,0.6962773483246565,0,0.5481997132301331,3,2,0,0,S,Napoli,0,0.6962773483246565,1.2994998376816511,0.0550227314233779,Serie A,2026-2027
12997,Alieu Fadera,4,89,0,0.1960003823041916,0,0.3965298607945442,4,3,0,0,S,Cagliari,0,0.1960003823041916,0.6501110568642616,0.0575808249413967,Serie A,2026-2027
13006,Joël Schingtienne,5,450,0,0.0,0,0.0950465574860572,0,2,3,0,D,Venezia,0,0.0,0.5072321984916925,0.4972417000681162,Serie A,2026-2027
13045,Eddy Kouadio,5,444,0,0.6976683735847473,0,0.7010137289762497,2,2,2,0,D,Monza,0,0.6976683735847473,1.9698238857090475,1.26881018653512,Serie A,2026-2027
13059,Jesús Rodriguez,3,147,0,0.844192735850811,0,0.2695176601409912,10,1,0,0,M S,Como,0,0.844192735850811,1.2047612443566322,0.3464980497956276,Serie A,2026-2027
13061,Benjamín Domínguez,4,78,0,0.0656388951465487,0,0.0,2,0,0,0,S,Sassuolo,0,0.0656388951465487,0.0656388951465487,0.0518095083534717,Serie A,2026-2027
13063,Konstantinos Koulierakis,2,26,0,0.0,0,0.0,0,0,1,0,S,Roma,0,0.0,0.227322369813919,0.227322369813919,Serie A,2026-2027
13083,Matías Moreno,3,172,0,0.3264281451702118,0,0.0,5,0,2,0,D S,Venezia,0,0.3264281451702118,0.2082206755876541,0.1832926347851753,Serie A,2026-2027
13097,Mandela Keita,5,438,0,0.0206253677606582,0,0.1388137564063072,1,3,1,0,F M,Parma Calcio 1913,0,0.0206253677606582,1.1940554827451706,1.0840884074568748,Serie A,2026-2027
13110,Toni Fernández,3,51,0,0.0,0,0.0,0,0,1,0,S,Venezia,0,0.0,0.0156725142151117,0.0156725142151117,Serie A,2026-2027
13136,Brooke Norton-Cuffy,2,180,0,0.0395742431282997,0,0.1347964704036712,1,4,0,0,D,Genoa,0,0.0395742431282997,0.3948412537574768,0.2548554576933384,Serie A,2026-2027
13151,Mattia Liberali,2,21,0,0.0918588265776634,0,0.0722536519169807,2,1,0,0,S,Como,0,0.0918588265776634,0.1641124784946441,0.0,Serie A,2026-2027
13202,Kerim-Sam Alajbegovic,4,230,0,0.2815477550029754,0,0.0,10,0,0,0,M S,Juventus,0,0.2815477550029754,0.649847973138094,0.4260030835866928,Serie A,2026-2027
13237,Massimo Pessina,1,90,0,0.0,0,0.0,0,0,0,0,GK,Bologna,0,0.0,0.0,0.0,Serie A,2026-2027
13389,Devyne Rensch,2,28,0,0.0,0,0.0,0,0,0,0,S,Roma,0,0.0,0.1393121182918548,0.1393121182918548,Serie A,2026-2027
13395,Danilo Veiga,5,450,0,0.0,1,0.7491965442895889,0,3,3,0,D,Lecce,0,0.0,0.7092321673408151,0.0315204756334424,Serie A,2026-2027
13443,Ivan Smolcic,2,29,0,0.0,0,0.0,0,0,0,0,S,Como,0,0.0,0.0600709728896617,0.0600709728896617,Serie A,2026-2027
13447,Oliver Provstgaard,5,450,0,0.0874807685613632,0,0.0168558042496442,1,1,1,0,D,Lazio,0,0.0874807685613632,2.1807909160852432,2.093310132622719,Serie A,2026-2027
13451,Konan N’Dri,5,195,0,0.1998478136956691,0,0.0,3,0,1,0,F S,Lecce,0,0.1998478136956691,0.8308273926377296,0.6309795789420605,Serie A,2026-2027
13478,Sebastian Otoa,2,87,0,0.0,0,0.0,0,0,1,0,D S,Genoa,0,0.0,0.0,0.0,Serie A,2026-2027
13543,Valde,4,231,0,0.1980566158890724,0,0.1808948703110218,2,3,0,0,D S,Fiorentina,0,0.1980566158890724,1.0734553337097168,0.753234326839447,Serie A,2026-2027
13599,Alessio Cacciamani,5,364,0,0.1314206570386886,1,0.4058611914515495,1,2,0,0,D M S,Torino,0,0.1314206570386886,1.325874663889408,1.1944539919495585,Serie A,2026-2027
13698,Rahim Alhassane,2,139,0,0.358102411031723,0,0.0886565148830413,2,3,0,0,D,Bologna,0,0.358102411031723,0.6687365472316742,0.2425966598093509,Serie A,2026-2027
13875,Jamil Siebert,5,382,0,0.0928325727581977,0,0.6219924688339233,1,2,1,0,D S,Lecce,0,0.0928325727581977,0.6787955434992909,0.0568030746653676,Serie A,2026-2027
13876,Corrie Ndaba,2,132,0,0.0,0,0.0,0,0,0,0,D S,Lecce,0,0.0,0.7237807512283325,0.7237807512283325,Serie A,2026-2027
13881,Noa Lang,4,184,0,0.3713891357183456,0,0.143160194158554,4,2,0,0,F M S,Napoli,0,0.3713891357183456,1.140768013894558,0.6469435468316078,Serie A,2026-2027
13891,Wesley,4,333,0,0.1505406126379966,1,1.6749088019132614,3,14,0,0,D M,Roma,0,0.1505406126379966,3.928932905197144,2.5707299783825874,Serie A,2026-2027
13894,Torbjørn Heggem,5,450,0,0.0907094851136207,0,0.1768352128565311,1,3,1,0,D,Bologna,0,0.0907094851136207,0.8979323357343674,0.8442025184631348,Serie A,2026-2027
13895,Ardon Jashari,3,74,0,0.5152838826179504,0,0.1351461261510849,1,2,0,0,M S,AC Milan,0,0.5152838826179504,1.0079005360603333,0.4507104344666004,Serie A,2026-2027
13946,João Mário,3,175,0,0.0,0,0.1495592258870601,0,2,0,0,D S,Fiorentina,0,0.0,0.4027688726782799,0.2992032393813133,Serie A,2026-2027
13948,Christian Ordóñez,4,210,0,0.1227978859096765,0,0.0422163493931293,4,2,0,0,M S,Parma Calcio 1913,0,0.1227978859096765,0.1163640562444925,0.0,Serie A,2026-2027
13956,Vakoun Bayo,4,82,0,0.9027885515242816,1,0.338272750377655,4,1,1,0,S,Udinese,0,0.9027885515242816,1.3838537782430649,0.1427924856543541,Serie A,2026-2027
13958,Lennon Miller,5,252,0,0.0838585197925567,0,0.1202911827713251,2,4,1,0,M S,Udinese,0,0.0838585197925567,1.224045407027006,1.1273708157241344,Serie A,2026-2027
13962,Rafik Belghali,3,97,0,0.0,1,0.5640427581965923,0,2,1,0,D S,Torino,0,0.0,0.6791033213958144,0.1150605706498026,Serie A,2026-2027
13964,Petar Sucic,4,185,0,0.0,0,0.1196672581136226,0,3,0,0,M S,Inter,0,0.0,1.0177166908979416,0.9921189695596696,Serie A,2026-2027
13969,Nikola Stulic,5,259,0,1.3301760703325272,0,0.0061641475185751,5,1,0,0,F S,Lecce,0,1.3301760703325272,1.4556632675230503,0.1193230496719479,Serie A,2026-2027
13979,Mariano Troilo,5,448,0,0.0,0,0.1567687727510929,0,2,2,0,D,Parma Calcio 1913,0,0.0,1.5091359838843346,1.5091359838843346,Serie A,2026-2027
13980,Sascha Britschgi,4,255,0,0.0127886645495891,0,0.0,1,0,0,0,D M S,Parma Calcio 1913,0,0.0127886645495891,1.1548713892698288,1.1420827358961103,Serie A,2026-2027
14019,Zé Pedro,5,408,0,0.3354292809963226,0,0.0656308252364397,1,2,1,0,D,Cagliari,0,0.3354292809963226,0.9032507427036762,0.8610522635281086,Serie A,2026-2027
14021,Benjamín Cremaschi,2,27,0,0.0,0,0.0,0,0,0,0,S,Parma Calcio 1913,0,0.0,0.0,0.0,Serie A,2026-2027
14065,Juan Rodríguez,5,398,0,0.0201353523880243,0,0.0467063151299953,1,2,0,0,D,Cagliari,0,0.0201353523880243,0.5155181922018528,0.4720809757709503,Serie A,2026-2027
14104,Laurs Skjellerup,1,6,0,0.0,0,0.0,0,0,0,0,S,Sassuolo,0,0.0,0.0,0.0,Serie A,2026-2027
14181,Abdou-Salam Konate,2,93,0,0.0114925447851419,0,0.0,1,0,1,0,M S,Parma Calcio 1913,0,0.0114925447851419,0.0241969749331474,0.0241969749331474,Serie A,2026-2027
14200,Tommaso Macchioni,1,75,0,0.0,0,0.0,0,0,0,0,D,Sassuolo,0,0.0,0.1774751543998718,0.1774751543998718,Serie A,2026-2027
14211,Yvan Maye,2,7,0,0.0148296523839235,0,0.0,1,0,0,0,S,Monza,0,0.0148296523839235,0.0353411994874477,0.0353411994874477,Serie A,2026-2027
14244,Simone Cinquegrano,5,450,0,0.4640753138810396,0,0.0863412320613861,6,2,0,0,D,Sassuolo,0,0.4640753138810396,1.678104653954506,1.4579216837882996,Serie A,2026-2027
14300,Emanuele Lulli,4,324,0,0.0629817768931388,0,0.802893191576004,1,4,0,0,D M,Roma,0,0.0629817768931388,2.656240552663803,2.35429148375988,Serie A,2026-2027
14325,Noel Törnqvist,1,90,0,0.0,0,0.0,0,0,0,0,GK,Monza,0,0.0,0.0955935716629028,0.0955935716629028,Serie A,2026-2027
14339,Omri Gandelman,1,1,0,0.0,0,0.0,0,0,0,0,S,Lecce,0,0.0,0.0,0.0,Serie A,2026-2027
14341,Kenneth Taylor,5,423,0,0.1917963773012161,0,0.4568362906575203,5,6,0,0,M,Lazio,0,0.1917963773012161,3.748165905475617,3.195503056049347,Serie A,2026-2027
14344,Dominik Drobnic,2,180,0,0.0,0,0.0,0,0,1,0,D,Parma Calcio 1913,0,0.0,0.0888072252273559,0.0888072252273559,Serie A,2026-2027
14347,Oumar Ngom,5,255,0,0.056029331870377,0,0.0719780046492815,4,3,1,0,M S,Lecce,0,0.056029331870377,0.8631355809047818,0.7665371121838689,Serie A,2026-2027
14380,Justin Bijlow,5,450,0,0.0,0,0.0316850431263446,0,1,0,0,GK,Genoa,0,0.0,0.8193721957504749,0.7876871526241302,Serie A,2026-2027
14382,Eivind Helland,3,240,0,0.1609902530908584,0,0.0,2,0,0,0,D,Bologna,0,0.1609902530908584,0.2597419917583465,0.2597419917583465,Serie A,2026-2027
14386,Juan Arizala,1,3,0,0.0,0,0.0,0,0,0,0,S,Udinese,0,0.0,0.0,0.0,Serie A,2026-2027
14412,Nesta Elphege,4,104,0,0.3500640504062176,1,0.4266127878800034,3,2,0,0,F S,Parma Calcio 1913,0,0.3500640504062176,0.5206098789349198,0.0205501336604356,Serie A,2026-2027
14426,Alex Amorim,4,105,0,0.0174750350415706,0,0.1011239252984523,1,3,1,0,M S,Genoa,0,0.0174750350415706,0.2542681619524956,0.2377453073859214,Serie A,2026-2027
14427,Alisson Santos,3,180,0,0.2320376969873905,0,0.1239089667797088,8,2,0,0,F S,Napoli,0,0.2320376969873905,0.4160445556044578,0.092083528637886,Serie A,2026-2027
14791,Adam Bakoune,4,151,0,0.0480223894119262,0,0.0264405254274606,1,1,0,0,D S,Monza,0,0.0480223894119262,0.1610147729516029,0.1129923835396766,Serie A,2026-2027
14792,Manga Foe Ondoa,3,178,0,0.1301434226334095,0,0.0884186215698719,4,2,0,0,M S,Monza,0,0.1301434226334095,0.8413707725703716,0.744226485490799,Serie A,2026-2027
14793,Mathis Mout,5,143,0,0.101295399479568,1,0.0691863894462585,3,1,0,0,M S,Monza,0,0.101295399479568,1.1803359491750598,1.0098541378974917,Serie A,2026-2027
14805,Rachid Kouda,1,12,0,0.0,0,0.0,0,0,0,0,S,Parma Calcio 1913,0,0.0,0.0,0.0,Serie A,2026-2027
14806,Ousmane Diallo,1,12,0,0.0,0,0.0,0,0,0,0,S,Parma Calcio 1913,0,0.0,0.0,0.0,Serie A,2026-2027
14809,Matija Frigan,2,75,0,0.1078725159168243,0,0.0923852510750293,1,2,0,0,S,Parma Calcio 1913,0,0.1078725159168243,0.8652998358011246,0.6650421023368835,Serie A,2026-2027
14810,Raphael Kofler,3,63,0,0.0461850464344024,0,0.0307694468647241,1,1,0,0,S,Cagliari,0,0.0461850464344024,0.0,0.0,Serie A,2026-2027
14846,Ethan Meichtry,4,39,0,0.4763538986444473,0,0.0095690600574016,2,1,0,0,S,Genoa,0,0.4763538986444473,0.6256455443799496,0.1397225707769394,Serie A,2026-2027
14847,Adam Zulevic,1,3,0,0.0,0,0.0,0,0,0,0,S,Genoa,0,0.0,0.0,0.0,Serie A,2026-2027
14848,David Puczka,1,27,0,0.0,0,0.0,0,0,0,0,S,Genoa,0,0.0,0.0577776208519935,0.0577776208519935,Serie A,2026-2027
14877,Matteo Dagasso,1,18,0,0.0,0,0.0,0,0,1,0,S,Venezia,0,0.0,0.0200285203754901,0.0200285203754901,Serie A,2026-2027
14878,Albion Rrahmani,4,77,0,0.1816231422126293,0,0.0,4,0,0,0,F S,Venezia,0,0.1816231422126293,0.1355052692815661,0.0272126486524939,Serie A,2026-2027
14879,Lion Lauberbach,3,31,0,0.0,0,0.0,0,0,0,0,S,Venezia,0,0.0,0.042765062302351,0.042765062302351,Serie A,2026-2027
14883,Lamine Fanne,1,17,0,0.0,0,0.0,0,0,0,0,S,Venezia,0,0.0,0.0180678162723779,0.0180678162723779,Serie A,2026-2027
14886,Paco Esteban,2,58,0,0.0,0,0.0,0,0,0,0,S,Lecce,0,0.0,0.0,0.0,Serie A,2026-2027
14887,Gabriele Calvani,5,437,0,0.1655998229980468,0,0.0,4,0,2,0,D,Frosinone,0,0.1655998229980468,1.2023299168795347,1.2023299168795347,Serie A,2026-2027
14889,Matteo Cichella,3,105,0,0.0339852012693882,0,0.0,1,0,0,0,M S,Frosinone,0,0.0339852012693882,0.218607023358345,0.1846218258142471,Serie A,2026-2027
14892,Anouar El Azzouzi,1,1,0,0.0,0,0.0,0,0,0,0,S,Frosinone,0,0.0,0.0,0.0,Serie A,2026-2027
14897,Diego Mascardi,2,180,0,0.0,0,0.0,0,0,0,0,GK,Torino,0,0.0,0.4411962330341339,0.4411962330341339,Serie A,2026-2027
14898,Kian Fitz-Jim,5,387,0,0.0261724810115993,0,1.082703523337841,2,8,0,0,M,Torino,0,0.0261724810115993,1.6313046654686332,1.0150353237986565,Serie A,2026-2027
14903,Fedde Leysen,5,375,0,0.0796719267964363,1,0.0961904004216194,2,1,1,0,D S,Sassuolo,0,0.0796719267964363,0.9132558479905128,0.9132558479905128,Serie A,2026-2027
14904,Gabriel Kulla,1,1,0,0.0,0,0.0,0,0,0,0,S,Sassuolo,0,0.0,0.0,0.0,Serie A,2026-2027
14910,Mikel Amondarain,3,93,0,0.0600223131477832,0,0.0108431940898299,1,1,1,0,M S,Bologna,0,0.0600223131477832,0.1466320073232054,0.0757665038108825,Serie A,2026-2027
14911,Marco Libra,2,70,0,0.0587614476680755,0,0.075320690870285,1,1,0,0,S,Bologna,0,0.0587614476680755,0.9791284874081612,0.8450463488698006,Serie A,2026-2027
14919,Christ Inao Oulaï,3,123,0,0.0152197433635592,0,0.1077482476830482,1,3,0,0,M S,Fiorentina,0,0.0152197433635592,0.3204778507351875,0.2611031755805015,Serie A,2026-2027
14920,Viery,4,253,0,0.0,0,0.0,0,0,0,0,D S,Fiorentina,0,0.0,0.7663361802697182,0.7663361802697182,Serie A,2026-2027
14987,Daniel Bîrligea,2,8,0,0.0,0,0.0,0,0,0,0,S,Frosinone,0,0.0,0.0535537749528884,0.0535537749528884,Serie A,2026-2027
15022,Josip Sutalo,2,176,0,0.0,0,0.0,0,0,0,0,D,Lazio,0,0.0,1.1858974695205688,1.1858974695205688,Serie A,2026-2027
15038,Pote,3,38,0,0.0938448756933212,0,0.0132061690092086,2,1,0,0,S,Fiorentina,0,0.0938448756933212,0.4525172412395477,0.3454661965370178,Serie A,2026-2027
15039,Daniel Bragança,3,129,0,0.0458454601466655,0,0.2740946412086487,2,1,1,0,M S,Torino,0,0.0458454601466655,0.3578432314097881,0.0379031486809253,Serie A,2026-2027
15053,Tomás Bobcek,1,16,0,0.068843126296997,0,0.0669570788741111,1,1,0,0,S,Frosinone,0,0.068843126296997,0.1678054481744766,0.100848376750946,Serie A,2026-2027
15060,Jay Enem,1,5,0,0.0285233799368143,0,0.0835487395524978,1,1,0,0,S,Bologna,0,0.0285233799368143,0.112072117626667,0.0,Serie A,2026-2027
15061,Alessandro Sugamele,1,14,0,0.2606746852397918,0,0.0,1,0,0,0,S,Cagliari,0,0.2606746852397918,0.4056450128555298,0.1449703276157379,Serie A,2026-2027
15062,Joël Monteiro,3,214,0,0.0204773051664233,0,0.0631813928484916,2,1,0,0,F M,Lecce,0,0.0204773051664233,0.0836586942896246,0.0,Serie A,2026-2027
15065,Giorgi Chakvetadze,2,59,0,0.0722348317503929,0,0.0,2,0,0,0,S,Udinese,0,0.0722348317503929,0.1928857136517763,0.1928857136517763,Serie A,2026-2027
15085,Justin Oboavwoduo,1,3,0,0.0,0,0.0,0,0,0,0,S,Juventus,0,0.0,0.0498780123889446,0.0498780123889446,Serie A,2026-2027
1236,Patrik Schick,4,264,4,3.68697002530098,1,0.2456714250147342,17,4,0,0,F S,Bayer Leverkusen,4,3.68697002530098,3.4775874614715576,0.3067683726549148,Bundesliga,2026-2027
9948,Michael Olise,4,301,4,2.242949180305004,1,1.4949720576405523,17,10,0,0,M S,Bayern Munich,4,2.242949180305004,5.137596428394318,3.3050111830234528,Bundesliga,2026-2027
11354,Yuito Suzuki,4,328,4,2.633862853050232,0,0.3482243865728378,8,8,1,0,M,Freiburg,4,2.633862853050232,3.407226860523224,1.1145900711417198,Bundesliga,2026-2027
11845,Phillip Tietz,4,360,4,3.051765114068985,0,0.5592273399233818,16,4,0,0,F,Mainz 05,4,3.051765114068985,4.90590512752533,1.9168154262006285,Bundesliga,2026-2027
14329,Younes Ebnoutalib,4,283,4,2.8334842324256897,1,0.9229617118835448,11,5,1,0,F S,Eintracht Frankfurt,4,2.8334842324256897,3.384382784366608,0.2451100870966911,Bundesliga,2026-2027
171,Michael Gregoritsch,4,299,3,2.2479757964611053,0,0.2101254165172577,9,4,0,0,F,Augsburg,3,2.2479757964611053,2.5676000863313675,0.7114379554986954,Bundesliga,2026-2027
647,Harry Kane,4,296,3,2.473833464086056,1,1.1836668029427528,16,8,0,0,F S,Bayern Munich,2,1.7160567864775658,3.831744074821472,1.0573411211371422,Bundesliga,2026-2027
6098,Niclas Füllkrug,4,312,3,1.539030684158206,0,0.5970743000507355,11,6,0,0,F,Werder Bremen,3,1.539030684158206,2.14837346971035,0.9273220002651216,Bundesliga,2026-2027
7108,Jonathan Burkardt,4,331,3,2.480279430747032,1,0.9838994108140467,11,6,0,0,F,Eintracht Frankfurt,3,2.480279430747032,3.698265999555588,1.0367700345814228,Bundesliga,2026-2027
12953,Igor Matanovic,4,329,3,1.44879137724638,1,0.8138673678040504,15,4,0,0,F,Freiburg,3,1.44879137724638,2.3857316076755524,0.2576732486486435,Bundesliga,2026-2027
14946,Maurice Krattenmacher,4,129,3,2.2745283730328083,0,0.0163706503808498,8,1,0,0,S,Elversberg,3,2.2745283730328083,2.4262233413755894,0.1353243142366409,Bundesliga,2026-2027
125,Maximilian Eggestein,4,360,2,1.0633641369640827,0,0.1550192274153232,9,3,0,0,M,Freiburg,2,1.0633641369640827,3.035954743623733,2.222641870379448,Bundesliga,2026-2027
3738,Serhou Guirassy,4,345,2,1.9691947549581528,2,1.4575237780809402,13,7,0,0,F,Borussia Dortmund,2,1.9691947549581528,4.039689779281616,0.7276188433170319,Bundesliga,2026-2027
6626,Joshua Vagnoman,4,356,2,0.8082106709480286,1,0.5980321392416954,6,7,0,0,D,VfB Stuttgart,2,0.8082106709480286,2.042500138282776,0.6841587424278259,Bundesliga,2026-2027
6708,Bote Baku,4,266,2,0.982661873102188,0,0.0463986843824386,5,1,0,0,D S,RasenBallsport Leipzig,2,0.982661873102188,2.054943822324276,1.4262244626879692,Bundesliga,2026-2027
7882,Sheraldo Becker,4,297,2,0.9776402562856674,3,2.46195051074028,12,6,1,0,F,Mainz 05,2,0.9776402562856674,3.475476555526257,0.0622208341956138,Bundesliga,2026-2027
8778,Fabio Silva,3,108,2,0.6914614140987396,0,0.0,4,0,0,0,M S,Borussia Dortmund,2,0.6914614140987396,1.085658609867096,0.3941971957683563,Bundesliga,2026-2027
9202,Felix Nmecha,4,237,2,0.8446977585554123,0,0.3375890851020813,6,5,0,0,M S,Borussia Dortmund,2,0.8446977585554123,1.7227595821022987,1.0873115062713623,Bundesliga,2026-2027
10497,Yannick Engelhardt,4,353,2,1.0842758491635325,0,0.0180628951638937,8,1,1,0,M,Freiburg,2,1.0842758491635325,1.6406834535300732,1.410199737176299,Bundesliga,2026-2027
10774,Adam Hlozek,4,279,2,2.0860458612442017,0,0.0910293590277433,13,2,0,0,F M,Hoffenheim,2,2.0860458612442017,3.2553403303027157,1.078265056014061,Bundesliga,2026-2027
10794,Thijs Dallinga,3,156,2,2.2601040601730347,0,0.4180562198162079,9,2,0,0,F S,FC Cologne,2,1.5023273527622223,2.211319275200367,0.5347824729979038,Bundesliga,2026-2027
10926,Tim Skarke,4,101,2,1.6857146508991718,0,0.499706057831645,6,4,0,0,S,Union Berlin,2,1.6857146508991718,1.354127872735262,0.0711081847548484,Bundesliga,2026-2027
12924,Marco Grüll,4,356,2,0.8733147978782654,3,0.8111602813005447,10,9,1,0,D F M,Werder Bremen,2,0.8733147978782654,1.144240364432335,0.4697355180978775,Bundesliga,2026-2027
12941,Antonio Nusa,4,347,2,0.4768502749502659,2,2.032667726278305,10,7,2,0,F M,RasenBallsport Leipzig,2,0.4768502749502659,2.6659039929509163,0.9538654647767544,Bundesliga,2026-2027
12954,Can Uzun,4,337,2,2.246850654482841,0,0.6125961318612099,8,12,0,0,M,Eintracht Frankfurt,2,2.246850654482841,4.069633603096008,1.625704064965248,Bundesliga,2026-2027
13289,David Mokwa,4,322,2,1.2336611896753311,0,0.3519095964729786,4,3,0,0,F,Elversberg,2,1.2336611896753311,1.6208732277154922,0.1070783752948045,Bundesliga,2026-2027
13856,Christian Kofane,4,129,2,1.0511728078126907,0,0.0877198874950409,8,1,0,0,F S,Bayer Leverkusen,2,1.0511728078126907,1.381284400820732,0.4160344302654266,Bundesliga,2026-2027
13865,Robin Fellhauer,4,308,2,1.1914054602384567,0,0.3258842527866363,6,4,0,0,M,Augsburg,2,1.1914054602384567,2.7606285214424133,1.349087405949831,Bundesliga,2026-2027
14024,Adam Daghim,4,348,2,0.5133925229310989,2,2.029114540666342,6,9,0,0,M,Hoffenheim,2,0.5133925229310989,3.509663552045822,1.0917058736085892,Bundesliga,2026-2027
14428,Hugo Bolin,4,317,2,1.9034023731946943,0,0.4062884207814932,12,5,1,0,F M,Borussia M.Gladbach,2,1.9034023731946943,1.975482851266861,0.6612504124641418,Bundesliga,2026-2027
28,Mitchell Weiser,2,25,1,0.37130007147789,0,0.0,2,0,0,0,S,Werder Bremen,1,0.37130007147789,0.37130007147789,0.0,Bundesliga,2026-2027
249,Danny da Costa,4,142,1,0.7935880720615387,0,0.2089899405837059,6,4,0,0,D S,Mainz 05,1,0.7935880720615387,0.7795591577887535,0.6375843584537506,Bundesliga,2026-2027
419,Maximilian Mittelstädt,4,348,1,0.4630491472780704,1,2.1613057255744934,5,14,1,0,D,VfB Stuttgart,1,0.4630491472780704,2.1670867204666138,1.0327541083097458,Bundesliga,2026-2027
1648,Emmanuel Latte Lath,4,259,1,0.3593292310833931,0,0.0,4,0,0,0,F,Union Berlin,1,0.3593292310833931,0.0,0.0,Bundesliga,2026-2027
3300,Christopher Nkunku,4,255,1,0.9921219795942308,1,0.5091090872883797,8,5,0,0,F M S,RasenBallsport Leipzig,1,0.9921219795942308,1.9255070090293884,0.5054228901863098,Bundesliga,2026-2027
4340,Grischa Prömel,4,355,1,0.5735162794589996,0,0.0946011990308761,9,2,1,0,M,VfB Stuttgart,1,0.5735162794589996,1.4661411195993423,0.9495081305503844,Bundesliga,2026-2027
5243,Dayotchanculle Upamecano,4,318,1,0.7754357680678368,0,0.0952352471649646,3,2,2,0,D,Bayern Munich,1,0.7754357680678368,2.2652277648448944,2.192600816488266,Bundesliga,2026-2027
5250,Yussuf Poulsen,3,96,1,1.177872434258461,0,0.0338766761124134,4,1,0,0,F S,Hamburger SV,1,1.177872434258461,1.2117492109537125,0.0,Bundesliga,2026-2027
5257,Willi Orban,4,360,1,2.0348567981272936,0,0.0,8,0,0,0,D,RasenBallsport Leipzig,1,2.0348567981272936,2.443290263414383,2.443290263414383,Bundesliga,2026-2027
5752,Alexis Claude Maurice,3,93,1,0.165534246712923,1,0.2723761722445488,4,3,0,0,S,Augsburg,1,0.165534246712923,0.4748833477497101,0.1856288164854049,Bundesliga,2026-2027
6155,Robin Gosens,4,247,1,0.348859503865242,0,0.0299038607627153,4,1,0,0,D S,Schalke 04,1,0.348859503865242,0.4326049536466598,0.0837454572319984,Bundesliga,2026-2027
6496,Ermedin Demirovic,4,206,1,1.4139789529144764,0,0.2960838973522186,8,1,1,0,F M S,VfB Stuttgart,1,1.4139789529144764,1.725792475044727,0.0513480268418788,Bundesliga,2026-2027
6638,Linton Maina,4,249,1,0.1446373350918293,1,0.7410402372479439,4,6,0,0,F M S,FC Cologne,1,0.1446373350918293,1.531585156917572,1.2135544009506702,Bundesliga,2026-2027
7065,Florian Neuhaus,1,70,1,0.3989500403404236,0,0.1827801167964935,2,4,1,0,M,Borussia M.Gladbach,1,0.3989500403404236,0.5284099578857422,0.0,Bundesliga,2026-2027
7106,Philipp Mwene,4,347,1,1.06684298068285,1,0.4040522500872612,4,3,3,0,D M,Mainz 05,1,1.06684298068285,2.4478605538606644,1.4009801149368286,Bundesliga,2026-2027
7366,Maximilian Wöber,4,76,1,0.589418888092041,0,0.0,1,0,0,0,S,Schalke 04,1,0.589418888092041,0.589418888092041,0.0,Bundesliga,2026-2027
7376,Ozan Kabak,4,352,1,0.5801033191382885,0,0.4028459191322326,5,1,2,0,D,Hoffenheim,1,0.5801033191382885,2.8177316188812256,2.4148857593536377,Bundesliga,2026-2027
7879,Marius Bülter,4,113,1,1.7390548139810562,0,0.1351277586072683,5,2,0,0,M S,FC Cologne,1,1.7390548139810562,1.6320837382227182,0.0,Bundesliga,2026-2027
7980,Adil Aouchiche,4,334,1,1.1180583387613297,0,1.648800991475582,10,9,0,0,M,Schalke 04,1,1.1180583387613297,2.1556902825832367,0.4012268111109733,Bundesliga,2026-2027
8137,Maximilian Beier,4,269,1,2.41842257976532,1,0.6256325840950012,10,3,1,0,D M S,Borussia Dortmund,1,2.41842257976532,2.9887828528881077,0.4829890727996826,Bundesliga,2026-2027
8407,Tim Lemperle,3,203,1,1.317261530086398,0,0.259142005816102,8,6,0,0,F S,Hoffenheim,1,1.317261530086398,1.8470260053873064,0.2874959763139486,Bundesliga,2026-2027
8418,Jamal Musiala,3,141,1,0.254471193999052,1,0.2241113204509019,5,5,0,0,M S,Bayern Munich,1,0.254471193999052,1.1098923087120056,0.768725723028183,Bundesliga,2026-2027
8513,Miguel Gutiérrez,4,354,1,0.2167127355933189,3,2.147738866508007,4,10,1,0,D,Bayer Leverkusen,1,0.2167127355933189,3.624792158603668,1.9316166043281555,Bundesliga,2026-2027
8664,Facundo Medina,4,282,1,0.6744768023490906,0,0.0,2,0,1,0,D S,Bayer Leverkusen,1,0.6744768023490906,1.7625572383403778,1.7625572383403778,Bundesliga,2026-2027
8826,Rocco Reitz,1,84,1,0.4049224853515625,0,0.2427782416343689,2,3,0,0,M,RasenBallsport Leipzig,1,0.4049224853515625,0.9507325291633606,0.5396168231964111,Bundesliga,2026-2027
8869,Ragnar Ache,4,189,1,0.8789453655481339,0,0.3179967403411865,8,5,0,0,F S,FC Cologne,1,0.8789453655481339,1.0538320764899254,0.1382438912987709,Bundesliga,2026-2027
9053,Eric Martel,1,19,1,0.5054328441619873,0,0.0,1,0,0,0,S,Mainz 05,1,0.5054328441619873,0.0198947116732597,0.0198947116732597,Bundesliga,2026-2027
9127,Lukas Petkov,4,358,1,0.6122137308120728,1,1.193274350836873,7,4,0,0,M,Elversberg,1,0.6122137308120728,1.7834473699331284,0.2497127503156662,Bundesliga,2026-2027
9201,Eren Sami Dinkci,4,229,1,0.741040475666523,0,0.0,5,0,0,0,F M S,Werder Bremen,1,0.741040475666523,1.303636685013771,0.6604270935058594,Bundesliga,2026-2027
9227,Steffen Tigges,4,129,1,0.7254147380590439,0,0.0441353730857372,8,1,0,0,S,Paderborn,1,0.7254147380590439,0.711114376783371,0.0416519083082675,Bundesliga,2026-2027
9674,Joe Scally,4,264,1,0.2210640823468566,0,0.1403748542070388,3,1,1,0,D S,Borussia M.Gladbach,1,0.2210640823468566,0.4747269451618194,0.1260868608951568,Bundesliga,2026-2027
10288,Anton Kade,1,90,1,1.930835008621216,1,0.9802594780921936,6,2,0,0,M,Augsburg,1,1.930835008621216,2.6802303791046143,0.1027551963925361,Bundesliga,2026-2027
10408,Luis Díaz,4,265,1,2.731954887509346,0,0.5098076015710831,12,5,0,0,M S,Bayern Munich,1,2.731954887509346,4.56046736240387,1.6321091130375862,Bundesliga,2026-2027
10860,Derry Scherhant,4,306,1,0.6429601684212685,2,0.77114138007164,12,9,0,0,M,Freiburg,1,0.6429601684212685,0.996938556432724,0.3247623965144157,Bundesliga,2026-2027
11484,Ibrahim Maza,4,360,1,1.068882942199707,1,1.847407290711999,17,13,2,0,M,Bayer Leverkusen,1,1.068882942199707,3.9715790450572968,2.6138243786990643,Bundesliga,2026-2027
11547,Aleksandar Pavlovic,4,316,1,0.897323727607727,1,0.7928174138069153,6,7,1,0,M,Bayern Munich,1,0.897323727607727,4.031772315502167,2.855535447597504,Bundesliga,2026-2027
12038,Fabian Rieder,4,354,1,0.2515281438827514,3,1.135966643691063,6,5,1,0,M,Augsburg,1,0.2515281438827514,2.0799580216407776,0.9218230992555618,Bundesliga,2026-2027
12418,Rodrigo Ribeiro,4,61,1,0.6474288254976273,0,0.0,3,0,0,0,S,Augsburg,1,0.6474288254976273,0.6474288254976273,0.0,Bundesliga,2026-2027
12920,Leopold Querfeld,3,270,1,0.4578149542212486,1,0.9684152528643608,3,4,0,0,D,Union Berlin,1,0.4578149542212486,0.8657841980457306,0.834092766046524,Bundesliga,2026-2027
12934,Shuto Machino,2,44,1,0.9578513987362384,0,0.0,5,0,1,0,S,Borussia M.Gladbach,0,0.2000747360289096,0.1271564923226833,0.0613806881010532,Bundesliga,2026-2027
13020,Bilal El Khannouss,4,198,1,0.3480701074004173,0,0.709451787173748,6,3,0,0,M S,VfB Stuttgart,1,0.3480701074004173,1.4265911132097244,0.5869610458612442,Bundesliga,2026-2027
13131,Cole Campbell,4,272,1,0.5927135720849037,0,0.5046383440494537,6,3,1,0,M,Elversberg,1,0.5927135720849037,1.0432921051979065,0.1353243142366409,Bundesliga,2026-2027
13442,Tidiam Gomis,4,231,1,1.0850507840514183,2,0.6302493028342724,10,6,0,0,F S,RasenBallsport Leipzig,1,1.0850507840514183,2.6561764143407345,1.13478222489357,Bundesliga,2026-2027
13573,Lennart Karl,3,134,1,0.5709875542670488,0,0.0,4,0,0,0,M S,Bayern Munich,1,0.5709875542670488,0.6896452028304338,0.1186576262116432,Bundesliga,2026-2027
13852,Rômulo,2,85,1,0.9309727251529694,0,0.0,2,0,0,0,F S,RasenBallsport Leipzig,1,0.9309727251529694,0.9685613214969636,0.0375885851681232,Bundesliga,2026-2027
13861,Leon Avdullahu,4,350,1,0.0565049555152654,0,0.2150672152638435,3,3,0,0,M,Hoffenheim,1,0.0565049555152654,1.4992464482784271,1.442741498351097,Bundesliga,2026-2027
13911,Said El Mala,3,170,1,0.9860188513994216,0,0.3372024837881326,10,4,0,0,F M S,FC Cologne,1,0.9860188513994216,1.979182982817292,0.8675533086061478,Bundesliga,2026-2027
13923,Nicolás Capaldo,4,360,1,0.6041793078184128,0,0.3524010181427002,2,2,1,0,D,Hamburger SV,1,0.6041793078184128,1.2780068516731262,0.9256058633327484,Bundesliga,2026-2027
13925,Ransford Königsdörffer,4,91,1,0.6308956369757652,0,0.0733990594744682,5,1,1,0,S,Mainz 05,1,0.6308956369757652,1.1660413593053818,0.5351457521319389,Bundesliga,2026-2027
14008,Ezequiél Fernández,4,283,1,0.927240077406168,0,0.5515298657119274,5,4,0,0,M,Bayer Leverkusen,1,0.927240077406168,2.7888986617326736,1.3820709362626076,Bundesliga,2026-2027
14937,Ismael Saibari,4,182,1,1.3305343762040138,2,1.601159751415253,8,6,0,0,F M S,Bayern Munich,1,1.3305343762040138,2.299703299999237,1.5370919108390808,Bundesliga,2026-2027
14943,Felix Keidel,4,348,1,0.1116600204259157,0,0.6518055647611618,3,5,2,0,M,Elversberg,1,0.1116600204259157,0.8216334134340286,0.4979634415358305,Bundesliga,2026-2027
14958,Santiago Castañeda,4,360,1,0.1860274076461792,0,0.1073603667318821,5,2,1,0,M,Paderborn,1,0.1860274076461792,0.5946526834741235,0.4316920610144734,Bundesliga,2026-2027
14959,Stefano Marino,4,218,1,0.8155886568129063,0,0.0971003528684377,6,2,0,0,F S,Paderborn,1,0.8155886568129063,1.3174049519002438,0.404715895652771,Bundesliga,2026-2027
14966,Isac Lidberg,4,148,1,0.5452375933527946,0,0.0110778231173753,4,1,0,0,F S,Borussia M.Gladbach,1,0.5452375933527946,0.747275285422802,0.1909598559141159,Bundesliga,2026-2027
15005,Dariusz Stalmach,3,65,1,0.383753627538681,0,0.0574135147035121,1,1,0,0,S,Werder Bremen,1,0.383753627538681,0.0574135147035121,0.0,Bundesliga,2026-2027
15010,Calvin Brackelmann,4,350,1,0.1551059037446975,0,0.1072322949767112,3,2,0,0,D,Augsburg,1,0.1551059037446975,1.7903431579470634,1.6850874349474907,Bundesliga,2026-2027
37,Loris Karius,4,360,0,0.0,0,0.0,0,0,1,0,GK,Schalke 04,0,0.0,0.2010393999516964,0.2010393999516964,Bundesliga,2026-2027
73,Oliver Baumann,4,360,0,0.0,0,0.0,0,0,0,0,GK,Hoffenheim,0,0.0,0.5022662356495857,0.5022662356495857,Bundesliga,2026-2027
82,Nadiem Amiri,4,358,0,1.506779134273529,0,0.9580308347940444,7,14,0,0,M,Mainz 05,0,0.7490024715662003,2.3783790171146397,1.493487611413002,Bundesliga,2026-2027
98,Kenan Karaman,3,176,0,0.2366464957594871,0,0.8602993786334991,3,8,0,0,M S,Schalke 04,0,0.2366464957594871,1.8064773380756376,0.8287243247032166,Bundesliga,2026-2027
106,Waldemar Anton,4,360,0,0.0257819946855306,1,0.3281733691692352,1,1,0,0,D,Borussia Dortmund,0,0.0257819946855306,1.9545432180166245,1.6005878560245037,Bundesliga,2026-2027
183,Jonathan Tah,3,185,0,0.6513108611106873,0,0.0,2,0,0,0,D S,Bayern Munich,0,0.6513108611106873,1.4392401576042175,1.4392401576042175,Bundesliga,2026-2027
217,Manuel Neuer,3,270,0,0.0,0,0.2954422235488891,0,1,0,0,GK,Bayern Munich,0,0.0,1.5020889956504109,1.2066467721015215,Bundesliga,2026-2027
223,Joshua Kimmich,4,290,0,0.0214388892054557,2,1.8703959919512272,1,7,0,0,M S,Bayern Munich,0,0.0214388892054557,3.9736518263816833,3.4573755711317062,Bundesliga,2026-2027
269,Dominik Kohr,1,81,0,0.0207742881029844,0,0.0,1,0,0,0,D,Mainz 05,0,0.0207742881029844,0.316193014383316,0.2954187095165252,Bundesliga,2026-2027
294,Gian-Luca Waldschmidt,1,7,0,0.0,0,0.0,0,0,0,0,S,FC Cologne,0,0.0,0.3256404399871826,0.3256404399871826,Bundesliga,2026-2027
315,Matthias Ginter,4,360,0,0.7122485972940922,3,0.8027232103049755,9,8,0,0,D,Freiburg,0,0.7122485972940922,1.3125544264912603,1.1366237625479698,Bundesliga,2026-2027
320,Jonas Hofmann,1,23,0,0.0228260327130556,0,0.0638600289821624,1,2,0,0,S,Bayer Leverkusen,0,0.0228260327130556,0.4564966857433319,0.3989892601966858,Bundesliga,2026-2027
359,Timothy Chandler,2,21,0,0.044931273907423,0,0.0,1,0,0,0,S,Eintracht Frankfurt,0,0.044931273907423,0.0976108759641647,0.0526795983314514,Bundesliga,2026-2027
422,Mario Götze,3,99,0,0.0,1,1.109265148639679,0,3,1,0,M S,Eintracht Frankfurt,0,0.0,1.7442795038223269,1.5848910212516785,Bundesliga,2026-2027
435,Benjamin Henrichs,3,94,0,0.102866418659687,0,0.0837036222219467,2,1,1,0,D S,RasenBallsport Leipzig,0,0.102866418659687,0.5780687164515257,0.3914986830204725,Bundesliga,2026-2027
449,Robin Zentner,2,180,0,0.0,0,0.0,0,0,0,0,GK,Mainz 05,0,0.0,0.0842486545443534,0.0842486545443534,Bundesliga,2026-2027
956,Andrej Kramaric,4,29,0,0.0284849908202886,0,0.0,1,0,1,0,S,Hoffenheim,0,0.0284849908202886,0.9346228279173374,0.9346228279173374,Bundesliga,2026-2027
993,Serge Gnabry,1,11,0,0.1324673146009445,0,0.0,1,0,0,0,S,Bayern Munich,0,0.1324673146009445,0.1324673146009445,0.0,Bundesliga,2026-2027
1055,Aleix García,4,360,0,0.297076091170311,0,0.7776440130546689,6,13,0,0,M,Bayer Leverkusen,0,0.297076091170311,3.0616118609905243,2.7832458913326263,Bundesliga,2026-2027
1139,Silvan Widmer,1,16,0,0.0,0,0.3273041844367981,0,1,0,0,S,Mainz 05,0,0.0,0.3273041844367981,0.0,Bundesliga,2026-2027
1253,Edin Dzeko,3,84,0,0.1366264969110489,0,0.0,3,0,0,0,F S,Schalke 04,0,0.1366264969110489,0.1078323721885681,0.0382534228265285,Bundesliga,2026-2027
1427,Kevin Diks,4,360,0,0.7883824501186609,0,0.0229788143187761,3,1,2,0,D,Borussia M.Gladbach,0,0.0306057725101709,0.7759251296520233,0.7759251296520233,Bundesliga,2026-2027
2253,Lucas Vázquez,4,67,0,0.0,0,0.0522941462695598,0,1,0,0,D S,Bayer Leverkusen,0,0.0,0.097068578004837,0.097068578004837,Bundesliga,2026-2027
2611,Philipp Lienhart,4,340,0,0.0393113195896148,0,0.1527895592153072,1,3,1,0,D,Freiburg,0,0.0393113195896148,1.2679974138736725,1.2084659039974213,Bundesliga,2026-2027
2665,Jeffrey Gouweleeuw,3,11,0,0.0,0,0.0,0,0,0,0,S,Augsburg,0,0.0,0.0833964422345161,0.0833964422345161,Bundesliga,2026-2027
2693,Marius Wolf,4,318,0,0.1449825912714004,0,2.7187819108366966,2,9,0,0,D,Augsburg,0,0.1449825912714004,2.461963325738907,0.990013413131237,Bundesliga,2026-2027
3314,Franck Honorat,4,246,0,0.1040170425549149,2,1.2510758638381958,4,11,0,0,M S,Borussia M.Gladbach,0,0.1040170425549149,1.447546385228634,0.4133520368486643,Bundesliga,2026-2027
3347,Ellyes Skhiri,4,248,0,0.6003972664475441,2,0.5576365441083908,3,5,1,0,M S,FC Cologne,0,0.6003972664475441,3.1668902933597565,2.664437234401703,Bundesliga,2026-2027
3349,Ramy Bensebaini,2,17,0,0.0,0,0.0,0,0,0,0,S,Borussia Dortmund,0,0.0,0.0,0.0,Bundesliga,2026-2027
3624,Florian Le Joncour,1,6,0,0.0,0,0.0,0,0,0,0,S,Elversberg,0,0.0,0.0,0.0,Bundesliga,2026-2027
4271,Janik Haberer,4,97,0,0.407137868925929,0,0.0,3,0,0,0,M S,Union Berlin,0,0.407137868925929,0.4487760253250599,0.041638147085905,Bundesliga,2026-2027
4376,Marvin Schwäbe,4,360,0,0.0,0,0.0,0,0,0,0,GK,FC Cologne,0,0.0,1.3093480113893747,1.3093480113893747,Bundesliga,2026-2027
5225,Bakery Jatta,3,96,0,0.0,0,0.0,0,0,0,0,D S,Hamburger SV,0,0.0,0.3937684595584869,0.3937684595584869,Bundesliga,2026-2027
5229,Raphael Obermair,4,333,0,0.1303481832146644,0,0.1510304920375347,4,4,0,0,D M,Paderborn,0,0.1303481832146644,0.3925780225545168,0.3042249567806721,Bundesliga,2026-2027
5238,Jordan Torunarigha,4,311,0,0.0,0,0.0,0,0,0,0,D,Hamburger SV,0,0.0,0.9587803035974504,0.9587803035974504,Bundesliga,2026-2027
5245,Bernardo,1,54,0,0.0,0,0.0,0,0,0,0,D,Hoffenheim,0,0.0,0.0319970361888408,0.0319970361888408,Bundesliga,2026-2027
5248,Marcel Sabitzer,4,64,0,0.3705709874629974,1,0.1317783892154693,1,1,0,0,S,Borussia Dortmund,0,0.3705709874629974,0.9484206438064576,0.4460712373256683,Bundesliga,2026-2027
5251,Rani Khedira,4,360,0,0.0,0,0.0786971896886825,0,1,1,0,M,Union Berlin,0,0.0,0.0782661437988281,0.0782661437988281,Bundesliga,2026-2027
5262,Alexander Schwolow,2,180,0,0.0,0,0.0362512432038784,0,1,1,0,GK,Mainz 05,0,0.0,1.9156276285648344,1.879376441240311,Bundesliga,2026-2027
5263,Lukas Kübler,4,109,0,0.0573288276791572,0,0.0290816035121679,2,1,0,0,D S,Freiburg,0,0.0573288276791572,0.1885311938822269,0.1400135643780231,Bundesliga,2026-2027
5266,Vincenzo Grifo,3,54,0,0.0594864692538976,0,0.4993942230939865,2,2,0,0,S,Freiburg,0,0.0594864692538976,1.408216953277588,0.8907598555088043,Bundesliga,2026-2027
5283,Daniel Heuer Fernandes,4,360,0,0.0,0,0.0142142511904239,0,1,0,0,GK,Hamburger SV,0,0.0,0.6791879311203957,0.6649736799299717,Bundesliga,2026-2027
5288,Gregor Kobel,4,360,0,0.0,0,0.0,0,0,0,0,GK,Borussia Dortmund,0,0.0,0.3133509680628776,0.3133509680628776,Bundesliga,2026-2027
5305,Felix Götze,1,15,0,0.0,0,0.0,0,0,0,0,S,Paderborn,0,0.0,0.0,0.0,Bundesliga,2026-2027
5329,Stefan Posch,3,269,0,0.0335793355479836,0,0.0997944548726081,2,1,1,0,D,Mainz 05,0,0.0335793355479836,2.104218453168869,2.091192811727524,Bundesliga,2026-2027
5340,Marco Friedl,4,360,0,0.0708101298660039,0,0.0759554952383041,2,1,0,0,D,Werder Bremen,0,0.0708101298660039,1.2610818445682526,1.1851263493299484,Bundesliga,2026-2027
5611,Martin Terrier,1,12,0,0.0525394901633262,0,0.0,1,0,0,0,S,Bayer Leverkusen,0,0.0525394901633262,0.0525394901633262,0.0,Bundesliga,2026-2027
6070,Moussa Sylla,3,207,0,1.2578149959445,0,0.1572283655405044,5,2,0,0,F S,Schalke 04,0,1.2578149959445,1.0443177595734596,0.228528194129467,Bundesliga,2026-2027
6100,Felix Uduokhai,3,270,0,0.1336199697107076,0,0.0607453510165214,2,1,3,0,D,Union Berlin,0,0.1336199697107076,0.083868458867073,0.083868458867073,Bundesliga,2026-2027
6109,Konrad Laimer,2,180,0,0.4221097081899643,0,0.0760975182056427,2,2,0,0,D,Bayern Munich,0,0.4221097081899643,1.7030102610588074,1.2489219307899475,Bundesliga,2026-2027
6142,Tim Kleindienst,3,222,0,0.5264666527509689,0,0.1545908562839031,6,2,0,1,F,Borussia M.Gladbach,0,0.5264666527509689,1.148944079875946,0.5079975351691246,Bundesliga,2026-2027
6273,Robin Koch,4,360,0,0.234019954688847,1,0.6606223694980145,5,2,0,0,D,Eintracht Frankfurt,0,0.234019954688847,2.183977499604225,2.183977499604225,Bundesliga,2026-2027
6321,Moritz Nicolas,4,360,0,0.0,0,0.0,0,0,0,0,GK,Borussia M.Gladbach,0,0.0,0.462929755449295,0.462929755449295,Bundesliga,2026-2027
6351,Robin Hack,4,153,0,0.0935562327504158,0,0.1093290150165557,2,2,0,0,M S,Borussia M.Gladbach,0,0.0935562327504158,0.269800066947937,0.066914826631546,Bundesliga,2026-2027
6380,Anthony Caci,4,292,0,0.6956066340208054,1,0.7637418881058693,4,5,1,0,D M,Mainz 05,0,0.6956066340208054,2.715879276394844,1.7760195061564443,Bundesliga,2026-2027
6415,Nikolas Nartey,1,5,0,0.0,0,0.0,0,0,0,0,S,VfB Stuttgart,0,0.0,0.2054890394210815,0.2054890394210815,Bundesliga,2026-2027
6449,Chris Führich,3,205,0,0.0,0,0.8422233909368515,0,5,0,0,D M,VfB Stuttgart,0,0.0,1.1571136638522148,0.4374128505587578,Bundesliga,2026-2027
6475,Lucas Höler,3,32,0,0.472008615732193,0,0.0583260208368301,1,2,1,0,S,Freiburg,0,0.472008615732193,0.6332564577460289,0.1316002551466226,Bundesliga,2026-2027
6556,Moussa Diaby,3,202,0,0.9467812478542328,0,0.3796659782528877,9,4,0,0,M S,Bayer Leverkusen,0,0.9467812478542328,1.3501780927181244,0.1513237729668617,Bundesliga,2026-2027
6596,Finn Dahmen,4,360,0,0.0,0,0.0,0,0,0,0,GK,Augsburg,0,0.0,1.2665362656116486,1.2665362656116486,Bundesliga,2026-2027
7030,Fabian Bredlow,4,360,0,0.0,0,0.0,0,0,0,0,GK,VfB Stuttgart,0,0.0,0.4099550545215606,0.4099550545215606,Bundesliga,2026-2027
7047,Mark Flekken,4,360,0,0.0,0,0.0,0,0,0,0,GK,Bayer Leverkusen,0,0.0,0.6498848237097263,0.6498848237097263,Bundesliga,2026-2027
7048,Frederik Rönnow,3,270,0,0.0,0,0.0,0,0,0,0,GK,Union Berlin,0,0.0,0.0293165128678083,0.0293165128678083,Bundesliga,2026-2027
7058,Kevin Stöger,3,157,0,0.0,0,0.2067146450281143,0,3,1,0,M S,Borussia M.Gladbach,0,0.0,0.1392843574285507,0.1392843574285507,Bundesliga,2026-2027
7075,Borna Sosa,1,24,0,0.0,0,0.0,0,0,0,0,S,FC Cologne,0,0.0,0.0329788662493228,0.0329788662493228,Bundesliga,2026-2027
7264,Han-Noah Massengo,4,321,0,0.1425620913505554,1,0.8367952555418015,1,5,1,0,M,Augsburg,0,0.1425620913505554,2.191621735692024,1.2835203483700752,Bundesliga,2026-2027
7267,Woo-Yeong Jeong,4,199,0,0.2706939503550529,0,0.6054920069873333,6,4,0,0,F M S,Union Berlin,0,0.2706939503550529,0.3969281651079654,0.0237756837159395,Bundesliga,2026-2027
7320,Amos Pieper,4,351,0,0.1636335169896483,0,0.0156491734087467,4,1,0,0,D,Werder Bremen,0,0.1636335169896483,1.3184840232133863,1.302850320935249,Bundesliga,2026-2027
7345,Alphonso Davies,4,270,0,0.1110955774784088,2,1.8705031536519527,2,11,0,0,D S,Bayern Munich,0,0.1110955774784088,3.945282638072968,2.2917962968349457,Bundesliga,2026-2027
7410,Andras Schafer,4,205,0,0.0877297520637512,0,0.0678766071796417,1,1,0,0,M S,Union Berlin,0,0.0877297520637512,0.1556063592433929,0.0,Bundesliga,2026-2027
7485,Nico Schlotterbeck,2,170,0,0.3684815168380737,0,0.1628247648477554,1,2,1,0,D,Borussia Dortmund,0,0.3684815168380737,0.9260666966438292,0.8349898606538773,Bundesliga,2026-2027
7562,Eric Junior Dina Ebimbe,4,254,0,0.1613595299422741,0,0.7842039167881012,3,5,1,0,D S,Schalke 04,0,0.1613595299422741,1.541380375623703,0.6293548345565796,Bundesliga,2026-2027
7742,Valentin Gendrey,1,16,0,0.0,0,0.0,0,0,0,0,S,Hoffenheim,0,0.0,0.0,0.0,Bundesliga,2026-2027
7749,Rayan Philippe,4,70,0,0.0894415453076362,0,0.3568686619400978,3,2,0,0,F S,"Hamburger SV,Paderborn",0,0.0894415453076362,0.4463102184236049,0.0,Bundesliga,2026-2027
7791,Sebastiaan Bornauw,2,180,0,0.0,0,0.0,0,0,0,0,D,Hamburger SV,0,0.0,0.1412331871688366,0.1412331871688366,Bundesliga,2026-2027
7867,Robert Skov,1,1,0,0.0,0,0.0550957359373569,0,1,0,0,S,Union Berlin,0,0.0,0.5477578043937683,0.5477578043937683,Bundesliga,2026-2027
7875,Christopher Trimmel,2,88,0,0.0,0,0.341113269329071,0,1,0,0,D S,Union Berlin,0,0.0,0.0,0.0,Bundesliga,2026-2027
7877,Robert Andrich,2,32,0,0.0,0,0.0289867594838142,0,1,0,0,S,Bayer Leverkusen,0,0.0,0.1485409289598465,0.1485409289598465,Bundesliga,2026-2027
7937,Julian Chabot,4,345,0,0.6891054213047028,0,0.0,5,0,1,0,D,VfB Stuttgart,0,0.6891054213047028,1.2703743129968643,1.0247065350413322,Bundesliga,2026-2027
7997,Julian Ryerson,4,329,0,0.0,0,1.807266153395176,0,7,2,0,D,Borussia Dortmund,0,0.0,2.84132981300354,1.319817841053009,Bundesliga,2026-2027
8092,Tom Krauß,4,353,0,0.7660700418055058,0,0.1770223937928676,5,4,1,0,M,FC Cologne,0,0.7660700418055058,1.9256696999073029,1.1467850944027305,Bundesliga,2026-2027
8148,Timo Becker,4,333,0,0.0,0,0.0,0,0,0,0,D,Schalke 04,0,0.0,1.442761704325676,1.442761704325676,Bundesliga,2026-2027
8205,Jan Thielmann,2,136,0,0.0930635295808315,0,0.0563655570149421,2,2,0,0,F,FC Cologne,0,0.0930635295808315,0.5313105583190918,0.4417398571968078,Bundesliga,2026-2027
8206,Yannik Keitel,3,45,0,0.0,0,0.0,0,0,0,0,S,Augsburg,0,0.0,0.1109386477619409,0.1109386477619409,Bundesliga,2026-2027
8207,Oliver Batista Meier,2,35,0,0.0378099344670772,0,0.0117110917344689,1,1,0,0,S,Paderborn,0,0.0378099344670772,0.0117110917344689,0.0,Bundesliga,2026-2027
8317,Edmond Tapsoba,4,360,0,0.0909681320190429,1,0.0680224671959877,1,1,1,0,D,Bayer Leverkusen,0,0.0909681320190429,3.617144346237183,3.617144346237183,Bundesliga,2026-2027
8643,Chrislain Matsima,4,360,0,0.0250038970261812,0,0.0193587504327297,1,1,0,0,D,Augsburg,0,0.0250038970261812,1.8200207501649857,1.8006619960069656,Bundesliga,2026-2027
8665,Loic Bade,2,75,0,0.1609090864658355,0,0.0,1,0,0,0,D S,Bayer Leverkusen,0,0.1609090864658355,0.0289867594838142,0.0289867594838142,Bundesliga,2026-2027
8677,Lilian Brassier,3,270,0,0.0107437707483768,0,0.0,1,0,0,0,D,Eintracht Frankfurt,0,0.0107437707483768,2.2659685760736465,2.255224719643593,Bundesliga,2026-2027
8791,Ritsu Doan,3,241,0,0.2580130062997341,1,0.96078073233366,5,4,0,0,M,Eintracht Frankfurt,0,0.2580130062997341,2.3844786882400517,1.35165673494339,Bundesliga,2026-2027
8845,Hee-Chan Hwang,2,27,0,0.0992065295577049,1,0.6712437719106674,1,2,0,0,S,Schalke 04,0,0.0992065295577049,0.8396431803703308,0.0691928938031196,Bundesliga,2026-2027
8965,Vladimir Coufal,4,344,0,0.0606913324445486,2,0.8162078838795424,2,8,0,0,D,Hoffenheim,0,0.0606913324445486,1.977141156792641,1.6858607977628708,Bundesliga,2026-2027
8989,Ansgar Knauff,1,27,0,0.0,0,0.4573768973350525,0,1,0,0,S,Eintracht Frankfurt,0,0.0,0.4573768973350525,0.4573768973350525,Bundesliga,2026-2027
8997,Terem Igobor Moffi,4,176,0,0.4068088047206402,0,0.0435910895466804,3,1,0,0,F S,Hamburger SV,0,0.4068088047206402,0.5785866193473339,0.1281867176294326,Bundesliga,2026-2027
9356,Carney Chukwuemeka,1,22,0,0.0,0,0.0,0,0,0,0,S,Borussia Dortmund,0,0.0,0.4460712373256683,0.4460712373256683,Bundesliga,2026-2027
9458,Josip Stanisic,3,195,0,0.2892319820821285,0,0.0719586182385683,2,3,0,0,D S,Bayern Munich,0,0.2892319820821285,2.127475455403328,2.0424612313508987,Bundesliga,2026-2027
9487,Maxime Estève,3,194,0,0.0,0,0.0,0,0,0,0,D S,RasenBallsport Leipzig,0,0.0,1.278792142868042,1.278792142868042,Bundesliga,2026-2027
9491,Warmed Omari,2,105,0,0.0,0,0.0,0,0,0,0,D S,Hamburger SV,0,0.0,0.5016903877258301,0.5016903877258301,Bundesliga,2026-2027
9511,Castello Lukeba,2,166,0,0.0188021380454301,0,0.0,1,0,1,0,D,RasenBallsport Leipzig,0,0.0188021380454301,0.5099984556436539,0.5099984556436539,Bundesliga,2026-2027
9546,Nahuel Nicolas Noll,4,360,0,0.0,0,0.0,0,0,0,0,GK,Paderborn,0,0.0,1.0114260017871857,1.0114260017871857,Bundesliga,2026-2027
9673,Bilal Nadir,2,53,0,0.0,0,0.0,0,0,0,0,M S,Hamburger SV,0,0.0,0.0,0.0,Bundesliga,2026-2027
9689,Albert Sambi Lokonga,3,260,0,0.028508149087429,0,0.2931679487228393,1,2,1,0,M,Hamburger SV,0,0.028508149087429,0.7736875414848328,0.4699902534484863,Bundesliga,2026-2027
9692,Karl Hein,4,360,0,0.0,0,0.0501597076654434,0,1,0,0,GK,Werder Bremen,0,0.0,0.3382784500718117,0.2881187424063682,Bundesliga,2026-2027
9718,Jamie Leweling,4,76,0,0.0,0,0.0356184914708137,0,1,0,0,S,VfB Stuttgart,0,0.0,0.5228304341435432,0.5228304341435432,Bundesliga,2026-2027
9724,David Raum,4,360,0,0.1110060103237629,0,1.5116061866283417,3,17,0,0,D,RasenBallsport Leipzig,0,0.1110060103237629,2.487323455512524,2.487323455512524,Bundesliga,2026-2027
9725,Angelo Stiller,4,303,0,0.0494107082486152,0,0.0855982266366481,1,3,1,0,M,VfB Stuttgart,0,0.0494107082486152,0.7401722818613052,0.654574066400528,Bundesliga,2026-2027
9730,Patrick Wimmer,4,206,0,0.7077158335596323,0,0.9536047279834748,9,5,0,0,M S,Hoffenheim,0,0.7077158335596323,1.7471164166927338,0.1303602866828441,Bundesliga,2026-2027
9738,Patson Daka,4,208,0,1.0846520066261292,0,0.0999108636751771,8,4,0,0,F M S,Hamburger SV,0,1.0846520066261292,1.1588144563138485,0.0454103015363216,Bundesliga,2026-2027
9783,Jae-Sung Lee,4,278,0,0.3797813653945923,1,0.7495578825473785,4,6,0,0,M,Mainz 05,0,0.3797813653945923,1.606287218630314,1.1215978190302849,Bundesliga,2026-2027
9797,Dejan Ljubicic,3,186,0,0.1397251039743423,0,0.5422353148460388,2,1,0,0,D M,Schalke 04,0,0.1397251039743423,0.7324803397059441,0.0505198985338211,Bundesliga,2026-2027
9807,Gideon Mensah,4,336,0,0.0801905021071434,0,0.6762983798980713,4,2,2,0,D,FC Cologne,0,0.0801905021071434,1.920962154865265,1.8902133107185364,Bundesliga,2026-2027
9860,Malik Tillman,3,147,0,0.1344369016587734,1,0.2087865471839904,3,2,0,0,M S,Bayer Leverkusen,0,0.1344369016587734,0.9654405117034912,0.7596004903316498,Bundesliga,2026-2027
9861,Jonas Urbig,1,90,0,0.0,0,0.0,0,0,0,0,GK,Bayern Munich,0,0.0,0.1997523158788681,0.1997523158788681,Bundesliga,2026-2027
9954,Cedric Itten,3,48,0,0.0574135147035121,0,0.06728046387434,1,1,0,0,S,Werder Bremen,0,0.0574135147035121,0.1246939785778522,0.0,Bundesliga,2026-2027
9955,Lasse Günther,4,334,0,0.2707809209823608,0,0.2140793204307556,1,3,0,0,D,Elversberg,0,0.2707809209823608,1.1024808688089252,0.6176205826923251,Bundesliga,2026-2027
10071,Lennard Maloney,2,2,0,0.0,0,0.0,0,0,0,0,S,Mainz 05,0,0.0,0.3666863441467285,0.3666863441467285,Bundesliga,2026-2027
10113,Fisnik Asllani,2,12,0,0.6182719022035599,0,0.505211353302002,4,2,0,0,S,Hoffenheim,0,0.6182719022035599,1.1234832853078842,0.0,Bundesliga,2026-2027
10160,Noah Atubolu,4,360,0,0.0,0,0.0,0,0,0,0,GK,Eintracht Frankfurt,0,0.0,1.1263658069074154,1.1263658069074154,Bundesliga,2026-2027
10187,Jarell Quansah,4,278,0,0.1632966063916683,1,1.1790480017662048,2,6,0,0,D S,Bayer Leverkusen,0,0.1632966063916683,2.38947681710124,1.4339740090072155,Bundesliga,2026-2027
10196,Martin Adeline,3,117,0,0.0,0,0.0,0,0,0,0,M S,Hamburger SV,0,0.0,0.0,0.0,Bundesliga,2026-2027
10248,Arijon Ibrahimovic,2,123,0,0.3242856860160827,0,0.092702716588974,6,2,0,0,F M,Augsburg,0,0.3242856860160827,0.8464107811450958,0.4544262886047363,Bundesliga,2026-2027
10289,Tom Bischof,4,114,0,0.1042447257786989,2,0.6222590804100037,3,2,0,0,M S,Bayern Munich,0,0.1042447257786989,2.15368284098804,1.5004925727844238,Bundesliga,2026-2027
10367,Tiago Tomás,1,63,0,0.649919867515564,0,0.0,2,0,0,0,F,VfB Stuttgart,0,0.649919867515564,0.747579038143158,0.0976591780781745,Bundesliga,2026-2027
10383,Michel Aebischer,4,310,0,0.183593712747097,0,0.2493431232869625,5,4,1,0,M,Union Berlin,0,0.183593712747097,0.314116608351469,0.0099377008154988,Bundesliga,2026-2027
10427,Bambasé Conté,4,254,0,1.028753936290741,2,0.5919987633824348,9,7,0,0,F M S,Hoffenheim,0,1.028753936290741,1.8964296281337736,0.8622527606785297,Bundesliga,2026-2027
10550,Tom Rothe,4,360,0,0.9619093798100948,1,0.6966424882411957,6,3,0,0,D,Union Berlin,0,0.9619093798100948,0.8702600877732038,0.1081539820879697,Bundesliga,2026-2027
10558,Gabriel Vidovic,4,323,0,0.0611304305493831,0,0.0396289322525262,1,2,0,0,F M,Paderborn,0,0.0611304305493831,0.4765741005539894,0.4369451738893986,Bundesliga,2026-2027
10585,Justin Njinmah,1,62,0,0.0327914655208587,0,0.0,1,0,0,0,F,Werder Bremen,0,0.0327914655208587,0.0931412130594253,0.0931412130594253,Bundesliga,2026-2027
10727,Ko Itakura,4,360,0,0.7952068448066711,0,0.0292690116912126,5,1,0,0,D,Borussia M.Gladbach,0,0.7952068448066711,0.7575911357998848,0.7283221259713173,Bundesliga,2026-2027
10792,Farès Chaïbi,2,110,0,0.0715632885694503,0,0.0900406204164028,2,2,0,0,M S,Eintracht Frankfurt,0,0.0715632885694503,0.6659416034817696,0.5243666246533394,Bundesliga,2026-2027
10804,Deniz Undav,4,230,0,0.1858473122119903,0,0.0922897979617118,2,3,0,0,M S,VfB Stuttgart,0,0.1858473122119903,0.7496077790856361,0.5466323718428612,Bundesliga,2026-2027
10833,Lukasz Poreba,4,360,0,0.0137725006788969,0,0.0348484963178634,1,1,0,0,M,Elversberg,0,0.0137725006788969,0.8544095754623413,0.8057885617017746,Bundesliga,2026-2027
10868,Guela Doué,1,25,0,0.0,0,0.0,0,0,1,0,S,Bayer Leverkusen,0,0.0,0.1102186143398284,0.1102186143398284,Bundesliga,2026-2027
10986,Kim Min-Jae,3,217,0,0.0,0,0.138857964426279,0,2,1,0,D S,Bayern Munich,0,0.0,1.6136872172355652,1.533216118812561,Bundesliga,2026-2027
11007,Fábio Vieira,3,148,0,0.1666737645864486,0,0.4176712036132812,5,2,0,0,M S,Hamburger SV,0,0.1666737645864486,0.4969450645148754,0.1589961312711238,Bundesliga,2026-2027
11026,Luka Lochoshvili,4,360,0,0.4395218342542648,0,0.0170129090547561,5,1,0,0,D,FC Cologne,0,0.4395218342542648,2.3062686920166016,2.2892557978630066,Bundesliga,2026-2027
11132,Ethan Nwaneri,3,190,0,0.4220472723245621,0,1.2756581027060747,3,5,0,0,M S,Borussia Dortmund,0,0.4220472723245621,1.3820872753858566,0.573207899928093,Bundesliga,2026-2027
11227,Dzenan Pejcinovic,4,269,0,1.915450967848301,0,0.103315845131874,9,3,0,0,F M S,VfB Stuttgart,0,1.915450967848301,2.1295631770044565,0.2672837506979704,Bundesliga,2026-2027
11228,Laurin Ulrich,4,321,0,0.2297068182379007,0,0.4028998501598835,5,6,1,0,M,Paderborn,0,0.2297068182379007,1.4146699905395508,1.0201998874545095,Bundesliga,2026-2027
11236,Aljoscha Kemlein,4,224,0,0.0,0,0.0186165031045675,0,1,1,0,M S,Union Berlin,0,0.0,0.042392186820507,0.0237756837159395,Bundesliga,2026-2027
11310,Brajan Gruda,3,189,0,0.2476232871413231,0,0.3401770442724228,5,3,0,0,F M,RasenBallsport Leipzig,0,0.2476232871413231,1.88476437330246,1.6767805516719818,Bundesliga,2026-2027
11333,Josip Juranovic,3,255,0,0.0942979995161295,2,0.6440187580883503,4,9,0,0,D,Union Berlin,0,0.0942979995161295,0.1715021207928657,0.0237756837159395,Bundesliga,2026-2027
11604,Mert Kömür,4,106,0,0.5857387352734804,0,0.0306441579014062,4,1,0,0,M S,Augsburg,0,0.5857387352734804,0.654676603153348,0.0833964422345161,Bundesliga,2026-2027
11633,Marc Guiu,1,12,0,0.0,0,0.0,0,0,0,0,S,RasenBallsport Leipzig,0,0.0,0.0729072391986846,0.0729072391986846,Bundesliga,2026-2027
11835,Senne Lynen,1,47,0,0.0,0,0.0,0,0,0,0,M,Werder Bremen,0,0.0,0.0,0.0,Bundesliga,2026-2027
11856,Marvin Pieringer,4,309,0,0.2938708895817399,0,0.4571232497692108,5,4,0,0,F,Paderborn,0,0.2938708895817399,1.54450773447752,0.8539901189506054,Bundesliga,2026-2027
11867,Victor Boniface,1,3,0,0.237932875752449,0,0.0495502352714538,3,1,0,0,S,Bayer Leverkusen,0,0.237932875752449,0.6785381436347961,0.4514039754867553,Bundesliga,2026-2027
11868,Arthur,3,243,0,0.0,0,0.0525456853210926,0,1,1,0,D,Werder Bremen,0,0.0,0.8115950897336006,0.759049404412508,Bundesliga,2026-2027
11871,Nicolas Seiwald,3,199,0,0.0,0,0.0242790561169385,0,1,0,0,M S,RasenBallsport Leipzig,0,0.0,1.2477238290011885,1.2477238290011885,Bundesliga,2026-2027
11894,Max Finkgrafe,1,10,0,0.0,0,0.0,0,0,0,0,S,RasenBallsport Leipzig,0,0.0,0.0,0.0,Bundesliga,2026-2027
11975,Leonidas Stergiou,1,15,0,0.0,0,0.0,0,0,0,0,S,VfB Stuttgart,0,0.0,0.0,0.0,Bundesliga,2026-2027
11981,Benedict Hollerbach,1,13,0,0.5253418684005737,0,0.0,2,0,0,0,S,Mainz 05,0,0.5253418684005737,0.5663529634475708,0.0786379724740982,Bundesliga,2026-2027
11982,Jan-Niklas Beste,4,278,0,0.1904865391552448,1,1.636101834475994,4,7,0,0,M,Freiburg,0,0.1904865391552448,1.343311509117484,1.0700284838676453,Bundesliga,2026-2027
11991,Lukas Ullrich,3,238,0,0.2430966477841138,2,0.8521048277616501,4,3,1,0,D,Borussia M.Gladbach,0,0.2430966477841138,1.1214398555457592,0.0262384265661239,Bundesliga,2026-2027
12028,Olivier Deman,4,360,0,0.099922314286232,0,0.3968792855739593,3,2,1,0,D,Werder Bremen,0,0.099922314286232,1.4823695719242096,1.3824472725391388,Bundesliga,2026-2027
12069,Junior Adamu,2,145,0,1.4240805506706238,1,0.8528529107570648,5,3,0,0,F M,Schalke 04,0,1.4240805506706238,2.880488216876984,1.159718781709671,Bundesliga,2026-2027
12070,Jordy Makengo,4,360,0,0.1277501657605171,2,0.8626959696412086,2,3,0,0,D,Freiburg,0,0.1277501657605171,1.8712870702147484,1.590701289474964,Bundesliga,2026-2027
12104,Neil El Aynaoui,3,258,0,0.45403603464365,0,0.0322111966088414,7,2,1,0,M,RasenBallsport Leipzig,0,0.45403603464365,1.4958306923508644,1.3016382157802582,Bundesliga,2026-2027
12250,Elias Baum,4,313,0,0.2716195099055767,1,0.8130961023271084,4,3,0,0,D,Eintracht Frankfurt,0,0.2716195099055767,3.239497423171997,2.1547817811369896,Bundesliga,2026-2027
12276,Noel Aséko Nkili,2,110,0,0.0,0,0.0,0,0,0,0,M,Eintracht Frankfurt,0,0.0,0.8289249241352081,0.8289249241352081,Bundesliga,2026-2027
12313,Francis-Ikechukwu Onyeka,4,156,0,0.4111103266477585,1,0.3299485743045807,3,2,1,0,M S,Elversberg,0,0.4111103266477585,1.454236000776291,0.7131770849227905,Bundesliga,2026-2027
12392,Arthur Vermeeren,1,6,0,0.0765393823385238,0,0.0,1,0,0,0,S,RasenBallsport Leipzig,0,0.0765393823385238,0.0765393823385238,0.0,Bundesliga,2026-2027
12430,Nnamdi Collins,1,27,0,0.0,0,0.0,0,0,0,0,S,Eintracht Frankfurt,0,0.0,0.0,0.0,Bundesliga,2026-2027
12470,Max Moerstedt,3,101,0,1.1814613342285156,1,0.3691169619560241,3,2,1,0,F S,Hoffenheim,0,0.4236845970153808,0.9241341650485992,0.1886457204818725,Bundesliga,2026-2027
12485,Kouakou Gadou,4,336,0,0.0,0,0.0,0,0,1,0,D,Borussia Dortmund,0,0.0,2.243068899959326,2.243068899959326,Bundesliga,2026-2027
12509,Daiki Hashioka,2,85,0,0.0913360342383384,0,0.0,1,0,0,0,D S,Borussia M.Gladbach,0,0.0913360342383384,0.1392843574285507,0.0479483269155025,Bundesliga,2026-2027
12603,Mikey Moore,3,210,0,0.717911496758461,0,0.9166133999824524,8,2,0,0,M S,FC Cologne,0,0.717911496758461,1.7533490657806396,0.1505600064992904,Bundesliga,2026-2027
12626,Max Rosenfelder,1,20,0,0.0,0,0.0,0,0,0,0,S,Freiburg,0,0.0,0.0,0.0,Bundesliga,2026-2027
12880,Albert Grønbæk,4,339,0,0.0688229408115148,2,1.199075311422348,3,6,1,0,M,Hamburger SV,0,0.0688229408115148,0.8108651526272297,0.4346201755106449,Bundesliga,2026-2027
12896,Chuki,4,356,0,0.6855998039245605,2,1.252057135105133,7,8,1,0,F M,Werder Bremen,0,0.6855998039245605,2.376450330018997,1.243203580379486,Bundesliga,2026-2027
12915,Philipp Sander,4,360,0,0.1919893473386764,0,0.5398642271757126,6,3,1,0,M,Borussia M.Gladbach,0,0.1919893473386764,1.0032736212015152,0.8087127655744553,Bundesliga,2026-2027
12918,Kaishu Sano,4,359,0,0.1191565934568643,2,1.0834964849054811,4,7,0,0,M,Mainz 05,0,0.1191565934568643,2.603793144226074,2.052339479327202,Bundesliga,2026-2027
12925,Mio Backhaus,4,360,0,0.0,0,0.2561370730400085,0,1,1,0,GK,Freiburg,0,0.0,0.5999017879366875,0.3437647148966789,Bundesliga,2026-2027
12927,Ramon Hendriks,3,188,0,0.0,0,0.0700222328305244,0,1,0,0,D S,VfB Stuttgart,0,0.0,0.4067061319947243,0.4067061319947243,Bundesliga,2026-2027
12937,Nicolai Remberg,4,360,0,0.099198117852211,0,0.0266461540013551,3,1,0,0,M,Hamburger SV,0,0.099198117852211,0.2892931997776031,0.2308003529906273,Bundesliga,2026-2027
12942,Maarten Vandevoordt,4,360,0,0.0,0,0.0,0,0,0,0,GK,RasenBallsport Leipzig,0,0.0,1.3443544413894415,1.3443544413894415,Bundesliga,2026-2027
12952,Oscar Højlund,2,45,0,0.0,0,0.1177570596337318,0,1,1,0,S,Eintracht Frankfurt,0,0.0,0.1177570596337318,0.0,Bundesliga,2026-2027
12976,Philipp Treu,4,283,0,0.037383709102869,0,0.1603676676750183,1,2,0,0,D S,Freiburg,0,0.037383709102869,1.2135591190308332,1.077112777158618,Bundesliga,2026-2027
13012,Robin Hranác,2,44,0,0.0617066770792007,0,0.0,1,0,0,0,S,Hoffenheim,0,0.0617066770792007,0.7651999592781067,0.7651999592781067,Bundesliga,2026-2027
13017,Filippo Mané,2,45,0,0.0,0,0.0,0,0,0,0,D S,Borussia Dortmund,0,0.0,0.0370084196329116,0.0370084196329116,Bundesliga,2026-2027
13078,Chema Andres,1,1,0,0.0,0,0.0,0,0,0,0,S,VfB Stuttgart,0,0.0,0.0,0.0,Bundesliga,2026-2027
13093,Derrick Köhn,2,7,0,0.0606078207492828,0,0.0,2,0,0,0,S,Union Berlin,0,0.0606078207492828,0.0140369161963462,0.0,Bundesliga,2026-2027
13122,Nathaniel Brown,4,185,0,0.3191732764244079,0,0.4978784471750259,3,2,0,0,D M S,Bayern Munich,0,0.3191732764244079,1.2830125987529757,0.54290871322155,Bundesliga,2026-2027
13149,Noahkai Banks,4,360,0,0.6678217053413391,0,0.1241148803383112,2,4,2,0,D,Augsburg,0,0.6678217053413391,1.923003651201725,1.731833599507809,Bundesliga,2026-2027
13185,Jahmai Simpson-Pusey,4,360,0,0.0,0,0.0,0,0,1,0,D,FC Cologne,0,0.0,0.9408610090613364,0.9408610090613364,Bundesliga,2026-2027
13191,Assan Ouédraogo,1,34,0,0.0183356720954179,0,0.0474146753549575,1,2,0,0,M,RasenBallsport Leipzig,0,0.0183356720954179,0.023918867111206,0.023918867111206,Bundesliga,2026-2027
13226,Noah Darvich,3,150,0,0.525151439011097,1,0.0469997562468051,2,1,1,0,M S,Elversberg,0,0.525151439011097,0.6069996878504753,0.0348484963178634,Bundesliga,2026-2027
13291,Patrice Covic,1,4,0,0.0257939454168081,0,0.0,1,0,0,0,S,Werder Bremen,0,0.0257939454168081,0.0,0.0,Bundesliga,2026-2027
13414,Hennes Behrens,4,360,0,0.1290887482464313,1,0.5425558686256409,2,2,1,0,D,Augsburg,0,0.1290887482464313,3.485273972153664,3.356185235083103,Bundesliga,2026-2027
13416,Luka Djuric,1,10,0,0.0,0,0.0,0,0,0,0,S,Paderborn,0,0.0,0.0,0.0,Bundesliga,2026-2027
13422,Mick Schmetgens,4,118,0,0.0,0,0.0,0,0,0,0,D S,Werder Bremen,0,0.0,0.06728046387434,0.06728046387434,Bundesliga,2026-2027
13424,Daniel Svensson,4,360,0,0.0635097548365593,0,0.120012491941452,1,1,1,0,D,Borussia Dortmund,0,0.0635097548365593,1.370678886771202,1.2506663650274277,Bundesliga,2026-2027
13426,Finn Jeltsch,4,360,0,0.8386916518211365,1,0.4616779088973999,6,4,1,0,D,VfB Stuttgart,0,0.8386916518211365,1.073870301246643,0.7132302522659302,Bundesliga,2026-2027
13428,Marin Ljubicic,3,222,0,0.2262796089053154,0,0.0711081847548484,4,1,1,0,F S,Union Berlin,0,0.2262796089053154,0.3899559825658798,0.1025058850646019,Bundesliga,2026-2027
13739,Afonso Moreira,4,345,0,0.8489830493927002,0,0.2004591450095176,10,3,1,0,M,Bayer Leverkusen,0,0.8489830493927002,1.6397141367197037,0.9758425951004028,Bundesliga,2026-2027
13740,David Møller Wolfe,3,254,0,0.1951789930462837,0,0.5311954468488693,4,2,0,0,D,Hamburger SV,0,0.1951789930462837,1.1382659524679184,0.5423443764448166,Bundesliga,2026-2027
13850,Johan Bakayoko,2,82,0,0.037292119115591,0,0.0969699472188949,2,1,0,0,F S,RasenBallsport Leipzig,0,0.037292119115591,0.1802827715873718,0.0694373026490211,Bundesliga,2026-2027
13851,Ezechiel Banzuzi,4,335,0,1.233789078891277,1,0.2013424225151538,5,3,0,0,M,RasenBallsport Leipzig,0,1.233789078891277,2.254297409206629,1.6435150541365149,Bundesliga,2026-2027
13859,Koki Machida,2,106,0,0.0561745464801788,0,0.0,1,0,0,0,D S,Hoffenheim,0,0.0561745464801788,0.4156824648380279,0.4156824648380279,Bundesliga,2026-2027
13860,Wouter Burger,4,352,0,0.3150689639151096,0,0.215566299855709,5,6,3,0,M,Hoffenheim,0,0.3150689639151096,2.0522688180208206,1.5376439727842808,Bundesliga,2026-2027
13864,Cyriaque Irié,2,50,0,0.132569408044219,0,0.0,2,0,1,0,S,Freiburg,0,0.132569408044219,0.2377261705696582,0.1051567681133747,Bundesliga,2026-2027
13867,Matheo Raab,1,90,0,0.0,0,0.0,0,0,0,0,GK,Union Berlin,0,0.0,0.0,0.0,Bundesliga,2026-2027
13887,Jobe Bellingham,4,297,0,0.3905387558043003,1,0.9120049327611924,3,5,2,0,M S,Borussia Dortmund,0,0.3905387558043003,1.5401128381490707,1.2035214751958847,Bundesliga,2026-2027
13907,Joël Schmied,1,1,0,0.0,0,0.0,0,0,0,0,S,FC Cologne,0,0.0,0.0,0.0,Bundesliga,2026-2027
13908,Sebastian Sebulonsen,1,23,0,0.0,0,0.0,0,0,0,0,S,FC Cologne,0,0.0,0.0,0.0,Bundesliga,2026-2027
13910,Ísak Bergmann Jóhannesson,4,224,0,0.1695690546184778,0,0.7131457533687353,4,5,1,0,M S,FC Cologne,0,0.1695690546184778,2.507131189107895,2.2380862534046173,Bundesliga,2026-2027
13928,Otto Stange,3,56,0,0.0243558380752801,0,0.0,2,0,0,0,S,Hamburger SV,0,0.0243558380752801,0.0987788066267967,0.0744229704141616,Bundesliga,2026-2027
13933,Nicolas Kühn,1,19,0,0.0847610086202621,0,0.5979034900665283,1,2,0,0,S,Borussia M.Gladbach,0,0.0847610086202621,0.0847610086202621,0.0,Bundesliga,2026-2027
13972,Andrija Maksimovic,2,22,0,0.0,1,0.6173021197319031,0,2,0,0,S,RasenBallsport Leipzig,0,0.0,0.6639413945376873,0.0466392748057842,Bundesliga,2026-2027
13973,Albian Hajdari,4,312,0,0.0405965773388743,0,0.0785963535308837,3,1,1,0,D S,Hoffenheim,0,0.0405965773388743,2.5685148537158966,2.449321895837784,Bundesliga,2026-2027
14023,Conrad Harder,1,6,0,0.1543657034635543,0,0.0765393823385238,2,1,0,0,S,RasenBallsport Leipzig,0,0.1543657034635543,0.2309050858020782,0.0,Bundesliga,2026-2027
14025,Alessio Castro-Montes,4,316,0,0.0,0,0.2105317804962396,0,4,1,0,D,FC Cologne,0,0.0,2.217246599495411,2.217246599495411,Bundesliga,2026-2027
14123,Wael Mohya,4,178,0,0.3380504585802555,0,0.0802455674856901,4,2,1,0,M S,Borussia M.Gladbach,0,0.3380504585802555,0.5849701687693596,0.1666741408407688,Bundesliga,2026-2027
14177,Livan Burcu,4,177,0,0.0562962405383586,0,0.0,2,1,1,0,M S,Union Berlin,0,0.0562962405383586,0.1452288515865802,0.1214531697332859,Bundesliga,2026-2027
14187,Kacper Potulski,4,279,0,0.5402565337717533,0,0.1131798177957534,3,1,1,0,D S,Mainz 05,0,0.5402565337717533,1.5819704085588455,1.4687905944883823,Bundesliga,2026-2027
14223,Samba Konate,2,5,0,0.0729072391986846,0,0.0,1,0,0,0,S,RasenBallsport Leipzig,0,0.0729072391986846,0.0729072391986846,0.0,Bundesliga,2026-2027
14254,Reigan Heskey,1,15,0,0.0168658252805471,0,0.0,1,0,0,0,S,FC Cologne,0,0.0168658252805471,0.8341178894042969,0.8172520399093628,Bundesliga,2026-2027
14330,Keita Kosugi,4,360,0,0.1531870421022176,0,0.1488219983875751,2,3,1,0,D,Eintracht Frankfurt,0,0.1531870421022176,1.414326749742031,1.173534382134676,Bundesliga,2026-2027
14331,Ayoube Amaimouni-Echghouyab,4,109,0,0.2772689126431942,0,0.0435955226421356,4,1,0,0,M S,Eintracht Frankfurt,0,0.2772689126431942,0.3208644352853298,0.0,Bundesliga,2026-2027
14398,Louis Lemke,3,106,0,0.0,0,0.1185793280601501,0,1,0,0,D S,Hamburger SV,0,0.0,0.2549216002225876,0.1363422721624374,Bundesliga,2026-2027
14415,Love Arrhov,1,3,0,0.0,0,0.0,0,0,0,0,S,Eintracht Frankfurt,0,0.0,0.0,0.0,Bundesliga,2026-2027
14420,Luca Reggiani,1,24,0,0.0,0,0.0,0,0,1,0,S,Borussia Dortmund,0,0.0,0.2237712144851684,0.2237712144851684,Bundesliga,2026-2027
14421,Samuele Inácio,1,3,0,0.0,0,0.0,0,0,0,1,S,Borussia Dortmund,0,0.0,0.0,0.0,Bundesliga,2026-2027
14481,Salim Musah,3,42,0,0.0,0,0.0,0,0,0,0,S,Werder Bremen,0,0.0,0.0,0.0,Bundesliga,2026-2027
14551,Shafiq Nandja,2,118,0,0.0,0,0.0,0,0,1,0,D S,Hamburger SV,0,0.0,0.222406581044197,0.222406581044197,Bundesliga,2026-2027
14939,Nicolas Kristof,4,360,0,0.0,0,0.0,0,0,1,0,GK,Elversberg,0,0.0,0.0521020591259002,0.0521020591259002,Bundesliga,2026-2027
14940,Jan Gyamerah,4,309,0,0.2440418154001236,0,0.0175301488488912,1,1,0,0,D,Elversberg,0,0.2440418154001236,0.7460131496191025,0.4844411760568619,Bundesliga,2026-2027
14941,Maximilian Rohr,4,354,0,0.0967895314097404,0,0.0,3,0,1,0,D,Elversberg,0,0.0967895314097404,0.9296950902789832,0.9237150214612484,Bundesliga,2026-2027
14942,Lukas Pinckert,4,360,0,0.132476732134819,1,0.5422385465353727,1,2,0,0,D,Elversberg,0,0.132476732134819,1.3767753038555384,0.8345367424190044,Bundesliga,2026-2027
14944,Luca Schnellbacher,2,15,0,0.0,0,0.0,0,0,0,0,S,Elversberg,0,0.0,0.0,0.0,Bundesliga,2026-2027
14945,Luca Sirch,3,52,0,0.0,0,0.0,0,0,0,0,S,Elversberg,0,0.0,0.3761102557182312,0.3761102557182312,Bundesliga,2026-2027
14947,Amara Condé,2,13,0,0.0,0,0.0,0,0,1,0,S,Elversberg,0,0.0,0.0,0.0,Bundesliga,2026-2027
14949,Noel Futkeu,3,38,0,0.4435630738735199,1,0.5056108832359314,1,2,0,0,S,Elversberg,0,0.4435630738735199,0.9491739571094512,0.0,Bundesliga,2026-2027
14950,Nicholas Mickelson,2,26,0,0.0,0,0.0249229315668344,0,1,0,0,S,Elversberg,0,0.0,0.1602472458034753,0.1602472458034753,Bundesliga,2026-2027
14951,Fabio Gruber,4,360,0,0.1449523661285638,0,0.0473411902785301,2,1,0,0,D,Mainz 05,0,0.1449523661285638,2.1403024941682816,2.1403024941682816,Bundesliga,2026-2027
14952,Otto Ruoppi,3,24,0,0.0,1,0.0598902702331543,0,1,0,0,S,Mainz 05,0,0.0,0.0770183838903904,0.0171281136572361,Bundesliga,2026-2027
14953,Rael Nakuzola,2,14,0,0.018747704103589,0,0.4877149760723114,1,1,0,0,S,Mainz 05,0,0.018747704103589,0.5064626932144165,0.0,Bundesliga,2026-2027
14954,Mattes Hansen,4,326,0,0.0256274193525314,0,0.059023018926382,2,1,1,0,D,Paderborn,0,0.0256274193525314,0.4468760713934898,0.3735906556248665,Bundesliga,2026-2027
14955,Jano ter Horst,4,353,0,0.0582919120788574,0,0.0640804255381226,2,2,1,0,D,Paderborn,0,0.0582919120788574,0.4309337437152862,0.3513798341155052,Bundesliga,2026-2027
14956,Tjark Scheller,4,360,0,0.0336580760776996,0,0.041131991893053,1,1,1,0,D,Paderborn,0,0.0336580760776996,0.3548812810331583,0.3137492928653955,Bundesliga,2026-2027
14957,Laurin Curda,4,340,0,0.4003219194710254,1,0.8886681497097015,4,7,1,0,D M,Paderborn,0,0.4003219194710254,1.7295066565275192,0.5530888810753822,Bundesliga,2026-2027
14960,Tom Baack,2,31,0,0.0,0,0.0,0,0,0,0,S,Paderborn,0,0.0,0.0,0.0,Bundesliga,2026-2027
14961,Jonah Sticker,3,48,0,0.0,1,0.3063617348670959,0,1,0,0,S,Paderborn,0,0.0,0.3504971079528332,0.0441353730857372,Bundesliga,2026-2027
14962,Clemens Lippmann,2,21,0,0.0204140413552522,0,0.0,1,0,0,0,S,Paderborn,0,0.0204140413552522,0.0204140413552522,0.0,Bundesliga,2026-2027
14963,Niklas Mohr,1,1,0,0.0,0,0.0,0,0,0,0,S,Paderborn,0,0.0,0.0441353730857372,0.0441353730857372,Bundesliga,2026-2027
14965,David Herold,3,122,0,0.0,0,0.072763742879033,0,2,0,0,D S,Borussia M.Gladbach,0,0.0,0.0424093380570411,0.0127037623897194,Bundesliga,2026-2027
14967,Mathieu Nguefack,3,121,0,0.1455968767404556,0,0.0637639965862035,2,3,1,0,M S,Borussia M.Gladbach,0,0.1455968767404556,0.6419610977172852,0.4455079287290573,Bundesliga,2026-2027
14969,Jan Leszczynski,2,101,0,0.0955105870962143,0,0.1108877221122384,2,3,0,0,D S,Borussia M.Gladbach,0,0.0955105870962143,0.2058879444375634,0.1530786165967583,Bundesliga,2026-2027
14970,Zeno Van den Bosch,3,197,0,0.0,0,0.0826683938503265,0,2,2,0,D S,Union Berlin,0,0.0,0.0237756837159395,0.0,Bundesliga,2026-2027
14971,Jeremiaha Maluze,2,180,0,0.0,1,0.3187251687049866,0,1,1,0,D,Eintracht Frankfurt,0,0.0,0.3843265399336815,0.0656013712286949,Bundesliga,2026-2027
14972,Raphael Onyedika,4,360,0,0.0250978060066699,0,0.0556750446557998,1,2,3,0,M,Eintracht Frankfurt,0,0.0250978060066699,1.681457318365574,1.6707135811448095,Bundesliga,2026-2027
14973,Otávio,1,1,0,0.0,0,0.0,0,0,1,0,S,Eintracht Frankfurt,0,0.0,0.0,0.0,Bundesliga,2026-2027
14974,Malik Pimpong,2,18,0,0.0,0,0.0,0,0,0,0,S,Eintracht Frankfurt,0,0.0,0.0,0.0,Bundesliga,2026-2027
14975,Paul Okon-Engstler,3,113,0,0.0941660851240158,0,0.0257433485239744,1,1,1,0,M S,FC Cologne,0,0.0941660851240158,0.1199094280600547,0.0,Bundesliga,2026-2027
14977,Nathan De Cat,2,26,0,0.0,0,0.023602781817317,0,1,0,0,S,Hoffenheim,0,0.0,0.4224312901496887,0.3988285064697265,Bundesliga,2026-2027
14978,Mats Rots,4,212,0,0.0707176998257637,0,0.7324694395065308,3,6,0,0,D S,Hoffenheim,0,0.0707176998257637,0.4535117298364639,0.358403742313385,Bundesliga,2026-2027
14989,Konstantinos Karetsas,3,168,0,0.5711708664894104,1,0.2377740442752838,8,4,0,0,F M S,Borussia Dortmund,0,0.5711708664894104,1.119660183787346,0.4753564745187759,Bundesliga,2026-2027
14990,Giannis Konstantelias,1,56,0,0.1938030570745468,0,0.1750494390726089,2,2,0,0,F,Borussia Dortmund,0,0.1938030570745468,0.6659504771232605,0.2970979809761047,Bundesliga,2026-2027
14991,Kauã Prates,1,4,0,0.0173596795648336,0,0.0,1,0,0,0,S,Borussia Dortmund,0,0.0173596795648336,0.0173596795648336,0.0,Bundesliga,2026-2027
14992,Joey Veerman,4,186,0,0.2694431394338608,0,0.3684815168380737,4,1,1,0,M S,Borussia Dortmund,0,0.2694431394338608,1.7521550580859184,1.5922007020562887,Bundesliga,2026-2027
15002,Keisuke Goto,4,31,0,0.0,0,0.1793859601020813,0,2,1,0,S,Freiburg,0,0.0,0.1793859601020813,0.1029218211770057,Bundesliga,2026-2027
15003,Berkay Yilmaz,1,7,0,0.0,0,0.0,0,0,0,0,S,Freiburg,0,0.0,0.0,0.0,Bundesliga,2026-2027
15004,Ludovit Reis,4,328,0,0.3172082901000976,0,0.0931412130594253,5,1,1,0,M,Werder Bremen,0,0.3172082901000976,1.17234954982996,0.8964098021388054,Bundesliga,2026-2027
15007,Paul Erevbenagie,2,25,0,0.0739414989948272,0,0.0,1,0,0,0,S,Werder Bremen,0,0.0739414989948272,0.0739414989948272,0.0,Bundesliga,2026-2027
15011,Seol Young-Woo,4,43,0,0.0,1,0.1684902086853981,0,2,0,0,S,Augsburg,0,0.0,0.1684902086853981,0.0,Bundesliga,2026-2027
15012,Nikola Katic,4,347,0,0.512136697769165,0,0.0721571557223796,1,2,1,0,D,Schalke 04,0,0.512136697769165,1.311187423765659,1.2390302792191503,Bundesliga,2026-2027
15013,Hasan Kuruçay,4,319,0,0.0,0,0.0,0,0,1,0,D,Schalke 04,0,0.0,0.2983512673527002,0.2983512673527002,Bundesliga,2026-2027
15014,Vitalie Becker,3,105,0,0.0,0,0.0153371477499604,0,1,0,0,D S,Schalke 04,0,0.0,0.0971620315685868,0.0818248838186264,Bundesliga,2026-2027
15015,Ron Schallenberg,2,74,0,0.1489270031452179,0,0.0,1,0,0,1,M S,Schalke 04,0,0.1489270031452179,0.0789417251944542,0.0789417251944542,Bundesliga,2026-2027
15016,Soufiane El-Faouzi,4,360,0,0.2203858643770218,0,0.3588469699025154,5,3,0,0,M,Schalke 04,0,0.2203858643770218,1.2242853790521622,0.8877730518579483,Bundesliga,2026-2027
15017,Mertcan Ayhan,2,26,0,0.0,0,0.0,0,0,0,0,S,Schalke 04,0,0.0,0.0,0.0,Bundesliga,2026-2027
15018,Janik Bachmann,1,1,0,0.0,0,0.0,0,0,0,0,S,Schalke 04,0,0.0,0.589418888092041,0.589418888092041,Bundesliga,2026-2027
15019,Satoshi Tanaka,3,259,0,0.1821119040250778,0,0.0,3,0,0,0,M,Schalke 04,0,0.1821119040250778,0.9886120855808258,0.8065001890063286,Bundesliga,2026-2027
15020,Luca Vozar,1,14,0,0.0,0,0.0,0,0,0,0,S,Schalke 04,0,0.0,0.0,0.0,Bundesliga,2026-2027
15034,Leo Sauer,3,21,0,0.1967203021049499,0,0.0,2,0,0,0,S,VfB Stuttgart,0,0.1967203021049499,0.1967203021049499,0.0,Bundesliga,2026-2027
15035,Yanik Spalt,2,57,0,0.0,0,0.0,0,0,0,0,S,VfB Stuttgart,0,0.0,0.0211295448243618,0.0211295448243618,Bundesliga,2026-2027
15036,Imad Rondic,1,1,0,0.0,0,0.0,0,0,0,0,S,FC Cologne,0,0.0,0.0,0.0,Bundesliga,2026-2027
15041,Youri Regeer,3,261,0,0.0119249820709228,0,0.3736589178442955,1,6,0,0,M,Werder Bremen,0,0.0119249820709228,1.027424931526184,0.9435057789087296,Bundesliga,2026-2027
15043,Oskar Wójcik,1,9,0,0.0,0,0.0,0,0,0,0,S,Werder Bremen,0,0.0,0.0,0.0,Bundesliga,2026-2027
15056,Zakaria El Ouahdi,3,259,0,0.1281867176294326,0,0.028269924223423,2,1,1,0,D,Hamburger SV,0,0.1281867176294326,0.2358766794204712,0.1076899543404579,Bundesliga,2026-2027
6401,Amine Gouiri,5,449,4,2.666360806673765,1,1.541131168603897,13,7,0,0,F,Marseille,3,1.906265627592802,3.860463559627533,0.9486725963652134,Ligue 1,2026-2027
10100,Kamory Doumbia,5,418,4,4.300499161705375,1,0.4713785052299499,14,6,2,0,M,Brest,3,3.5404040422290564,2.866901868954301,0.4016281832009554,Ligue 1,2026-2027
10815,Lassine Sinayoko,5,439,4,3.761295050382614,1,0.6425064578652382,17,9,1,0,F,Paris FC,2,2.2411048114299774,4.053336679935455,1.724435143172741,Ligue 1,2026-2027
12255,Paris Brunner,5,399,4,2.9027333818376064,0,0.235915957018733,16,5,0,0,F,Monaco,4,2.9027333818376064,2.8393593207001686,0.1545126140117645,Ligue 1,2026-2027
942,Florian Thauvin,5,450,3,3.805227480828762,2,1.804956093430519,16,14,2,0,M,Lens,0,1.5249420627951622,6.125452935695648,3.905017524957657,Ligue 1,2026-2027
3297,Marquinhos,4,360,3,1.804073601961136,0,0.086779598146677,4,2,0,0,D,Paris Saint Germain,3,1.804073601961136,3.2107361257076263,2.583793491125107,Ligue 1,2026-2027
9912,Cameron Archer,3,263,3,2.2738330960273743,0,0.2145547643303871,7,2,0,0,F,Auxerre,3,2.2738330960273743,2.3972376883029938,0.1234045699238777,Ligue 1,2026-2027
10342,Louis Mafouta,5,426,3,4.044372335076332,1,0.9322396516799928,13,2,0,0,F,Le Mans,2,3.2842773348093037,6.011212736368179,1.8386795185506344,Ligue 1,2026-2027
12060,Ernest Nuamah,4,316,3,2.358074940741062,1,0.9022709503769876,14,5,0,0,M,Lyon,3,2.358074940741062,3.149984359741211,0.437014639377594,Ligue 1,2026-2027
12855,Casper Tengstedt,3,136,3,2.843744397163391,0,0.2978479713201523,10,2,0,0,F S,Toulouse,2,2.0836492776870728,2.1269447803497314,0.2331872582435608,Ligue 1,2026-2027
14817,Adil Bourabaa,5,406,3,1.1576205659657717,2,0.7036450989544392,7,8,1,0,M,Le Mans,3,1.1576205659657717,3.171805465593934,1.4031000435352323,Ligue 1,2026-2027
6441,Ferrán Torres,4,207,2,1.044143084436655,0,0.1927985809743404,7,3,0,0,F S,Paris Saint Germain,2,1.044143084436655,1.5603930354118347,0.3751618564128876,Ligue 1,2026-2027
8287,Mbwana Samatta,5,434,2,2.0016702115535736,0,0.1880317404866218,20,2,0,0,F M,Le Havre,2,2.0016702115535736,2.6696892231702805,1.2594444900751114,Ligue 1,2026-2027
11618,Samuel Amo-Ameyaw,5,124,2,0.3765569683164358,0,0.1146267428994178,6,1,1,0,M S,Strasbourg,2,0.3765569683164358,1.0687327180057764,0.7583539560437202,Ligue 1,2026-2027
11756,Tiago Santos,5,450,2,0.6711433865129948,0,0.867819219827652,9,5,0,0,D,Lille,2,0.6711433865129948,3.66249368712306,2.2652065455913544,Ligue 1,2026-2027
12850,Esteban Lepaul,4,286,2,3.095513239502907,0,0.4599692076444626,17,4,1,0,F S,Rennes,1,2.335418060421944,2.946751594543457,0.3778202347457409,Ligue 1,2026-2027
13896,Zachary Athekame,5,450,2,1.078330431133509,2,1.0181113183498385,4,6,1,0,D,Lyon,2,1.078330431133509,3.191162526607513,2.082623779773712,Ligue 1,2026-2027
14359,Gessime Yassine,5,444,2,1.0874156579375267,1,1.872339587658644,9,6,2,0,F M,Strasbourg,2,1.0874156579375267,3.80377933382988,0.8754121139645576,Ligue 1,2026-2027
14781,Franjo Ivanovic,3,183,2,1.1123590990900991,0,0.2768287062644958,5,1,1,0,M S,Lens,2,1.1123590990900991,2.778636544942856,1.9505576491355896,Ligue 1,2026-2027
14842,Thomas Jørgensen,5,442,2,1.591183453798294,1,1.4051151350140572,10,11,0,0,M,Toulouse,2,1.591183453798294,3.5753155648708344,0.865486778318882,Ligue 1,2026-2027
15030,Ayase Ueda,3,195,2,2.289009004831314,0,0.0943065248429775,9,2,0,0,F S,Lille,2,2.289009004831314,2.5723782181739807,0.5621707588434219,Ligue 1,2026-2027
343,Pierre-Emile Højbjerg,5,450,1,0.7261901050806046,0,0.2962779924273491,10,5,0,0,M,Marseille,1,0.7261901050806046,2.80916540324688,2.554208107292652,Ligue 1,2026-2027
502,Olivier Giroud,5,254,1,0.906844049692154,2,0.1921145962551236,5,4,1,0,F S,Lille,1,0.906844049692154,1.877948455512524,0.8784237178042531,Ligue 1,2026-2027
643,Eric Dier,5,450,1,0.3169553317129612,1,0.3632304668426513,4,1,0,0,D,Monaco,1,0.3169553317129612,1.1955494191497564,0.8323189690709114,Ligue 1,2026-2027
3536,Jean-Victor Makengo,5,422,1,1.230208719149232,0,0.2154456358402967,7,3,1,0,M,Lorient,1,1.230208719149232,1.4031244814395905,0.6418687403202057,Ligue 1,2026-2027
3549,Adrien Thomasson,4,279,1,1.5787971019744873,1,0.898641787469387,4,12,0,0,M S,Rennes,1,1.5787971019744873,2.3173477947711945,0.5941310152411461,Ligue 1,2026-2027
3603,Corentin Tolisso,5,380,1,1.025724209845066,2,1.5891606956720352,7,9,0,0,M S,Lyon,1,1.025724209845066,4.540901347994804,2.745748609304428,Ligue 1,2026-2027
3673,Valentin Rongier,4,346,1,0.237734954804182,0,0.5043339505791664,4,6,1,0,M,Rennes,1,0.237734954804182,2.028424747288227,1.6061070710420609,Ligue 1,2026-2027
3721,Romain Del Castillo,2,145,1,0.2247554063796997,0,0.3633739352226257,1,4,0,0,M,Brest,1,0.2247554063796997,0.5154062807559967,0.2906508818268776,Ligue 1,2026-2027
5587,Josh Maja,5,267,1,1.0269963964819908,0,0.5448911730200052,7,6,0,0,F S,Le Havre,1,1.0269963964819908,2.129617467522621,0.557729922235012,Ligue 1,2026-2027
5598,Angel Gomes,5,379,1,1.7878466099500656,1,0.6775255631655455,10,4,1,0,M S,Marseille,1,1.7878466099500656,3.705775290727616,1.3871384905651212,Ligue 1,2026-2027
5696,Vincent Marchetti,2,5,1,0.5186631679534912,0,0.0,2,0,0,0,S,Paris FC,1,0.5186631679534912,0.576786994934082,0.0581238493323326,Ligue 1,2026-2027
5745,Matthieu Udol,5,383,1,1.2039299607276917,0,0.7512716874480247,6,6,0,0,D,Lens,1,1.2039299607276917,2.964227445423603,1.5468190386891365,Ligue 1,2026-2027
5756,Carlens Arcus,5,337,1,0.1951442696154117,0,0.2589004822075367,3,5,0,0,D S,Angers,1,0.1951442696154117,2.137959338724613,2.090651459991932,Ligue 1,2026-2027
5769,Habib Diallo,3,112,1,0.3366782180964947,0,0.0,3,0,1,0,F S,Le Mans,1,0.3366782180964947,0.141649667173624,0.0837021693587303,Ligue 1,2026-2027
6864,Renaud Ripart,5,277,1,1.1639616787433624,0,0.112211987376213,8,1,0,0,F S,Troyes,0,0.4038665294647217,1.0383247397840023,0.7288293540477753,Ligue 1,2026-2027
6905,Ludovic Ajorque,5,447,1,1.2315343245863914,0,1.318942103534937,16,8,1,0,F,Brest,1,1.2315343245863914,2.1837060190737247,1.2229119166731834,Ligue 1,2026-2027
8191,Giovanni Reyna,5,325,1,0.4083238840103149,0,0.5755112208425999,6,5,0,0,M S,Strasbourg,1,0.4083238840103149,1.7323013544082642,1.2145277708768845,Ligue 1,2026-2027
8657,Jeremy Le Douaron,3,193,1,1.425081804394722,0,0.2287697792053222,8,3,0,0,F S,Troyes,1,1.425081804394722,1.6328207179903984,0.1864553466439247,Ligue 1,2026-2027
8777,Vitinha,4,360,1,0.4798210263252258,1,1.3488989993929863,12,10,1,0,M,Paris Saint Germain,1,0.4798210263252258,3.466281294822693,2.863645553588867,Ligue 1,2026-2027
8920,Dilane Bakwa,4,168,1,0.3027606382966041,1,0.1920543536543846,4,5,0,0,M S,Lille,1,0.3027606382966041,1.1191108226776123,0.7685139514505863,Ligue 1,2026-2027
9182,Sepe Elye Wahi,4,281,1,1.5301879160106182,0,0.23458943516016,7,4,1,0,F S,Nice,1,1.5301879160106182,2.1064424961805344,0.4099912270903587,Ligue 1,2026-2027
9633,Przemyslaw Frankowski,4,324,1,0.2910924609750509,0,0.7771240621805191,5,6,1,0,D,Rennes,1,0.2910924609750509,3.1730038225650787,2.508219338953495,Ligue 1,2026-2027
9656,Ilan Kebbal,5,413,1,1.1058020293712616,1,1.1460829097777605,11,10,0,0,M,Paris FC,1,1.1058020293712616,3.842177666723728,1.7951174601912498,Ligue 1,2026-2027
10125,Ibrahima Baldé,3,160,1,0.6615107506513596,0,0.0555896423757076,3,1,0,0,F S,Lorient,1,0.6615107506513596,0.8459112644195557,0.1288108825683593,Ligue 1,2026-2027
10131,Lucas Calodat,5,275,1,0.4202496986836195,1,1.3387584686279297,3,4,0,0,M S,Le Mans,1,0.4202496986836195,2.355899930000305,0.9572310447692872,Ligue 1,2026-2027
10347,Pablo Pagis,5,372,1,0.5123766586184502,1,1.7666335180401802,8,8,0,0,M,Paris FC,1,0.5123766586184502,2.6459790393710136,1.453146155923605,Ligue 1,2026-2027
10790,Branco van den Boomen,5,450,1,0.0675523998215794,1,0.9801528789103032,4,11,1,0,M,Angers,1,0.0675523998215794,2.524306915700436,2.317137062549591,Ligue 1,2026-2027
10832,Loïs Openda,4,336,1,2.916123792529106,1,0.6622381396591663,16,4,1,0,F,Lyon,1,2.916123792529106,4.861386328935623,1.8556660190224648,Ligue 1,2026-2027
11046,Abdallah Sima,5,392,1,1.3179268091917038,1,1.0888659283518791,9,5,0,0,F M,Lens,1,1.3179268091917038,4.484656665474176,2.3266156911849976,Ligue 1,2026-2027
11065,Remy Labeau Lascary,4,259,1,0.9929164126515388,0,0.0826305001974105,9,1,0,0,F M,Auxerre,1,0.9929164126515388,1.1009692624211311,0.1080528385937213,Ligue 1,2026-2027
11142,Pierre Ganiou,3,261,1,0.7981923036277294,0,0.6108390092849731,3,1,0,0,D,Lens,1,0.7981923036277294,2.254687488079071,1.6048056483268738,Ligue 1,2026-2027
11355,Noah Mbamba-Muanda,3,143,1,0.1288108825683593,0,0.0,1,0,0,0,M S,Lorient,1,0.1288108825683593,0.979202151298523,0.8503912761807442,Ligue 1,2026-2027
11757,Hákon Haraldsson,5,382,1,0.5847743526101112,0,1.1120025962591171,8,9,1,0,M,Lille,1,0.5847743526101112,2.6922670006752014,1.1007329858839512,Ligue 1,2026-2027
12066,Ethan Mbappé,5,268,1,1.5201632753014565,0,0.9319083876907824,9,5,0,0,M S,Lille,1,1.5201632753014565,2.6523768231272697,0.2802280448377132,Ligue 1,2026-2027
12336,Malick Fofana,2,54,1,0.2553050071001053,0,0.0571556612849235,3,2,0,0,S,Lyon,1,0.2553050071001053,0.3124606609344482,0.0,Ligue 1,2026-2027
12426,Stanis Idumbo Muzambo,4,338,1,0.7625248283147812,0,0.3394644483923912,10,4,0,0,M,Monaco,1,0.7625248283147812,1.074405387043953,0.1171374078840017,Ligue 1,2026-2027
12587,Keyliane Abdallah,5,111,1,0.3188192578963935,0,0.7095588594675064,6,3,1,0,S,Marseille,1,0.3188192578963935,1.1681631971150637,0.7455437537282705,Ligue 1,2026-2027
13053,Saud Abdulhamid,1,64,1,0.6086224317550659,0,0.0,1,0,0,0,D,Lens,1,0.6086224317550659,1.3348913192749023,0.7262688875198364,Ligue 1,2026-2027
13062,Mohammed Amoura,3,194,1,0.8557477630674839,0,0.634573295712471,4,3,1,0,M S,Nice,1,0.8557477630674839,2.0504626482725143,1.372584879398346,Ligue 1,2026-2027
13506,Rayan Fofana,3,121,1,1.417465716600418,0,0.0,6,0,0,0,M S,Le Havre,0,0.6573705971240997,0.6682354211807251,0.132461667060852,Ligue 1,2026-2027
13604,Prosper Peter,5,148,1,1.703375667333603,0,0.0905260145664215,6,1,1,0,F S,Angers,1,1.703375667333603,2.2962276935577397,0.9725096225738524,Ligue 1,2026-2027
13793,Lamine Sy,5,450,1,0.8210316486656666,0,0.565619595348835,4,4,0,0,D,Auxerre,1,0.8210316486656666,1.6181800924241545,0.7308943420648575,Ligue 1,2026-2027
13800,Samir Chergui,3,270,1,0.3754094243049621,0,0.0574038550257682,1,1,0,0,D,Paris FC,1,0.3754094243049621,1.2696784790605309,0.8942690696567297,Ligue 1,2026-2027
13888,Danny Namaso,5,417,1,1.2834422998130322,1,0.9754716418683528,10,7,0,0,F M,Auxerre,0,0.5233471505343914,1.646010655909777,0.8740487694740295,Ligue 1,2026-2027
14023,Conrad Harder,3,58,1,0.3426267206668854,0,0.0,2,0,0,0,S,Strasbourg,1,0.3426267206668854,0.3426267206668854,0.0,Ligue 1,2026-2027
14052,Pathé Mboup,5,407,1,1.6478857696056366,0,0.9035845398902892,17,6,1,0,M,Brest,1,1.6478857696056366,2.186543926596641,1.3906747978180647,Ligue 1,2026-2027
14131,Amine Sbaï,5,437,1,1.357832245528698,1,2.6043406650424004,12,17,0,0,M,Angers,1,1.357832245528698,3.738299608230591,1.248261608183384,Ligue 1,2026-2027
14132,Djibirin Harouna,5,81,1,0.6045683547854424,0,0.27067556604743,4,2,0,0,S,Angers,1,0.6045683547854424,0.9787375144660472,0.1278541777282953,Ligue 1,2026-2027
14373,Mamadou Koné,5,249,1,1.3116936888545752,0,0.223136069253087,8,4,0,0,F S,Lorient,1,1.3116936888545752,1.4273449778556824,0.0,Ligue 1,2026-2027
14406,Noah Nartey,4,107,1,0.0572686195373535,0,0.1478471383452415,1,2,2,0,M S,Lyon,1,0.0572686195373535,0.2925854846835136,0.0874697268009185,Ligue 1,2026-2027
14435,Jacen Russell-Rowe,5,348,1,1.589316353201866,0,0.2016537934541702,10,2,0,0,F S,Toulouse,1,1.589316353201866,2.5965358316898346,0.805565670132637,Ligue 1,2026-2027
14753,Diogo Sousa,5,390,1,1.5407027807086706,1,0.5648051351308823,5,5,1,0,M,Strasbourg,1,1.5407027807086706,3.0163928028196096,0.9770631454885006,Ligue 1,2026-2027
14755,Jacobo Ortega,5,320,1,0.8153517469763756,1,0.2460507061332464,6,4,0,0,F S,Strasbourg,1,0.8153517469763756,1.586259350180626,0.5485239624977112,Ligue 1,2026-2027
14818,Dame Gueye,5,303,1,1.6987973153591156,0,0.0,5,0,0,0,F S,Le Mans,1,1.6987973153591156,2.635681629180908,0.9941455870866776,Ligue 1,2026-2027
14833,Antoine Mille,5,359,1,0.6232937835156918,1,0.8731507882475853,8,8,1,0,M S,Troyes,1,0.6232937835156918,1.890846887603402,0.7970799524337053,Ligue 1,2026-2027
14841,Christ Tapé,5,446,1,1.5146926939487455,0,0.5802511796355247,5,5,1,0,D,Toulouse,1,1.5146926939487455,1.9452108144760127,1.066664071753621,Ligue 1,2026-2027
14844,Felix Bacher,5,450,1,0.3071194365620613,0,0.0319575369358062,4,1,1,0,D,Lyon,1,0.3071194365620613,0.6659244708716869,0.6339669339358807,Ligue 1,2026-2027
14860,Amine El Ouazzani,5,395,1,1.0940239559859035,2,0.9914609342813492,9,4,0,0,F,Angers,1,1.0940239559859035,2.5978168696165085,2.1685516834259038,Ligue 1,2026-2027
14869,Flávio Nazinho,5,444,1,0.4487106800079345,1,0.3181413635611534,1,4,1,0,D,Monaco,1,0.4487106800079345,1.3617830649018288,0.8245744463056326,Ligue 1,2026-2027
14995,Isak Jensen,4,79,1,0.1469917260110378,0,0.0192544739693403,3,1,0,0,S,Lorient,1,0.1469917260110378,0.4274385757744312,0.306396622210741,Ligue 1,2026-2027
14997,Lucas Maronnier,4,249,1,0.5204281006008387,0,0.2607608903199434,4,4,0,0,D S,Troyes,1,0.5204281006008387,1.0057628992944956,0.2775957435369491,Ligue 1,2026-2027
213,Thorgan Hazard,5,151,0,1.3072545155882835,0,0.0971198379993438,5,2,0,0,M S,Lens,0,1.3072545155882835,3.0806015580892563,1.942082978785038,Ligue 1,2026-2027
281,Lukas Hradecky,5,450,0,0.0,0,0.0,0,0,1,0,GK,Monaco,0,0.0,0.6349794156849384,0.6349794156849384,Ligue 1,2026-2027
399,Ulisses García,2,3,0,0.1374338865280151,0,0.0,1,0,0,0,S,Marseille,0,0.1374338865280151,0.5901340320706367,0.5901340320706367,Ligue 1,2026-2027
914,Nabil Bentaleb,5,424,0,0.1292448872700333,1,0.8931118249893188,4,7,0,0,M,Lille,0,0.1292448872700333,1.9277503760531545,1.00443035364151,Ligue 1,2026-2027
934,Axel Tuanzebe,2,180,0,0.1533777415752411,0,0.0,2,0,0,0,D,Auxerre,0,0.1533777415752411,1.03914675116539,1.03914675116539,Ligue 1,2026-2027
1245,Emerson,5,448,0,0.1145000923424959,0,0.2590992208570242,3,4,0,0,D,Marseille,0,0.1145000923424959,2.395528931170702,2.2405340261757374,Ligue 1,2026-2027
1516,Geoffrey Kondogbia,2,143,0,0.0,0,0.0,0,0,0,0,D,Marseille,0,0.0,0.717102125287056,0.717102125287056,Ligue 1,2026-2027
1823,Lucas Digne,1,16,0,0.0182403419166803,0,0.0,1,0,0,0,S,Paris Saint Germain,0,0.0182403419166803,0.0263588894158601,0.0263588894158601,Ligue 1,2026-2027
2276,Lucas Hernández,1,24,0,0.0,0,0.0212936587631702,0,1,1,0,S,Paris Saint Germain,0,0.0,0.1555672883987426,0.1342736333608627,Ligue 1,2026-2027
2447,Fabián,4,273,0,0.1578186508268118,0,0.5726569909602404,4,6,1,0,M S,Paris Saint Germain,0,0.1578186508268118,1.208338126540184,0.6655849069356918,Ligue 1,2026-2027
2674,Thilo Kehrer,1,1,0,0.0,0,0.0,0,0,0,0,S,Monaco,0,0.0,0.0,0.0,Ligue 1,2026-2027
2721,Dimitri Barinov,1,65,0,0.0972141027450561,0,0.0222056470811367,1,1,0,0,M,Paris Saint Germain,0,0.0972141027450561,0.2221570611000061,0.1027373149991035,Ligue 1,2026-2027
2897,Aleksandr Golovin,5,442,0,0.5214569978415966,2,1.246709182858467,5,10,2,0,M,Monaco,0,0.5214569978415966,1.215330060571432,0.17097969353199,Ligue 1,2026-2027
3059,Axel Witsel,4,330,0,0.652301475405693,0,0.0635700430721044,5,2,0,0,M,Nice,0,0.652301475405693,1.3147003799676895,1.0407954081892967,Ligue 1,2026-2027
3223,Benjamin André,4,221,0,0.0,0,0.1040100399404764,0,4,1,0,M S,Lille,0,0.0,0.1479187328368425,0.0890828967094421,Ligue 1,2026-2027
3226,Ousmane Dembélé,3,172,0,1.723524738103151,1,0.5515217892825603,13,7,0,0,F S,Paris Saint Germain,0,1.723524738103151,3.1122232377529144,1.1893949210643768,Ligue 1,2026-2027
3239,Hamari Traore,4,241,0,0.0,0,0.0,0,0,1,0,D S,Paris FC,0,0.0,0.7274191621690989,0.7274191621690989,Ligue 1,2026-2027
3269,Anthony Lopes,5,450,0,0.0,0,0.0,0,0,0,0,GK,Angers,0,0.0,0.5206223726272583,0.5206223726272583,Ligue 1,2026-2027
3285,Gaetan Perrin,3,66,0,0.0987268909811973,0,0.0,1,0,0,0,S,Lille,0,0.0987268909811973,1.0910842716693878,0.9923574030399324,Ligue 1,2026-2027
3286,Kevin Trapp,5,450,0,0.0,0,0.0,0,0,0,0,GK,Paris FC,0,0.0,1.6947336588054895,1.6947336588054895,Ligue 1,2026-2027
3348,Florian Sotoca,2,20,0,0.339272677898407,0,0.0926829054951667,2,1,0,0,S,Lens,0,0.339272677898407,0.3500540349632501,0.0107813570648431,Ligue 1,2026-2027
3357,Djibril Sidibe,2,132,0,0.0565765872597694,0,0.0,1,0,1,0,D S,Le Mans,0,0.0565765872597694,0.20714021474123,0.20714021474123,Ligue 1,2026-2027
3475,Ludovic Blas,4,200,0,1.2177811469882729,0,0.5332569666206837,9,7,0,0,M S,Rennes,0,1.2177811469882729,3.21404342353344,1.993009090423584,Ligue 1,2026-2027
3621,Neal Maupay,4,115,0,0.6818851828575134,0,0.0411513037979602,3,2,0,0,F S,Marseille,0,0.6818851828575134,0.6753654479980469,0.0355116352438926,Ligue 1,2026-2027
3647,Antoine Rabillard,4,154,0,0.1742814257740974,0,0.7345449477434158,2,2,0,0,M S,Le Mans,0,0.1742814257740974,0.897028736770153,0.0638302415609359,Ligue 1,2026-2027
3665,Nicolas Lemaitre,1,90,0,0.0,0,0.0,0,0,0,0,GK,Rennes,0,0.0,0.1059914678335189,0.1059914678335189,Ligue 1,2026-2027
3697,Odsonne Edouard,4,113,0,0.2451079748570919,0,0.3608443327248096,3,3,0,0,F S,Lens,0,0.2451079748570919,1.0756496042013168,0.5623802095651627,Ligue 1,2026-2027
3701,Gautier Lloris,4,346,0,0.0741852801293134,0,0.0,2,0,0,0,D,Brest,0,0.0741852801293134,0.289218382909894,0.289218382909894,Ligue 1,2026-2027
3718,Alec Georgen,1,17,0,0.0,0,0.0370151922106742,0,1,0,0,S,Lorient,0,0.0,0.6079070568084717,0.5708918571472168,Ligue 1,2026-2027
3720,Milan Gajic,1,90,0,0.018571762368083,0,0.0368847325444221,1,1,0,0,D,Paris Saint Germain,0,0.018571762368083,0.067836619913578,0.0123801212757825,Ligue 1,2026-2027
3743,Lucas Tousart,5,125,0,1.496068298816681,0,0.1128391996026039,4,1,0,0,D S,Brest,0,1.496068298816681,0.1921191662549972,0.0792799666523933,Ligue 1,2026-2027
3772,Maxime Lopez,5,386,0,0.0433891974389553,1,0.3872938137501478,3,6,1,0,M S,Paris FC,0,0.0433891974389553,2.244663745164871,2.0901433676481247,Ligue 1,2026-2027
4748,Brice Samba,3,270,0,0.0,0,0.0,0,0,0,0,GK,Rennes,0,0.0,0.9540154039859772,0.9540154039859772,Ligue 1,2026-2027
5197,Achraf Hakimi,3,218,0,0.3274267334491014,0,0.1661716122180223,7,4,0,0,D,Paris Saint Germain,0,0.3274267334491014,0.9720150530338288,0.7392916157841682,Ligue 1,2026-2027
5352,Niklas Schmidt,4,214,0,0.0511937234550714,0,0.2892290875315666,2,6,2,0,M S,Toulouse,0,0.0511937234550714,0.7707074172794819,0.47841920517385,Ligue 1,2026-2027
5442,Ivan Oblyakov,1,65,0,0.1326377242803573,0,0.0,2,0,0,0,M,Paris Saint Germain,0,0.1326377242803573,0.2575806677341461,0.1249429583549499,Ligue 1,2026-2027
5459,Konstantin Kuchaev,1,77,0,0.1095776185393333,0,0.0,2,0,0,0,M,Rennes,0,0.1095776185393333,0.146974891424179,0.0373972803354263,Ligue 1,2026-2027
5480,Matvey Safonov,4,360,0,0.0,0,0.0,0,0,0,0,GK,Paris Saint Germain,0,0.0,1.1380876246839762,1.1380876246839762,Ligue 1,2026-2027
5619,Pierre Lees-Melou,5,450,0,0.1201700726523995,0,0.0363967632874846,5,2,0,0,M,Paris FC,0,0.1201700726523995,1.9521962031722069,1.8720254227519035,Ligue 1,2026-2027
5661,Jonathan Ikone,2,22,0,0.0,0,0.0,0,0,0,0,S,Paris FC,0,0.0,0.0,0.0,Ligue 1,2026-2027
5684,Arnaud Nordin,2,91,0,0.8376582190394402,0,0.0,4,0,0,0,M S,Rennes,0,0.8376582190394402,0.8376582190394402,0.0,Ligue 1,2026-2027
5717,Amine Harit,5,420,0,0.2099595516920089,1,1.1253226231783628,5,9,1,0,M,Marseille,0,0.2099595516920089,2.864148164168,2.302480584010482,Ligue 1,2026-2027
5727,Gauthier Hein,5,384,0,0.3359403721988201,1,1.3005635142326355,5,7,0,0,M S,Nice,0,0.3359403721988201,2.1464218869805336,1.7302299588918686,Ligue 1,2026-2027
5742,Hugo Magnetti,4,268,0,0.1016157567501068,1,0.4635487217456102,3,3,0,0,M S,Brest,0,0.1016157567501068,0.4467115821316838,0.3818189278244972,Ligue 1,2026-2027
5768,Remy Descamps,1,90,0,0.0,0,0.0,0,0,0,0,GK,Lyon,0,0.0,0.0495821498334407,0.0495821498334407,Ligue 1,2026-2027
5975,Kenny Lala,5,381,0,0.0524688959121704,0,0.3576611503958702,2,8,1,0,D,Brest,0,0.0524688959121704,0.8926943596452475,0.539657985791564,Ligue 1,2026-2027
5989,Moussa Niakhate,4,360,0,0.0,0,0.0480047389864921,0,1,1,0,D,Lyon,0,0.0,1.3033910691738129,1.3033910691738129,Ligue 1,2026-2027
6006,Ruben Aguilar,4,275,0,0.0663274079561233,1,0.7076006531715393,1,6,1,0,D S,Lens,0,0.0663274079561233,1.2688512206077576,1.1258298493921757,Ligue 1,2026-2027
6110,Yvon Mvogo,5,450,0,0.0,0,0.0,0,0,0,0,GK,Lorient,0,0.0,0.5511284954845905,0.5511284954845905,Ligue 1,2026-2027
6147,Denis Zakaria,5,439,0,0.1825400963425636,0,0.0,5,0,1,0,M,Monaco,0,0.1825400963425636,0.7306602820754051,0.5481202006340027,Ligue 1,2026-2027
6148,Michaël Cuisance,5,315,0,1.1581210978329182,0,0.1348174754530191,5,3,1,0,M S,Lens,0,1.1581210978329182,3.53946154564619,2.2465228736400604,Ligue 1,2026-2027
6420,Romain Faivre,5,209,0,0.2035510018467903,1,0.5448931409046054,4,8,0,0,F S,Auxerre,0,0.2035510018467903,1.179611281491816,0.8476917147636414,Ligue 1,2026-2027
6452,Mahdi Camara,4,298,0,0.552292563021183,0,0.4584685117006302,5,4,0,0,M S,Rennes,0,0.552292563021183,2.541400820016861,1.609610915184021,Ligue 1,2026-2027
6500,Romain Perraud,5,389,0,0.1546836886554956,0,0.0333451144397258,4,1,2,0,D S,Lille,0,0.1546836886554956,1.7548762783408165,1.667791087180376,Ligue 1,2026-2027
6601,Timothy Weah,5,441,0,0.3040714561939239,0,0.2948818374425173,5,5,1,1,D,Marseille,0,0.3040714561939239,1.8540271036326883,1.386437263339758,Ligue 1,2026-2027
6709,Yehvann Diouf,5,450,0,0.0,0,0.0,0,0,0,0,GK,Nice,0,0.0,1.3951000943779943,1.3951000943779943,Ligue 1,2026-2027
6800,Daniil Krugovoy,1,67,0,0.0,0,0.0305336974561214,0,2,0,0,M,Paris Saint Germain,0,0.0,0.0305336974561214,0.0,Ligue 1,2026-2027
6816,Jean-Clair Todibo,2,82,0,0.0196161605417728,0,0.102784439921379,1,1,0,0,D S,Lens,0,0.0196161605417728,0.0603291019797325,0.0603291019797325,Ligue 1,2026-2027
6846,Sofiane Diop,5,252,0,0.4247154295444488,1,0.8334812894463539,2,8,0,0,M S,Nice,0,0.4247154295444488,1.389061450958252,0.2772226063534617,Ligue 1,2026-2027
6874,Yann Gboho,2,171,0,0.3379422426223755,1,0.5569460988044739,2,4,0,0,M,Toulouse,0,0.3379422426223755,1.3369508981704712,0.466180756688118,Ligue 1,2026-2027
6895,Jordan Lefort,5,450,0,0.0,0,0.2774772569537163,0,3,1,0,D,Angers,0,0.0,1.1800193935632706,1.1800193935632706,Ligue 1,2026-2027
6923,Mohammed Salisu,1,1,0,0.0,0,0.0,0,0,0,0,S,Monaco,0,0.0,0.1156546920537948,0.1156546920537948,Ligue 1,2026-2027
6935,Naif Aguerd,5,299,0,0.5182240009307861,0,0.0,2,0,1,0,D S,Marseille,0,0.5182240009307861,1.3576304614543917,0.8593102218583226,Ligue 1,2026-2027
7157,Lucas Buades,2,180,0,0.0261826086789369,0,0.531892716884613,1,1,0,0,D M,Le Mans,0,0.0261826086789369,0.6562946364283562,0.0982193127274513,Ligue 1,2026-2027
7169,Moses Simon,4,132,0,0.368872195482254,0,0.8363054096698761,3,3,0,0,M S,Paris FC,0,0.368872195482254,1.2737365998327732,0.1351939123123884,Ligue 1,2026-2027
7185,Alexey Mironov,1,89,0,0.0527292229235172,0,0.0717066675424575,2,1,1,0,M,Rennes,0,0.0527292229235172,0.1618331670761108,0.0373972803354263,Ligue 1,2026-2027
7206,Jonathan Gradit,2,98,0,0.0535541214048862,0,0.0261089447885751,1,1,0,0,D S,Lens,0,0.0535541214048862,0.0470482297241687,0.0470482297241687,Ligue 1,2026-2027
7224,Boulaye Dia,3,75,0,0.0739041119813919,0,0.0760241523385047,1,1,0,0,F S,Rennes,0,0.0739041119813919,0.1499282717704773,0.0760241523385047,Ligue 1,2026-2027
7453,Khvicha Kvaratskhelia,4,246,0,0.968095414340496,1,1.276854395866394,11,8,0,0,F S,Paris Saint Germain,0,0.968095414340496,1.589909002184868,0.3942161090672016,Ligue 1,2026-2027
7501,Amadou Haidara,4,196,0,0.1175910979509353,0,0.0807045474648475,2,1,0,0,M S,Lens,0,0.1175910979509353,0.7862355336546898,0.7219850495457649,Ligue 1,2026-2027
7502,Iron Gomis,5,265,0,0.2622583601623773,0,0.0880579464137554,5,2,1,0,M S,Troyes,0,0.2622583601623773,1.2200799509882927,0.9738932400941848,Ligue 1,2026-2027
7541,Timothee Nkada,3,94,0,0.2570957168936729,0,0.0483383275568485,7,1,0,0,M S,Troyes,0,0.2570957168936729,0.2873701304197311,0.0605460591614246,Ligue 1,2026-2027
7556,Alexandre Lauray,5,285,0,0.1317815529182553,0,0.2575661651790142,5,5,3,0,M S,Le Mans,0,0.1317815529182553,1.098837099969387,1.0426834151148796,Ligue 1,2026-2027
7612,Nathan N&#039;Goumou Minpol,5,151,0,0.2510931119322777,0,0.0,3,0,0,0,F M S,Nice,0,0.2510931119322777,0.7335266098380089,0.4824334979057312,Ligue 1,2026-2027
7631,Sebastian Szymanski,3,154,0,0.0557716749608516,1,0.2539464756846428,2,5,0,0,M S,Rennes,0,0.0557716749608516,1.8507619351148603,1.6593655496835709,Ligue 1,2026-2027
7681,Danila Prokhin,1,1,0,0.0,0,0.0,0,0,0,0,S,Rennes,0,0.0,0.0,0.0,Ligue 1,2026-2027
7732,Haris Belkebla,1,12,0,0.0,0,0.0,0,0,0,0,S,Angers,0,0.0,0.0,0.0,Ligue 1,2026-2027
7739,Joris Chotard,5,439,0,0.3437685035169124,1,1.8258559703826904,8,14,0,0,M,Brest,0,0.3437685035169124,1.1944831646978855,0.9492995664477348,Ligue 1,2026-2027
7747,Mama Baldé,4,125,0,0.4314220398664474,1,0.7391097769141197,7,3,0,0,M S,Brest,0,0.4314220398664474,1.2176838889718056,0.7458172412589192,Ligue 1,2026-2027
7761,Timur Suleymanov,1,90,0,0.0,0,0.0638830438256263,0,2,0,0,F,Rennes,0,0.0,0.4824109971523285,0.4185279607772827,Ligue 1,2026-2027
7895,Vladislav Torop,1,90,0,0.0,0,0.0,0,0,0,0,GK,Paris Saint Germain,0,0.0,0.0345857702195644,0.0345857702195644,Ligue 1,2026-2027
8050,Hichem Boudaoui,1,1,0,0.0,0,0.0,0,0,0,0,S,Nice,0,0.0,0.0,0.0,Ligue 1,2026-2027
8069,Maksim Mukhin,1,46,0,0.0,0,0.0,0,0,0,0,F,Rennes,0,0.0,0.0,0.0,Ligue 1,2026-2027
8076,Alexandre Phliponeau,2,17,0,0.0,0,0.0,0,0,0,0,S,Troyes,0,0.0,0.0,0.0,Ligue 1,2026-2027
8109,Niels Nkounkou,3,231,0,0.0656454116106033,0,0.114616684615612,1,1,0,0,D,Nice,0,0.0656454116106033,1.1564775705337524,0.9762154221534728,Ligue 1,2026-2027
8164,Ewan Hatfout,3,187,0,0.0,0,0.0,0,0,0,0,GK S,Le Mans,0,0.0,0.759040892124176,0.759040892124176,Ligue 1,2026-2027
8190,Melvin Bard,2,175,0,0.0154981967061758,0,0.0804384984076023,1,2,0,0,D,Nice,0,0.0154981967061758,0.2146688029170036,0.1342302970588207,Ligue 1,2026-2027
8451,Ivan Komarov,1,77,0,0.2288015335798263,0,0.4356122612953186,5,2,0,0,M,Rennes,0,0.2288015335798263,0.6099322438240051,0.0373972803354263,Ligue 1,2026-2027
8647,Thibault De Smet,1,33,0,0.0,0,0.0,0,0,1,0,S,Paris FC,0,0.0,0.0,0.0,Ligue 1,2026-2027
8684,Fodé Doucouré,2,98,0,0.0702571347355842,1,0.5277543663978577,2,2,2,0,D S,Le Havre,0,0.0702571347355842,0.6651259660720825,0.5928965285420418,Ligue 1,2026-2027
8685,Mohamed Ali-Cho,1,29,0,0.0147417820990085,0,0.0,1,0,0,0,S,Nice,0,0.0147417820990085,0.2652989327907562,0.2505571544170379,Ligue 1,2026-2027
8697,Jonathan Clauss,5,433,0,0.7129426766186953,0,1.0751087740063667,12,10,0,0,D,Nice,0,0.7129426766186953,1.2827686099335551,0.3160565858706832,Ligue 1,2026-2027
8701,Timothee Pembele,3,215,0,0.0776776298880577,0,0.053290881216526,2,1,0,0,D,Le Havre,0,0.0776776298880577,0.7741326168179512,0.6431640982627869,Ligue 1,2026-2027
8703,Sinaly Diomande,2,180,0,0.1381412111222744,0,0.0,2,0,1,0,D,Auxerre,0,0.1381412111222744,0.279822327196598,0.2575856074690819,Ligue 1,2026-2027
8970,Sékou Mara,2,72,0,0.0,0,0.0,0,0,1,0,F S,Strasbourg,0,0.0,0.5775489807128906,0.5775489807128906,Ligue 1,2026-2027
9158,Andrey Langovich,1,90,0,0.0,0,0.044852327555418,0,1,0,0,D,Rennes,0,0.0,0.1617245376110077,0.1168722063302993,Ligue 1,2026-2027
9220,Charlie Cresswell,4,360,0,0.2342491745948791,0,0.0,4,0,1,0,D,Rennes,0,0.2342491745948791,2.9657427966594696,2.9657427966594696,Ligue 1,2026-2027
9239,Mamadou Simbakoli,5,53,0,1.256789457052946,0,0.0344875045120716,9,1,1,0,S,Angers,0,1.256789457052946,0.8192793689668179,0.4070433676242828,Ligue 1,2026-2027
9272,Filip Jorgensen,5,450,0,0.0,0,0.0,0,0,0,0,GK,Strasbourg,0,0.0,1.650217292830348,1.650217292830348,Ligue 1,2026-2027
9274,Naouirou Ahamada,5,289,0,0.0835544131696224,0,0.1507219821214676,4,5,0,0,M S,Auxerre,0,0.0835544131696224,0.7492920756340027,0.6246582269668579,Ligue 1,2026-2027
9399,Quentin Merlin,3,227,0,0.0133792320266366,0,0.4486208856105804,1,2,1,0,D,Rennes,0,0.0133792320266366,1.0361423790454865,0.9354390799999236,Ligue 1,2026-2027
9403,Raúl Torrente,2,73,0,0.0,0,0.0,0,0,0,0,D S,Le Mans,0,0.0,0.0,0.0,Ligue 1,2026-2027
9419,Bryan Reynolds,2,36,0,0.0,0,0.0,0,0,0,0,S,Rennes,0,0.0,0.1525884568691253,0.1525884568691253,Ligue 1,2026-2027
9444,Felix Correia,2,94,0,0.0417652390897274,0,0.0,1,0,0,0,M S,Lille,0,0.0417652390897274,0.5543753802776337,0.512610137462616,Ligue 1,2026-2027
9490,Matthis Abline,4,170,0,0.588103175163269,1,0.6533509492874146,3,4,0,0,F S,Monaco,0,0.588103175163269,1.3373472541570663,0.2427398636937141,Ligue 1,2026-2027
9514,Antoine Mendy,3,120,0,0.1157970959320664,0,0.0117169115692377,3,1,0,0,D S,Nice,0,0.1157970959320664,0.2589078769087791,0.2241870276629924,Ligue 1,2026-2027
9563,Mamadou Mbow,3,181,0,0.0,0,0.0,0,0,0,0,D S,Paris FC,0,0.0,0.3706747889518738,0.3706747889518738,Ligue 1,2026-2027
9569,Viktor Melekhin,1,90,0,0.0280144996941089,0,0.0,1,0,0,0,D,Rennes,0,0.0280144996941089,0.4732824563980102,0.4452679455280304,Ligue 1,2026-2027
9618,Gauthier Gallon,3,181,0,0.0,0,0.0,0,0,0,0,GK S,Le Havre,0,0.0,0.0604193396866321,0.0604193396866321,Ligue 1,2026-2027
9645,Jim Allevinah,5,376,0,0.783032912760973,0,0.7859864961355925,14,4,1,0,M,Angers,0,0.783032912760973,2.135054796934128,1.1348131597042084,Ligue 1,2026-2027
9652,Alidu Seidu,1,29,0,0.0,0,0.0,0,0,0,0,S,Nice,0,0.0,0.7905792593955994,0.7905792593955994,Ligue 1,2026-2027
9658,Billal Brahimi,3,37,0,0.0,0,0.1659004501998424,0,2,0,0,S,Le Mans,0,0.0,0.183754064142704,0.1458588819950819,Ligue 1,2026-2027
9659,Bradley Locko,5,450,0,0.0,0,0.4136023893952369,0,4,1,0,D,Brest,0,0.0,1.6956681553274393,1.562066974118352,Ligue 1,2026-2027
9682,Mads Bidstrup,5,394,0,0.211328811943531,0,0.116244651377201,3,2,0,0,M,Lyon,0,0.211328811943531,1.3410924226045609,1.0907241627573967,Ligue 1,2026-2027
9690,Folarin Balogun,1,11,0,0.1156546920537948,0,0.0,1,0,0,0,S,Monaco,0,0.1156546920537948,0.1486415117979049,0.0329868197441101,Ligue 1,2026-2027
9756,Dominik Greif,4,360,0,0.0,0,0.0,0,0,0,0,GK,Lyon,0,0.0,0.7744526118040085,0.7744526118040085,Ligue 1,2026-2027
9787,Kaito Mizuta,3,153,0,0.0936654265969991,0,0.3707364872097969,3,5,0,0,M S,Le Havre,0,0.0936654265969991,0.4950732942670584,0.3396273255348205,Ligue 1,2026-2027
9826,Axel Camblan,1,16,0,0.0708044841885566,0,0.0,1,0,0,0,S,Brest,0,0.0708044841885566,0.0708044841885566,0.0,Ligue 1,2026-2027
9833,Andrew Omobamidele,2,180,0,0.0531624630093574,0,0.0,1,0,0,0,D,Strasbourg,0,0.0531624630093574,0.2791377305984497,0.2259752601385116,Ligue 1,2026-2027
9873,Montassar Talbi,5,450,0,0.2193701192736625,0,0.0700284019112587,3,1,0,0,D,Lorient,0,0.2193701192736625,1.3854720070958138,1.2247882559895515,Ligue 1,2026-2027
9885,Tanner Tessmann,4,29,0,0.0139460889622569,0,0.0423959642648696,1,1,1,0,S,Lyon,0,0.0139460889622569,0.2351787276566028,0.2212326377630233,Ligue 1,2026-2027
9929,Théo Le Bris,5,274,0,0.2225850522518158,0,0.0220328755676746,4,2,0,0,D S,Lorient,0,0.2225850522518158,0.3272105269134044,0.1252940408885479,Ligue 1,2026-2027
9961,Nuno Mendes,2,180,0,0.1933627724647522,0,2.2004162315279245,3,8,1,0,D,Paris Saint Germain,0,0.1933627724647522,3.508953422307968,2.094627559185028,Ligue 1,2026-2027
10041,Yasser Larouci,3,155,0,0.2188103720545768,0,0.0178536158055067,4,1,0,0,D M S,Le Mans,0,0.2188103720545768,0.1428572442382574,0.0178536158055067,Ligue 1,2026-2027
10058,Maghnes Akliouche,4,192,0,1.0830705761909485,0,0.3699999898672104,3,5,0,0,F M S,Paris Saint Germain,0,1.0830705761909485,1.3089597523212433,0.8147719353437424,Ligue 1,2026-2027
10091,Tyler Morton,5,371,0,0.0638050269335508,0,0.18763517588377,2,3,1,0,M S,Lyon,0,0.0638050269335508,1.8188320696353912,1.73104627430439,Ligue 1,2026-2027
10169,Diego Coppola,5,450,0,0.0,0,0.0506148599088192,0,1,1,0,D,Paris FC,0,0.0,1.4891027584671974,1.4384879004210234,Ligue 1,2026-2027
10174,CJ Egan-Riley,5,435,0,0.0,0,0.0854356661438942,0,1,0,0,D,Marseille,0,0.0,1.9939350709319117,1.9084993824362757,Ligue 1,2026-2027
10243,Jacques Ekomie,1,90,0,0.0484629981219768,0,0.0,2,0,0,0,D,Angers,0,0.0484629981219768,0.1074212566018104,0.0589582547545433,Ligue 1,2026-2027
10271,Vanderson,5,414,0,0.0763320140540599,0,0.2878704704344272,2,3,1,0,D,Monaco,0,0.0763320140540599,1.4996851682662964,1.4837258756160736,Ligue 1,2026-2027
10284,Pierre Ekwah,3,24,0,0.0146354855969548,0,0.0,1,0,0,0,S,Auxerre,0,0.0146354855969548,0.375027447938919,0.375027447938919,Ligue 1,2026-2027
10295,Louis Mouton,1,1,0,0.0,0,0.04122019931674,0,1,0,0,S,Angers,0,0.0,0.04122019931674,0.0,Ligue 1,2026-2027
10349,Mika Biereth,2,36,0,0.0,0,0.0,0,0,0,0,S,Monaco,0,0.0,0.0,0.0,Ligue 1,2026-2027
10390,Ismaël Doukouré,3,255,0,0.0418449789285659,0,0.0,1,0,0,0,D,Strasbourg,0,0.0418449789285659,1.500819966197014,1.458974987268448,Ligue 1,2026-2027
10431,Désiré Doué,4,216,0,0.5178364887833595,1,1.0030149146914482,9,9,0,0,F S,Paris Saint Germain,0,0.5178364887833595,2.2616544906049967,0.8438233677297831,Ligue 1,2026-2027
10517,Yassin Belkhdim,5,447,0,0.0733154658228159,0,0.1585482656955719,2,4,1,0,M,Angers,0,0.0733154658228159,1.894080050289631,1.7363844737410543,Ligue 1,2026-2027
10530,Olakunle Olusegun,1,44,0,0.0,0,0.1062149107456207,0,2,0,0,S,Rennes,0,0.0,0.1062149107456207,0.0,Ligue 1,2026-2027
10581,Junior Mwanga,4,246,0,0.0,0,0.057254072278738,0,1,0,1,D M S,Le Havre,0,0.0,0.7325544655323029,0.6753003932535648,Ligue 1,2026-2027
10620,Luca Koleosho,4,294,0,0.9377531744539738,1,0.7622405625879765,10,4,1,0,D M,Paris FC,0,0.9377531744539738,2.292237922549248,0.7023566775023937,Ligue 1,2026-2027
10688,Yaroslav Mikhaylov,1,13,0,0.0,0,0.0,0,0,0,0,S,Rennes,0,0.0,0.0,0.0,Ligue 1,2026-2027
10701,Nicolás Tagliafico,1,81,0,0.0,0,0.0139069389551877,0,1,0,0,D,Lyon,0,0.0,0.0676476508378982,0.0537407137453556,Ligue 1,2026-2027
10769,Robin Risser,5,450,0,0.0,0,0.0,0,0,0,0,GK,Lens,0,0.0,1.1122349426150322,1.1122349426150322,Ligue 1,2026-2027
10786,Warren Zaïre-Emery,4,327,0,0.6589250043034554,0,0.3616076707839966,2,1,0,0,D M,Paris Saint Germain,0,0.6589250043034554,3.1508824564516544,2.130349669605493,Ligue 1,2026-2027
10788,Rasmus Nicolaisen,3,270,0,0.1347466260194778,0,0.0156006403267383,4,1,1,0,D,Toulouse,0,0.1347466260194778,0.2904572151601314,0.2904572151601314,Ligue 1,2026-2027
10789,Anthony Rouault,2,180,0,0.0196444522589445,0,0.0,1,0,0,0,D,Rennes,0,0.0196444522589445,1.1204352229833603,1.1204352229833603,Ligue 1,2026-2027
10810,Alexsandro Ribeiro,5,450,0,0.1640281230211258,0,0.0187249183654785,3,1,0,0,D,Lille,0,0.1640281230211258,2.232487834990025,2.232487834990025,Ligue 1,2026-2027
10818,Kévin Danois,5,450,0,0.2171938680112362,0,0.8045379817485809,6,9,1,0,M,Auxerre,0,0.2171938680112362,2.519748017191887,1.781452678143978,Ligue 1,2026-2027
10868,Guela Doué,1,90,0,0.0355423465371131,0,0.0,1,0,0,0,D,Strasbourg,0,0.0355423465371131,0.0,0.0,Ligue 1,2026-2027
10923,Himad Abdelli,5,388,0,0.0225740149617195,0,0.0765220420435071,1,3,1,0,M,Marseille,0,0.0225740149617195,1.2228746749460695,1.155554685741663,Ligue 1,2026-2027
11016,Ousmane Camara,5,450,0,0.1016483306884765,1,0.4462321624159813,2,2,1,0,D,Angers,0,0.1016483306884765,1.7872321046888828,1.7641264535486698,Ligue 1,2026-2027
11061,Michel Diaz,5,450,0,0.0889731431379914,0,0.0421733558177948,3,1,2,0,D,Troyes,0,0.0889731431379914,1.2951837964355946,1.2462414987385273,Ligue 1,2026-2027
11131,Christian Mawissa Elebi,1,1,0,0.0,0,0.0,0,0,0,0,S,Monaco,0,0.0,0.0,0.0,Ligue 1,2026-2027
11183,Daniel Shantaliy,1,13,0,0.0347329527139663,0,0.021074641495943,1,1,0,0,S,Rennes,0,0.0347329527139663,0.0558075942099094,0.0,Ligue 1,2026-2027
11294,Lilian Raolisoa,4,113,0,0.0174001809209585,0,0.0,1,0,0,0,D S,Angers,0,0.0174001809209585,0.972138375043869,0.9547382295131684,Ligue 1,2026-2027
11318,Abner,4,279,0,0.0,0,0.3037280421704054,0,4,0,0,D S,Lyon,0,0.0,1.395800143480301,1.3558686524629593,Ligue 1,2026-2027
11339,Youssouf Ndayishimiye,5,421,0,0.0277491174638271,0,0.0,1,0,2,0,D,Nice,0,0.0277491174638271,1.125769093632698,1.125769093632698,Ligue 1,2026-2027
11345,João Victor,1,90,0,0.0,0,0.0,0,0,0,0,D,Paris Saint Germain,0,0.0,0.0674059018492698,0.0674059018492698,Ligue 1,2026-2027
11406,Giovani Versini,3,152,0,0.1128391996026039,0,0.0541743859648704,1,1,0,0,M S,Brest,0,0.1128391996026039,0.1819941438734531,0.0149805583059787,Ligue 1,2026-2027
11407,Edan Diop,1,65,0,0.0,0,0.0,0,0,0,0,M,Monaco,0,0.0,0.4459333717823028,0.4459333717823028,Ligue 1,2026-2027
11433,Danila Kozlov,1,25,0,0.0,0,0.0,0,0,0,0,S,Paris Saint Germain,0,0.0,0.0,0.0,Ligue 1,2026-2027
11455,Kirill Glebov,1,59,0,0.1249429583549499,0,0.0687236338853836,2,2,0,0,M,Paris Saint Germain,0,0.1249429583549499,0.2908806800842285,0.0972141027450561,Ligue 1,2026-2027
11456,Matvey Kislyak,1,90,0,0.1313229948282241,0,0.0123801212757825,3,1,0,0,M,Paris Saint Germain,0,0.1313229948282241,0.0710690915584564,0.0309518836438655,Ligue 1,2026-2027
11585,Julien Duranville,1,64,0,0.0,0,0.0,0,0,0,0,F,Lyon,0,0.0,0.0,0.0,Ligue 1,2026-2027
11673,Tamerlan Musaev,1,31,0,0.0,0,0.0,0,0,0,0,S,Paris Saint Germain,0,0.0,0.0,0.0,Ligue 1,2026-2027
11752,Amir Richardson,5,442,0,0.3681435445323586,0,0.5043133795261383,9,10,1,0,M,Le Havre,0,0.3681435445323586,1.7843680679798126,1.3306441120803356,Ligue 1,2026-2027
11755,Keito Nakamura,2,24,0,0.0,0,0.0,0,0,0,0,S,Lyon,0,0.0,0.1021696031093597,0.1021696031093597,Ligue 1,2026-2027
11769,Dembo Sylla,5,433,0,0.0,0,0.0,0,0,0,0,D,Lorient,0,0.0,1.687345802783966,1.687345802783966,Ligue 1,2026-2027
11776,Guillaume Restes,4,344,0,0.0,0,0.0,0,0,0,0,GK,Toulouse,0,0.0,0.5590836629271507,0.5590836629271507,Ligue 1,2026-2027
11777,Cristian Cásseres Jr.,5,450,0,0.4444140046834945,4,2.639191657304764,5,18,1,0,M,Toulouse,0,0.4444140046834945,3.375434696674347,1.819030582904816,Ligue 1,2026-2027
11782,Mousa Al Tamari,4,215,0,0.6182131767272949,0,1.4452019557356834,6,5,0,0,F M S,Rennes,0,0.6182131767272949,3.6731887757778168,1.6966734826564789,Ligue 1,2026-2027
11789,Josué Casimir,2,16,0,0.0627125427126884,0,0.0,2,0,0,0,S,Auxerre,0,0.0627125427126884,0.0783433094620704,0.0156307611614465,Ligue 1,2026-2027
11790,Rassoul Ndiaye,4,236,0,0.510332852602005,0,0.256965484470129,6,6,0,0,M S,Le Havre,0,0.510332852602005,1.0048193633556366,0.3128405883908272,Ligue 1,2026-2027
11792,Issa Soumaré,3,127,0,0.5064447838813066,1,0.0231221877038478,5,1,1,0,F M S,Rennes,0,0.5064447838813066,0.6265633925795555,0.2387889698147773,Ligue 1,2026-2027
11799,Lamine Camara,5,450,0,0.1450751163065433,1,0.1549968942999839,2,4,2,0,M,Monaco,0,0.1450751163065433,1.0392386727035046,0.7391666769981384,Ligue 1,2026-2027
11806,Sadibou Sané,5,450,0,0.0,0,0.0362833067774772,0,1,0,0,D,Monaco,0,0.0,0.8749014995992184,0.8386181928217411,Ligue 1,2026-2027
11819,Clinton Mata,1,90,0,0.0,0,0.0,0,0,0,0,D,Lyon,0,0.0,0.0319575369358062,0.0319575369358062,Ligue 1,2026-2027
11910,William Pacho,4,360,0,0.0431362427771091,0,0.0,1,0,0,0,D,Paris Saint Germain,0,0.0431362427771091,2.22869885712862,2.22869885712862,Ligue 1,2026-2027
12049,Aiyegun Tosin,2,41,0,0.4872382879257202,0,0.0,1,0,0,0,S,Lorient,0,0.4872382879257202,0.5242534875869751,0.0370151922106742,Ligue 1,2026-2027
12061,Ahmed Touba,4,360,0,0.0399159230291843,0,0.1215968653559684,1,1,1,0,D,Le Havre,0,0.0399159230291843,0.8890794664621353,0.8890794664621353,Ligue 1,2026-2027
12159,Mahamadou Nagida,4,133,0,0.0,0,0.2219210714101791,0,2,0,0,D S,Rennes,0,0.0,0.7266789898276329,0.6573463901877403,Ligue 1,2026-2027
12170,Joseph Nonge,5,113,0,0.0161024052649736,0,0.0,1,0,0,0,M S,Brest,0,0.0161024052649736,0.0305228000506758,0.0144203947857022,Ligue 1,2026-2027
12185,Kandet Diawara,5,215,0,0.0929638445377349,1,0.881059892475605,4,3,0,0,F M S,Troyes,0,0.0929638445377349,0.9090492259711028,0.0439587850123643,Ligue 1,2026-2027
12258,Luc Zogbe,1,69,0,0.050257995724678,0,0.0955927744507789,1,1,0,0,S,Brest,0,0.050257995724678,0.4717723131179809,0.3259215354919433,Ligue 1,2026-2027
12283,Daouda Traoré,1,23,0,0.070706807076931,0,0.0,1,0,0,0,S,Le Mans,0,0.070706807076931,0.070706807076931,0.0,Ligue 1,2026-2027
12284,Samir El Mourabet,3,133,0,0.0786875933408737,0,0.0355423465371131,1,1,0,1,M S,Strasbourg,0,0.0786875933408737,0.1094414051622152,0.1094414051622152,Ligue 1,2026-2027
12285,Mamadou Coulibaly,3,219,0,0.0,0,0.4431715011596679,0,3,0,0,M,Monaco,0,0.0,0.8919503521174192,0.4487788360565901,Ligue 1,2026-2027
12328,Arthur Avom,5,311,0,0.1308438144624233,0,0.5258608981966972,4,3,1,0,M S,Lorient,0,0.1308438144624233,2.464110631495714,1.901618231087923,Ligue 1,2026-2027
12330,Noah Edjouma,1,21,0,0.0496980473399162,0,0.0876914262771606,1,1,0,0,S,Brest,0,0.0496980473399162,0.0876914262771606,0.0,Ligue 1,2026-2027
12344,Anthony Bermont,4,185,0,1.0780687928199768,0,0.0772871002554893,6,1,1,0,M S,Angers,0,1.0780687928199768,0.9417536407709122,0.0,Ligue 1,2026-2027
12345,Senny Mayulu,1,16,0,0.0,0,0.0,0,0,0,0,S,Paris Saint Germain,0,0.0,0.0263588894158601,0.0263588894158601,Ligue 1,2026-2027
12346,Beraldo,2,72,0,0.0,0,0.0,0,0,0,0,M S,Paris Saint Germain,0,0.0,0.4829644411802292,0.4829644411802292,Ligue 1,2026-2027
12381,Panos Katseris,5,176,0,0.0744391530752182,3,1.4051136150956154,1,6,1,0,D S,Lorient,0,0.0744391530752182,2.062081530690193,0.582528755068779,Ligue 1,2026-2027
12382,Nathaniel Adjei,5,437,0,0.0,0,0.0339416489005088,0,1,1,0,D,Lorient,0,0.0,1.5397256091237068,1.5397256091237068,Ligue 1,2026-2027
12425,Faris Moumbagna,4,7,0,0.5855764746665955,0,0.4983202517032623,1,1,0,0,S,Marseille,0,0.5855764746665955,1.0838967263698578,0.0,Ligue 1,2026-2027
12446,Simon Ebonog,5,437,0,0.1312136147171259,0,0.138697862625122,4,5,0,0,M,Le Havre,0,0.1312136147171259,1.4586555361747742,1.2869182378053663,Ligue 1,2026-2027
12462,Matija Popovic,1,31,0,0.0550257824361324,0,0.0,1,0,0,0,S,Paris Saint Germain,0,0.0550257824361324,0.0550257824361324,0.0,Ligue 1,2026-2027
12476,Oumar Sako,1,90,0,0.0544815883040428,0,0.0,1,0,1,0,D,Rennes,0,0.0544815883040428,0.4185279607772827,0.4185279607772827,Ligue 1,2026-2027
12477,Ronaldo,1,90,0,0.4022053182125091,0,0.0373972803354263,2,1,0,0,F,Rennes,0,0.4022053182125091,0.4799396395683288,0.0777343064546585,Ligue 1,2026-2027
12556,Rayan Bamba,4,360,0,0.0444102734327316,1,0.0883211586624383,1,3,0,0,D M,Le Mans,0,0.0444102734327316,0.7985787969082594,0.6658473890274763,Ligue 1,2026-2027
12598,Rafik Messali,5,247,0,0.1654573827981948,0,0.4473771601915359,1,3,0,0,D S,Toulouse,0,0.1654573827981948,1.2521673813462255,0.7026868388056755,Ligue 1,2026-2027
12666,Rustam Yatimov,1,90,0,0.0,0,0.0,0,0,0,0,GK,Rennes,0,0.0,0.0,0.0,Ligue 1,2026-2027
12730,Ismaïl Bouneb,2,17,0,0.0,0,0.0492156222462654,0,1,0,0,S,Le Havre,0,0.0,0.0,0.0,Ligue 1,2026-2027
12731,Daren Mosengo,1,4,0,0.0,0,0.0,0,0,0,0,S,Le Havre,0,0.0,0.0,0.0,Ligue 1,2026-2027
12732,Yanis Zouaoui,1,39,0,0.0,0,0.0,0,0,0,0,D,Le Havre,0,0.0,0.0801175311207771,0.0801175311207771,Ligue 1,2026-2027
12734,João Neves,3,270,0,1.2537307739257812,0,0.2279173359274864,7,3,0,0,M,Paris Saint Germain,0,1.2537307739257812,2.3260887563228607,0.9504983201622964,Ligue 1,2026-2027
12769,Derek Cornelius,3,23,0,0.0639253631234169,0,0.0,1,0,0,0,S,Marseille,0,0.0639253631234169,0.1951925158500671,0.1951925158500671,Ligue 1,2026-2027
12772,Jeffrey de Lange,5,450,0,0.0,0,0.0,0,0,0,0,GK,Marseille,0,0.0,1.3188616298139095,1.3188616298139095,Ligue 1,2026-2027
12800,Ngal&#039;ayel Mukau,5,247,0,0.0692978277802467,0,0.0,1,0,0,0,M S,Lille,0,0.0692978277802467,1.4905515685677528,1.421253740787506,Ligue 1,2026-2027
12801,Osame Sahraoui,3,97,0,0.1586442291736602,0,0.1408004909753799,2,2,0,0,M S,Lille,0,0.1586442291736602,0.5581878870725632,0.3416801616549492,Ligue 1,2026-2027
12824,Clément Akpa,5,450,0,0.378678772598505,0,0.0146898692473769,2,1,1,0,D,Auxerre,0,0.378678772598505,2.2052744142711163,2.1651622094213963,Ligue 1,2026-2027
12825,Theo Bair,1,15,0,0.0642333328723907,0,0.0,1,0,0,0,S,Auxerre,0,0.0642333328723907,0.1425766348838806,0.0783433094620704,Ligue 1,2026-2027
12826,Lasso Coulibaly,1,11,0,0.0,0,0.0181625708937644,0,1,0,0,S,Auxerre,0,0.0,0.0181625708937644,0.0,Ligue 1,2026-2027
12842,Mark McKenzie,5,450,0,0.0,0,0.7503029257059097,0,2,0,0,D,Toulouse,0,0.0,1.6124614924192429,1.3925350159406662,Ligue 1,2026-2027
12950,Jordan Teze,1,36,0,0.0,1,0.4487106800079345,0,1,1,0,S,Monaco,0,0.0,0.4487106800079345,0.0,Ligue 1,2026-2027
12970,Sebastian Nanasi,5,394,0,0.5968520753085613,2,0.8971473723649979,6,7,0,0,F M,Strasbourg,0,0.5968520753085613,2.4700595512986183,1.129008665680885,Ligue 1,2026-2027
13023,Luciano Gondou,1,59,0,0.046102374792099,0,0.1984903067350387,1,2,0,0,F,Paris Saint Germain,0,0.046102374792099,0.2445926815271377,0.1027373149991035,Ligue 1,2026-2027
13042,Mohamed Abdelmonem,5,347,0,0.1817750744521618,0,0.0,3,0,1,0,D S,Nice,0,0.1817750744521618,1.2786237923428416,1.2289668647572398,Ligue 1,2026-2027
13070,Ali Abdi,3,39,0,0.0,0,0.0,0,0,0,0,S,Nice,0,0.0,0.0,0.0,Ligue 1,2026-2027
13076,Aristide Zossou,3,111,0,0.0617251880466938,0,0.0494717210531234,1,1,0,0,F S,Auxerre,0,0.0617251880466938,0.1901201084256172,0.1406483873724937,Ligue 1,2026-2027
13094,Dário Essugo,3,81,0,0.671220064163208,1,0.2578623816370964,2,3,0,0,S,Strasbourg,0,0.671220064163208,1.2394040301442146,1.0719440281391144,Ligue 1,2026-2027
13141,Kyllian Antonio,3,270,0,0.0491472352296114,0,0.0642504841089248,2,1,0,0,D,Lens,0,0.0491472352296114,1.5322638750076294,1.444975107908249,Ligue 1,2026-2027
13159,Marius Louãr,1,1,0,0.0,0,0.0,0,0,0,0,S,Angers,0,0.0,0.0,0.0,Ligue 1,2026-2027
13211,Mathis Saka,1,3,0,0.0,0,0.0,0,0,0,0,S,Toulouse,0,0.0,0.0,0.0,Ligue 1,2026-2027
13265,Everton Pereira,2,104,0,0.0,0,0.0,0,0,0,0,M S,Nice,0,0.0,0.0422341264784336,0.0422341264784336,Ligue 1,2026-2027
13283,Raphaël Le Guen,5,450,0,0.952029563486576,0,0.14040003484115,9,3,0,0,D,Brest,0,0.952029563486576,0.7373612094670534,0.6641882304102182,Ligue 1,2026-2027
13311,Djylian N&#039;Guessan,2,19,0,0.0529576726257801,0,0.0,1,0,0,0,S,Brest,0,0.0529576726257801,0.0529576726257801,0.0,Ligue 1,2026-2027
13329,Abdelhamid Aït Boudlal,2,180,0,0.0,0,0.0,0,0,1,0,D,Rennes,0,0.0,0.7003791630268097,0.7003791630268097,Ligue 1,2026-2027
13372,Egil Selvik,5,450,0,0.0,0,0.0182962603867054,0,1,0,0,GK,Brest,0,0.0,0.1884384732693433,0.1884384732693433,Ligue 1,2026-2027
13382,Isaac Cossier,1,12,0,0.0,0,0.0,0,0,0,0,S,Lille,0,0.0,0.0,0.0,Ligue 1,2026-2027
13385,Zabi Gueu,4,36,0,1.2028033435344696,1,0.5197412297129631,2,2,0,0,S,Paris FC,0,1.2028033435344696,1.891813464462757,0.1692688819020986,Ligue 1,2026-2027
13388,Justin Bourgault,1,1,0,0.0,0,0.0,0,0,0,0,S,Brest,0,0.0,0.0,0.0,Ligue 1,2026-2027
13407,Fredrik Oppegård,3,202,0,0.0,0,0.0375972762703895,0,2,0,0,D S,Auxerre,0,0.0,0.920157603919506,0.899410717189312,Ligue 1,2026-2027
13480,Mathys Niflore,2,106,0,0.0,0,0.0,0,0,0,0,GK S,Toulouse,0,0.0,0.064306691288948,0.064306691288948,Ligue 1,2026-2027
13496,Karim Coulibaly,3,19,0,0.0,0,0.0,0,0,0,0,S,Strasbourg,0,0.0,0.0,0.0,Ligue 1,2026-2027
13526,Souleymane Sagnan,3,247,0,0.050695426762104,0,0.0,1,0,0,1,D S,Lens,0,0.050695426762104,2.3649400174617767,2.314244568347931,Ligue 1,2026-2027
13527,Genesis Antwi,5,439,0,0.0199685841798782,0,0.0,1,0,0,0,D,Strasbourg,0,0.0199685841798782,0.6177972760051489,0.5978286918252707,Ligue 1,2026-2027
13577,Rudy Matondo,5,141,0,0.2994246426969766,0,0.1973733194172382,2,3,1,0,M S,Paris FC,0,0.2994246426969766,0.8422280792146921,0.3454300835728645,Ligue 1,2026-2027
13608,Ilyas Azizi,4,249,0,0.2700658589601517,0,0.1098871231079101,7,2,0,0,M S,Toulouse,0,0.2700658589601517,0.6216786503791809,0.2603495046496391,Ligue 1,2026-2027
13615,Oso,3,270,0,0.1582050621509552,0,0.2724076360464096,4,3,0,0,D,Strasbourg,0,0.1582050621509552,2.2234361320734024,1.966747760772705,Ligue 1,2026-2027
13673,Matheus Alves,1,25,0,0.0,0,0.0,0,0,0,0,S,Paris Saint Germain,0,0.0,0.0,0.0,Ligue 1,2026-2027
13718,Eliezer Mayenda,4,90,0,0.2643852494657039,0,0.0828692764043808,4,1,0,0,M S,Rennes,0,0.2643852494657039,0.4821757972240448,0.1349212639033794,Ligue 1,2026-2027
13733,Andrija Bulatovic,5,157,0,0.1187232313677668,0,0.4699188712984323,6,5,1,0,M S,Lens,0,0.1187232313677668,0.9758951663970948,0.5224486291408539,Ligue 1,2026-2027
13735,Pavel Sulc,5,264,0,0.5204606559127569,3,1.0081037655472755,4,7,1,0,M S,Lyon,0,0.5204606559127569,2.2477467954158783,0.9217747077345848,Ligue 1,2026-2027
13736,Khalis Merah,2,41,0,0.066844455897808,0,0.9491809010505676,1,1,0,0,S,Lyon,0,0.066844455897808,1.2888579070568085,0.3396770358085632,Ligue 1,2026-2027
13737,Mathys de Carvalho,1,70,0,0.0,0,0.0,0,0,0,0,M,Lyon,0,0.0,0.0,0.0,Ligue 1,2026-2027
13738,Ruben Kluivert,1,1,0,0.0,0,0.0,0,0,0,0,S,Lyon,0,0.0,0.0423959642648696,0.0423959642648696,Ligue 1,2026-2027
13742,Ayumu Seko,5,450,0,0.2138364166021347,0,0.4990557692945003,5,6,1,0,D,Le Havre,0,0.2138364166021347,1.925523743033409,1.3909194730222223,Ligue 1,2026-2027
13745,Lionel Mpasi,3,270,0,0.0,0,0.0,0,0,1,0,GK,Le Havre,0,0.0,0.1012473106384277,0.1012473106384277,Ligue 1,2026-2027
13749,Dro Fernández,3,31,0,0.0,0,0.5762916207313538,0,1,1,0,S,Paris Saint Germain,0,0.0,0.6255281884223223,0.0492366142570972,Ligue 1,2026-2027
13751,Isak Jansson,2,15,0,0.0,0,0.0,0,0,0,0,S,Nice,0,0.0,0.0599027872085571,0.0599027872085571,Ligue 1,2026-2027
13752,Gabin Bernardeau,5,341,0,0.5249528735876083,0,0.9677815735340118,5,3,0,0,M,Lorient,0,0.5249528735876083,1.0485110133886335,0.1532223708927631,Ligue 1,2026-2027
13753,Djibril Coulibaly,5,436,0,0.1766593977808952,0,0.1453009638935327,5,3,1,0,M,Nice,0,0.1766593977808952,1.1437769699841738,0.8885086365044117,Ligue 1,2026-2027
13754,Hamza Koutoune,2,13,0,0.0186970271170139,0,0.0,1,0,0,0,S,Nice,0,0.0186970271170139,0.0,0.0,Ligue 1,2026-2027
13756,Santiago Hidalgo,5,206,0,1.4395839869976044,0,0.0101301670074462,9,1,1,0,F M S,Toulouse,0,1.4395839869976044,1.156974956393242,0.3222264284268021,Ligue 1,2026-2027
13757,Alexis Vossah,4,161,0,0.0508177429437637,0,0.0,3,0,0,0,M S,Toulouse,0,0.0508177429437637,0.5384825356304646,0.5032654302194715,Ligue 1,2026-2027
13758,Seny Koumbassa,3,188,0,0.0,0,0.0,0,0,1,0,D S,Toulouse,0,0.0,0.9976113736629486,0.9976113736629486,Ligue 1,2026-2027
13781,Berke Özer,5,450,0,0.0,0,0.0,0,0,0,0,GK,Lille,0,0.0,1.619941096752882,1.619941096752882,Ligue 1,2026-2027
13782,Nathan Ngoy,5,450,0,0.0,0,0.0,0,0,0,0,D,Lille,0,0.0,2.3583318442106247,2.3583318442106247,Ligue 1,2026-2027
13786,Kirill Danilov,1,90,0,0.0119619350880384,0,0.0,1,0,0,0,D,Paris Saint Germain,0,0.0119619350880384,0.024342056363821,0.0123801212757825,Ligue 1,2026-2027
13794,Arsène Kouassi,5,450,0,0.0207828264683485,1,0.5373958423733711,1,8,1,0,D,Lorient,0,0.0207828264683485,1.5698004961013794,1.402007281780243,Ligue 1,2026-2027
13795,Dermane Karim,4,279,0,0.2912773266434669,0,0.0840382352471351,6,3,0,0,M S,Troyes,0,0.2912773266434669,0.701963372528553,0.4302478805184364,Ligue 1,2026-2027
13805,Adama Camara,5,450,0,0.1075915470719337,0,0.1586029343307018,1,3,0,0,D,Paris FC,0,0.1075915470719337,1.985794186592102,1.827586106956005,Ligue 1,2026-2027
13817,Lucas Høgsberg,3,183,0,0.0,0,0.0531676709651947,0,2,0,0,D S,Strasbourg,0,0.0,0.4294594824314117,0.376291811466217,Ligue 1,2026-2027
13871,Otávio,2,176,0,0.088520310819149,0,0.0,1,0,1,0,D,Paris FC,0,0.088520310819149,0.5766183286905289,0.5766183286905289,Ligue 1,2026-2027
13918,Julián Vignolo,3,173,0,0.2207191735506057,0,0.0761463269591331,4,1,0,0,M S,Toulouse,0,0.2207191735506057,0.457552570849657,0.2027830295264721,Ligue 1,2026-2027
13975,Noah Cadiou,5,446,0,0.522222338244319,0,0.5104787722229958,8,4,0,0,M,Lorient,0,0.522222338244319,2.1331651359796524,1.4596173092722893,Ligue 1,2026-2027
13985,Elikya Legros,3,149,0,0.0,0,0.0,0,0,1,0,D S,Auxerre,0,0.0,0.113930843770504,0.113930843770504,Ligue 1,2026-2027
14010,Igor Paixão,4,282,0,0.2602334842085838,0,0.1909940093755722,4,4,1,0,M,Marseille,0,0.2602334842085838,1.4871603045612574,1.1687859389930964,Ligue 1,2026-2027
14036,Fabio Baldé,2,12,0,0.0,0,0.0603789463639259,0,1,0,0,S,Strasbourg,0,0.0,0.0603789463639259,0.0,Ligue 1,2026-2027
14048,Calvin Verdonk,3,69,0,0.0125385643914341,0,0.0,1,0,0,0,D S,Lille,0,0.0125385643914341,0.1498427763581276,0.1373042091727256,Ligue 1,2026-2027
14083,Enzo Koffi,5,120,0,0.1365441419184208,0,0.1533853262662887,3,3,0,0,S,Le Havre,0,0.1365441419184208,0.4524898864328861,0.3172671422362327,Ligue 1,2026-2027
14098,Pape Cabral,1,11,0,0.0,0,0.0,0,0,0,0,S,Monaco,0,0.0,0.0,0.0,Ligue 1,2026-2027
14159,Tadjidine Mmadi,2,17,0,0.1033787354826927,0,0.0,1,0,0,0,S,Marseille,0,0.1033787354826927,0.1033787354826927,0.0,Ligue 1,2026-2027
14242,Zoumana Diallo,1,61,0,0.0258064251393079,0,0.0,1,0,1,0,F,Nice,0,0.0258064251393079,0.0258064251393079,0.0,Ligue 1,2026-2027
14293,Ilane Touré,1,6,0,0.0,0,0.0,0,0,0,0,S,Monaco,0,0.0,0.0,0.0,Ligue 1,2026-2027
14358,Pape Diop,5,311,0,0.225209578871727,0,0.1419563982635736,5,4,2,0,M S,Strasbourg,0,0.225209578871727,2.8566539585590363,2.656854808330536,Ligue 1,2026-2027
14363,Rémi Himbert,1,64,0,0.0,0,0.0992645844817161,0,2,0,0,F,Lyon,0,0.0,0.0992645844817161,0.0,Ligue 1,2026-2027
14376,Quinten Timber,1,48,0,0.0,0,0.0,0,0,0,0,M,Marseille,0,0.0,0.0647826567292213,0.0647826567292213,Ligue 1,2026-2027
14379,Kail Boudache,5,187,0,1.3307775259017944,0,0.0687393173575401,7,1,0,0,F M S,Lyon,0,1.3307775259017944,1.6802401691675186,0.3494626730680465,Ligue 1,2026-2027
14495,Matheus Reis,1,90,0,0.0,0,0.0,0,0,1,0,D,Paris Saint Germain,0,0.0,0.0,0.0,Ligue 1,2026-2027
14497,Imran Firov,1,23,0,0.0123801212757825,0,0.0,1,0,0,0,S,Paris Saint Germain,0,0.0123801212757825,0.0123801212757825,0.0,Ligue 1,2026-2027
14499,Tochukwu Nnadi,2,34,0,0.0,0,0.0,0,0,0,0,S,Marseille,0,0.0,0.0349286533892154,0.0349286533892154,Ligue 1,2026-2027
14571,Bané Diatta,4,116,0,0.0,0,0.0,0,0,0,0,M S,Angers,0,0.0,0.0672299489378929,0.0672299489378929,Ligue 1,2026-2027
14602,Kelyann Bezahaf,1,2,0,0.0,0,0.0,0,0,0,0,S,Marseille,0,0.0,0.0,0.0,Ligue 1,2026-2027
14605,Yaya Diémé,1,1,0,0.0,0,0.0,0,0,0,0,S,Strasbourg,0,0.0,0.0,0.0,Ligue 1,2026-2027
14608,Mezian Soares,3,104,0,0.0497504658997058,0,0.0391675177961587,2,2,0,0,M S,Lens,0,0.0497504658997058,0.7257223129272461,0.6683608293533325,Ligue 1,2026-2027
14628,Lamfia Dioubaté,3,28,0,0.033793332055211,0,0.0,2,0,1,0,S,Auxerre,0,0.033793332055211,0.1112674847245216,0.0931049138307571,Ligue 1,2026-2027
14661,Ygor Nogueira,1,90,0,0.0,0,0.0,0,0,0,0,D,Rennes,0,0.0,0.4420740008354187,0.4420740008354187,Ligue 1,2026-2027
14754,Mateo del Blanco,2,12,0,0.0,0,0.0,0,0,0,0,S,Strasbourg,0,0.0,0.0,0.0,Ligue 1,2026-2027
14756,Jeyland Mitchell,4,360,0,0.3768199672922492,0,0.0,2,0,1,0,D,Strasbourg,0,0.3768199672922492,1.2379719391465187,1.22584680467844,Ligue 1,2026-2027
14779,Maik Nawrocki,2,156,0,0.0437792278826236,0,0.0,1,0,1,0,D,Lens,0,0.0437792278826236,0.769647054374218,0.769647054374218,Ligue 1,2026-2027
14780,Yacine Titraoui,3,241,0,0.0235259998589754,0,0.0,1,0,1,0,M,Lens,0,0.0235259998589754,1.9963380247354507,1.9728120267391205,Ligue 1,2026-2027
14782,Michal Skóras,5,272,0,0.0231315735727548,1,1.4058484127745032,1,7,1,0,D S,Lens,0,0.0231315735727548,2.477041239850223,1.6204102486371994,Ligue 1,2026-2027
14783,Mamadou Diop,5,450,0,0.0,0,0.0,0,0,0,0,GK,Auxerre,0,0.0,0.6801999993622303,0.6801999993622303,Ligue 1,2026-2027
14784,Christ Makosso,4,304,0,0.0,1,0.839827835559845,0,2,1,1,D,Auxerre,0,0.0,1.9877880327403543,1.69909293577075,Ligue 1,2026-2027
14785,Arthur Piedfort,5,396,0,0.0173198450356721,0,0.0812037885189056,1,2,1,0,M,Auxerre,0,0.0173198450356721,0.665610034018755,0.628653034567833,Ligue 1,2026-2027
14786,Rayan Mandengue,4,43,0,0.0459069535136222,1,0.6590791940689087,1,1,1,0,S,Auxerre,0,0.0459069535136222,0.704986147582531,0.0,Ligue 1,2026-2027
14811,Xavier Mandza,5,449,0,0.0589388962835073,0,0.1036444175988435,4,4,1,0,D,Nice,0,0.0589388962835073,2.212679142132401,2.132270410656929,Ligue 1,2026-2027
14812,Aboulaye Camara,1,4,0,0.0,0,0.0,0,0,0,0,S,Nice,0,0.0,0.0,0.0,Ligue 1,2026-2027
14813,Souleymane Faye,3,58,0,0.206823818385601,0,0.3868547864258289,3,2,0,0,S,Lorient,0,0.206823818385601,0.7297028824687004,0.1360242739319801,Ligue 1,2026-2027
14814,Nicolas Kocik,3,263,0,0.0,0,0.0,0,0,0,0,GK,Le Mans,0,0.0,0.0627750903367996,0.0627750903367996,Ligue 1,2026-2027
14815,Noa Boissé,4,318,0,0.0,0,0.0444102734327316,0,1,2,0,D,Le Mans,0,0.0,1.5481111388653517,1.5481111388653517,Ligue 1,2026-2027
14816,Théo Eyoum,2,180,0,0.0,0,0.0,0,0,0,0,D,Le Mans,0,0.0,0.1025341600179672,0.1025341600179672,Ligue 1,2026-2027
14819,Erwan Colas,1,24,0,0.0,0,0.0,0,0,0,0,S,Le Mans,0,0.0,0.0,0.0,Ligue 1,2026-2027
14820,Lucas Bretelle,4,227,0,0.0,1,0.3438502829521894,0,3,0,0,M S,Le Mans,0,0.0,1.3436113111674786,1.3436113111674786,Ligue 1,2026-2027
14821,William Harhouz,1,15,0,0.0,0,0.0,0,0,0,0,S,Le Mans,0,0.0,0.0,0.0,Ligue 1,2026-2027
14822,Milan Robin,1,7,0,0.0,0,0.0,0,0,0,0,S,Le Mans,0,0.0,0.0,0.0,Ligue 1,2026-2027
14823,Mamady Diambou,2,103,0,0.3584523200988769,1,0.4044126272201538,6,1,0,0,M S,Brest,0,0.3584523200988769,0.6364556849002838,0.3336396664381027,Ligue 1,2026-2027
14824,Mathis Lainé,3,7,0,0.0,0,0.0,0,0,0,0,S,Brest,0,0.0,0.0,0.0,Ligue 1,2026-2027
14826,Patrick Beach,5,450,0,0.0,0,0.0,0,0,0,0,GK,Troyes,0,0.0,0.1401406750082969,0.1401406750082969,Ligue 1,2026-2027
14827,Yvann Titi,1,55,0,0.0145875811576843,0,0.0,1,0,0,0,D,Troyes,0,0.0145875811576843,0.0354177318513393,0.0354177318513393,Ligue 1,2026-2027
14828,Adrien Monfray,5,450,0,0.6248868452385068,0,0.2258599288761615,6,3,0,0,D,Troyes,0,0.6248868452385068,1.896649969741702,1.804554270580411,Ligue 1,2026-2027
14829,Anis Ouzenadji,5,450,0,0.0213016159832477,1,0.4170979633927345,1,5,0,0,D,Troyes,0,0.0213016159832477,0.8406972624361515,0.4585028029978275,Ligue 1,2026-2027
14830,Hugo Picard,5,326,0,0.1181905847042799,0,0.3525905609130859,3,12,0,0,M S,Troyes,0,0.1181905847042799,1.527948476374149,1.212334481999278,Ligue 1,2026-2027
14831,Mouhamed Diop,5,417,0,0.507626935839653,0,0.0713270008563995,7,1,1,0,M,Troyes,0,0.507626935839653,1.5917395651340485,1.314376562833786,Ligue 1,2026-2027
14832,Merwan Ifnaoui,3,241,0,0.0969768837094307,0,0.4290607273578644,1,9,0,0,F M,Troyes,0,0.0969768837094307,0.970714345574379,0.6137755289673805,Ligue 1,2026-2027
14834,Noah Donkor,4,145,0,0.0605460591614246,0,0.1204743478447198,1,2,0,0,D S,Troyes,0,0.0605460591614246,0.4169669393450022,0.2602539304643869,Ligue 1,2026-2027
14835,Yacouba Koné,5,18,0,0.0268384292721748,0,0.0,1,0,0,0,S,Troyes,0,0.0268384292721748,0.0268384292721748,0.0,Ligue 1,2026-2027
14839,Omar Sissoko,2,12,0,0.0,0,0.0,0,0,0,0,S,Paris FC,0,0.0,0.7696704864501953,0.7696704864501953,Ligue 1,2026-2027
14840,Ismaïl Diallo,4,147,0,0.0154042188078165,0,0.0,1,0,0,0,D S,Toulouse,0,0.0154042188078165,0.411960581317544,0.3965563625097275,Ligue 1,2026-2027
14843,Sion Oppong,4,67,0,0.0,0,0.0,0,0,0,0,S,Toulouse,0,0.0,0.064306691288948,0.064306691288948,Ligue 1,2026-2027
14845,Mohamed Ouédraogo,1,90,0,0.0,0,0.0,0,0,0,0,D,Lyon,0,0.0,0.071462944149971,0.071462944149971,Ligue 1,2026-2027
14861,Joseph Kalulu,4,360,0,0.0159429386258125,0,0.0925827324390411,1,2,1,0,D,Angers,0,0.0159429386258125,1.9976472556591036,1.905064433813095,Ligue 1,2026-2027
14862,Basar Önal,4,217,0,0.1204647123813629,0,0.7545578181743622,1,3,0,0,M S,Lille,0,0.1204647123813629,1.0799038000404837,0.25535942427814,Ligue 1,2026-2027
14865,Vincent Sasso,3,161,0,0.0,0,0.0,0,0,1,0,D S,Le Havre,0,0.0,0.18971573933959,0.18971573933959,Ligue 1,2026-2027
14866,Elias Jelert,4,278,0,0.0,0,0.0868676844984293,0,3,0,0,D S,Le Havre,0,0.0,1.2522414922714231,1.1653738021850586,Ligue 1,2026-2027
14867,Sota Nakamura,5,156,0,0.1471876930445432,1,0.5576247349381447,4,5,1,0,F S,Le Havre,0,0.1471876930445432,1.1495309472084043,0.8975566402077675,Ligue 1,2026-2027
14868,Djibril Ouziad,4,224,0,0.4387261215597391,0,0.1381586641073227,6,2,0,0,D S,Le Havre,0,0.4387261215597391,0.7843857705593109,0.3778316453099251,Ligue 1,2026-2027
14870,Oumar Konaté,1,5,0,0.0,0,0.0,0,0,0,0,S,Monaco,0,0.0,0.0,0.0,Ligue 1,2026-2027
14871,Anis Soubeir,4,72,0,0.4258888140320778,0,0.0,2,0,0,0,M S,Monaco,0,0.4258888140320778,0.4471249654889107,0.0212361570447683,Ligue 1,2026-2027
14872,Mathys Detourbet,3,41,0,0.0,0,0.1156546920537948,0,1,0,0,S,Monaco,0,0.0,0.1813022792339325,0.0656475871801376,Ligue 1,2026-2027
14873,Safouane Benzahra,1,1,0,0.0,0,0.0,0,0,0,0,S,Monaco,0,0.0,0.0,0.0,Ligue 1,2026-2027
14932,Mika Godts,4,60,0,0.1378146111965179,1,0.0888909120112657,3,4,0,0,S,Paris Saint Germain,0,0.1378146111965179,0.9780173003673552,0.8144030421972275,Ligue 1,2026-2027
14996,Nosa Obaretin,1,13,0,0.0,0,0.0,0,0,0,0,S,Lorient,0,0.0,0.4369813203811645,0.4369813203811645,Ligue 1,2026-2027
15000,Djelan Morana,1,5,0,0.0,0,0.0,0,0,0,0,S,Nice,0,0.0,0.0090811559930443,0.0090811559930443,Ligue 1,2026-2027
15008,Harold Voyer,4,360,0,0.0178536158055067,0,0.0,1,0,1,0,D,Le Mans,0,0.0178536158055067,1.6990209370851517,1.6811673194169998,Ligue 1,2026-2027
15009,Jean Vercruysse,4,231,0,0.2425022721290588,1,0.1135986391454935,4,2,1,0,M S,Le Mans,0,0.2425022721290588,0.9898057840764524,0.7256709039211273,Ligue 1,2026-2027
15029,Niko Sigur,2,132,0,0.0931175798177719,0,0.1005027256906032,1,2,1,0,M S,Toulouse,0,0.0931175798177719,0.910787433385849,0.7171671390533447,Ligue 1,2026-2027
15031,Maurits Kjærgaard,2,48,0,0.4508168622851372,2,0.8677185475826263,2,5,1,0,S,Lille,0,0.4508168622851372,1.4444206058979034,0.6096439361572266,Ligue 1,2026-2027
15049,Samuel Yohou,3,197,0,0.0,0,0.0,0,0,0,0,D S,Le Mans,0,0.0,0.8305110484361649,0.8305110484361649,Ligue 1,2026-2027
15075,Hakim Dongopandji,1,1,0,0.0,0,0.0,0,0,0,0,S,Le Havre,0,0.0,0.0,0.0,Ligue 1,2026-2027
15080,Junior Kadile,1,72,0,0.0,0,0.5422528386116028,0,1,0,0,D,Lens,0,0.0,0.5422528386116028,0.0,Ligue 1,2026-2027
