id,player_name,games,time,goals,xG,assists,xA,shots,key_passes,yellow_cards,red_cards,position,team_title,npg,npxG,xGChain,xGBuildup,league,season
453,Son Heung-Min,35,3051,23,16.992173068225384,7,7.846952574327588,86,73,2,0,F M,Tottenham,23,16.992173068225384,29.624786227941517,10.343098422512412,Premier League,2021-2022
1250,Mohamed Salah,35,2757,23,24.364288866519928,13,9.790822226554155,139,62,1,0,F S,Liverpool,18,19.79727490246296,32.15880052000284,11.22197961062193,Premier League,2021-2022
2371,Cristiano Ronaldo,30,2468,18,17.212831899523735,3,4.424962695688009,110,26,8,0,F S,Manchester United,15,14.929328348487616,23.253704860806465,7.720637893304229,Premier League,2021-2022
647,Harry Kane,37,3229,17,20.68507192377001,9,9.81828890554607,133,48,5,0,F M S,Tottenham,13,17.640392211265862,31.89218362979591,9.80840826407075,Premier League,2021-2022
838,Sadio Mané,34,2833,16,16.82961556315422,2,5.269158905372024,98,39,5,0,F S,Liverpool,16,16.82961556315422,28.448098309338093,11.072973331436517,Premier League,2021-2022
447,Kevin De Bruyne,30,2214,15,5.949964433908463,8,11.260171007364988,78,87,2,0,M S,Manchester City,15,5.949964433908463,20.317838434129957,9.413898749276996,Premier League,2021-2022
755,Jamie Vardy,25,1807,15,9.991950891911983,2,1.6055144965648651,54,18,2,0,F S,Leicester,15,9.991950891911983,12.636008812114596,1.9982727896422148,Premier League,2021-2022
6854,Diogo Jota,35,2401,15,17.34798476099968,4,5.874588536098599,90,40,3,0,F S,Liverpool,15,17.34798476099968,25.77840629965067,6.919248638674617,Premier League,2021-2022
522,Wilfried Zaha,33,2762,14,10.184118073433638,1,4.893216146156192,69,46,4,1,F M S,Crystal Palace,9,4.855936596170068,12.100897870957851,3.8086952473968263,Premier League,2021-2022
618,Raheem Sterling,30,2119,13,15.778131879866123,5,5.024925291538239,58,42,1,0,F M S,Manchester City,11,13.494622506201267,23.09551438316703,9.66558362543583,Premier League,2021-2022
998,Ivan Toney,33,2905,12,12.048585828393698,5,7.343530809506774,88,43,8,0,F S,Brentford,7,8.242776174098253,12.169118613004684,2.3933666069060564,Premier League,2021-2022
1776,Jarrod Bowen,36,3003,12,12.92943012341857,10,5.819746069610119,80,41,6,0,F M S,West Ham,12,12.92943012341857,21.70068991370499,6.549722044728696,Premier League,2021-2022
6818,James Maddison,35,2480,12,6.496711893007159,8,5.674205156974495,72,48,3,0,F M S,Leicester,12,6.496711893007159,14.60681216046214,5.826918383128941,Premier League,2021-2022
750,Riyad Mahrez,28,1468,11,10.123590916395187,5,3.9328212067484856,61,40,0,0,F M S,Manchester City,7,6.317741796374321,14.36690728366375,6.279024379327893,Premier League,2021-2022
7322,Bukayo Saka,38,3034,11,9.905906103551388,7,7.6313808765262365,97,68,6,0,F M S,Arsenal,9,8.383569121360779,19.44989830069244,9.058580647222698,Premier League,2021-2022
7696,Teemu Pukki,37,3278,11,11.44952037371695,3,4.062802174128592,71,27,4,0,F,Norwich,8,9.166050033643842,11.974240876734257,1.043409519828856,Premier League,2021-2022
7768,Mason Mount,32,2367,11,8.522430308163166,10,7.21291824337095,76,58,4,0,F M S,Chelsea,10,7.7612572982907295,18.23220883309841,7.473151002079248,Premier League,2021-2022
8026,Raphinha,35,2940,11,10.23054376989603,3,6.939143891446292,87,64,7,0,F M S,Leeds,7,7.1858687195926905,17.002546676434577,6.288568283431232,Premier League,2021-2022
8865,Ollie Watkins,35,2970,11,11.498160604387522,2,2.997610133141279,77,35,7,0,F S,Aston Villa,10,10.736988637596369,17.148511039093137,5.538892895914614,Premier League,2021-2022
531,Michail Antonio,36,2994,10,12.788629919290544,8,5.767140578478575,83,46,6,1,F S,West Ham,10,12.027457922697067,21.07403276115656,6.651934439316392,Premier League,2021-2022
843,James Ward-Prowse,36,3222,10,5.089495945721865,5,6.395678853616118,55,71,3,1,M,Southampton,6,2.044821010902524,11.12964179739356,9.245460629463196,Premier League,2021-2022
1228,Bruno Fernandes,36,3135,10,9.285304862074554,6,8.811852657236159,89,88,10,0,F M S,Manchester United,10,7.762967492453754,22.98672279715538,11.14225958287716,Premier League,2021-2022
6026,Richarlison,30,2532,10,10.01377157587558,5,4.38378893956542,74,29,8,0,F M S,Everton,7,7.73029859084636,11.769672244787216,3.0044056214392185,Premier League,2021-2022
7230,Emile Smith-Rowe,33,1928,10,5.36384779214859,2,3.033005226403475,40,30,1,0,F M S,Arsenal,10,5.36384779214859,10.874114144593475,4.788454380817711,Premier League,2021-2022
9301,Emmanuel Dennis,33,2612,10,7.006806670688093,6,3.959161562845111,60,33,7,1,F M S,Watford,10,7.006806670688093,12.345256780274212,4.416254226118326,Premier League,2021-2022
3278,Maxwel Cornet,26,1790,9,6.714042469859123,1,1.7581321336328983,47,15,2,0,F M S,Burnley,9,5.952873468399048,8.556580606848001,2.590579451993108,Premier League,2021-2022
6055,Phil Foden,28,2141,9,9.263244736939669,5,6.833732463419437,57,40,1,0,F M S,Manchester City,9,9.263244736939669,19.27444273978472,6.218504663556814,Premier League,2021-2022
314,Ilkay Gündogan,27,1852,8,9.720699042081833,4,4.720962079241872,55,37,1,0,M S,Manchester City,8,9.720699042081833,21.32915243878961,8.763398695737123,Premier League,2021-2022
468,Callum Wilson,18,1401,8,7.041790663264692,0,0.5302160959690809,35,10,4,0,F S,Newcastle United,6,5.519451602362096,5.063281880691648,0.6320269033312798,Premier League,2021-2022
594,Romelu Lukaku,26,1571,8,7.020434075966477,0,3.3627560660243034,43,24,1,0,F S,Chelsea,7,6.259260037913919,12.035579051822424,3.999414663761854,Premier League,2021-2022
3585,Said Benrahma,32,2208,8,6.1550276800990105,6,4.772110963240266,63,32,0,0,F M S,West Ham,8,6.1550276800990105,13.894504733383656,4.217210453003645,Premier League,2021-2022
3621,Neal Maupay,32,2271,8,8.242076613008976,2,2.442604837939143,61,23,7,0,F S,Brighton,7,6.719737626612186,13.330586224794388,5.462072102352977,Premier League,2021-2022
3635,Bernardo Silva,35,2865,8,7.771977653726935,4,6.567136766389012,48,59,6,0,F M S,Manchester City,8,7.771977653726935,25.98423945903778,14.36224857904017,Premier League,2021-2022
5220,Kai Havertz,29,1829,8,10.670876573771238,3,2.567781189456582,56,21,3,0,F M S,Chelsea,8,10.670876573771238,17.61883545666933,5.07429869286716,Premier League,2021-2022
5543,Gabriel Jesus,28,1885,8,10.153561741113664,8,5.913651751354337,64,38,1,0,F M S,Manchester City,7,9.392391830682756,19.491168478503823,6.3471613842993975,Premier League,2021-2022
7698,Leandro Trossard,34,2830,8,7.961571488529444,3,5.277916149236262,73,47,2,0,D F M S,Brighton,7,7.20040250197053,16.139060961082578,5.856930652633309,Premier League,2021-2022
8720,Jack Harrison,35,2660,8,5.154695501551032,1,3.4489700738340616,43,42,3,0,F M S,Leeds,8,5.154695501551032,9.2159404437989,4.422536087222397,Premier League,2021-2022
9040,Conor Gallagher,34,2863,8,7.672960817813873,3,4.143168058246374,52,39,10,0,M S,Crystal Palace,8,7.672960817813873,14.211974430829288,5.389095585793257,Premier League,2021-2022
986,Danny Ings,30,1920,7,6.846661906689405,6,1.4444685094058514,49,15,4,0,F S,Aston Villa,6,6.085492890328169,7.999432535842061,2.1089931335300207,Premier League,2021-2022
2496,Rodri,33,2901,7,2.718254609964788,2,1.552179705351591,45,27,5,0,M,Manchester City,7,2.718254609964788,26.259763911366463,23.95590011030436,Premier League,2021-2022
2517,Martin Odegaard,36,2803,7,4.223581701517105,4,6.601951729506254,53,75,4,0,M S,Arsenal,7,4.223581701517105,18.23505182750523,10.91330983582884,Premier League,2021-2022
5786,Yoane Wissa,30,1230,7,3.4018343733623624,1,0.6705948002636433,32,9,0,0,F M S,Brentford,7,3.4018343733623624,4.416324868798256,1.8253055810928345,Premier League,2021-2022
7700,Che Adams,30,2039,7,8.289287440478802,3,2.845940789207816,49,25,0,0,F M S,Southampton,7,8.289287440478802,10.300948925316334,1.4006276857107878,Premier League,2021-2022
501,Danny Welbeck,25,1464,6,8.285231601446867,1,0.8949581095948815,43,17,0,0,F M S,Brighton,6,8.285231601446867,11.30901661515236,2.8017294164747,Premier League,2021-2022
1389,Jorginho,29,2285,6,5.913266050629318,2,2.892731610685587,16,27,5,0,M S,Chelsea,0,0.5850790916010737,16.201842039823532,15.193452835083008,Premier League,2021-2022
2335,Pablo Fornals,36,2805,6,5.137447626329958,3,5.967042115516961,44,47,4,0,F M S,West Ham,6,5.137447626329958,17.674583863466978,8.343821020796895,Premier League,2021-2022
2381,Rodrigo,31,2280,6,5.610643168911338,1,3.645213108509779,48,39,9,0,F M S,Leeds,5,4.849474174901843,10.851464843377473,3.628703510388732,Premier League,2021-2022
2662,Christian Pulisic,22,1276,6,6.095077484846115,2,1.2932879086583853,28,15,2,0,D F M S,Chelsea,6,6.095077484846115,8.857735266909003,2.1257924009114504,Premier League,2021-2022
3697,Odsonne Edouard,28,1579,6,6.533581294119358,4,2.171932205557823,40,21,4,0,F M S,Crystal Palace,5,5.772417314350605,10.204465180635452,2.602695971727371,Premier League,2021-2022
4105,Raúl Jiménez,34,2651,6,7.071379598230124,4,3.394018276594579,57,38,5,2,F M S,Wolverhampton Wanderers,5,6.310211572796106,12.290305624715984,4.058563692960888,Premier League,2021-2022
5556,Ademola Lookman,26,1470,6,4.781360968947411,0,1.812361997552216,26,23,2,0,F M S,Leicester,6,4.781360968947411,11.409113086760044,5.64014358818531,Premier League,2021-2022
5956,Youri Tielemans,32,2638,6,4.266476510092616,4,4.3065823297947645,59,37,3,0,M S,Leicester,4,2.744143282994628,14.25932363141328,8.546899825334549,Premier League,2021-2022
6681,Harvey Barnes,32,2108,6,6.215695910155773,10,4.480990180745721,66,28,2,0,F M S,Leicester,6,6.215695910155773,12.55847548134625,3.729522781446576,Premier League,2021-2022
7752,Gabriel Martinelli,29,1877,6,8.86431922391057,6,4.084666876122356,51,34,1,1,F M S,Arsenal,5,8.103149194270372,10.528596667572856,2.5605143029242754,Premier League,2021-2022
8384,Armando Broja,32,1986,6,5.893730046227574,0,1.4606569707393646,45,10,2,0,F S,Southampton,6,5.893730046227574,8.278900971636176,2.013873884454369,Premier League,2021-2022
8941,Jacob Ramsey,34,2493,6,3.822881987318397,1,2.036960480734706,34,21,6,0,F M S,Aston Villa,6,3.822881987318397,11.246643111109734,6.333872018381953,Premier League,2021-2022
101,Allan Saint-Maximin,35,2825,5,5.663675950840116,5,5.261044799350202,64,50,5,0,F M S,Newcastle United,5,5.663675950840116,14.37779556401074,3.8985789944417775,Premier League,2021-2022
465,Joshua King,32,2247,5,8.284285517409444,3,4.002521988004446,49,35,5,0,F M S,Watford,4,7.523121478036046,12.03219684958458,2.661472711712122,Premier League,2021-2022
482,Roberto Firmino,20,979,5,5.253263216465712,4,2.218823962844908,30,16,3,0,F S,Liverpool,5,5.253263216465712,11.997239541262388,5.707365166395903,Premier League,2021-2022
488,Philippe Coutinho,19,1364,5,3.366971990093589,3,2.9328471841290598,43,25,0,0,F M S,Aston Villa,5,3.366971990093589,8.868810299783945,4.497148868627846,Premier League,2021-2022
535,Manuel Lanzini,30,1801,5,3.375077722594142,3,2.594079665839672,16,23,2,0,M S,West Ham,2,1.0915708057582378,8.181106477975845,7.256115834228694,Premier League,2021-2022
762,Demarai Gray,34,2366,5,4.3363886419683695,4,4.429345730692148,65,42,3,0,F M S,Everton,5,4.3363886419683695,10.400985466316342,3.428600884974003,Premier League,2021-2022
3420,Fabinho,29,2320,5,5.033523061312735,1,1.262206269428134,21,17,7,0,M S,Liverpool,3,3.511185065843165,10.567334730178118,9.501623323187232,Premier League,2021-2022
4456,Chris Wood,34,2734,5,8.213475201278925,0,1.365999980829656,51,19,1,0,F S,"Burnley,Newcastle United",4,7.452306184917688,8.77231390029192,2.923789992928505,Premier League,2021-2022
5555,Dominic Calvert-Lewin,17,1297,5,6.218367507681251,2,1.659819481894374,33,10,2,0,F S,Everton,3,3.9349023085087538,5.950977586209774,1.9578842744231224,Premier League,2021-2022
5613,Gabriel,35,3075,5,3.5427271053195,0,0.2485223039984703,29,8,6,1,D,Arsenal,5,3.5427271053195,11.80418819282204,11.412368149496617,Premier League,2021-2022
5675,Ismaila Sarr,22,1872,5,4.251841200515628,2,2.9239715188741684,39,21,2,0,F M S,Watford,5,3.49067216925323,7.595654848963022,2.0602030968293548,Premier League,2021-2022
5735,Jean-Philippe Mateta,22,1153,5,5.846974600106478,1,0.7184610925614834,37,7,2,0,F S,Crystal Palace,5,5.846974600106478,6.87257020175457,2.1351872496306896,Premier League,2021-2022
6482,Eddie Nketiah,21,803,5,4.993681591004133,1,1.6652061231434343,28,13,3,0,F S,Arsenal,5,4.993681591004133,7.677356168627739,2.160008793696761,Premier League,2021-2022
6691,Dejan Kulusevski,18,1276,5,3.023934356868267,8,4.146448384970427,26,25,3,0,F M S,Tottenham,5,3.023934356868267,12.606076311320066,7.695997558534145,Premier League,2021-2022
6954,Juan Camilo Hernández,25,1125,5,2.664220603182912,2,1.69985356554389,33,20,3,0,F M S,Watford,5,2.664220603182912,4.942542578093708,2.000695087015629,Premier League,2021-2022
7490,Mason Greenwood,18,1305,5,4.480731018818915,1,1.3290867917239666,48,17,1,0,F M S,Manchester United,5,4.480731018818915,6.188842663541436,1.7466596020385623,Premier League,2021-2022
8067,Reece James,26,1866,5,2.543486515060067,9,7.030302457511425,37,48,4,1,D M S,Chelsea,5,2.543486515060067,15.98188834823668,11.94055711850524,Premier League,2021-2022
8288,Tomas Soucek,35,3062,5,5.503859954886138,1,2.1671802196651697,44,21,3,0,M S,West Ham,5,5.503859954886138,9.545725675299764,5.433625217527151,Premier League,2021-2022
8327,Bruno Guimarães,17,1031,5,4.093199659138918,1,1.7428607121109962,23,12,4,0,M S,Newcastle United,5,4.093199659138918,5.316410129889846,2.585114572197199,Premier League,2021-2022
8379,Alexis Mac Allister,33,2102,5,6.832574421539903,2,2.1256866911426187,60,31,4,0,F M S,Brighton,3,4.549069428816438,10.862735169008374,6.358379386365414,Premier League,2021-2022
8845,Hee-Chan Hwang,30,1804,5,4.1964055839926,1,1.6057070260867476,27,15,2,0,F M S,Wolverhampton Wanderers,5,4.1964055839926,8.480338854715228,3.6125980131328106,Premier League,2021-2022
9738,Patson Daka,23,1164,5,5.1097992323338985,3,1.8195277228951452,26,13,2,0,F S,Leicester,5,5.1097992323338985,7.503917820751667,2.1623850176110864,Premier League,2021-2022
65,Timo Werner,21,1291,4,6.1664436142891645,1,0.3183775003999471,45,8,1,0,F M S,Chelsea,4,6.1664436142891645,9.69383104518056,3.6192964669317007,Premier League,2021-2022
87,Joelinton,35,2554,4,3.816281186416745,1,1.880340499803424,45,29,8,0,F M S,Newcastle United,4,3.816281186416745,6.516400877386332,2.558566747233272,Premier League,2021-2022
318,Pierre-Emerick Aubameyang,14,1047,4,6.893223594874144,1,0.8014164045453072,34,9,3,0,F S,Arsenal,4,5.370884027332068,5.439355485141277,0.9636607579886912,Premier League,2021-2022
556,Marcus Rashford,25,1229,4,2.8203724659979343,2,2.4275257661938667,22,9,2,0,F M S,Manchester United,4,2.8203724659979343,6.920497505925596,1.981456129811704,Premier League,2021-2022
606,Christian Benteke,25,1112,4,4.719371825456619,1,1.6651787851005793,38,14,3,0,F S,Crystal Palace,4,4.719371825456619,6.597357217222452,1.3307109996676445,Premier League,2021-2022
620,Kelechi Iheanacho,26,1236,4,3.6333328122273088,5,2.7090907525271177,31,17,1,0,F S,Leicester,4,3.6333328122273088,7.717554868198931,1.7873298982158303,Premier League,2021-2022
757,Jeffrey Schlupp,32,1836,4,3.629619141109288,1,2.0314666628837585,33,18,1,0,F M S,Crystal Palace,4,3.629619141109288,7.059725772589445,2.934892719611525,Premier League,2021-2022
1621,Marcos Alonso,28,2185,4,3.4942625891417265,4,5.042935417965055,43,44,8,0,D M S,Chelsea,4,3.4942625891417265,13.581614147871733,9.749312525615096,Premier League,2021-2022
2203,Emiliano Buendía,35,1907,4,3.0539291193708777,6,4.653005113825202,44,47,1,0,F M S,Aston Villa,4,3.0539291193708777,10.573566023260357,5.318296255543828,Premier League,2021-2022
2498,Aymeric Laporte,33,2848,4,4.454536762088537,0,0.6116274017840624,35,9,5,1,D,Manchester City,4,4.454536762088537,18.63745391741395,18.220567310228944,Premier League,2021-2022
3277,Alexandre Lacazette,30,1800,4,7.625774389132857,7,3.2550142742693424,46,29,0,0,F M S,Arsenal,2,5.342271422967315,9.149895284324884,3.0975794158875942,Premier League,2021-2022
5595,Daniel James,34,2516,4,7.710608173161745,4,4.278202144429088,54,27,7,1,F M S,"Leeds,Manchester United",4,7.710608173161745,12.308403611183168,1.377936815842986,Premier League,2021-2022
6042,Jan Bednarek,31,2637,4,2.7923311796039343,0,0.3658814933151006,19,6,10,0,D S,Southampton,4,2.7923311796039343,6.621771225705743,6.355030441656709,Premier League,2021-2022
6552,Bryan Mbeumo,35,2934,4,9.805259482935073,7,3.957220805808902,77,34,4,0,F M S,Brentford,3,9.044090459123254,17.78692425787449,6.478674702346325,Premier League,2021-2022
6817,Fred,28,2038,4,1.0861352998763325,4,2.331524911336601,14,28,5,0,M S,Manchester United,4,1.0861352998763325,8.365100169554353,5.868255811743438,Premier League,2021-2022
6851,Conor Coady,38,3369,4,2.326475059613585,0,0.0783219002187252,12,3,4,0,D,Wolverhampton Wanderers,4,2.326475059613585,5.348749686963856,5.322400999255478,Premier League,2021-2022
6853,Rúben Neves,33,2674,4,1.1209032889455557,2,2.243587740696966,42,25,9,0,M S,Wolverhampton Wanderers,4,1.1209032889455557,8.249836585484445,6.51626112498343,Premier League,2021-2022
6894,Mohamed Elyounoussi,30,2048,4,6.580140575766563,2,2.227864108979702,43,28,4,0,F M S,Southampton,4,6.580140575766563,8.982657704502344,2.9428734220564365,Premier League,2021-2022
8150,Anthony Gordon,35,2288,4,3.460314721800387,2,3.776887372136116,44,36,4,0,D F M S,Everton,4,3.460314721800387,7.969527812674642,3.010282608680427,Premier League,2021-2022
8864,Matthew Cash,38,3386,4,2.4832568001002078,3,2.902315404266119,37,28,8,0,D M,Aston Villa,4,2.4832568001002078,11.00867085158825,7.563903264701366,Premier League,2021-2022
8992,Hakim Ziyech,23,1304,4,3.0387300960719585,3,3.926885128952563,52,30,3,0,F M S,Chelsea,4,3.0387300960719585,10.714838811196389,5.662911152467132,Premier League,2021-2022
9680,Vitaly Janelt,31,2328,4,2.989832724444568,0,1.8168051782995465,30,23,3,0,D M S,Brentford,4,2.989832724444568,7.372113709338009,3.241404203698039,Premier League,2021-2022
10408,Luis Díaz,13,962,4,4.276757774874568,3,2.175987700931728,38,20,0,0,F S,Liverpool,4,4.276757774874568,8.961288705468178,3.449203735217452,Premier League,2021-2022
332,Joel Matip,31,2790,3,2.720767354592681,3,2.078828541561961,34,12,2,0,D,Liverpool,3,2.720767354592681,15.503671199083328,13.809814861044288,Premier League,2021-2022
484,Divock Origi,7,104,3,1.675460308790207,0,0.0,10,0,0,0,S,Liverpool,3,1.675460308790207,1.5212998986244202,0.3876813985407352,Premier League,2021-2022
672,Jordan Ayew,31,2036,3,4.290388016030192,3,3.0359251275658607,35,23,2,0,F M S,Crystal Palace,3,4.290388016030192,9.338780181482434,3.0739109199494123,Premier League,2021-2022
675,Jack Grealish,26,1929,3,5.53242839500308,3,5.456195579841733,44,52,3,0,F M S,Manchester City,3,5.53242839500308,18.398098289966583,9.633637011051178,Premier League,2021-2022
775,Andros Townsend,21,1463,3,2.262585835531354,2,2.849117113277316,21,31,3,0,D F M S,Everton,2,1.501416826620698,5.317550402134657,2.756819086149335,Premier League,2021-2022
782,Ben Chilwell,7,541,3,1.298325777053833,1,0.8330149054527283,13,10,0,0,D M S,Chelsea,3,1.298325777053833,4.463375482708216,3.4082015678286552,Premier League,2021-2022
833,Virgil van Dijk,34,3060,3,2.1695868838578463,1,1.5573332104831934,35,9,3,0,D,Liverpool,3,2.1695868838578463,16.267572289332747,16.187643237411976,Premier League,2021-2022
1078,Sergi Canos,31,2128,3,3.4899188801646237,2,2.1664950996637344,33,17,6,1,D F M S,Brentford,3,3.4899188801646237,6.9550468772649765,2.181806704029441,Premier League,2021-2022
1653,Michael Keane,32,2799,3,1.2030848106369376,2,1.339627981185913,19,8,2,1,D S,Everton,3,1.2030848106369376,3.2479775734245777,2.64853598177433,Premier League,2021-2022
1654,Ben Mee,21,1839,3,2.561094556003809,0,1.2749730832874775,19,5,3,0,D,Burnley,3,2.561094556003809,2.5687000900506973,2.479991593398154,Premier League,2021-2022
1688,Andrew Robertson,29,2550,3,2.2711895797401667,10,6.197530032135546,19,55,5,1,D,Liverpool,3,2.2711895797401667,18.61965829879045,14.27739267796278,Premier League,2021-2022
1801,Pontus Jansson,37,3325,3,4.593423327431083,1,0.5605823006480932,22,5,7,0,D,Brentford,3,4.593423327431083,5.387516871094704,3.885910749435425,Premier League,2021-2022
1822,Antonio Rüdiger,34,3036,3,2.6754944901913404,0,0.7367037087678909,48,12,9,0,D,Chelsea,3,2.6754944901913404,17.81282993219793,17.00517813488841,Premier League,2021-2022
2163,Diego Llorente,28,2351,3,1.977920237928629,0,0.0478121004998683,10,2,7,0,D,Leeds,3,1.977920237928629,2.175657069310546,2.175657069310546,Premier League,2021-2022
3288,Thiago Silva,32,2638,3,1.073761511594057,0,0.2539438009262085,18,7,2,0,D S,Chelsea,3,1.073761511594057,18.045891776680943,17.84714175015688,Premier League,2021-2022
5247,Naby Keita,23,1181,3,2.1447856165468693,1,1.812413688749075,26,15,3,0,M S,Liverpool,3,2.1447856165468693,7.787591747939587,5.404158726334572,Premier League,2021-2022
6345,Jadon Sancho,29,1891,3,4.233039932325482,3,4.078670029528439,26,42,0,0,F M S,Manchester United,3,4.233039932325482,12.36088978499174,5.444499511271715,Premier League,2021-2022
6615,Trevoh Chalobah,20,1459,3,1.1775850867852569,1,0.26596400141716,9,4,2,0,D M S,Chelsea,3,1.1775850867852569,7.682923499494791,7.4314879067242146,Premier League,2021-2022
7083,Christian Nørgaard,35,3068,3,4.969032805413008,4,4.0477693835273385,27,29,8,0,M,Brentford,3,4.969032805413008,13.346250873059034,7.89542396273464,Premier League,2021-2022
7723,John McGinn,35,3099,3,1.8280723309144375,4,5.359244130551815,43,53,8,0,M,Aston Villa,3,1.8280723309144375,12.840360780246556,8.202694385312498,Premier League,2021-2022
8239,Takumi Minamino,11,162,3,1.763352945446968,0,0.5603136941790581,7,2,1,0,F S,Liverpool,3,1.763352945446968,2.6374892964959145,0.3138282969594002,Premier League,2021-2022
8272,João Pedro,28,1619,3,4.448947859928012,1,2.097435991279781,47,18,1,0,F M S,Watford,3,4.448947859928012,9.26345830410719,4.319704428315163,Premier League,2021-2022
8300,Steven Bergwijn,25,518,3,3.335190050303936,1,0.8927956204861403,19,8,1,0,F M S,Tottenham,3,3.335190050303936,4.809273947030306,0.8813280984759331,Premier League,2021-2022
9679,Rico Henry,34,2796,3,1.899935700930655,0,1.872443387284875,14,18,2,0,D M S,Brentford,3,1.899935700930655,9.128159390762448,6.301865139976144,Premier League,2021-2022
76,Fabian Schär,25,2167,2,0.8395391143858433,2,1.479282571002841,20,9,4,0,D,Newcastle United,2,0.8395391143858433,3.370413671247661,2.830271666869521,Premier League,2021-2022
239,Pascal Groß,29,2044,2,2.865339705720544,4,5.79027221351862,23,60,1,0,D F M S,Brighton,2,2.104170685634017,9.946591524407268,5.546557137742639,Premier League,2021-2022
343,Pierre-Emile Højbjerg,36,3202,2,2.644531223922968,2,2.538237292319536,31,25,3,0,M,Tottenham,2,2.644531223922968,24.113174375146627,20.07615688070655,Premier League,2021-2022
500,Alex Iwobi,28,2041,2,2.403040584176779,2,3.0656776819378138,24,36,1,0,D M S,Everton,2,2.403040584176779,9.433963952586057,5.091717269271612,Premier League,2021-2022
534,Aaron Cresswell,31,2734,2,0.9124326836317778,3,3.670583555474877,18,31,3,0,D,West Ham,2,0.9124326836317778,10.5436932425946,9.624675979837775,Premier League,2021-2022
558,Jesse Lingard,16,338,2,0.7739869020879269,0,0.4576387051492929,8,8,1,0,M S,Manchester United,2,0.7739869020879269,1.5397445131093264,0.4106098096817732,Premier League,2021-2022
579,Nathan Aké,14,920,2,1.3034928366541862,0,0.6172760128974915,5,2,0,0,D S,Manchester City,2,1.3034928366541862,4.634195636957884,4.634195636957884,Premier League,2021-2022
593,Aaron Lennon,28,1538,2,1.0376689522527158,0,0.4255148032680154,12,9,2,0,F M S,Burnley,2,1.0376689522527158,3.164128842297941,1.978924488648772,Premier League,2021-2022
605,Jordan Henderson,35,2616,2,1.3726868210360408,5,4.195082722231746,31,37,3,0,M S,Liverpool,2,1.3726868210360408,18.98278469592333,15.453528169542553,Premier League,2021-2022
614,Fernandinho,19,943,2,1.6060919929295778,1,1.3410828318446877,18,10,1,0,D M S,Manchester City,2,1.6060919929295778,6.324194855988026,5.782822389155626,Premier League,2021-2022
652,Kieran Trippier,6,434,2,0.2261340022087097,0,0.2351752035319805,2,7,0,0,D S,Newcastle United,2,0.2261340022087097,0.9722745083272456,0.954714011400938,Premier League,2021-2022
751,N&#039;Golo Kanté,26,1787,2,1.7649728190153835,4,2.2009877003729343,17,24,2,0,M S,Chelsea,2,1.7649728190153835,12.655163131654264,8.97931701876223,Premier League,2021-2022
769,Jonjo Shelvey,24,1987,2,0.879080006852746,1,1.0608121007680893,30,16,5,1,M S,Newcastle United,2,0.879080006852746,3.950462125241757,2.919236796908081,Premier League,2021-2022
770,Ayoze Pérez,14,443,2,2.0579842533916235,3,1.2277688030153513,11,11,0,1,M S,Leicester,2,2.0579842533916235,2.99056632257998,0.6373151019215584,Premier League,2021-2022
772,Moussa Sissoko,36,3222,2,4.18377473577857,1,2.6050246274098754,25,36,5,0,M,Watford,2,4.18377473577857,8.571279365569353,3.9166604364290833,Premier League,2021-2022
804,Craig Dawson,34,2760,2,2.942396597936749,2,1.0429365001618862,25,5,5,1,D S,West Ham,2,2.942396597936749,5.017234046943486,4.921364744193852,Premier League,2021-2022
822,Patrick Bamford,9,558,2,2.997420996427536,2,1.031534468755126,20,5,2,0,F S,Leeds,2,2.997420996427536,3.715276086702943,0.4154009968042373,Premier League,2021-2022
842,Oriol Romeu,36,2905,2,1.503213438205421,2,3.038078627549112,24,37,9,0,M S,Southampton,2,1.503213438205421,10.693723781965671,8.413189874961972,Premier League,2021-2022
844,Jay Rodriguez,29,1356,2,4.855192940682173,2,1.9018799848854544,41,12,3,0,F M S,Burnley,2,4.855192940682173,5.373036352917552,1.044662995263934,Premier League,2021-2022
966,Alex Oxlade-Chamberlain,17,783,2,1.180953999981284,1,1.2662958838045597,21,10,0,0,F M S,Liverpool,2,1.180953999981284,5.64299226924777,3.540128314867616,Premier League,2021-2022
985,Mason Holgate,25,2137,2,1.660384014248848,1,0.1045862026512622,7,3,6,1,D M S,Everton,2,1.660384014248848,1.5720062172040343,1.5205509206280112,Premier League,2021-2022
1017,Matej Vydra,22,634,2,1.9705587178468704,3,0.752324708737433,19,6,1,0,F S,Burnley,2,1.9705587178468704,2.7295806063339114,0.2564481012523174,Premier League,2021-2022
1683,Ryan Fraser,27,1476,2,2.866719573736191,3,2.1547404266893864,24,25,3,0,F M S,Newcastle United,2,2.866719573736191,6.576188476756215,2.687837041914463,Premier League,2021-2022
1726,Abdoulaye Doucouré,30,2540,2,2.653875366784632,4,2.418744313530624,34,20,6,0,M S,Everton,2,2.653875366784632,8.230574828572571,3.837187174707651,Premier League,2021-2022
1791,Trent Alexander-Arnold,32,2856,2,2.192071607336402,12,12.68763641640544,51,90,2,0,D,Liverpool,2,2.192071607336402,21.091294214129448,11.988933326676488,Premier League,2021-2022
2254,Mateo Kovacic,25,1541,2,1.6888320790603757,5,4.118140805512667,22,27,4,0,M S,Chelsea,2,1.6888320790603757,12.851385869085789,9.87372001633048,Premier League,2021-2022
2280,Jonny,13,1020,2,0.8668940085917711,0,1.1285741068422794,10,11,1,0,D S,Wolverhampton Wanderers,2,0.8668940085917711,3.149478251114488,1.741608222015202,Premier League,2021-2022
2328,Thomas Partey,24,2045,2,3.022720468230545,1,0.8679594974964857,44,16,6,0,M S,Arsenal,2,3.022720468230545,9.639081802219152,8.366636365652084,Premier League,2021-2022
3293,Lucas Moura,34,1770,2,3.363734805956483,6,5.320137379691005,37,34,4,0,F M S,Tottenham,2,3.363734805956483,13.466605968773363,6.767043702304363,Premier League,2021-2022
3294,Edinson Cavani,15,745,2,3.725320629775524,1,1.2471088040620089,18,7,0,0,F S,Manchester United,2,3.725320629775524,4.9041747860610485,0.6423901002854109,Premier League,2021-2022
3422,João Moutinho,35,2987,2,1.1245428025722504,1,2.7696392191573977,20,39,4,0,M S,Wolverhampton Wanderers,2,1.1245428025722504,10.46951251849532,8.526896640658379,Premier League,2021-2022
3491,Romain Saiss,31,2721,2,3.198772515635937,0,0.3212678972631693,18,7,6,0,D,Wolverhampton Wanderers,2,3.198772515635937,5.640757723711431,5.433617138303816,Premier League,2021-2022
4419,Adam Armstrong,23,1412,2,4.238080732524395,2,1.624623529613018,47,13,1,0,F S,Southampton,2,4.238080732524395,6.2176071014255285,0.7942293044179678,Premier League,2021-2022
6122,Douglas Luiz,34,2733,2,2.220371574163437,3,2.44307017326355,23,36,7,0,M S,Aston Villa,2,2.220371574163437,10.234683318063617,8.437496514990926,Premier League,2021-2022
6249,Davinson Sánchez,23,1618,2,2.004246905446053,0,0.291997792199254,13,5,4,0,D S,Tottenham,2,2.004246905446053,7.71055081859231,7.483334220945835,Premier League,2021-2022
6441,Ferrán Torres,4,308,2,2.512162998318672,1,0.0216444004327058,13,1,0,0,F,Manchester City,2,2.512162998318672,2.4304743483662605,1.177095249295235,Premier League,2021-2022
6630,Joe Willock,29,2063,2,3.6774302888661614,0,1.1284047197550535,35,18,0,0,M S,Newcastle United,2,3.6774302888661614,7.496500605717301,3.5577033534646034,Premier League,2021-2022
6852,Matt Doherty,15,864,2,3.0913910754024982,4,2.0252633318305016,16,15,0,0,D M S,Tottenham,2,3.0913910754024982,7.882363170385361,4.257716134190559,Premier League,2021-2022
6893,Stuart Armstrong,25,1456,2,2.761914007365704,0,1.620189094915986,38,25,1,0,F M S,Southampton,2,2.761914007365704,6.535929229110479,3.463350588455796,Premier League,2021-2022
7052,Wout Weghorst,20,1459,2,5.398303970694542,3,1.8519033044576645,30,14,3,0,F S,Burnley,2,5.398303970694542,6.137320865876973,1.178776697255671,Premier League,2021-2022
7187,Sergio Reguilón,25,1929,2,2.971682120114565,3,3.5308931674808264,21,28,4,0,D S,Tottenham,2,2.971682120114565,9.459169758483768,4.919268406927586,Premier League,2021-2022
7236,Leander Dendoncker,30,1941,2,2.4547893097624183,2,0.9651257283985616,23,11,4,0,M S,Wolverhampton Wanderers,2,2.4547893097624183,5.346121789887548,3.243610193952918,Premier League,2021-2022
7295,Joshua Sargent,26,1578,2,2.0713036227971315,1,0.5363337956368923,23,11,1,0,F M S,Norwich,2,2.0713036227971315,2.816050668247044,0.5686431573703885,Premier League,2021-2022
7603,Marc Guehi,36,3227,2,2.491802053526044,1,1.2006488796323538,19,6,4,0,D,Crystal Palace,2,2.491802053526044,7.82427760027349,7.775645872578025,Premier League,2021-2022
7699,Adam Webster,22,1419,2,1.486678946763277,0,0.036905899643898,8,1,5,0,D S,Brighton,2,1.486678946763277,3.169359415769577,3.152342416346073,Premier League,2021-2022
7726,Ezri Konsa Ngoyo,29,2494,2,1.206902057863772,0,0.270699905231595,14,4,4,2,D,Aston Villa,2,1.206902057863772,4.54279619269073,4.291604299098253,Premier League,2021-2022
8291,Daniel Podence,26,1491,2,1.9968185909092424,3,4.245880654081702,35,36,2,0,F M S,Wolverhampton Wanderers,2,1.9968185909092424,6.1779282465577126,1.5524315927177668,Premier League,2021-2022
8323,Josh Brownhill,35,2953,2,1.2014812054112554,3,2.353918094187975,29,40,10,0,F M S,Burnley,2,1.2014812054112554,5.99081162083894,4.411198206245899,Premier League,2021-2022
8716,Luke Ayling,26,2276,2,1.0372716058045626,2,2.3595473375171423,19,10,4,1,D M,Leeds,2,1.0372716058045626,5.340352229773998,4.753910128027201,Premier League,2021-2022
8821,Donny van de Beek,15,545,2,1.5110082859173417,0,0.4375309888273477,7,5,1,0,M S,"Everton,Manchester United",2,1.5110082859173417,2.91588216740638,1.041342310607433,Premier League,2021-2022
8934,Trincão,28,1359,2,3.603013260290026,1,1.4855602774769068,32,14,0,0,F M S,Wolverhampton Wanderers,2,3.603013260290026,6.441428432241082,2.2612266913056374,Premier League,2021-2022
8961,Rúben Dias,29,2403,2,2.535038208588958,4,3.157990090548992,18,16,5,0,D S,Manchester City,2,2.535038208588958,16.94047772884369,16.11795637756586,Premier League,2021-2022
9339,Joe Gelhardt,20,700,2,3.80464480817318,2,1.8083356712013483,23,9,4,0,F S,Leeds,2,3.80464480817318,5.506509491242468,0.7224636012688279,Premier League,2021-2022
9524,Anthony Elanga,21,1218,2,2.981153290718794,2,1.9335426688194275,21,9,0,0,F M S,Manchester United,2,2.981153290718794,5.969549503177404,2.20174378529191,Premier League,2021-2022
9733,Nathan Collins,19,1671,2,1.6455229744315147,0,1.4840760342776775,15,5,2,1,D S,Burnley,2,1.6455229744315147,1.5359926857054234,1.127784792333841,Premier League,2021-2022
9734,Enock Mwepu,18,1009,2,1.999322835355997,4,1.5841594748198986,19,9,2,0,F M S,Brighton,2,1.999322835355997,3.612422186881304,2.079986520111561,Premier League,2021-2022
9948,Michael Olise,26,1125,2,1.4879501201212406,5,4.962619297206402,19,24,4,0,F M S,Crystal Palace,2,1.4879501201212406,7.787075158208609,5.307142198085785,Premier League,2021-2022
204,Granit Xhaka,27,2338,1,1.1074839858338237,2,2.4247115943580866,27,32,10,1,D M,Arsenal,1,1.1074839858338237,13.480487655848265,10.990657599642873,Premier League,2021-2022
229,Thiago Alcántara,25,1531,1,1.6294421814382076,4,2.575972074642777,25,29,2,0,M S,Liverpool,1,1.6294421814382076,12.86691565066576,10.548432012088597,Premier League,2021-2022
462,Dan Gosling,4,167,1,0.1960368985310197,0,0.0480008013546466,2,1,0,0,M S,Watford,1,0.1960368985310197,0.2291908003389835,0.0480008013546466,Premier League,2021-2022
508,Calum Chambers,13,1001,1,0.2656341008841991,0,0.1769321002066135,5,3,1,0,D M S,"Arsenal,Aston Villa",1,0.2656341008841991,2.581540483981371,2.4068506844341755,Premier League,2021-2022
528,Angelo Ogbonna,11,921,1,0.6117196120321751,0,0.0,3,0,1,0,D,West Ham,1,0.6117196120321751,1.006216997280717,0.9552069921046497,Premier League,2021-2022
530,James Tomkins,8,540,1,0.6890930850058794,0,0.352782592177391,4,2,2,0,D S,Crystal Palace,1,0.6890930850058794,0.4859020113945007,0.4056853055953979,Premier League,2021-2022
533,Mark Noble,11,321,1,1.5223380327224731,0,0.0202884990721941,2,1,0,0,M S,West Ham,0,0.0,2.256683925166726,2.236395426094532,Premier League,2021-2022
553,Anthony Martial,8,202,1,1.1682770177721975,0,0.0,5,0,0,0,F M S,Manchester United,1,1.1682770177721975,2.618613101541996,2.0982623919844627,Premier League,2021-2022
585,Seamus Coleman,30,2663,1,1.1748256795108318,0,0.7962016016244888,9,13,4,0,D,Everton,1,1.1748256795108318,5.379757348448038,3.757788091897965,Premier League,2021-2022
586,John Stones,14,1114,1,1.2149109998717904,0,0.1626314986497163,9,4,0,0,D S,Manchester City,1,1.2149109998717904,6.591381952166557,6.4356369972229,Premier League,2021-2022
592,Ross Barkley,6,169,1,1.3613629937171936,0,0.6625455059111118,9,8,0,0,M S,Chelsea,1,1.3613629937171936,3.718480050563812,2.1817568838596344,Premier League,2021-2022
645,Dele Alli,21,978,1,1.532490980811417,0,1.1271111033856869,7,9,4,0,M S,"Everton,Tottenham",0,0.7713219644501805,2.9642239520326257,1.5363989118486645,Premier League,2021-2022
646,Christian Eriksen,11,935,1,1.4037851188331842,4,3.7309530712664127,22,30,1,0,M S,Brentford,1,1.4037851188331842,4.987491987645626,2.9094995334744453,Premier League,2021-2022
660,Ben Davies,29,2542,1,2.476110560819506,1,0.6462083989754319,18,11,6,0,D S,Tottenham,1,2.476110560819506,13.493451613932848,12.485371489077806,Premier League,2021-2022
681,César Azpilicueta,27,2084,1,1.2615648172795773,2,2.075762717053294,11,17,3,0,D M S,Chelsea,1,1.2615648172795773,12.788144562393429,10.711090104654431,Premier League,2021-2022
712,Jack Cork,20,1689,1,0.7342861033976078,0,0.1921836994588375,7,6,4,0,M,Burnley,1,0.7342861033976078,3.6798261487856503,3.4212030777707696,Premier League,2021-2022
753,Marc Albrighton,17,1113,1,0.4875654093921184,2,1.6947175050154328,4,11,3,0,D F M S,Leicester,1,0.4875654093921184,4.001694183796644,2.970209274441004,Premier League,2021-2022
766,Jamaal Lascelles,26,2052,1,1.3373388117179277,0,0.2316508945077657,17,4,5,0,D S,Newcastle United,1,1.3373388117179277,1.4465576093643904,1.4465576093643904,Premier League,2021-2022
790,Nathan Redmond,27,1829,1,1.6321709342300892,5,4.070743652060628,26,34,0,0,D F M S,Southampton,1,1.6321709342300892,7.378807194530964,3.2111310930922627,Premier League,2021-2022
807,Jonny Evans,18,1355,1,1.284800007939339,1,0.920725718140602,3,4,3,0,D S,Leicester,1,1.284800007939339,4.209085593931377,4.113771582953632,Premier League,2021-2022
813,Salomón Rondón,20,764,1,2.640421368181705,1,0.612394904717803,21,8,2,1,F S,Everton,1,2.640421368181705,3.71541341021657,0.6350547969341278,Premier League,2021-2022
839,Shane Long,13,303,1,1.170360267162323,0,0.1290954016149044,9,2,1,0,F S,Southampton,1,1.170360267162323,1.1239030845463276,0.1053471975028514,Premier League,2021-2022
847,Cédric Soares,21,1483,1,0.489683398976922,1,1.5193457724526525,12,18,3,0,D S,Arsenal,1,0.489683398976922,5.350092962384224,4.619295628741384,Premier League,2021-2022
884,Matt Targett,33,2880,1,1.0151007901877165,1,3.863800139166415,13,41,3,0,D M,"Aston Villa,Newcastle United",1,1.0151007901877165,7.151029429398477,3.894083708524704,Premier League,2021-2022
885,Kyle Walker-Peters,32,2631,1,1.327508181333542,2,3.327080208808184,26,24,5,0,D M S,Southampton,1,1.327508181333542,9.220581082627175,6.448179150000215,Premier League,2021-2022
900,Adama Traoré,20,1047,1,2.8342398293316364,0,1.3370988294482231,23,18,0,0,F M S,Wolverhampton Wanderers,1,2.8342398293316364,4.757490999996662,0.907689617946744,Premier League,2021-2022
935,Kurt Zouma,24,2083,1,0.8130695931613445,0,0.0838834010064601,6,2,1,0,D,West Ham,1,0.8130695931613445,4.450215253047645,4.319386354647577,Premier League,2021-2022
1014,Tyler Roberts,23,938,1,2.4348462857306004,1,1.4724867288023231,30,15,5,0,F M S,Leeds,1,2.4348462857306004,4.4983255211263895,0.8000427074730396,Premier League,2021-2022
1024,Tyrone Mings,36,3186,1,1.375620087608695,3,1.428650375455618,21,10,11,0,D S,Aston Villa,1,1.375620087608695,8.234112842008471,7.534688280895352,Premier League,2021-2022
1032,Kieran Dowell,19,912,1,1.252158399671316,1,1.239989422261715,8,16,0,0,F M S,Norwich,1,1.252158399671316,2.7508563911542296,0.794395606033504,Premier League,2021-2022
1042,Tom Davies,6,228,1,1.0068475101143122,0,0.0,6,0,1,0,M S,Everton,1,1.0068475101143122,1.2285457830876112,0.4193071983754635,Premier League,2021-2022
1123,Juraj Kucka,26,1928,1,2.5135269723832607,1,1.0615557907149196,46,10,3,1,M S,Watford,1,2.5135269723832607,6.473118562251329,4.19075190462172,Premier League,2021-2022
1652,Matthew Lowton,25,1788,1,0.77887053322047,2,2.1353227254003286,10,17,3,1,D S,Burnley,1,0.77887053322047,4.2348743081092834,3.173536453396082,Premier League,2021-2022
1665,James Tarkowski,35,3108,1,2.987051802687347,2,0.4876921065151691,22,10,11,0,D,Burnley,1,2.987051802687347,5.56948065944016,5.258061533793807,Premier League,2021-2022
1687,Harry Maguire,30,2518,1,2.2377048023045063,0,0.1432129014283418,23,4,7,1,D S,Manchester United,1,2.2377048023045063,7.957978293299675,7.696394219994545,Premier League,2021-2022
1719,Javier Manquillo,19,1273,1,0.3779599890112877,2,0.4709694059565663,4,4,5,0,D S,Newcastle United,1,0.3779599890112877,1.646115392446518,0.8073002025485039,Premier League,2021-2022
1740,Paul Pogba,20,1371,1,2.1890755891799927,9,3.8411435652524233,33,24,7,1,M S,Manchester United,1,2.1890755891799927,7.5612444542348385,3.927331147715449,Premier League,2021-2022
1746,Jeff Hendrick,3,65,1,0.0177475996315479,0,0.0228141006082296,1,1,0,0,S,Newcastle United,1,0.0177475996315479,0.1608572024852037,0.1202954985201358,Premier League,2021-2022
1749,Rob Holding,15,824,1,0.5605965945869684,0,0.0,4,0,2,1,D S,Arsenal,1,0.5605965945869684,2.167426660656929,2.167426660656929,Premier League,2021-2022
1760,Arthur Masuaku,13,626,1,0.0669563207775354,1,0.7584338169544935,4,2,1,0,D M S,West Ham,1,0.0669563207775354,1.4823224358260632,1.45350862108171,Premier League,2021-2022
2245,Raphael Varane,22,1823,1,0.7494999002665281,1,0.213959701359272,9,4,0,0,D S,Manchester United,1,0.7494999002665281,5.67289936542511,5.46038194745779,Premier League,2021-2022
2379,João Cancelo,36,3233,1,4.544122601859272,7,6.009325062856078,81,39,7,0,D,Manchester City,1,4.544122601859272,26.887531492859125,21.15214002132416,Premier League,2021-2022
3303,Ricardo Pereira,14,1000,1,0.5782482028007507,3,1.4025978948920963,10,10,3,0,D M S,Leicester,1,0.5782482028007507,5.104849815368652,4.257838945835829,Premier League,2021-2022
3729,Hassane Kamara,19,1627,1,0.1643535951152444,0,0.6610655849799514,5,10,3,1,D S,Watford,1,0.1643535951152444,3.057586253620684,2.692300446331501,Premier League,2021-2022
4381,Mateusz Klich,33,2117,1,2.701991078443825,2,1.9125773273408413,42,32,5,0,M S,Leeds,1,2.701991078443825,8.965397104620934,5.376784522086382,Premier League,2021-2022
4422,Ashley Barnes,23,787,1,1.6827674992382526,0,0.9943248145282269,16,8,4,0,F S,Burnley,0,0.921599105000496,2.78278773650527,0.942340818233788,Premier League,2021-2022
5221,Leon Bailey,18,723,1,1.4925615042448044,2,0.6773803047835827,21,7,3,0,F M S,Aston Villa,1,1.4925615042448044,2.510905209928751,0.6678759902715683,Premier League,2021-2022
5264,Caglar Söyüncü,28,2500,1,1.008084572851658,0,0.08737170137465,8,3,5,0,D,Leicester,1,1.008084572851658,5.909224271774292,5.82185136154294,Premier League,2021-2022
5553,Declan Rice,36,3175,1,1.0442513916641474,4,1.5558669045567513,26,23,8,0,M S,West Ham,1,1.0442513916641474,15.582119937054811,14.247515995055435,Premier League,2021-2022
5560,Scott McTominay,30,2410,1,1.47690190654248,1,1.6853308789432049,27,23,9,0,M S,Manchester United,1,1.47690190654248,8.39546657167375,6.715101003646851,Premier League,2021-2022
5568,Connor Roberts,21,1686,1,0.2225561048835516,1,1.1593199241906404,6,13,2,0,D S,Burnley,1,0.2225561048835516,3.6431610444560647,2.413885143585503,Premier League,2021-2022
5609,Yves Bissouma,26,2134,1,1.05012384429574,2,0.844827288761735,21,8,10,0,M S,Brighton,1,1.05012384429574,8.46087761502713,6.945664497092366,Premier League,2021-2022
5612,Anwar El Ghazi,11,380,1,0.9790227208286524,1,0.2625085022300482,8,5,2,0,F M S,"Aston Villa,Everton",0,0.2178536001592874,0.6096942089498043,0.3097454067319631,Premier League,2021-2022
5619,Pierre Lees-Melou,33,2293,1,1.3564588129520416,0,1.859252595342696,33,25,5,0,M S,Norwich,1,1.3564588129520416,5.121012233197689,3.338285904377699,Premier League,2021-2022
5656,Nicolas Pepe,20,646,1,3.448649622499943,2,1.330942586064339,23,12,0,0,M S,Arsenal,1,3.448649622499943,5.508021876215935,1.4027431681752205,Premier League,2021-2022
5962,Tanguy NDombele Alvaro,9,490,1,0.5444414857774973,1,0.6208788082003593,9,4,1,0,M S,Tottenham,1,0.5444414857774973,2.439093429595232,1.5780104137957096,Premier League,2021-2022
6030,Zanka,8,514,1,0.1421730071306228,0,0.076792798936367,2,2,2,0,D S,Brentford,1,0.1421730071306228,1.8502167314291,1.8271526284515855,Premier League,2021-2022
6047,Shane Duffy,18,1432,1,0.9077040944248438,0,0.1030094008892774,22,4,7,0,D S,Brighton,1,0.9077040944248438,3.5175382625311613,3.4393277764320374,Premier League,2021-2022
6048,Lewis Dunk,29,2574,1,1.4920963048934937,0,0.4055808009579777,19,3,3,1,D,Brighton,1,1.4920963048934937,6.847901510074735,6.832657502964139,Premier League,2021-2022
6062,Isaac Hayden,14,1008,1,0.2894266080111265,0,0.0593779999762773,5,2,5,0,D M S,Newcastle United,1,0.2894266080111265,1.0659864582121372,0.9370960630476476,Premier League,2021-2022
6063,Jacob Murphy,33,1418,1,2.588163224980235,2,2.386162133421749,27,20,4,0,D F M S,Newcastle United,1,2.588163224980235,6.965943414252251,2.7634960813447838,Premier League,2021-2022
6157,Timothy Castagne,27,2118,1,0.940479414537549,0,1.0864658877253532,7,14,1,0,D M S,Leicester,1,0.940479414537549,5.502241559326649,4.350664138793945,Premier League,2021-2022
6274,Andriy Yarmolenko,19,278,1,0.7675480898469687,0,0.2134688002988696,11,4,1,0,M S,West Ham,1,0.7675480898469687,1.6315337847918272,0.7931829933077097,Premier League,2021-2022
6276,Nikola Vlasic,19,548,1,0.9056943729519844,0,0.6066044084727764,7,9,0,0,M S,West Ham,1,0.9056943729519844,2.343319285660982,1.2692412938922644,Premier League,2021-2022
6382,Pedro Neto,13,451,1,1.6366959679871798,1,1.495248288847506,17,13,3,0,F M S,Wolverhampton Wanderers,1,1.6366959679871798,2.9315416989848018,0.7728354977443814,Premier League,2021-2022
6424,Ben Johnson,20,1402,1,0.1485152002424001,0,0.5553672071546316,5,9,1,0,D S,West Ham,1,0.1485152002424001,4.077996655367315,3.741722867824137,Premier League,2021-2022
6456,Callum Hudson-Odoi,15,971,1,2.7757244147360325,2,2.638995425775647,18,25,1,0,D F M S,Chelsea,1,2.7757244147360325,6.930551851168275,2.432546889409423,Premier League,2021-2022
6523,Milot Rashica,31,2248,1,2.569660095497966,2,1.9145782003179197,44,36,0,0,D F M S,Norwich,1,2.569660095497966,4.716784189455211,1.4207799918949604,Premier League,2021-2022
6665,Curtis Jones,15,869,1,0.8281115936115384,1,0.6779237166047096,20,11,0,0,M S,Liverpool,1,0.8281115936115384,4.340758312493563,3.2194954212754965,Premier League,2021-2022
6674,Rayan Ait Nouri,23,1820,1,0.5460651963949203,2,1.6456159921362996,13,17,4,0,D S,Wolverhampton Wanderers,1,0.5460651963949203,4.461308920755982,3.4812748907133937,Premier League,2021-2022
6859,Kortney Hause,7,393,1,0.0640325993299484,0,0.0,2,0,0,0,D S,Aston Villa,1,0.0640325993299484,1.8135129772126677,1.8135129772126677,Premier League,2021-2022
7069,Saman Ghoddos,17,499,1,0.7120704911649227,1,1.1907186191529036,8,6,2,0,D F M S,Brentford,1,0.7120704911649227,3.1678579915314917,1.429826844483614,Premier League,2021-2022
7078,Sean Longstaff,24,1459,1,0.7775498926639557,1,0.4642082992941141,15,7,1,0,M S,Newcastle United,1,0.7775498926639557,3.919372787699104,2.9817814864218235,Premier League,2021-2022
7134,Marc Cucurella,35,3102,1,0.7293017916381359,1,2.871598906815052,18,42,6,0,D M,Brighton,1,0.7293017916381359,11.111791513860226,9.069734355434775,Premier League,2021-2022
7218,Cristian Romero,22,1850,1,0.4114758931100368,0,0.3777228910475969,6,6,8,0,D S,Tottenham,1,0.4114758931100368,9.463019106537104,9.053347896784544,Premier League,2021-2022
7332,Max Kilman,30,2693,1,1.3776236288249493,0,0.1449057012796402,13,3,3,0,D,Wolverhampton Wanderers,1,1.3776236288249493,5.232632765546441,5.062295773997903,Premier League,2021-2022
7382,Dan Burn,29,2465,1,1.6115349950268865,1,1.4531613001599908,18,6,8,0,D S,"Brighton,Newcastle United",1,1.6115349950268865,2.969873985275626,2.9460841845721006,Premier League,2021-2022
7420,Miguel Almirón,30,1730,1,1.7120565995573995,0,1.001836535986513,32,17,2,0,F M S,Newcastle United,1,1.7120565995573995,5.636095905676484,3.2259818157181144,Premier League,2021-2022
7430,Emerson,31,2296,1,2.020111955702305,1,2.450624798424542,15,28,5,0,D S,Tottenham,1,2.020111955702305,12.576655813492836,9.261143207550049,Premier League,2021-2022
7470,Mathias Normann,23,1661,1,0.835538562387228,2,2.2901421673595905,26,13,6,0,M S,Norwich,1,0.835538562387228,3.4090149104595184,1.4079527165740728,Premier League,2021-2022
7690,Grant Hanley,33,2899,1,1.696234492585063,0,0.3979412950575351,20,6,2,0,D,Norwich,1,1.696234492585063,3.552236177958548,3.4605953795835376,Premier League,2021-2022
7693,Kenny McLean,31,2710,1,1.91708598844707,0,1.0888230931013825,33,10,3,0,M S,Norwich,1,1.91708598844707,5.813929988071322,3.868613997474313,Premier League,2021-2022
8021,Adam Idah,17,611,1,1.9293015375733376,1,0.4609228000044822,14,5,0,0,F M S,Norwich,1,1.9293015375733376,2.403534699231386,0.5110170058906078,Premier League,2021-2022
8089,Kieran Tierney,22,1926,1,0.6144815096631646,3,1.246632007881999,15,20,0,0,D,Arsenal,1,0.6144815096631646,6.7281964011490345,5.27379622682929,Premier League,2021-2022
8476,Jarrad Branthwaite,6,384,1,0.6022208128124475,0,0.0,3,0,0,1,D S,Everton,1,0.6022208128124475,0.0646106991916894,0.0646106991916894,Premier League,2021-2022
8706,Eberechi Eze,13,597,1,0.4566667973995209,1,0.9693568199872972,10,11,1,0,F M S,Crystal Palace,1,0.4566667973995209,1.738577522337437,1.2302385084331036,Premier League,2021-2022
8717,Pascal Struijk,29,2052,1,2.2996558295562863,0,0.4314972944557667,11,11,6,1,D M S,Leeds,1,2.2996558295562863,5.535419112071395,5.0301025332883,Premier League,2021-2022
8718,Stuart Dallas,34,2929,1,1.8355175238102677,1,3.379575688391924,30,31,5,0,D M,Leeds,1,1.8355175238102677,9.495666805654764,6.707575690001249,Premier League,2021-2022
8780,Joël Veltman,34,2895,1,0.7149845939129591,1,1.5885620079934597,12,17,6,0,D M S,Brighton,1,0.7149845939129591,7.89517766982317,6.9201454389840364,Premier League,2021-2022
9453,Moisés Caicedo,8,673,1,0.6393528822809458,1,0.2321203015744686,10,4,2,0,M,Brighton,1,0.6393528822809458,3.086230354383588,2.363927122205496,Premier League,2021-2022
9512,Valentino Livramento,28,2202,1,1.1455561704933643,1,2.9600232373923063,12,20,2,0,D S,Southampton,1,1.1455561704933643,7.637431217357516,4.881157960742712,Premier League,2021-2022
9677,Kristoffer Ajer,24,2012,1,1.0655757747590542,3,2.2111876308918,7,8,5,0,D S,Brentford,1,1.0655757747590542,5.553348563611507,3.8359059505164623,Premier League,2021-2022
9678,Ethan Pinnock,32,2701,1,1.7465080497786405,1,1.7245045565068722,16,12,1,0,D,Brentford,1,1.7465080497786405,6.184837121516466,4.275091532617807,Premier League,2021-2022
9685,Mads Roerslev,21,1240,1,0.2831443063914776,1,0.9667048780247568,5,7,1,0,D S,Brentford,1,0.2831443063914776,1.3581679975613952,0.4798683002591133,Premier League,2021-2022
9691,Nuno Tavares,22,1162,1,1.7562966123223305,1,1.064530422911048,23,10,2,0,D S,Arsenal,1,1.7562966123223305,6.060938712209463,3.757681142538786,Premier League,2021-2022
9739,Kiernan Dewsbury-Hall,28,2101,1,1.2946152910590172,2,3.0290627162903547,20,34,4,0,M S,Leicester,1,1.2946152910590172,9.695718803443016,6.9314601151272655,Premier League,2021-2022
9833,Andrew Omobamidele,5,380,1,0.1711219027638435,0,0.0,2,0,1,0,D S,Norwich,1,0.1711219027638435,0.4068540930747986,0.4068540930747986,Premier League,2021-2022
9914,Shandon Baptiste,22,909,1,0.5783805977553129,0,0.5454354956746101,12,9,0,1,M S,Brentford,1,0.5783805977553129,2.3360376888886094,1.4911788003519175,Premier League,2021-2022
10291,Vitalii Mykolenko,13,1059,1,0.545275991782546,0,0.4969943072646856,8,8,0,0,D S,Everton,1,0.545275991782546,1.9282748885452747,1.1917393822222948,Premier League,2021-2022
62,Lukas Rupp,19,744,0,0.4662756929174065,0,1.3048201203346252,12,9,0,0,M S,Norwich,0,0.4662756929174065,2.5540910232812166,1.5202579200267792,Premier League,2021-2022
111,Jannik Vestergaard,10,561,0,0.0387555994093418,0,0.0672715008258819,1,1,2,0,D S,Leicester,0,0.0387555994093418,3.783557806164026,3.783557806164026,Premier League,2021-2022
181,Bernd Leno,4,360,0,0.0,0,0.0,0,0,0,0,GK,Arsenal,0,0.0,0.1893833950161934,0.1893833950161934,Premier League,2021-2022
200,Andreas Christensen,19,1499,0,0.7990248026326299,0,0.1926607005298137,5,6,2,0,D S,Chelsea,0,0.7990248026326299,8.302750419825315,8.291616421192884,Premier League,2021-2022
342,Sead Kolasinac,2,91,0,0.0,0,0.0,0,0,1,0,D S,Arsenal,0,0.0,0.0,0.0,Premier League,2021-2022
461,Matt Ritchie,18,1335,0,0.3662854041904211,2,1.964722783304751,10,29,5,0,D S,Newcastle United,0,0.3662854041904211,2.9606213998049498,2.41146638058126,Premier League,2021-2022
473,Danny Ward,1,90,0,0.0,0,0.0,0,0,0,0,GK,Leicester,0,0.0,0.7123159766197205,0.7123159766197205,Premier League,2021-2022
486,Adam Lallana,24,1568,0,0.8801135998219252,1,0.9317835252732038,19,8,4,0,F M S,Brighton,0,0.8801135998219252,5.687925541773439,5.048138685524464,Premier League,2021-2022
489,James Milner,24,836,0,0.344711797311902,1,2.1824410259723663,10,22,2,0,D M S,Liverpool,0,0.344711797311902,7.414488084614277,6.516797125339508,Premier League,2021-2022
496,Mohamed Elneny,14,785,0,0.1566442986950278,2,0.3957573026418686,8,9,1,0,M S,Arsenal,0,0.1566442986950278,3.171078409999609,2.856382757425308,Premier League,2021-2022
503,Theo Walcott,9,387,0,0.862159313634038,0,0.0219032000750303,6,1,0,0,M S,Southampton,0,0.862159313634038,1.1949572041630745,0.327977292239666,Premier League,2021-2022
509,Wayne Hennessey,2,180,0,0.0,0,0.1527590006589889,0,3,0,0,GK,Burnley,0,0.0,0.0792241021990776,0.0,Premier League,2021-2022
510,Joel Ward,28,2487,0,0.3405505996197462,0,0.3251229990273714,10,6,8,0,D S,Crystal Palace,0,0.3405505996197462,8.686228374019265,8.220768835395575,Premier League,2021-2022
532,Cheikhou Kouyaté,27,1991,0,0.2199736936017871,1,0.703463114798069,7,4,3,0,D M S,Crystal Palace,0,0.2199736936017871,2.849405175074935,2.6750655602663755,Premier League,2021-2022
546,David de Gea,38,3420,0,0.0,0,0.0,0,0,0,0,GK,Manchester United,0,0.0,3.3520901668816805,3.3520901668816805,Premier League,2021-2022
554,Juan Mata,7,225,0,0.3362768962979316,0,0.3422580063343048,5,2,0,0,M S,Manchester United,0,0.3362768962979316,1.4323438256978989,1.0960665792226791,Premier League,2021-2022
574,Troy Deeney,2,19,0,0.1094169989228248,0,0.0331710018217563,2,1,0,0,S,Watford,0,0.1094169989228248,0.1425880044698715,0.0,Premier League,2021-2022
581,Craig Cathcart,31,2395,0,0.1614953018724918,1,1.4212622176855805,3,3,3,0,D S,Watford,0,0.1614953018724918,1.947451688349247,1.947451688349247,Premier League,2021-2022
596,Tom Cleverley,28,1644,0,0.7093124967068434,2,1.4272122886031866,12,19,2,0,M S,Watford,0,0.7093124967068434,5.900518809445202,4.489936796016991,Premier League,2021-2022
603,Nathaniel Clyne,16,1351,0,0.0670243008062243,1,0.3154222015291452,3,6,1,0,D S,Crystal Palace,0,0.0670243008062243,1.6974888034164906,1.4626366943120956,Premier League,2021-2022
624,Willy Caballero,2,180,0,0.0,0,0.0,0,0,1,0,GK,Southampton,0,0.0,0.0,0.0,Premier League,2021-2022
631,Ashley Young,24,1232,0,0.4037426067516207,2,0.7783125322312117,10,13,2,0,D F M S,Aston Villa,0,0.4037426067516207,3.3930896408855915,2.479043416678905,Premier League,2021-2022
633,James McArthur,21,1433,0,0.3072257936000824,3,1.2701929826289415,9,16,3,0,M S,Crystal Palace,0,0.3072257936000824,4.852488286793232,3.7392180785536766,Premier League,2021-2022
635,Alex McCarthy,17,1530,0,0.0,0,0.0234091002494096,0,1,1,0,GK,Southampton,0,0.0,2.0089015141129494,1.98549241386354,Premier League,2021-2022
637,Hugo Lloris,38,3420,0,0.0,0,0.2063245046883821,0,2,2,0,GK,Tottenham,0,0.0,5.441953940317035,5.235629942268133,Premier League,2021-2022
638,Kyle Walker,20,1759,0,0.2224772945046425,2,1.455245791003108,8,11,1,0,D,Manchester City,0,0.2224772945046425,9.661232478916643,8.514137484133244,Premier League,2021-2022
641,Danny Rose,8,692,0,0.1566063975915312,0,0.6318488968536258,4,5,4,0,D S,Watford,0,0.1566063975915312,1.5510057527571917,0.8791757542639971,Premier League,2021-2022
643,Eric Dier,35,3071,0,1.5635330826044085,0,1.3192516136914492,14,8,1,0,D,Tottenham,0,1.5635330826044085,15.436223991215227,14.824242003262045,Premier League,2021-2022
669,Ashley Westwood,27,2292,0,0.4902864005416631,3,4.257005825638771,14,32,7,0,M S,Burnley,0,0.4902864005416631,5.989552933722735,4.206027475185692,Premier League,2021-2022
688,Ruben Loftus-Cheek,24,1378,0,0.9419815111905336,2,2.55641508102417,19,18,1,0,M S,Chelsea,0,0.9419815111905336,8.096100836992264,6.934505823999643,Premier League,2021-2022
689,Kenedy,1,59,0,0.0535646006464958,1,0.7482360005378723,1,2,0,0,D,Chelsea,0,0.0535646006464958,0.5048699975013733,0.3631519973278045,Premier League,2021-2022
694,Asmir Begovic,3,270,0,0.0,0,0.0,0,0,0,0,GK,Everton,0,0.0,0.0,0.0,Premier League,2021-2022
695,Bertrand Traoré,9,199,0,0.2636704966425895,0,0.0,8,0,0,0,F S,Aston Villa,0,0.2636704966425895,0.6458876002579927,0.4442637031897902,Premier League,2021-2022
697,Nemanja Matic,23,1386,0,0.2044106014072895,4,1.854646393097937,6,13,3,0,M S,Manchester United,0,0.2044106014072895,7.176157760433853,5.484574156813324,Premier League,2021-2022
706,Lukasz Fabianski,37,3330,0,0.0,0,0.0,0,0,2,0,GK,West Ham,0,0.0,3.294206129387021,3.294206129387021,Premier League,2021-2022
708,Federico Fernández,7,523,0,0.3371326047927141,0,0.2842389941215515,6,1,0,0,D S,Newcastle United,0,0.3371326047927141,0.5562516041100025,0.2720123007893562,Premier League,2021-2022
741,Jordan Pickford,35,3150,0,0.0,0,0.1421341989189386,0,5,2,0,GK,Everton,0,0.0,1.6098093083128333,1.4676753049716351,Premier League,2021-2022
743,Dwight Gayle,8,20,0,0.2123461961746215,0,0.4094130927696824,2,2,1,0,S,Newcastle United,0,0.2123461961746215,0.621760287322104,0.0108930999413132,Premier League,2021-2022
745,Kasper Schmeichel,37,3330,0,0.0,0,0.0158692002296447,0,1,1,0,GK,Leicester,0,0.0,5.707257926464081,5.691388323903084,Premier League,2021-2022
759,Daniel Amartey,28,2111,0,0.0228546299040317,0,0.2451006025075912,2,4,4,0,D S,Leicester,0,0.0228546299040317,4.304972453974187,4.282117635942996,Premier League,2021-2022
780,Karl Darlow,8,720,0,0.0,0,0.0,0,0,1,0,GK,Newcastle United,0,0.0,0.5584848849102855,0.5584848849102855,Premier League,2021-2022
785,John Ruddy,2,129,0,0.0,0,0.0,0,0,0,0,GK S,Wolverhampton Wanderers,0,0.0,0.0,0.0,Premier League,2021-2022
803,Ben Foster,26,2340,0,0.0,1,0.0675887018442154,0,1,0,0,GK,Watford,0,0.0,2.202353198081255,2.13476449623704,Premier League,2021-2022
831,Fraser Forster,19,1710,0,0.0,0,0.0,0,0,1,0,GK,Southampton,0,0.0,0.8640092052519321,0.8640092052519321,Premier League,2021-2022
835,Ryan Bertrand,4,340,0,0.0,0,0.0,0,0,1,0,D,Leicester,0,0.0,1.6839202903211117,1.6839202903211117,Premier League,2021-2022
852,Freddie Woodman,4,360,0,0.0,0,0.0,0,0,0,0,GK,Newcastle United,0,0.0,0.3158474937081337,0.3158474937081337,Premier League,2021-2022
853,Paul Dummett,3,199,0,0.0,0,0.0,0,0,2,0,D S,Newcastle United,0,0.0,0.1516183987259864,0.1516183987259864,Premier League,2021-2022
856,Jack Butland,9,761,0,0.0,0,0.0,0,0,0,0,GK S,Crystal Palace,0,0.0,1.167527973651886,1.167527973651886,Premier League,2021-2022
875,Ciaran Clark,13,1011,0,1.0101884100586176,1,0.1964803989976644,7,4,2,1,D S,Newcastle United,0,1.0101884100586176,1.761743076145649,1.6704276781529188,Premier League,2021-2022
876,Fabian Delph,11,663,0,0.035208499059081,0,0.0791699010878801,2,4,2,0,M S,Everton,0,0.035208499059081,1.104188802652061,1.054023782722652,Premier League,2021-2022
887,Erik Pieters,12,722,0,0.1498642023652792,1,0.7618360780179501,7,2,1,0,D S,Burnley,0,0.1498642023652792,2.120845792815089,1.256538325920701,Premier League,2021-2022
902,Sam Byram,15,1019,0,0.3631415069103241,0,0.2558970004320144,7,4,3,0,D S,Norwich,0,0.3631415069103241,1.2248425083234906,1.041966606862843,Premier League,2021-2022
934,Axel Tuanzebe,9,507,0,0.1548680998384952,0,0.0,2,0,1,0,D S,Aston Villa,0,0.1548680998384952,0.8887580037117004,0.8887580037117004,Premier League,2021-2022
951,Phil Jones,4,162,0,0.0,0,0.0,0,0,0,0,D S,Manchester United,0,0.0,0.1493470072746276,0.1493470072746276,Premier League,2021-2022
971,Harry Winks,19,896,0,0.0675618015229702,1,1.5235150288790464,3,10,2,0,M S,Tottenham,0,0.0675618015229702,7.735785078257322,6.400966715067625,Premier League,2021-2022
982,Tim Krul,29,2610,0,0.0,0,0.4792070090770721,0,1,1,0,GK,Norwich,0,0.0,2.564329088665545,2.564329088665545,Premier League,2021-2022
987,Joseph Gomez,8,333,0,0.0134656000882387,1,0.7109510749578476,1,3,2,0,D S,Liverpool,0,0.0134656000882387,2.657409012317657,1.987534396350384,Premier League,2021-2022
1006,Luke Shaw,20,1609,0,0.1659515975043177,3,3.693639708682895,6,39,8,0,D M S,Manchester United,0,0.1659515975043177,7.5910299345850945,5.7372494507581,Premier League,2021-2022
1025,Daniel Bachmann,12,1080,0,0.0,0,0.0,0,0,0,0,GK,Watford,0,0.0,1.056299289688468,1.056299289688468,Premier League,2021-2022
1053,Keinan Davis,1,10,0,0.0,0,0.0,0,0,0,0,S,Aston Villa,0,0.0,0.0282422993332147,0.0282422993332147,Premier League,2021-2022
1084,Jonjoe Kenny,15,1014,0,0.162637104280293,1,0.575873407535255,5,11,1,1,D S,Everton,0,0.162637104280293,1.737845478579402,1.12556688580662,Premier League,2021-2022
1142,Samir,19,1682,0,0.385864295065403,0,0.142679501324892,8,2,4,0,D,Watford,0,0.385864295065403,1.648912996519357,1.5580574949271977,Premier League,2021-2022
1245,Emerson,1,3,0,0.0,0,0.0,0,0,0,0,S,Chelsea,0,0.0,0.0,0.0,Premier League,2021-2022
1257,Alisson,36,3240,0,0.0,1,0.1280680000782013,0,1,0,0,GK,Liverpool,0,0.0,9.494233330711722,9.366165360435843,Premier League,2021-2022
1304,Moise Kean,1,1,0,0.0,0,0.0,0,0,0,0,S,Everton,0,0.0,0.0178619995713233,0.0178619995713233,Premier League,2021-2022
1379,Allan,28,2196,0,0.2409789022058248,2,0.6515110060572624,7,14,7,1,M S,Everton,0,0.2409789022058248,5.809602355584502,5.090589025989175,Premier League,2021-2022
1441,Adam Masina,15,1073,0,0.2650031931698322,1,0.8211259916424751,5,7,0,0,D M S,Watford,0,0.2650031931698322,2.264677904546261,1.626513320952654,Premier League,2021-2022
1545,Emil Krafth,20,1636,0,0.2295664986595511,1,1.0393318198621273,6,6,5,0,D S,Newcastle United,0,0.2295664986595511,3.7981242947280407,3.666793297976256,Premier League,2021-2022
1663,Johann Berg Gudmundsson,18,1110,0,1.690343969501555,1,0.6487747821956873,19,6,2,0,M S,Burnley,0,1.690343969501555,2.904455937445164,1.3834909815341234,Premier League,2021-2022
1675,Ashley Fletcher,3,24,0,0.4376537129282951,0,0.0,2,0,0,0,S,Watford,0,0.4376537129282951,0.4376537129282951,0.0,Premier League,2021-2022
1707,Ben Gibson,28,2496,0,1.3600882897153497,0,0.1156431129202246,8,3,3,1,D,Norwich,0,1.3600882897153497,4.114081885665655,4.07492888905108,Premier League,2021-2022
1711,Adam Forshaw,22,1524,0,0.4842451997101307,1,1.040744410827756,14,13,5,0,M S,Leeds,0,0.4842451997101307,6.191522343084216,4.898990090936422,Premier League,2021-2022
1725,Christian Kabasele,16,1188,0,1.3147067874670029,0,0.1767343990504741,7,2,0,0,D S,Watford,0,1.3147067874670029,0.7724129892885685,0.7071216963231564,Premier League,2021-2022
1735,Jack Stephens,11,806,0,0.0,0,0.2442820966243744,0,4,3,0,D S,Southampton,0,0.0,1.7434164825826883,1.6893003806471825,Premier League,2021-2022
1739,Eric Bailly,4,220,0,0.0,0,0.0,0,0,1,0,D S,Manchester United,0,0.0,0.4261507987976074,0.4261507987976074,Premier League,2021-2022
1747,Kevin Long,6,406,0,0.1382613042369485,0,0.0,4,0,1,0,D S,Burnley,0,0.1382613042369485,0.3228092873468995,0.3228092873468995,Premier League,2021-2022
1750,Ainsley Maitland-Niles,8,251,0,0.0297200987115502,0,0.2273624017834663,2,3,0,0,M S,Arsenal,0,0.0297200987115502,0.6360606998205185,0.3890687078237533,Premier League,2021-2022
1785,Nampalys Mendy,14,1041,0,0.0223916992545127,0,0.0271859001368284,1,1,3,0,M S,Leicester,0,0.0223916992545127,2.4793485878035426,2.4793485878035426,Premier League,2021-2022
1823,Lucas Digne,29,2446,0,0.8612118046730757,4,3.5197858130559325,18,52,6,0,D,"Aston Villa,Everton",0,0.8612118046730757,7.271080076694488,5.305216922424734,Premier League,2021-2022
1828,Alex Telles,21,1659,0,0.4515142934396863,4,2.16702869720757,10,26,1,0,D S,Manchester United,0,0.4515142934396863,7.514895491302013,6.459274772554636,Premier League,2021-2022
2190,Vicente Guaita,30,2659,0,0.0,0,0.0,0,0,2,0,GK,Crystal Palace,0,0.0,3.258348599076271,3.258348599076271,Premier League,2021-2022
2266,Saúl Ñíguez,10,477,0,0.1444712989032268,0,0.1898052990436554,5,3,1,0,D M S,Chelsea,0,0.1444712989032268,4.023326203227043,3.706917472183704,Premier League,2021-2022
2310,Alphonse Areola,1,90,0,0.0,0,0.0,0,0,0,0,GK,West Ham,0,0.0,0.0,0.0,Premier League,2021-2022
2383,André Gomes,14,621,0,0.9899690942838788,1,0.1564361015334725,14,4,3,0,M S,Everton,0,0.9899690942838788,1.5198938827961683,0.4981835959479213,Premier League,2021-2022
2958,Oleksandr Zinchenko,15,1026,0,0.4874951988458633,4,2.3100200556218624,12,16,0,0,D S,Manchester City,0,0.4874951988458633,12.096755243837832,9.83130233734846,Premier League,2021-2022
3203,Issa Diop,13,964,0,0.0562740005552768,1,0.2918309867382049,2,1,0,0,D S,West Ham,0,0.0562740005552768,2.02760973572731,1.7357787489891052,Premier League,2021-2022
3387,Nicolas N&#039;Koulou,3,167,0,0.0,0,0.0129845002666115,0,1,0,0,D S,Watford,0,0.0,0.0964711010456085,0.0964711010456085,Premier League,2021-2022
3389,Benjamin Mendy,1,80,0,0.0,0,0.2885279953479767,0,2,0,0,D,Manchester City,0,0.0,0.1654050052165985,0.1329309940338134,Premier League,2021-2022
3428,Hélder Costa,1,20,0,0.0182210002094507,0,0.0,1,0,0,0,S,Leeds,0,0.0182210002094507,0.0,0.0,Premier League,2021-2022
3468,Jonas Lössl,2,180,0,0.0,0,0.0,0,0,0,0,GK,Brentford,0,0.0,0.0,0.0,Premier League,2021-2022
3696,Morgan Sanson,10,349,0,0.0118105998262763,0,0.0282062999904155,1,1,0,0,M S,Aston Villa,0,0.0118105998262763,0.8443006118759513,0.832490012049675,Premier League,2021-2022
4401,Emiliano Martinez,36,3240,0,0.0,0,0.0,0,0,4,0,GK,Aston Villa,0,0.0,2.479881220497191,2.479881220497191,Premier League,2021-2022
4475,Jed Steer,1,90,0,0.0,0,0.0,0,0,0,0,GK,Aston Villa,0,0.0,0.010699899867177,0.010699899867177,Premier League,2021-2022
4764,Jean-Philippe Gbamin,3,67,0,0.0,0,0.0,0,0,0,0,M S,Everton,0,0.0,0.0582825988531112,0.0582825988531112,Premier League,2021-2022
5043,Kiko Femenía,27,2157,0,0.061692101880908,5,3.5831768922507763,3,23,2,0,D S,Watford,0,0.061692101880908,3.984043716453016,3.022937606088817,Premier League,2021-2022
5061,Kepa,4,360,0,0.0,0,0.0,0,0,0,0,GK,Chelsea,0,0.0,0.7405957020819187,0.7405957020819187,Premier League,2021-2022
5191,Álvaro Fernández,12,1080,0,0.0,0,0.0,0,0,0,0,GK,Brentford,0,0.0,0.3428560979664325,0.3428560979664325,Premier League,2021-2022
5544,Angus Gunn,9,810,0,0.0,0,0.0,0,0,0,0,GK,Norwich,0,0.0,0.2774380147457123,0.2774380147457123,Premier League,2021-2022
5545,Wilfred Ndidi,19,1621,0,0.5835882108658552,0,0.0764130018651485,14,2,4,0,D M S,Leicester,0,0.5835882108658552,4.509538160637021,4.185820620507002,Premier League,2021-2022
5549,Luka Milivojevic,15,776,0,0.2893700925633311,0,0.6418907046318054,8,10,1,0,M S,Crystal Palace,0,0.2893700925633311,2.9156328924000263,2.594489369541406,Premier League,2021-2022
5552,Nick Pope,36,3240,0,0.0,0,0.0706123001873493,0,2,1,0,GK,Burnley,0,0.0,3.3429428171366453,3.272330516949296,Premier League,2021-2022
5584,Aaron Wan-Bissaka,20,1795,0,0.2879096958786249,0,0.9214209783822298,5,14,2,0,D M,Manchester United,0,0.2879096958786249,5.104910586029291,4.2221742030233145,Premier League,2021-2022
5603,Aaron Ramsdale,34,3060,0,0.0,0,0.0,0,0,1,0,GK,Arsenal,0,0.0,3.995810028165579,3.995810028165579,Premier League,2021-2022
5648,Malang Sarr,8,549,0,0.0206521991640329,0,0.3875728938728571,1,3,2,0,D S,Chelsea,0,0.0206521991640329,1.337369790300727,0.9393736999481916,Premier League,2021-2022
5681,Giovani Lo Celso,9,223,0,0.7339944131672382,0,1.0649308785796163,9,5,0,0,M S,Tottenham,0,0.7339944131672382,1.4450752884149551,0.7877816185355186,Premier League,2021-2022
5708,Fernando Marçal,18,1468,0,0.6045070141553879,0,0.7216701917350292,11,10,3,0,D S,Wolverhampton Wanderers,0,0.6045070141553879,3.928286073729396,3.2729318952187896,Premier League,2021-2022
6027,Jairo Riedewald,3,112,0,0.0,0,0.0536243990063667,0,2,0,0,M S,Crystal Palace,0,0.0,0.7066323831677437,0.6811745837330818,Premier League,2021-2022
6044,Charlie Taylor,31,2729,0,0.193946810439229,3,3.419749892316758,7,20,3,0,D S,Burnley,0,0.193946810439229,6.872189286164939,4.554764634929597,Premier League,2021-2022
6049,Solly March,31,1723,0,1.4529976956546309,2,2.9942420180886984,21,34,1,0,D F M S,Brighton,0,1.4529976956546309,7.240960534662008,4.095688569359481,Premier League,2021-2022
6051,Dale Stephens,3,121,0,0.0446144007146358,0,0.017272500321269,1,1,1,0,M S,Burnley,0,0.0446144007146358,0.0618868991732597,0.0,Premier League,2021-2022
6054,Ederson,37,3330,0,0.0,0,0.0,0,0,3,0,GK,Manchester City,0,0.0,9.95296686142683,9.95296686142683,Premier League,2021-2022
6080,Victor Lindelöf,28,2349,0,0.1898377034813165,2,0.6558029912412167,3,4,4,0,D S,Manchester United,0,0.1898377034813165,6.806016536429524,6.787732543423772,Premier League,2021-2022
6104,Will Hughes,16,1071,0,0.1357211954891681,1,0.9568462930619716,6,9,6,0,M S,Crystal Palace,0,0.1357211954891681,3.0648518539965157,2.7063899599015717,Premier League,2021-2022
6108,Rodrigo Bentancur,17,1376,0,0.5784619925543666,4,3.092965390533209,14,15,5,0,M S,Tottenham,0,0.5784619925543666,12.166082246229053,10.826841033995152,Premier League,2021-2022
6163,Nélson Semedo,25,2151,0,1.3901756666600704,1,1.3628809936344624,19,18,1,0,D,Wolverhampton Wanderers,0,1.3901756666600704,5.291687090881169,2.8525946140289307,Premier League,2021-2022
6252,Lyanco,15,898,0,0.2554844003170728,0,0.1741070002317428,6,3,2,0,D S,Southampton,0,0.2554844003170728,1.7961761131882668,1.7197611071169376,Premier League,2021-2022
6273,Robin Koch,20,1573,0,1.0864260611124337,0,0.2802755981683731,13,5,3,0,D M S,Leeds,0,1.0864260611124337,4.028054466936737,3.2361267395317554,Premier League,2021-2022
6310,Boubakary Soumare,19,1102,0,0.3298372942954302,1,0.2856833077967167,6,6,0,0,M S,Leicester,0,0.3298372942954302,3.370994893833995,3.0025111604481936,Premier League,2021-2022
6314,Joachim Andersen,34,2917,0,0.4841736005619168,3,1.383201688528061,8,18,4,0,D S,Crystal Palace,0,0.4841736005619168,8.210467763245106,8.000136675313115,Premier League,2021-2022
6326,Ibrahima Konaté,11,990,0,0.205162601545453,0,0.0,4,0,2,0,D,Liverpool,0,0.205162601545453,3.758265731856227,3.758265731856227,Premier League,2021-2022
6377,Joe Rodon,3,86,0,0.0,0,0.0,0,0,0,0,S,Tottenham,0,0.0,0.0,0.0,Premier League,2021-2022
6418,Hamza Choudhury,6,289,0,0.0202268008142709,0,0.0,1,0,1,0,D M S,Leicester,0,0.0202268008142709,2.0293576195836067,2.0293576195836067,Premier League,2021-2022
6451,Nathan Ferguson,1,6,0,0.0,0,0.0,0,0,0,0,S,Crystal Palace,0,0.0,0.0,0.0,Premier League,2021-2022
6477,Cenk Tosun,1,2,0,0.0,0,0.0,0,0,0,0,S,Everton,0,0.0,0.0156033001840114,0.0156033001840114,Premier League,2021-2022
6485,Júnior Firpo,24,1735,0,0.936143696308136,2,2.523067930713296,11,22,11,0,D M S,Leeds,0,0.936143696308136,4.836824830621481,2.717731617391109,Premier League,2021-2022
6492,Reiss Nelson,1,18,0,0.037433598190546,0,0.0605892986059188,1,1,0,0,S,Arsenal,0,0.037433598190546,0.1122170016169548,0.0141946002840995,Premier League,2021-2022
6500,Romain Perraud,20,1630,0,0.7305768830701709,1,0.4040513997897506,19,8,3,0,D M S,Southampton,0,0.7305768830701709,3.1580281164497137,2.5399267859756947,Premier League,2021-2022
6521,Yerry Mina,13,842,0,0.2367649991065263,0,0.0255555994808673,6,1,3,0,D S,Everton,0,0.2367649991065263,0.9664667006582022,0.8685788009315729,Premier League,2021-2022
6532,Martin Dubravka,26,2340,0,0.0,0,0.0334176998585462,0,2,1,0,GK,Newcastle United,0,0.0,1.671670898795128,1.6382531989365816,Premier League,2021-2022
6538,Oghenekaro Etebo,9,387,0,0.0375105999410152,0,0.1159276030957698,3,2,3,0,M S,Watford,0,0.0375105999410152,0.5564560107886791,0.4183493060991168,Premier League,2021-2022
6542,Jürgen Locadia,1,20,0,0.056097999215126,0,0.0,1,0,0,0,S,Brighton,0,0.056097999215126,0.056097999215126,0.0,Premier League,2021-2022
6736,Ibrahima Diallo,23,1008,0,0.3365836981683969,2,1.0428851870819926,8,16,1,0,M S,Southampton,0,0.3365836981683969,3.856821626424789,2.6416625948622823,Premier League,2021-2022
6756,Dwight McNeil,38,3130,0,2.4431664869189262,1,5.014778325334191,52,47,1,0,M S,Burnley,0,2.4431664869189262,10.09029270336032,4.545858952216804,Premier League,2021-2022
6837,Ryan Sessegnon,15,1065,0,0.3844358064234257,2,3.275636812672019,6,14,2,0,D M S,Tottenham,0,0.3844358064234257,7.321053458377719,4.77503040805459,Premier League,2021-2022
6841,Ken Sema,18,835,0,0.1488818004727363,0,1.5890225917100906,3,12,1,0,F M S,Watford,0,0.1488818004727363,1.7515804246068,1.4122577235102654,Premier League,2021-2022
6850,Willy Boly,10,900,0,0.088927999138832,0,0.0629573017358779,2,1,1,0,D,Wolverhampton Wanderers,0,0.088927999138832,2.550026195123792,2.550026195123792,Premier League,2021-2022
6857,Morgan Gibbs-White,2,4,0,0.0989101976156234,0,0.0,2,0,1,0,S,Wolverhampton Wanderers,0,0.0989101976156234,0.1372501999139785,0.038339901715517,Premier League,2021-2022
6880,Edouard Mendy,34,3060,0,0.0,0,0.0,0,0,3,0,GK,Chelsea,0,0.0,5.087311686947942,5.087311686947942,Premier League,2021-2022
6891,Ryan Fredericks,7,296,0,0.0,0,0.1166129037737846,0,2,1,0,D S,West Ham,0,0.0,0.604052297770977,0.550477996468544,Premier League,2021-2022
6923,Mohammed Salisu,34,2972,0,1.7930021919310093,0,0.5444615967571735,24,9,8,1,D S,Southampton,0,1.7930021919310093,7.810962019488215,7.580639097839594,Premier League,2021-2022
6947,Samuel Kalu,4,220,0,0.3926308043301105,0,0.2924529910087585,4,1,0,0,F S,Watford,0,0.3926308043301105,0.7094595246016979,0.0833156034350395,Premier League,2021-2022
6962,Robin Olsen,1,90,0,0.0,0,0.0,0,0,0,0,GK,Aston Villa,0,0.0,0.0799197033047676,0.0799197033047676,Premier League,2021-2022
6996,William Troost-Ekong,17,1381,0,0.1041933977976441,0,0.0705595985054969,2,1,3,0,D S,Watford,0,0.1041933977976441,2.1512107932940125,2.0682591954246163,Premier League,2021-2022
7081,Francisco Sierralta,5,430,0,0.0323923006653785,0,0.0,1,0,0,0,D,Watford,0,0.0323923006653785,0.2968114018440246,0.2968114018440246,Premier League,2021-2022
7166,Mathias Jensen,31,1598,0,2.7016564928926528,1,3.1610329784452915,19,35,0,0,M S,Brentford,0,2.7016564928926528,7.237036062870175,2.972486024722457,Premier League,2021-2022
7198,Oliver Skipp,18,1340,0,0.1463643983006477,0,0.7628861851990223,4,8,6,0,M S,Tottenham,0,0.1463643983006477,6.278732741251588,5.448809338733554,Premier League,2021-2022
7235,Jason Steele,1,90,0,0.0,0,0.0,0,0,0,0,GK,Brighton,0,0.0,0.0,0.0,Premier League,2021-2022
7278,Imran Louza,20,1443,0,1.1728496914729476,0,0.8327764142304659,17,15,6,0,M S,Watford,0,1.1728496914729476,3.5507579129189253,2.6552259493619204,Premier League,2021-2022
7280,Yan Valery,5,368,0,0.025073199532926,0,0.2550509870052337,2,1,0,0,D S,Southampton,0,0.025073199532926,1.1389364823698995,1.1138634905219078,Premier League,2021-2022
7281,Diogo Dalot,24,1790,0,0.660338506102562,0,0.8457392938435078,13,16,4,0,D S,Manchester United,0,0.660338506102562,7.871010458096862,6.755061635747552,Premier League,2021-2022
7298,Ben White,32,2880,0,0.6877354960888624,0,1.1921783965080976,12,13,3,0,D,Arsenal,0,0.6877354960888624,10.001042181625962,9.3364445772022,Premier League,2021-2022
7338,Bryan Gil Salvatierra,9,76,0,0.100671000778675,0,0.1044243015348911,1,2,0,0,S,Tottenham,0,0.100671000778675,0.9023013021796942,0.7428102996200323,Premier League,2021-2022
7376,Ozan Kabak,11,926,0,0.5807484108954668,0,0.0303338011726737,5,2,2,0,D,Norwich,0,0.5807484108954668,0.9165707966312766,0.8188285967335105,Premier League,2021-2022
7546,Harvey Elliott,6,348,0,0.6139416918158531,0,0.5197128988802433,10,9,0,0,M S,Liverpool,0,0.6139416918158531,3.1572379767894745,2.2090619802474976,Premier League,2021-2022
7589,Wesley Fofana,7,630,0,0.5680099092423916,0,0.036049198359251,3,2,2,0,D,Leicester,0,0.5680099092423916,2.999755318276584,2.980498324148357,Premier League,2021-2022
7688,Max Aarons,34,2882,0,0.8394248560070992,2,1.7876457879319787,13,20,8,0,D S,Norwich,0,0.8394248560070992,4.762461667880416,2.484261809848249,Premier League,2021-2022
7689,Ben Godfrey,23,2034,0,1.3012615218758583,0,0.7069949032738805,18,12,6,0,D,Everton,0,1.3012615218758583,2.775720400735736,2.278058306314051,Premier League,2021-2022
7691,Jamal Lewis,5,261,0,0.0,0,0.0268901996314525,0,1,1,0,D S,Newcastle United,0,0.0,0.2706953976303339,0.2438051979988813,Premier League,2021-2022
7695,Todd Cantwell,8,443,0,0.1200836393982172,0,0.30902099609375,5,1,2,0,F M S,Norwich,0,0.1200836393982172,0.6448747999966145,0.2841974943876266,Premier League,2021-2022
7701,Moussa Djenepo,12,449,0,1.276968114078045,0,0.2697714008390903,11,6,3,0,M S,Southampton,0,1.276968114078045,2.4210695922374725,1.098878813907504,Premier League,2021-2022
7722,Trézéguet,1,8,0,0.0504834987223148,0,0.0,1,0,0,0,S,Aston Villa,0,0.0504834987223148,0.4643720090389251,0.4138889908790588,Premier League,2021-2022
7724,Wesley,1,1,0,0.0,0,0.0,0,0,0,0,S,Aston Villa,0,0.0,0.0,0.0,Premier League,2021-2022
7753,James Justin,13,993,0,0.5318179950118065,0,0.8498176038265228,5,9,0,0,D S,Leicester,0,0.5318179950118065,5.432251468300819,4.53668899089098,Premier League,2021-2022
7817,Zack Steffen,1,90,0,0.0,0,0.0,0,0,0,0,GK,Manchester City,0,0.0,0.3352589905261993,0.3352589905261993,Premier League,2021-2022
7904,Caoimhin Kelleher,2,180,0,0.0,0,0.0,0,0,0,0,GK,Liverpool,0,0.0,0.3326799944043159,0.3326799944043159,Premier League,2021-2022
7931,Takehiro Tomiyasu,21,1688,0,0.3872380005195737,1,0.9992056842893362,11,12,2,0,D S,Arsenal,0,0.3872380005195737,8.340697228908539,7.47922095656395,Premier League,2021-2022
7988,Billy Gilmour,24,1864,0,0.8399608237668872,1,1.0502577098086476,18,25,2,0,M S,Norwich,0,0.8399608237668872,4.431802229955792,3.5529233319684863,Premier League,2021-2022
7990,Christoph Zimmermann,3,162,0,0.0377138992771506,0,0.0,2,0,0,0,D S,Norwich,0,0.0377138992771506,0.2552001010626554,0.2277145013213157,Premier League,2021-2022
7991,Aaron Connolly,4,152,0,0.5994888693094254,0,0.3804109990596771,2,1,0,0,F S,Brighton,0,0.5994888693094254,1.0079350173473358,0.0280345994979143,Premier League,2021-2022
8017,Alex Kral,1,1,0,0.0,0,0.0,0,0,0,0,S,West Ham,0,0.0,0.0,0.0,Premier League,2021-2022
8020,Steven Alzate,9,410,0,0.081243596971035,0,0.1467899978160858,1,2,0,0,M S,Brighton,0,0.081243596971035,0.919185608625412,0.919185608625412,Premier League,2021-2022
8040,Marvelous Nakamba,16,905,0,0.0,0,0.0453882999718189,0,2,5,0,M S,Aston Villa,0,0.0,1.7517936192452908,1.7517936192452908,Premier League,2021-2022
8075,Brandon Williams,26,2120,0,0.1553078973665833,1,1.9216502672061324,4,21,8,0,D S,Norwich,0,0.1553078973665833,4.284037738107145,3.1663006637245417,Premier League,2021-2022
8179,Luke Cundle,4,181,0,0.0,0,0.534778505563736,0,2,0,0,M S,Wolverhampton Wanderers,0,0.0,0.7075624763965607,0.2295114994049072,Premier League,2021-2022
8204,Neco Williams,1,6,0,0.0,1,0.5961819887161255,0,1,0,0,S,Liverpool,0,0.0,0.5961819887161255,0.5961819887161255,Premier League,2021-2022
8214,Tyrick Mitchell,36,3100,0,0.2213800959289074,2,1.9149616742506623,4,21,1,0,D S,Crystal Palace,0,0.2213800959289074,8.975611304864287,7.2545147351920605,Premier League,2021-2022
8222,Japhet Tanganga,11,751,0,0.4486441053450107,0,0.2455720007419586,7,2,2,1,D S,Tottenham,0,0.4486441053450107,1.5058241300284865,1.3856447152793407,Premier League,2021-2022
8224,William Smallbone,4,136,0,0.0667079985141754,0,0.0509523004293441,1,1,0,0,F M S,Southampton,0,0.0667079985141754,0.0667079985141754,0.0,Premier League,2021-2022
8226,Tariq Lamptey,30,1543,0,0.994467694312334,2,2.8592303851619363,19,21,4,0,D F M S,Brighton,0,0.994467694312334,5.926399769261479,3.0341785084456205,Premier League,2021-2022
8235,Jeremy Ngakia,16,895,0,0.0931417010724544,0,0.8597987927496433,5,4,0,0,D S,Watford,0,0.0931417010724544,2.321479097008705,2.199652368202805,Premier League,2021-2022
8351,Ki-Jana Hoever,8,304,0,0.0338299013674259,0,0.0863142982125282,1,1,1,0,D S,Wolverhampton Wanderers,0,0.0338299013674259,0.5698080062866211,0.4834930002689361,Premier League,2021-2022
8380,Pablo Marí,2,180,0,0.0315680988132953,0,0.4264909923076629,1,1,1,0,D,Arsenal,0,0.0315680988132953,0.3758751973509788,0.3758751973509788,Premier League,2021-2022
8456,Nathan Tella,14,831,0,0.6766912061721087,1,0.6299310103058815,12,8,2,0,D F M S,Southampton,0,0.6766912061721087,1.3331405092030764,0.2192915938794613,Premier League,2021-2022
8497,Cole Palmer,4,123,0,0.2807210087776184,0,0.4464449882507324,4,2,0,0,F S,Manchester City,0,0.2807210087776184,2.009626030921936,1.3054470047354698,Premier League,2021-2022
8544,Lewis Bate,3,152,0,0.0168890003114938,0,0.0,1,0,0,0,M S,Leeds,0,0.0168890003114938,0.3578290045261383,0.3578290045261383,Premier League,2021-2022
8562,Luke Thomas,22,1915,0,0.1825287975370884,1,1.415246207267046,4,12,2,0,D M S,Leicester,0,0.1825287975370884,5.838355425745249,4.690966442227364,Premier League,2021-2022
8582,Ellis Simms,1,63,0,0.0,0,0.0,0,0,0,0,F,Everton,0,0.0,0.0,0.0,Premier League,2021-2022
8715,Illan Meslier,38,3396,0,0.0,0,0.0,0,0,2,0,GK,Leeds,0,0.0,4.664672617800534,4.664672617800534,Premier League,2021-2022
8719,Kalvin Phillips,20,1598,0,0.7691682074218988,1,1.1643210090696812,15,9,4,0,D M S,Leeds,0,0.7691682074218988,3.862932711839676,3.543631635606289,Premier League,2021-2022
8721,Jamie Shackleton,14,692,0,0.1673048976808786,0,0.0133306002244353,4,1,4,0,D M S,Leeds,0,0.1673048976808786,1.521284120157361,1.340648977085948,Premier League,2021-2022
8778,Fabio Silva,22,558,0,2.74075729586184,0,0.4091929914429784,19,3,0,0,F S,Wolverhampton Wanderers,0,2.74075729586184,3.1683833450078964,0.3688476029783487,Premier League,2021-2022
8816,Liam Cooper,21,1814,0,0.2801405992358923,1,0.132166001945734,6,4,5,0,D,Leeds,0,0.2801405992358923,3.401978757232428,3.3240342624485493,Premier League,2021-2022
8852,Konstantinos Tsimikas,13,866,0,0.6705739852041006,2,2.1310061253607278,8,25,3,0,D S,Liverpool,0,0.6705739852041006,6.504660248756409,5.575182115659118,Premier League,2021-2022
8868,Liam Delap,1,7,0,0.0,0,0.0,0,0,0,0,S,Manchester City,0,0.0,0.0,0.0,Premier League,2021-2022
8965,Vladimir Coufal,28,2211,0,0.5571807976812124,4,2.711205866187811,11,21,3,1,D S,West Ham,0,0.5571807976812124,10.270922681316732,8.42933842074126,Premier League,2021-2022
9098,Robert Sánchez,37,3330,0,0.0,0,0.6362469159066677,0,3,3,1,GK,Brighton,0,0.0,5.044877408072352,4.756718395277858,Premier League,2021-2022
9220,Charlie Cresswell,5,130,0,0.0630348995327949,0,0.0,1,0,1,0,D S,Leeds,0,0.0630348995327949,0.2912192065268755,0.2912192065268755,Premier League,2021-2022
9284,Jakub Moder,28,1709,0,3.103548286482692,3,2.5826615393161774,28,16,1,0,D F M S,Brighton,0,3.103548286482692,7.955996491014957,3.4272286519408226,Premier League,2021-2022
9287,Tyler Onyango,3,23,0,0.031716201454401,0,0.0,1,0,0,0,S,Everton,0,0.031716201454401,0.031716201454401,0.0,Premier League,2021-2022
9332,Dane Scarlett,1,2,0,0.0,0,0.0,0,0,0,0,S,Tottenham,0,0.0,0.0,0.0,Premier League,2021-2022
9356,Carney Chukwuemeka,12,266,0,0.6268898099660873,1,0.9877786859869956,4,2,0,0,M S,Aston Villa,0,0.6268898099660873,2.198258690536022,0.676293196156621,Premier League,2021-2022
9359,Shola Shoretire,1,14,0,0.0,0,0.0,0,0,0,0,S,Manchester United,0,0.0,0.0,0.0,Premier League,2021-2022
9415,Jaden Philogene-Bidace,1,1,0,0.0,0,0.0,0,0,0,0,S,Aston Villa,0,0.0,0.0,0.0,Premier League,2021-2022
9461,Jesurun Rak-Sakyi,2,80,0,0.0,0,0.0,0,0,0,0,M S,Crystal Palace,0,0.0,0.0364288017153739,0.0364288017153739,Premier League,2021-2022
9470,Isaac Price,1,10,0,0.2667869925498962,0,0.0,1,0,0,0,S,Everton,0,0.2667869925498962,0.2667869925498962,0.0,Premier League,2021-2022
9492,Crysencio Summerville,6,124,0,0.3223911002278328,0,0.0485542006790638,2,2,0,0,S,Leeds,0,0.3223911002278328,0.4145205095410347,0.0797296985983848,Premier League,2021-2022
9493,Sam Greenwood,7,222,0,0.2259839996695518,2,0.4314804896712303,4,4,0,0,M S,Leeds,0,0.2259839996695518,1.2256466001272202,0.6733732083812356,Premier League,2021-2022
9499,Cody Drameh,3,122,0,0.0,0,0.023293599486351,0,1,1,0,D S,Leeds,0,0.0,0.3427668996155262,0.3194733001291752,Premier League,2021-2022
9554,Tim Iroegbunam,3,91,0,0.100661002099514,0,0.0,1,0,1,0,M S,Aston Villa,0,0.100661002099514,0.1023683995008468,0.1023683995008468,Premier League,2021-2022
9558,Hannibal Mejbri,2,68,0,0.0454156994819641,0,0.0,1,0,2,0,M S,Manchester United,0,0.0454156994819641,0.0454156994819641,0.0,Premier League,2021-2022
9676,David Raya,24,2160,0,0.0,0,0.0409960001707077,0,1,1,0,GK,Brentford,0,0.0,4.120813246816397,4.120813246816397,Premier League,2021-2022
9681,Frank Onyeka,20,1056,0,0.7653771908953786,0,0.1635156022384762,16,4,4,0,M S,Brentford,0,0.7653771908953786,1.591990285553038,0.9403915964066982,Premier League,2021-2022
9682,Mads Bidstrup,4,26,0,0.0,0,0.0,0,0,0,0,S,Brentford,0,0.0,0.0,0.0,Premier League,2021-2022
9683,Mads Bech Sørensen,11,841,0,0.0718619003891944,0,0.3418336026370525,2,7,3,0,D S,Brentford,0,0.0718619003891944,1.5663126846775413,1.2244802778586743,Premier League,2021-2022
9684,Marcus Forss,7,183,0,0.2957523949444294,1,0.4205659925937652,5,1,0,0,F S,Brentford,0,0.2957523949444294,0.158866997808218,0.0,Premier League,2021-2022
9687,Charlie Goode,6,446,0,0.0859932973980903,0,1.0358272045850754,2,7,3,0,D S,Brentford,0,0.0859932973980903,1.197367712855339,0.8813184946775436,Premier League,2021-2022
9689,Albert Sambi Lokonga,19,1125,0,0.585317600518465,0,0.8354285042732954,20,18,5,0,M S,Arsenal,0,0.585317600518465,5.447862323373556,4.692085664719343,Premier League,2021-2022
9690,Folarin Balogun,2,69,0,0.1574549973011016,0,0.0,3,0,0,0,F S,Arsenal,0,0.1574549973011016,0.1574549973011016,0.0,Premier League,2021-2022
9700,Kristoffer Klaesson,1,24,0,0.0,0,0.0,0,0,0,0,S,Leeds,0,0.0,0.8658530116081238,0.8658530116081238,Premier League,2021-2022
9735,Taylor Richards,2,17,0,0.0214245002716779,0,0.0073145302012562,1,1,0,0,S,Brighton,0,0.0214245002716779,0.1937687061727047,0.1650297008454799,Premier League,2021-2022
9740,José Sá,37,3291,0,0.0,1,0.3950190022587776,0,2,3,0,GK,Wolverhampton Wanderers,0,0.0,2.492334073409438,2.0973150711506605,Premier League,2021-2022
9741,Chem Campbell,1,9,0,0.0,0,0.0,0,0,0,0,S,Wolverhampton Wanderers,0,0.0,0.0567274987697601,0.0567274987697601,Premier League,2021-2022
9745,Dimitris Giannoulis,18,1170,0,0.1042813025414943,1,0.5381213938817382,2,9,2,0,D S,Norwich,0,0.1042813025414943,2.320780213922262,1.895545769482851,Premier League,2021-2022
9746,Christos Tzolis,14,321,0,0.3333491999655962,0,0.7744663059711456,6,8,0,0,F M S,Norwich,0,0.3333491999655962,1.6014234013855455,0.6376846889033914,Premier League,2021-2022
9747,Bali Mumba,1,43,0,0.0,0,0.0,0,0,0,0,S,Norwich,0,0.0,0.0,0.0,Premier League,2021-2022
9748,Jacob Sørensen,10,595,0,0.1915943929925561,0,0.0,5,0,0,0,D M S,Norwich,0,0.1915943929925561,0.5175428995862603,0.5074065998196602,Premier League,2021-2022
9912,Cameron Archer,3,20,0,0.0282422993332147,0,0.0,1,0,0,0,S,Aston Villa,0,0.0282422993332147,0.0597288012504577,0.0314865000545978,Premier League,2021-2022
9915,Dominic Thompson,2,154,0,0.0252266004681587,0,0.0,1,0,0,0,D,Brentford,0,0.0252266004681587,0.0520683005452156,0.0268415994942188,Premier League,2021-2022
9916,Finley Stevens,1,11,0,0.0,0,0.0288881994783878,0,1,0,0,S,Brentford,0,0.0,0.0,0.0,Premier League,2021-2022
9933,Liam McCarron,1,6,0,0.0,0,0.0,0,0,0,0,S,Leeds,0,0.0,0.0,0.0,Premier League,2021-2022
9957,Ozan Tufan,7,341,0,0.3498202944174409,0,0.2649289965629577,3,4,0,0,M S,Watford,0,0.3498202944174409,1.2360550966113806,0.621306287124753,Premier League,2021-2022
10001,Stuart McKinstry,1,1,0,0.0,0,0.0,0,0,0,0,S,Leeds,0,0.0,0.0,0.0,Premier League,2021-2022
10027,Lewis Dobbin,3,29,0,0.0,0,0.0,0,0,1,0,S,Everton,0,0.0,0.0,0.0,Premier League,2021-2022
10028,Leo Fuhr Hjelde,2,150,0,0.0,0,0.0237415991723537,0,1,0,0,S,Leeds,0,0.0,0.1035763956606388,0.079834796488285,Premier League,2021-2022
10036,Jeremy Sarmiento,5,35,0,0.0,0,0.0,0,0,0,0,M S,Brighton,0,0.0,0.0569687001407146,0.0569687001407146,Premier League,2021-2022
10061,Harrison Ashby,1,6,0,0.0,0,0.0,0,0,0,0,S,West Ham,0,0.0,0.0,0.0,Premier League,2021-2022
10091,Tyler Morton,2,68,0,0.0,0,0.0,0,0,1,0,M S,Liverpool,0,0.0,0.0286305006593465,0.0286305006593465,Premier League,2021-2022
10092,Tariqe Fosu-Henry,1,15,0,0.0535814985632896,0,0.0,1,0,0,0,S,Brentford,0,0.0535814985632896,0.0535814985632896,0.0,Premier League,2021-2022
10097,Przemyslaw Placheta,12,513,0,0.3959100972861051,0,0.588469609618187,8,4,1,0,F M S,Norwich,0,0.3959100972861051,0.9923206083476545,0.1289863958954811,Premier League,2021-2022
10118,Kaide Gordon,1,7,0,0.4911209940910339,0,0.0,1,0,0,0,S,Liverpool,0,0.4911209940910339,0.4911209940910339,0.0,Premier League,2021-2022
10126,James McAtee,2,15,0,0.0886486992239952,0,0.0,1,0,0,0,S,Manchester City,0,0.0886486992239952,0.0886486992239952,0.0,Premier League,2021-2022
10141,Sonny Perkins,1,1,0,0.0,0,0.0,0,0,0,0,S,West Ham,0,0.0,0.0,0.0,Premier League,2021-2022
10150,Nathan Young-Coombes,1,1,0,0.0,0,0.0,0,0,0,0,S,Brentford,0,0.0,0.0,0.0,Premier League,2021-2022
10166,Kasey McAteer,1,1,0,0.0,0,0.0,0,0,0,0,S,Leicester,0,0.0,0.0,0.0,Premier League,2021-2022
10168,Lewis Brunt,1,22,0,0.0,0,0.0,0,0,0,0,S,Leicester,0,0.0,0.0172419995069503,0.0172419995069503,Premier League,2021-2022
10172,Jonathan Rowe,13,179,0,0.1985375955700874,1,0.4054669924080372,3,5,0,0,S,Norwich,0,0.1985375955700874,0.5169213898479939,0.2255803979933262,Premier League,2021-2022
10174,CJ Egan-Riley,1,1,0,0.0,0,0.0,0,0,0,0,S,Manchester City,0,0.0,0.0,0.0,Premier League,2021-2022
10177,Evan Ferguson,1,20,0,0.0,0,0.0,0,0,0,0,S,Brighton,0,0.0,0.0216189008206129,0.0216189008206129,Premier League,2021-2022
10203,Kayky,1,5,0,0.0,0,0.0,0,0,0,0,S,Manchester City,0,0.0,0.0,0.0,Premier League,2021-2022
10290,Edo Kayembe,13,793,0,0.1361862020567059,0,0.4214938841760158,6,6,0,0,M S,Watford,0,0.1361862020567059,1.8325098045170307,1.4051875956356523,Premier League,2021-2022
10293,Toti,4,360,0,0.036618199199438,0,0.0,1,0,1,0,D,Wolverhampton Wanderers,0,0.036618199199438,0.292554996907711,0.292554996907711,Premier League,2021-2022
10327,Chiquinho,8,191,0,0.5611130073666573,3,1.0862637870013714,5,5,0,0,D S,Wolverhampton Wanderers,0,0.5611130073666573,1.7611470185220242,0.1935874968767166,Premier League,2021-2022
10405,Josh Dasilva,9,242,0,0.1019859984517097,0,0.1823378056287765,1,3,0,1,F M S,Brentford,0,0.1019859984517097,0.4496143078431487,0.1652902020141482,Premier League,2021-2022
10424,Daniel Chesters,1,1,0,0.0,0,0.0,0,0,0,0,S,West Ham,0,0.0,0.0,0.0,Premier League,2021-2022
10525,Tony Springett,3,138,0,0.5181649923324585,0,0.5140159726142883,1,2,1,0,M S,Norwich,0,0.5181649923324585,1.0925300121307373,0.0603456012904644,Premier League,2021-2022
10552,Alejandro Garnacho,2,11,0,0.0,0,0.0,0,0,0,0,S,Manchester United,0,0.0,0.0,0.0,Premier League,2021-2022
2370,Karim Benzema,32,2614,27,24.671546146273613,12,8.99625631980598,128,62,0,0,F S,Real Madrid,20,16.495628118515015,28.832715107128024,9.545942708384246,La Liga,2021-2022
897,Juanmi,33,2183,17,10.187626414000988,4,2.7290982231497765,55,19,5,0,F M S,Real Betis,17,10.187626414000988,14.672116911038756,3.426418883726001,La Liga,2021-2022
2290,Iago Aspas,37,3098,17,14.593056619167328,5,6.394939869642258,90,58,9,0,F S,Celta Vigo,14,10.87679260596633,20.08181523066014,6.775518755428493,La Liga,2021-2022
4229,Raúl de Tomás,34,2942,17,15.713371678255498,3,1.6105903144925833,106,25,5,2,F S,Espanyol,12,11.996979652903974,13.882727585732937,3.355462779290974,La Liga,2021-2022
7008,Vinícius Júnior,35,2712,17,14.596011717803776,10,9.233812033198774,80,68,6,0,F M S,Real Madrid,17,14.596011717803776,31.057188913226128,11.666109897196293,La Liga,2021-2022
6219,Enes Ünal,37,2848,16,11.382522858679296,1,1.5669306041672826,86,28,8,0,F S,Getafe,14,8.409409895539284,8.196038469672203,1.4727964820340276,La Liga,2021-2022
866,Joselu,37,3132,14,13.482938756234944,4,3.919130955357105,97,35,0,0,F S,Alaves,8,8.279990379698575,11.487721542827783,2.962459903210401,La Liga,2021-2022
2186,Morales,35,2737,13,13.537092285230756,7,5.412142590619624,81,35,7,0,F M S,Levante,10,9.820705484598877,17.60657161101699,3.554960887879133,La Liga,2021-2022
555,Memphis Depay,28,1845,12,11.858474859967828,2,4.673103122040629,61,45,3,0,F M S,Barcelona,8,8.142092959955335,15.699477111920714,6.830247407779098,La Liga,2021-2022
2275,Ángel Correa,36,1879,12,7.528373403474688,5,3.6459022108465433,50,25,3,1,F M S,Atletico Madrid,12,7.528373403474688,14.415172526612878,4.4162845173850656,La Liga,2021-2022
2098,Luis Suárez,35,1829,11,10.48271519690752,2,1.8571418775245547,54,15,7,0,F S,Atletico Madrid,9,8.25288113579154,10.290383666753767,2.188567325472832,La Liga,2021-2022
2478,Carlos Soler,32,2489,11,8.917946607340127,5,4.1710398849099874,41,52,4,0,M S,Valencia,4,3.7150069600902498,9.026358818169683,4.993355771526694,La Liga,2021-2022
5682,Gonçalo Guedes,36,2653,11,7.205688217654824,6,5.612193078733981,70,45,3,0,F M S,Valencia,10,5.719137305393815,12.684107702225448,5.332130899652839,La Liga,2021-2022
318,Pierre-Emerick Aubameyang,17,1105,10,8.833519843406975,1,1.3020352981984615,36,8,0,0,F S,Barcelona,10,8.833519843406975,11.538495776243508,2.604212311096489,La Liga,2021-2022
2117,Marco Asensio,31,1733,10,7.722298290580511,0,2.2709937002509832,64,31,2,0,F M S,Real Madrid,10,7.722298290580511,13.960778545588257,6.037509264424443,La Liga,2021-2022
2155,Jorge Molina,35,1940,10,7.497979895211756,5,4.060373456217349,46,30,2,0,F S,Granada,10,6.754706875421107,10.362118877470492,1.192303222604096,La Liga,2021-2022
2543,Borja Iglesias,33,1574,10,8.502993639558554,0,2.32017045468092,38,15,4,0,F S,Real Betis,7,6.273163765668869,8.393713371828198,2.4330388978123665,La Liga,2021-2022
2589,Rafa Mir,34,1769,10,8.386388290673494,0,0.3148877006024122,61,6,6,0,F S,Sevilla,10,8.386388290673494,10.744975220412016,3.1194606106728315,La Liga,2021-2022
8066,Arnaut Danjuma Groeneveld,23,1483,10,12.822505246847868,3,2.3936407063156366,62,15,2,0,F M S,Villarreal,7,10.59267522022128,14.406457994133234,2.95650140568614,La Liga,2021-2022
2120,Gerard Moreno,17,1190,9,7.676860794425011,3,4.974263995885849,38,30,2,0,F S,Villarreal,8,6.19043343514204,10.593399696052074,2.3420440293848515,La Liga,2021-2022
2234,Mikel Oyarzabal,22,1685,9,9.3826537206769,3,4.0027330834418535,42,39,0,1,F M S,Real Sociedad,5,5.666264699772,10.354422569274902,3.250245600938797,La Liga,2021-2022
2361,Willian José,32,1615,9,6.618762787431479,4,2.188668318092823,35,22,2,0,F S,Real Betis,6,4.388929720968008,8.81481671333313,3.452444599941373,La Liga,2021-2022
1235,Ante Budimir,28,1746,8,9.98131524398923,2,1.0723036210983992,45,11,3,0,F S,Osasuna,6,8.49475722387433,9.267304566688836,1.674267520196736,La Liga,2021-2022
2399,Iñaki Williams,38,2796,8,15.017372261732817,5,7.52719091065228,95,33,4,0,F S,Athletic Club,7,14.274094235152006,24.979276698082685,5.527427515946329,La Liga,2021-2022
4175,Pere Milla,32,1634,8,4.583406371995807,3,1.8208362068980928,29,12,4,0,F M S,Elche,8,4.583406371995807,9.57389146182686,3.727922352030873,La Liga,2021-2022
5212,Sergi Guardiola,32,1710,8,7.721280675381422,2,2.4964785389602184,52,15,3,0,F S,Rayo Vallecano,7,6.978002656251192,10.266967991366982,2.7958325874060392,La Liga,2021-2022
7892,João Félix,24,1259,8,6.421432305127382,4,4.142435677349567,39,19,1,1,F M S,Atletico Madrid,8,6.421432305127382,10.240179769694803,2.3597911782562733,La Liga,2021-2022
8978,Luis Suárez,37,2887,8,9.463244837708771,4,3.41811259323731,86,30,6,0,F M S,Granada,8,8.719967854209244,11.704755910672247,3.0602809879928827,La Liga,2021-2022
1189,Lucas Boyé,24,1731,7,4.705582898110151,3,2.714024893939495,49,22,3,0,F S,Elche,7,4.705582898110151,7.781527530401945,2.7555075120180845,La Liga,2021-2022
1715,Álvaro Negredo,34,2167,7,8.650729690678418,2,2.310485614463687,68,22,3,0,F M S,Cadiz,5,6.420897637493908,8.739513839129359,1.3446673303842545,La Liga,2021-2022
2384,Santi Mina,33,2389,7,9.253597201779485,3,2.106306361965835,59,21,4,0,F S,Celta Vigo,7,8.510319175198674,11.40976232290268,2.3766150744631886,La Liga,2021-2022
2566,Roger,29,2152,7,8.281187678687274,3,3.128277173265815,48,23,8,0,F S,Levante,6,6.051355253905058,10.779477871023118,3.504760908894241,La Liga,2021-2022
6637,Hugo Duro,31,1873,7,4.4766954109072685,1,0.7043099794536829,33,14,1,1,F M S,"Getafe,Valencia",7,4.4766954109072685,6.463140066713095,2.451590584591031,La Liga,2021-2022
6953,Gonzalo Melero,29,1710,7,4.189242561347783,2,0.9693318018689752,22,17,5,0,M S,Levante,5,2.702686508186161,5.815988017246127,2.640553448349237,La Liga,2021-2022
7071,Álvaro García,36,3007,7,6.170864906162024,4,6.40094755217433,68,44,6,0,M S,Rayo Vallecano,7,6.170864906162024,15.525412678718569,5.2754458505660295,La Liga,2021-2022
696,Falcao,22,812,6,5.830461908131838,0,0.5145781049504876,34,6,1,0,F S,Rayo Vallecano,6,5.830461908131838,5.467607350088656,0.6519907955080271,La Liga,2021-2022
1109,Lucas Ocampos,30,2129,6,6.679355347529054,4,2.00775926746428,51,18,7,0,F M S,Sevilla,6,6.679355347529054,10.564205168746412,3.763900136575103,La Liga,2021-2022
2252,Borja Mayoral,18,1051,6,3.008958626538515,1,1.0571773340925574,17,13,3,0,F S,Getafe,5,2.265681201592088,4.07621200196445,1.0000249752774837,La Liga,2021-2022
2272,Yannick Carrasco,34,2604,6,5.40252916701138,6,7.216075102798641,50,54,5,0,D F M S,Atletico Madrid,4,3.91598211415112,13.68930010125041,5.746005650609732,La Liga,2021-2022
2301,Manu Trigueros,35,2237,6,6.288964716717601,4,3.0046655870974064,41,23,3,0,F M S,Villarreal,6,6.288964716717601,18.12305220030248,11.43354518339038,La Liga,2021-2022
2400,Raúl García,35,1845,6,6.790659656748176,2,3.4230230264365678,44,18,3,0,F S,Athletic Club,6,6.047378620132804,10.81706582568586,3.74593985453248,La Liga,2021-2022
3667,Nabil Fekir,34,2839,6,5.299874782562256,9,7.8999694269150496,84,83,7,1,M S,Real Betis,6,5.299874782562256,14.668213412165642,6.757880117744207,La Liga,2021-2022
5232,Alexander Isak,32,2168,6,10.799253981560469,2,3.972969926893711,73,21,6,0,F M S,Real Sociedad,4,9.31269806995988,14.889842318370938,3.638972699642181,La Liga,2021-2022
6533,Anthony Lozano,31,1701,6,5.6898297891020775,2,0.787447601556778,48,10,8,0,F M S,Cadiz,6,5.6898297891020775,6.453837610781193,1.3123978842049835,La Liga,2021-2022
6955,Ezequiel Ávila,36,1900,6,4.995183689519763,1,2.3769700210541487,63,19,7,1,F M S,Osasuna,5,4.251906182616949,6.680491748265922,1.426861205138266,La Liga,2021-2022
7080,Matheus Cunha,29,1026,6,7.314570837654173,4,2.119887415319681,37,8,3,0,F S,Atletico Madrid,6,7.314570837654173,10.537528716027737,3.1179433912038803,La Liga,2021-2022
7779,Oihan Sancet,27,1430,6,4.580787817016244,4,3.675088422372937,30,27,2,0,F S,Athletic Club,6,4.580787817016244,11.136596862226725,4.557025324553251,La Liga,2021-2022
7863,Antonio Puertas,33,2289,6,4.827212460339069,1,0.9439179934561251,33,18,4,0,D F M S,Granada,6,4.827212460339069,6.739607891067863,3.300156267359853,La Liga,2021-2022
7887,Luuk de Jong,21,623,6,5.1409265752881765,0,0.2881234921514988,24,6,1,0,F S,Barcelona,6,5.1409265752881765,5.151816600933671,1.1738356221467257,La Liga,2021-2022
9024,Yeremi Pino,31,1717,6,7.210564643144607,4,3.568692659959197,27,26,2,0,F M S,Villarreal,6,7.210564643144607,12.442915238440037,3.9528255313634872,La Liga,2021-2022
644,Erik Lamela,20,1008,5,2.84443299472332,2,2.222773291170597,21,21,5,0,F M S,Sevilla,5,2.84443299472332,8.838894620537758,5.00653463229537,La Liga,2021-2022
1491,Alejandro Gomez,29,1790,5,2.6912853084504604,1,3.0084037045016885,34,23,4,0,F M S,Sevilla,5,2.6912853084504604,10.354178119450808,6.231730531901121,La Liga,2021-2022
1700,Lucas Pérez,33,2355,5,5.848150495439768,3,5.228636227548122,29,42,1,0,F M S,"Cadiz,Elche",5,5.848150495439768,12.47153340652585,5.216770399361849,La Liga,2021-2022
2121,Salva Sevilla,28,1531,5,4.482671620324254,3,2.524148676544428,25,26,2,0,M S,Mallorca,1,1.5095609724521637,5.303176574409008,3.6347012845799327,La Liga,2021-2022
2437,Gonzalo Escalante,17,1325,5,3.461054957471788,0,0.1989253973588347,16,7,7,0,M S,Alaves,5,3.461054957471788,4.3980217687785625,1.8974783401936293,La Liga,2021-2022
2571,Sergio Canales,34,2830,5,3.963192025199533,8,5.698898285627365,54,64,6,0,M S,Real Betis,5,3.963192025199533,15.202885108068584,8.913203915581107,La Liga,2021-2022
4120,Álex Moreno,30,2407,5,3.598248857073486,3,2.3381719030439854,27,21,3,1,D S,Real Betis,5,3.598248857073486,10.443025570362806,6.39107707887888,La Liga,2021-2022
4146,Fidel,33,2323,5,3.311384817585349,6,4.753790548071265,19,39,9,0,M S,Elche,4,2.568110814318061,11.409500135108829,7.400936534628272,La Liga,2021-2022
5074,Kike García,33,1835,5,6.855254899710417,1,2.2603613091632724,54,21,1,0,F M S,Osasuna,4,6.111979853361845,9.03266636095941,2.3688370380550623,La Liga,2021-2022
5169,Youssef En-Nesyri,23,1305,5,6.818069335073233,1,1.1746131125837564,37,6,1,0,F S,Sevilla,4,6.074792321771383,8.266146648675203,2.8749556317925453,La Liga,2021-2022
6124,Maxi Gómez,29,1967,5,4.917124107480049,1,1.8223376786336305,43,18,5,1,F S,Valencia,5,4.917124107480049,7.714327353052795,2.5594084914773703,La Liga,2021-2022
6221,Pau Torres,33,2862,5,4.809495896100998,1,2.1740425024181604,24,9,5,0,D,Villarreal,5,4.809495896100998,12.096996039152144,11.953241534531116,La Liga,2021-2022
7224,Boulaye Dia,25,1264,5,5.256488427519798,5,2.463763888925314,37,16,3,0,F S,Villarreal,5,5.256488427519798,10.02333758585155,2.6894341986626387,La Liga,2021-2022
9002,Vedat Muriqi,16,1440,5,4.59363416582346,3,0.9894160870462656,50,13,6,0,F M,Mallorca,3,3.107074629515409,4.710656549781561,1.6065959744155407,La Liga,2021-2022
2094,Ivan Rakitic,35,2190,4,2.8138942988589406,6,3.513906910084188,31,41,5,0,M S,Sevilla,3,1.3273382978513837,10.11882635205984,8.163157183676958,La Liga,2021-2022
2228,Aritz Elustondo,30,2100,4,2.187840578146279,1,0.2580980062484741,14,1,3,1,D S,Real Sociedad,4,2.187840578146279,5.4200613321736455,5.339000917971134,La Liga,2021-2022
2308,Denis Suárez,38,2860,4,2.370332026854157,5,3.7035181811079374,22,46,4,0,M S,Celta Vigo,4,2.370332026854157,11.45699708443135,7.544191491790116,La Liga,2021-2022
2401,Muniain,35,2839,4,7.361818239092827,10,10.626128636300564,41,108,3,0,M S,Athletic Club,3,5.131988674402237,15.582828421145678,9.140909595414996,La Liga,2021-2022
2521,Alfonso,28,1710,4,1.6117760986089706,4,4.700777918100357,22,24,2,0,D S,Villarreal,4,1.6117760986089706,9.110445491969584,5.853963973000646,La Liga,2021-2022
3425,Thomas Lemar,24,1458,4,4.04986366443336,5,3.5714904852211475,29,31,2,0,M S,Atletico Madrid,4,4.04986366443336,10.168171186000109,5.720761759206653,La Liga,2021-2022
5047,Rubén Sobrino,34,1844,4,5.243819092400372,1,1.5351103013381362,33,13,4,0,F M S,"Cadiz,Valencia",4,5.243819092400372,7.872348918579519,2.246636534109712,La Liga,2021-2022
5090,David García,35,3106,4,1.679618083871901,0,0.9213939942419528,30,9,8,0,D,Osasuna,4,1.679618083871901,4.836510816588998,4.468551339581609,La Liga,2021-2022
6227,Brais Méndez,37,3053,4,4.333911579102278,5,3.488585188984871,56,35,8,0,F M S,Celta Vigo,4,4.333911579102278,13.66142504196614,8.01055600028485,La Liga,2021-2022
6441,Ferrán Torres,18,1427,4,7.609771836549044,4,3.753638174384832,52,13,1,0,F M S,Barcelona,3,6.866493809968233,13.700073853135107,6.546535566449165,La Liga,2021-2022
6531,Alexander Sørloth,33,1762,4,6.835473652929068,0,3.6858631167560816,35,23,2,0,F S,Real Sociedad,4,6.835473652929068,11.437479361891748,3.0463774017989635,La Liga,2021-2022
6933,Javi Puado,30,2278,4,5.646654920652509,1,1.1327431853860617,40,21,5,0,F M S,Espanyol,4,5.646654920652509,7.572527168318629,3.1566542629152536,La Liga,2021-2022
7967,Anssumane Fati,10,323,4,1.328133013099432,0,0.4669700004160404,18,2,0,0,F S,Barcelona,4,1.328133013099432,2.3107274752110243,0.8655127752572298,La Liga,2021-2022
8015,Rodrygo,33,1509,4,4.440831275656819,4,3.107159008271992,34,28,4,0,F M S,Real Madrid,4,4.440831275656819,12.49579444900155,5.530645906925201,La Liga,2021-2022
8091,Ronald Araújo,30,2269,4,1.7893535420298576,0,1.4803267233073711,18,8,6,0,D S,Barcelona,4,1.7893535420298576,9.391728542745112,8.67272761464119,La Liga,2021-2022
8107,Jorge De Frutos,25,1778,4,5.769292498007417,7,3.8327911496162415,46,23,4,0,F M S,Levante,4,5.769292498007417,10.309212446212769,3.1308366488665342,La Liga,2021-2022
8725,Luis Milla,34,2793,4,3.3582324367016554,3,3.739601723849773,23,41,4,0,M S,Granada,1,1.1283988934010267,6.779823500663042,4.348607814870775,La Liga,2021-2022
8774,Dani Gómez,28,1046,4,4.414535593241453,2,2.063552203588188,31,12,1,0,F S,Levante,4,4.414535593241453,9.06500507891178,3.470768593251705,La Liga,2021-2022
8935,Pedri,12,891,4,1.2112755179405212,0,0.889423182234168,12,14,0,0,M S,Barcelona,4,1.2112755179405212,9.613890536129476,8.31650871783495,La Liga,2021-2022
323,Adnan Januzaj,33,1625,3,4.261331729590893,0,2.9965474903583527,42,34,5,0,F M S,Real Sociedad,1,2.7747760340571404,6.691021874547005,3.633511872962117,La Liga,2021-2022
608,Alberto Moreno,24,1222,3,2.450511148199439,2,2.81878150627017,22,17,3,0,D F M S,Villarreal,3,2.450511148199439,6.156586155295372,2.3093584198504686,La Liga,2021-2022
1145,Rodrigo de Paul,36,2155,3,1.5343125881627202,1,4.635301631875336,24,50,7,0,M S,Atletico Madrid,3,1.5343125881627202,10.630576400086284,7.513120701536536,La Liga,2021-2022
2247,Nacho,28,1531,3,1.9614083841443064,0,0.2996765864081681,10,8,7,0,D S,Real Madrid,3,1.9614083841443064,9.151928387582302,8.540986984968185,La Liga,2021-2022
2253,Lucas Vázquez,29,1849,3,2.0947858784347773,0,2.912496998906136,18,31,3,0,D S,Real Madrid,3,2.0947858784347773,13.62192951515317,10.40128057077527,La Liga,2021-2022
2270,Antoine Griezmann,29,1994,3,6.075659070163965,4,3.1772906873375177,47,26,3,0,F M S,"Atletico Madrid,Barcelona",3,6.075659070163965,12.6171166151762,6.003899410367012,La Liga,2021-2022
2311,Roberto Soldado,18,651,3,3.742475003004074,2,0.9499730970710516,17,7,6,1,F S,Levante,3,3.742475003004074,4.724131278693676,0.2249734010547399,La Liga,2021-2022
2484,Iñigo Martínez,27,2345,3,2.249150712043047,0,0.6237716097384691,27,4,7,2,D S,Athletic Club,3,2.249150712043047,4.997997362166643,4.456909421831369,La Liga,2021-2022
2537,Sandro Ramírez,29,1487,3,2.6245837984606624,0,1.0230101086199284,50,13,7,0,F S,Getafe,3,2.6245837984606624,3.5609475020319223,1.203634393401444,La Liga,2021-2022
2621,Sergi Darder,36,3143,3,2.453824532218277,9,4.09336187876761,44,37,4,0,M,Espanyol,3,2.453824532218277,12.469293355941772,8.148376179859042,La Liga,2021-2022
3208,Óscar Trejo,32,2060,3,3.5934608839452267,9,4.63802701421082,23,59,13,0,F M S,Rayo Vallecano,0,1.3636276759207249,7.858093155547976,4.018605764955282,La Liga,2021-2022
4136,Ángel,29,1564,3,4.241434719413519,2,1.2229708703234792,27,13,4,0,F M S,Mallorca,3,4.241434719413519,5.249195349402726,0.9433925114572048,La Liga,2021-2022
4177,Álex Fernández,32,2043,3,2.9090052377432585,2,1.5910708708688617,21,21,2,0,F M S,Cadiz,2,1.4224547278136015,5.628661639988422,3.305311920121312,La Liga,2021-2022
4226,Darwin Machís,25,1389,3,1.431855603121221,3,1.9665154945105316,35,18,2,0,F M S,Granada,3,1.431855603121221,5.190230744890869,2.7428251560777426,La Liga,2021-2022
5044,Víctor Laguardia,34,3049,3,2.399155198596418,2,0.8964286772534251,13,5,9,0,D,Alaves,3,2.399155198596418,5.301183699630201,5.226729799062014,La Liga,2021-2022
5091,Alex Berenguer,34,2189,3,5.940722184255719,6,6.896973885595799,46,44,8,0,F M S,Athletic Club,3,5.197444209828973,14.459080152213572,6.238028038293123,La Liga,2021-2022
5304,Mikel Merino,34,2905,3,5.033724724315107,2,4.42873840034008,45,32,8,0,M S,Real Sociedad,3,5.033724724315107,14.847333624958992,9.341218484565616,La Liga,2021-2022
5712,Diego Carlos,34,2973,3,2.4986832896247506,0,0.3834792114794254,30,4,2,1,D,Sevilla,3,2.4986832896247506,10.919518383219838,10.776875104755163,La Liga,2021-2022
6217,Enis Bardhi,30,1699,3,3.8470778055489054,3,3.228586081415415,43,41,3,0,F M S,Levante,1,2.3605232145637274,5.458221649751067,1.4471036922186613,La Liga,2021-2022
7208,Samuel Chukwueze,27,1308,3,4.8456982765346766,3,4.700998198240995,32,27,4,0,F M S,Villarreal,3,4.8456982765346766,13.559952955693008,4.692692028358579,La Liga,2021-2022
7781,Frenkie de Jong,32,2496,3,4.651084173470736,3,3.31898489408195,17,43,5,1,M S,Barcelona,3,4.651084173470736,19.455425202846527,12.844873283058403,La Liga,2021-2022
7841,Dani Rodríguez,36,2857,3,3.368004720658064,3,3.662833342328668,42,43,7,0,F M S,Mallorca,3,3.368004720658064,7.330759422853589,1.972079976461828,La Liga,2021-2022
8014,Abdón Prats,23,625,3,1.4287455957382915,0,0.6283107958734035,18,10,2,0,F S,Mallorca,3,1.4287455957382915,2.006172889843583,0.3041926985606551,La Liga,2021-2022
8895,Tete Morente,32,1624,3,2.813716341741383,3,2.139917572960257,29,16,4,0,D M S,Elche,3,2.813716341741383,6.310883995611221,2.054699524771422,La Liga,2021-2022
9794,Franco Cervi,33,1811,3,2.950222430750728,3,0.8406250001862645,22,12,5,0,M S,Celta Vigo,3,2.950222430750728,7.383888671174645,3.735359374433756,La Liga,2021-2022
9813,Randy Nteka,34,1488,3,3.132841883227229,0,1.5983010157942772,29,14,2,0,F M S,Rayo Vallecano,3,3.132841883227229,4.4798564705997705,0.7915937881916761,La Liga,2021-2022
391,David Alaba,30,2648,2,2.1641882304102182,3,2.4843374518677592,21,21,2,0,D,Real Madrid,2,2.1641882304102182,12.501719899475574,10.79118338227272,La Liga,2021-2022
488,Philippe Coutinho,12,501,2,3.2284540440887213,0,0.5882539749145508,24,1,1,0,F M S,Barcelona,1,2.4851770754903555,4.592340119183064,2.320704519748688,La Liga,2021-2022
493,Gabriel,19,1603,2,1.1213888842612505,1,0.121399400755763,6,4,2,0,D,Valencia,2,1.1213888842612505,3.4640413150191307,3.337161388248205,La Liga,2021-2022
497,Francis Coquelin,20,805,2,0.2550812065601349,1,0.6773870065808296,5,10,3,0,M S,Villarreal,2,0.2550812065601349,4.841039100661874,4.192261284217238,La Liga,2021-2022
617,David Silva,25,1753,2,2.5481442529708147,4,4.742720324546099,21,38,4,1,F M S,Real Sociedad,2,2.5481442529708147,12.319385625422,7.0886710453778505,La Liga,2021-2022
1421,Cristian Tello,23,778,2,1.8459649793803687,2,1.9767935369163752,29,16,2,0,M S,Real Betis,2,1.8459649793803687,5.221987759694457,2.378418391570449,La Liga,2021-2022
1732,Nolito,32,1374,2,2.7754334015771747,0,2.2512091072276235,20,14,1,0,M S,Celta Vigo,2,2.7754334015771747,6.903901039622724,2.392388876527548,La Liga,2021-2022
2064,Sergio Escudero,27,1424,2,1.3796030040830374,1,1.4710320979356766,21,13,6,0,D M S,Granada,2,1.3796030040830374,4.291503896936774,3.317430378869176,La Liga,2021-2022
2093,Jordi Alba,30,2653,2,1.188737953081727,10,7.623013661243021,31,58,11,0,D M,Barcelona,2,1.188737953081727,26.12968999147415,20.56811337545514,La Liga,2021-2022
2095,Sergio Busquets,36,3212,2,0.5658083986490965,0,1.695990601554513,14,34,12,0,M,Barcelona,2,0.5658083986490965,22.12473162263632,20.508094489574432,La Liga,2021-2022
2103,Aleix Vidal,31,1910,2,0.8850831994786859,0,2.6752407774329185,6,26,10,0,D M S,Espanyol,2,0.8850831994786859,8.194437412545085,5.900059772655368,La Liga,2021-2022
2104,Sergi Roberto,9,398,2,1.3414893224835396,1,0.3175846040248871,4,4,1,0,D M S,Barcelona,2,1.3414893224835396,1.9510364904999733,0.3633573949337005,La Liga,2021-2022
2106,Munir,16,448,2,1.4102425146847963,0,0.6757872104644775,12,7,2,0,F M S,Sevilla,2,1.4102425146847963,2.5114589985460043,0.7064442858099937,La Liga,2021-2022
2198,Moi Gómez,29,1258,2,3.2599096037447453,2,2.424828676506877,13,18,2,0,F M S,Villarreal,2,3.2599096037447453,8.328711342066526,3.7300151847302914,La Liga,2021-2022
2250,Luka Modric,28,2070,2,2.0731662549078465,8,5.679028648883104,27,37,4,0,M S,Real Madrid,1,1.3298883829265833,17.354141475632787,13.056486984714866,La Liga,2021-2022
2378,Daniel Parejo,33,2718,2,1.4858024045825005,10,7.374511243775487,16,65,3,0,M S,Villarreal,1,0.7425250969827175,18.59771879017353,16.237668626010418,La Liga,2021-2022
2424,Óliver Torres,26,989,2,0.6649547042325139,3,2.197087712585926,14,12,2,0,F M S,Sevilla,2,0.6649547042325139,5.807587901130319,4.861529247835279,La Liga,2021-2022
2435,Óscar Duarte,23,1777,2,1.211346998810768,0,0.6022906862199306,19,3,4,0,D S,Levante,2,1.211346998810768,3.4904387407004838,3.417834740132093,La Liga,2021-2022
2505,José Gayá,24,1884,2,1.2375974245369434,4,2.7798709152266383,18,25,6,2,D S,Valencia,2,1.2375974245369434,6.418139589950442,3.716467333957553,La Liga,2021-2022
2584,Raíllo,17,1530,2,1.200106074102223,0,0.0,9,0,8,0,D,Mallorca,2,1.200106074102223,2.4811369255185127,2.417972028255462,La Liga,2021-2022
3211,Martin Braithwaite,4,242,2,1.6452630832791328,1,1.54026997089386,7,2,0,0,F S,Barcelona,2,1.6452630832791328,2.780572570860386,0.5295746922492981,La Liga,2021-2022
3424,Guido Carrillo,29,1130,2,4.040976621210575,0,0.207575898617506,23,6,3,0,F S,Elche,2,4.040976621210575,5.712863443419337,2.531191147863865,La Liga,2021-2022
4034,José Campaña,20,1440,2,1.786799643188715,2,1.4479917967692018,13,23,6,1,M S,Levante,2,1.0435256697237492,5.336611118167639,3.8417342081665993,La Liga,2021-2022
5077,Mikel Vesga,32,1360,2,1.4007498156279323,0,0.9280129196122288,14,12,3,2,M S,Athletic Club,2,1.4007498156279323,4.970564352348447,3.483858091756701,La Liga,2021-2022
5093,Roberto Torres,28,768,2,1.939333044923842,2,2.577352368272841,15,24,3,0,F M S,Osasuna,0,0.4527771109715104,3.40319053363055,1.690943118184805,La Liga,2021-2022
5140,Kike Barja,21,848,2,2.234138867817819,0,0.8684635013341904,17,5,2,0,F M S,Osasuna,2,2.234138867817819,5.51163069717586,2.558451507240534,La Liga,2021-2022
5173,Asier Villalibre,19,505,2,2.6598040089011192,0,0.1873909011483192,19,3,0,0,F S,Athletic Club,2,2.6598040089011192,2.581265039741993,0.1327261999249458,La Liga,2021-2022
5230,Thomas Delaney,26,1533,2,1.3327284855768085,1,0.9759994186460972,17,10,2,1,M S,Sevilla,2,1.3327284855768085,4.002140317112207,2.441093396395445,La Liga,2021-2022
6136,Mario Hermoso,26,1874,2,2.0724501283839345,1,0.613714509177953,17,9,5,1,D S,Atletico Madrid,2,2.0724501283839345,8.82990095578134,7.380913464352488,La Liga,2021-2022
6168,Leandro Cabrera,37,3330,2,0.9704061998054384,0,1.1713719833642244,18,10,6,0,D,Espanyol,2,0.9704061998054384,6.594006601721048,6.339606394991279,La Liga,2021-2022
6226,Iván Alejo,20,1072,2,1.2362871216610074,2,1.9338519293814895,12,20,7,0,M S,Cadiz,2,1.2362871216610074,4.867055531591177,1.947860177606344,La Liga,2021-2022
6233,Ferland Mendy,22,1742,2,1.368965307250619,1,1.1492705848068,12,20,4,0,D S,Real Madrid,2,1.368965307250619,12.045558083802462,10.731952980160711,La Liga,2021-2022
6242,Johan Mojica,33,2860,2,0.6024869158864021,5,6.035516256466508,16,31,4,1,D S,Elche,2,0.6024869158864021,9.256735345348716,6.073764212429524,La Liga,2021-2022
6433,Jules Koundé,32,2743,2,1.5519336760044098,1,2.491392267867923,13,17,2,2,D S,Sevilla,2,1.5519336760044098,10.39595482684672,9.396989727392793,La Liga,2021-2022
6592,Manuel Morlanes,27,1130,2,0.744003789499402,0,0.5487822899594903,8,6,6,1,M S,Espanyol,2,0.744003789499402,5.793320028111339,5.006082411855459,La Liga,2021-2022
6766,Dani Vivian,24,1981,2,1.9558937177062037,1,1.0015920102596283,17,2,2,0,D S,Athletic Club,2,1.9558937177062037,6.106896072626114,6.061028473079205,La Liga,2021-2022
6917,Rubén Alcaraz,14,1103,2,1.2377214133739471,0,0.7618731986731291,23,14,7,0,M S,Cadiz,2,1.2377214133739471,3.5606241524219517,2.54730037599802,La Liga,2021-2022
6926,William Carvalho,33,1813,2,3.056290989741683,3,1.7062722239643335,33,22,6,0,M S,Real Betis,2,3.056290989741683,11.569804737344384,8.318048007786274,La Liga,2021-2022
7359,Eduardo Camavinga,26,1221,2,1.034620713442564,1,1.4098893068730831,12,14,8,0,M S,Real Madrid,2,1.034620713442564,10.440289873629808,8.172811966389418,La Liga,2021-2022
7526,Martín Zubimendi,36,2562,2,2.619910735636949,1,0.5868826052173972,20,14,4,0,M S,Real Sociedad,2,2.619910735636949,6.801687550731003,5.447835745289922,La Liga,2021-2022
7586,Álex Collado,17,1042,2,1.0023274840787053,1,0.9472282882779836,17,17,1,0,F M S,Granada,2,1.0023274840787053,3.476820464245975,2.359351474791765,La Liga,2021-2022
7604,Alejandro Catena,36,3240,2,1.2418786892667413,2,1.0723448116332293,22,7,8,0,D,Rayo Vallecano,2,1.2418786892667413,5.652176603674889,5.550202516838908,La Liga,2021-2022
7716,Darío Benedetto,14,587,2,2.683130362536758,1,0.4796197135001421,18,4,1,0,F S,Elche,2,2.683130362536758,3.4057389982044697,0.350493898615241,La Liga,2021-2022
7840,Iddrisu Baba,26,1952,2,1.8456465797498824,0,0.3897179011255502,24,9,9,0,D M S,Mallorca,2,1.8456465797498824,3.383304800838232,2.6725937938317657,La Liga,2021-2022
7857,Jon Moncayola,36,2933,2,2.439096614718437,3,2.030780059751123,41,32,2,0,M S,Osasuna,2,2.439096614718437,8.167241932358593,5.13021468417719,La Liga,2021-2022
7861,Germán Sánchez,32,2291,2,1.5310100875794888,1,0.5327009921893477,13,5,9,1,D S,Granada,2,1.5310100875794888,2.9923148415982723,2.917660247534513,La Liga,2021-2022
7891,Renan Lodi,29,1172,2,0.9801207091659307,2,2.395130567252636,10,11,4,0,D M S,Atletico Madrid,2,0.9801207091659307,7.670794330537319,5.180695001035929,La Liga,2021-2022
7921,Felipe,26,1488,2,1.2815612256526947,1,0.6495694816112518,11,5,5,1,D S,Atletico Madrid,2,1.2815612256526947,3.871247540228069,3.798184239305556,La Liga,2021-2022
8271,Fernando Niño,23,875,2,4.591143853962421,0,0.4079248011112213,23,9,2,0,F S,Mallorca,2,4.591143853962421,4.341684248298407,0.2386126825585961,La Liga,2021-2022
8284,Julen Lobete,13,262,2,1.0718974992632866,0,0.0196627005934715,9,1,0,0,F S,Real Sociedad,2,1.0718974992632866,1.0995260998606682,0.045847900211811,La Liga,2021-2022
8461,Nicolás Melamed,31,1058,2,0.9377439897507428,0,1.08558189868927,20,13,3,1,F M S,Espanyol,2,0.9377439897507428,2.904014116153121,1.1552767902612686,La Liga,2021-2022
8470,Kike Pérez,12,512,2,1.1563991121947763,0,0.9002515547908843,10,6,1,0,F M S,Elche,2,1.1563991121947763,3.279299816582352,1.3009682279080153,La Liga,2021-2022
8733,Alfonso Espino,37,3330,2,2.038077582605183,2,2.926308298483491,27,35,6,0,D M,Cadiz,2,2.038077582605183,8.38547577150166,5.238284956663847,La Liga,2021-2022
8735,Salvi Sánchez,23,1399,2,2.589653298258781,1,1.13219790533185,20,8,1,1,M S,Cadiz,2,1.8463759198784828,2.6525435019284487,0.1605202984064817,La Liga,2021-2022
8893,Josan,31,1169,2,0.856276199221611,3,3.0691694179549813,12,18,2,0,D M S,Elche,2,0.856276199221611,5.3879800932481885,2.25699501298368,La Liga,2021-2022
8986,Omar Alderete,29,2428,2,0.9768287241458892,0,0.1467041028663516,17,4,15,0,D S,Valencia,2,0.9768287241458892,2.5416540624573827,2.26557938195765,La Liga,2021-2022
9774,Mamadou Loum,32,2334,2,3.179170350544154,0,0.5883107930421829,33,9,10,0,M S,Alaves,2,3.179170350544154,4.403931312263012,3.095625452697277,La Liga,2021-2022
9802,Nico González,27,1107,2,1.424246771261096,1,0.8186406120657921,17,13,6,0,M S,Barcelona,2,1.424246771261096,7.858791917562485,5.745404623448849,La Liga,2021-2022
9804,Gavi,34,2345,2,4.449615243822336,5,4.285056263208389,30,20,9,1,F M S,Barcelona,2,4.449615243822336,16.296991395764053,9.315062996931374,La Liga,2021-2022
9812,Isi Palazón,34,2330,2,3.369928352534771,4,2.7286362340673804,58,33,7,0,M S,Rayo Vallecano,2,3.369928352534771,7.8800239861011505,5.2201731046661735,La Liga,2021-2022
9815,Pathé Ciss,31,1061,2,1.8498461027629676,1,0.2989353947341442,19,4,5,0,M S,Rayo Vallecano,2,1.8498461027629676,3.068038016092032,2.5277184676378965,La Liga,2021-2022
9917,Thiago Galhardo,31,1115,2,4.177715596742928,2,2.920944280922413,29,12,5,0,F S,Celta Vigo,2,4.177715596742928,8.157869030721486,1.548749342560768,La Liga,2021-2022
10323,Jesús Corona,18,1175,2,1.973989875987172,4,3.295649467036128,12,25,2,0,D F M S,Sevilla,2,1.973989875987172,7.07255944609642,2.768893640488386,La Liga,2021-2022
572,Etienne Capoue,30,2312,1,0.651917602866888,1,1.0353651978075504,14,5,9,0,M S,Villarreal,1,0.651917602866888,9.91871253028512,9.349543660879135,La Liga,2021-2022
615,Fernando,24,1846,1,0.8028483837842941,1,0.2804914023727178,6,6,6,0,D M S,Sevilla,1,0.8028483837842941,6.657081926241517,5.888523267582059,La Liga,2021-2022
619,Sergio Agüero,4,148,1,1.1555321030318737,0,0.3280630111694336,6,1,0,0,F S,Barcelona,1,1.1555321030318737,1.4995551221072674,0.0159590002149343,La Liga,2021-2022
1003,Pablo Maffeo,35,2963,1,1.813936464022845,4,2.5792088098824024,30,28,10,0,D M,Mallorca,1,1.813936464022845,7.085868269205093,4.905976425856352,La Liga,2021-2022
1288,Dani Alves,14,1111,1,0.1523273037746548,3,2.385933291167021,5,22,2,1,D S,Barcelona,1,0.1523273037746548,7.14402762055397,6.421948060393333,La Liga,2021-2022
1516,Geoffrey Kondogbia,28,1883,1,0.3789184996858239,2,1.2443712828680873,15,11,9,2,D M S,Atletico Madrid,1,0.3789184996858239,8.639906276017427,7.204807233065367,La Liga,2021-2022
1699,Shkodran Mustafi,11,652,1,0.093964098021388,0,0.0,4,0,1,0,D S,Levante,1,0.093964098021388,0.9106254894286394,0.8922301903367043,La Liga,2021-2022
1951,Sime Vrsaljko,21,904,1,1.080970985814929,2,0.8506032899022102,4,3,4,0,D S,Atletico Madrid,1,1.080970985814929,3.2864190097898245,2.776767715811729,La Liga,2021-2022
2057,Ezequiel Ponce,13,665,1,2.922976817935705,0,0.2680153027176857,15,7,1,1,F S,Elche,1,2.922976817935705,3.4496605806052685,0.8228388838469982,La Liga,2021-2022
2073,Coke,6,106,1,0.8396040201187134,0,0.0422000484541058,1,2,1,0,D S,Levante,1,0.8396040201187134,1.026784055866301,0.9845840036869048,La Liga,2021-2022
2079,Rubén Rochina,15,735,1,0.6523347944021225,3,1.056675990112126,15,13,3,0,F M S,Granada,1,0.6523347944021225,2.112682565115392,1.468913598917425,La Liga,2021-2022
2088,Edgar Méndez,32,1626,1,1.4280463047325611,1,3.0556470789015293,25,18,6,0,F M S,Alaves,1,1.4280463047325611,4.481748745776713,0.3224223023280501,La Liga,2021-2022
2092,Gerard Piqué,27,2092,1,1.7741623828187585,0,0.335690688341856,19,5,8,1,D S,Barcelona,1,1.7741623828187585,12.487990725785494,12.216302674263716,La Liga,2021-2022
2100,Rafinha,17,1073,1,2.7260562237352133,0,0.8344432068988681,14,9,3,0,F M S,Real Sociedad,1,2.7260562237352133,6.47470248863101,3.474455345422029,La Liga,2021-2022
2109,Enzo Roco,30,2566,1,1.155733186751604,0,0.1378648020327091,11,3,10,0,D S,Elche,1,1.155733186751604,4.092372138053179,3.63416462764144,La Liga,2021-2022
2143,Germán Pezzella,23,2001,1,1.627135081216693,0,0.0,19,0,5,1,D S,Real Betis,1,1.627135081216693,3.2632191870361567,3.2632191870361567,La Liga,2021-2022
2168,Bebé,29,808,1,1.8557401979342103,2,2.2234759144485,50,16,2,0,M S,Rayo Vallecano,1,1.8557401979342103,4.779862781055272,2.4370386097580194,La Liga,2021-2022
2183,Rubén García,37,2412,1,3.7074057227000594,6,3.6446041194722056,33,58,1,0,D F M S,Osasuna,1,2.2208489989861846,8.250082291662693,4.743536898866296,La Liga,2021-2022
2229,Yuri,14,1012,1,0.6456546001136303,2,1.2276341393589971,8,7,3,0,D S,Athletic Club,1,0.6456546001136303,4.264261722564697,3.080016601830721,La Liga,2021-2022
2248,Casemiro,32,2596,1,2.5604002280160785,3,3.792148347944021,41,26,11,0,D M S,Real Madrid,1,2.5604002280160785,19.73453602194786,16.599835257977247,La Liga,2021-2022
2251,Gareth Bale,5,293,1,1.5859596133232117,0,0.1145547032356262,15,2,2,0,F S,Real Madrid,1,1.5859596133232117,1.7940689828246832,0.3800617083907127,La Liga,2021-2022
2255,Isco,14,308,1,0.5328118056058884,0,1.5629850216209888,9,10,1,0,F M S,Real Madrid,1,0.5328118056058884,4.323911398649216,2.7755309268832207,La Liga,2021-2022
2260,Daniel Carvajal,24,1544,1,0.7491347957402468,3,2.551368208602071,10,25,1,0,D S,Real Madrid,1,0.7491347957402468,10.871638990938663,9.495044238865376,La Liga,2021-2022
2269,Koke,31,2516,1,0.7069575753994286,2,1.7270692083984611,12,26,6,0,M S,Atletico Madrid,1,0.7069575753994286,12.277745366096497,10.671851167455316,La Liga,2021-2022
2278,Giménez,24,2054,1,1.3384028356522322,1,0.7287133038043976,20,5,7,0,D,Atletico Madrid,1,1.3384028356522322,4.359657720662653,4.2805602150037885,La Liga,2021-2022
2281,Hugo Mallo,21,1832,1,1.595641894266009,1,3.0716513339430094,17,20,3,2,D,Celta Vigo,1,1.595641894266009,8.275078195147216,4.745035043917596,La Liga,2021-2022
2282,Sergi Gómez,31,2731,1,0.4637136943638325,2,0.9956764788366854,8,4,1,1,D,Espanyol,1,0.4637136943638325,5.54534962400794,5.295560033991933,La Liga,2021-2022
2284,Daniel Wass,20,1665,1,1.99581219162792,1,0.5653620045632124,28,14,7,0,M S,"Atletico Madrid,Valencia",1,1.99581219162792,4.788702603429556,3.513596346601844,La Liga,2021-2022
2326,Rober,27,2012,1,1.9060601014643908,0,0.1868768967688083,8,4,3,1,D S,Levante,1,1.9060601014643908,3.562165403738618,3.464144805446267,La Liga,2021-2022
2353,Pedro Bigas,19,1566,1,0.766861692070961,0,0.2159865982830524,12,5,6,0,D,Elche,1,0.766861692070961,2.92174981161952,2.679632006213069,La Liga,2021-2022
2368,Montoro,24,1327,1,1.724006717093289,1,1.500377112068236,21,22,5,0,M S,Granada,1,1.724006717093289,3.472212579101324,1.4970405027270317,La Liga,2021-2022
2369,Toni Kroos,28,2119,1,2.184315487742424,3,4.180944911204279,46,51,4,0,M S,Real Madrid,1,2.184315487742424,17.869035124778748,14.734508149325848,La Liga,2021-2022
2380,Paco Alcácer,18,791,1,3.3991579227149487,3,1.6770221143960953,18,7,1,0,F S,Villarreal,1,3.3991579227149487,5.924509804695845,2.585264891386032,La Liga,2021-2022
2452,De Marcos,22,1700,1,0.4491307064890861,2,2.262094911187887,3,18,5,0,D S,Athletic Club,1,0.4491307064890861,9.213638417422771,7.355937933549285,La Liga,2021-2022
2453,Marc Bartra,23,1993,1,1.4663549037650228,0,0.0966461012139916,15,4,5,0,D,Real Betis,1,1.4663549037650228,5.220085345208645,5.03561195731163,La Liga,2021-2022
2560,Cristiano Piccini,6,323,1,0.1514129042625427,0,0.1926969960331916,3,2,1,0,D S,Valencia,1,0.1514129042625427,0.6508255023509264,0.4581289980560541,La Liga,2021-2022
3226,Ousmane Dembélé,21,1405,1,3.1700700726360083,13,8.723081540316343,47,45,3,0,F M S,Barcelona,1,3.1700700726360083,15.58649179711938,6.434018086642027,La Liga,2021-2022
3237,Aissa Mandi,17,1368,1,1.8237323723733423,0,0.0207857992500066,10,1,3,0,D S,Villarreal,1,1.8237323723733423,6.999948482960463,6.960985448211432,La Liga,2021-2022
3568,Clément Grenier,5,48,1,0.6083670258522034,0,0.0186292994767427,1,1,1,0,S,Mallorca,1,0.6083670258522034,0.7430295217782259,0.1160331964492797,La Liga,2021-2022
4242,Stefan Mitrovic,32,2688,1,0.2366265775635838,0,0.076089397072792,4,2,8,1,D S,Getafe,1,0.2366265775635838,1.8899062806740403,1.8899062806740403,La Liga,2021-2022
5037,Darko Brasanac,35,2436,1,1.6238336013630033,2,1.7660256656818092,17,30,8,0,F M S,Osasuna,1,1.6238336013630033,7.9861258110031486,5.065599510446191,La Liga,2021-2022
5058,Carles Aleñá,33,2381,1,1.9732895260676744,2,1.2121291970834136,46,20,6,1,F M S,Getafe,1,1.9732895260676744,5.109339904040098,2.8486352832987905,La Liga,2021-2022
5110,Mariano,9,340,1,2.665371613577008,1,1.3475059466436503,14,6,2,0,F S,Real Madrid,1,2.665371613577008,3.811642919667065,0.4383083041757345,La Liga,2021-2022
5117,Víctor Díaz,22,1501,1,0.794582121539861,0,0.1255225008353591,12,3,4,0,D S,Granada,1,0.794582121539861,0.9705176129937172,0.7941335048526525,La Liga,2021-2022
5126,José Ángel,23,1085,1,0.1981460684910416,1,1.9427845254540443,11,8,3,1,D S,Osasuna,1,0.1981460684910416,3.957037778571248,2.874195635318756,La Liga,2021-2022
5128,Oier,25,738,1,1.0599362924695015,0,0.1489955000579357,10,2,2,0,M S,Osasuna,1,1.0599362924695015,1.618147611618042,1.3075802084058523,La Liga,2021-2022
5155,Keidi Bare,25,1486,1,0.2593803983181715,1,0.6201844923198223,4,8,9,0,M S,Espanyol,1,0.2593803983181715,3.826046857982874,3.1846375707536936,La Liga,2021-2022
5179,Jon Guridi,8,186,1,0.5912909880280495,0,0.0779165029525756,2,1,0,0,M S,Real Sociedad,1,0.5912909880280495,0.3568987883627414,0.1746099926531314,La Liga,2021-2022
5201,Darío Poveda,15,361,1,0.3758099181577563,0,0.0789247993379831,4,3,0,0,F S,Getafe,1,0.3758099181577563,0.9209253368899226,0.4968632999807596,La Liga,2021-2022
5672,Iván Balliu,35,3150,1,1.1241264138370752,2,3.6824938748031855,15,43,10,1,D M,Rayo Vallecano,1,1.1241264138370752,11.404870027676225,9.019103026017548,La Liga,2021-2022
5681,Giovani Lo Celso,16,1001,1,1.7190865967422724,1,2.4132529348134995,18,17,2,0,F M S,Villarreal,1,1.7190865967422724,6.646165758371353,3.576131889596581,La Liga,2021-2022
5907,Varazdat Haroyan,17,1444,1,0.9659989774227142,0,0.1869048243388533,3,4,9,0,D S,Cadiz,1,0.9659989774227142,0.3353736186400056,0.2772483993321657,La Liga,2021-2022
6076,Nemanja Maksimovic,35,2954,1,2.8708115946501493,2,0.8268333077430725,31,20,5,0,M S,Getafe,1,2.8708115946501493,5.979566397145391,3.0500744627788663,La Liga,2021-2022
6117,Pere Pons,27,1400,1,2.046254502609372,0,0.6390928104519844,15,12,2,0,M S,Alaves,1,2.046254502609372,3.832942984998226,1.3636300852522254,La Liga,2021-2022
6118,Portu,37,1593,1,3.1350155621767044,2,2.856093116104603,25,18,5,0,F M S,Real Sociedad,0,2.391737535595894,7.038440562784672,2.302976708859205,La Liga,2021-2022
6228,Luka Jovic,15,337,1,2.5515163615345955,3,1.3810150176286695,16,5,1,0,F S,Real Madrid,1,2.5515163615345955,4.332983992993832,1.0678401850163937,La Liga,2021-2022
6306,Juan Foyth,25,1939,1,1.0203602081164718,1,1.3658556807786226,6,11,4,1,D S,Villarreal,1,1.0203602081164718,6.654781844466925,6.040545964613557,La Liga,2021-2022
6368,Mathías Olivera,32,2819,1,3.1310172881931067,3,2.835934097878635,24,31,10,0,D,Getafe,1,3.1310172881931067,7.173474993556738,5.234355817548931,La Liga,2021-2022
6528,Loren Morón,22,532,1,0.9020864074118436,0,0.4378879889845848,10,4,0,0,F M S,"Espanyol,Real Betis",1,0.9020864074118436,1.0863738912157714,0.3538085119798779,La Liga,2021-2022
6924,Miguel De la Fuente,22,832,1,2.365213455632329,1,0.5297265108674765,22,5,2,0,F M S,Alaves,1,2.365213455632329,3.1460153497755527,0.4264601347967982,La Liga,2021-2022
6931,Fran Beltrán,37,2616,1,0.4101358018815517,0,0.3365052584558725,20,11,4,0,M S,Celta Vigo,1,0.4101358018815517,6.0858851717785,5.685565288178623,La Liga,2021-2022
6949,Jorge Miramón,29,1982,1,0.7200841307640076,0,1.4177920874208212,7,16,5,0,D S,Levante,1,0.7200841307640076,6.084825586527586,4.395341282710433,La Liga,2021-2022
7009,Jaime Mata,22,626,1,1.110442707315087,0,0.5862797060981393,10,8,6,0,F S,Getafe,1,1.110442707315087,1.8560283314436676,0.2452758904546499,La Liga,2021-2022
7050,Lucas Torró,33,2747,1,2.101093984209001,0,0.4382761977612972,34,9,10,0,M S,Osasuna,1,2.101093984209001,5.463737617712468,3.834301812108606,La Liga,2021-2022
7070,Santiago Comesaña,35,2724,1,3.4627023795619607,2,1.8991695158183572,33,27,10,1,M S,Rayo Vallecano,1,3.4627023795619607,7.674767831340432,4.628511963412166,La Liga,2021-2022
7113,Santiago Arias,12,427,1,0.7051762882620096,0,0.2144183032214641,3,5,1,0,D S,Granada,1,0.7051762882620096,1.1109176082536578,0.8843826008960605,La Liga,2021-2022
7174,Adrià Pedrosa,31,2731,1,1.052447804249823,1,1.441566688939929,25,23,8,0,D,Espanyol,1,1.052447804249823,8.08321713283658,6.596326345577836,La Liga,2021-2022
7276,Robin Le Normand,37,3330,1,2.004630571231246,1,0.6521286834031343,18,4,6,0,D,Real Sociedad,1,2.004630571231246,6.6772217862308025,6.646762769669294,La Liga,2021-2022
7308,Ander Barrenetxea,11,543,1,0.4089016951620579,1,1.0559905786067247,8,7,0,0,F M S,Real Sociedad,1,0.4089016951620579,1.6391618996858597,0.3508016094565391,La Liga,2021-2022
7313,Lee Kang-In,30,1398,1,1.4889294831082225,2,2.30260618403554,36,22,2,1,F M S,Mallorca,1,1.4889294831082225,3.608994279056788,1.5300316782668233,La Liga,2021-2022
7350,Yangel Herrera,23,1666,1,1.2322233151644468,1,0.7918352838605642,15,12,5,1,M S,Espanyol,1,1.2322233151644468,4.693444170057774,3.19111780077219,La Liga,2021-2022
7398,Wu Lei,23,447,1,1.1182619221508503,0,1.2666888013482094,7,7,0,0,F M S,Espanyol,1,1.1182619221508503,2.367869194597006,0.5266250679269433,La Liga,2021-2022
7514,Lucas Olaza,5,291,1,0.8312028720974922,0,0.2807940021157264,4,6,1,0,D S,Elche,1,0.8312028720974922,1.7779784426093102,0.7838996089994907,La Liga,2021-2022
7548,Riqui Puig,15,453,1,1.163424606435001,0,0.134446901269257,9,5,0,0,M S,Barcelona,1,1.163424606435001,3.4611983951181173,3.086696568876505,La Liga,2021-2022
7605,Manuel Sánchez,33,2261,1,0.5402552066370845,3,2.621843807399273,6,19,6,0,D F M S,Osasuna,1,0.5402552066370845,6.693984307348728,4.356387905776501,La Liga,2021-2022
7648,Tonny Vilhena,17,960,1,0.7919577043503523,1,0.9555212995037436,15,11,4,0,D F M S,Espanyol,1,0.7919577043503523,3.080430917441845,2.2731185741722584,La Liga,2021-2022
7829,Eder Militão,34,3037,1,2.495726565364748,2,1.2566003939136865,33,12,5,0,D,Real Madrid,1,2.495726565364748,15.131965570151806,13.636800296604632,La Liga,2021-2022
7834,Manu Vallejo,20,410,1,0.7939940914511681,1,0.7334174904972315,6,5,3,0,F M S,"Alaves,Valencia",1,0.7939940914511681,1.955521583557129,1.1402849033474922,La Liga,2021-2022
7860,Domingos Duarte,21,1689,1,0.7456888183951378,0,0.7041286136955023,6,3,7,1,D S,Granada,1,0.7456888183951378,2.8414588514715438,2.767464244738221,La Liga,2021-2022
7870,Luis Rioja,37,3149,1,2.7884209882467985,3,5.357528327964246,44,34,3,0,F M S,Alaves,1,2.7884209882467985,10.18100276775658,4.223165171220899,La Liga,2021-2022
8001,Takefusa Kubo,28,1604,1,2.967476589605212,0,2.6974359024316072,48,33,4,0,F M S,Mallorca,1,2.967476589605212,7.411089407280087,3.4544636476784945,La Liga,2021-2022
8131,Iñigo Pérez,10,336,1,0.1430933959782123,0,1.512879028916359,4,9,0,0,M S,Osasuna,1,0.1430933959782123,1.1502497792243958,0.7803555950522423,La Liga,2021-2022
8142,Edgar González,21,1446,1,1.0975067876279354,1,0.8777559697628021,5,3,6,0,D M S,Real Betis,1,1.0975067876279354,3.625711981207132,3.271879974752665,La Liga,2021-2022
8263,Javi Martínez,26,857,1,0.8042541807517409,1,0.6639105854555964,10,11,1,0,M S,Osasuna,1,0.8042541807517409,3.930870123207569,2.6887244135141373,La Liga,2021-2022
8267,Guido Rodríguez,32,2538,1,1.3238576920703051,2,0.7272041998803616,21,15,7,1,M S,Real Betis,1,1.3238576920703051,10.726310532540085,9.8425426594913,La Liga,2021-2022
8334,Hugo Guillamón,31,2379,1,0.524246396496892,0,0.3873087037354707,7,13,9,2,D M S,Valencia,1,0.524246396496892,5.4135929103940725,4.657976692542434,La Liga,2021-2022
8410,Rodrigo Sánchez,21,884,1,1.629441298544407,2,1.862641407176852,15,17,1,0,M S,Real Betis,1,1.629441298544407,6.020620523020625,3.654774008318782,La Liga,2021-2022
8489,Jorge Cuenca,32,2690,1,0.8437289823777974,0,0.1402334980666637,16,2,6,2,D S,Getafe,1,0.8437289823777974,3.3095457833260298,3.260608760640025,La Liga,2021-2022
8549,Ferrán Jutglà,6,306,1,1.77885883115232,0,0.1995497047901153,10,2,1,0,F S,Barcelona,1,1.77885883115232,2.181392714381218,1.0359555035829544,La Liga,2021-2022
8728,Oier Zarraga,31,1100,1,1.2774135256186128,0,0.1567144021391868,18,5,5,0,M S,Athletic Club,0,0.5341354990378022,4.046911982819438,3.536167034879327,La Liga,2021-2022
8771,Yunus Musah,29,1268,1,0.4687735997140407,0,0.5384401977062225,7,9,5,0,F M S,Valencia,1,0.4687735997140407,1.5412849076092243,0.7937682177871466,La Liga,2021-2022
8775,Son,26,1983,1,1.2594367042183876,0,1.6156953433528545,14,16,5,1,D S,Levante,1,1.2594367042183876,8.748876485973597,6.779231283813715,La Liga,2021-2022
8907,Mickaël Malsa,26,1128,1,1.10750350356102,2,1.3140704818069937,13,10,7,0,M S,Levante,1,1.10750350356102,4.623432656750083,3.1343299709260464,La Liga,2021-2022
8933,Marcos de Sousa,29,933,1,3.2026079669594765,3,2.835855981335044,30,13,3,0,F M S,Valencia,1,3.2026079669594765,6.044469064101577,0.4349055038765073,La Liga,2021-2022
8939,Marcos Acuña,31,2282,1,1.0216645821928978,3,3.1246358370408416,16,43,10,0,D S,Sevilla,1,1.0216645821928978,11.326871283352377,9.453515468165278,La Liga,2021-2022
9132,Oussama Idrissi,17,1057,1,2.552032236009836,1,2.5567196682095528,25,22,3,0,F M S,"Cadiz,Sevilla",1,2.552032236009836,6.442342568188906,2.259615406394005,La Liga,2021-2022
9754,Brian Oliván,28,2187,1,1.778309991583228,0,2.463639870285988,20,20,7,0,D M S,Mallorca,1,1.0350328097119927,5.90779437776655,3.8900888254866,La Liga,2021-2022
9757,Franco Russo,19,1465,1,0.3326373994350433,0,0.5759459733963013,6,1,2,2,D S,Mallorca,1,0.3326373994350433,1.3203278984874487,1.3203278984874487,La Liga,2021-2022
9760,Kike Hermoso,1,90,1,0.0806671977043151,0,0.0,2,0,0,0,D,Real Betis,1,0.0806671977043151,0.0,0.0,La Liga,2021-2022
9810,Fran García,34,3036,1,0.9584827162325382,0,1.6622503865510223,25,30,4,0,D,Rayo Vallecano,1,0.9584827162325382,8.689132591709495,6.950203508138657,La Liga,2021-2022
9820,Mario Hernández,9,397,1,0.2707959003746509,0,0.0611607991158962,3,2,3,0,D M S,Rayo Vallecano,1,0.2707959003746509,0.2787851002067327,0.0336250998079776,La Liga,2021-2022
9825,Nicolás Serrano,14,292,1,0.3586520962417125,0,0.1309319995343685,9,3,0,0,M S,Athletic Club,1,0.3586520962417125,0.6855416968464851,0.3268890995532274,La Liga,2021-2022
9937,Santiago Arzamendia,14,458,1,0.2186992866918444,0,0.0357877984642982,7,1,2,0,D M S,Cadiz,1,0.2186992866918444,0.9822224089875816,0.743805292993784,La Liga,2021-2022
9970,Antonio Sánchez,29,1642,1,1.6086714146658778,0,0.3847555983811617,18,9,4,0,M S,Mallorca,1,1.6086714146658778,4.78723493590951,3.0813279086723924,La Liga,2021-2022
10095,Abdessamad Ezzalzouli,10,580,1,1.9003530126065016,0,1.1206651888787746,16,6,4,0,F M S,Barcelona,1,1.9003530126065016,3.713725525885821,1.040540523827076,La Liga,2021-2022
10371,Giovanni González,9,356,1,0.4225346110761165,0,0.7873665159568191,3,7,1,0,D S,Mallorca,1,0.4225346110761165,1.8546139933168888,0.707419615238905,La Liga,2021-2022
10400,Myrto Uzuni,15,857,1,1.1313063064590096,1,1.3637040052562952,11,7,4,0,D F M S,Granada,1,1.1313063064590096,3.149833355098963,0.8394465772435069,La Liga,2021-2022
492,Héctor Bellerín,23,1977,0,0.4770224969834089,2,2.4594110026955605,10,26,2,1,D S,Real Betis,0,0.4770224969834089,8.367293864488602,5.567806905135512,La Liga,2021-2022
553,Anthony Martial,9,504,0,0.5156101025640965,1,0.2095624022185802,7,3,1,0,F M S,Sevilla,0,0.5156101025640965,1.0026971884071827,0.3454312980175018,La Liga,2021-2022
565,Nyom,5,246,0,0.0,0,0.0958150997757911,0,2,1,0,D S,Getafe,0,0.0,0.2515083961188793,0.1556928977370262,La Liga,2021-2022
576,Mario Suárez,14,709,0,1.4804580062627792,0,0.0253139995038509,9,1,2,0,D S,Rayo Vallecano,0,1.4804580062627792,1.8000704757869244,1.397001177072525,La Liga,2021-2022
616,Jesús Navas,25,1786,0,0.3715621959418058,3,4.85726173222065,10,36,4,0,D S,Sevilla,0,0.3715621959418058,10.525366926565766,6.6590572241693735,La Liga,2021-2022
652,Kieran Trippier,15,974,0,0.1171780005097389,0,0.3361988943070173,2,7,1,0,D M S,Atletico Madrid,0,0.1171780005097389,3.754542540758848,3.575937520712614,La Liga,2021-2022
680,Thibaut Courtois,36,3240,0,0.0,0,0.0,0,0,1,0,GK,Real Madrid,0,0.0,6.174389886669815,6.174389886669815,La Liga,2021-2022
683,Matt Miazga,11,825,0,0.3793249949812889,0,0.1623950004577636,7,2,2,0,D S,Alaves,0,0.3793249949812889,0.1445916006341576,0.1445916006341576,La Liga,2021-2022
701,Eden Hazard,18,709,0,1.2735963091254234,1,2.05935550481081,12,27,3,0,F M S,Real Madrid,0,1.2735963091254234,5.316219609230757,2.462470129132271,La Liga,2021-2022
900,Adama Traoré,11,375,0,0.6185917891561985,2,1.1917031034827232,9,7,0,0,F S,Barcelona,0,0.6185917891561985,2.283962931483984,0.5817048065364361,La Liga,2021-2022
906,Manu García,24,1047,0,0.362280698493123,1,1.124371889512986,8,20,3,0,M S,Alaves,0,0.362280698493123,1.236526696011424,0.5876366123557091,La Liga,2021-2022
1125,Carlos Bacca,17,493,0,0.7359157130122185,1,0.803820407949388,9,7,2,0,F S,Granada,0,0.7359157130122185,1.641680896282196,0.1289323978126049,La Liga,2021-2022
1129,Suso,8,399,0,0.2490580957382917,1,0.2915811985731125,6,4,0,0,F M S,Sevilla,0,0.2490580957382917,2.0492701083421707,1.7913086358457804,La Liga,2021-2022
1146,Jakub Jankto,14,578,0,0.1951547041535377,2,1.211166080087423,6,5,1,0,D M S,Getafe,0,0.1951547041535377,2.1077126460149884,0.7644964950159192,La Liga,2021-2022
1297,Neto,3,270,0,0.0,0,0.0382708013057708,0,1,0,0,GK,Barcelona,0,0.0,0.4813580140471458,0.4430872127413749,La Liga,2021-2022
1508,Jeison Murillo,19,1115,0,0.4634984098374843,0,0.0245885998010635,6,1,4,1,D S,Celta Vigo,0,0.4634984098374843,2.4111559577286243,2.068727046251297,La Liga,2021-2022
1588,Raúl Albiol,28,2470,0,0.3834182061254978,0,0.1295443009585142,5,4,8,0,D,Villarreal,0,0.3834182061254978,7.39725111797452,7.353623110800981,La Liga,2021-2022
1618,Diego López,36,3182,0,0.0,0,0.019667899236083,0,1,3,0,GK,Espanyol,0,0.0,5.108907860703766,5.0892399633303285,La Liga,2021-2022
1680,Luis Hernández,16,1363,0,0.3812938909977674,0,0.2167574986815452,6,5,5,0,D S,Cadiz,0,0.3812938909977674,4.488683542236686,4.320520235225558,La Liga,2021-2022
1706,Antonio Barragán,16,1037,0,0.04748560115695,0,0.0644639004021883,1,2,5,0,D S,Elche,0,0.04748560115695,1.2404645048081877,1.1760005988180635,La Liga,2021-2022
1731,Claudio Bravo,17,1456,0,0.0,0,0.3106060028076172,0,1,2,0,GK,Real Betis,0,0.0,1.722488796338439,1.4118827935308218,La Liga,2021-2022
1857,David López,18,746,0,0.4746213015168905,0,0.4808461889624595,5,3,1,0,D M S,Espanyol,0,0.4746213015168905,1.808621870353818,1.3658104874193668,La Liga,2021-2022
1942,Martín Cáceres,10,678,0,0.0,0,0.1438217982649803,0,3,2,0,D S,Levante,0,0.0,0.997080385684967,0.9085614085197448,La Liga,2021-2022
1950,Martín Montoya,6,524,0,0.2150631062686443,1,0.9892570078372956,5,3,2,0,D,Real Betis,0,0.2150631062686443,2.091221697628498,0.9665099959820508,La Liga,2021-2022
2065,Vicente Iborra,20,1033,0,1.0980575922876596,1,0.5616094097495079,8,2,4,0,M S,Villarreal,0,1.0980575922876596,7.693986777216196,7.270136807113886,La Liga,2021-2022
2071,Diego González,28,1785,0,0.2484335005283355,0,0.1019435971975326,4,2,3,1,D S,Elche,0,0.2484335005283355,2.40077592805028,2.338232893496752,La Liga,2021-2022
2072,Sergio Rico,14,1260,0,0.0,0,0.0227285008877515,0,1,0,0,GK,Mallorca,0,0.0,0.091323597356677,0.0685950964689254,La Liga,2021-2022
2089,Robert Ibáñez,4,94,0,0.198615301400423,0,0.2279312964528799,3,2,0,0,M S,Osasuna,0,0.198615301400423,0.4847428165376186,0.0581968016922473,La Liga,2021-2022
2090,Marc-André ter Stegen,35,3150,0,0.0,0,0.0610506981611251,0,1,3,0,GK,Barcelona,0,0.0,7.251764789223671,7.190714091062546,La Liga,2021-2022
2110,Rubén Duarte,34,2641,0,0.2588429972529411,4,2.6828973665833478,9,21,10,1,D S,Alaves,0,0.2588429972529411,5.664669398218393,3.846736405044794,La Liga,2021-2022
2122,Joan Jordán,36,2559,0,1.0802088174968958,0,1.888011150062084,16,24,9,0,M S,Sevilla,0,1.0802088174968958,9.861835720017552,8.227476208470762,La Liga,2021-2022
2125,Ander Capa,1,1,0,0.0335670001804828,0,0.0,1,0,0,0,S,Athletic Club,0,0.0335670001804828,0.0335670001804828,0.0,La Liga,2021-2022
2130,Dani García,32,2222,0,0.9270978923887014,0,0.8292560745030642,12,8,9,0,M S,Athletic Club,0,0.9270978923887014,6.025819791480899,4.595428969711065,La Liga,2021-2022
2148,Joaquín,21,418,0,2.035891730338335,1,1.590474996715784,10,15,0,0,M S,Real Betis,0,2.035891730338335,4.24674866348505,2.1037013344466686,La Liga,2021-2022
2154,Álvaro Vadillo,3,5,0,0.0,0,0.0,0,0,1,0,S,Espanyol,0,0.0,0.0,0.0,La Liga,2021-2022
2158,Quini,32,2320,0,0.6528526376932859,1,1.30781620554626,17,18,11,0,D S,Granada,0,0.6528526376932859,3.6440156660974026,2.0929323714226484,La Liga,2021-2022
2166,Adrián Embarba,32,2005,0,3.301968228071928,2,2.6012619147077203,49,38,4,0,F M S,Espanyol,0,3.301968228071928,6.527666674926877,2.5277776531875134,La Liga,2021-2022
2193,Cala,14,939,0,0.6024079155176878,0,0.4380278065800667,5,2,6,1,D S,Cadiz,0,0.6024079155176878,0.6702404916286469,0.6702404916286469,La Liga,2021-2022
2194,Damián Suárez,35,2744,0,0.4626927329227328,3,3.398752461187541,14,47,13,0,D M S,Getafe,0,0.4626927329227328,5.873881787061691,3.867629699409008,La Liga,2021-2022
2225,Gerónimo Rulli,32,2880,0,0.0,0,0.0,0,0,2,0,GK,Villarreal,0,0.0,5.1568284425884485,5.1568284425884485,La Liga,2021-2022
2226,Zaldúa,24,1172,0,0.1324658999219536,0,0.3644383065402508,6,4,6,0,D M S,Real Sociedad,0,0.1324658999219536,1.893716617487371,1.5142350122332573,La Liga,2021-2022
2232,Asier Illarramendi,8,384,0,0.0,0,0.2963515967130661,0,4,1,0,M S,Real Sociedad,0,0.0,0.999197319149971,0.8322158120572567,La Liga,2021-2022
2238,Jon Bautista,1,41,0,0.0462737008929252,0,0.0,1,0,0,0,S,Real Sociedad,0,0.0462737008929252,0.0596291013062,0.0133554004132747,La Liga,2021-2022
2241,Oier,2,131,0,0.0,0,0.0,0,0,0,0,GK S,Espanyol,0,0.0,0.0157977994531393,0.0157977994531393,La Liga,2021-2022
2257,Marcelo,12,522,0,0.6303644068539143,2,0.8518197126686573,8,9,0,0,D S,Real Madrid,0,0.6303644068539143,3.914878118783236,2.816021762788296,La Liga,2021-2022
2259,Kiko Casilla,14,1260,0,0.0,0,0.0509019009768962,0,1,3,0,GK,Elche,0,0.0,1.2149896081537008,1.1640876065939665,La Liga,2021-2022
2261,Jan Oblak,38,3420,0,0.0468459986150264,0,0.0,1,0,2,0,GK,Atletico Madrid,0,0.0468459986150264,3.440849471837282,3.440849471837282,La Liga,2021-2022
2263,Stefan Savic,28,2440,0,2.3240502942353487,0,0.1341258026659488,15,3,12,0,D,Atletico Madrid,0,2.3240502942353487,4.867565102875233,4.833290204405785,La Liga,2021-2022
2266,Saúl Ñíguez,3,194,0,0.2948605008423328,1,0.1121580004692077,4,1,0,0,M S,Atletico Madrid,0,0.2948605008423328,0.9894759953022004,0.6946149915456772,La Liga,2021-2022
2287,John Guidetti,10,261,0,0.5944948978722095,0,0.1047341004014015,10,4,2,0,F S,Alaves,0,0.5944948978722095,0.6391677986830473,0.1877786964178085,La Liga,2021-2022
2289,Nemanja Radoja,19,1235,0,0.2455023974180221,0,0.6673323083668947,5,7,3,0,M S,Levante,0,0.2455023974180221,3.9503140673041344,3.156223561614752,La Liga,2021-2022
2296,Mario,12,617,0,0.2161463033407926,0,0.6112431269139051,4,5,1,0,D S,Villarreal,0,0.2161463033407926,2.6310436129570007,2.416820302605629,La Liga,2021-2022
2298,Víctor Ruiz,18,1427,0,1.1911942875012755,0,0.1548217013478279,7,6,2,0,D S,Real Betis,0,1.1911942875012755,2.8719696048647165,2.795102110132575,La Liga,2021-2022
2346,Aarón,4,282,0,0.0,0,0.0,0,0,1,0,GK S,Granada,0,0.0,0.2145600020885467,0.2145600020885467,La Liga,2021-2022
2382,Pablo Piatti,10,290,0,0.1123733771964907,0,0.3024555966258049,4,4,0,0,M S,Elche,0,0.1123733771964907,0.91609847266227,0.5586656127125025,La Liga,2021-2022
2385,Mat Ryan,3,270,0,0.0,0,0.0,0,0,0,0,GK,Real Sociedad,0,0.0,0.0360803008079528,0.0360803008079528,La Liga,2021-2022
2386,Rúben Vezo,32,2416,0,0.902819120325148,0,0.3399476823396981,18,5,5,0,D S,Levante,0,0.902819120325148,4.434255917090923,4.308430589735508,La Liga,2021-2022
2390,Víctor Camarasa,7,88,0,0.0122705996036529,0,0.0,1,0,0,0,S,Real Betis,0,0.0122705996036529,0.2122151982039213,0.1999445986002683,La Liga,2021-2022
2391,José Mari,11,377,0,0.2195191010832786,0,0.0153930997475981,4,1,1,1,M S,Cadiz,0,0.2195191010832786,2.014055497944355,1.9221539050340648,La Liga,2021-2022
2396,Balenziaga,26,2038,0,0.1859611002728343,0,0.3166739996522665,7,8,2,0,D S,Athletic Club,0,0.1859611002728343,5.169675247743726,4.872692966833711,La Liga,2021-2022
2403,Íñigo Lekue,25,1923,0,0.1749153016135096,2,2.4028552332893014,7,13,3,0,D S,Athletic Club,0,0.1749153016135096,5.080001806840301,3.814929626882076,La Liga,2021-2022
2415,David Soria,38,3415,0,0.0,0,0.0,0,0,4,0,GK,Getafe,0,0.0,1.3415729021653533,1.3415729021653533,La Liga,2021-2022
2417,Igor Zubeldia,26,1650,0,0.9169872952625155,1,0.7935910914093256,9,2,7,0,D M S,Real Sociedad,0,0.9169872952625155,3.798265593126416,2.992197398096323,La Liga,2021-2022
2433,Mamadou Sylla,25,604,0,1.2443447895348072,0,0.2391186989843845,13,5,3,0,F S,"Alaves,Rayo Vallecano",0,1.2443447895348072,1.413289294578135,0.3539931941777468,La Liga,2021-2022
2446,Dani Ceballos,11,257,0,0.8500914741307497,0,0.1603867039084434,10,3,1,0,M S,Real Madrid,0,0.8500914741307497,3.7440537214279175,3.327756505459547,La Liga,2021-2022
2456,Omar Mascarell,32,2520,0,0.4715942060574889,0,0.2111092032864689,12,7,6,0,D M S,Elche,0,0.4715942060574889,4.839963840320706,4.558681663125753,La Liga,2021-2022
2460,Sergio Asenjo,6,540,0,0.0,0,0.0,0,0,1,0,GK,Villarreal,0,0.0,0.4731416087597608,0.4731416087597608,La Liga,2021-2022
2475,Jaume,4,343,0,0.0,0,0.0,0,0,1,0,GK S,Valencia,0,0.0,0.2969647888094187,0.2969647888094187,La Liga,2021-2022
2479,Toni Lato,11,591,0,0.0,1,0.5599472988396883,0,3,5,0,D S,Valencia,0,0.0,1.0057027814909816,0.4882258037105202,La Liga,2021-2022
2482,Tomás Pina,29,1422,0,0.6476921932771802,0,0.0767075000330805,6,2,4,0,M S,Alaves,0,0.6476921932771802,2.692365100607276,2.074979677796364,La Liga,2021-2022
2494,Denis Cheryshev,17,544,0,1.0756503883749249,1,0.7134228702634573,10,3,1,0,M S,Valencia,0,1.0756503883749249,1.907366883009672,0.9336182773113252,La Liga,2021-2022
2509,Dimitri Foulquier,31,2513,0,0.6557635013014078,1,1.3789462074637413,16,13,11,0,D M S,"Granada,Valencia",0,0.6557635013014078,4.176298603415489,3.0450277384370565,La Liga,2021-2022
2511,Vitolo,7,207,0,0.0207579992711544,0,0.1701928004622459,1,3,0,0,M S,Getafe,0,0.0207579992711544,0.5755553971976042,0.3846053909510374,La Liga,2021-2022
2518,Marcos Llorente,29,2474,0,0.6577439038082957,2,2.576183594763279,16,26,5,0,D M,Atletico Madrid,0,0.6577439038082957,8.57559685409069,6.533776381984353,La Liga,2021-2022
2532,Amath Diedhiou,19,881,0,0.9410604108124972,1,0.7813399992883205,10,6,5,0,F M S,Mallorca,0,0.9410604108124972,2.4186764154583216,1.4709514062851667,La Liga,2021-2022
2539,Jaume Costa,25,1841,0,0.8247814886271954,4,1.720392999239266,11,18,5,1,D M S,Mallorca,0,0.8247814886271954,4.120891507714987,2.279329393990338,La Liga,2021-2022
2551,Pepelu,29,1998,0,0.6425286047160625,0,2.063524793833494,14,26,9,0,M S,Levante,0,0.6425286047160625,7.43765677511692,5.740580331534147,La Liga,2021-2022
2555,Remiro,35,3150,0,0.0,0,0.0,0,0,1,0,GK,Real Sociedad,0,0.0,5.01037117280066,5.01037117280066,La Liga,2021-2022
2574,Miguelón,2,69,0,0.0,0,0.0,0,0,0,0,D S,Espanyol,0,0.0,0.0562975984066724,0.0562975984066724,La Liga,2021-2022
2578,Javi Ontiveros,3,31,0,0.072260096669197,0,0.0,2,0,0,0,S,Osasuna,0,0.072260096669197,0.072260096669197,0.0,La Liga,2021-2022
2609,Gerard Gumbau,31,1902,0,0.942730118520558,4,2.3429341167211533,20,28,8,1,M S,Elche,0,0.942730118520558,6.331182724796236,4.819287149235606,La Liga,2021-2022
2619,Stole Dimitrievski,31,2772,0,0.0,0,0.0,0,0,0,0,GK S,Rayo Vallecano,0,0.0,1.5668320739641786,1.5668320739641786,La Liga,2021-2022
3264,Mauro Arambarri,31,2672,0,1.0511962557211518,5,2.518548319116235,37,44,13,0,M,Getafe,0,1.0511962557211518,5.392832105979323,4.526825740002096,La Liga,2021-2022
3274,Maxime Gonalons,25,1561,0,0.275583203881979,2,0.619570005685091,11,13,5,0,M S,Granada,0,0.275583203881979,1.9287941865623,1.2719111870974302,La Liga,2021-2022
3295,Javier Pastore,13,523,0,0.4606682984158396,0,1.1287083593197167,8,11,2,0,M S,Elche,0,0.4606682984158396,1.7874021902680397,0.317072382196784,La Liga,2021-2022
3388,Karim Rekik,18,1083,0,0.292313102632761,2,0.2889222018420696,5,5,2,0,D S,Sevilla,0,0.292313102632761,3.1810442078858614,3.1687012035399675,La Liga,2021-2022
3399,Youssouf Sabaly,10,792,0,0.1087235994637012,1,0.3786402903497219,4,7,1,0,D S,Real Betis,0,0.1087235994637012,2.422872833907604,2.109526937827468,La Liga,2021-2022
3428,Hélder Costa,22,1104,0,0.4271783046424389,1,1.4883191110566258,9,16,3,0,M S,Valencia,0,0.4271783046424389,2.5123536102473736,1.4263392481952906,La Liga,2021-2022
3567,Samuel Umtiti,1,90,0,0.0,0,0.0,0,0,1,0,D,Barcelona,0,0.0,0.045075599104166,0.045075599104166,La Liga,2021-2022
3600,Serge Aurier,19,993,0,0.7485052943229675,1,0.909010212868452,11,6,4,0,D S,Villarreal,0,0.7485052943229675,9.007555840536952,8.569230483844876,La Liga,2021-2022
4052,Ximo Navarro,18,1352,0,0.5951946098357439,0,0.7708486765623093,10,4,4,1,D S,Alaves,0,0.5951946098357439,1.7773802932351828,0.5421484913676977,La Liga,2021-2022
4068,Florin Andone,5,172,0,0.1479873955249786,0,0.0899163000285625,3,3,1,0,F S,Cadiz,0,0.1479873955249786,0.3393958061933517,0.116435901261866,La Liga,2021-2022
4076,Jason,19,752,0,0.9069329197518528,1,1.563448704779148,11,19,3,0,M S,"Alaves,Valencia",0,0.9069329197518528,2.7063269298523664,1.426114591769874,La Liga,2021-2022
4091,Unai López,27,1134,0,1.3318629823625088,0,2.068337405100465,19,24,5,0,M S,Rayo Vallecano,0,1.3318629823625088,6.559327069669962,4.615678637288511,La Liga,2021-2022
4131,Dídac Vilá,9,182,0,0.0,0,0.0725988307967782,0,3,3,0,D S,Espanyol,0,0.0,0.7089914046227932,0.6515042912214994,La Liga,2021-2022
4193,Aitor Fernández,13,1169,0,0.0,0,0.0,0,0,1,1,GK,Levante,0,0.0,1.665933916345239,1.665933916345239,La Liga,2021-2022
4202,Kevin,17,1345,0,0.7493701130151749,1,1.286911517381668,3,10,3,0,D S,Celta Vigo,0,0.7493701130151749,4.906871255487204,3.167826160788536,La Liga,2021-2022
4485,José Pozo,5,57,0,0.1412354987114668,0,0.364342987537384,3,3,0,0,S,Rayo Vallecano,0,0.1412354987114668,0.7251038998365402,0.3874398916959762,La Liga,2021-2022
5042,Fernando Pacheco,34,3054,0,0.0,0,0.0424397997558116,0,2,1,0,GK,Alaves,0,0.0,1.4128342121839523,1.3703944142907858,La Liga,2021-2022
5050,Clement Lenglet,21,808,0,0.202998399734497,1,0.4795539975166321,2,2,4,0,D S,Barcelona,0,0.202998399734497,5.326362257823348,5.032515360042453,La Liga,2021-2022
5057,Jasper Cillessen,17,1457,0,0.0,1,0.0169619992375373,0,1,1,0,GK,Valencia,0,0.0,2.6035376880317926,2.5865756813436747,La Liga,2021-2022
5062,Yeray Álvarez,22,1859,0,0.2920424966141581,0,0.2042300030589103,7,4,6,0,D S,Athletic Club,0,0.2920424966141581,7.186842768453062,7.095446448773146,La Liga,2021-2022
5065,Diego Rico,21,1653,0,0.2481263093650341,0,0.9743401873856784,10,15,4,0,D S,Real Sociedad,0,0.2481263093650341,5.053537666797638,4.189485721290112,La Liga,2021-2022
5066,David Timor,7,333,0,0.2382859978824854,0,0.0158018991351127,8,1,2,0,M S,Getafe,0,0.2382859978824854,0.3693339005112648,0.3052219040691852,La Liga,2021-2022
5073,Florian Lejeune,30,2700,0,1.1048721629194915,0,0.1077867280691862,22,5,7,1,D,Alaves,0,1.1048721629194915,3.891464160289616,3.86818652972579,La Liga,2021-2022
5075,Rubén Peña,7,115,0,0.2136700004339218,0,0.9443620145320892,3,2,1,0,M S,Villarreal,0,0.2136700004339218,2.33050374686718,1.172472819685936,La Liga,2021-2022
5101,Carlos Clerc,19,1528,0,0.1055657006800174,0,0.876638300716877,2,11,6,0,D S,Levante,0,0.1055657006800174,2.886090822517872,2.300730593502521,La Liga,2021-2022
5109,Rui Silva,22,1964,0,0.0,0,0.0,0,0,2,0,GK S,Real Betis,0,0.0,3.156215368770063,3.156215368770063,La Liga,2021-2022
5124,Alberto Rodríguez,5,235,0,0.0,0,0.0336222015321254,0,1,1,0,D S,Alaves,0,0.0,0.0336222015321254,0.0,La Liga,2021-2022
5130,Fran Mérida,10,262,0,0.1371535593643784,0,0.200689478777349,4,4,2,0,M S,Espanyol,0,0.1371535593643784,0.6328348107635975,0.5245569823309779,La Liga,2021-2022
5134,Óscar Melendo,21,1005,0,0.5069438964128494,0,1.2825016723945737,8,18,0,0,F M S,Espanyol,0,0.5069438964128494,5.503653610125184,4.290976628661156,La Liga,2021-2022
5136,Estupiñán,28,1571,0,0.8332497030496597,1,3.093138981610537,14,13,3,0,D S,Villarreal,0,0.8332497030496597,11.31069670803845,8.163488669320941,La Liga,2021-2022
5141,Unai García,18,1402,0,0.3105439059436321,0,0.0786875002086162,7,3,5,0,D S,Osasuna,0,0.3105439059436321,0.4576648045331239,0.4232889078557491,La Liga,2021-2022
5153,Kévin Rodrigues,13,431,0,0.0712618986144661,0,0.068568498827517,4,3,0,0,D M S,Rayo Vallecano,0,0.0712618986144661,0.8097551874816418,0.6906647980213165,La Liga,2021-2022
5162,Nacho Vidal,35,2914,0,1.102978704497218,1,2.3355553979054093,20,20,9,0,D S,Osasuna,0,1.102978704497218,7.93901620991528,5.460336413234472,La Liga,2021-2022
5172,Juan Pérez,2,180,0,0.0,0,0.0,0,0,0,0,GK,Osasuna,0,0.0,0.0070744599215686,0.0070744599215686,La Liga,2021-2022
5178,Antonio Moya,28,1392,0,0.9262001663446426,1,2.493540793657303,12,23,2,0,M S,Alaves,0,0.9262001663446426,2.312203816138208,1.1510144835337996,La Liga,2021-2022
5185,Unai Simón,34,3060,0,0.0,0,0.012466300278902,0,1,3,0,GK,Athletic Club,0,0.0,3.4091313891112804,3.396665375679732,La Liga,2021-2022
5198,Martín Aguirregabiria,24,1624,0,0.1670932518318295,1,0.6223430093377829,4,14,4,0,D M S,Alaves,0,0.1670932518318295,3.4999521300196648,2.9717942187562585,La Liga,2021-2022
5199,Raba,9,88,0,0.0,0,0.4202788081020117,0,4,1,0,S,"Granada,Villarreal",0,0.0,0.4434779062867164,0.1333248987793922,La Liga,2021-2022
5234,Jesús Vallejo,5,343,0,0.0,0,0.0208266992121934,0,1,1,0,D S,Real Madrid,0,0.0,1.079172695055604,1.079172695055604,La Liga,2021-2022
5642,Erick Cabaco,10,408,0,0.0945354029536247,1,0.5341807082295418,1,2,1,1,D S,Getafe,0,0.0945354029536247,0.2350092064589262,0.2182592060416937,La Liga,2021-2022
5666,Mouctar Diakhaby,29,1937,0,0.5874189073219895,1,0.2119079995900392,8,4,11,0,D M S,Valencia,0,0.5874189073219895,2.140602871775627,1.9362230598926544,La Liga,2021-2022
6075,Antonio Sivera,4,276,0,0.0,0,0.0,0,0,1,0,GK S,Alaves,0,0.0,0.5626061856746674,0.5626061856746674,La Liga,2021-2022
6083,Ludwig Augustinsson,19,778,0,0.2420016042888164,1,0.7400742061436176,4,9,3,0,D M S,Sevilla,0,0.2420016042888164,1.583624835126102,1.2493365416303277,La Liga,2021-2022
6102,Landry Dimata,17,522,0,1.5812489166855812,0,0.5213160067796707,8,5,0,0,F S,Espanyol,0,1.5812489166855812,1.8495332300662997,0.4461876153945923,La Liga,2021-2022
6120,Bono,31,2790,0,0.0,2,0.3494524899870157,0,2,2,0,GK,Sevilla,0,0.0,3.373800318688154,3.0243479162454605,La Liga,2021-2022
6126,Ander Guevara,17,878,0,0.0758244004100561,0,0.2479314990341663,2,6,2,0,M S,Real Sociedad,0,0.0758244004100561,2.804378790780902,2.591943392530084,La Liga,2021-2022
6149,Unai Núñez,9,621,0,0.6969150900840759,0,0.0837750006467104,6,2,2,0,D S,Athletic Club,0,0.6969150900840759,1.4831677116453648,1.4831677116453648,La Liga,2021-2022
6151,Djené Dakonam,35,3122,0,0.1892748977988958,1,0.5998236052691936,4,10,11,1,D,Getafe,0,0.1892748977988958,3.534019666723907,3.428481557406485,La Liga,2021-2022
6152,Álvaro Jiménez,9,214,0,0.1027091965079307,0,0.0695519000291824,3,2,0,0,M S,Cadiz,0,0.1027091965079307,0.1311632990837097,0.0614118985831737,La Liga,2021-2022
6164,Andrés Guardado,28,1390,0,0.875234505161643,1,0.4104835065081715,15,10,4,0,D M S,Real Betis,0,0.875234505161643,6.030519865453243,5.339098330587149,La Liga,2021-2022
6215,Sergio Postigo,13,847,0,0.0954204015433788,0,0.1729826973751187,2,3,3,0,D S,Levante,0,0.0954204015433788,1.5309309903532269,1.5153199974447489,La Liga,2021-2022
6216,Chema Rodríguez,1,52,0,0.0232462007552385,0,0.0237735994160175,1,1,1,0,M,Getafe,0,0.0232462007552385,0.0470197983086109,0.0,La Liga,2021-2022
6224,Marko Dmitrovic,6,540,0,0.0,0,0.0,0,0,0,0,GK,Sevilla,0,0.0,1.4724800419062376,1.4724800419062376,La Liga,2021-2022
6241,Federico Valverde,31,1829,0,1.1346686938777566,1,2.149522302672267,34,24,2,0,D F M S,Real Madrid,0,1.1346686938777566,12.15409561432898,10.313000759109856,La Liga,2021-2022
6243,Jonás Ramalho,3,251,0,0.0323708988726139,0,0.0,2,0,0,0,D,Osasuna,0,0.0323708988726139,0.0798455998301506,0.0798455998301506,La Liga,2021-2022
6269,Luca Zidane,8,645,0,0.0,0,0.0,0,0,0,1,GK,Rayo Vallecano,0,0.0,0.9752106051892042,0.9752106051892042,La Liga,2021-2022
6325,Andoni Gorosabel,32,2301,0,0.4932372020557523,4,2.5901921335607767,11,21,4,0,D M S,Real Sociedad,0,0.4932372020557523,6.514902064576745,4.117644507437944,La Liga,2021-2022
6396,Jordi Mboula,11,432,0,0.4385470002889633,0,0.0972505994141101,5,3,2,0,F M S,Mallorca,0,0.4385470002889633,1.0501933824270964,0.8561213836073875,La Liga,2021-2022
6427,Aitor Ruibal,19,842,0,1.4689486138522625,0,1.2106070090085268,20,11,6,0,D M S,Real Betis,0,1.4689486138522625,3.309092352166772,1.340215602889657,La Liga,2021-2022
6567,Jonathan Silva,9,198,0,0.0200082994997501,0,0.0853240974247455,1,2,4,0,D S,Getafe,0,0.0200082994997501,0.1554249972105026,0.1184922978281974,La Liga,2021-2022
6570,Óscar Rodríguez,29,1359,0,2.000391519628465,1,1.6335410187020898,39,16,3,0,F M S,"Getafe,Sevilla",0,2.000391519628465,7.767603300511837,5.154350647702813,La Liga,2021-2022
6750,Gonzalo Villar,10,269,0,0.290283989161253,1,0.3321569859981537,2,1,0,0,M S,Getafe,0,0.290283989161253,0.7769708726555109,0.4866868834942579,La Liga,2021-2022
6916,Fernando Calero,16,1099,0,0.090234100818634,0,0.0987896006554365,1,2,3,0,D S,Espanyol,0,0.090234100818634,3.136921029537916,3.1203950457274914,La Liga,2021-2022
6930,Néstor Araújo,34,2617,0,0.2325696973130107,0,0.1294150985777378,8,2,4,0,D S,Celta Vigo,0,0.2325696973130107,5.032074297778308,4.772725686430931,La Liga,2021-2022
6932,Okay Yokuslu,19,583,0,0.4316304009407758,0,0.0,6,0,1,0,D M S,"Celta Vigo,Getafe",0,0.4316304009407758,0.3096573017537594,0.293817101046443,La Liga,2021-2022
7019,Peru Nolaskoain,1,1,0,0.0,0,0.0,0,0,0,0,S,Athletic Club,0,0.0,0.0,0.0,La Liga,2021-2022
7079,Marcelo Saracchi,4,185,0,0.0,1,0.4476569890975952,0,6,2,0,D S,Levante,0,0.0,0.6915119886398315,0.2701267953962087,La Liga,2021-2022
7101,Martín Merquelanz,4,174,0,0.1213455982506275,0,1.0979869663715365,2,7,0,0,M S,Rayo Vallecano,0,0.1213455982506275,0.9989429861307144,0.5797909945249557,La Liga,2021-2022
7128,Carlos Akapo,25,1858,0,0.4070475939661264,0,0.3464030940085649,10,7,4,0,D M S,Cadiz,0,0.4070475939661264,1.7319843955338,1.5415608044713736,La Liga,2021-2022
7134,Marc Cucurella,1,18,0,0.144554004073143,0,0.0662050023674964,1,1,0,0,S,Getafe,0,0.144554004073143,0.2464520037174224,0.1018979996442794,La Liga,2021-2022
7155,Nikola Vukcevic,6,106,0,0.0084314197301864,0,0.0389399994164705,1,2,1,0,S,Levante,0,0.0084314197301864,0.981459530070424,0.9340880140662192,La Liga,2021-2022
7175,Näis Djouahra,7,201,0,0.2502439022064209,0,0.2977703027427196,5,4,0,0,M S,Real Sociedad,0,0.2502439022064209,0.689390204846859,0.3177080005407333,La Liga,2021-2022
7194,Andriy Lunin,2,180,0,0.0,0,0.0,0,0,0,0,GK,Real Madrid,0,0.0,0.2093673050403595,0.2093673050403595,La Liga,2021-2022
7251,Robert,4,124,0,0.1776014007627964,0,0.0,2,0,0,0,M S,Real Betis,0,0.1776014007627964,0.477984108030796,0.4395827054977417,La Liga,2021-2022
7286,Juan Miranda,13,782,0,0.2027362016960978,2,1.7824192717671394,6,7,2,0,D S,Real Betis,0,0.2027362016960978,3.3075254037976265,2.115754120051861,La Liga,2021-2022
7306,Aihen Muñoz,20,1343,0,0.1545488992705941,0,0.3127271067351103,7,6,2,1,D S,Real Sociedad,0,0.1545488992705941,2.270794078707695,2.134369971230626,La Liga,2021-2022
7330,Uros Racic,28,1169,0,0.9880660027265548,0,0.2522738818079233,16,5,1,1,M S,Valencia,0,0.9880660027265548,2.177790712565184,1.379451498389244,La Liga,2021-2022
7338,Bryan Gil Salvatierra,13,763,0,1.5470373090356588,1,1.3566898964345455,11,10,3,0,F M S,Valencia,0,1.5470373090356588,3.580253018066287,1.0962962955236435,La Liga,2021-2022
7354,Diego Lainez,7,130,0,0.0856084004044532,0,0.2436193004250526,1,3,0,0,M S,Real Betis,0,0.0856084004044532,0.4849958829581737,0.3280642963945865,La Liga,2021-2022
7355,Paul Akouokou,8,524,0,0.0552506987005472,0,0.1882313974201679,2,3,2,1,M S,Real Betis,0,0.0552506987005472,0.7254720963537693,0.5433120839297771,La Liga,2021-2022
7385,Javi Galán,37,3303,0,0.4412742569111287,3,1.9921726612374189,19,23,9,0,D,Celta Vigo,0,0.4412742569111287,8.636239961721003,7.223159093409777,La Liga,2021-2022
7424,Alex Sola,2,35,0,0.0882643014192581,0,0.0627110004425048,1,1,0,0,S,Real Sociedad,0,0.0882643014192581,0.150975301861763,0.0627110004425048,La Liga,2021-2022
7430,Emerson,3,89,0,0.0,0,0.0,0,0,0,0,D S,Barcelona,0,0.0,0.293846994638443,0.293846994638443,La Liga,2021-2022
7432,Reinildo,17,1305,0,0.2533860057592392,0,0.0852158982306718,2,3,5,0,D S,Atletico Madrid,0,0.2533860057592392,2.6172784082591534,2.5516461115330458,La Liga,2021-2022
7523,Javier Díaz,1,90,0,0.0,0,0.0,0,0,0,0,GK,Sevilla,0,0.0,0.3834849894046783,0.3834849894046783,La Liga,2021-2022
7529,Iván Martín,6,161,0,0.0390033014118671,0,0.0,1,0,0,0,M S,Alaves,0,0.0390033014118671,0.0862952023744583,0.0472919009625911,La Liga,2021-2022
7826,Joseph Aidoo,32,2648,0,0.2221590969711542,0,0.5558135025203228,6,5,1,0,D S,Celta Vigo,0,0.2221590969711542,4.631657788529992,4.568096796050668,La Liga,2021-2022
7836,Manolo Reina,21,1890,0,0.0,0,0.0,0,0,4,0,GK,Mallorca,0,0.0,1.767550192773342,1.767550192773342,La Liga,2021-2022
7837,Joan Sastre,7,255,0,0.0453193997964262,0,0.0,2,0,1,0,D S,Mallorca,0,0.0453193997964262,0.3463074117898941,0.3319669114425778,La Liga,2021-2022
7838,Martin Valjent,36,3183,0,0.3135232999920845,0,0.4681521952152252,10,6,4,0,D,Mallorca,0,0.3135232999920845,4.310011922381818,3.733486832119525,La Liga,2021-2022
7842,Aleix Febas,4,113,0,0.0,0,0.0921782031655311,0,1,1,0,M S,Mallorca,0,0.0,0.1363061033189296,0.1363061033189296,La Liga,2021-2022
7843,Lago Junior,6,157,0,0.6457214746624231,0,0.0,6,0,0,0,M S,Mallorca,0,0.6457214746624231,0.3039129022508859,0.0703833978623151,La Liga,2021-2022
7845,Aleksander Sedlar,10,395,0,0.0,0,0.0465827994048595,0,2,3,1,D S,Mallorca,0,0.0,0.6868251170963049,0.6402423158288002,La Liga,2021-2022
7856,Aridane Hernández,15,1156,0,0.0994268991053104,0,0.0726663991808891,2,2,1,0,D S,Osasuna,0,0.0994268991053104,1.2836886658333242,1.2836886658333242,La Liga,2021-2022
7859,Sergio Herrera,36,3240,0,0.0,0,0.0161438006907701,0,1,3,0,GK,Osasuna,0,0.0,1.857691077515483,1.841547099873424,La Liga,2021-2022
7862,Yan Eteki,12,319,0,0.0124827995896339,0,0.0134966000914573,1,1,3,0,M S,Granada,0,0.0124827995896339,0.6012754971161485,0.5877785021439195,La Liga,2021-2022
7864,Carlos Neva,26,2124,0,1.021788620389998,0,0.9545627925544976,6,13,1,0,D S,Granada,0,1.021788620389998,3.482355894520879,1.817727115936577,La Liga,2021-2022
7888,Nemanja Gudelj,21,1026,0,0.1530565004795789,0,0.0939347017556428,4,2,5,0,D M S,Sevilla,0,0.1530565004795789,1.3556774035096169,1.2961079888045788,La Liga,2021-2022
7893,Héctor Herrera,21,832,0,0.2988679921254515,0,0.5982242943719029,8,10,4,0,M S,Atletico Madrid,0,0.2988679921254515,2.7618050444871187,2.3926545549184084,La Liga,2021-2022
7905,Fede San Emeterio,12,853,0,0.0,0,0.6051832884550095,0,3,3,0,M S,Cadiz,0,0.0,1.859764540567994,1.6173135433346033,La Liga,2021-2022
8042,Raul García,1,1,0,0.0,0,0.0,0,0,0,0,S,Real Betis,0,0.0,0.0,0.0,La Liga,2021-2022
8045,Eric Garcia,26,2053,0,0.431579795666039,0,0.1183641031384468,6,4,5,1,D S,Barcelona,0,0.431579795666039,12.205468721687794,12.10722578316927,La Liga,2021-2022
8058,Thierry Correia,19,1441,0,0.3782728062942624,1,1.1281057875603435,3,8,5,0,D M S,Valencia,0,0.3782728062942624,4.372700920328498,2.970443120226264,La Liga,2021-2022
8086,Víctor Gómez,1,1,0,0.0,0,0.0,0,0,0,0,S,Espanyol,0,0.0,0.0,0.0,La Liga,2021-2022
8108,Daniel Cárdenas,24,2160,0,0.0,0,0.0170316006988286,0,1,3,0,GK,Levante,0,0.0,2.6851897966116667,2.6681580990552902,La Liga,2021-2022
8183,Pablo Martínez,13,662,0,0.3409243011847138,1,1.002152070403099,11,6,2,0,M S,Levante,0,0.3409243011847138,2.060405161231756,0.7654029857367277,La Liga,2021-2022
8230,German Valera,3,41,0,0.0214904993772506,0,0.0,1,0,0,0,S,Real Sociedad,0,0.0214904993772506,0.1207079961895942,0.0992174968123436,La Liga,2021-2022
8329,Unai Vencedor,34,2418,0,0.8061731029301882,0,0.6651333048939705,20,15,4,0,M S,Athletic Club,0,0.8061731029301882,8.740867150947452,7.817628216929734,La Liga,2021-2022
8409,Juanlu Sanchez,1,3,0,0.0,0,0.0,0,0,1,0,S,Sevilla,0,0.0,0.0,0.0,La Liga,2021-2022
8413,Javier López,9,454,0,0.0,0,0.2122365981340408,0,4,2,0,D S,Alaves,0,0.0,0.3762516975402832,0.1640151031315326,La Liga,2021-2022
8420,Monchu,14,668,0,0.3335777018219232,0,0.7692420184612274,8,3,3,1,M S,Granada,0,0.3335777018219232,2.042527706362307,1.1197888860478995,La Liga,2021-2022
8423,Jon Pacheco Dozagarat,10,366,0,0.0,0,0.0,0,0,1,0,D S,Real Sociedad,0,0.0,1.6508411429822445,1.6508411429822445,La Liga,2021-2022
8433,José Manuel Fontán,9,270,0,0.0724601000547409,0,0.0718604028224945,1,1,3,0,D S,Celta Vigo,0,0.0724601000547409,0.1535233929753303,0.0092028900980949,La Liga,2021-2022
8499,Daniel Villahermosa,1,19,0,0.0,0,0.0,0,0,0,0,S,Espanyol,0,0.0,0.0,0.0,La Liga,2021-2022
8513,Miguel Gutiérrez,3,266,0,0.0,1,0.4073595032095909,0,3,1,0,D,Real Madrid,0,0.0,2.376026034355164,1.968672059476376,La Liga,2021-2022
8542,Unai Dufur,1,90,0,0.0313965007662773,0,0.0,1,0,0,0,D,Osasuna,0,0.0313965007662773,0.1123389974236488,0.1123389974236488,La Liga,2021-2022
8576,Koba Koindredi,10,163,0,0.0239861998707056,0,0.1035482995212078,1,2,1,0,M S,Valencia,0,0.0239861998707056,0.2209355980157852,0.1173872984945774,La Liga,2021-2022
8586,Nikita Iosifov,1,1,0,0.0,0,0.0,0,0,0,0,S,Villarreal,0,0.0,0.0,0.0,La Liga,2021-2022
8710,Renato Tapia,29,1397,0,0.6877123033627868,0,0.1382980905473232,12,4,10,0,M S,Celta Vigo,0,0.6877123033627868,3.525611043907702,3.222653981298208,La Liga,2021-2022
8711,Miguel Baeza,1,1,0,0.0,0,0.0,0,0,0,0,S,Celta Vigo,0,0.0,0.0,0.0,La Liga,2021-2022
8713,Gabriel Veiga,7,94,0,0.0282917004078626,0,0.0203577000647783,2,1,0,0,S,Celta Vigo,0,0.0282917004078626,0.5999964773654938,0.5683550238609314,La Liga,2021-2022
8726,Alberto Soro,16,560,0,0.6769711887463927,0,0.8560107927769423,7,8,0,0,F M S,Granada,0,0.6769711887463927,1.8554510036483407,0.774143778719008,La Liga,2021-2022
8727,Jon Morcillo,7,42,0,0.4036960005760193,0,0.0,1,0,2,0,S,Athletic Club,0,0.4036960005760193,0.4036960005760193,0.0,La Liga,2021-2022
8731,Isaac Carcelén,25,1538,0,0.3274248959496617,1,0.9016636833548546,11,10,2,0,D M S,Cadiz,0,0.3274248959496617,3.254132285714149,2.882728591561317,La Liga,2021-2022
8732,Marcos Mauro,3,132,0,0.0,0,0.0,0,0,1,0,D S,Cadiz,0,0.0,0.0,0.0,La Liga,2021-2022
8737,Jens Jonsson,22,1338,0,0.2973724007606506,1,0.9310518745332956,6,8,3,0,M S,Cadiz,0,0.2973724007606506,0.7192298993468285,0.3375899940729141,La Liga,2021-2022
8741,Fali,28,1826,0,0.677207101136446,2,1.5724328979849815,14,7,6,0,D M S,Cadiz,0,0.677207101136446,2.2142878212034702,1.1310498900711536,La Liga,2021-2022
8744,Juan Cruz,23,1939,0,0.1629590019583702,0,0.0281878993846476,3,3,4,0,D S,Osasuna,0,0.1629590019583702,0.9838471971452236,0.8817285001277924,La Liga,2021-2022
8750,Rodrigo Battaglia,26,1158,0,0.2722565941512584,0,0.1011228011921048,5,3,4,0,M S,Mallorca,0,0.2722565941512584,2.4618263114243746,2.3272742070257664,La Liga,2021-2022
8765,Roberto Navarro,6,206,0,0.4959949068725109,0,0.0582398995757103,7,1,0,0,F M S,Real Sociedad,0,0.4959949068725109,0.6038888953626156,0.1784086003899574,La Liga,2021-2022
8849,Alberto Perea,18,766,0,1.1785377990454435,1,0.7784175984561443,17,12,2,0,M S,Cadiz,0,1.1785377990454435,2.27219831943512,0.9461704976856709,La Liga,2021-2022
8890,Edgar Badía,24,2160,0,0.0,0,0.0,0,0,2,0,GK,Elche,0,0.0,1.6923947874456644,1.6923947874456644,La Liga,2021-2022
8891,Gonzalo Verdú,19,1397,0,0.1293543018400669,0,0.0,3,0,10,0,D S,Elche,0,0.1293543018400669,2.243387009948492,2.243387009948492,La Liga,2021-2022
8892,Josema,6,174,0,0.0,0,0.0840644985437393,0,1,0,0,D S,Elche,0,0.0,0.1052713990211486,0.1052713990211486,La Liga,2021-2022
8894,Raúl Guti,31,1617,0,1.1254021050408485,0,0.4013882940635085,18,10,2,1,M S,Elche,0,1.1254021050408485,5.505822837352753,4.484333178028464,La Liga,2021-2022
8949,Jeremías Ledesma,38,3420,0,0.0304568000137805,0,0.0394214000552892,1,2,4,0,GK,Cadiz,0,0.0304568000137805,1.1737990099936724,1.10392080899328,La Liga,2021-2022
8969,Florentino Luís,22,969,0,0.058508601039648,1,0.3305617989972234,3,9,2,0,M S,Getafe,0,0.058508601039648,1.5033290274441242,1.1577147133648396,La Liga,2021-2022
8972,Victor Chust,25,1827,0,0.5800779014825821,0,0.0,9,0,2,0,D S,Cadiz,0,0.5800779014825821,1.930594461038709,1.9196321610361335,La Liga,2021-2022
8979,Sergiño Dest,21,1520,0,1.5507133025676012,3,2.850930977612734,12,18,2,0,D F S,Barcelona,0,1.5507133025676012,10.17777343466878,6.136438924819231,La Liga,2021-2022
9011,Óscar Mingueza,19,887,0,0.1122114993631839,1,1.1939239874482157,2,9,2,0,D S,Barcelona,0,0.1122114993631839,4.936494458466768,4.317841459065676,La Liga,2021-2022
9033,Iván Marcone,20,807,0,0.1000408008694648,0,0.0,2,0,5,0,M S,Elche,0,0.1000408008694648,2.571495075710118,2.471454375423491,La Liga,2021-2022
9078,Sergio Santos,1,9,0,0.0,0,0.121128998696804,0,1,0,0,S,Real Madrid,0,0.0,0.3925119936466217,0.3925119936466217,La Liga,2021-2022
9110,Sergio Barcia,1,76,0,0.0,0,0.0,0,0,0,0,D,Granada,0,0.0,0.0,0.0,La Liga,2021-2022
9111,Isma Ruiz,8,277,0,0.0783387999981641,0,0.1240660957992076,4,2,1,0,M S,Granada,0,0.0783387999981641,0.9092112127691508,0.8364811819046736,La Liga,2021-2022
9160,Matthew Hoppe,5,121,0,0.0747784990817308,1,0.1209600986912846,2,3,0,0,F S,Mallorca,0,0.0747784990817308,0.3053775103762746,0.2703680098056793,La Liga,2021-2022
9199,John Donald,2,180,0,0.3462350070476532,0,0.0505056008696556,2,2,0,0,D,Elche,0,0.3462350070476532,0.5128873027861118,0.4623813070356846,La Liga,2021-2022
9211,Nico Williams,34,1299,0,3.313005317002535,0,1.374165391549468,33,16,4,0,M S,Athletic Club,0,3.313005317002535,7.39544767793268,3.236501126550138,La Liga,2021-2022
9214,Carlo Adriano García,1,5,0,0.0,0,0.0,0,0,0,0,S,Villarreal,0,0.0,0.0,0.0,La Liga,2021-2022
9217,Jesús Vázquez,15,806,0,0.3571523949503898,0,0.1727724988013506,4,6,0,0,D M S,Valencia,0,0.3571523949503898,1.3264091722667215,0.8416371867060661,La Liga,2021-2022
9218,Juan Iglesias,20,695,0,0.0722378995269537,1,0.8717759819701314,5,8,1,0,D S,Getafe,0,0.0722378995269537,1.479103892110288,0.6663883086293936,La Liga,2021-2022
9243,Ilaix Moriba,14,820,0,0.6496070865541697,0,0.4239870011806488,14,2,6,1,M S,Valencia,0,0.6496070865541697,1.8473355546593664,1.2027189284563065,La Liga,2021-2022
9268,Koffi,3,70,0,0.0208206009119749,1,0.0986279025673866,1,1,0,0,M S,Getafe,0,0.0208206009119749,0.1433849930763244,0.0447576008737087,La Liga,2021-2022
9275,Iván Romero,5,178,0,0.614471971988678,0,0.0,2,0,0,0,F S,Sevilla,0,0.614471971988678,0.614471971988678,0.0,La Liga,2021-2022
9280,Antonio Blanco,1,29,0,0.0,0,0.0,0,0,0,0,S,Real Madrid,0,0.0,0.5246180295944214,0.5246180295944214,La Liga,2021-2022
9305,Augusto Solari,26,685,0,0.2529571009799838,0,0.7371306791901588,7,5,5,0,M S,Celta Vigo,0,0.2529571009799838,3.065954024903476,2.095324754714966,La Liga,2021-2022
9324,Facundo Pellistri,21,636,0,0.5059835929423571,0,0.33521300368011,7,6,0,0,F M S,Alaves,0,0.5059835929423571,1.1089470963925123,0.3314249087125063,La Liga,2021-2022
9340,Helibelton Palacios,26,1926,0,0.0280217994004488,0,0.1685448940843343,1,7,6,0,D S,Elche,0,0.0280217994004488,3.047272147610784,2.867421548813581,La Liga,2021-2022
9403,Raúl Torrente,18,1275,0,0.1648143958300352,0,0.1893215999007225,4,4,5,0,D S,Granada,0,0.1648143958300352,2.9757716692984104,2.837651450186968,La Liga,2021-2022
9465,Beñat Turrientes,8,201,0,0.3281065970659256,0,0.1065608989447355,7,3,1,0,M S,Real Sociedad,0,0.3281065970659256,0.8347783833742142,0.4855150133371353,La Liga,2021-2022
9496,Alejandro Cantero,25,577,0,2.125063482671976,1,0.5596913993358612,15,3,1,0,F M S,Levante,0,2.125063482671976,4.000779842957854,1.418714202940464,La Liga,2021-2022
9519,Carlos Domínguez,8,338,0,0.0666477009654045,0,0.0,1,0,1,0,D S,Celta Vigo,0,0.0666477009654045,0.1103690043091774,0.1103690043091774,La Liga,2021-2022
9520,Hugo Sotelo,1,1,0,0.0,0,0.0,0,0,0,0,S,Celta Vigo,0,0.0,0.0,0.0,La Liga,2021-2022
9534,Álvaro Bastida,6,199,0,0.0,0,0.0,0,0,1,0,M S,Cadiz,0,0.0,0.052548099309206,0.052548099309206,La Liga,2021-2022
9693,Giorgi Mamardashvili,18,1620,0,0.0,0,0.0,0,0,2,0,GK,Valencia,0,0.0,0.8463422935456038,0.8463422935456038,La Liga,2021-2022
9697,José Macías,7,184,0,0.1697237994521856,0,0.0,4,0,1,0,F S,Getafe,0,0.1697237994521856,0.1697237994521856,0.0,La Liga,2021-2022
9698,Diego Conde,1,5,0,0.0,0,0.0,0,0,0,0,S,Getafe,0,0.0,0.0,0.0,La Liga,2021-2022
9755,Inigo Ruiz de Galarreta,22,1409,0,0.3677795976400375,0,0.8180030873045325,8,11,4,0,M S,Mallorca,0,0.3677795976400375,3.897816866636276,3.185902263969183,La Liga,2021-2022
9756,Dominik Greif,1,90,0,0.0,0,0.0,0,0,0,0,GK,Mallorca,0,0.0,0.0,0.0,La Liga,2021-2022
9759,José Manuel Calderón,1,65,0,0.0,0,0.1654890030622482,0,1,0,0,S,Real Betis,0,0.0,0.3050979971885681,0.1658989936113357,La Liga,2021-2022
9761,Tomás Alarcón,23,1416,0,1.1230722162872553,1,1.041465312242508,15,14,5,0,M S,Cadiz,0,1.1230722162872553,1.5122842900454998,0.9100229032337666,La Liga,2021-2022
9762,Milutin Osmajic,10,238,0,0.2929653003811836,0,0.0,4,0,0,0,F S,Cadiz,0,0.2929653003811836,0.2929653003811836,0.0,La Liga,2021-2022
9763,Iván Chapela,9,393,0,0.1095083989202976,0,0.1186611019074916,3,2,0,0,M S,Cadiz,0,0.1095083989202976,0.7100573033094406,0.5447284858673811,La Liga,2021-2022
9764,Martín Calderón,6,101,0,0.0654579997062683,0,0.0175091996788978,2,1,1,0,M S,Cadiz,0,0.0654579997062683,0.079068899154663,0.049669399857521,La Liga,2021-2022
9765,Enric Franquesa,16,607,0,0.0348781011998653,0,0.1498594954609871,1,3,1,0,D M S,Levante,0,0.0348781011998653,0.856688592582941,0.7430103905498981,La Liga,2021-2022
9768,Jesús Areso,3,189,0,0.0,0,0.0484401993453502,0,1,1,0,D S,Osasuna,0,0.0,0.3255899995565414,0.277149997651577,La Liga,2021-2022
9769,Barbero,6,13,0,0.0,0,0.0,0,0,0,0,S,Osasuna,0,0.0,0.006403159815818,0.006403159815818,La Liga,2021-2022
9771,Óscar Gil,22,1712,0,0.217764500528574,2,2.5560021018609405,6,16,7,0,D S,Espanyol,0,0.217764500528574,5.974946215748787,4.161882679909468,La Liga,2021-2022
9772,Gori,1,6,0,0.0,0,0.0761298984289169,0,1,1,0,S,Espanyol,0,0.0,0.0761298984289169,0.0,La Liga,2021-2022
9773,Joan García,2,107,0,0.0,0,0.0,0,0,0,0,GK S,Espanyol,0,0.0,0.0302172992378473,0.0302172992378473,La Liga,2021-2022
9775,Saul García,1,2,0,0.0,0,0.0,0,0,0,0,S,Alaves,0,0.0,0.0,0.0,La Liga,2021-2022
9793,Matías Dituro,38,3420,0,0.0439242012798786,0,0.0436379984021186,1,1,1,0,GK,Celta Vigo,0,0.0439242012798786,4.0307887475937605,3.9871507566422224,La Liga,2021-2022
9795,Javier Serrano,5,64,0,0.0,0,0.0,0,0,1,1,M S,Atletico Madrid,0,0.0,0.2290270030498504,0.2290270030498504,La Liga,2021-2022
9796,Giuliano Simeone,1,1,0,0.0,0,0.0,0,0,0,0,S,Atletico Madrid,0,0.0,0.0,0.0,La Liga,2021-2022
9803,Yusuf Demir,6,194,0,0.0391535982489585,0,0.0,1,0,0,0,F S,Barcelona,0,0.0391535982489585,0.4320497065782547,0.3928957134485245,La Liga,2021-2022
9805,Álex Balde,5,179,0,0.0377685986459255,0,0.0333201996982097,1,1,0,0,D S,Barcelona,0,0.0377685986459255,0.0710887983441352,0.0,La Liga,2021-2022
9808,Pedro Ortiz,1,1,0,0.617048978805542,0,0.4756140112876892,1,1,0,0,S,Sevilla,0,0.617048978805542,1.1740800142288208,1.1740800142288208,La Liga,2021-2022
9809,José Ángel Carmona,1,22,0,0.0,0,0.0,0,0,0,0,S,Sevilla,0,0.0,0.0,0.0,La Liga,2021-2022
9811,Óscar Valentín,35,2606,0,1.262782011181116,0,1.0618453994393349,11,15,8,0,M S,Rayo Vallecano,0,1.262782011181116,5.973939219489694,5.620299715548754,La Liga,2021-2022
9814,Andrés Martín,7,167,0,0.8749693855643272,0,0.0,5,0,0,0,F S,Rayo Vallecano,0,0.8749693855643272,0.9105753861367702,0.035606000572443,La Liga,2021-2022
9816,Yacine Qasmi,1,1,0,0.0,0,0.0,0,0,0,0,S,Rayo Vallecano,0,0.0,0.0,0.0,La Liga,2021-2022
9817,Esteban Saveljich,21,1727,0,0.5659528039395809,0,0.0073997802101075,9,1,4,0,D,Rayo Vallecano,0,0.5659528039395809,0.9910614155232906,0.9836616106331348,La Liga,2021-2022
9822,Luis Abram,8,571,0,0.3681686893105507,0,0.0,2,0,2,0,D S,Granada,0,0.3681686893105507,0.3069607065990567,0.3069607065990567,La Liga,2021-2022
9824,Julen Agirrezabala,4,360,0,0.0,0,0.0,0,0,0,0,GK,Athletic Club,0,0.0,0.1048934012651443,0.1048934012651443,La Liga,2021-2022
9838,Josep Gayá,1,60,0,0.0,0,0.0,0,0,0,0,D,Mallorca,0,0.0,0.0,0.0,La Liga,2021-2022
9839,Leo Román,2,180,0,0.0,0,0.0,0,0,0,0,GK,Mallorca,0,0.0,0.0429989993572235,0.0429989993572235,La Liga,2021-2022
9847,Luís Maximiano,35,3138,0,0.0,0,0.0,0,0,2,0,GK,Granada,0,0.0,1.79647524561733,1.79647524561733,La Liga,2021-2022
9897,Gonzalo Montiel,18,1075,0,0.2663545999675989,2,1.7949325181543827,4,11,7,0,D S,Sevilla,0,0.2663545999675989,4.607640419155359,3.5156369246542454,La Liga,2021-2022
9918,Alex Petxarromán,17,369,0,0.1182460971176624,0,0.3259249925613403,2,1,4,0,D S,Athletic Club,0,0.1182460971176624,1.9531538989394903,1.8741178940981629,La Liga,2021-2022
9938,Jaume Grau,1,1,0,0.0,0,0.0,0,0,0,0,S,Osasuna,0,0.0,0.0,0.0,La Liga,2021-2022
9968,Nikola Maras,16,1038,0,0.0444451011717319,0,0.0620274990797042,1,3,4,0,D S,Rayo Vallecano,0,0.0444451011717319,0.74595439247787,0.7264905925840139,La Liga,2021-2022
9976,Lluís Recasens,1,41,0,0.0,0,0.0,0,0,0,0,S,Espanyol,0,0.0,0.0,0.0,La Liga,2021-2022
10010,Jesús Owono,1,90,0,0.0,0,0.0,0,0,0,0,GK,Alaves,0,0.0,0.0,0.0,La Liga,2021-2022
10014,Cristo Romero,1,13,0,0.0115769999101758,0,0.0992174968123436,1,1,0,0,S,Real Sociedad,0,0.0115769999101758,0.0992174968123436,0.0,La Liga,2021-2022
10024,Cristhian Mosquera,6,215,0,0.4779880046844482,0,0.0,1,0,1,0,D S,Valencia,0,0.4779880046844482,0.0650719031691551,0.0650719031691551,La Liga,2021-2022
10037,Pedro Benito,1,26,0,0.0,0,0.0,0,0,0,0,S,Cadiz,0,0.0,0.0,0.0,La Liga,2021-2022
10038,Raúl Parra,2,88,0,0.0,0,0.0,0,0,0,0,D S,Cadiz,0,0.0,0.0586092993617057,0.0586092993617057,La Liga,2021-2022
10048,Nicolas Jackson,9,145,0,0.813447704538703,0,0.7375730276107788,5,3,1,0,S,Villarreal,0,0.813447704538703,1.606246730312705,0.2561966981738806,La Liga,2021-2022
10067,Rubén Sánchez,4,146,0,0.0126735996454954,1,0.3619619905948639,1,1,0,0,D S,Espanyol,0,0.0126735996454954,0.393998010084033,0.0193629991263151,La Liga,2021-2022
10078,Hugo Álvarez,1,9,0,0.1347309947013855,0,0.0,1,0,0,0,S,Celta Vigo,0,0.1347309947013855,0.1347309947013855,0.0,La Liga,2021-2022
10096,Álvaro Sanz,2,25,0,0.0,0,0.0189612992107868,0,1,0,0,S,Barcelona,0,0.0,0.0878583006560802,0.0878583006560802,La Liga,2021-2022
10101,Carlos Martín,1,1,0,0.0,0,0.0,0,0,1,0,S,Atletico Madrid,0,0.0,0.0,0.0,La Liga,2021-2022
10104,Adrián Butzke,1,1,0,0.0,0,0.0,0,0,0,0,S,Granada,0,0.0,0.0,0.0,La Liga,2021-2022
10121,Ilias Akhomach,2,127,0,0.1785324960947036,0,0.3144033066928386,4,4,0,0,F,Barcelona,0,0.1785324960947036,1.093043014407158,0.7893766164779663,La Liga,2021-2022
10128,Javi Llabrés,5,120,0,0.1031032018363475,0,0.163021394982934,5,3,0,0,M S,Mallorca,0,0.1031032018363475,0.330202005803585,0.0907787010073661,La Liga,2021-2022
10155,Rubén Iranzo,4,132,0,0.0260122008621692,0,0.0,1,0,2,0,D S,Valencia,0,0.0260122008621692,0.1148279979825019,0.1148279979825019,La Liga,2021-2022
10163,Luismi Cruz,2,10,0,0.0,0,0.0,0,0,0,0,S,Sevilla,0,0.0,0.5437589883804321,0.5437589883804321,La Liga,2021-2022
10181,Alex Tirlea,1,12,0,0.0,0,0.0,0,0,0,0,S,Alaves,0,0.0,0.0,0.0,La Liga,2021-2022
10188,Peter,3,20,0,0.3428590074181556,0,0.1711983010172844,2,2,0,0,S,Real Madrid,0,0.3428590074181556,1.009887009859085,0.5622610151767731,La Liga,2021-2022
10189,Marc Pubill,11,494,0,0.9730324689298868,1,1.1680405037477612,6,6,1,0,D S,Levante,0,0.9730324689298868,3.161559180356562,1.2002764157950878,La Liga,2021-2022
10191,Valentino Fattore,1,1,0,0.0,0,0.0,0,0,0,0,S,Sevilla,0,0.0,0.0,0.0,La Liga,2021-2022
10209,Jofre Carreras,3,13,0,0.0,1,0.5122259855270386,0,2,0,0,S,Espanyol,0,0.0,0.7971600294113159,0.2849340140819549,La Liga,2021-2022
10213,Álvaro Aguirre,1,8,0,0.0,0,0.0,0,0,0,0,S,Rayo Vallecano,0,0.0,0.0,0.0,La Liga,2021-2022
10221,Tomás Mendes,1,7,0,0.0,0,0.0,0,0,0,0,S,Alaves,0,0.0,0.0,0.0,La Liga,2021-2022
10222,Estanis Pedrola,1,10,0,0.0,0,0.0,0,0,0,0,S,Barcelona,0,0.0,0.0,0.0,La Liga,2021-2022
10224,Mika Mármol,1,1,0,0.0,0,0.0,0,0,0,0,S,Barcelona,0,0.0,0.0,0.0,La Liga,2021-2022
10226,Omar Faraj,1,1,0,0.0,0,0.0,0,0,0,0,S,Levante,0,0.0,0.0,0.0,La Liga,2021-2022
10273,Iker Benito,4,114,0,0.0905409026890993,0,0.1238930001854896,3,1,1,0,M S,Osasuna,0,0.0905409026890993,0.2844572905451059,0.1939165964722633,La Liga,2021-2022
10320,Orbelín Pineda,7,83,0,0.3165593007579446,0,0.0560151003301143,5,1,0,0,S,Celta Vigo,0,0.3165593007579446,1.1028792718425393,0.7997279763221741,La Liga,2021-2022
10364,Nahuel Tenaglia,14,1072,0,0.1599382031708955,0,0.1708949021995067,6,3,2,0,D S,Alaves,0,0.1599382031708955,2.3307974487543106,2.083204425871372,La Liga,2021-2022
10382,Eray Cömert,8,414,0,0.4833494015038013,0,0.0521195009350776,3,1,2,0,D S,Valencia,0,0.4833494015038013,0.2343305051326751,0.1822110023349523,La Liga,2021-2022
10399,Juan Latasa,1,6,0,0.1094139963388443,0,0.0,1,0,0,0,S,Real Madrid,0,0.1094139963388443,0.0440067015588283,0.0440067015588283,La Liga,2021-2022
10401,Njegos Petrovic,15,915,0,0.4988011978566646,0,0.0723322732374072,9,2,5,0,M S,Granada,0,0.4988011978566646,2.060941381379962,1.866516715846956,La Liga,2021-2022
10402,Matías Arezo,8,144,0,0.7996697947382927,0,0.2159958072006702,5,6,1,0,F S,Granada,0,0.7996697947382927,1.0341513007879255,0.0756332362070679,La Liga,2021-2022
10435,Ander Martín,5,81,0,0.0704704001545906,0,0.0625010980293154,3,2,0,0,M S,Real Sociedad,0,0.0704704001545906,0.1191206984221935,0.0486502982676029,La Liga,2021-2022
10502,Alejandro Asensio,2,8,0,0.0358984991908073,0,0.0113401003181934,1,1,0,0,S,Rayo Vallecano,0,0.0358984991908073,0.1455538012087345,0.0983152016997337,La Liga,2021-2022
10561,Jesús Santiago,3,78,0,0.0,0,0.0,0,0,0,0,S,Valencia,0,0.0,0.0650719031691551,0.0650719031691551,La Liga,2021-2022
10562,Mario Dominguez,2,21,0,0.0,0,0.0,0,0,0,0,S,Valencia,0,0.0,0.0,0.0,La Liga,2021-2022
10577,Mario Gila,2,18,0,0.0,0,0.0,0,0,0,0,S,Real Madrid,0,0.0,0.0968521013855934,0.0968521013855934,La Liga,2021-2022
10590,Marc Urena,3,44,0,0.0,0,0.3772909939289093,0,1,2,0,S,Alaves,0,0.0,0.3772909939289093,0.0,La Liga,2021-2022
10601,Alejandro Primo,1,90,0,0.0,0,0.0,0,0,0,0,GK,Levante,0,0.0,0.0,0.0,La Liga,2021-2022
10618,Unai Ropero,1,10,0,0.0,0,0.0,0,0,0,0,S,Alaves,0,0.0,0.0,0.0,La Liga,2021-2022
10620,Luca Koleosho,1,1,0,0.0,0,0.0,0,0,0,0,S,Espanyol,0,0.0,0.0,0.0,La Liga,2021-2022
1209,Ciro Immobile,31,2731,27,22.364816416054964,2,2.5868874872103333,118,27,4,0,F,Lazio,20,15.51312769204378,20.60471131280065,4.54159916844219,Serie A,2021-2022
7084,Dusan Vlahovic,36,2948,24,18.232162565924227,3,3.117640297859907,119,29,4,0,F S,"Fiorentina,Juventus",19,13.664370813407004,19.07837056368589,5.176782550290227,Serie A,2021-2022
7006,Lautaro Martínez,35,2334,21,24.57045882754028,3,3.6040150886401534,118,28,6,0,F M S,Inter,18,20.002661837264892,24.541737204417583,5.153754536062479,Serie A,2021-2022
702,Tammy Abraham,37,3122,17,20.96668929792941,4,4.464711452834308,94,37,9,0,F S,Roma,14,18.68278823234141,20.72292594239116,2.7717350060120225,Serie A,2021-2022
1102,Giovanni Simeone,36,2690,17,11.9894089223817,5,3.366605624556541,70,23,8,0,F S,"Cagliari,Verona",17,11.228109908290207,18.44293099269271,4.705601567402482,Serie A,2021-2022
6253,Gianluca Scamacca,36,2166,16,11.125879927538335,0,2.1559393731877208,79,25,7,0,F S,Sassuolo,15,10.364581308327615,15.934039829298854,5.106660965830088,Serie A,2021-2022
1612,Domenico Berardi,33,2867,15,12.496549953706564,15,9.718380948528647,110,83,9,0,F M,Sassuolo,9,7.928842243738472,23.20406873524189,10.173858169466255,Serie A,2021-2022
865,Marko Arnautovic,33,2712,14,15.744558840990068,1,3.620817095041275,91,43,6,0,F S,Bologna,12,13.460662811994553,18.33075999096036,5.762819492258132,Serie A,2021-2022
5322,Victor Osimhen,27,1983,14,12.61024273186922,2,2.2337573962286115,91,18,5,1,F S,Napoli,14,12.61024273186922,14.784393921494484,2.4785416275262837,Serie A,2021-2022
591,Gerard Deulofeu,34,2653,13,9.105165492743254,5,7.805356757715344,78,82,9,0,F M S,Udinese,12,8.343866478651762,16.60325688496232,5.253807193599641,Serie A,2021-2022
1134,Mario Pasalic,37,2021,13,10.01475265622139,6,5.651005703955889,50,39,3,0,F M S,Atalanta,13,10.01475265622139,18.69374257326126,5.48329041339457,Serie A,2021-2022
1253,Edin Dzeko,36,2478,13,16.463176418095827,5,4.338647693395615,87,37,2,0,F S,Inter,13,16.463176418095827,23.870775816962123,7.590861413627863,Serie A,2021-2022
1592,João Pedro,37,3330,13,12.936732159927487,4,3.6051437789574265,91,28,9,0,F,Cagliari,10,9.891542108729482,15.291696224361658,4.556440118700266,Serie A,2021-2022
4895,Andrea Pinamonti,36,2871,13,12.275352196767926,2,3.373107163235545,89,29,4,0,F S,Empoli,9,9.230156244710088,13.560798598453404,3.3956189434975386,Serie A,2021-2022
1170,Gianluca Caprari,35,2777,12,7.1541948756203055,7,6.8226932836696506,67,63,4,0,F M S,Verona,10,5.631596862338483,23.104433193802837,13.38076350092888,Serie A,2021-2022
502,Olivier Giroud,29,1927,11,11.489900324493648,3,2.901090707629919,63,26,4,0,F S,AC Milan,9,9.967302296310663,12.086555399000645,3.4983242135494947,Serie A,2021-2022
1384,Dries Mertens,30,1377,11,5.347360905259848,1,3.3490750901401043,45,33,2,0,F M S,Napoli,10,4.586061920970678,10.522610567510128,4.893699029460549,Serie A,2021-2022
1393,Lorenzo Insigne,32,2322,11,15.739551635459064,9,6.324579296633601,94,63,2,0,F M S,Napoli,2,5.842783646658063,14.984550166875124,7.264441855251789,Serie A,2021-2022
1543,Sergej Milinkovic-Savic,37,3121,11,8.492887605912983,11,7.113518685102463,75,52,4,1,M S,Lazio,11,8.492887605912983,18.03498783241957,11.111050514504312,Serie A,2021-2022
6208,Antonin Barak,29,2355,11,10.653817124664783,4,3.3490537218749523,51,28,4,0,F M S,Verona,7,7.608620129525661,16.00180507078767,8.335449521429837,Serie A,2021-2022
6980,Francesco Caputo,38,2964,11,11.48486315831542,6,4.324103958904743,58,43,1,0,F S,"Sampdoria,Sassuolo",11,10.723564144223928,16.39677121862769,3.2675846144557,Serie A,2021-2022
7193,Rafael Leão,34,2649,11,9.124194806441665,8,7.430774804204702,97,45,4,0,F M S,AC Milan,11,9.124194806441665,18.03145491331816,3.521644489839673,Serie A,2021-2022
9983,Beto,28,2180,11,13.28265604004264,0,1.7648195903748274,64,19,1,0,F M S,Udinese,11,13.28265604004264,16.065473101101816,3.909915925003588,Serie A,2021-2022
1148,Duván Zapata,24,1739,10,15.456983227282764,4,4.204067397862673,82,38,3,0,F S,Atalanta,7,13.173129219561815,17.641933143138885,3.8781870417296886,Serie A,2021-2022
1294,Paulo Dybala,29,2079,10,8.141843285411596,5,5.419801661744714,99,38,3,0,F M S,Juventus,9,6.619241151958704,16.03753306157887,6.974124785512686,Serie A,2021-2022
2019,Federico Bonazzoli,32,1871,10,7.837845912203193,0,0.9701058827340604,58,10,6,0,F M S,Salernitana,8,6.31524789147079,7.324637366458774,1.5100651662796736,Serie A,2021-2022
7500,Giacomo Raspadori,36,2777,10,8.068627785891294,5,4.398538985289633,71,44,7,1,F M S,Sassuolo,10,8.068627785891294,16.796999979764223,6.349780878983438,Serie A,2021-2022
687,Pedro,32,2048,9,4.05756788700819,5,3.8734197160229087,36,28,5,0,F S,Lazio,9,4.05756788700819,13.376773338764906,6.06186394020915,Serie A,2021-2022
1229,Luis Muriel,27,1545,9,7.264559049159288,8,6.058354191482067,57,59,1,0,F M S,Atalanta,7,5.741964045912027,13.198637582361698,4.924136057496071,Serie A,2021-2022
1471,Lorenzo Pellegrini,28,2321,9,9.255893664434552,5,8.095763454213738,92,68,5,1,F M S,Roma,7,6.971999416127801,13.354318222030995,5.618137615732849,Serie A,2021-2022
1580,Mattia Destro,27,1763,9,8.294493262656033,1,0.9615510031580924,54,11,4,0,F S,Genoa,9,8.294493262656033,8.683049862273037,0.4125673994421959,Serie A,2021-2022
1804,Álvaro Morata,35,2326,9,9.878891909494996,7,6.9221428241580725,61,44,5,0,F M S,Juventus,8,9.117592895403504,16.754406172782183,4.392625104635954,Serie A,2021-2022
3751,Thomas Henry,33,2138,9,7.637231107801199,3,2.638835303485393,51,20,4,1,F S,Venezia,9,7.637231107801199,8.767545774579048,0.9426808916032314,Serie A,2021-2022
448,Ivan Perisic,35,2860,8,4.645239282399416,7,9.093384258449078,44,57,4,0,D M,Inter,7,3.88394008949399,21.975545128807425,13.473395837470887,Serie A,2021-2022
1186,Andrea Belotti,22,1393,8,7.67530857026577,1,0.6532213129103184,58,10,1,0,F S,Torino,5,5.391415640711784,5.3385946452617645,1.2071225112304091,Serie A,2021-2022
1741,Zlatan Ibrahimovic,23,986,8,7.344693657010794,3,2.3740153945982456,51,23,2,0,F S,AC Milan,8,6.583394642919302,10.178349889814854,2.173675924539566,Serie A,2021-2022
2044,Daniele Verde,33,1964,8,5.547374838963151,6,4.835838243365288,53,39,2,0,F M S,Spezia,7,4.024776631966233,9.32103265915066,3.875827464275062,Serie A,2021-2022
189,Hakan Calhanoglu,34,2550,7,6.000108636915684,12,8.4635193310678,65,88,11,0,M S,Inter,4,3.716212470084429,18.553644260391597,14.091983556747437,Serie A,2021-2022
1383,Manolo Gabbiadini,18,1152,7,3.957473713904619,2,1.5494944285601375,44,18,3,0,F M S,Sampdoria,7,3.957473713904619,4.927627079188824,0.95099279563874,Serie A,2021-2022
1517,Antonio Candreva,36,3154,7,6.305500783026218,10,8.692489482462406,74,79,6,1,F M,Sampdoria,6,4.782902881503105,14.684136310592294,6.70742198638618,Serie A,2021-2022
1566,Mattia Aramu,32,2123,7,6.246447209268808,5,4.522364687174559,59,35,6,0,F M S,Venezia,4,3.2012508921325207,7.375948952510953,3.119507599622011,Serie A,2021-2022
2447,Fabián,32,2415,7,1.517354005947709,4,3.542400922626257,39,32,2,0,M S,Napoli,7,1.517354005947709,14.418762916699052,11.848705461248755,Serie A,2021-2022
5353,Josip Brekalo,32,2305,7,5.653077032417059,2,6.5102324318140745,44,62,1,0,F M S,Torino,7,5.653077032417059,13.894884820096197,5.849664398469031,Serie A,2021-2022
6986,Hamed Junior Traore,31,1786,7,5.885027231648564,2,4.181170254945755,51,36,3,0,F M S,Sassuolo,7,5.885027231648564,14.383027093484998,7.439503617584705,Serie A,2021-2022
7074,Nicolás González,33,2370,7,10.300649482756851,6,4.320275987498462,72,37,2,1,F M S,Fiorentina,4,8.016752913594246,14.800732970237732,5.517761059105396,Serie A,2021-2022
8963,Nahuel Molina,35,2662,7,4.134758328087628,2,4.4521033968776464,44,39,5,1,D M S,Udinese,7,4.134758328087628,13.160006137564778,8.308312718756497,Serie A,2021-2022
9905,David Okereke,32,2073,7,5.30778388492763,0,0.8920550048351288,40,13,5,1,F M S,Venezia,7,5.30778388492763,7.601597452536225,2.460304057225585,Serie A,2021-2022
1208,Felipe Anderson,38,2930,6,6.128228355199099,8,6.424979998730123,44,51,2,0,F M S,Lazio,6,6.128228355199099,17.280533079057932,7.419308198615909,Serie A,2021-2022
1386,Piotr Zielinski,35,2114,6,3.2195579186081886,5,4.047316421754658,43,50,1,0,M S,Napoli,6,3.2195579186081886,12.053123546764256,6.349970649927855,Serie A,2021-2022
1445,Simone Verdi,18,895,6,3.572904674336314,0,1.32294141035527,38,20,3,0,F M S,"Salernitana,Torino",5,2.8116062823683023,4.0747452564537525,1.3288622172549367,Serie A,2021-2022
1489,Franck Kessié,31,2313,6,4.831394530832768,0,1.9243412632495165,35,28,2,0,M S,AC Milan,4,2.5474942084401846,12.66595740430057,9.775877108797433,Serie A,2021-2022
1809,Joaquín Correa,26,1016,6,5.485465031117201,1,2.136276498436928,34,19,2,0,F S,Inter,6,5.485465031117201,9.90583144687116,3.4060542173683643,Serie A,2021-2022
1958,Mattia Zaccagni,31,2061,6,5.092445960268378,5,4.353458316065371,37,32,6,0,F M S,"Lazio,Verona",5,4.331146975979209,9.649489598348737,2.430202417075634,Serie A,2021-2022
2217,Antonio Sanabria,29,1819,6,9.605160135775805,2,2.0967248138040304,49,18,3,0,F S,Torino,6,9.605160135775805,12.331686846911907,2.427141521126032,Serie A,2021-2022
3065,Domenico Criscito,20,1624,6,5.659400465898216,1,1.1352527039125562,24,9,4,0,D S,Genoa,0,0.3303490085527301,3.5783867314457893,2.4358856435865164,Serie A,2021-2022
6160,Riccardo Orsolini,29,1805,6,6.185829905793071,3,1.871195427142084,53,21,2,0,D F M S,Bologna,4,4.663231255486608,8.36709070391953,3.66133018117398,Serie A,2021-2022
6512,Musa Barrow,34,2162,6,5.113576100207865,6,5.713012685067952,71,45,0,0,F M S,Bologna,6,5.113576100207865,12.335330325178802,5.306982140988112,Serie A,2021-2022
7910,Szymon Zurkowski,35,2333,6,4.342889392748475,2,1.4273242931813002,47,20,5,0,M S,Empoli,6,4.342889392748475,8.15306318551302,4.178383056074381,Serie A,2021-2022
7947,Ruslan Malinovskiy,30,1594,6,3.4002093067392707,4,6.823017729446292,57,44,10,0,F M S,Atalanta,6,3.4002093067392707,11.134864263236524,5.051349565386772,Serie A,2021-2022
8913,Emmanuel Gyasi,36,3058,6,6.512755231931806,0,1.5619996874593198,39,22,10,0,D F M S,Spezia,6,6.512755231931806,12.731076292693617,5.665695047006011,Serie A,2021-2022
9851,Nedim Bajrami,35,2066,6,5.870812386274338,5,4.049058185890317,53,54,3,0,F M S,Empoli,3,3.5869160778820515,9.353304831311108,5.065708925947547,Serie A,2021-2022
317,Henrikh Mkhitaryan,31,2517,5,3.798752173781395,6,4.610723761841655,55,41,2,1,M S,Roma,5,3.798752173781395,14.547935903072355,7.445382701233029,Serie A,2021-2022
498,Alexis Sánchez,27,833,5,4.878856215626001,2,2.0303698731586337,33,20,0,0,F S,Inter,5,4.878856215626001,11.38317732140422,5.921029094606638,Serie A,2021-2022
1104,Leonardo Pavoletti,33,1486,5,5.7842292077839375,1,0.9834561040624976,36,16,9,0,F S,Cagliari,5,5.7842292077839375,7.990887112915516,1.8904141783714292,Serie A,2021-2022
1219,Luis Alberto,34,2374,5,4.228031841106713,10,8.957732898183167,47,65,5,0,M S,Lazio,5,4.228031841106713,16.61635478772223,9.552706542424858,Serie A,2021-2022
1227,Lucas Torreira,31,2224,5,5.709578160196543,1,1.8750208765268328,29,23,8,1,M S,Fiorentina,5,5.709578160196543,14.754625149071217,9.283899176865816,Serie A,2021-2022
1287,Leonardo Bonucci,24,2003,5,5.713716873899102,1,0.7871844824403524,17,11,1,0,D S,Juventus,2,3.4298158083111048,5.81349428370595,5.336602035909891,Serie A,2021-2022
1304,Moise Kean,32,1078,5,6.978520222008228,1,0.1932152993977069,28,5,5,0,F S,Juventus,5,6.978520222008228,6.677115347236395,0.7944269105792046,Serie A,2021-2022
1449,Federico Di Francesco,26,1382,5,2.3233558228239417,0,0.9368596132844688,26,14,2,0,F M S,Empoli,5,2.3233558228239417,4.729467221535742,1.648453602567315,Serie A,2021-2022
1537,Sasa Lukic,35,2989,5,4.582884450443089,4,3.609650371596217,32,33,10,0,D M S,Torino,2,2.2989853816106915,15.198339115828276,11.042404601350428,Serie A,2021-2022
1570,Rey Manaj,30,1767,5,7.00483207218349,0,1.0220881067216396,53,13,9,0,F S,Spezia,3,4.72097603790462,5.862568072974682,1.788854107260704,Serie A,2021-2022
2547,Theo Hernández,32,2716,5,5.300136870704591,6,5.6615872997790575,42,51,5,2,D S,AC Milan,4,3.777537888847292,13.63970602490008,8.629744665697217,Serie A,2021-2022
3856,Milan Djuric,33,2182,5,6.134144303388894,3,3.858933803625405,50,33,6,0,F M S,Salernitana,4,5.372845289297402,8.649833120405674,2.116908172145486,Serie A,2021-2022
7958,Sandro Tonali,36,2623,5,4.595865771174431,2,4.482516514137387,38,44,9,0,M S,AC Milan,5,4.595865771174431,13.69593345746398,6.915457342751324,Serie A,2021-2022
7999,Hirving Lozano,30,1629,5,6.3509385120123625,5,2.94363378174603,50,28,3,0,F M S,Napoli,5,6.3509385120123625,11.324782793410122,3.457860976457596,Serie A,2021-2022
8831,Iyenoma Destiny Udogie,35,2504,5,3.5196279156953096,4,2.0613310504704714,27,27,4,0,D M S,Udinese,5,3.5196279156953096,10.377966351807116,6.397308325394988,Serie A,2021-2022
8838,Junior Messias,26,1430,5,4.3204378969967365,2,2.0571427065879107,44,21,2,0,F M S,AC Milan,5,4.3204378969967365,7.882113374769688,2.6812446918338537,Serie A,2021-2022
8942,Aaron Hickey,36,2853,5,0.7283982993103564,1,1.634806485846639,21,18,8,0,D M S,Bologna,5,0.7283982993103564,7.785434980876744,6.30835332069546,Serie A,2021-2022
9840,Denzel Dumfries,33,2029,5,6.442715089768171,4,4.683003788813949,37,28,3,0,D S,Inter,5,6.442715089768171,16.912156362086535,7.212721174582839,Serie A,2021-2022
677,Jordan Veretout,36,2333,4,4.342313530854881,8,5.976176615804434,29,54,6,0,M S,Roma,3,2.8197152009233832,10.861570870038122,6.663243593182415,Serie A,2021-2022
1089,Juan Cuadrado,33,2503,4,2.4366768915206194,4,6.2659034337848425,36,59,9,0,D M S,Juventus,4,2.4366768915206194,15.234529078006744,11.088610474020244,Serie A,2021-2022
1121,Giacomo Bonaventura,31,2315,4,5.091505756601691,5,2.506272815167904,46,33,7,1,F M S,Fiorentina,4,5.091505756601691,12.182951670140028,5.761594878509641,Serie A,2021-2022
1164,Cristiano Biraghi,37,3189,4,3.619678331539035,1,5.800182914361358,38,72,3,1,D,Fiorentina,3,2.0970803033560514,11.877435680478811,9.23878980986774,Serie A,2021-2022
1230,Fabio Quagliarella,33,1652,4,4.045809737406671,3,2.183782573789358,58,19,2,0,F S,Sampdoria,3,3.284510693512857,6.7600684724748135,2.7587168477475643,Serie A,2021-2022
1425,Nikola Kalinic,14,401,4,3.859073329716921,1,0.98288350738585,13,6,3,1,F S,Verona,4,3.859073329716921,5.132114226929843,0.3818766977638006,Serie A,2021-2022
1463,Francesco Acerbi,30,2535,4,3.017673497088253,0,0.2833092045038938,15,5,2,1,D S,Lazio,4,3.017673497088253,8.441426385194063,7.780984997749329,Serie A,2021-2022
1634,Alessandro Deiola,33,2171,4,2.422464856877923,1,1.0202068211510775,26,13,5,0,F M S,Cagliari,4,2.422464856877923,6.981275981292129,4.186528934165835,Serie A,2021-2022
3978,Marco Faraoni,32,2590,4,3.282987938262522,6,2.502896271646023,30,21,6,1,D M S,Verona,4,3.282987938262522,11.109295264817774,7.831730371341109,Serie A,2021-2022
4981,Davide Frattesi,36,2930,4,6.166343607008457,3,4.109432274475694,67,30,6,0,M S,Sassuolo,4,6.166343607008457,15.25243592262268,7.941451409831643,Serie A,2021-2022
5996,Adrien Tameze,38,2566,4,1.0459253005683422,2,2.211693619377911,23,28,4,0,D M S,Verona,4,1.0459253005683422,8.862158961594105,6.961157714016736,Serie A,2021-2022
6997,Ignacio Pussetto,28,1197,4,5.16472989320755,4,2.1387301068753004,32,15,4,0,F M S,Udinese,3,4.403430879116058,5.484760476276279,1.5184124745428562,Serie A,2021-2022
7924,Amir Rrahmani,33,2928,4,3.779182890430093,0,0.2072440972551703,22,5,5,0,D,Napoli,4,3.779182890430093,10.400804363191128,10.192653741687536,Serie A,2021-2022
8289,Gastón Pereiro,29,946,4,1.662855040282011,2,1.942568888887763,21,20,1,0,F M S,Cagliari,4,1.662855040282011,5.120903479866684,1.957453891634941,Serie A,2021-2022
8912,Tommaso Pobega,33,2237,4,4.021135346032679,3,2.3431426296010613,48,24,11,0,M S,Torino,4,4.021135346032679,7.618985480628908,4.309158304706216,Serie A,2021-2022
9969,Teun Koopmeiners,30,2126,4,1.7746983347460628,1,5.729096874594688,28,48,4,0,M S,Atalanta,4,1.7746983347460628,14.866731949150562,10.212420664727688,Serie A,2021-2022
628,Chris Smalling,27,2087,3,2.3404948115348816,0,0.5236679911613464,10,2,0,0,D S,Roma,3,2.3404948115348816,2.785542894154787,2.7134358771145344,Serie A,2021-2022
1122,Manuel Locatelli,31,2167,3,2.310969188809395,4,1.612101472914219,21,18,6,0,M S,Juventus,3,2.310969188809395,10.789089791476728,7.525343533605337,Serie A,2021-2022
1193,Lorenzo De Silvestri,31,2303,3,2.258099691942334,2,1.8261708561331036,16,21,7,0,D M S,Bologna,3,2.258099691942334,5.992909419350326,4.015247808769345,Serie A,2021-2022
1210,Keita,26,1229,3,4.300736788660288,1,1.0805567875504494,27,10,2,0,F M S,Cagliari,3,4.300736788660288,5.399024486541748,0.7015772964805365,Serie A,2021-2022
1223,Milan Skriniar,35,3150,3,3.517575876787305,0,0.7227815082296729,25,9,3,0,D,Inter,3,3.517575876787305,18.105836808681488,17.797514781355858,Serie A,2021-2022
1252,Stephan El Shaarawy,27,1013,3,2.625521967187524,0,3.1635252563282847,39,31,1,0,D M S,Roma,3,2.625521967187524,9.494787137955427,5.1957365637645125,Serie A,2021-2022
1313,Riccardo Saponara,29,1278,3,1.8271919153630731,3,3.0783209651708603,37,20,1,0,F S,Fiorentina,3,1.8271919153630731,8.965371562168002,4.878452951088548,Serie A,2021-2022
1376,Kalidou Koulibaly,27,2411,3,1.471498486585915,3,1.3828816898167131,10,11,5,1,D,Napoli,3,1.471498486585915,6.921498553827405,6.220785945653915,Serie A,2021-2022
1409,Nicolò Barella,36,2953,3,4.975241807289422,12,9.138775686733425,68,63,9,0,M,Inter,3,4.975241807289422,28.95583648979664,17.51832997240126,Serie A,2021-2022
1426,Josip Ilicic,20,838,3,2.984745822846889,4,3.4685606509447098,32,34,1,0,F M S,Atalanta,3,2.223447762429714,8.963821962475777,4.900751121342182,Serie A,2021-2022
1473,Matteo Politano,33,1685,3,3.3503240030258894,4,3.5206699147820477,42,31,3,0,F M S,Napoli,3,3.3503240030258894,6.552543696016073,2.0759000331163406,Serie A,2021-2022
1493,Andrea Petagna,24,571,3,1.575081206858158,1,1.9776682406663892,13,10,1,0,F S,Napoli,3,1.575081206858158,4.176177851855755,0.7809197027236223,Serie A,2021-2022
1577,Marko Pjaca,24,1134,3,1.678245804272592,0,0.9949818048626184,21,15,0,0,F M S,Torino,3,1.678245804272592,4.349434349685907,2.5192093048244715,Serie A,2021-2022
1710,Marten de Roon,30,2546,3,1.8891233876347544,0,0.5755767002701759,23,7,5,1,D M S,Atalanta,3,1.8891233876347544,12.556700319051744,11.181222027167678,Serie A,2021-2022
1723,Roberto Pereyra,24,1809,3,5.212978841736913,5,3.967154074460268,30,25,8,1,F M S,Udinese,2,3.690382840111852,12.44491534307599,5.711876440793276,Serie A,2021-2022
4918,Patrick Cutrone,28,1395,3,4.375115068629384,0,0.623331293463707,50,9,1,0,F S,Empoli,3,4.375115068629384,6.377214223146439,1.5220669945701957,Serie A,2021-2022
5360,Weston McKennie,21,1367,3,3.0620887018740177,0,1.2541380934417248,23,20,1,0,M S,Juventus,3,3.0620887018740177,5.111866511404514,2.322309710085392,Serie A,2021-2022
5954,Eldor Shomurodov,28,716,3,4.569236539304256,4,2.9085294511169195,31,20,2,0,F M S,Roma,3,4.569236539304256,8.52180878072977,1.4449653150513768,Serie A,2021-2022
6180,Manuel Lazzari,31,1643,3,0.8267302997410297,3,2.658029062673449,12,13,3,0,D S,Lazio,3,0.8267302997410297,6.8734574699774384,4.7139779487624764,Serie A,2021-2022
6296,Abdelhamid Sabiri,14,887,3,1.3711888827383518,2,1.5663550645112991,17,12,3,0,F M S,Sampdoria,3,1.3711888827383518,4.545894552022219,2.351181011646986,Serie A,2021-2022
6421,Brahim Diaz,31,1900,3,4.575269402004778,3,2.4926864113658667,30,31,4,0,M S,AC Milan,3,4.575269402004778,11.33105681836605,4.679222115315497,Serie A,2021-2022
6672,Riccardo Sottil,24,1238,3,2.6474025044590235,2,2.3392727766186,22,14,2,1,F S,Fiorentina,3,2.6474025044590235,5.6838271878659725,2.2516087349504232,Serie A,2021-2022
6960,Bremer,33,2897,3,5.608282057568431,1,0.3790193032473326,27,7,7,0,D,Torino,3,5.608282057568431,8.537619937211275,7.63502833712846,Serie A,2021-2022
6974,Mattias Svanberg,36,2586,3,2.103827498853206,3,2.5496029248461127,39,36,7,0,M S,Bologna,3,2.103827498853206,7.921926019713283,5.115311663597822,Serie A,2021-2022
7090,Krzysztof Piatek,14,733,3,3.731518991291523,0,1.1165439113974571,23,6,0,0,F S,Fiorentina,3,2.9702249839901924,4.045874094590545,0.3249458912760019,Serie A,2021-2022
7413,Ibañez,34,2884,3,1.7617766056209805,0,0.4469247013330459,20,10,9,0,D M S,Roma,3,1.7617766056209805,8.214743846096098,8.069559161551297,Serie A,2021-2022
7472,Wilfried Stephane Singo,35,2634,3,2.903010945767164,4,2.645374685525894,41,23,5,1,D M S,Torino,3,2.903010945767164,11.567621937021611,7.48501567915082,Serie A,2021-2022
7902,Matthijs de Ligt,31,2680,3,2.398972501046956,1,1.7362264841794968,20,9,2,1,D S,Juventus,3,2.398972501046956,8.804609082639217,8.173653170466423,Serie A,2021-2022
7912,Eljif Elmas,37,1572,3,4.012205033563077,5,1.91029520239681,33,24,3,0,F M S,Napoli,3,4.012205033563077,9.56366575602442,5.332091439515352,Serie A,2021-2022
7939,Morten Thorsby,35,2965,3,3.724992673844099,1,1.076538598164916,26,15,10,0,F M,Sampdoria,3,3.724992673844099,6.246266532689333,2.891974128782749,Serie A,2021-2022
8010,Kevin Agudelo,23,1235,3,2.3456376176327467,1,0.8608496896922588,21,10,2,1,F M S,Spezia,3,2.3456376176327467,4.952984344214201,2.360916718840599,Serie A,2021-2022
8916,Simone Bastoni,31,2305,3,1.7832793220877647,3,4.567909301258624,28,47,5,1,D M S,Spezia,3,1.7832793220877647,8.112965440377593,5.33487554686144,Serie A,2021-2022
9903,Domen Crnigoj,34,1902,3,2.116329695098102,1,1.147607086226344,31,11,3,0,D M S,Venezia,3,2.116329695098102,5.285825802013278,3.0110707134008408,Serie A,2021-2022
557,Matteo Darmian,25,1496,2,0.9904801808297634,1,2.527653716504574,8,21,4,0,D S,Inter,2,0.9904801808297634,9.062125224620104,6.339729204773903,Serie A,2021-2022
845,Maya Yoshida,26,1820,2,1.0005159974098206,3,1.5789927216246724,9,6,2,0,D S,Sampdoria,2,1.0005159974098206,2.7498509101569653,2.383829802274704,Serie A,2021-2022
1030,Fernando Forestieri,4,47,2,1.1122449934482574,1,0.0594103001058101,3,1,1,0,S,Udinese,2,1.1122449934482574,0.3081220015883446,0.1687129959464073,Serie A,2021-2022
1168,Bryan Cristante,34,2669,2,1.8115983959287405,0,2.413126166909933,40,24,9,0,M S,Roma,2,1.8115983959287405,11.10853104479611,9.520198186859488,Serie A,2021-2022
1233,Filip Djuricic,12,682,2,2.5707365702837706,1,1.6718682702630758,17,10,1,0,M S,Sassuolo,2,2.5707365702837706,4.971472512930632,1.7546755243092775,Serie A,2021-2022
1234,Dennis Praet,23,1554,2,2.245230732485652,2,4.877946125343442,23,25,3,0,F M S,Torino,2,2.245230732485652,9.26905883103609,3.686079986393452,Serie A,2021-2022
1254,Alessandro Florenzi,24,1141,2,0.8204992981627584,0,0.8673962187021971,22,11,1,0,D M S,AC Milan,2,0.8204992981627584,3.811399824917317,3.0480838883668184,Serie A,2021-2022
1324,Federico Dimarco,32,1416,2,3.7895215693861246,2,5.9087175484746695,39,48,1,0,D S,Inter,2,3.0282275024801493,12.155453836545348,8.421477161347866,Serie A,2021-2022
1433,Federico Chiesa,14,867,2,2.4671006333082914,2,1.070226013660431,28,17,0,0,F M S,Juventus,2,2.4671006333082914,4.272592857480049,1.2171736918389795,Serie A,2021-2022
1468,Gregoire Defrel,38,1313,2,4.325272677466273,2,2.305159918963909,27,23,3,0,F M S,Sassuolo,2,4.325272677466273,7.338427066802978,1.8265823889523745,Serie A,2021-2022
1474,Alfred Duncan,33,1939,2,1.3117801044136286,2,1.5431972965598106,11,26,3,0,M S,Fiorentina,2,1.3117801044136286,6.675934918224812,5.204780815169215,Serie A,2021-2022
1496,Roberto Gagliardini,18,622,2,1.3104225173592567,2,1.503927756100893,8,6,2,0,M S,Inter,2,1.3104225173592567,6.51380317658186,4.831018768250942,Serie A,2021-2022
1511,Marcelo Brozovic,35,2970,2,1.2476579081267118,1,2.19460560195148,32,35,7,0,M,Inter,2,1.2476579081267118,25.06638278439641,23.181413363665342,Serie A,2021-2022
1574,Davide Calabria,26,2135,2,3.896274720318616,3,1.8661153744906187,36,19,2,0,D S,AC Milan,2,3.896274720318616,10.81116629205644,6.948578773997724,Serie A,2021-2022
1724,Isaac Success,22,904,2,2.4817703664302826,7,4.072918459773064,25,17,1,1,F M S,Udinese,2,2.4817703664302826,8.361803176812828,2.7333126636222005,Serie A,2021-2022
1826,Nicola Sansone,27,861,2,2.5898786038160324,3,2.9918263889849186,24,16,6,0,F M S,Bologna,2,2.5898786038160324,6.031712083145976,1.280070411041379,Serie A,2021-2022
1852,Ante Rebic,24,839,2,2.8852354921400547,2,5.084753226488829,31,30,2,0,F M S,AC Milan,2,2.8852354921400547,7.626595288515091,1.264818500727415,Serie A,2021-2022
1903,Kevin Lasagna,28,1151,2,4.082619896158576,4,2.256361113861203,39,15,1,0,F M S,Verona,2,4.082619896158576,6.622586751356721,1.104822295717895,Serie A,2021-2022
1956,Mohamed Fares,9,585,2,1.2060296945273876,1,0.5327054001390934,13,5,2,0,D M S,Genoa,2,1.2060296945273876,1.6634873636066914,0.8971742875874043,Serie A,2021-2022
1971,Simone Romagnoli,19,1497,2,1.82380997762084,0,0.7224666131660342,5,5,3,0,D S,Empoli,2,1.82380997762084,3.388994824141264,3.266041239723563,Serie A,2021-2022
2053,Martin Erlic,30,2588,2,2.7529046311974525,0,0.4516618084162473,15,5,5,0,D,Spezia,2,2.7529046311974525,3.6600474109873176,3.509313840419054,Serie A,2021-2022
2711,Aleksey Miranchuk,19,764,2,1.7168884854763746,5,3.320748280733824,15,22,0,0,F M S,Atalanta,2,1.7168884854763746,6.799352668225765,2.266952410340309,Serie A,2021-2022
3772,Maxime Lopez,35,2948,2,1.1034241821616888,2,2.7828104868531227,16,49,14,0,M S,Sassuolo,2,1.1034241821616888,18.984110444784164,16.37692205235362,Serie A,2021-2022
4903,Mamadou Coulibaly,12,815,2,1.227579174563289,0,0.2282526977360248,10,6,1,0,M S,Salernitana,2,1.227579174563289,4.662415133789182,3.3129183780401945,Serie A,2021-2022
5719,Sérgio Oliveira,14,923,2,1.2768276687711475,1,1.5947089679539204,12,15,5,0,M S,Roma,1,0.5155286993831396,2.9338142927736044,1.6772239301353693,Serie A,2021-2022
6686,Nicolo Zaniolo,28,1998,2,6.105673047713935,2,2.609264510683716,70,28,10,2,F M S,Roma,2,6.105673047713935,10.662388724274932,4.457509411498904,Serie A,2021-2022
6806,Rodrigo Becão,35,3137,2,1.575258007273078,1,0.7927104057744145,19,10,10,0,D,Udinese,2,1.575258007273078,7.808268630877137,6.754554154351354,Serie A,2021-2022
6981,Ismael Bennacer,31,1517,2,0.6863203123211861,1,1.5997094241902232,16,22,7,0,M S,AC Milan,2,0.6863203123211861,6.6711605582386255,5.333130116574466,Serie A,2021-2022
6991,Leo Stulac,23,821,2,0.2551021026447415,2,0.3689422435127198,9,9,1,0,M S,Empoli,2,0.2551021026447415,2.464198775589466,2.1697920691221952,Serie A,2021-2022
7925,Liam Henderson,38,2021,2,2.0114509826526046,3,3.2801365656778216,42,39,4,0,F M S,Empoli,2,2.0114509826526046,6.743226437829435,3.981943832710385,Serie A,2021-2022
7972,Andrea La Mantia,18,469,2,1.617861251346767,1,0.8075840044766665,17,8,0,0,F S,Empoli,2,1.617861251346767,1.662772187963128,0.4485732996836304,Serie A,2021-2022
8341,Lazar Samardzic,22,433,2,1.0052106007933617,2,1.9058370813727377,17,19,0,0,M S,Udinese,2,1.0052106007933617,2.706429118290544,1.5407200017943978,Serie A,2021-2022
8380,Pablo Marí,15,1343,2,0.6438029929995537,0,0.961790781468153,10,4,2,1,D,Udinese,2,0.6438029929995537,2.3780332878232,1.9920960739254951,Serie A,2021-2022
8944,Giulio Maggiore,35,2869,2,4.147889089770615,3,2.755342687480152,42,31,9,0,M S,Spezia,2,4.147889089770615,10.856729865074158,5.369235405698419,Serie A,2021-2022
9018,M&#039;Bala Nzola,21,1048,2,2.8226694967597723,1,1.488799884915352,22,11,2,0,F S,Spezia,2,2.8226694967597723,5.653891663998365,1.8495345003902912,Serie A,2021-2022
9850,Filippo Bandinelli,35,1985,2,1.9755111169070003,3,4.346691346727312,35,33,10,0,M S,Empoli,2,1.9755111169070003,8.5200664550066,3.800348682329058,Serie A,2021-2022
9878,Pietro Ceccaroni,35,3123,2,2.264233836904168,1,0.7693423237651587,19,6,7,1,D,Venezia,2,2.264233836904168,4.838703699409962,4.59632308781147,Serie A,2021-2022
9893,Youssef Maleh,28,998,2,2.406449559144676,3,1.68216123431921,21,14,5,0,M S,Fiorentina,2,2.406449559144676,6.695532388985157,3.0059035811573267,Serie A,2021-2022
9999,Arthur Theate,31,2429,2,1.4129153927788138,1,0.3033348955214023,21,6,6,0,D S,Bologna,2,1.4129153927788138,6.562617155723274,6.188433948904276,Serie A,2021-2022
10077,Felix Afena-Gyan,17,654,2,1.9060104163363576,0,0.7781295217573643,17,6,3,1,F M S,Roma,2,1.9060104163363576,3.3265008367598057,1.0174039714038372,Serie A,2021-2022
10377,Arthur Cabral,14,756,2,3.9245373383164406,2,0.4065891988575458,23,7,1,0,F S,Fiorentina,2,3.9245373383164406,3.45070394128561,0.7404077053070068,Serie A,2021-2022
10404,Éderson,15,1158,2,2.306999729946256,1,0.8870255053043365,21,9,5,0,M S,Salernitana,2,2.306999729946256,3.4610904678702354,1.5044848918914795,Serie A,2021-2022
222,Arturo Vidal,28,674,1,1.679434584453702,2,2.4484543576836586,18,12,3,0,M S,Inter,1,1.679434584453702,10.25845055654645,6.365300580859184,Serie A,2021-2022
347,Kaan Ayhan,23,1332,1,0.2339380048215389,0,0.0340779982507228,5,2,2,1,D S,Sassuolo,1,0.2339380048215389,6.0152672175318,5.99929721839726,Serie A,2021-2022
411,Albin Ekdal,26,1641,1,0.7434319024905562,0,0.3357443995773792,14,7,9,1,M S,Sampdoria,1,0.7434319024905562,1.718633497133851,1.0710626021027565,Serie A,2021-2022
1000,Federico Fazio,16,1438,1,1.2470704838633535,0,0.3984856018796563,16,8,1,1,D,Salernitana,1,1.2470704838633535,2.2875931737944484,2.026590800844133,Serie A,2021-2022
1106,Darko Lazovic,34,2794,1,3.52612460963428,7,7.322475480847061,47,44,2,0,D M S,Verona,1,3.52612460963428,15.119365394115448,6.496314923278987,Serie A,2021-2022
1119,Alessio Romagnoli,19,1404,1,0.788194801658392,0,0.0868346998468041,12,3,4,1,D S,AC Milan,1,0.788194801658392,3.613235536962748,3.573712032288313,Serie A,2021-2022
1120,Mattia De Sciglio,20,1154,1,0.4609701065346598,2,2.6100465757772326,6,19,2,0,D S,Juventus,1,0.4609701065346598,5.210814825259149,3.0884424350224435,Serie A,2021-2022
1178,Davide Zappacosta,34,2356,1,2.21838821657002,5,4.727506060153246,37,34,6,0,D M S,Atalanta,1,2.21838821657002,14.888363100588322,10.697135623544456,Serie A,2021-2022
1204,Patric,24,1658,1,1.0303372321650386,1,0.5391825959086418,6,6,4,1,D S,Lazio,1,1.0303372321650386,5.5381163796409965,4.867778389714658,Serie A,2021-2022
1206,Danilo Cataldi,32,1725,1,0.3089275015518069,2,3.3425218733027577,12,25,8,0,M S,Lazio,1,0.3089275015518069,6.359654291532934,5.456883037462831,Serie A,2021-2022
1221,Jacopo Sala,18,904,1,0.0787321999669075,0,0.4308090023696422,4,7,3,0,M S,Spezia,1,0.0787321999669075,1.8232486806809904,1.4009810965508225,Serie A,2021-2022
1247,Juan Jesus,21,1268,1,0.2634257990866899,0,0.2073793970048427,4,4,1,0,D S,Napoli,1,0.2634257990866899,3.7314483076334,3.6290034186095,Serie A,2021-2022
1272,Ilija Nestorovski,7,178,1,0.879819892346859,1,0.7708290070295334,5,4,1,0,F S,Udinese,1,0.879819892346859,2.183413177728653,0.5327630043029785,Serie A,2021-2022
1341,Ivan Radovanovic,14,1058,1,1.0300748124718666,1,1.001551978290081,18,5,4,0,D M S,Salernitana,1,1.0300748124718666,2.798787172883749,1.8365805558860304,Serie A,2021-2022
1354,Gianmarco Ferrari,36,3132,1,2.405354703310877,0,1.02183788549155,25,6,4,1,D S,Sassuolo,1,2.405354703310877,13.342466469854116,12.972087185829878,Serie A,2021-2022
1362,Simy,19,839,1,2.9548276644200087,1,0.7397667169570923,20,8,0,0,F S,Salernitana,1,2.9548276644200087,3.8042191192507744,0.7839427869766951,Serie A,2021-2022
1370,Federico Ceccherini,34,2402,1,2.079569207504392,0,0.5069551896303892,11,7,10,1,D S,Verona,1,2.079569207504392,7.011363685131073,4.952758308500052,Serie A,2021-2022
1375,Elseid Hysaj,29,2034,1,0.5768290990963578,0,0.9398706033825874,4,12,3,0,D S,Lazio,1,0.5768290990963578,6.940342787653208,6.142318584024906,Serie A,2021-2022
1382,José Callejón,30,1302,1,1.7190160173922775,2,2.838598871603608,17,21,0,0,F M S,Fiorentina,1,1.7190160173922775,7.333181716501713,3.8755257222801447,Serie A,2021-2022
1400,Nicola Murru,22,994,1,0.1870433017611503,0,0.7699706424027681,3,7,5,0,D M S,Sampdoria,1,0.1870433017611503,1.3847946505993605,0.5415044147521257,Serie A,2021-2022
1423,Matías Vecino,17,353,1,1.095955915749073,0,1.1627250239253044,7,5,2,0,M S,Inter,1,1.095955915749073,5.829170849174261,4.42627727240324,Serie A,2021-2022
1424,Federico Bernardeschi,28,1489,1,1.4562089014798405,2,1.746007790789008,33,17,5,0,D F M S,Juventus,1,1.4562089014798405,6.263498036190867,3.968253238126636,Serie A,2021-2022
1430,Milan Badelj,34,2868,1,0.8287825016304851,0,2.1334838792681694,21,28,4,0,M,Genoa,1,0.8287825016304851,7.525627419352531,5.242304222658277,Serie A,2021-2022
1454,Alex Ferrari,23,1657,1,0.5144586134701967,0,0.0234693000093102,4,2,4,0,D S,Sampdoria,1,0.5144586134701967,2.910162595100701,2.839660012163222,Serie A,2021-2022
1465,Stefano Sensi,20,923,1,2.009885663166642,0,0.955834399908781,12,13,1,0,M S,"Inter,Sampdoria",1,2.009885663166642,4.288930509239435,1.410019401460886,Serie A,2021-2022
1484,Rafael Toloi,20,1441,1,1.2492660954594612,1,0.569868303835392,12,8,6,0,D S,Atalanta,1,1.2492660954594612,6.210437618196011,5.213432343676686,Serie A,2021-2022
1486,Mattia Caldara,31,2703,1,1.8033107947558165,0,0.0972339967265725,15,3,9,0,D S,Venezia,1,1.8033107947558165,3.300024898722768,2.9486567042768,Serie A,2021-2022
1487,Andrea Conti,8,231,1,0.3991139084100723,0,0.0,3,0,1,0,M S,"AC Milan,Sampdoria",1,0.3991139084100723,0.1095307022333145,0.0557698011398315,Serie A,2021-2022
1488,Remo Freuler,29,2398,1,1.4876473927870393,3,1.649418709799647,20,23,9,0,M S,Atalanta,1,1.4876473927870393,13.139166425913572,11.136592184193432,Serie A,2021-2022
1523,Danilo D&#039;Ambrosio,20,973,1,1.9922331124544144,1,0.0998666994273662,14,2,2,0,D S,Inter,1,1.9922331124544144,6.770738296210766,5.579721055924892,Serie A,2021-2022
1550,Luca Ceppitelli,24,1440,1,0.2965464927256107,1,0.1067993976175785,6,2,3,0,D S,Cagliari,1,0.2965464927256107,3.2828829744830728,3.155674177221954,Serie A,2021-2022
1624,Fabio Depaoli,24,792,1,0.6785360956564546,1,0.5527023114264011,10,6,4,0,D M S,"Sampdoria,Verona",1,0.6785360956564546,2.8235078137367964,2.021035793237388,Serie A,2021-2022
1927,Berat Gjimshiti,31,2250,1,1.7930147163569927,1,2.370840087532997,16,13,6,0,D S,Atalanta,1,1.7930147163569927,6.512713640928268,5.740067478269339,Serie A,2021-2022
1942,Martín Cáceres,14,827,1,0.2309370059520006,1,1.0318253999575973,7,5,3,1,D S,Cagliari,1,0.2309370059520006,2.629693580791354,2.005268422886729,Serie A,2021-2022
2116,Felipe Caicedo,12,289,1,1.267576428130269,2,0.9076989963650705,12,7,1,0,F S,"Genoa,Inter",1,1.267576428130269,2.0813899356871843,0.0144795998930931,Serie A,2021-2022
2244,Danilo,22,1895,1,0.8573665861040354,1,1.328511467203498,13,14,6,0,D M,Juventus,1,0.8573665861040354,8.310253189876676,7.8383340034633875,Serie A,2021-2022
2418,Álvaro Odriozola,25,1731,1,1.5371434390544891,1,3.062153078615665,4,26,4,1,D S,Fiorentina,1,1.5371434390544891,9.694873411208391,6.680299870669842,Serie A,2021-2022
3536,Jean-Victor Makengo,33,2364,1,3.075115140527487,3,2.194401397369802,32,26,5,1,M S,Udinese,1,3.075115140527487,9.388578641228378,4.821591094136238,Serie A,2021-2022
3785,Kelvin Adou,32,2656,1,3.004674978554249,1,1.3244880940765142,25,12,7,2,D S,Spezia,1,3.004674978554249,7.065598696004599,4.179351165425032,Serie A,2021-2022
4348,Tolgay Arslan,30,1689,1,1.1575385853648186,1,1.5047527067363262,23,15,9,0,M S,Udinese,1,1.1575385853648186,5.036288759671152,3.000266748480499,Serie A,2021-2022
4733,José Luis Palomino,34,2677,1,1.6755345957353711,0,0.2782709002494812,14,4,9,0,D S,Atalanta,1,1.6755345957353711,10.058068193495274,9.851314388215542,Serie A,2021-2022
4932,Pietro Pellegri,15,322,1,0.4889841955155134,0,0.2185137011110782,8,4,1,0,F S,"AC Milan,Torino",1,0.4889841955155134,0.8994472026824951,0.3606466092169285,Serie A,2021-2022
4939,Alessandro Bastoni,31,2338,1,0.2192311976104974,3,2.3262839131057262,8,14,4,0,D S,Inter,1,0.2192311976104974,13.273063968867064,12.759306952357292,Serie A,2021-2022
4942,Sofian Kiyine,26,1236,1,1.8619300378486516,0,2.7978722900152206,21,20,8,1,F M S,Venezia,1,1.1006340039893985,5.186787010170519,3.5997082851827145,Serie A,2021-2022
4951,Grigoris Kastanos,27,1343,1,1.4573867125436664,1,1.5414842888712883,28,28,4,1,M S,Salernitana,1,1.4573867125436664,4.457929014228284,2.923941431567073,Serie A,2021-2022
4959,Filippo Melegoni,25,951,1,0.5405196035280824,0,1.1774064851924777,13,16,1,0,M S,Genoa,1,0.5405196035280824,2.3177625108510256,1.1824755100533366,Serie A,2021-2022
4968,Giorgio Altare,19,1477,1,1.28025989420712,0,0.632922999560833,18,8,5,0,D S,Cagliari,1,1.28025989420712,2.9669230673462152,2.6951259141787887,Serie A,2021-2022
5103,Martin Hongla,18,641,1,1.6069288924336431,0,0.0841704979538917,9,2,3,0,M S,Verona,1,1.6069288924336431,4.012651929631829,2.36746771261096,Serie A,2021-2022
5226,Walace,36,2980,1,1.2438313206657767,0,2.226630668155849,47,30,6,1,M S,Udinese,1,1.2438313206657767,11.38927761092782,9.404915602877736,Serie A,2021-2022
5246,Diego Demme,19,688,1,0.7853630902245641,0,0.3567287027835846,2,5,4,0,M S,Napoli,1,0.7853630902245641,2.674134785309434,1.5858118031173944,Serie A,2021-2022
5661,Jonathan Ikone,17,641,1,1.7504971865564585,1,1.9796790331602097,16,9,1,0,F S,Fiorentina,1,1.7504971865564585,4.358890797942877,0.8323722891509533,Serie A,2021-2022
6125,Stanislav Lobotka,23,1693,1,0.081258900463581,0,0.7957296967506409,2,15,2,0,M S,Napoli,1,0.081258900463581,6.577915087342262,5.923180963844061,Serie A,2021-2022
6130,Daniel Bessa,24,742,1,0.3125631054863333,1,0.7907028906047344,10,11,3,1,M S,Verona,1,0.3125631054863333,3.907101195305586,3.0972462370991707,Serie A,2021-2022
6147,Denis Zakaria,9,596,1,1.3900226689875126,1,0.1411261977627873,9,3,1,0,M S,Juventus,1,1.3900226689875126,1.967302475124597,0.4619570933282375,Serie A,2021-2022
6155,Robin Gosens,13,619,1,1.5688585042953491,1,1.0674740932881832,18,7,3,0,D M S,"Atalanta,Inter",1,1.5688585042953491,4.557620592415333,3.336175438016653,Serie A,2021-2022
6174,Nikola Milenkovic,34,2941,1,1.491188301704824,0,0.5219579972326756,23,2,8,1,D,Fiorentina,1,1.491188301704824,8.216583410277963,8.14823735691607,Serie A,2021-2022
6175,Petko Hristov,17,1241,1,0.4949679970741272,1,0.7218432109802961,2,3,3,0,D S,Spezia,1,0.4949679970741272,2.7847846038639545,2.7708465941250324,Serie A,2021-2022
6176,Adam Marusic,33,2730,1,0.2303932001814246,1,0.5671647004783154,8,8,4,1,D S,Lazio,1,0.2303932001814246,7.77238810248673,7.1120892353355885,Serie A,2021-2022
6206,Bram Nuytinck,27,2044,1,1.1187280975282192,0,0.3523132791742682,10,3,2,0,D S,Udinese,1,1.1187280975282192,5.248267093673348,4.982411095872521,Serie A,2021-2022
6412,Raoul Bellanova,31,2512,1,1.8451987896114588,2,3.856579681858421,23,32,3,0,D M S,Cagliari,1,1.8451987896114588,8.85400214791298,3.972005711868405,Serie A,2021-2022
6517,Charalampos Lykogiannis,28,1820,1,0.9490609792992472,0,1.0042838994413614,22,12,2,0,D M S,Cagliari,1,0.9490609792992472,3.286148661747575,2.903364951722324,Serie A,2021-2022
6691,Dejan Kulusevski,20,758,1,2.578633788973093,3,1.5339280180633068,18,10,1,0,F M S,Juventus,1,2.578633788973093,5.610760862007737,1.741172606125474,Serie A,2021-2022
6696,Luca Ranieri,27,2142,1,1.1382296802476048,0,1.149532852228731,9,11,9,0,D M S,Salernitana,1,1.1382296802476048,5.155003025196493,2.9994365805760026,Serie A,2021-2022
6972,Federico Santander,7,58,1,0.4983201902359724,0,0.131864994764328,2,1,1,0,S,Bologna,1,0.4983201902359724,0.9532290101051332,0.3297570049762726,Serie A,2021-2022
6978,Giovanni Di Lorenzo,33,2876,1,0.9446245860308408,5,3.1449034959077835,20,33,3,0,D,Napoli,1,0.9446245860308408,12.126671373844149,9.97975343465805,Serie A,2021-2022
7003,Mehdi Bourabia,8,265,1,0.0178999006748199,0,0.0456153713166713,1,2,1,0,M S,Spezia,1,0.0178999006748199,1.2430179193615911,1.2164600268006325,Serie A,2021-2022
7013,Matteo Pessina,27,1442,1,2.280635805800557,1,1.395274292677641,28,24,0,0,F M S,Atalanta,1,2.280635805800557,9.607328966259956,6.697830958291888,Serie A,2021-2022
7375,Roberto Piccoli,17,384,1,1.891064386814833,0,0.2894601002335548,7,8,0,0,F S,"Atalanta,Genoa",1,1.891064386814833,2.358865076676011,0.1783406976610422,Serie A,2021-2022
7416,Merih Demiral,28,1914,1,2.5986907612532377,2,0.6976325884461403,24,4,8,0,D S,Atalanta,1,2.5986907612532377,5.928534297272563,4.060410477221012,Serie A,2021-2022
7530,Samuele Ricci,33,2263,1,0.6083244583569467,1,0.7998980944976211,12,11,2,1,M S,"Empoli,Torino",1,0.6083244583569467,6.671492205932736,5.992406753823161,Serie A,2021-2022
7609,Carles Pérez,19,510,1,1.4078603996895254,1,1.2061645584180951,27,15,2,0,M S,Roma,1,1.4078603996895254,3.5909228064119816,1.5406413692981005,Serie A,2021-2022
7625,Manolo Portanova,24,1348,1,3.688354975078255,0,0.499142101034522,29,9,5,0,M S,Genoa,1,3.688354975078255,4.190576751250774,0.3698945958167314,Serie A,2021-2022
7909,Gaetano Castrovilli,23,1399,1,1.1326025947928429,1,0.8773934002965689,15,14,4,0,M S,Fiorentina,1,1.1326025947928429,6.978097833693028,5.405743759125471,Serie A,2021-2022
7927,Sofyan Amrabat,23,900,1,0.126792499795556,0,0.198114700615406,4,8,6,0,M S,Fiorentina,1,0.126792499795556,1.5737239103764296,1.3870945181697607,Serie A,2021-2022
7933,Jerdy Schouten,17,1398,1,0.1513126008212566,1,0.8317093048244715,6,12,2,1,M S,Bologna,1,0.1513126008212566,6.800445258617401,6.48873795568943,Serie A,2021-2022
7938,Tommaso Augello,36,2387,1,0.5382193811237812,1,2.143815299496054,7,17,0,0,D M S,Sampdoria,1,0.5382193811237812,6.738634587265551,5.915148356929421,Serie A,2021-2022
8163,Daniel Maldini,8,142,1,0.5494755879044533,0,0.0502075999975204,3,1,1,0,M S,AC Milan,1,0.5494755879044533,0.713204987347126,0.1135220006108284,Serie A,2021-2022
8297,Alexis Saelemaekers,36,1866,1,3.180294256657362,3,4.113712633028626,39,38,2,0,F M S,AC Milan,1,3.180294256657362,14.044270288199186,8.275666370987892,Serie A,2021-2022
8311,Janis Antiste,18,798,1,1.22020323574543,0,0.2931845537386834,11,6,0,0,F M S,Spezia,1,1.22020323574543,1.538281285203993,0.3680864693596959,Serie A,2021-2022
8313,Pierre Kalulu Kyatengwa,28,1936,1,0.4048685040324926,2,0.9083080850541592,5,7,4,0,D S,AC Milan,1,0.4048685040324926,5.907109134830535,5.14138310495764,Serie A,2021-2022
8589,Flavio Junior Bianchi,7,320,1,0.8268589004874229,0,0.106056198477745,10,3,0,0,F S,Genoa,1,0.8268589004874229,1.3699676170945168,0.4752371050417423,Serie A,2021-2022
8828,Ivan Ilic,32,2544,1,2.436852065846324,4,1.610640867613256,22,19,5,1,M S,Verona,1,2.436852065846324,10.80234658997506,8.275647551752627,Serie A,2021-2022
9019,Lucas Martínez Quarta,20,1431,1,1.37527428381145,0,0.5826911982148886,16,5,8,0,D S,Fiorentina,1,1.37527428381145,5.396032679826021,5.226887412369251,Serie A,2021-2022
9071,Matteo Cancellieri,12,202,1,0.3565588854253292,0,0.1991318985819816,4,4,1,0,M S,Verona,1,0.3565588854253292,0.3074736967682838,0.0623117014765739,Serie A,2021-2022
9107,Giorgio Scalvini,18,763,1,1.8677612878382208,0,0.8144824262708426,15,5,1,0,D M S,Atalanta,1,1.8677612878382208,2.716971142217517,2.027929523959756,Serie A,2021-2022
9233,Joakim Maehle,26,1466,1,2.485087465494871,1,1.1485345046967268,21,16,2,0,D M S,Atalanta,1,2.485087465494871,8.260542530566454,5.316079888492823,Serie A,2021-2022
9344,Viktor Kovalenko,26,1313,1,0.3206662014126777,4,1.4791243812069297,9,17,4,0,F M S,Spezia,1,0.3206662014126777,4.2041265135630965,3.162253500893712,Serie A,2021-2022
9518,Edoardo Bove,11,56,1,0.0166567005217075,0,0.0,1,0,0,0,S,Roma,1,0.0166567005217075,0.3930920884013176,0.3930920884013176,Serie A,2021-2022
9841,Andrea Cambiaso,26,1799,1,0.6484461026266217,4,2.0022331327199936,14,15,3,1,D M S,Genoa,1,0.6484461026266217,3.506264320574701,1.1781919058412311,Serie A,2021-2022
9843,Caleb Ekuban,30,1712,1,3.9616252947598696,2,2.6464822944253683,38,17,2,0,F M S,Genoa,1,3.9616252947598696,6.922296969220042,1.44890009239316,Serie A,2021-2022
9849,Petar Stojanovic,33,2748,1,0.5318412985652685,1,2.4451792165637016,11,34,9,1,D S,Empoli,1,0.5318412985652685,8.422318620607257,6.5711854957044125,Serie A,2021-2022
9852,Leonardo Mancuso,8,432,1,1.8772080391645432,0,0.137076199054718,12,3,0,0,F S,Empoli,1,1.8772080391645432,2.262929528951645,0.3229048028588295,Serie A,2021-2022
9854,Kristjan Asllani,23,1334,1,0.7426949171349406,1,0.9284102972596884,17,6,2,0,M S,Empoli,1,0.7426949171349406,3.2731244610622525,2.3955240547657013,Serie A,2021-2022
9865,Andrea Schiavone,14,552,1,0.4747039154171943,0,0.5141424993053079,2,11,1,0,M S,Salernitana,1,0.4747039154171943,1.0916390903294086,0.4941945001482963,Serie A,2021-2022
9866,Nadir Zortea,29,1383,1,0.5093186926096678,2,1.558291520923376,16,16,3,0,D M S,Salernitana,1,0.5093186926096678,3.941432479768992,2.8364300904795527,Serie A,2021-2022
9882,Dennis Johnsen,27,1458,1,1.7242124937474728,2,3.240261210128665,15,24,2,0,F M S,Venezia,1,1.7242124937474728,5.408687021583319,1.0643508043140173,Serie A,2021-2022
9883,Francesco Forte,12,394,1,1.265053890645504,0,0.4483823999762535,11,4,3,0,F S,Venezia,1,1.265053890645504,1.3781151003204286,0.1012357133440673,Serie A,2021-2022
9904,Gianluca Busio,29,1961,1,0.7105171512812376,2,1.5203611855395138,14,15,8,0,M S,Venezia,1,0.7105171512812376,4.38904176466167,3.1134350541979074,Serie A,2021-2022
9952,Ridgeciano Haps,25,2070,1,0.5123381335288286,1,0.6422964530065656,11,13,6,0,D M S,Venezia,1,0.5123381335288286,4.064136115834117,3.17904869839549,Serie A,2021-2022
9985,Johan Vásquez,28,2292,1,0.9442784925922753,0,0.0927356975153088,15,4,7,0,D S,Genoa,1,0.9442784925922753,3.77454925281927,3.4447634476237,Serie A,2021-2022
10008,Cedric Gondo,14,716,1,1.5368833667598665,0,0.6315701045095921,19,12,1,0,F S,Salernitana,1,1.5368833667598665,1.9584856606088576,0.8101498037576675,Serie A,2021-2022
10023,David Strelec,10,512,1,0.2832682989537716,0,0.8686305768787861,4,7,0,0,F M S,Spezia,1,0.2832682989537716,1.9697608165442944,0.8178627975285053,Serie A,2021-2022
10084,Cristian Volpato,3,31,1,0.0682625025510788,0,0.0233808998018503,1,1,0,0,S,Roma,1,0.0682625025510788,0.1657540053129196,0.1657540053129196,Serie A,2021-2022
10366,Albert Gudmundsson,12,604,1,1.186206005513668,0,0.82218898832798,9,13,3,0,M S,Genoa,1,1.186206005513668,3.084912228398025,1.5265162205323577,Serie A,2021-2022
10378,Jovane Cabral,3,198,1,0.8664800133556128,0,0.0392397008836269,6,1,0,0,F S,Lazio,1,0.8664800133556128,1.2300002127885818,0.4138472005724907,Serie A,2021-2022
10505,Moustapha Cissé,3,28,1,0.4606040045619011,0,0.0,3,0,0,0,S,Atalanta,1,0.4606040045619011,0.4230944067239761,0.0,Serie A,2021-2022
82,Nadiem Amiri,13,689,0,0.8248426914215088,1,1.908687002491206,16,20,0,0,M S,Genoa,0,0.8248426914215088,2.942048020195216,0.6934649194590747,Serie A,2021-2022
257,Jeremy Toljan,20,1394,0,0.0898963026702404,0,1.2423426304012537,3,14,2,0,D S,Sassuolo,0,0.0898963026702404,6.638183988630772,5.525183925405145,Serie A,2021-2022
308,Ricardo Rodríguez,34,2480,0,0.2989967036992311,1,1.965804842300713,9,21,3,0,D S,Torino,0,0.2989967036992311,5.962701324373484,5.698368975892663,Serie A,2021-2022
329,Franck Ribéry,23,1422,0,0.89850870706141,3,3.750918978825212,12,30,3,0,F M S,Salernitana,0,0.89850870706141,5.683315388858318,2.9311634823679924,Serie A,2021-2022
451,Matija Nastasic,5,209,0,0.0729402005672454,0,0.0330897010862827,1,1,1,0,D S,Fiorentina,0,0.0729402005672454,0.3383122868835926,0.3052225857973099,Serie A,2021-2022
475,Lucas Leiva,35,1688,0,0.0946264024823904,1,0.3398288041353225,3,6,9,0,M S,Lazio,0,0.0946264024823904,6.712816031649709,6.398229727521539,Serie A,2021-2022
504,Aaron Ramsey,3,97,0,0.0,0,0.1508100032806396,0,2,0,0,M S,Juventus,0,0.0,0.9046973958611488,0.7538869976997375,Serie A,2021-2022
505,David Ospina,31,2790,0,0.0,0,0.0,0,0,1,0,GK,Napoli,0,0.0,3.2416265718638897,3.2416265718638897,Serie A,2021-2022
560,Sergio Romero,16,1440,0,0.0,0,0.0938476994633674,0,1,2,0,GK,Venezia,0,0.0,0.6044665966182947,0.5106188971549273,Serie A,2021-2022
570,Valon Behrami,10,287,0,0.0748426020145416,0,0.1445280015468597,1,1,3,0,M S,Genoa,0,0.0748426020145416,0.3581676036119461,0.1387970000505447,Serie A,2021-2022
621,Aleksandar Kolarov,3,38,0,0.0130425002425909,0,0.0,1,0,0,0,S,Inter,0,0.0130425002425909,0.5067075081169605,0.4936650078743696,Serie A,2021-2022
703,Fikayo Tomori,31,2722,0,1.9482456389814613,0,0.0577132706530392,12,4,4,0,D S,AC Milan,0,1.9482456389814613,9.618878487497568,9.56257788464427,Serie A,2021-2022
725,Ola Aina,21,1443,0,0.3442562967538833,0,1.7560260985046623,10,16,4,0,D M S,Torino,0,0.3442562967538833,4.156057491898537,2.476152328774333,Serie A,2021-2022
934,Axel Tuanzebe,1,7,0,0.0,0,0.0,0,0,0,0,S,Napoli,0,0.0,0.0847342982888221,0.0847342982888221,Serie A,2021-2022
1093,Mattia Perin,5,409,0,0.0,0,0.0,0,0,0,0,GK,Juventus,0,0.0,0.0257468000054359,0.0257468000054359,Serie A,2021-2022
1096,Armando Izzo,11,528,0,1.1593852136284113,0,0.0,5,0,4,0,D S,Torino,0,1.1593852136284113,0.5061224848031998,0.5061224848031998,Serie A,2021-2022
1098,Miguel Veloso,22,1347,0,0.5521616050973535,3,1.9493830800056455,17,26,5,1,M S,Verona,0,0.5521616050973535,6.228239044547081,5.0611922442913055,Serie A,2021-2022
1099,Tomás Rincón,24,1332,0,0.1758349984884262,0,0.1114638997241854,2,6,5,0,M S,"Sampdoria,Torino",0,0.1758349984884262,2.3455941630527377,2.0708911791443825,Serie A,2021-2022
1105,Riccardo Fiamozzi,10,627,0,0.0,1,1.107400394976139,0,6,1,0,D S,Empoli,0,0.0,2.241429228335619,1.8455160073935983,Serie A,2021-2022
1114,Davide Biraschi,14,938,0,0.0761725092306733,0,0.1134850028902292,3,3,4,0,D M S,Genoa,0,0.0761725092306733,0.887327903881669,0.7308453097939491,Serie A,2021-2022
1115,Goran Pandev,20,820,0,0.4907186068594455,1,0.9130786843597888,7,10,1,0,F S,Genoa,0,0.4907186068594455,2.16896840184927,0.9140897784382104,Serie A,2021-2022
1142,Samir,17,1430,0,1.144122315570712,0,0.0982082989066839,7,3,5,0,D,Udinese,0,1.144122315570712,3.225586051121354,3.117192044854164,Serie A,2021-2022
1175,Vincenzo Fiorillo,1,90,0,0.0,0,0.0,0,0,0,0,GK,Salernitana,0,0.0,0.0,0.0,Serie A,2021-2022
1182,Daniele Baselli,15,402,0,1.5297614578157663,1,0.8354044994339347,6,9,1,0,M S,"Cagliari,Torino",0,1.5297614578157663,2.5276450365781784,0.5174034088850021,Serie A,2021-2022
1183,Marco Benassi,18,505,0,0.9258521292358636,0,0.596231184899807,10,5,2,0,D M S,"Empoli,Fiorentina",0,0.9258521292358636,2.86757880076766,1.6132632549852133,Serie A,2021-2022
1190,Joel Obi,21,1145,0,1.7912557609379292,1,1.5770796854048967,10,14,4,0,D M S,Salernitana,0,1.7912557609379292,3.720191411674023,0.8556295000016689,Serie A,2021-2022
1195,Daniele Padelli,3,270,0,0.0,0,0.0,0,0,0,0,GK,Udinese,0,0.0,0.0878691971302032,0.0878691971302032,Serie A,2021-2022
1214,Thomas Strakosha,23,2070,0,0.0,0,0.0246869008988142,0,1,2,0,GK,Lazio,0,0.0,2.3877945225685835,2.3877945225685835,Serie A,2021-2022
1226,Karol Linetty,16,907,0,0.7249437030404806,1,1.2237114701420069,13,16,2,0,F M S,Torino,0,0.7249437030404806,2.572508908808232,1.4102649968117476,Serie A,2021-2022
1244,Wojciech Szczesny,33,2970,0,0.0,0,0.0896009770222008,0,3,2,0,GK,Juventus,0,0.0,4.171329610049725,4.09042302146554,Serie A,2021-2022
1246,Kostas Manolas,4,312,0,0.0,0,0.0,0,0,1,0,D S,Napoli,0,0.0,0.683130294084549,0.683130294084549,Serie A,2021-2022
1256,Kevin Strootman,10,641,0,0.0226405002176761,0,0.1370854005217552,1,3,4,0,M S,Cagliari,0,0.0226405002176761,1.5190749000757933,1.3819897938519716,Serie A,2021-2022
1264,Edoardo Goldaniga,12,941,0,0.7447349084541202,0,0.1490871980786323,5,4,3,0,D S,"Cagliari,Sassuolo",0,0.7447349084541202,1.4442505985498428,1.1334620080888271,Serie A,2021-2022
1273,Mato Jajalo,22,605,0,0.29065159894526,1,1.1888845320791006,5,8,2,0,M S,Udinese,0,0.29065159894526,3.2163876444101334,2.601545611396432,Serie A,2021-2022
1281,Giuseppe Pezzella,21,1070,0,0.4990763068199157,2,0.8740832135081291,9,9,3,0,D M S,Atalanta,0,0.4990763068199157,4.727848378941417,3.587828394025564,Serie A,2021-2022
1289,Alex Sandro,28,1777,0,1.074178292416036,1,1.8968807011842728,9,23,3,0,D S,Juventus,0,1.074178292416036,7.677789393812418,5.464324567466974,Serie A,2021-2022
1296,Stefano Sturaro,25,1802,0,0.3811079990118742,0,0.9531399104744196,9,8,11,0,F M S,Genoa,0,0.3811079990118742,3.92455318197608,2.6455230321735144,Serie A,2021-2022
1301,Daniele Rugani,12,876,0,0.1430075019598007,0,0.0141952997073531,2,1,2,0,D S,Juventus,0,0.1430075019598007,2.0401200875639915,2.0401200875639915,Serie A,2021-2022
1302,Emil Audero,29,2567,0,0.0,0,0.3043194077908993,0,2,2,0,GK,Sampdoria,0,0.0,2.5390619160607457,2.234742329455912,Serie A,2021-2022
1305,Lukasz Skorupski,36,3240,0,0.0,0,0.0,0,0,4,0,GK,Bologna,0,0.0,4.630526144057512,4.630526144057512,Serie A,2021-2022
1311,Rade Krunic,28,1407,0,0.6930702179670334,2,2.0759631283581257,10,17,2,0,M S,AC Milan,0,0.6930702179670334,4.754886619746685,3.326757125556469,Serie A,2021-2022
1316,Frederic Veseli,9,607,0,0.0131874997168779,0,0.0,1,0,1,1,D S,Salernitana,0,0.0131874997168779,0.1961544984951615,0.1829669987782836,Serie A,2021-2022
1358,Leonardo Capezzi,5,172,0,0.0,0,0.0,0,0,0,0,M S,Salernitana,0,0.0,0.1913935989141464,0.1913935989141464,Serie A,2021-2022
1360,Diego Falcinelli,6,59,0,0.2422309964895248,0,0.0,5,0,0,0,S,Bologna,0,0.2422309964895248,0.1379365995526313,0.0627268999814987,Serie A,2021-2022
1374,José Reina,15,1350,0,0.0,1,0.2545689940452575,0,1,3,0,GK,Lazio,0,0.0,2.1695396844297647,1.9149702955037355,Serie A,2021-2022
1377,Nikola Maksimovic,14,1115,0,0.0880853990092873,0,0.0543296001851558,3,2,2,0,D S,Genoa,0,0.0880853990092873,1.554725892841816,1.554725892841816,Serie A,2021-2022
1380,Amadou Diawara,4,169,0,0.0216389000415802,0,0.0157158002257347,1,1,0,0,M S,Roma,0,0.0216389000415802,0.4056231994181871,0.3899073991924524,Serie A,2021-2022
1387,Faouzi Ghoulam,14,313,0,0.1199453994631767,0,0.2374299988150596,3,7,1,0,D S,Napoli,0,0.1199453994631767,1.3477056063711643,1.3230045102536678,Serie A,2021-2022
1390,Marko Rog,8,302,0,0.2535246051847935,1,0.1269732024520635,7,4,0,0,M S,Cagliari,0,0.2535246051847935,0.7108764126896858,0.3873382899910211,Serie A,2021-2022
1392,Luigi Sepe,16,1398,0,0.0,0,0.0,0,0,2,0,GK,Salernitana,0,0.0,1.3489932045340538,1.3489932045340538,Serie A,2021-2022
1394,Lorenzo Tonelli,14,858,0,0.6913956087082624,0,0.311770997941494,7,6,4,0,D S,Empoli,0,0.6913956087082624,1.8676618076860905,1.7504743095487356,Serie A,2021-2022
1395,Vlad Chiriches,29,2311,0,0.509023817256093,0,0.0231860000640153,9,2,4,0,D S,Sassuolo,0,0.509023817256093,7.574807983823121,7.524773389101028,Serie A,2021-2022
1416,Ciprian Tatarusanu,6,540,0,0.0,0,0.0,0,0,0,0,GK,AC Milan,0,0.0,0.0713554993271827,0.0713554993271827,Serie A,2021-2022
1431,Sebastien De Maio,2,180,0,0.0,0,0.2945779860019684,0,1,0,0,D,Udinese,0,0.0,0.3877958487719297,0.093218257650733,Serie A,2021-2022
1432,Luca Lezzerini,6,499,0,0.0,0,0.0,0,0,2,0,GK,Venezia,0,0.0,0.6447939872741699,0.6447939872741699,Serie A,2021-2022
1448,Erick Pulgar,6,345,0,0.0735205020755529,1,0.666297709569335,3,7,2,0,M S,Fiorentina,0,0.0735205020755529,1.1571896970272064,0.9210153073072432,Serie A,2021-2022
1458,Ibrahima Mbaye,6,101,0,0.0,0,0.0,0,0,0,0,D S,Bologna,0,0.0,0.0,0.0,Serie A,2021-2022
1460,Andrea Consigli,37,3325,0,0.0,0,0.062084998935461,0,1,2,0,GK,Sassuolo,0,0.0,7.084045751951635,7.021960756741464,Serie A,2021-2022
1464,Federico Peluso,2,6,0,0.0,0,0.0,0,0,0,0,S,Sassuolo,0,0.0,0.0,0.0,Serie A,2021-2022
1466,Francesco Magnanelli,12,253,0,0.0323946606367826,0,0.0093724001199007,2,1,1,0,M S,Sassuolo,0,0.0323946606367826,2.2858413085341454,2.276929005980492,Serie A,2021-2022
1480,Gianluca Pegolo,1,90,0,0.0,0,0.0,0,0,0,0,GK,Sassuolo,0,0.0,0.0,0.0,Serie A,2021-2022
1483,Etrit Berisha,10,900,0,0.0,0,0.0,0,0,1,0,GK,Torino,0,0.0,0.2374525023624301,0.2374525023624301,Serie A,2021-2022
1485,Andrea Masiello,7,521,0,0.0501851998269557,0,0.0295282993465662,2,1,3,0,D S,Genoa,0,0.0501851998269557,0.7174411062151194,0.7174411062151194,Serie A,2021-2022
1500,Leonardo Spinazzola,3,135,0,0.0359289981424808,0,0.1006689965724945,2,1,1,0,D M S,Roma,0,0.0359289981424808,0.3970690071582794,0.3611400127410888,Serie A,2021-2022
1501,Marco Sportiello,5,450,0,0.0,0,0.0,0,0,0,0,GK,Atalanta,0,0.0,0.4756461977958679,0.4756461977958679,Serie A,2021-2022
1504,Alberto Grassi,30,2200,0,0.9566601058468224,2,1.898989240638912,24,15,4,1,M S,Cagliari,0,0.9566601058468224,5.920044085010886,3.972688978537917,Serie A,2021-2022
1505,Samir Handanovic,37,3330,0,0.0,0,0.0,0,0,1,0,GK,Inter,0,0.0,8.01733011007309,8.01733011007309,Serie A,2021-2022
1510,Gary Medel,33,2837,0,0.4289099872112274,1,0.3864760976284742,2,3,8,1,D S,Bologna,0,0.4289099872112274,7.45470514614135,7.409620163030922,Serie A,2021-2022
1515,Cristian Ansaldi,19,671,0,0.2795687019824981,3,2.760784862563014,7,17,2,0,D S,Torino,0,0.2795687019824981,2.6532164216041565,1.8015333656221628,Serie A,2021-2022
1522,Andrea Ranocchia,6,337,0,0.8782170116901398,0,0.0,2,0,1,0,D S,Inter,0,0.8782170116901398,2.3562569618225098,2.3562569618225098,Serie A,2021-2022
1539,Diego Perotti,11,254,0,1.5596918929368258,0,0.2329807979986071,10,5,1,0,M S,Salernitana,0,0.7983929011970758,1.6529399203136563,0.7433447949588299,Serie A,2021-2022
1541,Stefan de Vrij,30,2413,0,2.257809321396053,0,0.0,21,0,3,0,D S,Inter,0,2.257809321396053,13.359213259071112,13.179013293236494,Serie A,2021-2022
1542,Stefan Radu,10,553,0,0.0528112016618251,0,0.0,2,0,2,0,D S,Lazio,0,0.0528112016618251,1.119432583451271,1.100082591176033,Serie A,2021-2022
1555,Bartlomiej Dragowski,7,556,0,0.0,0,0.0,0,0,0,1,GK,Fiorentina,0,0.0,1.219416406005621,1.219416406005621,Serie A,2021-2022
1569,Valerio Verre,19,726,0,1.5020008776336908,1,0.7400472164154053,20,13,2,1,M S,"Empoli,Sampdoria",0,1.5020008776336908,5.775079570710659,4.063151307404041,Serie A,2021-2022
1576,Giorgio Chiellini,21,1345,0,0.8362672217190266,0,0.4100733064115047,4,7,2,0,D S,Juventus,0,0.8362672217190266,3.0758681651204824,2.7377726659178734,Serie A,2021-2022
1597,Cristian Molinaro,8,549,0,0.0,1,0.2662232965230942,0,5,0,0,D S,Venezia,0,0.0,1.0676009953022003,0.895210687071085,Serie A,2021-2022
1599,Norbert Gyömbér,31,2577,0,0.6787880966439843,0,0.7209518067538738,9,7,9,0,D S,Salernitana,0,0.6787880966439843,2.9463126799091697,2.79034907463938,Serie A,2021-2022
1601,Riccardo Marchizza,19,1355,0,0.3318889923393726,1,1.6436256654560566,8,12,4,0,D S,Empoli,0,0.3318889923393726,3.6504641138017178,2.943946831859648,Serie A,2021-2022
1605,Diego Farias,4,59,0,0.0316116996109485,0,0.0,1,0,0,0,S,Cagliari,0,0.0316116996109485,0.0680432990193367,0.0364315994083881,Serie A,2021-2022
1639,Sebastiano Luperto,24,1963,0,0.7671998981386423,2,0.3162702983245253,9,9,6,1,D S,Empoli,0,0.7671998981386423,3.503214285708964,3.3580684773623943,Serie A,2021-2022
1642,Simone Zaza,10,102,0,1.1122219264507294,0,0.0,8,0,1,0,S,Torino,0,1.1122219264507294,1.1754547208547592,0.1311269998550415,Serie A,2021-2022
1748,Lys Mousset,6,156,0,0.0771606974303722,1,0.2179717980325222,2,3,2,0,F M S,Salernitana,0,0.0771606974303722,0.4801206961274147,0.2368796989321708,Serie A,2021-2022
1750,Ainsley Maitland-Niles,8,500,0,0.2670712936669588,0,0.3509337063878774,3,5,0,0,D M S,Roma,0,0.2670712936669588,2.0108485724776983,1.4937861803919077,Serie A,2021-2022
1763,Stefano Okaka,2,17,0,0.0446489006280899,1,0.3497579991817474,1,1,1,0,S,Udinese,0,0.0446489006280899,0.4232183042913675,0.0288113001734018,Serie A,2021-2022
1792,Mário Rui,34,3016,0,1.7086689919233322,6,4.273376990109682,32,41,7,0,D,Napoli,0,1.7086689919233322,14.523830845952034,10.532133573666217,Serie A,2021-2022
1810,Roberto Soriano,35,2654,0,2.627323974855244,4,4.633131613023579,23,48,5,2,M S,Bologna,0,2.627323974855244,13.154801623895764,8.288509642705321,Serie A,2021-2022
1830,Ionut Radu,1,90,0,0.0,0,0.0,0,0,0,0,GK,Inter,0,0.0,0.3202010095119476,0.3202010095119476,Serie A,2021-2022
1886,Giacomo Satalino,1,5,0,0.0,0,0.0,0,0,0,0,S,Sassuolo,0,0.0,0.0,0.0,Serie A,2021-2022
1892,Alex Meret,7,630,0,0.0,0,0.0,0,0,0,0,GK,Napoli,0,0.0,1.0703408867120745,1.0703408867120745,Serie A,2021-2022
1896,Riccardo Gagliolo,17,1128,0,0.3534891987219453,1,0.4678159365430474,8,2,2,0,D S,Salernitana,0,0.3534891987219453,2.7531115179881454,2.0739719923585653,Serie A,2021-2022
1898,Stefano Sabelli,7,352,0,0.1677709966897964,0,0.106514997780323,3,2,3,0,D S,Genoa,0,0.1677709966897964,0.9534814208745956,0.6791955083608627,Serie A,2021-2022
1908,Vid Belec,23,1932,0,0.0,0,0.0,0,0,1,0,GK S,Salernitana,0,0.0,0.9733434906229376,0.9733434906229376,Serie A,2021-2022
1926,Boris Radunovic,3,270,0,0.0,0,0.0,0,0,0,0,GK,Cagliari,0,0.0,0.0312811993062496,0.0312811993062496,Serie A,2021-2022
1989,Francesco Bardi,2,179,0,0.0,0,0.0,0,0,0,0,GK,Bologna,0,0.0,0.0749066025018692,0.0749066025018692,Serie A,2021-2022
1997,Andrea Favilli,1,33,0,0.0,0,0.0,0,0,0,0,S,Genoa,0,0.0,0.0,0.0,Serie A,2021-2022
1998,Francesco Cassata,1,5,0,0.0,0,0.0,0,0,0,0,S,Genoa,0,0.0,0.0,0.0,Serie A,2021-2022
2005,Jacopo Dezi,1,14,0,0.0112137999385595,0,0.0182201992720365,1,1,0,0,S,Venezia,0,0.0112137999385595,0.029433999210596,0.0,Serie A,2021-2022
2040,Paolo Ghiglione,13,589,0,0.3559934999793768,1,0.9425588175654412,8,7,3,0,D S,Genoa,0,0.3559934999793768,1.7940595354884863,0.5793926082551479,Serie A,2021-2022
2252,Borja Mayoral,5,89,0,0.1417939960956573,0,0.0,1,0,0,0,F S,Roma,0,0.1417939960956573,0.1639583967626094,0.0221644006669521,Serie A,2021-2022
2264,Diego Godín,11,820,0,0.2729056002572179,1,0.1548978015780449,7,2,3,0,D S,Cagliari,0,0.2729056002572179,0.6229694038629532,0.3692259974777698,Serie A,2021-2022
2303,Samu Castillejo,5,123,0,0.1244515031576156,0,0.1841271072626114,2,2,1,0,M S,AC Milan,0,0.1244515031576156,0.5269022062420845,0.2542951051145792,Serie A,2021-2022
2371,Cristiano Ronaldo,1,28,0,0.2049690037965774,0,0.0353769995272159,1,1,1,0,S,Juventus,0,0.2049690037965774,0.0513100996613502,0.0159331001341342,Serie A,2021-2022
2437,Gonzalo Escalante,1,8,0,0.0,0,0.0,0,0,0,0,S,Lazio,0,0.0,0.0,0.0,Serie A,2021-2022
3014,Stefan Strandberg,11,933,0,0.3865059074014425,0,0.4394097104668617,9,2,0,1,D,Salernitana,0,0.3865059074014425,1.6413101945072412,1.2730201873928308,Serie A,2021-2022
3066,Aleksandr Kokorin,6,40,0,0.0,0,0.0,0,0,1,0,S,Fiorentina,0,0.0,0.0669459998607635,0.0669459998607635,Serie A,2021-2022
3209,Jean-Daniel Akpa-Akpro,10,310,0,0.2226017005741596,0,0.0257919998839497,3,2,1,0,M S,Lazio,0,0.2226017005741596,0.1991478959098458,0.0869672009721398,Serie A,2021-2022
3259,Adam Ounas,15,296,0,0.58317069709301,0,0.7548049874603748,13,12,1,0,M S,Napoli,0,0.58317069709301,2.071938708424568,1.1636446984484792,Serie A,2021-2022
3291,Adrien Rabiot,32,2303,0,1.6153665278106928,2,2.410898270085454,26,21,5,0,M S,Juventus,0,1.6153665278106928,7.945747874677181,5.336479272693396,Serie A,2021-2022
3301,Salvatore Sirigu,37,3330,0,0.0,0,0.0,0,0,0,0,GK,Genoa,0,0.0,1.9620794896036384,1.9620794896036384,Serie A,2021-2022
3334,Lassana Coulibaly,31,2355,0,1.0383487017825246,0,0.2180584948509931,22,10,3,0,M S,Salernitana,0,1.0383487017825246,4.34406553208828,3.266938244458288,Serie A,2021-2022
3356,Adama Soumaoro,28,2261,0,1.4297180324792862,0,0.0,8,0,6,2,D S,Bologna,0,1.4297180324792862,6.943343936465681,6.54607695247978,Serie A,2021-2022
3429,Tiemoué Bakayoko,14,482,0,0.4939489979296922,0,0.4099559858441353,4,3,3,0,M S,AC Milan,0,0.4939489979296922,2.4602309186011557,1.9682861976325512,Serie A,2021-2022
3544,Jeremie Boga,27,1429,0,2.454997547902167,2,2.474126199260354,36,27,0,0,F M S,"Atalanta,Sassuolo",0,2.454997547902167,7.190248288214207,3.21728090941906,Serie A,2021-2022
3550,Koffi Djidji,25,1753,0,0.9496477162465452,0,0.0655342992395162,10,3,4,1,D S,Torino,0,0.9496477162465452,4.114658735692501,3.94366554915905,Serie A,2021-2022
3586,Jean-Pierre Nsamé,11,221,0,0.6355701759457588,1,0.4312663897871971,5,4,0,0,F S,Venezia,0,0.6355701759457588,0.8857215940952301,0.1028072014451026,Serie A,2021-2022
3632,Kevin Malcuit,8,284,0,0.0360753014683723,1,0.4005499109625816,1,2,3,0,D S,Napoli,0,0.0360753014683723,0.8234610836952925,0.3868351932615042,Serie A,2021-2022
3674,Abdoulaye Touré,8,448,0,0.1236350918188691,0,0.0774196982383728,4,2,1,0,M S,Genoa,0,0.1236350918188691,0.5355324121192098,0.3444582093507051,Serie A,2021-2022
3737,Mike Maignan,32,2880,0,0.0,1,0.232414998114109,0,2,1,0,GK,AC Milan,0,0.0,4.1196687035262585,3.887254100292921,Serie A,2021-2022
3821,Rolando Mandragora,21,1316,0,0.9883431065827608,2,3.088746013119817,23,31,5,1,M S,Torino,0,0.9883431065827608,6.372006334364414,4.3899502996355295,Serie A,2021-2022
3927,Alessio Cragno,35,3150,0,0.0,0,0.0,0,0,3,0,GK,Cagliari,0,0.0,0.9792421106249094,0.9792421106249094,Serie A,2021-2022
3951,Kevin Bonifazi,22,1202,0,0.8662743829190731,0,0.8927247822284698,9,4,2,1,D S,Bologna,0,0.8662743829190731,3.330414302647114,3.242019385099411,Serie A,2021-2022
3985,Sebastian Giovinco,2,34,0,0.0613032989203929,0,0.0,1,0,0,0,S,Sampdoria,0,0.0613032989203929,0.0613032989203929,0.0,Serie A,2021-2022
4536,Nani,10,276,0,0.0812763012945652,1,0.6885989997535944,3,6,1,0,F M S,Venezia,0,0.0812763012945652,0.8816940002143383,0.5243286024779081,Serie A,2021-2022
4699,Simon Kjaer,11,803,0,0.4025834947824478,0,0.3777619898319244,5,2,2,0,D S,AC Milan,0,0.4025834947824478,1.9413573993369937,1.5635959906503558,Serie A,2021-2022
4897,Zinho Vanheusden,14,991,0,0.1878612982109189,0,0.1197040006518364,7,1,3,0,D S,Genoa,0,0.1878612982109189,1.3728188341483474,1.3308900743722916,Serie A,2021-2022
4907,Bartosz Bereszynski,35,2965,0,0.6542012002319098,3,1.851365259848535,6,21,12,0,D M,Sampdoria,0,0.6542012002319098,5.202215551398695,4.298130807466805,Serie A,2021-2022
4912,Paolo Faragò,1,15,0,0.4427419900894165,0,0.0,2,0,0,0,S,Cagliari,0,0.4427419900894165,0.4427419900894165,0.0,Serie A,2021-2022
4920,Matteo Gabbia,8,545,0,0.0129901003092527,0,0.0567464008927345,1,1,3,0,D S,AC Milan,0,0.0129901003092527,1.1197961047291756,1.063050098717213,Serie A,2021-2022
4940,Francesco Rossi,1,36,0,0.0,0,0.0,0,0,0,0,S,Atalanta,0,0.0,0.0,0.0,Serie A,2021-2022
4941,Hans Hateboer,21,1398,0,1.8160647405311463,0,0.9317462146282196,17,13,1,0,D M S,Atalanta,0,1.8160647405311463,6.685122180730104,5.302837373688817,Serie A,2021-2022
4943,Emanuel Vignato,24,556,0,0.2738804966211319,1,1.2379210032522678,5,11,2,0,M S,Bologna,0,0.2738804966211319,2.4479132806882262,1.2102777985855937,Serie A,2021-2022
4952,Filippo Delli Carri,5,330,0,0.1857407987117767,0,0.065889298915863,4,1,1,0,D S,Salernitana,0,0.1857407987117767,0.1655669501051306,0.0859794532880187,Serie A,2021-2022
4970,Luca Pellegrini,18,1122,0,0.1947389962151646,1,1.596484523266554,6,13,6,0,D M S,Juventus,0,0.1947389962151646,4.225424867123365,3.352605666965246,Serie A,2021-2022
4984,Wladimiro Falcone,10,851,0,0.0,0,0.0,0,0,2,0,GK S,Sampdoria,0,0.0,0.1824249010533094,0.1824249010533094,Serie A,2021-2022
5025,Alessandro Buongiorno,23,1174,0,0.4119126945734024,2,0.6689928993582726,6,5,5,0,D S,Torino,0,0.4119126945734024,2.976537872105837,2.351450946182013,Serie A,2021-2022
5028,Gianluca Frabotta,2,16,0,0.0,0,0.0,0,0,0,0,S,Verona,0,0.0,0.0,0.0,Serie A,2021-2022
5509,Hernani,18,667,0,0.4549279976636171,0,0.4201340079307556,10,2,0,0,F M S,Genoa,0,0.4549279976636171,0.6017846073955297,0.0644779000431299,Serie A,2021-2022
5699,Dalbert,28,2117,0,1.2533789714798331,2,1.917811607941985,10,29,9,0,D F M S,Cagliari,0,1.2533789714798331,4.961004918441176,2.711892871186137,Serie A,2021-2022
5803,Fode Toure,10,435,0,0.2721816077828407,0,0.159680699929595,2,5,2,0,D S,AC Milan,0,0.2721816077828407,0.8058351892977953,0.6461544930934906,Serie A,2021-2022
6053,Niki Mäenpää,17,1481,0,0.0,1,0.2603220045566559,0,1,1,0,GK S,Venezia,0,0.0,0.8747111912816763,0.6143894027918577,Serie A,2021-2022
6107,Carlo Pinsoglio,1,41,0,0.0,0,0.0,0,0,0,0,S,Juventus,0,0.0,0.0,0.0,Serie A,2021-2022
6108,Rodrigo Bentancur,19,1164,0,0.4962538061663508,2,0.8821825888007879,8,11,1,0,M S,Juventus,0,0.4962538061663508,6.5250401850789785,5.512392750009894,Serie A,2021-2022
6132,Marco Silvestri,35,3150,0,0.0,0,0.0411398001015186,0,2,1,0,GK,Udinese,0,0.0,1.9815212152898312,1.9403815101832151,Serie A,2021-2022
6148,Michaël Cuisance,13,948,0,0.6864330172538757,0,1.065630091354251,6,10,2,0,F M,Venezia,0,0.6864330172538757,2.9593493323773146,1.459435110911727,Serie A,2021-2022
6159,Gianluca Mancini,33,2900,0,3.182947098277509,0,0.5458457041531801,24,7,14,1,D,Roma,0,3.182947098277509,7.001297898590565,6.823169715702534,Serie A,2021-2022
6161,Nicolas Haas,16,1010,0,0.575326593592763,2,0.9834335073828696,7,13,3,0,M S,Empoli,0,0.575326593592763,3.0378732169047,2.025161028839648,Serie A,2021-2022
6167,Vanja Milinkovic-Savic,27,2430,0,0.0793048962950706,0,0.0,1,0,3,0,GK,Torino,0,0.0793048962950706,4.184856506064534,4.184856506064534,Serie A,2021-2022
6169,Giovanni Crociata,1,14,0,0.1248359978199005,0,0.0,1,0,0,0,S,Empoli,0,0.1248359978199005,0.1432770043611526,0.0184413995593786,Serie A,2021-2022
6177,Luiz Felipe,31,2501,0,0.3730597756803036,0,0.1546626035124063,5,3,9,1,D S,Lazio,0,0.3730597756803036,5.45508424192667,5.300421942025423,Serie A,2021-2022
6191,Lorenzo Venuti,23,1589,0,0.2136179003864526,0,0.3296801056712866,7,8,4,0,D S,Fiorentina,0,0.2136179003864526,4.044431060552597,3.682244658470154,Serie A,2021-2022
6196,Nicolas Viola,6,100,0,0.0186106003820896,0,0.0,1,0,0,0,M S,Bologna,0,0.0186106003820896,0.0186106003820896,0.0,Serie A,2021-2022
6203,Eddie Salcedo,12,417,0,1.551154773682356,0,0.183208804577589,16,5,1,0,F M S,Spezia,0,1.551154773682356,2.4536580462008715,1.0881956983357668,Serie A,2021-2022
6212,Mattia Bani,17,1207,0,0.9018031880259514,0,0.0710708014667034,8,3,1,0,D S,Genoa,0,0.9018031880259514,1.5460465913638473,1.0435093073174355,Serie A,2021-2022
6213,Pawel Jaroszynski,13,497,0,0.0621457006782293,0,0.5457022916525602,2,6,2,0,D S,Salernitana,0,0.0621457006782293,1.008443612605333,0.6393336094915867,Serie A,2021-2022
6262,Jens Stryger Larsen,11,692,0,0.7249360084533691,1,0.8821040447801352,9,10,0,0,D S,Udinese,0,0.7249360084533691,2.0988864144310355,0.6537574175745249,Serie A,2021-2022
6303,Marvin Zeegelaar,14,631,0,0.1697948034852743,0,0.0122766997665166,3,1,3,0,D S,Udinese,0,0.1697948034852743,2.066951597109437,1.9572131931781769,Serie A,2021-2022
6312,Rogerio,23,1730,0,0.3894277960062027,1,1.7737911017611625,14,27,5,0,D S,Sassuolo,0,0.3894277960062027,7.108499303460121,6.370468644425273,Serie A,2021-2022
6316,Panagiotis Retsos,5,44,0,0.0,0,0.0345814004540443,0,1,0,0,D S,Verona,0,0.0,0.0446625016629695,0.0100811002776026,Serie A,2021-2022
6324,Marash Kumbulla,17,1040,0,0.7125899009406567,0,0.0920515968464315,7,3,6,0,D S,Roma,0,0.7125899009406567,1.708142690360546,1.659832388162613,Serie A,2021-2022
6362,Rick Karsdorp,36,2901,0,0.0390581609681248,2,4.935753049328923,2,43,7,1,D M S,Roma,0,0.0390581609681248,12.112335225567222,9.895939745008944,Serie A,2021-2022
6369,Ethan Ampadu,29,2296,0,0.2230439968407154,3,1.4638674054294825,7,15,11,2,D M S,Venezia,0,0.2230439968407154,6.175230481661856,4.751330646686256,Serie A,2021-2022
6387,Luca Gagliano,2,9,0,0.0,0,0.0,0,0,0,0,S,Cagliari,0,0.0,0.0,0.0,Serie A,2021-2022
6434,Franck Zambo,25,1915,0,1.1511383997276423,2,1.5084892958402634,20,23,5,0,M S,Napoli,0,1.1511383997276423,7.551826101727784,6.094429315067828,Serie A,2021-2022
6443,Ben Kone,1,83,0,0.0,0,0.1177510023117065,0,2,0,0,S,Torino,0,0.0,0.4153270125389099,0.3341319859027862,Serie A,2021-2022
6464,Adrien Silva,17,1082,0,0.2697491953149438,1,0.3292631050571799,8,8,3,1,M S,Sampdoria,0,0.2697491953149438,5.165899973362684,4.802823064848781,Serie A,2021-2022
6551,Damir Ceter,1,4,0,0.0,0,0.0,0,0,0,0,S,Cagliari,0,0.0,0.0,0.0,Serie A,2021-2022
6704,Kingsley Michael,2,81,0,0.0107262004166841,0,0.0,1,0,0,0,M S,Bologna,0,0.0107262004166841,0.1095143985003233,0.0987881999462843,Serie A,2021-2022
6849,Rui Patrício,38,3420,0,0.0,0,0.0,0,0,2,0,GK,Roma,0,0.0,3.962579394690693,3.962579394690693,Serie A,2021-2022
6902,Toma Basic,29,953,0,1.5776849826797843,2,1.048076719045639,16,6,3,0,M S,Lazio,0,1.5776849826797843,4.117382510565221,2.073049093596637,Serie A,2021-2022
6929,Adrian Semper,1,90,0,0.0,0,0.0,0,0,0,0,GK,Genoa,0,0.0,0.0,0.0,Serie A,2021-2022
6941,Davide Marfella,1,1,0,0.0,0,0.0,0,0,0,0,S,Napoli,0,0.0,0.0,0.0,Serie A,2021-2022
6942,Arthur,20,938,0,0.1194669976830482,0,0.4900059914216399,2,6,3,0,M S,Juventus,0,0.1194669976830482,5.789945802651346,5.263425547629595,Serie A,2021-2022
6971,Mitchell Dijks,16,685,0,0.6686185710132122,1,1.2283749794587493,4,7,2,0,D M S,Bologna,0,0.6686185710132122,3.318991585634649,2.421639535576105,Serie A,2021-2022
6977,Pietro Terracciano,32,2861,0,0.0,0,0.0374608002603054,0,1,0,0,GK S,Fiorentina,0,0.0,6.7265789825469255,6.68911818228662,Serie A,2021-2022
6982,Ivan Provedel,31,2772,0,0.0067149298265576,0,0.0,1,0,2,0,GK,Spezia,0,0.0067149298265576,3.684324742294848,3.6776098124682894,Serie A,2021-2022
6985,Samuel Mráz,2,47,0,0.0127622997388243,0,0.0,1,0,0,0,S,Spezia,0,0.0127622997388243,0.0127622997388243,0.0,Serie A,2021-2022
7002,Giangiacomo Magnani,18,754,0,0.4204841032624244,0,0.0,5,0,3,1,D S,"Sampdoria,Verona",0,0.4204841032624244,2.018507200293243,2.018507200293243,Serie A,2021-2022
7014,Arkadiusz Reca,25,1776,0,0.5132035929709673,2,2.299255669116974,8,13,3,0,D S,Spezia,0,0.5132035929709673,5.807302979752421,3.58139543235302,Serie A,2021-2022
7092,Koray Günter,30,2422,0,0.2319202991202473,0,0.7994436770677567,6,7,11,0,D S,Verona,0,0.2319202991202473,5.924870283342898,5.7795066917315125,Serie A,2021-2022
7095,Juan Musso,33,2932,0,0.0,0,0.0,0,0,1,1,GK,Atalanta,0,0.0,2.588194193318486,2.588194193318486,Serie A,2021-2022
7096,Omar Colley,32,2752,0,1.2040945645421743,0,0.0,11,0,6,1,D S,Sampdoria,0,1.2040945645421743,4.464564238674939,3.9366877200081936,Serie A,2021-2022
7097,Ronaldo Vieira,14,472,0,0.0803242027759552,0,0.0,1,0,3,0,M S,Sampdoria,0,0.0803242027759552,0.9706855928525328,0.8903613900765777,Serie A,2021-2022
7136,Arnór Sigurdsson,9,160,0,0.1058090031147003,0,0.0349267106503248,1,2,0,0,S,Venezia,0,0.1058090031147003,0.2159748058766126,0.0752395475283265,Serie A,2021-2022
7324,Luca Gemello,1,90,0,0.0,0,0.0,0,0,0,0,GK,Torino,0,0.0,0.0,0.0,Serie A,2021-2022
7387,Dimitris Nikolaou,36,3240,0,0.1232165964320302,0,0.1504504978656768,3,2,7,0,D,Spezia,0,0.1232165964320302,6.956143254414201,6.864680148661137,Serie A,2021-2022
7393,Simone Trimboli,5,56,0,0.0,0,0.4173028990626335,0,2,1,0,S,Sampdoria,0,0.0,0.5636885026469827,0.1463857004418969,Serie A,2021-2022
7411,Nicolo Rovella,21,1471,0,0.5444885035976768,3,3.0253406148403883,16,30,5,0,M S,Genoa,0,0.5444885035976768,3.427753939293325,2.231569893658161,Serie A,2021-2022
7417,Christian Oliva,4,42,0,0.0,0,0.0,0,0,0,0,S,Cagliari,0,0.0,0.0,0.0,Serie A,2021-2022
7507,Gianluca Gaetano,2,17,0,0.0,0,0.0,0,0,0,0,S,Napoli,0,0.0,0.0,0.0,Serie A,2021-2022
7516,Nehuén Pérez,20,1695,0,1.122168048284948,1,0.6087151952087879,10,6,6,0,D S,Udinese,0,1.122168048284948,3.073169058188796,2.340994577854872,Serie A,2021-2022
7911,Aleksa Terzic,14,237,0,0.0,1,0.6666677221655846,0,5,1,0,D S,Fiorentina,0,0.0,0.9477820117026567,0.3875107057392597,Serie A,2021-2022
7923,Pawel Dawidowicz,17,1186,0,0.5892601013183594,0,0.2236727979034185,6,6,3,0,D S,Verona,0,0.5892601013183594,3.276966944336891,3.2098670713603497,Serie A,2021-2022
7930,Alessandro Berardi,1,90,0,0.0,0,0.0,0,0,0,0,GK,Verona,0,0.0,0.0,0.0,Serie A,2021-2022
7931,Takehiro Tomiyasu,1,6,0,0.0,0,0.0820987969636917,0,1,0,0,S,Bologna,0,0.0,0.0820987969636917,0.0820987969636917,Serie A,2021-2022
7934,Andreas Skov Olsen,18,732,0,1.289031982421875,2,0.2816924061626196,7,8,0,0,D M S,Bologna,0,1.289031982421875,3.4357371982187037,2.2166203698143363,Serie A,2021-2022
7937,Julian Chabot,11,477,0,0.0460567008703947,0,0.0,3,0,5,0,D S,Sampdoria,0,0.0460567008703947,0.2868619970977306,0.2868619970977306,Serie A,2021-2022
7940,Denis Vavro,1,5,0,0.0,0,0.0,0,0,0,0,S,Lazio,0,0.0,0.0373972989618778,0.0373972989618778,Serie A,2021-2022
7941,André Anderson,4,56,0,0.1357080042362213,0,0.0,1,0,1,0,S,Lazio,0,0.1357080042362213,0.1357080042362213,0.0,Serie A,2021-2022
7943,Igor Julio,30,2224,0,0.4268191941082477,0,0.7489906940609217,7,6,3,0,D S,Fiorentina,0,0.4268191941082477,6.953881897032261,6.824186898767948,Serie A,2021-2022
7950,Mert Müldür,31,2049,0,0.5145382955670357,1,0.8852286012843251,9,13,5,0,D M S,Sassuolo,0,0.5145382955670357,9.504096132703124,8.245286758057773,Serie A,2021-2022
7953,Nahitan Nández,21,1516,0,0.9003147603943944,2,2.53823110088706,20,22,4,0,D F M S,Cagliari,0,0.9003147603943944,5.459222175180912,2.8322286903858185,Serie A,2021-2022
7993,Ernesto Torregrossa,10,99,0,0.0,0,0.0696303024888038,0,2,1,0,S,Sampdoria,0,0.0,0.1859313026070594,0.1362622007727623,Serie A,2021-2022
7994,Ales Mateju,9,739,0,0.1863000988960266,1,1.2702162377536297,2,7,3,0,D,Venezia,0,0.1863000988960266,2.0452349931001663,1.8719002977013588,Serie A,2021-2022
8007,Yildirim Mert Cetin,2,42,0,0.0,0,0.0,0,0,0,0,S,Verona,0,0.0,0.0,0.0,Serie A,2021-2022
8030,Sebastian Walukiewicz,7,305,0,0.5875319838523865,0,0.0189171005040407,1,1,1,0,D S,Cagliari,0,0.5875319838523865,0.0566312000155448,0.0566312000155448,Serie A,2021-2022
8034,Georgios Kyriakopoulos,29,1973,0,1.253511367365718,5,3.974140614271164,30,36,6,0,D M S,Sassuolo,0,1.253511367365718,9.310140245594084,6.712688433006406,Serie A,2021-2022
8035,Samuel Di Carmine,1,31,0,0.0183419995009899,0,0.0,1,0,1,0,S,Verona,0,0.0183419995009899,0.0,0.0,Serie A,2021-2022
8037,Marley Aké,4,67,0,0.0,0,0.0,0,0,1,0,S,Juventus,0,0.0,0.1191750019788742,0.1191750019788742,Serie A,2021-2022
8129,Riccardo Calafiori,9,251,0,0.0535484999418258,1,0.6805030107498169,1,1,3,0,D S,"Genoa,Roma",0,0.0535484999418258,1.038158781826496,0.9846102818846704,Serie A,2021-2022
8130,Ebrima Darboe,1,65,0,0.0630452036857605,0,0.0,1,0,0,0,M,Roma,0,0.0630452036857605,0.1143359988927841,0.0512908995151519,Serie A,2021-2022
8154,Edoardo Vergani,6,84,0,0.0,0,0.0,0,0,0,0,M S,Salernitana,0,0.0,0.2396019026637077,0.2396019026637077,Serie A,2021-2022
8161,Ebrima Colley,11,388,0,0.7421110942959785,0,1.731174413114786,12,5,1,0,F M S,Spezia,0,0.7421110942959785,3.4478340707719326,1.0251386146992445,Serie A,2021-2022
8221,Brian Oddei,2,7,0,0.1501560062170028,0,0.0,1,0,0,0,S,Sassuolo,0,0.1501560062170028,0.1758426055312156,0.1758426055312156,Serie A,2021-2022
8232,Andrea Carboni,30,2220,0,0.6184507980942726,0,0.1091781007125973,10,4,6,0,D S,Cagliari,0,0.6184507980942726,3.8889032807201143,3.714585004374385,Serie A,2021-2022
8238,Filip Benkovic,2,2,0,0.0416385009884834,0,0.0,1,0,0,0,S,Udinese,0,0.0416385009884834,0.0,0.0,Serie A,2021-2022
8252,Nicolás Domínguez,28,2025,0,0.9261136036366224,3,2.414311516098678,21,27,7,0,M S,Bologna,0,0.9261136036366224,7.825958494096994,5.847233111038804,Serie A,2021-2022
8309,Kristoffer Askildsen,19,746,0,0.3338443078100681,0,0.127532497048378,8,2,5,0,M S,Sampdoria,0,0.3338443078100681,1.82129380106926,1.560652006417513,Serie A,2021-2022
8429,Luka Romero,8,61,0,0.0146153001114726,0,0.0618565008044242,1,1,0,0,S,Lazio,0,0.0146153001114726,0.1405394989997148,0.1259240973740816,Serie A,2021-2022
8475,Bosko Sutalo,24,891,0,0.0952152982354164,0,0.0691033005714416,4,1,0,0,D M S,Verona,0,0.0952152982354164,2.131026329472661,2.0291904099285603,Serie A,2021-2022
8487,Martin Palumbo,1,11,0,0.0,0,0.0,0,0,0,0,S,Juventus,0,0.0,0.0,0.0,Serie A,2021-2022
8512,Filippo Terracciano,1,6,0,0.0,0,0.0,0,0,0,0,S,Verona,0,0.0,0.0,0.0,Serie A,2021-2022
8522,Matteo Lovato,22,1543,0,0.3941189041361213,1,0.2810775954276323,7,6,5,0,D S,"Atalanta,Cagliari",0,0.3941189041361213,3.2364262230694294,2.9453389272093773,Serie A,2021-2022
8584,Raul Moro,11,175,0,0.2032729983329773,1,0.2323821010068059,2,6,0,0,F S,Lazio,0,0.2032729983329773,0.539667702279985,0.3215425964444875,Serie A,2021-2022
8639,Brandon Soppy,28,741,0,0.420774407684803,0,0.2742531932890415,6,6,4,0,D M S,Udinese,0,0.420774407684803,1.361160491593182,0.8348646881058812,Serie A,2021-2022
8819,Mergim Vojvoda,29,1987,0,1.1955074965953827,3,2.576280161738396,18,21,3,0,D S,Torino,0,1.1955074965953827,9.67037783190608,6.21023943182081,Serie A,2021-2022
8829,Nicolò Casale,36,2606,0,0.5773273911327124,2,1.0186066050082443,10,11,10,0,D S,Verona,0,0.5773273911327124,5.74027282372117,4.7650231420993805,Serie A,2021-2022
8830,Ivor Pandur,3,270,0,0.0,0,0.0,0,0,0,0,GK,Verona,0,0.0,0.1775509007275104,0.1775509007275104,Serie A,2021-2022
8856,Razvan Marin,36,2818,0,1.8042722065001728,5,5.883034013211727,41,68,4,1,F M S,Cagliari,0,1.8042722065001728,11.021743698045611,7.452119631692767,Serie A,2021-2022
8857,Gabriele Zappa,25,1124,0,0.2858276991173625,0,0.6607157168909907,6,7,2,1,D M S,Cagliari,0,0.2858276991173625,2.633573261089623,2.1435143491253257,Serie A,2021-2022
8858,Guglielmo Vicario,38,3420,0,0.0,0,0.0119703002274036,0,1,1,0,GK,Empoli,0,0.0,6.050675278529525,6.038704281672835,Serie A,2021-2022
8859,Mikkel Damsgaard,11,573,0,0.5251408033072948,0,0.5429018875584006,12,11,1,0,M S,Sampdoria,0,0.5251408033072948,2.403517924249172,1.6756899803876877,Serie A,2021-2022
8860,Nicola Ravaglia,1,2,0,0.0,0,0.0,0,0,0,0,S,Sampdoria,0,0.0,0.0,0.0,Serie A,2021-2022
8870,Sam Lammers,2,34,0,0.0,0,0.0,0,0,0,0,S,Atalanta,0,0.0,0.0585794001817703,0.0585794001817703,Serie A,2021-2022
8872,Matteo Ruggeri,14,680,0,0.1295975986868143,0,0.2893051020801067,3,4,1,0,D S,Salernitana,0,0.1295975986868143,1.4435505773872137,1.2521012742072344,Serie A,2021-2022
8881,Lorenzo Montipò,34,3060,0,0.0,0,0.0,0,0,1,0,GK,Verona,0,0.0,1.6116502797231078,1.6116502797231078,Serie A,2021-2022
8908,Jeroen Zoet,7,630,0,0.0,0,0.0,0,0,0,0,GK,Spezia,0,0.0,0.1239273967221379,0.1239273967221379,Serie A,2021-2022
8914,Salvador Ferrer,27,1485,0,0.2125976588577032,2,1.5608881805092096,6,15,3,0,D M S,Spezia,0,0.2125976588577032,5.639910189434886,4.724345894530416,Serie A,2021-2022
8915,Luca Vignali,2,87,0,0.0,0,0.0,0,0,0,0,D S,Spezia,0,0.0,0.0669464981183409,0.0669464981183409,Serie A,2021-2022
9001,Martín Satriano,4,30,0,0.0,0,0.0361334010958671,0,1,0,0,S,Inter,0,0.0,0.0,0.0,Serie A,2021-2022
9002,Vedat Muriqi,11,186,0,0.807509783655405,0,0.0,4,0,1,0,F S,Lazio,0,0.807509783655405,0.8750349255278707,0.0675256000831723,Serie A,2021-2022
9036,Nicola Zalewski,16,806,0,0.4583437768742442,0,0.5917420908808708,9,10,1,0,D M S,Roma,0,0.4583437768742442,2.3517606146633625,1.7570281140506268,Serie A,2021-2022
9090,Ardian Ismajli,20,1259,0,0.2098650997504592,0,0.1143381986767053,5,3,7,0,D S,Empoli,0,0.2098650997504592,3.980075173079968,3.928584661334753,Serie A,2021-2022
9096,Suf Podgoreanu,5,102,0,0.0353838987648487,1,0.0322754010558128,1,1,0,0,M S,Spezia,0,0.0353838987648487,0.5508767925202847,0.4832174926996231,Serie A,2021-2022
9105,Radu Dragusin,20,1088,0,0.1282120030373335,0,0.1605165023356676,3,4,2,0,D S,"Salernitana,Sampdoria",0,0.1282120030373335,1.2914952766150236,1.2157789766788485,Serie A,2021-2022
9226,Mihai Valentin Mihaila,5,67,0,0.0337428003549575,0,0.0,1,0,0,0,S,Atalanta,0,0.0337428003549575,0.134920198470354,0.1011773981153965,Serie A,2021-2022
9329,Riccardo Ciervo,10,213,0,0.0729760006070137,0,0.1595843005925417,3,3,0,0,M S,Sampdoria,0,0.0729760006070137,0.3073363956063986,0.0747763011604547,Serie A,2021-2022
9410,Ebenezer Annan,1,23,0,0.0,0,0.0,0,0,0,0,S,Bologna,0,0.0,0.0,0.0,Serie A,2021-2022
9419,Bryan Reynolds,1,1,0,0.0,0,0.0,0,0,0,0,S,Roma,0,0.0,0.0,0.0,Serie A,2021-2022
9425,Emil Bohinen,11,701,0,0.1225077975541353,1,0.4401819938793778,4,10,5,0,M S,Salernitana,0,0.1225077975541353,0.7967053968459368,0.5477024987339973,Serie A,2021-2022
9440,Luca Stanga,1,2,0,0.0,0,0.0,0,0,0,0,S,AC Milan,0,0.0,0.0,0.0,Serie A,2021-2022
9486,Luigi Samele,2,2,0,0.0,1,0.3299809992313385,0,1,0,0,S,Sassuolo,0,0.0,0.3586460053920746,0.0286650005728006,Serie A,2021-2022
9495,Wisdom Amey,1,73,0,0.0,0,0.0,0,0,0,0,D,Bologna,0,0.0,0.0397634990513324,0.0397634990513324,Serie A,2021-2022
9503,Kacper Urbanski,1,43,0,0.0,0,0.0,0,0,0,0,S,Bologna,0,0.0,0.0,0.0,Serie A,2021-2022
9539,Antonio Raimondo,1,76,0,0.1111299991607666,0,0.0,2,0,0,0,F,Bologna,0,0.1111299991607666,0.215485006570816,0.1043549999594688,Serie A,2021-2022
9550,Yayah Kallon,15,615,0,1.2289267797023058,1,1.1878676237538457,11,11,3,0,F M S,Genoa,0,1.2289267797023058,2.2930717822164297,0.7397116012871265,Serie A,2021-2022
9561,Nicolò Bertola,2,20,0,0.0142510002478957,0,0.0,1,0,0,0,S,Spezia,0,0.0142510002478957,0.303534991107881,0.2892839908599853,Serie A,2021-2022
9842,Laurens Serpe,1,41,0,0.0,0,0.0,0,0,0,0,S,Genoa,0,0.0,0.1671790033578872,0.1671790033578872,Serie A,2021-2022
9844,Aleksander Buksa,4,57,0,0.0,0,0.0,0,0,0,0,S,Genoa,0,0.0,0.0,0.0,Serie A,2021-2022
9848,Magnus Warming,4,50,0,0.0,0,0.0,0,0,0,0,S,Torino,0,0.0,0.1377911977469921,0.1377911977469921,Serie A,2021-2022
9855,Mattia Viti,20,1482,0,0.4776530899107456,0,0.0627449201419949,4,2,1,1,D S,Empoli,0,0.4776530899107456,1.6064391136169434,1.488777369260788,Serie A,2021-2022
9862,Sydney van Hooijdonk,4,32,0,0.0,0,0.0,0,0,0,0,S,Bologna,0,0.0,0.0793199017643928,0.0793199017643928,Serie A,2021-2022
9863,Wajdi Kechrida,17,950,0,0.2648331932723522,1,0.5940725039690733,6,13,0,0,D M S,Salernitana,0,0.2648331932723522,1.339312482625246,0.8538906835019588,Serie A,2021-2022
9864,Luka Bogdan,6,393,0,0.0249092997983098,0,0.0,2,0,0,0,D S,Salernitana,0,0.0249092997983098,0.0612585982307791,0.0612585982307791,Serie A,2021-2022
9867,Ramzi Aya,2,137,0,0.0197468008846044,0,0.0,1,0,1,0,D,Salernitana,0,0.0197468008846044,0.146353006362915,0.1266070008277893,Serie A,2021-2022
9868,Julian Kristoffersen,1,5,0,0.0341362990438938,0,0.0,1,0,0,0,S,Salernitana,0,0.0341362990438938,0.0341362990438938,0.0341362990438938,Serie A,2021-2022
9872,Kaio Jorge,9,111,0,0.531188003718853,0,0.5476000010967255,5,2,0,0,S,Juventus,0,0.531188003718853,1.01472570002079,0.0952275022864341,Serie A,2021-2022
9876,Alessandro Zanoli,12,447,0,0.0,0,0.0719373971223831,0,2,2,0,D S,Napoli,0,0.0,0.5441959034651518,0.4722583014518022,Serie A,2021-2022
9877,Tyronne Ebuehi,19,1139,0,0.4408076964318752,0,0.5406170971691608,7,5,1,1,D S,Venezia,0,0.4408076964318752,2.6024926863610744,1.7319371812045574,Serie A,2021-2022
9879,Daan Heymans,7,250,0,0.0549877975136041,1,0.1447868798859417,3,3,4,0,M S,Venezia,0,0.0549877975136041,0.6882788767106831,0.6206424087285995,Serie A,2021-2022
9880,Dor Peretz,18,556,0,0.7757031917572021,1,0.1221357025206089,5,4,2,0,M S,Venezia,0,0.7757031917572021,1.0802861861884594,0.9452200848609208,Serie A,2021-2022
9881,Luca Fiordilino,15,657,0,0.3171886149793863,0,0.2664670208469033,3,7,2,0,M S,Venezia,0,0.3171886149793863,1.637385282665491,1.2224850058555603,Serie A,2021-2022
9884,Francesco Di Mariano,1,65,0,0.0,0,0.0180815998464822,0,1,0,0,F,Venezia,0,0.0,0.046798899769783,0.0287172999233007,Serie A,2021-2022
9885,Tanner Tessmann,20,652,0,0.5620827917009592,0,0.2254335042089224,8,5,1,1,M S,Venezia,0,0.5620827917009592,1.0263835098594427,0.5720698572695255,Serie A,2021-2022
9886,Nicolas Galazzi,1,14,0,0.0,0,0.0,0,0,0,0,S,Venezia,0,0.0,0.0182201992720365,0.0182201992720365,Serie A,2021-2022
9887,Michael Svoboda,18,1228,0,1.0276450216770172,0,0.0,7,0,2,1,D S,Venezia,0,1.0276450216770172,3.050303192809224,3.050303192809224,Serie A,2021-2022
9888,David Schnegg,4,145,0,0.0,0,0.0085370102897286,0,1,1,0,D S,Venezia,0,0.0,0.0930459015071392,0.0930459015071392,Serie A,2021-2022
9889,Bjarki Steinn Bjarkason,1,2,0,0.0,0,0.0,0,0,0,0,S,Venezia,0,0.0,0.0,0.0,Serie A,2021-2022
9892,Matias Viña,26,1568,0,0.706680117174983,1,1.2115511214360597,12,11,2,0,D M S,Roma,0,0.706680117174983,5.32582931406796,3.620474682189524,Serie A,2021-2022
9896,Petar Zovko,1,18,0,0.0,0,0.0,0,0,0,0,S,Spezia,0,0.0,0.3320940136909485,0.3320940136909485,Serie A,2021-2022
9902,Pasquale Mazzocchi,33,2534,0,0.3928253930062055,2,2.8321463838219643,11,24,5,0,D S,"Salernitana,Venezia",0,0.3928253930062055,5.06040255073458,2.6046312181279063,Serie A,2021-2022
9906,Antonio Vacca,21,1077,0,0.0139118004590272,1,0.4211151003837585,1,5,5,0,M S,Venezia,0,0.0139118004590272,3.7194354701787233,3.645137684419751,Serie A,2021-2022
9907,Marco Modolo,6,388,0,0.0402745008468627,0,0.0,1,0,2,0,D S,Venezia,0,0.0402745008468627,0.5930823888629675,0.5930823888629675,Serie A,2021-2022
9921,Luis Binks,15,641,0,0.0658081006258726,0,0.0129728997126221,2,1,3,0,D S,Bologna,0,0.0658081006258726,0.9175411984324456,0.8995161987841129,Serie A,2021-2022
9924,Fabiano Parisi,25,1467,0,0.9512948878109456,1,0.3589945966377854,16,9,5,0,D S,Empoli,0,0.9512948878109456,4.264624821953476,3.264774678274989,Serie A,2021-2022
9936,Matheus Henrique,25,1051,0,0.2765292022377252,1,1.041296012699604,8,14,3,0,M S,Sassuolo,0,0.2765292022377252,5.177204950712621,4.096510992385447,Serie A,2021-2022
9939,Francesco Di Tacchio,18,1262,0,0.425968961790204,0,0.1553551964461803,14,4,3,0,M S,Salernitana,0,0.425968961790204,1.148084007203579,0.7957506999373436,Serie A,2021-2022
9951,Tommaso Baldanzi,1,15,0,0.0,0,0.0162163991481065,0,1,0,0,S,Empoli,0,0.0,0.0422951988875865,0.02607879973948,Serie A,2021-2022
9965,Matìas Soulè Malvano,2,2,0,0.077965997159481,0,0.0,2,0,0,0,S,Juventus,0,0.077965997159481,0.013689300045371,0.0,Serie A,2021-2022
9966,Fabio Miretti,6,327,0,0.15658900141716,0,0.335702396929264,2,5,0,0,M S,Juventus,0,0.15658900141716,0.8382008224725723,0.602271780371666,Serie A,2021-2022
9982,David Zima,20,1294,0,0.5990720018744469,1,0.8710350096225739,5,5,3,0,D S,Torino,0,0.5990720018744469,4.004388849250972,2.805021744221449,Serie A,2021-2022
9996,Abdou Harroui,22,408,0,0.5821896074339747,0,0.210375658236444,13,5,2,0,M S,Sassuolo,0,0.5821896074339747,2.018360080197453,1.3915284825488925,Serie A,2021-2022
10012,Jakub Kiwior,22,1964,0,0.3575120931491256,0,0.817838491871953,8,8,6,0,D M S,Spezia,0,0.3575120931491256,2.928405146580189,2.756108199246228,Serie A,2021-2022
10034,Pablo Galdames,19,1034,0,0.3909987965598702,0,1.230580497533083,12,13,2,0,M S,Genoa,0,0.3909987965598702,2.0053182700648904,1.242883026599884,Serie A,2021-2022
10039,Nicola Bagnolini,1,1,0,0.0,0,0.0,0,0,0,0,S,Bologna,0,0.0,0.0,0.0,Serie A,2021-2022
10042,Aimar Sher,1,41,0,0.0,0,0.0,0,0,0,0,S,Spezia,0,0.0,0.0476468987762928,0.0476468987762928,Serie A,2021-2022
10059,Gerard Yepes,4,17,0,0.0,0,0.0,0,0,0,0,S,Sampdoria,0,0.0,0.0672501996159553,0.0672501996159553,Serie A,2021-2022
10073,Adam Obert,6,277,0,0.0,0,0.0,0,0,0,0,D S,Cagliari,0,0.0,0.0529956985265016,0.0529956985265016,Serie A,2021-2022
10088,Niklas Pyyhtia,1,17,0,0.0,0,0.0,0,0,0,0,S,Bologna,0,0.0,0.0,0.0,Serie A,2021-2022
10110,Aurélien Nguiamba,3,32,0,0.0,0,0.0,0,0,1,0,S,Spezia,0,0.0,0.0893841013312339,0.0893841013312339,Serie A,2021-2022
10123,Filippo Distefano,1,1,0,0.0,0,0.0,0,0,0,0,S,Fiorentina,0,0.0,0.0,0.0,Serie A,2021-2022
10139,Mattia Zanotti,1,7,0,0.0,0,0.1235919967293739,0,1,0,0,S,Inter,0,0.0,0.1235919967293739,0.1235919967293739,Serie A,2021-2022
10169,Diego Coppola,4,247,0,0.1156049966812133,0,0.0,1,0,0,0,D S,Verona,0,0.1156049966812133,0.7128623891621828,0.7128623891621828,Serie A,2021-2022
10232,Ruan,10,194,0,0.0,0,0.1007781978696584,0,2,1,0,S,Sassuolo,0,0.0,0.5578839033842087,0.4720542058348655,Serie A,2021-2022
10236,Silvan Hefti,16,1293,0,0.1986233033239841,0,0.6189385950565338,5,10,1,0,D S,Genoa,0,0.1986233033239841,4.908678361214697,4.265501462854445,Serie A,2021-2022
10237,Leo Østigard,15,1170,0,0.2581785963848233,0,0.1531995981931686,7,2,2,2,D S,Genoa,0,0.2581785963848233,2.0285778963007037,1.879304498899728,Serie A,2021-2022
10268,Giorgio Cittadini,2,2,0,0.0,0,0.0,0,0,0,0,S,Atalanta,0,0.0,0.0,0.0,Serie A,2021-2022
10278,Alessandro Russo,1,25,0,0.0,0,0.0,0,0,0,0,S,Salernitana,0,0.0,0.0,0.0,Serie A,2021-2022
10279,Andrei Motoc,1,90,0,0.0189398005604743,0,0.0,1,0,0,0,D,Salernitana,0,0.0189398005604743,0.0,0.0,Serie A,2021-2022
10281,Mario Perrone,1,12,0,0.0,0,0.0,0,0,0,0,S,Salernitana,0,0.0,0.0510784983634948,0.0510784983634948,Serie A,2021-2022
10283,Riccardo Stivanello,1,43,0,0.0,0,0.0,0,0,0,0,S,Bologna,0,0.0,0.0,0.0,Serie A,2021-2022
10297,Riccardo Pinzi,1,1,0,0.0,0,0.0,0,0,0,0,S,Udinese,0,0.0,0.0,0.0,Serie A,2021-2022
10313,Dimitrios Keramitsis,1,1,0,0.0,0,0.0,0,0,0,0,S,Roma,0,0.0,0.0,0.0,Serie A,2021-2022
10318,Kelvin Yeboah,17,844,0,1.880277900956571,1,1.339781670831144,16,13,2,0,F M S,Genoa,0,1.880277900956571,4.522822818718851,2.1026789071038365,Serie A,2021-2022
10329,Maximilian Ullmann,5,236,0,0.0,0,0.0,0,0,0,0,D S,Venezia,0,0.0,0.1925597973167896,0.1925597973167896,Serie A,2021-2022
10331,Issa Bah,1,7,0,0.0,0,0.0,0,0,0,0,S,Venezia,0,0.0,0.0,0.0,Serie A,2021-2022
10335,Alasanne Sidibe,1,5,0,0.0,0,0.0,0,0,0,0,S,Atalanta,0,0.0,0.0,0.0,Serie A,2021-2022
10336,Tommaso De Nipoti,1,5,0,0.0,0,0.0,0,0,0,0,S,Atalanta,0,0.0,0.0,0.0,Serie A,2021-2022
10339,Christos Kourfalidis,2,16,0,0.3418189883232116,0,0.0,1,0,0,0,S,Cagliari,0,0.3418189883232116,0.4038369953632355,0.062017299234867,Serie A,2021-2022
10365,Morten Frendrup,10,694,0,0.4377292953431606,0,0.5373643040657043,4,4,1,0,D M S,Genoa,0,0.4377292953431606,1.684065017849207,0.708971306681633,Serie A,2021-2022
10383,Michel Aebischer,12,429,0,0.1035059988498687,0,0.3480665981769562,2,6,1,0,M S,Bologna,0,0.1035059988498687,0.7290716040879488,0.4747462049126625,Serie A,2021-2022
10384,Denso Kasius,7,171,0,0.1008699983358383,0,0.7928976193070412,2,5,0,0,M S,Bologna,0,0.1008699983358383,1.4654040187597277,0.6938290037214756,Serie A,2021-2022
10385,Liberato Cacace,10,469,0,0.065178096294403,0,0.0166519004851579,1,1,1,0,D S,Empoli,0,0.065178096294403,0.7815602943301201,0.716382198035717,Serie A,2021-2022
10392,Vladyslav Supryaha,1,28,0,0.0,0,0.0,0,0,0,0,S,Sampdoria,0,0.0,0.0,0.0,Serie A,2021-2022
10393,Emil Ceïde,6,36,0,0.0,0,0.0,0,0,0,0,S,Sassuolo,0,0.0,0.234160304069519,0.234160304069519,Serie A,2021-2022
10396,Demba Seck,6,135,0,0.5434693889692426,0,0.0,4,0,0,0,M S,Torino,0,0.5434693889692426,0.6952237142249942,0.1517542954534292,Serie A,2021-2022
10398,Mateusz Praszelik,2,22,0,0.0148162003606557,0,0.0,1,0,0,0,S,Verona,0,0.0148162003606557,0.0148162003606557,0.0,Serie A,2021-2022
10403,Mikael,7,60,0,0.1757911033928394,0,0.0,3,0,0,0,S,Salernitana,0,0.1757911033928394,0.2022450026124715,0.0264538992196321,Serie A,2021-2022
10409,Dimitrije Kamenovic,1,40,0,0.6101920008659363,0,0.0,1,0,0,0,S,Lazio,0,0.6101920008659363,0.0,0.0,Serie A,2021-2022
10596,Simone Pafundi,1,17,0,0.0638421028852462,0,0.0,1,0,0,0,S,Udinese,0,0.0638421028852462,0.2604750096797943,0.1966329962015152,Serie A,2021-2022
10622,Patrick Leal,1,1,0,0.0,0,0.0,0,0,0,0,S,Venezia,0,0.0,0.0,0.0,Serie A,2021-2022
10623,Hilmir Rafn Mikaelsson,1,14,0,0.0,0,0.0,0,0,0,0,S,Venezia,0,0.0,0.0,0.0,Serie A,2021-2022
227,Robert Lewandowski,34,2955,35,37.92406944185496,3,4.70129061024636,160,37,2,0,F,Bayern Munich,30,34.13518474251032,41.54100458323956,7.8270499762147665,Bundesliga,2021-2022
1236,Patrik Schick,27,2127,24,20.005188511684537,3,2.075821631588042,90,16,0,0,F S,Bayer Leverkusen,23,18.48964144475758,20.315173611044884,3.1471521332859997,Bundesliga,2021-2022
8260,Erling Haaland,24,1917,22,17.030953601002693,7,5.894002065062523,80,23,3,0,F S,Borussia Dortmund,16,12.484372556209564,19.77244157716632,4.264734441414475,Bundesliga,2021-2022
137,Anthony Modeste,32,2639,20,16.31857554614544,3,3.3105535116046667,107,20,3,0,F S,FC Cologne,19,15.560875460505486,18.018614757806063,1.727981788106263,Bundesliga,2021-2022
3300,Christopher Nkunku,34,2750,20,15.58956778421998,13,9.910539161413908,82,63,2,0,F M S,RasenBallsport Leipzig,19,14.831789795309303,28.34562087804079,6.817460434511304,Bundesliga,2021-2022
7814,Taiwo Awoniyi,31,2227,15,14.85024681314826,1,2.319056000560522,67,27,1,0,F S,Union Berlin,13,13.334689881652594,17.147334314882755,4.154074305668473,Bundesliga,2021-2022
993,Serge Gnabry,34,2205,14,10.994999093934894,5,10.519024493172765,68,48,0,0,D M S,Bayern Munich,14,10.994999093934894,31.48376989737153,12.264746733009815,Bundesliga,2021-2022
6556,Moussa Diaby,32,2793,13,8.830643471330404,12,10.126420075073838,54,61,8,1,F M,Bayer Leverkusen,13,8.07286649569869,26.78652251511812,10.381311136297882,Bundesliga,2021-2022
155,Max Kruse,30,2445,12,10.581552218645813,5,6.662425800226629,50,43,1,0,F M,"Union Berlin,Wolfsburg",7,6.792668826878071,17.130861222743988,5.98236401937902,Bundesliga,2021-2022
320,Jonas Hofmann,26,2090,12,7.792510159313679,5,6.240602105855942,54,68,1,0,M S,Borussia M.Gladbach,12,7.792510159313679,16.553138615563512,6.862448101863265,Bundesliga,2021-2022
6170,André Silva,33,2091,11,14.702838402241468,3,3.356619156897068,58,16,1,0,F S,RasenBallsport Leipzig,8,12.429504919797182,18.84516903944313,6.542913584038615,Bundesliga,2021-2022
7108,Jonathan Burkardt,34,2678,11,13.56547305174172,3,2.9118185080587864,81,33,0,0,F M S,Mainz 05,10,12.807697089388968,17.720215886831284,3.3237849306315184,Bundesliga,2021-2022
3310,Alassane Pléa,33,2074,10,8.969399956986308,6,8.780584182590246,61,55,4,0,F M S,Borussia M.Gladbach,7,6.696069641038775,18.875654755160213,7.468019613996148,Bundesliga,2021-2022
7881,Sebastian Polter,33,2349,10,10.9385555870831,1,2.061544111929834,56,28,2,0,F S,Bochum,9,9.42300183698535,11.747974755242469,2.3936223927885294,Bundesliga,2021-2022
171,Michael Gregoritsch,25,1395,9,4.369346911087632,0,0.8606640845537186,42,7,3,0,F M S,Augsburg,8,3.6115699354559183,5.25517225638032,1.990682363510132,Bundesliga,2021-2022
216,Branimir Hrgota,34,2809,9,9.19154967367649,5,3.207376878708601,65,35,4,0,F M S,Greuther Fuerth,4,5.402739968150854,9.977127959951758,2.9613883839920163,Bundesliga,2021-2022
261,Julian Brandt,31,2086,9,4.578342959284782,8,4.4584292732179165,34,44,3,0,F M S,Borussia Dortmund,9,4.578342959284782,16.8933280184865,11.891072541475296,Bundesliga,2021-2022
319,Marco Reus,29,2527,9,11.50992664322257,13,7.620957400649786,51,53,2,0,F M,Borussia Dortmund,9,11.50992664322257,25.14984937105328,10.962537274695933,Bundesliga,2021-2022
5266,Vincenzo Grifo,34,2812,9,10.031307935714722,7,8.531831916421652,69,63,0,0,F M S,Freiburg,4,5.4848987720906734,13.54622152633965,7.771419569849968,Bundesliga,2021-2022
5356,Breel Embolo,29,2164,9,8.977553504519165,3,4.565343668684363,48,34,3,0,F M S,Borussia M.Gladbach,9,8.977553504519165,15.063872310332954,4.299400392919779,Bundesliga,2021-2022
224,Thomas Müller,32,2618,8,11.05233291629702,18,13.40716165676713,55,83,0,0,M,Bayern Munich,8,11.05233291629702,34.3142808675766,16.859256831929088,Bundesliga,2021-2022
4340,Grischa Prömel,29,2440,8,8.0711326636374,1,1.1743153808638451,37,13,4,0,M S,Union Berlin,8,8.0711326636374,9.605559203773735,3.928287532180548,Bundesliga,2021-2022
5113,Santos Borré,31,2409,8,7.775672052055597,4,3.38389147631824,53,29,5,0,F M S,Eintracht Frankfurt,8,7.775672052055597,12.947347894310951,3.406561693176627,Bundesliga,2021-2022
6544,Lukas Nmecha,25,1637,8,9.073013249784708,0,2.333377905189991,52,14,5,0,F M S,Wolfsburg,8,9.073013249784708,12.664575710892676,3.2212457107380037,Bundesliga,2021-2022
6937,Georginio Rutter,33,1595,8,7.002919633872807,2,3.1405570842325687,53,15,2,0,F M S,Hoffenheim,8,7.002919633872807,12.401521407067776,4.473396316170692,Bundesliga,2021-2022
9352,Masaya Okugawa,33,2562,8,4.068231645971537,1,1.7504906095564363,32,28,0,0,F M S,Arminia Bielefeld,8,4.068231645971537,6.291966812685132,0.7674045888707042,Bundesliga,2021-2022
337,Leroy Sané,32,1973,7,10.87057828810066,7,7.362827626988292,89,50,3,0,M S,Bayern Munich,7,10.87057828810066,26.99957475997508,12.792520018294454,Bundesliga,2021-2022
6271,Ihlas Bebou,28,2135,7,9.829367075115442,2,1.8705202108249068,43,20,0,0,D F M S,Hoffenheim,7,9.829367075115442,15.228937588632109,4.538647627457976,Bundesliga,2021-2022
6475,Lucas Höler,34,2611,7,10.049275354482234,2,5.470116049051285,60,38,2,0,F M S,Freiburg,7,10.049275354482234,17.548882061615586,6.69177670031786,Bundesliga,2021-2022
7422,Christoph Baumgartner,29,1907,7,8.593666635453701,2,4.433347932994366,42,21,5,0,F M S,Hoffenheim,7,8.593666635453701,16.31896586716175,6.641672778874636,Bundesliga,2021-2022
8397,Florian Wirtz,24,1877,7,5.793828301131725,10,8.622126787900925,36,57,2,0,F M S,Bayer Leverkusen,7,5.793828301131725,19.19430000334978,7.774790368974209,Bundesliga,2021-2022
226,Kingsley Coman,21,1372,6,5.034531090408564,3,3.3784982599318027,46,26,1,1,D M S,Bayern Munich,6,5.034531090408564,14.187782511115074,7.594395875930786,Bundesliga,2021-2022
956,Andrej Kramaric,32,2713,6,12.476518963463604,9,7.466075788252056,93,41,2,0,F M S,Hoffenheim,6,12.476518963463604,25.301694069057703,9.698374869301915,Bundesliga,2021-2022
1524,Stevan Jovetic,18,1021,6,5.074164189398289,1,1.4073795210570097,44,15,4,0,F M S,Hertha Berlin,6,5.074164189398289,5.936674462631345,2.524213008582592,Bundesliga,2021-2022
5249,Emil Forsberg,31,1713,6,7.489840863272548,2,3.7754140021279454,42,24,2,0,F M S,RasenBallsport Leipzig,2,4.458736984059215,14.62699569016695,8.094009159132838,Bundesliga,2021-2022
5250,Yussuf Poulsen,25,1068,6,6.543039811775088,0,1.774728313088417,28,8,2,0,F M S,RasenBallsport Leipzig,6,6.543039811775088,9.449145374819636,2.053190261125565,Bundesliga,2021-2022
6338,Lucas Alario,27,615,6,5.697463668882847,0,1.0608075093477964,23,7,2,0,F S,Bayer Leverkusen,6,4.939686685800552,8.78617275878787,2.990045879036188,Bundesliga,2021-2022
7052,Wout Weghorst,18,1551,6,8.663456968963146,1,1.8277892172336576,38,17,2,0,F S,Wolfsburg,5,7.147902958095074,9.159813089296222,1.7764059882611036,Bundesliga,2021-2022
7883,Marcus Ingvartsen,28,765,6,2.6860411763191223,0,0.530752994120121,23,6,2,0,F M S,"Mainz 05,Union Berlin",5,1.9282642006874084,3.690174223855138,1.6171334655955434,Bundesliga,2021-2022
8812,Sasa Kalajdzic,15,1218,6,7.140694715082645,1,2.7993601858615875,38,21,2,0,F S,VfB Stuttgart,5,5.625141762197018,8.273087918758392,2.318673677742481,Bundesliga,2021-2022
9788,Dominik Szoboszlai,31,1521,6,4.873207777738571,8,6.286031836643815,41,40,2,0,F M S,RasenBallsport Leipzig,6,4.115431305021048,12.533347002230585,5.606860972940922,Bundesliga,2021-2022
88,Mark Uth,30,2067,5,6.125489094294608,8,6.6842978335917,70,55,3,0,F M S,FC Cologne,5,6.125489094294608,13.01998495683074,4.933890033513308,Bundesliga,2021-2022
306,Florian Niederlechner,26,1146,5,5.441666511818767,3,0.7135514002293348,28,14,1,0,F S,Augsburg,5,5.441666511818767,5.095769312232733,0.8206905201077461,Bundesliga,2021-2022
412,André Hahn,32,2116,5,4.183860608376563,2,2.112464196048677,45,18,5,0,F M S,Augsburg,5,4.183860608376563,6.425691183656454,1.1600214000791311,Bundesliga,2021-2022
604,Emre Can,24,1695,5,3.2469703052192926,1,0.8214554060250521,11,6,5,0,D M S,Borussia Dortmund,1,0.2159434994682669,5.584332441911101,5.24449366144836,Bundesliga,2021-2022
2611,Philipp Lienhart,32,2872,5,4.316328343003988,0,0.6969405859708786,19,4,2,0,D,Freiburg,5,4.316328343003988,6.930432674475014,6.740435478277504,Bundesliga,2021-2022
2631,Karim Onisiwo,31,2404,5,9.148744232952597,8,7.506144778802991,68,40,0,0,F S,Mainz 05,5,9.148744232952597,18.24086206406355,4.685138429515064,Bundesliga,2021-2022
3834,Ishak Belfodil,26,1642,5,4.197264865040779,2,2.699621770530939,32,22,1,0,F S,Hertha Berlin,4,3.439487889409065,7.166795060969889,2.7054526284337044,Bundesliga,2021-2022
4248,Nils Petersen,22,540,5,2.7844520839862525,1,0.8746505938470364,15,7,0,0,F S,Freiburg,5,2.7844520839862525,3.062303374987096,0.354057889431715,Bundesliga,2021-2022
5270,Gerrit Holtmann,29,1875,5,3.947258581407368,4,5.095145611092448,45,29,0,0,F M S,Bochum,5,3.947258581407368,10.520650490187109,1.6747156009078026,Bundesliga,2021-2022
6357,Marco Richter,30,1706,5,3.805230471305549,1,2.7308399891480803,44,17,6,0,D F M S,Hertha Berlin,5,3.805230471305549,8.316547573544085,3.704845384694636,Bundesliga,2021-2022
7267,Woo-Yeong Jeong,32,1811,5,6.645955413579941,2,1.9295140989124773,51,24,1,0,F M S,Freiburg,5,6.645955413579941,10.3489071149379,3.118131233379245,Bundesliga,2021-2022
8418,Jamal Musiala,30,1447,5,5.823698816820979,5,4.993367468938232,41,28,2,0,M S,Bayern Munich,5,5.823698816820979,17.305432565510273,7.625213209539652,Bundesliga,2021-2022
9718,Jamie Leweling,33,1962,5,3.849232294596732,1,1.6021407693624496,44,16,3,0,F M S,Greuther Fuerth,5,3.849232294596732,6.335215521976352,1.5782537907361984,Bundesliga,2021-2022
9749,Donyell Malen,27,1710,5,6.34764713793993,3,3.625615436583757,47,22,2,0,F M S,Borussia Dortmund,5,6.34764713793993,10.095488775521517,3.6405910262838006,Bundesliga,2021-2022
9752,Jesper Lindstrom,29,2006,5,7.227052100002766,4,5.835591521114111,54,48,0,0,F M S,Eintracht Frankfurt,5,7.227052100002766,13.39888788945973,2.619013782590628,Bundesliga,2021-2022
10394,Jonas Wind,14,1196,5,4.852447297424078,1,2.4527035411447287,36,14,0,0,F M,Wolfsburg,5,4.852447297424078,9.425340011715887,3.8577542286366224,Bundesliga,2021-2022
64,Filip Kostic,31,2527,4,2.989067698828876,9,10.045913204550745,51,89,2,0,D F M S,Eintracht Frankfurt,4,2.989067698828876,10.390051510185003,4.458475904539228,Bundesliga,2021-2022
153,Maximilian Arnold,34,3004,4,1.3701619771309197,2,4.52910222671926,39,58,4,0,M,Wolfsburg,4,1.3701619771309197,10.245886800810696,8.710277826525271,Bundesliga,2021-2022
157,Daniel Caligiuri,28,2027,4,3.8530106442049146,2,2.2508752942085266,36,24,4,0,D M S,Augsburg,1,1.579680402763188,5.037131184712052,3.190397398546338,Bundesliga,2021-2022
208,Lars Stindl,26,1646,4,6.084341371431947,5,3.8757196851074696,43,30,10,0,F M S,Borussia M.Gladbach,4,4.568787405267358,10.940669178962708,5.080143753439188,Bundesliga,2021-2022
213,Thorgan Hazard,23,1347,4,2.9591288985684514,1,2.722491517663002,22,23,2,0,D F M S,Borussia Dortmund,4,2.9591288985684514,8.433444898575544,4.563372384756804,Bundesliga,2021-2022
339,Eric Maxim Choupo-Moting,20,332,4,4.470761878415942,2,1.1456513106822968,15,6,0,0,M S,Bayern Munich,4,4.470761878415942,5.653311969712377,1.6805038079619408,Bundesliga,2021-2022
378,Milos Pantovic,28,1545,4,5.294780997559428,3,4.958747647702694,23,33,2,0,F M S,Bochum,3,4.537004021927714,10.131411381065844,2.2840824965387583,Bundesliga,2021-2022
1139,Silvan Widmer,33,2932,4,2.8540811045095325,5,2.720317146740854,22,21,1,0,D M,Mainz 05,4,2.8540811045095325,10.920925449579954,7.1982338316738605,Bundesliga,2021-2022
1277,Roland Sallai,31,1571,4,5.911251103505492,4,4.639351196587086,47,18,1,0,F M S,Freiburg,4,5.911251103505492,10.187231222167611,2.667420806363225,Bundesliga,2021-2022
3347,Ellyes Skhiri,22,1812,4,3.439081411808729,1,0.8656356446444988,23,15,3,0,M S,FC Cologne,4,3.439081411808729,5.8587647676467896,3.595196321606636,Bundesliga,2021-2022
3349,Ramy Bensebaini,23,2021,4,3.769176473841071,1,1.0502803064882755,30,13,6,0,D S,Borussia M.Gladbach,2,2.25362309999764,7.532217752188444,6.546700754202902,Bundesliga,2021-2022
3455,Raphael Guerreiro,23,1820,4,2.922674667090177,2,2.1800683345645666,33,28,1,0,D S,Borussia Dortmund,3,2.1648976877331734,10.061878452077508,7.779171222820878,Bundesliga,2021-2022
4280,Davie Selke,25,992,4,4.574638462625444,0,0.5887731816619635,25,7,1,0,F S,Hertha Berlin,3,3.816861472092569,4.758341424167156,0.9662123806774616,Bundesliga,2021-2022
5231,Florian Kainz,32,2406,4,3.3779715206474066,4,6.0432399194687605,38,48,2,1,M S,FC Cologne,4,3.3779715206474066,15.681867752224209,10.055031429976223,Bundesliga,2021-2022
5355,Jacob Bruun Larsen,25,791,4,2.4951894003897905,0,1.817023502662778,18,14,1,0,D F M S,Hoffenheim,4,2.4951894003897905,6.948103481903672,3.969728171825409,Bundesliga,2021-2022
5989,Moussa Niakhate,30,2564,4,4.0508731454610825,0,0.528808806091547,13,11,1,0,D S,Mainz 05,2,2.535316213965416,4.614455781877041,4.273897904902697,Bundesliga,2021-2022
6109,Konrad Laimer,26,1253,4,2.6460048370063305,4,3.0193448811769485,15,18,2,0,M S,RasenBallsport Leipzig,4,2.6460048370063305,12.71952809393406,8.453888689167798,Bundesliga,2021-2022
6145,Daichi Kamada,32,2143,4,4.559652765281498,3,2.5776959881186485,36,31,0,0,F M S,Eintracht Frankfurt,4,4.559652765281498,12.27233811840415,5.827365634962916,Bundesliga,2021-2022
6722,Konstantinos Mavropanos,31,2714,4,3.193061234429478,0,0.4735652953386307,32,10,3,0,D,VfB Stuttgart,4,3.193061234429478,9.195237257517874,7.8119925782084465,Bundesliga,2021-2022
7049,Evan Ndicka,32,2860,4,2.4935600822791457,4,1.6919805156067014,26,13,3,0,D,Eintracht Frankfurt,4,2.4935600822791457,5.538773568347096,4.729540001600981,Bundesliga,2021-2022
7065,Florian Neuhaus,29,2139,4,4.650173935107887,4,2.1986050941050053,48,20,2,0,M S,Borussia M.Gladbach,4,4.650173935107887,14.505538944154978,9.765537633560598,Bundesliga,2021-2022
7067,Paulinho,24,1227,4,4.259287542663515,1,1.626670464873314,27,20,1,0,M S,Bayer Leverkusen,4,4.259287542663515,8.293461129069328,3.452220913954079,Bundesliga,2021-2022
7485,Nico Schlotterbeck,32,2795,4,4.528474688529968,1,1.590641003102064,34,12,5,0,D,Freiburg,4,4.528474688529968,7.930851340293884,6.865741662681103,Bundesliga,2021-2022
7524,Tuta,26,2197,4,2.7060751542449,0,0.1449834015220403,15,4,2,1,D,Eintracht Frankfurt,4,2.7060751542449,3.5845465920865536,3.426265887916088,Bundesliga,2021-2022
7877,Robert Andrich,26,1824,4,2.5757899917662144,2,2.043940993025899,29,12,5,1,M S,Bayer Leverkusen,4,2.5757899917662144,10.701753713190556,8.475491686724126,Bundesliga,2021-2022
7882,Sheraldo Becker,28,1773,4,2.784585020504892,6,8.289485907182097,38,42,4,0,F M S,Union Berlin,4,2.784585020504892,12.65719303674996,3.9168817959725857,Bundesliga,2021-2022
8808,Wataru Endo,33,2908,4,5.176797037944198,2,1.7754452619701624,45,22,4,0,M,VfB Stuttgart,4,5.176797037944198,13.924090676940978,10.54654433671385,Bundesliga,2021-2022
9156,Kevin Schade,21,813,4,2.6034708190709352,1,1.1424069851636889,19,8,2,0,F M S,Freiburg,4,2.6034708190709352,2.7538541946560144,0.2672900017350912,Bundesliga,2021-2022
9783,Jae-Sung Lee,27,1477,4,3.10207118652761,3,2.16888468246907,27,20,3,0,F M S,Mainz 05,4,3.10207118652761,8.387246564030647,3.951258823275566,Bundesliga,2021-2022
10367,Tiago Tomás,14,1091,4,4.450327903032303,0,1.4763433579355478,28,7,2,0,F M S,VfB Stuttgart,4,4.450327903032303,5.825986988842487,0.8252208866178989,Bundesliga,2021-2022
52,Alexander Hack,28,2085,3,2.8987611634656787,1,0.9673040173947812,21,10,6,1,D S,Mainz 05,3,2.8987611634656787,3.8396049607545137,3.735394863411784,Bundesliga,2021-2022
90,Sebastian Rudy,21,748,3,2.09952390845865,1,0.2758286111056804,14,6,5,0,M S,Hoffenheim,3,2.09952390845865,5.259256921708584,3.149313770234585,Bundesliga,2021-2022
139,Simon Zoller,10,591,3,1.782903304323554,2,1.0747246984392405,11,7,3,0,F M S,Bochum,3,1.782903304323554,3.1668269895017147,0.3300348967313766,Bundesliga,2021-2022
186,Karim Bellarabi,16,685,3,2.36311630345881,2,1.2395106833428144,29,9,2,0,M S,Bayer Leverkusen,3,2.36311630345881,5.019546853378415,2.041870590299368,Bundesliga,2021-2022
223,Joshua Kimmich,28,2480,3,2.242543574422598,11,9.710423309355974,27,80,4,0,D M,Bayern Munich,3,2.242543574422598,25.348412945866585,19.586088445037603,Bundesliga,2021-2022
307,Suat Serdar,30,2265,3,2.8073733365163207,0,2.1780065335333347,33,23,6,0,F M S,Hertha Berlin,3,2.8073733365163207,7.842217258177698,3.712605012580752,Bundesliga,2021-2022
335,Leon Goretzka,19,1418,3,5.070367898792028,3,2.9787724893540144,45,28,0,0,M,Bayern Munich,3,5.070367898792028,14.035453915596008,8.235914003103971,Bundesliga,2021-2022
435,Benjamin Henrichs,22,1125,3,1.2586835846304891,3,2.8862227126955986,15,15,3,0,D M S,RasenBallsport Leipzig,3,1.2586835846304891,9.159379057586191,5.5230377949774265,Bundesliga,2021-2022
2693,Marius Wolf,27,1321,3,2.184507418423891,1,1.1895269844681025,20,10,4,0,D M S,Borussia Dortmund,3,2.184507418423891,7.312053218483925,4.939844494685531,Bundesliga,2021-2022
4271,Janik Haberer,26,789,3,0.8193956920877099,0,0.0848172008991241,13,1,1,0,M S,Freiburg,3,0.8193956920877099,2.063313760794699,1.4896913673728704,Bundesliga,2021-2022
4291,Marc-Oliver Kempf,24,1892,3,2.055416990071535,1,1.3899225406348703,20,9,3,1,D S,"Hertha Berlin,VfB Stuttgart",3,2.055416990071535,4.3493418507277966,3.8318234924227,Bundesliga,2021-2022
5992,Marcus Thuram,21,965,3,5.358774844557047,0,1.3611742965877056,32,14,2,0,F M S,Borussia M.Gladbach,3,5.358774844557047,8.458614377304912,2.762012572959065,Bundesliga,2021-2022
6087,Takuma Asano,27,1629,3,3.9566245628520846,4,2.298952300101518,33,20,1,0,F M S,Bochum,3,3.9566245628520846,7.468266390264034,1.5511839278042316,Bundesliga,2021-2022
6449,Chris Führich,25,1745,3,3.045403235591948,2,5.535232685506344,30,33,3,0,D F M S,VfB Stuttgart,3,3.045403235591948,9.24845870770514,4.265608872286975,Bundesliga,2021-2022
6708,Bote Baku,34,2457,3,1.8441971950232985,5,5.965575540438294,36,38,4,0,D F M S,Wolfsburg,3,1.8441971950232985,13.33978321030736,10.264870326034725,Bundesliga,2021-2022
7051,Gonçalo Paciência,18,487,3,3.210875611752272,0,0.1089656017720699,29,5,3,0,F S,Eintracht Frankfurt,2,1.695321710780263,2.400711197406053,1.0107179023325443,Bundesliga,2021-2022
7056,Niko Gießelmann,28,2102,3,4.023096015676856,6,1.8451508013531568,27,28,3,0,D M S,Union Berlin,3,4.023096015676856,8.44873495772481,4.145501472055912,Bundesliga,2021-2022
7501,Amadou Haidara,20,1322,3,1.312832497060299,1,0.5987329930067062,15,8,2,0,M S,RasenBallsport Leipzig,3,1.312832497060299,7.5146058443933725,6.875147204846144,Bundesliga,2021-2022
7799,Sven Michel,13,320,3,1.3760786028578875,1,1.1095850188285112,9,5,2,0,F S,Union Berlin,3,1.3760786028578875,2.9682284891605377,0.8217598125338554,Bundesliga,2021-2022
7880,Sebastian Andersson,26,1247,3,5.116826355457306,1,1.028148103505373,35,11,3,0,F S,FC Cologne,3,5.116826355457306,6.620396960526705,0.8678002096712589,Bundesliga,2021-2022
8140,Munas Dabbur,27,1323,3,3.829580817371607,4,2.340910041704774,33,18,5,0,F M S,Hoffenheim,3,3.829580817371607,9.08194137364626,4.700680010020733,Bundesliga,2021-2022
8205,Jan Thielmann,29,1152,3,1.924869854003191,3,2.112501297146082,15,23,6,0,F M S,FC Cologne,3,1.924869854003191,5.904162116348743,2.201936399564147,Bundesliga,2021-2022
8211,Amine Adli,25,1255,3,4.803211346268654,2,2.1795675978064537,37,13,3,0,F M S,Bayer Leverkusen,3,4.803211346268654,9.832424845546484,3.790403539314866,Bundesliga,2021-2022
8292,Dani Olmo,19,732,3,2.53422867693007,3,2.3242641938850284,22,12,2,0,F M S,RasenBallsport Leipzig,3,2.53422867693007,5.570254515856504,0.9137106873095036,Bundesliga,2021-2022
8393,Omar Marmoush,23,1626,3,5.139557292684913,5,2.20558899641037,50,32,3,0,F M S,"VfB Stuttgart,Wolfsburg",3,4.381780566647649,8.34425073955208,3.6774073326960206,Bundesliga,2021-2022
8792,Fabian Klos,25,1424,3,4.440990044735372,1,1.263443092815578,39,16,2,1,F S,Arminia Bielefeld,1,2.925517139956355,4.991787143982947,1.6533184796571732,Bundesliga,2021-2022
8824,Jude Bellingham,32,2803,3,4.905646585859358,8,5.934829683043063,44,37,9,0,M,Borussia Dortmund,3,4.905646585859358,20.29917000979185,14.016300365328789,Bundesliga,2021-2022
9227,Steffen Tigges,9,90,3,0.99225658737123,0,0.5132499933242798,4,1,0,0,S,Borussia Dortmund,3,0.99225658737123,1.5985657759010792,0.1955177970230579,Bundesliga,2021-2022
9724,David Raum,32,2769,3,1.8066987711936235,11,12.221860196441412,24,82,5,0,D M S,Hoffenheim,3,1.8066987711936235,19.698824740946293,11.042737022042274,Bundesliga,2021-2022
9729,Janni Serra,26,1142,3,3.7852902254089713,2,0.9822040321305394,24,12,1,0,F M S,Arminia Bielefeld,3,3.7852902254089713,6.536323894746602,2.014865215867758,Bundesliga,2021-2022
9730,Patrick Wimmer,31,2082,3,4.106790913268924,6,3.446537118405104,56,40,7,0,F M S,Arminia Bielefeld,3,4.106790913268924,8.014893369749188,2.9698164155706763,Bundesliga,2021-2022
9797,Dejan Ljubicic,30,1986,3,2.0698206974193454,1,2.684839501976967,29,28,4,0,M S,FC Cologne,3,2.0698206974193454,8.83650955464691,4.950047122314572,Bundesliga,2021-2022
9993,Jurgen Ekkelenkamp,21,691,3,2.256017690524459,0,0.7021867921575904,14,8,1,0,M S,Hertha Berlin,3,2.256017690524459,2.870030105113983,1.0984941944479942,Bundesliga,2021-2022
27,Vladimir Darida,25,1813,2,1.6593727162107823,5,3.1827957332134247,24,34,6,0,M S,Hertha Berlin,2,1.6593727162107823,6.252319358289242,2.774301320314408,Bundesliga,2021-2022
35,Genki Haraguchi,30,1793,2,2.5431207306683064,6,1.9237008253112435,29,25,2,0,M S,Union Berlin,2,2.5431207306683064,6.986822672188282,3.105253767222166,Bundesliga,2021-2022
40,Stefan Bell,33,2881,2,1.81678537838161,0,2.254038630053401,21,10,9,0,D,Mainz 05,2,1.81678537838161,9.450072809122505,8.826266812160611,Bundesliga,2021-2022
106,Waldemar Anton,29,2599,2,2.122302815318108,1,1.7390545830130577,24,8,6,1,D M,VfB Stuttgart,2,2.122302815318108,10.14396454859525,8.934055748395622,Bundesliga,2021-2022
183,Jonathan Tah,33,2882,2,1.66871771030128,2,1.5617065988481045,16,9,4,0,D,Bayer Leverkusen,2,1.66871771030128,13.03261016588658,12.529448362998664,Bundesliga,2021-2022
205,Mahmoud Dahoud,22,1663,2,1.3775748033076525,3,3.4296116791665554,22,27,5,1,M S,Borussia Dortmund,2,1.3775748033076525,14.10501179844141,10.528271779417992,Bundesliga,2021-2022
543,Reece Oxford,30,2697,2,2.678219893947244,1,1.4849106343463063,15,3,8,0,D,Augsburg,2,2.678219893947244,3.383765516802669,3.3516203183680773,Bundesliga,2021-2022
1040,Angelino,29,2302,2,1.2132789231836796,5,6.127184420824051,13,53,3,0,D M S,RasenBallsport Leipzig,2,1.2132789231836796,10.616054650396109,6.946275345981121,Bundesliga,2021-2022
2624,Djibril Sow,31,2432,2,0.6721826894208789,3,0.8636866882443428,16,19,5,0,M S,Eintracht Frankfurt,2,0.6721826894208789,9.0075918789953,7.823016952723265,Bundesliga,2021-2022
2655,Alfred Finnbogason,10,283,2,0.958752989768982,1,1.0921509936451912,6,5,0,0,F M S,Augsburg,2,0.958752989768982,1.897689409554005,0.4040383920073509,Bundesliga,2021-2022
2665,Jeffrey Gouweleeuw,29,2584,2,2.5816937256604438,0,1.1332300901412964,12,9,9,0,D M,Augsburg,1,1.8239169120788572,4.029431592673063,3.763568974100053,Bundesliga,2021-2022
3059,Axel Witsel,29,1956,2,1.1547496085986495,0,0.6386514101177454,8,6,4,0,D M S,Borussia Dortmund,2,1.1547496085986495,9.093873923644423,8.005743255838752,Bundesliga,2021-2022
3603,Corentin Tolisso,15,699,2,1.601186005398631,1,2.3869004249572754,17,16,0,0,M S,Bayern Munich,2,1.601186005398631,9.134925618767738,6.028710409998894,Bundesliga,2021-2022
3743,Lucas Tousart,30,1951,2,1.449756250716746,0,0.9532134961336852,23,12,3,0,D M S,Hertha Berlin,2,1.449756250716746,3.449976032599807,2.50373859051615,Bundesliga,2021-2022
4240,Jeremy Dudziak,22,1150,2,2.367935113608837,0,1.1620840057730677,16,13,1,0,F M S,Greuther Fuerth,2,2.367935113608837,4.362445238977671,1.0603727884590626,Bundesliga,2021-2022
4243,Christian Günter,34,3060,2,0.9305782490409912,9,7.634102204814553,25,69,1,0,D,Freiburg,2,0.9305782490409912,9.451995788142083,5.646295582875609,Bundesliga,2021-2022
4250,Nicolas Höfler,30,2609,2,2.023071111179888,4,2.382931457832456,32,18,5,0,M,Freiburg,2,2.023071111179888,9.75550114363432,8.995490249246359,Bundesliga,2021-2022
5236,Danny Blum,13,325,2,0.811818802729249,0,1.031423680484295,11,12,0,0,F S,Bochum,2,0.811818802729249,1.8410146180540323,0.275230897590518,Bundesliga,2021-2022
5240,Ondrej Duda,31,1640,2,3.4093410847708583,0,1.790094818919897,42,19,5,0,F M S,FC Cologne,2,3.4093410847708583,8.226730212569237,3.660894088447094,Bundesliga,2021-2022
5257,Willi Orban,30,2651,2,2.5537855103611946,1,1.1574654895812273,19,6,1,0,D,RasenBallsport Leipzig,2,2.5537855103611946,10.755756597034631,9.317247963510454,Bundesliga,2021-2022
5263,Lukas Kübler,29,2358,2,1.8020601719617844,0,0.8049653973430395,13,13,2,0,D S,Freiburg,2,1.8020601719617844,4.735525083728135,2.5517567163333297,Bundesliga,2021-2022
5269,Håvard Nielsen,26,1364,2,2.31325670145452,0,0.2027781009674072,28,4,2,0,F M S,Greuther Fuerth,2,2.31325670145452,3.179907808080316,1.5787995168939233,Bundesliga,2021-2022
5294,Salih Özcan,31,2307,2,2.1006440753117204,0,1.3818518090993166,27,19,5,0,M S,FC Cologne,2,2.1006440753117204,8.67395819351077,6.741195624694228,Bundesliga,2021-2022
5329,Stefan Posch,28,2207,2,1.0835140785202384,0,0.5497298054397106,14,5,5,0,D S,Hoffenheim,2,1.0835140785202384,4.817674541845918,4.326704040169716,Bundesliga,2021-2022
5680,Thomas Meunier,17,1414,2,0.8885470051318407,4,3.4830326810479164,18,16,4,0,D,Borussia Dortmund,2,0.8885470051318407,8.981270357966423,6.700083442032337,Bundesliga,2021-2022
5706,Dodi Lukebakio,22,1035,2,4.174468750134111,2,2.494958117604256,21,12,2,0,F M S,"Hertha Berlin,Wolfsburg",1,3.416691662743688,7.240768361836672,2.81799840182066,Bundesliga,2021-2022
6081,Dennis Geiger,20,1403,2,1.066880501806736,2,1.949195023626089,15,21,6,0,M S,Hoffenheim,2,1.066880501806736,6.073609422892332,4.700627138838172,Bundesliga,2021-2022
6147,Denis Zakaria,16,1393,2,1.2198681775480509,1,1.244775790721178,18,10,4,0,D M S,Borussia M.Gladbach,2,1.2198681775480509,5.411436799913645,3.936736581847072,Bundesliga,2021-2022
6327,Kevin Akpoguma,26,1544,2,1.523496314883232,3,3.246852658689022,11,12,5,0,D M S,Hoffenheim,2,1.523496314883232,9.002083671279252,5.824563729576767,Bundesliga,2021-2022
6496,Ermedin Demirovic,31,852,2,3.747246023267508,3,1.8191473968327043,25,10,4,0,F S,Freiburg,2,3.747246023267508,6.193144336342812,1.0300002209842205,Bundesliga,2021-2022
6542,Jürgen Locadia,11,438,2,1.8009391026571393,1,0.8226615935564041,18,8,0,0,F S,Bochum,1,1.043242977000773,2.417543438263237,0.5675599873065948,Bundesliga,2021-2022
7043,Eduard Löwen,26,1413,2,3.215506645850837,2,4.044838197529316,38,41,0,0,M S,Bochum,1,2.4577300315722823,4.994954794645309,1.6677210945636034,Bundesliga,2021-2022
7107,Jean-Paul Boëtius,33,1793,2,1.4996108189225197,2,2.902807887643576,25,25,3,0,F M S,Mainz 05,2,1.4996108189225197,7.553630979731679,6.097225543111563,Bundesliga,2021-2022
7482,Kouadio Kone,27,2216,2,1.8501644246280196,0,0.4791306052356958,29,12,10,0,M S,Borussia M.Gladbach,2,1.8501644246280196,10.358625330030918,8.66764159873128,Bundesliga,2021-2022
7809,Mads Pedersen,29,1386,2,1.307694397866726,1,1.6899368911981585,19,21,5,0,D M S,Augsburg,2,1.307694397866726,3.0841117799282074,1.2539188973605633,Bundesliga,2021-2022
7868,Diadie Samassékou,24,1685,2,0.7115394035354257,0,1.1401211116462946,15,9,7,0,M S,Hoffenheim,2,0.7115394035354257,8.617697034962475,7.760160846635699,Bundesliga,2021-2022
7875,Christopher Trimmel,25,2006,2,1.809804992750287,0,2.6905943360179663,20,31,5,0,D M S,Union Berlin,2,1.809804992750287,9.280324034392834,5.768513157963753,Bundesliga,2021-2022
7997,Julian Ryerson,28,1407,2,1.2863139044493437,0,1.933844307437539,17,18,3,0,D M S,Union Berlin,2,1.2863139044493437,6.546603260561824,3.978022169321776,Bundesliga,2021-2022
8065,Iago,28,2185,2,0.935566789470613,5,2.741615667939186,12,32,3,0,D M S,Augsburg,2,0.935566789470613,6.24906574934721,3.5571512216702104,Bundesliga,2021-2022
8191,Giovanni Reyna,10,434,2,1.7081096023321152,1,1.9753424003720284,11,16,0,0,M S,Borussia Dortmund,2,1.7081096023321152,3.4241522662341595,0.9894840195775032,Bundesliga,2021-2022
8325,Exequiel Palacios,23,1090,2,0.2624689023941755,2,2.091515824198723,10,8,2,0,M S,Bayer Leverkusen,2,0.2624689023941755,8.574440212920308,6.310715187340975,Bundesliga,2021-2022
8396,Jessic Ngankam,6,345,2,1.7918057180941105,1,0.3694080114364624,9,1,0,0,F S,Greuther Fuerth,2,1.7918057180941105,1.5436567328870296,0.0558664985001087,Bundesliga,2021-2022
8407,Tim Lemperle,13,119,2,2.0364901162683964,0,0.5323588028550148,7,6,0,0,S,FC Cologne,2,2.0364901162683964,2.697301149368286,0.421058701351285,Bundesliga,2021-2022
8795,Jacob Laursen,24,1652,2,0.1861973889172077,0,0.5826631942763925,8,6,1,0,D M S,Arminia Bielefeld,2,0.1861973889172077,2.3271723156794906,1.887816702015698,Bundesliga,2021-2022
8799,Joakim Nilsson,31,2741,2,0.5782502954825759,0,0.1935104029253125,5,4,5,0,D,Arminia Bielefeld,2,0.5782502954825759,2.97020052280277,2.839428230188787,Bundesliga,2021-2022
8806,Roberto Massimo,19,874,2,2.465442826971412,0,1.3525429368019104,20,12,0,0,D F M S,VfB Stuttgart,2,2.465442826971412,4.453876508399844,1.094973082654178,Bundesliga,2021-2022
8810,Hamadi Al Ghaddioui,10,500,2,2.132164813578129,2,0.9650881066918372,12,8,2,0,F S,VfB Stuttgart,2,2.132164813578129,3.88725021854043,0.9538518972694874,Bundesliga,2021-2022
8974,Jens Petter Hauge,26,1023,2,2.228058759123087,2,0.8011055085808039,19,12,4,0,F M S,Eintracht Frankfurt,2,2.228058759123087,4.761600369587541,2.7230096012353897,Bundesliga,2021-2022
9023,Ajdin Hrustic,23,937,2,1.0181386088952422,0,0.9392116768285632,29,10,2,0,M S,Eintracht Frankfurt,2,1.0181386088952422,3.6715754121541977,2.869298338890076,Bundesliga,2021-2022
9076,Philipp Förster,20,973,2,3.303239868953824,1,0.8286173827946186,29,8,4,0,F M S,VfB Stuttgart,2,3.303239868953824,8.136332713067532,5.000165726989508,Bundesliga,2021-2022
9099,Andi Zeqiri,22,1024,2,3.1150541231036186,1,0.4834547080099582,30,9,2,0,F M S,Augsburg,2,3.1150541231036186,4.182142749428749,0.6812416845932603,Bundesliga,2021-2022
9128,Andreas Voglsammer,32,852,2,2.553826807998121,1,1.4462131168693304,33,10,1,0,F S,Union Berlin,2,2.553826807998121,4.71531849168241,1.0656181760132313,Bundesliga,2021-2022
9133,Youssoufa Moukoko,16,185,2,1.9320071041584013,0,0.11611869931221,8,2,1,0,F S,Borussia Dortmund,2,1.9320071041584013,2.9800761714577675,0.991857685148716,Bundesliga,2021-2022
9705,Anthony Losilla,33,2941,2,2.183144109323621,0,0.908786702901125,33,16,5,0,D M,Bochum,2,2.183144109323621,5.665165144950151,4.500664165709168,Bundesliga,2021-2022
9712,Kevin Behrens,24,456,2,3.3563550896942616,2,1.6161433979868889,16,8,1,0,F S,Union Berlin,2,3.3563550896942616,4.823102474212647,1.0475060027092695,Bundesliga,2021-2022
9725,Angelo Stiller,26,1680,2,0.8550984188914299,1,1.5762554928660393,15,15,1,0,M S,Hoffenheim,2,0.8550984188914299,10.522518062964082,8.75502672791481,Bundesliga,2021-2022
9727,Bryan Lasme,23,851,2,0.8134284056723118,0,0.4029686944559216,13,7,2,0,F M S,Arminia Bielefeld,2,0.8134284056723118,1.647002684883773,0.6279804203659296,Bundesliga,2021-2022
9790,Josko Gvardiol,29,2416,2,2.279838796705008,2,2.2497203089296818,23,11,7,0,D S,RasenBallsport Leipzig,2,2.279838796705008,12.324218582361937,10.66670199856162,Bundesliga,2021-2022
9935,Aster Vranckx,24,1129,2,2.5283166151493788,0,1.3256795704364777,25,11,2,0,M S,Wolfsburg,2,2.5283166151493788,3.5953569691628218,1.1401068065315485,Bundesliga,2021-2022
9954,Cedric Itten,12,635,2,2.6648639580234885,0,0.10380420088768,15,3,1,0,F S,Greuther Fuerth,2,2.6648639580234885,1.3264947002753615,0.0510706007480621,Bundesliga,2021-2022
22,John Brooks,31,2619,1,0.6488265981897712,0,1.0563526935875416,11,7,3,0,D S,Wolfsburg,1,0.6488265981897712,6.931017023511231,6.575816405005753,Bundesliga,2021-2022
71,Timo Baumgartl,25,2169,1,1.76564871519804,2,1.3793817153200507,13,8,5,0,D,Union Berlin,1,1.76564871519804,5.547213569283485,5.156827509403229,Bundesliga,2021-2022
74,Pavel Kaderábek,19,1197,1,2.40421998500824,2,2.922263717278838,11,20,5,0,D M S,Hoffenheim,1,2.40421998500824,6.684410285204649,5.371675204485655,Bundesliga,2021-2022
75,Niklas Süle,28,1822,1,1.142477204091847,2,1.2855393355712297,16,10,2,0,D S,Bayern Munich,1,1.142477204091847,10.855076380074024,10.56748216599226,Bundesliga,2021-2022
82,Nadiem Amiri,13,349,1,0.4898085054010153,0,0.1801422983407974,8,2,0,0,M S,Bayer Leverkusen,1,0.4898085054010153,1.6001301258802414,1.2580721080303192,Bundesliga,2021-2022
125,Maximilian Eggestein,31,2212,1,1.004754500463605,2,1.400496196933091,23,26,2,0,M S,Freiburg,1,1.004754500463605,6.916817880235612,4.965829840861261,Bundesliga,2021-2022
140,Yannick Gerhardt,27,1571,1,1.905566617846489,3,1.745632657781243,14,11,2,0,D F M S,Wolfsburg,1,1.905566617846489,5.943927252665162,3.108817433938384,Bundesliga,2021-2022
212,Nico Elvedi,28,2433,1,1.3310376219451427,0,0.3559510987251997,13,4,3,1,D,Borussia M.Gladbach,1,1.3310376219451427,6.272547960281372,6.272547960281372,Bundesliga,2021-2022
228,Sebastian Rode,17,776,1,0.8968863133341074,0,1.1871344037353992,6,12,1,0,M S,Eintracht Frankfurt,1,0.8968863133341074,5.473810974508524,3.9971294589340687,Bundesliga,2021-2022
251,Benjamin Hübner,5,381,1,1.028080204501748,0,0.0,8,0,2,0,D,Hoffenheim,1,1.028080204501748,1.59205861389637,1.5627513080835342,Bundesliga,2021-2022
294,Gian-Luca Waldschmidt,14,721,1,1.5995969995856285,0,0.5356287080794573,17,5,2,0,M S,Wolfsburg,1,1.5995969995856285,2.199951616115868,0.5410008924081922,Bundesliga,2021-2022
315,Matthias Ginter,28,2359,1,2.305671526119113,0,1.8382709603756664,31,17,2,0,D S,Borussia M.Gladbach,1,2.305671526119113,8.558214247226715,7.024555534124374,Bundesliga,2021-2022
316,Gonzalo Castro,12,418,1,0.4588054958730936,1,0.4257023874670267,8,4,0,0,F M S,Arminia Bielefeld,1,0.4588054958730936,0.7145846970379353,0.3322518076747656,Bundesliga,2021-2022
360,Ádám Szalai,12,230,1,1.0011144913733006,0,0.3288959860801697,9,4,1,0,F S,Mainz 05,1,1.0011144913733006,1.2043385282158852,0.3487344086170196,Bundesliga,2021-2022
373,Mats Hummels,23,1766,1,0.8434689026325941,2,0.6138626299798489,13,3,4,0,D S,Borussia Dortmund,1,0.8434689026325941,7.790886148810387,7.249896124005318,Bundesliga,2021-2022
409,Philipp Klement,6,338,1,0.2419048994779586,0,1.0493379794061184,5,7,0,0,M S,VfB Stuttgart,1,0.2419048994779586,2.686147753149271,2.0548326782882214,Bundesliga,2021-2022
418,Niklas Stark,26,2028,1,0.9199988152831792,0,0.4287197077646851,11,4,3,0,D M S,Hertha Berlin,1,0.9199988152831792,3.7425847789272666,3.2940832814201717,Bundesliga,2021-2022
454,Charles Aránguiz,26,1568,1,1.3617438841611147,4,2.221006790176034,10,18,2,0,M S,Bayer Leverkusen,1,1.3617438841611147,10.43772443011403,8.342427210882306,Bundesliga,2021-2022
855,Cristian Gamboa,23,1737,1,0.1019844431430101,0,1.095487505197525,5,13,6,0,D S,Bochum,1,0.1019844431430101,5.201526742428541,4.72069426625967,Bundesliga,2021-2022
2638,Alessandro Schöpf,31,2427,1,2.0364049496129155,0,2.7078188098967075,35,44,1,1,M S,Arminia Bielefeld,1,2.0364049496129155,6.2685681078583,3.030284184962511,Bundesliga,2021-2022
2659,Noah Joel Sarenren Bazee,14,221,1,0.9903277084231376,0,0.1572973988950252,7,2,1,0,M S,Augsburg,1,0.9903277084231376,1.5333650261163712,0.4725383147597313,Bundesliga,2021-2022
2663,Felix Passlack,10,472,1,0.1801855973899364,0,0.1295830011367797,3,1,0,0,D S,Borussia Dortmund,1,0.1801855973899364,1.7899661231786013,1.5117555055767298,Bundesliga,2021-2022
2668,Martin Hinteregger,27,2218,1,1.3954239031299949,0,0.348642997443676,15,7,6,0,D S,Eintracht Frankfurt,1,1.3954239031299949,3.575249154120684,3.25006166100502,Bundesliga,2021-2022
2774,Sardar Azmoun,9,352,1,2.8768682964146137,1,0.6099575962871313,11,6,0,0,F M S,Bayer Leverkusen,1,2.8768682964146137,4.3923748061060905,1.014756515622139,Bundesliga,2021-2022
3339,Jérôme Roussillon,26,1780,1,1.0984279047697785,0,1.626402685418725,12,15,5,0,D S,Wolfsburg,1,1.0984279047697785,6.321892138570547,3.79729163646698,Bundesliga,2021-2022
4247,Maximilian Philipp,22,972,1,1.0985637810081244,4,0.8779888935387135,15,17,2,0,F M S,Wolfsburg,1,1.0985637810081244,3.426296563819051,2.239631097763777,Bundesliga,2021-2022
5133,Aarón Martín,28,2300,1,0.7781184893101454,1,4.818249434232712,17,47,7,0,D M S,Mainz 05,1,0.7781184893101454,6.237796011380851,4.141918811015785,Bundesliga,2021-2022
5243,Dayotchanculle Upamecano,28,2213,1,0.520112500526011,6,3.1567688547074795,11,12,4,0,D S,Bayern Munich,1,0.520112500526011,16.145844200626016,15.061790192499757,Bundesliga,2021-2022
5248,Marcel Sabitzer,27,940,1,2.346092007122934,1,2.4641467705369,22,11,1,0,D M S,"Bayern Munich,RasenBallsport Leipzig",1,2.346092007122934,10.145021993666887,5.523720603436232,Bundesliga,2021-2022
5254,Marcel Halstenberg,8,508,1,0.3177349008619785,0,0.6867334879934788,5,4,0,0,D S,RasenBallsport Leipzig,1,0.3177349008619785,3.2672053277492523,2.515456974506378,Bundesliga,2021-2022
5273,Kerem Demirbay,29,2063,1,3.2530171014368534,4,3.89834200963378,37,46,10,0,M S,Bayer Leverkusen,0,1.737463105469942,10.268724205903707,8.193022813647985,Bundesliga,2021-2022
5298,Arne Maier,29,1885,1,1.3631622679531574,6,4.127226259559393,17,34,0,0,M S,Augsburg,1,1.3631622679531574,6.328108716756105,3.5747463684529066,Bundesliga,2021-2022
5659,Nordi Mukiele,28,1855,1,2.2328059803694487,3,2.508465178310871,22,14,3,0,D M S,RasenBallsport Leipzig,1,2.2328059803694487,9.563441548496485,6.938381060957909,Bundesliga,2021-2022
5736,Myziane Maolida,14,778,1,1.4192189034074545,1,0.2463745027780532,14,4,0,0,F M S,Hertha Berlin,1,1.4192189034074545,2.1411378756165504,0.4883088003844023,Bundesliga,2021-2022
6088,Orel Mangala,28,1878,1,2.2277317233383656,3,2.769866868853569,17,29,4,0,M S,VfB Stuttgart,1,2.2277317233383656,5.571071475744247,2.106621597893536,Bundesliga,2021-2022
6143,Jetro Willems,24,1637,1,0.8097230736166239,0,1.5601177141070366,11,12,5,0,D M S,Greuther Fuerth,1,0.8097230736166239,3.193720884621144,2.2164570186287165,Bundesliga,2021-2022
6403,Timo Hübers,20,1746,1,1.8176306085661051,0,0.0,9,0,7,0,D,FC Cologne,1,1.8176306085661051,3.30898773111403,3.30898773111403,Bundesliga,2021-2022
6411,Niklas Dorsch,30,2331,1,0.2027828525751829,0,0.7352635003626347,12,14,8,0,M S,Augsburg,1,0.2027828525751829,5.350639058277011,4.9781341049820185,Bundesliga,2021-2022
6490,Manuel Akanji,26,2263,1,1.7875730022788048,0,0.1254743998870253,13,2,3,0,D S,Borussia Dortmund,1,1.7875730022788048,10.389823410660028,10.358470413833857,Bundesliga,2021-2022
7042,Timothy Tillman,29,2030,1,2.0667156893759966,2,2.534813730046153,24,29,3,0,M S,Greuther Fuerth,1,2.0667156893759966,5.322402074933052,1.8233620766550305,Bundesliga,2021-2022
7058,Kevin Stöger,23,357,1,1.2540068179368973,1,1.3713400913402438,16,14,3,0,M S,Mainz 05,1,1.2540068179368973,2.893176283687353,1.673353590071201,Bundesliga,2021-2022
7075,Borna Sosa,28,2501,1,1.079838002100587,8,6.907984648831189,26,61,4,0,D M,VfB Stuttgart,1,1.079838002100587,12.652582090348004,8.924460940063,Bundesliga,2021-2022
7090,Krzysztof Piatek,9,348,1,2.1545790676027536,0,0.0,12,0,0,0,F S,Hertha Berlin,1,2.1545790676027536,2.229025149717927,0.2062302976846695,Bundesliga,2021-2022
7109,Leandro Barreiro Martins,31,1796,1,2.4234909806400537,2,1.2663136795163157,32,13,3,0,M S,Mainz 05,1,2.4234909806400537,7.395055461674929,3.9946337193250656,Bundesliga,2021-2022
7410,Andras Schafer,8,223,1,0.7005224116146564,1,0.1706806980073452,7,4,2,0,M S,Union Berlin,1,0.7005224116146564,1.8386879824101925,1.068553376942873,Bundesliga,2021-2022
7551,Mohamed Simakan,28,2018,1,0.7999007031321526,0,0.6795000806450844,11,7,5,0,D S,RasenBallsport Leipzig,1,0.7999007031321526,5.677771847695112,5.203398760408163,Bundesliga,2021-2022
7788,Kingsley Schindler,18,309,1,0.4655405823141336,2,1.1030539013445375,3,5,1,0,D S,FC Cologne,1,0.4655405823141336,2.7898273542523384,1.2701656073331833,Bundesliga,2021-2022
7791,Sebastiaan Bornauw,27,2015,1,1.657631915062666,0,0.1821218989789486,13,3,3,0,D S,Wolfsburg,1,1.657631915062666,4.487196687608957,3.93244353402406,Bundesliga,2021-2022
7798,Christopher Antwi-Adjei,25,1117,1,2.699526695534587,1,0.9967997018247844,29,6,2,0,F M S,Bochum,1,2.699526695534587,4.609935814514756,0.9570143055170774,Bundesliga,2021-2022
7807,Luca Kilian,31,2280,1,1.7286614030599594,0,0.1080763004720211,5,2,3,0,D S,"FC Cologne,Mainz 05",1,1.7286614030599594,4.26878028921783,4.218930888921022,Bundesliga,2021-2022
7810,Ruben Vargas,29,2030,1,3.5599733674898744,3,2.821348102763295,40,23,4,0,F M S,Augsburg,1,3.5599733674898744,7.194399576634169,2.367407076060772,Bundesliga,2021-2022
7813,Jeremiah St. Juste,8,598,1,0.7672575134783983,0,0.140903397463262,12,3,0,0,D S,Mainz 05,1,0.7672575134783983,1.132953904569149,0.9618285298347472,Bundesliga,2021-2022
7831,Stefan Lainer,21,1497,1,0.5220086015760899,2,2.555904906243086,10,13,2,0,D M S,Borussia M.Gladbach,1,0.5220086015760899,7.867721138522029,5.563105959445238,Bundesliga,2021-2022
7897,Louis Schaub,28,603,1,1.2781943045556543,2,1.3413059953600168,14,10,0,0,M S,FC Cologne,1,1.2781943045556543,3.570244897156954,1.4443796034902334,Bundesliga,2021-2022
7900,Sargis Adamyan,13,312,1,0.6286221165210009,0,0.6774339862167835,3,4,0,0,F M S,Hoffenheim,1,0.6286221165210009,2.0609363298863173,1.2331302221864462,Bundesliga,2021-2022
7981,Nianzou Kouassi,17,569,1,0.3348842030391097,1,1.2172479797154665,6,5,4,0,D S,Bayern Munich,1,0.3348842030391097,3.263769209384918,2.990208901464939,Bundesliga,2021-2022
8317,Edmond Tapsoba,22,1803,1,0.460012599825859,0,0.015871899202466,6,1,1,0,D S,Bayer Leverkusen,1,0.460012599825859,9.8273815670982,9.8273815670982,Bundesliga,2021-2022
8430,Chris Richards,20,1295,1,1.319004811346531,1,0.4622834995388984,9,3,1,0,D S,"Bayern Munich,Hoffenheim",1,1.319004811346531,4.079617720097303,4.036979716271162,Bundesliga,2021-2022
8788,Anderson-Lenda Lucoqui,13,740,1,0.4587747994810343,0,0.4108024090528488,8,6,2,0,D M S,Mainz 05,1,0.4587747994810343,1.2983938083052635,0.4527960056439042,Bundesliga,2021-2022
8801,Sebastian Griesbeck,30,2447,1,0.8043859843164682,0,0.1223731972277164,7,2,7,0,D M S,"Greuther Fuerth,Union Berlin",1,0.8043859843164682,1.5881178975105286,1.3772229999303818,Bundesliga,2021-2022
8870,Sam Lammers,15,519,1,1.0651042889803648,0,0.1184225995093584,13,2,1,0,F S,Eintracht Frankfurt,1,1.0651042889803648,1.0624016877263784,0.2778140008449554,Bundesliga,2021-2022
8989,Ansgar Knauff,17,869,1,0.519669596105814,1,1.0792423989623785,13,11,0,0,D M S,"Borussia Dortmund,Eintracht Frankfurt",1,0.519669596105814,2.5658754920586944,1.2536725094541907,Bundesliga,2021-2022
9293,Hugo Novoa Ramos,8,124,1,0.908531604334712,0,0.1434556022286415,2,2,0,0,M S,RasenBallsport Leipzig,1,0.908531604334712,1.064951304346323,0.0313565991818904,Bundesliga,2021-2022
9328,Jeremie Frimpong,25,2074,1,0.9708234146237372,6,4.056737244129181,11,30,6,0,D,Bayer Leverkusen,1,0.9708234146237372,10.710917338728905,6.975408505648375,Bundesliga,2021-2022
9458,Josip Stanisic,13,633,1,0.5321536995470524,0,0.1701874006539583,4,3,1,0,D S,Bayern Munich,1,0.5321536995470524,5.967354625463486,5.442648679018021,Bundesliga,2021-2022
9674,Joe Scally,30,1900,1,1.477865507826209,2,1.8954661954194307,18,18,4,0,D M S,Borussia M.Gladbach,1,1.477865507826209,7.013944670557976,4.37972629070282,Bundesliga,2021-2022
9703,Maxim Leitsch,19,1536,1,1.0440027676522732,0,0.6111973002552986,5,3,2,0,D S,Bochum,1,1.0440027676522732,3.4308083560317755,3.4210385512560606,Bundesliga,2021-2022
9715,Hiroki Ito,29,2349,1,0.397500398568809,1,1.4228137247264383,11,15,2,0,D M S,VfB Stuttgart,1,0.397500398568809,7.342304402962327,6.825584605336189,Bundesliga,2021-2022
9717,Marco Meyerhöfer,26,2276,1,1.1540144057944417,0,0.6900568939745426,10,17,0,0,D M S,Greuther Fuerth,1,1.1540144057944417,5.567309595644474,3.924517894163728,Bundesliga,2021-2022
9728,Florian Krüger,27,1105,1,1.818889806047082,2,1.741279773414135,18,11,0,0,F M S,Arminia Bielefeld,1,1.818889806047082,4.967509428039193,1.680467113852501,Bundesliga,2021-2022
9830,Soma Novothny,6,72,1,0.60692298412323,0,0.0,3,0,0,0,S,Bochum,1,0.60692298412323,0.4179239869117737,0.0,Bundesliga,2021-2022
9910,Anton Stach,29,1857,1,2.02553120162338,6,4.120082991197705,48,32,6,0,M S,Mainz 05,1,2.02553120162338,7.924478895962238,5.052265904843807,Bundesliga,2021-2022
9911,Piero Hincapié,27,1750,1,0.8859499031677842,2,1.7231176821514964,9,10,5,0,D S,Bayer Leverkusen,1,0.8859499031677842,7.599099438637495,6.767784784547985,Bundesliga,2021-2022
9986,Kristijan Jakic,26,1880,1,1.6898993141949177,0,0.4234932065010071,30,8,6,0,M S,Eintracht Frankfurt,1,1.6898993141949177,3.8861567843705416,2.8650437016040087,Bundesliga,2021-2022
9991,Linus Gechter,13,699,1,0.5950837060809135,0,0.3063295055180788,5,4,0,0,D M S,Hertha Berlin,1,0.5950837060809135,2.000971984118223,1.9326237849891184,Bundesliga,2021-2022
10054,Wahidullah Faghir,6,112,1,0.2892862930893898,0,0.0,5,0,0,0,S,VfB Stuttgart,1,0.2892862930893898,0.3417985923588276,0.0525122992694377,Bundesliga,2021-2022
10368,Delano Burgzorg,3,19,1,0.2570459991693496,0,0.0,2,0,0,0,S,Mainz 05,1,0.2570459991693496,0.2570459991693496,0.0,Bundesliga,2021-2022
10550,Tom Rothe,2,92,1,0.1274250000715255,0,0.0421952009201049,2,1,1,0,D S,Borussia Dortmund,1,0.1274250000715255,0.9653292298316956,0.867920994758606,Bundesliga,2021-2022
23,Marvin Plattenhardt,21,1642,0,0.4750700015574693,3,4.481527606956661,7,39,3,0,D M S,Hertha Berlin,0,0.4750700015574693,4.654231633991003,3.9476804360747337,Bundesliga,2021-2022
38,Daniel Brosinski,11,379,0,0.0067085498012602,0,0.7944283112883568,1,8,0,0,D S,Mainz 05,0,0.0067085498012602,0.9120239056646824,0.6189807113260031,Bundesliga,2021-2022
42,Julian Baumgartlinger,6,78,0,0.0,0,0.0,0,0,1,0,M S,Bayer Leverkusen,0,0.0,0.1285279989242553,0.1285279989242553,Bundesliga,2021-2022
69,Carlos Gruezo,17,967,0,0.3721979912370443,0,0.0919774016365408,10,4,7,0,M S,Augsburg,0,0.3721979912370443,1.9313174979761245,1.560119098983705,Bundesliga,2021-2022
72,Benjamin Uphoff,2,180,0,0.0,0,0.0,0,0,0,0,GK,Freiburg,0,0.0,0.1327069997787475,0.1327069997787475,Bundesliga,2021-2022
73,Oliver Baumann,33,2970,0,0.0,0,0.0,0,0,1,0,GK,Hoffenheim,0,0.0,7.5881915763020515,7.5881915763020515,Bundesliga,2021-2022
79,Tobias Strobl,5,323,0,0.1468693017959594,0,0.014542399905622,3,1,1,0,M S,Augsburg,0,0.1468693017959594,0.1135349031537771,0.0871885009109973,Bundesliga,2021-2022
81,Jonathan Schmid,13,571,0,0.195683597587049,1,0.9689782075583936,5,8,0,0,D S,Freiburg,0,0.195683597587049,2.8882808312773705,2.5123694855719805,Bundesliga,2021-2022
84,Ermin Bicakcic,1,3,0,0.0,0,0.0,0,0,0,0,S,Hoffenheim,0,0.0,0.0,0.0,Bundesliga,2021-2022
107,Philipp Tschauner,1,1,0,0.0,0,0.0,0,0,0,0,S,RasenBallsport Leipzig,0,0.0,0.0,0.0,Bundesliga,2021-2022
116,Florian Grillitsch,18,1495,0,1.4643763033673167,0,0.6584164872765541,8,10,7,0,D M S,Hoffenheim,0,1.4643763033673167,8.240888833999634,6.600121695548296,Bundesliga,2021-2022
118,Levin Öztunali,18,552,0,0.7153697079047561,0,0.3351187985390425,7,6,0,0,M S,Union Berlin,0,0.7153697079047561,1.8822014927864077,1.0749299302697182,Bundesliga,2021-2022
119,Anthony Ujah,3,30,0,0.1959895938634872,0,0.063748300075531,3,1,0,0,S,Union Berlin,0,0.1959895938634872,0.2118419930338859,0.0,Bundesliga,2021-2022
127,Timo Horn,13,1170,0,0.0,0,0.0,0,0,0,0,GK,FC Cologne,0,0.0,1.3124181851744652,1.3124181851744652,Bundesliga,2021-2022
129,Dominique Heintz,8,505,0,0.6154549717903137,0,0.00962654966861,1,1,0,0,D S,"Freiburg,Union Berlin",0,0.6154549717903137,1.888019566424191,1.878393016755581,Bundesliga,2021-2022
131,Jonas Hector,30,2559,0,1.349539619870484,6,4.7077358001843095,17,36,3,0,D M,FC Cologne,0,1.349539619870484,10.984632156789305,7.984538744203746,Bundesliga,2021-2022
133,Kevin Vogt,30,2571,0,0.0437464993447065,2,0.3602252993732691,3,7,7,0,D S,Hoffenheim,0,0.0437464993447065,11.326698016375303,11.033198921009898,Bundesliga,2021-2022
150,Josuha Guilavogui,15,944,0,0.4492831965908408,0,0.1625791992992162,8,3,4,0,D M S,Wolfsburg,0,0.4492831965908408,1.6767941303551197,1.533811429515481,Bundesliga,2021-2022
159,Koen Casteels,28,2520,0,0.0,0,0.0,0,0,1,0,GK,Wolfsburg,0,0.0,2.4659309862181544,2.4659309862181544,Bundesliga,2021-2022
161,Robin Knoche,33,2970,0,0.5254961820319295,0,0.1370023041963577,10,3,6,0,D,Union Berlin,0,0.5254961820319295,9.54852120578289,9.465177223086355,Bundesliga,2021-2022
168,Gideon Jung,5,136,0,0.0,0,0.0,0,0,0,0,D S,Greuther Fuerth,0,0.0,0.1967013999819755,0.1967013999819755,Bundesliga,2021-2022
187,Christoph Kramer,18,729,0,0.4962297901511192,0,0.3907603081315756,3,3,1,0,M S,Borussia M.Gladbach,0,0.4962297901511192,3.096239112317562,2.6231541112065315,Bundesliga,2021-2022
188,Kevin Kampl,27,1943,0,0.4210509937256574,1,1.6222961731255054,8,16,4,0,M S,RasenBallsport Leipzig,0,0.4210509937256574,10.25681058689952,9.272289352491498,Bundesliga,2021-2022
194,Admir Mehmedi,1,1,0,0.0,0,0.0,0,0,0,0,S,Wolfsburg,0,0.0,0.0,0.0,Bundesliga,2021-2022
199,Yann Sommer,33,2970,0,0.0,1,0.4003770053386688,0,1,2,0,GK,Borussia M.Gladbach,0,0.0,4.35244488529861,3.952068915590644,Bundesliga,2021-2022
201,Tony Jantschke,3,232,0,0.0702769979834556,0,0.0,1,0,0,0,D,Borussia M.Gladbach,0,0.0702769979834556,0.3725226074457168,0.3725226074457168,Bundesliga,2021-2022
202,Håvard Nordtveit,11,285,0,0.0467681996524333,0,0.0779011994600296,1,1,1,0,D S,Hoffenheim,0,0.0467681996524333,0.6056899018585682,0.5277887023985386,Bundesliga,2021-2022
214,Tobias Sippel,1,90,0,0.0,0,0.0,0,0,0,0,GK,Borussia M.Gladbach,0,0.0,0.1124579980969429,0.1124579980969429,Bundesliga,2021-2022
217,Manuel Neuer,28,2512,0,0.0,0,0.0,0,0,0,0,GK,Bayern Munich,0,0.0,9.402277240529656,9.402277240529656,Bundesliga,2021-2022
231,Sven Ulreich,6,540,0,0.0,0,0.0,0,0,0,0,GK,Bayern Munich,0,0.0,1.3637009859085083,1.3637009859085083,Bundesliga,2021-2022
245,Max Christiansen,27,2059,0,0.3286662413738668,0,0.4939281577244401,10,12,5,0,M S,Greuther Fuerth,0,0.3286662413738668,3.791784904897213,3.3821825925260782,Bundesliga,2021-2022
247,Danilo Soares,30,2573,0,0.3834054991602897,1,2.312810860108584,13,19,4,0,D M,Bochum,0,0.3834054991602897,7.762655755039304,5.960787762422115,Bundesliga,2021-2022
249,Danny da Costa,11,729,0,0.086312398314476,0,0.1313452012836933,2,2,2,0,D S,Eintracht Frankfurt,0,0.086312398314476,1.4291315749287603,1.4291315749287603,Bundesliga,2021-2022
256,Jens Grahl,1,90,0,0.0,0,0.0,0,0,0,0,GK,Eintracht Frankfurt,0,0.0,0.0,0.0,Bundesliga,2021-2022
263,Marwin Hitz,5,401,0,0.0,0,0.0,0,0,0,0,GK S,Borussia Dortmund,0,0.0,0.4326729923486709,0.4326729923486709,Bundesliga,2021-2022
269,Dominik Kohr,22,1637,0,1.6439665853977203,3,1.218794910237193,18,9,6,2,M S,Mainz 05,0,1.6439665853977203,5.82495457585901,4.644774317741394,Bundesliga,2021-2022
281,Lukas Hradecky,32,2880,0,0.0,0,0.0,0,0,1,0,GK,Bayer Leverkusen,0,0.0,7.867010068148375,7.867010068148375,Bundesliga,2021-2022
282,Makoto Hasebe,18,1176,0,0.0,0,0.54428631067276,0,3,1,0,D M S,Eintracht Frankfurt,0,0.0,4.634778417646885,4.133094921708107,Bundesliga,2021-2022
285,Bastian Oczipka,18,922,0,0.5230361986905336,1,2.0193020943552256,5,16,1,0,D M S,Union Berlin,0,0.5230361986905336,3.130345044657588,2.1736169066280127,Bundesliga,2021-2022
290,Mijat Gacinovic,4,107,0,0.083552099764347,0,0.0,1,0,1,0,M S,Hoffenheim,0,0.083552099764347,0.6724780276417732,0.588925626128912,Bundesliga,2021-2022
300,Daniel Didavi,10,269,0,0.8447935953736305,1,0.9539590254426004,8,6,1,0,F M S,VfB Stuttgart,0,0.8447935953736305,1.9367047641426325,0.6588411927223206,Bundesliga,2021-2022
309,Roman Bürki,1,90,0,0.0,0,0.0,0,0,0,0,GK,Borussia Dortmund,0,0.0,0.0857093036174774,0.0857093036174774,Bundesliga,2021-2022
326,Pascal Stenzel,16,892,0,0.2928458014503121,0,0.2335060033947229,8,5,1,0,D S,VfB Stuttgart,0,0.2928458014503121,4.165897917933762,3.9596501290798183,Bundesliga,2021-2022
359,Timothy Chandler,17,1225,0,0.4200951065868139,0,0.4909465946257114,13,10,4,0,D M S,Eintracht Frankfurt,0,0.4200951065868139,1.1910125892609358,0.6936497054994106,Bundesliga,2021-2022
367,Jan Morávek,17,454,0,0.6869008205831051,0,0.6400949880480766,2,7,1,0,M S,Augsburg,0,0.6869008205831051,2.2081457301974297,0.8811514228582382,Bundesliga,2021-2022
368,Konstantinos Stafylidis,24,1382,0,0.8016093941405416,1,1.0998149141669271,16,12,3,1,D M S,Bochum,0,0.8016093941405416,2.1770187877118587,1.495249381288886,Bundesliga,2021-2022
370,Marvin Friedrich,21,1774,0,1.3727693259716034,0,1.8205729722976685,19,4,3,1,D S,"Borussia M.Gladbach,Union Berlin",0,1.3727693259716034,6.097911059856415,5.375207304954529,Bundesliga,2021-2022
403,Lukas Klünter,5,182,0,0.0,0,0.6252753138542175,0,2,1,0,D S,Hertha Berlin,0,0.0,0.7413027174770832,0.1815307028591632,Bundesliga,2021-2022
419,Maximilian Mittelstädt,24,1487,0,0.3860027026385069,5,2.793548194691539,11,22,3,0,D M S,Hertha Berlin,0,0.3860027026385069,4.888967890292406,2.7783244056627154,Bundesliga,2021-2022
420,Patrick Herrmann,23,710,0,1.5285479985177517,4,1.2689724937081337,13,18,1,0,D M S,Borussia M.Gladbach,0,1.5285479985177517,6.079391933977604,3.971484610810876,Bundesliga,2021-2022
426,Daniel Ginczek,2,10,0,0.0962439030408859,0,0.0,1,0,0,0,S,Wolfsburg,0,0.0962439030408859,0.0962439030408859,0.0,Bundesliga,2021-2022
433,Nico Schulz,16,827,0,0.3351502008736133,2,0.8470050990581512,3,7,2,0,D S,Borussia Dortmund,0,0.3351502008736133,4.96527785807848,3.972716450691223,Bundesliga,2021-2022
443,Peter Pekarík,27,2249,0,0.7019787048920989,0,0.5292979953810573,10,13,1,0,D M S,Hertha Berlin,0,0.7019787048920989,5.865829735063016,4.749539486132562,Bundesliga,2021-2022
449,Robin Zentner,32,2880,0,0.0,0,0.0,0,0,1,0,GK,Mainz 05,0,0.0,2.7025455804541707,2.7025455804541707,Bundesliga,2021-2022
549,Timothy Fosu-Mensah,6,137,0,0.0,0,0.6149439811706543,0,2,0,0,S,Bayer Leverkusen,0,0.0,1.4145890176296234,0.9042960107326508,Bundesliga,2021-2022
983,Kevin Mbabu,24,1379,0,0.3472377955913543,0,1.7119646044448018,5,21,4,0,D S,Wolfsburg,0,0.3472377955913543,3.703231326304376,3.186026773415506,Bundesliga,2021-2022
1673,Edimilson Fernandes,7,282,0,0.0666656009852886,0,0.1935556083917617,4,6,0,0,M S,Arminia Bielefeld,0,0.0666656009852886,0.2284965962171554,0.0416322983801364,Bundesliga,2021-2022
1702,Mike van der Hoorn,1,13,0,0.0,0,0.0,0,0,0,0,S,Arminia Bielefeld,0,0.0,0.0,0.0,Bundesliga,2021-2022
1819,Kevin-Prince Boateng,18,698,0,0.2565902033820748,0,0.3027980979532003,10,7,7,0,F M S,Hertha Berlin,0,0.2565902033820748,3.149518263526261,2.724050129763782,Bundesliga,2021-2022
2210,Jorge Meré,8,494,0,0.0,0,0.0223044008016586,0,1,2,0,D S,FC Cologne,0,0.0,2.394364935345948,2.3720605364069343,Bundesliga,2021-2022
2276,Lucas Hernández,25,2058,0,0.2560263015329838,1,0.4596787057816982,4,9,7,0,D,Bayern Munich,0,0.2560263015329838,16.473751852288842,16.281273955479264,Bundesliga,2021-2022
2625,Paul Seguin,27,2112,0,0.4775180732831359,3,1.6488861218094826,11,21,9,0,M S,Greuther Fuerth,0,0.4775180732831359,4.788907653652132,3.1987521648406982,Bundesliga,2021-2022
2627,Jannes Horn,11,465,0,0.0604061996564269,0,0.4698166027665138,3,6,2,0,D S,FC Cologne,0,0.0604061996564269,0.8891475033015013,0.4064980000257492,Bundesliga,2021-2022
2640,Erik Durm,7,478,0,0.0089082904160022,1,0.4739722907543182,1,3,1,0,D,Eintracht Frankfurt,0,0.0089082904160022,1.403986793011427,1.3400364965200424,Bundesliga,2021-2022
2670,Sascha Burchert,14,1260,0,0.0,0,0.0379617996513843,0,1,0,0,GK,Greuther Fuerth,0,0.0,0.8674043100327253,0.8674043100327253,Bundesliga,2021-2022
2676,Erik Thommy,11,250,0,0.3118524951860308,0,0.8126952052116394,10,9,0,0,D S,VfB Stuttgart,0,0.3118524951860308,1.431282472796738,0.9063766747713088,Bundesliga,2021-2022
3150,Andrey Lunev,1,90,0,0.0,0,0.0,0,0,0,0,GK,Bayer Leverkusen,0,0.0,0.0,0.0,Bundesliga,2021-2022
3286,Kevin Trapp,32,2880,0,0.0,0,0.0,0,0,2,0,GK,Eintracht Frankfurt,0,0.0,2.654068922623992,2.654068922623992,Bundesliga,2021-2022
3363,Benjamin Pavard,25,2087,0,0.7018317990005016,1,1.1948468293994663,18,17,2,1,D S,Bayern Munich,0,0.7018317990005016,15.549298748373984,14.36458070576191,Bundesliga,2021-2022
3393,Bouna Sarr,5,53,0,0.0671541988849639,0,0.0,1,0,0,0,S,Bayern Munich,0,0.0671541988849639,0.1205477975308895,0.0533935986459255,Bundesliga,2021-2022
3431,Almamy Touré,10,507,0,0.31436069868505,0,0.0,6,0,2,0,D M S,Eintracht Frankfurt,0,0.31436069868505,0.3757835021242499,0.1932985009625554,Bundesliga,2021-2022
4255,Stefanos Kapino,1,90,0,0.0,0,0.0,0,0,0,0,GK,Arminia Bielefeld,0,0.0,0.0,0.0,Bundesliga,2021-2022
4323,Julian Green,24,1047,0,0.4895337000489235,0,0.5802287012338638,19,10,2,0,M S,Greuther Fuerth,0,0.4895337000489235,1.3433346883393824,0.687173193320632,Bundesliga,2021-2022
4336,Raphael Framberger,23,825,0,0.0526896007359027,0,0.7020340859889984,1,12,3,0,D M S,Augsburg,0,0.0526896007359027,1.7750640343874693,1.404201727360487,Bundesliga,2021-2022
4376,Marvin Schwäbe,21,1890,0,0.0,0,0.0,0,0,1,0,GK,FC Cologne,0,0.0,1.7158477939665318,1.7158477939665318,Bundesliga,2021-2022
4468,Dedryck Boyata,23,1902,0,0.7945772726088762,0,0.1485328041017055,10,4,1,1,D S,Hertha Berlin,0,0.7945772726088762,3.6646125093102455,3.5903420075774197,Bundesliga,2021-2022
5086,Marc Roca,9,375,0,0.2452496998012066,0,0.3095481973141432,5,5,0,0,M S,Bayern Munich,0,0.2452496998012066,3.9021690264344215,3.593710955232382,Bundesliga,2021-2022
5222,Joel Pohjanpalo,2,7,0,0.0,0,0.0,0,0,0,0,S,Bayer Leverkusen,0,0.0,0.0,0.0,Bundesliga,2021-2022
5230,Thomas Delaney,1,15,0,0.0,0,0.0,0,0,0,0,S,Borussia Dortmund,0,0.0,0.0,0.0,Bundesliga,2021-2022
5235,Aymen Barkok,5,160,0,0.0272671002894639,0,0.0264126993715763,2,1,0,0,M S,Eintracht Frankfurt,0,0.0272671002894639,0.1335563007742166,0.1178224999457597,Bundesliga,2021-2022
5238,Jordan Torunarigha,7,489,0,0.1394603997468948,1,0.06408810056746,2,2,1,0,D S,Hertha Berlin,0,0.1394603997468948,0.6463548000901937,0.5822670012712479,Bundesliga,2021-2022
5241,Péter Gulácsi,33,2970,0,0.0,0,0.0,0,0,1,0,GK,RasenBallsport Leipzig,0,0.0,7.034800864756107,7.034800864756107,Bundesliga,2021-2022
5242,Stefan Ilsanker,12,253,0,0.2292074039578437,0,0.0,4,0,1,0,D M S,Eintracht Frankfurt,0,0.2292074039578437,0.1445471979677677,0.1262887995690107,Bundesliga,2021-2022
5251,Rani Khedira,32,2769,0,1.324600879102945,1,0.8371935123577714,13,9,6,0,M,Union Berlin,0,1.324600879102945,5.731601282954216,4.4451966024935246,Bundesliga,2021-2022
5253,Benno Schmitz,31,2454,0,0.4270148063078522,5,4.052147035486996,12,36,5,0,D S,FC Cologne,0,0.4270148063078522,11.118147007189693,7.913878270424902,Bundesliga,2021-2022
5258,László Bénes,13,227,0,0.798285311087966,0,0.5345250908285379,7,5,0,0,M S,Borussia M.Gladbach,0,0.798285311087966,1.6336046066135168,0.8551879953593016,Bundesliga,2021-2022
5260,Andreas Luthe,27,2430,0,0.0,0,0.0,0,0,3,0,GK,Union Berlin,0,0.0,2.521680290810764,2.521680290810764,Bundesliga,2021-2022
5262,Alexander Schwolow,25,2175,0,0.0,0,0.056954801082611,0,1,1,0,GK,Hertha Berlin,0,0.0,2.0037718657404184,1.946816885843873,Bundesliga,2021-2022
5277,Michael Esser,3,270,0,0.0,0,0.0,0,0,0,0,GK,Bochum,0,0.0,0.0,0.0,Bundesliga,2021-2022
5288,Gregor Kobel,29,2569,0,0.0,0,0.0,0,0,0,0,GK,Borussia Dortmund,0,0.0,4.121921291574836,4.121921291574836,Bundesliga,2021-2022
5292,Manuel Gulde,20,1225,0,0.0,0,0.0488441996276378,0,1,2,0,D S,Freiburg,0,0.0,1.1371936835348606,1.1371936835348606,Bundesliga,2021-2022
5293,Rafal Gikiewicz,34,3060,0,0.0,0,0.0419849008321762,0,2,0,0,GK,Augsburg,0,0.0,1.8957472825422883,1.8957472825422883,Bundesliga,2021-2022
5300,Gian-Luca Itter,24,1444,0,0.1931642033159732,1,1.224189487285912,5,10,3,0,D M S,Greuther Fuerth,0,0.1931642033159732,2.781505389139056,2.1714542731642723,Bundesliga,2021-2022
5328,Florian Müller,30,2700,0,0.0,0,0.0,0,0,0,0,GK,VfB Stuttgart,0,0.0,3.231026285327971,3.231026285327971,Bundesliga,2021-2022
5353,Josip Brekalo,1,19,0,0.0,1,0.1413449943065643,0,1,0,0,S,Wolfsburg,0,0.0,0.1821019947528839,0.0407567992806434,Bundesliga,2021-2022
5358,Lukas Klostermann,23,1642,0,0.3798017995432019,1,0.5810260809957981,6,4,1,0,D M S,RasenBallsport Leipzig,0,0.3798017995432019,5.181306775659323,4.678016752004623,Bundesliga,2021-2022
5654,Baptiste Santamaria,1,20,0,0.0,0,0.0,0,0,0,0,S,Freiburg,0,0.0,0.0963454991579055,0.0963454991579055,Bundesliga,2021-2022
6071,Christian Früchtl,1,8,0,0.0,0,0.0,0,0,0,0,S,Bayern Munich,0,0.0,0.1131590008735656,0.1131590008735656,Bundesliga,2021-2022
6096,Sergio Córdova,13,313,0,0.9073673896491528,0,0.0747626014053821,7,2,2,0,F S,Augsburg,0,0.9073673896491528,0.9369808062911034,0.2488304991275072,Bundesliga,2021-2022
6100,Felix Uduokhai,13,776,0,0.1593596003949642,0,0.0,2,0,2,0,D S,Augsburg,0,0.1593596003949642,0.7945551015436649,0.7945551015436649,Bundesliga,2021-2022
6103,Dan-Axel Zagadou,15,944,0,0.1686544045805931,0,0.0,3,0,2,0,D S,Borussia Dortmund,0,0.1686544045805931,6.424894541501999,6.3724376410245895,Bundesliga,2021-2022
6148,Michaël Cuisance,1,10,0,0.0,0,0.507781982421875,0,1,0,0,S,Bayern Munich,0,0.0,0.9367619752883912,0.4289799928665161,Bundesliga,2021-2022
6289,Santiago Ascacibar,28,2388,0,1.2529001161456108,1,0.4678981006145477,13,11,5,0,M S,Hertha Berlin,0,1.2529001161456108,7.104157496243715,6.448499895632267,Bundesliga,2021-2022
6316,Panagiotis Retsos,4,26,0,0.0387117005884647,0,0.0,1,0,0,0,S,Bayer Leverkusen,0,0.0387117005884647,0.0,0.0,Bundesliga,2021-2022
6351,Robin Hack,30,1341,0,1.9449547976255417,3,2.4048414267599583,31,18,2,0,F M S,Arminia Bielefeld,0,1.9449547976255417,5.326362544670701,1.6244646916165948,Bundesliga,2021-2022
6415,Nikolas Nartey,8,399,0,0.0578823983669281,0,0.1895287986844778,1,4,1,0,D M S,VfB Stuttgart,0,0.0578823983669281,0.9351495895534754,0.7325177965685725,Bundesliga,2021-2022
6445,Elvis Rexhbecaj,32,2575,0,1.157055011019111,0,1.318246863782406,34,20,5,0,M S,Bochum,0,1.157055011019111,4.926123723387718,3.237289312295616,Bundesliga,2021-2022
6484,Renato Steffen,20,978,0,1.1786343939602375,1,1.1323859980329871,13,13,6,0,D F M S,Wolfsburg,0,1.1786343939602375,4.636890482157469,3.245008820667863,Bundesliga,2021-2022
6522,Cedric Teuchert,6,96,0,0.2410171031951904,0,0.0440195985138416,3,2,0,0,S,Union Berlin,0,0.2410171031951904,0.2214887998998165,0.0,Bundesliga,2021-2022
6557,Louis Beyer,17,1382,0,0.7618473842740059,0,0.1903829034417867,7,5,5,0,D S,Borussia M.Gladbach,0,0.7618473842740059,5.486054031178355,5.403213633224368,Bundesliga,2021-2022
6595,Paul Jäckel,24,2044,0,0.1114414986222982,0,0.7142130061984062,3,6,5,0,D S,Union Berlin,0,0.1114414986222982,4.523250095546246,4.426806893199682,Bundesliga,2021-2022
6596,Finn Dahmen,2,180,0,0.0,0,0.0,0,0,0,0,GK,Mainz 05,0,0.0,0.0,0.0,Bundesliga,2021-2022
6597,Simon Asta,13,782,0,0.1948052011430263,0,0.5486753042787313,3,3,1,0,D M S,Greuther Fuerth,0,0.1948052011430263,1.958402652293444,1.214922385290265,Bundesliga,2021-2022
6678,Justin Hoogma,3,270,0,0.0573944002389907,0,0.020049100741744,1,1,1,0,D,Greuther Fuerth,0,0.0573944002389907,0.5227087922394276,0.5026597864925861,Bundesliga,2021-2022
6747,Romario Rösch,1,1,0,0.0,0,0.0,0,0,0,0,S,Mainz 05,0,0.0,0.0,0.0,Bundesliga,2021-2022
7024,Kasim Nuhu,3,3,0,0.2567229866981506,0,0.0,1,0,0,0,S,Hoffenheim,0,0.2567229866981506,0.3063009977340698,0.3063009977340698,Bundesliga,2021-2022
7028,Dennis Jastrzembski,8,213,0,0.102130003273487,0,0.7722221873700619,1,4,1,0,D S,Hertha Berlin,0,0.102130003273487,0.8767889905720949,0.0261217001825571,Bundesliga,2021-2022
7030,Fabian Bredlow,4,360,0,0.0,0,0.0,0,0,0,0,GK,VfB Stuttgart,0,0.0,0.5360388914123178,0.5360388914123178,Bundesliga,2021-2022
7044,Kevin Möhwald,16,335,0,0.4588719727471471,0,0.7767099812626839,9,3,2,0,M S,Union Berlin,0,0.4588719727471471,2.346575713716448,1.152663830667734,Bundesliga,2021-2022
7047,Mark Flekken,32,2880,0,0.0,0,0.0176056995987892,0,1,0,0,GK,Freiburg,0,0.0,3.4323646873235703,3.4323646873235703,Bundesliga,2021-2022
7048,Frederik Rönnow,7,630,0,0.0,0,0.0,0,0,1,0,GK,Union Berlin,0,0.0,1.102204281836748,1.102204281836748,Bundesliga,2021-2022
7053,Pavao Pervan,6,540,0,0.0,0,0.0,0,0,0,0,GK,Wolfsburg,0,0.0,0.9366966132074594,0.9366966132074594,Bundesliga,2021-2022
7080,Matheus Cunha,1,68,0,0.1737450063228607,1,0.8883569836616516,2,1,0,0,F,Hertha Berlin,0,0.1737450063228607,0.1110870018601417,0.0221889000385999,Bundesliga,2021-2022
7122,Javairo Dilrosun,2,140,0,0.0372635014355182,0,0.0,1,0,0,0,M S,Hertha Berlin,0,0.0372635014355182,0.0372635014355182,0.0,Bundesliga,2021-2022
7179,Hans Nunoo Sarpei,8,642,0,0.0595814501866698,0,0.0,3,0,2,0,D M S,Greuther Fuerth,0,0.0595814501866698,1.1955035272985697,1.1858688276261091,Bundesliga,2021-2022
7197,Fredrik Jensen,12,408,0,0.1663735993206501,1,0.6630644090473652,6,6,0,0,M S,Augsburg,0,0.1663735993206501,0.9681487120687962,0.2727911025285721,Bundesliga,2021-2022
7318,Torben Müsel,1,1,0,0.0,0,0.0,0,0,0,0,S,Borussia M.Gladbach,0,0.0,0.0,0.0,Bundesliga,2021-2022
7320,Amos Pieper,27,2385,0,0.7364614009857178,0,0.2594447992742061,14,5,2,0,D,Arminia Bielefeld,0,0.7364614009857178,2.0512767676264048,1.805378468707204,Bundesliga,2021-2022
7345,Alphonso Davies,22,1746,0,1.6672136839479208,3,4.254625952802599,18,34,3,0,D M S,Bayern Munich,0,1.6672136839479208,13.315142715349792,8.138706654310226,Bundesliga,2021-2022
7352,Tyler Adams,24,1334,0,0.1287791971117258,1,0.4541254118084907,2,7,5,0,D M S,RasenBallsport Leipzig,0,0.1287791971117258,6.526537517085671,5.961885208263993,Bundesliga,2021-2022
7401,Keven Schlotterbeck,12,302,0,0.0473131984472274,0,0.0168401002883911,1,1,1,0,D S,Freiburg,0,0.0473131984472274,0.9734976068139076,0.9566575959324836,Bundesliga,2021-2022
7783,Xaver Schlager,14,1056,0,0.3882692977786064,1,0.218022002838552,10,5,2,0,M S,Wolfsburg,0,0.3882692977786064,4.221053403802216,3.95722196996212,Bundesliga,2021-2022
7785,Kingsley Ehizibue,16,659,0,0.1544737974181771,1,0.8474895972758532,6,9,2,0,D S,FC Cologne,0,0.1544737974181771,1.797625983133912,1.072808999568224,Bundesliga,2021-2022
7786,Rafael Czichos,17,1402,0,0.1903469003736972,1,0.34755290299654,2,2,4,0,D S,FC Cologne,0,0.1903469003736972,3.817552831023932,3.5162067227065563,Bundesliga,2021-2022
7797,Sebastian Vasiliadis,19,1216,0,0.3449244783259928,0,0.2037284020334482,12,6,3,0,M S,Arminia Bielefeld,0,0.3449244783259928,2.2005793736316264,1.79920641053468,Bundesliga,2021-2022
7832,Keanan Bennetts,4,43,0,0.0513207018375396,0,0.0,1,0,1,0,S,Borussia M.Gladbach,0,0.0513207018375396,0.0513207018375396,0.0,Bundesliga,2021-2022
7867,Robert Skov,12,346,0,0.5923068914562464,1,1.5522422026842833,12,9,1,0,M S,Hoffenheim,0,0.5923068914562464,2.656421422958374,1.0606823079288006,Bundesliga,2021-2022
7869,Philipp Pentke,1,90,0,0.0,0,0.0,0,0,0,0,GK,Hoffenheim,0,0.0,0.1583590060472488,0.1583590060472488,Bundesliga,2021-2022
7876,Christopher Lenz,15,647,0,0.1364816036075353,1,0.9584658164530993,6,12,6,0,D S,Eintracht Frankfurt,0,0.1364816036075353,2.654875848442316,2.375956093892455,Bundesliga,2021-2022
7899,Daley Sinkgraven,12,338,0,0.2939009964466095,0,0.1603382974863052,1,2,0,0,D S,Bayer Leverkusen,0,0.2939009964466095,0.6389185972511768,0.1846793033182621,Bundesliga,2021-2022
7937,Julian Chabot,4,207,0,0.0,0,0.0,0,0,1,0,D S,FC Cologne,0,0.0,0.6083539873361588,0.6083539873361588,Bundesliga,2021-2022
8083,Noah Katterbach,1,12,0,0.0,0,0.0,0,0,0,0,S,FC Cologne,0,0.0,0.0,0.0,Bundesliga,2021-2022
8087,Conor Noß,3,46,0,0.0634843036532402,0,0.0364179015159606,1,1,0,0,S,Borussia M.Gladbach,0,0.0634843036532402,0.0999022051692009,0.0634843036532402,Bundesliga,2021-2022
8114,Tobias Raschl,10,599,0,0.1290587987750768,1,0.0514022000133991,5,2,0,0,M S,Greuther Fuerth,0,0.1290587987750768,0.3909865878522396,0.2256363034248352,Bundesliga,2021-2022
8171,Hannes Wolf,7,302,0,0.3440801985561847,0,0.3199786879122257,6,2,2,0,M S,Borussia M.Gladbach,0,0.3440801985561847,1.3688332801684735,0.8656480154022574,Bundesliga,2021-2022
8206,Yannik Keitel,12,501,0,0.991228174418211,0,0.1072723977267742,10,3,1,0,M S,Freiburg,0,0.991228174418211,1.5760316774249077,1.256546288728714,Bundesliga,2021-2022
8213,Paulo Otávio,7,367,0,0.4544474966824054,1,0.5309791909530759,4,3,0,0,D S,Wolfsburg,0,0.4544474966824054,1.6880398727953434,1.1359382085502148,Bundesliga,2021-2022
8298,Lennart Czyborra,4,128,0,0.0,0,0.0,0,0,1,0,D S,Arminia Bielefeld,0,0.0,0.182449996471405,0.182449996471405,Bundesliga,2021-2022
8303,Marin Pongracic,17,820,0,0.0,0,0.0299286991357803,0,1,3,0,D S,Borussia Dortmund,0,0.0,3.207724615931511,3.1777962148189545,Bundesliga,2021-2022
8310,Mitchel Bakker,25,1824,0,0.3066017962992191,4,2.031947860494256,9,13,6,0,D M S,Bayer Leverkusen,0,0.3066017962992191,10.702958699315786,9.526747826486826,Bundesliga,2021-2022
8398,Márton Dárdai,12,770,0,0.1827588025480508,1,0.4427169859409332,4,2,2,0,D S,Hertha Berlin,0,0.1827588025480508,0.4488032134249806,0.4281176077201962,Bundesliga,2021-2022
8401,Luca Netz,24,1412,0,1.6344571094959974,4,1.5507191084325314,14,18,1,0,D M S,Borussia M.Gladbach,0,1.6344571094959974,6.249289566650987,4.28535976447165,Bundesliga,2021-2022
8405,Immanuel Pherai,1,1,0,0.0,0,0.0,0,0,0,0,S,Borussia Dortmund,0,0.0,0.0,0.0,Bundesliga,2021-2022
8645,Enzo Millot,6,41,0,0.0,1,0.2923099994659424,0,1,0,0,S,VfB Stuttgart,0,0.0,0.4051465019583702,0.1128365024924278,Bundesliga,2021-2022
8786,Stefan Ortega Moreno,33,2970,0,0.0,0,0.198719996958971,0,5,1,0,GK,Arminia Bielefeld,0,0.0,2.1753453044220805,2.048474506475032,Bundesliga,2021-2022
8787,Nathan de Medina,19,755,0,0.1966529004275798,0,0.0,5,0,2,0,D S,Arminia Bielefeld,0,0.1966529004275798,0.3181321015581488,0.2501719007268548,Bundesliga,2021-2022
8789,Manuel Prietl,26,2115,0,0.8187069101259112,1,0.4364251997321844,17,5,3,0,M S,Arminia Bielefeld,0,0.8187069101259112,2.423611856997013,1.6023682113736868,Bundesliga,2021-2022
8793,Fabian Kunze,22,1245,0,0.3488710280507803,0,0.2425843002274632,11,6,9,0,M S,Arminia Bielefeld,0,0.3488710280507803,1.2682696394622326,0.8725914983078837,Bundesliga,2021-2022
8794,Cédric Brunner,27,2202,0,0.2100024968385696,1,1.6642090138047934,10,16,6,0,D S,Arminia Bielefeld,0,0.2100024968385696,3.8847422981634736,2.0919177206233144,Bundesliga,2021-2022
8797,Nils Seufert,4,93,0,0.0,0,0.0,0,0,0,0,M S,Greuther Fuerth,0,0.0,0.387609988451004,0.387609988451004,Bundesliga,2021-2022
8803,Robert Gumny,28,2287,0,0.2277601053938269,0,0.3618859993293881,7,7,3,0,D S,Augsburg,0,0.2277601053938269,2.7910725055262446,2.6327756149694324,Bundesliga,2021-2022
8805,Deyovaisio Zeefuik,11,566,0,0.0,0,0.3679848909378052,0,4,1,0,D S,Hertha Berlin,0,0.0,2.2836440056562424,1.9753789156675337,Bundesliga,2021-2022
8807,Silas Wamangituka,9,265,0,0.0926740989089012,0,0.0,1,0,0,0,F M S,VfB Stuttgart,0,0.0926740989089012,0.1778461001813411,0.0851720012724399,Bundesliga,2021-2022
8809,Mateo Klimowicz,15,594,0,0.8335765060037374,1,0.5347708109766245,11,4,2,0,F M S,VfB Stuttgart,0,0.8335765060037374,3.192598156630993,1.923284623771906,Bundesliga,2021-2022
8813,Tanguy Coulibaly,21,1079,0,0.9418787993490696,1,0.8998237065970898,13,8,8,0,D F M S,VfB Stuttgart,0,0.9418787993490696,2.46413279697299,0.6861554924398661,Bundesliga,2021-2022
8825,Reinier,13,142,0,0.1322389990091323,0,0.0,1,0,0,0,M S,Borussia Dortmund,0,0.1322389990091323,0.1744341999292373,0.0421952009201049,Bundesliga,2021-2022
8845,Hee-Chan Hwang,2,44,0,0.0750014036893844,0,0.0,1,0,0,0,S,RasenBallsport Leipzig,0,0.0750014036893844,0.0998852029442787,0.0248837992548942,Bundesliga,2021-2022
8846,Paul Nebel,10,213,0,0.2767469882965088,1,0.2408150993287563,3,4,3,0,M S,Mainz 05,0,0.2767469882965088,0.8255385011434555,0.4923485070466995,Bundesliga,2021-2022
8847,Niklas Tauer,11,489,0,0.3453199863433838,0,0.0,2,0,1,1,D M S,Mainz 05,0,0.3453199863433838,1.406259287148714,1.0609393008053305,Bundesliga,2021-2022
8853,Maxence Lacroix,29,2508,0,1.0028163557872176,0,0.7029376104474068,17,7,3,3,D,Wolfsburg,0,1.0028163557872176,7.348980750888586,6.630478587001562,Bundesliga,2021-2022
8855,Bartosz Bialek,12,156,0,0.3397495932877064,0,0.0990997999906539,6,2,0,0,F S,Wolfsburg,0,0.3397495932877064,0.3919564941897988,0.0873962985351681,Bundesliga,2021-2022
8869,Ragnar Ache,13,236,0,0.538628900423646,1,0.5343139916658401,10,3,0,0,M S,Eintracht Frankfurt,0,0.538628900423646,0.9965827036648988,0.4456375986337662,Bundesliga,2021-2022
8878,Atakan Karazor,24,1911,0,0.6076681087724864,1,1.1711350083351135,8,17,7,1,D M S,VfB Stuttgart,0,0.6076681087724864,7.450540907680988,6.274263220839202,Bundesliga,2021-2022
8951,Keita Endo,4,51,0,0.0807774011045694,0,0.0268900003284215,2,1,0,0,S,Union Berlin,0,0.0807774011045694,0.0806995015591383,0.0538095012307167,Bundesliga,2021-2022
8962,Joscha Wosz,1,6,0,0.0,0,0.0,0,0,0,0,S,RasenBallsport Leipzig,0,0.0,0.0,0.0,Bundesliga,2021-2022
8976,Adrian Fein,3,26,0,0.0210251007229089,0,0.0485275983810424,1,1,0,0,S,Greuther Fuerth,0,0.0210251007229089,0.4972625970840454,0.4487349987030029,Bundesliga,2021-2022
8987,Lilian Egloff,4,25,0,0.0,0,0.090287297964096,0,1,0,0,S,VfB Stuttgart,0,0.0,0.090287297964096,0.0,Bundesliga,2021-2022
9052,Josep Martínez,1,90,0,0.0,0,0.0,0,0,0,0,GK,RasenBallsport Leipzig,0,0.0,0.164011999964714,0.164011999964714,Bundesliga,2021-2022
9108,Marco John,2,38,0,0.0,0,0.0,0,0,0,0,S,Hoffenheim,0,0.0,1.0680400133132937,1.0680400133132937,Bundesliga,2021-2022
9129,Lennart Grill,1,90,0,0.0,0,0.0,0,0,0,0,GK,Bayer Leverkusen,0,0.0,0.0,0.0,Bundesliga,2021-2022
9178,Merveille Papela,5,71,0,0.0157338995486497,0,0.0,1,0,0,0,S,Mainz 05,0,0.0157338995486497,0.0157338995486497,0.0,Bundesliga,2021-2022
9202,Felix Nmecha,16,289,0,0.8295466993004084,0,0.0,9,0,2,0,M S,Wolfsburg,0,0.8295466993004084,1.2781178783625364,0.6180234923958778,Bundesliga,2021-2022
9243,Ilaix Moriba,2,27,0,0.042364701628685,0,0.0,1,0,0,0,S,RasenBallsport Leipzig,0,0.042364701628685,0.0672701969742775,0.0249054990708827,Bundesliga,2021-2022
9270,Kiliann Sildillia,7,157,0,0.0,0,0.1814812049269676,0,2,1,0,D S,Freiburg,0,0.0,0.6666654944419861,0.6666654944419861,Bundesliga,2021-2022
9274,Naouirou Ahamada,3,54,0,0.0,0,0.0,0,0,0,0,S,VfB Stuttgart,0,0.0,0.090287297964096,0.090287297964096,Bundesliga,2021-2022
9479,Clinton Mola,3,115,0,0.0,0,0.0,0,0,0,0,D S,VfB Stuttgart,0,0.0,0.5401580035686493,0.5401580035686493,Bundesliga,2021-2022
9494,Mohamed Sankoh,1,4,0,0.260140985250473,0,0.0,1,0,0,0,S,VfB Stuttgart,0,0.260140985250473,0.260140985250473,0.0,Bundesliga,2021-2022
9544,Sidney Raebiger,1,1,0,0.0,0,0.0,0,0,0,0,S,RasenBallsport Leipzig,0,0.0,0.0,0.0,Bundesliga,2021-2022
9549,Marcel Laurenz Lotka,10,885,0,0.0,0,0.0,0,0,1,0,GK S,Hertha Berlin,0,0.0,0.4914736095815897,0.4914736095815897,Bundesliga,2021-2022
9675,Omar Richards,12,436,0,0.247156698256731,0,0.1984438970685005,4,3,1,0,D S,Bayern Munich,0,0.247156698256731,3.79440282471478,3.4834379237145185,Bundesliga,2021-2022
9702,Manuel Riemann,31,2790,0,0.7577769756317139,1,0.1913694674149155,1,5,2,0,GK,Bochum,0,0.0,5.704374060034752,5.607083930633962,Bundesliga,2021-2022
9704,Vasilios Lampropoulos,13,1170,0,0.2757958313450217,0,0.0471165999770164,4,1,1,0,D,Bochum,0,0.2757958313450217,1.7156624160706997,1.668545413762331,Bundesliga,2021-2022
9706,Robert Tesche,11,344,0,0.0861901007592678,0,0.0,2,0,2,1,M S,Bochum,0,0.0861901007592678,0.5934126069769263,0.5578219061717391,Bundesliga,2021-2022
9707,Silvère Ganvoula,9,139,0,1.4279269874095917,0,0.0,3,0,0,0,S,Bochum,0,1.4279269874095917,1.588800385594368,0.1608733981847763,Bundesliga,2021-2022
9708,Herbert Bockhorn,18,825,0,0.2819211054593324,0,0.2521964944899082,7,4,1,0,D M S,Bochum,0,0.2819211054593324,1.210888605564833,0.8326764963567257,Bundesliga,2021-2022
9709,Erhan Masovic,20,1546,0,0.3841405976563692,0,0.0,5,0,7,0,D S,Bochum,0,0.3841405976563692,2.192488973028958,2.192488973028958,Bundesliga,2021-2022
9710,Armel Bella Kotchap,22,1775,0,0.8344141822308302,0,0.0457163006067276,10,2,5,0,D S,Bochum,0,0.8344141822308302,3.3896181881427765,3.265795592218637,Bundesliga,2021-2022
9711,Patrick Osterhage,13,588,0,0.1810854030773043,1,0.1392129911109805,4,4,2,0,M S,Bochum,0,0.1810854030773043,0.5368181895464659,0.3318204907700419,Bundesliga,2021-2022
9714,Odilon Kossounou,27,1787,0,0.1857724022120237,1,1.0582508947700262,4,5,3,0,D S,Bayer Leverkusen,0,0.1857724022120237,6.265067525207996,5.758609510958195,Bundesliga,2021-2022
9716,Maximilian Bauer,26,1675,0,0.1860027881339192,0,0.0512703992426395,5,1,5,0,D S,Greuther Fuerth,0,0.1860027881339192,1.6551500940695405,1.6551500940695405,Bundesliga,2021-2022
9719,Dickson Abiama,24,696,0,1.6354082897305489,1,1.581666812300682,18,8,3,0,F S,Greuther Fuerth,0,1.6354082897305489,3.4284704737365246,0.4237401019781828,Bundesliga,2021-2022
9720,Abdourahmane Barry,8,194,0,0.0198688004165887,0,0.1151369027793407,1,2,2,0,D S,Greuther Fuerth,0,0.0198688004165887,0.4525304064154625,0.4525304064154625,Bundesliga,2021-2022
9721,Marius Funk,8,720,0,0.0,0,0.0965160895138979,0,3,0,0,GK,Greuther Fuerth,0,0.0,0.2493409998714923,0.1615036018192768,Bundesliga,2021-2022
9723,Frederik Winther,4,328,0,0.0,0,0.0,0,0,1,0,D S,Augsburg,0,0.0,0.7541109919548035,0.7541109919548035,Bundesliga,2021-2022
9731,Guilherme Ramos,13,896,0,0.3355306982994079,0,0.0726635996252298,7,2,1,0,D S,Arminia Bielefeld,0,0.3355306982994079,0.9569824188947678,0.8643952161073685,Bundesliga,2021-2022
9732,Noah Weißhaupt,10,81,0,0.0,0,0.5429550977423787,0,3,0,0,S,Freiburg,0,0.0,0.9286980899050832,0.8410019874572754,Bundesliga,2021-2022
9750,Antonios Papadopoulos,2,11,0,0.0,0,0.0,0,0,1,0,S,Borussia Dortmund,0,0.0,0.0,0.0,Bundesliga,2021-2022
9753,Diant Ramaj,1,90,0,0.0,0,0.0,0,0,0,0,GK,Eintracht Frankfurt,0,0.0,0.0905243009328842,0.0905243009328842,Bundesliga,2021-2022
9784,Stephan Fürstner,1,1,0,0.0,0,0.0,0,0,0,0,S,Mainz 05,0,0.0,0.0,0.0,Bundesliga,2021-2022
9789,Brian Brobbey,9,111,0,0.3393757939338684,2,0.7184385266155005,4,3,0,0,F S,RasenBallsport Leipzig,0,0.3393757939338684,0.940558223053813,0.1600849032402038,Bundesliga,2021-2022
9798,Tomás Ostrák,5,19,0,0.0429419009014964,1,0.6356077129021287,2,2,0,0,S,FC Cologne,0,0.0429419009014964,0.7125566145405173,0.0340070016682148,Bundesliga,2021-2022
9831,Saulo Decarli,1,4,0,0.0556039996445179,0,0.0,1,0,0,0,S,Bochum,0,0.0556039996445179,0.0123212002217769,0.0123212002217769,Bundesliga,2021-2022
9860,Malik Tillman,4,101,0,0.1285360008478164,0,0.5281361937522888,1,3,0,0,M S,Bayern Munich,0,0.1285360008478164,1.4607645869255066,0.8040932044386864,Bundesliga,2021-2022
9953,Nick Viergever,24,2136,0,0.2324910014867782,0,0.569678008556366,2,1,2,0,D,Greuther Fuerth,0,0.2324910014867782,2.4475574530661106,1.8778794445097449,Bundesliga,2021-2022
9955,Lasse Günther,5,156,0,0.029955799691379,0,0.0408486016094684,2,1,1,0,D S,Augsburg,0,0.029955799691379,0.1308470070362091,0.0705623030662536,Bundesliga,2021-2022
9987,Omer Faruk Beyaz,4,63,0,0.1656754035502672,0,0.0,3,0,0,0,S,VfB Stuttgart,0,0.1656754035502672,0.1947443950921297,0.0290693007409572,Bundesliga,2021-2022
9995,Andrés Andrade,17,1037,0,0.1771096978336572,0,0.1580253806896507,7,4,4,0,D S,Arminia Bielefeld,0,0.1771096978336572,1.21721329446882,1.099706117995083,Bundesliga,2021-2022
10003,David Nemeth,6,307,0,0.0,0,0.0,0,0,0,0,D S,Mainz 05,0,0.0,0.9047420024871826,0.9047420024871826,Bundesliga,2021-2022
10026,Cimo Röcker,1,20,0,0.0,0,0.350926011800766,0,1,0,0,S,Hertha Berlin,0,0.0,0.0,0.0,Bundesliga,2021-2022
10050,Micky van de Ven,5,187,0,0.0,1,0.6503440141677856,0,1,0,0,D S,Wolfsburg,0,0.0,0.754754014313221,0.1044100001454353,Bundesliga,2021-2022
10065,Zidan Sertdemir,3,13,0,0.0,0,0.0387117005884647,0,1,0,0,S,Bayer Leverkusen,0,0.0,0.0,0.0,Bundesliga,2021-2022
10071,Lennard Maloney,2,4,0,0.0,0,0.0495476014912128,0,1,0,0,S,Borussia Dortmund,0,0.0,0.0495476014912128,0.0495476014912128,Bundesliga,2021-2022
10090,Iker Bravo,1,10,0,0.0,0,0.0,0,0,0,0,S,Bayer Leverkusen,0,0.0,0.0,0.0,Bundesliga,2021-2022
10105,Matej Maglica,1,4,0,0.0,0,0.0,0,0,0,0,S,VfB Stuttgart,0,0.0,0.0,0.0,Bundesliga,2021-2022
10111,Alexis Tibidi,13,362,0,0.3391859047114849,0,0.4753863094374537,4,4,1,0,M S,VfB Stuttgart,0,0.3391859047114849,1.4889854863286018,0.6912760874256492,Bundesliga,2021-2022
10112,Tarsis Bonga,3,10,0,0.1845740042626857,0,0.0,3,0,0,0,S,Bochum,0,0.1845740042626857,0.09123570099473,0.0,Bundesliga,2021-2022
10113,Fisnik Asllani,2,7,0,0.0,0,0.0,0,0,0,0,S,Hoffenheim,0,0.0,0.0332300998270511,0.0332300998270511,Bundesliga,2021-2022
10135,Solomon Bonnah,1,2,0,0.0,0,0.0,0,0,0,0,S,RasenBallsport Leipzig,0,0.0,0.0,0.0,Bundesliga,2021-2022
10157,Mathias Olesen,3,10,0,0.0,0,0.0848229974508285,0,1,0,0,S,FC Cologne,0,0.0,0.0848229974508285,0.0,Bundesliga,2021-2022
10182,Luis Hartwig,1,1,0,0.0,0,0.0,0,0,0,0,S,Bochum,0,0.0,0.0,0.0,Bundesliga,2021-2022
10244,Lucas Copado,1,12,0,0.048685498535633,0,0.0,1,0,0,0,S,Bayern Munich,0,0.048685498535633,0.048685498535633,0.0,Bundesliga,2021-2022
10245,Paul Wanner,4,27,0,0.0,0,0.0292018000036478,0,1,0,0,S,Bayern Munich,0,0.0,0.7455363962799311,0.7163345962762833,Bundesliga,2021-2022
10252,Afimico Pululu,8,48,0,0.0583923012018203,0,0.0,1,0,0,0,S,Greuther Fuerth,0,0.0583923012018203,0.1188252009451389,0.0604328997433185,Bundesliga,2021-2022
10253,Ricardo Pepi,11,465,0,1.0714953131973743,0,0.5450585000216961,8,5,0,0,F M S,Augsburg,0,1.0714953131973743,1.9118773005902767,0.2953235991299152,Bundesliga,2021-2022
10286,Hugo Siquet,1,21,0,0.0,0,0.0,0,0,0,0,S,Freiburg,0,0.0,0.0,0.0,Bundesliga,2021-2022
10288,Anton Kade,4,65,0,0.2940819859504699,0,0.0,1,0,0,0,S,Hertha Berlin,0,0.2940819859504699,0.2940819859504699,0.0,Bundesliga,2021-2022
10289,Tom Bischof,1,11,0,0.0,0,0.0,0,0,0,0,S,Hoffenheim,0,0.0,0.0,0.0,Bundesliga,2021-2022
10312,Andreas Linde,12,1080,0,0.0,0,0.0,0,0,0,0,GK,Greuther Fuerth,0,0.0,1.0121397022157907,1.0121397022157907,Bundesliga,2021-2022
10358,Fredrik Bjørkan,9,331,0,0.0,0,0.0589929986745119,0,2,1,0,D S,Hertha Berlin,0,0.0,1.0652109161019323,1.0062179192900658,Bundesliga,2021-2022
10363,Dong-Jun Lee,4,113,0,0.4351674094796181,0,0.0,3,0,0,0,F S,Hertha Berlin,0,0.4351674094796181,0.0599064007401466,0.0,Bundesliga,2021-2022
10369,George Bello,10,420,0,0.0854576490819454,0,0.1603395957499742,3,2,0,0,D S,Arminia Bielefeld,0,0.0854576490819454,0.3908728025853634,0.1546584032475948,Bundesliga,2021-2022
10370,Burak Ince,5,131,0,0.4305177964270115,0,0.0400093011558055,4,1,0,0,F S,Arminia Bielefeld,0,0.4305177964270115,0.5023528933525085,0.0318255014717578,Bundesliga,2021-2022
10395,Kevin Paredes,2,8,0,0.0,0,0.0,0,0,0,0,S,Wolfsburg,0,0.0,0.0,0.0,Bundesliga,2021-2022
10426,Justin Che,2,36,0,0.0508651994168758,0,0.0,1,0,0,0,S,Hoffenheim,0,0.0508651994168758,0.0508651994168758,0.0,Bundesliga,2021-2022
10496,Vincent Vermeij,1,2,0,0.0,0,0.0,0,0,0,0,S,Freiburg,0,0.0,0.0,0.0,Bundesliga,2021-2022
10511,Marten Winkler,1,21,0,0.0,0,0.0,0,0,0,0,S,Hertha Berlin,0,0.0,0.5529839992523193,0.5529839992523193,Bundesliga,2021-2022
10542,Jamie Bynoe-Gittens,4,128,0,0.1147129982709884,0,0.1731683015823364,1,2,0,0,M S,Borussia Dortmund,0,0.1147129982709884,0.4308734014630317,0.1429930031299591,Bundesliga,2021-2022
10544,Julian Eitschberger,1,47,0,0.0,0,0.0,0,0,0,0,D,Hertha Berlin,0,0.0,0.3216170072555542,0.3216170072555542,Bundesliga,2021-2022
10551,Lion Semic,1,2,0,0.0,0,0.0,0,0,0,0,S,Borussia Dortmund,0,0.0,0.0,0.0,Bundesliga,2021-2022
10558,Gabriel Vidovic,3,31,0,0.0,0,0.0708789024502039,0,2,0,0,S,Bayern Munich,0,0.0,0.116743104532361,0.045864101499319,Bundesliga,2021-2022
10573,Luca Wollschläger,2,13,0,0.0422447994351387,0,0.0308477003127336,1,1,0,0,S,Hertha Berlin,0,0.0422447994351387,0.0730924997478723,0.0,Bundesliga,2021-2022
10594,Nick Proschwitz,1,25,0,0.3309009969234466,0,0.0,1,0,0,0,S,Hoffenheim,0,0.3309009969234466,0.3309009969234466,0.0,Bundesliga,2021-2022
10595,Umut Tohumcu,1,3,0,0.0,0,0.0,0,0,0,0,S,Hoffenheim,0,0.0,0.0,0.0,Bundesliga,2021-2022
3423,Kylian Mbappe-Lottin,35,3040,29,24.977208882570267,17,12.68674629740417,147,71,10,0,F S,Paris Saint Germain,25,21.936828210949898,40.46810184419155,12.094086153432729,Ligue 1,2021-2022
3210,Wissam Ben Yedder,37,2560,25,19.01175193861127,5,6.077304377220571,72,32,3,0,F S,Monaco,17,12.930996276438236,20.25193820800632,4.6698481105268,Ligue 1,2021-2022
5611,Martin Terrier,37,2836,21,15.060965828597546,3,5.016157285310328,88,42,1,0,F M,Rennes,19,13.540776677429676,24.810452205128968,10.825361002236605,Ligue 1,2021-2022
7142,Moussa Dembele,30,2220,21,22.631302527152,4,3.838869685307145,87,28,6,0,F S,Lyon,16,18.830960459075868,22.412415811792016,3.5196638032794,Ligue 1,2021-2022
3530,Andy Delort,35,2730,18,17.200313100591302,3,5.394831563346088,114,39,3,0,F S,"Montpellier,Nice",15,14.920087048783898,19.789531053975224,3.3958356585353613,Ligue 1,2021-2022
3746,Gaetan Laborde,38,3093,15,18.970638681203127,8,6.571088765747845,102,40,2,0,F M S,"Montpellier,Rennes",13,17.450448755174875,25.32270908728242,5.17854880541563,Ligue 1,2021-2022
8636,Jonathan Christian David,38,2824,15,14.675139594823122,0,2.913095100782812,69,34,3,0,F S,Lille,13,12.39485676959157,18.189485747367144,4.662801507860422,Ligue 1,2021-2022
9646,Mohamed Bayo,32,2442,14,13.817994877696036,5,3.973723236471415,65,31,1,0,F S,Clermont Foot,12,11.537707842886448,14.731482196599243,2.1403016103431582,Ligue 1,2021-2022
2099,Neymar,22,1877,13,11.735738188028336,6,8.739592474885285,54,61,10,0,F M,Paris Saint Germain,10,8.695362156257033,25.08594012260437,12.037471696734428,Ligue 1,2021-2022
536,Dimitri Payet,31,2599,12,10.224445840809494,11,10.594417411834002,68,99,3,0,F M S,Marseille,5,4.903780868742615,18.840970885008574,9.467505542561412,Ligue 1,2021-2022
5657,Karl Toko Ekambi,30,2312,12,11.929097674787045,5,5.79322543181479,76,39,3,0,F M S,Lyon,10,10.408907614648342,21.26668992638588,7.530513679608703,Ligue 1,2021-2022
5743,Randal Kolo Muani,36,2970,12,11.18252938054502,4,4.523487389087677,56,41,2,0,F M S,Nantes,12,11.18252938054502,16.162628212943673,2.059402228333056,Ligue 1,2021-2022
6905,Ludovic Ajorque,36,2760,12,12.542709402740002,8,6.815739583224058,60,46,5,1,F S,Strasbourg,9,10.262424379587172,18.56258476898074,5.024452829733491,Ligue 1,2021-2022
8056,Arnaud Kalimuendo Muinga,34,2190,12,8.8013557465747,0,1.8022303748875856,61,21,1,1,F S,"Lens,Paris Saint Germain",10,7.281161678023636,10.752909920178354,2.4536013957113028,Ligue 1,2021-2022
2442,Kevin Gameiro,35,2415,11,14.750277327373624,3,2.5066994978114963,69,28,0,0,F M S,Strasbourg,10,12.469992423430083,18.37097854912281,5.595181668177247,Ligue 1,2021-2022
3314,Franck Honorat,34,2929,11,4.789808684960008,4,6.3095434284769,59,60,3,0,D F M,Brest,11,4.789808684960008,13.453521289862692,4.2844959404319525,Ligue 1,2021-2022
4773,Benjamin Bourigeaud,38,3245,11,5.43186451215297,12,12.786496586166322,51,122,2,0,F M,Rennes,11,5.43186451215297,23.91971231810749,14.151435198262334,Ligue 1,2021-2022
5769,Habib Diallo,31,1519,11,10.883001787588,1,3.378270383924246,54,15,2,0,F S,Strasbourg,9,9.36281077377498,12.01518994383514,2.6773185804486275,Ligue 1,2021-2022
7746,Hwang Ui-Jo,32,2552,11,8.264751048758626,2,1.475280310958624,54,12,3,0,F M S,Bordeaux,11,8.264751048758626,10.20733985118568,1.2997122202068567,Ligue 1,2021-2022
734,Wahbi Khazri,30,2258,10,7.494059192948043,0,3.255455811508,72,32,6,0,F M S,Saint-Etienne,6,4.453681676648557,7.874608170241117,2.155415710993111,Ligue 1,2021-2022
3475,Ludovic Blas,35,2993,10,11.144776804372668,5,3.984582805074752,90,41,10,0,F M,Nantes,5,7.344297079369426,16.08773048222065,6.730470256879926,Ligue 1,2021-2022
6162,Cengiz Ünder,32,2225,10,6.0185533869080245,2,4.43167410325259,58,34,0,1,F M S,Marseille,9,5.258458414580673,14.55936518125236,7.305522307753563,Ligue 1,2021-2022
6401,Amine Gouiri,38,2777,10,12.052416706457734,9,6.796851160936058,75,50,3,0,F M S,Nice,7,8.251946095377207,16.275909837335348,5.603671049699187,Ligue 1,2021-2022
6420,Romain Faivre,35,2689,10,8.076988201588392,5,5.772960881702602,58,64,1,0,M S,"Brest,Lyon",5,4.276512861251831,14.38461907207966,8.037475366145372,Ligue 1,2021-2022
8995,Hugo Ekitike,24,1282,10,8.203123487532139,3,1.6526274709030986,31,16,1,1,F M S,Reims,9,6.682938523590565,8.147719405591488,1.180037614889443,Ligue 1,2021-2022
9182,Sepe Elye Wahi,33,1782,10,8.606743330601603,1,0.6138403918594122,43,12,2,1,F M S,Montpellier,10,8.606743330601603,7.998909069690853,0.4107987005263567,Ligue 1,2021-2022
83,Kevin Volland,34,2460,9,8.400361774489284,9,7.059479713439941,50,34,10,0,F M S,Monaco,8,7.640266774222255,18.392999220639467,5.734555035829544,Ligue 1,2021-2022
1258,Gerson,35,2552,9,5.7587811425328255,4,3.065848406404257,46,30,3,0,D F M S,Marseille,9,5.7587811425328255,12.634189061820509,5.895399445667863,Ligue 1,2021-2022
3738,Serhou Guirassy,37,979,9,7.723982933908701,0,0.2781346850097179,46,5,1,0,F S,Rennes,9,7.723982933908701,9.981460081413388,3.654306808486581,Ligue 1,2021-2022
3781,Denis Bouanga,34,2462,9,7.832145936787128,6,5.413532421924174,84,33,4,1,D F M S,Saint-Etienne,9,7.832145936787128,13.050487047992648,2.295035196468234,Ligue 1,2021-2022
3800,Steve Mounie,35,2306,9,12.824075052514672,2,1.076785895973444,75,18,2,0,F S,Brest,7,11.303885029628873,14.180308423936369,4.590662034228444,Ligue 1,2021-2022
7365,Lucas Paquetá,35,2730,9,9.39243732392788,6,4.873227277770639,87,42,3,0,F M S,Lyon,8,8.632341921329498,22.659942880272865,12.401619154959915,Ligue 1,2021-2022
10029,Alberth Elis,20,1420,9,7.007992442697287,1,1.5961548145860434,31,16,2,0,F M S,Bordeaux,9,6.247896399348974,8.425770316272974,1.369372378103435,Ligue 1,2021-2022
1144,Seko Fofana,38,3378,8,6.0863470286130905,1,2.874954948201776,97,41,2,0,M,Lens,8,6.0863470286130905,17.70786388218403,10.311406862922013,Ligue 1,2021-2022
1734,Sofiane Boufal,29,2356,8,7.818864861968905,4,6.447438139468432,63,54,6,0,F M S,Angers,5,5.53857994498685,10.713939644396303,3.330870690755546,Ligue 1,2021-2022
3549,Adrien Thomasson,31,2410,8,6.093691416084766,4,4.325103955343366,48,35,2,1,F M S,Strasbourg,8,6.093691416084766,15.933320850133896,7.36828906275332,Ligue 1,2021-2022
6863,Téji Savanier,29,2435,8,6.559131832793355,7,5.687213918194175,80,59,7,2,M S,Montpellier,5,3.518750979565084,10.373430088162422,5.547636764589697,Ligue 1,2021-2022
7484,Stephy Mavididi,30,2325,8,6.918491296470165,3,2.6372927939519286,59,23,4,0,F M S,Montpellier,8,6.918491296470165,10.198736175894735,1.38850580714643,Ligue 1,2021-2022
8997,Terem Igobor Moffi,37,2770,8,10.105304718017578,4,3.639677181839943,61,35,1,0,F M S,Lorient,6,8.585118770599365,12.996799932792785,1.666765222325921,Ligue 1,2021-2022
9648,Elbasan Rashani,29,1786,8,4.75893784686923,3,2.854868270456791,30,15,3,0,F M S,Clermont Foot,8,4.75893784686923,9.488905612379313,3.4919562116265297,Ligue 1,2021-2022
1583,Arkadiusz Milik,23,1420,7,7.300410691648722,2,2.3308215402066708,52,15,1,0,F S,Marseille,6,6.54031528159976,8.09117048792541,1.0996680986136198,Ligue 1,2021-2022
3490,Thomas Mangani,33,2196,7,5.437244972214103,2,1.3420683974400165,17,29,6,0,M S,Angers,1,0.8768744934350252,5.547455945983529,5.131336934864521,Ligue 1,2021-2022
9345,Ahmadou Bamba Dieng,25,974,7,7.989977933466434,1,1.6209317073225975,36,9,0,1,F M S,Marseille,6,7.229882724583149,7.898414723575115,0.7230367008596659,Ligue 1,2021-2022
2097,Lionel Messi,26,2155,6,9.880364246666431,13,8.68060227110982,89,63,0,0,F M S,Paris Saint Germain,6,9.880364246666431,27.21941590309143,13.841111708432436,Ligue 1,2021-2022
3348,Florian Sotoca,35,2509,6,8.785875047557056,4,3.82759019266814,71,32,7,0,F M S,Lens,4,7.265676106326282,12.993215004913507,6.838085452094674,Ligue 1,2021-2022
5677,Florent Mollet,35,2677,6,4.936532875522971,2,2.4935148991644382,55,30,6,0,M S,Montpellier,6,4.936532875522971,9.61222595255822,4.848876698873937,Ligue 1,2021-2022
5733,Houssem Aouar,36,2520,6,7.386980860494077,4,5.480478188022971,76,38,1,0,F M S,Lyon,6,7.386980860494077,22.1114578936249,10.874450193718076,Ligue 1,2021-2022
6112,Andrei Girotto,36,3157,6,3.3002958353608847,1,1.327504089102149,45,8,8,0,D M,Nantes,6,3.3002958353608847,6.9666348015889525,5.344546591863036,Ligue 1,2021-2022
6697,Armand Lauriente,35,2515,6,6.480417417362332,2,3.390198170207441,85,41,5,0,F M S,Lorient,5,5.720325427129865,9.74627946317196,2.804714701138437,Ligue 1,2021-2022
6846,Sofiane Diop,30,1964,6,4.796193252317607,4,3.680231688544154,37,38,6,0,F M S,Monaco,6,4.796193252317607,12.846877448260784,6.368626523762941,Ligue 1,2021-2022
7169,Moses Simon,30,2379,6,5.197365380823612,8,8.718337710946798,42,66,3,0,F M S,Nantes,6,5.197365380823612,13.952505469322205,4.154257843270898,Ligue 1,2021-2022
8025,Kasper Dolberg,26,1506,6,7.075866661965847,2,1.3227614890784023,40,15,0,0,F S,Nice,4,5.555672004818916,6.887662842869759,1.455225793644786,Ligue 1,2021-2022
8970,Sékou Mara,26,889,6,5.028070843312889,0,0.6723708957433701,39,7,2,0,F S,Bordeaux,5,4.2679758430458605,4.667655439116061,1.1110510285943749,Ligue 1,2021-2022
9633,Przemyslaw Frankowski,37,2456,6,2.5617427360266447,5,4.409032410010696,33,36,5,0,D M S,Lens,6,2.5617427360266447,13.259707633405924,7.8036207892000675,Ligue 1,2021-2022
9931,Lovro Majer,29,1845,6,5.200227887369692,8,5.712716748006642,45,45,1,0,F M S,Rennes,6,5.200227887369692,18.638294329866767,10.244852570816876,Ligue 1,2021-2022
3244,Nicolas de Preville,27,2012,5,2.8806500332430005,2,2.157636096701026,41,27,5,0,F M S,Metz,5,2.8806500332430005,5.104065637104213,1.430304378271103,Ligue 1,2021-2022
3297,Marquinhos,32,2865,5,3.963247779756784,0,0.5650134924799204,21,7,5,0,D,Paris Saint Germain,5,3.963247779756784,17.577771317213774,15.303490035235882,Ligue 1,2021-2022
3553,Ángel Di María,26,1664,5,5.837354396469891,7,7.282130995765328,51,55,3,0,F M S,Paris Saint Germain,5,5.837354396469891,16.593529840931296,8.328250545077026,Ligue 1,2021-2022
3799,Wesley Said,21,634,5,4.70211442373693,0,1.1519337939098475,25,14,2,0,F M S,Lens,5,4.70211442373693,7.295971159823239,2.176559931598604,Ligue 1,2021-2022
5655,Flavien Tait,28,2142,5,3.0911536179482937,3,3.5334504675120115,40,32,3,0,M S,Rennes,5,3.0911536179482937,13.529756488278508,8.635831981897354,Ligue 1,2021-2022
5759,Matteo Guendouzi,38,3159,5,4.802673832513392,6,3.509825992397964,50,36,6,0,M S,Marseille,5,4.802673832513392,19.095090065151453,14.572122171521189,Ligue 1,2021-2022
6019,Angelo Fulgini,36,2982,5,5.264457460492849,4,3.4310748130083084,58,47,6,0,F M S,Angers,5,5.264457460492849,11.47490531206131,6.137245394289494,Ligue 1,2021-2022
6232,Kalifa Coulibaly,21,846,5,3.741240354254842,0,0.9175863191485404,25,9,1,0,F S,Nantes,5,3.741240354254842,5.233211716637015,1.1255628000944853,Ligue 1,2021-2022
6238,Ignatius Ganago,28,1019,5,4.561304798349738,1,1.2320760060101748,30,11,2,0,F S,Lens,5,4.561304798349738,7.270507629960775,2.2487641237676144,Ligue 1,2021-2022
6883,Xavier Chavalerin,37,2954,5,1.8753024796023965,2,3.470522466115653,32,28,4,0,D F M S,"Reims,Troyes",5,1.8753024796023965,10.65925707295537,6.802857065573335,Ligue 1,2021-2022
7908,Marshall Munetsi,24,1883,5,4.43908479437232,1,0.6083918027579784,31,7,7,0,D M S,Reims,5,4.43908479437232,6.221503918990493,2.67772095836699,Ligue 1,2021-2022
8637,Burak Yilmaz,31,2224,5,11.35758863389492,3,4.494383388198912,71,24,9,1,F S,Lille,3,9.837398808449509,11.998531080782412,1.633524101227522,Ligue 1,2021-2022
8657,Jeremy Le Douaron,32,1434,5,3.681325346231461,3,2.6880364464595914,34,17,0,0,F M S,Brest,5,3.681325346231461,5.12674936465919,0.9797716019675136,Ligue 1,2021-2022
8697,Jonathan Clauss,37,3072,5,2.948962716385722,11,6.643080560490489,39,71,3,0,D M S,Lens,5,2.948962716385722,14.56234560906887,9.22493604104966,Ligue 1,2021-2022
9060,Danilo Pereira,27,2035,5,3.132044735364616,0,0.4626436904072761,19,6,3,0,M S,Paris Saint Germain,5,3.132044735364616,13.944644503295422,12.811878494918346,Ligue 1,2021-2022
10381,Ibrahima Koné,16,716,5,3.185375537723303,1,1.4584306254982948,15,14,2,0,F S,Lorient,5,3.185375537723303,5.151334403082728,0.6745358174666762,Ligue 1,2021-2022
10415,Iké Ugbo,14,838,5,3.45127197355032,0,0.2162653021514415,16,5,0,0,F S,Troyes,4,2.691176988184452,3.16238421946764,1.3880270775407553,Ligue 1,2021-2022
1513,Mauro Icardi,24,1008,4,7.201591156423092,0,0.6005606055259705,28,9,1,0,F S,Paris Saint Germain,4,7.201591156423092,7.599381446838379,0.8534926995635033,Ligue 1,2021-2022
2306,Cédric Bakambu,12,352,4,3.250153422355652,0,0.8393961768597364,19,6,1,0,F M S,Marseille,4,3.250153422355652,3.621816501021385,1.6863734126091003,Ligue 1,2021-2022
3309,Valère Germain,34,1969,4,4.697213428094983,3,2.808399803936481,31,19,3,0,F M S,Montpellier,4,4.697213428094983,6.429922226816416,1.8195395190268755,Ligue 1,2021-2022
3487,Ismael Traoré,37,3215,4,4.016612706705928,1,1.1637448044493794,25,9,1,0,D S,Angers,4,4.016612706705928,6.142227675765753,5.427497606724501,Ligue 1,2021-2022
4770,Yoann Touzghar,28,1463,4,4.505610750988126,0,0.8333137948065996,28,21,0,0,F S,Troyes,4,4.505610750988126,6.511918710544705,1.4406103054061532,Ligue 1,2021-2022
5197,Achraf Hakimi,32,2488,4,2.716576535254717,6,5.368804993107915,20,31,3,1,D S,Paris Saint Germain,4,2.716576535254717,15.754602253437042,10.137298302724956,Ligue 1,2021-2022
5684,Arnaud Nordin,36,1892,4,4.080757598392665,4,2.796981104649604,44,24,4,0,F M S,Saint-Etienne,4,4.080757598392665,7.781092582270503,2.8961617164313798,Ligue 1,2021-2022
5717,Amine Harit,23,1158,4,2.75689285621047,4,2.49823060631752,15,26,1,0,D F M S,Marseille,4,2.75689285621047,8.069130539894104,3.9128316678106794,Ligue 1,2021-2022
5724,Irvin Cardona,32,1326,4,2.6634531021118164,2,1.8076960984617472,26,16,2,0,F M S,Brest,4,2.6634531021118164,5.539045700803399,1.6073147989809513,Ligue 1,2021-2022
5757,Farid Boulaya,24,1531,4,1.125219201669097,2,3.578162163496017,19,31,1,1,F M S,Metz,4,1.125219201669097,4.232255679555237,1.951333367265761,Ligue 1,2021-2022
6884,Remi Oudin,33,1757,4,3.683493873104453,5,3.9152753595262766,57,21,5,0,D F M S,Bordeaux,4,3.683493873104453,8.02501240093261,2.2462614718824625,Ligue 1,2021-2022
6963,Justin Kluivert,27,1907,4,2.8428059881553054,5,5.134205814450979,30,35,6,1,M S,Nice,4,2.8428059881553054,8.415009055286646,2.6743105947971344,Ligue 1,2021-2022
7012,Gelson Martins,32,1928,4,6.704818295314908,3,2.9125273171812296,30,22,4,0,D F M S,Monaco,4,6.704818295314908,12.206447245553136,3.422270770184696,Ligue 1,2021-2022
7265,Kephren Thuram,36,1882,4,3.177119707688689,2,2.4435276612639427,22,21,4,0,M S,Nice,4,3.177119707688689,9.173790641129017,5.425753258168697,Ligue 1,2021-2022
7743,Pereira Lage,24,1029,4,2.941858071833849,2,1.5574662275612354,19,9,0,0,D M S,Angers,4,2.941858071833849,5.79256902448833,3.070303451269865,Ligue 1,2021-2022
7763,Fabien Centonze,19,1584,4,0.8147917976602912,1,0.6267595142126083,15,11,3,0,D M S,Metz,4,0.8147917976602912,2.522169580683112,1.3704862846061587,Ligue 1,2021-2022
8646,Wout Faes,37,3330,4,1.928336082957685,0,0.1205048002302646,22,3,2,0,D,Reims,4,1.928336082957685,4.455075977370143,4.288094874471426,Ligue 1,2021-2022
8685,Mohamed Ali-Cho,32,1864,4,5.572160754352808,1,2.7916606729850173,42,14,2,2,F S,Angers,4,5.572160754352808,9.97146989312023,2.9994284585118294,Ligue 1,2021-2022
9001,Martín Satriano,15,957,4,3.1362283434718847,0,0.1106803026050329,24,2,5,0,F S,Brest,4,3.1362283434718847,2.997167171910405,0.1068512015044689,Ligue 1,2021-2022
9612,Myron Boadu,31,922,4,6.508853753097355,1,0.7719132099300623,21,6,0,0,F S,Monaco,4,6.508853753097355,7.804168053902686,1.4316529436036944,Ligue 1,2021-2022
9621,Florian Tardieu,30,2629,4,3.6868759728968143,2,3.896882187575102,24,49,6,0,M S,Troyes,0,0.6464917063713074,7.528046172112226,6.589561825618148,Ligue 1,2021-2022
9630,Kamaldeen Sulemana,20,1019,4,2.2118738908320665,2,2.272255754098296,25,21,3,0,F M S,Rennes,4,2.2118738908320665,6.682753935456276,2.5955503191798925,Ligue 1,2021-2022
552,Ander Herrera,19,1095,3,1.0094401724636557,2,1.5413998905569315,14,19,2,0,M S,Paris Saint Germain,3,1.0094401724636557,8.436596656218171,7.117482978850603,Ligue 1,2021-2022
668,Idrissa Gueye,26,1656,3,1.2977843526750803,1,1.9793684110045435,24,15,4,0,M S,Paris Saint Germain,3,1.2977843526750803,11.321974717080591,8.766805417835712,Ligue 1,2021-2022
1022,Pedro Chirivella,31,2661,3,0.9085051054134964,1,1.190145649947226,21,25,6,0,M,Nantes,3,0.9085051054134964,7.972717259079218,6.769303115084767,Ligue 1,2021-2022
1039,Jason Denayer,15,991,3,1.6827510111033916,0,0.0301984995603561,6,1,2,0,D S,Lyon,3,1.6827510111033916,4.470551576465368,4.440353538841009,Ligue 1,2021-2022
1126,M&#039;Baye Niang,22,745,3,2.909442000091076,1,1.3408574722707272,26,8,3,0,F S,Bordeaux,3,2.909442000091076,4.110855782404542,0.4270174112170934,Ligue 1,2021-2022
2412,Adil Rami,17,1180,3,0.9916178900748492,0,0.118790403008461,5,2,1,0,D S,Troyes,3,0.9916178900748492,0.911605527624488,0.911605527624488,Ligue 1,2021-2022
2549,Gaël Kakuta,29,1690,3,3.706171400845051,2,2.699805201031268,42,20,1,0,F M S,Lens,2,2.946076400578022,8.981733017601073,4.215126179158688,Ligue 1,2021-2022
2897,Aleksandr Golovin,27,1518,3,3.531319679692388,4,3.045618988573551,23,44,4,1,F M S,Monaco,3,3.531319679692388,8.802545063197613,4.13063202239573,Ligue 1,2021-2022
3239,Hamari Traore,33,2909,3,1.987990628927946,10,5.2253310568630695,31,35,4,0,D,Rennes,3,1.987990628927946,17.824035450816154,15.7273273691535,Ligue 1,2021-2022
3343,Ryad Boudebouz,30,2289,3,2.045600269921124,4,3.5986980330199003,28,54,2,0,F M S,Saint-Etienne,2,1.285505280829966,6.542041342705488,3.429654453881085,Ligue 1,2021-2022
5704,Xeka,23,1627,3,1.7014357382431626,0,1.3485493082553148,22,14,10,0,D M S,Lille,3,1.7014357382431626,5.2935757245868444,3.146896993741393,Ligue 1,2021-2022
5963,Thomas Monconduit,34,2255,3,1.031935508362949,2,3.046168521977961,36,31,5,0,M S,Lorient,3,1.031935508362949,9.121482366696,7.050250116735697,Ligue 1,2021-2022
5980,Stéphane Bahoken,29,1089,3,3.867070287466049,1,1.0324139147996902,23,8,0,0,F S,Angers,3,3.867070287466049,4.760784305632114,1.007404989562929,Ligue 1,2021-2022
5988,Ibrahima Niane,26,1598,3,4.079784777015448,1,1.7447658646851778,43,11,2,1,F S,Metz,2,3.319689195603132,4.690941059961915,0.9901986131444572,Ligue 1,2021-2022
6452,Mahdi Camara,35,3079,3,2.9726817701011896,0,1.2495717741549015,28,29,8,0,D M S,Saint-Etienne,3,2.9726817701011896,7.999946910887957,5.6756193889305,Ligue 1,2021-2022
6454,Mohamed Youcef Belaïli,13,840,3,2.7494688350707293,2,2.721221052110195,17,18,2,0,F M S,Brest,3,1.9893738646060228,5.60508556291461,1.810435064136982,Ligue 1,2021-2022
6560,Aurelien Tchouameni,35,2933,3,2.019764472730458,2,3.2356795482337475,56,20,9,1,M S,Monaco,3,2.019764472730458,11.761683057062328,9.764380670152605,Ligue 1,2021-2022
6601,Timothy Weah,29,1617,3,4.337126911617816,4,3.7800979539752007,33,25,2,1,F M S,Lille,3,4.337126911617816,9.805287486873569,3.232377450913191,Ligue 1,2021-2022
7736,Brendan Chardonnet,32,2681,3,1.956616032868624,0,0.3209532471373677,13,9,6,1,D S,Brest,3,1.956616032868624,4.686766772530973,4.508639699779451,Ligue 1,2021-2022
7747,Mama Baldé,30,1740,3,7.046415497548878,2,1.7302056616172194,48,18,1,1,D F M S,Troyes,3,6.286316533572972,8.854160689748824,2.041141599416733,Ligue 1,2021-2022
8050,Hichem Boudaoui,29,1641,3,1.5249937921762466,2,2.4562703743577003,15,15,6,0,M S,Nice,3,1.5249937921762466,6.79156619310379,3.954073576256633,Ligue 1,2021-2022
8330,Jean Onana,23,1862,3,2.006982646882534,2,1.4154440816491842,21,14,3,1,M,Bordeaux,3,2.006982646882534,7.444456831552088,5.039853592403233,Ligue 1,2021-2022
8635,Sven Botman,25,2250,3,1.89656812697649,1,0.2067945003509521,15,7,4,0,D,Lille,3,1.89656812697649,4.66733318567276,4.5413125939667225,Ligue 1,2021-2022
8640,Adrien Truffert,30,1639,3,2.35931849014014,2,1.752728585153818,19,13,4,0,D S,Rennes,3,2.35931849014014,9.930735630914567,6.198886746540666,Ligue 1,2021-2022
8759,David Pereira Da Costa,33,1467,3,2.1909433100372557,5,2.744579492136836,25,41,2,0,F M S,Lens,3,2.1909433100372557,6.8107303231954575,2.8144437354058027,Ligue 1,2021-2022
9643,Jodel Dossou,35,2043,3,4.65141988452524,1,2.1548480428755283,52,22,3,0,F M S,Clermont Foot,3,4.65141988452524,7.672313610091805,1.2572044907137752,Ligue 1,2021-2022
9806,Ricardo Mangas,29,2367,3,1.7600639769807458,1,0.6541308034211397,17,15,2,0,D M S,Bordeaux,3,1.7600639769807458,7.692728956229985,5.804246888495982,Ligue 1,2021-2022
10074,Sambou Soumano,21,408,3,3.137863226234913,0,0.1809476967900991,18,5,1,0,F S,Lorient,3,3.137863226234913,3.639785401523113,0.5164009109139442,Ligue 1,2021-2022
10439,Didier Lamkel Zé,9,613,3,2.49639068543911,0,0.2317686025053262,14,5,2,0,F S,Metz,3,2.49639068543911,3.424193933606148,0.8416596837341785,Ligue 1,2021-2022
152,Julian Draxler,18,538,2,1.741343580186367,2,1.6131989331915977,9,9,0,0,F M S,Paris Saint Germain,2,1.741343580186367,6.528689465485513,3.97092860378325,Ligue 1,2021-2022
888,Xherdan Shaqiri,11,694,2,0.7834532130509615,3,2.030546383932233,13,15,0,0,M S,Lyon,2,0.7834532130509615,3.321873247623444,1.467771569266915,Ligue 1,2021-2022
1299,Mario Lemina,32,1997,2,2.7035823352634907,0,0.39325069822371,16,7,5,1,M S,Nice,2,2.7035823352634907,8.198937254026532,7.149094941094518,Ligue 1,2021-2022
2063,Timothée Kolodziejczak,30,2580,2,1.888976601883769,3,1.473785748705268,15,22,4,1,D M,Saint-Etienne,2,1.888976601883769,5.263913861475885,4.025682949461043,Ligue 1,2021-2022
2246,Sergio Ramos,12,790,2,2.315847374498844,0,0.0806154981255531,12,1,1,1,D S,Paris Saint Germain,2,2.315847374498844,7.197141721844673,6.818079128861427,Ligue 1,2021-2022
2674,Thilo Kehrer,27,1497,2,1.0409163050353527,0,0.116948701441288,9,2,0,0,D S,Paris Saint Germain,2,1.0409163050353527,7.487732229754329,6.59336624853313,Ligue 1,2021-2022
3223,Benjamin André,33,2781,2,1.793752716854215,1,1.239909203723073,16,15,10,1,D M,Lille,2,1.793752716854215,9.752886859700084,8.090292701497674,Ligue 1,2021-2022
3461,Majeed Waris,15,300,2,0.8426040969789028,0,0.7555977739393711,7,4,1,0,F M S,Strasbourg,2,0.8426040969789028,1.9173847660422323,0.3378510847687721,Ligue 1,2021-2022
3477,Jimmy Briand,17,190,2,2.491746941115707,1,0.8865524027496576,10,11,1,0,F S,Bordeaux,1,0.9715572423301636,2.1194527968764305,0.8722484894096851,Ligue 1,2021-2022
3488,Romain Thomas,30,2573,2,2.0941202975809574,0,0.0701212994754314,14,2,9,0,D S,Angers,2,2.0941202975809574,5.873136275447905,5.284082845784724,Ligue 1,2021-2022
3561,Romain Hamouma,22,857,2,3.110594438388944,1,1.2452087048441172,23,13,2,0,F M S,Saint-Etienne,2,3.110594438388944,6.305973447859287,2.4464446641504765,Ligue 1,2021-2022
4768,Wylan Cyprien,24,1503,2,0.7696496974676847,3,3.28902754932642,20,33,3,0,M S,Nantes,2,0.7696496974676847,6.329258048906922,4.5840070098638535,Ligue 1,2021-2022
5177,Caio Henrique,34,2685,2,0.8823948111385107,8,7.40982165094465,18,43,5,0,D M S,Monaco,2,0.8823948111385107,14.51305649895221,11.32967841718346,Ligue 1,2021-2022
5228,Renato Sanches,25,1663,2,0.8640554836019874,5,3.823865410871804,22,34,6,1,F M S,Lille,2,0.8640554836019874,9.324060732498763,6.451717742718756,Ligue 1,2021-2022
5261,Kevin Danso,33,2794,2,1.4251655247062445,2,0.4011891949921846,13,10,7,2,D S,Lens,2,1.4251655247062445,10.945728970691562,10.703413074836137,Ligue 1,2021-2022
5624,Yunis Abdelhamid,34,2983,2,1.6342334803193808,0,0.8099427986890078,18,9,5,1,D,Reims,2,1.6342334803193808,4.756734764203429,4.411293779499829,Ligue 1,2021-2022
5654,Baptiste Santamaria,34,2521,2,1.975997135043144,1,0.6658285660669208,34,17,7,0,D M S,Rennes,2,1.975997135043144,12.579520285129547,11.363567099906504,Ligue 1,2021-2022
5676,Opa Nguette,26,1031,2,2.211426701396704,2,0.3016697987914085,23,11,1,0,F M S,Metz,2,2.211426701396704,2.624864680692553,1.0248968712985516,Ligue 1,2021-2022
5686,Digbo Maiga,17,1282,2,0.9664333108812572,0,0.6028331071138382,11,11,6,0,D M S,Metz,2,0.9664333108812572,2.0793647188693285,0.9113218877464532,Ligue 1,2021-2022
5800,Lebo Mothiba,14,525,2,2.002195909619332,0,0.3564190957695246,6,6,1,0,F M S,"Strasbourg,Troyes",1,1.2421009093523026,1.78867750428617,0.5731258727610111,Ligue 1,2021-2022
5978,Dmitri Lienard,33,2051,2,1.5189223056659102,3,3.906347739510238,22,37,8,0,D M S,Strasbourg,2,1.5189223056659102,8.779793918132782,6.471310868859291,Ligue 1,2021-2022
6000,Tristan Dingome,25,1067,2,1.2216518009081485,4,3.061109896749258,20,23,3,0,F M S,Troyes,2,1.2216518009081485,3.739009751006961,1.0627481089904904,Ligue 1,2021-2022
6007,Nicolas Cozza,34,2791,2,1.316352636553347,2,0.9892687909305096,7,12,2,1,D S,Montpellier,2,1.316352636553347,4.117704266682267,3.712574575096369,Ligue 1,2021-2022
6011,Thiago Mendes,29,1860,2,0.569030006416142,1,1.6464168932288883,16,15,3,1,D M S,Lyon,2,0.569030006416142,10.012042308226228,8.834477994590998,Ligue 1,2021-2022
6332,Willem Geubbels,22,508,2,1.6210116874426603,1,1.0849898010492325,12,3,1,0,F M S,Nantes,2,1.6210116874426603,3.0142302941530943,0.3970061875879764,Ligue 1,2021-2022
6864,Renaud Ripart,28,1925,2,3.913563451729715,2,2.522580588236451,42,16,2,0,D F M S,Troyes,2,3.913563451729715,7.637529535219073,3.085349936038256,Ligue 1,2021-2022
6872,Mehmet Zeki Çelik,32,2704,2,1.006215002387762,3,2.057222420349717,22,24,10,0,D S,Lille,2,1.006215002387762,11.516381612047551,9.686974781565368,Ligue 1,2021-2022
6878,Youcef Atal,17,1142,2,0.7145372927188873,1,1.0196653082966805,13,12,4,0,D S,Nice,2,0.7145372927188873,4.669596111401916,3.4651320707052946,Ligue 1,2021-2022
6904,Ibrahima Sissoko,35,2315,2,2.176980059593916,5,4.634730469435453,26,26,6,0,D M S,Strasbourg,2,2.176980059593916,10.782322991639376,6.417288847267628,Ligue 1,2021-2022
6935,Naif Aguerd,31,2744,2,2.11302069760859,2,0.2937882989645004,25,4,3,1,D,Rennes,2,2.11302069760859,12.333892300724983,12.1302143111825,Ligue 1,2021-2022
7007,Duje Caleta-Car,26,2065,2,1.2133320812135937,0,0.2608341947197914,12,3,6,0,D S,Marseille,2,1.2133320812135937,6.184679750353098,6.184679750353098,Ligue 1,2021-2022
7122,Javairo Dilrosun,32,1732,2,2.5035006580874324,6,3.4630425944924355,41,31,3,0,F M S,Bordeaux,2,2.5035006580874324,6.980924782343209,4.404465800151229,Ligue 1,2021-2022
7397,Arbër Zeneli,9,406,2,1.3866765834391117,3,2.196814689785242,11,9,0,0,F S,Reims,2,1.3866765834391117,3.181983709335327,1.2442947030067444,Ligue 1,2021-2022
7570,Moreto Cassamã,17,811,2,0.6463754894211888,0,0.4660455947741866,11,8,1,0,M S,Reims,2,0.6463754894211888,3.407813210040331,2.682918617501855,Ligue 1,2021-2022
7719,Nathanael Mbuku,31,1421,2,2.8648622073233128,1,0.8387557044625282,33,10,1,0,F M S,Reims,2,2.8648622073233128,4.371927222236991,1.2423829976469278,Ligue 1,2021-2022
7762,Jean-Ricner Bellegarde,36,2326,2,2.4021152099594474,3,3.5584037993103266,30,24,5,0,M S,Strasbourg,2,2.4021152099594474,11.442922940477729,7.15819595195353,Ligue 1,2021-2022
8182,Lucas Da Cunha,25,1248,2,2.1547517557628453,1,2.3593417517840862,28,25,0,0,F M S,"Clermont Foot,Nice",2,2.1547517557628453,5.966391236055642,2.475578013807535,Ligue 1,2021-2022
8190,Melvin Bard,33,2610,2,0.7374056801199913,2,2.533024536445737,5,21,3,0,D S,Nice,2,0.7374056801199913,9.90270883589983,7.447148829698563,Ligue 1,2021-2022
8294,El Bilal Touré,21,1206,2,4.7454341519624,4,1.56270622741431,32,11,2,0,F M S,Reims,1,3.985344158485532,6.055887800641358,1.5667106891050937,Ligue 1,2021-2022
8328,Azz-Eddine Ounahi,32,1605,2,2.3325233375653625,1,0.9812654051929712,26,18,2,0,M S,Angers,2,2.3325233375653625,5.966364834457636,4.364874901250005,Ligue 1,2021-2022
8650,Julien Laporte,33,2896,2,2.051666311919689,0,0.2082591988146305,17,6,7,0,D,Lorient,2,2.051666311919689,4.252374017611146,4.058594884350896,Ligue 1,2021-2022
8691,Saidou Sow,13,993,2,0.6079206168651581,1,0.857576328329742,3,4,2,0,D S,Saint-Etienne,2,0.6079206168651581,1.0836990922689438,1.021749505773187,Ligue 1,2021-2022
9298,Alexis Flips,25,1064,2,1.8119257153011856,4,3.717227080836892,19,29,2,0,D F M S,Reims,1,1.051830609794706,4.7255192920565605,1.8264442961663008,Ligue 1,2021-2022
9399,Quentin Merlin,28,1916,2,0.3926223972812295,3,2.8618068378418684,11,30,0,0,D M S,Nantes,2,0.3926223972812295,7.181447392329574,5.519867233932018,Ligue 1,2021-2022
9511,Castello Lukeba,24,2099,2,2.0734564000740647,0,0.1688388995826244,6,3,1,0,D,Lyon,2,2.0734564000740647,9.236470229923723,9.236470229923723,Ligue 1,2021-2022
9781,Osman Bukari,24,1001,2,2.1249526916071773,4,3.0682528084144,20,17,1,0,D F M S,Nantes,2,2.1249526916071773,5.68703190702945,1.1310732159763577,Ligue 1,2021-2022
10100,Kamory Doumbia,8,339,2,0.7118717096745968,1,1.0080524813383818,5,7,1,0,M S,Reims,2,0.7118717096745968,2.257037431001663,0.8751099957153201,Ligue 1,2021-2022
10271,Vanderson,17,1123,2,0.9646448995918036,1,1.702900616452098,14,11,3,0,D M S,Monaco,2,0.9646448995918036,6.306386940181255,4.445836305618286,Ligue 1,2021-2022
10301,Jens Cajuste,8,365,2,1.7751381993293762,0,0.075126901268959,9,2,0,0,M S,Reims,1,1.015043206512928,0.7482089847326279,0.2875929921865463,Ligue 1,2021-2022
10328,Edon Zhegrova,13,469,2,0.5064368974417448,1,0.5024037882685661,15,8,0,1,M S,Lille,2,0.5064368974417448,2.1154133826494217,1.5742142163217068,Ligue 1,2021-2022
10342,Louis Mafouta,15,514,2,1.5718617718666792,0,0.2098364010453224,9,2,0,0,F S,Metz,2,1.5718617718666792,1.9822953809052704,0.2005980052053928,Ligue 1,2021-2022
10536,Tetê,9,596,2,2.8988890890032053,5,2.433905804529786,17,13,1,0,F M S,Lyon,2,2.8988890890032053,7.247147949412465,2.612545035779476,Ligue 1,2021-2022
150,Josuha Guilavogui,15,1339,1,1.5854274528101089,1,1.1168071371503174,10,13,4,0,D M,Bordeaux,1,1.5854274528101089,5.042523119598627,3.556769769638777,Ligue 1,2021-2022
626,Eliaquim Mangala,14,1188,1,0.5546502023935318,0,0.0291558001190423,3,1,9,0,D,Saint-Etienne,1,0.5546502023935318,1.0890639815479517,1.0599081814289093,Ligue 1,2021-2022
771,Georginio Wijnaldum,31,1652,1,2.4837898798286915,3,2.330908015370369,22,12,2,0,F M S,Paris Saint Germain,1,2.4837898798286915,11.995354720391331,8.056193959899247,Ligue 1,2021-2022
914,Nabil Bentaleb,18,1530,1,0.502596003934741,0,0.0673452913761138,16,3,4,0,M,Angers,1,0.502596003934741,3.1109198350459337,2.797352976165712,Ligue 1,2021-2022
943,Massadio Haidara,20,1066,1,0.3354829037562012,1,0.1480713002383709,5,3,5,1,D M S,Lens,1,0.3354829037562012,3.0753670362755656,2.8519921340048318,Ligue 1,2021-2022
1245,Emerson,29,2271,1,0.7572011901065707,2,4.394446653313935,16,31,3,1,D M S,Lyon,1,0.7572011901065707,12.957988977432253,11.554036624729632,Ligue 1,2021-2022
1248,Leandro Paredes,15,833,1,0.5740544386208057,2,0.3680636025965214,8,7,3,0,M S,Paris Saint Germain,1,0.5740544386208057,7.622997157275677,6.7866058349609375,Ligue 1,2021-2022
1461,Pol Lirola,34,1755,1,1.0557481106370687,2,3.243860961869359,13,26,1,0,D M S,Marseille,1,1.0557481106370687,8.606204440817237,5.313029240816832,Ligue 1,2021-2022
1682,Islam Slimani,12,578,1,2.17732166685164,1,0.8782387115061283,12,6,3,0,F S,Lyon,1,2.17732166685164,4.930134242400527,2.178906260058284,Ligue 1,2021-2022
1932,Sanjin Prcic,32,2209,1,1.4638637891039252,0,1.3682100120931864,46,22,4,0,M S,Strasbourg,1,1.4638637891039252,10.17553764488548,8.531937411054969,Ligue 1,2021-2022
2199,Pablo Sarabia,2,19,1,0.7712410092353821,0,0.0,1,0,1,0,S,Paris Saint Germain,1,0.7712410092353821,0.7712410092353821,0.0,Ligue 1,2021-2022
3304,Maxime Le Marchand,12,854,1,0.4374713115394115,1,0.0590310981497168,3,2,4,0,D S,Strasbourg,1,0.4374713115394115,3.079488731920719,2.949496813118458,Ligue 1,2021-2022
3322,Alexander Djiku,31,2699,1,2.547775828279555,0,0.5402571000158787,15,9,8,1,D S,Strasbourg,1,2.547775828279555,7.519751975312829,7.183034962043166,Ligue 1,2021-2022
3346,Jonas Martin,29,2113,1,1.0991895161569118,1,1.3313213158398869,21,9,8,0,M S,Rennes,1,1.0991895161569118,12.81104046292603,12.179556757211683,Ligue 1,2021-2022
3358,Ibrahim Amadou,10,822,1,0.4581704158335924,0,0.0590901002287864,3,3,4,0,D M,Metz,1,0.4581704158335924,0.5453550107777119,0.5291406102478504,Ligue 1,2021-2022
3445,Corentin Jean,17,233,1,1.1257750112563372,0,0.4000570029020309,7,2,2,0,F S,Lens,1,1.1257750112563372,2.6339023783802986,1.2225350178778172,Ligue 1,2021-2022
3464,Vincent Le Goff,34,3060,1,1.0630691964179275,1,2.1668907585553825,26,27,1,0,D M,Lorient,1,1.0630691964179275,8.817933325655758,7.187089786864817,Ligue 1,2021-2022
3479,Marcus Coco,24,924,1,0.5735810063779354,1,0.9696748182177544,12,7,1,1,D F M S,Nantes,1,0.5735810063779354,3.080434715375304,1.6172800175845623,Ligue 1,2021-2022
3507,Vincent Pajot,30,2334,1,0.8590747741982341,0,0.3064723033457994,14,14,6,1,M S,Metz,1,0.8590747741982341,3.581702468916774,3.1431401930749416,Ligue 1,2021-2022
3552,Marco Verratti,24,1959,1,0.6124656889587641,2,2.6421978808939457,7,31,12,0,M S,Paris Saint Germain,1,0.6124656889587641,16.909856685437262,15.234696657396851,Ligue 1,2021-2022
3599,Presnel Kimpembe,30,2583,1,1.1868169158697128,0,0.06656089797616,7,2,6,0,D S,Paris Saint Germain,1,1.1868169158697128,17.167786305770278,17.10461530648172,Ligue 1,2021-2022
3626,Mexer,16,1230,1,0.2252225950360298,0,0.0,5,0,2,0,D S,Bordeaux,1,0.2252225950360298,3.280651551671326,3.280651551671326,Ligue 1,2021-2022
3652,Enock Kwateng,29,2005,1,0.2540197074413299,0,1.520985297858715,7,16,4,1,D M S,Bordeaux,1,0.2540197074413299,5.268210269510746,4.330104298889637,Ligue 1,2021-2022
3670,Nicolas Pallois,30,2451,1,0.4239989966154098,0,0.0964859016239643,8,4,6,1,D S,Nantes,1,0.4239989966154098,5.245105685666204,5.18833608366549,Ligue 1,2021-2022
3749,Jonathan Bamba,31,2462,1,3.500572615303099,2,3.861702386289835,51,45,3,0,M S,Lille,1,3.500572615303099,9.103413745760918,3.846079963259399,Ligue 1,2021-2022
4811,Jean Eudes Aholou,25,1008,1,1.286961993202567,1,0.7632317095994949,17,6,2,0,M S,Strasbourg,1,1.286961993202567,4.204162389039993,2.852704469114542,Ligue 1,2021-2022
4886,Cédric Hountondji,23,2037,1,0.5079702958464622,0,0.0230312999337911,8,1,2,0,D,Clermont Foot,1,0.5079702958464622,3.565017968416214,3.565017968416214,Ligue 1,2021-2022
5598,Angel Gomes,24,954,1,1.030431006103754,1,1.468812895938754,14,15,3,0,F M S,Lille,1,1.030431006103754,4.455331673845649,2.6927948910743,Ligue 1,2021-2022
5647,Arnaud Souquet,34,2355,1,0.4661101251840591,3,1.294005474075675,17,16,4,0,D M S,Montpellier,1,0.4661101251840591,5.071560031734407,3.822299893945456,Ligue 1,2021-2022
5661,Jonathan Ikone,18,1091,1,2.558205397799611,0,2.259584485553205,22,16,1,0,F M S,Lille,1,2.558205397799611,7.630589157342911,3.8096978534013033,Ligue 1,2021-2022
5702,Jordan Tell,15,253,1,0.8894344214349985,1,0.8401679741218686,8,5,1,0,F S,Clermont Foot,1,0.8894344214349985,2.071719978936017,0.3649573987349868,Ligue 1,2021-2022
5737,Saif-Eddine Khaoui,23,912,1,2.2445474890992045,0,0.9568697717040776,20,13,1,0,F M S,Clermont Foot,1,2.2445474890992045,2.5669750422239304,0.6300280392169952,Ligue 1,2021-2022
5745,Matthieu Udol,12,1008,1,0.659650694578886,0,0.1528173014521598,5,5,0,0,D S,Metz,1,0.659650694578886,2.3608462987467647,1.7100125243887303,Ligue 1,2021-2022
5753,Mickael Nade,30,2572,1,1.4804185749962926,0,0.2055808966979384,7,5,4,0,D S,Saint-Etienne,1,1.4804185749962926,3.4044553823769093,3.1829769033938646,Ligue 1,2021-2022
5773,Zaydou Youssef,30,1566,1,0.7394987223669887,0,0.968154706992209,21,12,3,1,M S,Saint-Etienne,1,0.7394987223669887,3.774638561531901,2.699451827444136,Ligue 1,2021-2022
5789,Boubacar Kamara,34,2784,1,0.7872199956327677,0,2.903287030756473,22,24,5,0,D M S,Marseille,1,0.7872199956327677,11.872783919796348,10.90873551927507,Ligue 1,2021-2022
5947,Mihailo Ristic,29,1796,1,0.3944318071007728,3,1.6289292890578508,18,16,3,1,D M S,Montpellier,1,0.3944318071007728,4.571696151513606,3.1734853205271065,Ligue 1,2021-2022
5958,Oualid El Hajjam,19,1080,1,0.4420497044920921,1,0.902465496212244,11,6,2,0,D S,Troyes,1,0.4420497044920921,2.4390494991093874,2.20197225920856,Ligue 1,2021-2022
6014,Rominigue Kouame,34,2982,1,1.651370910927653,2,2.637088979594409,37,21,5,0,M,Troyes,1,1.651370910927653,9.6354101318866,7.085582053288817,Ligue 1,2021-2022
6061,Quentin Boisgard,25,934,1,1.0529671413823962,1,1.2389605958014729,16,11,3,0,F M S,Lorient,1,1.0529671413823962,4.591716581955552,3.083562989719212,Ligue 1,2021-2022
6239,Junior Sambia,30,1522,1,1.500932727009058,0,0.589823991060257,21,12,3,1,D M S,Montpellier,1,1.500932727009058,3.1833506552502517,1.358676489442587,Ligue 1,2021-2022
6380,Anthony Caci,37,2399,1,1.1354569047689438,3,3.8799151331186295,15,28,4,0,D S,Strasbourg,1,1.1354569047689438,9.78035769239068,6.666803505271673,Ligue 1,2021-2022
6734,Ambroise Oyongo,11,653,1,0.1353600015863776,0,0.0187436006963253,5,1,5,0,D M S,Montpellier,1,0.1353600015863776,0.8826392907649279,0.7503670919686556,Ligue 1,2021-2022
6762,Yacine Adli,36,2261,1,1.4864552915096283,7,5.300591740757227,32,62,5,0,F M S,Bordeaux,1,1.4864552915096283,11.464434698224068,7.088253724388778,Ligue 1,2021-2022
6816,Jean-Clair Todibo,36,3122,1,2.742501389235258,0,0.7605085019022226,18,15,6,0,D S,Nice,1,2.742501389235258,12.024407545104625,11.612995527684689,Ligue 1,2021-2022
6882,Ghislain Konan,28,2427,1,0.5812371047213674,3,3.5608003828674555,19,31,1,0,D M,Reims,1,0.5812371047213674,6.216024918016046,3.944510165136308,Ligue 1,2021-2022
6885,Axel Disasi,32,2732,1,2.5039865877479315,0,0.3712611021474004,20,8,5,0,D S,Monaco,1,2.5039865877479315,8.42122146487236,8.232435267418623,Ligue 1,2021-2022
6947,Samuel Kalu,11,316,1,1.160245418548584,1,0.5048530101776123,13,2,1,0,F M S,Bordeaux,1,1.160245418548584,1.253526635468006,0.1481956001371145,Ligue 1,2021-2022
7151,Thomas Foket,29,2252,1,0.5314410030841827,0,1.7684468291699886,8,20,5,0,D M S,Reims,1,0.5314410030841827,4.244546007364988,2.6869816053658724,Ligue 1,2021-2022
7240,Benoit Badiashile Mukinayi,24,1836,1,1.3438834948465228,0,0.3170611001551151,14,3,4,0,D S,Monaco,1,1.3438834948465228,7.055136874318123,7.036477878689766,Ligue 1,2021-2022
7282,Giulian Biancone,33,2286,1,2.123479629866779,2,1.1943912981078029,31,15,10,0,D M S,Troyes,1,2.123479629866779,5.105148038826883,3.6485043046996,Ligue 1,2021-2022
7432,Reinildo,18,1539,1,0.6658898182213306,0,0.2147539015859365,6,4,7,0,D,Lille,1,0.6658898182213306,3.796739008277655,3.5466278167441487,Ligue 1,2021-2022
7574,Leo Petrot,22,1826,1,0.6480026980862021,0,0.1312604956328869,5,2,0,0,D S,Lorient,1,0.6480026980862021,3.457549626007676,3.3878806177526712,Ligue 1,2021-2022
7614,Lucas Perrin,31,2516,1,0.5463247904554009,1,0.6471871798858047,9,9,5,0,D S,Strasbourg,1,0.5463247904554009,8.90191372204572,8.414135999977589,Ligue 1,2021-2022
7687,Jean Lucas,28,1455,1,3.486241769045592,1,1.474635977298021,26,17,1,1,M S,Monaco,1,3.486241769045592,8.996513629332185,4.67370780557394,Ligue 1,2021-2022
7717,Isaac Lihadji,13,215,1,0.9648582898080348,4,1.8966464884579184,3,14,1,0,M S,Lille,1,0.9648582898080348,3.0061996653676037,0.340144008398056,Ligue 1,2021-2022
7730,Jean-Charles Castelletto,28,2518,1,1.152425143867731,0,0.1642204988747835,16,6,8,0,D,Nantes,1,1.152425143867731,4.755959605798125,4.605170000344515,Ligue 1,2021-2022
7739,Joris Chotard,36,2956,1,0.724281607195735,1,0.3797511113807559,18,11,5,0,M S,Montpellier,1,0.724281607195735,5.978005576878786,5.184383006766439,Ligue 1,2021-2022
7751,Miguel Trauco,17,1109,1,0.3840459994971752,0,0.1332252016291022,11,6,3,0,D M S,Saint-Etienne,1,0.3840459994971752,4.076778153888881,3.7055755369365215,Ligue 1,2021-2022
7754,Tiago Djaló,28,2325,1,1.6358859166502953,1,0.5199280120432377,12,6,4,0,D S,Lille,1,1.6358859166502953,6.800149139948189,6.278820171020925,Ligue 1,2021-2022
7756,Yusuf Yazici,15,498,1,0.9630154529586434,1,1.661999959498644,10,11,3,0,F M S,Lille,1,0.9630154529586434,1.3300097975879908,0.3010433986783027,Ligue 1,2021-2022
7765,Thomas Delaine,29,2320,1,0.8769183866679668,2,1.6535928063094616,18,26,4,0,D M S,Metz,1,0.8769183866679668,4.122665096074343,2.3021345026791096,Ligue 1,2021-2022
8006,Evann Guessand,20,387,1,1.874234260991216,2,1.4524920284748075,12,4,3,0,F S,Nice,1,1.874234260991216,2.703612105920911,0.1249121967703104,Ligue 1,2021-2022
8049,Jean-Kevin Duverne,37,3002,1,1.070535322651267,3,2.506537592038512,12,25,1,0,D S,Brest,1,1.070535322651267,7.028370837680996,4.944414490833879,Ligue 1,2021-2022
8119,Boubacar Traore,27,1710,1,0.5105080110952258,1,1.4325577896088362,22,16,7,1,M S,Metz,1,0.5105080110952258,3.825703723356128,2.029503108002245,Ligue 1,2021-2022
8244,Dylan Bronn,30,2542,1,1.72653129696846,2,1.3998959586024284,15,4,8,1,D S,Metz,1,1.72653129696846,3.4034796245396137,2.595319639891386,Ligue 1,2021-2022
8283,Batista Mendy,34,2434,1,0.8836238998919725,1,0.6491624005138874,14,11,5,0,D M S,Angers,1,0.8836238998919725,3.1823670994490385,2.6590150836855173,Ligue 1,2021-2022
8372,Lucas Gourna Douath,31,1797,1,1.1314673945307732,0,0.1703033512458205,12,9,7,0,M S,Saint-Etienne,1,1.1314673945307732,2.3369332561269403,1.5738822054117918,Ligue 1,2021-2022
8651,Enzo Le Fée,36,2211,1,1.742679794318974,3,2.829063842073083,34,49,2,0,F M S,Lorient,1,1.742679794318974,6.674955070950091,3.6689684772863984,Ligue 1,2021-2022
8653,Adrian Grbic,16,501,1,1.3186314124614,0,0.5115079879760742,12,4,0,0,F S,Lorient,1,1.3186314124614,1.5817303080111742,0.0155448000878095,Ligue 1,2021-2022
8664,Facundo Medina,31,2605,1,1.8611977007240057,0,0.1189751010388135,9,4,11,0,D S,Lens,1,1.8611977007240057,10.258276062086225,9.390287451446056,Ligue 1,2021-2022
8666,Cheick Oumar Doucoure,34,2956,1,1.1572474595159292,4,3.5794383669272065,31,42,7,1,M S,Lens,1,1.1572474595159292,15.85923034697771,12.209588970988989,Ligue 1,2021-2022
8669,Simon Banza,4,117,1,1.072071623057127,1,0.4638232924044132,6,2,0,0,F S,Lens,1,1.072071623057127,1.5358960293233397,0.0,Ligue 1,2021-2022
8677,Lilian Brassier,31,2249,1,1.3674938380718231,0,0.3809941057115793,11,8,4,0,D S,Brest,1,1.3674938380718231,3.325821108184755,2.948820404708385,Ligue 1,2021-2022
8687,Kiki Kouyate,30,2668,1,1.8708831258118157,0,0.055647499859333,22,2,8,1,D,Metz,1,1.8708831258118157,3.164831534959376,2.6635400988161564,Ligue 1,2021-2022
8690,Jean-Phillipe Krasso,16,438,1,1.804238587617874,1,0.53444829210639,12,5,0,0,F S,Saint-Etienne,1,1.804238587617874,1.9903748165816069,0.2549842018634081,Ligue 1,2021-2022
8701,Timothee Pembele,26,1416,1,1.394147491082549,1,2.9050029516220093,18,14,3,0,D M S,Bordeaux,1,1.394147491082549,5.151114884763956,2.374386578798294,Ligue 1,2021-2022
8702,Tinotenda Kadewere,15,483,1,4.290032217279077,0,1.1395100317895412,18,9,0,1,F M S,Lyon,1,4.290032217279077,6.20326978713274,0.9736519157886504,Ligue 1,2021-2022
8981,Jéremy Doku,14,459,1,0.9654047284275292,2,2.059846226125956,5,9,2,0,F M S,Rennes,1,0.9654047284275292,3.793234560638666,1.0884231328964231,Ligue 1,2021-2022
9021,Pape Sarr,33,2128,1,1.798304559662938,3,1.5993151916190982,31,20,7,0,F M S,Metz,1,1.798304559662938,5.455072950571775,2.9677818790078163,Ligue 1,2021-2022
9140,Maxime Busi,18,1290,1,0.3401195965707302,0,1.2676678132265806,7,17,3,0,D S,Reims,1,0.3401195965707302,2.833968624472618,1.9251042362302544,Ligue 1,2021-2022
9279,Krépin Diatta,8,287,1,0.1087390882894396,0,0.1656276946887374,3,3,0,0,D M S,Monaco,1,0.1087390882894396,0.5724440952762961,0.2980777062475681,Ligue 1,2021-2022
9451,Chimuanya Ugochukwu,18,385,1,0.2628520037978887,0,0.1354041025042534,4,3,2,0,M S,Rennes,1,0.2628520037978887,2.330355953425169,2.046388067305088,Ligue 1,2021-2022
9626,Brandon Domingues,11,205,1,0.9330339161679148,0,0.2185797980055213,4,5,0,0,M S,Troyes,1,0.9330339161679148,1.3422137070447206,0.3733890056610107,Ligue 1,2021-2022
9640,Florent Ogier,30,2449,1,0.7933114934712648,0,0.2951763104647398,7,2,6,0,D S,Clermont Foot,1,0.7933114934712648,5.380736133083701,5.380736133083701,Ligue 1,2021-2022
9641,Vital N&#039;Simba,34,2788,1,0.4734964203089475,3,3.2934988690540195,19,33,4,0,D S,Clermont Foot,1,0.4734964203089475,8.181709824129939,5.885028937831521,Ligue 1,2021-2022
9642,Salis Abdul Samed,31,2475,1,0.7133180983364582,0,1.001074330881238,18,18,8,3,M S,Clermont Foot,1,0.7133180983364582,7.088873889297247,5.643676908686757,Ligue 1,2021-2022
9644,Jason Berthomier,29,1777,1,1.8798285210505128,5,3.187772825360298,23,46,0,0,M S,Clermont Foot,1,1.8798285210505128,8.767225561663508,6.3949771579355,Ligue 1,2021-2022
9645,Jim Allevinah,30,1471,1,2.4227470019832253,2,1.6232970021665096,43,15,1,0,F M S,Clermont Foot,1,2.4227470019832253,7.565668933093548,4.565584365278482,Ligue 1,2021-2022
9656,Ilan Kebbal,31,1797,1,1.2916626883670688,4,2.958335744217038,27,32,1,0,F M S,Reims,1,1.2916626883670688,7.406215596944094,4.471218293532729,Ligue 1,2021-2022
9659,Bradley Locko,24,997,1,0.1112212007865309,1,0.3903166018426418,6,7,4,0,D M S,Reims,1,0.1112212007865309,2.205630585551262,1.7040924839675426,Ligue 1,2021-2022
9662,Dango Ouattara,25,781,1,1.7316420748829842,2,1.2514470797032118,23,8,4,0,F M S,Lorient,1,1.7316420748829842,3.310088414698839,0.758513905107975,Ligue 1,2021-2022
9667,Amadou Onana,32,1316,1,3.224560491740704,0,0.9849453810602428,15,14,2,1,M S,Lille,1,3.224560491740704,5.467081153765321,3.5518138352781534,Ligue 1,2021-2022
9919,Calvin Stengs,24,1076,1,3.535113566555083,1,2.618978409096598,21,23,1,0,M S,Nice,1,3.535113566555083,8.748735367320478,3.184915686026216,Ligue 1,2021-2022
9943,Moritz Jenz,17,1388,1,1.3131617829203606,0,0.0654751006513834,9,2,3,1,D S,Lorient,1,1.3131617829203606,2.7353226616978645,2.7353226616978645,Ligue 1,2021-2022
9944,Gabriel Gudmundsson,30,1333,1,2.550795870833099,0,1.2376036550849676,19,11,3,0,D M S,Lille,1,2.550795870833099,4.816303581930697,1.2790258917957544,Ligue 1,2021-2022
9978,Azor Matusiwa,29,2482,1,0.4472076017409563,1,0.8888298897072673,11,16,6,1,M,Reims,1,0.4472076017409563,6.148239677771926,5.640626534819603,Ligue 1,2021-2022
9979,N&#039;Dri Koffi,10,365,1,1.0765835829079151,0,0.1706198449246585,9,4,1,0,F S,Reims,1,1.0765835829079151,1.6988786980509758,0.598909193649888,Ligue 1,2021-2022
9980,Stian Rode Gregersen,24,1958,1,1.5399449802935123,1,0.4998565949499607,6,2,7,0,D S,Bordeaux,1,1.5399449802935123,3.157347137108445,3.125794136896729,Ligue 1,2021-2022
9984,Gerson Rodrigues,12,852,1,2.627795932814479,1,0.4236885905265808,23,8,6,0,F M S,Troyes,1,2.627795932814479,3.105514783412218,0.538746127858758,Ligue 1,2021-2022
10132,Yohann Magnin,24,1714,1,1.326845720410347,0,0.4952232986688614,19,8,2,0,D M S,Clermont Foot,1,1.326845720410347,4.326914058998227,3.020170012488961,Ligue 1,2021-2022
93,Marcelo,13,1093,0,0.2608943060040474,0,0.2784146051853895,5,3,5,0,D,"Bordeaux,Lyon",0,0.2608943060040474,2.742410416714847,2.633075521327555,Ligue 1,2021-2022
148,Dante,34,2872,0,0.7691219076514244,0,1.296306080184877,13,6,5,3,D S,Nice,0,0.7691219076514244,9.236453517340124,9.196438521146774,Ligue 1,2021-2022
220,Jérôme Boateng,24,1644,0,0.2511980980634689,1,1.4477764070034027,5,8,6,0,D S,Lyon,0,0.2511980980634689,7.076396931894124,6.527158935554326,Ligue 1,2021-2022
342,Sead Kolasinac,14,434,0,0.0,1,0.2351612048223614,0,4,0,0,D S,Marseille,0,0.0,1.1187446201220157,0.9616684205830096,Ligue 1,2021-2022
414,Juan Bernat,15,980,0,0.3111799955368042,0,1.0325665809214115,1,5,2,0,D S,Paris Saint Germain,0,0.3111799955368042,7.265147246420383,6.403861179947853,Ligue 1,2021-2022
485,Mamadou Sakho,29,2585,0,0.0359002016484737,0,0.2045598048716783,1,3,3,0,D,Montpellier,0,0.0359002016484737,3.689420217648149,3.499152927659452,Ligue 1,2021-2022
494,Laurent Koscielny,11,938,0,0.0,1,0.1573640033602714,0,2,2,0,D,Bordeaux,0,0.0,1.85195632558316,1.694592320360243,Ligue 1,2021-2022
520,Bakary Sako,7,138,0,0.3288260931149125,0,0.0317097008228302,6,2,0,0,F S,Saint-Etienne,0,0.3288260931149125,0.2213734025135636,0.0,Ligue 1,2021-2022
551,Morgan Schneiderlin,20,613,0,0.1431130021810531,1,0.1954291984438896,2,4,1,1,M S,Nice,0,0.1431130021810531,1.6397606916725636,1.3617410846054554,Ligue 1,2021-2022
686,Cesc Fàbregas,2,31,0,0.0,0,0.0773656964302063,0,2,0,0,S,Monaco,0,0.0,0.028601799160242,0.0,Ligue 1,2021-2022
834,José Fonte,38,3420,0,1.4701375188305974,2,1.2952111773192885,23,10,4,0,D,Lille,0,1.4701375188305974,9.607312091626229,9.41898007504642,Ligue 1,2021-2022
925,Patrick Roberts,1,11,0,0.0951543003320694,0,0.0,1,0,0,0,S,Troyes,0,0.0951543003320694,0.0951543003320694,0.0,Ligue 1,2021-2022
961,Jordan Amavi,10,533,0,0.0,0,0.1128356959670782,0,2,1,0,D S,"Marseille,Nice",0,0.0,1.53598390519619,1.4231486022472382,Ligue 1,2021-2022
1056,Jeff Reine-Adelaide,10,175,0,0.2078760042786598,1,1.1955181267112494,3,8,0,0,M S,Lyon,0,0.2078760042786598,2.3437021002173424,1.4767998717725277,Ligue 1,2021-2022
1116,Gianluigi Donnarumma,17,1530,0,0.0,0,0.0,0,0,3,0,GK,Paris Saint Germain,0,0.0,5.029671622440219,5.029671622440219,Ligue 1,2021-2022
1326,Assane Diousse,4,20,0,0.0,0,0.0,0,0,0,0,S,Saint-Etienne,0,0.0,0.0,0.0,Ligue 1,2021-2022
1455,Alfred Gomis,25,2250,0,0.0,0,0.0,0,0,1,0,GK,Rennes,0,0.0,2.9902671054005623,2.9902671054005623,Ligue 1,2021-2022
1670,Steve Mandanda,9,810,0,0.0,0,0.0544295012950897,0,1,0,0,GK,Marseille,0,0.0,1.094003289937973,1.0395732894539833,Ligue 1,2021-2022
1752,Fabio,27,1695,0,0.5888411942869425,2,0.9830874921754004,11,10,8,1,D M S,Nantes,0,0.5888411942869425,6.091770062223077,5.103922883048654,Ligue 1,2021-2022
1784,Jérémy Pied,2,10,0,0.0,0,0.0248536001890897,0,1,0,0,S,Lille,0,0.0,0.0248536001890897,0.0,Ligue 1,2021-2022
1920,Gabriel Silva,13,706,0,0.0656924024224281,0,0.0339061990380287,1,2,0,0,D M S,Saint-Etienne,0,0.0656924024224281,0.7771527906879783,0.7432465897873044,Ligue 1,2021-2022
2072,Sergio Rico,1,20,0,0.0,0,0.0,0,0,0,0,S,Paris Saint Germain,0,0.0,0.0,0.0,Ligue 1,2021-2022
2100,Rafinha,5,220,0,0.325288612395525,0,0.0645826980471611,5,2,0,0,F M S,Paris Saint Germain,0,0.325288612395525,0.9407686963677406,0.6436102744191885,Ligue 1,2021-2022
2107,Pau López,29,2610,0,0.0,1,0.4437279999256134,0,1,4,0,GK,Marseille,0,0.0,6.2301455941051245,5.786418592557311,Ligue 1,2021-2022
2242,Rubén Pardo,1,2,0,0.0,0,0.0,0,0,0,0,S,Bordeaux,0,0.0,0.0,0.0,Ligue 1,2021-2022
2243,Keylor Navas,21,1860,0,0.0,0,0.0,0,0,0,1,GK,Paris Saint Germain,0,0.0,5.8388880137354136,5.8388880137354136,Ligue 1,2021-2022
2387,Danilo,1,90,0,0.0,0,0.0,0,0,0,0,D,Nice,0,0.0,0.0,0.0,Ligue 1,2021-2022
2430,Álvaro González,6,451,0,0.102632500231266,0,0.0,2,0,1,0,D S,Marseille,0,0.102632500231266,1.4126914218068125,1.4126914218068125,Ligue 1,2021-2022
2639,Alexander Nübel,38,3420,0,0.0,0,0.0,0,0,0,0,GK,Monaco,0,0.0,5.338657084852457,5.338657084852457,Ligue 1,2021-2022
2782,Moussa Doumbia,4,77,0,0.927354708313942,0,0.0,4,0,0,0,S,Reims,0,0.1672596931457519,1.0529788304120302,0.8857197258621454,Ligue 1,2021-2022
3201,Alban Lafont,38,3420,0,0.0,0,0.0,0,0,3,0,GK,Nantes,0,0.0,2.0070470068603754,2.0070470068603754,Ligue 1,2021-2022
3218,Benoit Costil,25,2250,0,0.0,0,0.0475778989493846,0,1,1,0,GK,Bordeaux,0,0.0,3.27187330275774,3.224295325577259,Ligue 1,2021-2022
3221,Pedro Mendes,1,14,0,0.0,0,0.0203744005411863,0,1,0,0,S,Montpellier,0,0.0,0.0203744005411863,0.0203744005411863,Ligue 1,2021-2022
3251,Paul Bernardoni,32,2880,0,0.0,0,0.0,0,0,0,0,GK,"Angers,Saint-Etienne",0,0.0,1.973216583020985,1.973216583020985,Ligue 1,2021-2022
3253,Frederic Guilbert,33,2518,0,0.9508446026593448,4,4.727036125957966,24,47,4,0,D S,Strasbourg,0,0.9508446026593448,10.422511007636786,8.67750558629632,Ligue 1,2021-2022
3260,Enzo Crivelli,4,88,0,0.53877879306674,0,0.0,3,0,0,0,S,Saint-Etienne,0,0.53877879306674,1.4078463204205036,0.8690679967403412,Ligue 1,2021-2022
3269,Anthony Lopes,34,2986,0,0.0,0,0.0,0,0,1,1,GK,Lyon,0,0.0,5.245493274182081,5.245493274182081,Ligue 1,2021-2022
3271,Jérémy Morel,9,598,0,0.0511146001517772,0,0.0675501972436904,1,1,0,0,D S,Lorient,0,0.0511146001517772,1.5358494147658348,1.4847344383597374,Ligue 1,2021-2022
3275,Jordan Ferri,34,2933,0,0.2749534966424107,2,3.59011822193861,14,33,11,1,M S,Montpellier,0,0.2749534966424107,8.779680861160159,6.872150808572769,Ligue 1,2021-2022
3278,Maxwel Cornet,1,67,0,0.0,0,0.0368852987885475,0,1,0,1,D,Lyon,0,0.0,0.7802299857139587,0.7433450222015381,Ligue 1,2021-2022
3299,Jean-Kevin Augustin,7,67,0,0.0863000992685556,0,0.0,2,0,1,0,S,Nantes,0,0.0863000992685556,0.0863000992685556,0.0,Ligue 1,2021-2022
3305,Paul Baysse,2,6,0,0.0,0,0.0,0,0,0,0,S,Bordeaux,0,0.0,0.0,0.0,Ligue 1,2021-2022
3318,Jean-Louis Leca,27,2315,0,0.0,0,0.0,0,0,3,1,GK,Lens,0,0.0,2.964509105309844,2.964509105309844,Ligue 1,2021-2022
3325,Yannick Cahuzac,17,599,0,0.0545304007828235,0,0.0,1,0,1,0,M S,Lens,0,0.0545304007828235,0.4822154063731432,0.4822154063731432,Ligue 1,2021-2022
3344,Casimir Ninga,16,388,0,0.6331852078437805,0,0.0216368995606899,9,1,2,0,F S,Angers,0,0.6331852078437805,0.7064105030149221,0.1629904005676508,Ligue 1,2021-2022
3354,Sébastien Corchia,28,1296,0,0.4262523995712399,3,0.6434687003493309,11,12,0,1,D S,Nantes,0,0.4262523995712399,2.715345990844071,2.279273784719408,Ligue 1,2021-2022
3357,Djibril Sidibe,17,947,0,0.14465999789536,0,0.8476390093564987,4,6,6,0,D S,Monaco,0,0.14465999789536,3.5260486286133528,3.401198523119092,Ligue 1,2021-2022
3367,Youssouf Kone,21,972,0,0.2128576003015041,1,0.8842921163886786,9,8,2,1,D S,Troyes,0,0.2128576003015041,2.13212445192039,1.9011216387152672,Ligue 1,2021-2022
3390,Rémy Cabella,5,314,0,0.1053744964301586,0,0.2817438021302223,2,7,0,0,M S,Montpellier,0,0.1053744964301586,1.5365759693086147,1.253467157483101,Ligue 1,2021-2022
3412,Léo Dubois,23,1746,0,0.7501688823103905,0,1.6217389069497583,10,17,5,0,D S,Lyon,0,0.7501688823103905,7.243556920439005,6.090020257979631,Ligue 1,2021-2022
3430,Paul Nardi,22,1980,0,0.0,0,0.0,0,0,1,0,GK,Lorient,0,0.0,1.2573333261534572,1.2573333261534572,Ligue 1,2021-2022
3433,Matthieu Dreyer,16,1440,0,0.0,0,0.0,0,0,0,0,GK,Lorient,0,0.0,0.3658225582912564,0.3658225582912564,Ligue 1,2021-2022
3440,Karim Azamoum,7,379,0,0.1048477012664079,0,0.0,3,0,2,0,D S,Troyes,0,0.1048477012664079,0.5830932846292853,0.5830932846292853,Ligue 1,2021-2022
3456,Jimmy Cabot,24,2015,0,0.5765571026131511,5,2.486728339456022,11,19,4,0,D M,Angers,0,0.5765571026131511,4.642873337492347,3.0828741835430264,Ligue 1,2021-2022
3463,Romain Philippoteaux,1,21,0,0.0,0,0.0,0,0,0,0,S,Brest,0,0.0,0.0,0.0,Ligue 1,2021-2022
3485,Alexandre Letellier,1,7,0,0.0,0,0.0,0,0,0,0,S,Paris Saint Germain,0,0.0,0.0,0.0,Ligue 1,2021-2022
3486,Vincent Manceau,28,2354,0,0.0745421005412936,0,0.3960206061601639,3,2,0,1,D S,Angers,0,0.0745421005412936,4.839062891900539,4.397927597165108,Ligue 1,2021-2022
3495,Pierrick Capelle,30,1180,0,0.7589752096682787,1,2.417224259115756,17,15,2,0,D M S,Angers,0,0.7589752096682787,3.641613789834082,2.6627745293080807,Ligue 1,2021-2022
3509,Fabien Lemoine,21,1126,0,0.1325328014791011,1,1.0371745992451906,4,10,5,0,M S,Lorient,0,0.1325328014791011,4.047042353078723,3.797121085226536,Ligue 1,2021-2022
3517,Ronael Pierre Gabriel,30,2568,0,0.4818999031558633,1,2.137621987611056,5,15,6,0,D S,Brest,0,0.4818999031558633,6.16492404602468,3.843339553102851,Ligue 1,2021-2022
3518,Jessy Moulin,7,630,0,0.0,0,0.0,0,0,1,0,GK,Troyes,0,0.0,0.1994481012225151,0.1994481012225151,Ligue 1,2021-2022
3521,Dennis Appiah,32,2083,0,0.0490069007501006,0,0.2204005979001522,2,3,4,0,D S,Nantes,0,0.0490069007501006,3.287097914144397,3.0716869067400694,Ligue 1,2021-2022
3539,Jean-Armel Kana-Biyik,10,667,0,0.0664997026324272,0,0.0,1,0,1,0,D S,Metz,0,0.0664997026324272,0.2951830979436636,0.2951830979436636,Ligue 1,2021-2022
3542,Damien Da Silva,17,1127,0,0.4358033910393715,0,0.2612112984061241,11,3,3,1,D S,Lyon,0,0.4358033910393715,5.671554194763303,5.5650341380387545,Ligue 1,2021-2022
3581,Jemerson,15,1210,0,0.262751504778862,0,0.614333026111126,4,2,3,2,D,Metz,0,0.262751504778862,1.243451677262783,1.112917684018612,Ligue 1,2021-2022
3591,Dimitry Bertaud,11,831,0,0.0,0,0.0,0,0,0,0,GK S,Montpellier,0,0.0,0.3838343024253845,0.3838343024253845,Ligue 1,2021-2022
3638,Hatem Ben Arfa,7,316,0,0.1998030021786689,1,0.7161535155028105,3,6,1,0,F M S,Lille,0,0.1998030021786689,0.981354609131813,0.3680465910583734,Ligue 1,2021-2022
3655,Charles Traore,16,715,0,0.0,0,0.0,0,0,3,0,D S,Nantes,0,0.0,1.4707997888326645,1.4707997888326645,Ligue 1,2021-2022
3657,Kevin N&#039;Doram,19,1245,0,1.3702639751136303,0,0.3683542916551232,7,11,5,0,D M S,Metz,0,1.3702639751136303,3.4170037265866995,3.0512095326557755,Ligue 1,2021-2022
3663,Grejohn Kyei,14,384,0,1.9911178797483444,1,0.9850368984043598,11,10,1,0,F S,Clermont Foot,0,1.9911178797483444,3.200550962239504,1.06693256739527,Ligue 1,2021-2022
3673,Valentin Rongier,32,2213,0,2.652888873592019,1,1.5999375022947788,28,17,3,0,D M S,Marseille,0,2.652888873592019,12.736764051020144,9.49446890130639,Ligue 1,2021-2022
3721,Romain Del Castillo,22,1018,0,1.1998111233115196,6,1.729809695854783,12,16,1,1,F M S,"Brest,Rennes",0,1.1998111233115196,3.9665870387107134,2.4837908055633307,Ligue 1,2021-2022
3729,Hassane Kamara,11,547,0,0.9957510083913804,0,1.279263973236084,12,3,2,0,D M S,Nice,0,0.9957510083913804,3.762716893106699,1.631608096882701,Ligue 1,2021-2022
3741,Paul Lasne,15,833,0,0.2674682047218084,1,0.9871716052293776,7,8,1,0,M S,Brest,0,0.2674682047218084,1.791040850803256,1.3606524262577295,Ligue 1,2021-2022
3786,Mathieu Cafaro,4,198,0,0.257005101069808,0,0.0644050016999244,6,1,2,0,F M S,Reims,0,0.257005101069808,0.3844522964209318,0.181615490000695,Ligue 1,2021-2022
3962,Anastasios Donis,13,349,0,0.9846018329262732,0,0.3000213988125324,10,5,0,1,F M S,Reims,0,0.9846018329262732,0.6149075031280518,0.0218476001173257,Ligue 1,2021-2022
4803,Marc-Aurele Caillard,19,1538,0,0.0,0,0.0,0,0,1,0,GK S,Metz,0,0.0,0.5202830079942942,0.5202830079942942,Ligue 1,2021-2022
4804,Abdou Diallo,12,875,0,0.0995731987059116,1,0.6714839935302734,2,4,1,0,D S,Paris Saint Germain,0,0.0995731987059116,4.478142708539963,4.189741730690002,Ligue 1,2021-2022
4849,Sada Thioub,18,963,0,0.2085959035903215,1,1.6671139961108563,5,12,2,0,D M S,"Angers,Saint-Etienne",0,0.2085959035903215,3.1934009045362477,1.81958432123065,Ligue 1,2021-2022
4865,Roli Pereira De Sa,17,562,0,0.4645940065383911,0,0.4888005023822188,5,7,1,0,M S,Nantes,0,0.4645940065383911,2.0672528743743896,1.5235548689961431,Ligue 1,2021-2022
4882,Laurent Abergel,34,2971,0,1.6437224075198174,2,2.4843256939202547,30,34,9,0,M,Lorient,0,1.6437224075198174,8.543829242698848,5.753406216390431,Ligue 1,2021-2022
4896,Andrew Gravillon,26,2142,0,0.7843594904989004,0,0.6739743463695049,16,10,5,2,D S,Reims,0,0.7843594904989004,3.1748310746625066,2.4300347706303,Ligue 1,2021-2022
5587,Josh Maja,2,7,0,0.0,0,0.0641703978180885,0,1,0,0,S,Bordeaux,0,0.0,0.0641703978180885,0.0,Ligue 1,2021-2022
5652,Walter Benítez,37,3330,0,0.0,0,0.0,0,0,2,0,GK,Nice,0,0.0,2.350246526300907,2.350246526300907,Ligue 1,2021-2022
5678,Eiji Kawashima,1,90,0,0.0,0,0.0,0,0,0,0,GK,Strasbourg,0,0.0,0.0837031006813049,0.0837031006813049,Ligue 1,2021-2022
5685,Lamine Ghezali,1,1,0,0.0,0,0.0189852006733417,0,1,0,0,S,Saint-Etienne,0,0.0,0.0189852006733417,0.0,Ligue 1,2021-2022
5732,Abdoulaye Bamba,10,453,0,0.1253940016031265,0,0.1443069986999035,1,2,1,0,D M S,Angers,0,0.1253940016031265,0.7864390965551138,0.6180243901908398,Ligue 1,2021-2022
5736,Myziane Maolida,1,29,0,0.0403847992420196,0,0.0,1,0,0,0,S,Nice,0,0.0403847992420196,0.0967056006193161,0.0563208013772964,Ligue 1,2021-2022
5738,Amine Bassi,5,181,0,0.0895518008619546,0,0.4812453640624881,4,7,0,0,M S,Metz,0,0.0895518008619546,0.3666991014033556,0.2903445959091186,Ligue 1,2021-2022
5742,Hugo Magnetti,28,1461,0,0.5057393992319703,1,0.9465229231864214,17,7,4,0,M S,Brest,0,0.5057393992319703,4.679800579324365,4.424962002784014,Ligue 1,2021-2022
5752,Alexis Claude Maurice,10,180,0,0.3382001938298344,2,1.0455190995708108,6,8,1,0,S,Nice,0,0.3382001938298344,1.355263901874423,0.5893509071320295,Ligue 1,2021-2022
5762,Pierre-Yves Hamel,20,529,0,1.632205419242382,0,0.1771530993282795,13,4,3,0,F S,"Clermont Foot,Lorient",0,1.632205419242382,1.9030348341912031,0.1431044992059469,Ligue 1,2021-2022
5766,Romain Salin,1,90,0,0.0,0,0.0,0,0,0,0,GK,Rennes,0,0.0,0.1097410023212432,0.1097410023212432,Ligue 1,2021-2022
5778,Johan Gastien,32,2760,0,0.7307379860430956,1,1.7283355928957462,24,25,8,2,M,Clermont Foot,0,0.7307379860430956,11.517576640471816,10.419107070192696,Ligue 1,2021-2022
5795,Anthony Mandrea,10,900,0,0.0,0,0.0,0,0,0,0,GK,Angers,0,0.0,0.7229985194280744,0.7229985194280744,Ligue 1,2021-2022
5962,Tanguy NDombele Alvaro,11,704,0,0.191129295155406,2,1.4895051317289472,5,9,3,0,M S,Lyon,0,0.191129295155406,4.836323104798794,3.7455406300723553,Ligue 1,2021-2022
5976,Yoann Salmier,31,2677,0,0.8812629953026772,1,1.0215813741087914,9,9,5,0,D S,Troyes,0,0.8812629953026772,5.653531761839986,5.381269296631217,Ligue 1,2021-2022
5984,Alexandre Oukidja,21,1881,0,0.0,0,0.0,0,0,2,1,GK,Metz,0,0.0,1.6525035984814167,1.6525035984814167,Ligue 1,2021-2022
5998,Christophe Herelle,23,1952,0,0.2339304015040397,0,0.112524701282382,6,3,6,0,D,Brest,0,0.2339304015040397,2.064111882820725,1.955760484561324,Ligue 1,2021-2022
6003,Jimmy Giraudon,19,1617,0,0.0,0,0.3159872144460678,0,2,3,1,D S,Troyes,0,0.0,2.947981709614396,2.631994603201747,Ligue 1,2021-2022
6006,Ruben Aguilar,28,2138,0,0.2955504832789302,2,1.5040297023952007,10,12,4,0,D S,Monaco,0,0.2955504832789302,8.974917409941554,7.5189344976097345,Ligue 1,2021-2022
6018,Samuel Moutoussamy,30,1492,0,1.9436213988810775,1,0.3995585963129997,14,5,5,0,M S,Nantes,0,1.9436213988810775,4.6015928238630295,2.8246746957302094,Ligue 1,2021-2022
6060,Otávio,16,1154,0,0.2936712433584034,0,0.1064514014869928,12,6,3,0,M S,Bordeaux,0,0.2936712433584034,3.1440115496516228,2.780139984562993,Ligue 1,2021-2022
6073,Guillermo Maripán,26,1829,0,0.5752522069960833,0,0.4976929873228073,7,2,5,0,D S,Monaco,0,0.5752522069960833,9.070607593283055,8.597071578726172,Ligue 1,2021-2022
6095,Julian Pollersbeck,6,432,0,0.0,0,0.0,0,0,0,0,GK S,Lyon,0,0.0,1.4697454068809748,1.4697454068809748,Ligue 1,2021-2022
6283,Levi Lumeka,5,50,0,0.0,0,0.0,0,0,0,0,S,Troyes,0,0.0,0.016508599743247,0.016508599743247,Ligue 1,2021-2022
6293,Gerzino Nyamsi,34,2982,0,1.9448732919991016,2,1.1438747979700563,26,5,4,0,D S,Strasbourg,0,1.9448732919991016,7.267269272357225,7.032396972179413,Ligue 1,2021-2022
6307,Suk Hyun-Jun,9,126,0,0.444232702255249,0,0.4577779024839401,8,2,0,0,S,Troyes,0,0.444232702255249,0.8465451877564192,0.5435591023415327,Ligue 1,2021-2022
6381,Oriol Busquets,9,188,0,0.0222513992339372,0,0.0,1,0,0,0,M S,Clermont Foot,0,0.0222513992339372,0.5067946976050735,0.4845432927832007,Ligue 1,2021-2022
6407,Vágner,3,77,0,0.3500860035419464,0,0.0743696000427007,1,2,1,0,S,Metz,0,0.3500860035419464,0.3780051041394472,0.0,Ligue 1,2021-2022
6466,Jean-Claude Billong,15,965,0,0.1022983975708484,0,0.0514523014426231,5,1,2,0,D S,Clermont Foot,0,0.1022983975708484,2.240603044629097,2.240603044629097,Ligue 1,2021-2022
6489,Steven Fortes,1,90,0,0.0,0,0.0,0,0,0,0,D,Lens,0,0.0,0.4764859974384308,0.4764859974384308,Ligue 1,2021-2022
6636,Gaetan Poussin,13,1170,0,0.0,0,0.0,0,0,3,0,GK,Bordeaux,0,0.0,1.099754672497511,1.099754672497511,Ligue 1,2021-2022
6860,Sofiane Alakouch,4,150,0,0.0164697002619504,0,0.0128966001793742,1,1,1,0,S,Metz,0,0.0164697002619504,0.0128966001793742,0.0128966001793742,Ligue 1,2021-2022
6869,Antonin Bobichon,4,27,0,0.0,0,0.0,0,0,0,0,S,Angers,0,0.0,0.0153815997764468,0.0153815997764468,Ligue 1,2021-2022
6881,Thomas Fontaine,2,169,0,0.0,0,0.0,0,0,1,0,D,Lorient,0,0.0,0.5328079909086227,0.5328079909086227,Ligue 1,2021-2022
6888,William Saliba,36,3240,0,1.3563339225947857,0,0.6332824937999249,17,6,5,0,D,Marseille,0,1.3563339225947857,11.667041746899486,11.0759123172611,Ligue 1,2021-2022
6902,Toma Basic,3,217,0,0.0698777008801698,1,0.3002593070268631,2,5,0,0,M,Bordeaux,0,0.0698777008801698,0.2521367967128753,0.0858386978507042,Ligue 1,2021-2022
6903,Matz Sels,37,3330,0,0.0773665010929107,0,0.0224318001419305,2,1,1,0,GK,Strasbourg,0,0.0773665010929107,2.8945861952379346,2.8945861952379346,Ligue 1,2021-2022
6907,Colin Dagba,3,165,0,0.0,0,0.0638094991445541,0,2,1,0,D S,Paris Saint Germain,0,0.0,0.1744410004466772,0.1744410004466772,Ligue 1,2021-2022
6945,Youssouf Fofana,33,2181,0,0.953517303802073,4,2.0711106257513165,30,20,4,0,M S,Monaco,0,0.953517303802073,10.019139787182212,7.523282930254936,Ligue 1,2021-2022
7064,Farid El Melali,2,8,0,0.0333469994366169,0,0.0,1,0,0,0,S,Angers,0,0.0333469994366169,0.0333469994366169,0.0,Ligue 1,2021-2022
7148,Wilson Isidor,4,42,0,0.1386999934911728,0,0.1170419976115226,1,1,0,0,S,Monaco,0,0.1386999934911728,0.2557420134544372,0.1170419976115226,Ligue 1,2021-2022
7160,Nemanja Radonjic,1,14,0,0.0,0,0.1258849948644638,0,1,0,0,S,Marseille,0,0.0,0.1744219958782196,0.1744219958782196,Ligue 1,2021-2022
7178,Valon Berisha,13,438,0,0.2290357053279876,1,0.6879220865666866,4,8,0,1,M S,Reims,0,0.2290357053279876,0.3966663926839828,0.0911974981427192,Ligue 1,2021-2022
7206,Jonathan Gradit,35,3082,0,0.0742335999384522,0,1.8538616374135015,5,14,7,0,D,Lens,0,0.0742335999384522,10.031363791786134,9.880564390681684,Ligue 1,2021-2022
7316,Charles Nathan Abi,1,47,0,0.0,0,0.0,0,0,0,0,F,Saint-Etienne,0,0.0,0.0080610197037458,0.0080610197037458,Ligue 1,2021-2022
7328,Maxence Caqueret,31,2331,0,0.9100620932877064,0,1.545804798603058,15,24,5,0,M S,Lyon,0,0.9100620932877064,13.62478738091886,11.648763159289956,Ligue 1,2021-2022
7358,Souleyman Doumbia,27,2248,0,0.9683768004179,1,1.9822372877970336,15,16,10,1,D M,Angers,0,0.9683768004179,5.816879278048873,4.21057165786624,Ligue 1,2021-2022
7359,Eduardo Camavinga,4,137,0,0.0,0,0.0517107993364334,0,1,0,0,M S,Rennes,0,0.0,0.4892690032720566,0.437558002769947,Ligue 1,2021-2022
7440,Philippe Sandler,2,70,0,0.0,0,0.0,0,0,0,0,D S,Troyes,0,0.0,0.0,0.0,Ligue 1,2021-2022
7486,Leonardo Balerdi,17,946,0,0.1014383025467395,0,0.0362286008894443,2,1,4,1,D S,Marseille,0,0.1014383025467395,3.35867545939982,3.322446459904313,Ligue 1,2021-2022
7562,Eric Junior Dina Ebimbe,10,313,0,0.112024899572134,0,0.1212700009346008,4,1,2,0,M S,Paris Saint Germain,0,0.112024899572134,1.353243999183178,1.3139130026102066,Ligue 1,2021-2022
7716,Darío Benedetto,2,49,0,0.5948829799890518,0,0.0608608983457088,3,1,0,0,S,Marseille,0,0.5948829799890518,0.698649987578392,0.0429058000445365,Ligue 1,2021-2022
7718,Predrag Rajkovic,38,3420,0,0.0,0,0.0105341998860239,0,1,2,0,GK,Reims,0,0.0,2.7082341788336635,2.6976999789476395,Ligue 1,2021-2022
7720,Sambou Sissoko,8,154,0,0.1385924071073532,0,0.2526300027966499,3,3,0,0,S,Reims,0,0.1385924071073532,0.7942039966583252,0.4029821939766407,Ligue 1,2021-2022
7729,Julien Faussurier,16,464,0,0.2673757039010525,1,1.0505487937480211,4,13,1,0,D M S,Brest,0,0.2673757039010525,1.5311497934162617,0.6822210941463709,Ligue 1,2021-2022
7731,Denys Bain,2,180,0,0.0,0,0.0,0,0,0,0,D,Brest,0,0.0,0.0616421997547149,0.0616421997547149,Ligue 1,2021-2022
7732,Haris Belkebla,31,2311,0,0.1387539990246296,0,1.0661659268662331,5,14,2,0,M S,Brest,0,0.1387539990246296,3.7256079595536,2.810709284618497,Ligue 1,2021-2022
7744,Danijel Petkovic,15,1350,0,0.0,0,0.0,0,0,1,0,GK,Angers,0,0.0,1.4208639869466424,1.4208639869466424,Ligue 1,2021-2022
7745,Loris Benito,1,63,0,0.0,0,0.0,0,0,0,0,D,Bordeaux,0,0.0,0.0659262984991073,0.0659262984991073,Ligue 1,2021-2022
7750,Harold Moukoudi,24,1649,0,0.8403093703091145,0,0.1005326993763446,7,3,3,0,D S,Saint-Etienne,0,0.8403093703091145,3.1848898818716407,2.514929006807506,Ligue 1,2021-2022
7755,Domagoj Bradaric,15,389,0,0.024490300565958,0,0.6498558921739459,1,6,2,0,D S,Lille,0,0.024490300565958,2.0357214026153088,1.4718853794038296,Ligue 1,2021-2022
7757,Léo Jardim,17,1530,0,0.0,0,0.0,0,0,0,0,GK,Lille,0,0.0,0.7374252006411552,0.7374252006411552,Ligue 1,2021-2022
7758,Cheikh Niasse,4,36,0,0.0,0,0.0,0,0,1,0,S,Lille,0,0.0,0.0872118026018142,0.0872118026018142,Ligue 1,2021-2022
7764,Mamadou Fofana,1,30,0,0.0,0,0.0,0,0,0,0,S,Metz,0,0.0,0.1090039983391761,0.1090039983391761,Ligue 1,2021-2022
7772,Marcin Bulka,1,90,0,0.0,0,0.0,0,0,0,0,GK,Nice,0,0.0,0.0,0.0,Ligue 1,2021-2022
7980,Adil Aouchiche,35,1040,0,1.0555371148511767,4,1.5373161137104034,21,17,2,0,F M S,Saint-Etienne,0,1.0555371148511767,2.8911329125985503,1.334821411408484,Ligue 1,2021-2022
8057,Stefan Bajic,7,507,0,0.0179427992552518,0,0.0,1,0,0,0,GK S,Saint-Etienne,0,0.0179427992552518,0.1267395000904798,0.1087967008352279,Ligue 1,2021-2022
8094,Mathis Cherki,16,412,0,0.7207962428219616,1,0.8461429253220558,14,12,1,0,F S,Lyon,0,0.7207962428219616,2.071687418967485,1.1472289878875015,Ligue 1,2021-2022
8146,Ismail Jakobs,28,1172,0,0.7288830801844597,1,3.907848736271262,5,17,1,0,D M S,Monaco,0,0.7288830801844597,6.784568633884192,4.153463121503592,Ligue 1,2021-2022
8151,Hianga&#039;a M&#039;Bock,14,791,0,0.358465414494276,0,0.0148120000958442,9,1,3,0,M S,Brest,0,0.358465414494276,1.5836759870871902,1.4213234884664416,Ligue 1,2021-2022
8165,Lucien Agoume,27,1881,0,0.900984600186348,0,1.1817963309586048,15,13,6,0,M S,Brest,0,0.900984600186348,4.812505649402738,4.41931664571166,Ligue 1,2021-2022
8166,Mehdi Zerkane,6,69,0,0.0217886008322238,0,0.0456326007843017,1,1,0,0,S,Bordeaux,0,0.0217886008322238,0.277766402810812,0.2103452011942863,Ligue 1,2021-2022
8176,Jason Mbock,1,15,0,0.0,0,0.0,0,0,1,0,S,Angers,0,0.0,0.0,0.0,Ligue 1,2021-2022
8186,Nelson Sissoko,1,49,0,0.0,0,0.0,0,0,1,0,D,Saint-Etienne,0,0.0,0.0,0.0,Ligue 1,2021-2022
8187,Georges Mikautadze,1,1,0,0.1656830012798309,0,0.0,2,0,0,0,S,Metz,0,0.1656830012798309,0.1656830012798309,0.0,Ligue 1,2021-2022
8219,Lenny Lacroix,3,201,0,0.0630614981055259,1,0.4940996151417494,2,2,0,0,D S,Metz,0,0.0630614981055259,0.1537775974720716,0.1537775974720716,Ligue 1,2021-2022
8248,Maxence Rivera,1,4,0,0.0,0,0.0,0,0,0,0,S,Saint-Etienne,0,0.0,0.0,0.0,Ligue 1,2021-2022
8249,Renaud Emond,6,192,0,0.0081751300022006,0,0.0185032002627849,1,1,0,0,F M S,Nantes,0,0.0081751300022006,0.4683911157771945,0.4602159857749939,Ligue 1,2021-2022
8278,Papa Ndiaga Yade,18,662,0,0.2732356069609523,1,0.7297361167147756,8,6,3,0,D F M S,Metz,0,0.2732356069609523,1.7597913155332208,1.4142701383680103,Ligue 1,2021-2022
8312,Kaj Sierhuis,2,80,0,0.0789685007184743,0,0.1099179983139038,2,2,0,0,F S,Reims,0,0.0789685007184743,0.285849004983902,0.1666935011744499,Ligue 1,2021-2022
8314,Yvann Maçon,22,1558,0,0.360402112826705,0,1.417444528080523,15,14,7,0,D M S,Saint-Etienne,0,0.360402112826705,2.642357566393912,1.172479297965765,Ligue 1,2021-2022
8327,Bruno Guimarães,20,1650,0,0.8509469665586948,3,3.936435665935278,11,35,2,0,M S,Lyon,0,0.8509469665586948,10.588894065469503,7.132685329765081,Ligue 1,2021-2022
8632,Enzo Ebosse,27,1886,0,0.1177025996148586,0,0.3886484978720546,3,9,1,0,D M S,Angers,0,0.1177025996148586,4.709486556239426,4.677540058270097,Ligue 1,2021-2022
8633,Waniss Taibi,7,120,0,0.0735597983002662,0,0.0,1,0,2,0,M S,Angers,0,0.0735597983002662,0.1604764983057975,0.1604764983057975,Ligue 1,2021-2022
8642,Strahinja Pavlovic,7,448,0,0.4777513034641742,0,0.1030659973621368,5,1,2,1,D S,Monaco,0,0.4777513034641742,1.954117726534605,1.954117726534605,Ligue 1,2021-2022
8643,Chrislain Matsima,7,126,0,0.0754953995347023,0,0.0,1,0,0,0,D S,Monaco,0,0.0754953995347023,1.0087770223617554,1.0087770223617554,Ligue 1,2021-2022
8644,Eliot Matazo,18,780,0,0.0763396993279457,0,0.1315883006900549,4,4,1,0,M S,Monaco,0,0.0763396993279457,1.1000151941552758,0.9162466954439878,Ligue 1,2021-2022
8648,Fraser Hornby,8,349,0,0.3836003951728344,0,0.1370302997529506,6,4,1,0,F M S,Reims,0,0.3836003951728344,0.5040506925433874,0.0417555999010801,Ligue 1,2021-2022
8649,Houboulang Mendes,36,3228,0,1.2066755215637386,1,1.2622651029378176,21,13,3,1,D,Lorient,0,1.2066755215637386,3.999371666461229,3.0104795657098293,Ligue 1,2021-2022
8652,Stéphane Diarra,15,513,0,1.1357053890824318,0,1.2021323973312974,13,12,2,0,F M S,Lorient,0,1.1357053890824318,2.5346674928441644,0.5538681112229824,Ligue 1,2021-2022
8655,Mehdi Chahiri,1,13,0,0.0,0,0.0,0,0,0,0,S,Strasbourg,0,0.0,0.0736176967620849,0.0736176967620849,Ligue 1,2021-2022
8656,Birger Meling,31,1816,0,0.2223940938711166,4,2.038045607507229,3,15,3,0,D S,Rennes,0,0.2223940938711166,11.358498675748706,10.44327505119145,Ligue 1,2021-2022
8660,Jordan Lotomba,30,1786,0,0.5684328442439437,0,1.2829192951321602,9,14,4,0,D S,Nice,0,0.5684328442439437,8.674090223386884,7.634662406519055,Ligue 1,2021-2022
8662,Dan Ndoye,3,200,0,0.2161920070648193,1,0.189652994275093,3,2,0,0,F S,Nice,0,0.2161920070648193,0.7341180145740509,0.3282730057835579,Ligue 1,2021-2022
8663,Flavius Daniliuc,24,1280,0,0.2675442993640899,0,0.1403171978890895,4,3,4,0,D S,Nice,0,0.2675442993640899,2.5747692715376616,2.557849271222949,Ligue 1,2021-2022
8665,Loic Bade,14,980,0,0.2781678009778261,1,0.5403735116124153,7,2,1,1,D S,Rennes,0,0.2781678009778261,4.07326003536582,4.004411023110151,Ligue 1,2021-2022
8667,Ismael Boura,5,94,0,0.0141099002212286,0,0.0,1,0,0,0,D S,Lens,0,0.0141099002212286,0.4957999885082245,0.4957999885082245,Ligue 1,2021-2022
8672,Wuilker Fariñez,13,1103,0,0.0,0,0.0,0,0,0,0,GK S,Lens,0,0.0,0.6373097989708185,0.6373097989708185,Ligue 1,2021-2022
8678,Jonas Omlin,29,2590,0,0.0,0,0.0,0,0,0,1,GK,Montpellier,0,0.0,3.176558604463935,3.176558604463935,Ligue 1,2021-2022
8682,Salim Ben Seghir,1,1,0,0.0,0,0.0,0,0,0,0,S,Marseille,0,0.0,0.0,0.0,Ligue 1,2021-2022
8684,Fodé Doucouré,3,146,0,0.0,0,0.0243656001985073,0,1,0,0,D S,Reims,0,0.0,0.8351529836654663,0.8107870221138,Ligue 1,2021-2022
8686,Cheick Tidiane Sabaly,6,147,0,0.3798713963478803,0,0.0507586989551782,2,2,0,0,F S,Metz,0,0.3798713963478803,1.0501969903707504,0.6595892831683159,Ligue 1,2021-2022
8688,Warren Tchimbembé,9,196,0,0.0,0,0.2725310027599334,0,4,0,0,M S,Metz,0,0.0,0.8949744198471308,0.6224434170871973,Ligue 1,2021-2022
8689,Yvan Neyou,16,947,0,0.1258572014048695,0,0.639104101806879,6,7,2,1,M S,Saint-Etienne,0,0.1258572014048695,1.6092297984287145,0.9404933992773294,Ligue 1,2021-2022
8692,Jerome Hergault,8,356,0,0.0681279972195625,0,0.0835544988512992,1,1,0,2,D S,Lorient,0,0.0681279972195625,0.5182900950312614,0.3666076958179474,Ligue 1,2021-2022
8696,Pape Alassane Gueye,28,1526,0,1.5811639670282602,1,0.442262097261846,31,9,7,0,D M S,Marseille,0,1.5811639670282602,8.051103526726365,6.5495673809200525,Ligue 1,2021-2022
8700,Xavi Simons,6,120,0,0.2220939993858337,0,0.116287000477314,2,1,1,0,F S,Paris Saint Germain,0,0.2220939993858337,0.461500596255064,0.1231195963919162,Ligue 1,2021-2022
8703,Sinaly Diomande,11,572,0,0.3232549000531435,0,0.0220078993588686,3,1,2,0,D S,Lyon,0,0.3232549000531435,1.836179930716753,1.8141719289124008,Ligue 1,2021-2022
8746,Aïmen Moueffek,14,409,0,0.0972470007836818,0,0.0842228000983595,4,2,1,0,M S,Saint-Etienne,0,0.0972470007836818,0.4988519018515944,0.3481887029483914,Ligue 1,2021-2022
8749,Lamine Gueye,14,561,0,1.830144815146923,3,1.2168653942644596,13,16,0,0,F M S,Metz,0,1.830144815146923,2.6929660234600306,0.456478089094162,Ligue 1,2021-2022
8784,Nassim Chadli,8,80,0,0.0685988012701273,0,0.020397400483489,2,1,1,0,M S,Troyes,0,0.0685988012701273,0.6400140020996332,0.5510177984833717,Ligue 1,2021-2022
8920,Dilane Bakwa,5,33,0,0.1277999021112918,0,0.0,2,0,0,0,S,Bordeaux,0,0.1277999021112918,0.1277999021112918,0.0,Ligue 1,2021-2022
8923,Ivo Grbic,21,1890,0,0.0,0,0.0,0,0,3,0,GK,Lille,0,0.0,2.2709088791161776,2.2709088791161776,Ligue 1,2021-2022
8950,Konrad De la Fuente,16,784,0,1.0853163916617632,2,1.280171036720276,15,10,1,0,M S,Marseille,0,1.0853163916617632,4.007810203358531,1.9298350848257544,Ligue 1,2021-2022
8973,Lorenz Assignon,20,581,0,0.8529922813177109,2,1.367770112119615,6,7,0,0,D S,Rennes,0,0.8529922813177109,5.189007832668722,3.2208477845415477,Ligue 1,2021-2022
8980,Luis Henrique,20,691,0,1.294538713991642,1,0.3239831011742353,6,8,0,0,D F M S,Marseille,0,1.294538713991642,1.9067177791148424,0.3640363980084657,Ligue 1,2021-2022
9017,Malo Gusto,30,1880,0,0.5090974289923906,4,4.334328099153936,11,25,3,0,D M S,Lyon,0,0.5090974289923906,11.578131014481189,8.436294777318835,Ligue 1,2021-2022
9039,Charles Boli,4,26,0,0.0,0,0.0,0,0,0,0,S,Lens,0,0.0,0.1219987012445926,0.1219987012445926,Ligue 1,2021-2022
9066,Mahamé Siby,2,14,0,0.0,0,0.0,0,0,0,0,S,Strasbourg,0,0.0,0.0,0.0,Ligue 1,2021-2022
9067,Amadou Traoré,1,17,0,0.0,0,0.0,0,0,0,0,S,Bordeaux,0,0.0,0.0,0.0,Ligue 1,2021-2022
9212,Tom Lacoux,13,919,0,0.0234202994033694,0,0.2025162950158119,2,3,5,0,D M S,Bordeaux,0,0.0234202994033694,1.3098126277327538,1.1142499335110188,Ligue 1,2021-2022
9294,Etienne Green,15,1200,0,0.0,0,0.0073509500361979,0,1,1,1,GK,Saint-Etienne,0,0.0,0.2084366278722882,0.2010857285931706,Ligue 1,2021-2022
9295,Abdoulaye Bakayoko,4,310,0,0.0,0,0.0,0,0,0,0,D,Saint-Etienne,0,0.0,0.1219393014907836,0.1219393014907836,Ligue 1,2021-2022
9317,Oussama Targhaline,2,2,0,0.0,0,0.0,0,0,1,0,S,Marseille,0,0.0,0.0,0.0,Ligue 1,2021-2022
9341,Edouard Michut,5,63,0,0.0,1,0.0576209984719753,0,1,0,1,S,Paris Saint Germain,0,0.0,0.3117534965276718,0.3117534965276718,Ligue 1,2021-2022
9355,Abdoulaye Sylla,2,158,0,0.0,0,0.0,0,0,1,0,D,Nantes,0,0.0,0.0878548026084899,0.0878548026084899,Ligue 1,2021-2022
9378,Issouf Sissokho,7,443,0,0.0827665003016591,0,0.2895636931061744,3,8,1,1,M S,Bordeaux,0,0.0827665003016591,1.219911314547062,1.026546686887741,Ligue 1,2021-2022
9437,Noah Fatar,3,3,0,0.0,0,0.0,0,0,0,0,S,Angers,0,0.0,0.0,0.0,Ligue 1,2021-2022
9448,Dion Moise Sahi,8,107,0,1.1823559775948524,0,0.1034250035881996,5,1,0,0,S,Strasbourg,0,1.1823559775948524,1.285780981183052,0.0,Ligue 1,2021-2022
9450,Dion Lopy,26,1650,0,0.9316751221194864,0,0.2798149958252907,16,8,4,0,M S,Reims,0,0.9316751221194864,3.9337846068665385,2.983685400336981,Ligue 1,2021-2022
9487,Maxime Estève,24,1847,0,0.7381463795900345,0,0.1346344985067844,5,2,2,0,D S,Montpellier,0,0.7381463795900345,1.585178802255541,1.585178802255541,Ligue 1,2021-2022
9489,Jonathan Varane,1,1,0,0.0,0,0.0,0,0,0,0,S,Lens,0,0.0,0.0,0.0,Ligue 1,2021-2022
9490,Matthis Abline,7,90,0,0.7780375275760889,0,0.0,2,0,0,0,F S,Rennes,0,0.7780375275760889,0.7528120279312134,0.0,Ligue 1,2021-2022
9491,Warmed Omari,34,2799,0,0.2626914009451866,0,0.2582582030445337,5,4,6,0,D S,Rennes,0,0.2626914009451866,14.766149248927832,14.745869245380163,Ligue 1,2021-2022
9510,Habib Keita,3,3,0,0.1209632977843284,0,0.0,2,0,0,0,S,Lyon,0,0.1209632977843284,0.1209632977843284,0.0886199995875358,Ligue 1,2021-2022
9523,Andy Diouf,5,9,0,0.0,0,0.5386639833450317,0,1,0,0,S,Rennes,0,0.0,0.6315280199050903,0.0928642004728317,Ligue 1,2021-2022
9537,William Mikelbrencis,9,625,0,0.1025336999446153,1,0.6181150078773499,5,3,0,0,D M S,Metz,0,0.1025336999446153,1.57930039614439,0.9193584863096476,Ligue 1,2021-2022
9562,Sacha Delaye,11,246,0,0.0729378014802932,1,0.9992130175232888,3,3,0,0,M S,Montpellier,0,0.0729378014802932,1.4419173151254654,0.4106158018112182,Ligue 1,2021-2022
9563,Mamadou Mbow,1,90,0,0.0,0,0.0,0,0,0,0,D,Reims,0,0.0,0.3281939923763275,0.3281939923763275,Ligue 1,2021-2022
9565,Mathys Saban,3,67,0,0.0,0,0.0,0,0,1,0,S,Saint-Etienne,0,0.0,0.0,0.0,Ligue 1,2021-2022
9566,Yanis Lhéry,5,63,0,0.4155459925532341,0,0.0,2,0,0,0,S,Saint-Etienne,0,0.4155459925532341,0.055723201483488,0.0189852006733417,Ligue 1,2021-2022
9614,Marco Bizot,38,3420,0,0.0,1,0.0714986976236105,0,2,1,0,GK,Brest,0,0.0,1.4915637113153934,1.4384284131228924,Ligue 1,2021-2022
9615,Jere Uronen,15,883,0,0.0576371708884835,0,0.0764116998761892,4,2,0,0,D M S,Brest,0,0.0576371708884835,1.6433178130537271,1.5383319277316332,Ligue 1,2021-2022
9618,Gauthier Gallon,31,2790,0,0.0,0,0.0,0,0,2,0,GK,Troyes,0,0.0,1.834121479652822,1.834121479652822,Ligue 1,2021-2022
9619,Issa Kabore,31,2269,0,0.2565660988911986,1,1.4669671058654783,7,20,6,2,D M S,Troyes,0,0.2565660988911986,5.540784343145788,4.117690515704453,Ligue 1,2021-2022
9620,Dylan Chambost,19,749,0,0.4787515001371503,1,0.5592385046184063,10,9,0,0,M S,Troyes,0,0.4787515001371503,2.5897244783118367,1.8980245739221573,Ligue 1,2021-2022
9622,Mykola Kukharevych,2,9,0,0.0635410994291305,0,0.0,1,0,0,0,S,Troyes,0,0.0635410994291305,0.0,0.0,Ligue 1,2021-2022
9623,Tanguy Zoukrou,4,63,0,0.05735420063138,0,0.0,1,0,1,0,S,Troyes,0,0.05735420063138,0.0,0.0,Ligue 1,2021-2022
9625,Derek Mazou-Sacko,2,2,0,0.0,0,0.0,0,0,0,0,S,Troyes,0,0.0,0.0,0.0,Ligue 1,2021-2022
9628,Nathan Bitumazala,1,8,0,0.0,0,0.0,0,0,0,0,S,Paris Saint Germain,0,0.0,0.0,0.0,Ligue 1,2021-2022
9629,El Chadaille Bitshiabu,1,2,0,0.0,0,0.0,0,0,0,0,S,Paris Saint Germain,0,0.0,0.0,0.0,Ligue 1,2021-2022
9631,Christopher Wooh,14,1052,0,1.240765790455043,1,0.411451194435358,8,4,2,0,D S,Lens,0,1.240765790455043,3.24523700773716,3.0570864472538237,Ligue 1,2021-2022
9632,Deiver Machado,22,500,0,0.0409345999360084,1,1.1178984995931387,2,7,1,0,D M S,Lens,0,0.0409345999360084,2.893654853105545,1.7348219081759453,Ligue 1,2021-2022
9635,Karol Fila,16,562,0,0.0,0,0.7113490104675293,0,3,3,0,D S,Strasbourg,0,0.0,1.685456708073616,1.0742086991667747,Ligue 1,2021-2022
9637,Abdel Jalil Zaim Idriss Medioub,10,619,0,0.0672989999875426,0,0.0,3,0,0,0,D S,Bordeaux,0,0.0672989999875426,0.1670237006619572,0.1101946011185646,Ligue 1,2021-2022
9638,Arthur Desmas,15,1307,0,0.0,0,0.0,0,0,0,0,GK,Clermont Foot,0,0.0,1.139230502769351,1.139230502769351,Ligue 1,2021-2022
9639,Akim Zedadka,38,3335,0,1.5837546708062291,3,3.5000787125900388,31,46,5,0,D S,Clermont Foot,0,1.5837546708062291,9.972251677885652,6.84621880762279,Ligue 1,2021-2022
9647,Jonathan Iglesias,15,560,0,0.019090499728918,0,0.2042674971744418,1,4,0,0,M S,Clermont Foot,0,0.019090499728918,1.858361355960369,1.6928892862051723,Ligue 1,2021-2022
9649,Josue Albert,2,12,0,0.0509416982531547,0,0.0,1,0,0,0,S,Clermont Foot,0,0.0509416982531547,0.0509416982531547,0.0,Ligue 1,2021-2022
9650,Arial Mendy,18,792,0,0.3017138019204139,0,1.8136509954929352,10,9,1,0,D F M S,Clermont Foot,0,0.3017138019204139,2.8967293575406075,0.9462960148230196,Ligue 1,2021-2022
9652,Alidu Seidu,21,1407,0,0.4695894652977586,0,0.1661709984764456,9,6,5,2,D F M S,Clermont Foot,0,0.4695894652977586,2.253474678844213,1.785549394786358,Ligue 1,2021-2022
9653,Ouparine Djoco,24,2113,0,0.0,0,0.0,0,0,1,0,GK S,Clermont Foot,0,0.0,1.2028229665011168,1.2028229665011168,Ligue 1,2021-2022
9655,Pablo Rosario,36,2745,0,1.3900679908692837,2,1.1668080883100629,19,20,7,0,D M S,Nice,0,1.3900679908692837,9.396062655374408,7.900813112035394,Ligue 1,2021-2022
9658,Billal Brahimi,20,686,0,1.1769502852112057,1,1.8508135080337524,10,17,1,0,F M S,"Angers,Nice",0,1.1769502852112057,3.112518707290292,1.1492165084928274,Ligue 1,2021-2022
9660,Bryan Djile Nokoue,2,53,0,0.0,0,0.0,0,0,0,0,S,Saint-Etienne,0,0.0,0.0079251499846577,0.0079251499846577,Ligue 1,2021-2022
9661,Igor Silva,28,1567,0,0.3871426610276103,0,0.7229458205401897,14,11,3,0,D M S,Lorient,0,0.3871426610276103,3.584967039525509,2.775984713807702,Ligue 1,2021-2022
9663,Samuel Loric,3,270,0,0.0,0,0.0,0,0,0,0,D,Lorient,0,0.0,0.0220573004335165,0.0220573004335165,Ligue 1,2021-2022
9664,Redwan Bourlès,4,12,0,0.0,0,0.0,0,0,0,0,S,Lorient,0,0.0,0.0685601010918617,0.0685601010918617,Ligue 1,2021-2022
9666,Lenny Joseph,8,134,0,0.0,0,0.0315543003380298,0,1,1,0,S,Metz,0,0.0,0.0234638992697,0.0234638992697,Ligue 1,2021-2022
9669,Thuler,16,854,0,0.027981299906969,0,0.0,1,0,1,1,D S,Montpellier,0,0.027981299906969,0.3438966087996959,0.3438966087996959,Ligue 1,2021-2022
9670,Léo Leroy,24,604,0,0.175660103559494,0,0.132705801166594,8,4,3,0,M S,Montpellier,0,0.175660103559494,0.5284484997391701,0.250509899109602,Ligue 1,2021-2022
9671,Béni Makouana,23,278,0,0.3566175997257232,0,0.790187906473875,7,4,4,0,F S,Montpellier,0,0.3566175997257232,1.0524778123944998,0.1051751002669334,Ligue 1,2021-2022
9672,Luan Peres,34,2679,0,0.1309382990002632,2,1.8529323358088727,3,17,6,0,D M S,Marseille,0,0.1309382990002632,12.747453652322292,11.83714433386922,Ligue 1,2021-2022
9766,Ismaël Gharbi,1,1,0,0.0,0,0.0,0,0,0,0,S,Paris Saint Germain,0,0.0,0.0439108982682228,0.0439108982682228,Ligue 1,2021-2022
9767,Habib Diarra,4,99,0,0.0,0,0.0,0,0,1,0,M S,Strasbourg,0,0.0,0.1614269986748695,0.1614269986748695,Ligue 1,2021-2022
9778,Henrique,18,1103,0,0.8976697847247124,1,0.5878197997808456,5,7,3,0,D M S,Lyon,0,0.8976697847247124,5.799371130764484,4.461679972708225,Ligue 1,2021-2022
9779,Rafiki Said,14,92,0,0.4145303964614868,0,0.1265039034187793,6,2,1,0,S,Brest,0,0.4145303964614868,0.5908083915710449,0.2712050974369049,Ligue 1,2021-2022
9780,Mathys Tel,7,44,0,0.1795047968626022,0,0.0919741988182067,3,1,0,0,S,Rennes,0,0.1795047968626022,0.6740342788398266,0.5386639833450317,Ligue 1,2021-2022
9782,Sikou Niakaté,12,665,0,0.163604530505836,0,0.0448904484510421,4,2,2,0,D S,Metz,0,0.163604530505836,0.555577402934432,0.5477512013167143,Ligue 1,2021-2022
9807,Gideon Mensah,23,1200,0,0.176488995552063,2,2.1074842121452093,2,16,1,1,D M S,Bordeaux,0,0.176488995552063,4.133925741538405,3.043977879919112,Ligue 1,2021-2022
9920,Fransérgio,26,1269,0,1.3281606025993824,1,0.3167814598418772,14,8,7,0,F M S,Bordeaux,0,1.3281606025993824,4.743091291747987,3.7146172439679503,Ligue 1,2021-2022
9929,Théo Le Bris,4,57,0,0.0,0,0.0,0,0,0,0,S,Lorient,0,0.0,0.0118076000362634,0.0118076000362634,Ligue 1,2021-2022
9930,Amadou Salif Mbengue,12,596,0,0.0312585094943642,0,0.1482696924358606,3,2,4,0,D S,Metz,0,0.0312585094943642,0.3518135976046324,0.2109690029174089,Ligue 1,2021-2022
9932,Nordine Kandil,5,70,0,0.0782926008105278,1,0.64130699634552,1,1,1,0,S,Strasbourg,0,0.0782926008105278,1.2663437919691205,0.546743799932301,Ligue 1,2021-2022
9941,Mitchell van Bergen,20,999,0,1.3029164960607886,0,1.082003403455019,12,18,1,0,F M S,Reims,0,1.3029164960607886,2.190461873076856,0.1247848710045218,Ligue 1,2021-2022
9961,Nuno Mendes,27,1643,0,0.2435906436294317,1,3.649094697088003,7,19,3,0,D S,Paris Saint Germain,0,0.2435906436294317,14.036128163337708,12.235313303768637,Ligue 1,2021-2022
9962,Sekou Oumar Yansane,1,15,0,0.0,0,0.0,0,0,0,0,S,Paris Saint Germain,0,0.0,0.0274529997259378,0.0274529997259378,Ligue 1,2021-2022
9972,Yanis Guermouche,3,9,0,0.0,0,0.0,0,0,0,0,S,Montpellier,0,0.0,0.0,0.0,Ligue 1,2021-2022
9973,Nicholas Gioacchini,28,441,0,1.499123604502529,2,0.6086071915924549,11,6,0,0,M S,Montpellier,0,1.499123604502529,2.1402967064641416,0.3236407022923231,Ligue 1,2021-2022
9974,Ignacio Ramírez,5,122,0,0.0508356001228094,0,0.0,2,0,0,0,F S,Saint-Etienne,0,0.0508356001228094,0.543923607096076,0.4930880069732666,Ligue 1,2021-2022
9977,Loum Tchaouna,10,71,0,0.5800759047269821,0,0.1854873076081276,2,2,0,0,S,Rennes,0,0.5800759047269821,0.8016724139451981,0.0706135034561157,Ligue 1,2021-2022
9981,Youssouph Badji,9,121,0,0.1815219931304454,0,0.016941599547863,2,1,0,0,F S,Brest,0,0.1815219931304454,0.2570855915546417,0.0755635984241962,Ligue 1,2021-2022
9990,Yannis M&#039;Bemba,2,4,0,0.048463799059391,0,0.0,2,0,0,0,S,Nantes,0,0.048463799059391,0.0,0.0,Ligue 1,2021-2022
10016,Bradley Barcola,11,242,0,0.6266350150108337,1,0.7348288930952549,5,6,0,0,M S,Lyon,0,0.6266350150108337,2.2382423682138324,0.935233405791223,Ligue 1,2021-2022
10040,Erik Palmer-Brown,21,1745,0,0.7692119181156158,0,0.0336047997698187,3,2,2,0,D S,Troyes,0,0.7692119181156158,2.53530247323215,2.520876480266452,Ligue 1,2021-2022
10041,Yasser Larouci,12,316,0,0.1015903018414974,0,0.05301149841398,3,3,1,0,D S,Troyes,0,0.1015903018414974,0.8568484457209706,0.7022474873811007,Ligue 1,2021-2022
10057,Felix Lemarechal,1,8,0,0.0,0,0.0,0,0,0,0,S,Monaco,0,0.0,0.0,0.0,Ligue 1,2021-2022
10058,Maghnes Akliouche,7,39,0,0.1324543990194797,0,0.0675562024116516,2,1,1,0,S,Monaco,0,0.1324543990194797,0.2000106014311313,0.0,Ligue 1,2021-2022
10064,El Hadji Dieye,5,23,0,0.0512963011860847,0,0.0,1,0,0,0,S,Saint-Etienne,0,0.0512963011860847,0.0512963011860847,0.0,Ligue 1,2021-2022
10099,Baptiste Mouazan,3,92,0,0.0293345991522073,0,0.0,1,0,0,0,M S,Lorient,0,0.0293345991522073,0.0826744008809328,0.0533398017287254,Ligue 1,2021-2022
10125,Ibrahima Baldé,4,48,0,0.0,0,0.0514696016907691,0,1,0,0,S,Lens,0,0.0,0.0514696016907691,0.0,Ligue 1,2021-2022
10131,Lucas Calodat,1,1,0,0.0,0,0.0,0,0,0,0,S,Saint-Etienne,0,0.0,0.0091364299878478,0.0091364299878478,Ligue 1,2021-2022
10133,Yadaly Diaby,5,58,0,0.1753137931227684,0,0.0,2,0,1,1,S,Clermont Foot,0,0.1753137931227684,0.3152360022068023,0.1399220004677772,Ligue 1,2021-2022
10151,Aboubacar Sidibe,1,5,0,0.0,0,0.0,0,0,0,0,S,Clermont Foot,0,0.0,0.0,0.0,Ligue 1,2021-2022
10194,Brayann Pereira,2,10,0,0.0,0,0.4896680116653442,0,1,0,0,S,Lens,0,0.0,0.4896680116653442,0.0,Ligue 1,2021-2022
10195,Ibrahim Diakité,1,3,0,0.0,0,0.0,0,0,0,0,S,Reims,0,0.0,0.0,0.0,Ligue 1,2021-2022
10196,Martin Adeline,8,342,0,0.3856329023838043,0,0.454095896333456,4,3,1,0,M S,Reims,0,0.3856329023838043,0.928864311426878,0.1495111025869846,Ligue 1,2021-2022
10256,Patrick Berg,14,280,0,0.058380901813507,0,0.0294808000326156,1,1,0,0,M S,Lens,0,0.058380901813507,1.074833721853793,1.045352921821177,Ligue 1,2021-2022
10258,Dogan Alemdar,12,1080,0,0.0,0,0.0,0,0,1,0,GK,Rennes,0,0.0,1.726861173287034,1.726861173287034,Ligue 1,2021-2022
10270,Lohann Doucet,2,2,0,0.0,0,0.0,0,0,0,0,S,Nantes,0,0.0,0.0922984033823013,0.0922984033823013,Ligue 1,2021-2022
10287,Mohamed Achi,1,8,0,0.0,0,0.0,0,0,0,0,S,Nantes,0,0.0,0.0151992002502083,0.0151992002502083,Ligue 1,2021-2022
10300,Jeanuël Belocian,1,9,0,0.0,0,0.0,0,0,0,0,S,Rennes,0,0.0,0.0,0.0,Ligue 1,2021-2022
10306,Jerome Phojo,1,4,0,0.0,0,0.0,0,0,0,0,S,Clermont Foot,0,0.0,0.0135786999017,0.0135786999017,Ligue 1,2021-2022
10307,Abdu Conté,17,1378,0,0.256513200700283,1,2.217445902526378,5,10,2,0,D M,Troyes,0,0.256513200700283,3.34494187310338,1.4111379012465477,Ligue 1,2021-2022
10309,Mamadou Camara,3,36,0,0.2042880058288574,0,0.0,1,0,0,0,S,Troyes,0,0.2042880058288574,0.2042880058288574,0.0,Ligue 1,2021-2022
10346,Bonke Innocent,12,883,0,0.1972210966050624,0,0.1120759006589651,3,4,4,0,M S,Lorient,0,0.1972210966050624,1.5173241943120956,1.3512149080634115,Ligue 1,2021-2022
10352,Johaneko Louis Jean,1,10,0,0.0,0,0.0,0,0,0,0,S,Bordeaux,0,0.0,0.0,0.0,Ligue 1,2021-2022
10353,Guédé Nadje,1,1,0,0.0,0,0.0,0,0,0,0,S,Angers,0,0.0,0.0,0.0,Ligue 1,2021-2022
10357,Tiago Ribeiro,1,1,0,0.0,0,0.0,0,0,0,0,S,Monaco,0,0.0,0.0,0.0,Ligue 1,2021-2022
10373,Falaye Sacko,9,665,0,0.0520952008664608,0,0.1041587982326746,1,2,0,0,D S,Saint-Etienne,0,0.0520952008664608,1.802985776215792,1.6467319764196873,Ligue 1,2021-2022
10386,Anel Ahmedhodzic,15,1350,0,0.4953960021957755,1,0.4944580104202032,8,11,6,0,D,Bordeaux,0,0.4953960021957755,2.6036438327282667,2.148199785500765,Ligue 1,2021-2022
10387,Danylo Ignatenko,11,683,0,0.2331746015697717,3,1.5058238925412295,12,13,3,1,M S,Bordeaux,0,0.2331746015697717,3.485932464711368,2.3868802217766643,Ligue 1,2021-2022
10389,Fali Candé,11,978,0,0.2329725008457899,2,1.4140779059380293,6,12,2,0,D M,Metz,0,0.2329725008457899,1.6062575057148931,1.2651605196297169,Ligue 1,2021-2022
10390,Ismaël Doukouré,1,16,0,0.0,0,0.0,0,0,0,0,S,Strasbourg,0,0.0,0.0,0.0,Ligue 1,2021-2022
10432,Thibault Klidje,5,66,0,0.0226601008325815,0,0.450801495462656,1,4,0,0,S,Bordeaux,0,0.0226601008325815,0.5333211943507195,0.0598602015525102,Ligue 1,2021-2022
10462,Marin Jakolis,10,217,0,0.947194505482912,0,0.1377682015299797,9,4,0,0,F S,Angers,0,0.947194505482912,1.130930095911026,0.1975767984986305,Ligue 1,2021-2022
10483,Eric N&#039;jo,2,95,0,0.0,0,0.0,0,0,0,0,S,Troyes,0,0.0,0.0,0.0,Ligue 1,2021-2022
10564,Leny Yoro,1,11,0,0.0,0,0.0,0,0,0,0,S,Lille,0,0.0,0.0,0.0,Ligue 1,2021-2022
10567,Djeidi Gassama,1,1,0,0.0,0,0.0,0,0,0,0,S,Paris Saint Germain,0,0.0,0.0,0.0,Ligue 1,2021-2022
10580,Samuel Koeberle,1,1,0,0.0,0,0.0,0,0,0,0,S,Reims,0,0.0,0.0,0.0,Ligue 1,2021-2022
10581,Junior Mwanga,1,90,0,0.0,0,0.0,0,0,0,0,D,Bordeaux,0,0.0,0.1349779963493347,0.1349779963493347,Ligue 1,2021-2022
