id,player_name,games,time,goals,xG,assists,xA,shots,key_passes,yellow_cards,red_cards,position,team_title,npg,npxG,xGChain,xGBuildup,league,season
1250,Mohamed Salah,38,3392,29,27.70626749098301,18,15.858334187418222,130,89,1,0,F M,Liverpool,20,20.855747912079096,48.53588879853487,16.20675839856267,Premier League,2024-2025
5232,Alexander Isak,34,2822,23,22.356988068670034,6,5.44870379474014,99,42,1,0,F,Newcastle United,19,19.312312599271536,26.209551103413105,3.579237926751375,Premier League,2024-2025
8260,Erling Haaland,31,2749,22,23.95459282770753,3,3.5812273556366563,109,29,2,0,F,Manchester City,19,20.90991743281484,22.845245644450188,3.5353690683841705,Premier League,2024-2025
4456,Chris Wood,36,3024,20,15.638655036687853,3,3.044111367315054,68,22,1,0,F S,Nottingham Forest,17,13.355148404836656,14.72016467526555,1.6692094188183546,Premier League,2024-2025
6552,Bryan Mbeumo,38,3419,20,13.63216146454215,7,10.376488702371716,86,70,3,0,D F M,Brentford,15,9.06514835730195,24.377113293856382,9.351834732107818,Premier League,2024-2025
5786,Yoane Wissa,35,2943,18,20.731059528887272,4,3.4494741149246693,90,28,5,0,F M S,Brentford,18,20.731059528887272,27.726778712123632,5.426989254541695,Premier League,2024-2025
8865,Ollie Watkins,38,2666,16,18.632458329200745,8,3.87640418484807,84,25,2,0,F S,Aston Villa,14,17.11012053489685,18.900541841983795,3.2909299470484257,Premier League,2024-2025
7080,Matheus Cunha,33,2617,15,8.446298986673355,6,7.411126339808106,110,56,4,0,F M S,Wolverhampton Wanderers,15,8.446298986673355,18.023087229579687,7.101435688324273,Premier League,2024-2025
8497,Cole Palmer,37,3228,15,15.77423645183444,8,12.95436640828848,126,87,7,0,M S,Chelsea,11,11.968392122536898,29.99983731843531,9.8022615686059,Premier League,2024-2025
5735,Jean-Philippe Mateta,37,2690,14,15.83262430690229,2,3.85278513841331,69,29,2,0,F S,Crystal Palace,12,14.31028657220304,18.602611111477017,3.6145096691325302,Premier League,2024-2025
11070,Jørgen Strand Larsen,35,2624,14,11.689683858305216,4,3.358626527711749,54,19,4,0,F S,Wolverhampton Wanderers,14,11.689683858305216,16.568026771768928,3.4464203380048275,Premier League,2024-2025
1776,Jarrod Bowen,34,2993,13,9.816103929653764,8,7.633318647742271,87,50,1,0,F M,West Ham,12,9.054935092106462,15.45670910179615,3.264575046487153,Premier League,2024-2025
10408,Luis Díaz,36,2433,13,12.3563298471272,5,6.245185255073011,71,56,2,0,F M S,Liverpool,13,12.3563298471272,27.060918375849724,10.240967989899218,Premier League,2024-2025
4105,Raúl Jiménez,38,2531,12,14.405358291231096,3,4.079181319102645,96,25,4,0,F S,Fulham,9,12.121851704083385,17.43132229242474,5.398588978685439,Premier League,2024-2025
6963,Justin Kluivert,34,2390,12,10.441609976813195,6,5.512896118685603,63,44,8,0,M S,Bournemouth,6,5.87459684535861,15.81588026881218,6.402966948226094,Premier League,2024-2025
8868,Liam Delap,37,2671,12,11.930982023477554,2,2.784454360604286,68,20,11,0,F S,Ipswich,10,10.40864434838295,14.707014501094818,3.1533351335674524,Premier League,2024-2025
9156,Kevin Schade,38,2332,11,9.467997699975967,2,3.714522727765143,55,23,3,0,F M S,Brentford,11,9.467997699975967,15.767545722424984,4.10542070120573,Premier League,2024-2025
10760,Brennan Johnson,33,2178,11,11.162618312984703,3,2.948688331991434,54,19,5,0,F M S,Tottenham,11,11.162618312984703,16.477571818977594,3.746892217546701,Premier League,2024-2025
11363,Antoine Semenyo,37,3219,11,14.549346312880516,5,6.608794005587697,126,46,9,0,F M S,Bournemouth,11,14.549346312880516,26.17976476252079,7.88416787609458,Premier League,2024-2025
501,Danny Welbeck,30,2152,10,10.45602908357978,4,2.076795544475317,59,23,4,0,F S,Brighton,9,9.694860246032476,15.517961982637644,5.872543508186936,Premier League,2024-2025
8272,João Pedro,27,1975,10,8.863604867830873,6,5.618519173935056,47,30,4,1,F M S,Brighton,5,5.0577606651932,15.910436924546955,7.6452163346111774,Premier League,2024-2025
10048,Nicolas Jackson,30,2294,10,13.8340708874166,5,3.47239719517529,76,28,7,1,F S,Chelsea,10,13.8340708874166,16.895098600536585,3.080276776105165,Premier League,2024-2025
10806,Kaoru Mitoma,36,2608,10,10.222694747149944,4,4.949204979464412,57,37,1,0,F M S,Brighton,10,10.222694747149944,21.407055608928204,8.427826434373856,Premier League,2024-2025
11296,Cody Gakpo,35,1970,10,8.601265830919147,4,6.257204940542579,57,38,5,0,F M S,Liverpool,10,8.601265830919147,22.09034220688045,8.677158913575113,Premier League,2024-2025
12963,Evanilson,31,2376,10,13.714270060881972,1,1.9151847725734117,73,25,1,1,F S,Bournemouth,10,12.953101200982928,15.386878173798324,2.785225234925747,Premier League,2024-2025
500,Alex Iwobi,38,3023,9,5.021547559648752,6,8.458939167670906,68,58,1,0,D F M S,Fulham,9,5.021547559648752,21.47882725391537,10.64560728892684,Premier League,2024-2025
755,Jamie Vardy,35,2890,9,12.219386659562588,4,3.737534761428833,58,19,5,0,F,Leicester,8,10.697048958390951,14.040310747921469,0.9949070662260056,Premier League,2024-2025
1679,Dominic Solanke,27,2220,9,12.416034620255232,3,2.4611449129879475,60,14,0,0,F S,Tottenham,8,11.65486578270793,16.30166282877326,4.277167193591595,Premier League,2024-2025
5220,Kai Havertz,23,1880,9,11.830620590597391,3,2.9488715566694736,53,17,5,0,F M S,Arsenal,9,11.830620590597391,16.01736629009247,4.696250442415476,Premier League,2024-2025
6681,Harvey Barnes,33,1740,9,7.695071091875434,4,4.351620296947658,63,24,0,0,F M S,Newcastle United,9,7.695071091875434,13.820457808673382,3.1923213340342045,Premier League,2024-2025
6818,James Maddison,31,1851,9,5.8936047330498695,7,6.016693122684956,39,42,6,0,M S,Tottenham,9,5.8936047330498695,15.656851299107077,7.841132877394557,Premier League,2024-2025
8288,Tomas Soucek,35,2586,9,8.068854354321957,1,0.947371281683445,55,14,8,0,M S,West Ham,9,8.068854354321957,13.590047078207135,5.360286621376872,Premier League,2024-2025
9307,Iliman Ndiaye,33,2478,9,7.094870626926422,0,1.9087076298892496,37,18,3,0,F M S,Everton,7,5.572532966732979,11.509084429591894,5.190615847706795,Premier League,2024-2025
1228,Bruno Fernandes,36,3034,8,9.887796703726051,10,10.227527445182204,96,92,3,2,F M S,Manchester United,5,7.604290317744017,24.228133594617248,13.64469823986292,Premier League,2024-2025
5675,Ismaila Sarr,38,2738,8,12.308559328317642,6,10.056549122557044,59,44,4,0,F M S,Crystal Palace,8,12.308559328317642,24.235270714387298,7.31391823105514,Premier League,2024-2025
6063,Jacob Murphy,35,2443,8,6.590988090261817,11,9.341311557218432,43,41,4,0,D F M S,Newcastle United,8,6.590988090261817,18.842034708708525,4.910585891455412,Premier League,2024-2025
7698,Leandro Trossard,38,2569,8,8.742100939154625,7,7.04339361935854,72,43,2,1,F M S,Arsenal,8,8.742100939154625,18.95159810781479,7.050739685073495,Premier League,2024-2025
7752,Gabriel Martinelli,33,2310,8,9.213460259139538,4,5.264152456074953,56,40,1,0,F M S,Arsenal,8,9.213460259139538,16.827736772596836,4.392328556627035,Premier League,2024-2025
8127,Amad Diallo Traore,26,1887,8,4.74583822209388,6,4.755917379632592,47,49,5,0,D F M S,Manchester United,8,4.74583822209388,12.264865227043629,5.410414909943938,Premier League,2024-2025
8706,Eberechi Eze,34,2635,8,9.876954596489668,8,7.019554221071303,102,58,1,0,F M S,Crystal Palace,7,8.354616891592741,18.762924566864967,8.675655025988817,Premier League,2024-2025
9983,Beto,30,1520,8,9.26681118644774,0,1.3863521181046965,49,12,2,0,F S,Everton,8,9.26681118644774,8.315516548231244,1.1153167895972729,Premier League,2024-2025
10717,Rodrigo Muniz,31,922,8,6.838322004303336,1,0.7810081988573074,40,7,1,0,F S,Fulham,8,6.838322004303336,7.69332305714488,1.791342383250594,Premier League,2024-2025
12412,Morgan Rogers,37,3191,8,8.216648440808058,10,8.145913934335113,55,51,10,0,F M,Aston Villa,8,8.216648440808058,21.380799420177937,8.901325047016144,Premier League,2024-2025
453,Son Heung-Min,30,2135,7,7.906742995604873,9,9.04414401575923,57,51,1,0,F M S,Tottenham,6,6.384405327960849,18.78970428556204,6.860619023442268,Premier League,2024-2025
5304,Mikel Merino,28,1578,7,6.865131866186857,2,2.1651013009250164,38,17,2,1,F M S,Arsenal,7,6.865131866186857,11.007616562768815,5.772648703306913,Premier League,2024-2025
6055,Phil Foden,28,1770,7,6.184084575623274,2,5.382284659892321,54,44,2,0,F M S,Manchester City,7,6.184084575623274,13.734636969864368,5.446543112397194,Premier League,2024-2025
6691,Dejan Kulusevski,32,2391,7,5.52329240180552,4,6.502650566399097,47,64,3,0,F M S,Tottenham,7,5.52329240180552,16.012717846781015,5.773293157108128,Premier League,2024-2025
6857,Morgan Gibbs-White,34,2868,7,6.140304567292333,8,6.105838568881154,61,51,9,1,M,Nottingham Forest,7,6.140304567292333,17.928511697798967,10.13072724826634,Premier League,2024-2025
8393,Omar Marmoush,16,1195,7,5.649778325110674,0,2.676836894825101,49,15,0,0,F M S,Manchester City,7,5.649778325110674,9.663014598190784,2.601844636723399,Premier League,2024-2025
9662,Dango Ouattara,32,2013,7,10.9336802624166,4,5.989504734054208,62,35,3,0,F M S,Bournemouth,7,10.9336802624166,18.47662752587348,4.439398280344904,Premier League,2024-2025
11357,Noni Madueke,32,2113,7,11.862219285219908,3,3.1217017397284508,80,33,3,0,D M S,Chelsea,7,11.862219285219908,18.66834883764386,6.725336389616132,Premier League,2024-2025
11366,Jhon Durán,20,563,7,5.099582154303789,0,0.2346634343266487,31,4,3,1,F S,Aston Villa,7,5.099582154303789,5.687583016231656,1.4234060682356358,Premier League,2024-2025
556,Marcus Rashford,25,1435,6,4.986043129116297,3,4.728895880281925,35,27,2,0,F M S,"Aston Villa,Manchester United",5,4.22487423196435,10.02566921338439,3.5098787005990744,Premier League,2024-2025
2254,Mateo Kovacic,31,2220,6,1.806072806939483,2,3.685476559214294,45,33,5,1,M S,Manchester City,6,1.806072806939483,16.83304774388671,13.353065870702268,Premier League,2024-2025
5596,Harry Wilson,25,1150,6,3.605708472430706,1,1.4601951194927096,43,20,2,0,F M S,Fulham,6,3.605708472430706,6.673274612054229,2.516816926188767,Premier League,2024-2025
6854,Diogo Jota,26,1188,6,10.20619698613882,3,1.852303085848689,51,11,2,0,F S,Liverpool,6,10.20619698613882,13.053022043779492,3.036761373281479,Premier League,2024-2025
7230,Emile Smith-Rowe,34,2101,6,5.261677466332912,3,2.434781737625599,37,24,3,0,M S,Fulham,6,5.261677466332912,12.505846868269144,6.85691377799958,Premier League,2024-2025
7322,Bukayo Saka,25,1763,6,8.94342190399766,10,11.583731275051832,67,58,3,0,F M S,Arsenal,5,8.182253051549196,16.460995193570852,6.0235540214926,Premier League,2024-2025
8150,Anthony Gordon,34,2474,6,9.196510776877403,5,4.824591662734747,59,51,2,0,F M S,Newcastle United,5,7.674173064529896,15.255516607314348,6.296648159623146,Premier League,2024-2025
9524,Anthony Elanga,38,2549,6,5.92288132570684,11,6.605899995192885,44,50,1,0,F M S,Nottingham Forest,6,5.92288132570684,12.84948781132698,4.026209270581603,Premier League,2024-2025
9788,Dominik Szoboszlai,36,2519,6,7.00856670551002,6,7.858418172225356,68,57,6,0,F M S,Liverpool,6,7.00856670551002,27.468164574354887,15.59493687003851,Premier League,2024-2025
10552,Alejandro Garnacho,36,2176,6,9.43980634957552,2,3.4675094597041607,84,38,3,0,F M S,Manchester United,6,9.43980634957552,16.76700660586357,5.79347936809063,Premier League,2024-2025
11356,Enzo Fernández,36,2941,6,6.133216487243772,7,7.737509123980999,53,77,8,0,M S,Chelsea,6,6.133216487243772,20.848417054861784,10.725481959059834,Premier League,2024-2025
12759,Yankuba Minteh,32,1832,6,5.669837724417448,4,4.871835011057556,34,28,6,0,D M S,Brighton,6,5.669837724417448,14.345422247424722,4.895437384024262,Premier League,2024-2025
672,Jordan Ayew,31,1688,5,4.341383438557386,0,1.9064311189576983,33,17,6,0,F M S,"Crystal Palace,Leicester",4,3.580214601010084,5.810580421239138,2.694857061840594,Premier League,2024-2025
6174,Nikola Milenkovic,37,3330,5,4.571180831640959,2,1.043909177184105,29,9,4,0,D,Nottingham Forest,5,4.571180831640959,5.973378486931324,4.907668113708496,Premier League,2024-2025
6456,Callum Hudson-Odoi,31,2221,5,2.5114910937845707,2,2.9465562608093023,37,44,2,0,F M S,Nottingham Forest,5,2.5114910937845707,11.848760638386011,8.000117145478725,Premier League,2024-2025
6937,Georginio Rutter,28,1679,5,5.6770595367997885,3,3.1324470546096563,50,19,2,0,F M S,Brighton,5,5.6770595367997885,10.18418968655169,2.795816533267498,Premier League,2024-2025
7083,Christian Nørgaard,34,2870,5,5.773721532896161,4,1.9166031386703253,39,18,8,1,M,Brentford,5,5.773721532896161,14.599624687805772,11.122066244482994,Premier League,2024-2025
7134,Marc Cucurella,36,3006,5,3.161697162315249,1,1.8079495672136543,24,19,8,1,D S,Chelsea,5,3.161697162315249,15.487519605085254,12.07672212831676,Premier League,2024-2025
8327,Bruno Guimarães,38,3321,5,4.702356463298202,6,6.579319527372718,45,52,7,0,M,Newcastle United,5,4.702356463298202,20.815922878682613,14.020939897745848,Premier League,2024-2025
8379,Alexis Mac Allister,35,2621,5,3.568436846137047,5,4.891626043245196,38,45,6,0,M S,Liverpool,5,3.568436846137047,23.3634732440114,19.07193909212947,Premier League,2024-2025
9790,Josko Gvardiol,37,3277,5,4.607429768890142,0,2.0648905243724585,40,26,2,0,D S,Manchester City,5,4.607429768890142,22.93838313966989,18.74818231165409,Premier League,2024-2025
10720,Darwin Núñez,30,1072,5,6.912255180999637,2,1.7422378864139318,34,11,8,0,F S,Liverpool,5,6.912255180999637,11.696636958047748,3.613157507032156,Premier League,2024-2025
11269,Jack Hinshelwood,26,1857,5,3.2537715872749686,2,1.4211199935525656,18,16,5,0,D F M S,Brighton,5,3.2537715872749686,9.028865553438663,7.109155820682645,Premier League,2024-2025
11362,Facundo Buonanotte,31,1498,5,4.3609558045864105,2,3.352718798443675,36,25,8,0,F M S,Leicester,5,4.3609558045864105,7.7602359261363745,3.0961448941379786,Premier League,2024-2025
12027,Mohammed Kudus,32,2634,5,7.222215499728918,3,3.730667127296329,75,32,2,1,F M S,West Ham,5,7.222215499728918,15.979954302310944,6.224050734192133,Premier League,2024-2025
76,Fabian Schär,34,2938,4,4.203412067145109,0,0.3913493175059557,40,5,9,1,D S,Newcastle United,4,4.203412067145109,9.683145336806774,8.512181639671326,Premier League,2024-2025
87,Joelinton,29,2435,4,4.270817156881094,3,2.4919691011309624,45,23,10,0,F M,Newcastle United,4,4.270817156881094,16.40742952376604,11.303140779957175,Premier League,2024-2025
447,Kevin De Bruyne,28,1706,4,5.544451447203755,7,8.934372447431087,57,57,2,0,F M S,Manchester City,4,5.544451447203755,18.807611417025328,8.703332384116948,Premier League,2024-2025
2328,Thomas Partey,35,2810,4,2.3900655396282677,2,2.580821704119444,26,20,4,0,D M S,Arsenal,4,2.3900655396282677,16.352560142055154,14.675600433722138,Premier League,2024-2025
3635,Bernardo Silva,33,2660,4,4.793662561103702,4,4.999884040094912,32,53,7,0,M S,Manchester City,4,4.793662561103702,19.424771897494796,13.0239042006433,Premier League,2024-2025
5553,Declan Rice,35,2848,4,3.6269928105175495,7,9.060594327747822,48,59,5,1,M S,Arsenal,4,3.6269928105175495,17.24022226035595,10.361034391447902,Premier League,2024-2025
6026,Richarlison,15,471,4,4.302900910377502,1,0.8242609575390816,17,4,2,0,F S,Tottenham,4,4.302900910377502,3.5217423737049103,0.0788037851452827,Premier League,2024-2025
6382,Pedro Neto,35,2238,4,4.4209474716335535,6,6.566428407095373,59,46,8,0,D F M S,Chelsea,4,4.4209474716335535,14.425639379769564,6.602393293753266,Premier League,2024-2025
6674,Rayan Ait Nouri,37,3180,4,3.612480252981186,7,5.460978699848056,36,46,6,0,D M,Wolverhampton Wanderers,4,3.612480252981186,13.966621531173589,7.902021802961826,Premier League,2024-2025
6756,Dwight McNeil,21,1374,4,1.512261677533388,6,6.039635524619371,24,37,1,0,M S,Everton,4,1.512261677533388,8.58305960521102,3.5590311624109745,Premier League,2024-2025
6837,Ryan Sessegnon,16,576,4,2.481840554624796,2,1.3141173049807549,14,12,1,0,D M S,Fulham,4,2.481840554624796,5.214323297142983,1.8583442494273184,Premier League,2024-2025
7365,Lucas Paquetá,33,2398,4,5.13420026563108,0,2.733525102958083,41,36,9,0,F M S,West Ham,2,3.611862605437637,10.565001223236322,5.704350307583809,Premier League,2024-2025
7484,Stephy Mavididi,30,1586,4,3.392247362062335,1,2.583603762090206,26,22,2,0,M S,Leicester,4,3.392247362062335,9.100224314257504,5.081808265298605,Premier League,2024-2025
7958,Sandro Tonali,36,2619,4,4.238380494527519,2,2.1789364712312818,35,28,5,0,M S,Newcastle United,4,4.238380494527519,15.48093932121992,11.201060734689236,Premier League,2024-2025
11055,Rasmus Højlund,32,2032,4,5.865164168179035,0,2.1415039356797934,32,16,2,0,F S,Manchester United,4,5.865164168179035,8.606904566287994,2.4272238351404667,Premier League,2024-2025
11132,Ethan Nwaneri,26,883,4,1.7757814601063728,2,1.1617773352190852,24,16,1,0,F M S,Arsenal,4,1.7757814601063728,4.733230505138636,2.751387098804116,Premier League,2024-2025
11360,Paul Onuachu,25,1015,4,4.886736177839339,1,0.5158860571682453,34,8,4,0,F S,Southampton,4,4.886736177839339,5.4832437094300985,0.93475522659719,Premier League,2024-2025
12408,Daniel Muñoz,37,3237,4,5.791526351124048,5,5.942459639161825,37,45,10,0,D,Crystal Palace,4,5.791526351124048,17.36301911622286,7.908812275156379,Premier League,2024-2025
12752,Sammie Szmodics,20,1025,4,4.5141482055187225,0,0.1944524906575679,21,5,2,0,M S,Ipswich,4,4.5141482055187225,5.369531828910112,0.7284961454570293,Premier League,2024-2025
592,Ross Barkley,20,507,3,2.1608064183965325,1,0.9665419245138764,16,9,3,0,M S,Aston Villa,3,2.1608064183965325,4.782155349850655,3.26616295427084,Premier League,2024-2025
833,Virgil van Dijk,37,3330,3,2.821447281166911,1,1.2135552121326327,26,12,5,0,D,Liverpool,3,2.821447281166911,22.29557890444994,21.51737556606531,Premier League,2024-2025
1653,Michael Keane,14,1043,3,1.126571523025632,0,0.1236345618963241,10,1,5,0,D S,Everton,3,1.126571523025632,1.2807953245937824,1.2518547140061855,Premier League,2024-2025
1726,Abdoulaye Doucouré,33,2619,3,4.050999755039811,2,2.317836028058082,31,27,3,1,M S,Everton,3,4.050999755039811,9.89785410836339,4.922197850421071,Premier League,2024-2025
1791,Trent Alexander-Arnold,33,2405,3,1.89413627050817,6,8.056737272068858,45,52,5,0,D S,Liverpool,3,1.89413627050817,20.09090856090188,13.782187223434448,Premier League,2024-2025
2117,Marco Asensio,13,751,3,4.556249689310789,1,1.264389220625162,24,16,2,0,M S,Aston Villa,3,3.0339119844138622,4.525235092267394,2.188563382253051,Premier League,2024-2025
2199,Pablo Sarabia,23,788,3,2.177397783845663,2,1.962121868506074,17,15,2,0,M S,Wolverhampton Wanderers,3,2.177397783845663,5.338883318006992,1.8083363715559244,Premier League,2024-2025
2517,Martin Odegaard,30,2343,3,5.635795846581459,8,7.852103857323527,49,63,4,0,M S,Arsenal,2,4.874626979231834,19.575034234672785,11.76090756803751,Premier League,2024-2025
3300,Christopher Nkunku,27,878,3,5.027925219386816,2,2.0136311538517475,25,14,2,0,F M S,Chelsea,3,5.027925219386816,6.769540551118553,1.954516883008182,Premier League,2024-2025
5543,Gabriel Jesus,17,581,3,3.375023730099201,0,0.5535630472004414,20,8,4,0,F S,Arsenal,3,3.375023730099201,4.954094588756561,2.0514997951686382,Premier League,2024-2025
5555,Dominic Calvert-Lewin,26,1625,3,8.584493719041348,1,0.7406498864293098,50,7,2,0,F S,Everton,3,8.584493719041348,7.679076200351119,1.292787717655301,Premier League,2024-2025
5613,Gabriel,28,2376,3,4.300341751426458,1,1.2210565768182278,22,13,4,0,D,Arsenal,3,4.300341751426458,11.277788810431955,10.166896805167198,Premier League,2024-2025
5956,Youri Tielemans,36,3049,3,3.709774609655142,7,8.044237377122045,41,60,4,0,M S,Aston Villa,3,2.94860577210784,21.22876513004303,16.205695185810328,Premier League,2024-2025
6098,Niclas Füllkrug,18,775,3,2.1643357016146183,2,2.0831744708120823,16,14,2,0,F S,West Ham,3,2.1643357016146183,4.39640324562788,2.0444552544504404,Premier League,2024-2025
6345,Jadon Sancho,31,1760,3,2.4174315705895424,4,4.314331844449043,24,39,2,0,M S,Chelsea,3,2.4174315705895424,10.85904686525464,5.599680565297604,Premier League,2024-2025
6482,Eddie Nketiah,29,984,3,7.15336112678051,1,1.3858313784003258,43,13,4,1,F M S,Crystal Palace,3,7.15336112678051,9.502782799303532,2.1897604260593653,Premier League,2024-2025
6615,Trevoh Chalobah,25,1983,3,2.548438237980008,1,2.151971971616149,18,8,3,0,D S,"Chelsea,Crystal Palace",3,2.548438237980008,6.1127273216843605,5.525809340178967,Premier League,2024-2025
6665,Curtis Jones,33,1719,3,4.570292007178068,3,1.7505743531510234,34,22,1,1,D F M S,Liverpool,3,4.570292007178068,12.458385687321424,7.695024929009378,Premier League,2024-2025
7603,Marc Guehi,34,3060,3,2.960845593363046,2,2.1349100805819035,15,16,7,1,D M,Crystal Palace,3,2.960845593363046,8.626218263059855,7.739544311538339,Premier League,2024-2025
8044,Joshua Zirkzee,32,1378,3,5.218384485691786,1,2.009757675230503,28,12,2,0,F M S,Manchester United,3,5.218384485691786,9.033301264047624,2.963567115366459,Premier League,2024-2025
8563,George Hirst,26,609,3,2.7488116063177586,1,0.403658552095294,14,4,3,0,F S,Ipswich,3,2.7488116063177586,4.23221287317574,1.2429697029292583,Premier League,2024-2025
8981,Jéremy Doku,29,1518,3,1.8944458104670048,6,4.646427006460726,29,32,1,0,F M S,Manchester City,3,1.8944458104670048,10.565225437283516,5.700677646324039,Premier League,2024-2025
9021,Pape Sarr,36,1913,3,3.994037317112088,2,2.015070780180394,34,16,6,0,M S,Tottenham,3,3.994037317112088,11.247560657560824,7.256752958521247,Premier League,2024-2025
9667,Amadou Onana,26,1650,3,2.5780120696872477,0,0.6834856616333127,17,10,4,0,M S,Aston Villa,3,2.5780120696872477,9.019286430440845,8.535910098813474,Premier League,2024-2025
9749,Donyell Malen,14,265,3,3.0199847873300314,0,0.1801445484161377,15,3,0,0,M S,Aston Villa,3,3.0199847873300314,3.2656293623149395,0.1195217333734035,Premier League,2024-2025
10126,James McAtee,15,341,3,2.566829100251198,0,0.8544101417064667,12,3,1,0,M S,Manchester City,3,2.566829100251198,3.394278069958091,0.7336818743497133,Premier League,2024-2025
10348,Omari Hutchinson,31,2620,3,3.5237994957715277,2,3.373567247763276,45,31,5,0,M S,Ipswich,3,3.5237994957715277,10.518985860049725,4.673843790777028,Premier League,2024-2025
10527,Carlos Baleba,34,2717,3,2.8824724731966853,1,1.6279380414634943,44,21,6,1,D M S,Brighton,3,2.8824724731966853,16.692094990052283,13.26410525292158,Premier League,2024-2025
10741,Marcus Tavernier,29,1930,3,6.411486806347966,5,5.201899139210582,57,43,6,0,M S,Bournemouth,3,6.411486806347966,16.51350423321128,8.325464472174644,Premier League,2024-2025
10766,Joe Ayodele-Aribo,32,2019,3,2.926058968529105,0,1.7567494381219149,17,16,1,0,D M S,Southampton,3,2.926058968529105,6.906115759164095,3.7257509492337695,Premier League,2024-2025
11384,João Gomes,36,3034,3,2.872034505009651,1,1.199560061097145,35,22,9,1,M S,Wolverhampton Wanderers,3,2.872034505009651,13.400589838624,10.574760969728231,Premier League,2024-2025
11943,Dean Huijsen,32,2403,3,1.5728872679173946,2,2.331902604550123,17,15,10,0,D S,Bournemouth,3,1.5728872679173946,11.550221702083943,10.0397496689111,Premier League,2024-2025
12766,Jota Silva,31,799,3,2.7386593613773584,1,3.355119312182069,23,14,5,0,M S,Nottingham Forest,3,2.7386593613773584,4.373035242781043,0.8781488863751292,Premier League,2024-2025
586,John Stones,11,539,2,0.6664973199367523,0,0.0837758481502533,2,2,1,0,D S,Manchester City,2,0.6664973199367523,2.6725111044943333,2.6725111044943333,Premier League,2024-2025
725,Ola Aina,35,3020,2,0.4608655953779816,1,2.045018967241049,11,16,5,0,D M,Nottingham Forest,2,0.4608655953779816,10.08774260431528,8.546997111290693,Premier League,2024-2025
900,Adama Traoré,36,1761,2,5.658592768013477,7,6.4245162177830935,39,43,2,0,F M S,Fulham,2,5.658592768013477,15.521256847307086,5.082236568443477,Premier League,2024-2025
922,Andreas Pereira,33,2063,2,4.448508242145181,4,5.718298438005149,39,57,7,0,M S,Fulham,2,3.68733941949904,12.638287663459778,7.434910722076893,Premier League,2024-2025
1245,Emerson,31,2167,2,2.1318588722497225,1,1.2129619792103767,16,17,5,0,D M S,West Ham,2,2.1318588722497225,6.630555816926062,3.9276301879435778,Premier League,2024-2025
4419,Adam Armstrong,20,1282,2,3.93346855416894,2,2.005434782244265,26,9,4,0,F M S,Southampton,2,3.1722997166216373,6.038746699690819,1.9466782938688996,Premier League,2024-2025
5584,Aaron Wan-Bissaka,36,3156,2,1.3520639296621084,5,4.088755523785949,16,33,1,0,D M S,West Ham,2,1.3520639296621084,12.051966872997582,8.27124732080847,Premier League,2024-2025
5609,Yves Bissouma,28,1404,2,0.4450572794303298,0,0.292962247505784,11,6,7,0,M S,Tottenham,2,0.4450572794303298,5.60918369051069,5.173720224760473,Premier League,2024-2025
5682,Gonçalo Guedes,29,968,2,3.3298932649195194,4,1.434443952515721,27,14,1,0,F M S,Wolverhampton Wanderers,2,3.3298932649195194,5.649957980960608,1.7406257223337889,Premier League,2024-2025
6042,Jan Bednarek,30,2538,2,1.0302477153018117,0,0.3539321832358837,5,5,7,0,D,Southampton,2,1.0302477153018117,6.619636853225529,6.190516717731953,Premier League,2024-2025
6108,Rodrigo Bentancur,26,1674,2,1.3008952122181654,0,0.3507859818637371,22,9,9,0,M S,Tottenham,2,1.3008952122181654,8.430497603490949,7.863584054633975,Premier League,2024-2025
6219,Enes Ünal,17,292,2,2.016992896795273,1,0.545154508203268,19,4,2,0,F S,Bournemouth,2,2.016992896795273,2.6258721854537725,0.9348652940243484,Premier League,2024-2025
6820,David Brooks,29,937,2,2.8713680896908045,0,1.7746479772031307,25,19,3,0,M S,Bournemouth,2,2.8713680896908045,6.463442295789719,3.160865820944309,Premier League,2024-2025
6835,Tom Cairney,25,568,2,0.7964487187564373,0,1.6266533425077796,11,10,3,1,M S,Fulham,2,0.7964487187564373,6.079954030923545,5.425033033825457,Premier League,2024-2025
6852,Matt Doherty,30,2140,2,1.576674222946167,1,1.7241646945476532,10,12,6,0,D S,Wolverhampton Wanderers,2,1.576674222946167,8.057520560920238,6.344307072460651,Premier League,2024-2025
6888,William Saliba,35,3044,2,3.196498431265354,0,0.7513726502656937,6,7,2,1,D,Arsenal,2,3.196498431265354,14.34530510380864,14.299853567034006,Premier League,2024-2025
6912,Pedro Porro,33,2611,2,1.8372661639004944,6,6.575961069203913,39,57,5,0,D S,Tottenham,2,1.8372661639004944,15.45052813179791,12.003311963751912,Premier League,2024-2025
7726,Ezri Konsa Ngoyo,34,2934,2,1.103471640497446,0,0.4107247851788997,11,6,1,0,D S,Aston Villa,2,1.103471640497446,9.736158462241292,9.216016562655568,Premier League,2024-2025
7753,James Justin,36,2937,2,2.046646734699607,2,0.9606930930167435,25,15,6,0,D S,Leicester,2,2.046646734699607,6.922428992576897,5.915292138233781,Premier League,2024-2025
7762,Jean-Ricner Bellegarde,35,1693,2,1.7939026495441794,7,4.052603563293815,22,26,3,0,M S,Wolverhampton Wanderers,2,1.7939026495441794,9.27028871141374,4.406124430708587,Premier League,2024-2025
7902,Matthijs de Ligt,29,2141,2,2.871978895738721,0,0.281110018491745,18,6,3,0,D S,Manchester United,2,2.871978895738721,5.249729173257947,4.991321381181479,Premier League,2024-2025
7908,Marshall Munetsi,14,1076,2,2.8331323377788067,1,1.988670129328966,22,9,0,0,F M S,Wolverhampton Wanderers,2,2.8331323377788067,5.903076875954866,1.3661639597266912,Premier League,2024-2025
8129,Riccardo Calafiori,19,986,2,0.7747622476890683,1,0.4056127071380615,10,6,4,0,D S,Arsenal,2,0.7747622476890683,4.117603804916143,3.7665633261203766,Premier League,2024-2025
8226,Tariq Lamptey,15,870,2,0.3391416240483522,2,0.8965721465647221,6,5,0,0,D M S,Brighton,2,0.3391416240483522,2.2554087787866592,1.4430722370743752,Premier League,2024-2025
8845,Hee-Chan Hwang,21,623,2,0.7990479003638029,0,0.2850785907357931,5,3,0,0,F M S,Wolverhampton Wanderers,2,0.7990479003638029,2.01325161755085,0.9641339294612408,Premier League,2024-2025
8859,Mikkel Damsgaard,38,2978,2,3.476722192019224,9,9.246257283724844,35,63,2,0,F M S,Brentford,2,3.476722192019224,19.425128288567063,11.846998741850255,Premier League,2024-2025
9154,Elliot Anderson,37,2773,2,2.230010911822319,6,4.1257980996742845,40,37,10,0,M S,Nottingham Forest,2,2.230010911822319,9.88364265859127,6.357638165354729,Premier League,2024-2025
9406,Nathan Broadhead,18,677,2,1.828265825286508,0,0.8385746516287327,13,7,1,0,M S,Ipswich,2,1.828265825286508,4.232192199677229,2.159004925750196,Premier League,2024-2025
9415,Jaden Philogene-Bidace,21,786,2,2.795140001922846,0,0.3331893943250179,19,6,3,1,D M S,"Aston Villa,Ipswich",2,2.795140001922846,3.0547380689531565,1.6042765881866217,Premier League,2024-2025
9501,Fabio Carvalho,19,399,2,2.3463018126785755,1,0.6756551787257195,12,4,1,0,F M S,Brentford,2,2.3463018126785755,4.785842690616846,1.763885661959648,Premier League,2024-2025
9678,Ethan Pinnock,22,1912,2,0.9376051723957062,0,1.5102842152118685,10,8,2,0,D S,Brentford,2,0.9376051723957062,8.141121708787978,7.110404069535434,Premier League,2024-2025
9733,Nathan Collins,38,3420,2,2.6544005731120706,3,1.9733586199581623,17,9,5,0,D,Brentford,2,2.6544005731120706,10.904047696851194,10.050747162662446,Premier League,2024-2025
9780,Mathys Tel,13,920,2,2.799501243978739,1,2.507141198962927,23,14,2,0,F S,Tottenham,1,2.0383324064314365,5.105695888400078,1.6562889069318771,Premier League,2024-2025
9912,Cameron Archer,35,1409,2,6.92764007486403,0,0.4734852155670523,29,6,0,0,F S,Southampton,2,6.166471207514405,7.4672291576862335,1.9211225835606456,Premier League,2024-2025
10586,Tyler Dibling,33,1860,2,3.091769566759467,0,1.979686425998807,28,20,6,0,F M S,Southampton,2,3.091769566759467,8.59219616651535,4.698215810582042,Premier League,2024-2025
10744,Ryan Christie,29,2150,2,1.625680811703205,3,3.819417158141732,33,42,9,0,M S,Bournemouth,2,1.625680811703205,9.731656536459925,6.203945886343718,Premier League,2024-2025
10802,Lisandro Martínez,20,1762,2,1.686713680624962,1,1.357606129720807,17,9,7,0,D,Manchester United,2,1.686713680624962,9.6391548961401,8.233198188245296,Premier League,2024-2025
10805,Levi Colwill,35,3150,2,2.4856121446937323,1,1.066227382980287,17,12,9,0,D,Chelsea,2,2.4856121446937323,15.162668526172638,13.843638241291046,Premier League,2024-2025
11003,Ryan Yates,35,1883,2,2.863330416381359,1,1.0837957467883823,33,19,10,0,M S,Nottingham Forest,2,2.863330416381359,6.05943701043725,4.180756267160177,Premier League,2024-2025
11058,Julio Enciso,25,1168,2,2.7400452066212893,3,2.227620951831341,52,18,3,0,M S,"Brighton,Ipswich",2,2.7400452066212893,6.231109814718366,2.7869491232559085,Premier League,2024-2025
11297,Carlos Alcaraz,16,753,2,1.660201769322157,3,2.288683351129293,27,14,4,0,M S,"Everton,Southampton",2,1.660201769322157,3.914981357753277,0.6430606916546822,Premier League,2024-2025
11385,Yasin Ayari,34,1977,2,2.234291661530733,1,3.114554302766919,28,28,3,0,M S,Brighton,2,2.234291661530733,10.207828298211098,7.504959750920534,Premier League,2024-2025
11592,Nico O&#039;Reilly,9,526,2,1.0966674238443377,0,0.2605451494455337,8,4,0,0,D S,Manchester City,2,1.0966674238443377,2.752536509186029,1.6519679110497236,Premier League,2024-2025
11709,Milos Kerkez,38,3359,2,0.7433816641569138,5,4.914374724030495,19,35,4,0,D,Bournemouth,2,0.7433816641569138,13.390899841673672,9.968997127376497,Premier League,2024-2025
11710,Simon Adingra,29,1081,2,3.1380675714463,2,2.066323732957244,34,16,0,0,D M S,Brighton,2,3.1380675714463,5.763067487627268,2.168390834704041,Premier League,2024-2025
12014,Jake O&#039;Brien,20,1561,2,1.219971727579832,0,0.6676564291119576,6,6,5,0,D S,Everton,2,1.219971727579832,4.743709594011307,3.924726217985153,Premier League,2024-2025
12123,Murillo,36,3199,2,1.9497453132644296,0,1.3909434340894222,25,12,6,0,D,Nottingham Forest,2,1.9497453132644296,5.36951514147222,4.55442807264626,Premier League,2024-2025
12756,Rodrigo Gomes,25,756,2,0.6804056065157056,0,0.979415087029338,7,12,0,0,D M S,Wolverhampton Wanderers,2,0.6804056065157056,1.9415704039856791,0.3165671061724424,Premier League,2024-2025
12948,Mateus Fernandes,36,2964,2,5.0105931609869,4,3.847336508333683,42,34,8,0,F M S,Southampton,2,5.0105931609869,12.354681935161352,6.976256597787142,Premier League,2024-2025
13020,Bilal El Khannouss,32,2242,2,1.4420042671263218,3,4.914181550964713,30,42,4,0,M S,Leicester,2,1.4420042671263218,7.097214490175247,3.5222754068672657,Premier League,2024-2025
13206,Matt O&#039;Riley,21,934,2,3.061050277203321,2,2.4148010704666376,22,21,1,0,M S,Brighton,1,2.299881439656019,6.484979265369475,2.8589688697829843,Premier League,2024-2025
314,Ilkay Gündogan,33,2231,1,3.426698351278901,6,3.667873060330749,27,42,1,0,M S,Manchester City,1,3.426698351278901,19.306594289839268,14.603720467537642,Premier League,2024-2025
531,Michail Antonio,14,859,1,2.99339403398335,1,1.598572283051908,19,9,1,0,F S,West Ham,1,2.99339403398335,5.190587151795626,1.7512829042971134,Premier League,2024-2025
631,Ashley Young,32,1824,1,0.2522744350135326,3,2.9377346560359,6,26,7,1,D S,Everton,1,0.2522744350135326,4.867778211832047,3.145018443465233,Premier League,2024-2025
646,Christian Eriksen,23,1043,1,1.3317703362554312,2,3.2394327828660607,15,29,4,0,M S,Manchester United,0,0.5706015210598707,7.565414318814874,6.649325430393219,Premier League,2024-2025
675,Jack Grealish,20,689,1,1.2711530942469835,1,1.9155478971078992,15,24,3,0,M S,Manchester City,1,1.2711530942469835,6.737229811958969,4.150039034895599,Premier League,2024-2025
782,Ben Chilwell,8,239,1,0.2562433071434498,0,0.8998954109847546,5,5,1,0,D S,Crystal Palace,1,0.2562433071434498,1.1016745641827583,0.7247382774949074,Premier League,2024-2025
843,James Ward-Prowse,24,1449,1,1.2941841231659057,2,3.261906538158655,14,24,2,1,M S,"Nottingham Forest,West Ham",1,1.2941841231659057,5.538908100686967,2.914741839282214,Premier League,2024-2025
986,Danny Ings,15,235,1,1.7657166114076972,2,1.154838539659977,14,6,0,0,F S,West Ham,1,1.7657166114076972,2.8344373060390358,0.2195451222360134,Premier League,2024-2025
1299,Mario Lemina,17,1366,1,1.1920787254348395,3,1.287991652265191,17,10,4,0,D M S,Wolverhampton Wanderers,1,1.1920787254348395,5.342703886330128,3.873324125539512,Premier League,2024-2025
1665,James Tarkowski,33,2926,1,1.2661416758783162,1,2.7973302034661174,15,16,6,0,D,Everton,1,1.2661416758783162,5.207525005564094,4.634369108825922,Premier League,2024-2025
1687,Harry Maguire,27,1752,1,2.342265553772449,0,0.9308241046965122,16,8,7,0,D S,Manchester United,1,2.342265553772449,5.207567437551916,3.673637080006301,Premier League,2024-2025
1735,Jack Stephens,19,1418,1,0.6747798472642899,0,0.2880069650709629,4,3,2,2,D S,Southampton,1,0.6747798472642899,3.423359040170908,3.381859246641397,Premier League,2024-2025
1789,Lewis Cook,36,2978,1,0.963939368724823,3,4.5853610355407,14,47,8,1,D M S,Bournemouth,1,0.963939368724823,12.705790558829904,10.713933983817697,Premier League,2024-2025
2248,Casemiro,24,1519,1,1.939050110988319,0,2.170760851353407,32,22,5,0,M S,Manchester United,1,1.939050110988319,7.131643548607826,5.040456134825945,Premier League,2024-2025
2478,Carlos Soler,31,1422,1,2.29219813644886,1,1.0893699526786804,25,17,6,0,M S,West Ham,1,2.29219813644886,5.286610726267099,2.4397572688758373,Premier League,2024-2025
5136,Estupiñán,30,2404,1,1.3183485567569733,1,2.320820614695549,28,27,5,0,D S,Brighton,1,1.3183485567569733,12.298998538404703,10.615641921758652,Premier League,2024-2025
5221,Leon Bailey,24,1152,1,2.867841899394989,2,2.372280452400446,28,16,3,0,M S,Aston Villa,1,2.867841899394989,6.292120710015297,2.2766535691916943,Premier League,2024-2025
5590,Tosin Adarabioyo,22,1410,1,1.1859792517498136,1,0.3341391310095787,13,2,4,0,D S,Chelsea,1,1.1859792517498136,8.569632288068533,8.549678575247526,Premier League,2024-2025
5789,Boubacar Kamara,26,1744,1,0.7928520627319813,0,0.901398416608572,10,11,2,0,D M S,Aston Villa,1,0.7928520627319813,7.008257182314992,5.887418569996953,Premier League,2024-2025
6088,Orel Mangala,19,1254,1,0.7135743591934443,0,0.494984382763505,16,8,2,0,M S,Everton,1,0.7135743591934443,2.846376329660416,2.0121847297996283,Premier League,2024-2025
6326,Ibrahima Konaté,31,2578,1,1.85700361803174,2,1.0275321248918772,19,10,5,0,D S,Liverpool,1,1.85700361803174,17.322711497545242,16.64254543930292,Premier League,2024-2025
6424,Ben Johnson,23,1327,1,1.4644898548722267,2,2.1658401750028133,7,11,3,1,D M S,Ipswich,1,1.4644898548722267,4.204577220603824,1.2919913660734892,Premier League,2024-2025
6492,Reiss Nelson,12,491,1,1.4182224795222282,1,1.1306451223790646,11,13,1,0,M S,"Arsenal,Fulham",1,1.4182224795222282,4.734423227608204,3.0769786797463894,Premier League,2024-2025
6827,Bobby Reid,23,729,1,0.667118170298636,2,1.0936873592436314,7,6,2,0,F M S,Leicester,1,0.667118170298636,1.5033471286296844,0.7257871571928263,Premier League,2024-2025
6851,Conor Coady,22,1710,1,0.6421074867248535,0,0.0701530873775482,2,1,3,0,D S,Leicester,1,0.6421074867248535,5.112960673868656,4.499962247908115,Premier League,2024-2025
6885,Axel Disasi,13,844,1,0.6244775578379631,0,0.3375391270965338,4,5,3,0,D S,"Aston Villa,Chelsea",1,0.6244775578379631,2.507807642221451,2.215707093477249,Premier League,2024-2025
7218,Cristian Romero,18,1426,1,1.905144028365612,0,0.6253029182553291,16,7,3,0,D,Tottenham,1,1.905144028365612,6.663078460842371,6.324385602027178,Premier League,2024-2025
7333,Caleb Okoli,19,1113,1,0.8699327614158392,0,0.0,4,0,4,0,D S,Leicester,1,0.8699327614158392,2.478840259835124,2.460140427574516,Premier League,2024-2025
7382,Dan Burn,37,3330,1,2.574376904405653,1,1.1636743620038033,21,9,11,0,D,Newcastle United,1,2.574376904405653,10.685649447143078,10.075688883662224,Premier League,2024-2025
7546,Harvey Elliott,18,320,1,1.6678786408156157,2,1.2793736029416325,17,10,1,0,M S,Liverpool,1,1.6678786408156157,4.181995172053576,2.2030859515070915,Premier League,2024-2025
7723,John McGinn,34,2247,1,3.7942231353372335,4,3.4790949057787657,31,30,7,0,M S,Aston Villa,1,3.7942231353372335,11.842593720182776,7.252999009564519,Premier League,2024-2025
7768,Mason Mount,17,626,1,2.9394782911986117,0,0.335563201457262,20,8,3,0,F M S,Manchester United,1,2.9394782911986117,4.9926538458094,1.9043842209503052,Premier League,2024-2025
7814,Taiwo Awoniyi,26,363,1,2.418665297329426,0,0.0885970722883939,10,2,0,0,F S,Nottingham Forest,1,2.418665297329426,2.95575431548059,0.4484919551759958,Premier League,2024-2025
7892,João Félix,12,343,1,2.64809543825686,1,0.6843841634690762,20,6,2,0,M S,Chelsea,1,2.64809543825686,4.425876019522548,1.2964793983846905,Premier League,2024-2025
8067,Reece James,19,1062,1,0.5808683261275291,1,1.3240125216543674,11,11,1,0,D M S,Chelsea,1,0.5808683261275291,3.869105190038681,3.5282998234033585,Premier League,2024-2025
8089,Kieran Tierney,13,227,1,0.9213433265686036,0,1.199159286916256,2,8,0,0,D S,Arsenal,1,0.9213433265686036,1.968412023037672,0.9727844670414924,Premier League,2024-2025
8204,Neco Williams,35,2579,1,3.0044789891690016,3,1.7043100725859404,37,18,7,0,D M S,Nottingham Forest,1,3.0044789891690016,8.458546839654446,5.081802843138576,Premier League,2024-2025
8224,William Smallbone,18,657,1,0.6896725203841925,0,0.5868444573134184,7,10,1,0,M S,Southampton,1,0.6896725203841925,2.8830344323068857,2.286232426762581,Premier League,2024-2025
8430,Chris Richards,24,1925,1,1.6956392526626587,0,0.114281041547656,12,2,2,1,D S,Crystal Palace,1,1.6956392526626587,4.323614971712232,4.20933392085135,Premier League,2024-2025
8495,Taylor Harwood-Bellis,34,2832,1,2.1951861269772053,0,1.9898590259253977,20,14,9,0,D S,Southampton,1,2.1951861269772053,7.381218569353223,6.122977705672383,Premier League,2024-2025
8646,Wout Faes,34,2799,1,1.563155423849821,0,0.1705409092828631,12,4,4,0,D S,Leicester,1,1.563155423849821,5.0110078155994415,4.808216721750796,Premier League,2024-2025
8720,Jack Harrison,34,2102,1,3.3758146427571774,0,3.650003883987665,29,33,0,0,F M S,Everton,1,3.3758146427571774,7.757276251912117,2.7420455012470484,Premier League,2024-2025
8853,Maxence Lacroix,35,3126,1,2.7525001103058457,1,1.6881468072533607,30,8,5,0,D,Crystal Palace,1,2.7525001103058457,8.140122196637094,6.942754318006337,Premier League,2024-2025
8864,Matthew Cash,27,2085,1,0.4955384666100144,1,1.4866319708526134,13,10,7,0,D M S,Aston Villa,1,0.4955384666100144,7.091400654055178,6.572270311415196,Premier League,2024-2025
8919,Leif Davis,33,2760,1,0.798027765005827,2,6.061805084347725,16,61,5,1,D S,Ipswich,1,0.798027765005827,7.2669062577188015,4.01152390614152,Premier League,2024-2025
8941,Jacob Ramsey,29,1665,1,1.4540390092879534,3,2.891221077181399,19,21,2,1,F M S,Aston Villa,1,1.4540390092879534,9.212930692359803,5.757394967600703,Premier League,2024-2025
9451,Chimuanya Ugochukwu,26,1689,1,0.8239525118842721,1,0.9677973967045546,10,14,7,0,M S,Southampton,1,0.8239525118842721,4.15837118960917,3.4592729564756155,Premier League,2024-2025
9453,Moisés Caicedo,38,3381,1,0.6911019859835505,2,2.924944289028645,20,29,11,0,D M,Chelsea,1,0.6911019859835505,19.78497724980116,17.50836056470871,Premier League,2024-2025
9492,Crysencio Summerville,19,760,1,1.8140362668782477,1,2.1587705314159398,14,17,2,0,F M S,West Ham,1,1.8140362668782477,4.351440954953432,1.1789654307067394,Premier League,2024-2025
9509,Daniel Jebbison,16,62,1,1.7295908629894257,0,0.2071749344468116,5,3,1,0,S,Bournemouth,1,1.7295908629894257,2.19595605134964,0.2896595001220703,Premier League,2024-2025
9556,William Osula,14,107,1,0.2826921939849853,0,0.1338628381490707,4,2,0,0,S,Newcastle United,1,0.2826921939849853,0.3538459315896034,0.0743556916713714,Premier League,2024-2025
9630,Kamaldeen Sulemana,26,1405,1,1.5610322337597609,1,1.2623700015246868,29,10,2,0,F M S,Southampton,1,1.5610322337597609,3.277868576347828,1.0029112379997969,Premier League,2024-2025
9680,Vitaly Janelt,32,2303,1,0.9458270631730556,3,2.358839701861143,14,14,3,0,D M S,Brentford,1,0.9458270631730556,8.97201941628009,5.991170124150813,Premier League,2024-2025
9738,Patson Daka,23,686,1,1.767653119750321,0,0.0259240753948688,15,1,0,0,F M S,Leicester,1,1.767653119750321,1.957958842627704,0.1643816493451595,Premier League,2024-2025
9802,Nico González,11,767,1,0.8193094208836555,0,0.0815559178590774,9,1,3,0,M S,Manchester City,1,0.8193094208836555,6.620623365044594,6.3495680540800095,Premier League,2024-2025
10012,Jakub Kiwior,17,1102,1,0.2143479213118553,0,0.5097704380750656,3,5,1,0,D S,Arsenal,1,0.2143479213118553,3.440646205097437,3.275878395885229,Premier League,2024-2025
10166,Kasey McAteer,18,854,1,1.4462989773601294,1,0.905257573351264,13,9,3,0,M S,Leicester,1,1.4462989773601294,3.96396641433239,1.788604959845543,Premier League,2024-2025
10177,Evan Ferguson,21,341,1,1.4812848791480064,0,0.7929156944155693,12,5,0,0,F S,"Brighton,West Ham",1,1.4812848791480064,2.186324803158641,0.0809200052171945,Premier League,2024-2025
10291,Vitalii Mykolenko,35,3085,1,0.6015322427265346,2,3.0272322706878185,14,24,4,0,D,Everton,1,0.6015322427265346,8.047195924445987,5.357288662344217,Premier League,2024-2025
10301,Jens Cajuste,30,2019,1,0.6125177554786205,1,0.6245124880224466,12,13,2,0,M S,Ipswich,1,0.6125177554786205,5.957525156438351,5.012046929448843,Premier League,2024-2025
10764,Djed Spence,25,1784,1,0.417020246386528,2,1.8481179997324944,10,11,2,1,D S,Tottenham,1,0.417020246386528,6.893741740845144,6.0086276941001415,Premier League,2024-2025
10807,Jan Paul van Hecke,34,2962,1,1.0002109874039888,1,1.558699306100607,17,16,6,1,D S,Brighton,1,1.0002109874039888,14.846226522698998,13.811430538073182,Premier League,2024-2025
10809,Keane Lewis-Potter,38,3131,1,3.2576067624613643,3,3.338346378877759,28,26,7,0,D M S,Brentford,1,3.2576067624613643,9.596967240795491,5.59095348790288,Premier League,2024-2025
10822,Wilson Odobert,16,845,1,2.115951618179679,0,0.8556916369125247,13,6,0,0,F M S,Tottenham,1,2.115951618179679,4.030231017619371,1.800855565816164,Premier League,2024-2025
10845,Flynn Downes,27,2175,1,0.8941574329510331,0,1.6155836284160614,10,15,12,0,D M S,Southampton,1,0.8941574329510331,8.310527911409736,6.55848484672606,Premier League,2024-2025
10847,Rico Lewis,28,1903,1,1.6414977870881555,2,0.3464172556996345,10,7,3,1,D M S,Manchester City,1,1.6414977870881555,14.292443186044691,12.876099944114683,Premier League,2024-2025
10856,Emmanuel Agbadou,16,1414,1,0.69438168220222,0,0.1891781575977802,7,4,3,0,D,Wolverhampton Wanderers,1,0.69438168220222,3.78240617364645,3.7525524757802486,Premier League,2024-2025
10866,Luis Sinisterra,12,221,1,1.7229826282709837,1,1.762933598831296,13,8,0,0,M S,Bournemouth,1,1.7229826282709837,2.894174002110958,0.5542034497484565,Premier League,2024-2025
11000,Matheus Nunes,26,1673,1,1.189816527068615,6,3.9489037338644266,9,23,4,0,D M S,Manchester City,1,1.189816527068615,10.188475765287876,7.719313248991966,Premier League,2024-2025
11310,Brajan Gruda,21,684,1,1.0134435147047045,4,2.2726940251886845,11,23,0,0,F M S,Brighton,1,1.0134435147047045,3.96596534922719,1.7325535658746958,Premier League,2024-2025
11386,Lewis Miley,14,274,1,0.2039504423737526,0,0.0893867462873458,3,1,0,0,M S,Newcastle United,1,0.2039504423737526,1.0136461164802313,0.8299028035253286,Premier League,2024-2025
11707,Jurriën Timber,30,2443,1,1.3132512997835877,3,1.1326866932213306,14,17,7,0,D S,Arsenal,1,1.3132512997835877,10.589375596493484,9.367386754602194,Premier League,2024-2025
11728,Calvin Bassey,35,3072,1,1.1175763411447406,0,0.1130702113732695,14,3,7,0,D S,Fulham,1,1.1175763411447406,10.457166313193738,10.319827779196205,Premier League,2024-2025
11735,Sávio,29,1801,1,5.246914088726044,8,6.9446608647704124,55,45,3,0,F M S,Manchester City,1,5.246914088726044,16.14704818278551,5.930092327296734,Premier League,2024-2025
11766,Manuel Ugarte,29,1802,1,1.087446665391326,2,1.616088747046888,19,10,11,0,M S,Manchester United,1,1.087446665391326,7.235839036293328,6.052829889580607,Premier League,2024-2025
11807,Ian Maatsen,29,1073,1,0.979834190569818,2,3.0338974483311176,19,19,2,0,D S,Aston Villa,1,0.979834190569818,9.690310459583998,8.366953602991998,Premier League,2024-2025
12152,Matheus França,4,45,1,0.4079460725188255,0,0.0,6,0,0,0,S,Crystal Palace,1,0.4079460725188255,0.5714588239789009,0.1635127514600753,Premier League,2024-2025
12272,Myles Lewis-Skelly,23,1371,1,0.2544533908367157,0,0.4991668798029423,3,8,3,2,D S,Arsenal,1,0.2544533908367157,5.465138830244541,5.074087254703045,Premier League,2024-2025
12573,Tyrique George,8,162,1,0.3738933689892292,1,1.0261513106524944,3,6,1,0,F S,Chelsea,1,0.3738933689892292,1.885858304798603,0.5690330639481544,Premier League,2024-2025
12745,Jacob Greaves,25,2208,1,1.4357987744733691,0,0.2260055681690573,10,6,5,0,D,Ipswich,1,1.4357987744733691,3.7184569966048,3.5594952162355185,Premier League,2024-2025
12748,Sam Morsy,33,2767,1,0.2957767499610781,1,1.4169819168746471,13,24,9,0,M S,Ipswich,1,0.2957767499610781,9.255466464906933,8.384842346422374,Premier League,2024-2025
12750,Conor Chaplin,22,851,1,1.434986375272274,1,0.7888719039037824,16,8,2,0,F M S,Ipswich,1,1.434986375272274,3.172867614775896,1.4127340912818909,Premier League,2024-2025
12754,Jack Taylor,32,777,1,0.5857022814452648,0,0.7670453414320946,19,5,4,0,M S,Ipswich,1,0.5857022814452648,2.72093062568456,2.4428652273491025,Premier League,2024-2025
12758,Mats Wieffer,25,988,1,1.0993042346090078,3,1.0669435421004891,9,15,6,0,D M S,Brighton,1,1.0993042346090078,5.176637289114296,4.247457327321172,Premier League,2024-2025
12761,Yukinari Sugawara,30,1533,1,0.4496091231703758,1,3.2835169788450003,14,17,4,0,D M S,Southampton,1,0.4496091231703758,5.613592414185405,4.167844578623772,Premier League,2024-2025
13021,Ramón Sosa,19,246,1,1.1310514248907566,0,0.6833146139979362,11,8,1,0,M S,Nottingham Forest,1,1.1310514248907566,2.070654297247529,0.2562882862985134,Premier League,2024-2025
13038,Justin Devenny,23,472,1,1.1472182907164097,1,0.6334958653897047,10,7,1,0,M S,Crystal Palace,1,1.1472182907164097,2.1069728769361973,0.9024819005280732,Premier League,2024-2025
13060,Ross Stewart,12,379,1,0.8806956596672535,0,0.0,9,0,1,0,F S,Southampton,1,0.8806956596672535,1.6948200725018978,1.2228461802005768,Premier League,2024-2025
13066,Ferdi Kadioglu,6,401,1,0.6023932620882988,0,0.1645598961040377,4,5,1,0,D M S,Brighton,1,0.6023932620882988,2.1883304491639137,1.5457853525877,Premier League,2024-2025
13364,Diego Gómez,16,487,1,0.8773256950080395,0,1.5821922849863768,9,9,0,0,M S,Brighton,1,0.8773256950080395,4.766626961529255,4.030858531594276,Premier League,2024-2025
13387,Romain Esse,7,124,1,0.5787168145179749,1,0.3007222488522529,1,3,0,0,M S,Crystal Palace,1,0.5787168145179749,1.1815895438194275,0.3021504878997803,Premier League,2024-2025
65,Timo Werner,18,488,0,0.953228548169136,3,3.0806511119008064,8,10,0,0,F M S,Tottenham,0,0.953228548169136,5.666859710589051,1.7122303992509842,Premier League,2024-2025
111,Jannik Vestergaard,18,1411,0,0.1115449527278542,0,0.0718512497842311,3,3,5,0,D S,Leicester,0,0.1115449527278542,3.81364513002336,3.792594706639648,Premier League,2024-2025
181,Bernd Leno,38,3420,0,0.0,1,0.31894351541996,0,2,5,0,GK,Fulham,0,0.0,9.378365483134983,9.059421986341476,Premier League,2024-2025
468,Callum Wilson,18,313,0,0.7507430538535118,0,0.1887170672416687,6,3,1,0,F S,Newcastle United,0,0.7507430538535118,1.4098929166793823,0.470432810485363,Premier League,2024-2025
473,Danny Ward,2,132,0,0.0,0,0.0,0,0,0,0,GK S,Leicester,0,0.0,0.0701530873775482,0.0701530873775482,Premier League,2024-2025
486,Adam Lallana,14,342,0,0.1523155756294727,2,0.5534783098846674,3,4,4,0,M S,Southampton,0,0.1523155756294727,1.702550608664751,1.124756133183837,Premier League,2024-2025
489,James Milner,4,177,0,0.1920489966869354,0,0.2607630733400583,2,4,1,0,M S,Brighton,0,0.1920489966869354,0.5119482576847076,0.2050254121422767,Premier League,2024-2025
510,Joel Ward,2,75,0,0.0,0,0.0684693977236747,0,1,1,0,D S,Crystal Palace,0,0.0,0.1046429947018623,0.1046429947018623,Premier League,2024-2025
534,Aaron Cresswell,18,821,0,0.1508999690413475,0,1.589625921100378,5,9,3,0,D S,West Ham,0,0.1508999690413475,2.41888221912086,1.7282752357423306,Premier League,2024-2025
579,Nathan Aké,10,684,0,0.2418667152523994,0,0.0160249359905719,3,1,0,0,D S,Manchester City,0,0.2418667152523994,3.5274377912282944,3.38953398168087,Premier League,2024-2025
585,Seamus Coleman,5,213,0,0.4752198457717895,0,0.0,1,0,1,0,D S,Everton,0,0.4752198457717895,1.2030456438660622,0.7278257980942726,Premier League,2024-2025
603,Nathaniel Clyne,13,483,0,0.0234091719612479,0,0.1613760516047477,2,3,1,0,D S,Crystal Palace,0,0.0234091719612479,1.4450985342264175,1.2837224826216698,Premier League,2024-2025
618,Raheem Sterling,17,486,0,0.9707838203758,2,0.5390832684934139,10,8,1,0,F M S,Arsenal,0,0.9707838203758,2.2374207340180874,1.050472877919674,Premier League,2024-2025
635,Alex McCarthy,5,450,0,0.0,0,0.0,0,0,0,0,GK,Southampton,0,0.0,0.4999673590064049,0.4999673590064049,Premier League,2024-2025
638,Kyle Walker,15,968,0,0.1098661832511425,0,0.7247695401310921,5,7,3,0,D S,Manchester City,0,0.1098661832511425,6.8929938822984695,6.746879652142525,Premier League,2024-2025
652,Kieran Trippier,25,1311,0,0.1578787304461002,3,1.8058830378577115,4,21,1,0,D S,Newcastle United,0,0.1578787304461002,6.462460404261947,6.190624123439193,Premier League,2024-2025
660,Ben Davies,17,1325,0,0.3614495517686009,0,0.0991829298436641,5,2,5,0,D S,Tottenham,0,0.3614495517686009,5.178717454895377,5.166538378223777,Premier League,2024-2025
668,Idrissa Gueye,37,3090,0,1.0407873457297685,3,2.416206769645214,27,19,8,0,M S,Everton,0,1.0407873457297685,9.350484703667462,7.558115462772548,Premier League,2024-2025
700,Willian,10,240,0,0.2559743635356426,0,0.2961952313780784,7,7,0,0,F M S,Fulham,0,0.2559743635356426,2.169583834707737,1.805920036509633,Premier League,2024-2025
706,Lukasz Fabianski,14,1157,0,0.0,0,0.0,0,0,2,0,GK S,West Ham,0,0.0,0.6126065440475941,0.6126065440475941,Premier League,2024-2025
741,Jordan Pickford,38,3420,0,0.0,1,0.2801412306725979,0,2,7,0,GK,Everton,0,0.0,4.063891115598381,3.783749884925783,Premier League,2024-2025
757,Jeffrey Schlupp,12,72,0,0.2102906517684459,0,0.3348583467304706,4,2,0,0,S,Crystal Palace,0,0.2102906517684459,0.906626857817173,0.3614778672344982,Premier League,2024-2025
804,Craig Dawson,15,950,0,0.4068407323211431,0,0.0697851851582527,5,2,2,0,D S,Wolverhampton Wanderers,0,0.4068407323211431,2.3292105179280043,2.31708031706512,Premier League,2024-2025
807,Jonny Evans,7,306,0,0.0842704158276319,0,0.0,2,0,1,0,D S,Manchester United,0,0.0842704158276319,1.1920689959079027,1.1920689959079027,Premier League,2024-2025
825,Adam Smith,25,1625,0,0.3261268213391304,0,0.4430896267294884,3,8,7,0,D S,Bournemouth,0,0.3261268213391304,5.3390795309096575,4.74545836634934,Premier League,2024-2025
831,Fraser Forster,7,630,0,0.0,0,0.0,0,0,0,0,GK,Tottenham,0,0.0,1.9027439206838608,1.9027439206838608,Premier League,2024-2025
884,Matt Targett,2,12,0,0.0,0,0.0,0,0,0,0,S,Newcastle United,0,0.0,0.1423778682947158,0.1423778682947158,Premier League,2024-2025
885,Kyle Walker-Peters,33,2934,0,1.1614951640367508,2,2.7974178763106465,20,23,5,0,D M,Southampton,0,1.1614951640367508,9.133386302739382,6.938454505056143,Premier League,2024-2025
910,Harrison Reed,12,81,0,0.1439509261399507,0,0.0789679586887359,3,1,2,0,S,Fulham,0,0.1439509261399507,0.3412153646349907,0.2145950347185135,Premier League,2024-2025
934,Axel Tuanzebe,22,1731,0,0.3537554126232862,1,0.6262782029807568,4,5,3,1,D S,Ipswich,0,0.3537554126232862,3.900601495057344,3.3178643696010117,Premier League,2024-2025
971,Harry Winks,22,1532,0,0.1876087933778762,2,1.32591406814754,10,17,4,0,M S,Leicester,0,0.1876087933778762,5.152881131507456,4.76618863362819,Premier League,2024-2025
978,Sam Johnstone,7,630,0,0.0,0,0.0490641593933105,0,1,0,0,GK,Wolverhampton Wanderers,0,0.0,1.1530965231359005,1.1530965231359005,Premier League,2024-2025
985,Mason Holgate,1,1,0,0.0,0,0.0,0,0,0,0,S,Everton,0,0.0,0.0,0.0,Premier League,2024-2025
987,Joseph Gomez,9,510,0,0.3742993529886007,0,0.0806920379400253,3,2,1,0,D S,Liverpool,0,0.3742993529886007,4.230954002588987,4.1999836675822735,Premier League,2024-2025
1006,Luke Shaw,7,352,0,0.031377512961626,0,0.5605076849460602,1,5,1,0,D S,Manchester United,0,0.031377512961626,1.353358380496502,0.7928507253527641,Premier League,2024-2025
1024,Tyrone Mings,14,1137,0,0.7991716582328081,0,0.1797054167836904,9,3,1,0,D S,Aston Villa,0,0.7991716582328081,5.253270890563726,5.077521752566099,Premier League,2024-2025
1038,Alex Palmer,13,1170,0,0.0,0,0.0210703182965517,0,1,2,0,GK,Ipswich,0,0.0,2.139107011258602,2.139107011258602,Premier League,2024-2025
1257,Alisson,28,2511,0,0.0,0,0.4981032609939575,0,1,0,0,GK,Liverpool,0,0.0,9.50970114208758,9.01159788109362,Premier League,2024-2025
1297,Neto,2,180,0,0.0,0,0.0,0,0,0,0,GK,Bournemouth,0,0.0,0.4283316135406494,0.4283316135406494,Premier League,2024-2025
1389,Jorginho,15,717,0,0.0592099986970424,0,0.4611985944211483,2,3,5,0,M S,Arsenal,0,0.0592099986970424,4.177355792373419,3.738667394965887,Premier League,2024-2025
1433,Federico Chiesa,6,95,0,0.6147317513823509,0,0.2075449079275131,5,2,0,0,F S,Liverpool,0,0.6147317513823509,1.6294743716716766,0.8755535371601582,Premier League,2024-2025
1537,Sasa Lukic,30,2380,0,1.5360550973564386,2,3.099418031051755,18,27,12,0,M S,Fulham,0,1.5360550973564386,11.622625487856569,7.836565780453384,Premier League,2024-2025
1545,Emil Krafth,12,314,0,0.0276889540255069,0,0.0589407011866569,1,1,2,0,D S,Newcastle United,0,0.0276889540255069,1.4653809145092964,1.4653809145092964,Premier League,2024-2025
1654,Ben Mee,7,181,0,0.0,0,0.0,0,0,2,0,D S,Brentford,0,0.0,0.0300854332745075,0.0300854332745075,Premier League,2024-2025
1683,Ryan Fraser,8,314,0,0.0251516010612249,0,0.1558907814323902,1,2,0,1,D M S,Southampton,0,0.0251516010612249,2.0469524562358856,1.8659100458025928,Premier League,2024-2025
1688,Andrew Robertson,33,2511,0,1.5656620487570765,1,4.881590306758881,15,40,3,1,D S,Liverpool,0,1.5656620487570765,19.93133733794093,15.677865535020828,Premier League,2024-2025
1823,Lucas Digne,32,2413,0,0.7811353597790003,4,6.966049259528518,13,36,4,0,D S,Aston Villa,0,0.7811353597790003,8.990315483883023,6.626998363062739,Premier League,2024-2025
2182,Jefferson Lerma,33,2274,0,0.8986045755445957,1,1.3882753169164062,26,10,9,0,D M S,Crystal Palace,0,0.8986045755445957,10.00641503976658,8.994050413835794,Premier League,2024-2025
2203,Emiliano Buendía,12,48,0,0.8230422083288431,0,0.0468223355710506,5,1,1,0,S,Aston Villa,0,0.8230422083288431,0.956121938303113,0.215285837650299,Premier League,2024-2025
2310,Alphonse Areola,26,2263,0,0.0,0,0.0,0,0,0,0,GK S,West Ham,0,0.0,3.024439178407192,3.024439178407192,Premier League,2024-2025
2496,Rodri,3,64,0,0.0,0,0.0520608685910701,0,1,0,0,M S,Manchester City,0,0.0,1.4455500841140747,1.4455500841140747,Premier League,2024-2025
2958,Oleksandr Zinchenko,15,500,0,0.4987206254154444,1,0.1286610011011362,10,3,1,0,D M S,Arsenal,0,0.4987206254154444,3.0112361051142216,2.736764498054981,Premier League,2024-2025
3203,Issa Diop,21,1332,0,0.4851377755403518,0,0.1430980395525694,5,3,2,0,D S,Fulham,0,0.4851377755403518,3.876760764978826,3.789013215340674,Premier League,2024-2025
3278,Maxwel Cornet,2,71,0,0.0751236081123352,0,0.0,1,0,1,0,M S,Southampton,0,0.0751236081123352,0.0751236081123352,0.0,Premier League,2024-2025
3303,Ricardo Pereira,10,378,0,0.1111767999827861,0,0.0,2,0,1,0,D S,Leicester,0,0.1111767999827861,1.118471845984459,1.0300674214959145,Premier League,2024-2025
3697,Odsonne Edouard,6,131,0,0.325688287615776,0,0.105933329090476,5,2,0,0,M S,"Crystal Palace,Leicester",0,0.325688287615776,0.6215433776378632,0.189921760931611,Premier League,2024-2025
4120,Álex Moreno,15,978,0,0.2170073073357343,1,1.076141320168972,6,8,2,0,D S,Nottingham Forest,0,0.2170073073357343,2.5304054114967585,1.5371484030038118,Premier League,2024-2025
4401,Emiliano Martinez,37,3206,0,0.0,0,0.2820240408182144,0,2,5,1,GK,Aston Villa,0,0.0,6.555770194157958,6.273746121674776,Premier League,2024-2025
5061,Kepa,31,2790,0,0.0683941841125488,0,0.0258998982608318,1,1,3,0,GK,Bournemouth,0,0.0683941841125488,3.4838713705539703,3.4838713705539703,Premier League,2024-2025
5261,Kevin Danso,10,840,0,0.273663411848247,0,0.0684588281437754,7,2,0,0,D S,Tottenham,0,0.273663411848247,2.74780847877264,2.70304573699832,Premier League,2024-2025
5545,Wilfred Ndidi,28,2368,0,1.973463961854577,5,2.7866385113447905,22,17,8,0,M,Leicester,0,1.973463961854577,8.735264824703336,5.421601940877736,Premier League,2024-2025
5552,Nick Pope,28,2520,0,0.0,0,0.0770820155739784,0,1,2,0,GK,Newcastle United,0,0.0,4.53913442697376,4.462052411399782,Premier League,2024-2025
5560,Scott McTominay,2,15,0,0.1260273307561874,0,0.0,1,0,0,0,S,Manchester United,0,0.1260273307561874,0.1260273307561874,0.0,Premier League,2024-2025
5603,Aaron Ramsdale,30,2700,0,0.0,0,0.0,0,0,2,0,GK,Southampton,0,0.0,2.393984962254762,2.393984962254762,Premier League,2024-2025
5712,Diego Carlos,10,828,0,0.9728685170412064,0,0.0,4,0,1,0,D S,Aston Villa,0,0.9728685170412064,2.882016759365797,2.882016759365797,Premier League,2024-2025
5722,Ibrahim Sangare,13,584,0,0.0163659416139125,1,0.7156692324206233,1,5,3,0,M S,Nottingham Forest,0,0.0163659416139125,3.003039238974452,2.3539955895394087,Premier League,2024-2025
5973,Kenny Tete,22,1790,0,1.595350006595254,2,0.6750296298414469,25,9,5,0,D S,Fulham,0,1.595350006595254,7.372500399127603,6.540642708539963,Premier League,2024-2025
6034,Philip Billing,10,152,0,0.3570811375975609,0,1.401890940964222,5,8,1,0,M S,Bournemouth,0,0.3570811375975609,1.9741406198590996,0.9171814527362584,Premier League,2024-2025
6044,Charlie Taylor,8,341,0,0.0,0,0.055130336433649,0,1,1,0,D S,Southampton,0,0.0,0.7140172049403191,0.6588868722319603,Premier League,2024-2025
6048,Lewis Dunk,25,2083,0,1.1070273127406836,0,0.5168026331812143,12,5,5,0,D S,Brighton,0,1.1070273127406836,10.19734975323081,10.102785553783178,Premier League,2024-2025
6049,Solly March,8,149,0,0.0514545002952218,0,0.2339879721403122,2,3,2,0,M S,Brighton,0,0.0514545002952218,0.3942978456616401,0.3155219256877899,Premier League,2024-2025
6054,Ederson,26,2324,0,0.0,4,1.1925887912511826,0,4,4,0,GK,Manchester City,0,0.0,5.953033002093434,4.961667595431209,Premier League,2024-2025
6080,Victor Lindelöf,16,679,0,0.0,0,0.1225271690636873,0,3,1,0,D S,Manchester United,0,0.0,1.176914483308792,1.0819011144340038,Premier League,2024-2025
6104,Will Hughes,33,2160,0,0.9225301016122104,3,3.364077143371105,22,33,11,0,M S,Crystal Palace,0,0.9225301016122104,9.026491666212678,7.883489057421684,Premier League,2024-2025
6145,Daichi Kamada,34,1527,0,0.9768787622451782,0,1.8320643100887537,20,20,4,1,M S,Crystal Palace,0,0.9768787622451782,8.12018227763474,6.361981469206512,Premier League,2024-2025
6157,Timothy Castagne,24,1627,0,0.3606655541807413,1,0.8743397928774357,8,10,1,0,D S,Fulham,0,0.3606655541807413,6.590010182932019,5.578935069963336,Premier League,2024-2025
6163,Nélson Semedo,34,2897,0,0.9947248105891048,4,2.185204219073057,18,25,8,0,D S,Wolverhampton Wanderers,0,0.9947248105891048,9.799877418205142,7.2230052798986435,Premier League,2024-2025
6221,Pau Torres,24,2011,0,0.3871210906654596,0,0.1446397490799427,8,3,2,0,D S,Aston Villa,0,0.3871210906654596,7.192430438473821,7.064639877527952,Premier League,2024-2025
6310,Boubakary Soumare,31,2182,0,0.2561326660215854,0,0.3478336622938514,7,10,8,0,M S,Leicester,0,0.2561326660215854,7.107237534597516,6.826774168759584,Premier League,2024-2025
6314,Joachim Andersen,30,2678,0,0.8852448537945747,0,0.280512185767293,20,4,7,1,D,"Crystal Palace,Fulham",0,0.8852448537945747,10.6725890384987,10.444070791825652,Premier League,2024-2025
6418,Hamza Choudhury,4,125,0,0.0,0,0.3993283584713936,0,2,0,0,M S,Leicester,0,0.0,0.658692367374897,0.3116940781474113,Premier League,2024-2025
6490,Manuel Akanji,26,2017,0,1.0098738074302671,0,0.4246870186179876,15,9,3,0,D S,Manchester City,0,1.0098738074302671,13.879725754261017,13.611297756433489,Premier League,2024-2025
6532,Martin Dubravka,10,900,0,0.0,0,0.0,0,0,0,0,GK,Newcastle United,0,0.0,1.4120896756649015,1.4120896756649015,Premier League,2024-2025
6630,Joe Willock,32,1043,0,2.0176452044397597,2,3.1126333381980658,18,22,4,0,M S,Newcastle United,0,2.0176452044397597,8.017597679048777,3.4172954158857465,Premier League,2024-2025
6722,Konstantinos Mavropanos,33,2028,0,1.6612843237817287,0,0.6751785762608051,18,5,4,1,D S,West Ham,0,1.6612843237817287,4.6871272986754775,4.525988888926804,Premier League,2024-2025
6816,Jean-Clair Todibo,27,1833,0,0.2778066396713257,0,0.0297562526538968,5,2,3,0,D S,West Ham,0,0.2778066396713257,3.5863327868282795,3.5863327868282795,Premier League,2024-2025
6850,Willy Boly,6,139,0,0.082951508462429,0,0.0,1,0,1,0,D S,Nottingham Forest,0,0.082951508462429,0.1375844292342662,0.1375844292342662,Premier League,2024-2025
6903,Matz Sels,38,3420,0,0.0,0,0.5219662692397833,0,2,4,0,GK,Nottingham Forest,0,0.0,3.724944426678121,3.2029781555756927,Premier League,2024-2025
6962,Robin Olsen,4,211,0,0.0,0,0.0,0,0,0,0,GK S,Aston Villa,0,0.0,0.4604295790195465,0.4604295790195465,Premier League,2024-2025
7027,Arijanet Muric,18,1620,0,0.0,0,0.0,0,0,1,0,GK,Ipswich,0,0.0,2.334977397695184,2.334977397695184,Premier League,2024-2025
7047,Mark Flekken,37,3275,0,0.0,2,0.5480153113603592,0,2,1,0,GK,Brentford,0,0.0,7.107891340740025,6.884677250869572,Premier League,2024-2025
7078,Sean Longstaff,25,758,0,0.4065457545220852,0,0.2086685169488191,6,4,2,0,M S,Newcastle United,0,0.4065457545220852,2.164528429508209,1.791835017502308,Premier League,2024-2025
7166,Mathias Jensen,24,819,0,0.2693682108074426,2,1.9875654987990856,6,16,2,0,M S,Brentford,0,0.2693682108074426,5.387348018586636,4.161761403083801,Premier League,2024-2025
7187,Sergio Reguilón,4,187,0,0.1322939433157444,0,0.0298521239310503,2,1,2,0,D S,Tottenham,0,0.1322939433157444,0.7971926778554916,0.696475438773632,Premier League,2024-2025
7198,Oliver Skipp,24,1095,0,0.2431342415511608,0,0.3397108828648925,5,9,8,0,M S,Leicester,0,0.2431342415511608,2.2539359983056784,1.7920793881639838,Premier League,2024-2025
7235,Jason Steele,2,180,0,0.0,0,0.0,0,0,0,0,GK,Brighton,0,0.0,0.4078828990459442,0.4078828990459442,Premier League,2024-2025
7240,Benoit Badiashile Mukinayi,5,323,0,0.0,0,0.0,0,0,0,0,D S,Chelsea,0,0.0,0.7828760668635368,0.7828760668635368,Premier League,2024-2025
7281,Diogo Dalot,33,2821,0,1.6990829594433308,3,2.5788643723353744,24,26,5,0,D S,Manchester United,0,1.6990829594433308,10.50801149662584,8.384668283164501,Premier League,2024-2025
7298,Ben White,17,1192,0,0.4337807316333055,2,1.4500398263335228,9,10,2,0,D S,Arsenal,0,0.4337807316333055,4.346273209899664,3.896727360785008,Premier League,2024-2025
7332,Max Kilman,38,3348,0,1.714818298816681,1,0.9288761988282204,13,16,5,0,D,West Ham,0,1.714818298816681,7.727036248892546,7.178434561938047,Premier League,2024-2025
7352,Tyler Adams,28,1965,0,1.4070341289043429,3,1.5068945437669754,9,18,7,0,M S,Bournemouth,0,1.4070341289043429,7.6065224930644035,5.169210600666702,Premier League,2024-2025
7395,Carlos Vinicius,3,8,0,0.054843533784151,0,0.0,1,0,0,0,S,Fulham,0,0.054843533784151,0.054843533784151,0.0,Premier League,2024-2025
7420,Miguel Almirón,9,138,0,0.4826713129878044,0,0.1663767416030168,6,3,0,0,F S,Newcastle United,0,0.4826713129878044,0.6716924104839563,0.1632358524948358,Premier League,2024-2025
7438,James Garner,21,1603,0,0.6001764945685863,1,1.215124419890344,12,12,5,0,D M S,Everton,0,0.6001764945685863,5.435937132686377,4.616085112094879,Premier League,2024-2025
7582,Mark Travers,5,450,0,0.0,0,0.0,0,0,0,0,GK,Bournemouth,0,0.0,0.5100627075880766,0.5100627075880766,Premier League,2024-2025
7589,Wesley Fofana,14,1192,0,0.2047538962215185,0,0.5259660333395004,3,6,7,0,D,Chelsea,0,0.2047538962215185,4.953598186373711,4.430655201897025,Premier League,2024-2025
7688,Max Aarons,3,78,0,0.0,0,0.0,0,0,0,0,D S,Bournemouth,0,0.0,0.963919162750244,0.963919162750244,Premier League,2024-2025
7689,Ben Godfrey,3,165,0,0.0,0,0.0,0,0,1,0,D S,Ipswich,0,0.0,0.225624181330204,0.225624181330204,Premier League,2024-2025
7699,Adam Webster,14,888,0,0.3764696484431624,0,0.3818966709077358,5,3,1,0,D S,Brighton,0,0.3764696484431624,4.823259890079498,4.751052476465702,Premier League,2024-2025
7702,Dean Henderson,38,3420,0,0.0109276687726378,0,0.1058704666793346,1,2,3,0,GK,Crystal Palace,0,0.0109276687726378,3.299205945804715,3.19333547540009,Premier League,2024-2025
7904,Caoimhin Kelleher,10,900,0,0.0,0,0.0,0,0,0,0,GK,Liverpool,0,0.0,1.939537651836872,1.939537651836872,Premier League,2024-2025
7931,Takehiro Tomiyasu,1,3,0,0.1668418496847152,0,0.0,1,0,0,0,S,Arsenal,0,0.1668418496847152,0.0,0.0,Premier League,2024-2025
7943,Igor Julio,13,959,0,0.0835000127553939,0,0.1427631359547376,1,2,4,0,D S,Brighton,0,0.0835000127553939,4.970579881221056,4.827816758304834,Premier League,2024-2025
7988,Billy Gilmour,2,94,0,0.0845430567860603,0,0.0,1,0,0,0,M S,Brighton,0,0.0845430567860603,1.1755258962512016,1.1755258962512016,Premier League,2024-2025
8090,Lloyd Kelly,10,303,0,0.2711419649422169,1,0.3751976788043976,3,2,2,0,D S,Newcastle United,0,0.2711419649422169,0.8785770535469055,0.5033793747425079,Premier League,2024-2025
8093,Brandon Austin,1,90,0,0.0,0,0.0,0,0,0,0,GK,Tottenham,0,0.0,0.404704749584198,0.404704749584198,Premier League,2024-2025
8119,Boubacar Traore,1,1,0,0.0,0,0.0,0,0,0,0,S,Wolverhampton Wanderers,0,0.0,0.0,0.0,Premier League,2024-2025
8214,Tyrick Mitchell,37,3131,0,1.4204330071806908,5,7.109685024246573,12,41,2,0,D,Crystal Palace,0,1.4204330071806908,14.724310521036386,7.392835007980466,Premier League,2024-2025
8252,Nicolás Domínguez,34,1979,0,1.9267512233927848,1,1.4655370814725757,21,13,9,0,M S,Nottingham Forest,0,1.9267512233927848,4.884785549715161,3.653871604241431,Premier League,2024-2025
8267,Guido Rodríguez,23,1179,0,0.1626910055056214,1,0.2192824073135852,8,4,6,0,M S,West Ham,0,0.1626910055056214,2.944707117974758,2.794170718640089,Premier League,2024-2025
8285,Sander Berge,31,2242,0,0.4260362591594457,0,0.7261993493884802,3,18,6,0,M S,Fulham,0,0.4260362591594457,7.763672082684934,6.734488721005619,Premier League,2024-2025
8291,Daniel Podence,2,36,0,0.0448911525309085,0,0.0,1,0,0,0,S,Wolverhampton Wanderers,0,0.0448911525309085,0.0448911525309085,0.0,Premier League,2024-2025
8384,Armando Broja,10,314,0,0.1044619902968406,0,0.174777690321207,4,4,1,0,F S,Everton,0,0.1044619902968406,0.7260864749550819,0.4581482177600264,Premier League,2024-2025
8476,Jarrad Branthwaite,30,2510,0,1.381387365050614,1,0.6528244335204363,10,3,4,0,D S,Everton,0,1.381387365050614,4.862649876624346,4.707654871046543,Premier League,2024-2025
8489,Jorge Cuenca,8,352,0,0.0159940905869007,0,0.0,1,0,0,0,D S,Fulham,0,0.0159940905869007,1.164096750319004,1.164096750319004,Premier League,2024-2025
8496,Tommy Doyle,24,431,0,0.3624565312638879,1,0.3475889293476939,9,7,1,0,M S,Wolverhampton Wanderers,0,0.3624565312638879,2.1030837008729577,1.6141937281936407,Premier League,2024-2025
8562,Luke Thomas,14,1123,0,0.3486927710473537,0,0.4181743627414107,5,8,3,0,D S,Leicester,0,0.3486927710473537,1.7490677423775196,1.388859000056982,Premier League,2024-2025
8635,Sven Botman,8,424,0,0.7963292263448238,0,0.6542200557887554,5,2,1,0,D S,Newcastle United,0,0.7963292263448238,1.063561487942934,1.063561487942934,Premier League,2024-2025
8666,Cheick Oumar Doucoure,13,439,0,0.3654052410274744,0,0.0139362784102559,7,1,1,0,M S,Crystal Palace,0,0.3654052410274744,3.558414466679096,3.280975388363004,Premier League,2024-2025
8719,Kalvin Phillips,19,1247,0,0.4593092957511544,0,0.3231524731963873,11,5,4,1,M S,Ipswich,0,0.4593092957511544,2.4181056451052427,2.1468016486614943,Premier League,2024-2025
8756,Dara O&#039;Shea,35,3129,0,1.564998717047274,2,0.7030826602131128,22,3,6,0,D,Ipswich,0,1.564998717047274,8.610395619645715,7.782098321244121,Premier League,2024-2025
8780,Joël Veltman,21,1714,0,0.7976804617792368,0,0.7567648589611053,6,6,5,0,D S,Brighton,0,0.7976804617792368,6.476554710417986,5.0723008420318365,Premier League,2024-2025
8786,Stefan Ortega Moreno,13,1096,0,0.0,0,0.0,0,0,1,0,GK S,Manchester City,0,0.0,2.8627792466431856,2.8627792466431856,Premier League,2024-2025
8808,Wataru Endo,20,226,0,0.0,0,0.0670378655195236,0,2,0,0,M S,Liverpool,0,0.0,1.2031035460531712,1.1583239622414112,Premier League,2024-2025
8831,Iyenoma Destiny Udogie,25,1949,0,0.3497059941291809,1,1.2607239335775375,5,16,2,0,D S,Tottenham,0,0.3497059941291809,9.83161280490458,9.174497099593282,Premier League,2024-2025
8852,Konstantinos Tsimikas,18,819,0,0.5641818605363369,1,2.597917679697275,4,16,2,0,D S,Liverpool,0,0.5641818605363369,7.063847681507468,5.982297686859965,Premier League,2024-2025
8858,Guglielmo Vicario,24,2160,0,0.0,0,0.0,0,0,1,0,GK,Tottenham,0,0.0,5.163849472999573,5.163849472999573,Premier League,2024-2025
8905,Conor Townsend,6,326,0,0.0434189923107624,1,0.8038922008126974,1,4,1,0,D S,Ipswich,0,0.0434189923107624,1.1632227841764688,0.4409727454185486,Premier League,2024-2025
8940,Antonee Robinson,36,3166,0,1.0538900159299374,10,4.40445202216506,16,43,9,0,D M S,Fulham,0,1.0538900159299374,16.498610505834222,13.76876728888601,Premier League,2024-2025
8961,Rúben Dias,27,2262,0,1.335742843337357,0,0.2133867554366588,21,5,4,0,D S,Manchester City,0,1.335742843337357,14.734221961349249,14.567276891320944,Premier League,2024-2025
8965,Vladimir Coufal,22,1052,0,0.3236212413758039,0,0.5783606953918934,7,8,5,0,D M S,West Ham,0,0.3236212413758039,3.653033196926117,3.296148657798767,Premier League,2024-2025
9017,Malo Gusto,32,1838,0,1.5562147982418535,1,1.343290576711297,22,22,4,0,D S,Chelsea,0,1.5562147982418535,10.980210773646832,9.03074331022799,Premier League,2024-2025
9098,Robert Sánchez,32,2880,0,0.0,0,0.0161880310624837,0,1,5,0,GK,Chelsea,0,0.0,6.038596088066697,6.022408057004213,Premier League,2024-2025
9105,Radu Dragusin,16,1264,0,0.1772594656795263,0,0.5174331180751324,5,4,1,0,D S,Tottenham,0,0.1772594656795263,4.84899147041142,4.778011908754706,Premier League,2024-2025
9251,Christian Walton,7,630,0,0.0,0,0.0168508626520633,0,1,0,0,GK,Ipswich,0,0.0,0.1807852499186992,0.1639343872666359,Premier League,2024-2025
9272,Filip Jorgensen,6,540,0,0.0,0,0.0,0,0,0,0,GK,Chelsea,0,0.0,1.4331071376800537,1.4331071376800537,Premier League,2024-2025
9284,Jakub Moder,4,4,0,0.0,0,0.2036565337330103,0,3,0,0,S,Brighton,0,0.0,0.1331212073564529,0.0772198848426342,Premier League,2024-2025
9332,Dane Scarlett,3,25,0,0.2694910168647766,1,0.0761205926537513,1,1,0,0,S,Tottenham,0,0.2694910168647766,0.345611609518528,0.0,Premier League,2024-2025
9512,Valentino Livramento,37,2848,0,0.3249886427074671,1,3.147453512996435,6,25,1,0,D S,Newcastle United,0,0.3249886427074671,13.396901009604337,10.808134069666266,Premier League,2024-2025
9554,Tim Iroegbunam,18,533,0,0.2085244953632354,1,0.1753694489598274,5,3,4,0,M S,Everton,0,0.2085244953632354,1.8715934120118616,1.4876995496451857,Premier League,2024-2025
9676,David Raya,38,3420,0,0.0,0,0.0936360284686088,0,1,3,0,GK,Arsenal,0,0.0,6.110358167439699,6.01672213897109,Premier League,2024-2025
9677,Kristoffer Ajer,24,1450,0,1.142456667497754,0,1.4724152060225606,9,9,5,0,D S,Brentford,0,1.142456667497754,4.822844059206545,2.9706503534689546,Premier League,2024-2025
9679,Rico Henry,5,80,0,0.0,0,0.0,0,0,0,0,S,Brentford,0,0.0,1.0035428777337074,1.0035428777337074,Premier League,2024-2025
9681,Frank Onyeka,2,18,0,0.0,0,0.0,0,0,0,0,S,Brentford,0,0.0,0.0,0.0,Premier League,2024-2025
9685,Mads Roerslev,19,1079,0,0.2219500774517655,2,2.790492530912161,5,14,2,0,D S,Brentford,0,0.2219500774517655,5.177352083846927,2.4616973884403706,Premier League,2024-2025
9710,Armel Bella Kotchap,4,331,0,0.2672498822212219,0,0.0,1,0,0,0,D S,Southampton,0,0.2672498822212219,0.7146918140351772,0.7146918140351772,Premier League,2024-2025
9739,Kiernan Dewsbury-Hall,13,234,0,0.0894354954361915,1,0.8056687042117119,1,3,0,0,M S,Chelsea,0,0.0894354954361915,1.3387737199664116,0.4436694681644439,Premier League,2024-2025
9740,José Sá,29,2610,0,0.0,0,0.0653070900589227,0,3,2,0,GK,Wolverhampton Wanderers,0,0.0,1.157527199015021,1.0922201070934534,Premier League,2024-2025
9752,Jesper Lindstrom,25,1279,0,2.0184412728995085,1,2.881908133625984,28,19,2,0,M S,Everton,0,2.0184412728995085,5.934147605672479,3.5494546946138144,Premier League,2024-2025
9958,Yerson Mosquera,5,448,0,0.4660062603652477,0,0.094501007348299,2,2,2,0,D,Wolverhampton Wanderers,0,0.4660062603652477,1.0699441889300942,0.9818695159628988,Premier League,2024-2025
10004,Romeo Lavia,16,830,0,0.146451324224472,1,0.7232360076159239,2,7,4,0,M S,Chelsea,0,0.146451324224472,2.711192920804024,1.950197905302048,Premier League,2024-2025
10025,Lamare Bogarde,8,478,0,0.0650692656636238,0,0.1753242537379264,1,2,2,0,D M S,Aston Villa,0,0.0650692656636238,1.8142753783613443,1.5738818291574717,Premier League,2024-2025
10036,Jeremy Sarmiento,1,4,0,0.0,0,0.0,0,0,0,0,S,Brighton,0,0.0,0.0974678918719291,0.0974678918719291,Premier League,2024-2025
10050,Micky van de Ven,13,1031,0,0.7710057385265827,2,1.1784075498580933,6,2,4,0,D S,Tottenham,0,0.7710057385265827,5.82832533121109,4.649917840957642,Premier League,2024-2025
10053,Paris Maghoma,8,89,0,0.0355504304170608,0,0.1064981892704963,1,1,0,0,S,Brentford,0,0.0355504304170608,1.1534059420228004,1.011357307434082,Premier League,2024-2025
10072,Samuel Edozie,2,57,0,0.0,0,0.0817131176590919,0,1,1,0,S,Southampton,0,0.0,0.6017810702323914,0.5200679302215576,Premier League,2024-2025
10120,Conor Bradley,19,736,0,1.1355030871927738,2,1.9162586014717815,10,7,4,0,D S,Liverpool,0,1.1355030871927738,7.865552997216582,5.193093849346042,Premier League,2024-2025
10184,Archie Gray,28,1729,0,0.0294456556439399,0,0.1526386328041553,1,3,1,0,D M S,Tottenham,0,0.0294456556439399,4.387982405722141,4.24487853422761,Premier League,2024-2025
10187,Jarell Quansah,13,478,0,0.0915264189243316,0,0.1051452979445457,1,2,2,0,D S,Liverpool,0,0.0915264189243316,2.4939724653959274,2.420603469014168,Premier League,2024-2025
10216,Lewis Hall,27,2200,0,0.5363848507404327,4,3.951083693653345,11,33,3,0,D S,Newcastle United,0,0.5363848507404327,12.689174748957155,10.644899234175682,Premier League,2024-2025
10292,Nathan Patterson,10,332,0,0.0711022391915321,1,0.4205229729413986,1,4,1,0,D S,Everton,0,0.0711022391915321,0.6194286607205868,0.4873095341026783,Premier League,2024-2025
10293,Toti,31,2622,0,0.9773350562900304,1,0.9932401478290558,7,9,7,0,D S,Wolverhampton Wanderers,0,0.9773350562900304,7.025007907301188,6.87811416387558,Premier League,2024-2025
10327,Chiquinho,1,5,0,0.0,0,0.0162079948931932,0,1,0,0,S,Wolverhampton Wanderers,0,0.0,0.0610991492867469,0.0610991492867469,Premier League,2024-2025
10564,Leny Yoro,21,1152,0,1.1257849335670471,0,0.0538205839693546,5,2,5,0,D S,Manchester United,0,1.1257849335670471,4.256799969822168,3.426286725327373,Premier League,2024-2025
10696,Noussair Mazraoui,37,2881,0,0.814534755423665,1,1.5644007651135323,13,20,3,0,D S,Manchester United,0,0.814534755423665,10.547775242477655,9.085838556289673,Premier League,2024-2025
10697,Ryan Gravenberch,37,3199,0,1.3318934980779886,4,2.415423891507089,20,26,6,1,M,Liverpool,0,1.3318934980779886,21.408910930156708,19.362357161939144,Premier League,2024-2025
10718,Jay Stansfield,1,1,0,0.0,0,0.0,0,0,0,0,S,Fulham,0,0.0,0.0,0.0,Premier League,2024-2025
10721,Sepp van den Berg,31,2602,0,2.1477734111249447,0,1.029765497893095,20,7,3,0,D S,Brentford,0,2.1477734111249447,11.545481179840865,9.674979363568127,Premier League,2024-2025
10747,James Hill,10,458,0,0.1945150233805179,1,0.3440760616213083,6,3,1,0,D S,Bournemouth,0,0.1945150233805179,2.397958781570196,2.091702576726675,Premier League,2024-2025
10758,Harry Toffolo,4,122,0,0.0225998293608427,0,0.0,1,0,1,0,D S,Nottingham Forest,0,0.0225998293608427,0.0423618219792842,0.0197619926184415,Premier League,2024-2025
10803,Tyrell Malacia,3,102,0,0.0,0,0.0620109774172306,0,1,1,0,D S,Manchester United,0,0.0,0.0620109774172306,0.0,Premier League,2024-2025
10864,Marcos Senesi,17,1117,0,0.6511894948780537,0,0.2382868472486734,2,5,5,0,D S,Bournemouth,0,0.6511894948780537,4.348518039099872,4.168585720472038,Premier League,2024-2025
10913,André Onana,34,3060,0,0.0,0,0.3146860003471374,0,1,0,0,GK,Manchester United,0,0.0,5.308094757609069,4.993408787064254,Premier League,2024-2025
10945,Santiago Bueno,29,1672,0,0.3284060172736645,0,0.0,6,0,2,0,D S,Wolverhampton Wanderers,0,0.3284060172736645,3.8933305330574512,3.8738088496029377,Premier League,2024-2025
11094,Antony,8,119,0,0.6254736389964819,0,0.2294500740244984,6,3,0,0,S,Manchester United,0,0.6254736389964819,1.066591788083315,0.3265676498413086,Premier League,2024-2025
11146,Ryan Trevitt,1,1,0,0.0,0,0.0,0,0,0,0,S,Brentford,0,0.0,0.0,0.0,Premier League,2024-2025
11164,Martial Godo,2,16,0,0.0,0,0.0834133774042129,0,1,0,0,S,Fulham,0,0.0,0.0834133774042129,0.0,Premier League,2024-2025
11167,Chadi Riad,1,90,0,0.0,0,0.0,0,0,0,0,D,Crystal Palace,0,0.0,0.3966957628726959,0.3966957628726959,Premier League,2024-2025
11174,Kobbie Mainoo,25,1660,0,0.7448182795196772,0,2.04548772983253,15,14,5,0,F M S,Manchester United,0,0.7448182795196772,6.994521474465728,4.4265395030379295,Premier League,2024-2025
11242,Divin Mubama,1,26,0,0.0625510141253471,0,0.0,1,0,0,0,S,Manchester City,0,0.0625510141253471,0.0,0.0,Premier League,2024-2025
11272,Nathan Butler-Oyedeji,1,1,0,0.0947556942701339,0,0.0,1,0,0,0,S,Arsenal,0,0.0947556942701339,0.0947556942701339,0.0,Premier League,2024-2025
11281,Michael Kayode,12,527,0,0.1810818612575531,1,0.98140287399292,2,8,2,0,D S,Brentford,0,0.1810818612575531,2.794493567198515,1.6320087760686874,Premier League,2024-2025
11305,Mykhailo Mudryk,7,133,0,0.1225307434797287,0,1.0799011290073397,1,2,0,0,M S,Chelsea,0,0.1225307434797287,1.4741904512047768,0.2717585638165474,Premier League,2024-2025
11317,Danilo,8,275,0,0.0,0,0.0,0,0,0,0,M S,Nottingham Forest,0,0.0,2.1522383373230696,2.1522383373230696,Premier League,2024-2025
11359,James Bree,17,1077,0,0.1093538105487823,1,1.0717255100607872,4,9,0,0,D S,Southampton,0,0.1093538105487823,3.7004061806946993,3.000851457938552,Premier League,2024-2025
11361,Daniel Bentley,2,180,0,0.0,0,0.0,0,0,0,0,GK,Wolverhampton Wanderers,0,0.0,0.0324226282536983,0.0324226282536983,Premier League,2024-2025
11367,Victor Kristiansen,30,2510,0,0.1595502030104398,1,1.6646690927445889,3,18,1,0,D M S,Leicester,0,0.1595502030104398,6.266841299831867,5.768991779536009,Premier League,2024-2025
11383,Renato Veiga,7,143,0,0.1354483440518379,0,0.0,3,0,2,0,M S,Chelsea,0,0.1354483440518379,0.8124905750155449,0.798570029437542,Premier League,2024-2025
11409,Kaelan Casey,1,1,0,0.0,0,0.0,0,0,0,0,S,West Ham,0,0.0,0.0,0.0,Premier League,2024-2025
11486,Illia Zabarnyi,36,3116,0,1.3495636964216828,1,0.9619763027876616,12,12,4,1,D S,Bournemouth,0,1.3495636964216828,7.431322017684579,7.211819479241967,Premier League,2024-2025
11618,Samuel Amo-Ameyaw,2,21,0,0.0327474772930145,0,0.0393431074917316,1,1,1,0,S,Southampton,0,0.0327474772930145,0.0720905885100364,0.0,Premier League,2024-2025
11633,Marc Guiu,3,60,0,0.0,0,0.0404958091676235,0,1,0,0,S,Chelsea,0,0.0,0.1076856106519699,0.1076856106519699,Premier League,2024-2025
11711,Bart Verbruggen,36,3240,0,0.0,1,0.0531018786132335,0,1,5,0,GK,Brighton,0,0.0,6.665416944772005,6.612315066158772,Premier League,2024-2025
11719,Chiedozie Ogbene,5,237,0,0.0,0,0.0733897127211093,0,2,0,0,M S,Ipswich,0,0.0,0.0863979430869221,0.0130082303658127,Premier League,2024-2025
11745,Julián Araujo,12,496,0,0.0,0,0.0628243163228035,0,1,2,0,D S,Bournemouth,0,0.0,1.8003496639430523,1.8003496639430523,Premier League,2024-2025
11763,Abduqodir Khusanov,6,506,0,0.015545766800642,0,0.105730659328401,1,2,1,0,D,Manchester City,0,0.015545766800642,2.7786731719970703,2.763522148132324,Premier League,2024-2025
11772,Yehor Yarmolyuk,31,1416,0,0.7878594100475311,0,1.025589969009161,9,9,6,0,M S,Brentford,0,0.7878594100475311,5.0115865878760815,4.212970476597548,Premier League,2024-2025
11815,Ben Brereton Díaz,10,438,0,1.3112603276968002,0,0.1556207612156868,11,3,1,0,F M S,Southampton,0,1.3112603276968002,2.001358740031719,0.5646974295377731,Premier League,2024-2025
11903,Oscar Bobb,3,9,0,0.0,0,0.0901587530970573,0,1,0,0,S,Manchester City,0,0.0,0.0901587530970573,0.0,Premier League,2024-2025
11926,Edson Álvarez,28,1772,0,0.319299204275012,1,0.7971771331503987,12,12,7,1,D M S,West Ham,0,0.319299204275012,4.297576429322362,3.420444831252098,Premier League,2024-2025
11944,Patrick Dorgu,12,843,0,0.3947257157415151,0,0.9689584393054248,10,11,3,1,D S,Manchester United,0,0.3947257157415151,2.922609027475118,1.9455055128782988,Premier League,2024-2025
11984,Youssef Chermiti,4,33,0,0.1710504256188869,0,0.0,3,0,1,0,S,Everton,0,0.1710504256188869,0.1371285207569599,0.0751712769269943,Premier League,2024-2025
12054,Altay Bayindir,4,360,0,0.0,0,0.0,0,0,0,0,GK,Manchester United,0,0.0,0.1752907931804657,0.1752907931804657,Premier League,2024-2025
12136,Kim Ji-Soo,3,19,0,0.0,0,0.0,0,0,0,0,S,Brentford,0,0.0,0.0,0.0,Premier League,2024-2025
12149,Alex Scott,20,764,0,0.7000175742432475,0,1.2158988821320236,15,12,3,0,M S,Bournemouth,0,0.7000175742432475,3.5423473911359906,1.8692646883428097,Premier League,2024-2025
12193,Alfie Dorrington,1,9,0,0.0,0,0.0,0,0,0,0,S,Tottenham,0,0.0,0.0,0.0,Premier League,2024-2025
12245,Tom King,1,1,0,0.0,0,0.0,0,0,0,0,S,Wolverhampton Wanderers,0,0.0,0.0,0.0,Premier League,2024-2025
12296,Lewis Orford,2,43,0,0.0156571604311466,0,0.0269074831157922,1,1,0,0,S,West Ham,0,0.0156571604311466,0.228230133652687,0.228230133652687,Premier League,2024-2025
12358,Oliver Scarles,15,644,0,0.1373369004577398,0,0.1161051169037818,3,3,1,0,D M S,West Ham,0,0.1373369004577398,0.7346537318080664,0.5881846826523542,Premier League,2024-2025
12409,Adam Wharton,20,1337,0,0.3357602218165993,2,3.3524712435901165,13,26,2,0,M S,Crystal Palace,0,0.3357602218165993,6.537219719961286,5.249624631367624,Premier League,2024-2025
12410,Joshua King,8,115,0,0.5880258642137051,0,0.7531819939613342,3,3,0,0,M S,Fulham,0,0.5880258642137051,1.37447259016335,0.4954258985817432,Premier League,2024-2025
12455,Jayden Danns,1,3,0,0.0,0,0.0,0,0,0,0,S,Liverpool,0,0.0,0.0,0.0,Premier League,2024-2025
12461,Toby Collyer,6,159,0,0.0509475357830524,0,0.1618404779583215,1,2,0,0,S,Manchester United,0,0.0509475357830524,0.8362514898180962,0.6744109764695168,Premier League,2024-2025
12535,Josh Acheampong,4,172,0,0.168215662240982,0,0.0,2,0,1,0,D S,Chelsea,0,0.168215662240982,0.6639772951602936,0.6639772951602936,Premier League,2024-2025
12559,Harry Amass,5,347,0,0.0897043105214834,0,0.0491649769246578,3,1,0,0,D S,Manchester United,0,0.0897043105214834,1.3546761870384216,1.2308019548654556,Premier League,2024-2025
12595,Hákon Valdimarsson,2,145,0,0.0,0,0.0,0,0,0,0,GK S,Brentford,0,0.0,0.2378901988267898,0.2378901988267898,Premier League,2024-2025
12603,Mikey Moore,10,351,0,0.1638267338275909,1,0.6736010685563087,3,3,0,0,F M S,Tottenham,0,0.1638267338275909,1.1337775886058807,0.846306886523962,Premier League,2024-2025
12633,Yunus Konak,10,25,0,0.1090388596057891,0,0.0,1,0,0,0,S,Brentford,0,0.1090388596057891,0.4191711246967315,0.3101322650909424,Premier League,2024-2025
12746,Luke Woolfenden,15,1170,0,0.0580514557659626,0,0.0,1,0,2,0,D S,Ipswich,0,0.0580514557659626,1.306849337182939,1.306849337182939,Premier League,2024-2025
12747,Massimo Luongo,11,185,0,0.0,0,0.0,0,0,0,0,M S,Ipswich,0,0.0,0.0,0.0,Premier League,2024-2025
12749,Wes Burns,18,962,0,0.4133827127516269,1,2.204632848501205,7,10,1,0,M S,Ipswich,0,0.4133827127516269,3.0202110949903727,0.9018877614289522,Premier League,2024-2025
12751,Ali Al-Hamadi,11,98,0,0.5323996320366859,0,0.0784954708069562,4,2,3,0,S,Ipswich,0,0.5323996320366859,0.6907828329131007,0.2454970953986048,Premier League,2024-2025
12753,Marcus Harness,2,37,0,0.0,0,0.0,0,0,0,0,S,Ipswich,0,0.0,0.0,0.0,Premier League,2024-2025
12755,Cameron Burgess,18,1538,0,0.9312757514417171,2,0.376679259352386,10,7,0,0,D S,Ipswich,0,0.9312757514417171,4.114149808883667,3.429916113615036,Premier League,2024-2025
12757,Harrison Armstrong,3,41,0,0.2571773827075958,0,0.0711022391915321,1,1,1,0,S,Everton,0,0.2571773827075958,0.3282796144485473,0.0,Premier League,2024-2025
12762,Joe Lumley,3,270,0,0.0,0,0.0,0,0,0,0,GK,Southampton,0,0.0,0.1313364058732986,0.1313364058732986,Premier League,2024-2025
12763,Nathan Wood,11,780,0,0.2937855720520019,0,0.0214793030172586,2,1,2,0,D S,Southampton,0,0.2937855720520019,2.371581122279167,2.3501018211245537,Premier League,2024-2025
12765,Eric da Silva Moreira,2,27,0,0.0,0,0.0,0,0,0,0,S,Nottingham Forest,0,0.0,0.0,0.0,Premier League,2024-2025
12774,Andy Irving,10,142,0,0.1081755189225077,0,0.2821362912654876,4,1,2,0,M S,West Ham,0,0.1081755189225077,1.0017768368124962,0.9420072957873344,Premier League,2024-2025
12775,Kosta Nedeljkovic,5,109,0,0.0,0,0.0,0,0,0,0,S,Aston Villa,0,0.0,0.1857971288263797,0.1857971288263797,Premier League,2024-2025
12782,Woyo Coulibaly,4,107,0,0.0745922476053237,0,0.0,2,0,1,0,D S,Leicester,0,0.0745922476053237,0.0910294447094202,0.0164371971040964,Premier League,2024-2025
12808,Mathis Amougou,1,5,0,0.0,0,0.0,0,0,0,0,S,Chelsea,0,0.0,0.0,0.0,Premier League,2024-2025
12880,Albert Grønbæk,4,150,0,0.0602192617952823,0,0.0312254857271909,2,1,0,0,F M S,Southampton,0,0.0602192617952823,0.0834532883018255,0.0232340265065431,Premier League,2024-2025
12910,Mads Hermansen,27,2388,0,0.0,0,0.0,0,0,1,0,GK,Leicester,0,0.0,2.3339753225445747,2.3339753225445747,Premier League,2024-2025
12911,Abdul Fatawu,11,571,0,0.466048689559102,2,1.4724965319037435,13,6,0,0,D F M S,Leicester,0,0.466048689559102,2.3615895370021462,1.3566849753260612,Premier League,2024-2025
12912,Lucas Bergvall,27,1187,0,0.6092278761789203,1,0.7203583419322968,11,11,3,0,M S,Tottenham,0,0.6092278761789203,5.082979638129473,4.340266279876232,Premier League,2024-2025
12946,Roman Dixon,1,90,0,0.0,0,0.0,0,0,0,0,D,Everton,0,0.0,0.0885984823107719,0.0885984823107719,Premier League,2024-2025
12947,George Edmundson,1,1,0,0.0,0,0.0,0,0,0,0,S,Ipswich,0,0.0,0.0,0.0,Premier League,2024-2025
13019,Jack Clarke,32,1151,0,1.3016396705061195,4,2.666540065780282,17,28,2,0,M S,Ipswich,0,1.3016396705061195,5.49640105292201,1.9239521846175196,Premier League,2024-2025
13022,André,33,2538,0,0.2956870160996914,0,0.8052516058087349,10,18,7,0,M S,Wolverhampton Wanderers,0,0.2956870160996914,9.497647654265164,8.866849983111024,Premier League,2024-2025
13026,Luis Guilherme,12,121,0,0.3657259922474623,0,0.1099593006074428,4,3,0,0,M S,West Ham,0,0.3657259922474623,0.7313005086034536,0.4087594524025917,Premier League,2024-2025
13039,Asher Agbinone,2,2,0,0.0151914963498711,0,0.0238666459918022,1,1,0,0,S,Crystal Palace,0,0.0151914963498711,0.0369486222043633,0.0130819762125611,Premier League,2024-2025
13067,Jayden Meghoma,1,3,0,0.0,0,0.0,0,0,0,0,S,Brentford,0,0.0,0.0,0.0,Premier League,2024-2025
13068,Morato,26,852,0,0.1037580780684948,0,0.0,2,0,5,0,D S,Nottingham Forest,0,0.1037580780684948,2.077718833461404,2.077718833461404,Premier League,2024-2025
13080,Ayden Heaven,4,167,0,0.060109693557024,0,0.0120950564742088,2,1,1,0,D S,Manchester United,0,0.060109693557024,0.3067154213786125,0.2946203574538231,Premier League,2024-2025
13092,Carlos Forbs,10,210,0,0.1455498486757278,0,0.0350774861872196,2,1,2,0,M S,Wolverhampton Wanderers,0,0.1455498486757278,0.452562496997416,0.3067525858059525,Premier League,2024-2025
13103,Vítezslav Jaros,1,9,0,0.0,0,0.0,0,0,0,0,S,Liverpool,0,0.0,0.0,0.0,Premier League,2024-2025
13117,Alfie Pond,1,1,0,0.0,0,0.0,0,0,0,0,S,Wolverhampton Wanderers,0,0.0,0.0,0.0,Premier League,2024-2025
13127,Will Lankshear,3,6,0,0.0,0,0.0,0,0,0,0,S,Tottenham,0,0.0,0.0,0.0,Premier League,2024-2025
13130,Caleb Kporha,2,5,0,0.0,0,0.0,0,0,0,0,S,Crystal Palace,0,0.0,0.0719930911436677,0.0719930911436677,Premier League,2024-2025
13133,Harry Clarke,7,378,0,0.0565143525600433,0,0.0654058307409286,1,1,1,1,D S,Ipswich,0,0.0565143525600433,1.269033445045352,1.269033445045352,Premier League,2024-2025
13134,Ryan Manning,24,1495,0,0.336783405393362,1,3.371531819924712,8,34,2,0,D M S,Southampton,0,0.336783405393362,5.233867669478059,3.998649872839451,Premier League,2024-2025
13156,Pedro Lima,3,68,0,0.05142717435956,0,0.0718730613589286,1,2,0,0,D S,Wolverhampton Wanderers,0,0.05142717435956,0.1370548047125339,0.0547929070889949,Premier League,2024-2025
13185,Jahmai Simpson-Pusey,2,94,0,0.0,0,0.0,0,0,1,0,D S,Manchester City,0,0.0,1.0117364432662723,1.0117364432662723,Premier League,2024-2025
13222,Thiago,8,148,0,0.1094420123845338,0,0.1144553758203983,2,2,0,0,F S,Brentford,0,0.1094420123845338,0.6678886283189058,0.4439912438392639,Premier League,2024-2025
13239,Ronnie Edwards,1,7,0,0.0,0,0.0,0,0,0,0,S,Southampton,0,0.0,0.0,0.0,Premier League,2024-2025
13242,Ben Winterburn,4,17,0,0.0,0,0.0,0,0,0,0,S,Bournemouth,0,0.0,0.0161151830106973,0.0161151830106973,Premier League,2024-2025
13301,Jakub Stolarczyk,10,900,0,0.0,0,0.0,0,0,1,0,GK,Leicester,0,0.0,1.888207919895649,1.888207919895649,Premier League,2024-2025
13302,Will Alves,1,1,0,0.0,0,0.0,0,0,0,0,S,Leicester,0,0.0,0.0,0.0,Premier League,2024-2025
13307,Remy Rees-Dottin,1,1,0,0.0,0,0.0,0,0,0,0,S,Bournemouth,0,0.0,0.0,0.0,Premier League,2024-2025
13348,Antonín Kinsky,6,540,0,0.0,0,0.2203462421894073,0,1,0,0,GK,Tottenham,0,0.0,1.1644498407840729,1.1644498407840729,Premier League,2024-2025
13351,Zain Silcott-Duberry,1,1,0,0.0,0,0.0,0,0,0,0,S,Bournemouth,0,0.0,0.0,0.0,Premier League,2024-2025
13380,Vitor Reis,1,1,0,0.0,0,0.0,0,0,0,0,S,Manchester City,0,0.0,0.0,0.0,Premier League,2024-2025
13392,Andrés García,7,325,0,0.0354386642575264,0,0.2688065897673368,2,3,0,0,D S,Aston Villa,0,0.0354386642575264,1.4220801051706076,1.2403724566102028,Premier League,2024-2025
13403,Welington,10,481,0,0.0432555852457881,0,0.0715155974030494,3,3,1,0,D M S,Southampton,0,0.0432555852457881,0.4047743640840053,0.3332587666809559,Premier League,2024-2025
13459,Eiran Cashin,2,18,0,0.0,0,0.0,0,0,0,0,S,Brighton,0,0.0,0.0103836124762892,0.0103836124762892,Premier League,2024-2025
13463,Nasser Djiga,5,65,0,0.0,0,0.0,0,0,0,0,D S,Wolverhampton Wanderers,0,0.0,0.0750548839569091,0.0750548839569091,Premier League,2024-2025
13466,Chido Obi-Martin,7,145,0,0.5575938895344734,0,0.0,5,0,1,0,F S,Manchester United,0,0.5575938895344734,0.8561866730451584,0.3446618169546127,Premier League,2024-2025
13467,Tyler Fredricson,2,170,0,0.0,0,0.0,0,0,0,0,D,Manchester United,0,0.0,0.294110395014286,0.294110395014286,Premier League,2024-2025
13474,Julio Soler,3,7,0,0.0,0,0.0,0,0,0,0,S,Bournemouth,0,0.0,0.0,0.0,Premier League,2024-2025
13476,Shumaira Mheuka,1,1,0,0.0250541865825653,0,0.0,1,0,0,0,S,Chelsea,0,0.0250541865825653,0.0,0.0,Premier League,2024-2025
13484,Mateus Mané,1,1,0,0.0,0,0.0,0,0,0,0,S,Wolverhampton Wanderers,0,0.0,0.0,0.0,Premier League,2024-2025
13579,Jeremy Monga,7,77,0,0.2071486935019493,0,0.0185432843863964,3,1,0,0,S,Leicester,0,0.2071486935019493,0.3133860789239406,0.0876941084861755,Premier League,2024-2025
13582,Jay Robinson,4,122,0,0.0555344186723232,0,0.6817478071898222,1,3,0,0,M S,Southampton,0,0.0555344186723232,0.873368987813592,0.1360867917537689,Premier League,2024-2025
13584,Harry Howell,1,4,0,0.0,0,0.0,0,0,0,0,S,Brighton,0,0.0,0.0143614057451486,0.0143614057451486,Premier League,2024-2025
13585,Jake Evans,4,12,0,0.0,0,0.0,0,0,0,0,S,Leicester,0,0.0,0.0,0.0,Premier League,2024-2025
13586,Olabade Aluko,1,1,0,0.0,0,0.0,0,0,0,0,S,Leicester,0,0.0,0.0,0.0,Premier League,2024-2025
13588,Gustavo Nunes,3,8,0,0.0,0,0.0,0,0,0,0,S,Brentford,0,0.0,0.0,0.0,Premier League,2024-2025
13606,Michael Golding,1,1,0,0.0,0,0.0,0,0,0,0,S,Leicester,0,0.0,0.0,0.0,Premier League,2024-2025
13636,Joachim Kayi-Sanda,2,9,0,0.0,0,0.0,0,0,0,0,S,Southampton,0,0.0,0.1360867917537689,0.1360867917537689,Premier League,2024-2025
13649,Claudio Echeverri,1,4,0,0.0,0,0.0,0,0,0,0,S,Manchester City,0,0.0,0.0,0.0,Premier League,2024-2025
3423,Kylian Mbappe-Lottin,34,2938,31,30.135635502636436,3,9.394114961847665,161,51,3,1,F,Real Madrid,24,23.446136973798275,38.31346391141415,11.081679956056178,La Liga,2024-2025
227,Robert Lewandowski,34,2716,27,29.41433861851692,2,2.4752993676811457,115,18,1,0,F S,Barcelona,24,26.441228091716766,29.242779716849327,6.6593545116484165,La Liga,2024-2025
1235,Ante Budimir,38,3008,21,20.66943975351751,4,1.8783285655081272,99,16,4,0,F S,Osasuna,13,14.723218826577067,14.999033909291027,1.534797454252839,La Liga,2024-2025
6531,Alexander Sørloth,35,1525,20,20.454832896590236,2,1.304560586810112,79,13,4,0,F S,Atletico Madrid,19,19.711555287241936,21.53670882433653,2.1480457819998264,La Liga,2024-2025
770,Ayoze Pérez,30,1987,19,15.228042975068092,2,3.1279250010848045,75,32,4,0,F S,Villarreal,19,15.228042975068092,19.885818392038345,3.779487994499505,La Liga,2024-2025
8026,Raphinha,36,2862,18,19.26599541865289,10,13.527044044807552,114,91,4,0,F M S,Barcelona,16,17.779440259560943,39.28257852047682,13.650435471907258,La Liga,2024-2025
10846,Julián Álvarez,37,2543,17,14.1592972795479,4,6.458727004006505,72,41,5,0,F M S,Atletico Madrid,13,11.186186812352387,25.16218076646328,9.433768885210156,La Liga,2024-2025
7779,Oihan Sancet,29,1645,15,10.459016836248338,1,1.8577970825135708,50,21,3,0,F M S,Athletic Club,12,8.229184023104608,12.246665179729462,4.23063094355166,La Liga,2024-2025
5074,Kike García,35,2571,13,10.712679820135236,0,0.7632435280829668,63,13,3,1,F S,Alaves,10,8.482846969738603,9.772033462300897,2.0982022918760777,La Liga,2024-2025
6933,Javi Puado,35,3023,12,11.94582846853882,4,2.969266129657626,71,22,8,0,F M,Espanyol,7,8.229440444149077,13.288859393447638,3.4392381412908435,La Liga,2024-2025
1709,Cristhian Stuani,32,998,11,8.713445205241442,2,0.4286095313727855,34,7,4,0,F S,Girona,8,6.48361237719655,5.798142310231924,0.6325159445405006,La Liga,2024-2025
2543,Borja Iglesias,37,1968,11,11.553197539411483,3,3.1776098990812898,46,18,2,0,F S,Celta Vigo,11,11.553197539411483,16.69970811251551,3.1693250574171543,La Liga,2024-2025
5706,Dodi Lukebakio,38,3117,11,9.242684002034366,2,5.390696790069342,94,54,3,1,F M S,Sevilla,10,8.499406362883747,14.772395074367523,3.354012044146657,La Liga,2024-2025
6637,Hugo Duro,31,2180,11,10.968763902783394,2,1.450842097401619,48,13,5,0,F S,Valencia,10,10.225486233830452,10.645109824836254,0.9808358121663332,La Liga,2024-2025
7008,Vinícius Júnior,30,2267,11,12.775075949728487,8,8.639302698895335,81,58,8,1,F M S,Real Madrid,9,10.545243106782436,23.5002229064703,7.632643768563867,La Liga,2024-2025
12916,Thierno Barry,35,2322,11,15.059573616832497,4,3.666274566203356,73,24,4,0,F S,Villarreal,10,14.316296067088842,19.066308550536636,4.0202120169997215,La Liga,2024-2025
2290,Iago Aspas,30,1751,10,8.271357234567404,5,4.823453789576888,52,38,4,1,F M S,Celta Vigo,5,3.8116914834827194,11.48705436103046,5.211289323866367,La Liga,2024-2025
3264,Mauro Arambarri,35,2670,10,9.48172677308321,0,0.6496659852564335,56,18,10,0,F M S,Getafe,7,7.251893870532513,9.033397678285835,3.090469960123301,La Liga,2024-2025
6441,Ferrán Torres,27,1093,10,9.682402739301324,6,3.556156000122428,48,19,1,1,F M S,Barcelona,10,9.682402739301324,14.058789663016796,2.258015837520361,La Liga,2024-2025
8292,Dani Olmo,25,1221,10,6.638132888823748,4,3.851693106815219,42,27,1,0,M S,Barcelona,8,5.151577670127153,17.126844070851803,9.938899960368872,La Liga,2024-2025
8778,Fabio Silva,24,1902,10,9.277339147403836,3,2.487750245258212,49,16,7,0,F M S,Las Palmas,8,7.047506239265204,9.964714661240578,2.4896166315302253,La Liga,2024-2025
2234,Mikel Oyarzabal,35,2291,9,10.296421762555838,3,2.9014988150447607,43,15,4,1,F M S,Real Sociedad,5,7.323311295360327,14.105824938043952,4.8401750745251775,La Liga,2024-2025
2255,Isco,22,1565,9,8.83439864218235,8,5.053291022777557,44,61,5,0,M S,Real Betis,4,4.374732851982117,11.564061842858791,5.605048647150397,La Liga,2024-2025
2537,Sandro Ramírez,31,2086,9,4.299026200547814,3,3.498643457889557,52,28,6,0,F M S,Las Palmas,8,3.555748550221324,7.435247108340263,2.219607894308865,La Liga,2024-2025
8824,Jude Bellingham,31,2510,9,13.084144294261932,8,4.306040400639176,62,43,5,1,M S,Real Madrid,8,11.597589049488306,24.68224741518497,15.25862560980022,La Liga,2024-2025
11527,Lamine Yamal,35,2879,9,11.593033526092768,13,14.466477727517486,144,64,3,0,F M S,Barcelona,9,11.593033526092768,38.30787461996079,18.00324920192361,La Liga,2024-2025
2270,Antoine Griezmann,38,2514,8,8.413829022087157,7,8.116289479658008,50,48,2,0,F M S,Atletico Madrid,7,6.927273713983595,19.78995059709996,9.18062005378306,La Liga,2024-2025
5199,Raba,29,1925,8,7.210522370878607,6,6.12695131637156,44,46,6,0,F M S,Leganes,4,3.49413430178538,9.66063447855413,2.529050065204501,La Liga,2024-2025
5681,Giovani Lo Celso,25,1437,8,4.725559396669269,3,4.672125656157732,34,43,4,0,M S,Real Betis,6,2.495726527646184,9.40762997791171,4.948757715523243,La Liga,2024-2025
9694,Diego López,38,2839,8,6.927521674893796,5,5.98000256344676,44,37,3,0,D F M S,Valencia,8,6.927521674893796,16.81591833010316,6.181694879196584,La Liga,2024-2025
7020,Gorka Guruzeta,36,1856,7,6.789272961206734,2,1.4514029724523425,59,15,2,0,F M S,Athletic Club,7,6.789272961206734,9.18936501443386,2.057082111015916,La Liga,2024-2025
8417,Álex Baena,32,2639,7,7.195329947397113,9,12.612854413688185,70,95,9,0,F M S,Villarreal,7,6.452052278444171,23.495316974818707,10.70790826343,La Liga,2024-2025
9002,Vedat Muriqi,29,2081,7,10.985502218827603,2,2.699738325551152,54,27,1,2,F S,Mallorca,5,8.755669390782714,10.095736857503653,1.4222737727686765,La Liga,2024-2025
11340,Cyle Larin,32,1781,7,7.244329610839486,2,1.5815904028713703,39,8,4,0,F S,Mallorca,6,6.501052031293511,6.705597769469023,1.3051558434963226,La Liga,2024-2025
2399,Iñaki Williams,35,2659,6,10.159808551892638,8,8.788650624454021,63,43,1,0,F M S,Athletic Club,6,10.159808551892638,21.10827152617276,8.164707442745566,La Liga,2024-2025
5091,Alex Berenguer,36,2381,6,7.480133118107915,7,6.045956780202687,52,48,4,0,F M S,Athletic Club,6,6.736855478957295,15.5762422606349,6.666818654164672,La Liga,2024-2025
6241,Federico Valverde,36,3035,6,2.51164136454463,4,4.406744165346026,57,39,4,0,D M S,Real Madrid,6,2.51164136454463,28.01436400040984,23.317611841484904,La Liga,2024-2025
8015,Rodrygo,30,1965,6,4.724242024123669,5,4.003597529605031,54,48,0,0,F M S,Real Madrid,6,4.724242024123669,17.572716595605016,11.508674619719386,La Liga,2024-2025
8107,Jorge De Frutos,36,2573,6,7.007565116509795,3,4.134156552609056,52,31,3,1,F M S,Rayo Vallecano,6,7.007565116509795,13.923229448497295,4.136822251603007,La Liga,2024-2025
11822,Fermín López,28,1224,6,4.756551628932357,5,4.712301393970847,41,29,4,1,M S,Barcelona,6,4.756551628932357,15.650715451687574,7.853520656004548,La Liga,2024-2025
12160,Alberto Moleiro,35,2765,6,5.749200511723757,1,3.676157739944756,68,41,5,0,F M S,Las Palmas,6,5.749200511723757,12.830253762193024,5.828310145065188,La Liga,2024-2025
13350,Roberto Fernández,19,1537,6,3.2452549929730594,0,0.8934735935181379,21,8,1,0,F S,Espanyol,6,3.2452549929730594,5.28150574862957,1.4016210669651628,La Liga,2024-2025
1450,Umar Sadiq,23,1040,5,4.483702819794416,0,0.8914264300838113,25,7,5,0,F S,"Real Sociedad,Valencia",5,4.483702819794416,5.731123803183436,1.367764050140977,La Liga,2024-2025
2122,Joan Jordán,25,1397,5,4.278463607653976,2,2.1695005875080824,17,30,4,0,M S,Alaves,2,1.3053531553596258,4.523949593305588,3.4168765898793936,La Liga,2024-2025
2183,Rubén García,36,2481,5,2.820138428360224,5,5.068325296510011,27,49,2,0,F M S,Osasuna,5,2.820138428360224,8.147512812167406,3.837343811988831,La Liga,2024-2025
2252,Borja Mayoral,24,1064,5,4.096165407449007,1,1.3159064333885908,20,8,0,0,F S,Getafe,4,3.352887751534581,5.958818988874555,1.8407440036535263,La Liga,2024-2025
2433,Mamadou Sylla,29,1569,5,4.97304823808372,1,0.9637680817395448,22,13,5,0,F M S,Real Valladolid,1,1.99993778206408,3.720175037160516,1.235566534101963,La Liga,2024-2025
6759,Juan Cruz,34,2292,5,2.7526479018852115,4,4.149010988883674,33,25,2,0,D F M S,Leganes,5,2.7526479018852115,7.974728053435683,2.569998520426452,La Liga,2024-2025
6954,Juan Camilo Hernández,15,1172,5,4.771737363189459,1,1.6117898169904947,43,14,0,0,F S,Real Betis,5,4.771737363189459,8.0953758507967,2.4433456528931856,La Liga,2024-2025
8001,Takefusa Kubo,36,2392,5,4.224737480282784,0,5.490435244515538,43,45,5,0,F M S,Real Sociedad,5,4.224737480282784,14.762839745730162,6.52563825622201,La Liga,2024-2025
8424,Aimar Oroz,37,3027,5,4.505093781277537,4,4.083869905211031,49,39,7,0,F M S,Osasuna,4,3.7618161272257566,14.308762029744685,9.082503446377814,La Liga,2024-2025
9211,Nico Williams,29,1994,5,4.596975972875953,5,4.1709328312426805,55,40,1,0,M S,Athletic Club,5,4.596975972875953,13.329007916152475,6.340902808122337,La Liga,2024-2025
9241,Alfon,26,1382,5,4.900045620277524,2,3.2016264870762825,45,24,1,1,F M S,Celta Vigo,5,4.900045620277524,10.40202185884118,3.85110298357904,La Liga,2024-2025
11094,Antony,17,1372,5,2.7814827393740416,2,4.681491408497095,43,37,2,1,M S,Real Betis,5,2.7814827393740416,9.913269273936749,5.053524797782302,La Liga,2024-2025
12294,Carlos Vicente,37,3114,5,3.139239792712033,5,6.42431272752583,37,62,3,0,D F M S,Alaves,4,2.3959621535614133,8.250345922075212,2.7149507738649845,La Liga,2024-2025
2106,Munir,25,844,4,1.4313753638416529,0,0.7138976156711578,21,8,1,1,F M S,Leganes,4,1.4313753638416529,3.3005733154714108,1.6323035079985857,La Liga,2024-2025
2275,Ángel Correa,31,721,4,5.39614194072783,1,2.083751233294606,34,14,3,1,F S,Atletico Madrid,4,5.39614194072783,10.365330005064608,3.893400449305773,La Liga,2024-2025
6168,Leandro Cabrera,33,2878,4,1.607494529336691,2,0.9267808236181736,19,9,4,1,D S,Espanyol,4,1.607494529336691,5.69407269731164,4.897837527096272,La Liga,2024-2025
6400,Antonio Martínez,28,965,4,3.818366212770343,0,0.6796954162418842,44,12,1,0,F S,Alaves,4,3.818366212770343,4.94347195327282,1.5181170348078012,La Liga,2024-2025
6421,Brahim Diaz,31,1368,4,6.341729912906885,2,3.2998767849057917,28,23,0,0,F M S,Real Madrid,4,6.341729912906885,17.9341297224164,10.24693552032113,La Liga,2024-2025
6766,Dani Vivian,32,2590,4,2.3003999516367912,0,0.6736323088407516,19,10,3,0,D S,Athletic Club,4,2.3003999516367912,10.329670087434351,9.05257697403431,La Liga,2024-2025
7070,Santiago Comesaña,35,2597,4,4.790394257754088,2,2.9417879972606897,39,28,7,0,M S,Villarreal,4,4.790394257754088,16.32327102124691,12.05175619572401,La Liga,2024-2025
7071,Álvaro García,36,2581,4,7.53607615083456,5,5.74425695091486,71,49,4,0,F M S,Rayo Vallecano,4,7.53607615083456,16.058995511382818,4.641992820426822,La Liga,2024-2025
7350,Yangel Herrera,29,2293,4,4.82616575434804,3,2.40681491047144,39,16,10,1,M S,Girona,4,4.82616575434804,8.74448224529624,4.21010279469192,La Liga,2024-2025
7549,Abel Ruiz,23,1383,4,4.9005944691598415,0,0.4394183754920959,23,8,3,0,F S,Girona,3,3.41403915733099,4.868652863427997,1.384280538186431,La Liga,2024-2025
7841,Dani Rodríguez,37,2207,4,3.405790278688073,7,4.1755089005455375,31,33,5,0,F M S,Mallorca,4,3.405790278688073,6.866879858076572,3.309280155226588,La Liga,2024-2025
7870,Luis Rioja,37,2898,4,3.95416249614209,3,4.479461559094489,30,35,6,0,D M S,"Alaves,Valencia",2,2.467607277445495,9.84668375365436,5.419024623930454,La Liga,2024-2025
8042,Raul García,32,673,4,3.332692926749587,0,0.6854467298835516,26,3,1,0,F S,Osasuna,4,3.332692926749587,3.980593908578157,0.299630843102932,La Liga,2024-2025
8066,Arnaut Danjuma Groeneveld,28,1562,4,4.417052231729031,0,2.2786391004920006,36,24,3,0,F M S,"Girona,Villarreal",4,4.417052231729031,6.554220780730248,1.8586476054042576,La Liga,2024-2025
8409,Juanlu Sanchez,32,1740,4,2.918187398463488,4,2.713099295273423,13,25,4,1,D F M S,Sevilla,4,2.918187398463488,9.498570716939868,5.508796711452305,La Liga,2024-2025
8584,Raul Moro,33,2352,4,4.517319541424513,5,5.584715690463781,45,44,2,0,F M S,Real Valladolid,4,4.517319541424513,10.957694323733447,3.582897931337357,La Liga,2024-2025
8696,Pape Alassane Gueye,34,2246,4,3.8907218649983406,0,1.5439291521906853,54,16,4,2,F M S,Villarreal,4,3.8907218649983406,10.799056436866522,6.800886146724224,La Liga,2024-2025
8935,Pedri,37,2941,4,2.5104309488087893,5,7.80679078027606,24,70,3,0,M S,Barcelona,4,2.5104309488087893,31.42633649148047,23.62103444710374,La Liga,2024-2025
9011,Óscar Mingueza,34,2761,4,2.1649911515414715,6,5.681514337658882,33,33,6,0,D M S,Celta Vigo,4,2.1649911515414715,19.6336851362139,15.253742268308995,La Liga,2024-2025
9024,Yeremi Pino,34,1984,4,3.981011871248484,7,5.7880224250257015,29,39,11,0,M S,Villarreal,4,3.981011871248484,14.707165252417326,6.185822805389762,La Liga,2024-2025
9812,Isi Palazón,35,2166,4,5.376986410468817,4,4.5106864450499415,61,47,5,0,F M S,Rayo Vallecano,4,5.376986410468817,10.833110814914107,5.453833153471351,La Liga,2024-2025
9815,Pathé Ciss,33,2166,4,2.5608618520200253,1,1.4429276585578918,21,17,12,0,D M S,Rayo Vallecano,4,2.5608618520200253,8.696649100631475,7.0498334765434265,La Liga,2024-2025
10078,Hugo Álvarez,26,1572,4,2.689221888780594,3,1.5981045421212912,25,18,6,0,D M S,Celta Vigo,4,2.689221888780594,10.966527298092842,7.376502707600594,La Liga,2024-2025
10870,Williot Swedberg,32,1329,4,5.415778731927276,5,2.35014989040792,32,16,1,0,F M S,Celta Vigo,4,5.415778731927276,9.57019367441535,3.778790196403861,La Liga,2024-2025
10947,Ramón Terrats,26,1356,4,2.913407781161368,1,3.267416248098016,21,17,2,0,F M S,"Getafe,Villarreal",4,2.913407781161368,8.115381550043821,3.238492589443922,La Liga,2024-2025
11154,Pablo Durán,27,1393,4,3.09553406946361,4,3.1764622405171394,26,18,3,0,F M S,Celta Vigo,4,3.09553406946361,6.573258327320218,1.7288688998669386,La Liga,2024-2025
12302,Vitor Roque,22,1252,4,6.066845575347543,0,1.750490065664053,41,12,4,0,F S,Real Betis,4,6.066845575347543,8.748203298076987,1.5339927803725004,La Liga,2024-2025
12305,Isaac Romero,31,2200,4,8.177621133625507,2,2.5907919127494097,54,20,10,1,F M S,Sevilla,4,7.43434352427721,10.549905876629056,1.726088616065681,La Liga,2024-2025
12726,Christantus Uche,33,2542,4,3.5409127213060856,6,4.277017377316952,50,29,5,2,F M S,Getafe,4,3.5409127213060856,10.609380455687642,4.319228434935212,La Liga,2024-2025
1145,Rodrigo de Paul,34,2137,3,1.467378824017942,5,5.930679908953607,19,42,7,0,M S,Atletico Madrid,3,1.467378824017942,17.426378836855292,13.48079302161932,La Liga,2024-2025
1621,Marcos Alonso,31,2660,3,4.144722926430404,0,1.8526116041466596,34,21,9,2,D S,Celta Vigo,0,1.9148900685831904,12.612315428443251,11.55401865579188,La Liga,2024-2025
1736,Oliver McBurnie,34,1835,3,6.037325001321733,6,3.4504245165735483,32,23,3,0,F S,Las Palmas,3,6.037325001321733,10.23814307153225,1.5718960762023926,La Liga,2024-2025
2120,Gerard Moreno,17,698,3,3.90459007024765,2,3.8606379739940166,26,17,0,0,F S,Villarreal,0,1.6747572422027588,6.936984864063561,3.757630412466824,La Liga,2024-2025
2378,Daniel Parejo,36,2279,3,2.6434455886483192,3,1.2766990754753351,14,23,8,0,M S,Villarreal,2,1.156890369951725,12.423127504065633,11.499670285731554,La Liga,2024-2025
4091,Unai López,32,1740,3,1.5628475891426206,1,0.9076807517558336,26,19,9,1,M S,Rayo Vallecano,3,1.5628475891426206,6.345573823899031,4.654164179228246,La Liga,2024-2025
4175,Pere Milla,20,402,3,1.566716724075377,0,0.3911232464015484,11,5,3,0,M S,Espanyol,3,1.566716724075377,1.763829761184752,0.1153790983371436,La Liga,2024-2025
5137,Álex Muñoz,21,1443,3,1.1511703273281455,0,0.5306877195835114,9,7,3,0,D S,Las Palmas,3,1.1511703273281455,5.856701044365764,4.921549832448363,La Liga,2024-2025
5179,Jon Guridi,33,2149,3,4.341560154221952,1,1.142053421586752,24,17,6,0,F M S,Alaves,2,3.598282544873655,5.9514668844640255,2.387185577303171,La Liga,2024-2025
5656,Nicolas Pepe,28,1483,3,5.282411629334092,6,5.504750292748213,39,33,3,0,F M S,Villarreal,3,5.282411629334092,13.806489046663046,4.777184067294002,La Liga,2024-2025
6227,Brais Méndez,27,1552,3,4.05005325563252,2,2.2719360133633018,28,23,4,0,F M S,Real Sociedad,3,4.05005325563252,6.52224512770772,1.4750360362231731,La Liga,2024-2025
6324,Marash Kumbulla,35,2981,3,2.694772657006979,0,0.2868086397647857,16,1,9,0,D S,Espanyol,3,2.694772657006979,3.5295769898220897,3.123299193568528,La Liga,2024-2025
7050,Lucas Torró,35,2983,3,2.6740165650844574,0,0.9804754853248596,30,10,10,0,M,Osasuna,3,2.6740165650844574,6.212580701336265,5.214350013062358,La Liga,2024-2025
7338,Bryan Gil Salvatierra,25,1769,3,2.3540807403624058,3,2.9273234866559505,32,22,4,0,D F M S,Girona,3,2.3540807403624058,7.851792827248573,4.512992458418012,La Liga,2024-2025
7528,Sergio Camello,23,1150,3,3.9392457250505686,2,2.3095762208104134,32,19,2,0,F S,Rayo Vallecano,3,3.9392457250505686,6.908401124179363,1.970676053315401,La Liga,2024-2025
7609,Carles Pérez,27,1438,3,3.4532571025192738,0,1.2140490878373384,34,16,2,0,M S,Getafe,3,3.4532571025192738,5.970107097178698,1.6416324898600578,La Liga,2024-2025
7838,Martin Valjent,31,2773,3,0.9961849488317966,0,0.124384019523859,12,4,4,0,D,Mallorca,3,0.9961849488317966,4.728357254527509,4.529047730378807,La Liga,2024-2025
8948,Aitor Paredes,23,1828,3,2.492131467908621,0,0.0571863129734993,6,2,2,1,D S,Athletic Club,3,2.492131467908621,6.065372170880437,6.008185857906938,La Liga,2024-2025
9040,Conor Gallagher,32,1637,3,3.0007524248212576,3,1.3112464919686315,23,12,2,0,M S,Atletico Madrid,3,3.0007524248212576,7.897032497450709,4.44360277056694,La Liga,2024-2025
9813,Randy Nteka,24,1151,3,3.335105416364968,0,0.764602230861783,16,9,6,0,F S,Rayo Vallecano,3,3.335105416364968,5.225443046540022,1.2521962746977806,La Liga,2024-2025
10209,Jofre Carreras,37,2217,3,3.1961388355121017,3,2.4950880901888013,40,24,4,0,D M S,Espanyol,3,3.1961388355121017,6.170422764495015,1.3898820504546163,La Liga,2024-2025
10322,Javier Guerra,36,2642,3,2.3096360610798,3,3.4588873218744998,47,23,5,0,F M S,Valencia,3,2.3096360610798,11.508765971288083,7.850300427526236,La Liga,2024-2025
10334,Kike Salas,31,2238,3,2.17479966301471,2,0.7522149085998535,23,6,6,0,D S,Sevilla,3,2.17479966301471,7.3058014791458845,6.531272469088435,La Liga,2024-2025
10399,Juan Latasa,28,1376,3,4.549709668383002,0,0.5770094022154808,40,12,6,1,F S,Real Valladolid,3,4.549709668383002,6.718333991244435,2.7973670260980725,La Liga,2024-2025
10943,Samuel Lino,31,1580,3,6.083708981052041,4,3.475868873298168,45,22,3,0,D F M S,Atletico Madrid,3,6.083708981052041,14.264972588047383,6.56436438113451,La Liga,2024-2025
11025,Pablo Torre,10,302,3,0.2954732328653335,1,0.9360514245927334,6,8,0,0,M S,Barcelona,3,0.2954732328653335,3.322905655950308,2.8765976540744305,La Liga,2024-2025
11379,Selim Amallah,24,1405,3,2.619664514437318,1,1.3254356244578958,23,13,6,0,F M S,Real Valladolid,2,1.876386916264892,3.970121822319925,1.9085519732907412,La Liga,2024-2025
12030,Tasos Douvikas,20,690,3,5.104495842941105,1,0.2298849076032638,17,3,2,0,F S,Celta Vigo,3,5.104495842941105,6.26315959263593,0.9287788905203342,La Liga,2024-2025
12180,Javier Rodríguez,36,2490,3,2.7139997631311417,2,1.1402707807719707,12,13,7,0,D S,Celta Vigo,3,2.7139997631311417,10.54056406300515,8.373259163461626,La Liga,2024-2025
12190,Arda Güler,28,1252,3,3.999109044671058,4,6.170168276876211,39,39,1,0,F M S,Real Madrid,3,3.999109044671058,12.5622282307595,5.0463716592639685,La Liga,2024-2025
12323,Johnny Cardoso,28,2147,3,2.672853760421276,1,0.7338516805320978,19,9,4,0,M S,Real Betis,3,2.672853760421276,8.907193924766034,7.163135649170727,La Liga,2024-2025
12792,Seydouba Cissé,34,2494,3,2.289319817908108,1,0.8812172105535865,24,17,3,1,M S,Leganes,3,2.289319817908108,8.082963166758418,5.432613124139607,La Liga,2024-2025
12794,Diego García,28,1171,3,4.401241090148687,0,0.2550247954204678,29,6,2,0,F M S,Leganes,3,4.401241090148687,4.547595828771591,0.9056342523545028,La Liga,2024-2025
12863,Pedro Díaz,26,1199,3,2.7055065194144845,0,2.281998419202864,31,26,2,0,M S,Rayo Vallecano,3,1.9622289100661876,7.330365147441626,4.710698988288641,La Liga,2024-2025
13005,Yáser Asprilla,27,1392,3,1.981335196644068,1,3.059433316811919,38,24,2,0,F M S,Girona,3,1.981335196644068,8.957312654703856,5.047165253199637,La Liga,2024-2025
13048,Orri Óskarsson,23,929,3,5.614245757460594,0,0.1733453413471579,19,5,1,0,F S,Real Sociedad,3,5.614245757460594,5.697332162410021,0.0270324498414993,La Liga,2024-2025
323,Adnan Januzaj,18,563,2,0.991336464881897,1,1.1676771398633718,16,16,4,0,F M S,Las Palmas,2,0.991336464881897,2.8455381020903587,1.26646002009511,La Liga,2024-2025
2163,Diego Llorente,30,2521,2,1.8447644673287868,0,0.3692819196730852,11,6,4,0,D S,Real Betis,2,1.8447644673287868,9.067388702183962,8.72049055248499,La Liga,2024-2025
2250,Luka Modric,35,1774,2,1.616865310817957,6,7.897417606785893,22,66,7,0,M S,Real Madrid,2,1.616865310817957,19.557018108665943,15.646373184397817,La Liga,2024-2025
2306,Cédric Bakambu,25,661,2,3.758650738745928,2,0.8444724157452583,24,8,3,0,F S,Real Betis,2,3.758650738745928,6.533491887152195,2.590415248647332,La Liga,2024-2025
2335,Pablo Fornals,26,1876,2,1.9425642574205997,0,3.0682716201990843,23,36,2,0,M S,Real Betis,2,1.9425642574205997,13.264264291152358,9.0203785803169,La Liga,2024-2025
2453,Marc Bartra,25,2101,2,1.374250773806125,1,0.1425241250544786,18,4,2,0,D S,Real Betis,2,1.374250773806125,6.170226151589304,5.694260833784938,La Liga,2024-2025
2518,Marcos Llorente,33,2515,2,0.6808289606124163,4,3.794648887589574,16,28,0,1,D M S,Atletico Madrid,2,0.6808289606124163,14.097333351150157,11.85494233854115,La Liga,2024-2025
2551,Pepelu,34,1691,2,1.9522302066907289,1,2.569384957663715,14,31,8,1,M S,Valencia,0,0.4656749917194247,5.417779986746609,5.001861397176981,La Liga,2024-2025
2584,Raíllo,36,3211,2,2.7986418372020125,0,1.8868699930608277,35,13,7,1,D,Mallorca,2,2.7986418372020125,7.869464821182191,6.528888679109514,La Liga,2024-2025
2621,Sergi Darder,38,2811,2,1.8862759750336409,6,4.959239151328802,36,54,4,0,M S,Mallorca,2,1.8862759750336409,10.42331206612289,7.28883396461606,La Liga,2024-2025
2624,Djibril Sow,30,2095,2,2.67853897344321,1,2.0170963145792484,22,21,5,0,M S,Sevilla,2,2.67853897344321,8.381441345438361,4.899879834614694,La Liga,2024-2025
4169,Iván Sánchez,32,1365,2,0.6651053056120872,1,2.8943237783387303,15,23,4,0,F M S,Real Valladolid,2,0.6651053056120872,5.540360562503338,3.337217738851905,La Liga,2024-2025
5050,Clement Lenglet,23,1987,2,2.1961113438010216,1,0.9537689723074436,10,5,9,0,D,Atletico Madrid,2,2.1961113438010216,11.544151531532409,11.482247652485968,La Liga,2024-2025
5073,Florian Lejeune,37,3329,2,3.584593147039413,3,1.934357212856412,58,15,8,0,D,Rayo Vallecano,2,3.584593147039413,12.011688228696585,11.115831405855715,La Liga,2024-2025
5086,Marc Roca,14,912,2,1.1071439906954763,2,1.497680176049471,12,12,4,0,M S,Real Betis,2,1.1071439906954763,5.118632636964321,4.001012057065964,La Liga,2024-2025
5666,Mouctar Diakhaby,13,641,2,1.3182655852288008,0,0.0204820837825536,11,1,0,0,D S,Valencia,2,1.3182655852288008,1.5299882926046848,0.9096239246428012,La Liga,2024-2025
6087,Takuma Asano,21,1071,2,2.957052057608962,1,0.93105398863554,28,6,0,0,F M S,Mallorca,2,2.957052057608962,6.2074980661273,2.5558740701526403,La Liga,2024-2025
6433,Jules Koundé,32,2606,2,2.743822293356061,3,4.134010413661599,18,32,4,0,D S,Barcelona,2,2.743822293356061,24.09632397815585,20.27425637468696,La Liga,2024-2025
6500,Romain Perraud,28,2005,2,0.5968651231378317,2,1.941356028430164,20,16,8,1,D S,Real Betis,2,0.5968651231378317,6.984733434394002,5.4319062530994415,La Liga,2024-2025
6656,Sergio Gómez,37,2745,2,1.8784845154732464,5,8.346578739583492,18,56,4,0,D F M S,Real Sociedad,2,1.8784845154732464,11.613184611313043,6.642251364886761,La Liga,2024-2025
6918,Anuar Mohamed,26,1748,2,2.2580461110919714,0,1.1850194483995438,11,8,7,0,D F M S,Real Valladolid,2,2.2580461110919714,6.01671346463263,2.9845049623399973,La Liga,2024-2025
6931,Fran Beltrán,34,2443,2,0.895150656811893,1,2.1079451413825154,23,15,3,0,M S,Celta Vigo,2,0.895150656811893,12.19867887813598,10.053263377398252,La Liga,2024-2025
6955,Ezequiel Ávila,19,642,2,1.82920506130904,0,1.3472508378326893,20,16,5,1,F M S,Real Betis,2,1.82920506130904,2.97471244353801,1.4486999604851007,La Liga,2024-2025
7245,Javi Sánchez,25,2050,2,0.5223447591997683,0,0.4835602529346943,11,6,6,0,D,Real Valladolid,2,0.5223447591997683,4.498294638469815,4.425020037218928,La Liga,2024-2025
7246,Valery Fernández,18,260,2,1.1641754806041718,0,0.0254922192543745,3,1,1,0,M S,Mallorca,2,1.1641754806041718,0.939439283683896,0.0363370962440967,La Liga,2024-2025
7515,Andrei Ratiu,35,3066,2,2.136768433265388,3,5.584122102707624,31,36,5,0,D M S,Rayo Vallecano,2,2.136768433265388,16.212922966107726,10.544794468209147,La Liga,2024-2025
7526,Martín Zubimendi,36,2966,2,3.922204528003931,1,1.213069198653102,24,19,6,0,M S,Real Sociedad,2,3.922204528003931,13.16597349382937,9.92495701648295,La Liga,2024-2025
7781,Frenkie de Jong,26,1105,2,1.0243200585246086,2,2.302895499393344,5,21,3,0,M S,Barcelona,2,1.0243200585246086,11.636852502822876,8.715320311486721,La Liga,2024-2025
7810,Ruben Vargas,11,693,2,2.7851509768515825,1,1.0344063863158226,17,13,0,0,F M S,Sevilla,2,2.7851509768515825,2.9268061202019453,0.3538123592734337,La Liga,2024-2025
7882,Sheraldo Becker,22,996,2,1.8835409861058,1,1.7872297391295433,22,8,1,1,F M S,Real Sociedad,2,1.8835409861058,4.543094903230667,1.0016518905758858,La Liga,2024-2025
8014,Abdón Prats,24,400,2,2.7443290799856186,0,0.1290646139532327,14,3,4,0,F M S,Mallorca,1,2.00105144828558,1.7206827104091644,0.1596904546022415,La Liga,2024-2025
8045,Eric Garcia,29,1532,2,2.354891483671963,3,1.012534737586975,14,7,4,0,D M S,Barcelona,2,2.354891483671963,12.874616280198095,12.290382117033005,La Liga,2024-2025
8200,Logan Costa,32,2596,2,0.9958862774074078,1,0.3248736150562763,12,4,3,0,D S,Villarreal,2,0.9958862774074078,10.43460851162672,10.273068852722645,La Liga,2024-2025
8422,Javi Hernández,31,2401,2,1.134048592299223,1,1.543774362653494,17,17,6,0,D M S,Leganes,2,1.134048592299223,3.576768623664975,2.427387349307537,La Liga,2024-2025
8470,Kike Pérez,19,1225,2,2.2361309342086315,0,1.3833393813110888,20,17,6,0,M S,Real Valladolid,2,2.2361309342086315,4.428907737135887,2.3818359691649675,La Liga,2024-2025
8694,Chidera Ejuke,25,917,2,0.9540498401038348,1,1.5952777117490768,20,21,0,0,F M S,Sevilla,2,0.9540498401038348,3.6467593014240265,1.846392972394824,La Liga,2024-2025
8774,Dani Gómez,14,504,2,2.6963067073374987,0,0.0324492193758487,13,1,0,0,F S,Valencia,2,2.6963067073374987,2.752524020150304,0.0237680878490209,La Liga,2024-2025
8821,Donny van de Beek,26,1435,2,1.390021063387394,2,3.203115929849446,18,18,5,0,M S,Girona,2,1.390021063387394,6.711185414344072,4.529698332771659,La Liga,2024-2025
9796,Giuliano Simeone,33,1988,2,3.001487374305725,6,7.1847349517047405,22,24,4,0,F M S,Atletico Madrid,2,3.001487374305725,16.635959770530462,8.725617446005344,La Liga,2024-2025
10095,Abdessamad Ezzalzouli,32,2038,2,9.58601439744234,2,2.4090976025909185,62,26,2,0,M S,Real Betis,2,8.842736758291721,13.69968931004405,4.313502963632345,La Liga,2024-2025
10101,Carlos Martín,26,1367,2,2.4801127864047885,2,2.588020442053676,26,12,3,0,F M S,Alaves,2,2.4801127864047885,4.012961556203663,1.1108323587104678,La Liga,2024-2025
10107,César Tárrega,34,3029,2,2.2794765969738364,0,0.1093462072312831,20,3,7,0,D,Valencia,2,2.2794765969738364,6.555291777476668,6.525526171550155,La Liga,2024-2025
10364,Nahuel Tenaglia,34,2930,2,2.742606063839048,1,1.9290947634726765,27,19,11,0,D S,Alaves,2,2.742606063839048,5.448577670380473,3.4270298033952717,La Liga,2024-2025
10949,Arnau Martinez,32,2631,2,2.5853976234793663,2,1.9221024503931403,19,18,3,0,D M S,Girona,2,2.5853976234793663,10.227491691708565,8.097760723903775,La Liga,2024-2025
10953,Pau Victor,21,273,2,2.9672163296490908,1,0.8769846558570862,14,8,2,0,F S,Barcelona,2,2.9672163296490908,4.459078095853329,0.7532445453107357,La Liga,2024-2025
11105,Abdul Mumin,24,2020,2,0.7587368516251445,1,0.1943545490503311,10,1,6,1,D,Rayo Vallecano,2,0.7587368516251445,4.470557772554457,3.807200723327696,La Liga,2024-2025
11186,Alvaro Rodríguez,22,831,2,1.3045803681015968,0,0.6382230799645185,25,5,6,0,F S,Getafe,2,1.3045803681015968,2.529938815161586,0.89933867380023,La Liga,2024-2025
11322,Viktor Tsygankov,27,1947,2,2.957321310415864,5,4.1547895623371005,35,33,1,0,F M S,Girona,2,2.957321310415864,8.767555436119437,4.718396511860192,La Liga,2024-2025
11402,Carlos Romero,34,2566,2,2.4829133171588182,1,2.1038236087188125,29,29,7,0,D M S,Espanyol,2,2.4829133171588182,7.027236828580499,4.245646607130766,La Liga,2024-2025
12263,Mikel Jauregizar,34,2244,2,1.041112948209047,1,1.5972765255719423,21,24,4,1,M S,Athletic Club,2,1.041112948209047,10.448270935565231,8.638248216360807,La Liga,2024-2025
12721,Ladislav Krejcí,28,2436,2,1.6796669187024236,0,0.3311499524861574,18,8,9,0,D S,Girona,2,1.6796669187024236,5.476491022855043,5.12742255628109,La Liga,2024-2025
12738,Manu Fuster,28,958,2,0.7450216170400381,1,1.388091037981212,18,28,2,0,F M S,Las Palmas,2,0.7450216170400381,3.029275342822075,1.4052639389410615,La Liga,2024-2025
12790,Abel Bretones,35,2061,2,0.4541091760620475,0,1.106137989088893,12,16,3,0,D M S,Osasuna,2,0.4541091760620475,4.3427660362795,3.045761490240693,La Liga,2024-2025
12791,Sergio González,36,2966,2,1.9580097878351808,0,0.5771256238222122,13,4,2,1,D S,Leganes,2,1.9580097878351808,2.742747124284506,2.678178194910288,La Liga,2024-2025
12893,Enzo Boyomo,37,3254,2,1.941539804451168,0,1.024203518405557,14,4,5,0,D S,"Osasuna,Real Valladolid",2,1.941539804451168,6.701995998620987,5.585668057203293,La Liga,2024-2025
12896,Chuki,18,720,2,2.6113636139780283,0,1.4040046986192465,16,8,1,0,F M S,Real Valladolid,2,2.6113636139780283,4.210758607834578,0.8702943343669176,La Liga,2024-2025
12995,Bojan Miovski,17,898,2,2.675680473446846,1,0.1712184799835086,14,4,0,0,F S,Girona,2,2.675680473446846,3.248766012489796,0.715272213332355,La Liga,2024-2025
13059,Jesús Rodriguez,21,1143,2,2.506282079964876,0,0.3554948009550571,23,9,0,0,M S,Real Betis,2,2.506282079964876,4.386039768345654,2.0090522235259414,La Liga,2024-2025
13200,Fernando López,17,654,2,2.6400635838508606,0,2.177378611639142,20,14,2,0,F M S,Celta Vigo,2,2.6400635838508606,6.863014008849859,2.4329893924295902,La Liga,2024-2025
13267,Arkaitz Mariezkurrena,9,219,2,1.134427189826965,0,0.5130060613155365,10,2,1,0,F S,Real Sociedad,2,1.134427189826965,1.1769748777151108,0.4671196229755878,La Liga,2024-2025
13561,Yan Diomande,10,544,2,1.26889605820179,1,0.8170663304626942,11,14,1,0,D M S,Leganes,2,1.26889605820179,3.6484999284148216,2.5935563445091248,La Liga,2024-2025
451,Matija Nastasic,26,2118,1,0.1443902030587196,0,0.0886014476418495,2,2,3,0,D S,Leganes,1,0.1443902030587196,2.486087303608656,2.469435315579176,La Liga,2024-2025
565,Nyom,20,877,1,0.5395618956536055,2,0.366000946611166,9,5,3,0,D M S,Getafe,1,0.5395618956536055,0.9899815265089272,0.3919914942234754,La Liga,2024-2025
616,Jesús Navas,15,410,1,0.6231549140065908,0,0.4812011774629354,3,10,0,0,D F M S,Sevilla,1,0.6231549140065908,1.966650802642107,1.0561606734991074,La Liga,2024-2025
681,César Azpilicueta,14,881,1,0.1824781205505132,0,0.0876918956637382,5,3,0,0,D S,Atletico Madrid,1,0.1824781205505132,3.8849698714911938,3.7627249024808407,La Liga,2024-2025
1857,David López,29,2429,1,1.0169810615479946,1,0.7759831454604864,12,4,4,0,D S,Girona,1,1.0169810615479946,8.894371684640646,8.797762390226126,La Liga,2024-2025
2166,Adrián Embarba,35,1603,1,2.273956812918186,1,2.508247874677181,37,21,4,0,F M S,Rayo Vallecano,1,2.273956812918186,6.203048147261143,3.075208773836493,La Liga,2024-2025
2253,Lucas Vázquez,32,2218,1,1.871920421719551,5,5.288628708571196,15,34,4,0,D S,Real Madrid,1,1.871920421719551,18.242735382169485,13.413350004702806,La Liga,2024-2025
2260,Daniel Carvajal,8,613,1,1.1007791608572006,0,0.1268826518207788,3,5,1,0,D S,Real Madrid,1,1.1007791608572006,1.4233372397720814,1.3510061092674732,La Liga,2024-2025
2266,Saúl Ñíguez,24,1556,1,3.654159884899855,6,2.11052093282342,42,22,8,1,M S,Sevilla,1,3.654159884899855,5.336512237787247,1.7422028593719006,La Liga,2024-2025
2269,Koke,32,1915,1,1.498866917565465,1,1.3334013875573874,11,16,4,0,M S,Atletico Madrid,1,1.498866917565465,11.016456995159388,9.087679360061884,La Liga,2024-2025
2308,Denis Suárez,21,583,1,1.1482871770858765,1,1.693669954314828,10,14,0,0,M S,Villarreal,1,1.1482871770858765,3.405641764402389,1.5898005589842796,La Liga,2024-2025
2456,Omar Mascarell,32,1994,1,0.855449890717864,0,0.0827271491289138,9,2,5,1,M S,Mallorca,1,0.855449890717864,3.2351455856114626,2.4790145875886083,La Liga,2024-2025
2519,Tejero,28,1227,1,0.6695728795602918,4,3.328968109562993,17,32,2,0,D F M S,Espanyol,1,0.6695728795602918,4.459912845864892,2.6499889083206654,La Liga,2024-2025
2589,Rafa Mir,20,716,1,2.539221692830324,2,0.9352265745401382,27,4,4,0,F M S,Valencia,1,2.539221692830324,2.865994166582823,0.6772015728056431,La Liga,2024-2025
3208,Óscar Trejo,19,475,1,0.5267041753977537,0,0.7258390188217163,5,9,1,0,M S,Rayo Vallecano,1,0.5267041753977537,3.360026065260172,2.877153880894184,La Liga,2024-2025
4168,Javi Muñoz,35,2592,1,2.036266847513616,3,2.3168882727622986,25,29,5,0,D M S,Las Palmas,1,2.036266847513616,8.457278970628977,5.359604928642511,La Liga,2024-2025
5037,Darko Brasanac,30,1606,1,2.05446045473218,2,0.3227075841277838,12,9,4,0,M S,Leganes,1,2.05446045473218,3.912908762693405,1.896696176379919,La Liga,2024-2025
5062,Yeray Álvarez,21,1784,1,0.6109129982069135,0,0.4750778339803219,9,4,4,0,D S,Athletic Club,1,0.6109129982069135,4.334911390207708,4.297147526405752,La Liga,2024-2025
5173,Asier Villalibre,16,298,1,1.7566380016505718,1,0.9450216889381408,9,1,2,0,F S,Alaves,0,1.013360369950533,1.73167385160923,0.2002533720806241,La Liga,2024-2025
5615,Valentin Rosier,32,2583,1,1.0204768180847168,2,1.1147922053933144,13,12,8,0,D M S,Leganes,1,1.0204768180847168,4.845664316788316,3.539426350966096,La Liga,2024-2025
5724,Irvin Cardona,16,577,1,0.8832428082823753,1,0.8650395907461643,10,9,1,0,F M S,Espanyol,1,0.8832428082823753,1.4540209751576183,0.3410695493221283,La Liga,2024-2025
6118,Portu,27,728,1,1.756409728899598,2,1.6340558864176271,8,14,4,0,F M S,Girona,1,1.756409728899598,4.305601870641112,0.9802276045084,La Liga,2024-2025
6242,Johan Mojica,36,2747,1,0.7688355734571815,2,4.50119224563241,17,40,5,0,D S,Mallorca,1,0.7688355734571815,9.112911474891009,6.467207685112953,La Liga,2024-2025
6306,Juan Foyth,19,1515,1,2.2625984381884336,0,0.3967224769294262,17,7,4,0,D S,Villarreal,1,2.2625984381884336,8.671776212751865,8.329005844891071,La Liga,2024-2025
6427,Aitor Ruibal,29,1287,1,1.2729885298758743,3,2.6539328563958406,16,20,5,0,D F M S,Real Betis,1,1.2729885298758743,6.9358999859541655,3.773071333765984,La Liga,2024-2025
6570,Óscar Rodríguez,29,1290,1,2.632121101953089,4,2.824665365740657,33,19,6,1,M S,Leganes,1,2.632121101953089,5.780915940180421,2.6671316027641296,La Liga,2024-2025
6916,Fernando Calero,21,675,1,0.5672088414430618,0,0.0529283210635185,2,3,1,0,D S,Espanyol,1,0.5672088414430618,2.448731379583478,2.4190296418964863,La Liga,2024-2025
6924,Miguel De la Fuente,34,1708,1,5.791498295031488,3,1.134644091129303,35,7,3,0,F M S,Leganes,0,4.304943046532571,6.518890951760113,1.4080072399228811,La Liga,2024-2025
7174,Adrià Pedrosa,31,2323,1,0.8653349922969937,1,1.7180400965735316,24,20,7,0,D M S,Sevilla,1,0.8653349922969937,6.368501749821007,4.71879200451076,La Liga,2024-2025
7276,Robin Le Normand,27,2140,1,1.3955917339771986,0,0.6797869801521301,10,3,8,0,D S,Atletico Madrid,1,1.3955917339771986,7.784352958202362,7.242462515830994,La Liga,2024-2025
7308,Ander Barrenetxea,30,1271,1,1.9731221813708544,3,2.445582341402769,25,16,6,0,F M S,Real Sociedad,1,1.9731221813708544,7.312131518498063,3.8329225573688745,La Liga,2024-2025
7359,Eduardo Camavinga,19,1079,1,0.891307421028614,2,0.91487209033221,8,11,2,0,D M S,Real Madrid,1,0.891307421028614,7.941476784646511,6.6781065706163645,La Liga,2024-2025
7529,Iván Martín,32,2054,1,1.4308387525379658,1,1.8869791738688944,11,22,1,0,M S,Girona,1,1.4308387525379658,10.736840901896358,8.157949836924672,La Liga,2024-2025
7604,Alejandro Catena,35,3086,1,2.9847294874489307,3,2.5119774006307125,20,10,11,0,D,Osasuna,1,2.9847294874489307,6.841868652962148,4.892368209548295,La Liga,2024-2025
7605,Manuel Sánchez,33,2651,1,1.6078453846275806,0,1.1835778756067157,12,16,6,1,D S,Alaves,1,1.6078453846275806,4.670513411983848,2.49046034924686,La Liga,2024-2025
7655,Carl Starfelt,28,2273,1,0.4953231886029243,0,0.1819723965600133,5,6,5,0,D S,Celta Vigo,1,0.4953231886029243,10.488602657802405,10.47849022783339,La Liga,2024-2025
7825,Iker Losada,22,670,1,1.7151087075471878,0,0.9550862051546574,8,11,2,0,F M S,"Celta Vigo,Real Betis",1,1.7151087075471878,3.86662982404232,1.4541495088487864,La Liga,2024-2025
7828,Jorge Sáenz,23,1694,1,1.8186329379677773,0,0.1442689262330532,8,2,3,1,D S,Leganes,1,1.8186329379677773,2.513561565428972,2.369292639195919,La Liga,2024-2025
7829,Eder Militão,12,938,1,0.6963192941620946,1,0.499573415145278,10,6,2,0,D S,Real Madrid,1,0.6963192941620946,3.548019580543041,3.37402424775064,La Liga,2024-2025
7860,Domingos Duarte,22,1865,1,0.4832622818648815,0,0.0426994562149047,3,2,3,2,D S,Getafe,1,0.4832622818648815,2.0275963619351387,1.984896905720234,La Liga,2024-2025
7888,Nemanja Gudelj,31,2495,1,1.5126035250723362,1,0.6460477821528912,23,14,6,0,D M S,Sevilla,0,0.7693259008228779,7.393706795759499,7.003295914269984,La Liga,2024-2025
8091,Ronald Araújo,12,771,1,1.166387401521206,1,0.4866340160369873,4,4,2,0,D S,Barcelona,1,1.166387401521206,4.386615861207247,3.8932461254298687,La Liga,2024-2025
8165,Lucien Agoume,35,2113,1,0.6494429102167487,3,2.382107900455594,10,26,5,1,M S,Sevilla,1,0.6494429102167487,8.198752930387855,6.973515490069985,La Liga,2024-2025
8513,Miguel Gutiérrez,29,2477,1,1.871825724840164,5,4.057582646608353,28,41,4,0,D M,Girona,1,1.871825724840164,13.277818597853184,10.092323137447238,La Liga,2024-2025
8665,Loic Bade,32,2682,1,0.822739202529192,1,0.3638280071318149,13,4,7,1,D S,Sevilla,1,0.822739202529192,6.654904995113611,6.318080799654126,La Liga,2024-2025
8689,Yvan Neyou,30,2344,1,0.4572473959997296,1,0.7096966840326786,16,13,14,0,M S,Leganes,1,0.4572473959997296,5.066599708050489,4.101959167979658,La Liga,2024-2025
8710,Renato Tapia,34,2442,1,0.6297735353000462,0,0.2661577123217284,14,7,8,0,D M S,Leganes,1,0.6297735353000462,5.620162697974592,4.955714585259557,La Liga,2024-2025
8725,Luis Milla,33,2887,1,1.8550234846770763,4,4.254146805033088,32,70,6,0,M S,Getafe,0,1.1117458753287792,6.354824848473072,4.941841447725892,La Liga,2024-2025
8760,Arsen Zakharyan,3,70,1,0.1374573707580566,0,0.1127214059233665,4,1,0,0,M S,Real Sociedad,1,0.1374573707580566,0.1655923128128051,0.0281349346041679,La Liga,2024-2025
8765,Roberto Navarro,23,1302,1,2.833723386749625,0,1.881919821724296,18,13,3,0,M S,Mallorca,1,2.833723386749625,7.154552217572928,3.6579713448882094,La Liga,2024-2025
8933,Marcos de Sousa,22,1213,1,3.194758642464876,2,1.4116674680262804,22,9,5,0,F S,Real Valladolid,1,3.194758642464876,4.97852729447186,1.9576363377273085,La Liga,2024-2025
8986,Omar Alderete,34,2999,1,2.142343929037452,0,0.9147684648633004,38,11,8,0,D M,Getafe,1,2.142343929037452,3.7829769225791097,2.743792448192835,La Liga,2024-2025
9243,Ilaix Moriba,33,2115,1,2.144344466738403,1,2.3155504409223795,34,20,7,1,M S,Celta Vigo,1,2.144344466738403,10.528111347928643,7.22747259400785,La Liga,2024-2025
9466,Jon Ander Olasagasti,22,821,1,1.2222821153700352,1,1.062180433422327,13,6,2,0,M S,Real Sociedad,1,1.2222821153700352,4.571244703605771,2.899324605241418,La Liga,2024-2025
9505,Beñat Prados,30,1736,1,0.9114043265581132,0,1.089272540062666,16,10,7,0,M S,Athletic Club,1,0.9114043265581132,8.186401395127177,6.995430439710617,La Liga,2024-2025
9765,Enric Franquesa,12,612,1,0.3923423383384943,0,0.0570244826376438,4,2,1,0,D M S,Leganes,1,0.3923423383384943,0.8776321262121201,0.5426520425826311,La Liga,2024-2025
9804,Gavi,26,1079,1,1.0601166114211082,1,1.6527631673961878,11,14,4,0,F M S,Barcelona,1,1.0601166114211082,7.769327191635966,5.841560788452625,La Liga,2024-2025
10024,Cristhian Mosquera,37,3322,1,0.3514482490718364,0,0.0,5,0,6,0,D,Valencia,1,0.3514482490718364,8.561127007007599,8.436696499586105,La Liga,2024-2025
10121,Ilias Akhomach,11,604,1,0.6073880009353161,0,1.253532700240612,17,9,1,0,M S,Villarreal,1,0.6073880009353161,3.397372789680958,1.741298319771886,La Liga,2024-2025
10143,Bryan Zaragoza,27,1887,1,3.2676440300419927,6,4.370135611854494,42,37,4,0,F M S,Osasuna,1,3.2676440300419927,7.487064410001039,1.18960455711931,La Liga,2024-2025
10494,Pablo Barrios Rivas,31,2347,1,1.3707369193434715,4,2.9307284597307444,29,26,4,1,M S,Atletico Madrid,1,1.3707369193434715,17.51480458304286,14.883386809378862,La Liga,2024-2025
10723,Stefan Bajcetic,14,986,1,0.1618144428357482,0,0.2184264194220304,5,7,4,0,D M S,Las Palmas,1,0.1618144428357482,1.4333512708544731,1.2132029794156551,La Liga,2024-2025
10857,Pablo Ibáñez,28,1286,1,1.4140569819137454,1,1.2139921113848686,20,6,4,0,M S,Osasuna,1,1.4140569819137454,4.217783071100712,1.8093481920659544,La Liga,2024-2025
10858,Jorge Herrando,18,1362,1,1.7282755002379415,0,0.0,13,0,3,0,D S,Osasuna,1,1.7282755002379415,1.1332577150315046,0.8354937434196472,La Liga,2024-2025
10930,Etta Eyong,4,25,1,0.4321245662868023,0,0.0,2,0,0,0,S,Villarreal,1,0.4321245662868023,0.4321245662868023,0.0,La Liga,2024-2025
11140,Enzo Barrenechea,30,2245,1,1.2636710880324244,2,0.8316491199657321,16,15,6,0,M S,Valencia,1,1.2636710880324244,8.320930921472609,7.63057738635689,La Liga,2024-2025
11151,Marc Casadó,23,1640,1,0.9119365168735384,3,1.634875988587737,14,9,2,1,M S,Barcelona,1,0.9119365168735384,14.537989675998688,13.50816598907113,La Liga,2024-2025
11185,Pablo Marín,23,1224,1,2.1962965931743383,2,1.1745108868926764,21,14,3,0,M S,Real Sociedad,1,2.1962965931743383,4.396219722926617,1.8085170537233357,La Liga,2024-2025
11266,Manu Bueno,9,111,1,0.1197992824018001,0,0.0,4,0,0,0,M S,Sevilla,1,0.1197992824018001,0.1434452943503856,0.0638722740113735,La Liga,2024-2025
11531,Unai Gómez,32,1267,1,2.785275062546134,3,1.0150505416095257,19,10,1,0,D F M S,Athletic Club,1,2.785275062546134,4.806635640561581,1.6319821402430534,La Liga,2024-2025
11744,Sergi Cardona,35,2974,1,3.418096289038658,7,6.034026274457574,20,45,11,0,D S,Villarreal,1,3.418096289038658,17.55859543941915,13.585805354639888,La Liga,2024-2025
11826,Carlos Benavídez,18,456,1,0.204241182655096,1,0.6427380479872227,5,3,2,0,M S,Alaves,1,0.204241182655096,1.6226654779165983,1.093293646350503,La Liga,2024-2025
11890,Natan,31,2163,1,0.4948374754749238,1,1.2719630086794496,9,5,5,1,D S,Real Betis,1,0.4948374754749238,4.738309015519917,3.9922186955809593,La Liga,2024-2025
11989,Walid Cheddira,22,587,1,1.417538370937109,1,1.0388413574546576,13,6,3,0,F S,Espanyol,1,1.417538370937109,1.9774260986596344,0.04055817425251,La Liga,2024-2025
12039,Bertug Yildirim,22,1101,1,2.605826680548489,0,1.1420183782465756,19,9,7,0,F S,Getafe,1,2.605826680548489,3.125240233261138,0.1250734888017177,La Liga,2024-2025
12046,Jhon Solis,19,491,1,0.6953313462436199,0,0.0516566205769777,4,2,3,0,M S,Girona,1,0.6953313462436199,1.400166291743517,0.7516260519623756,La Liga,2024-2025
12081,Assane Diao,10,259,1,1.158294815570116,2,1.7619872577488422,7,8,0,0,F S,Real Betis,1,1.158294815570116,2.881862808018923,0.0948665142059326,La Liga,2024-2025
12105,Alejo Véliz,27,1115,1,2.3388653844594955,0,0.0692170769907534,19,2,3,0,F S,Espanyol,1,2.3388653844594955,4.326464080251753,2.6153524788096547,La Liga,2024-2025
12182,Jon Aramburu,35,2466,1,0.4541284274309873,1,0.9028189368546008,11,15,8,0,D S,Real Sociedad,1,0.4541284274309873,8.685062544420362,7.967627672478557,La Liga,2024-2025
12322,Tajon Buchanan,13,403,1,0.9770353380590676,2,0.770006813108921,7,5,2,0,M S,Villarreal,1,0.9770353380590676,2.7764469999819994,1.2341861240565777,La Liga,2024-2025
12426,Stanis Idumbo Muzambo,14,255,1,0.3827561968937516,1,0.6035402454435825,4,6,0,0,M S,Sevilla,1,0.3827561968937516,1.4288319367915392,0.4993804935365915,La Liga,2024-2025
12436,Jacobo Ramón,3,201,1,0.4884187579154968,0,0.0700319558382034,2,1,1,0,D S,Real Madrid,1,0.4884187579154968,2.682987689971924,2.682987689971924,La Liga,2024-2025
12716,Tomás Conechny,22,837,1,3.4765042532235384,0,0.3463271465152502,22,7,8,0,F M S,Alaves,1,3.4765042532235384,4.250398634001613,1.142795331776142,La Liga,2024-2025
12722,Gabriel Misehouy,9,235,1,0.7535906955599785,0,0.1836777087301015,6,4,0,0,F S,Girona,1,0.7535906955599785,1.0116856452077627,0.254432993941009,La Liga,2024-2025
12742,Peque,26,1144,1,1.9474023068323727,1,1.341845514252782,19,12,1,0,F M S,Sevilla,1,1.9474023068323727,5.483433924615383,2.278570069000125,La Liga,2024-2025
12821,Gerard Martín,28,1018,1,0.6436223732307553,3,1.2958451379090548,7,12,2,0,D S,Barcelona,1,0.6436223732307553,7.371043564751744,6.111580042168498,La Liga,2024-2025
12862,Luka Sucic,29,1804,1,3.661727663129568,1,3.427332490682602,43,25,4,0,F M S,Real Sociedad,1,3.661727663129568,10.962948897853494,5.249830558896065,La Liga,2024-2025
12884,Endrick,22,324,1,2.928210226818919,0,0.664036899805069,24,5,1,0,F S,Real Madrid,1,2.928210226818919,3.389462307095528,0.2131688185036182,La Liga,2024-2025
13001,Álvaro Djaló,17,637,1,0.9031668566167356,0,1.0898361578583715,15,4,2,0,F M S,Athletic Club,1,0.9031668566167356,3.104129819199443,1.2030200082808733,La Liga,2024-2025
13036,Pau Cabanes De La Torre,16,311,1,0.6065235398709774,0,0.6184967579320073,6,5,1,0,M S,"Alaves,Villarreal",1,0.6065235398709774,2.472264508716762,1.2864057002589109,La Liga,2024-2025
13047,Coba da Costa,19,1003,1,1.4314221981912851,1,1.62605188973248,23,9,4,0,M S,Getafe,1,1.4314221981912851,4.223033240064979,1.6803572215139866,La Liga,2024-2025
13094,Dário Essugo,27,1985,1,0.6471306988969445,0,0.4316724920645356,23,13,7,2,M S,Las Palmas,1,0.6471306988969445,4.46547017712146,3.756997517310083,La Liga,2024-2025
13198,Ramón Martínez,5,252,1,0.5181827507913113,0,0.0674851164221763,4,1,0,0,D S,Sevilla,1,0.5181827507913113,0.4108735918998718,0.3127800561487674,La Liga,2024-2025
13294,García Pascual,7,372,1,0.9836342222988604,0,0.0287371724843978,11,2,0,0,F S,Sevilla,1,0.9836342222988604,2.0151879340410237,1.121624585241079,La Liga,2024-2025
13417,Maroan Sannadi,16,743,1,3.2526460140943527,1,1.2053465899080038,19,7,0,0,F S,Athletic Club,1,3.2526460140943527,5.1390815153718,1.504334181547165,La Liga,2024-2025
116,Florian Grillitsch,13,627,0,0.2258069235831499,0,0.646667268127203,4,8,1,0,M S,Real Valladolid,0,0.2258069235831499,2.6171116773039103,2.11647037602961,La Liga,2024-2025
200,Andreas Christensen,5,239,0,0.0332164540886879,0,0.04022017121315,1,1,3,0,D S,Barcelona,0,0.0332164540886879,1.4766459465026855,1.4766459465026855,La Liga,2024-2025
250,Ørjan Nyland,30,2676,0,0.0,0,0.3637144081294536,0,4,2,0,GK,Sevilla,0,0.0,5.49717366322875,5.133459262549877,La Liga,2024-2025
308,Ricardo Rodríguez,18,1282,0,0.2364109437912702,1,0.3478721398860216,5,7,0,0,D S,Real Betis,0,0.2364109437912702,4.278080236166716,4.189503628760576,La Liga,2024-2025
391,David Alaba,7,312,0,0.0,0,0.0540034137666225,0,1,1,0,D S,Real Madrid,0,0.0,2.8143172040581703,2.760313786566257,La Liga,2024-2025
414,Juan Bernat,24,892,0,0.6867508264258504,2,1.0954946149140596,6,10,0,0,D M S,"Getafe,Villarreal",0,0.6867508264258504,3.2359174489974976,1.6032230257987976,La Liga,2024-2025
492,Héctor Bellerín,9,569,0,0.1106798574328422,2,1.8224006593227384,1,8,1,0,D S,Real Betis,0,0.1106798574328422,3.0932593047618866,2.1486966889351606,La Liga,2024-2025
527,Adrián,19,1710,0,0.0,0,0.0,0,0,1,0,GK,Real Betis,0,0.0,2.354312153533101,2.354312153533101,La Liga,2024-2025
548,Daley Blind,34,2774,0,0.4222466517239809,2,2.2111893985420465,10,19,2,0,D S,Girona,0,0.4222466517239809,12.418609752319751,10.995030511170626,La Liga,2024-2025
552,Ander Herrera,8,254,0,1.9449006617069244,0,0.1074133571237325,8,2,2,0,M S,Athletic Club,0,1.2016230076551435,1.8970924727618692,0.7111891284584999,La Liga,2024-2025
620,Kelechi Iheanacho,9,401,0,1.0177823081612587,0,0.2138137891888618,9,5,0,0,F S,Sevilla,0,1.0177823081612587,1.3642380880191922,0.1326419608667493,La Liga,2024-2025
680,Thibaut Courtois,30,2700,0,0.0,0,0.1720431447029113,0,1,1,0,GK,Real Madrid,0,0.0,9.18939441628754,9.01735127158463,La Liga,2024-2025
689,Kenedy,2,2,0,0.0818285048007965,0,0.0,1,0,0,0,S,Real Valladolid,0,0.0818285048007965,0.0,0.0,La Liga,2024-2025
842,Oriol Romeu,25,1357,0,0.202604528516531,0,0.550816060975194,5,8,5,0,M S,Girona,0,0.202604528516531,7.159846590831876,6.569908503443003,La Liga,2024-2025
897,Juanmi,24,914,0,3.68753713183105,0,0.8351753782480955,19,8,4,0,F M S,"Getafe,Real Betis",0,3.68753713183105,6.010710448026657,1.7331584673374891,La Liga,2024-2025
973,Paulo Gazzaniga,36,3198,0,0.0,0,0.0,0,0,3,0,GK,Girona,0,0.0,4.477905694395304,4.477905694395304,La Liga,2024-2025
1003,Pablo Maffeo,30,2385,0,0.3449152214452624,2,4.4014428816735744,7,29,7,0,D M S,Mallorca,0,0.3449152214452624,8.654321428388357,5.628506066277623,La Liga,2024-2025
1078,Sergi Canos,17,326,0,0.4507795954123139,1,0.1964062564074993,11,4,3,0,M S,Valencia,0,0.4507795954123139,0.7551172645762563,0.2356214402243495,La Liga,2024-2025
1109,Lucas Ocampos,2,180,0,0.1582391560077667,1,0.3162000216543674,4,3,0,0,F M,Sevilla,0,0.1582391560077667,1.6242642737925053,1.1721971035003662,La Liga,2024-2025
1129,Suso,16,572,0,0.632983285933733,2,2.1810974460095167,16,22,3,0,F M S,Sevilla,0,0.632983285933733,5.093297783285379,3.626874230802059,La Liga,2024-2025
1244,Wojciech Szczesny,15,1350,0,0.0,0,0.0,0,0,1,0,GK,Barcelona,0,0.0,5.236224640160799,5.236224640160799,La Liga,2024-2025
1588,Raúl Albiol,15,1186,0,0.1134491674602031,0,0.0,2,0,5,0,D S,Villarreal,0,0.1134491674602031,2.6963552040979266,2.640093426220119,La Liga,2024-2025
1719,Javier Manquillo,10,533,0,0.0,0,0.0,0,0,1,0,D S,Celta Vigo,0,0.0,2.8671045508235693,2.8671045508235693,La Liga,2024-2025
1739,Eric Bailly,12,632,0,0.2401637658476829,0,0.0,4,0,2,1,D S,Villarreal,0,0.2401637658476829,1.4844573438167572,1.4844573438167572,La Liga,2024-2025
1822,Antonio Rüdiger,29,2291,0,1.8135617095977068,0,0.5648185275495052,24,7,3,0,D S,Real Madrid,0,1.8135617095977068,13.106613976880908,12.104738583788276,La Liga,2024-2025
2090,Marc-André ter Stegen,8,677,0,0.0,0,0.0,0,0,0,0,GK,Barcelona,0,0.0,3.72348815202713,3.72348815202713,La Liga,2024-2025
2107,Pau López,1,42,0,0.0,0,0.0,0,0,0,0,S,Girona,0,0.0,0.0,0.0,La Liga,2024-2025
2190,Vicente Guaita,34,3060,0,0.0,0,0.0,0,0,0,0,GK,Celta Vigo,0,0.0,3.646109187975526,3.646109187975526,La Liga,2024-2025
2198,Moi Gómez,26,730,0,0.3465937990695238,0,0.8948066756129265,6,11,1,0,F M S,Osasuna,0,0.3465937990695238,1.156978888437152,0.3306217063218355,La Liga,2024-2025
2228,Aritz Elustondo,22,1452,0,0.5125560872256756,0,0.2177410423755645,4,4,3,1,D S,Real Sociedad,0,0.5125560872256756,4.034376330673695,3.880896545946598,La Liga,2024-2025
2229,Yuri,30,2027,0,0.5942616164684296,2,1.9303123988211155,16,18,5,0,D S,Athletic Club,0,0.5942616164684296,9.699211686849594,8.040501814335585,La Liga,2024-2025
2249,James Rodríguez,6,127,0,0.227073086425662,0,0.1026876494288444,4,2,1,0,M S,Rayo Vallecano,0,0.227073086425662,0.7378233093768358,0.4842777736485004,La Liga,2024-2025
2261,Jan Oblak,36,3240,0,0.0,0,0.0,0,0,0,0,GK,Atletico Madrid,0,0.0,5.667950822040439,5.667950822040439,La Liga,2024-2025
2278,Giménez,27,1984,0,0.4644579738378525,1,0.3644472956657409,5,2,3,0,D S,Atletico Madrid,0,0.4644579738378525,8.44221980124712,8.077772490680218,La Liga,2024-2025
2282,Sergi Gómez,12,648,0,0.168179590255022,0,0.0,2,0,1,0,D S,Espanyol,0,0.168179590255022,0.6573397871106863,0.5504737179726362,La Liga,2024-2025
2403,Íñigo Lekue,16,757,0,0.1394407600164413,0,0.5742262145504355,2,8,1,0,D S,Athletic Club,0,0.1394407600164413,2.311507798731327,1.7286586463451383,La Liga,2024-2025
2415,David Soria,38,3420,0,0.0,0,0.0,0,0,2,0,GK,Getafe,0,0.0,1.185771830379963,1.185771830379963,La Liga,2024-2025
2417,Igor Zubeldia,28,2283,0,0.9101601960137486,0,0.290745235979557,12,4,6,1,D S,Real Sociedad,0,0.9101601960137486,6.002718448638916,5.843149080872536,La Liga,2024-2025
2418,Álvaro Odriozola,2,35,0,0.0,0,0.0,0,0,1,0,S,Real Sociedad,0,0.0,0.0285290870815515,0.0285290870815515,La Liga,2024-2025
2446,Dani Ceballos,23,1235,0,0.3062388133257627,0,1.9406326478347184,7,22,4,0,M S,Real Madrid,0,0.3062388133257627,12.38676930218935,11.422802604734898,La Liga,2024-2025
2452,De Marcos,26,1554,0,1.15881422534585,4,2.8564788848161697,8,19,0,0,D S,Athletic Club,0,1.15881422534585,10.77343495376408,8.131631192751229,La Liga,2024-2025
2479,Toni Lato,14,615,0,0.0,0,0.3176251221448183,0,6,1,1,D S,Mallorca,0,0.0,1.1517913285642862,0.919759590178728,La Liga,2024-2025
2484,Iñigo Martínez,28,2505,0,0.5136058144271374,4,2.2479534801095724,13,16,5,0,D,Barcelona,0,0.5136058144271374,20.049223262816668,19.11283127591014,La Liga,2024-2025
2505,José Gayá,23,1839,0,1.3299360536038876,1,3.38606370985508,12,24,7,0,D S,Valencia,0,1.3299360536038876,7.34584279730916,4.532844023779035,La Liga,2024-2025
2509,Dimitri Foulquier,32,2293,0,0.6142633771523833,1,1.5556177590042353,12,10,6,0,D S,Valencia,0,0.6142633771523833,7.5555700827389956,6.142678575590253,La Liga,2024-2025
2521,Alfonso,12,443,0,0.3776124268770218,2,1.3253800980746746,5,9,0,0,D M S,Villarreal,0,0.3776124268770218,3.7803803384304047,2.426428683102131,La Liga,2024-2025
2532,Amath Diedhiou,13,366,0,0.3137077651917934,1,0.5991875231266022,5,6,1,0,D F M S,Real Valladolid,0,0.3137077651917934,1.7682834044098854,0.8553881216794252,La Liga,2024-2025
2555,Remiro,36,3240,0,0.0,0,0.0209182556718587,0,1,0,0,GK,Real Sociedad,0,0.0,3.760053095407784,3.739134839735925,La Liga,2024-2025
2609,Gerard Gumbau,22,824,0,1.2887544548138976,1,1.1936628250405192,14,17,4,0,M S,Rayo Vallecano,0,1.2887544548138976,3.5533126099035144,1.98497024551034,La Liga,2024-2025
2619,Stole Dimitrievski,4,360,0,0.0,0,0.0,0,0,1,0,GK,Valencia,0,0.0,0.859697625041008,0.859697625041008,La Liga,2024-2025
3059,Axel Witsel,14,845,0,0.0610655918717384,1,0.8424561601132154,1,2,1,0,D S,Atletico Madrid,0,0.0610655918717384,3.891527419909835,3.0490712728351355,La Liga,2024-2025
3239,Hamari Traore,11,725,0,0.3294327855110168,1,0.1552716642618179,1,3,2,0,D S,Real Sociedad,0,0.3294327855110168,2.319479566067457,2.225889105349779,La Liga,2024-2025
3399,Youssouf Sabaly,22,1612,0,0.2332675447687506,1,0.5775195304304361,5,11,1,0,D S,Real Betis,0,0.2332675447687506,3.628367379307747,3.188783798366785,La Liga,2024-2025
3425,Thomas Lemar,5,67,0,0.4072210788726806,0,0.2232601307332515,2,2,0,0,S,Atletico Madrid,0,0.4072210788726806,0.6370882447808981,0.2658982034772634,La Liga,2024-2025
3667,Nabil Fekir,2,180,0,0.5543373860418797,1,0.7182417176663876,7,6,0,0,M,Real Betis,0,0.5543373860418797,1.026206910610199,0.2913371995091438,La Liga,2024-2025
3749,Jonathan Bamba,12,823,0,0.6564540937542915,1,1.8708321638405323,13,12,1,0,D F M S,Celta Vigo,0,0.6564540937542915,5.798606216907501,3.787149213254452,La Liga,2024-2025
4034,José Campaña,25,1208,0,0.1375535074621439,3,0.8891085628420115,5,13,4,0,M S,Las Palmas,0,0.1375535074621439,2.551904497668147,2.465941285714507,La Liga,2024-2025
4193,Aitor Fernández,1,90,0,0.0,0,0.0,0,0,0,0,GK,Osasuna,0,0.0,0.0,0.0,La Liga,2024-2025
4226,Darwin Machís,18,621,0,1.1362375617027285,1,1.0831428170204165,14,8,0,0,F M S,Real Valladolid,0,1.1362375617027285,2.728137221187353,0.7401521652936935,La Liga,2024-2025
4229,Raúl de Tomás,2,14,0,0.0,0,0.0,0,0,0,0,S,Rayo Vallecano,0,0.0,0.0,0.0,La Liga,2024-2025
5033,Iván Villar,4,360,0,0.0,0,0.0,0,0,0,0,GK,Celta Vigo,0,0.0,1.140831671655178,1.140831671655178,La Liga,2024-2025
5041,Benito Ramírez,19,431,0,0.3132398314774036,0,0.9064611420035362,10,13,2,1,D M S,Las Palmas,0,0.3132398314774036,1.999934496358037,1.3046182934194803,La Liga,2024-2025
5043,Kiko Femenía,28,2242,0,0.3210480753332376,1,2.13112210854888,3,16,7,0,D S,Villarreal,0,0.3210480753332376,9.853550355881453,8.824705503880978,La Liga,2024-2025
5057,Jasper Cillessen,27,2339,0,0.0,0,0.0,0,0,1,0,GK,Las Palmas,0,0.0,2.925926886498928,2.925926886498928,La Liga,2024-2025
5058,Carles Aleñá,24,1568,0,1.2464379873126743,2,2.068190712481737,20,23,2,0,M S,"Alaves,Getafe",0,1.2464379873126743,3.5255685579031706,1.1926605817861855,La Liga,2024-2025
5065,Diego Rico,33,2822,0,0.3332223771139979,3,3.2881504325196147,16,36,9,1,D S,Getafe,0,0.3332223771139979,8.30121813248843,5.797270404174924,La Liga,2024-2025
5075,Rubén Peña,25,737,0,0.8619882110506296,0,0.5118131535127759,10,13,1,0,D F M S,Osasuna,0,0.8619882110506296,2.453945313580334,1.3749668803066015,La Liga,2024-2025
5077,Mikel Vesga,25,977,0,1.2418696712702513,0,1.0357172600924969,6,12,1,0,M S,Athletic Club,0,0.4985920619219541,4.317991346120834,2.9510606825351715,La Liga,2024-2025
5081,Edu Expósito,19,1044,0,1.1886334270238876,2,3.6731601301580663,18,28,3,0,F M S,Espanyol,0,1.1886334270238876,4.60960179567337,2.6343457866460085,La Liga,2024-2025
5109,Rui Silva,15,1350,0,0.0,0,0.0839770194143056,0,2,1,0,GK,Real Betis,0,0.0,1.903590640053153,1.8196136131882668,La Liga,2024-2025
5140,Kike Barja,15,296,0,0.1755196843296289,1,1.4770732149481771,4,10,3,0,F M S,Osasuna,0,0.1755196843296289,1.9822204429656267,0.7546407096087933,La Liga,2024-2025
5141,Unai García,3,67,0,0.0,0,0.0,0,0,0,0,D S,Osasuna,0,0.0,0.0,0.0,La Liga,2024-2025
5159,Marc Cardona,11,98,0,0.2827252447605133,0,0.0,4,0,2,0,S,Las Palmas,0,0.2827252447605133,0.5431439466774464,0.260418701916933,La Liga,2024-2025
5162,Nacho Vidal,5,109,0,0.0,0,0.0,0,0,0,0,D S,Osasuna,0,0.0,0.0,0.0,La Liga,2024-2025
5185,Unai Simón,21,1890,0,0.0,0,0.0,0,0,0,0,GK,Athletic Club,0,0.0,1.360611855983734,1.360611855983734,La Liga,2024-2025
5191,Álvaro Fernández,9,744,0,0.0,0,0.0515916943550109,0,1,2,0,GK S,Sevilla,0,0.0,0.3452037097886204,0.3452037097886204,La Liga,2024-2025
5212,Sergi Guardiola,16,321,0,2.3129940032958984,0,0.1707483734935522,11,5,1,0,F S,Rayo Vallecano,0,2.3129940032958984,2.9668135587126017,0.6320127919316292,La Liga,2024-2025
5234,Jesús Vallejo,4,139,0,0.0,1,0.4635118953883648,0,2,0,0,D S,Real Madrid,0,0.0,0.6160678565502167,0.6160678565502167,La Liga,2024-2025
5672,Iván Balliu,25,1167,0,0.0213732570409774,0,0.3424931820482015,1,6,3,0,D S,Rayo Vallecano,0,0.0213732570409774,2.977828769944608,2.866559601388872,La Liga,2024-2025
5947,Mihailo Ristic,10,436,0,0.0439287759363651,1,0.1431337501853704,2,4,1,0,D S,Celta Vigo,0,0.0439287759363651,1.2196296527981758,1.0449446067214012,La Liga,2024-2025
6075,Antonio Sivera,32,2817,0,0.0,0,0.0350769869983196,0,1,6,1,GK,Alaves,0,0.0,0.7444533910602331,0.7093764003366232,La Liga,2024-2025
6079,Fabio González,2,44,0,0.0749905183911323,0,0.0,2,0,0,0,S,Las Palmas,0,0.0749905183911323,0.0344765707850456,0.0,La Liga,2024-2025
6121,Juanpe,12,720,0,0.0912717506289482,0,0.17641297634691,2,3,2,0,D S,Girona,0,0.0912717506289482,2.1675596088171005,2.160725638270378,La Liga,2024-2025
6126,Ander Guevara,33,1969,0,0.9672462455928326,1,0.6741306530311704,12,12,3,0,M S,Alaves,0,0.9672462455928326,3.655263607390225,2.1133727561682463,La Liga,2024-2025
6144,Sébastien Haller,8,404,0,0.3581781834363937,0,0.1350812464952469,4,1,0,0,F S,Leganes,0,0.3581781834363937,0.4415042549371719,0.0493881031870842,La Liga,2024-2025
6149,Unai Núñez,10,643,0,0.494532972574234,0,0.0259444918483495,1,1,4,0,D S,Athletic Club,0,0.494532972574234,2.744684349745512,2.7187398560345173,La Liga,2024-2025
6151,Djené Dakonam,31,2566,0,0.2309729969128966,0,0.5771179310977459,6,9,12,1,D M,Getafe,0,0.2309729969128966,2.182646923698485,1.6235282914713025,La Liga,2024-2025
6224,Marko Dmitrovic,32,2880,0,0.0,0,0.1017162278294563,0,1,0,0,GK,Leganes,0,0.0,1.91176825389266,1.810052026063204,La Liga,2024-2025
6233,Ferland Mendy,14,1019,0,0.0,1,0.6423391215503216,0,3,1,0,D S,Real Madrid,0,0.0,3.990072902292013,3.3814361058175564,La Liga,2024-2025
6257,Juan Soriano,6,540,0,0.0,0,0.0,0,0,1,0,GK,Leganes,0,0.0,0.3865733314305544,0.3865733314305544,La Liga,2024-2025
6325,Andoni Gorosabel,20,1508,0,0.285134494304657,2,2.3711024783551693,2,15,5,0,D S,Athletic Club,0,0.285134494304657,5.064692297950387,3.415458796545863,La Liga,2024-2025
6470,José Arnáiz,15,100,0,0.3046903256326914,0,0.444795599207282,6,3,0,0,M S,Osasuna,0,0.3046903256326914,1.09269449301064,0.564286183565855,La Liga,2024-2025
6501,Andy Pelmard,4,202,0,0.0172627475112676,0,0.0775864273309707,1,1,1,0,D S,Las Palmas,0,0.0172627475112676,0.1173907630145549,0.1173907630145549,La Liga,2024-2025
6560,Aurelien Tchouameni,32,2697,0,1.8187198657542467,0,0.7172632608562708,19,5,5,0,D M S,Real Madrid,0,1.8187198657542467,16.48936167731881,16.299706030637026,La Liga,2024-2025
6592,Manuel Morlanes,23,1335,0,0.4533621082082391,0,0.4519094126299023,11,10,7,0,M S,Mallorca,0,0.4533621082082391,5.464884104207158,4.617404890246689,La Liga,2024-2025
6643,Francisco Vieites,4,360,0,0.0262540355324745,0,0.0,1,0,0,0,GK,Real Betis,0,0.0262540355324745,0.5004626885056496,0.5004626885056496,La Liga,2024-2025
6712,Enzo Loiodice,17,661,0,0.2166092954576015,0,0.1672270242124796,7,5,3,0,M S,Las Palmas,0,0.2166092954576015,1.9230579771101477,1.7084442004561424,La Liga,2024-2025
6926,William Carvalho,14,457,0,0.2245274968445301,0,0.2949858708307147,4,6,1,0,M S,Real Betis,0,0.2245274968445301,2.5842942418530583,2.33039363194257,La Liga,2024-2025
6935,Naif Aguerd,21,1772,0,2.1500954031944275,0,0.354998305439949,15,5,4,0,D,Real Sociedad,0,2.1500954031944275,5.742619335651398,4.794124662876129,La Liga,2024-2025
6942,Arthur,15,943,0,0.2702039405703544,0,0.1782594732940197,6,5,2,0,M S,Girona,0,0.2702039405703544,1.3802417162805796,1.2591113429516554,La Liga,2024-2025
7009,Jaime Mata,30,571,0,2.454514908604324,0,0.1070462688803672,17,3,8,0,F M S,Las Palmas,0,2.454514908604324,3.0006161741912365,0.5710783675312996,La Liga,2024-2025
7095,Juan Musso,2,180,0,0.0,0,0.0,0,0,0,0,GK,Atletico Madrid,0,0.0,0.0941221006214618,0.0941221006214618,La Liga,2024-2025
7186,Juan Berrocal,19,1061,0,0.5594088397920132,0,0.0098865032196044,4,1,6,1,D S,Getafe,0,0.5594088397920132,1.2938134968280792,1.2938134968280792,La Liga,2024-2025
7194,Andriy Lunin,7,630,0,0.0,1,0.9174719452857972,0,1,0,0,GK,Real Madrid,0,0.0,2.6410997100174427,1.723627794533968,La Liga,2024-2025
7195,Roberto López,13,374,0,0.6060058553703129,1,0.8888880126178265,7,10,0,0,M S,Leganes,0,0.6060058553703129,1.0046397601254284,0.2171062752604484,La Liga,2024-2025
7287,Iñaki Peña,16,1393,0,0.0,0,0.0,0,0,1,0,GK S,Barcelona,0,0.0,3.906119585037232,3.906119585037232,La Liga,2024-2025
7306,Aihen Muñoz,21,1098,0,0.1584139885380864,0,0.1309112180024385,6,3,5,0,D S,Real Sociedad,0,0.1584139885380864,2.255076190456748,1.9932167269289491,La Liga,2024-2025
7385,Javi Galán,25,1806,0,0.2446220647543668,2,3.3247619457542896,9,14,8,0,D S,Atletico Madrid,0,0.2446220647543668,9.763243904337289,7.868124481290579,La Liga,2024-2025
7412,Antonio Candela,12,935,0,0.0495657660067081,0,0.393362708389759,1,6,1,0,D,Real Valladolid,0,0.0495657660067081,1.2190991677343843,1.0097903609275818,La Liga,2024-2025
7424,Alex Sola,19,1077,0,1.0217911591753364,1,1.1393643002957106,14,9,4,0,M S,Getafe,0,1.0217911591753364,2.331791497766972,0.6401858534663916,La Liga,2024-2025
7432,Reinildo,19,916,0,0.051562912762165,0,0.1836737468838691,1,2,4,0,D S,Atletico Madrid,0,0.051562912762165,3.498327238485217,3.402019379660487,La Liga,2024-2025
7600,Luca De La Torre,1,1,0,0.0,0,0.0,0,0,0,0,S,Celta Vigo,0,0.0,0.0,0.0,La Liga,2024-2025
7613,Moussa Diarra,26,1855,0,0.0248128250241279,0,0.1712627625092864,1,4,6,0,D S,Alaves,0,0.0248128250241279,3.680759072303772,3.5504128839820623,La Liga,2024-2025
7688,Max Aarons,4,114,0,0.0,0,0.0187398791313171,0,1,2,0,D S,Valencia,0,0.0,0.0187398791313171,0.0,La Liga,2024-2025
7826,Joseph Aidoo,9,589,0,0.0353296548128128,0,0.0,1,0,0,0,D S,"Celta Vigo,Real Valladolid",0,0.0353296548128128,1.807937577366829,1.807937577366829,La Liga,2024-2025
7835,Aritz Arambarri,2,180,0,0.0417447015643119,0,0.0,1,0,0,0,D,Leganes,0,0.0417447015643119,0.2693354785442352,0.2693354785442352,La Liga,2024-2025
7845,Aleksander Sedlar,9,599,0,0.0179237257689237,0,0.0,1,0,1,1,D S,Alaves,0,0.0179237257689237,0.1696080192923545,0.1696080192923545,La Liga,2024-2025
7856,Aridane Hernández,14,1026,0,1.138437870889902,0,0.0502465143799781,8,2,1,0,D S,Rayo Vallecano,0,1.138437870889902,3.4562611430883408,3.442083060741425,La Liga,2024-2025
7857,Jon Moncayola,32,2144,0,1.583032850176096,0,3.2875387091189623,21,34,8,0,M S,Osasuna,0,1.583032850176096,8.322481885552406,5.819439947605133,La Liga,2024-2025
7859,Sergio Herrera,37,3330,0,0.0,0,0.0,0,0,5,0,GK,Osasuna,0,0.0,3.095418728888035,3.095418728888035,La Liga,2024-2025
7899,Daley Sinkgraven,2,94,0,0.0,0,0.0142585979774594,0,1,0,0,D S,Las Palmas,0,0.0,0.5968886837363243,0.5968886837363243,La Liga,2024-2025
7916,Pol Lozano,30,2015,0,0.1622262680903077,1,1.0035563968122003,8,18,11,0,M S,Espanyol,0,0.1622262680903077,4.491670474410057,3.831235613673925,La Liga,2024-2025
7967,Anssumane Fati,6,228,0,1.1018417924642565,0,0.1238601952791214,12,4,1,0,M S,Barcelona,0,1.1018417924642565,1.8863119632005687,0.8099945038557053,La Liga,2024-2025
7981,Nianzou Kouassi,6,524,0,0.1741262972354889,0,0.0,2,0,1,1,D,Sevilla,0,0.1741262972354889,1.5784379113465548,1.5784379113465548,La Liga,2024-2025
8002,Rodrigo Riquelme,16,493,0,1.4374090656638143,1,1.0267814565449953,14,15,0,0,D M S,Atletico Madrid,0,1.4374090656638143,3.355600330978632,1.17163953371346,La Liga,2024-2025
8017,Alex Kral,37,2699,0,1.9735915949568152,1,2.117718786001205,21,13,1,0,F M S,Espanyol,0,1.9735915949568152,5.209526886232197,2.9570606537163258,La Liga,2024-2025
8058,Thierry Correia,11,782,0,0.5705060213804245,0,0.2970562316477299,7,5,1,0,D S,Valencia,0,0.5705060213804245,2.8547055907547474,2.229785397648812,La Liga,2024-2025
8070,Mateu Morey,16,734,0,0.4414233043789863,0,0.2464218363165855,3,4,0,0,D S,Mallorca,0,0.4414233043789863,1.799698012880981,1.183547493070364,La Liga,2024-2025
8108,Daniel Cárdenas,6,540,0,0.0,0,0.0,0,0,0,0,GK,Rayo Vallecano,0,0.0,0.1832175441086292,0.1832175441086292,La Liga,2024-2025
8122,Sergio Carreira,23,1658,0,0.954497255384922,4,2.7105087004601955,13,15,1,0,D M S,Celta Vigo,0,0.954497255384922,7.994517771527171,4.897111616097391,La Liga,2024-2025
8230,German Valera,8,127,0,0.1656785365194082,0,0.0441901162266731,3,1,0,0,M S,Valencia,0,0.1656785365194082,0.5749106034636497,0.4092320650815964,La Liga,2024-2025
8263,Javi Martínez,1,1,0,0.0,0,0.0,0,0,0,0,S,Osasuna,0,0.0,0.0,0.0,La Liga,2024-2025
8334,Hugo Guillamón,12,346,0,0.0568105559796094,0,0.0399193204939365,2,2,2,0,M S,Valencia,0,0.0568105559796094,0.2140206452459097,0.1172907631844282,La Liga,2024-2025
8410,Rodrigo Sánchez,3,117,0,0.1386992428451776,0,0.1289544701576233,2,2,0,0,M S,Real Betis,0,0.1386992428451776,0.8255297336727381,0.6420744676142931,La Liga,2024-2025
8413,Javier López,29,1934,0,0.1420955304056406,0,0.8678923957049847,5,5,4,0,D S,Real Sociedad,0,0.1420955304056406,3.7143019922077656,3.465000662952661,La Liga,2024-2025
8423,Jon Pacheco Dozagarat,14,849,0,0.093041107058525,0,0.0614089556038379,1,1,3,0,D S,Real Sociedad,0,0.093041107058525,1.0294557493180037,1.0294557493180037,La Liga,2024-2025
8429,Luka Romero,6,201,0,0.7706899177283049,0,0.2663516765460372,2,4,0,0,F M S,Alaves,0,0.0274123083800077,0.5439141355454922,0.310863196849823,La Liga,2024-2025
8733,Alfonso Espino,16,835,0,0.7072220253758132,1,0.6576519934460521,10,5,4,0,D S,Rayo Vallecano,0,0.7072220253758132,2.9461317313835025,2.15861613675952,La Liga,2024-2025
8744,Juan Cruz,25,1509,0,0.1194847133010625,0,0.0261295326054096,4,1,4,0,D S,Osasuna,0,0.1194847133010625,3.8228932609781614,3.741608656011522,La Liga,2024-2025
8762,Luis Pérez,30,2548,0,0.1539512053132057,0,2.6107717398554087,5,28,2,0,D M S,Real Valladolid,0,0.1539512053132057,6.574388632550836,4.48120036534965,La Liga,2024-2025
8861,Urko Gonzalez,18,1441,0,0.6779213137924671,2,0.8731456827372313,4,10,2,0,M S,"Espanyol,Real Sociedad",0,0.6779213137924671,3.598057383671403,2.2631248515099287,La Liga,2024-2025
8863,Marvin Park,23,1008,0,0.2265379466116428,0,1.275867696851492,5,6,4,0,D F M S,Las Palmas,0,0.2265379466116428,3.4733193833380938,2.1760428566485643,La Liga,2024-2025
8963,Nahuel Molina,30,1565,0,0.9986370727419852,3,1.934156723320484,9,13,1,0,D S,Atletico Madrid,0,0.9986370727419852,9.530625693500042,7.783950371667743,La Liga,2024-2025
9015,Cenk Özkacar,11,750,0,0.114994890987873,0,0.0268819741904735,2,1,1,0,D S,Real Valladolid,0,0.114994890987873,1.8349664360284803,1.8349664360284803,La Liga,2024-2025
9170,John Finn,4,36,0,0.1108234133571386,0,0.0,2,0,1,0,S,Getafe,0,0.1108234133571386,0.1272431872785091,0.0164197757840156,La Liga,2024-2025
9198,Unai Marrero,2,180,0,0.0,0,0.0,0,0,0,0,GK,Real Sociedad,0,0.0,0.0,0.0,La Liga,2024-2025
9217,Jesús Vázquez,19,907,0,0.2721162671223283,0,0.5348998308181763,5,3,3,0,D S,Valencia,0,0.2721162671223283,2.422392644919455,2.043214425444603,La Liga,2024-2025
9218,Juan Iglesias,37,2888,0,1.4231894612312317,1,2.0262022223323584,21,19,4,0,D M S,Getafe,0,1.4231894612312317,7.284523168578744,5.103721309453249,La Liga,2024-2025
9280,Antonio Blanco,35,2755,0,0.7065247548744082,1,1.7390412520617249,25,14,10,1,M S,Alaves,0,0.7065247548744082,6.047557967714965,4.138327054679394,La Liga,2024-2025
9293,Hugo Novoa Ramos,5,217,0,0.596488893032074,0,0.1158288680016994,1,2,0,0,D M S,Alaves,0,0.596488893032074,1.4536456279456615,0.85715676471591,La Liga,2024-2025
9297,Abdelkabir Abqar,29,2489,0,0.8577928207814693,1,0.2381232511252164,12,8,13,0,D,Alaves,0,0.8577928207814693,2.933803543448448,2.713847666978836,La Liga,2024-2025
9465,Beñat Turrientes,21,933,0,0.3414947632700205,0,0.3740350604057312,7,3,4,0,M S,Real Sociedad,0,0.3414947632700205,3.690701810643077,3.262913217768073,La Liga,2024-2025
9519,Carlos Domínguez,19,1178,0,0.1890972219407558,0,0.0574535522609949,3,2,1,0,D S,Celta Vigo,0,0.1890972219407558,2.626098157837987,2.5686446595937014,La Liga,2024-2025
9520,Hugo Sotelo,24,1268,0,0.2050209920853376,0,1.4551474852487445,4,18,5,0,M S,Celta Vigo,0,0.2050209920853376,6.345577529631555,6.105225531384349,La Liga,2024-2025
9689,Albert Sambi Lokonga,22,1482,0,0.7697582906112075,2,1.4027855917811394,13,19,4,0,M S,Sevilla,0,0.7697582906112075,4.781468503177166,3.417637664824724,La Liga,2024-2025
9692,Karl Hein,31,2790,0,0.0,0,0.0,0,0,0,0,GK,Real Valladolid,0,0.0,3.15960406139493,3.15960406139493,La Liga,2024-2025
9693,Giorgi Mamardashvili,34,3060,0,0.0,0,0.0685846544802188,0,2,2,0,GK,Valencia,0,0.0,2.814506022259593,2.745921360328793,La Liga,2024-2025
9698,Diego Conde,22,1965,0,0.0,1,0.4030988551676273,0,2,2,0,GK,Villarreal,0,0.0,2.3183459788560867,1.9152471236884596,La Liga,2024-2025
9744,Justin Smith,5,209,0,0.0,0,0.0280212052166461,0,1,0,0,M S,Espanyol,0,0.0,0.0928542204201221,0.0648330152034759,La Liga,2024-2025
9754,Brian Oliván,17,1020,0,0.4136427231132984,1,0.9392329398542644,6,15,2,0,D S,Espanyol,0,0.4136427231132984,1.7435092814266682,1.511062864214182,La Liga,2024-2025
9755,Inigo Ruiz de Galarreta,26,1502,0,0.3707461981102824,4,3.4690806306898594,11,28,5,0,M S,Athletic Club,0,0.3707461981102824,8.672065565362573,7.616073386743665,La Liga,2024-2025
9756,Dominik Greif,31,2790,0,0.0,0,0.0,0,0,1,0,GK,Mallorca,0,0.0,2.511147951707244,2.511147951707244,La Liga,2024-2025
9768,Jesús Areso,36,3111,0,0.5701641449704766,3,3.452265188097954,8,30,9,0,D S,Osasuna,0,0.5701641449704766,7.537882330827415,5.577389623038471,La Liga,2024-2025
9773,Joan García,38,3420,0,0.0722400173544883,0,0.0,1,0,2,0,GK,Espanyol,0,0.0722400173544883,2.229509213939309,2.229509213939309,La Liga,2024-2025
9778,Henrique,5,354,0,0.0500399805605411,0,0.0317411096766591,1,2,0,0,D S,Real Valladolid,0,0.0500399805605411,0.8846581093966961,0.8529170006513596,La Liga,2024-2025
9794,Franco Cervi,7,266,0,0.0,0,0.5923479571938515,0,5,1,0,D F M S,Celta Vigo,0,0.0,0.2243484333157539,0.0101217925548553,La Liga,2024-2025
9805,Álex Balde,32,2303,0,0.5467977644875646,4,3.6562538016587496,12,26,2,0,D S,Barcelona,0,0.5467977644875646,19.236092265695333,17.1140445061028,La Liga,2024-2025
9809,José Ángel Carmona,35,2993,0,0.5965822013095021,0,1.952981909736991,19,19,11,0,D,Sevilla,0,0.5965822013095021,9.571447130292654,8.17957978695631,La Liga,2024-2025
9810,Fran García,31,2180,0,1.2241465775296092,2,2.21577693708241,14,24,0,0,D S,Real Madrid,0,1.2241465775296092,16.859973955899477,14.89791351184249,La Liga,2024-2025
9811,Óscar Valentín,34,1804,0,0.7470753621309996,0,0.8123187460005283,5,13,4,0,M S,Rayo Vallecano,0,0.7470753621309996,4.489038864150643,3.837142636999488,La Liga,2024-2025
9824,Julen Agirrezabala,14,1212,0,0.0,0,0.0,0,0,1,1,GK,Athletic Club,0,0.0,3.1538388207554817,3.1538388207554817,La Liga,2024-2025
9825,Nicolás Serrano,4,107,0,0.1887172702699899,0,0.0154199851676821,5,1,0,0,M S,Athletic Club,0,0.1887172702699899,1.5473762713372707,1.3515974879264832,La Liga,2024-2025
9839,Leo Román,7,630,0,0.0,0,0.0,0,0,0,0,GK,Mallorca,0,0.0,0.7954421639442444,0.7954421639442444,La Liga,2024-2025
9897,Gonzalo Montiel,6,103,0,0.0696412846446037,0,0.0,1,0,1,0,D S,Sevilla,0,0.0696412846446037,0.1217786185443401,0.0521373338997364,La Liga,2024-2025
9963,Maximiliano Caufriez,1,90,0,0.0,0,0.0,0,0,0,0,D,Valencia,0,0.0,0.0,0.0,La Liga,2024-2025
9970,Antonio Sánchez,33,1353,0,1.2898992113769054,0,0.4207525495439768,17,5,3,0,D F M S,Mallorca,0,1.2898992113769054,4.188069044612348,2.6425679912790656,La Liga,2024-2025
10010,Jesús Owono,6,482,0,0.0,0,0.0,0,0,0,0,GK S,Alaves,0,0.0,0.0644543133676052,0.0644543133676052,La Liga,2024-2025
10128,Javi Llabrés,1,60,0,0.0220389775931835,0,0.0629322156310081,1,1,0,0,M,Mallorca,0,0.0220389775931835,0.2983826696872711,0.2134114801883697,La Liga,2024-2025
10188,Peter,17,433,0,1.1894913874566555,0,0.1224773619323968,12,4,1,0,M S,Getafe,0,1.1894913874566555,1.7002479191869495,0.6087738163769245,La Liga,2024-2025
10224,Mika Mármol,30,2398,0,0.4563526511192322,1,1.5602368731051683,10,16,5,0,D M S,Las Palmas,0,0.4563526511192322,7.467444524168968,6.85720550082624,La Liga,2024-2025
10272,Adrián Rodríguez,2,120,0,0.0,0,0.0,0,0,1,0,GK S,Alaves,0,0.0,0.0376009717583656,0.0376009717583656,La Liga,2024-2025
10273,Iker Benito,2,28,0,0.0,0,0.019961753860116,0,1,0,0,S,Osasuna,0,0.0,0.019961753860116,0.0,La Liga,2024-2025
10327,Chiquinho,8,134,0,0.2490370329469442,0,0.0355911329388618,4,2,2,0,M S,Mallorca,0,0.2490370329469442,0.3664560653269291,0.1011424846947193,La Liga,2024-2025
10382,Eray Cömert,25,1800,0,1.2057364508509636,0,0.0,9,0,6,0,D M S,Real Valladolid,0,1.2057364508509636,3.229504119604826,3.06063224375248,La Liga,2024-2025
10561,Jesús Santiago,19,333,0,0.0227503161877393,0,0.0,1,0,4,0,M S,Getafe,0,0.0227503161877393,0.2263416983187198,0.2035913821309805,La Liga,2024-2025
10614,Damián Rodríguez,17,934,0,0.127200037240982,0,0.7659732662141323,4,17,3,0,M S,Celta Vigo,0,0.127200037240982,6.718720376491547,6.550715155899525,La Liga,2024-2025
10757,Scott McKenna,29,2468,0,1.1912503112107515,0,0.2465306296944618,10,4,5,1,D S,Las Palmas,0,1.1912503112107515,4.782997235655785,4.271701442077756,La Liga,2024-2025
10875,Omar El Hilali,36,3173,0,0.0311675742268562,2,1.2102727070450785,2,8,11,0,D,Espanyol,0,0.0311675742268562,5.609047906473279,4.489122552797198,La Liga,2024-2025
10884,Álvaro Aguado,16,421,0,0.4823393300175667,1,0.7499874103814363,10,4,3,0,M S,Espanyol,0,0.4823393300175667,1.5331731978803873,0.7499846667051315,La Liga,2024-2025
10888,David Torres,18,1384,0,0.2132115997374057,0,0.0109462169930338,3,1,5,0,D S,Real Valladolid,0,0.2132115997374057,2.80377159640193,2.792825382202864,La Liga,2024-2025
10944,Fran Pérez,26,497,0,0.2854073029011488,0,1.946919206529856,6,7,1,0,M S,Valencia,0,0.2854073029011488,2.0981137175112963,0.7753390502184629,La Liga,2024-2025
10974,Samú Costa,32,2667,0,2.070507390424609,2,1.747686741873622,30,14,7,1,M S,Mallorca,0,2.070507390424609,6.658713826909661,4.448418968357146,La Liga,2024-2025
10981,Malcom Adu,1,12,0,0.0,0,0.0,0,0,0,0,S,Athletic Club,0,0.0,0.0,0.0,La Liga,2024-2025
10982,Copete,25,1511,0,0.5529027758166194,0,0.0,6,0,6,0,D S,Mallorca,0,0.5529027758166194,3.0933860559016466,2.9993373826146126,La Liga,2024-2025
10991,Gorka Rivera,1,15,0,0.0,0,0.0,0,0,0,0,S,Getafe,0,0.0,0.0,0.0,La Liga,2024-2025
10999,Marcão,12,547,0,0.0,0,0.0,0,0,4,1,D S,Sevilla,0,0.0,0.5308978008106351,0.5308978008106351,La Liga,2024-2025
11057,André Almeida,34,2019,0,1.4373879488557575,4,3.6807948546484113,18,43,2,0,F M S,Valencia,0,1.4373879488557575,7.721359102986753,4.680089517496526,La Liga,2024-2025
11087,Pep Chavarría,34,2574,0,1.2517127385362985,1,1.7112761475145817,11,24,3,0,D M S,Rayo Vallecano,0,1.2517127385362985,7.243805920705199,4.986325871199369,La Liga,2024-2025
11147,Lucas Rosa,21,1890,0,0.8605911070480943,1,2.0154185853898525,8,12,6,0,D,Real Valladolid,0,0.8605911070480943,5.403128119185567,3.0375463608652358,La Liga,2024-2025
11204,Jon Magunacelaya,2,5,0,0.0,0,0.0,0,0,0,0,S,Real Sociedad,0,0.0,0.6653539538383484,0.6653539538383484,La Liga,2024-2025
11265,Diego Hormigo,1,37,0,0.115304097533226,0,0.0,1,0,0,0,M,Sevilla,0,0.115304097533226,0.115304097533226,0.115304097533226,La Liga,2024-2025
11349,Mario Martín,30,1740,0,1.6727460799738765,1,1.3807980883866549,27,12,6,3,M S,Real Valladolid,0,1.6727460799738765,6.022261788137257,3.702557012438774,La Liga,2024-2025
11358,José Gragera,10,580,0,0.0402989648282527,0,0.0204612221568822,2,1,0,0,M S,Espanyol,0,0.0402989648282527,1.2626147661358118,1.222232036292553,La Liga,2024-2025
11395,Iker Muñoz,23,554,0,0.521794113330543,1,0.968973096460104,11,6,2,0,M S,Osasuna,0,0.521794113330543,3.5626386487856507,2.656475719064474,La Liga,2024-2025
11412,Alberto Mari,1,2,0,0.0,0,0.0,0,0,0,0,S,Valencia,0,0.0,0.0,0.0,La Liga,2024-2025
11568,Mario Maroto,2,56,0,0.0180853605270385,1,0.0253202356398105,1,1,0,0,S,Real Valladolid,0,0.0180853605270385,0.1041454076766967,0.0607398115098476,La Liga,2024-2025
11611,Francisco González,1,90,0,0.0,0,0.0,0,0,0,0,GK,Real Madrid,0,0.0,0.061046153306961,0.061046153306961,La Liga,2024-2025
11634,Daniel Rodríguez,1,37,0,0.0413202755153179,0,0.0,2,0,0,0,M,Barcelona,0,0.0413202755153179,0.3060602843761444,0.2647400200366974,La Liga,2024-2025
11706,Martín Tejón,4,32,0,0.0755454003810882,0,0.0282392706722021,1,1,0,0,S,Valencia,0,0.0755454003810882,0.1037846710532903,0.0,La Liga,2024-2025
11737,Silvi Clua,4,163,0,0.0339750852435827,0,0.0339678153395652,2,1,0,0,M S,Girona,0,0.0339750852435827,0.6803017221391201,0.6123587936162949,La Liga,2024-2025
11738,Iker Almena,2,40,0,0.0407807305455207,1,0.5271588806062937,1,2,0,0,S,Girona,0,0.0407807305455207,0.671602189540863,0.1275573968887329,La Liga,2024-2025
11742,Álex Suárez,30,2498,0,0.3234486058354378,0,0.1860176008194685,6,3,11,0,D,Las Palmas,0,0.3234486058354378,3.2029242739081383,3.080129470676184,La Liga,2024-2025
11743,Kirian Rodríguez,21,1792,0,1.693218463100493,3,1.669024096801877,21,16,2,0,M,Las Palmas,0,1.693218463100493,7.692378982901573,5.614286290481687,La Liga,2024-2025
11746,Pejiño,1,12,0,0.027307828888297,0,0.0,1,0,0,0,S,Las Palmas,0,0.027307828888297,0.027307828888297,0.0,La Liga,2024-2025
11747,Juan Herzog,19,1321,0,0.586847435683012,0,0.0,10,0,1,0,D S,Las Palmas,0,0.586847435683012,2.7008586302399635,2.597265738993883,La Liga,2024-2025
11749,Siebe Van der Heyden,2,92,0,0.0257102325558662,0,0.0425474643707275,1,1,0,0,D S,Mallorca,0,0.0257102325558662,0.2949447631835937,0.2949447631835937,La Liga,2024-2025
11761,Javier Martón,3,43,0,0.0,0,0.0,0,0,1,0,S,Athletic Club,0,0.0,0.4475967586040497,0.4475967586040497,La Liga,2024-2025
11783,Akor Adams,4,122,0,0.4311645030975342,0,0.0,2,0,0,0,F S,Sevilla,0,0.4311645030975342,0.5013578534126282,0.070193350315094,La Liga,2024-2025
11825,Abderrahmane Rebbach,8,381,0,0.3279373608529567,0,0.2754518706351518,6,6,1,0,F M S,Alaves,0,0.3279373608529567,1.1501923333853483,0.6715759411454201,La Liga,2024-2025
11829,André Ferreira,6,540,0,0.0,0,0.0,0,0,0,0,GK,Real Valladolid,0,0.0,0.5378006994724274,0.5378006994724274,La Liga,2024-2025
11834,Adrià Alti,22,1645,0,0.2496103877201676,0,0.5857671527191997,7,11,6,0,D M S,Leganes,0,0.2496103877201676,2.443735755048692,2.062911454588175,La Liga,2024-2025
11953,Sergi Altimira,32,1985,0,1.6414828356355429,1,1.7734992038458586,21,22,4,0,M S,Real Betis,0,1.6414828356355429,11.457704674452543,9.533348131924868,La Liga,2024-2025
11993,Daniel Luna,2,15,0,0.0,0,0.0,0,0,0,0,S,Mallorca,0,0.0,0.1117271408438682,0.1117271408438682,La Liga,2024-2025
12005,Pau Cubarsí,35,2631,0,0.9356927424669266,3,1.5360766984522345,8,9,3,0,D S,Barcelona,0,0.9356927424669266,17.255911896005273,17.147910771891475,La Liga,2024-2025
12035,Gonzalo García,3,46,0,0.4881730079650879,1,0.9246947169303894,1,1,0,0,S,Real Madrid,0,0.4881730079650879,1.4128677248954773,0.9246947169303894,La Liga,2024-2025
12074,David López,2,172,0,0.0,0,0.0,0,0,0,0,D,Mallorca,0,0.0,0.0119909653440117,0.0119909653440117,La Liga,2024-2025
12115,Adrián Niño,1,10,0,0.1588024795055389,0,0.0,2,0,0,0,S,Atletico Madrid,0,0.1588024795055389,0.1588024795055389,0.0,La Liga,2024-2025
12139,Yarek Gasiorowski,15,944,0,1.0283358693122864,0,0.1623669546097517,3,3,1,0,D S,Valencia,0,1.0283358693122864,1.634927068836987,1.6144409673288465,La Liga,2024-2025
12154,Nabil Aberdin,7,270,0,0.0328521868214011,0,0.0109659628942608,2,1,1,0,M S,Getafe,0,0.0328521868214011,0.0929688019677996,0.0601166142150759,La Liga,2024-2025
12171,Hector Fort,17,552,0,0.2694935295730829,0,1.30174807831645,6,9,2,0,D S,Barcelona,0,0.2694935295730829,4.381688091903925,3.519320610910654,La Liga,2024-2025
12227,Álex Padilla,5,315,0,0.0,0,0.0,0,0,0,0,GK S,Athletic Club,0,0.0,0.5064679756760597,0.5064679756760597,La Liga,2024-2025
12244,Darío Benavides,1,3,0,0.0,0,0.0,0,0,1,0,S,Sevilla,0,0.0,0.0,0.0,La Liga,2024-2025
12262,Aingeru Olabarrieta,1,56,0,0.0,0,0.0,0,0,0,0,M,Athletic Club,0,0.0,0.0,0.0,La Liga,2024-2025
12275,Willy Kambwala,19,1097,0,0.2262032143771648,0,0.07206991314888,4,1,1,1,D S,Villarreal,0,0.2262032143771648,3.91528133302927,3.857853531837464,La Liga,2024-2025
12286,Nobel Mendy,2,105,0,0.0,0,0.0,0,0,1,0,D S,Real Betis,0,0.0,0.2061637043952942,0.2061637043952942,La Liga,2024-2025
12297,David Otorbi,1,7,0,0.0,0,0.0,0,0,0,0,S,Valencia,0,0.0,0.0,0.0,La Liga,2024-2025
12298,Augusto Batalla,32,2880,0,0.0,0,0.0251279901713132,0,1,6,0,GK,Rayo Vallecano,0,0.0,4.8040439039468765,4.778915913775563,La Liga,2024-2025
12300,Jaílson,13,600,0,0.1419549621641636,0,0.0093720639124512,4,1,2,0,D S,Celta Vigo,0,0.1419549621641636,3.9245296269655223,3.907848492264748,La Liga,2024-2025
12353,Jon Martín,13,884,0,0.5016385391354561,1,0.157421501353383,9,4,2,0,D S,Real Sociedad,0,0.5016385391354561,1.80347996391356,1.7860948592424393,La Liga,2024-2025
12371,Adam Aznou,13,884,0,0.2700843885540962,0,0.5333969108760357,4,6,2,0,D M S,Real Valladolid,0,0.2700843885540962,2.35653112642467,1.700465090572834,La Liga,2024-2025
12423,Tadeo Allende,1,1,0,0.0,0,0.0,0,0,0,0,S,Celta Vigo,0,0.0,0.0,0.0,La Liga,2024-2025
12498,Valentín Barco,7,279,0,0.2852184399962425,0,0.4266058169305324,7,6,0,0,D S,Sevilla,0,0.2852184399962425,0.8868219666182995,0.6660768240690231,La Liga,2024-2025
12566,Alberto Risco,5,46,0,0.1284910440444946,0,0.1525612119585275,4,4,0,0,S,Getafe,0,0.1284910440444946,0.2111208271235227,0.0293412059545516,La Liga,2024-2025
12642,Yoel Lago,8,589,0,0.0,1,0.0332694351673126,0,1,2,0,D S,Celta Vigo,0,0.0,1.515894988551736,1.4826255533844233,La Liga,2024-2025
12717,Stoichkov,16,675,0,1.194492194801569,1,1.0295014828443527,18,7,1,0,F M S,Alaves,0,1.194492194801569,4.282519616186619,2.84641638956964,La Liga,2024-2025
12718,Adrián Pica,9,489,0,0.6004659123718739,0,0.0624145939946174,4,1,1,0,D S,Alaves,0,0.6004659123718739,0.9397268313914536,0.9397268313914536,La Liga,2024-2025
12723,Alejandro Francés,18,1188,0,0.160219831392169,0,0.3334170170128345,6,3,2,0,D S,Girona,0,0.160219831392169,3.6179798804223537,3.4983481355011463,La Liga,2024-2025
12724,Adama Boiro,18,1120,0,0.3871587850153446,0,0.4125944208353758,5,5,3,0,D M S,Athletic Club,0,0.3871587850153446,1.2153034526854751,0.7109720725566149,La Liga,2024-2025
12736,Aboubacar Bassinga,1,2,0,0.0,0,0.0,0,0,0,0,S,Las Palmas,0,0.0,0.0,0.0,La Liga,2024-2025
12737,Viti Rozada,29,2005,0,0.0669757910072803,2,1.4213977381587029,3,12,5,0,D S,Las Palmas,0,0.0669757910072803,4.21627417486161,3.173089588060975,La Liga,2024-2025
12739,Valentín Pezzolesi,1,5,0,0.0,0,0.0,0,0,0,0,S,Las Palmas,0,0.0,0.0,0.0,La Liga,2024-2025
12740,Dinko Horkas,13,1081,0,0.0,0,0.0,0,0,1,0,GK S,Las Palmas,0,0.0,0.6876389980316162,0.6876389980316162,La Liga,2024-2025
12793,Julián Chicco,14,273,0,0.3933754116296768,1,0.4953148066997528,3,2,0,0,D M S,Leganes,0,0.3933754116296768,0.7068625688552856,0.2830714099109173,La Liga,2024-2025
12799,Carlos Guirao,2,123,0,0.0,0,0.0,0,0,0,0,M,Real Betis,0,0.0,0.3991784751415252,0.3991784751415252,La Liga,2024-2025
12817,Rodrigo Abajas,1,68,0,0.0287001691758632,0,0.0,1,0,1,0,D,Valencia,0,0.0287001691758632,0.0804327875375747,0.0517326220870018,La Liga,2024-2025
12820,Marc Bernal,3,256,0,0.0560634769499301,0,0.0110369473695755,2,1,2,0,M,Barcelona,0,0.0560634769499301,1.5139116048812866,1.4468111991882324,La Liga,2024-2025
12823,Sergi Domínguez,3,177,0,0.0,0,0.0,0,0,1,0,D S,Barcelona,0,0.0,2.0779144912958145,2.0779144912958145,La Liga,2024-2025
12864,Pelayo Fernández,2,97,0,0.0,0,0.0,0,0,1,0,D S,Rayo Vallecano,0,0.0,0.0,0.0,La Liga,2024-2025
12866,Etienne Eto&#039;o Pineda,2,35,0,0.0,0,0.0,0,0,0,0,S,Rayo Vallecano,0,0.0,0.0,0.0,La Liga,2024-2025
12883,Marc Domenech,10,297,0,0.7432425078004599,0,0.2158001670613885,8,5,0,0,F M S,Mallorca,0,0.7432425078004599,1.1332007721066475,0.7108004167675972,La Liga,2024-2025
12894,Stanko Juric,26,1757,0,0.3885128498077392,0,0.5273087993264198,8,4,5,1,M S,Real Valladolid,0,0.3885128498077392,5.142895905300975,4.918737573549151,La Liga,2024-2025
12895,Víctor Meseguer,14,376,0,0.4323925329372287,0,0.0252116713672876,6,1,1,0,M S,Real Valladolid,0,0.4323925329372287,1.2918654140084982,0.9241588413715364,La Liga,2024-2025
12898,Arnau Rafús,1,90,0,0.0,0,0.0,0,0,0,0,GK,Real Valladolid,0,0.0,0.0861605331301689,0.0861605331301689,La Liga,2024-2025
12900,Raúl Chasco,2,127,0,0.0,0,0.0396233946084976,0,1,0,0,D S,Real Valladolid,0,0.0,0.0396233946084976,0.0,La Liga,2024-2025
12901,Antoniu Roca,26,1023,0,1.0565010253340006,1,1.204389225691557,10,7,3,0,M S,Espanyol,0,1.0565010253340006,3.3538273815065622,1.111596254631877,La Liga,2024-2025
12903,Rafael Bauza,5,183,0,0.0838479502126574,0,0.0,3,0,1,0,M S,Espanyol,0,0.0838479502126574,0.1827542660757899,0.0989063177257776,La Liga,2024-2025
12913,Arnau Solà,1,8,0,0.0,0,0.0,0,0,0,0,S,Villarreal,0,0.0,0.0,0.0,La Liga,2024-2025
12914,Pau Navarro,17,902,0,0.0157116148620843,0,0.0141796292737126,1,1,1,0,D S,Villarreal,0,0.0157116148620843,3.66788212954998,3.6521705240011215,La Liga,2024-2025
12917,Luiz Júnior,17,1455,0,0.0,0,0.0,0,0,2,0,GK S,Villarreal,0,0.0,4.763020604848862,4.763020604848862,La Liga,2024-2025
12951,Jan Salas,4,32,0,0.0615382231771945,0,0.0,2,0,0,0,S,Mallorca,0,0.0615382231771945,0.0735291885212063,0.0119909653440117,La Liga,2024-2025
13002,Iker Córdoba,2,7,0,0.0,0,0.0542201921343803,0,1,0,0,S,Valencia,0,0.0,0.0542201921343803,0.0,La Liga,2024-2025
13003,Santiago Mouriño,25,1827,0,1.0117421904578805,1,0.9486839417368174,13,7,7,0,D S,Alaves,0,1.0117421904578805,2.93726375233382,2.229820301756263,La Liga,2024-2025
13029,Naci Ünüvar,2,13,0,0.0209408048540353,0,0.0244460739195346,1,1,0,0,S,Espanyol,0,0.0209408048540353,0.0653083771467208,0.0199214983731508,La Liga,2024-2025
13035,Daniel Requena,1,4,0,0.0,0,0.0,0,0,0,0,S,Villarreal,0,0.0,0.0,0.0,La Liga,2024-2025
13078,Chema Andres,2,4,0,0.0,0,0.0,0,0,0,0,S,Real Madrid,0,0.0,0.0739360153675079,0.0739360153675079,La Liga,2024-2025
13100,Juma Bah,12,862,0,0.1810958832502365,0,0.0179912857711315,3,1,1,0,D S,Real Valladolid,0,0.1810958832502365,1.3852787390351295,1.3852787390351295,La Liga,2024-2025
13105,Abdoulaye Keita,3,92,0,0.0552290640771389,0,0.0,2,0,0,0,M S,Getafe,0,0.0552290640771389,0.0983588024973869,0.043129738420248,La Liga,2024-2025
13106,David Argüelles,1,4,0,0.0,0,0.0,0,0,0,0,S,Getafe,0,0.0,0.0,0.0,La Liga,2024-2025
13111,Mateo Flores,6,137,0,0.0,0,0.0,0,0,1,0,M S,Real Betis,0,0.0,0.2441685423254966,0.2441685423254966,La Liga,2024-2025
13123,Peio Canales,8,247,0,0.1971820127218961,0,0.4887658208608627,3,6,0,0,M S,Athletic Club,0,0.1971820127218961,0.7809601724147797,0.5443078130483627,La Liga,2024-2025
13124,Mateo Mejia,1,9,0,0.0,0,0.0,0,0,0,0,S,Sevilla,0,0.0,0.0,0.0,La Liga,2024-2025
13152,Kim Min-Su,3,19,0,0.0,0,0.0,0,0,0,0,S,Girona,0,0.0,0.0479563139379024,0.0479563139379024,La Liga,2024-2025
13171,Papa Dame Ba,1,48,0,0.0730805322527885,0,0.0,1,0,0,0,S,Girona,0,0.0730805322527885,0.1032563000917434,0.0301757678389549,La Liga,2024-2025
13186,Ferrán Ruiz,1,14,0,0.0,0,0.0,0,0,0,0,S,Girona,0,0.0,0.0,0.0,La Liga,2024-2025
13197,Israel Domínguez,1,15,0,0.0,0,0.0,0,0,0,0,S,Sevilla,0,0.0,0.0,0.0,La Liga,2024-2025
13201,Raúl,23,1675,0,0.073895551264286,1,0.758505895268172,3,7,3,0,D S,Real Madrid,0,0.073895551264286,12.432612404227257,12.034283690154552,La Liga,2024-2025
13251,Lorenzo Aguado,2,2,0,0.0,0,0.0,0,0,0,0,S,Real Madrid,0,0.0,0.0,0.0,La Liga,2024-2025
13266,Daniel Yáñez,1,1,0,0.0,0,0.0,0,0,0,0,S,Real Madrid,0,0.0,0.0,0.0,La Liga,2024-2025
13271,Adrián Arnu,5,35,0,0.4803195297718048,0,0.0,3,0,0,0,S,Real Valladolid,0,0.4803195297718048,0.4884312395006418,0.008111709728837,La Liga,2024-2025
13276,Álvaro Pascual,1,43,0,0.0,0,0.0,0,0,1,0,S,Sevilla,0,0.0,0.0345740728080272,0.0345740728080272,La Liga,2024-2025
13279,Víctor Muñoz,2,27,0,0.3354948461055755,0,0.0,1,0,0,0,S,Real Madrid,0,0.3354948461055755,1.260189563035965,0.9246947169303894,La Liga,2024-2025
13285,Thiago Ojeda,1,2,0,0.0154521698132157,0,0.0,1,0,1,0,S,Villarreal,0,0.0154521698132157,0.5112302899360657,0.5112302899360657,La Liga,2024-2025
13319,Facundo Garcés,10,670,0,0.1138303596526384,0,0.7587253376841545,5,3,2,0,D S,Alaves,0,0.1138303596526384,0.1813323842361569,0.0453559048473835,La Liga,2024-2025
13334,Ismael Bekhoucha,5,51,0,0.0,0,0.0,0,0,2,0,S,Getafe,0,0.0,0.099449910223484,0.099449910223484,La Liga,2024-2025
13366,Sergio Viera,2,92,0,0.0180441178381443,0,0.0,1,0,1,0,M S,Las Palmas,0,0.0180441178381443,0.0247787293046712,0.0247787293046712,La Liga,2024-2025
13374,Ángel Ortiz,5,352,0,0.0549913765862584,1,0.3685908541083336,2,3,0,0,D S,Real Betis,0,0.0549913765862584,1.063009262084961,0.651660718023777,La Liga,2024-2025
13375,Sergio Arribas,1,90,0,0.0,0,0.0,0,0,0,0,D,Real Betis,0,0.0,0.0992170721292495,0.0992170721292495,La Liga,2024-2025
13376,Pablo García,3,29,0,0.0,0,0.0,0,0,0,0,S,Real Betis,0,0.0,0.083320565521717,0.083320565521717,La Liga,2024-2025
13381,Leandro Antonetti,2,17,0,0.279886394739151,0,0.0257694143801927,1,1,0,0,S,Sevilla,0,0.279886394739151,0.3056558091193437,0.0,La Liga,2024-2025
13404,Tamás Nikitscher,13,853,0,0.0194152127951383,0,0.0304804667830467,1,2,2,0,D M S,Real Valladolid,0,0.0194152127951383,3.283312425017357,3.2515020966529846,La Liga,2024-2025
13420,Vladyslav Krapyvtsov,2,180,0,0.0,0,0.0,0,0,0,0,GK,Girona,0,0.0,0.0,0.0,La Liga,2024-2025
13431,Endika Bujan,1,2,0,0.0,0,0.0,0,0,0,0,S,Athletic Club,0,0.0,0.0,0.0,La Liga,2024-2025
13436,Iván Jaime,9,277,0,0.4353244826197624,0,0.3860360905528068,8,4,0,0,M S,Valencia,0,0.4353244826197624,1.7398566231131554,1.1461346112191677,La Liga,2024-2025
13437,Borna Barisic,1,9,0,0.0,0,0.0,0,0,0,0,D,Leganes,0,0.0,0.0,0.0,La Liga,2024-2025
13438,Duk,10,149,0,0.0315059209242463,0,0.5542192105203867,2,5,1,0,M S,Leganes,0,0.0315059209242463,0.5542192105203867,0.0,La Liga,2024-2025
13482,Luken Beitia,1,4,0,0.0,0,0.0,0,0,0,0,S,Real Sociedad,0,0.0,0.0,0.0,La Liga,2024-2025
13531,Diego Martín,2,30,0,0.0174019131809473,0,0.0,1,0,0,0,S,Las Palmas,0,0.0174019131809473,0.0174019131809473,0.0,La Liga,2024-2025
13533,Roger Hinojo,1,5,0,0.0,0,0.0,0,0,0,0,S,Espanyol,0,0.0,0.0,0.0,La Liga,2024-2025
13558,Daniel Díaz,1,7,0,0.0,0,0.0,0,0,0,0,S,Real Sociedad,0,0.0,0.0,0.0,La Liga,2024-2025
13609,Iago Parente,1,73,0,0.0,0,0.0233623087406158,0,1,0,0,D,Real Valladolid,0,0.0,0.2183916270732879,0.1950293183326721,La Liga,2024-2025
13629,Ibrahim Alani,3,154,0,0.0153869660571217,0,0.0,1,0,0,0,M S,Real Valladolid,0,0.0153869660571217,0.5193248661234975,0.5039379000663757,La Liga,2024-2025
13639,Xavi Moreno,1,49,0,0.0,0,0.0,0,0,0,0,F,Real Valladolid,0,0.0,0.1408970355987548,0.1408970355987548,La Liga,2024-2025
13644,Arturo Rodríguez,1,18,0,0.0,0,0.0,0,0,0,0,S,Las Palmas,0,0.0,0.0,0.0,La Liga,2024-2025
13645,José Carlos González,1,8,0,0.0,0,0.0,0,0,0,0,S,Las Palmas,0,0.0,0.0,0.0,La Liga,2024-2025
11898,Mateo Retegui,36,2435,25,23.05881144106388,8,5.460668161511421,104,38,3,0,F S,Atalanta,21,19.252317164093256,26.73618371039629,7.063065273687244,Serie A,2024-2025
1304,Moise Kean,32,2722,19,21.887753661721945,3,2.322036488913,105,19,6,0,F S,Fiorentina,18,20.365155961364508,22.372604370117188,2.2697757203131914,Serie A,2024-2025
5556,Ademola Lookman,31,2295,15,13.808704778552055,5,8.88729977607727,82,60,4,0,F M S,Atalanta,14,13.047405943274498,24.82031987607479,8.259659683331847,Serie A,2024-2025
6160,Riccardo Orsolini,30,1914,15,10.357791488990188,4,4.652595203369856,75,30,2,0,F M S,Bologna,12,8.073895009234548,13.579532280564308,3.471814767457545,Serie A,2024-2025
594,Romelu Lukaku,36,2913,14,13.292909391224384,10,4.244027925655246,64,34,4,0,F S,Napoli,11,10.247714065015316,16.940836619585752,4.888765563257039,Serie A,2024-2025
5992,Marcus Thuram,32,2316,14,12.12327221222222,4,4.545049572363496,65,39,1,0,F S,Inter,14,12.12327221222222,20.54565922170877,6.454995878040791,Serie A,2024-2025
5560,Scott McTominay,34,2938,12,8.857582463882864,4,2.8353318478912115,76,26,3,0,M S,Napoli,12,8.857582463882864,17.02024569362402,7.907815325073898,Serie A,2024-2025
7006,Lautaro Martínez,31,2605,12,14.972904972732069,3,5.210264602676034,102,37,1,0,F,Inter,12,14.972904972732069,20.420169971883297,4.456489903852344,Serie A,2024-2025
11736,Artem Dovbyk,32,2454,12,14.354873014613986,2,2.92091160826385,63,25,0,0,F S,Roma,10,12.832275385037065,14.934369965456426,3.34222876932472,Serie A,2024-2025
11936,Lorenzo Lucca,33,2369,12,9.25349983945489,1,1.4154015257954595,66,14,10,0,F S,Udinese,11,8.492201004177332,9.291834384202955,1.9438087791204453,Serie A,2024-2025
2662,Christian Pulisic,34,2518,11,11.676121918484569,9,7.215573945082724,57,69,1,0,F M S,AC Milan,8,8.63092665374279,21.96822089701891,9.794868961907923,Serie A,2024-2025
12008,Nikola Krstovic,37,3096,11,12.192179908044636,5,3.5718187177553773,137,30,6,0,F,Lecce,9,9.908283424563706,13.792114338837564,3.114339157938957,Serie A,2024-2025
687,Pedro,30,1057,10,6.393306020647287,1,1.4419082198292017,39,22,2,0,F M S,Lazio,8,4.870708409696817,10.305274097248912,4.8102878127247095,Serie A,2024-2025
4895,Andrea Pinamonti,36,2886,10,7.931828275322914,1,1.8391901552677157,79,15,4,0,F S,Genoa,10,7.1705294996500015,12.397627600468695,4.713260012678802,Serie A,2024-2025
7084,Dusan Vlahovic,29,1793,10,15.096059490926564,4,1.744228720664978,77,16,3,0,F S,Juventus,6,12.050864440388978,16.02136825490743,3.582811534404754,Serie A,2024-2025
7375,Roberto Piccoli,37,3180,10,17.91569169005379,1,1.1450618766248226,97,11,6,0,F,Cagliari,9,17.154392854776233,18.1155537343584,2.081625021062792,Serie A,2024-2025
10948,Valentín Castellanos,29,2407,10,16.131397516466677,3,3.629513030871749,108,26,9,1,F S,Lazio,8,13.84750095102936,19.230164020322263,5.09424526616931,Serie A,2024-2025
11965,Tijjani Reijnders,37,3136,10,8.066354492679238,4,4.986120350658894,77,46,2,1,M S,AC Milan,10,8.066354492679238,25.90405914932489,16.791109887883067,Serie A,2024-2025
7224,Boulaye Dia,35,2220,9,6.899342581629753,3,4.609769284725189,39,26,2,0,F M S,Lazio,9,6.899342581629753,14.7047260357067,6.049787209369242,Serie A,2024-2025
7700,Che Adams,36,2650,9,9.513159267604353,3,2.1832971647381783,64,26,2,0,F S,Torino,9,8.751860439777374,12.417382868006824,3.57548772636801,Serie A,2024-2025
942,Florian Thauvin,25,2010,8,9.337323119863868,3,4.883188674226403,54,38,0,0,F M S,Udinese,7,7.053426733240485,12.177254557609558,4.74868880212307,Serie A,2024-2025
1958,Mattia Zaccagni,34,2750,8,6.876200471073389,6,5.215368155390024,48,55,10,0,F M S,Lazio,6,5.353602815419436,16.111151101067662,9.00402908027172,Serie A,2024-2025
5743,Randal Kolo Muani,16,1175,8,4.807359151542187,1,1.422960128635168,26,17,0,0,F M S,Juventus,7,4.046060346066952,6.10349890217185,1.3632007539272308,Serie A,2024-2025
7193,Rafael Leão,34,2329,8,8.671459373086691,8,7.545301603153348,67,58,5,0,F M S,AC Milan,8,8.671459373086691,19.97986435238272,9.706410181708634,Serie A,2024-2025
7969,Sebastiano Esposito,33,2370,8,6.238269167486578,0,2.359053977765143,61,35,1,0,F M S,Empoli,7,4.715671496931464,9.80134324869141,4.868899008259177,Serie A,2024-2025
8662,Dan Ndoye,30,2166,8,8.556749558076262,4,4.083700603805482,52,28,4,0,F M S,Bologna,6,7.034151768311858,13.290657203644514,3.763250576332212,Serie A,2024-2025
12081,Assane Diao,15,1268,8,3.5162678882479668,1,0.7812048885971308,28,8,2,0,F M S,Como,8,3.5162678882479668,7.248157672584057,3.6590865924954414,Serie A,2024-2025
12528,Santiago Castro,36,2313,8,8.536016429774463,4,3.1317079812288284,63,29,7,0,F S,Bologna,8,7.774717587046325,12.768449267372487,4.18105199560523,Serie A,2024-2025
4918,Patrick Cutrone,33,2058,7,8.805660281330347,4,2.885559193789959,69,19,1,0,F S,Como,7,8.044361483305693,10.929393373429775,2.338491410017013,Serie A,2024-2025
8297,Alexis Saelemaekers,23,1510,7,3.0717705376446247,3,3.0003358367830515,25,26,4,0,D F M S,"AC Milan,Roma",7,3.0717705376446247,12.420274063013494,8.638530646450818,Serie A,2024-2025
9840,Denzel Dumfries,29,1929,7,6.130226218141615,2,3.6943740658462048,37,21,4,0,D M S,Inter,7,6.130226218141615,13.06925655901432,5.048348389565945,Serie A,2024-2025
10877,Charles De Ketelaere,36,2092,7,9.455427888780832,7,6.690482780337334,48,39,1,0,F M S,Atalanta,7,9.455427888780832,21.813689198344942,11.468675585463645,Serie A,2024-2025
11942,Kenan Yildiz,35,2414,7,4.914883994497359,4,5.661711638793349,61,56,2,1,F M S,Juventus,7,4.914883994497359,13.799040334299209,5.859337801113725,Serie A,2024-2025
1294,Paulo Dybala,24,1431,6,7.097136401571333,3,6.226575620472431,50,40,2,0,F M S,Roma,3,4.813239821232855,12.7716128481552,7.265248727984726,Serie A,2024-2025
5222,Joel Pohjanpalo,20,1635,6,7.442887621931732,0,1.742062452249229,38,14,1,0,F S,Venezia,3,4.397692278958857,6.818921614438295,1.4799817521125078,Serie A,2024-2025
6434,Franck Zambo,35,2862,6,5.063090787269175,4,2.627801673486829,44,26,5,0,M S,Napoli,6,5.063090787269175,14.759264782071114,9.68088625371456,Serie A,2024-2025
7005,Jens Odgaard,29,1987,6,5.312568726018071,1,2.575037257745862,49,17,1,0,F M S,Bologna,6,5.312568726018071,10.966926940716805,3.653994394466281,Serie A,2024-2025
7500,Giacomo Raspadori,26,1110,6,5.084815743379295,1,2.190453313291073,42,29,1,0,F M S,Napoli,6,5.084815743379295,8.41600340232253,2.6321063581854105,Serie A,2024-2025
7944,Gabriel Strefezza,37,2648,6,3.988355965353549,4,4.323990189470351,57,57,5,0,F M S,Como,6,3.988355965353549,10.79126682691276,4.154899511486292,Serie A,2024-2025
8163,Daniel Maldini,30,1574,6,6.705157367512584,0,1.6986502315849066,49,16,5,0,F M S,"Atalanta,Monza",6,6.705157367512584,9.631431639194489,2.1939726937562227,Serie A,2024-2025
8478,Lorenzo Colombo,37,2254,6,6.488613783381879,2,2.66440793685615,56,21,3,1,F M S,Empoli,5,5.727314888499677,12.387053904123604,4.715949258767068,Serie A,2024-2025
9866,Nadir Zortea,35,2749,6,2.9334294591099024,2,3.842565463855863,32,29,2,0,D M S,Cagliari,6,2.9334294591099024,11.5493196696043,5.947565328329802,Serie A,2024-2025
10366,Albert Gudmundsson,24,1284,6,4.845826052129269,1,1.832509456202388,27,15,2,0,F M S,Fiorentina,4,3.323228407651186,7.442773260176182,3.083286017179489,Serie A,2024-2025
11541,Nico Paz,35,2704,6,9.964229883626103,8,5.478746464475989,110,54,6,0,F M S,Como,6,9.202931048348546,16.96518620289862,5.573194831609726,Serie A,2024-2025
12784,Ange-Yoan Bonny,37,2580,6,8.872624272480607,4,4.270201579667628,63,30,2,0,F S,Parma Calcio 1913,4,6.588727781549096,11.49412840604782,2.431112524122,Serie A,2024-2025
12855,Casper Tengstedt,25,1552,6,5.571623582392931,1,1.2589485691860318,38,12,2,0,F M S,Verona,5,4.810324747115374,7.137801101431251,1.7660519918426871,Serie A,2024-2025
189,Hakan Calhanoglu,29,1999,5,4.414205387234688,6,7.045005705207586,46,49,5,0,M S,Inter,2,1.3690101206302645,13.450780309736729,11.181228714063764,Serie A,2024-2025
1804,Álvaro Morata,16,1110,5,4.817088529467583,0,0.9593266900628804,27,7,5,0,F M S,AC Milan,5,4.817088529467583,7.887570891529322,3.076422202400863,Serie A,2024-2025
3856,Milan Djuric,27,1522,5,4.078131872229278,1,0.8377221208065748,28,5,4,0,F S,"Monza,Parma Calcio 1913",5,4.078131872229278,4.488791679032147,0.3141458183526993,Serie A,2024-2025
4981,Davide Frattesi,28,1194,5,5.315815009176731,1,1.0950888358056543,28,7,1,0,M S,Inter,5,5.315815009176731,8.426437519490719,2.8256054520606995,Serie A,2024-2025
6155,Robin Gosens,32,2544,5,2.4154493268579245,5,2.93827155418694,23,27,6,0,D M S,Fiorentina,5,2.4154493268579245,11.139119654893875,7.044390741735697,Serie A,2024-2025
6276,Nikola Vlasic,30,2127,5,3.3855708930641413,4,2.641710100695491,31,32,0,0,F M S,Torino,3,1.86297326721251,7.903357891365886,4.79482457973063,Serie A,2024-2025
6601,Timothy Weah,30,1636,5,3.7299512615427375,2,1.9956131614744663,21,19,4,0,D F M S,Juventus,5,3.7299512615427375,9.210717367008328,5.046265376731753,Serie A,2024-2025
7453,Khvicha Kvaratskhelia,17,1201,5,4.196013361215591,3,3.705155532807112,50,27,1,0,F M S,Napoli,4,3.434714525938034,8.84681673720479,3.6589537039399143,Serie A,2024-2025
9965,Matìas Soulè Malvano,27,1807,5,3.697174882516265,5,6.449352219700813,42,51,3,0,D F M S,Roma,5,3.697174882516265,14.13892114534974,6.339091908186674,Serie A,2024-2025
10895,Dany Mota,31,2121,5,4.940644808113575,2,1.9611132070422173,42,21,3,0,F M S,Monza,5,4.940644808113575,9.050512425601482,3.241640606895089,Serie A,2024-2025
11900,Lucas Beltrán,33,1965,5,6.0504823960363865,4,2.9424900263547897,29,29,6,0,F M S,Fiorentina,3,3.76658596470952,12.85442740097642,7.148263560608029,Serie A,2024-2025
12857,Daniel Mosquera,35,1334,5,7.168538000434637,1,1.859255077317357,57,12,4,0,F S,Verona,5,7.168538000434637,10.489193508401511,3.695483503863216,Serie A,2024-2025
13386,Jacob Ondrejka,12,408,5,1.3530066162347794,0,1.156918689608574,14,8,0,0,M S,Parma Calcio 1913,5,1.3530066162347794,2.6188761815428734,1.2010995410382748,Serie A,2024-2025
13453,Santiago Giménez,14,665,5,4.460054490715265,2,1.6851547174155712,23,6,3,1,F S,AC Milan,5,3.6987556889653206,5.886839214712381,1.0301849097013474,Serie A,2024-2025
865,Marko Arnautovic,18,531,4,4.483994249254465,2,0.9996647089719772,14,7,1,0,F S,Inter,4,4.483994249254465,4.679309174418449,1.4731150679290297,Serie A,2024-2025
1168,Bryan Cristante,30,2046,4,2.4521201327443123,2,1.721342091448605,30,18,8,0,M S,Roma,4,2.4521201327443123,10.653758198022842,8.618931483477354,Serie A,2024-2025
1178,Davide Zappacosta,30,2102,4,3.0307677779346704,2,2.927798919379711,39,23,3,0,D M S,Atalanta,4,3.0307677779346704,11.398830203339458,7.707523886114359,Serie A,2024-2025
1324,Federico Dimarco,33,2214,4,4.162737088277936,7,7.332246446982026,56,48,3,0,D M S,Inter,4,4.162737088277936,15.370240172371268,7.947630537673831,Serie A,2024-2025
1710,Marten de Roon,36,3060,4,1.263384023681283,4,2.7508939653635025,14,25,5,0,D M S,Atalanta,4,1.263384023681283,20.36193405464292,18.280003871768717,Serie A,2024-2025
2547,Theo Hernández,33,2698,4,3.1725775552913547,3,5.343857791274786,44,48,4,1,D S,AC Milan,4,2.411278731189668,16.70346779935062,14.54358809813857,Serie A,2024-2025
3821,Rolando Mandragora,29,1940,4,2.280061637982726,3,3.924611158668995,38,31,7,0,M S,Fiorentina,3,1.5187628027051687,7.940919827669859,5.204633484594524,Serie A,2024-2025
5954,Eldor Shomurodov,27,1082,4,5.652864208444953,4,1.8670945186167955,29,17,1,0,F M S,Roma,4,5.652864208444953,7.127035621553659,1.596219727769494,Serie A,2024-2025
6176,Adam Marusic,35,2336,4,2.1844769613817334,0,0.6067054634913802,22,13,1,0,D M S,Lazio,4,2.1844769613817334,7.717258364893496,6.355395727790892,Serie A,2024-2025
6692,Enrico Del Prato,34,2944,4,1.9651844333857296,0,1.280717672780156,12,15,8,0,D M S,Parma Calcio 1913,4,1.9651844333857296,8.776847595348954,7.230205884203315,Serie A,2024-2025
6762,Yacine Adli,26,1246,4,0.90202596783638,6,3.4848021315410733,14,23,1,1,M S,Fiorentina,4,0.90202596783638,6.728238292038441,4.386798335239291,Serie A,2024-2025
7265,Kephren Thuram,35,2331,4,3.5313255190849304,5,4.682116312906146,36,25,5,0,M S,Juventus,4,3.5313255190849304,15.060948219150305,9.894022192806004,Serie A,2024-2025
7284,Marco Brescianini,29,959,4,4.397535916417837,2,1.2350470423698423,20,7,1,0,M S,Atalanta,4,4.397535916417837,7.267041644081473,2.323193995282054,Serie A,2024-2025
7483,Hans Nicolussi Caviglia,35,2883,4,2.240483092144132,2,2.812581107020378,53,29,5,1,M S,Venezia,4,2.240483092144132,6.240041554905474,4.334810188040137,Serie A,2024-2025
7912,Eljif Elmas,13,1032,4,1.376329985447228,0,0.536102406680584,19,10,0,0,F M S,Torino,4,1.376329985447228,3.8012698255479336,2.1076339967548847,Serie A,2024-2025
9029,Simon Sohm,37,3015,4,4.3499494809657335,0,2.630914680659771,34,20,6,0,M S,Parma Calcio 1913,4,4.3499494809657335,15.720251835882664,9.804565664380789,Serie A,2024-2025
9303,Dennis Man,33,1997,4,7.004470095038414,4,4.645356995984912,49,45,0,0,F M S,Parma Calcio 1913,4,7.004470095038414,12.554394412785769,3.31936795450747,Serie A,2024-2025
10303,Jacopo Fazzini,20,1403,4,3.692545833066106,1,1.0941042816266418,26,12,1,1,F M S,Empoli,4,3.692545833066106,6.923686906695366,2.6492027305066586,Serie A,2024-2025
10404,Éderson,37,2898,4,4.337195685133338,1,5.689773496240377,39,37,3,1,M S,Atalanta,4,4.337195685133338,22.29255823791027,16.017200173810124,Serie A,2024-2025
11350,Amin Sarr,32,1940,4,4.79459623247385,1,2.119128202088177,23,22,1,0,F S,Verona,4,4.79459623247385,8.290901853702962,2.3352970629930496,Serie A,2024-2025
11951,Gustav Isaksen,37,2254,4,5.236178271472454,2,3.084163647145033,55,36,5,0,F M S,Lazio,4,5.236178271472454,12.200112521648409,5.998448936268687,Serie A,2024-2025
12362,Santiago Pierotti,36,1963,4,4.261026685126126,2,2.861844254657626,32,25,4,1,F M S,Lecce,4,4.261026685126126,7.331456171348691,1.794905719347298,Serie A,2024-2025
557,Matteo Darmian,29,1781,3,2.304794460535049,2,1.397296465933323,11,15,3,0,D S,Inter,3,2.304794460535049,9.96199467778206,6.824119355529547,Serie A,2024-2025
702,Tammy Abraham,29,1174,3,7.742781264707446,4,2.491778311319649,28,15,1,0,F S,"AC Milan,Roma",2,6.220183564350009,9.899299249053,2.1633672695606947,Serie A,2024-2025
1134,Mario Pasalic,34,1973,3,7.044077763333917,4,3.9745980985462666,46,32,1,0,M S,Atalanta,3,6.282778928056359,19.13353493064642,11.964951280504463,Serie A,2024-2025
1148,Duván Zapata,7,597,3,3.206736508756876,0,0.5824607098475099,21,9,1,0,F,Torino,3,3.206736508756876,4.070810154080391,0.7009266540408134,Serie A,2024-2025
1170,Gianluca Caprari,34,1644,3,3.863158030435443,2,2.0879268255084757,29,29,3,0,F M S,Monza,1,2.340560359880328,6.640162381343544,3.3056100392714143,Serie A,2024-2025
1206,Danilo Cataldi,25,1762,3,0.7924351925030351,0,0.5937809273600578,13,14,1,0,M S,Fiorentina,3,0.7924351925030351,7.411614859476685,6.710566373541951,Serie A,2024-2025
1248,Leandro Paredes,22,1370,3,2.1564809433184564,1,1.6625222507864237,26,21,4,0,M S,Roma,1,0.6338833100162446,10.667602295055984,9.504389160312712,Serie A,2024-2025
1252,Stephan El Shaarawy,31,1075,3,2.968658696860075,4,1.2206020690500736,28,15,2,0,D F M S,Roma,3,2.968658696860075,8.5647276006639,5.534490182995796,Serie A,2024-2025
1409,Nicolò Barella,33,2485,3,2.0158462561666965,6,4.790416604839265,43,55,4,0,M S,Inter,3,2.0158462561666965,14.60711894929409,11.276230716146529,Serie A,2024-2025
1473,Matteo Politano,37,2881,3,3.645138157531619,4,6.106871038675308,56,55,3,0,D F M S,Napoli,3,3.645138157531619,14.71786006912589,9.300267823040484,Serie A,2024-2025
1541,Stefan de Vrij,26,1719,3,1.8668567053973677,0,0.0575266703963279,13,1,2,0,D S,Inter,3,1.8668567053973677,8.949557587504387,8.351457685232162,Serie A,2024-2025
4932,Pietro Pellegri,11,411,3,0.5232967622578144,0,0.6099942177534103,8,6,3,0,F S,Empoli,3,0.5232967622578144,1.5464684441685677,0.5057045128196478,Serie A,2024-2025
5509,Hernani,25,1330,3,2.768267986364662,3,2.086292065680027,20,24,7,0,M S,Parma Calcio 1913,0,0.4843715196475386,3.7652265951037407,2.650100890547037,Serie A,2024-2025
6196,Nicolas Viola,27,1293,3,3.0422234144061804,1,3.0116874668747187,31,29,2,0,F M S,Cagliari,3,3.0422234144061804,5.7125649359077215,2.6841415483504534,Serie A,2024-2025
6414,Yann Bisseck,27,1646,3,2.454003557562828,2,1.4668675772845745,21,7,4,0,D S,Inter,3,2.454003557562828,9.753132335841656,8.009181194007397,Serie A,2024-2025
6978,Giovanni Di Lorenzo,37,3330,3,3.556538237258792,2,4.060254374518991,21,37,6,0,D,Napoli,3,3.556538237258792,13.787290934473276,11.077612202614546,Serie A,2024-2025
7074,Nicolás González,26,1789,3,4.388662149198353,2,1.3247456587851048,45,19,3,0,D F M S,Juventus,3,4.388662149198353,7.834341991692781,3.530604605562985,Serie A,2024-2025
7208,Samuel Chukwueze,26,910,3,2.7906703650951385,2,3.146787761710584,32,27,0,0,F M S,AC Milan,3,2.7906703650951385,6.90047693438828,2.527507521212101,Serie A,2024-2025
8182,Lucas Da Cunha,36,2639,3,1.5810190811753273,2,4.5990445874631405,37,54,4,0,M S,Como,3,1.5810190811753273,11.007021154277028,8.987369268201292,Serie A,2024-2025
8856,Razvan Marin,33,1374,3,2.198327684774995,2,3.3134645614773035,24,33,4,0,M S,Cagliari,1,0.6757300570607185,7.719012740068138,5.908012542873621,Serie A,2024-2025
8895,Tete Morente,31,2036,3,3.1021080827340484,2,1.8323508612811563,41,25,5,0,F M S,Lecce,3,3.1021080827340484,7.266147148795426,2.6662099501118064,Serie A,2024-2025
9071,Matteo Cancellieri,27,1453,3,2.508650751784444,0,0.5385912079364061,22,10,2,1,F M S,Parma Calcio 1913,3,2.508650751784444,3.886869568377733,1.2166336849331856,Serie A,2024-2025
9964,Koni de Winter,25,2132,3,2.767489257268608,0,0.2700792625546455,13,3,6,0,D S,Genoa,3,2.767489257268608,6.329930320382118,6.263988450169563,Serie A,2024-2025
9966,Fabio Miretti,25,1718,3,3.491154466755688,3,2.238197275437414,24,22,2,0,M S,Genoa,3,3.491154466755688,6.609325652010739,2.104139558970928,Serie A,2024-2025
9969,Teun Koopmeiners,28,1998,3,4.893107362091541,3,2.562169134616852,42,37,3,0,F M S,Juventus,3,4.893107362091541,9.23165249824524,3.934658458456397,Serie A,2024-2025
9985,Johan Vásquez,36,3036,3,2.439728694036603,0,0.3345777271315455,36,7,9,0,D S,Genoa,3,2.439728694036603,5.903322666883469,5.486615629866719,Serie A,2024-2025
9993,Jurgen Ekkelenkamp,34,1884,3,3.1339307287707925,2,1.634106621146202,26,16,2,0,M S,Udinese,3,3.1339307287707925,7.973995503038168,4.543551272712648,Serie A,2024-2025
10794,Thijs Dallinga,31,1124,3,5.5362889394164085,2,0.5392365166917443,31,12,1,0,F S,Bologna,3,5.5362889394164085,6.434516295790672,0.6634038519114256,Serie A,2024-2025
10891,Carlos Augusto,29,1658,3,3.478978853672743,2,1.9167723655700684,24,9,1,0,D M S,Inter,3,3.478978853672743,9.37629859149456,7.548568494617939,Serie A,2024-2025
10892,Samuele Birindelli,21,1497,3,1.8879536800086496,0,1.681458842009306,15,18,2,0,D M S,Monza,3,1.8879536800086496,6.660150051116943,3.367040239274502,Serie A,2024-2025
11278,Gvidas Gineitis,30,1431,3,1.846869610249996,1,2.1717008724808693,29,21,5,0,M S,Torino,3,1.846869610249996,5.020252310670912,2.374197735451162,Serie A,2024-2025
11944,Patrick Dorgu,21,1843,3,3.1648835986852646,1,1.512625027447939,36,19,2,1,D F M,Lecce,3,3.1648835986852646,8.149002324789762,4.312539998441935,Serie A,2024-2025
11958,Gaetano Oristanio,37,2353,3,5.692690180614591,3,2.3286834582686424,44,33,3,0,F M S,Venezia,3,5.692690180614591,8.785600032657385,2.129219925031066,Serie A,2024-2025
11964,Giovanni Fabbian,30,992,3,2.881918359547853,1,1.5135211404412985,21,10,2,0,M S,Bologna,3,2.881918359547853,3.6327195819467306,1.3713714592158794,Serie A,2024-2025
12872,Fisayo Dele-Bashiru,20,947,3,1.4858720265328884,1,0.7893589623272419,16,9,0,0,M S,Lazio,3,1.4858720265328884,3.404227823019028,1.4639215217903256,Serie A,2024-2025
12904,Samuel Mbangula,23,687,3,0.4565087296068668,3,1.7539049219340086,9,15,1,0,M S,Juventus,3,0.4565087296068668,3.577903801575303,1.5901758465915918,Serie A,2024-2025
13052,Francisco Conceição,26,1320,3,3.1290370896458626,3,4.405173312872648,40,28,3,1,F M S,Juventus,3,3.1290370896458626,12.86916140280664,7.611164345405996,Serie A,2024-2025
13061,Benjamín Domínguez,24,1309,3,2.4306969847530127,2,0.7319683395326138,30,10,0,0,F M S,Bologna,3,2.4306969847530127,6.142895981669426,3.652416937053204,Serie A,2024-2025
13446,Mateo Pellegrino,13,742,3,4.878659307956696,1,0.4318407028913498,22,5,2,0,F S,Parma Calcio 1913,3,4.878659307956696,5.234482780098915,1.5947542488574982,Serie A,2024-2025
307,Suat Serdar,22,1380,2,1.6178497727960348,1,1.0614012964069843,30,10,2,1,M S,Verona,2,1.6178497727960348,3.9974643010646105,1.9205339886248112,Serie A,2024-2025
1040,Angelino,38,3182,2,1.4242041343823075,1,5.52251351904124,24,50,1,0,D M S,Roma,2,1.4242041343823075,13.30595819465816,9.541474713012576,Serie A,2024-2025
1053,Keinan Davis,23,1049,2,3.069802690297365,1,2.451004257425666,29,20,2,0,F S,Udinese,2,3.069802690297365,5.503186270594597,1.115274365991354,Serie A,2024-2025
1104,Leonardo Pavoletti,26,377,2,2.766921676695347,0,1.3929061777889729,18,9,5,0,F S,Cagliari,2,2.766921676695347,5.622105723246932,1.962111784145236,Serie A,2024-2025
1106,Darko Lazovic,27,1467,2,2.923182776197791,3,3.620596608147025,20,19,0,0,D M S,Verona,1,2.161883970722556,6.413260260596871,0.9932305105030536,Serie A,2024-2025
1119,Alessio Romagnoli,32,2676,2,3.565914835780859,0,0.7020909860730171,20,10,4,2,D S,Lazio,2,3.565914835780859,10.539792001247406,10.252787809818985,Serie A,2024-2025
1122,Manuel Locatelli,36,2852,2,1.728091100230813,2,3.160760385915637,25,29,9,0,M S,Juventus,1,0.9667923059314488,15.23953227698803,12.483740866184236,Serie A,2024-2025
1186,Andrea Belotti,18,584,2,2.582710526883602,0,0.5775738749653101,19,7,1,0,F S,Como,2,2.582710526883602,2.759082268923521,0.0870181517675519,Serie A,2024-2025
1210,Keita,11,644,2,1.8753624334931371,0,0.2091236896812915,14,4,2,0,F S,Monza,2,1.8753624334931371,2.8264651000499725,1.191562789492309,Serie A,2024-2025
1386,Piotr Zielinski,26,947,2,2.6944100074470043,2,0.618134144693613,17,13,0,0,M S,Inter,0,1.1718123368918896,6.736713929101825,5.561824133619666,Serie A,2024-2025
1423,Matías Vecino,20,843,2,3.101402133703232,3,3.248251875862479,16,11,7,0,M S,Lazio,2,3.101402133703232,5.65881534293294,1.4020736617967486,Serie A,2024-2025
1471,Lorenzo Pellegrini,25,1648,2,5.427780851721764,1,2.6245815753936768,42,27,4,0,M S,Roma,1,4.666482016444206,9.614778824150562,4.58295938745141,Serie A,2024-2025
1634,Alessandro Deiola,29,1439,2,1.4592230711132288,1,0.776571724563837,18,6,6,0,M S,Cagliari,2,1.4592230711132288,4.446037642657757,2.7486743927001958,Serie A,2024-2025
1725,Christian Kabasele,16,1164,2,2.2601508777588606,0,0.3534695822745561,15,6,0,0,D S,Udinese,2,2.2601508777588606,0.8825029470026493,0.5794381741434336,Serie A,2024-2025
1809,Joaquín Correa,19,701,2,2.388469398021698,2,1.6234094053506851,14,10,3,0,F M S,Inter,2,2.388469398021698,6.5976563561707735,3.296074714511633,Serie A,2024-2025
2217,Antonio Sanabria,26,1321,2,2.5742118433117867,1,0.31946961581707,19,8,2,0,F S,Torino,2,1.812913067638874,2.688256904482841,1.093564716167748,Serie A,2024-2025
3278,Maxwel Cornet,7,240,2,1.0113862305879593,1,1.0651200264692309,5,5,0,0,M S,Genoa,2,1.0113862305879593,1.869239717721939,0.8866638094186783,Serie A,2024-2025
4920,Matteo Gabbia,26,2159,2,1.5626689977943895,0,0.1732339262962341,14,2,4,0,D S,AC Milan,2,1.5626689977943895,10.157022289931774,10.14400365203619,Serie A,2024-2025
5360,Weston McKennie,32,2334,2,2.9408072270452976,4,4.656233137473464,22,32,3,0,D F M S,Juventus,2,2.9408072270452976,10.659127198159696,5.942629124969244,Serie A,2024-2025
5661,Jonathan Ikone,27,831,2,3.4286174327135086,0,0.4965145708993077,25,4,1,0,F M S,"Como,Fiorentina",2,3.4286174327135086,6.160221628844738,2.8455714769661427,Serie A,2024-2025
6159,Gianluca Mancini,37,3152,2,2.963864615187049,0,1.0477176792919636,22,15,8,0,D S,Roma,2,2.963864615187049,12.107092240825295,11.160773133859038,Serie A,2024-2025
6228,Luka Jovic,15,549,2,2.270533040165901,0,1.1450764555484056,11,12,1,0,F S,AC Milan,2,2.270533040165901,3.655979346483946,1.315719859674573,Serie A,2024-2025
6686,Nicolo Zaniolo,23,665,2,1.9149079006165264,2,1.2455867566168308,20,12,6,0,F M S,"Atalanta,Fiorentina",2,1.9149079006165264,4.722219057381153,1.9833912942558527,Serie A,2024-2025
6718,Andrea Colpani,25,1469,2,3.3541502580046654,1,1.1401456985622644,36,17,1,0,M S,Fiorentina,2,3.3541502580046654,7.350004870444536,3.4852827321738005,Serie A,2024-2025
6773,Samuel Gigot,15,692,2,1.3551291171461344,0,0.0,4,0,2,0,D S,Lazio,2,1.3551291171461344,3.7404720038175583,3.608620271086693,Serie A,2024-2025
7328,Maxence Caqueret,18,1110,2,0.7744915895164013,3,2.1084248200058937,8,19,4,0,M S,Como,2,0.7744915895164013,5.449922807514668,3.510226085782051,Serie A,2024-2025
7482,Kouadio Kone,34,2597,2,2.9576583448797464,1,1.7725180741399529,34,19,6,0,M S,Roma,2,2.9576583448797464,14.167982800863683,11.84147794637829,Serie A,2024-2025
7507,Gianluca Gaetano,28,976,2,4.630177354440093,4,2.379545057192445,30,22,0,0,M S,Cagliari,2,4.630177354440093,7.970997171476483,2.2628479339182377,Serie A,2024-2025
7892,João Félix,15,761,2,2.875185754150152,0,1.5514497235417366,29,10,3,0,M S,AC Milan,2,2.875185754150152,6.425452150404453,3.1223751958459616,Serie A,2024-2025
8034,Georgios Kyriakopoulos,34,2865,2,1.027892344631255,4,3.4542827997356653,27,41,5,0,D S,Monza,2,1.027892344631255,5.571459736675024,2.9557580947875977,Serie A,2024-2025
8341,Lazar Samardzic,31,1119,2,1.92628039047122,1,3.317144453525543,33,35,3,0,M S,Atalanta,2,1.92628039047122,8.127213651314378,4.740726798772812,Serie A,2024-2025
8383,Faustino Anjorin,22,1127,2,0.78926155064255,3,2.284856982529164,23,17,3,0,M S,Empoli,2,0.78926155064255,3.605555894784629,0.8866018038243055,Serie A,2024-2025
8642,Strahinja Pavlovic,24,1866,2,2.1691710744053125,1,1.2954732533544302,17,6,3,1,D S,AC Milan,2,2.1691710744053125,8.996752217411995,7.717672035098076,Serie A,2024-2025
8857,Gabriele Zappa,37,3070,2,0.7887675790116191,0,4.328659053891897,11,28,4,0,D S,Cagliari,2,0.7887675790116191,8.3868967005983,5.076139492914081,Serie A,2024-2025
8912,Tommaso Pobega,21,1180,2,2.5043334010988474,2,1.3730711620301008,24,11,4,2,M S,Bologna,2,2.5043334010988474,5.308426357805729,3.1972428830340505,Serie A,2024-2025
8913,Emmanuel Gyasi,37,3238,2,5.102962395176292,1,1.4408680945634842,22,17,5,0,D M,Empoli,2,5.102962395176292,9.220969841815531,4.194316642358899,Serie A,2024-2025
9841,Andrea Cambiaso,33,2227,2,0.9298030640929936,3,2.9846264300867915,17,34,4,0,D F M S,Juventus,2,0.9298030640929936,13.496584210544825,11.93434378877282,Serie A,2024-2025
9854,Kristjan Asllani,22,960,2,2.2790823988616467,2,1.5879101548343897,16,14,4,0,M S,Inter,0,0.756484741345048,4.228175640106201,3.637131825089455,Serie A,2024-2025
9904,Gianluca Busio,33,2537,2,2.8546703048050404,0,1.6145903673022983,36,28,4,0,F M S,Venezia,2,2.8546703048050404,6.50524911377579,2.829230998642742,Serie A,2024-2025
9924,Fabiano Parisi,26,1107,2,0.4368079118430614,0,1.035966550000012,9,4,3,0,D M S,Fiorentina,2,0.4368079118430614,3.231815998442471,1.777893790975213,Serie A,2024-2025
10090,Iker Bravo,29,629,2,1.1998920924961567,1,0.5227264482527971,13,7,3,0,F M S,Udinese,2,1.1998920924961567,2.38471445068717,0.674788711592555,Serie A,2024-2025
10169,Diego Coppola,34,2928,2,1.3077915208414197,0,0.0927545512095093,10,3,10,0,D S,Verona,2,1.3077915208414197,3.875566763803363,3.842023147270083,Serie A,2024-2025
10365,Morten Frendrup,35,3115,2,1.6894174106419086,0,0.7124996110796928,31,14,5,0,M,Genoa,2,1.6894174106419086,8.62092512845993,6.655704429373145,Serie A,2024-2025
10380,Zito,26,1634,2,1.856324827298522,2,3.802188882604242,23,17,2,0,F M S,Cagliari,2,1.856324827298522,7.253765940666199,2.3899503760039806,Serie A,2024-2025
10385,Liberato Cacace,33,2224,2,4.268769123591483,4,2.0169987874105573,29,27,6,0,D M S,Empoli,2,4.268769123591483,8.474104415625334,3.736823833547533,Serie A,2024-2025
10878,Sandi Lovric,36,2370,2,2.558918621391058,3,3.452964967116713,49,32,5,0,M S,Udinese,2,2.558918621391058,9.900501234456897,5.352557154372335,Serie A,2024-2025
10893,Christian Gytkjær,29,720,2,3.4311846122145653,1,0.7098643705248833,18,7,0,0,F S,Venezia,1,2.669885747134685,2.1699485518038277,0.4514015540480613,Serie A,2024-2025
10902,Federico Baschirotto,38,3420,2,1.786151384934783,0,0.4555621715262532,22,6,3,0,D,Lecce,2,1.786151384934783,5.909337832592428,5.701119958423078,Serie A,2024-2025
10957,Mikael Ellertsson,36,2503,2,1.3820830965414643,2,2.1617317385971546,21,20,2,0,D M S,Venezia,2,1.3820830965414643,5.425039594992995,2.492546943947673,Serie A,2024-2025
10985,Sulemana,9,282,2,0.580807913094759,0,0.0257358904927968,5,1,1,0,M S,Atalanta,2,0.580807913094759,0.8711340129375458,0.6467559784650803,Serie A,2024-2025
11027,Emanuele Valeri,35,2883,2,1.603562337346375,6,5.606089581735432,27,36,1,0,D M S,Parma Calcio 1913,1,0.8422635281458497,9.662433922290802,4.945689929649234,Serie A,2024-2025
11380,Vitinha,25,1346,2,1.7762191742658615,3,4.115728894248605,33,17,2,0,F M S,Genoa,2,1.7762191742658615,5.696292694658041,1.6133615635335443,Serie A,2024-2025
11470,Niccolò Pisilli,28,1198,2,3.067274132743478,1,0.9415066838264464,27,10,7,0,M S,Roma,2,3.067274132743478,5.933968747034669,3.9242928493767977,Serie A,2024-2025
11741,Saúl Coco,32,2851,2,1.9452431565150616,0,0.0062868800014257,20,1,10,0,D,Torino,2,1.9452431565150616,4.081076920032501,4.014715070836246,Serie A,2024-2025
12006,Jesper Karlsson,20,802,2,2.348971612751484,0,0.8065090542659163,16,12,3,0,F M S,"Bologna,Lecce",1,1.587672770023346,2.584194025024772,1.008876221254468,Serie A,2024-2025
12030,Tasos Douvikas,13,587,2,3.1398374401032925,2,1.389390304684639,14,8,1,0,F S,Como,2,3.1398374401032925,5.04932864010334,1.431522836908698,Serie A,2024-2025
12113,Jackson Tchatchoua,36,3172,2,1.9549099691212175,3,3.5700629903003573,18,34,7,1,D M,Verona,2,1.9549099691212175,9.686987875960767,4.775095266290009,Serie A,2024-2025
12124,Alessandro Vogliacco,22,1499,2,1.5824130047112703,0,0.124764054082334,6,4,5,0,D S,"Genoa,Parma Calcio 1913",2,1.5824130047112703,2.4423297978937626,2.386560793966055,Serie A,2024-2025
12378,Tijjani Noslin,30,830,2,2.656429646536708,2,1.5994202382862568,19,12,2,0,F M S,Lazio,2,2.656429646536708,5.096717353910208,2.3080015797168016,Serie A,2024-2025
12785,Antoine Hainaut,25,1184,2,0.853666452690959,0,0.7657707277685404,6,9,4,0,D M S,Parma Calcio 1913,2,0.853666452690959,2.990510476753116,2.2022153213620186,Serie A,2024-2025
12905,Nicolò Savona,28,1724,2,0.6217741407454014,1,1.6131829097867012,6,16,5,0,D S,Juventus,2,0.6217741407454014,6.450548764318228,5.277569431811571,Serie A,2024-2025
12993,David Neres,28,1268,2,2.994298680685461,4,3.375439688563347,29,26,1,0,F S,Napoli,2,2.994298680685461,9.530023638159037,4.620999600738287,Serie A,2024-2025
13349,Lorenzo Venturino,6,149,2,1.1552968937903645,0,0.1815433800220489,4,3,0,0,M S,Genoa,2,1.1552968937903645,1.3504673931747675,0.0495559647679328,Serie A,2024-2025
13448,Daniel Fila,10,495,2,1.922950215637684,0,0.3483077250421047,8,6,1,1,F S,Venezia,2,1.922950215637684,2.6668144688010216,0.4618998505175113,Serie A,2024-2025
317,Henrikh Mkhitaryan,32,2441,1,1.7231267150491476,4,3.286845152266324,23,29,4,0,M S,Inter,1,1.7231267150491476,16.204422222450376,12.255357168614864,Serie A,2024-2025
1096,Armando Izzo,30,2455,1,0.4861759934574365,1,1.0162390042096376,6,11,12,0,D S,Monza,1,0.4861759934574365,6.275955243036151,5.299630461260676,Serie A,2024-2025
1102,Giovanni Simeone,30,349,1,2.2662558434531093,1,0.9974416717886924,13,8,1,0,F S,Napoli,1,2.2662558434531093,3.654563601128757,1.0467244498431685,Serie A,2024-2025
1120,Mattia De Sciglio,16,750,1,0.7994552589952946,0,0.135404678992927,5,3,0,0,D S,Empoli,1,0.7994552589952946,0.8791246926411986,0.7065426781773567,Serie A,2024-2025
1161,Francesco Zampano,24,1633,1,1.283414401113987,2,1.1868484076112509,7,12,5,0,D M S,Venezia,1,1.283414401113987,4.346421523019671,1.996891152113676,Serie A,2024-2025
1164,Cristiano Biraghi,23,1585,1,0.6364892479032278,0,3.2530914284288883,15,31,1,0,D S,"Fiorentina,Torino",1,0.6364892479032278,3.9441848695278168,2.5033633075654507,Serie A,2024-2025
1193,Lorenzo De Silvestri,18,1074,1,1.0870488844811916,0,0.3082828223705292,9,5,1,0,D S,Bologna,1,1.0870488844811916,3.170561768114567,2.871158439666033,Serie A,2024-2025
1204,Patric,10,593,1,0.877030536532402,0,0.012614113278687,2,1,2,0,D S,Lazio,1,0.877030536532402,1.8100600996986032,1.8100600996986032,Serie A,2024-2025
1226,Karol Linetty,28,1548,1,0.8516321126371622,0,0.7127992520108819,17,10,6,0,M S,Torino,1,0.8516321126371622,3.1275448435917497,2.5471969498321414,Serie A,2024-2025
1241,Pedro Pereira,35,2689,1,1.7392617259174583,3,2.2384377252310514,13,14,10,0,D S,Monza,1,1.7392617259174583,7.526778059080243,5.5956121776252985,Serie A,2024-2025
1264,Edoardo Goldaniga,32,2525,1,2.380076947622001,0,0.2964764069765806,12,5,10,1,D S,Como,1,2.380076947622001,5.93805193156004,5.848595153540373,Serie A,2024-2025
1430,Milan Badelj,23,1525,1,0.9570948630571364,0,1.2159679476171732,13,12,2,0,M S,Genoa,1,0.9570948630571364,6.448246106505394,4.448463158681989,Serie A,2024-2025
1441,Adam Masina,28,1911,1,0.8731769127771258,2,0.5124717773869634,7,4,5,0,D S,Torino,1,0.8731769127771258,3.155869249254465,3.124552465975285,Serie A,2024-2025
1465,Stefano Sensi,12,253,1,0.8939067367464304,0,0.3312928956001997,7,3,0,0,M S,Monza,0,0.132607901468873,0.933458210900426,0.8687582919374108,Serie A,2024-2025
1477,Luca Mazzitelli,11,330,1,0.2186603108420968,1,0.8467894122004509,7,6,1,0,M S,Como,1,0.2186603108420968,1.4401760520413518,0.4003149205818772,Serie A,2024-2025
1488,Remo Freuler,37,3230,1,1.4950652588158846,2,1.9593567317351697,17,36,6,0,M,Bologna,1,1.4950652588158846,11.353501968085766,8.221530951559544,Serie A,2024-2025
1500,Leonardo Spinazzola,27,1531,1,1.021505981683731,1,4.10211580991745,12,26,1,0,D F S,Napoli,1,1.021505981683731,9.819637268781662,5.675645746290684,Serie A,2024-2025
1504,Alberto Grassi,28,2245,1,1.165816916152835,0,0.7257651910185814,11,7,8,0,M S,Empoli,1,1.165816916152835,6.6722745527513325,4.9939055615104735,Serie A,2024-2025
1639,Sebastiano Luperto,36,3240,1,2.471910698339343,3,0.995182365179062,21,7,4,0,D,Cagliari,1,2.471910698339343,6.183798227459192,5.459973908960819,Serie A,2024-2025
1852,Ante Rebic,27,753,1,1.7934200260788202,0,2.400962082669139,13,18,3,1,F M S,Lecce,1,1.7934200260788202,4.24037903547287,0.9161173533648252,Serie A,2024-2025
1927,Berat Gjimshiti,34,2653,1,3.073660319671035,2,1.7291569849476218,20,11,6,0,D S,Atalanta,1,3.073660319671035,11.93463903106749,10.687764661386607,Serie A,2024-2025
3334,Lassana Coulibaly,38,2687,1,1.2990855276584623,0,1.0492202918976543,9,12,3,0,M S,Lecce,1,1.2990855276584623,7.347924545407295,5.172801356762648,Serie A,2024-2025
3729,Hassane Kamara,30,2020,1,0.7477439409121871,4,3.255213731899857,17,25,6,1,D M S,Udinese,1,0.7477439409121871,5.070894621312618,3.514498222619295,Serie A,2024-2025
4733,José Luis Palomino,18,1067,1,0.2968503274023533,0,0.0592363402247428,2,1,3,0,D S,Cagliari,1,0.2968503274023533,2.4993635714054108,2.4401272237300877,Serie A,2024-2025
4911,Alessio Zerbin,20,1523,1,2.1581489220261574,1,2.365778660401702,17,24,4,0,D M S,"Napoli,Venezia",1,2.1581489220261574,5.175491515547037,1.3222598982974887,Serie A,2024-2025
4939,Alessandro Bastoni,33,2468,1,0.672028174623847,5,3.40167273581028,13,28,4,1,D S,Inter,1,0.672028174623847,16.253236640244722,14.77019675821066,Serie A,2024-2025
4951,Grigoris Kastanos,27,852,1,1.0893141850829124,1,1.5799968745559454,22,12,4,0,F M S,Verona,1,1.0893141850829124,2.893082857131958,1.249175714328885,Serie A,2024-2025
5025,Alessandro Buongiorno,22,1931,1,0.7932021021842957,0,0.6279377229511738,8,5,2,0,D,Napoli,1,0.7932021021842957,8.373556986451149,8.244964852929115,Serie A,2024-2025
5240,Ondrej Duda,28,2414,1,0.8872416876256466,3,3.4387308126315475,25,32,10,1,M S,Verona,1,0.8872416876256466,8.706737032160163,6.527901178225875,Serie A,2024-2025
5759,Matteo Guendouzi,37,3281,1,1.5578105077147484,3,3.081902503967285,27,43,7,0,M,Lazio,1,1.5578105077147484,19.77757119387388,16.28183127194643,Serie A,2024-2025
6034,Philip Billing,10,164,1,1.9009495750069616,0,0.1413416489958763,6,3,1,0,M S,Napoli,1,1.9009495750069616,1.9609037414193156,0.6691972948610783,Serie A,2024-2025
6073,Guillermo Maripán,28,2340,1,1.0367044052109122,1,1.2979081273078918,12,5,4,1,D S,Torino,1,1.0367044052109122,3.93311261292547,3.244001834653318,Serie A,2024-2025
6360,Antoine Bernede,14,591,1,0.2186197899281978,0,0.4662043675780296,4,10,2,0,M S,Verona,1,0.2186197899281978,1.219642659649253,0.625960398465395,Serie A,2024-2025
6521,Yerry Mina,31,2590,1,2.4685893896967173,0,0.5654018130153418,26,4,4,1,D,Cagliari,1,2.4685893896967173,4.85687483754009,3.831982440315187,Serie A,2024-2025
6618,Oumar Solet,19,1676,1,0.8947085021063685,2,1.2162842229008677,12,18,1,1,D,Udinese,1,0.8947085021063685,3.9687442146241674,3.1539295949041843,Serie A,2024-2025
6672,Riccardo Sottil,24,932,1,1.176107570528984,1,1.387419410049915,24,15,1,0,M S,"AC Milan,Fiorentina",1,1.176107570528984,4.663248609751463,2.823948331177234,Serie A,2024-2025
6696,Luca Ranieri,36,3085,1,1.383564260788262,3,1.7717870529741049,11,16,7,0,D S,Fiorentina,1,1.383564260788262,6.849961528554559,5.043334582820535,Serie A,2024-2025
6706,Ndary Adopo,35,2416,1,1.1319589167833328,1,2.4681363748386502,20,19,3,1,M S,Cagliari,1,1.1319589167833328,9.339320386759937,6.932965071871877,Serie A,2024-2025
6807,Jaka Bijol,34,2964,1,2.1401905212551355,0,0.6740374462679029,19,12,11,1,D,Udinese,1,2.1401905212551355,7.283961589448154,6.610245150513947,Serie A,2024-2025
6945,Youssouf Fofana,35,2516,1,1.1362495608627796,6,3.525792809203267,36,24,5,0,M S,AC Milan,1,1.1362495608627796,14.933577582240105,11.940524335950611,Serie A,2024-2025
7002,Giangiacomo Magnani,17,1049,1,1.5168068408966064,0,0.0484468974173069,11,1,2,0,D S,Verona,1,1.5168068408966064,1.6146412249654531,1.1229047160595655,Serie A,2024-2025
7091,Christian Kouamé,26,1100,1,3.3584845028817654,1,2.642054849304259,25,18,1,0,F M S,"Empoli,Fiorentina",1,3.3584845028817654,5.656952547840774,1.3118883343413472,Serie A,2024-2025
7234,John Yeboah,33,1198,1,2.5314945550635457,1,2.961378918029368,30,20,6,0,F M S,Venezia,1,2.5314945550635457,6.871234200894833,2.028984921053052,Serie A,2024-2025
7379,Nicolo Fagioli,32,1514,1,0.8893392160534859,2,3.0206517837941647,22,27,4,0,M S,"Fiorentina,Juventus",1,0.8893392160534859,9.793622113764286,8.04011969268322,Serie A,2024-2025
7530,Samuele Ricci,34,2863,1,1.2636383641511202,1,0.6732697440311313,22,15,8,1,M,Torino,1,1.2636383641511202,6.681054439395666,4.934482039883733,Serie A,2024-2025
7576,Nicolò Cambiaghi,18,581,1,0.7282730583101511,3,2.0716569516807795,14,10,0,0,F M S,Bologna,1,0.7282730583101511,4.488316844217479,2.113939735107124,Serie A,2024-2025
7755,Domagoj Bradaric,28,1963,1,0.875758109614253,0,1.9564918112009764,9,25,6,0,D M S,Verona,1,0.875758109614253,3.303593335673213,1.487995870411396,Serie A,2024-2025
7924,Amir Rrahmani,38,3410,1,2.2584940614178777,3,1.5486852955073118,28,11,2,0,D,Napoli,1,2.2584940614178777,13.18892247788608,12.652464220300317,Serie A,2024-2025
8313,Pierre Kalulu Kyatengwa,29,2330,1,0.848704170435667,0,0.5810731491073966,7,11,2,1,D S,Juventus,1,0.848704170435667,9.870267361402512,9.1310306340456,Serie A,2024-2025
8470,Kike Pérez,16,1130,1,1.3553542979061604,0,1.0465105026960373,13,18,4,0,M S,Venezia,1,1.3553542979061604,3.395587347447872,1.424926709383726,Serie A,2024-2025
8728,Oier Zarraga,22,881,1,0.2872130675241351,0,0.3232956565916538,6,6,0,0,M S,Udinese,1,0.2872130675241351,2.017476899549365,1.489111479371786,Serie A,2024-2025
8819,Mergim Vojvoda,28,1836,1,0.6811647824943066,2,3.3965131770819426,9,24,6,0,D S,"Como,Torino",1,0.6811647824943066,8.322450945153832,5.191704824566841,Serie A,2024-2025
8828,Ivan Ilic,19,898,1,1.1345241209492087,0,0.9605423053726554,11,9,4,0,M S,Torino,1,1.1345241209492087,4.03326803445816,2.487295724451542,Serie A,2024-2025
8838,Junior Messias,17,832,1,2.6005900129675865,1,0.6972742862999439,18,8,1,0,F M S,Genoa,1,1.8392911776900287,2.1805835757404566,0.7364483065903187,Serie A,2024-2025
8867,Adrián Bernabé,21,1464,1,1.5122445924207568,1,1.6502636158838868,27,23,1,0,M S,Parma Calcio 1913,1,1.5122445924207568,8.45220860093832,6.969147564843297,Serie A,2024-2025
8967,Lautaro Valenti,20,1559,1,0.1997213764116168,0,0.1470062136650085,7,4,4,1,D S,Parma Calcio 1913,1,0.1997213764116168,3.46219614520669,3.351312763988972,Serie A,2024-2025
9019,Lucas Martínez Quarta,8,341,1,0.9090237375348806,0,0.0115291764959692,3,1,1,0,D S,Fiorentina,1,0.9090237375348806,1.0869984542950988,1.0567965134978294,Serie A,2024-2025
9036,Nicola Zalewski,23,963,1,0.4306339602917433,1,3.076297538354993,10,21,4,0,D M S,"Inter,Roma",1,0.4306339602917433,6.606423620134592,3.7020213827490807,Serie A,2024-2025
9061,Pontus Almqvist,29,1085,1,2.062207432463765,1,1.6867310833185911,26,10,5,0,D F M S,Parma Calcio 1913,1,2.062207432463765,5.689991846680641,2.2183973472565413,Serie A,2024-2025
9322,Alessandro Bianco,35,2636,1,1.3939758026972413,0,1.4734479561448095,26,18,9,0,M S,"Fiorentina,Monza",1,1.3939758026972413,6.815836355090141,4.914733601734042,Serie A,2024-2025
9503,Kacper Urbanski,15,737,1,0.6933421511203051,0,0.8474208787083626,9,13,3,0,M S,"Bologna,Monza",1,0.6933421511203051,2.1637091329321265,0.8631252218037844,Serie A,2024-2025
9518,Edoardo Bove,12,863,1,1.26268844678998,2,1.4585404973477123,7,11,3,0,M S,Fiorentina,1,1.26268844678998,5.152803368866444,3.4689552523195744,Serie A,2024-2025
9843,Caleb Ekuban,18,526,1,3.429166266694665,3,0.8587063550949097,18,8,1,0,F S,Genoa,1,3.429166266694665,3.8718484360724688,0.7761340718716383,Serie A,2024-2025
9855,Mattia Viti,30,2580,1,1.030984944663942,0,0.2220074795186519,11,5,3,0,D,Empoli,1,1.030984944663942,3.366817817091942,3.027767294086516,Serie A,2024-2025
9876,Alessandro Zanoli,31,1716,1,0.653908365406096,0,1.1977330967783928,11,19,3,0,D M S,Genoa,1,0.653908365406096,3.935621116310358,2.3123090155422688,Serie A,2024-2025
9887,Michael Svoboda,16,1311,1,0.2000991841778159,0,0.9600300937891006,4,5,1,0,D S,Venezia,1,0.2000991841778159,3.791474578902125,3.685541717335582,Serie A,2024-2025
9951,Tommaso Baldanzi,31,777,1,1.9191363900899887,1,1.3112524915486574,20,10,2,0,M S,Roma,1,1.9191363900899887,5.2209326811134815,2.456991894170642,Serie A,2024-2025
9952,Ridgeciano Haps,25,1369,1,1.4896735288202765,1,1.001672275364399,15,7,3,0,D S,Venezia,1,1.4896735288202765,4.628160126507282,2.384881101548672,Serie A,2024-2025
9977,Loum Tchaouna,24,624,1,2.584312392398715,0,0.6861412897706032,23,10,2,1,F M S,Lazio,1,2.584312392398715,4.432393677532673,1.6853936556726694,Serie A,2024-2025
9996,Abdou Harroui,10,452,1,2.4512249622493982,2,1.0444414168596268,15,4,1,0,F M S,Verona,1,2.4512249622493982,4.008257923647761,1.457410605624318,Serie A,2024-2025
10073,Adam Obert,21,1072,1,1.016501558944583,1,0.4556614402681589,9,10,4,0,D M S,Cagliari,1,1.016501558944583,3.512360665947199,2.2209675293415785,Serie A,2024-2025
10389,Fali Candé,17,1530,1,0.8236780585721135,1,0.804043959826231,5,4,4,0,D,Venezia,1,0.8236780585721135,2.158546522259712,1.4531347639858725,Serie A,2024-2025
10433,Cesare Casadei,15,1030,1,1.2500655204057691,1,0.3901698719710111,14,7,1,0,F M S,Torino,1,1.2500655204057691,3.119248924776912,1.903520254418254,Serie A,2024-2025
10497,Yannick Engelhardt,26,1134,1,0.8142325235530734,1,1.483450741507113,8,12,4,0,D M S,Como,1,0.8142325235530734,4.55920197814703,2.9768388494849205,Serie A,2024-2025
10577,Mario Gila,32,2740,1,0.9575563902035356,0,0.7198654301464558,15,15,8,0,D S,Lazio,1,0.9575563902035356,11.041901929304004,10.882915522903204,Serie A,2024-2025
10616,Samuel Iling-Junior,7,98,1,0.1766015514731407,0,0.0679608359932899,4,1,0,0,S,Bologna,1,0.1766015514731407,0.4406674802303314,0.2640659213066101,Serie A,2024-2025
10740,Jordan Zemura,23,1401,1,1.0848796032369137,2,1.7748898016288877,13,11,2,0,D S,Udinese,1,1.0848796032369137,3.965422187000513,2.0313164219260216,Serie A,2024-2025
10854,Souleymane Isaak Touré,12,742,1,0.7402979917824268,0,0.0290865339338779,4,2,2,2,D S,Udinese,1,0.7402979917824268,2.073045678436756,2.073045678436756,Serie A,2024-2025
10894,Patrick Ciurria,21,1101,1,0.5166725674644113,1,2.2959581948816776,11,13,1,0,D F M S,Monza,1,0.5166725674644113,2.598977845162153,0.5054212380200624,Serie A,2024-2025
10956,Emil Holm,21,1129,1,0.7301032273098826,1,1.009086690843105,10,10,3,0,D S,Bologna,1,0.7301032273098826,3.90553546603769,2.899813083000481,Serie A,2024-2025
10993,Federico Gatti,30,2207,1,2.6437892597168684,0,0.2836914574727416,25,6,2,0,D S,Juventus,1,2.6437892597168684,6.388843132182956,5.920589059591293,Serie A,2024-2025
11039,Lewis Ferguson,16,974,1,0.948494052514434,1,1.5487658977508545,6,14,0,0,M S,Bologna,0,0.1871952172368765,5.328851531259716,3.822157620452344,Serie A,2024-2025
11279,Ali Dembélé,15,369,1,0.3785240538418293,0,0.1086953617632389,5,3,2,1,D S,Torino,1,0.3785240538418293,0.5299162268638611,0.215679925866425,Serie A,2024-2025
11752,Amir Richardson,27,1083,1,1.0827028583735228,1,0.6237350255250931,11,8,6,0,M S,Fiorentina,1,1.0827028583735228,3.1449933713302016,2.048963035456836,Serie A,2024-2025
11902,Pietro Comuzzo,33,2192,1,0.47288110665977,0,0.3625793624669313,4,6,5,0,D S,Fiorentina,1,0.47288110665977,5.206593118607998,5.145380796864629,Serie A,2024-2025
11945,Ylber Ramadani,29,1831,1,0.5368887726217508,1,0.8912339806556702,17,16,3,0,M S,Lecce,1,0.5368887726217508,5.1174457632005215,3.889126590453088,Serie A,2024-2025
11966,Noah Okafor,15,435,1,2.230065990239382,0,0.7641346864402294,13,7,0,0,F M S,"AC Milan,Napoli",1,2.230065990239382,3.62198705971241,0.64883628860116,Serie A,2024-2025
11996,Mathis Lambourde,7,69,1,0.3416186347603798,0,0.0824995338916778,2,1,1,0,S,Verona,1,0.3416186347603798,0.4241181686520576,0.0824995338916778,Serie A,2024-2025
12040,Thomas Thiesson Kristensen,24,1747,1,0.9477472146973014,0,0.3604104518890381,4,4,5,0,D S,Udinese,1,0.9477472146973014,3.453938253223896,3.3669678196311,Serie A,2024-2025
12084,Martín Payero,25,1391,1,1.3691439758986237,1,1.263338158838451,31,15,5,0,M S,Udinese,1,1.3691439758986237,4.44339719042182,3.080846358090639,Serie A,2024-2025
12341,Lautaro Giannetti,15,892,1,0.0769269755110144,0,0.0951495468616485,2,2,4,0,D S,Udinese,1,0.0769269755110144,0.6581898517906666,0.5630403058603406,Serie A,2024-2025
12342,Brenner,9,389,1,0.4947841465473175,2,0.5186105389147997,7,5,0,0,F M S,Udinese,1,0.4947841465473175,1.1117826737463474,0.1805124096572399,Serie A,2024-2025
12365,Alieu Njie,16,361,1,1.2351643005385995,0,0.5602473244071007,9,4,1,0,S,Torino,1,1.2351643005385995,1.7521601133048534,0.0310470722615718,Serie A,2024-2025
12776,Jeff Ekhator,24,727,1,1.3274079076945782,1,1.373926709406078,10,10,1,0,F M S,Genoa,1,1.3274079076945782,2.3448909549042583,0.5531844501383603,Serie A,2024-2025
12777,Patrizio Masini,26,1528,1,0.4354055868461728,0,0.2544679529964924,8,6,3,0,M S,Genoa,1,0.4354055868461728,3.3008227180689573,3.045926110818982,Serie A,2024-2025
12780,Mehdi Taremi,26,781,1,3.3251225762069225,2,1.829333458095789,14,15,1,0,F S,Inter,0,2.563823733478785,6.388202100992203,2.292017860338092,Serie A,2024-2025
12788,Anas Haj Mohamed,15,450,1,1.0511461086571217,2,1.2685235664248466,7,9,4,0,M S,Parma Calcio 1913,1,1.0511461086571217,2.5591691844165325,0.9298625811934472,Serie A,2024-2025
12856,Dailon Livramento,29,922,1,2.382310029119253,1,1.0129290595650673,13,8,2,1,F M S,Verona,1,2.382310029119253,4.684611141681671,1.432822888717055,Serie A,2024-2025
12873,Marin Sverko,16,1123,1,0.2006810456514358,0,0.3804778158664703,3,2,3,0,D S,Venezia,1,0.2006810456514358,2.041018757969141,1.827217359095812,Serie A,2024-2025
12875,Magnus Kofod Andersen,14,692,1,0.2297064270824194,1,0.4962088577449322,8,10,1,0,M S,Venezia,1,0.2297064270824194,1.7651554197072985,1.3734811171889303,Serie A,2024-2025
12909,Alessandro Gabrielloni,15,109,1,0.2875324171036482,1,0.6300930082798004,5,4,1,0,S,Como,1,0.2875324171036482,0.7825651317834854,0.0117887826636433,Serie A,2024-2025
12989,Jay Idzes,35,3130,1,2.105722848325968,0,1.5452221520245075,16,8,5,0,D,Venezia,1,2.105722848325968,5.570156503468752,4.609417419880629,Serie A,2024-2025
12997,Alieu Fadera,28,1652,1,1.79731765948236,3,3.3553921189159155,28,23,2,1,D M S,Como,1,1.79731765948236,9.128523889929056,4.841113898903132,Serie A,2024-2025
13030,Gabriel Charpentier,10,242,1,0.852648101747036,2,0.6286597438156605,9,6,1,0,S,Parma Calcio 1913,1,0.852648101747036,1.3949673753231764,0.0456237904727458,Serie A,2024-2025
13031,Giovanni Leoni,17,1210,1,0.3942391201853752,0,0.013675395399332,2,1,3,1,D S,Parma Calcio 1913,1,0.3942391201853752,1.960203677415848,1.946528282016516,Serie A,2024-2025
13444,Florinel Coman,9,253,1,0.1312998887151479,0,0.0133624384179711,4,1,2,0,M S,Cagliari,1,0.1312998887151479,0.4400611231103539,0.3507751170545816,Serie A,2024-2025
3,Luca Caldirola,14,865,0,0.3377504227682948,0,0.0862647034227848,4,2,5,0,D S,Monza,0,0.3377504227682948,0.9976316206157207,0.9445620588958265,Serie A,2024-2025
199,Yann Sommer,33,2970,0,0.0,0,0.0,0,0,0,0,GK,Inter,0,0.0,8.29308963380754,8.29308963380754,Serie A,2024-2025
342,Sead Kolasinac,23,1917,0,0.8305487222969532,2,2.8309976141899824,10,17,7,0,D,Atalanta,0,0.8305487222969532,11.083419598639011,9.720477867871525,Serie A,2024-2025
373,Mats Hummels,14,925,0,0.6159650785848498,0,0.0773359723389148,8,2,1,0,D S,Roma,0,0.6159650785848498,5.503668360412121,5.38141018897295,Serie A,2024-2025
498,Alexis Sánchez,13,435,0,1.230900346301496,0,0.1015414707362651,7,3,0,0,F S,Udinese,0,1.230900346301496,2.664339796639979,1.4354362692683935,Serie A,2024-2025
546,David de Gea,35,3150,0,0.0,1,0.5911908186972141,0,3,1,0,GK,Fiorentina,0,0.0,4.432341421023011,3.8411506097763777,Serie A,2024-2025
608,Alberto Moreno,24,1740,0,0.3882313752546906,0,1.6175133232027292,14,19,4,0,D M S,Como,0,0.3882313752546906,5.581042844802141,4.772035701200366,Serie A,2024-2025
638,Kyle Walker,11,658,0,0.0353304492309689,0,0.7268215194344521,2,6,1,0,D S,AC Milan,0,0.0353304492309689,4.442914701998234,3.9260381013154975,Serie A,2024-2025
645,Dele Alli,1,8,0,0.0,0,0.0,0,0,0,1,S,Como,0,0.0,0.0188860855996608,0.0188860855996608,Serie A,2024-2025
688,Ruben Loftus-Cheek,19,1022,0,0.7318667685613036,0,1.7056302540004251,9,16,3,0,M S,AC Milan,0,0.7318667685613036,5.9890375174582005,4.160362552851439,Serie A,2024-2025
703,Fikayo Tomori,22,1590,0,0.1242979001253843,1,0.5303027667105198,2,8,2,1,D S,AC Milan,0,0.1242979001253843,7.266339126974344,6.786335755139589,Serie A,2024-2025
1089,Juan Cuadrado,23,800,0,1.4727812930941582,2,2.286779422312975,16,19,3,0,D F M S,Atalanta,0,1.4727812930941582,5.509815413504839,3.117791526019573,Serie A,2024-2025
1093,Mattia Perin,5,450,0,0.0,0,0.0,0,0,0,0,GK,Juventus,0,0.0,1.6500126346945765,1.6500126346945765,Serie A,2024-2025
1136,Gianluca Lapadula,12,281,0,1.5435456782579422,0,0.0630264393985271,15,3,1,0,F S,Cagliari,0,1.5435456782579422,1.7620294522494078,0.4839400500059128,Serie A,2024-2025
1158,Simone Scuffet,14,1260,0,0.0,0,0.0,0,0,0,0,GK,"Cagliari,Napoli",0,0.0,0.5037520937621593,0.5037520937621593,Serie A,2024-2025
1182,Daniele Baselli,2,22,0,0.0,0,0.0,0,0,0,0,M S,Como,0,0.0,0.0,0.0,Serie A,2024-2025
1195,Daniele Padelli,1,90,0,0.0,0,0.0,0,0,0,0,GK,Udinese,0,0.0,0.0917804986238479,0.0917804986238479,Serie A,2024-2025
1247,Juan Jesus,15,1076,0,0.2597546130418777,1,0.1041164621710777,3,1,2,0,D S,Napoli,0,0.2597546130418777,2.991619162261486,2.991619162261486,Serie A,2024-2025
1254,Alessandro Florenzi,1,4,0,0.0,0,0.0,0,0,0,0,S,AC Milan,0,0.0,0.0,0.0,Serie A,2024-2025
1281,Giuseppe Pezzella,35,2914,0,0.5580153008922935,3,5.642576732672751,15,36,7,0,D M S,Empoli,0,0.5580153008922935,9.08206911664456,5.107970929704607,Serie A,2024-2025
1302,Emil Audero,8,720,0,0.0408126413822174,0,0.0,1,0,0,0,GK,Como,0,0.0408126413822174,0.5066414633765817,0.5066414633765817,Serie A,2024-2025
1305,Lukasz Skorupski,27,2364,0,0.0,0,0.0,0,0,1,0,GK,Bologna,0,0.0,2.8055365150794387,2.8055365150794387,Serie A,2024-2025
1320,Federico Barba,7,434,0,0.6274126172065735,0,0.0,2,0,0,0,D S,Como,0,0.6274126172065735,0.1915287654846906,0.1915287654846906,Serie A,2024-2025
1374,José Reina,12,1034,0,0.0,0,0.0,0,0,0,1,GK,Como,0,0.0,0.5694548841565847,0.5694548841565847,Serie A,2024-2025
1375,Elseid Hysaj,11,413,0,0.0913472548127174,3,1.4991598725318909,2,6,0,1,D S,Lazio,0,0.0913472548127174,2.2431315034627914,1.7872814126312733,Serie A,2024-2025
1445,Simone Verdi,9,97,0,0.066993904300034,0,0.4079585280269384,2,6,1,0,S,Como,0,0.066993904300034,0.3578436886891722,0.0403800988569855,Serie A,2024-2025
1463,Francesco Acerbi,23,1695,0,0.3371179103851318,1,0.695211872458458,5,8,0,0,D S,Inter,0,0.3371179103851318,7.623959269374609,7.433021267876029,Serie A,2024-2025
1474,Alfred Duncan,16,965,0,0.968411073088646,0,1.9832440372556448,15,11,2,0,M S,Venezia,0,0.968411073088646,3.4534763414412737,1.5767809636890888,Serie A,2024-2025
1484,Rafael Toloi,11,448,0,0.0903102029114961,0,0.2550573423504829,3,3,1,0,D S,Atalanta,0,0.0903102029114961,3.726253092288971,3.514479838311672,Serie A,2024-2025
1493,Andrea Petagna,13,319,0,0.2489668056368827,0,0.0414404720067977,4,1,1,0,F S,Monza,0,0.2489668056368827,0.3679312029853463,0.1397826606407761,Serie A,2024-2025
1496,Roberto Gagliardini,8,148,0,0.0,0,0.0823206976056099,0,1,1,0,S,Monza,0,0.0,0.2389168106019497,0.2389168106019497,Serie A,2024-2025
1501,Marco Sportiello,2,124,0,0.0,0,0.0,0,0,0,0,GK S,AC Milan,0,0.0,1.021978735923767,1.021978735923767,Serie A,2024-2025
1523,Danilo D&#039;Ambrosio,20,1098,0,0.7285793609917164,1,0.5376804694533348,9,5,2,1,D S,Monza,0,0.7285793609917164,2.087382886558771,1.662583826109767,Serie A,2024-2025
1544,Federico Ravaglia,12,1056,0,0.0,0,0.044319562613964,0,1,0,0,GK S,Bologna,0,0.0,1.1570559367537498,1.1127363666892052,Serie A,2024-2025
1574,Davide Calabria,18,949,0,0.6295975679531693,1,1.406565360724926,6,14,3,0,D S,"AC Milan,Bologna",0,0.6295975679531693,4.348398424685001,3.165448322892189,Serie A,2024-2025
1817,Mario Balotelli,6,46,0,0.0565739087760448,0,0.0,2,0,2,0,S,Genoa,0,0.0565739087760448,0.1139658614993095,0.1139658614993095,Serie A,2024-2025
1826,Nicola Sansone,5,54,0,0.1622256785631179,0,0.0732918381690979,3,1,0,0,S,Lecce,0,0.1622256785631179,0.1247635036706924,0.0383419282734394,Serie A,2024-2025
1830,Ionut Radu,15,1350,0,0.0,0,0.0,0,0,1,0,GK,Venezia,0,0.0,2.2083784909918904,2.2083784909918904,Serie A,2024-2025
1841,Pierluigi Gollini,7,630,0,0.0,0,0.0,0,0,1,0,GK,Genoa,0,0.0,0.4883729945868253,0.4883729945868253,Serie A,2024-2025
1873,Nicola Leali,29,2610,0,0.0,0,0.0,0,0,1,0,GK,Genoa,0,0.0,3.933131657540798,3.933131657540798,Serie A,2024-2025
1892,Alex Meret,34,3005,0,0.0,0,0.0,0,0,0,0,GK,Napoli,0,0.0,6.570487875491381,6.570487875491381,Serie A,2024-2025
1898,Stefano Sabelli,34,2072,0,0.1367928409017622,2,1.975696962326765,6,18,3,0,D S,Genoa,0,0.1367928409017622,6.253503069281578,5.011690195649862,Serie A,2024-2025
1922,Daniele Sommariva,1,26,0,0.0,0,0.0,0,0,0,0,S,Genoa,0,0.0,0.0,0.0,Serie A,2024-2025
2012,Nicholas Pierini,2,77,0,0.0391007140278816,0,0.0679236464202404,1,2,0,0,S,Venezia,0,0.0391007140278816,0.1263615116477012,0.092625506222248,Serie A,2024-2025
2053,Martin Erlic,8,326,0,0.2383443117141723,0,0.0,6,0,0,0,D S,Bologna,0,0.2383443117141723,0.1023738905787468,0.0908693708479404,Serie A,2024-2025
2104,Sergi Roberto,13,692,0,0.5105091407895088,1,0.5382862146943808,6,14,4,0,M S,Como,0,0.5105091407895088,4.18746898137033,3.373993579298258,Serie A,2024-2025
2244,Danilo,12,573,0,0.0577665157616138,1,0.8046743385493755,1,3,2,0,D S,Juventus,0,0.0577665157616138,5.81393438577652,5.480348378419876,Serie A,2024-2025
3209,Jean-Daniel Akpa-Akpro,14,979,0,0.4298765882849693,0,0.2380453012883663,4,3,4,0,D M S,Monza,0,0.4298765882849693,2.818972907960415,2.5731213949620724,Serie A,2024-2025
3253,Frederic Guilbert,31,2488,0,0.3119491282850504,1,1.8118632491678,11,18,3,2,D M,Lecce,0,0.3119491282850504,5.815500842407346,4.113950845785439,Serie A,2024-2025
3363,Benjamin Pavard,23,1581,0,0.4774392433464527,1,0.8174420408904552,8,8,4,0,D S,Inter,0,0.4774392433464527,6.429699372500181,5.86882683262229,Serie A,2024-2025
3737,Mike Maignan,37,3296,0,0.0,0,0.5241070203483105,0,5,1,0,GK,AC Milan,0,0.0,8.307053437456489,7.820246497169137,Serie A,2024-2025
3899,Mattia Valoti,5,31,0,0.0,0,0.0,0,0,1,0,S,Monza,0,0.0,0.0203121155500412,0.0203121155500412,Serie A,2024-2025
3951,Kevin Bonifazi,3,56,0,0.0,0,0.0,0,0,0,0,S,Lecce,0,0.0,0.1094284504652023,0.1094284504652023,Serie A,2024-2025
3978,Marco Faraoni,8,256,0,0.3070428967475891,0,0.1053694803267717,1,2,0,0,D M S,Verona,0,0.3070428967475891,0.4066033009439707,0.0995603920891881,Serie A,2024-2025
4291,Marc-Oliver Kempf,31,2622,0,1.4569693058729172,0,1.563671639189124,20,10,4,1,D M S,Como,0,1.4569693058729172,10.118817562237382,9.970695631578565,Serie A,2024-2025
4768,Wylan Cyprien,2,21,0,0.3532252907752991,0,0.0,1,0,0,0,S,Parma Calcio 1913,0,0.3532252907752991,0.3532252907752991,0.0,Serie A,2024-2025
4906,Alberto Cerri,5,74,0,1.4675566963851452,0,0.0,4,0,0,0,S,Como,0,1.4675566963851452,1.5237245075404644,0.0561678260564804,Serie A,2024-2025
4959,Filippo Melegoni,3,87,0,0.0368894226849079,1,0.3455231189727783,1,1,0,0,M S,Genoa,0,0.0368894226849079,0.3824125416576862,0.0,Serie A,2024-2025
4968,Giorgio Altare,12,750,0,0.0842535831034183,0,0.1047791242599487,3,1,2,0,D S,Venezia,0,0.0842535831034183,0.4232188854366541,0.3866354469209909,Serie A,2024-2025
4970,Luca Pellegrini,22,1045,0,0.7439164789393544,4,2.876966577023268,13,21,5,0,D S,Lazio,0,0.7439164789393544,5.017272999510169,3.497437519952655,Serie A,2024-2025
4984,Wladimiro Falcone,38,3420,0,0.0,0,0.0,0,0,2,0,GK,Lecce,0,0.0,2.4041416253894567,2.4041416253894567,Serie A,2024-2025
5133,Aarón Martín,36,3100,0,0.7377785928547382,8,5.775845801457763,16,65,5,0,D M S,Genoa,0,0.7377785928547382,8.169334080535918,6.565924710128456,Serie A,2024-2025
5329,Stefan Posch,19,1087,0,0.6908558821305633,0,0.7738735899329185,5,10,1,0,D S,"Atalanta,Bologna",0,0.6908558821305633,4.537061788141728,3.7357107251882553,Serie A,2024-2025
5610,Jean Butez,19,1663,0,0.0,0,0.0309079997241497,0,1,0,0,GK S,Como,0,0.0,2.407521625980735,2.376613626256585,Serie A,2024-2025
5700,Yann Karamoh,29,1031,0,1.7456839065998793,1,1.0140743786469102,25,9,2,0,F M S,Torino,0,1.7456839065998793,3.1664749179035425,0.6353210043162107,Serie A,2024-2025
5996,Adrien Tameze,20,647,0,0.2971748486161232,0,1.1384672857820988,7,6,3,0,D M S,Torino,0,0.2971748486161232,1.7423053700476885,0.9978323206305504,Serie A,2024-2025
6078,Leandro Chichizola,1,90,0,0.0,0,0.0,0,0,0,0,GK,Parma Calcio 1913,0,0.0,0.2782973647117615,0.2782973647117615,Serie A,2024-2025
6122,Douglas Luiz,19,491,0,0.6867432445287704,0,1.156847040168941,8,14,2,0,M S,Juventus,0,0.6867432445287704,3.9437844902276993,3.053325790911913,Serie A,2024-2025
6125,Stanislav Lobotka,32,2678,0,0.2537906588986516,1,1.2683991631492972,7,17,3,0,M S,Napoli,0,0.2537906588986516,13.80389129370451,13.176433347165585,Serie A,2024-2025
6132,Marco Silvestri,5,450,0,0.0,0,0.0,0,0,0,0,GK,Empoli,0,0.0,0.4752395078539848,0.4752395078539848,Serie A,2024-2025
6136,Mario Hermoso,8,228,0,0.0701736435294151,0,0.0,1,0,0,1,D S,Roma,0,0.0701736435294151,0.4513957612216472,0.4513957612216472,Serie A,2024-2025
6161,Nicolas Haas,10,270,0,0.0143319033086299,0,0.1896519511938095,1,3,1,0,M S,Empoli,0,0.0143319033086299,0.6599506363272667,0.4702986851334572,Serie A,2024-2025
6167,Vanja Milinkovic-Savic,37,3330,0,0.0,0,0.1168199703097343,0,3,3,0,GK,Torino,0,0.0,3.699137863703072,3.5823178878054023,Serie A,2024-2025
6180,Manuel Lazzari,25,1408,0,0.1302815210074186,1,1.791149029508233,6,20,3,0,D S,Lazio,0,0.1302815210074186,4.5267760921269655,2.9567021764814854,Serie A,2024-2025
6208,Antonin Barak,1,57,0,0.0515915714204311,0,0.2532969415187835,2,3,0,0,M,Fiorentina,0,0.0515915714204311,0.2659206688404083,0.0259614530950784,Serie A,2024-2025
6212,Mattia Bani,20,1513,0,1.4961620587855575,0,0.1171032823622226,8,2,3,0,D S,Genoa,0,1.4961620587855575,4.108662291429937,3.991559020243585,Serie A,2024-2025
6239,Junior Sambia,17,350,0,0.539000703021884,0,0.2328954925760626,10,5,0,0,D S,Empoli,0,0.539000703021884,1.4956626882776618,1.2405201010406015,Serie A,2024-2025
6253,Gianluca Scamacca,1,2,0,0.1265710592269897,0,0.0,1,0,0,0,S,Atalanta,0,0.1265710592269897,0.1265710592269897,0.0,Serie A,2024-2025
6352,Valentino Lazaro,33,2335,0,1.252574815414846,6,3.495082600042224,16,33,6,0,D M S,Torino,0,1.252574815414846,7.490926083177328,5.380676664412022,Serie A,2024-2025
6368,Mathías Olivera,32,2360,0,1.097764770500362,2,1.817230924963951,16,25,4,0,D S,Napoli,0,1.097764770500362,13.384824394248426,11.29226868506521,Serie A,2024-2025
6412,Raoul Bellanova,35,2505,0,2.013998356647789,9,6.1611766256392,19,35,3,0,D M S,"Atalanta,Torino",0,2.013998356647789,14.86794231645763,9.299048135057092,Serie A,2024-2025
6443,Ben Kone,4,43,0,0.0117887826636433,0,0.0,1,0,1,0,S,Como,0,0.0117887826636433,0.0908796191215515,0.0908796191215515,Serie A,2024-2025
6501,Andy Pelmard,3,124,0,0.0,0,0.0,0,0,1,0,D S,Lecce,0,0.0,0.0872347876429557,0.0872347876429557,Serie A,2024-2025
6507,Semuel Pizzignacco,9,735,0,0.0,0,0.0,0,0,0,0,GK S,Monza,0,0.0,0.0293079614639282,0.0293079614639282,Serie A,2024-2025
6517,Charalampos Lykogiannis,17,1056,0,0.2580707278102636,4,2.01151954382658,6,19,3,0,D S,Bologna,0,0.2580707278102636,2.597348084673285,1.813718343153596,Serie A,2024-2025
6849,Rui Patrício,3,270,0,0.0,0,0.0,0,0,0,0,GK,Atalanta,0,0.0,0.5274441204965115,0.5274441204965115,Serie A,2024-2025
6872,Mehmet Zeki Çelik,31,2270,0,0.6175438268110156,2,1.8601762130856516,13,19,5,0,D M S,Roma,0,0.6175438268110156,6.364265374839306,5.347411056980491,Serie A,2024-2025
6884,Remi Oudin,11,285,0,0.112958313897252,0,0.3877572789788246,3,6,1,0,M S,Lecce,0,0.112958313897252,1.0996708665043116,0.96848520077765,Serie A,2024-2025
6960,Bremer,6,540,0,0.1310868449509143,0,0.0,3,0,2,0,D,Juventus,0,0.1310868449509143,2.9775117337703705,2.964154303073883,Serie A,2024-2025
6977,Pietro Terracciano,3,270,0,0.0,0,0.0,0,0,0,0,GK,Fiorentina,0,0.0,0.1180033385753631,0.1180033385753631,Serie A,2024-2025
6980,Francesco Caputo,1,1,0,0.0,0,0.0,0,0,0,0,S,Empoli,0,0.0,0.0892815142869949,0.0892815142869949,Serie A,2024-2025
6981,Ismael Bennacer,6,308,0,0.0465902052819728,0,0.1160538140684366,3,4,2,0,M S,AC Milan,0,0.0465902052819728,1.397074207663536,1.3504839986562729,Serie A,2024-2025
6982,Ivan Provedel,29,2610,0,0.0,0,0.2428949847817421,0,3,0,0,GK,Lazio,0,0.0,4.041067577898502,3.85493978112936,Serie A,2024-2025
7013,Matteo Pessina,11,866,0,0.1847082301974296,0,0.1058181272819638,3,4,2,0,M S,Monza,0,0.1847082301974296,1.6727564288303256,1.504181757569313,Serie A,2024-2025
7049,Evan Ndicka,38,3420,0,1.0002613915130496,1,1.0897020567208529,18,8,2,0,D,Roma,0,1.0002613915130496,14.56415120139718,14.46067021600902,Serie A,2024-2025
7075,Borna Sosa,19,1195,0,0.2137429593130946,0,0.8588731754571199,4,11,0,0,D S,Torino,0,0.2137429593130946,3.20372952427715,2.3541967459023,Serie A,2024-2025
7087,Elia Caprile,22,1945,0,0.0,0,0.0,0,0,0,0,GK S,"Cagliari,Napoli",0,0.0,1.3403159100562334,1.3403159100562334,Serie A,2024-2025
7095,Juan Musso,1,90,0,0.0,0,0.0,0,0,0,0,GK,Atalanta,0,0.0,0.0,0.0,Serie A,2024-2025
7203,Drissa Camara,21,395,0,1.3038886561989784,0,0.8044669926166534,15,5,3,0,F S,Parma Calcio 1913,0,1.3038886561989784,3.5401441380381584,1.4914720226079226,Serie A,2024-2025
7286,Juan Miranda,31,2271,0,0.7252577831968665,6,6.941843368113041,22,57,4,1,D S,Bologna,0,0.7252577831968665,12.564794145524502,10.431560006923974,Serie A,2024-2025
7321,Nunzio Lella,1,2,0,0.0,0,0.0,0,0,0,0,S,Venezia,0,0.0,0.0,0.0,Serie A,2024-2025
7411,Nicolo Rovella,33,2747,0,1.6033612098544836,3,2.8911108635365963,28,30,13,0,M S,Lazio,0,1.6033612098544836,12.793603636324406,10.814154289662838,Serie A,2024-2025
7412,Antonio Candela,14,1020,0,0.2107732538133859,1,0.8027737401425838,5,9,2,0,D S,Venezia,0,0.2107732538133859,2.94451604783535,2.0917825028300285,Serie A,2024-2025
7430,Emerson,17,1392,0,0.3471805658191442,0,0.955795057117939,10,15,5,0,D S,AC Milan,0,0.3471805658191442,5.5557965859770775,4.902985647320747,Serie A,2024-2025
7516,Nehuén Pérez,2,180,0,0.0,0,0.0,0,0,0,0,D,Udinese,0,0.0,0.0,0.0,Serie A,2024-2025
7628,Lameck Banda,15,592,0,1.562277276068926,1,0.9776029624044896,17,11,1,0,F M S,Lecce,0,1.562277276068926,2.743831116706133,0.4744632542133331,Serie A,2024-2025
7689,Ben Godfrey,1,21,0,0.0,0,0.0,0,0,0,0,S,Atalanta,0,0.0,0.0,0.0,Serie A,2024-2025
7742,Valentin Gendrey,2,180,0,0.1657107193022966,0,0.1238877177238464,2,2,0,0,D,Lecce,0,0.1657107193022966,0.5757324602454901,0.3072855081409216,Serie A,2024-2025
7758,Cheikh Niasse,11,760,0,0.1723746107891202,0,0.0894045606255531,3,4,4,0,M S,Verona,0,0.1723746107891202,0.9442625353112816,0.6950129084289074,Serie A,2024-2025
7785,Kingsley Ehizibue,33,2534,0,1.6657815780490637,1,2.317279883660376,14,22,5,0,D M S,Udinese,0,1.6657815780490637,7.501473223790526,3.715930735692382,Serie A,2024-2025
7909,Gaetano Castrovilli,21,725,0,0.6471601650118828,0,0.9265814088284968,8,9,0,0,M S,"Lazio,Monza",0,0.6471601650118828,2.259173730388284,0.8896340914070606,Serie A,2024-2025
7910,Szymon Zurkowski,5,90,0,0.1167134344577789,0,0.0,2,0,0,0,S,Empoli,0,0.1167134344577789,0.7882494628429413,0.6715360321104527,Serie A,2024-2025
7923,Pawel Dawidowicz,26,1864,0,0.2021232508122921,0,0.0,4,0,7,1,D M S,Verona,0,0.2021232508122921,3.742027784697712,3.723629171960056,Serie A,2024-2025
7925,Liam Henderson,36,2358,0,0.5047031184658408,4,4.136965589597821,22,32,10,0,M S,Empoli,0,0.5047031184658408,7.070838793180883,4.5941177373752,Serie A,2024-2025
7927,Sofyan Amrabat,2,180,0,0.0,0,0.0502852164208889,0,2,0,0,M,Fiorentina,0,0.0,0.1331173405051231,0.107695747166872,Serie A,2024-2025
7938,Tommaso Augello,38,2724,0,0.2021524487063288,7,5.069064102135599,8,40,3,0,D M S,Cagliari,0,0.2021524487063288,10.314077788963914,7.162536110728979,Serie A,2024-2025
7939,Morten Thorsby,30,1907,0,2.8997801784425974,1,2.3799595832824707,15,26,6,0,F M S,Genoa,0,2.8997801784425974,7.648120200261474,4.157784847542644,Serie A,2024-2025
7947,Ruslan Malinovskiy,9,372,0,0.2389437360689044,2,1.3566759591922164,9,7,2,0,M S,Genoa,0,0.2389437360689044,2.6264201309531927,1.517782198265195,Serie A,2024-2025
7955,Jesse Joronen,8,703,0,0.0,0,0.0,0,0,0,0,GK S,Venezia,0,0.0,1.264470400288701,1.264470400288701,Serie A,2024-2025
7988,Billy Gilmour,26,1161,0,0.6270224712789059,1,1.503951701335609,9,21,0,0,M S,Napoli,0,0.6270224712789059,8.001585158519447,6.564580678939819,Serie A,2024-2025
8009,Antonino Gallo,31,2624,0,0.3414014270529151,2,3.284633100964129,9,43,3,1,D,Lecce,0,0.3414014270529151,6.571943439543247,4.682043295353651,Serie A,2024-2025
8012,Yordan Osorio,3,170,0,0.0262460224330425,0,0.1142310500144958,1,1,0,0,D S,Parma Calcio 1913,0,0.0262460224330425,0.4919546470046043,0.3777235969901085,Serie A,2024-2025
8030,Sebastian Walukiewicz,31,1853,0,0.3898047879338264,0,0.4117371141910553,6,5,6,0,D S,"Empoli,Torino",0,0.3898047879338264,3.649339665658772,3.0089227156713605,Serie A,2024-2025
8090,Lloyd Kelly,12,1018,0,0.6167027596384287,0,0.1340404450893402,7,3,1,0,D S,Juventus,0,0.6167027596384287,3.028360364958644,2.810955699533224,Serie A,2024-2025
8101,Stefano Turati,30,2678,0,0.0,0,0.0,0,0,1,0,GK,Monza,0,0.0,4.33682818338275,4.33682818338275,Serie A,2024-2025
8185,Giuseppe Ciocci,1,3,0,0.0,0,0.0,0,0,0,0,S,Cagliari,0,0.0,0.0,0.0,Serie A,2024-2025
8232,Andrea Carboni,26,2209,0,0.344784278422594,1,0.1529489485546946,8,4,5,0,D M S,Monza,0,0.344784278422594,4.886373091489077,4.654283985495567,Serie A,2024-2025
8241,Balthazar Pierret,30,1741,0,0.1400149362161755,0,0.5047942474484444,6,10,2,0,M S,Lecce,0,0.1400149362161755,4.396204272285104,3.9150002412498,Serie A,2024-2025
8289,Gastón Pereiro,2,26,0,0.0,0,0.0,0,0,0,0,S,Genoa,0,0.0,0.085628405213356,0.085628405213356,Serie A,2024-2025
8303,Marin Pongracic,20,1380,0,0.0933051649481058,0,0.4449959006160497,3,5,1,1,D S,Fiorentina,0,0.0933051649481058,3.3791268803179264,3.275415424257517,Serie A,2024-2025
8308,Filip Stankovic,16,1367,0,0.0,0,0.0,0,0,1,0,GK,Venezia,0,0.0,0.5519082397222519,0.5519082397222519,Serie A,2024-2025
8310,Mitchel Bakker,1,20,0,0.0,0,0.0,0,0,0,0,S,Atalanta,0,0.0,0.0,0.0,Serie A,2024-2025
8321,Razvan Sava,12,1080,0,0.0,0,0.0,0,0,1,0,GK,Udinese,0,0.0,0.1836187932640314,0.1836187932640314,Serie A,2024-2025
8326,Maduka Okoye,25,2250,0,0.0,0,0.0,0,0,1,0,GK,Udinese,0,0.0,1.6492060236632824,1.6492060236632824,Serie A,2024-2025
8330,Jean Onana,9,291,0,0.0098431883379817,0,0.0821026042103767,1,2,1,0,M S,Genoa,0,0.0098431883379817,0.3065032279118895,0.2145574353635311,Serie A,2024-2025
8359,Oliver Abildgaard,1,7,0,0.0,0,0.0,0,0,0,0,S,Como,0,0.0,0.0,0.0,Serie A,2024-2025
8372,Lucas Gourna Douath,6,220,0,0.2261843979358673,0,0.0930719077587127,3,2,2,0,M S,Roma,0,0.2261843979358673,1.0990982353687286,0.8322771042585373,Serie A,2024-2025
8378,Malick Thiaw,22,1800,0,0.4467847943305969,0,0.169118070974946,7,4,2,0,D S,AC Milan,0,0.4467847943305969,9.644850574433804,9.563174664974213,Serie A,2024-2025
8380,Pablo Marí,32,2731,0,0.3249391512945294,0,0.1311936639249324,7,3,4,1,D S,"Fiorentina,Monza",0,0.3249391512945294,8.417624782770872,8.417624782770872,Serie A,2024-2025
8512,Filippo Terracciano,13,527,0,0.1482792533934116,0,0.0855127684772014,3,2,3,0,D M S,AC Milan,0,0.1482792533934116,1.264762431383133,1.1627901270985603,Serie A,2024-2025
8569,Botond Balogh,29,2055,0,0.5026530101895332,1,0.3208771962672472,3,2,5,0,D S,Parma Calcio 1913,0,0.5026530101895332,4.25353516638279,4.232133310288191,Serie A,2024-2025
8626,Nikola Moro,22,1223,0,0.4687464339658618,2,1.3277965327724814,14,20,1,0,M S,Bologna,0,0.4687464339658618,4.535771451890469,3.809156246483326,Serie A,2024-2025
8632,Enzo Ebosse,2,83,0,0.0,0,0.0514530539512634,0,1,1,0,S,Udinese,0,0.0,0.1033825911581516,0.0519295372068882,Serie A,2024-2025
8651,Enzo Le Fée,6,317,0,0.1899425163865089,0,0.1334311068058014,4,3,1,0,M S,Roma,0,0.1899425163865089,1.0235081762075424,0.7803870625793934,Serie A,2024-2025
8663,Flavius Daniliuc,18,990,0,0.1272794436663389,0,0.1013094000518322,3,2,0,0,D S,Verona,0,0.1272794436663389,2.4502988196909428,2.3834492675960064,Serie A,2024-2025
8771,Yunus Musah,29,1561,0,2.601052531041205,2,2.041550690308213,22,23,5,0,D F M S,AC Milan,0,2.601052531041205,9.60949918627739,7.54957664385438,Serie A,2024-2025
8829,Nicolò Casale,17,1036,0,0.2745541278272867,1,0.4303916692733764,5,3,1,0,D S,"Bologna,Lazio",0,0.2745541278272867,2.387233568355441,2.031178129836917,Serie A,2024-2025
8871,Marco Carnesecchi,34,3060,0,0.0,0,0.3005107939243316,0,1,1,0,GK,Atalanta,0,0.0,6.58033574745059,6.279824946075678,Serie A,2024-2025
8872,Matteo Ruggeri,30,1739,0,0.4958635475486517,3,2.565743682906032,3,24,2,0,D M S,Atalanta,0,0.4958635475486517,10.165499176830052,9.297339864075184,Serie A,2024-2025
8881,Lorenzo Montipò,36,3240,0,0.0,0,0.0,0,0,0,0,GK,Verona,0,0.0,1.1512864883989096,1.1512864883989096,Serie A,2024-2025
9010,Hamza Rafia,18,1083,0,0.4039858905598521,0,1.1233587395399809,10,16,4,0,M S,Lecce,0,0.4039858905598521,3.56144916638732,2.3710656855255365,Serie A,2024-2025
9044,Alberto Paleari,1,90,0,0.0,0,0.0,0,0,0,0,GK,Torino,0,0.0,0.0,0.0,Serie A,2024-2025
9052,Josep Martínez,5,450,0,0.0,0,0.0643583759665489,0,1,0,0,GK,Inter,0,0.0,0.9503895416855812,0.8860311661846936,Serie A,2024-2025
9057,Franco Ezequiel Carboni,8,220,0,0.0143228555098176,0,0.0930403778329491,1,2,2,0,D M S,Venezia,0,0.0143228555098176,0.2046486185863614,0.1956575401127338,Serie A,2024-2025
9065,Nahuel Estévez,14,658,0,0.0965209947898984,0,0.5345467198640108,5,6,2,0,M S,Parma Calcio 1913,0,0.0965209947898984,1.988280588760972,1.584996396675706,Serie A,2024-2025
9090,Ardian Ismajli,29,2510,0,0.5098618930205703,0,0.0300749484449625,5,2,3,0,D,Empoli,0,0.5098618930205703,2.167395389638841,2.15336153563112,Serie A,2024-2025
9107,Giorgio Scalvini,6,284,0,0.0859476793557405,0,0.0,4,0,2,0,D S,Atalanta,0,0.0859476793557405,0.0639345087110996,0.0223530810326337,Serie A,2024-2025
9226,Mihai Valentin Mihaila,21,1315,0,2.550204722210765,3,1.3676811531186104,30,17,2,0,F M S,Parma Calcio 1913,0,2.550204722210765,4.922204859554768,1.9117422420531511,Serie A,2024-2025
9344,Viktor Kovalenko,6,61,0,0.1474630162119865,0,0.0,3,0,0,0,S,Empoli,0,0.1474630162119865,0.4157380815595388,0.3982327058911323,Serie A,2024-2025
9381,Saba Sazonov,1,1,0,0.0,0,0.0,0,0,0,0,S,Torino,0,0.0,0.0,0.0,Serie A,2024-2025
9425,Emil Bohinen,3,158,0,0.0799746364355087,0,0.0874356999993324,2,3,0,0,M S,Genoa,0,0.0799746364355087,0.6050263606011868,0.5149470828473568,Serie A,2024-2025
9539,Antonio Raimondo,9,71,0,0.5108163952827454,0,0.1056013479828834,1,1,0,0,S,Venezia,0,0.5108163952827454,0.6164177432656288,0.0,Serie A,2024-2025
9691,Nuno Tavares,23,1725,0,1.5730981789529324,8,6.447076931595802,28,34,2,1,D S,Lazio,0,1.5730981789529324,9.160245101898909,5.097952570766211,Serie A,2024-2025
9707,Silvère Ganvoula,7,324,0,0.3896697089076042,0,0.1397376507520675,4,1,0,0,F S,Monza,0,0.3896697089076042,0.5616965629160404,0.1021412257105112,Serie A,2024-2025
9714,Odilon Kossounou,18,1126,0,1.0900323893874884,0,0.0669493824243545,6,1,1,0,D S,Atalanta,0,1.0900323893874884,5.160535207018256,4.8585813865065575,Serie A,2024-2025
9849,Petar Stojanovic,1,1,0,0.0,0,0.0,0,0,0,0,S,Empoli,0,0.0,0.0,0.0,Serie A,2024-2025
9856,Emmanuel Ekong,15,146,0,0.1341847870498895,0,0.1024129986763,4,2,1,0,S,Empoli,0,0.1341847870498895,0.6242885012179613,0.3876907210797071,Serie A,2024-2025
9877,Tyronne Ebuehi,4,64,0,0.0,0,0.0,0,0,0,0,S,Empoli,0,0.0,0.3135741949081421,0.3135741949081421,Serie A,2024-2025
9889,Bjarki Steinn Bjarkason,9,153,0,0.0,0,0.0505398325622081,0,1,2,0,D S,Venezia,0,0.0,0.0682868808507919,0.0682868808507919,Serie A,2024-2025
9893,Youssef Maleh,22,1524,0,0.9958969270810484,1,0.900695376098156,17,12,3,1,M S,Empoli,0,0.9958969270810484,3.4599987901747227,2.395837927237153,Serie A,2024-2025
9902,Pasquale Mazzocchi,20,691,0,0.3297137916088104,0,0.4411404579877853,3,5,2,0,D S,Napoli,0,0.3297137916088104,2.241537034511566,1.548105027526617,Serie A,2024-2025
9903,Domen Crnigoj,8,121,0,0.0925334468483924,0,0.0,1,0,0,0,M S,Venezia,0,0.0925334468483924,0.182824295014143,0.0902908481657505,Serie A,2024-2025
10200,Rafa Marín,4,133,0,0.0963965579867363,0,0.0,2,0,1,0,D S,Napoli,0,0.0963965579867363,0.5633276551961899,0.547226145863533,Serie A,2024-2025
10222,Estanis Pedrola,1,8,0,0.1183046326041221,0,0.1421719491481781,2,2,0,0,S,Bologna,0,0.1183046326041221,0.2604765892028808,0.0,Serie A,2024-2025
10248,Arijon Ibrahimovic,1,6,0,0.0620220825076103,0,0.0,2,0,0,0,S,Lazio,0,0.0620220825076103,0.0620220825076103,0.0,Serie A,2024-2025
10383,Michel Aebischer,14,729,0,0.4345237482339144,0,0.3845790233463049,10,8,2,0,M S,Bologna,0,0.4345237482339144,1.69877275172621,1.2707355553284287,Serie A,2024-2025
10460,Yllan Okou,1,1,0,0.0,0,0.0,0,0,0,0,S,Verona,0,0.0,0.0,0.0,Serie A,2024-2025
10596,Simone Pafundi,9,94,0,0.0618065930902957,0,0.6294282283633947,2,3,0,0,S,Udinese,0,0.0618065930902957,0.2961852122098207,0.2107119094580412,Serie A,2024-2025
10695,Faride Alidou,3,63,0,0.0125049231573939,0,0.0136390067636966,1,1,0,0,S,Verona,0,0.0125049231573939,0.4287064578384161,0.4162015356123447,Serie A,2024-2025
10781,Mateusz Wieteska,5,170,0,0.3743296265602112,0,0.1158414855599403,1,1,1,0,D S,Cagliari,0,0.3743296265602112,0.2021644469350576,0.0863229613751173,Serie A,2024-2025
10881,James Abankwah,6,70,0,0.1146742552518844,0,0.0,1,0,1,0,S,Udinese,0,0.1146742552518844,0.4268139153718948,0.3121396601200104,Serie A,2024-2025
10890,Michele Di Gregorio,33,2970,0,0.0,0,0.3083939254283905,0,1,0,0,GK,Juventus,0,0.0,3.53214343264699,3.53214343264699,Serie A,2024-2025
10897,Samuele Vignato,17,444,0,0.2273637987673282,0,0.0098639708012342,4,1,0,0,M S,Monza,0,0.2273637987673282,0.7696044538170099,0.5323766693472862,Serie A,2024-2025
10898,Warren Bondo,24,1797,0,0.4223553575575351,0,0.3216595239937305,14,6,4,1,M S,"AC Milan,Monza",0,0.4223553575575351,6.933657519519329,6.372226420789957,Serie A,2024-2025
10906,Thórir Helgason,21,1156,0,1.3021719567477703,4,0.9663341771811248,16,22,0,0,M S,Lecce,0,1.3021719567477703,2.938693890348077,1.4568527415394783,Serie A,2024-2025
10908,Medon Berisha,17,697,0,0.6646855622529984,1,0.7705809716135263,24,11,5,0,M S,Lecce,0,0.6646855622529984,1.8912896253168583,1.05741735547781,Serie A,2024-2025
10935,Dodô,35,3126,0,1.4068531906232238,5,4.798341209068894,27,37,8,0,D M,Fiorentina,0,1.4068531906232238,13.066202946938574,9.197617669589818,Serie A,2024-2025
10967,Mile Svilar,38,3420,0,0.0802524909377098,0,0.0,1,0,1,0,GK,Roma,0,0.0802524909377098,7.252380753867328,7.252380753867328,Serie A,2024-2025
11022,Simone Perilli,2,180,0,0.0,0,0.0,0,0,0,0,GK,Verona,0,0.0,0.0508153699338436,0.0508153699338436,Serie A,2024-2025
11038,Jhon Lucumí,32,2626,0,0.7916854955255985,1,0.5481209829449654,12,9,8,1,D S,Bologna,0,0.7916854955255985,8.904810205101967,8.749637074768543,Serie A,2024-2025
11049,Reda Belahyane,28,1849,0,0.1940229153260588,2,1.198390127159655,6,16,4,2,M S,"Lazio,Verona",0,0.1940229153260588,5.804689330048859,4.648497930727899,Serie A,2024-2025
11053,Isak Hien,30,2336,0,0.953118370845914,0,0.0765873752534389,8,2,10,0,D S,Atalanta,0,0.953118370845914,11.485736094415188,11.40914871543646,Serie A,2024-2025
11054,Juan Cabal,7,464,0,0.1306802649050951,0,0.1720451265573501,5,1,0,0,D S,Juventus,0,0.1306802649050951,3.065493978559971,3.04121283441782,Serie A,2024-2025
11170,Jacopo Seghetti,1,90,0,0.0,0,0.0,0,0,0,0,GK,Empoli,0,0.0,0.0,0.0,Serie A,2024-2025
11281,Michael Kayode,5,118,0,0.0939566791057586,0,0.2801200151443481,1,1,0,0,D S,Fiorentina,0,0.0939566791057586,0.6066556721925735,0.5126989930868149,Serie A,2024-2025
11289,Ola Solbakken,21,750,0,0.7903557196259499,0,0.5749603006988764,4,9,2,0,F M S,Empoli,0,0.7903557196259499,1.7711380869150162,0.4644903261214494,Serie A,2024-2025
11299,Devis Vásquez,32,2880,0,0.0,0,0.0,0,0,2,0,GK,Empoli,0,0.0,0.810832651797682,0.810832651797682,Serie A,2024-2025
11306,Cyril Ngonge,18,177,0,0.5907556600868702,0,0.1964319981634616,13,3,2,0,F S,Napoli,0,0.5907556600868702,0.797872643917799,0.1580876559019088,Serie A,2024-2025
11378,Máximo Perrone,26,1866,0,0.9457318838685752,3,1.9598194928839805,10,30,6,0,M S,Como,0,0.9457318838685752,9.632720220834017,7.242648001760244,Serie A,2024-2025
11383,Renato Veiga,13,1091,0,0.8249842878431082,1,0.0397374331951141,12,2,2,0,D S,Juventus,0,0.8249842878431082,3.344063217751682,3.2855254961177707,Serie A,2024-2025
11418,Alphadjo Cissè,2,5,0,0.0392821114510297,0,0.0,2,0,0,0,S,Verona,0,0.0392821114510297,0.0192173589020967,0.0,Serie A,2024-2025
11463,Aaron Ciammaglichella,1,1,0,0.0,0,0.0,0,0,0,0,S,Torino,0,0.0,0.0,0.0,Serie A,2024-2025
11498,Mirko Maric,18,439,0,1.1305477246642113,0,0.1022352464497089,7,3,0,0,F S,"Monza,Venezia",0,1.1305477246642113,1.1157330609858036,0.8022486865520477,Serie A,2024-2025
11551,Marco Palestra,9,213,0,0.0,0,0.2432294562458992,0,3,0,0,D S,Atalanta,0,0.0,1.3319834247231483,1.0887539610266683,Serie A,2024-2025
11768,Cher Ndour,9,397,0,0.1504337266087532,0,0.0,4,0,1,0,M S,Fiorentina,0,0.1504337266087532,1.4026796147227287,1.3219382259994743,Serie A,2024-2025
11800,Arthur Atta,27,1223,0,1.5434948615729809,1,1.7459386195987463,26,18,5,0,M S,Udinese,0,1.5434948615729809,4.884303130209446,2.524522189050913,Serie A,2024-2025
11876,Luca Marianucci,18,1058,0,0.6265358319506049,0,0.1536990092135965,8,3,0,1,D M S,Empoli,0,0.6265358319506049,1.946455044671893,1.854816257953644,Serie A,2024-2025
11877,Michael Folorunsho,20,662,0,0.6155886743217707,0,0.7538418211042881,10,3,5,0,D M S,"Fiorentina,Napoli",0,0.6155886743217707,3.04950394295156,1.7586079202592373,Serie A,2024-2025
11946,Mohamed Kaba,15,422,0,0.647593978792429,0,0.0307085905224084,4,1,1,0,M S,Lecce,0,0.647593978792429,0.9743184950202703,0.8636524956673384,Serie A,2024-2025
11947,Rares Burnete,4,17,0,0.0571330264210701,0,0.0,1,0,0,0,S,Lecce,0,0.0571330264210701,0.0571330264210701,0.0,Serie A,2024-2025
11955,Alberto Dossena,23,1834,0,0.6554462192580104,2,1.222608104348183,12,5,1,1,D S,Como,0,0.6554462192580104,3.436672180891037,3.3512209616601467,Serie A,2024-2025
11956,Paulo Azzi,6,437,0,0.6600406542420387,0,0.800193764269352,8,5,2,0,D S,Cagliari,0,0.6600406542420387,2.4045355208218098,1.7738776132464409,Serie A,2024-2025
11957,Antoine Makoumbou,33,2189,0,0.1962309386581182,3,0.903908770531416,7,8,2,1,M S,Cagliari,0,0.1962309386581182,8.027866251766682,7.405774045735598,Serie A,2024-2025
11959,Matteo Prati,12,579,0,0.0736525598913431,0,0.5021635591983795,4,6,1,0,M S,Cagliari,0,0.0736525598913431,1.219874769449234,0.9838402755558492,Serie A,2024-2025
11961,Sam Beukema,35,3010,0,1.6605565324425695,1,1.1881455723196268,15,10,1,0,D S,Bologna,0,1.6605565324425695,9.021669746376574,8.621597194112837,Serie A,2024-2025
11962,Oussama El Azzouzi,2,11,0,0.0,0,0.0,0,0,0,0,S,Bologna,0,0.0,0.0556897111237049,0.0556897111237049,Serie A,2024-2025
11967,Davide Bartesaghi,4,115,0,0.0303207039833068,0,0.1432030163705349,1,2,0,1,D S,AC Milan,0,0.0303207039833068,0.9094470888376236,0.8431871682405472,Serie A,2024-2025
11968,Kevin Zeroli,9,404,0,0.4978923872113228,1,0.6236989796161652,6,2,0,0,M S,"AC Milan,Monza",0,0.4978923872113228,1.3252834109589458,0.2679762719199061,Serie A,2024-2025
11989,Walid Cheddira,1,5,0,0.0,0,0.0640204176306724,0,1,0,0,S,Napoli,0,0.0,0.0640204176306724,0.0,Serie A,2024-2025
12012,Marcus Pedersen,29,1349,0,0.8383578862994909,0,0.3139798147603869,8,7,3,0,D S,Torino,0,0.8383578862994909,2.568528109230101,1.559088763780892,Serie A,2024-2025
12043,Christos Mandas,9,810,0,0.0,0,0.0,0,0,0,0,GK,Lazio,0,0.0,2.291612671688199,2.291612671688199,Serie A,2024-2025
12078,Alan Matturro,13,888,0,0.1578726852312684,0,0.2325288951396942,4,3,2,0,D S,Genoa,0,0.1578726852312684,1.3593639694154265,1.0876875780522823,Serie A,2024-2025
12095,Tomás Suslov,31,2123,0,1.6774194007739425,1,2.037943887058645,32,27,5,1,F M S,Verona,0,1.6774194007739425,7.891592211090028,5.554568611085415,Serie A,2024-2025
12168,Alejandro Jiménez,22,1285,0,1.2752824798226357,1,1.689367761835456,15,12,6,0,D M S,AC Milan,0,1.2752824798226357,7.944430101662874,5.334013137966394,Serie A,2024-2025
12218,Francesco Camarda,10,194,0,0.5220109783113003,0,0.2813009992241859,8,5,0,0,F S,AC Milan,0,0.5220109783113003,1.516376305371523,0.8795242458581924,Serie A,2024-2025
12252,Alberto Manzoni,1,1,0,0.0327237732708454,0,0.0,1,0,0,0,S,Atalanta,0,0.0327237732708454,0.0327237732708454,0.0,Serie A,2024-2025
12310,Stefan Lekovic,7,355,0,0.0651790769770741,0,0.0,3,0,0,0,D S,Monza,0,0.0651790769770741,0.23060785792768,0.23060785792768,Serie A,2024-2025
12322,Tajon Buchanan,6,79,0,0.0,0,0.0637583658099174,0,1,0,0,S,Inter,0,0.0,0.2777990475296974,0.2140406817197799,Serie A,2024-2025
12334,Kingstone Mutandwa,6,102,0,0.2073217704892158,0,0.0,4,0,0,0,S,Cagliari,0,0.2073217704892158,1.0372788980603218,0.8299571257084608,Serie A,2024-2025
12340,Omari Forson,9,198,0,0.4280303474515676,0,0.3216859586536884,5,8,0,0,F S,Monza,0,0.4280303474515676,0.8694537989795208,0.1912885531783104,Serie A,2024-2025
12356,Saba Goglichidze,33,2560,0,0.2618827680125832,1,0.3744480684399605,6,3,3,1,D S,Empoli,0,0.2618827680125832,2.4100154601037502,1.9589530508965252,Serie A,2024-2025
12357,Andrea Mazza,1,7,0,0.0,0,0.0,0,0,0,0,S,Monza,0,0.0,0.0,0.0,Serie A,2024-2025
12380,Dani Silva,11,398,0,0.0324114789254963,0,0.1477343197911977,2,3,1,0,M S,Verona,0,0.0324114789254963,1.5528571605682373,1.4024221748113632,Serie A,2024-2025
12440,David Ankeye,4,38,0,0.0,0,0.0,0,0,0,0,S,Genoa,0,0.0,0.0,0.0,Serie A,2024-2025
12584,Maat Caprini,2,7,0,0.0,0,0.0,0,0,0,0,S,Fiorentina,0,0.0,0.0,0.0,Serie A,2024-2025
12635,Matteo Palma,1,2,0,0.0,0,0.0,0,0,0,0,S,Udinese,0,0.0,0.0,0.0,Serie A,2024-2025
12639,Junior Ajayi,2,10,0,0.0,0,0.0,0,0,0,0,S,Verona,0,0.0,0.0,0.0,Serie A,2024-2025
12778,Federico Accornero,1,1,0,0.0,0,0.0,0,0,0,0,S,Genoa,0,0.0,0.0,0.0,Serie A,2024-2025
12779,Honest Ahanor,6,263,0,0.6984457075595856,0,0.064913185313344,3,2,0,0,D M S,Genoa,0,0.6984457075595856,0.5303681567311287,0.0726009905338287,Serie A,2024-2025
12781,Zion Suzuki,37,3319,0,0.0,0,0.0,0,0,0,1,GK,Parma Calcio 1913,0,0.0,5.399743342772126,5.399743342772126,Serie A,2024-2025
12782,Woyo Coulibaly,14,1082,0,0.1118743168190121,1,1.3046283889561892,3,8,1,1,D S,Parma Calcio 1913,0,0.1118743168190121,3.635269640013576,2.4448944218456745,Serie A,2024-2025
12783,Alessandro Circati,6,540,0,0.1777893677353859,0,0.0216004382818937,2,1,1,0,D,Parma Calcio 1913,0,0.1777893677353859,1.000532565638423,0.9789321273565292,Serie A,2024-2025
12786,Mateusz Kowalski,1,61,0,0.5485414266586304,0,0.0,1,0,0,0,M,Parma Calcio 1913,0,0.5485414266586304,0.5689487457275391,0.0204073097556829,Serie A,2024-2025
12802,Lorenzo Tosto,1,1,0,0.0,0,0.0,0,0,0,0,S,Empoli,0,0.0,0.0,0.0,Serie A,2024-2025
12822,Álex Valle,15,1042,0,0.3290951885282993,0,0.5185151733458042,9,11,2,0,D S,Como,0,0.3290951885282993,3.680663496255874,3.0706890635192394,Serie A,2024-2025
12853,Jesper Karlström,37,3201,0,1.0215017618611455,3,1.6782602947205305,13,21,9,0,M S,Udinese,0,1.0215017618611455,8.539285136386752,6.683409044519067,Serie A,2024-2025
12854,Martin Frese,11,543,0,0.0555349979549646,0,0.2642559595406055,2,5,0,0,D M S,Verona,0,0.0555349979549646,1.2922106329351664,0.9994388073682784,Serie A,2024-2025
12858,Daniele Ghilardi,24,2029,0,0.5332020772621036,0,0.1898812940344214,12,6,7,1,D S,Verona,0,0.5332020772621036,1.4485671985894442,1.2841083779931068,Serie A,2024-2025
12867,Alen Sherri,7,627,0,0.0,0,0.0228375680744647,0,1,0,0,GK,Cagliari,0,0.0,0.1196601148694753,0.1196601148694753,Serie A,2024-2025
12868,Mattia Felici,20,908,0,1.0934456456452608,3,1.2246886799111962,10,10,1,0,M S,Cagliari,0,1.0934456456452608,3.3920855671167374,2.592358149588108,Serie A,2024-2025
12869,Samuel Dahl,2,39,0,0.0,0,0.0,0,0,0,0,S,Roma,0,0.0,0.0634294301271438,0.0634294301271438,Serie A,2024-2025
12874,Richie Sagrado,3,145,0,0.0341544412076473,0,0.0,1,0,1,0,D,Venezia,0,0.0341544412076473,0.0629419069737196,0.0287874657660722,Serie A,2024-2025
12878,Issa Doumbia,24,922,0,1.5646562036126852,0,0.1171914394944906,17,3,0,0,M S,Venezia,0,1.5646562036126852,2.518975531682372,1.2910603070631623,Serie A,2024-2025
12885,Kialonda Gaspar,24,2148,0,0.7673945985734463,1,1.029505891725421,16,6,3,0,D,Lecce,0,0.7673945985734463,3.646687723696232,3.560416884720325,Serie A,2024-2025
12886,Filip Marchwinski,1,13,0,0.0,0,0.0,0,0,0,0,S,Lecce,0,0.0,0.0,0.0,Serie A,2024-2025
12889,Federico Cassa,2,7,0,0.0,0,0.0,0,0,0,0,S,Atalanta,0,0.0,0.0,0.0,Serie A,2024-2025
12906,Jonas Rouhi,5,206,0,0.0,0,0.0,0,0,0,0,D S,Juventus,0,0.0,0.3243759274482727,0.3243759274482727,Serie A,2024-2025
12907,Marco Sala,10,325,0,0.0,0,0.4168045446276665,0,2,3,0,D S,"Como,Lecce",0,0.0,0.7204070463776588,0.4111374393105507,Serie A,2024-2025
12908,Matthias Braunöder,8,267,0,0.0626943130046129,0,0.0,2,0,1,1,M S,Como,0,0.0626943130046129,0.0412727184593677,0.0412727184593677,Serie A,2024-2025
12958,Alessandro Marcandalli,10,407,0,0.5659685600548983,0,0.0,2,0,2,0,D S,"Genoa,Venezia",0,0.5659685600548983,0.2606982812285423,0.2606982812285423,Serie A,2024-2025
12990,Saad El Haddad,3,23,0,0.0,0,0.018121900036931,0,1,0,0,S,Venezia,0,0.0,0.0346195213496685,0.0164976213127374,Serie A,2024-2025
12996,Alessio Iovine,10,373,0,0.0153612773865461,0,0.197709696367383,1,3,2,0,D S,Como,0,0.0153612773865461,0.7458569463342428,0.6428565289825201,Serie A,2024-2025
12998,Ali Jasim,2,8,0,0.0,0,0.0,0,0,0,0,S,Como,0,0.0,0.0,0.0,Serie A,2024-2025
12999,Lorenzo Anghelè,1,2,0,0.0,0,0.0,0,0,0,0,S,Juventus,0,0.0,0.0,0.0,Serie A,2024-2025
13006,Joël Schingtienne,16,1124,0,0.0,0,0.0965624712407589,0,3,2,0,D S,Venezia,0,0.0,0.4356286553665995,0.4160086130723357,Serie A,2024-2025
13009,Vanja Vlahovic,3,56,0,0.0756982043385505,0,0.1344557404518127,1,2,0,0,S,Atalanta,0,0.0756982043385505,0.2101539373397827,0.0,Serie A,2024-2025
13027,Gaby Jean,19,1384,0,0.0758519172668457,0,0.0571330264210701,1,1,0,0,D S,Lecce,0,0.0758519172668457,2.0158384051173925,2.0158384051173925,Serie A,2024-2025
13046,Lior Kasa,8,221,0,0.8909140527248383,0,0.038125853985548,5,2,2,0,M S,Genoa,0,0.8909140527248383,1.4693591110408306,0.6169382594525814,Serie A,2024-2025
13049,Damián Pizarro,2,12,0,0.0,0,0.0,0,0,0,0,S,Udinese,0,0.0,0.0,0.0,Serie A,2024-2025
13050,Ignace Van der Brempt,20,1256,0,0.5743862800300121,1,0.4266951140016317,7,10,3,0,D S,Como,0,0.5743862800300121,2.9767110673710704,2.443053009919822,Serie A,2024-2025
13053,Saud Abdulhamid,4,208,0,0.0149639835581183,1,0.3789634853601455,1,2,0,0,D S,Roma,0,0.0149639835581183,1.148334621451795,0.7544071078300476,Serie A,2024-2025
13071,Ismael Konaté,12,87,0,0.4259603722020983,1,0.0326822707429528,3,2,0,0,S,Empoli,0,0.4259603722020983,0.4586426438763737,0.0,Serie A,2024-2025
13072,Vasilije Adzic,6,33,0,0.0272424314171075,0,0.0,1,0,0,0,S,Juventus,0,0.0272424314171075,0.0982828885316848,0.0710404552519321,Serie A,2024-2025
13083,Matías Moreno,4,144,0,0.0,0,0.0448241345584392,0,2,0,0,D S,Fiorentina,0,0.0,0.0614193584769964,0.0373679716140031,Serie A,2024-2025
13095,Tomás Palacios,10,447,0,0.0448183268308639,0,0.0,1,0,2,0,D S,"Inter,Monza",0,0.0448183268308639,0.5129926465451717,0.5129926465451717,Serie A,2024-2025
13097,Mandela Keita,30,1852,0,0.0985107105225324,2,1.207997653633356,5,16,4,1,M S,Parma Calcio 1913,0,0.0985107105225324,6.091869512572885,5.132593246176839,Serie A,2024-2025
13099,Rui Modesto,20,581,0,0.5112633872777224,1,0.6775725353509188,3,14,1,0,D S,Udinese,0,0.5112633872777224,1.939987700432539,1.0906022023409605,Serie A,2024-2025
13112,Fellipe Jack,7,162,0,0.0,0,0.0991043522953987,0,1,2,0,D S,Como,0,0.0,0.1337760621681809,0.0346717098727822,Serie A,2024-2025
13129,Kevin Martins,9,163,0,0.0,1,0.395392594859004,0,2,1,0,D S,Monza,0,0.0,0.7607177495956421,0.7607177495956421,Serie A,2024-2025
13136,Brooke Norton-Cuffy,14,726,0,0.2189343944191932,0,0.1128443405032157,5,2,0,0,D F M S,Genoa,0,0.2189343944191932,1.3186640366911888,0.9868852980434896,Serie A,2024-2025
13151,Mattia Liberali,1,63,0,0.0684014484286308,0,0.0760993361473083,2,1,0,0,M,AC Milan,0,0.0684014484286308,0.3106605112552643,0.1809192299842834,Serie A,2024-2025
13164,Tommaso Gabellini,1,8,0,0.0165546219795942,0,0.0,1,0,0,0,S,Torino,0,0.0165546219795942,0.0165546219795942,0.0,Serie A,2024-2025
13172,Adrian Benedyczak,9,195,0,0.1726186573505401,0,0.0382277425378561,3,2,0,0,M S,Parma Calcio 1913,0,0.1726186573505401,0.2750710733234882,0.0642246752977371,Serie A,2024-2025
13178,Tommaso Rubino,1,5,0,0.0,0,0.0910502225160598,0,1,0,0,S,Fiorentina,0,0.0,0.0910502225160598,0.0,Serie A,2024-2025
13244,Jacopo Bacci,3,24,0,0.0,0,0.0,0,0,0,0,S,Empoli,0,0.0,0.5372961163520813,0.5372961163520813,Serie A,2024-2025
13254,Diego Pugno,1,5,0,0.0,0,0.0523221231997013,0,1,0,0,S,Juventus,0,0.0,0.0523221231997013,0.0,Serie A,2024-2025
13269,Thomas Campaniello,3,19,0,0.3638376891613006,0,0.0,1,0,0,0,S,Empoli,0,0.3638376891613006,0.3746410859748721,0.3746410859748721,Serie A,2024-2025
13270,Sergiu Perciun,5,133,0,0.0616049394011497,0,0.0655697956681251,2,2,0,0,S,Torino,0,0.0616049394011497,0.5593453757464886,0.4321706444025039,Serie A,2024-2025
13313,Nicolás Valentini,14,1139,0,0.2727090008556843,0,0.7699992805719376,8,6,3,1,D S,Verona,0,0.2727090008556843,1.0628653690218923,0.4007140025496483,Serie A,2024-2025
13328,Bob Omoregbe,1,2,0,0.0,0,0.0,0,0,0,0,S,AC Milan,0,0.0,0.0,0.0,Serie A,2024-2025
13331,Mathias Løvik,6,77,0,0.1374384760856628,0,0.1217529103159904,1,1,0,0,S,Parma Calcio 1913,0,0.1374384760856628,0.4857194051146507,0.2265280112624168,Serie A,2024-2025
13338,Cheick Conde,9,136,0,0.0,0,0.0083109177649021,0,1,2,0,M S,Venezia,0,0.0,0.4384280852973461,0.430117167532444,Serie A,2024-2025
13340,Luka Topalovic,1,5,0,0.0,0,0.0,0,0,0,0,S,Inter,0,0.0,0.0,0.0,Serie A,2024-2025
13354,Alberto Costa,9,342,0,1.0256558116525412,1,0.120165679603815,7,2,3,0,D S,Juventus,0,1.0256558116525412,3.014067862182856,2.2493527457118034,Serie A,2024-2025
13389,Devyne Rensch,14,458,0,0.6233813874423504,1,0.7634415775537491,3,2,0,0,D S,Roma,0,0.6233813874423504,2.320372387766838,2.1854646783322096,Serie A,2024-2025
13395,Danilo Veiga,13,332,0,0.7220241073518991,0,0.3290029633790254,5,6,0,0,D S,Lecce,0,0.7220241073518991,1.6650652419775724,0.8138769175857306,Serie A,2024-2025
13396,Tiago Gabriel,2,92,0,0.0,0,0.0,0,0,0,0,S,Lecce,0,0.0,0.0453136339783668,0.0453136339783668,Serie A,2024-2025
13400,Arvid Brorsson,6,357,0,0.0,0,0.0,0,0,0,0,D S,Monza,0,0.0,0.8185673002153635,0.8185673002153635,Serie A,2024-2025
13401,Daniel Oyegoke,5,91,0,0.013305271975696,0,0.0,1,0,1,0,S,Verona,0,0.013305271975696,0.0,0.0,Serie A,2024-2025
13411,Benjamin Siegrist,2,154,0,0.0,0,0.0,0,0,0,0,GK,Genoa,0,0.0,0.0,0.0,Serie A,2024-2025
13443,Ivan Smolcic,9,627,0,0.7790971677750349,0,0.1207934692502021,7,2,2,0,D S,Como,0,0.7790971677750349,1.1278045997023582,0.9111174307763577,Serie A,2024-2025
13447,Oliver Provstgaard,2,27,0,0.0,0,0.0,0,0,1,0,S,Lazio,0,0.0,0.0365833155810833,0.0365833155810833,Serie A,2024-2025
13449,Victor Nelsson,4,179,0,0.0469137728214263,0,0.0,1,0,0,0,D S,Roma,0,0.0469137728214263,0.5982119515538216,0.5982119515538216,Serie A,2024-2025
13450,Anass Salah-Eddine,3,156,0,0.4623778164386749,1,0.0463808365166187,2,2,0,0,D S,Roma,0,0.4623778164386749,2.121259570121765,1.6293084435164928,Serie A,2024-2025
13451,Konan N’Dri,11,285,0,0.4773371573537588,0,0.1473285099491477,9,6,0,0,M S,Lecce,0,0.4773371573537588,0.5176749816164374,0.1157025210559368,Serie A,2024-2025
13478,Sebastian Otoa,3,183,0,0.0,0,0.0,0,0,1,1,D,Genoa,0,0.0,0.0759811587631702,0.0759811587631702,Serie A,2024-2025
13562,Nicola Pintus,1,1,0,0.0,0,0.0,0,0,0,0,S,Cagliari,0,0.0,0.0,0.0,Serie A,2024-2025
13599,Alessio Cacciamani,2,21,0,0.0,0,0.0,0,0,0,0,S,Torino,0,0.0,0.2961850762367248,0.2961850762367248,Serie A,2024-2025
647,Harry Kane,31,2400,26,24.83850298821926,9,5.889719098806381,114,36,5,0,F S,Bayern Munich,17,18.01851277425885,30.19251061975956,8.705299209803343,Bundesliga,2024-2025
1236,Patrik Schick,31,1675,21,13.808413846418262,0,0.8931068908423185,68,11,4,0,F M S,Bayer Leverkusen,20,13.050637168809772,13.012595891952516,2.17465521954,Bundesliga,2024-2025
3738,Serhou Guirassy,30,2608,21,24.67502747476101,2,3.927161391824484,89,25,4,0,F S,Borussia Dortmund,18,21.64392078667879,28.84895157814026,5.983426092192531,Bundesliga,2024-2025
7108,Jonathan Burkardt,29,2144,18,15.531241215765476,2,3.2260143337771297,72,20,0,0,F S,Mainz 05,16,14.015687860548496,17.678049380891025,2.2389991842210293,Bundesliga,2024-2025
6142,Tim Kleindienst,31,2756,16,15.641376122832298,7,6.164368532598019,75,28,3,1,F,Borussia M.Gladbach,15,14.125822767615318,22.16408023238182,5.898254873231053,Bundesliga,2024-2025
6496,Ermedin Demirovic,34,1847,15,17.190185952931643,1,2.3308997359126806,66,18,2,0,F S,VfB Stuttgart,15,15.674632657319307,18.022325498983264,3.6710129603743553,Bundesliga,2024-2025
8393,Omar Marmoush,17,1471,15,10.454029858112335,9,6.4370531141757965,77,33,2,0,F M,Eintracht Frankfurt,13,8.938476577401161,15.567543163895609,4.923579152673483,Bundesliga,2024-2025
8995,Hugo Ekitike,33,2623,15,23.090678934007883,8,7.497596137225628,117,43,1,0,F M S,Eintracht Frankfurt,14,20.81734884157777,32.08109536021948,6.5742603074759245,Bundesliga,2024-2025
11974,Benjamin Sesko,33,2436,13,10.84312501270324,5,2.5418332908302546,68,19,0,1,F M S,RasenBallsport Leipzig,11,9.327571731992066,14.85635886900127,4.552526947110891,Bundesliga,2024-2025
8117,Nick Woltemade,28,1604,12,12.919283613562584,2,5.339851493015885,49,36,3,1,F M S,VfB Stuttgart,10,10.64595346339047,18.696467697620392,5.270718416199088,Bundesliga,2024-2025
8418,Jamal Musiala,25,1822,12,11.052295371890068,2,5.645927414298058,68,41,3,0,M S,Bayern Munich,12,11.052295371890068,23.51362369954586,10.554121501743792,Bundesliga,2024-2025
9948,Michael Olise,34,2370,12,10.028207782655954,15,14.287162024527788,86,89,3,0,M S,Bayern Munich,12,10.028207782655954,31.13305725902319,15.147963047027588,Bundesliga,2024-2025
337,Leroy Sané,30,1638,11,10.864085894078016,5,6.123259458690882,67,37,2,0,M S,Bayern Munich,11,10.864085894078016,21.53510593622923,8.566130949184299,Bundesliga,2024-2025
956,Andrej Kramaric,32,2800,11,12.799855667166412,8,4.250613275915384,69,50,4,0,F M,Hoffenheim,8,10.52652560081333,19.27825254201889,5.942930793389678,Bundesliga,2024-2025
3310,Alassane Pléa,30,1930,11,6.866865694522858,4,3.265819158405065,42,25,3,0,F M S,Borussia M.Gladbach,10,6.10908904671669,13.179648963734508,6.668403459712863,Bundesliga,2024-2025
12934,Shuto Machino,31,1901,11,8.25303456094116,2,2.2886266466230154,49,26,2,0,F M S,Holstein Kiel,9,6.73748121317476,12.449354909360409,6.3784140115603805,Bundesliga,2024-2025
8397,Florian Wirtz,31,2365,10,10.05364241823554,12,8.316964589059353,78,56,3,0,F M S,Bayer Leverkusen,8,7.022535771131516,20.83097556233406,10.964113848283889,Bundesliga,2024-2025
8700,Xavi Simons,25,2171,10,6.223592175170779,6,6.1870312336832285,50,50,5,0,M,RasenBallsport Leipzig,10,6.223592175170779,16.81583746895194,6.952227101661265,Bundesliga,2024-2025
8791,Ritsu Doan,34,2901,10,8.055666498839855,7,4.389358818531036,61,27,2,0,F M S,Freiburg,10,8.055666498839855,19.25091073103249,10.242727846838534,Bundesliga,2024-2025
8846,Paul Nebel,31,2347,10,6.269156511873007,4,4.314232256263495,44,35,3,1,M S,Mainz 05,10,6.269156511873007,17.700350554659963,8.364783497527242,Bundesliga,2024-2025
10734,Jens Stage,28,2215,10,7.943040877580643,5,3.238111473619938,44,23,10,0,M S,Werder Bremen,10,7.943040877580643,15.3200044631958,7.953148111701012,Bundesliga,2024-2025
13062,Mohammed Amoura,31,2512,10,10.863602759316564,9,4.308450622484088,76,35,6,0,F M S,Wolfsburg,8,9.348049404099584,16.025755416601896,5.196772448718548,Bundesliga,2024-2025
5752,Alexis Claude Maurice,28,2160,9,4.652821511030197,2,1.2668815301731229,59,21,4,0,F M S,Augsburg,9,4.652821511030197,11.06004698574543,5.729791997931898,Bundesliga,2024-2025
10394,Jonas Wind,31,1966,9,6.339151995256543,3,4.765156495384872,40,33,2,0,F M S,Wolfsburg,8,4.8235986810177565,9.863119781017303,4.174212370067835,Bundesliga,2024-2025
10804,Deniz Undav,27,1733,9,11.975074492394924,3,4.6570643819868565,75,26,4,0,F M S,VfB Stuttgart,9,11.975074492394924,19.974650152027607,5.010630551725626,Bundesliga,2024-2025
10832,Loïs Openda,33,2489,9,10.03450933098793,5,3.765269065275788,78,28,3,1,F M S,RasenBallsport Leipzig,9,9.27673265337944,15.741462273523211,4.010902209207416,Bundesliga,2024-2025
11981,Benedict Hollerbach,34,2594,9,9.080473525449634,1,2.390376001596451,76,28,3,0,F M S,Union Berlin,9,9.080473525449634,12.341620037332175,2.798220462165773,Bundesliga,2024-2025
4329,Marvin Ducksch,32,2477,8,10.446885596960785,8,10.059994157403708,71,61,3,0,F S,Werder Bremen,7,8.931332174688578,19.355842046439648,4.983372114598751,Bundesliga,2024-2025
5266,Vincenzo Grifo,34,2510,8,7.989085482433438,11,8.86034712381661,66,65,2,0,F M S,Freiburg,8,5.7157554272562265,14.169706366956234,6.400352879427373,Bundesliga,2024-2025
8137,Maximilian Beier,29,1578,8,9.488328475505114,5,3.210040792822838,42,25,2,0,F M S,Borussia Dortmund,8,9.488328475505114,14.034051459282637,4.297043411061168,Bundesliga,2024-2025
10542,Jamie Bynoe-Gittens,32,1803,8,4.5964207872748375,3,3.476314332336188,52,21,4,0,F M S,Borussia Dortmund,8,4.5964207872748375,12.025190606713297,5.523857708089054,Bundesliga,2024-2025
10774,Adam Hlozek,27,1890,8,5.854527406394482,3,2.8081529047340155,59,21,2,0,F M S,Hoffenheim,8,5.854527406394482,11.557377450168133,4.727587189525366,Bundesliga,2024-2025
11867,Victor Boniface,19,1031,8,9.102240042760968,1,1.1899061873555183,51,10,2,0,F M S,Bayer Leverkusen,8,8.344463424757123,8.272871671244502,2.321392834186554,Bundesliga,2024-2025
13075,Phil Harres,25,1461,8,6.069004004821181,1,1.687046148814261,37,10,3,0,F S,Holstein Kiel,8,6.069004004821181,8.803555831313133,2.012516127899289,Bundesliga,2024-2025
82,Nadiem Amiri,30,2501,7,5.710457522422075,5,8.261441332288086,62,62,7,2,M,Mainz 05,5,4.194904129952192,16.05507216975093,10.064808908849956,Bundesliga,2024-2025
993,Serge Gnabry,27,1216,7,8.36918669193983,5,5.2104566488415,49,24,0,0,F M S,Bayern Munich,7,7.611410014331341,17.931560218334198,8.162198606878519,Bundesliga,2024-2025
7879,Marius Bülter,25,1772,7,3.648140865378082,2,3.039690352976322,38,22,4,0,D F M S,Hoffenheim,7,3.648140865378082,7.931092381477356,2.67352965567261,Bundesliga,2024-2025
9612,Myron Boadu,18,999,7,8.229468438774347,1,1.6477082949131727,25,11,2,0,F S,Bochum,6,7.4716917015612125,10.03551159799099,1.1547716669738293,Bundesliga,2024-2025
9783,Jae-Sung Lee,33,2711,7,6.852779902517796,6,4.826654347591102,39,34,4,0,M S,Mainz 05,7,6.852779902517796,15.59731212258339,7.906934417784214,Bundesliga,2024-2025
10772,Karim Adeyemi,25,1462,7,5.742135550826788,6,7.36732954531908,46,29,4,0,F M S,Borussia Dortmund,7,5.742135550826788,15.46747213602066,3.5720093846321106,Bundesliga,2024-2025
11845,Phillip Tietz,34,1683,7,6.620653829537332,2,1.4810154465958476,51,21,4,0,F S,Augsburg,6,5.862877114675939,7.860493987798691,1.4614172922447324,Bundesliga,2024-2025
11856,Marvin Pieringer,31,2253,7,9.497590685263276,4,5.089528257027268,60,31,7,0,F M S,FC Heidenheim,4,7.224260637536645,11.624920902773738,2.838040864095092,Bundesliga,2024-2025
12421,Andrej Ilic,16,954,7,5.666820885613561,0,0.3420870099216699,27,6,1,0,F S,Union Berlin,6,4.909044222906232,4.31884459964931,0.4574203137308359,Bundesliga,2024-2025
12922,Samuel Essende,30,1668,7,5.770508166402578,2,1.7677066437900066,44,11,4,2,F S,Augsburg,7,5.770508166402578,6.685472250916064,1.159614222124219,Bundesliga,2024-2025
12936,Alexander Bernhardsson,19,1288,7,3.981335630640388,2,1.6960009150207045,27,15,3,0,F M S,Holstein Kiel,7,3.981335630640388,7.800582721829414,2.906135031953454,Bundesliga,2024-2025
6475,Lucas Höler,31,1867,6,11.579248806461692,4,3.0513127334415917,35,21,3,0,F M S,Freiburg,6,10.821472128853202,14.530475705862044,2.679054254200309,Bundesliga,2024-2025
8645,Enzo Millot,29,1863,6,8.739531425759196,5,2.9312736243009567,44,24,9,0,M S,VfB Stuttgart,6,7.981754807755351,15.809536406770349,7.308554684743285,Bundesliga,2024-2025
10367,Tiago Tomás,32,1919,6,5.56389169767499,1,2.606959294527769,42,19,7,0,F M S,Wolfsburg,6,5.56389169767499,9.028159266337752,2.590786171145737,Bundesliga,2024-2025
11762,Morgan Guilavogui,25,1828,6,8.65836637839675,2,3.0779383797198534,41,27,6,0,F M S,St. Pauli,6,8.65836637839675,11.957147855311632,3.651807775720954,Bundesliga,2024-2025
12924,Marco Grüll,30,1189,6,4.213682193309069,1,2.065882398746908,25,11,1,0,F M S,Werder Bremen,6,4.213682193309069,7.891282428056002,2.1898325979709625,Bundesliga,2024-2025
28,Mitchell Weiser,32,2874,5,5.540983958169818,8,6.046214004978538,43,41,7,1,D M,Werder Bremen,5,5.540983958169818,18.330695912241936,10.379622384905815,Bundesliga,2024-2025
226,Kingsley Coman,28,1276,5,4.042191399261355,4,4.258397921919823,44,32,0,0,M S,Bayern Munich,5,4.042191399261355,12.850466405972838,6.604279920458794,Bundesliga,2024-2025
261,Julian Brandt,30,2354,5,4.579855159856379,10,9.031145641580224,44,61,1,0,M S,Borussia Dortmund,5,4.579855159856379,23.14715365692973,13.3252425622195,Bundesliga,2024-2025
5256,Oliver Burke,25,872,5,5.17337729409337,0,1.484443936496973,35,14,4,0,F S,Werder Bremen,5,5.17337729409337,7.6511080376803875,1.8381715761497617,Bundesliga,2024-2025
5257,Willi Orban,25,2228,5,5.23684098944068,0,1.062859384343028,22,8,4,2,D,RasenBallsport Leipzig,5,5.23684098944068,8.339662676677108,6.81000073812902,Bundesliga,2024-2025
5263,Lukas Kübler,28,1864,5,2.8583033233881,1,0.7445640284568071,18,11,5,0,D S,Freiburg,5,2.8583033233881,4.521047971211374,3.004688539542258,Bundesliga,2024-2025
7054,Steven Skrzybski,23,1313,5,3.263728693127632,3,3.969407096039504,32,21,0,0,F M S,Holstein Kiel,5,3.263728693127632,9.242973761167375,4.136365515645593,Bundesliga,2024-2025
9062,Armin Gigovic,30,1900,5,1.971327550709248,1,2.4431175496429205,25,15,5,0,M S,Holstein Kiel,5,1.971327550709248,8.284323370084167,4.726066544651985,Bundesliga,2024-2025
9069,Romano Schmid,32,2856,5,4.85783976316452,4,6.564444359391928,48,68,3,0,M,Werder Bremen,4,4.100063048303127,19.91676950454712,13.533827669918535,Bundesliga,2024-2025
9328,Jeremie Frimpong,33,2335,5,5.46559808216989,5,4.449963368475437,34,30,4,0,D M S,Bayer Leverkusen,5,5.46559808216989,14.958293974399568,6.565218105912209,Bundesliga,2024-2025
10289,Tom Bischof,31,2593,5,2.185795512981713,2,4.426293452270329,51,49,5,0,M S,Hoffenheim,5,2.185795512981713,11.751291548833253,8.606690591201186,Bundesliga,2024-2025
10750,Rasmus Kristensen,30,2520,5,3.010503049939871,3,4.46722864639014,24,20,4,0,D M S,Eintracht Frankfurt,5,3.010503049939871,16.33640332520008,11.128150700591505,Bundesliga,2024-2025
11917,Mathias Honsak,22,1164,5,2.7486824057996277,1,1.1526490207761526,29,13,1,0,D F M S,FC Heidenheim,5,2.7486824057996277,3.7166399881243706,1.514211192727089,Bundesliga,2024-2025
11983,Matús Bero,29,2488,5,5.083340181037784,1,4.167451893910766,32,51,10,0,M S,Bochum,5,4.325563503429294,9.487992012873292,3.92092651501298,Bundesliga,2024-2025
335,Leon Goretzka,26,1303,4,3.44148750603199,1,1.7927624322474005,32,12,2,0,M S,Bayern Munich,4,3.44148750603199,14.095879878848791,11.131647668778896,Bundesliga,2024-2025
3314,Franck Honorat,19,1478,4,4.034103916957974,7,6.732902622781694,31,49,0,0,F M S,Borussia M.Gladbach,4,4.034103916957974,10.92656401731074,2.558129455894232,Bundesliga,2024-2025
3455,Raphael Guerreiro,23,1595,4,2.806145377457142,3,3.317242281511426,21,27,2,0,D M S,Bayern Munich,4,2.806145377457142,16.583484891802073,12.02986791357398,Bundesliga,2024-2025
6351,Robin Hack,33,2227,4,4.968895967118442,7,4.546078447252512,58,32,4,0,F M S,Borussia M.Gladbach,4,4.968895967118442,12.376857583411038,5.271136090159416,Bundesliga,2024-2025
6708,Bote Baku,34,2468,4,3.031186076812446,4,2.8024442084133625,35,27,3,0,D F M S,"RasenBallsport Leipzig,Wolfsburg",4,3.031186076812446,12.38050562888384,6.962742500938475,Bundesliga,2024-2025
8989,Ansgar Knauff,30,1623,4,5.238380121067166,5,5.401509422808886,30,26,3,0,D F M S,Eintracht Frankfurt,4,5.238380121067166,14.122421637177467,4.350837785750628,Bundesliga,2024-2025
9202,Felix Nmecha,26,1519,4,1.0889532221481204,1,1.5874149296432734,18,14,3,0,M S,Borussia Dortmund,4,1.0889532221481204,8.52881558611989,7.484039213508367,Bundesliga,2024-2025
11855,Adrian Beck,32,1602,4,4.206237935461104,1,1.8471641726791856,39,20,1,0,F M S,FC Heidenheim,4,4.206237935461104,8.869435641914606,4.554916037246585,Bundesliga,2024-2025
11865,Jan Schöppner,33,2700,4,3.948262576013804,3,2.950019802898169,40,24,8,0,M S,FC Heidenheim,4,3.948262576013804,8.154726142063737,4.036705597303808,Bundesliga,2024-2025
12367,Gift Orban,13,679,4,3.277825897559524,0,0.1476898016408085,11,2,2,0,F S,Hoffenheim,4,3.277825897559524,3.272320808842778,1.0017493981868029,Bundesliga,2024-2025
12954,Can Uzun,20,637,4,3.4531076848506927,1,0.9417958408594131,27,14,1,0,M S,Eintracht Frankfurt,4,3.4531076848506927,5.415256071835756,2.2100669629871845,Bundesliga,2024-2025
153,Maximilian Arnold,28,2356,3,1.1958508677780628,5,4.061138896271586,27,45,7,1,M S,Wolfsburg,3,1.1958508677780628,9.191960662603378,8.58002938516438,Bundesliga,2024-2025
183,Jonathan Tah,33,2970,3,1.1589150372892618,0,0.2743085101246834,24,4,3,0,D,Bayer Leverkusen,3,1.1589150372892618,11.7880025152117,11.424661388620734,Bundesliga,2024-2025
223,Joshua Kimmich,33,2843,3,2.185599143616855,7,11.342593856155872,34,84,4,0,D M S,Bayern Munich,3,2.185599143616855,31.528940960764885,27.68050304055214,Bundesliga,2024-2025
422,Mario Götze,24,1564,3,2.972162872552872,2,3.852848513051868,8,35,1,0,F M S,Eintracht Frankfurt,3,2.972162872552872,12.429652636870742,7.472723245620727,Bundesliga,2024-2025
604,Emre Can,31,2084,3,1.8707446567714212,0,0.5918053798377514,9,8,4,1,D M S,Borussia Dortmund,1,0.3551912643015384,12.573094312101604,12.101288814097645,Bundesliga,2024-2025
1055,Aleix García,28,1438,3,0.8498970614746213,4,5.045784663408995,15,32,3,0,M S,Bayer Leverkusen,3,0.8498970614746213,6.266460470855236,4.544854115694761,Bundesliga,2024-2025
1678,Michy Batshuayi,10,288,3,1.3108754754066467,0,0.0360063388943672,5,1,2,0,F S,Eintracht Frankfurt,3,1.3108754754066467,1.6587602272629738,0.3118784055113792,Bundesliga,2024-2025
5355,Jacob Bruun Larsen,27,767,3,3.3622511457651854,2,1.9078765753656624,20,19,1,0,F M S,"Hoffenheim,VfB Stuttgart",3,3.3622511457651854,6.563112178817391,1.842541504651308,Bundesliga,2024-2025
6084,Johannes Eggestein,27,1890,3,5.848114471882582,4,2.1683141449466348,36,24,3,0,F S,St. Pauli,2,4.332561027258635,8.224175401031971,2.451903762295842,Bundesliga,2024-2025
6273,Robin Koch,30,2595,3,2.037737676873803,0,0.2323272405192256,17,8,3,0,D,Eintracht Frankfurt,3,2.037737676873803,12.173947259783745,11.469248436391354,Bundesliga,2024-2025
6544,Lukas Nmecha,19,427,3,4.476938123814762,0,0.2152470983564853,20,3,1,0,F S,Wolfsburg,3,4.476938123814762,5.461467794142664,0.806901890784502,Bundesliga,2024-2025
6974,Mattias Svanberg,20,1232,3,4.231742708012462,1,2.277713842689991,21,15,4,0,M S,Wolfsburg,3,4.231742708012462,7.183938827365637,4.114412795752287,Bundesliga,2024-2025
7058,Kevin Stöger,31,1531,3,4.505672687664628,3,5.05398212838918,26,52,3,0,M S,Borussia M.Gladbach,1,2.990119319409132,11.945396466180682,6.950540175661445,Bundesliga,2024-2025
7267,Woo-Yeong Jeong,23,1308,3,2.6452455278486013,2,1.5804441962391138,25,17,2,0,F M S,Union Berlin,3,2.6452455278486013,5.976339317858219,2.3333379440009594,Bundesliga,2024-2025
7401,Keven Schlotterbeck,18,1290,3,1.058371618390083,1,0.6174594163894653,12,7,2,1,D S,Augsburg,3,1.058371618390083,3.063976694829762,2.3811785923317075,Bundesliga,2024-2025
7937,Julian Chabot,31,2285,3,2.8814538531005383,1,0.8693449972197413,19,6,9,1,D S,VfB Stuttgart,3,2.8814538531005383,13.541587248444555,13.30634319782257,Bundesliga,2024-2025
8804,Felix Agu,22,1786,3,2.230589810758829,0,2.077587559819221,10,20,1,0,D S,Werder Bremen,3,2.230589810758829,8.308103524148464,4.878118548542261,Bundesliga,2024-2025
9233,Joakim Maehle,28,2187,3,2.742252243682742,4,2.2128251316025853,19,20,6,0,D M S,Wolfsburg,3,2.742252243682742,7.756310272030532,4.024230643175542,Bundesliga,2024-2025
9730,Patrick Wimmer,29,1815,3,4.326380535960197,4,3.0010927617549896,42,24,5,1,F M S,Wolfsburg,3,4.326380535960197,11.253519002348185,6.853250550106168,Bundesliga,2024-2025
9749,Donyell Malen,14,602,3,3.221788346767425,0,0.3619210720062256,19,1,1,0,D M S,Borussia Dortmund,3,3.221788346767425,5.11583523452282,2.273415695875883,Bundesliga,2024-2025
10245,Paul Wanner,29,1796,3,4.244851130992174,2,1.4708796814084053,25,20,2,0,F M S,FC Heidenheim,2,3.487074453383684,7.205643737688661,3.0005939584225416,Bundesliga,2024-2025
10550,Tom Rothe,26,1679,3,2.0692028012126684,3,1.5009428430348637,22,12,5,1,D M S,Union Berlin,3,2.0692028012126684,5.175764583982527,2.6981976814568043,Bundesliga,2024-2025
10585,Justin Njinmah,26,927,3,4.510545656085014,2,1.7561358297243714,31,12,1,0,F M S,Werder Bremen,3,4.510545656085014,8.618928104639053,2.53895618673414,Bundesliga,2024-2025
10727,Ko Itakura,31,2790,3,1.6429097075015306,0,1.09031742811203,21,7,5,0,D,Borussia M.Gladbach,3,1.6429097075015306,9.607988333329558,8.800086556002498,Bundesliga,2024-2025
10736,Philipp Hofmann,31,2257,3,4.961120470426977,3,4.690533764660358,52,27,4,0,F M S,Bochum,3,4.961120470426977,10.245639266446233,3.2190974690020084,Bundesliga,2024-2025
11143,Nelson Weiper,23,685,3,4.852328840643168,2,2.2069317772984505,23,10,2,0,F S,Mainz 05,3,4.852328840643168,7.8193249478936195,0.8903338629752398,Bundesliga,2024-2025
11911,Hugo Larsson,33,2419,3,3.057562686502933,1,1.6888380870223043,21,20,2,0,M S,Eintracht Frankfurt,3,3.057562686502933,15.637109268456696,12.020821401849387,Bundesliga,2024-2025
12941,Antonio Nusa,25,1543,3,1.925663387402892,3,3.3718086406588554,24,20,0,0,D F M S,RasenBallsport Leipzig,3,1.925663387402892,8.197483662515879,4.192342787981033,Bundesliga,2024-2025
12980,Elias Saad,18,906,3,2.7371819969266653,2,1.1837855270132422,26,14,1,0,F M S,St. Pauli,3,2.7371819969266653,4.010569434612989,0.5438273660838604,Bundesliga,2024-2025
12982,Oladapo Afolayan,32,1644,3,3.067957188934088,1,3.728218238800764,38,22,3,0,F M S,St. Pauli,3,3.067957188934088,8.217836495488882,2.534572133794427,Bundesliga,2024-2025
12986,Léo Scienza,25,1154,3,2.2589838448911905,3,4.22474249266088,38,34,1,0,F M S,FC Heidenheim,3,2.2589838448911905,6.065171904861927,1.7292647268623114,Bundesliga,2024-2025
13013,Haris Tabakovic,22,789,3,4.058871641755104,1,1.7171009220182896,30,9,0,0,F S,Hoffenheim,3,4.058871641755104,5.23028976470232,0.5999727938324213,Bundesliga,2024-2025
13122,Nathaniel Brown,26,1964,3,2.494919445365668,6,6.540987821295857,13,39,2,0,D M S,Eintracht Frankfurt,3,2.494919445365668,11.759051386266949,6.8294026125222445,Bundesliga,2024-2025
74,Pavel Kaderábek,24,1568,2,0.7855275487527251,0,1.891483798623085,14,21,6,0,D M S,Hoffenheim,2,0.7855275487527251,5.957333744503558,3.907287089154124,Bundesliga,2024-2025
106,Waldemar Anton,26,1940,2,1.876587314531207,2,1.1188903953880072,19,6,4,0,D S,Borussia Dortmund,2,1.876587314531207,10.76238065958023,9.613812036812304,Bundesliga,2024-2025
125,Maximilian Eggestein,33,2877,2,2.7688491884619,0,1.511209450662136,36,19,4,0,M,Freiburg,2,2.7688491884619,11.366839273832738,8.970980004407465,Bundesliga,2024-2025
171,Michael Gregoritsch,20,602,2,1.9820730350911615,1,0.2638327647000551,16,4,2,0,F S,Freiburg,2,1.9820730350911615,3.5150803942233324,1.6075003519654274,Bundesliga,2024-2025
204,Granit Xhaka,33,2905,2,0.8061828929930925,7,4.030918525531888,21,50,3,0,M,Bayer Leverkusen,2,0.8061828929930925,19.094832016155124,16.296785784885287,Bundesliga,2024-2025
262,Leonardo Bittencourt,27,954,2,1.8689279910176992,1,1.6297570504248142,27,14,3,0,M S,Werder Bremen,2,1.8689279910176992,5.892129752784967,3.599821927025914,Bundesliga,2024-2025
269,Dominik Kohr,28,2321,2,1.8736225431784987,0,0.5377052072435617,13,11,11,1,D M,Mainz 05,2,1.8736225431784987,6.41423811390996,5.736911449581385,Bundesliga,2024-2025
315,Matthias Ginter,32,2549,2,4.017321763560176,1,1.2374000921845436,24,9,5,0,D S,Freiburg,2,4.017321763560176,9.75523894559592,6.826677386648953,Bundesliga,2024-2025
320,Jonas Hofmann,11,354,2,1.092762865126133,1,0.4121622052043676,9,7,1,0,M S,Bayer Leverkusen,2,1.092762865126133,2.569442719221115,1.2131220642477274,Bundesliga,2024-2025
643,Eric Dier,21,1454,2,2.0591224059462547,1,0.1550221797078848,9,3,1,0,D S,Bayern Munich,2,2.0591224059462547,13.936744444072248,13.856435477733612,Bundesliga,2024-2025
2203,Emiliano Buendía,11,254,2,0.9033828303217888,0,1.0546951219439509,7,6,0,0,M S,Bayer Leverkusen,2,0.9033828303217888,2.058793142437935,0.9003096520900726,Bundesliga,2024-2025
2699,Finn Porath,30,1929,2,2.533776681870222,2,2.039390686899424,29,22,3,0,D F M S,Holstein Kiel,2,2.533776681870222,6.645405821502209,2.6454396676272154,Bundesliga,2024-2025
4243,Christian Günter,29,2341,2,1.228508367203176,2,3.1555529991164804,20,28,0,0,D S,Freiburg,2,1.228508367203176,6.491897919215262,4.686019014101476,Bundesliga,2024-2025
5243,Dayotchanculle Upamecano,20,1768,2,1.8763803392648697,0,0.6674704235047102,13,7,6,0,D,Bayern Munich,2,1.8763803392648697,14.85498770698905,14.567031513899565,Bundesliga,2024-2025
5250,Yussuf Poulsen,22,329,2,2.7897273637354374,0,1.045419522561133,14,7,1,0,F M S,RasenBallsport Leipzig,2,2.7897273637354374,5.272889630869031,1.4640625081956389,Bundesliga,2024-2025
5258,László Bénes,23,522,2,1.0959070464596152,1,0.986007533967495,19,18,4,0,F M S,Union Berlin,2,1.0959070464596152,1.4692914932966232,0.6869005393236876,Bundesliga,2024-2025
5270,Gerrit Holtmann,22,1075,2,1.6647159466519952,1,2.617210149765014,27,16,2,0,D F M S,Bochum,2,1.6647159466519952,5.927908807992935,2.304628198966384,Bundesliga,2024-2025
5611,Martin Terrier,15,571,2,2.442089222371578,1,1.2627908363938332,16,8,1,0,F M S,Bayer Leverkusen,2,2.442089222371578,4.382547497749329,1.971374560147524,Bundesliga,2024-2025
6109,Konrad Laimer,29,1700,2,2.626265462487936,2,2.5402991846203804,18,20,8,0,D S,Bayern Munich,2,2.626265462487936,17.9094100818038,14.8556854929775,Bundesliga,2024-2025
6170,André Silva,15,493,2,3.759849816560745,2,1.1069494001567364,22,8,1,0,F S,"RasenBallsport Leipzig,Werder Bremen",0,1.48651984333992,3.7941148430109024,1.4417242109775543,Bundesliga,2024-2025
6348,Jann-Fiete Arp,22,608,2,3.480781491845846,0,0.9195221839472651,21,11,6,1,F S,Holstein Kiel,1,1.9652281366288664,3.7546131182461977,1.478485932573676,Bundesliga,2024-2025
6411,Niklas Dorsch,23,1408,2,1.0962662072852254,2,1.131101816892624,9,13,5,1,M S,"Augsburg,FC Heidenheim",2,1.0962662072852254,3.0800743214786053,1.3530444698408246,Bundesliga,2024-2025
6449,Chris Führich,33,2010,2,3.4481728821992874,3,5.244775582104921,36,33,1,0,D M S,VfB Stuttgart,2,3.4481728821992874,16.97763792797923,11.23559838347137,Bundesliga,2024-2025
6904,Ibrahima Sissoko,32,2639,2,1.427550146356225,1,1.5377441756427288,25,26,9,1,M S,Bochum,2,1.427550146356225,8.396646555513144,6.192057816311717,Bundesliga,2024-2025
7422,Christoph Baumgartner,31,1608,2,5.163317382335663,1,1.768806456588209,39,20,5,0,F M S,RasenBallsport Leipzig,2,5.163317382335663,7.871452065184712,3.339525116607547,Bundesliga,2024-2025
7524,Tuta,30,2281,2,1.848554100841284,1,0.4717372804880142,12,5,8,0,D M S,Eintracht Frankfurt,2,1.848554100841284,9.006036313250661,8.54725087992847,Bundesliga,2024-2025
7612,Nathan N&#039;Goumou Minpol,19,841,2,2.5623942613601685,1,1.1307573225349188,24,6,0,0,M S,Borussia M.Gladbach,2,2.5623942613601685,4.51104448735714,1.171338889747858,Bundesliga,2024-2025
7791,Sebastiaan Bornauw,15,779,2,1.7804388739168644,1,0.7998678088188171,8,1,2,0,D S,Wolfsburg,2,1.7804388739168644,1.1846494562923908,1.10103964433074,Bundesliga,2024-2025
7867,Robert Skov,15,866,2,1.7968645300716162,2,2.9618297405540943,17,19,1,0,D M S,Union Berlin,1,1.0390878673642874,3.0182035099714994,1.3240411318838596,Bundesliga,2024-2025
7877,Robert Andrich,23,1616,2,1.740671368315816,1,0.4994040429592132,21,9,7,0,D M S,Bayer Leverkusen,2,1.740671368315816,8.978159502148628,8.24872002005577,Bundesliga,2024-2025
7940,Denis Vavro,29,2468,2,1.5691240392625332,0,0.1929797548800707,25,8,4,0,D S,Wolfsburg,2,1.5691240392625332,8.006442196667194,7.743786200881004,Bundesliga,2024-2025
7997,Julian Ryerson,29,2301,2,0.8117543049156666,3,5.152861568145454,18,35,4,1,D M S,Borussia Dortmund,2,0.8117543049156666,13.50790622830391,11.14336271584034,Bundesliga,2024-2025
8191,Giovanni Reyna,16,321,2,0.1583574116230011,0,0.4603080227971077,3,2,3,0,M S,Borussia Dortmund,2,0.1583574116230011,1.2083663679659369,0.6903843618929386,Bundesliga,2024-2025
8211,Amine Adli,20,733,2,2.80952712148428,0,0.917626392096281,19,10,3,0,F M S,Bayer Leverkusen,2,2.80952712148428,5.38531244546175,2.3757032565772533,Bundesliga,2024-2025
8294,El Bilal Touré,12,339,2,1.5996956340968609,1,1.221990479156375,14,7,0,0,F S,VfB Stuttgart,2,1.5996956340968609,3.4262010231614117,0.900679936632514,Bundesliga,2024-2025
8456,Nathan Tella,27,1385,2,3.3967102095484734,4,1.3434475176036358,28,18,1,0,D F M S,Bayer Leverkusen,2,3.3967102095484734,6.290043022483587,2.031696029007435,Bundesliga,2024-2025
8814,Carlo Boukhalfa,25,1668,2,2.420892712660134,0,1.8025974249467251,22,11,1,0,F M S,St. Pauli,2,2.420892712660134,6.430872698314488,4.595581805333495,Bundesliga,2024-2025
8826,Rocco Reitz,27,1865,2,1.959852170199156,1,2.19960018992424,23,16,1,0,M S,Borussia M.Gladbach,2,1.959852170199156,9.072347270324826,6.828269526362419,Bundesliga,2024-2025
8878,Atakan Karazor,32,2656,2,2.637512478977442,4,2.457861628383398,15,15,8,1,M S,VfB Stuttgart,2,2.637512478977442,15.256661543622611,13.521607171744108,Bundesliga,2024-2025
9270,Kiliann Sildillia,21,780,2,0.7514637820422649,0,1.0808508545160294,7,6,2,0,D S,Freiburg,2,0.7514637820422649,3.192236214876175,2.1987045630812645,Bundesliga,2024-2025
9350,Armindo Sieb,27,721,2,2.6843516025692225,2,1.592657197266817,29,9,2,0,F M S,Mainz 05,2,2.6843516025692225,5.169475324451923,2.232672449201345,Bundesliga,2024-2025
9718,Jamie Leweling,27,1710,2,2.331845246255398,1,4.925153277814388,29,24,4,0,D M S,VfB Stuttgart,2,2.331845246255398,9.747993640601637,4.5908546801656485,Bundesliga,2024-2025
9911,Piero Hincapié,32,2669,2,3.520486763678491,2,3.105824388563633,22,16,8,0,D S,Bayer Leverkusen,2,3.520486763678491,9.154974464327095,7.814650284126401,Bundesliga,2024-2025
9931,Lovro Majer,9,296,2,1.4159954469650984,1,1.4358294662088156,7,8,1,0,M S,Wolfsburg,1,0.6582187097519636,2.7713141962885857,1.588914230465889,Bundesliga,2024-2025
10830,Jean Négoce,24,921,2,1.783165434375405,3,2.161955703049898,10,17,3,0,M S,Eintracht Frankfurt,2,1.783165434375405,6.341303326189518,3.456062637269497,Bundesliga,2024-2025
10986,Kim Min-Jae,27,2307,2,2.057914473116398,0,0.2642551548779011,7,6,2,0,D,Bayern Munich,2,2.057914473116398,18.283761721104383,18.164988350123167,Bundesliga,2024-2025
11314,Keke Maximilian Topp,19,211,2,1.0255268886685371,2,2.323020476847887,7,10,1,0,F S,Werder Bremen,2,1.0255268886685371,3.6001669205725197,0.8607565239071846,Bundesliga,2024-2025
11604,Mert Kömür,20,624,2,1.2769564669579268,1,1.6666105622425675,13,13,1,0,M S,Augsburg,2,1.2769564669579268,1.704361530020833,0.2651289878413081,Bundesliga,2024-2025
11846,Tomás Cvancara,28,787,2,4.362291850149632,0,0.7786419615149498,24,6,3,1,F M S,Borussia M.Gladbach,2,4.362291850149632,5.480261135846376,1.0503884851932526,Bundesliga,2024-2025
11849,Maximilian Breunig,13,322,2,3.002769211307168,0,0.1914702635258436,11,4,0,0,F S,FC Heidenheim,1,2.244992533698678,2.735860446467996,0.3419247008860111,Bundesliga,2024-2025
11866,Álex Grimaldo,32,2659,2,3.139213948510587,7,8.451544346287847,44,74,4,1,D M S,Bayer Leverkusen,2,3.139213948510587,13.696474827826025,8.669026328250766,Bundesliga,2024-2025
12069,Junior Adamu,25,1579,2,6.322013634257019,2,2.053700706921518,37,17,5,1,F S,Freiburg,2,6.322013634257019,8.28467621654272,0.9772418979555368,Bundesliga,2024-2025
12920,Leopold Querfeld,27,1725,2,1.1735255559906363,2,1.2863922994583843,16,10,7,0,D S,Union Berlin,2,1.1735255559906363,2.1833029007539158,1.5961796352639794,Bundesliga,2024-2025
12939,Lasse Rosenboom,25,1696,2,2.527016533538699,2,1.2265555588528514,11,14,3,0,D M S,Holstein Kiel,2,2.527016533538699,6.791664517484605,3.046963484026492,Bundesliga,2024-2025
12981,Manolis Saliakas,30,2339,2,1.4435952631756663,1,2.733168365433812,29,26,4,0,D M S,St. Pauli,2,1.4435952631756663,8.117746539413929,5.545812098309398,Bundesliga,2024-2025
12983,Danel Sinani,26,1254,2,1.9044134840369225,1,3.201399885118008,35,24,3,0,F M S,St. Pauli,2,1.9044134840369225,5.472688834182918,3.217567342333496,Bundesliga,2024-2025
12987,Luca Kerber,23,757,2,1.1627484848722816,0,0.8404353633522987,7,6,4,0,M S,FC Heidenheim,2,1.1627484848722816,2.5061813443899155,0.9628312960267068,Bundesliga,2024-2025
13018,Dani de Wit,27,1131,2,2.9426726028323174,1,0.4057057108730078,20,9,1,0,F M S,Bochum,2,2.9426726028323174,4.026078104972839,1.7941139079630375,Bundesliga,2024-2025
13093,Derrick Köhn,27,1341,2,1.037180721759796,2,1.9997920859605076,13,17,2,0,D M S,Werder Bremen,2,1.037180721759796,6.99837414175272,4.82307169213891,Bundesliga,2024-2025
13102,Johan Manzambi,11,332,2,1.9394828099757435,1,0.3676939085125923,11,3,2,0,M S,Freiburg,2,1.9394828099757435,2.950437899678945,0.7735037058591843,Bundesliga,2024-2025
13323,Budu Zivzivadze,15,947,2,1.8620241470634935,2,2.291006725281477,22,13,0,0,F S,FC Heidenheim,2,1.8620241470634935,4.867508262395859,1.6242151632905006,Bundesliga,2024-2025
13461,Giorgos Masouras,13,986,2,4.799098733812571,0,1.1169241517782211,27,7,1,0,F S,Bochum,2,4.799098733812571,7.32676961645484,1.6001515593379736,Bundesliga,2024-2025
133,Kevin Vogt,18,1381,1,0.75777667760849,0,0.0446771997958421,1,2,6,0,D S,Union Berlin,0,0.0,3.764570463448763,3.719893265515566,Bundesliga,2024-2025
140,Yannick Gerhardt,29,1494,1,1.4532910119742155,1,0.9091332638636233,14,5,5,1,D M S,Wolfsburg,1,1.4532910119742155,6.618672305718064,5.830893058329821,Bundesliga,2024-2025
188,Kevin Kampl,26,1598,1,0.8466038163751364,0,1.485494876280427,7,15,5,0,M S,RasenBallsport Leipzig,1,0.8466038163751364,8.709301918745041,8.061680361628532,Bundesliga,2024-2025
205,Mahmoud Dahoud,9,353,1,0.7417247332632542,1,0.7501890975981951,7,8,2,0,M S,Eintracht Frankfurt,1,0.7417247332632542,3.2389635890722275,2.9234367683529854,Bundesliga,2024-2025
212,Nico Elvedi,25,2141,1,1.8375461101531985,1,0.2373782098293304,12,4,1,0,D,Borussia M.Gladbach,1,1.8375461101531985,6.504913438111544,6.397165346890688,Bundesliga,2024-2025
224,Thomas Müller,30,1205,1,4.421979056671262,4,4.09389933757484,30,35,3,0,F M S,Bayern Munich,1,4.421979056671262,13.633560847491026,7.82218885794282,Bundesliga,2024-2025
419,Maximilian Mittelstädt,31,2491,1,1.0721671869978309,7,5.543677728623152,21,46,5,0,D S,VfB Stuttgart,1,1.0721671869978309,17.572674959897995,15.34994976595044,Bundesliga,2024-2025
855,Cristian Gamboa,12,198,1,0.3206220706924796,0,0.2358151003718376,4,3,1,0,M S,Bochum,1,0.3206220706924796,1.1285209581255913,0.5833059623837471,Bundesliga,2024-2025
2611,Philipp Lienhart,32,2780,1,0.9363047620281576,0,0.6041158917360008,8,6,5,0,D S,Freiburg,1,0.9363047620281576,10.226965971291063,9.211888525635004,Bundesliga,2024-2025
2663,Felix Passlack,30,2286,1,1.1471417490392923,5,3.757785826921463,22,24,4,0,D M S,Bochum,1,1.1471417490392923,7.7228672206401825,4.872329683974385,Bundesliga,2024-2025
2665,Jeffrey Gouweleeuw,33,2950,1,1.7506763683632016,4,2.641270950436592,18,13,9,0,D,Augsburg,1,0.9928996907547116,7.547286327928305,6.413223074749112,Bundesliga,2024-2025
2693,Marius Wolf,32,2201,1,0.7761038243770599,3,3.165601091459393,12,44,2,0,D M S,Augsburg,1,0.7761038243770599,5.200451772660017,3.870687685906887,Bundesliga,2024-2025
3347,Ellyes Skhiri,30,2245,1,1.5609660241752863,1,1.980588203296065,13,21,6,0,M S,Eintracht Frankfurt,1,1.5609660241752863,15.424042753875256,14.27434642612934,Bundesliga,2024-2025
3349,Ramy Bensebaini,31,2030,1,1.4501842698082328,6,3.950700536370277,20,15,6,0,D M S,Borussia Dortmund,1,1.4501842698082328,15.718302631750705,12.62585210427642,Bundesliga,2024-2025
3800,Steve Mounie,16,299,1,3.968957144767046,0,0.0555006191134452,21,2,2,0,M S,Augsburg,1,3.968957144767046,4.06906108558178,0.3826819453388452,Bundesliga,2024-2025
5248,Marcel Sabitzer,26,1615,1,2.2293640561401844,0,1.5033905114978552,21,11,3,0,M S,Borussia Dortmund,1,2.2293640561401844,11.464248105883598,8.460188139230013,Bundesliga,2024-2025
5251,Rani Khedira,32,2737,1,1.349864898249507,1,1.164187591522932,14,12,7,0,M S,Union Berlin,1,1.349864898249507,5.2213902566581964,3.95057432539761,Bundesliga,2024-2025
5358,Lukas Klostermann,28,1832,1,0.4720908403396606,0,0.0794194061309099,4,2,5,0,D S,RasenBallsport Leipzig,1,0.4720908403396606,3.890428561717272,3.735141519457102,Bundesliga,2024-2025
5659,Nordi Mukiele,15,889,1,1.454731559380889,0,1.2510683620348573,7,9,4,0,D S,Bayer Leverkusen,1,1.454731559380889,4.161717852577567,4.021595353260636,Bundesliga,2024-2025
6380,Anthony Caci,33,2767,1,3.659547857940197,7,5.763529303483665,32,49,6,0,D M,Mainz 05,1,3.659547857940197,16.445022966712713,9.478123030625284,Bundesliga,2024-2025
6445,Elvis Rexhbecaj,27,1807,1,1.5866161594167352,1,1.1454962734133003,29,16,8,0,M S,Augsburg,1,1.5866161594167352,6.0185795752331614,4.521676512435079,Bundesliga,2024-2025
6626,Joshua Vagnoman,26,1828,1,1.6710744313895702,1,2.32663943618536,15,22,4,0,D M S,VfB Stuttgart,1,1.6710744313895702,9.857273247092962,6.737412739545107,Bundesliga,2024-2025
7040,Patrick Erras,10,838,1,0.8299225848168135,0,0.1344274310395121,8,3,2,0,D,Holstein Kiel,1,0.8299225848168135,1.5495971492491665,1.4027598309330642,Bundesliga,2024-2025
7106,Philipp Mwene,32,2663,1,2.102614933624864,4,2.5596299320459366,21,22,7,0,D M,Mainz 05,1,2.102614933624864,11.225126663222907,7.020457083359361,Bundesliga,2024-2025
7345,Alphonso Davies,19,1563,1,1.8767102975398304,2,1.8741600718349216,17,27,0,0,D S,Bayern Munich,1,1.8767102975398304,14.86158774420619,11.854159470647572,Bundesliga,2024-2025
7410,Andras Schafer,26,1540,1,0.6617573574185371,1,1.2446431815624237,12,9,3,0,M S,Union Berlin,1,0.6617573574185371,3.4801805214956403,1.9088122537359595,Bundesliga,2024-2025
7742,Valentin Gendrey,22,1414,1,1.3450058652088046,1,1.508913578465581,10,17,1,0,D M S,Hoffenheim,1,1.3450058652088046,5.801661241799593,4.248115473426879,Bundesliga,2024-2025
7831,Stefan Lainer,21,720,1,0.5535152684897184,0,0.7025620490312576,4,9,2,0,D S,Borussia M.Gladbach,1,0.5535152684897184,2.882321199402213,1.7727866303175688,Bundesliga,2024-2025
7934,Andreas Skov Olsen,12,526,1,0.8644867595285177,1,2.5118116699159145,7,18,0,0,D F M S,Wolfsburg,1,0.8644867595285177,3.366842344403267,1.5164300370961428,Bundesliga,2024-2025
8325,Exequiel Palacios,24,1134,1,1.3166885189712048,6,2.3877435363829136,13,28,2,0,M S,Bayer Leverkusen,1,1.3166885189712048,7.412650372833013,4.945953451097012,Bundesliga,2024-2025
8643,Chrislain Matsima,30,2554,1,2.015692732296884,1,0.4893283359706402,14,5,4,0,D S,Augsburg,1,2.015692732296884,6.323857476934791,5.048382254317403,Bundesliga,2024-2025
9242,Max Geschwill,19,1280,1,1.0482556112110617,2,1.0478054778650403,9,11,3,0,D M S,Holstein Kiel,1,1.0482556112110617,2.258733464870602,1.999415363650769,Bundesliga,2024-2025
9356,Carney Chukwuemeka,10,231,1,0.8316291533410549,0,0.6901883706450462,8,7,1,0,M S,Borussia Dortmund,1,0.8316291533410549,4.0000030770897865,2.8219908848404884,Bundesliga,2024-2025
9703,Maxim Leitsch,14,643,1,1.1409423695877194,0,0.1208632178604602,5,2,2,0,D S,Mainz 05,1,1.1409423695877194,1.433543872088194,0.9806566014885902,Bundesliga,2024-2025
9709,Erhan Masovic,15,894,1,0.8710909560322762,1,0.5909091420471668,7,3,2,0,D M S,Bochum,1,0.8710909560322762,2.060800328850746,1.9151384383440015,Bundesliga,2024-2025
9711,Patrick Osterhage,30,2297,1,1.7293015737086537,0,2.2099559139460325,21,17,4,1,M S,Freiburg,1,1.7293015737086537,10.987612433731556,7.910030540078878,Bundesliga,2024-2025
9712,Kevin Behrens,18,123,1,2.0381569489836693,0,0.1441530250012874,8,2,2,0,S,Wolfsburg,1,2.0381569489836693,2.8833060897886758,0.7598720453679562,Bundesliga,2024-2025
9715,Hiroki Ito,6,255,1,0.1366585493087768,0,0.592143252491951,1,3,1,0,D S,Bayern Munich,1,0.1366585493087768,2.6330008897930384,2.040857682004571,Bundesliga,2024-2025
9724,David Raum,22,1797,1,0.7967910505831242,5,6.467654440551996,9,48,4,0,D M S,RasenBallsport Leipzig,1,0.7967910505831242,9.72035357542336,5.830390091985464,Bundesliga,2024-2025
9725,Angelo Stiller,32,2746,1,2.0366965932771564,8,7.884617529809475,20,57,6,0,D M S,VfB Stuttgart,1,2.0366965932771564,20.341689500957727,15.394947450608017,Bundesliga,2024-2025
9732,Noah Weißhaupt,22,1246,1,2.1425918731838465,0,1.9687555506825447,19,18,0,0,F M S,"Freiburg,St. Pauli",1,2.1425918731838465,4.368012815713882,1.434202004224062,Bundesliga,2024-2025
9745,Dimitris Giannoulis,31,2664,1,1.8126734774559736,4,5.503238350152969,13,43,8,0,D M,Augsburg,1,1.8126734774559736,11.6018926538527,6.999567776918411,Bundesliga,2024-2025
9910,Anton Stach,30,2593,1,2.1430076980032027,2,2.560371373780072,35,27,8,0,D M S,Hoffenheim,1,2.1430076980032027,12.809256525710223,10.120860667899253,Bundesliga,2024-2025
10724,Diogo Leite,30,2545,1,1.8135780673474076,2,1.5577390175312755,18,14,3,0,D S,Union Berlin,1,1.8135780673474076,4.588494240306318,4.142583115957677,Bundesliga,2024-2025
10725,Danilho Doekhi,34,3060,1,3.0633004140108824,0,1.9867287343367932,31,12,4,0,D,Union Berlin,1,3.0633004140108824,5.202799412421882,3.052881366573274,Bundesliga,2024-2025
10789,Anthony Rouault,18,1223,1,0.3848630059510469,0,0.2562181651592254,5,5,1,0,D S,VfB Stuttgart,1,0.3848630059510469,5.836662899702787,5.68607796356082,Bundesliga,2024-2025
10792,Farès Chaïbi,26,993,1,3.02254181355238,3,2.600599684752524,25,24,2,0,D M S,Eintracht Frankfurt,1,3.02254181355238,10.668474096804855,6.37330824136734,Bundesliga,2024-2025
11031,Kilian Fischer,32,2337,1,0.3048850502818823,0,0.5165639873594046,6,12,7,0,D S,Wolfsburg,1,0.3048850502818823,5.465556034818292,5.066874543204904,Bundesliga,2024-2025
11073,Fabio Chiarodia,16,364,1,0.4547141566872597,0,0.3711296916007995,4,1,0,0,D S,Borussia M.Gladbach,1,0.4547141566872597,1.9859834536910057,1.614853762090206,Bundesliga,2024-2025
11092,Mërgim Berisha,13,353,1,1.443163190037012,1,1.2332775294780731,14,3,2,0,F S,"Augsburg,Hoffenheim",1,1.443163190037012,2.69046850502491,0.6118183359503746,Bundesliga,2024-2025
11236,Aljoscha Kemlein,15,937,1,1.1507091633975506,0,0.8132021389901638,11,10,3,0,M S,Union Berlin,1,1.1507091633975506,3.812397550791502,2.0459428429603577,Bundesliga,2024-2025
11309,Andreas Hanche-Olsen,22,1260,1,0.8521471414715052,1,0.4392244853079319,11,3,2,1,D S,Mainz 05,1,0.8521471414715052,2.497096419334412,1.91892034560442,Bundesliga,2024-2025
11319,Justin Diehl,6,83,1,0.8649402894079685,0,0.119648702442646,7,1,0,0,S,VfB Stuttgart,1,0.8649402894079685,1.1548970267176628,0.1703079938888549,Bundesliga,2024-2025
11336,Moritz Broschinski,32,1342,1,4.342191630974412,3,2.26239719055593,37,11,1,0,F M S,Bochum,1,4.342191630974412,8.05997022241354,1.6537080090492964,Bundesliga,2024-2025
11547,Aleksandar Pavlovic,21,1468,1,0.6988183669745922,0,0.249738996848464,9,7,2,0,M S,Bayern Munich,1,0.6988183669745922,13.761382356286047,13.515540704131126,Bundesliga,2024-2025
11749,Siebe Van der Heyden,13,881,1,1.2505954056978226,0,0.0370820090174675,3,2,2,1,D S,St. Pauli,1,1.2505954056978226,1.7203670255839825,1.7009914629161358,Bundesliga,2024-2025
11838,Frans Krätzig,17,1306,1,1.0113870231434705,2,1.6893468517810106,9,26,1,0,D M S,"FC Heidenheim,VfB Stuttgart",1,1.0113870231434705,3.21835320815444,1.7027722410857675,Bundesliga,2024-2025
11842,Lukas Daschner,14,393,1,3.0358031559735537,1,1.2736287526786327,9,6,0,0,M S,Bochum,1,2.278026418760419,4.164898052811623,1.2878952492028477,Bundesliga,2024-2025
11853,Patrick Mainka,34,3060,1,2.315811117179692,0,0.6790747931227088,25,7,3,0,D,FC Heidenheim,1,2.315811117179692,4.503965882584453,4.334571026265621,Bundesliga,2024-2025
11975,Leonidas Stergiou,12,866,1,0.8773484081029892,2,0.6330368714407086,4,4,0,1,D S,VfB Stuttgart,1,0.8773484081029892,4.860380470752716,3.941569127142429,Bundesliga,2024-2025
11991,Lukas Ullrich,26,1949,1,1.2157446863129735,2,1.7085003964602947,8,8,4,0,D S,Borussia M.Gladbach,1,1.2157446863129735,5.3729419857263565,4.036795541644096,Bundesliga,2024-2025
12038,Fabian Rieder,21,855,1,1.4751421865075829,3,2.142737478017807,20,12,1,0,M S,VfB Stuttgart,1,1.4751421865075829,6.1427635587751865,3.629049882292748,Bundesliga,2024-2025
12360,Julián Malatini,10,451,1,0.3170763403177261,1,0.2834270484745502,3,2,1,0,D S,Werder Bremen,1,0.3170763403177261,1.85516769438982,1.5717406421899796,Bundesliga,2024-2025
12373,Shio Fukuda,6,41,1,0.3086897358298301,0,0.0,3,0,0,0,S,Borussia M.Gladbach,1,0.3086897358298301,0.3698602840304374,0.0611705482006073,Bundesliga,2024-2025
12424,Yorbe Vertessen,17,713,1,1.427236683666706,0,1.9219457749277356,27,15,2,0,F M S,Union Berlin,1,1.427236683666706,3.096983138471842,1.279122594743967,Bundesliga,2024-2025
12430,Nnamdi Collins,24,1483,1,1.088654726743698,1,0.9670564010739326,5,2,4,0,D S,Eintracht Frankfurt,1,1.088654726743698,6.908555801957846,6.240201342850924,Bundesliga,2024-2025
12626,Max Rosenfelder,25,1236,1,0.3297978863120079,0,1.4052141569554806,5,6,2,0,D S,Freiburg,1,0.3297978863120079,5.433676760643721,4.622095491737127,Bundesliga,2024-2025
12915,Philipp Sander,27,1397,1,1.2556910952553153,0,0.7185362754389644,18,13,2,0,M S,Borussia M.Gladbach,1,1.2556910952553153,7.633903082460165,6.519067211076617,Bundesliga,2024-2025
12923,Yusuf Kabadayi,5,55,1,0.5747077241539955,0,0.0284573081880807,4,1,0,0,S,Augsburg,1,0.5747077241539955,0.7583714574575424,0.1768133267760276,Bundesliga,2024-2025
12935,Benedikt Pichler,18,751,1,2.162652373313904,2,1.2777384547516704,20,11,1,0,F S,Holstein Kiel,1,2.162652373313904,4.0694943331182,1.8049968853592877,Bundesliga,2024-2025
12938,Andu Kelati,8,276,1,0.6129183657467365,1,0.5438901539891958,6,4,0,1,M S,Holstein Kiel,1,0.6129183657467365,1.9339057132601736,0.8036305010318756,Bundesliga,2024-2025
12944,Jakov Medic,23,1608,1,1.0344128273427486,0,0.1414000671356916,13,3,2,0,D S,Bochum,1,1.0344128273427486,1.4296539649367332,1.1018930319696665,Bundesliga,2024-2025
12952,Oscar Højlund,20,696,1,1.0715759545564651,0,0.9632676243782043,6,6,0,0,M S,Eintracht Frankfurt,1,1.0715759545564651,4.587974041700363,2.675981115549803,Bundesliga,2024-2025
12953,Igor Matanovic,16,275,1,0.807957723736763,0,0.0443547256290912,11,1,0,0,F S,Eintracht Frankfurt,1,0.807957723736763,2.077039336785674,1.5361630078405142,Bundesliga,2024-2025
12965,Bence Dárdai,21,1333,1,1.1589803658425808,1,1.495081041008234,11,11,0,0,M S,Wolfsburg,1,1.1589803658425808,3.533677311614156,1.5043751318007708,Bundesliga,2024-2025
12975,Eric Smith,32,2829,1,1.7202240666374564,1,1.6359744193032384,24,27,7,0,D M,St. Pauli,1,1.7202240666374564,6.848655146546662,6.433330034837127,Bundesliga,2024-2025
12977,Lars Ritzka,21,918,1,0.2573535982519388,0,0.2301499405875802,8,5,1,0,D M S,St. Pauli,1,0.2573535982519388,1.758440488949418,1.3678814256563785,Bundesliga,2024-2025
12988,Sirlord Conteh,29,842,1,1.7346754455938935,1,2.268422743305564,13,14,2,0,F M S,FC Heidenheim,1,1.7346754455938935,5.426970985718072,2.81193482875824,Bundesliga,2024-2025
13008,Andreas Albers,14,40,1,0.6953884139657021,0,0.0627559330314397,3,2,0,0,S,St. Pauli,1,0.6953884139657021,0.7405319102108479,0.0,Bundesliga,2024-2025
13064,Lutsharel Geertruida,24,1554,1,1.2319737458601594,0,0.5369388461112976,8,8,2,0,D S,RasenBallsport Leipzig,1,1.2319737458601594,5.479023423045874,4.789323031902313,Bundesliga,2024-2025
13065,Koji Miyoshi,15,458,1,1.0769440354779365,0,0.5365228019654751,13,5,0,1,F M S,Bochum,1,1.0769440354779365,2.3123103911057115,0.798455186188221,Bundesliga,2024-2025
13101,Arthur Chaves,26,2191,1,1.2545673847198486,0,0.0871454384177923,11,4,8,0,D S,Hoffenheim,1,1.2545673847198486,5.241471809335053,5.125267985276878,Bundesliga,2024-2025
13324,David Zec,17,1462,1,0.5786341531202197,0,0.3314972016960382,8,7,4,0,D,Holstein Kiel,1,0.5786341531202197,5.395797312259674,5.081696808338165,Bundesliga,2024-2025
13424,Daniel Svensson,12,778,1,0.7713542226701975,3,1.298804713413119,6,10,0,0,D M S,Borussia Dortmund,1,0.7713542226701975,4.125608330592513,2.8866437766700983,Bundesliga,2024-2025
13428,Marin Ljubicic,13,251,1,0.4213086869567632,1,0.5501003861427307,2,2,1,0,F S,Union Berlin,1,0.4213086869567632,1.0941104348748922,0.5515302568674088,Bundesliga,2024-2025
40,Stefan Bell,18,1460,0,0.6750276274979115,1,0.9674937445670366,12,5,4,0,D S,Mainz 05,0,0.6750276274979115,4.1671492997556925,2.974885992705822,Bundesliga,2024-2025
73,Oliver Baumann,28,2520,0,0.0,0,0.373891819268465,0,3,1,0,GK,Hoffenheim,0,0.0,4.958701001480222,4.584809148684144,Bundesliga,2024-2025
75,Niklas Süle,15,1071,0,0.4490190055221319,0,0.0748348962515592,9,3,1,0,D S,Borussia Dortmund,0,0.4490190055221319,5.4073261972516775,5.169980091974139,Bundesliga,2024-2025
83,Kevin Volland,4,50,0,0.0,0,0.0910099819302558,0,1,1,0,S,Union Berlin,0,0.0,0.1601099446415901,0.0690999627113342,Bundesliga,2024-2025
116,Florian Grillitsch,8,616,0,0.1840701391920447,0,0.209600661881268,6,5,1,0,D M,Hoffenheim,0,0.1840701391920447,2.962419413030148,2.773977260105312,Bundesliga,2024-2025
126,Michael Zetterer,34,3060,0,0.0,0,0.0,0,0,2,0,GK,Werder Bremen,0,0.0,4.1273373067379,4.1273373067379,Bundesliga,2024-2025
127,Timo Horn,13,1170,0,0.0,0,0.0,0,0,2,0,GK,Bochum,0,0.0,0.2365495096892118,0.2365495096892118,Bundesliga,2024-2025
169,Lewis Holtby,24,1155,0,0.8447289383038878,1,2.0110023748129606,7,20,1,1,M S,Holstein Kiel,0,0.8447289383038878,6.485551903955638,5.228207517415285,Bundesliga,2024-2025
211,Marvin Schulz,12,278,0,0.065550822764635,0,0.3836157452315092,3,3,3,0,D M S,Holstein Kiel,0,0.065550822764635,1.3431706633418798,1.0028056968003511,Bundesliga,2024-2025
214,Tobias Sippel,1,59,0,0.0,0,0.0,0,0,0,0,S,Borussia M.Gladbach,0,0.0,0.0,0.0,Bundesliga,2024-2025
217,Manuel Neuer,22,1980,0,0.0,0,0.2637988328933716,0,1,0,0,GK,Bayern Munich,0,0.0,9.986891658976674,9.723092826083302,Bundesliga,2024-2025
231,Sven Ulreich,1,90,0,0.0,0,0.0,0,0,0,0,GK,Bayern Munich,0,0.0,0.169789433479309,0.169789433479309,Bundesliga,2024-2025
239,Pascal Groß,30,2364,0,3.2006931081414223,9,6.288426307961345,27,54,5,1,D M S,Borussia Dortmund,0,3.2006931081414223,19.634757071733475,13.901075672358274,Bundesliga,2024-2025
249,Danny da Costa,25,2022,0,0.0709243584424257,1,0.7302904175594449,5,10,0,0,D,Mainz 05,0,0.0709243584424257,5.446860525757074,4.76142206043005,Bundesliga,2024-2025
281,Lukas Hradecky,29,2610,0,0.0,0,0.0,0,0,1,0,GK,Bayer Leverkusen,0,0.0,3.997700033709407,3.997700033709407,Bundesliga,2024-2025
326,Pascal Stenzel,10,298,0,0.3691052198410034,0,0.5108424127101898,8,5,0,0,D S,VfB Stuttgart,0,0.3691052198410034,1.4098423421382904,1.0407370831817389,Bundesliga,2024-2025
359,Timothy Chandler,3,15,0,0.0,0,0.0,0,0,0,0,S,Eintracht Frankfurt,0,0.0,0.0,0.0,Bundesliga,2024-2025
370,Marvin Friedrich,22,951,0,0.6226540505886078,1,0.9996218532323836,7,3,0,0,D S,Borussia M.Gladbach,0,0.6226540505886078,1.5706435833126309,1.5375030878931284,Bundesliga,2024-2025
372,Julian Weigl,33,2908,0,0.6710613574832678,2,1.152547612786293,19,12,8,0,M,Borussia M.Gladbach,0,0.6710613574832678,11.702455198392272,10.190631384029984,Bundesliga,2024-2025
418,Niklas Stark,26,2126,0,1.3413271456956863,1,0.1055416613817215,12,1,4,1,D S,Werder Bremen,0,1.3413271456956863,4.811165703460574,4.762159641832113,Bundesliga,2024-2025
435,Benjamin Henrichs,15,933,0,0.4051845697686076,2,2.330516051501036,10,11,3,0,D S,RasenBallsport Leipzig,0,0.4051845697686076,3.140897784382105,2.718977116048336,Bundesliga,2024-2025
449,Robin Zentner,32,2880,0,0.0116955796256661,0,0.1647935397922992,1,3,3,0,GK,Mainz 05,0,0.0116955796256661,3.324330685660243,3.159537145867944,Bundesliga,2024-2025
1139,Silvan Widmer,27,456,0,0.6609293781220913,1,0.3436503168195486,3,2,3,0,D S,Mainz 05,0,0.6609293781220913,2.9280831664800644,1.9561732914298773,Bundesliga,2024-2025
1277,Roland Sallai,2,37,0,0.175414246506989,0,0.0436718240380287,3,1,0,0,S,Freiburg,0,0.175414246506989,0.175414246506989,0.0,Bundesliga,2024-2025
2631,Karim Onisiwo,6,101,0,0.1030287221074104,0,0.3602398335933685,3,1,0,0,M S,Mainz 05,0,0.1030287221074104,0.4862838983535766,0.3959583044052124,Bundesliga,2024-2025
2639,Alexander Nübel,34,3060,0,0.0,1,0.2302871420979499,0,3,0,0,GK,VfB Stuttgart,0,0.0,11.132628194987774,10.902341041713951,Bundesliga,2024-2025
2691,Milos Veljkovic,14,1029,0,0.9244216084480286,1,0.2692924961447716,2,3,1,0,D S,Werder Bremen,0,0.9244216084480286,5.5727716609835625,5.356455586850643,Bundesliga,2024-2025
3286,Kevin Trapp,26,2298,0,0.0,0,0.0,0,0,1,0,GK,Eintracht Frankfurt,0,0.0,2.52313500829041,2.52313500829041,Bundesliga,2024-2025
3339,Jérôme Roussillon,7,120,0,0.0786420237272977,0,0.0,2,0,0,0,D S,Union Berlin,0,0.0786420237272977,0.1560756862163543,0.1008054614067077,Bundesliga,2024-2025
3682,Jordan Siebatcheu,18,905,0,4.464340187609196,1,0.9026430007070304,23,14,2,0,F S,Union Berlin,0,4.464340187609196,3.3882756140083075,0.6213688850402832,Bundesliga,2024-2025
3743,Lucas Tousart,15,553,0,0.3679580669850111,1,0.7085067741572857,9,3,2,0,M S,Union Berlin,0,0.3679580669850111,1.352454800158739,0.3966208547353744,Bundesliga,2024-2025
3918,Ivan Prtajin,5,151,0,1.1783978072926402,0,0.0537815019488334,8,1,0,0,F S,Union Berlin,0,1.1783978072926402,1.2372317984700203,0.057400831952691,Bundesliga,2024-2025
4247,Maximilian Philipp,2,13,0,0.0238216817378997,0,0.0,1,0,0,0,S,Freiburg,0,0.0238216817378997,0.0238216817378997,0.0,Bundesliga,2024-2025
4250,Nicolas Höfler,20,754,0,0.4089398439973593,0,0.0683389194309711,4,3,3,0,M S,Freiburg,0,0.4089398439973593,3.0780349439010024,2.993869721889496,Bundesliga,2024-2025
4271,Janik Haberer,28,1723,0,0.579868745058775,0,0.9658870846033096,15,7,1,0,D M S,Union Berlin,0,0.579868745058775,3.881269328296185,3.2138795107603078,Bundesliga,2024-2025
4306,Patrick Drewes,20,1800,0,0.0,0,0.0,0,0,2,0,GK,Bochum,0,0.0,1.7322410512715578,1.7322410512715578,Bundesliga,2024-2025
4312,Marnon Busch,23,1402,0,0.3568432293832302,1,0.9347950499504804,13,11,1,0,D M S,FC Heidenheim,0,0.3568432293832302,4.377666752785444,3.589123450219631,Bundesliga,2024-2025
4340,Grischa Prömel,2,177,0,0.0,0,0.0,0,0,0,0,M,Hoffenheim,0,0.0,1.2591561898589134,1.2591561898589134,Bundesliga,2024-2025
5217,Anthony Jung,28,1890,0,0.0232361778616905,0,0.1124214623123407,1,2,1,0,D S,Werder Bremen,0,0.0232361778616905,6.208588877692819,6.163195053115487,Bundesliga,2024-2025
5235,Aymen Barkok,4,65,0,0.0,0,0.0507688336074352,0,1,0,0,S,Mainz 05,0,0.0,0.0507688336074352,0.0,Bundesliga,2024-2025
5241,Péter Gulácsi,30,2635,0,0.0,0,0.0,0,0,0,0,GK,RasenBallsport Leipzig,0,0.0,2.389899790287018,2.389899790287018,Bundesliga,2024-2025
5245,Bernardo,20,1689,0,0.3816599696874618,0,0.296815812587738,6,4,5,0,D S,Bochum,0,0.3816599696874618,2.9829296581447124,2.4946550503373146,Bundesliga,2024-2025
5262,Alexander Schwolow,6,540,0,0.0,0,0.0,0,0,0,0,GK,Union Berlin,0,0.0,0.076565034687519,0.076565034687519,Bundesliga,2024-2025
5285,Marius Müller,6,471,0,0.0,0,0.0,0,0,0,0,GK S,Wolfsburg,0,0.0,0.3266148399561643,0.3266148399561643,Bundesliga,2024-2025
5288,Gregor Kobel,32,2880,0,0.0,0,0.0159477367997169,0,1,1,0,GK,Borussia Dortmund,0,0.0,5.608352277427912,5.592404540628195,Bundesliga,2024-2025
5294,Salih Özcan,22,697,0,0.2836851240135729,0,0.9563110340386628,6,10,0,0,M S,"Borussia Dortmund,Wolfsburg",0,0.2836851240135729,3.969199223909527,3.699394006282091,Bundesliga,2024-2025
5298,Arne Maier,28,894,0,1.161029061302543,0,1.7768127704039216,18,22,0,1,M S,Augsburg,0,1.161029061302543,3.862046368420124,2.7504778215661645,Bundesliga,2024-2025
5328,Florian Müller,9,749,0,0.0,0,0.0,0,0,0,0,GK S,Freiburg,0,0.0,1.2119324207305908,1.2119324207305908,Bundesliga,2024-2025
5340,Marco Friedl,26,2174,0,0.6404807511717081,0,0.2139342464506626,4,3,9,2,D S,Werder Bremen,0,0.6404807511717081,6.594071260653436,6.437075666151941,Bundesliga,2024-2025
5344,Hauke Wahl,33,2970,0,1.120411867275834,0,0.5894053112715483,11,9,1,0,D,St. Pauli,0,1.120411867275834,5.961080563254654,5.807068501599133,Bundesliga,2024-2025
5347,Jonas Föhrenbach,27,1826,0,0.3573669847100973,1,0.7717274213209748,8,14,3,0,D M S,FC Heidenheim,0,0.3573669847100973,2.742827208712697,1.9260040409862995,Bundesliga,2024-2025
5684,Arnaud Nordin,6,61,0,0.0278047807514667,0,0.2407453190535307,1,3,0,0,S,Mainz 05,0,0.0278047807514667,0.323957372456789,0.1898436099290847,Bundesliga,2024-2025
6081,Dennis Geiger,20,711,0,0.1840752027928829,0,0.6193569414317608,5,11,4,0,M S,Hoffenheim,0,0.1840752027928829,2.4885332137346268,1.987090083770454,Bundesliga,2024-2025
6103,Dan-Axel Zagadou,2,22,0,0.0,0,0.0,0,0,1,0,S,VfB Stuttgart,0,0.0,0.0,0.0,Bundesliga,2024-2025
6136,Mario Hermoso,4,288,0,0.2317601852118969,0,0.0898565053939819,4,1,0,0,D S,Bayer Leverkusen,0,0.2317601852118969,1.5697592496871948,1.4799027740955353,Bundesliga,2024-2025
6155,Robin Gosens,1,90,0,0.0238371808081865,0,0.0,1,0,1,0,D,Union Berlin,0,0.0238371808081865,0.097538448870182,0.0737012699246406,Bundesliga,2024-2025
6271,Ihlas Bebou,1,7,0,0.0,0,0.0,0,0,0,0,S,Hoffenheim,0,0.0,0.0144819505512714,0.0144819505512714,Bundesliga,2024-2025
6290,Alexander Meyer,2,180,0,0.0,0,0.088520348072052,0,1,0,0,GK,Borussia Dortmund,0,0.0,0.088520348072052,0.0,Bundesliga,2024-2025
6321,Moritz Nicolas,19,1639,0,0.0,0,0.0,0,0,0,0,GK,Borussia M.Gladbach,0,0.0,3.522726606577635,3.522726606577635,Bundesliga,2024-2025
6327,Kevin Akpoguma,32,2207,0,0.1071487292647361,0,0.5916964765638113,5,8,3,0,D S,Hoffenheim,0,0.1071487292647361,5.370522538200021,4.812750459648669,Bundesliga,2024-2025
6415,Nikolas Nartey,1,20,0,0.0,0,0.0,0,0,0,0,S,VfB Stuttgart,0,0.0,0.6144895553588867,0.6144895553588867,Bundesliga,2024-2025
6436,Stanley N&#039;Soki,22,1314,0,0.3024498168379068,0,0.2699040155857801,3,7,3,1,D S,Hoffenheim,0,0.3024498168379068,3.134980568662286,3.043854558840394,Bundesliga,2024-2025
6596,Finn Dahmen,19,1710,0,0.0,0,0.0,0,0,0,0,GK,Augsburg,0,0.0,2.074063473381102,2.074063473381102,Bundesliga,2024-2025
7048,Frederik Rönnow,28,2520,0,0.1273142397403717,0,0.0,1,0,2,0,GK,Union Berlin,0,0.1273142397403717,1.9204023405909536,1.9204023405909536,Bundesliga,2024-2025
7065,Florian Neuhaus,18,335,0,0.5376568976789713,1,0.6716734915971756,9,6,1,0,M S,Borussia M.Gladbach,0,0.5376568976789713,2.2969058882445097,1.6781606432050469,Bundesliga,2024-2025
7164,Florent Muslija,9,143,0,0.2235105335712433,0,0.6100863814353943,3,3,0,0,S,Freiburg,0,0.2235105335712433,1.0303145237267015,0.2607209533452987,Bundesliga,2024-2025
7197,Fredrik Jensen,20,753,0,0.8585721682757139,0,0.7730063246563077,11,11,0,0,M S,Augsburg,0,0.8585721682757139,1.7357341358438134,0.3646342735737562,Bundesliga,2024-2025
7320,Amos Pieper,23,1500,0,0.6369104459881783,0,0.3163368552923202,7,4,3,0,D S,Werder Bremen,0,0.6369104459881783,3.343800563365221,3.0488044656813145,Bundesliga,2024-2025
7485,Nico Schlotterbeck,23,1984,0,1.8403304610401392,4,1.8254380747675896,16,18,5,2,D,Borussia Dortmund,0,1.8403304610401392,12.77948224171996,11.889226108789444,Bundesliga,2024-2025
7501,Amadou Haidara,28,1321,0,1.6384502304717898,1,0.928176186978817,18,5,7,0,M S,RasenBallsport Leipzig,0,1.6384502304717898,6.831356715410948,5.516967276111245,Bundesliga,2024-2025
7511,Sacha Boey,13,591,0,0.1607282981276512,2,1.2694266606122255,3,3,1,0,D S,Bayern Munich,0,0.1607282981276512,4.779234483838081,4.618506237864494,Bundesliga,2024-2025
7551,Mohamed Simakan,1,58,0,0.0,0,0.1261313706636428,0,3,0,0,D,RasenBallsport Leipzig,0,0.0,0.0590156428515911,0.0,Bundesliga,2024-2025
7562,Eric Junior Dina Ebimbe,7,298,0,0.8198971599340439,1,1.007884681224823,8,2,0,0,M S,Eintracht Frankfurt,0,0.8198971599340439,1.8984323032200336,0.6959547400474548,Bundesliga,2024-2025
7632,Ivan Ordets,21,1786,0,0.5389353558421135,0,0.3113795258104801,10,6,6,0,D S,Bochum,0,0.5389353558421135,3.063186014071107,2.984922545030713,Bundesliga,2024-2025
7783,Xaver Schlager,4,181,0,0.0509397462010383,0,0.4579550623893738,1,1,1,0,M S,RasenBallsport Leipzig,0,0.0509397462010383,1.0786748602986336,0.5697800517082214,Bundesliga,2024-2025
7809,Mads Pedersen,7,230,0,0.09810471534729,0,0.0,2,0,0,0,D S,Augsburg,0,0.09810471534729,0.396162886172533,0.396162886172533,Bundesliga,2024-2025
7810,Ruben Vargas,8,288,0,0.7717711664736271,0,0.6732491254806519,9,6,3,0,M S,Augsburg,0,0.7717711664736271,1.226028148084879,0.3455165773630142,Bundesliga,2024-2025
7868,Diadie Samassékou,8,298,0,0.0558178666979074,0,0.0,3,0,0,0,M S,Hoffenheim,0,0.0558178666979074,0.719230005517602,0.7018279228359461,Bundesliga,2024-2025
7875,Christopher Trimmel,26,1753,0,0.2142976783215999,3,2.457096786238253,9,35,4,0,D M S,Union Berlin,0,0.2142976783215999,2.9533445546403527,2.432303099893033,Bundesliga,2024-2025
7912,Eljif Elmas,2,37,0,0.0592064037919044,0,0.0,1,0,1,0,S,RasenBallsport Leipzig,0,0.0592064037919044,0.0592064037919044,0.0592064037919044,Bundesliga,2024-2025
8092,Tom Krauß,13,1003,0,0.3642132692039013,0,0.8930504964664578,11,12,2,0,M S,Bochum,0,0.3642132692039013,3.5684762112796307,2.6481395289301872,Bundesliga,2024-2025
8109,Niels Nkounkou,12,371,0,0.4677810948342085,0,1.2774152494966984,4,9,1,0,D M S,Eintracht Frankfurt,0,0.4677810948342085,2.973861999809742,1.4079697281122208,Bundesliga,2024-2025
8116,Ayman Azhil,1,19,0,0.0,0,0.0,0,0,1,0,S,Borussia Dortmund,0,0.0,0.0,0.0,Bundesliga,2024-2025
8148,Timo Becker,29,2370,0,1.368520430289209,2,1.3467865586280825,17,6,2,0,D M S,Holstein Kiel,0,1.368520430289209,6.963066864293069,5.533045881893486,Bundesliga,2024-2025
8206,Yannik Keitel,11,251,0,0.6678604111075401,0,0.0496810749173164,5,1,1,0,M S,VfB Stuttgart,0,0.6678604111075401,2.485224075615406,2.341953434050083,Bundesliga,2024-2025
8317,Edmond Tapsoba,29,2522,0,0.9512282647192478,0,0.1556804906576872,21,4,4,0,D,Bayer Leverkusen,0,0.9512282647192478,9.332944409921764,8.933821065351367,Bundesliga,2024-2025
8401,Luca Netz,24,928,0,0.1908367443829774,2,1.3906789356842637,3,16,2,0,D S,Borussia M.Gladbach,0,0.1908367443829774,4.518790255300701,3.879877556115389,Bundesliga,2024-2025
8678,Jonas Omlin,12,982,0,0.0,0,0.0,0,0,0,1,GK S,Borussia M.Gladbach,0,0.0,2.2486139982938766,2.2486139982938766,Bundesliga,2024-2025
8803,Robert Gumny,7,267,0,0.2829975262284279,0,0.2456958964467048,4,3,2,0,D S,Augsburg,0,0.2829975262284279,0.6088505201041698,0.2985859364271164,Bundesliga,2024-2025
8854,Tim Siersleben,16,1181,0,0.5835042558610439,0,0.5471864566206932,4,6,4,0,D S,FC Heidenheim,0,0.5835042558610439,2.612182638607919,2.4144959514960647,Bundesliga,2024-2025
9070,Luca Philipp,6,540,0,0.0,0,0.0,0,0,0,0,GK,Hoffenheim,0,0.0,0.1524892058223486,0.1524892058223486,Bundesliga,2024-2025
9182,Sepe Elye Wahi,8,175,0,1.2418805435299871,0,0.1021892577409744,9,1,1,0,F S,Eintracht Frankfurt,0,1.2418805435299871,1.3440698012709618,0.0,Bundesliga,2024-2025
9201,Eren Sami Dinkci,23,1189,0,1.0719840787351131,3,2.447374604642391,14,23,1,0,M S,Freiburg,0,1.0719840787351131,6.607374615967274,3.55103687569499,Bundesliga,2024-2025
9458,Josip Stanisic,14,864,0,0.4346799105405807,2,1.5586129985749722,2,14,0,0,D S,Bayern Munich,0,0.4346799105405807,7.743158828467131,6.437034394592047,Bundesliga,2024-2025
9511,Castello Lukeba,23,1574,0,0.6501261983066797,0,0.1894181314855814,4,4,3,0,D S,RasenBallsport Leipzig,0,0.6501261983066797,6.741629220545292,6.070797273889184,Bundesliga,2024-2025
9619,Issa Kabore,9,300,0,0.4616494923830032,1,1.2211057189852,7,7,0,0,D S,Werder Bremen,0,0.4616494923830032,1.717530369758606,0.7496853247284889,Bundesliga,2024-2025
9629,El Chadaille Bitshiabu,21,1125,0,0.2994107417762279,0,0.2835954241454601,5,5,2,1,D S,RasenBallsport Leipzig,0,0.2994107417762279,3.2514192443341017,3.1303545143455267,Bundesliga,2024-2025
9674,Joe Scally,32,2605,0,0.2653661556541919,0,1.484907627105713,6,11,6,0,D S,Borussia M.Gladbach,0,0.2653661556541919,10.68981758505106,9.582948433235288,Bundesliga,2024-2025
9681,Frank Onyeka,31,2627,0,1.68868612870574,1,1.5073444563895464,24,19,8,0,M S,Augsburg,0,1.68868612870574,8.303025526925921,5.712598657235503,Bundesliga,2024-2025
9685,Mads Roerslev,7,281,0,0.0,0,0.0702850744128227,0,1,0,0,D S,Wolfsburg,0,0.0,0.6111173927783966,0.6111173927783966,Bundesliga,2024-2025
9705,Anthony Losilla,20,1146,0,0.1023350022733211,0,0.4794825538992882,5,7,1,0,M S,Bochum,0,0.1023350022733211,3.181420609354973,2.7296648547053337,Bundesliga,2024-2025
9713,Tymoteusz Puchacz,10,396,0,0.0918268337845802,1,0.5547137390822172,4,8,0,0,D M S,Holstein Kiel,0,0.0918268337845802,1.2072646357119083,0.9305663034319878,Bundesliga,2024-2025
9716,Maximilian Bauer,11,647,0,0.0990944728255271,0,0.2485245633870363,1,2,1,0,D S,Augsburg,0,0.0990944728255271,1.1603566110134125,0.9118320643901824,Bundesliga,2024-2025
9737,Scott Banks,12,85,0,0.4491133857518434,0,0.0734525173902511,4,1,1,0,S,St. Pauli,0,0.4491133857518434,0.8105128612369299,0.3888399507850408,Bundesliga,2024-2025
9780,Mathys Tel,8,246,0,0.8943723309785128,1,0.5589722990989685,10,1,0,0,M S,Bayern Munich,0,0.8943723309785128,3.095596618950367,1.6422520205378532,Bundesliga,2024-2025
9861,Jonas Urbig,8,720,0,0.0,0,0.0,0,0,0,0,GK,Bayern Munich,0,0.0,1.825435906648636,1.825435906648636,Bundesliga,2024-2025
9916,Finley Stevens,1,1,0,0.0,0,0.0,0,0,0,0,S,St. Pauli,0,0.0,0.082712173461914,0.082712173461914,Bundesliga,2024-2025
9935,Aster Vranckx,14,545,0,0.0,0,0.0863919183611869,0,1,1,0,M S,Wolfsburg,0,0.0,1.5761092752218246,1.4897173568606377,Bundesliga,2024-2025
9943,Moritz Jenz,19,1605,0,1.7310848580673337,0,0.4221104737371206,10,3,4,0,D S,Mainz 05,0,1.7310848580673337,4.568463079631329,3.0671760998666286,Bundesliga,2024-2025
9986,Kristijan Jakic,31,2314,0,0.7476364653557539,1,1.5535834319889543,18,17,2,0,M S,Augsburg,0,0.7476364653557539,9.371627107262611,7.937230862677097,Bundesliga,2024-2025
9999,Arthur Theate,31,2722,0,2.468275908380747,0,0.9711692165583372,36,14,4,1,D,Eintracht Frankfurt,0,2.468275908380747,13.12523146159947,11.563672157004476,Bundesliga,2024-2025
10003,David Nemeth,24,2147,0,0.1715667424723506,1,0.1151886824518442,5,3,3,0,D,St. Pauli,0,0.1715667424723506,5.116796931251884,4.970173241570592,Bundesliga,2024-2025
10071,Lennard Maloney,16,793,0,0.1993563435971737,0,0.0152381360530853,3,1,2,0,D M S,"FC Heidenheim,Mainz 05",0,0.1993563435971737,0.8527121841907501,0.8527121841907501,Bundesliga,2024-2025
10160,Noah Atubolu,26,2311,0,0.0,0,0.0,0,0,2,0,GK,Freiburg,0,0.0,4.215585736557841,4.215585736557841,Bundesliga,2024-2025
10237,Leo Østigard,11,927,0,0.290042869746685,0,0.0937779452651739,5,3,0,1,D,Hoffenheim,0,0.290042869746685,1.5835596472024918,1.5835596472024918,Bundesliga,2024-2025
10248,Arijon Ibrahimovic,1,1,0,0.0,0,0.0,0,0,0,0,S,Bayern Munich,0,0.0,0.0,0.0,Bundesliga,2024-2025
10300,Jeanuël Belocian,5,66,0,0.0,0,0.0,0,0,1,0,D S,Bayer Leverkusen,0,0.0,0.1247751824557781,0.1247751824557781,Bundesliga,2024-2025
10395,Kevin Paredes,2,132,0,0.2548681795597076,1,0.0828192085027694,4,2,1,0,D,Wolfsburg,0,0.2548681795597076,0.3376874029636383,0.0,Bundesliga,2024-2025
10423,Lasse Rieß,2,180,0,0.0,0,0.0,0,0,0,0,GK,Mainz 05,0,0.0,0.6256912052631378,0.6256912052631378,Bundesliga,2024-2025
10474,Robert Wagner,12,398,0,0.1419104039669037,0,0.0,2,0,1,0,M S,St. Pauli,0,0.1419104039669037,1.1897150725126266,1.047804668545723,Bundesliga,2024-2025
10493,Magnus Knudsen,31,1860,0,0.8302409574389458,1,1.3867995142936709,11,7,6,0,M S,Holstein Kiel,0,0.8302409574389458,5.43604501336813,3.4258731435984373,Bundesliga,2024-2025
10558,Gabriel Vidovic,5,22,0,0.2042607143521309,0,0.0,2,0,0,0,S,"Bayern Munich,Mainz 05",0,0.2042607143521309,0.2042607143521309,0.0,Bundesliga,2024-2025
10595,Umut Tohumcu,12,352,0,0.0699462797492742,1,0.9545188024640084,3,3,3,0,M S,Hoffenheim,0,0.0699462797492742,1.1375393066555262,0.6534786503762007,Bundesliga,2024-2025
10715,João Palhinha,17,656,0,0.6284849727526307,0,0.2982007209211588,10,5,2,1,M S,Bayern Munich,0,0.6284849727526307,5.8210117891430855,5.276558317244053,Bundesliga,2024-2025
10731,Finn Becker,13,658,0,0.0908896625041961,1,0.2708841096609831,4,8,1,0,M S,Hoffenheim,0,0.0908896625041961,1.8835724405944347,1.7200215682387352,Bundesliga,2024-2025
10732,Jakub Kaminski,22,1105,0,1.105729464441538,2,3.519135355949402,15,24,2,0,D M S,Wolfsburg,0,1.105729464441538,4.910887062549591,2.15205841884017,Bundesliga,2024-2025
10862,Tim Oermann,28,2125,0,0.1584799885749817,2,0.6627056673169136,9,7,0,0,D S,Bochum,0,0.1584799885749817,4.387439666315913,3.703292796388269,Bundesliga,2024-2025
10926,Tim Skarke,33,1126,0,1.8874823031947017,2,1.4547926597297192,20,16,1,0,F M S,Union Berlin,0,1.8874823031947017,4.5260762674734,1.596790213137865,Bundesliga,2024-2025
10946,Yan Couto,21,870,0,0.2509071277454495,0,0.9542748928070068,6,12,5,0,D M S,Borussia Dortmund,0,0.2509071277454495,3.791500814259052,2.99819378182292,Bundesliga,2024-2025
11069,Matej Kovár,5,450,0,0.0,0,0.0,0,0,0,0,GK,Bayer Leverkusen,0,0.0,0.2082998398691415,0.2082998398691415,Bundesliga,2024-2025
11323,Arne Engels,1,82,0,0.6035945415496826,0,0.0,3,0,1,0,M,Augsburg,0,0.6035945415496826,0.4761271476745605,0.0,Bundesliga,2024-2025
11331,Merlin Röhl,19,970,0,1.1238267552107573,1,1.742141860537231,12,9,2,0,M S,Freiburg,0,1.1238267552107573,3.592243045568466,1.3427801579236984,Bundesliga,2024-2025
11333,Josip Juranovic,17,1160,0,0.2710151607170701,0,2.334141382947564,7,27,4,0,D S,Union Berlin,0,0.2710151607170701,3.201693071052432,1.6347584621980786,Bundesliga,2024-2025
11536,David Odogu,3,191,0,0.0695097241550684,0,0.0,2,0,0,0,D S,Wolfsburg,0,0.0695097241550684,0.4305368587374687,0.4305368587374687,Bundesliga,2024-2025
11585,Julien Duranville,12,259,0,0.4180309381335974,0,0.6575317978858948,5,1,3,0,M S,Borussia Dortmund,0,0.4180309381335974,1.1650417689234018,0.0894790403544902,Bundesliga,2024-2025
11699,Ameen Al Dakhil,7,448,0,0.0534590110182762,0,0.1547779478132724,1,2,0,1,D S,VfB Stuttgart,0,0.0534590110182762,1.846856404095888,1.829824537038803,Bundesliga,2024-2025
11835,Senne Lynen,32,2780,0,0.9697776082903148,1,0.5434056557714939,24,8,9,0,M,Werder Bremen,0,0.9697776082903148,10.628164935857058,9.579863369464874,Bundesliga,2024-2025
11841,Maximilian Wittek,32,2644,0,1.7229898367077112,0,3.3077356219291687,41,44,7,0,D M S,Bochum,0,1.7229898367077112,8.908103629946709,5.794904746115208,Bundesliga,2024-2025
11844,Tim Breithaupt,2,130,0,0.0680995807051658,1,0.3743721544742584,1,1,0,0,M,Augsburg,0,0.0680995807051658,0.4419798590242862,0.4419798590242862,Bundesliga,2024-2025
11847,Grant-Leon Ranos,2,15,0,0.0,0,0.0,0,0,1,0,S,Borussia M.Gladbach,0,0.0,0.0,0.0,Bundesliga,2024-2025
11850,Cédric Zesiger,22,1769,0,1.1112994104623797,2,1.6025062557309866,12,8,9,1,D S,"Augsburg,Wolfsburg",0,1.1112994104623797,4.535481914877892,3.294549886137247,Bundesliga,2024-2025
11852,Kevin Müller,33,2944,0,0.0,0,0.0,0,0,0,0,GK,FC Heidenheim,0,0.0,3.0277598537504677,3.0277598537504677,Bundesliga,2024-2025
11858,Denis Thomalla,1,1,0,0.0,0,0.0,0,0,0,0,S,FC Heidenheim,0,0.0,0.0,0.0,Bundesliga,2024-2025
11859,Omar Traoré,30,2630,0,0.4463740745559335,1,1.649691142141819,16,21,7,0,D M,FC Heidenheim,0,0.4463740745559335,4.690981866791844,3.648763807490468,Bundesliga,2024-2025
11861,Stefan Schimmer,13,220,0,1.1535760760307312,0,0.2204373283311724,10,5,1,0,S,FC Heidenheim,0,1.1535760760307312,0.7608380392193794,0.0842686397954821,Bundesliga,2024-2025
11862,Norman Theuerkauf,1,19,0,0.0378666035830974,0,0.0,1,0,0,0,S,FC Heidenheim,0,0.0378666035830974,0.0,0.0,Bundesliga,2024-2025
11864,Benedikt Gimber,32,2697,0,0.7796229459345341,0,0.506980687379837,13,3,9,0,D M,FC Heidenheim,0,0.7796229459345341,2.0051460545510054,1.754845978692174,Bundesliga,2024-2025
11868,Arthur,20,730,0,0.0680201575160026,1,0.6907633915543556,1,2,1,0,D M S,Bayer Leverkusen,0,0.0680201575160026,3.22729079797864,2.468507271260023,Bundesliga,2024-2025
11871,Nicolas Seiwald,30,2081,0,0.1574913430958986,0,2.60853142477572,5,20,2,0,D M S,RasenBallsport Leipzig,0,0.1574913430958986,7.612222496420145,6.73781743645668,Bundesliga,2024-2025
11982,Jan-Niklas Beste,12,169,0,0.621839139610529,1,0.6122618466615677,6,3,0,0,S,Freiburg,0,0.621839139610529,1.4469851534813645,0.3958272356539964,Bundesliga,2024-2025
12013,Skelly Alvero,12,222,0,0.0343166850507259,0,0.0,1,0,1,0,M S,Werder Bremen,0,0.0343166850507259,0.1748683750629425,0.1748683750629425,Bundesliga,2024-2025
12023,Thomas Keller,6,141,0,0.0097251441329717,0,0.0,1,0,2,0,D M S,FC Heidenheim,0,0.0097251441329717,0.6035356353968382,0.5938104912638664,Bundesliga,2024-2025
12028,Olivier Deman,9,42,0,0.0,0,0.0,0,0,1,0,S,Werder Bremen,0,0.0,0.0,0.0,Bundesliga,2024-2025
12042,Daniel Peretz,3,270,0,0.0,0,0.0,0,0,1,0,GK,Bayern Munich,0,0.0,0.5095114558935165,0.5095114558935165,Bundesliga,2024-2025
12052,Aliou Balde,5,76,0,0.1531138569116592,0,0.4295373000204563,4,2,1,0,S,Bochum,0,0.1531138569116592,0.5562718119472265,0.0278688725084066,Bundesliga,2024-2025
12053,Mikkel Kaufmann,9,357,0,0.4809715747833252,0,0.1665191054344177,3,3,2,0,F M S,FC Heidenheim,0,0.4809715747833252,1.218198135495186,0.5707074543461204,Bundesliga,2024-2025
12070,Jordy Makengo,19,716,0,0.0,0,0.457215666770935,0,2,1,0,D S,Freiburg,0,0.0,3.645577549934387,3.188361875712872,Bundesliga,2024-2025
12075,Kauã Santos,9,762,0,0.0,0,0.0484839901328086,0,1,0,0,GK S,Eintracht Frankfurt,0,0.0,1.4686700832098722,1.420186085626483,Bundesliga,2024-2025
12134,Moritz-Broni Kwarteng,7,153,0,0.1552143841981887,0,0.1843577641993761,6,4,1,0,S,Bochum,0,0.1552143841981887,1.2329154331237078,0.9355198871344328,Bundesliga,2024-2025
12266,Samuel Bamba,5,17,0,0.3136723041534424,0,0.0170086007565259,2,1,0,0,S,Bochum,0,0.3136723041534424,0.309026688337326,0.0324903130531311,Bundesliga,2024-2025
12371,Adam Aznou,2,9,0,0.0,0,0.0,0,0,0,0,S,Bayern Munich,0,0.0,0.1140698343515396,0.1140698343515396,Bundesliga,2024-2025
12372,David Jurásek,14,604,0,0.0926363095641136,1,1.2873393669724464,5,7,0,0,D M S,Hoffenheim,0,0.0926363095641136,2.205351248383522,1.6020534839481115,Bundesliga,2024-2025
12392,Arthur Vermeeren,28,1591,0,0.2179020345211029,2,0.9440235085785388,4,12,7,0,M S,RasenBallsport Leipzig,0,0.2179020345211029,6.024250455200672,5.125127360224724,Bundesliga,2024-2025
12399,Kjell-Arik Wätjen,2,13,0,0.0,0,0.0,0,0,0,0,S,Borussia Dortmund,0,0.0,0.0,0.0,Bundesliga,2024-2025
12407,Anrie Chase,12,719,0,0.1970731057226658,0,0.0516038835048675,5,1,1,0,D S,VfB Stuttgart,0,0.1970731057226658,6.079055428504944,6.04193802177906,Bundesliga,2024-2025
12469,Tim Drexler,8,364,0,0.0483945850282907,0,0.0186726823449134,2,1,2,0,D S,Hoffenheim,0,0.0483945850282907,1.6957852356135843,1.6770501136779783,Bundesliga,2024-2025
12470,Max Moerstedt,12,445,0,0.850104920566082,0,0.4129458125680685,12,7,2,0,F M S,Hoffenheim,0,0.850104920566082,1.460295056924224,0.4161513280123472,Bundesliga,2024-2025
12494,Frank Feller,2,116,0,0.0,0,0.0,0,0,0,0,GK S,FC Heidenheim,0,0.0,1.0266588926315308,1.0266588926315308,Bundesliga,2024-2025
12775,Kosta Nedeljkovic,10,479,0,0.6430388912558556,0,0.2849142178893089,4,3,1,0,D S,RasenBallsport Leipzig,0,0.6430388912558556,1.2428867742419245,0.5224717259407043,Bundesliga,2024-2025
12918,Kaishu Sano,34,3051,0,0.9100602194666862,0,1.3164740214124322,20,19,3,0,M,Mainz 05,0,0.9100602194666862,9.061351463198662,7.512129879556596,Bundesliga,2024-2025
12919,Nikolas Veratschnig,15,329,0,0.2985580200329423,0,0.1871442943811416,7,3,1,0,M S,Mainz 05,0,0.2985580200329423,2.128295427188277,1.699741169810295,Bundesliga,2024-2025
12921,Nediljko Labrovic,15,1350,0,0.0,0,0.0,0,0,0,0,GK,Augsburg,0,0.0,0.4903677906841039,0.4903677906841039,Bundesliga,2024-2025
12926,Bruno Ogbus,2,10,0,0.0,0,0.0,0,0,0,0,S,Freiburg,0,0.0,0.0,0.0,Bundesliga,2024-2025
12927,Ramon Hendriks,25,1108,0,0.3593189045786857,1,1.453582584857941,5,6,3,0,D S,VfB Stuttgart,0,0.3593189045786857,4.762099333107472,3.893851261585951,Bundesliga,2024-2025
12928,Alexander Prass,23,1584,0,1.0967911686748266,1,3.072040591388941,12,19,1,0,D M S,Hoffenheim,0,1.0967911686748266,8.999937668442726,5.422119904309511,Bundesliga,2024-2025
12930,Florian Micheler,1,29,0,0.0,0,0.0,0,0,1,0,S,Hoffenheim,0,0.0,0.0,0.0,Bundesliga,2024-2025
12931,Timon Weiner,24,2160,0,0.0,0,0.0,0,0,4,0,GK,Holstein Kiel,0,0.0,2.1240618973970413,2.1240618973970413,Bundesliga,2024-2025
12932,Marco Komenda,18,1310,0,0.0461564660072326,0,0.5511205615475774,3,8,3,0,D S,Holstein Kiel,0,0.0461564660072326,5.781026259064674,5.20318390801549,Bundesliga,2024-2025
12933,Marko Ivezic,22,1575,0,0.4393702964298427,0,0.259750104509294,8,4,5,0,D S,Holstein Kiel,0,0.4393702964298427,4.682860068976879,4.594297425821424,Bundesliga,2024-2025
12937,Nicolai Remberg,31,2307,0,1.5250691939145329,1,0.530756245367229,22,8,10,0,M S,Holstein Kiel,0,1.5250691939145329,6.245415516197681,5.393634403124452,Bundesliga,2024-2025
12940,Thomas Dähne,9,810,0,0.0,0,0.0,0,0,0,0,GK,Holstein Kiel,0,0.0,2.4861515294760466,2.4861515294760466,Bundesliga,2024-2025
12942,Maarten Vandevoordt,6,425,0,0.0,0,0.0,0,0,0,0,GK S,RasenBallsport Leipzig,0,0.0,0.6834543664008379,0.6834543664008379,Bundesliga,2024-2025
12943,Viggo Gebel,1,10,0,0.0,0,0.0,0,0,0,0,S,RasenBallsport Leipzig,0,0.0,0.0595486164093017,0.0595486164093017,Bundesliga,2024-2025
12945,Mats Pannewig,14,243,0,0.3752986444160342,0,0.0683701187372207,9,1,1,0,M S,Bochum,0,0.3752986444160342,0.8740467093884945,0.5063304528594017,Bundesliga,2024-2025
12955,Aurèle Amenda,8,72,0,0.0526179745793342,0,0.4818203449249267,1,1,1,0,D S,Eintracht Frankfurt,0,0.0526179745793342,0.9811453819274902,0.9811453819274902,Bundesliga,2024-2025
12964,Kamil Grabara,29,2589,0,0.0,0,0.0652356334030628,0,2,2,0,GK,Wolfsburg,0,0.0,2.0407195538282394,1.9754839204251768,Bundesliga,2024-2025
12973,Nikola Vasilj,33,2970,0,0.0,0,0.0174614619463682,0,1,0,1,GK,St. Pauli,0,0.0,2.092847622931004,2.0753861628472805,Bundesliga,2024-2025
12974,Karol Mets,10,900,0,0.115471813827753,0,0.0566690303385257,2,3,1,0,D,St. Pauli,0,0.115471813827753,1.381996676325798,1.3495077043771744,Bundesliga,2024-2025
12976,Philipp Treu,33,2894,0,1.0967688458040357,2,2.7964528873562813,18,22,2,0,D M,St. Pauli,0,1.0967688458040357,10.973553114570676,8.870090406388044,Bundesliga,2024-2025
12978,Jackson Irvine,29,2610,0,3.682750564068556,6,4.798954357858747,41,33,2,0,M,St. Pauli,0,3.682750564068556,9.905083059333265,4.877807507291436,Bundesliga,2024-2025
12979,Connor Metcalfe,10,340,0,0.8638678248971701,0,0.2064672783017158,6,3,0,1,F M S,St. Pauli,0,0.8638678248971701,0.9690996948629618,0.0460640834644436,Bundesliga,2024-2025
12984,Adam Dzwigala,16,350,0,0.5729740587994456,0,0.0,6,0,2,1,D S,St. Pauli,0,0.5729740587994456,1.376060789451003,0.9805232640355824,Bundesliga,2024-2025
12985,Ben Voll,2,91,0,0.0,0,0.2172373384237289,0,1,1,0,GK S,St. Pauli,0,0.0,0.2559289634227752,0.0386916100978851,Bundesliga,2024-2025
13012,Robin Hranác,4,225,0,0.0,0,0.0,0,0,0,0,D S,Hoffenheim,0,0.0,1.2105853706598282,1.2105853706598282,Bundesliga,2024-2025
13014,Carl Johansson,10,570,0,0.021820617839694,0,0.5893798796460032,1,6,0,1,D S,Holstein Kiel,0,0.021820617839694,1.7405194640159607,1.6604828834533691,Bundesliga,2024-2025
13016,Hong Hyun-Seok,23,474,0,0.6619288474321365,1,1.8213421124964952,5,10,0,0,M S,Mainz 05,0,0.6619288474321365,3.789488296955824,2.136922188103199,Bundesliga,2024-2025
13040,Henri Koudossou,21,710,0,0.0767879709601402,0,0.9423977639526128,2,10,1,0,D S,Augsburg,0,0.0767879709601402,4.205359624698758,3.759394759312272,Bundesliga,2024-2025
13056,Almugera Kabar,5,125,0,0.0,0,0.6894889920949936,0,3,0,1,D S,Borussia Dortmund,0,0.0,0.7676253989338875,0.1263511329889297,Bundesliga,2024-2025
13063,Konstantinos Koulierakis,30,2478,0,1.091104881837964,2,1.2700119502842426,22,10,4,0,D S,Wolfsburg,0,1.091104881837964,6.415782926604152,6.07377159036696,Bundesliga,2024-2025
13074,Dominik Javorcek,13,367,0,0.0117572667077183,2,0.8435535877943039,1,4,2,0,D M S,Holstein Kiel,0,0.0117572667077183,1.4395538344979286,0.7678313702344894,Bundesliga,2024-2025
13131,Cole Campbell,4,16,0,0.0,0,0.0,0,0,0,0,S,Borussia Dortmund,0,0.0,0.0799039080739021,0.0799039080739021,Bundesliga,2024-2025
13143,Yannik Lührs,3,121,0,0.0,0,0.0269632991403341,0,1,0,0,D S,Borussia Dortmund,0,0.0,0.1133385077118873,0.1133385077118873,Bundesliga,2024-2025
13149,Noahkai Banks,8,260,0,0.067817211151123,0,0.0,1,0,2,0,D S,Augsburg,0,0.067817211151123,0.1468391716480255,0.1468391716480255,Bundesliga,2024-2025
13184,Erik Ahlstrand,5,34,0,0.0,0,0.0,0,0,0,0,S,St. Pauli,0,0.0,0.1699562445282936,0.1699562445282936,Bundesliga,2024-2025
13191,Assan Ouédraogo,3,41,0,0.0276831053197383,0,0.0,1,0,0,0,S,RasenBallsport Leipzig,0,0.0276831053197383,0.0276831053197383,0.0,Bundesliga,2024-2025
13217,Jarzinho Malanga,1,1,0,0.0,0,0.0,0,0,0,0,S,VfB Stuttgart,0,0.0,0.0,0.0,Bundesliga,2024-2025
13240,Faik Sakar,1,1,0,0.0,0,0.0,0,0,0,0,S,RasenBallsport Leipzig,0,0.0,0.0,0.0,Bundesliga,2024-2025
13241,Maurides,1,1,0,0.0,0,0.0,0,0,0,0,S,St. Pauli,0,0.0,0.0,0.0,Bundesliga,2024-2025
13262,Jonah Kusi-Asare,1,1,0,0.0714672058820724,0,0.0,1,0,0,0,S,Bayern Munich,0,0.0714672058820724,0.0,0.0,Bundesliga,2024-2025
13275,Noah Pesch,1,2,0,0.0,0,0.0,0,0,0,0,S,Borussia M.Gladbach,0,0.0,0.0,0.0,Bundesliga,2024-2025
13284,Paul Hennrich,1,10,0,0.0,0,0.0,0,0,0,0,S,Hoffenheim,0,0.0,0.0,0.0,Bundesliga,2024-2025
13289,David Mokwa,2,14,0,0.129287451505661,0,0.0,2,0,0,0,S,Hoffenheim,0,0.129287451505661,0.0688088312745094,0.0,Bundesliga,2024-2025
13322,Erencan Yardimci,8,310,0,0.8402661681175232,0,0.0,5,0,2,0,F S,Hoffenheim,0,0.8402661681175232,0.949959859251976,0.2570560574531555,Bundesliga,2024-2025
13325,James Sands,7,451,0,0.0834821388125419,0,0.010509910993278,1,1,1,0,M S,St. Pauli,0,0.0834821388125419,1.445773628540337,1.435263717547059,Bundesliga,2024-2025
13326,Abdoulie Ceesay,7,45,0,0.0,0,0.0162329655140638,0,1,1,0,S,St. Pauli,0,0.0,0.0162329655140638,0.0,Bundesliga,2024-2025
13352,John Tolkin,10,655,0,0.0259273769333958,1,0.6694819126278162,2,10,0,0,D M S,Holstein Kiel,0,0.0259273769333958,3.197853185236454,2.965859323740005,Bundesliga,2024-2025
13406,David Preu,5,113,0,0.106883555650711,0,0.0,2,0,1,0,M S,Union Berlin,0,0.106883555650711,0.1738826185464859,0.0669990703463554,Bundesliga,2024-2025
13414,Hennes Behrens,1,24,0,0.0,0,0.0,0,0,0,0,S,Hoffenheim,0,0.0,0.0613425076007843,0.0613425076007843,Bundesliga,2024-2025
13425,Luca Jaquez,5,250,0,0.1187925040721893,0,0.0,1,0,0,0,D S,VfB Stuttgart,0,0.1187925040721893,3.378763794898987,3.378763794898987,Bundesliga,2024-2025
13426,Finn Jeltsch,12,774,0,0.075764107517898,0,0.1231634365394711,2,2,2,0,D S,VfB Stuttgart,0,0.075764107517898,3.3299831449985504,3.304995998740196,Bundesliga,2024-2025
13427,Bazoumana Touré,13,614,0,1.831130545586348,3,1.744708113372326,19,13,1,0,D F M S,Hoffenheim,0,1.831130545586348,3.966055143624544,0.7440709657967091,Bundesliga,2024-2025
13429,Julian Niehues,8,135,0,0.1495359614491462,0,0.1256658993661403,2,3,0,0,S,FC Heidenheim,0,0.1495359614491462,1.316750451922417,1.109605260193348,Bundesliga,2024-2025
13442,Tidiam Gomis,8,135,0,0.3557802066206932,1,0.9084494970738888,5,3,2,0,F S,RasenBallsport Leipzig,0,0.3557802066206932,1.8082721084356308,0.6518878042697906,Bundesliga,2024-2025
13470,Ivan Nekic,1,76,0,0.0,0,0.0,0,0,0,0,D,Holstein Kiel,0,0.0,0.0,0.0,Bundesliga,2024-2025
13497,Tiago Pereira Cardoso,5,376,0,0.0,0,0.0,0,0,0,0,GK S,Borussia M.Gladbach,0,0.0,0.2478972375392913,0.2478972375392913,Bundesliga,2024-2025
13633,Kacper Koscierski,1,3,0,0.0,0,0.0,0,0,0,0,S,Bochum,0,0.0,0.0,0.0,Bundesliga,2024-2025
7490,Mason Greenwood,34,2851,22,19.282766986638308,5,6.826588124036789,120,47,3,0,F M S,Marseille,15,12.4419105052948,26.145459055900574,10.892803529277444,Ligue 1,2024-2025
3226,Ousmane Dembélé,29,1747,21,18.535317128524184,7,8.801493115723133,97,61,1,0,F M S,Paris Saint Germain,20,17.77522194944322,32.06679894030094,9.613210080191491,Ligue 1,2024-2025
8056,Arnaud Kalimuendo Muinga,33,2630,17,17.98014777339995,3,2.8822443578392267,76,19,2,0,F M S,Rennes,12,11.899386631324887,17.82872635126114,4.438042722642422,Ligue 1,2024-2025
8636,Jonathan Christian David,32,2535,16,19.4547688215971,5,4.703816022723913,73,36,4,0,F S,Lille,10,14.134102882817388,22.463136840611696,6.009819163009524,Ligue 1,2024-2025
3277,Alexandre Lacazette,30,2092,15,18.005544029176235,2,3.7847248455509535,59,26,5,0,F S,Lyon,10,13.444973222911358,20.64808761700988,5.844014432281256,Ligue 1,2024-2025
10016,Bradley Barcola,34,2223,14,15.342696774750948,10,9.934232400730252,74,50,2,0,F M S,Paris Saint Germain,14,15.342696774750948,34.758061334490776,14.240355039946737,Ligue 1,2024-2025
11817,Emanuel Emegha,27,2331,14,17.624735414981842,3,1.9993709102272987,61,18,5,0,F M,Strasbourg,14,17.624735414981842,21.057025346904997,3.164751287549734,Ligue 1,2024-2025
6401,Amine Gouiri,33,2122,13,10.690865226089954,5,4.560859004035592,81,34,2,0,F M S,"Marseille,Rennes",13,10.690865226089954,17.551965171471238,3.9587272256612778,Ligue 1,2024-2025
6905,Ludovic Ajorque,31,2533,13,12.592709366232157,2,3.065709619782865,54,35,5,0,F S,Brest,13,11.832614213228226,12.956114443950357,3.216817481443286,Ligue 1,2024-2025
10349,Mika Biereth,16,1255,13,12.205246433615685,2,4.793574631214142,42,22,0,0,F,Monaco,12,10.685056135058405,17.8470024690032,3.38298643194139,Ligue 1,2024-2025
8006,Evann Guessand,33,2609,12,9.78530315682292,8,6.217509228736162,61,32,2,0,F M S,Nice,12,9.78530315682292,19.57817357778549,5.419926440343261,Ligue 1,2024-2025
13057,Lucas Stassin,28,1916,12,8.409047394990921,4,3.849006508477032,44,18,4,0,F S,Saint-Etienne,12,8.409047394990921,12.509913020767272,3.665977276861668,Ligue 1,2024-2025
3746,Gaetan Laborde,28,1845,11,12.51884263381362,4,5.10445948690176,74,27,1,0,F S,Nice,7,9.478462118655443,14.99045941233635,4.06263080611825,Ligue 1,2024-2025
8187,Georges Mikautadze,34,1397,11,11.461006090044975,6,5.320525930263102,56,22,2,0,F M S,Lyon,8,8.420625507831573,16.573118494823575,4.818621167913079,Ligue 1,2024-2025
11755,Keito Nakamura,32,2702,11,9.232945438474417,2,3.226258029229939,85,24,5,0,F M S,Reims,11,9.232945438474417,16.374792762100697,5.082613691687584,Ligue 1,2024-2025
3285,Gaetan Perrin,34,2750,10,6.17701430618763,11,8.516953714191914,59,73,2,0,F M S,Auxerre,10,6.17701430618763,14.082521572709084,5.70773258805275,Ligue 1,2024-2025
3674,Abdoulaye Touré,28,2347,10,9.38324426021427,1,0.5837586019188166,47,7,5,0,M S,Le Havre,2,2.542387966997921,7.795632460154593,6.679130156524479,Ligue 1,2024-2025
6986,Hamed Junior Traore,26,2154,10,7.649552743881941,2,2.9120337422937155,69,27,5,0,F M,Auxerre,10,7.649552743881941,13.96112221851945,4.6782301757484674,Ligue 1,2024-2025
11767,Gonçalo Ramos,22,1047,10,16.26604363322258,3,3.341807436197996,55,15,1,0,F S,Paris Saint Germain,8,13.985758140683174,18.393224000930783,3.989367220550776,Ligue 1,2024-2025
11808,Andrey Santos,32,2861,10,6.474336503073573,3,3.321616545319557,45,27,8,0,M,Strasbourg,10,6.474336503073573,16.746761897578835,11.464045824483035,Ligue 1,2024-2025
3291,Adrien Rabiot,29,2476,9,7.286307154223323,5,3.954880988225341,49,29,4,0,M S,Marseille,9,7.286307154223323,19.92361005023122,10.759618811309338,Ligue 1,2024-2025
7652,Zuriko Davitashvili,33,2815,9,8.030895091593266,8,5.66711307130754,70,52,3,0,F M S,Saint-Etienne,7,6.510704822838306,12.587375964969397,3.5722605669870973,Ligue 1,2024-2025
9490,Matthis Abline,34,2823,9,9.465332236140966,2,4.202982425689697,73,26,3,0,F M S,Nantes,8,8.705237116664648,15.98995957430452,4.608626442961395,Ligue 1,2024-2025
12850,Esteban Lepaul,28,1638,9,7.325011699460447,0,1.1495548896491528,41,7,2,0,F S,Angers,9,7.325011699460447,8.115739746019244,0.8236304074525833,Ligue 1,2024-2025
7169,Moses Simon,32,2661,8,6.904908551834524,10,8.729872837662697,44,57,2,0,F M S,Nantes,4,3.86452807020396,15.342755746096373,5.271313047967851,Ligue 1,2024-2025
8094,Mathis Cherki,30,2050,8,5.321216896176338,11,11.826800273731353,45,75,3,0,F M S,Lyon,8,5.321216896176338,20.805470407009125,10.926877833902836,Ligue 1,2024-2025
12104,Neil El Aynaoui,24,1596,8,4.720273691229522,1,2.05692941043526,19,24,4,0,M S,Lens,5,2.4399882974103093,7.76118179038167,5.66588681191206,Ligue 1,2024-2025
3603,Corentin Tolisso,32,2343,7,5.665476999245584,4,4.006495236419141,51,31,4,0,M S,Lyon,7,5.665476999245584,24.05178974941373,16.688746716827154,Ligue 1,2024-2025
8980,Luis Henrique,33,2646,7,5.411938928067684,7,5.415997413918376,30,53,0,0,D M S,Marseille,7,5.411938928067684,20.102429423481222,11.444075493142009,Ligue 1,2024-2025
10796,Zakaria Aboukhlal,26,1935,7,11.9655422270298,2,1.6949092485010624,63,13,4,0,F M S,Toulouse,6,10.44535192847252,12.83500535786152,2.04263012483716,Ligue 1,2024-2025
465,Joshua King,28,1685,6,7.754562114365399,3,1.7325707683339715,50,17,2,0,F M S,Toulouse,6,7.754562114365399,9.276868721470237,1.9913337361067531,Ligue 1,2024-2025
3475,Ludovic Blas,29,2332,6,5.580307476222515,8,5.637214491143823,57,47,6,0,F M S,Rennes,6,5.580307476222515,14.136033760383723,6.142310883849859,Ligue 1,2024-2025
3721,Romain Del Castillo,26,1246,6,4.310769828036428,4,4.434545466676354,21,37,0,0,F M S,Brest,3,1.2703893315047026,5.5885985866189,2.804948030039668,Ligue 1,2024-2025
5356,Breel Embolo,29,1853,6,12.377913488075135,4,5.882575495168567,50,31,5,0,F M S,Monaco,6,12.377913488075135,21.313080810010437,5.423037210479379,Ligue 1,2024-2025
6147,Denis Zakaria,26,2156,6,4.443915609270334,4,1.5885952413082125,31,16,5,0,M S,Monaco,4,2.923725370317697,16.903711192309856,14.341544050723314,Ligue 1,2024-2025
6846,Sofiane Diop,28,1018,6,5.546077464707196,4,3.113060377538204,22,24,3,0,F M S,Nice,6,5.546077464707196,12.031490011140704,5.0469088442623615,Ligue 1,2024-2025
7313,Lee Kang-In,30,1670,6,4.310670820996165,6,6.810500537976623,41,56,1,0,F M S,Paris Saint Germain,6,4.310670820996165,19.64458440616727,12.53140404075384,Ligue 1,2024-2025
8239,Takumi Minamino,31,2269,6,9.756513360887766,3,6.754444919526577,56,40,4,0,M S,Monaco,6,9.756513360887766,22.925799012184143,7.210842279717326,Ligue 1,2024-2025
8920,Dilane Bakwa,30,2544,6,4.851562971249223,8,7.727343019098043,52,48,4,0,D F M S,Strasbourg,6,4.851562971249223,16.848572304472327,8.867653537541628,Ligue 1,2024-2025
9018,M&#039;Bala Nzola,21,1470,6,9.921724498271942,1,1.2153856558725238,47,20,3,1,F S,Lens,6,9.921724498271942,11.829063314944506,1.8323428463190796,Ligue 1,2024-2025
10431,Désiré Doué,31,1725,6,6.107718924060464,6,9.995779056102036,55,55,1,0,F M S,Paris Saint Germain,6,6.107718924060464,23.308736577630043,10.87196858227253,Ligue 1,2024-2025
10771,Ben Seghir,33,1759,6,6.456658259965479,3,4.817799216136336,62,32,0,0,M S,Monaco,4,4.9364679688587785,16.728613977320492,8.442925727926195,Ligue 1,2024-2025
10812,Jubal,30,2647,6,5.397075108252466,0,0.9246590109542012,30,6,7,0,D,Auxerre,3,2.356694615446031,4.817107713781297,4.73471149802208,Ligue 1,2024-2025
10923,Himad Abdelli,32,2866,6,6.729426014237106,1,3.905929923057556,38,39,4,0,F M,Angers,3,3.689045458100736,10.431471198797226,5.458412878215313,Ligue 1,2024-2025
11046,Abdallah Sima,27,1229,6,7.695733284577727,2,1.6998696038499477,38,13,2,0,F M S,Brest,6,7.695733284577727,8.282265949063003,1.3187157418578863,Ligue 1,2024-2025
12970,Sebastian Nanasi,31,2166,6,6.08905141800642,4,6.048237957060337,29,38,1,0,F M S,Strasbourg,6,6.08905141800642,16.798728935420513,9.526111859828234,Ligue 1,2024-2025
5311,Vincent Sierro,29,2433,5,4.2572588147595525,1,4.276940012350678,32,32,4,0,M S,Toulouse,3,2.7370685283094645,10.605566969141364,7.885466464795172,Ligue 1,2024-2025
5724,Irvin Cardona,15,1102,5,5.026312346570194,3,2.1268459521234035,24,19,2,0,F M S,Saint-Etienne,5,4.266217227093875,7.547399457544088,1.9437703993171451,Ligue 1,2024-2025
6452,Mahdi Camara,34,2691,5,4.843414501287043,3,2.750586649402976,49,26,5,0,M S,Brest,5,4.843414501287043,9.767708462662997,5.494086302816868,Ligue 1,2024-2025
6874,Yann Gboho,31,2363,5,5.3993131052702665,4,4.477638784796,50,30,2,0,F M S,Toulouse,5,5.3993131052702665,15.485309845767915,7.489163148216903,Ligue 1,2024-2025
8777,Vitinha,29,2020,5,3.710616049356759,1,2.7980539528653026,27,27,1,0,M S,Paris Saint Germain,3,2.190425810404122,28.018506303429604,26.460083283483986,Ligue 1,2024-2025
10058,Maghnes Akliouche,32,2419,5,8.28227810189128,10,8.49950610846281,61,47,2,0,M S,Monaco,4,7.522182982414961,25.27197031117976,11.500962702557445,Ligue 1,2024-2025
10193,Frank Magri,31,1512,5,6.165865981951356,1,1.720636025071144,44,9,5,1,F M S,Toulouse,5,6.165865981951356,9.539364542812107,2.6790799871087074,Ligue 1,2024-2025
10815,Lassine Sinayoko,34,2305,5,7.12538929656148,8,5.429220663383603,61,37,5,0,F M S,Auxerre,4,6.365294177085161,14.517525039613249,5.770257687196136,Ligue 1,2024-2025
10831,Mostafa Mohamed,30,1216,5,6.601109892129898,0,0.4573865532875061,43,7,3,0,F S,Nantes,5,6.601109892129898,7.209609759971499,1.3760491469874978,Ligue 1,2024-2025
11757,Hákon Haraldsson,25,1791,5,4.371255045756698,3,3.78432365693152,35,35,3,0,F M S,Lille,5,4.371255045756698,11.861708404496312,5.51986491959542,Ligue 1,2024-2025
11792,Issa Soumaré,29,1908,5,4.202352497726679,4,2.711702112108469,43,28,0,0,F M S,Le Havre,5,4.202352497726679,6.44101844727993,1.32129811309278,Ligue 1,2024-2025
12336,Malick Fofana,29,1574,5,4.388201240450144,4,2.955590769648552,31,24,2,0,F M S,Lyon,5,4.388201240450144,11.517354555428028,5.349942370317876,Ligue 1,2024-2025
13070,Ali Abdi,25,1410,5,4.895776592195034,2,2.366318485699594,29,20,2,0,D S,Nice,5,4.895776592195034,10.524317480623722,4.1067142598330975,Ligue 1,2024-2025
713,André Ayew,27,1452,4,4.768508719280362,1,0.1840137876570224,22,8,2,0,F S,Le Havre,4,4.768508719280362,5.055441688746214,1.2997811660170555,Ligue 1,2024-2025
2447,Fabián,30,1911,4,4.621170435100794,5,4.917103078216314,43,36,1,0,M S,Paris Saint Germain,4,4.621170435100794,27.309957422316074,20.667619924992323,Ligue 1,2024-2025
2674,Thilo Kehrer,27,2386,4,1.2951666712760923,0,0.1984423175454139,12,5,1,0,D,Monaco,4,1.2951666712760923,14.72375838458538,14.556545751169324,Ligue 1,2024-2025
3621,Neal Maupay,22,1054,4,4.690030436962843,4,2.285853123292327,19,13,1,1,F S,Marseille,4,4.690030436962843,7.628276482224464,1.5746088549494743,Ligue 1,2024-2025
5197,Achraf Hakimi,25,2078,4,4.160572702996433,6,7.463568218052387,32,51,4,0,D S,Paris Saint Germain,4,4.160572702996433,26.46471108496189,20.62244639731944,Ligue 1,2024-2025
5684,Arnaud Nordin,16,1187,4,4.346443243324757,1,1.2036361088976264,28,15,2,0,F M S,Montpellier,3,2.826252944767475,4.445713925175369,1.0466626100242138,Ligue 1,2024-2025
7268,Bafode Diakite,31,2770,4,2.7722266539931297,1,0.1240939646959304,16,3,6,1,D,Lille,4,2.7722266539931297,12.609161705709994,12.58065375778824,Ligue 1,2024-2025
7453,Khvicha Kvaratskhelia,14,926,4,3.968663394451141,3,4.7618644423782825,34,25,0,0,F S,Paris Saint Germain,4,3.968663394451141,13.687047217041254,7.077820766717196,Ligue 1,2024-2025
7908,Marshall Munetsi,19,1697,4,5.793545410037041,2,1.5820682309567928,32,19,5,0,M,Reims,4,5.793545410037041,8.30055246502161,1.9687500894069672,Ligue 1,2024-2025
9633,Przemyslaw Frankowski,18,1399,4,2.4587892051786184,2,3.12122618034482,16,20,3,0,D M S,Lens,2,0.9385989662259816,6.842583583667874,4.291286118328571,Ligue 1,2024-2025
9690,Folarin Balogun,13,622,4,5.158384792506695,0,1.1299745421856642,31,6,0,0,F S,Monaco,4,5.158384792506695,6.409590244293213,1.4577118530869484,Ligue 1,2024-2025
9767,Habib Diarra,30,2366,4,3.587136687710881,5,5.707039427012205,27,27,6,0,D F M S,Strasbourg,2,2.0669464487582445,12.043475123122334,6.721917923539877,Ligue 1,2024-2025
10057,Felix Lemarechal,27,1803,4,4.074193011969328,3,2.756311032921076,25,29,2,0,F M S,Strasbourg,4,4.074193011969328,13.147777907550337,7.25025662779808,Ligue 1,2024-2025
10328,Edon Zhegrova,12,1007,4,2.136358229443431,1,2.4372936272993684,23,16,1,0,F M,Lille,4,2.136358229443431,8.535940773785114,4.275948166847229,Ligue 1,2024-2025
10799,Ado Onaiwu,31,894,4,4.120357080362737,1,1.239742711186409,23,10,1,1,F M S,Auxerre,4,4.120357080362737,6.513121107593179,2.6442289650440216,Ligue 1,2024-2025
10920,Junya Ito,33,2721,4,6.0532150492072105,3,8.402560830116272,32,84,1,0,F M S,Reims,4,6.0532150492072105,15.611406788229942,4.903444267809391,Ligue 1,2024-2025
11753,Oumar Diakité,26,1696,4,6.127487167716026,1,1.737616403028369,27,11,6,0,F S,Reims,4,5.367392040789127,10.243458840996029,4.357268048450351,Ligue 1,2024-2025
11773,Douglas Augusto,28,2336,4,4.262156402692199,2,1.7073585921898484,36,14,8,0,M,Nantes,4,4.262156402692199,10.406336123123763,6.2770048305392265,Ligue 1,2024-2025
11789,Josué Casimir,27,2024,4,3.7103644404560328,4,3.4613285548985004,27,26,5,0,D F M S,Le Havre,4,3.7103644404560328,9.78308418765664,3.814726060256362,Ligue 1,2024-2025
12389,Shavy Babicka,30,1147,4,3.4805359933525324,2,2.3861435540020466,20,13,2,0,M S,Toulouse,4,3.4805359933525324,7.405812088400125,2.0557235796004534,Ligue 1,2024-2025
13051,Matias Fernandez-Pardo,22,1060,4,3.14273495413363,2,2.6074153184890747,23,16,4,0,F M S,Lille,4,3.14273495413363,8.360099844634533,3.0169248208403587,Ligue 1,2024-2025
13335,Goduine Koyalipou,15,909,4,6.52647197060287,0,0.941659029573202,42,9,0,0,F M S,Lens,4,6.52647197060287,7.506039686501026,0.9795812405645848,Ligue 1,2024-2025
1790,Chuba Akpom,14,633,3,4.438022810965776,1,0.8961769826710224,20,5,0,0,F S,Lille,2,2.91783257201314,4.833104282617569,1.1764868646860125,Ligue 1,2024-2025
2897,Aleksandr Golovin,19,1158,3,2.203651662915945,0,2.4195409286767244,24,24,1,0,M S,Monaco,3,2.203651662915945,8.623710298910737,4.631655044853687,Ligue 1,2024-2025
3549,Adrien Thomasson,33,2640,3,6.380997622385621,7,6.008343517780304,42,55,7,0,M S,Lens,3,6.380997622385621,20.11201234906912,11.505189450457692,Ligue 1,2024-2025
3673,Valentin Rongier,25,1565,3,0.9653551829978824,1,1.6787051931023598,14,11,5,0,D M S,Marseille,3,0.9653551829978824,12.050548866391182,9.9929743912071,Ligue 1,2024-2025
3696,Morgan Sanson,6,241,3,1.5765414908528328,0,0.0338421501219272,9,1,0,0,M S,Nice,3,1.5765414908528328,1.860817238688469,0.3474713191390037,Ligue 1,2024-2025
3799,Wesley Said,24,910,3,2.9539465494453907,0,0.9452822618186474,17,8,4,0,F M S,Lens,3,2.9539465494453907,4.038416780531406,1.190990498289466,Ligue 1,2024-2025
5975,Kenny Lala,30,2686,3,2.93412602506578,2,3.9025520822033286,12,42,5,0,D S,Brest,0,0.6538406144827604,6.880217383615673,4.071437026374042,Ligue 1,2024-2025
5988,Ibrahima Niane,24,907,3,7.7335671335458755,1,1.095839424058795,30,9,0,0,F S,Angers,2,6.973472014069557,8.963155139237642,2.083538823761046,Ligue 1,2024-2025
6420,Romain Faivre,20,901,3,2.711309917271137,2,2.217785481363535,19,10,2,0,F M S,Brest,2,1.9512147977948189,5.598205116577447,2.80601451639086,Ligue 1,2024-2025
8310,Mitchel Bakker,24,1144,3,3.167341787368059,2,2.674098479561508,23,23,3,1,D F M S,Lille,3,3.167341787368059,8.2346952855587,4.637073568999767,Ligue 1,2024-2025
8685,Mohamed Ali-Cho,27,1667,3,4.292237624526024,4,4.445762487128377,37,30,2,0,F M S,Nice,3,4.292237624526024,12.545402778312564,4.757628224790096,Ligue 1,2024-2025
8697,Jonathan Clauss,28,2337,3,2.750055531039834,8,8.35056571289897,26,54,7,0,D S,Nice,3,2.750055531039834,14.613921992480757,10.207197416573765,Ligue 1,2024-2025
8703,Sinaly Diomande,23,1945,3,1.3533278461545706,2,0.3968273047357797,9,4,6,0,D S,Auxerre,3,1.3533278461545706,3.921265795826912,3.761818313971162,Ligue 1,2024-2025
8813,Tanguy Coulibaly,25,1502,3,4.956881604157388,0,1.4983827639371157,30,18,2,2,F M S,Montpellier,3,4.956881604157388,6.335359319113195,1.3342339172959328,Ligue 1,2024-2025
8973,Lorenz Assignon,32,2378,3,2.9051220044493675,4,3.9293824322521687,22,29,9,0,D M S,Rennes,3,2.9051220044493675,11.943673314526675,7.465679798275232,Ligue 1,2024-2025
9182,Sepe Elye Wahi,13,585,3,5.409041985869408,1,0.4004607703536749,17,6,1,0,F S,Marseille,2,4.648946866393089,6.25740360096097,1.535645354539156,Ligue 1,2024-2025
9220,Charlie Cresswell,31,2601,3,4.136854922398925,1,1.314726579003036,32,5,5,0,D S,Toulouse,3,4.136854922398925,8.029886454343796,7.764670715667307,Ligue 1,2024-2025
9345,Ahmadou Bamba Dieng,18,495,3,2.8145199362188578,0,0.0264367014169693,15,1,1,0,F S,Angers,2,2.0544248167425394,1.9612412322312596,0.4006627630442381,Ligue 1,2024-2025
9655,Pablo Rosario,29,1775,3,4.398393981158733,1,0.5776765737682581,17,15,6,1,D M S,Nice,2,3.638298861682415,7.916276035830378,5.931460211053491,Ligue 1,2024-2025
10100,Kamory Doumbia,30,1317,3,3.75056536309421,2,2.2519246162846684,22,26,1,0,M S,Brest,3,3.75056536309421,6.980424685403705,2.206164136528969,Ligue 1,2024-2025
10172,Jonathan Rowe,28,745,3,4.040985098108649,3,4.249518811702728,36,17,2,0,F M S,Marseille,3,4.040985098108649,9.702231803908944,3.405180824920535,Ligue 1,2024-2025
10701,Nicolás Tagliafico,24,1918,3,2.963885312899947,1,0.6734582297503948,28,5,7,0,D S,Lyon,3,2.963885312899947,8.982477774843574,7.761780431494117,Ligue 1,2024-2025
11062,Badredine Bouanani,26,1083,3,2.8304600082337856,3,2.791287649422884,31,21,2,0,F M S,Nice,2,2.0703648291528225,7.888569585978985,4.111181752756238,Ligue 1,2024-2025
11339,Youssouf Ndayishimiye,23,1937,3,1.6072323191910982,0,0.1666938588023185,11,5,5,0,D M S,Nice,3,1.6072323191910982,9.904364317655563,9.751041492447255,Ligue 1,2024-2025
11782,Mousa Al Tamari,26,1696,3,5.287073201499879,1,3.966085731983185,41,22,4,0,F M S,"Montpellier,Rennes",3,5.287073201499879,11.848987626843154,3.8243143148720256,Ligue 1,2024-2025
11783,Akor Adams,15,1079,3,5.028369933366776,1,0.778080235235393,26,11,2,0,F S,Montpellier,3,5.028369933366776,5.89375014603138,0.8495047716423869,Ligue 1,2024-2025
11788,Arouna Sangante,16,1268,3,0.975503034889698,0,0.0627684034407138,7,3,4,1,D,Le Havre,3,0.975503034889698,2.4631762746721506,2.439951444044709,Ligue 1,2024-2025
12045,Aron Dønnum,32,2714,3,2.5579674001783133,2,4.964441500604153,31,44,6,0,D M S,Toulouse,3,2.5579674001783133,12.924586217850448,9.184961272403598,Ligue 1,2024-2025
12060,Ernest Nuamah,23,1038,3,2.1159475408494477,1,1.9597924686968329,28,18,2,0,F M S,Lyon,3,2.1159475408494477,8.678813071921468,6.032109923660755,Ligue 1,2024-2025
12734,João Neves,29,1875,3,3.853865841403604,8,5.1189155131578445,28,33,1,0,D M S,Paris Saint Germain,3,3.853865841403604,22.41386966779828,16.048299852758646,Ligue 1,2024-2025
12801,Osame Sahraoui,30,1251,3,2.7958415150642395,3,3.471310729160905,23,29,1,0,M S,Lille,3,2.7958415150642395,10.217228714376688,5.46987983211875,Ligue 1,2024-2025
12804,George Ilenikhena,23,672,3,4.81297224201262,2,1.3560339473187923,21,8,0,0,F S,Monaco,3,4.81297224201262,6.015256393700838,0.4557048678398132,Ligue 1,2024-2025
12810,Ibrahim Sissoko,20,808,3,4.034132689237595,1,0.8489692844450474,22,7,1,0,F S,Saint-Etienne,2,3.274037554860115,4.863001003861427,1.6858460363000631,Ligue 1,2024-2025
12812,Augustine Boakye,17,741,3,2.264409612864256,0,1.1281934641301632,24,13,5,0,F M S,Saint-Etienne,3,2.264409612864256,3.782478144392371,1.0123123545199633,Ligue 1,2024-2025
12971,Andrés Gómez,17,318,3,1.506884654983878,0,0.1930977404117584,9,5,1,0,M S,Rennes,3,1.506884654983878,2.411046765744686,0.781275874003768,Ligue 1,2024-2025
13368,Koka,16,863,3,4.940051291137934,1,0.9838768728077412,20,5,2,0,F S,Le Havre,2,4.179956119507551,4.267227206379175,1.104890253394842,Ligue 1,2024-2025
343,Pierre-Emile Højbjerg,30,2670,2,3.1078693233430386,4,3.488658906891942,32,42,5,0,D M,Marseille,2,3.1078693233430386,22.778791517019272,20.14543617516756,Ligue 1,2024-2025
399,Ulisses García,20,918,2,1.1953979153186085,2,1.2202106416225431,8,8,2,0,D S,Marseille,2,1.1953979153186085,6.103504400700331,3.916262574493885,Ligue 1,2024-2025
677,Jordan Veretout,27,1581,2,2.7985544838011265,0,1.353621557354927,21,14,3,0,M S,Lyon,2,2.7985544838011265,9.783903039991856,7.303794119507074,Ligue 1,2024-2025
2117,Marco Asensio,12,634,2,6.554200384765863,4,3.00973679497838,26,17,0,0,F M S,Paris Saint Germain,2,6.554200384765863,13.550443682819605,4.816763836890459,Ligue 1,2024-2025
2594,Sergio Akieme,30,2548,2,1.1946085672825577,3,2.803713040426373,26,23,5,0,D S,Reims,2,1.1946085672825577,7.406773233786225,4.78354007191956,Ligue 1,2024-2025
3297,Marquinhos,22,1718,2,1.4838171489536762,0,0.9586863908916712,8,9,3,0,D S,Paris Saint Germain,2,1.4838171489536762,14.349374160170555,13.869366928935053,Ligue 1,2024-2025
3701,Gautier Lloris,31,2771,2,1.6825310997664928,1,0.9088068166747688,11,5,5,0,D,Le Havre,2,1.6825310997664928,5.0875729862600565,5.0553868263959885,Ligue 1,2024-2025
4811,Jean Eudes Aholou,26,2024,2,2.1293888445943594,0,0.9289217963814737,27,10,7,0,M,Angers,2,2.1293888445943594,4.615285698324442,3.1129951030015945,Ligue 1,2024-2025
5619,Pierre Lees-Melou,20,1516,2,1.3349120300263166,2,2.2275387002155185,22,19,7,0,M S,Brest,2,1.3349120300263166,7.036306224763393,5.228005010634661,Ligue 1,2024-2025
5680,Thomas Meunier,30,1897,2,2.5050358651205897,0,0.6476623211055994,28,13,5,0,D S,Lille,2,2.5050358651205897,9.612586544826629,7.646223718300462,Ligue 1,2024-2025
5717,Amine Harit,13,529,2,1.009933341294527,4,2.860816895961761,8,19,1,1,M S,Marseille,2,1.009933341294527,4.73229656368494,1.7264100834727287,Ligue 1,2024-2025
5743,Randal Kolo Muani,10,338,2,4.3605151660740376,1,1.03192538022995,16,5,0,0,F S,Paris Saint Germain,1,3.6004199869930744,5.772653795778751,1.4992613270878792,Ligue 1,2024-2025
6863,Téji Savanier,31,2382,2,4.179523415863514,5,8.051546461880207,47,70,4,1,M S,Montpellier,0,2.6593331219628453,9.311374999582767,4.115337830036879,Ligue 1,2024-2025
7064,Farid El Melali,32,1935,2,3.502854608930648,3,3.686480900272727,46,25,1,0,F M S,Angers,2,3.502854608930648,8.904582250863314,4.511517435312271,Ligue 1,2024-2025
7743,Pereira Lage,29,1576,2,3.184171587228775,7,4.771148173138499,36,22,4,0,F M S,Brest,2,3.184171587228775,8.298807248473167,3.571424581110477,Ligue 1,2024-2025
7747,Mama Baldé,29,1177,2,3.391768949106336,3,2.3615922890603542,30,16,4,0,F M S,"Brest,Lyon",2,3.391768949106336,6.579505069181323,1.2198738688603044,Ligue 1,2024-2025
7773,Zinedine Ferhat,24,799,2,0.7289273981004953,0,3.097869880497456,12,17,1,0,M S,Angers,2,0.7289273981004953,3.48392403498292,0.5386501476168633,Ligue 1,2024-2025
7960,Florian Aye,26,547,2,2.193225121125579,0,0.0800204882398247,12,3,0,0,F S,Auxerre,2,2.193225121125579,2.875464507378638,0.8115452844649553,Ligue 1,2024-2025
8050,Hichem Boudaoui,29,2450,2,3.869574027135968,3,2.752190748229623,39,22,9,0,M S,Nice,2,3.869574027135968,15.767488967627289,10.564869833178818,Ligue 1,2024-2025
8103,Modibo Sagnan,27,2155,2,0.5571697456762195,0,1.43458819296211,11,8,10,0,D S,Montpellier,2,0.5571697456762195,3.093769507482648,2.2998172249644995,Ligue 1,2024-2025
8190,Melvin Bard,24,1953,2,2.551792875863612,1,2.4570867978036404,23,16,2,2,D S,Nice,2,2.551792875863612,12.506262205541134,8.377566136419773,Ligue 1,2024-2025
8640,Adrien Truffert,33,2764,2,1.991267278790474,2,3.405314782634377,23,39,3,0,D M S,Rennes,2,1.991267278790474,12.53561694547534,8.545055355876684,Ligue 1,2024-2025
9133,Youssoufa Moukoko,11,194,2,1.954333445057273,1,0.5433806255459785,6,5,0,0,F S,Nice,2,1.954333445057273,3.0557323321700096,0.6447144765406847,Ligue 1,2024-2025
9621,Florian Tardieu,24,1245,2,0.8061909656971693,4,1.1583695001900196,16,21,0,0,M S,Saint-Etienne,2,0.8061909656971693,6.92399025708437,5.788582857698202,Ligue 1,2024-2025
9646,Mohamed Bayo,12,334,2,1.999580267816782,1,0.6271795630455017,10,4,1,0,F S,Lille,2,1.999580267816782,3.087683528661728,0.4609237089753151,Ligue 1,2024-2025
9944,Gabriel Gudmundsson,30,1796,2,1.0835263142362237,0,2.2078034691512585,18,16,3,0,D S,Lille,2,1.0835263142362237,8.720418067649007,5.858234241604805,Ligue 1,2024-2025
9961,Nuno Mendes,24,1681,2,1.7505824957042933,3,6.532824855297804,21,30,3,0,D S,Paris Saint Germain,2,1.7505824957042933,21.817054469138384,17.035902190953493,Ligue 1,2024-2025
10702,Johann Lepenant,29,2064,2,1.9494086122140288,1,1.3845457695424557,20,9,3,0,M S,Nantes,2,1.9494086122140288,6.8065758012235165,3.7388557083904734,Ligue 1,2024-2025
11065,Remy Labeau Lascary,14,626,2,3.0061515402048826,1,1.1527073979377749,14,6,5,0,F M S,Lens,2,3.0061515402048826,4.764800416305661,0.8229968063533306,Ligue 1,2024-2025
11613,Mamadou Diakhon,28,782,2,1.4058566391468048,1,0.870643574744463,18,13,2,0,F M S,Reims,2,1.4058566391468048,3.4722296241670847,1.5195153458043933,Ligue 1,2024-2025
11618,Samuel Amo-Ameyaw,9,306,2,1.016411256045103,0,0.3969626873731613,9,4,0,0,D M S,Strasbourg,2,1.016411256045103,2.539946537464857,1.126572597771883,Ligue 1,2024-2025
11703,Anass Zaroury,28,1411,2,1.8902752604335544,2,3.554999358020723,35,35,1,1,D F M S,Lens,2,1.8902752604335544,8.196472126990557,4.761631801724434,Ligue 1,2024-2025
11795,Yassine Kechta,31,2163,2,2.274918595328927,0,1.1719021573662758,28,15,4,0,F M S,Le Havre,2,2.274918595328927,8.392575566656888,5.958666974678636,Ligue 1,2024-2025
11799,Lamine Camara,29,2104,2,2.2444400172680616,7,4.86440384760499,25,45,8,1,M S,Monaco,2,2.2444400172680616,12.08375416137278,8.655269239097834,Ligue 1,2024-2025
11978,Diego Moreira,32,2586,2,2.415392654016614,7,7.743981936946511,26,30,4,1,D F M S,Strasbourg,2,2.415392654016614,16.037069555372,8.564426464959979,Ligue 1,2024-2025
12159,Mahamadou Nagida,13,413,2,1.9573543146252632,0,0.2291842773556709,6,3,1,0,D S,Rennes,2,1.9573543146252632,3.0680843889713287,0.9836465753614902,Ligue 1,2024-2025
12330,Noah Edjouma,10,133,2,1.8039352148771288,0,0.0400890223681926,5,1,0,1,M S,Toulouse,2,1.8039352148771288,1.7529216669499874,0.4100388400256634,Ligue 1,2024-2025
12345,Senny Mayulu,20,787,2,3.166915876790881,2,2.5530254524201155,25,12,1,0,D M S,Paris Saint Germain,2,3.166915876790881,11.970732416957617,7.211665321141481,Ligue 1,2024-2025
12367,Gift Orban,3,180,2,1.460423082113266,0,0.0235006026923656,4,1,1,0,F S,Lyon,2,1.460423082113266,1.9595175981521609,0.5854786038398743,Ligue 1,2024-2025
12825,Theo Bair,29,912,2,3.1768346736207604,1,1.072944289073348,26,10,1,0,F S,Auxerre,2,3.1768346736207604,4.001608844846487,0.5136823775246739,Ligue 1,2024-2025
12844,Bahereba Guirassy,19,303,2,0.8016492705792189,0,0.0689417738467454,7,2,0,0,M S,Nantes,2,0.8016492705792189,1.0242509078234434,0.3083529584109783,Ligue 1,2024-2025
12846,Louis Leroux,16,802,2,1.907527547329664,1,1.3230022946372628,9,11,1,0,D M S,Nantes,2,1.907527547329664,5.996318428777158,3.4117516949772835,Ligue 1,2024-2025
12880,Albert Grønbæk,16,816,2,2.0532097667455678,1,0.9602012299001216,22,19,1,0,F M S,Rennes,2,2.0532097667455678,3.6885263100266457,1.1899636648595333,Ligue 1,2024-2025
13069,Ismaël Koné,21,803,2,0.4398796819150448,1,1.8331198319792747,10,9,1,0,M S,"Marseille,Rennes",2,0.4398796819150448,5.638191221281886,3.934271886944771,Ligue 1,2024-2025
13210,Mohamed Meïté,12,525,2,2.7108773663640022,0,0.4174068830907345,15,5,0,0,F S,Rennes,2,2.7108773663640022,3.1747679263353348,0.7875825464725494,Ligue 1,2024-2025
497,Francis Coquelin,6,227,1,1.0525463744997978,1,0.8749106666073203,7,4,1,0,M S,Nantes,1,1.0525463744997978,2.456264089792967,0.6605504099279642,Ligue 1,2024-2025
734,Wahbi Khazri,30,1084,1,1.660724493674934,1,2.020382081158459,36,17,4,0,F M S,Montpellier,1,1.660724493674934,5.352683451026678,2.310867856256664,Ligue 1,2024-2025
914,Nabil Bentaleb,10,306,1,0.7089393362402916,0,0.0122046377509832,5,1,0,0,M S,Lille,1,0.7089393362402916,0.7046999428421259,0.6658585257828236,Ligue 1,2024-2025
1144,Seko Fofana,16,845,1,2.3158197924494743,1,1.072832107543945,24,13,3,0,M S,Rennes,1,2.3158197924494743,6.450916960835457,4.461110092699528,Ligue 1,2024-2025
1461,Pol Lirola,19,670,1,0.8374907542020082,2,0.7345619294792414,6,8,1,1,D S,Marseille,1,0.8374907542020082,4.918239023536444,3.939922284334898,Ligue 1,2024-2025
1750,Ainsley Maitland-Niles,32,1943,1,2.4820930119603872,4,4.4778512585908175,22,28,1,0,D M S,Lyon,1,2.4820930119603872,14.177222918719051,8.579877279698849,Ligue 1,2024-2025
2854,Daler Kuzyaev,12,553,1,0.227851178497076,0,0.3984394297003746,4,2,1,0,M S,Le Havre,1,0.227851178497076,1.0864557195454836,0.598971975967288,Ligue 1,2024-2025
3346,Jonas Martin,17,480,1,0.8571979701519012,0,0.3728829957544803,3,3,2,0,M S,Brest,1,0.8571979701519012,1.4928190223872662,0.9142091553658248,Ligue 1,2024-2025
3348,Florian Sotoca,31,1805,1,4.691040273755789,1,1.3942081313580277,47,18,2,1,D F M S,Lens,1,4.691040273755789,11.264188419096172,6.532251167111099,Ligue 1,2024-2025
3370,Issiaga Sylla,19,1165,1,1.791319727897644,0,0.5011922158300877,11,7,2,0,D M S,Montpellier,1,1.791319727897644,2.996417133137584,1.782123478129506,Ligue 1,2024-2025
3390,Rémy Cabella,23,1006,1,3.419003672897816,2,2.459745898842812,30,26,1,0,F M S,Lille,1,3.419003672897816,8.211300000548363,4.773183576762676,Ligue 1,2024-2025
3544,Jeremie Boga,21,1059,1,3.5320779252797365,1,2.303302962332964,30,24,0,0,F M S,Nice,1,3.5320779252797365,7.304548567160964,2.7435285076498985,Ligue 1,2024-2025
3585,Said Benrahma,13,757,1,2.0665961261838675,3,2.290657388046384,17,15,0,0,F M S,Lyon,1,2.0665961261838675,5.183834571391344,2.086453676223755,Ligue 1,2024-2025
3682,Jordan Siebatcheu,7,403,1,1.064859874546528,0,0.2043615654110908,11,3,0,0,F S,Reims,1,1.064859874546528,0.8399857599288225,0.1181398872286081,Ligue 1,2024-2025
3785,Kelvin Adou,30,2159,1,0.6282411310821772,0,0.8918903972953558,7,13,5,0,D S,Nantes,1,0.6282411310821772,5.043278072029352,3.7471103742718697,Ligue 1,2024-2025
3786,Mathieu Cafaro,15,729,1,2.2977329678833485,0,1.2675816640257835,23,13,3,1,F M S,Saint-Etienne,1,2.2977329678833485,5.122394302859902,2.056864432990551,Ligue 1,2024-2025
4773,Benjamin Bourigeaud,1,85,1,0.18843674659729,0,0.0,2,0,0,0,M,Rennes,1,0.18843674659729,0.3874871730804443,0.3453103899955749,Ligue 1,2024-2025
5598,Angel Gomes,14,750,1,1.7255177665501833,1,1.7085226699709892,9,14,1,0,M S,Lille,1,0.9654226321727036,6.562127886340022,4.505643667653203,Ligue 1,2024-2025
5742,Hugo Magnetti,32,2352,1,0.8659364832565188,0,0.5326036140322685,19,6,5,0,M S,Brest,1,0.8659364832565188,7.780316152609885,6.655176809057593,Ligue 1,2024-2025
5753,Mickael Nade,26,2306,1,0.9256893433630466,2,0.9868236556649208,5,7,1,0,D S,Saint-Etienne,1,0.9256893433630466,5.96421711333096,5.874025585129857,Ligue 1,2024-2025
5962,Tanguy NDombele Alvaro,18,1153,1,2.262565119192004,2,2.2090650498867035,11,18,2,0,M S,Nice,1,2.262565119192004,8.218117773532867,4.595833238214254,Ligue 1,2024-2025
6006,Ruben Aguilar,16,1143,1,1.641246322542429,2,2.3584927320480347,11,11,4,0,D M S,Lens,1,1.641246322542429,6.623840983957052,4.363031256943941,Ligue 1,2024-2025
6007,Nicolas Cozza,27,2045,1,1.7512174881994724,0,0.810757813975215,16,7,3,1,D S,Nantes,1,1.7512174881994724,5.886363852769136,3.7000493817031375,Ligue 1,2024-2025
6019,Angelo Fulgini,23,1034,1,2.386262509971857,1,2.656230289489031,26,27,3,0,D F M S,Lens,1,2.386262509971857,8.558728955686092,4.523270800709724,Ligue 1,2024-2025
6333,Elisha Owusu,28,2384,1,0.4561059325933456,3,0.921045613475144,7,14,7,0,M,Auxerre,1,0.4561059325933456,5.172322070226073,3.932241784408689,Ligue 1,2024-2025
6923,Mohammed Salisu,15,1016,1,1.11205929890275,0,0.0809924043715,8,3,2,0,D S,Monaco,1,1.11205929890275,4.465874668210745,4.384882252663374,Ligue 1,2024-2025
7007,Duje Caleta-Car,19,1589,1,1.3592560952529311,0,0.1711876988410949,11,2,8,0,D S,Lyon,1,1.3592560952529311,5.276258319616318,5.243632644414902,Ligue 1,2024-2025
7472,Wilfried Stephane Singo,27,2081,1,1.493426522240043,2,1.6436891136690974,17,7,4,0,D S,Monaco,1,1.493426522240043,7.051111828535795,5.828755911439657,Ligue 1,2024-2025
7540,Theo Sainte Luce,16,1030,1,1.7788169458508492,0,1.1755174966529012,8,8,3,0,D M S,Montpellier,1,1.7788169458508492,3.814213840290904,1.864098716527224,Ligue 1,2024-2025
7736,Brendan Chardonnet,27,2422,1,1.3819349082186818,0,1.3776168059557676,14,8,6,0,D,Brest,1,1.3819349082186818,4.98070739582181,4.717374134808779,Ligue 1,2024-2025
7739,Joris Chotard,26,1908,1,1.5116395968943834,0,0.3835196532309055,19,7,5,0,M S,Montpellier,1,1.5116395968943834,6.168501976877451,4.466396525502205,Ligue 1,2024-2025
8351,Ki-Jana Hoever,30,2170,1,0.6008255472406745,2,2.9231875790283084,10,24,2,1,D S,Auxerre,1,0.6008255472406745,9.15106891747564,6.473006791435182,Ligue 1,2024-2025
8677,Lilian Brassier,26,2016,1,1.5283676870167255,1,0.4895862136036157,19,7,4,0,D S,"Marseille,Rennes",1,1.5283676870167255,8.983873721212149,8.693853724747896,Ligue 1,2024-2025
8691,Saidou Sow,21,1823,1,1.4113862235099075,1,0.7702929861843586,9,4,3,0,D S,"Nantes,Strasbourg",1,1.4113862235099075,5.119145207107067,5.101365050300956,Ligue 1,2024-2025
8701,Timothee Pembele,20,1099,1,1.1886742673814297,0,0.0972016714513301,8,3,3,0,D M S,Le Havre,1,1.1886742673814297,3.378208953887224,2.296531153842807,Ligue 1,2024-2025
8702,Tinotenda Kadewere,12,514,1,1.838837556540966,2,1.0249904915690422,8,8,1,0,M S,Nantes,1,1.838837556540966,3.3045683801174164,0.440740305930376,Ligue 1,2024-2025
8970,Sékou Mara,25,727,1,2.136869912967086,1,1.112138183787465,19,5,2,0,F M S,Strasbourg,1,2.136869912967086,2.5807198677212,0.6569947190582752,Ligue 1,2024-2025
8997,Terem Igobor Moffi,5,45,1,2.772851131856441,0,0.0,6,0,0,0,S,Nice,1,2.772851131856441,2.8187214359641075,0.0458701737225055,Ligue 1,2024-2025
9031,Jota,9,308,1,1.2280189469456673,0,0.3610864132642746,4,5,0,0,M S,Rennes,1,1.2280189469456673,1.672831304371357,0.1662587933242321,Ligue 1,2024-2025
9399,Quentin Merlin,27,1627,1,2.501936599612236,3,3.1564177684485912,26,25,1,0,D M S,Marseille,1,2.501936599612236,11.251935010775924,6.407331058755517,Ligue 1,2024-2025
9447,Niakhate Ndiaye,22,1703,1,0.6757700787857175,0,0.0131817571818828,11,1,4,1,D S,Brest,1,0.6757700787857175,2.672741312533617,2.659559555351734,Ligue 1,2024-2025
9523,Andy Diouf,34,2262,1,3.282163294032216,2,3.276158655062318,40,34,2,0,F M S,Lens,1,3.282163294032216,10.56933762691915,5.297075832262635,Ligue 1,2024-2025
9632,Deiver Machado,27,1793,1,2.1914128474891186,4,2.924070416018367,22,20,5,2,D M S,Lens,1,2.1914128474891186,7.867527216672897,4.957184759899974,Ligue 1,2024-2025
9645,Jim Allevinah,28,1814,1,4.051122585311532,3,3.102520967833698,35,15,3,0,F M S,Angers,1,4.051122585311532,8.188466813415289,1.6582793649286032,Ligue 1,2024-2025
9673,Bilal Nadir,15,370,1,0.4768651276826858,0,0.4125685840845108,8,7,2,0,M S,Marseille,1,0.4768651276826858,2.9346980527043343,2.5960681308060884,Ligue 1,2024-2025
9885,Tanner Tessmann,25,1218,1,1.1945595405995846,0,0.7345803249627352,18,7,3,0,M S,Lyon,1,1.1945595405995846,6.685452917590737,5.700867963954806,Ligue 1,2024-2025
9978,Azor Matusiwa,29,2079,1,1.3974318969994783,3,2.478503677994013,11,17,3,0,M S,Rennes,1,1.3974318969994783,10.55186140537262,6.802701540291309,Ligue 1,2024-2025
10237,Leo Østigard,16,1231,1,0.8909851722419262,0,0.1418376266956329,6,2,4,0,D S,Rennes,1,0.8909851722419262,2.0769863575696945,1.9541650116443636,Ligue 1,2024-2025
10271,Vanderson,29,2086,1,2.608676652424037,3,2.909545663744211,21,23,4,1,D S,Monaco,1,2.608676652424037,13.712618730030954,9.14323053508997,Ligue 1,2024-2025
10284,Pierre Ekwah,29,2592,1,0.7389063034206629,0,1.1754910983145237,25,16,3,0,D M,Saint-Etienne,1,0.7389063034206629,8.572140404954553,7.610767203383148,Ligue 1,2024-2025
10390,Ismaël Doukouré,31,2658,1,0.661684188991785,1,1.2588393911719322,4,9,7,0,D M,Strasbourg,1,0.661684188991785,12.319075230509045,11.352039460092785,Ligue 1,2024-2025
10485,Guemissongui Ouattara,17,442,1,0.5629908759146929,1,0.406192822381854,5,3,1,0,D F M S,Strasbourg,1,0.5629908759146929,1.942835858091712,1.1236585192382336,Ligue 1,2024-2025
10517,Yassin Belkhdim,29,1529,1,0.8150536147877574,1,0.5170952901244164,9,5,4,0,M S,Angers,1,0.8150536147877574,3.8693475667387247,3.167851301841438,Ligue 1,2024-2025
10581,Junior Mwanga,19,1249,1,1.369440147653222,2,1.6665557697415352,16,9,1,1,M S,"Le Havre,Strasbourg",1,1.369440147653222,4.944672940298915,2.9164337776601315,Ligue 1,2024-2025
10786,Warren Zaïre-Emery,29,2055,1,2.158170478418469,2,2.057341150939465,17,18,3,0,D M S,Paris Saint Germain,1,2.158170478418469,21.90424995869398,18.82626821100712,Ligue 1,2024-2025
10810,Alexsandro Ribeiro,30,2700,1,1.2038547564297917,1,0.6979309292510152,21,9,10,0,D,Lille,1,1.2038547564297917,11.815566362813115,11.478279726579784,Ligue 1,2024-2025
10868,Guela Doué,32,2713,1,0.9880996765568852,2,0.9500086214393376,18,11,7,0,D S,Strasbourg,1,0.9880996765568852,8.96327892690897,8.567401656880975,Ligue 1,2024-2025
10922,Rayan Raveloson,13,705,1,0.9947644015774132,0,0.1191945113241672,16,3,3,0,D M S,Auxerre,1,0.9947644015774132,2.366488345898688,1.5417372323572636,Ligue 1,2024-2025
11066,Yaya Fofana,12,646,1,0.8412158470600843,1,1.7268041670322418,13,7,4,0,F M S,Reims,1,0.8412158470600843,3.858646949753165,1.8083036579191685,Ligue 1,2024-2025
11291,Warren Kamanzi,24,1010,1,1.9212410375475883,1,0.99683256726712,7,12,3,0,D S,Toulouse,1,1.9212410375475883,7.381741670891643,4.69021961838007,Ligue 1,2024-2025
11318,Abner,19,1094,1,1.006266708485782,1,1.0946258716285229,7,11,1,0,D S,Lyon,1,1.006266708485782,6.134369784034789,4.851725470274687,Ligue 1,2024-2025
11371,Ibrahim Salah,12,349,1,0.8132437504827976,1,0.8511350452899933,13,6,0,0,F M S,Brest,1,0.8132437504827976,1.3992713205516338,0.5368228144943714,Ligue 1,2024-2025
11389,Valentin Atangana Edoa,34,2909,1,2.348549478687346,0,0.7703639874234796,32,11,7,0,D M S,Reims,1,2.348549478687346,9.190190229564903,6.536836812272668,Ligue 1,2024-2025
11515,Tom Louchet,22,734,1,0.6091681867837906,0,1.547832392156124,12,15,1,0,D M S,Nice,1,0.6091681867837906,5.570942502468824,4.350269891321659,Ligue 1,2024-2025
11751,Joseph Okumu,22,1714,1,1.2057130355387926,0,0.1032256837934255,12,4,3,1,D S,Reims,1,1.2057130355387926,5.605544378980994,5.54523628950119,Ligue 1,2024-2025
11754,Teddy Teuma,17,753,1,1.699114816263318,0,1.1837598104029894,14,13,1,0,M S,Reims,0,0.9390196893364192,2.6815876308828592,1.3654446564614773,Ligue 1,2024-2025
11777,Cristian Cásseres Jr.,32,2739,1,0.9852043334394692,3,3.1847235038876534,17,28,11,0,M S,Toulouse,1,0.9852043334394692,12.039634557440875,9.933802988380194,Ligue 1,2024-2025
11784,Lucas Mincarelli Davin,10,716,1,0.6074541183188558,0,0.7535943388938904,7,4,0,0,D S,Montpellier,1,0.6074541183188558,1.089781492948532,0.5777402818202972,Ligue 1,2024-2025
11790,Rassoul Ndiaye,27,1027,1,1.5400639669969678,0,0.7300636917352676,18,10,2,0,M S,Le Havre,1,1.5400639669969678,3.183530825190246,1.189217709004879,Ligue 1,2024-2025
11816,Abakar Sylla,21,944,1,0.6310701929032803,0,0.0580236352980136,5,1,2,1,D S,Strasbourg,1,0.6310701929032803,3.4050509985536337,3.4050509985536337,Ligue 1,2024-2025
12111,Amir Murillo,30,2425,1,1.7814708780497313,3,3.609375603497029,13,24,3,0,D S,Marseille,1,1.7814708780497313,16.91443207859993,14.530564196407797,Ligue 1,2024-2025
12151,Gabriel Osho,20,1667,1,0.9943069517612456,0,0.1013227924704551,7,1,1,1,D,Auxerre,1,0.9943069517612456,5.365631407126784,5.365631407126784,Ligue 1,2024-2025
12192,Othmane Maamma,12,326,1,0.971425167284906,1,0.6859283857047558,10,3,1,0,M S,Montpellier,1,0.971425167284906,1.5663241678848865,0.2421865947544574,Ligue 1,2024-2025
12335,Steve Ngoura,8,265,1,1.470861777663231,0,0.4437329918146133,10,2,0,0,F S,Le Havre,1,1.470861777663231,1.6963221728801727,0.0471266712993383,Ligue 1,2024-2025
12343,Jhoanner Chávez,10,606,1,0.4749180823564529,0,0.8435395769774914,5,8,1,0,D M S,Lens,1,0.4749180823564529,2.2560995295643806,1.1333056390285492,Ligue 1,2024-2025
12346,Beraldo,25,2014,1,1.0557555174455049,0,0.5836429838091135,12,9,6,0,D S,Paris Saint Germain,1,1.0557555174455049,18.617858428508043,18.117379531264305,Ligue 1,2024-2025
12400,Rabby Nzingoula,27,1712,1,1.5669959178194404,1,1.0147319920361042,19,8,11,0,M S,Montpellier,1,1.5669959178194404,4.483278463594616,2.8973995316773653,Ligue 1,2024-2025
12451,Djaoui Cissé,14,1146,1,0.3633874543011188,0,0.3757421318441629,15,6,4,0,M,Rennes,1,0.3633874543011188,7.660221703350544,7.1488517336547375,Ligue 1,2024-2025
12733,Ibrahim Mbaye,9,331,1,2.598383247852325,1,0.8271698653697968,12,3,0,0,F S,Paris Saint Germain,1,2.598383247852325,4.739302329719067,1.3536161556839943,Ligue 1,2024-2025
12806,Dylan Batubinsika,25,2006,1,0.6802393477410078,0,0.2829701006412506,7,4,3,1,D S,Saint-Etienne,1,0.6802393477410078,4.040669661015272,3.841375146061182,Ligue 1,2024-2025
12826,Lasso Coulibaly,3,38,1,0.2818722389638424,0,0.0666709840297699,3,1,0,0,S,Auxerre,1,0.2818722389638424,0.3658285848796367,0.0839563384652137,Ligue 1,2024-2025
12838,Pape Diong,9,71,1,1.1499771475791931,0,0.1147026568651199,5,1,0,0,M S,Strasbourg,1,1.1499771475791931,0.153251551091671,0.0848981291055679,Ligue 1,2024-2025
12842,Mark McKenzie,30,2504,1,1.791058113798499,1,0.4668611120432615,8,4,1,1,D S,Toulouse,1,1.791058113798499,8.477668391540647,8.392160452902317,Ligue 1,2024-2025
12843,Sorba Thomas,25,1323,1,1.862928626127541,3,4.295549262315035,9,37,3,0,D F M S,Nantes,1,1.862928626127541,5.919012122787535,2.2782368920743465,Ligue 1,2024-2025
12848,Florent Hanin,33,2705,1,1.010424098931253,2,2.40469394158572,11,25,2,0,D S,Angers,1,1.010424098931253,6.970525681041181,4.54639595374465,Ligue 1,2024-2025
12851,Emmanuel Biumla,17,1334,1,0.964099989272654,0,0.0368436053395271,4,1,2,0,D S,Angers,1,0.964099989272654,1.810768922790885,1.7957943882793188,Ligue 1,2024-2025
12881,Henrik Meister,4,49,1,0.1125578759238123,0,0.3763541877269745,2,2,0,0,S,Rennes,1,0.1125578759238123,0.4799482375383377,0.0,Ligue 1,2024-2025
12950,Jordan Teze,16,574,1,1.6035259738564491,0,1.6765227168798449,5,13,2,1,D S,Monaco,1,1.6035259738564491,4.522825010120869,2.2302155010402203,Ligue 1,2024-2025
12961,Hamzat Ojediran,17,376,1,0.9302560910582542,0,0.3495721258223057,10,2,5,0,M S,Lens,1,0.9302560910582542,1.641879379749298,0.3620512038469314,Ligue 1,2024-2025
13058,Benjamin Bouchouari,25,1794,1,0.6214983556419611,0,1.004872465506196,16,16,6,0,M S,Saint-Etienne,1,0.6214983556419611,7.28993059322238,6.03708615526557,Ligue 1,2024-2025
13358,Thiago Almada,16,934,1,1.9897623993456364,4,2.407982617616653,23,22,3,0,M S,Lyon,1,1.9897623993456364,9.874508246779442,7.28525160998106,Ligue 1,2024-2025
13388,Justin Bourgault,2,132,1,0.0508661847561597,0,0.1125571578741073,2,1,0,0,D,Brest,1,0.0508661847561597,0.4474046640098095,0.3027353584766388,Ligue 1,2024-2025
13398,Jeremy Agbonifo,8,277,1,1.2059635091573,0,0.2067946828901767,6,3,1,0,F S,Lens,1,1.2059635091573,3.8567132242023945,2.502289552241564,Ligue 1,2024-2025
13423,Al Musrati,10,373,1,0.3604245446622371,1,0.6049656048417091,11,5,0,0,M S,Monaco,1,0.3604245446622371,4.599801752716303,3.804504536092281,Ligue 1,2024-2025
13440,Meschack Elia,8,152,1,1.2927594128996134,0,0.1117293536663055,5,3,0,0,F S,Nantes,1,1.2927594128996134,1.6960843726992607,0.763175904750824,Ligue 1,2024-2025
148,Dante,25,1958,0,0.3553049825131893,0,0.2828235775232315,9,4,5,1,D S,Nice,0,0.3553049825131893,7.626007186248898,7.554612623527646,Ligue 1,2024-2025
522,Wilfried Zaha,4,59,0,0.0904806777834892,0,0.0,1,0,0,0,F S,Lyon,0,0.0904806777834892,0.1431574411690235,0.0526767633855342,Ligue 1,2024-2025
697,Nemanja Matic,29,2084,0,0.0667729210108518,1,1.4166410081088543,2,17,1,0,M S,Lyon,0,0.0667729210108518,11.463382076472044,11.054130282253029,Ligue 1,2024-2025
943,Massadio Haidara,22,1707,0,0.3047369616106152,0,0.3982803719118237,10,8,1,2,D S,Brest,0,0.3047369616106152,3.7239928925409913,3.31125532835722,Ligue 1,2024-2025
961,Jordan Amavi,11,780,0,0.2962684025987983,0,0.1750364806503057,8,6,2,0,D S,Brest,0,0.2962684025987983,0.9980407729744912,0.6143322475254536,Ligue 1,2024-2025
1022,Pedro Chirivella,30,2404,0,0.3078327644616365,2,2.257875836454332,8,19,6,0,M S,Nantes,0,0.3078327644616365,9.50188134610653,7.889349973760545,Ligue 1,2024-2025
1116,Gianluigi Donnarumma,24,2091,0,0.0,0,0.0,0,0,2,0,GK,Paris Saint Germain,0,0.0,9.808233046904206,9.808233046904206,Ligue 1,2024-2025
1223,Milan Skriniar,5,380,0,0.1080185491591692,0,0.1413073241710662,3,1,1,0,D S,Paris Saint Germain,0,0.1080185491591692,3.689317852258682,3.689317852258682,Ligue 1,2024-2025
1326,Assane Diousse,17,646,0,0.0493608536198735,0,0.1189180323854088,3,2,1,0,M S,Auxerre,0,0.0493608536198735,2.101694839075208,1.946848575025797,Ligue 1,2024-2025
1377,Nikola Maksimovic,7,592,0,0.0457097962498664,0,0.0512747038155794,1,2,2,0,D,Montpellier,0,0.0457097962498664,1.2583848731592298,1.2315903203561902,Ligue 1,2024-2025
1516,Geoffrey Kondogbia,25,2026,0,0.6977472566068172,0,0.1623506750911474,8,5,1,0,D M S,Marseille,0,0.6977472566068172,10.601371120661495,10.390398096293213,Ligue 1,2024-2025
1670,Steve Mandanda,18,1490,0,0.0,0,0.1493991799652576,0,2,0,0,GK S,Rennes,0,0.0,2.265077523887157,2.1156783439219,Ligue 1,2024-2025
1673,Edimilson Fernandes,19,1111,0,0.3186627691611647,1,0.7368160840123892,10,8,1,0,D M S,Brest,0,0.3186627691611647,2.8878019116818905,2.247791307047009,Ligue 1,2024-2025
1785,Nampalys Mendy,10,592,0,0.152185583487153,1,0.1657905280590057,3,1,2,0,M S,Lens,0,0.152185583487153,1.817709133028984,1.532732516527176,Ligue 1,2024-2025
2225,Gerónimo Rulli,34,3060,0,0.0,0,0.0819277726113796,0,2,1,0,GK,Marseille,0,0.0,8.158218570053577,8.076290797442198,Ligue 1,2024-2025
2276,Lucas Hernández,16,869,0,0.0856911912560463,0,0.0398669205605983,3,1,2,0,D S,Paris Saint Germain,0,0.0856911912560463,7.75650717690587,7.74389760568738,Ligue 1,2024-2025
2383,André Gomes,20,1301,0,0.479223015718162,0,0.878221869468689,11,10,3,0,M S,Lille,0,0.479223015718162,8.499505270272493,7.9929901622235775,Ligue 1,2024-2025
2385,Mat Ryan,14,1260,0,0.0,0,0.0,0,0,0,0,GK,Lens,0,0.0,2.6335456520318985,2.6335456520318985,Ligue 1,2024-2025
3201,Alban Lafont,12,1080,0,0.0,0,0.044013237580657,0,2,1,0,GK,Nantes,0,0.0,1.3937527919188142,1.3692600997164843,Ligue 1,2024-2025
3223,Benjamin André,30,2697,0,1.371054551564157,3,2.627308584749698,16,20,11,0,M,Lille,0,1.371054551564157,13.42137890867889,10.625332277268171,Ligue 1,2024-2025
3237,Aissa Mandi,24,1768,0,0.3315985351800918,0,0.6807948816567659,6,5,3,0,D S,Lille,0,0.3315985351800918,9.503119693137704,8.91462001297623,Ligue 1,2024-2025
3269,Anthony Lopes,18,1563,0,0.0,0,0.0,0,0,2,0,GK,Nantes,0,0.0,2.5774409007281065,2.5774409007281065,Ligue 1,2024-2025
3275,Jordan Ferri,25,1804,0,0.3772363653406501,2,1.1186382779851556,13,13,6,1,M S,Montpellier,0,0.3772363653406501,4.9344646986573935,4.248800406232476,Ligue 1,2024-2025
3283,Mathieu Gorgelin,16,1440,0,0.0,0,0.0,0,0,2,0,GK,Le Havre,0,0.0,1.2509176190942526,1.2509176190942526,Ligue 1,2024-2025
3357,Djibril Sidibe,28,2117,0,0.3007795549929142,3,2.8126244712620974,5,17,1,0,D S,Toulouse,0,0.3007795549929142,9.035003576427698,7.015336375683546,Ligue 1,2024-2025
3415,Birama Touré,8,283,0,0.0778924580663442,0,0.106965010985732,3,3,2,0,D M S,Montpellier,0,0.0778924580663442,1.432715993374586,1.2641729759052396,Ligue 1,2024-2025
3448,Alois Confais,1,1,0,0.0,0,0.0,0,0,0,0,S,Le Havre,0,0.0,0.0,0.0,Ligue 1,2024-2025
3451,Benjamin Lecomte,30,2700,0,0.0,0,0.1389471162110567,0,4,0,0,GK,Montpellier,0,0.0,2.050063928589225,1.949775030836463,Ligue 1,2024-2025
3479,Marcus Coco,20,960,0,0.0411209259182214,1,1.6138275675475595,2,10,3,2,D S,Nantes,0,0.0411209259182214,4.087841607630253,3.2576057873666286,Ligue 1,2024-2025
3495,Pierrick Capelle,16,450,0,0.196986561641097,0,1.0418054088950155,6,4,4,0,M S,Angers,0,0.196986561641097,3.068952925503254,1.9870713837444784,Ligue 1,2024-2025
3521,Dennis Appiah,29,2108,0,0.2266706135123968,1,1.841416618786752,5,14,2,0,D S,Saint-Etienne,0,0.2266706135123968,5.950897566974163,5.068494353443384,Ligue 1,2024-2025
3530,Andy Delort,9,638,0,2.025093151256442,0,0.9238765966147184,17,7,1,0,F S,Montpellier,0,2.025093151256442,3.609125707298517,1.0867199301719666,Ligue 1,2024-2025
3591,Dimitry Bertaud,4,360,0,0.0,0,0.0,0,0,0,0,GK,Montpellier,0,0.0,0.0578339807689189,0.0578339807689189,Ligue 1,2024-2025
3599,Presnel Kimpembe,2,17,0,0.0,0,0.0,0,0,0,0,S,Paris Saint Germain,0,0.0,0.0,0.0,Ligue 1,2024-2025
3670,Nicolas Pallois,26,2028,0,0.371842572465539,2,0.494255181401968,3,3,8,0,D S,Nantes,0,0.371842572465539,6.117804568260908,6.050037901848555,Ligue 1,2024-2025
3713,Samuel Grandsir,6,67,0,0.0,0,0.4822875373065471,0,3,0,0,S,Le Havre,0,0.0,0.4629751034080982,0.0,Ligue 1,2024-2025
4748,Brice Samba,32,2880,0,0.0,0,0.0,0,0,4,0,GK,"Lens,Rennes",0,0.0,4.9049755074083805,4.9049755074083805,Ligue 1,2024-2025
4764,Jean-Philippe Gbamin,14,198,0,0.569337859749794,0,0.0,2,0,1,0,M S,Nantes,0,0.569337859749794,0.6775380037724972,0.6775380037724972,Ligue 1,2024-2025
4886,Cédric Hountondji,3,270,0,0.0,0,0.0,0,0,0,0,D,Angers,0,0.0,0.3801884092390537,0.3801884092390537,Ligue 1,2024-2025
4937,Miha Zajc,19,198,0,0.3662312375381589,0,0.1030116192996501,6,3,2,0,M S,Toulouse,0,0.3662312375381589,1.1233162842690945,0.7703394070267677,Ligue 1,2024-2025
4941,Hans Hateboer,26,1666,0,0.3708617677912116,0,1.6091739013791084,8,14,3,0,D S,Rennes,0,0.3708617677912116,5.4651538990437984,4.074558302760124,Ligue 1,2024-2025
5177,Caio Henrique,27,1942,0,0.2076587844640016,6,5.374105669558048,4,35,3,0,D S,Monaco,0,0.2076587844640016,11.531834749504924,9.6087069734931,Ligue 1,2024-2025
5261,Kevin Danso,12,1080,0,0.4530385807156563,0,0.7431958839297295,10,5,3,0,D,Lens,0,0.4530385807156563,5.39307077229023,4.678244903683662,Ligue 1,2024-2025
5352,Niklas Schmidt,9,180,0,0.0938451029360294,1,0.7143851704895496,3,5,0,0,M S,Toulouse,0,0.0938451029360294,1.9676594212651253,1.9220958948135376,Ligue 1,2024-2025
5480,Matvey Safonov,10,879,0,0.0,0,0.0,0,0,0,0,GK S,Paris Saint Germain,0,0.0,1.9866365529596808,1.9866365529596808,Ligue 1,2024-2025
5623,Lois Diony,1,17,0,0.0,0,0.0,0,0,0,0,S,Angers,0,0.0,0.0,0.0,Ligue 1,2024-2025
5624,Yunis Abdelhamid,16,1033,0,0.5630099419504404,0,0.1566100977361202,2,2,2,0,D S,Saint-Etienne,0,0.5630099419504404,1.9174782205373049,1.7889000941067934,Ligue 1,2024-2025
5648,Malang Sarr,21,1378,0,0.2300545470789075,0,0.3653634153306484,6,4,0,0,D S,Lens,0,0.2300545470789075,5.869433268904686,5.781389489769936,Ligue 1,2024-2025
5654,Baptiste Santamaria,23,1411,0,0.8494266346096992,1,1.5407738704234362,20,15,2,0,M S,"Nice,Rennes",0,0.8494266346096992,6.214584792032838,5.513916777446866,Ligue 1,2024-2025
5668,Théo Pellenard,2,40,0,0.0,0,0.0,0,0,0,0,S,Auxerre,0,0.0,0.0480645671486854,0.0480645671486854,Ligue 1,2024-2025
5677,Florent Mollet,9,243,0,0.2605061419308185,0,0.2627162719145417,6,6,1,0,M S,Nantes,0,0.2605061419308185,0.6235980913043022,0.2913534250110388,Ligue 1,2024-2025
5690,Karl-Johan Johnsson,3,270,0,0.0,0,0.0,0,0,0,0,GK,Strasbourg,0,0.0,1.017284244298935,1.017284244298935,Ligue 1,2024-2025
5732,Abdoulaye Bamba,19,1504,0,0.0550604052841663,0,0.2033483530394733,1,6,2,0,D S,Angers,0,0.0550604052841663,3.14669807581231,3.0990787222981453,Ligue 1,2024-2025
5756,Carlens Arcus,28,2077,0,0.0500690191984176,1,1.6900672409683466,3,18,3,0,D S,Angers,0,0.0500690191984176,5.611445492133498,4.199675463140011,Ligue 1,2024-2025
5768,Remy Descamps,1,90,0,0.0,0,0.0,0,0,0,0,GK,Lyon,0,0.0,0.167078748345375,0.167078748345375,Ligue 1,2024-2025
5801,Christopher Operi,13,1170,0,0.2694280641153455,2,3.8664896115660663,7,24,0,1,D M,Le Havre,0,0.2694280641153455,3.102471018210053,1.3027827069163322,Ligue 1,2024-2025
5803,Fode Toure,10,607,0,0.0,0,0.0893780887126922,0,1,0,0,D S,Le Havre,0,0.0,1.8735657222568989,1.7841876335442066,Ligue 1,2024-2025
5976,Yoann Salmier,13,797,0,1.4400821328163147,0,0.3146752174943685,5,2,3,0,D S,Le Havre,0,1.4400821328163147,1.782364564947784,0.9801783682778478,Ligue 1,2024-2025
5989,Moussa Niakhate,31,2721,0,0.0623198971152305,0,0.939738802611828,2,7,2,0,D S,Lyon,0,0.0623198971152305,14.163798050954938,13.801133589819074,Ligue 1,2024-2025
6015,Kouakou Herve Koffi,5,450,0,0.0,0,0.0,0,0,2,0,GK,Lens,0,0.0,0.0308848991990089,0.0308848991990089,Ligue 1,2024-2025
6088,Orel Mangala,1,72,0,0.0510935485363006,0,0.0557350255548954,1,1,0,0,M,Lyon,0,0.0510935485363006,0.2371718883514404,0.1814368665218353,Ligue 1,2024-2025
6177,Luiz Felipe,4,122,0,0.0,0,0.0,0,0,1,0,D S,Marseille,0,0.0,0.0838974714279174,0.0838974714279174,Ligue 1,2024-2025
6238,Ignatius Ganago,11,209,0,0.3806989369913935,0,0.2051987610757351,7,5,1,0,M S,Nantes,0,0.3806989369913935,1.140299677848816,0.7025820799171925,Ligue 1,2024-2025
6709,Yehvann Diouf,34,3060,0,0.0531185641884803,0,0.0,1,0,1,0,GK,Reims,0,0.0531185641884803,3.2106270287185907,3.2106270287185907,Ligue 1,2024-2025
6737,Maxime Bernauer,11,759,0,0.0417304644361138,0,0.0400794185698032,2,1,2,1,D S,Saint-Etienne,0,0.0417304644361138,2.282454239204526,2.2006443552672863,Ligue 1,2024-2025
6861,Anthony Briancon,1,1,0,0.0,0,0.0,0,0,0,0,S,Saint-Etienne,0,0.0,0.0,0.0,Ligue 1,2024-2025
6895,Jordan Lefort,34,3060,0,0.5102578178048134,1,1.3727682437747717,8,10,3,0,D,Angers,0,0.5102578178048134,7.271243300288916,6.82377390190959,Ligue 1,2024-2025
6981,Ismael Bennacer,12,655,0,0.0804673060774803,2,1.7141367830336094,3,13,2,0,M S,Marseille,0,0.0804673060774803,4.970827087759972,4.734022542834282,Ligue 1,2024-2025
7206,Jonathan Gradit,25,2129,0,0.5578836519271135,0,0.7267096601426601,16,10,4,0,D S,Lens,0,0.5578836519271135,8.751521684229374,8.127125641331077,Ligue 1,2024-2025
7248,Álex Domínguez,1,17,0,0.0,0,0.0,0,0,0,0,S,Toulouse,0,0.0,0.4151631891727447,0.4151631891727447,Ligue 1,2024-2025
7264,Han-Noah Massengo,17,1048,0,0.362643314525485,0,0.6310354843735695,6,3,5,0,M S,Auxerre,0,0.362643314525485,3.4386744014918804,3.12791520729661,Ligue 1,2024-2025
7328,Maxence Caqueret,9,566,0,0.8002437986433506,0,0.7801192887127399,7,10,1,0,M S,Lyon,0,0.8002437986433506,3.880155511200428,2.6901078708469868,Ligue 1,2024-2025
7355,Paul Akouokou,2,24,0,0.0,0,0.0,0,0,1,0,S,Lyon,0,0.0,0.0,0.0,Ligue 1,2024-2025
7486,Leonardo Balerdi,27,2278,0,1.4392217164859176,0,0.4985409192740917,15,8,7,1,D,Marseille,0,1.4392217164859176,16.083826947957277,15.257941201329231,Ligue 1,2024-2025
7574,Leo Petrot,31,2649,0,0.6627174057066441,3,1.8912924034520984,7,16,4,0,D S,Saint-Etienne,0,0.6627174057066441,6.048131167888641,4.505434879101813,Ligue 1,2024-2025
7728,Gautier Larsonneur,34,3060,0,0.0,0,0.0267612524330616,0,1,5,0,GK,Saint-Etienne,0,0.0,3.981030684430152,3.9542694282718,Ligue 1,2024-2025
7730,Jean-Charles Castelletto,30,2628,0,1.7714124927297237,0,0.0445183720439672,18,2,5,1,D M,Nantes,0,1.7714124927297237,6.044815128669143,5.600733108818531,Ligue 1,2024-2025
7732,Haris Belkebla,22,1792,0,0.1032319217920303,1,0.2792173726484179,3,4,1,0,M S,Angers,0,0.1032319217920303,3.4150968957692385,3.0657623186707497,Ligue 1,2024-2025
7735,Donovan Léon,32,2880,0,0.0,2,0.4050854407250881,0,3,4,0,GK,Auxerre,0,0.0,4.926462523639202,4.5213770512491465,Ligue 1,2024-2025
7763,Fabien Centonze,7,251,0,0.0,0,0.1400159895420074,0,3,0,0,D S,Nantes,0,0.0,0.6209783405065536,0.5694247186183929,Ligue 1,2024-2025
7765,Thomas Delaine,2,6,0,0.0,0,0.0,0,0,0,0,S,Strasbourg,0,0.0,0.0,0.0,Ligue 1,2024-2025
7772,Marcin Bulka,34,3060,0,0.0,0,0.1004298031330108,0,1,0,0,GK,Nice,0,0.0,6.690204915590584,6.589775112457573,Ligue 1,2024-2025
7913,Lamine Fomba,7,214,0,0.0187296755611896,0,0.2911641299724579,1,1,2,0,M S,Saint-Etienne,0,0.0187296755611896,0.56601133197546,0.2561175152659416,Ligue 1,2024-2025
8049,Jean-Kevin Duverne,9,549,0,0.230261473916471,0,0.0943180173635482,4,1,2,0,D S,Nantes,0,0.230261473916471,0.9434160189703108,0.907274080440402,Ligue 1,2024-2025
8146,Ismail Jakobs,2,180,0,0.0,0,0.3925643563270569,0,4,0,0,D,Monaco,0,0.0,1.7371062636375427,1.6373940110206604,Ligue 1,2024-2025
8151,Hianga&#039;a M&#039;Bock,1,15,0,0.0090294787660241,0,0.0,1,0,0,0,S,Brest,0,0.0090294787660241,0.0090294787660241,0.0,Ligue 1,2024-2025
8175,Zinédine Ould Khaled,10,330,0,0.0563457570970058,0,0.0,1,0,1,0,M S,Angers,0,0.0563457570970058,0.1092888843268156,0.0529431272298097,Ligue 1,2024-2025
8200,Logan Costa,1,90,0,0.0,0,0.517225444316864,0,1,0,0,D,Toulouse,0,0.0,0.6104925870895386,0.0932671874761581,Ligue 1,2024-2025
8314,Yvann Maçon,12,813,0,0.2846177355386317,0,0.2437667492777109,10,6,4,0,D S,Saint-Etienne,0,0.2846177355386317,1.7467972245067358,1.2373788207769394,Ligue 1,2024-2025
8548,Arnau Tenas,1,90,0,0.0,1,0.1297594010829925,0,2,0,0,GK,Paris Saint Germain,0,0.0,0.5017589330673218,0.3719995319843292,Ligue 1,2024-2025
8638,Lucas Chevalier,34,3060,0,0.0,0,0.4859750941395759,0,3,0,0,GK,Lille,0,0.0,5.530339283868671,5.044364167377353,Ligue 1,2024-2025
8641,Radoslaw Majecki,15,1350,0,0.0,0,0.0,0,0,1,0,GK,Monaco,0,0.0,3.081538751721382,3.081538751721382,Ligue 1,2024-2025
8644,Eliot Matazo,3,68,0,0.0,0,0.0738740488886833,0,1,0,0,M S,Monaco,0,0.0,0.2393044978380203,0.1654304414987564,Ligue 1,2024-2025
8647,Thibault De Smet,5,181,0,0.1091358661651611,0,0.0,1,0,0,0,D S,Reims,0,0.1091358661651611,0.2354586198925972,0.2354586198925972,Ligue 1,2024-2025
8657,Jeremy Le Douaron,2,99,0,0.4151886440813541,0,0.0,2,0,0,0,F S,Brest,0,0.4151886440813541,0.4151886440813541,0.0,Ligue 1,2024-2025
8660,Jordan Lotomba,2,26,0,0.0,0,0.0,0,0,0,0,S,Nice,0,0.0,0.0610357262194156,0.0610357262194156,Ligue 1,2024-2025
8664,Facundo Medina,29,2558,0,1.997521806508303,1,2.1699847169220448,28,23,13,1,D M,Lens,0,1.997521806508303,13.792968783527613,10.98086129128933,Ligue 1,2024-2025
8687,Kiki Kouyate,11,754,0,0.4427997916936874,0,0.7085217833518982,8,1,4,1,D S,Montpellier,0,0.4427997916936874,0.5840597907081246,0.5301698008552194,Ligue 1,2024-2025
8746,Aïmen Moueffek,22,1028,0,1.0357473585754633,1,1.532620931044221,10,10,2,0,M S,Saint-Etienne,0,1.0357473585754633,4.927065301686525,3.188139194622636,Ligue 1,2024-2025
8759,David Pereira Da Costa,11,337,0,0.751729317009449,0,0.4201097805052995,9,6,0,1,M S,Lens,0,0.751729317009449,1.3956514783203602,0.5065601021051407,Ligue 1,2024-2025
8785,Cédric Kipré,28,2195,0,0.3413932034745812,1,0.940518444404006,9,10,4,1,D S,Reims,0,0.3413932034745812,6.36738414876163,5.450903758406639,Ligue 1,2024-2025
9001,Martín Satriano,7,70,0,0.4654059642925858,0,0.1549183130264282,5,2,0,0,S,Lens,0,0.4654059642925858,1.033323143608868,0.5440714890137315,Ligue 1,2024-2025
9092,Marvin Senaya,10,193,0,0.0254843551665544,0,0.1141876205801963,1,2,3,0,D S,Strasbourg,0,0.0254843551665544,0.4306453373283148,0.363381166011095,Ligue 1,2024-2025
9170,John Finn,13,525,0,0.1517265848815441,0,0.0082203112542629,8,1,0,0,M S,Reims,0,0.1517265848815441,0.3870111797004938,0.3323852811008692,Ligue 1,2024-2025
9250,Reda Khadra,4,39,0,0.0,0,0.0671740919351577,0,1,0,0,S,Reims,0,0.0,0.1099673882126808,0.1099673882126808,Ligue 1,2024-2025
9274,Naouirou Ahamada,3,51,0,0.0217296388000249,0,0.0,1,0,0,0,S,Rennes,0,0.0217296388000249,0.0753938257694244,0.0536641851067543,Ligue 1,2024-2025
9279,Krépin Diatta,19,452,0,0.1904347240924835,0,0.7644898518919945,2,4,3,0,D M S,Monaco,0,0.1904347240924835,1.934105223044753,1.0433780122548342,Ligue 1,2024-2025
9317,Oussama Targhaline,14,997,0,0.157673180103302,0,0.6418087482452393,5,7,0,0,M S,Le Havre,0,0.157673180103302,1.9886683002114296,1.4030463602393866,Ligue 1,2024-2025
9491,Warmed Omari,1,3,0,0.0,0,0.0,0,0,0,0,S,Lyon,0,0.0,0.0,0.0,Ligue 1,2024-2025
9514,Antoine Mendy,18,805,0,0.895209914073348,0,0.0798809472471475,9,2,2,0,D S,Nice,0,0.895209914073348,3.4466172512620687,3.302452316507697,Ligue 1,2024-2025
9614,Marco Bizot,32,2880,0,0.0,0,0.0,0,0,4,0,GK,Brest,0,0.0,2.935953399166465,2.935953399166465,Ligue 1,2024-2025
9616,Grégoire Coudert,2,180,0,0.0,0,0.0,0,0,0,0,GK,Brest,0,0.0,0.3921250365674495,0.3921250365674495,Ligue 1,2024-2025
9618,Gauthier Gallon,1,41,0,0.0,0,0.0,0,0,0,0,S,Rennes,0,0.0,0.0,0.0,Ligue 1,2024-2025
9631,Christopher Wooh,20,1457,0,1.0543314702808857,0,0.1007634289562702,10,2,6,1,D S,Rennes,0,1.0543314702808857,5.070950597524643,4.8503449112176895,Ligue 1,2024-2025
9635,Karol Fila,1,3,0,0.0,0,0.0,0,0,1,0,S,Strasbourg,0,0.0,0.0,0.0,Ligue 1,2024-2025
9638,Arthur Desmas,18,1620,0,0.0,0,0.0407986566424369,0,1,2,0,GK,Le Havre,0,0.0,2.1496369624510407,2.108838298358023,Ligue 1,2024-2025
9652,Alidu Seidu,11,809,0,0.0980788581073284,0,0.3064316734671592,3,5,4,0,D S,Rennes,0,0.0980788581073284,1.3150964975357056,1.1322132349014282,Ligue 1,2024-2025
9658,Billal Brahimi,2,73,0,0.0600726082921028,0,0.0126950945705175,1,1,0,0,D S,Nice,0,0.0600726082921028,0.3009094223380089,0.3009094223380089,Ligue 1,2024-2025
9659,Bradley Locko,2,96,0,0.0327756740152835,0,0.0,1,0,1,0,D S,Brest,0,0.0327756740152835,0.2675226032733917,0.2347469180822372,Ligue 1,2024-2025
9699,Bamo Meïté,10,458,0,0.0453549399971962,0,0.0,1,0,2,1,D S,"Marseille,Montpellier",0,0.0453549399971962,1.3403869029134512,1.3403869029134512,Ligue 1,2024-2025
9807,Gideon Mensah,29,2292,0,0.1334052672609686,1,1.9292180109769104,4,21,2,0,D S,Auxerre,0,0.1334052672609686,8.611782740801573,6.888859694823623,Ligue 1,2024-2025
9826,Axel Camblan,2,16,0,0.098401553928852,0,0.0,1,0,0,0,S,Brest,0,0.098401553928852,0.098401553928852,0.0,Ligue 1,2024-2025
9833,Andrew Omobamidele,10,526,0,0.0,0,0.0,0,0,3,1,D S,Strasbourg,0,0.0,2.7554018162190914,2.7554018162190914,Ligue 1,2024-2025
9932,Nordine Kandil,1,8,0,0.0,0,0.0,0,0,0,0,S,Strasbourg,0,0.0,0.0,0.0,Ligue 1,2024-2025
10196,Martin Adeline,1,23,0,0.0,0,0.0,0,0,0,0,S,Reims,0,0.0,0.0583196207880973,0.0583196207880973,Ligue 1,2024-2025
10243,Jacques Ekomie,18,673,0,0.0208582151681184,0,0.0,1,0,1,0,D M S,Angers,0,0.0208582151681184,0.5518848989158869,0.5518848989158869,Ligue 1,2024-2025
10295,Louis Mouton,24,1047,0,1.502646909095347,1,1.4524020813405514,19,16,2,0,M S,Saint-Etienne,0,1.502646909095347,5.196958344429731,3.317083846777677,Ligue 1,2024-2025
10373,Falaye Sacko,16,1240,0,0.0,1,0.2369506284594535,0,9,1,0,D S,Montpellier,0,0.0,2.216378351673484,2.145882608368993,Ligue 1,2024-2025
10374,Gabriel Barès,6,34,0,0.0,0,0.0,0,0,0,0,S,Montpellier,0,0.0,0.0556986629962921,0.0556986629962921,Ligue 1,2024-2025
10375,Enzo Tchato Mbiayi,27,1897,0,0.1498086592182517,0,1.415210192091763,4,14,3,0,D M S,Montpellier,0,0.1498086592182517,4.054414887912571,2.7722308235242963,Ligue 1,2024-2025
10467,Soumaila Coulibaly,7,435,0,0.2297682277858257,0,0.0511240065097808,4,1,1,0,D S,Brest,0,0.2297682277858257,0.4004100859165191,0.4004100859165191,Ligue 1,2024-2025
10626,Mory Gbane,13,1130,0,0.1804192522540688,1,0.3391371257603168,5,7,2,1,D M,Reims,0,0.1804192522540688,3.109780855476856,2.8690338600426912,Ligue 1,2024-2025
10770,Soungoutou Magassa,21,1008,0,0.3228309992700815,1,0.7810156438499689,8,7,5,1,M S,Monaco,0,0.3228309992700815,3.901182141155005,3.066309651359916,Ligue 1,2024-2025
10788,Rasmus Nicolaisen,7,626,0,0.700584932230413,1,0.3520319908857345,5,2,0,0,D,Toulouse,0,0.700584932230413,0.9597414275631307,0.9597414275631307,Ligue 1,2024-2025
10789,Anthony Rouault,11,979,0,0.4271585717797279,0,0.0120881237089633,7,1,3,0,D,Rennes,0,0.4271585717797279,2.90672180056572,2.894633673131466,Ligue 1,2024-2025
10795,Denis Genreau,8,214,0,0.3040780751034617,0,0.4024849347770214,6,5,0,0,M S,Toulouse,0,0.3040780751034617,0.5083176763728261,0.2743220273405313,Ligue 1,2024-2025
10800,Kjetil Haug,6,498,0,0.0,0,0.0,0,0,0,0,GK S,Toulouse,0,0.0,0.394363378174603,0.394363378174603,Ligue 1,2024-2025
10801,Rares Ilie,2,5,0,0.0661374777555465,0,0.2890423089265823,1,4,0,0,S,Nice,0,0.0661374777555465,0.333377793431282,0.1333826780319214,Ligue 1,2024-2025
10811,Ismaily,16,911,0,1.3970418814569712,1,1.519013799726963,10,5,4,0,D S,Lille,0,1.3970418814569712,5.690224297344685,3.8401562459766874,Ligue 1,2024-2025
10817,Paul Joly,26,991,0,0.6258648559451103,1,1.860155014321208,10,16,3,1,D S,Auxerre,0,0.6258648559451103,3.401177999563515,2.425239468924701,Ligue 1,2024-2025
10818,Kévin Danois,22,1466,0,0.9946297388523816,0,2.3297908948734403,16,25,1,0,M S,Auxerre,0,0.9946297388523816,6.475489607080817,3.929859349504113,Ligue 1,2024-2025
10819,Khalil Fayad,20,1019,0,1.0423028054647148,0,0.2745409663766622,17,7,5,0,F M S,Montpellier,0,1.0423028054647148,2.9539879066869617,1.845834611915052,Ligue 1,2024-2025
10827,Amine Salama,17,337,0,1.040024921298027,0,0.4106262847781181,9,5,0,0,F S,Reims,0,1.040024921298027,1.5647102408111095,0.249529343098402,Ligue 1,2024-2025
10829,Yahia Fofana,33,2970,0,0.0,0,0.0941308066248893,0,1,4,0,GK,Angers,0,0.0,2.507958922535181,2.413828115910292,Ligue 1,2024-2025
10856,Emmanuel Agbadou,14,1260,0,0.5038924785330892,0,0.5655539585277438,15,8,3,0,D,Reims,0,0.5038924785330892,6.213934827595949,5.935578167438507,Ligue 1,2024-2025
11013,Naatan Skyttä,1,2,0,0.0,0,0.0,0,0,0,0,S,Toulouse,0,0.0,0.0,0.0,Ligue 1,2024-2025
11016,Ousmane Camara,3,255,0,0.0253534894436597,0,0.023300090804696,1,1,1,0,D,Angers,0,0.0253534894436597,0.340166337788105,0.340166337788105,Ligue 1,2024-2025
11080,Valentín Carboni,4,97,0,0.0491521507501602,0,0.1342877671122551,2,3,1,0,M S,Marseille,0,0.0491521507501602,0.2410234194248914,0.0851595979183912,Ligue 1,2024-2025
11084,Axel Gueguin,1,20,0,0.0,0,0.0,0,0,0,0,S,Montpellier,0,0.0,0.0,0.0,Ligue 1,2024-2025
11131,Christian Mawissa Elebi,22,1510,0,0.2273707389831543,0,0.0303669869899749,1,1,3,0,D S,Monaco,0,0.2273707389831543,6.441874049603939,6.214503310620785,Ligue 1,2024-2025
11157,Sael Kumbedi,14,971,0,0.4896445125341415,0,0.3195243291556835,4,5,2,0,D S,Lyon,0,0.4896445125341415,6.196358565241098,5.505651500076056,Ligue 1,2024-2025
11250,Théo De Percin,2,180,0,0.0,0,0.0,0,0,0,0,GK,Auxerre,0,0.0,0.336399307474494,0.336399307474494,Ligue 1,2024-2025
11253,Mamadou Sarr,27,2376,0,1.0967955440282822,1,0.6334617212414742,5,5,4,0,D,Strasbourg,0,1.0967955440282822,8.953484015539289,8.72878991253674,Ligue 1,2024-2025
11254,Ilyes Housni,12,222,0,0.2678281217813492,0,0.4824498342350125,5,2,0,0,F S,Le Havre,0,0.2678281217813492,0.3481463463976979,0.1453414782881736,Ligue 1,2024-2025
11259,Julien Le Cardinal,16,1375,0,0.5752955917268991,1,0.2125720363110304,10,5,3,0,D S,Brest,0,0.5752955917268991,2.933543460443616,2.7910752836614847,Ligue 1,2024-2025
11270,Edhy Zuliani,1,5,0,0.0,0,0.0,0,0,0,0,S,Toulouse,0,0.0,0.0,0.0,Ligue 1,2024-2025
11271,Nathan Zeze,18,1522,0,0.3342009782791137,0,0.0102112600579857,6,1,6,0,D S,Nantes,0,0.3342009782791137,3.897283853031695,3.887072592973709,Ligue 1,2024-2025
11294,Lilian Raolisoa,29,1303,0,0.7193387225270271,3,2.220577195286751,14,15,1,2,D M S,Angers,0,0.7193387225270271,4.16938048787415,2.54784245043993,Ligue 1,2024-2025
11311,Aurélio Buta,27,2013,0,0.290973786264658,1,1.5548659227788448,8,10,5,0,D S,Reims,0,0.290973786264658,6.656364345923066,5.113347943872213,Ligue 1,2024-2025
11342,Eduard Sobol,10,64,0,0.0,0,0.0,0,0,2,0,S,Strasbourg,0,0.0,0.1682674437761306,0.1682674437761306,Ligue 1,2024-2025
11343,Gabriel Suazo,30,2171,0,0.9292145520448684,6,4.621762367896736,7,41,0,0,D S,Toulouse,0,0.9292145520448684,9.319922336377203,6.149451741017401,Ligue 1,2024-2025
11494,Justin-Noel Kalumba,2,21,0,0.0107367057353258,0,0.0,1,0,0,0,S,Angers,0,0.0107367057353258,0.0107367057353258,0.0,Ligue 1,2024-2025
11545,Jérémy Jacquet,11,933,0,0.4790785685181618,1,0.6175114922225475,8,4,0,0,D,Rennes,0,0.4790785685181618,4.442345820367336,4.400260426104069,Ligue 1,2024-2025
11756,Tiago Santos,7,406,0,0.7257370315492153,0,0.9083281755447388,8,5,1,0,D S,Lille,0,0.7257370315492153,3.671825662255287,2.142793569713831,Ligue 1,2024-2025
11758,Ousmane Touré,1,3,0,0.0,0,0.0,0,0,0,0,S,Lille,0,0.0,0.0,0.0,Ligue 1,2024-2025
11759,Aaron Malouda,1,1,0,0.0,0,0.0,0,0,0,0,S,Lille,0,0.0,0.0,0.0,Ligue 1,2024-2025
11763,Abduqodir Khusanov,13,978,0,0.2139793438836932,0,0.3007875084877014,5,2,2,1,D S,Lens,0,0.2139793438836932,2.1697800625115637,2.1552239637821917,Ligue 1,2024-2025
11764,Ayanda Sishuba,1,1,0,0.0,0,0.0,0,0,0,0,S,Rennes,0,0.0,0.0,0.0,Ligue 1,2024-2025
11776,Guillaume Restes,29,2545,0,0.0,1,0.0531766414642334,0,1,2,0,GK,Toulouse,0,0.0,1.9823221750557425,1.9823221750557425,Ligue 1,2024-2025
11781,Philipp Köhn,19,1710,0,0.0,0,0.0,0,0,1,0,GK,Monaco,0,0.0,2.3390723280608654,2.3390723280608654,Ligue 1,2024-2025
11786,Becir Omeragic,22,1813,0,0.5606440333649516,0,0.2280519586056471,7,3,1,0,D M S,Montpellier,0,0.5606440333649516,3.637014091014862,3.4458152391016483,Ligue 1,2024-2025
11787,Loïc Négo,31,2473,0,0.49317517131567,0,0.6734980046749115,12,12,4,0,D M S,Le Havre,0,0.49317517131567,8.307339046150446,7.502250701189041,Ligue 1,2024-2025
11793,Andy Logbo,1,22,0,0.3320036232471466,0,0.0,1,0,0,0,S,Le Havre,0,0.3320036232471466,0.3320036232471466,0.0,Ligue 1,2024-2025
11794,Antoine Joujou,26,923,0,0.8187035582959652,2,3.482716904953122,11,15,1,0,F M S,Le Havre,0,0.8187035582959652,5.577205473557115,2.045214200392365,Ligue 1,2024-2025
11796,Étienne Youté,28,2315,0,2.039354825392365,0,0.1349055804312229,14,3,4,1,D M S,Le Havre,0,2.039354825392365,5.2596653224900365,5.181505971588194,Ligue 1,2024-2025
11819,Clinton Mata,29,2366,0,0.2285805158317089,4,1.6789899617433548,5,11,6,0,D S,Lyon,0,0.2285805158317089,13.282061882317066,11.594574950635431,Ligue 1,2024-2025
11906,Emmanuel Sabbi,15,649,0,2.540320668369532,0,0.3121907748281955,15,4,1,0,F M S,Le Havre,0,2.540320668369532,3.1046951226890087,0.8212496228516102,Ligue 1,2024-2025
11907,Mohamed Daramy,2,10,0,0.0589403845369815,0,0.1120384484529495,1,1,0,0,S,Reims,0,0.0589403845369815,0.1709788292646408,0.0589403845369815,Ligue 1,2024-2025
11910,William Pacho,28,2127,0,0.4473239723592996,1,0.4379923958331346,6,3,2,0,D S,Paris Saint Germain,0,0.4473239723592996,19.410272642970085,19.096385285258293,Ligue 1,2024-2025
12032,Djordje Petrovic,31,2790,0,0.0,0,0.0,0,0,2,0,GK,Strasbourg,0,0.0,6.611872253939509,6.611872253939509,Ligue 1,2024-2025
12066,Ethan Mbappé,10,194,0,1.1661293618381023,0,1.6172430515289309,11,6,3,0,M S,Lille,0,1.1661293618381023,3.204540476202965,1.5328324940055609,Ligue 1,2024-2025
12127,Yanis Issoufou,4,67,0,0.0685620512813329,0,0.0,2,0,0,0,M S,Montpellier,0,0.0685620512813329,0.151347167789936,0.0827851165086031,Ligue 1,2024-2025
12143,Mahamadou Diawara,17,576,0,0.267759189940989,1,0.2866376228630543,7,7,0,0,M S,"Le Havre,Lyon",0,0.267759189940989,1.3198313117027285,0.8539094002917409,Ligue 1,2024-2025
12162,Ayyoub Bouaddi,24,1112,0,0.1453191004693508,1,0.9552446156740187,3,5,2,0,M S,Lille,0,0.1453191004693508,4.033296465873718,3.430319271981716,Ligue 1,2024-2025
12163,Amadou Koné,24,1317,0,0.6375932982191443,0,0.4133790861815214,14,8,3,1,M S,Reims,0,0.6375932982191443,3.436397861689329,2.664161939173937,Ligue 1,2024-2025
12183,Jeremy Sebas,13,163,0,0.8336555138230324,0,0.0156268291175365,6,1,0,0,M S,Strasbourg,0,0.8336555138230324,1.52097662165761,0.671694278717041,Ligue 1,2024-2025
12185,Kandet Diawara,1,1,0,0.0,0,0.0,0,0,0,0,S,Le Havre,0,0.0,0.0,0.0,Ligue 1,2024-2025
12186,Kassoum Ouattara,12,380,0,0.1231917422264814,1,1.7095962539315224,2,6,2,0,D S,Monaco,0,0.1231917422264814,2.4682640451937914,0.762264434248209,Ligue 1,2024-2025
12258,Luc Zogbe,13,616,0,0.2781616365537047,0,0.0962673956528306,8,4,2,0,D S,Brest,0,0.2781616365537047,1.4661995507776735,1.2259825393557549,Ligue 1,2024-2025
12264,Saïmon Bouabré,3,92,0,0.0,0,0.0,0,0,0,0,M S,Monaco,0,0.0,0.0,0.0,Ligue 1,2024-2025
12285,Mamadou Coulibaly,1,5,0,0.0356051810085773,0,0.0,1,0,0,0,S,Monaco,0,0.0356051810085773,0.0355999208986759,0.0355999208986759,Ligue 1,2024-2025
12317,Nhoa Sangui,26,1080,0,0.1100270971655845,2,0.5577920638024807,3,5,3,0,D M S,Reims,0,0.1100270971655845,3.8499816497787833,3.281405984424054,Ligue 1,2024-2025
12337,Adryelson,1,1,0,0.0,0,0.0,0,0,1,0,S,Lyon,0,0.0,0.0,0.0,Ligue 1,2024-2025
12369,Lucas Perri,33,2970,0,0.0,0,0.0141381025314331,0,1,1,0,GK,Lyon,0,0.0,5.618100218474865,5.603962115943432,Ligue 1,2024-2025
12376,Lucas Michal,8,98,0,0.3729779087007046,0,0.8126267194747925,3,1,0,0,S,Monaco,0,0.3729779087007046,2.0130007416009903,0.911671144887805,Ligue 1,2024-2025
12387,Dehmaine Assoumani,12,63,0,0.0473530506715178,0,1.2690088376402855,3,5,0,0,S,Nantes,0,0.0473530506715178,1.1075081024318931,0.468676446005702,Ligue 1,2024-2025
12391,Tom Pouilly,10,252,0,0.6400113068521023,0,0.5618034703657031,4,3,1,0,D S,Lens,0,0.6400113068521023,1.6114612743258476,0.933405939489603,Ligue 1,2024-2025
12402,Yoram Zague,4,183,0,0.0493090897798538,0,0.114050805568695,1,2,0,0,D S,Paris Saint Germain,0,0.0493090897798538,1.2584923692047596,1.0951324738562107,Ligue 1,2024-2025
12411,Junior Ndiaye,15,410,0,0.8206368610262871,0,0.3226534109562635,5,5,0,0,F S,Montpellier,0,0.8206368610262871,1.9936029464006424,0.9917767867445946,Ligue 1,2024-2025
12425,Faris Moumbagna,1,8,0,0.0,0,0.0,0,0,0,0,S,Marseille,0,0.0,0.0,0.0,Ligue 1,2024-2025
12498,Valentín Barco,14,1181,0,0.4179076869040727,2,0.9902437552809716,9,8,2,0,D M,Strasbourg,0,0.4179076869040727,6.142196942120791,4.932882446795702,Ligue 1,2024-2025
12530,Mikayil Faye,11,701,0,0.2133091790601611,0,0.0261528939008712,6,1,1,1,D S,Rennes,0,0.2133091790601611,1.241620533168316,1.14600882679224,Ligue 1,2024-2025
12538,Amidou Doumbouya,2,36,0,0.0,0,0.0,0,0,0,0,S,Nice,0,0.0,0.0661374777555465,0.0661374777555465,Ligue 1,2024-2025
12567,Ikechukwu Orazi,1,1,0,0.0,0,0.0,0,0,0,0,S,Reims,0,0.0,0.0,0.0,Ligue 1,2024-2025
12587,Keyliane Abdallah,1,1,0,0.0,0,0.0,0,0,0,0,S,Marseille,0,0.0,0.0,0.0,Ligue 1,2024-2025
12598,Rafik Messali,13,449,0,0.2653466807678342,1,1.3155864290893078,4,11,0,0,D S,Toulouse,0,0.2653466807678342,1.991558806039393,1.5136390486732123,Ligue 1,2024-2025
12601,Darryl Bakola,2,8,0,0.0,0,0.0,0,0,0,0,S,Marseille,0,0.0,0.0,0.0,Ligue 1,2024-2025
12618,Abdoul Koné,4,149,0,0.0,0,0.0,0,0,0,0,D S,Reims,0,0.0,0.1326263695955276,0.1326263695955276,Ligue 1,2024-2025
12729,Mathéo Bodmer,1,4,0,0.0,0,0.0,0,0,0,0,S,Le Havre,0,0.0,0.0,0.0,Ligue 1,2024-2025
12732,Yanis Zouaoui,17,964,0,0.1306074019521474,2,2.822066869586706,5,28,3,0,D M S,Le Havre,0,0.1306074019521474,3.591550731100142,2.662312519736588,Ligue 1,2024-2025
12769,Derek Cornelius,21,1439,0,1.2505614198744297,0,0.1212597880512476,9,4,5,2,D S,Marseille,0,1.2505614198744297,8.20582771860063,8.10980142466724,Ligue 1,2024-2025
12770,Enzo Sternal,2,13,0,0.0,0,0.0218993779271841,0,1,1,0,S,Marseille,0,0.0,0.0218993779271841,0.0,Ligue 1,2024-2025
12773,Alexi Koum,1,10,0,0.0,0,0.0,0,0,0,0,S,Marseille,0,0.0,0.4951261878013611,0.4951261878013611,Ligue 1,2024-2025
12800,Ngal&#039;ayel Mukau,22,1224,0,0.6315305065363646,1,0.6004146225750446,11,12,4,0,M S,Lille,0,0.6315305065363646,5.425000528804958,4.504856581799686,Ligue 1,2024-2025
12805,Beres Owusu,1,90,0,0.0,0,0.0496347174048423,0,1,0,0,D,Saint-Etienne,0,0.0,0.0665866360068321,0.0169519167393445,Ligue 1,2024-2025
12807,Marwann N&#039;Zuzi,2,130,0,0.0268878797069191,0,0.2508742213249206,2,1,2,0,D,Saint-Etienne,0,0.0268878797069191,0.2777621131390333,0.2508742213249206,Ligue 1,2024-2025
12808,Mathis Amougou,17,840,0,0.424521129578352,0,0.3597651943564415,7,7,2,0,M S,Saint-Etienne,0,0.424521129578352,1.942910548299551,1.38503728620708,Ligue 1,2024-2025
12809,Ben Old,13,503,0,1.067740261554718,0,0.6837401520460844,11,8,0,0,F M S,Saint-Etienne,0,1.067740261554718,2.2481454219669104,0.6089571844786406,Ligue 1,2024-2025
12811,Ayman Aiki,5,124,0,0.1384256929159164,0,0.0184057801961898,3,1,0,0,M S,Saint-Etienne,0,0.1384256929159164,0.1568314731121063,0.0,Ligue 1,2024-2025
12813,Jibril Othman,1,2,0,0.0,0,0.0,0,0,0,0,S,Saint-Etienne,0,0.0,0.0,0.0,Ligue 1,2024-2025
12814,Kévin Pedro,1,7,0,0.0,0,0.0,0,0,0,0,S,Saint-Etienne,0,0.0,0.0,0.0,Ligue 1,2024-2025
12824,Clément Akpa,31,2507,0,0.2133147586137056,1,0.690540705807507,6,8,7,0,D S,Auxerre,0,0.2133147586137056,5.747673346661031,5.519227394834161,Ligue 1,2024-2025
12827,Eros Maddy,2,6,0,0.0,0,0.0700502097606659,0,1,1,0,S,Auxerre,0,0.0,0.1998818963766098,0.1298316866159439,Ligue 1,2024-2025
12828,Ben Viadère,1,2,0,0.0,0,0.0634360909461975,0,1,0,0,S,Auxerre,0,0.0,0.0,0.0,Ligue 1,2024-2025
12830,Issiaga Camara,4,8,0,0.0,0,0.0,0,0,0,0,S,Nice,0,0.0,0.2139137536287307,0.2139137536287307,Ligue 1,2024-2025
12831,Victor Orakpo,4,22,0,0.1953250356018543,0,0.0,2,0,0,0,S,Nice,0,0.1953250356018543,0.2707491554319858,0.0754241198301315,Ligue 1,2024-2025
12833,Yaël Nandjou,3,162,0,0.3046690821647644,0,0.7110361605882645,1,2,0,0,D S,Nice,0,0.3046690821647644,0.9248197376728058,0.8209627494215965,Ligue 1,2024-2025
12834,Théo Chennahi,4,178,0,0.0648820046335458,0,0.0398028343915939,2,1,2,0,D S,Montpellier,0,0.0648820046335458,0.2398048266768455,0.1351199932396412,Ligue 1,2024-2025
12836,Stefan Dzodic,7,232,0,0.0974617833271622,0,0.0,3,0,2,1,D S,Montpellier,0,0.0974617833271622,0.3797924555838108,0.2996872328221798,Ligue 1,2024-2025
12837,Caleb Wiley,6,266,0,0.0871211290359497,1,0.4157076366245746,1,2,1,0,D M S,Strasbourg,0,0.0871211290359497,0.6362759806215763,0.170904491096735,Ligue 1,2024-2025
12839,Óscar Perea,2,6,0,0.0106820613145828,0,0.0,1,0,0,0,S,Strasbourg,0,0.0106820613145828,0.1107083857059478,0.100026324391365,Ligue 1,2024-2025
12847,Sidiki Chérif,7,316,0,0.6688119219616055,0,0.1973147243261337,5,2,0,0,F S,Angers,0,0.6688119219616055,1.313505083322525,0.4473784565925598,Ligue 1,2024-2025
12849,Melvin Zinga,1,90,0,0.0,0,0.0,0,0,0,0,GK,Angers,0,0.0,0.1170767471194267,0.1170767471194267,Ligue 1,2024-2025
12879,Glen Kamara,13,669,0,0.0705003067851066,1,0.342876736074686,1,6,0,0,M S,Rennes,0,0.0705003067851066,2.294796884059906,1.981876434758305,Ligue 1,2024-2025
12882,Jordan James,23,1195,0,0.7698334716260433,1,1.593195166438818,17,23,4,0,M S,Rennes,0,0.7698334716260433,6.49567412212491,5.053157513961196,Ligue 1,2024-2025
12959,Ibrahima Wadji,10,310,0,1.4464850015938282,0,0.008656246587634,12,1,1,0,F S,Saint-Etienne,0,1.4464850015938282,1.5150682795792818,0.1677871295250952,Ligue 1,2024-2025
12969,Moïse Bombito,27,2197,0,0.667370643466711,0,0.0967963011935353,8,2,1,1,D S,Nice,0,0.667370643466711,10.300597555935385,10.190820388495922,Ligue 1,2024-2025
12994,Gabriel Moscardo,6,74,0,0.1503106001764536,0,0.0,2,0,1,0,S,Reims,0,0.1503106001764536,0.2514663282781839,0.1011557281017303,Ligue 1,2024-2025
13024,Serigne Diop,2,2,0,0.0,0,0.0,0,0,0,0,S,Brest,0,0.0,0.0,0.0,Ligue 1,2024-2025
13025,Pierre Cornud,11,568,0,0.0,0,0.3982537277042866,0,3,2,0,D S,Saint-Etienne,0,0.0,1.8506680876016617,1.752265989780426,Ligue 1,2024-2025
13033,Ümit Akdag,9,514,0,0.0767529448494315,0,0.054871579632163,2,2,2,0,D S,Toulouse,0,0.0767529448494315,0.6236050240695477,0.587440725415945,Ligue 1,2024-2025
13042,Mohamed Abdelmonem,12,857,0,0.0,0,0.0,0,0,2,0,D S,Nice,0,0.0,4.064305446110666,4.064305446110666,Ligue 1,2024-2025
13043,Mohamed Bamba,2,3,0,0.0,0,0.0,0,0,0,0,S,Reims,0,0.0,0.0,0.0,Ligue 1,2024-2025
13076,Aristide Zossou,3,3,0,0.0,0,0.0,0,0,0,0,S,Auxerre,0,0.0,0.0,0.0,Ligue 1,2024-2025
13089,Patrik Carlgren,5,417,0,0.0,0,0.0,0,0,0,0,GK S,Nantes,0,0.0,0.6648676618933678,0.6648676618933678,Ligue 1,2024-2025
13091,Jaydee Canvot,18,1102,0,0.2417431576177477,0,0.4410763494670391,5,4,2,0,D M S,Toulouse,0,0.2417431576177477,3.721827119588852,3.361432507634163,Ligue 1,2024-2025
13100,Juma Bah,10,684,0,0.1038192119449377,0,0.1231439411640167,2,2,2,0,D S,Lens,0,0.1038192119449377,2.665540926158428,2.5423969887197018,Ligue 1,2024-2025
13119,Simon Cara,2,2,0,0.0,0,0.0,0,0,0,0,S,Montpellier,0,0.0,0.0,0.0,Ligue 1,2024-2025
13125,Igor Miladinovic,3,19,0,0.0,0,0.0,0,0,0,0,S,Saint-Etienne,0,0.0,0.0138495154678821,0.0138495154678821,Ligue 1,2024-2025
13126,Niama Sissoko,4,33,0,0.1385118328034877,0,0.0,2,0,0,0,S,Reims,0,0.1385118328034877,0.1385118328034877,0.0,Ligue 1,2024-2025
13135,Ange-Loïc N’Gatta,2,4,0,0.0,0,0.0,0,0,1,0,S,Auxerre,0,0.0,0.0,0.0,Ligue 1,2024-2025
13137,Sékou Doucouré,2,9,0,0.0,0,0.0,0,0,0,0,S,Nantes,0,0.0,0.0,0.0,Ligue 1,2024-2025
13141,Kyllian Antonio,3,144,0,0.0550034828484058,0,0.0,1,0,0,0,D S,Lens,0,0.0550034828484058,0.0741415098309516,0.0191380269825458,Ligue 1,2024-2025
13158,Marius Courcoul,8,296,0,0.0598311349749565,0,0.0417022667825222,3,1,0,0,M S,Angers,0,0.0598311349749565,0.4375119507312774,0.3982678726315498,Ligue 1,2024-2025
13174,Yael Mouanga,14,941,0,0.3622781634330749,0,0.282533299177885,1,2,3,0,D S,Montpellier,0,0.3622781634330749,2.5086481627076864,2.5086481627076864,Ligue 1,2024-2025
13182,Younes Lachaab,2,4,0,0.0547575540840625,0,0.0,1,0,0,0,S,Lille,0,0.0547575540840625,0.1952003538608551,0.1404428035020828,Ligue 1,2024-2025
13192,Milos Lukovic,2,10,0,0.0,0,0.0,0,0,0,0,S,Strasbourg,0,0.0,0.0,0.0,Ligue 1,2024-2025
13207,Kembo Diliwidi,1,3,0,0.0,0,0.0,0,0,0,0,S,Lens,0,0.0,0.0671440660953521,0.0671440660953521,Ligue 1,2024-2025
13215,Axel Tape,2,180,0,0.0278595369309186,0,0.0315627790987491,1,1,1,0,D,Paris Saint Germain,0,0.0278595369309186,1.4665319919586182,1.4386724829673767,Ligue 1,2024-2025
13281,Bernard Nguene,1,9,0,0.0,0,0.0,0,0,0,0,S,Nice,0,0.0,0.0,0.0,Ligue 1,2024-2025
13311,Djylian N&#039;Guessan,8,181,0,0.440093819051981,0,0.3063550814986229,3,2,0,0,F S,Saint-Etienne,0,0.440093819051981,0.8650475963950157,0.3506407737731933,Ligue 1,2024-2025
13312,Hafiz Ibrahim,11,360,0,0.6023261696100235,1,0.4310402050614357,7,4,0,1,F S,Reims,0,0.6023261696100235,1.41164605692029,0.4249996766448021,Ligue 1,2024-2025
13314,Gabin Capuano,1,10,0,0.0,0,0.0,0,0,0,0,S,Lens,0,0.0,0.0671440660953521,0.0671440660953521,Ligue 1,2024-2025
13315,Yoann Cisse,2,2,0,0.0,0,0.0,0,0,0,0,S,Auxerre,0,0.0,0.0,0.0,Ligue 1,2024-2025
13330,Robinio Vaz,2,68,0,0.6522831320762634,0,0.0,2,0,1,0,S,Marseille,0,0.6522831320762634,0.6837848871946335,0.03150175511837,Ligue 1,2024-2025
13365,Plamedi Nsingi,1,17,0,0.0899705812335014,0,0.0,1,0,0,0,S,Nantes,0,0.0899705812335014,0.0899705812335014,0.0,Ligue 1,2024-2025
13384,Hiroki Sekine,15,866,0,0.1492204777896404,0,0.2371723353862762,5,3,1,0,D S,Reims,0,0.1492204777896404,2.7312467731535435,2.6097510252147917,Ligue 1,2024-2025
13385,Zabi Gueu,2,14,0,0.0,0,0.0,0,0,0,1,S,Reims,0,0.0,0.0,0.0,Ligue 1,2024-2025
13397,Nicolas Pays,9,433,0,0.995170084759593,0,0.3132614018395543,11,3,0,0,F M S,Montpellier,0,0.995170084759593,1.9735821234062316,0.7846841122955084,Ligue 1,2024-2025
13407,Fredrik Oppegård,9,261,0,0.1022833082824945,0,0.1235107146203517,3,2,0,0,D S,Auxerre,0,0.1022833082824945,1.3455706015229223,1.1197765693068504,Ligue 1,2024-2025
13412,Malcolm Jeng,3,114,0,0.0,0,0.0,0,0,0,0,D S,Reims,0,0.0,0.113040991127491,0.113040991127491,Ligue 1,2024-2025
13413,Kyogo Furuhashi,6,110,0,0.0372933708131313,0,0.0,1,0,0,0,F S,Rennes,0,0.0372933708131313,0.1053620502352714,0.0680686831474304,Ligue 1,2024-2025
13435,Kazeem Olaigbe,10,288,0,0.2323513310402631,2,2.37851420417428,6,15,0,0,F M S,Rennes,0,0.2323513310402631,4.121159626170993,1.8357375599443917,Ligue 1,2024-2025
13456,Amar Dedic,10,289,0,0.715293537825346,1,0.8562837615609169,6,4,1,0,D S,Marseille,0,0.715293537825346,4.042155163362622,3.114167021587491,Ligue 1,2024-2025
13506,Rayan Fofana,2,24,0,0.0,0,0.0,0,0,0,0,S,Lens,0,0.0,0.5766252279281616,0.5766252279281616,Ligue 1,2024-2025
13515,Téo Barisic,1,1,0,0.0,0,0.0,0,0,0,0,S,Lyon,0,0.0,0.0,0.0,Ligue 1,2024-2025
13525,Wilfried Ndollo Bille,8,390,0,0.0,0,0.0292285084724426,0,1,0,0,D S,Montpellier,0,0.0,0.7870136648416519,0.7577851563692093,Ligue 1,2024-2025
13530,Ange Tia,6,166,0,0.5016257017850876,0,0.0226415833458304,4,2,0,0,M S,Reims,0,0.5016257017850876,0.6419016038998961,0.1584640843793749,Ligue 1,2024-2025
13552,Hamidou Makalou,4,20,0,0.0,0,0.0,0,0,0,0,S,Brest,0,0.0,0.1229897066950798,0.1229897066950798,Ligue 1,2024-2025
13577,Rudy Matondo,5,53,0,0.0,0,0.0,0,0,1,0,S,Auxerre,0,0.0,0.2317506670951843,0.2317506670951843,Ligue 1,2024-2025
13591,Alejandro Rodríguez,1,17,0,0.0,0,0.0,0,0,0,0,S,Lyon,0,0.0,0.0,0.0,Ligue 1,2024-2025
13594,Noham Kamara,2,68,0,0.0,0,0.0,0,0,0,0,S,Paris Saint Germain,0,0.0,0.6267772912979126,0.6267772912979126,Ligue 1,2024-2025
13604,Prosper Peter,2,21,0,0.0,0,0.0,0,0,0,0,S,Angers,0,0.0,0.0,0.0,Ligue 1,2024-2025
13605,Enzo Caumont,2,29,0,0.0,0,0.0,0,0,1,0,S,Angers,0,0.0,0.0860391557216644,0.0860391557216644,Ligue 1,2024-2025
13612,Lanroy Machine,2,6,0,0.0537509582936763,0,0.0,1,0,0,0,S,Angers,0,0.0537509582936763,0.0537509582936763,0.0,Ligue 1,2024-2025
