id,player_name,games,time,goals,xG,assists,xA,shots,key_passes,yellow_cards,red_cards,position,team_title,npg,npxG,xGChain,xGBuildup,league,season
8260,Erling Haaland,35,2803,36,32.761399537324905,8,5.8491098545491695,123,29,5,0,F S,Manchester City,29,27.433209866285324,31.963398084044456,3.285816218703985,Premier League,2022-2023
647,Harry Kane,38,3414,30,23.06444012373686,3,7.547407771460712,133,57,6,0,F,Tottenham,25,18.49742721766233,25.07911798357964,5.095352162607014,Premier League,2022-2023
998,Ivan Toney,33,2960,20,21.69119757413864,4,4.909892840310931,94,26,9,0,F,Brentford,14,16.363018790259957,18.1100468672812,4.024585669860244,Premier League,2022-2023
1250,Mohamed Salah,38,3307,19,23.340063713490963,12,8.720245610922575,125,65,2,0,F M S,Liverpool,17,20.2953876554966,32.54413793236017,8.866782674565911,Premier League,2022-2023
468,Callum Wilson,31,1911,18,18.856768030673265,5,3.567963434383273,73,24,4,0,F S,Newcastle United,15,16.57326026633382,15.5175623819232,1.810890594497323,Premier League,2022-2023
556,Marcus Rashford,35,2907,17,18.761760517954823,5,3.735412929207087,108,31,2,0,F M S,Manchester United,17,18.761760517954823,30.33111381344497,9.589746218174696,Premier League,2022-2023
2517,Martin Odegaard,37,3203,15,9.137760860845448,7,9.209956639446318,93,77,4,0,M,Arsenal,15,9.137760860845448,27.893760193139315,15.047104069963098,Premier League,2022-2023
7752,Gabriel Martinelli,36,2851,15,10.538134384900331,5,9.349485490471125,79,59,3,0,F M S,Arsenal,15,10.538134384900331,25.15087455138564,9.32091725245118,Premier League,2022-2023
8865,Ollie Watkins,37,3150,15,17.486295863986015,6,3.674034003168345,85,30,4,0,F M S,Aston Villa,14,15.963956996798515,22.16256415843964,5.435315723530948,Premier League,2022-2023
773,Aleksandar Mitrovic,24,2022,14,16.17901684064418,1,2.334498234093189,93,15,7,0,F S,Fulham,10,10.089664130471649,11.802805667743089,2.575260256417096,Premier League,2022-2023
7322,Bukayo Saka,38,3216,14,11.300049655139446,11,7.042980744503439,89,75,6,0,F M S,Arsenal,12,9.01654163748026,23.58317681774497,11.6032799705863,Premier League,2022-2023
2381,Rodrigo,31,1955,13,8.572983920574188,1,2.298705962486565,67,16,6,0,F M S,Leeds,12,7.811814919114113,10.81273386068642,3.450525519438088,Premier League,2022-2023
6681,Harvey Barnes,34,2738,13,9.120478011667728,1,3.107304636389017,72,19,3,0,F M S,Leicester,13,9.120478011667728,14.723602913320065,3.649019580334425,Premier League,2022-2023
482,Roberto Firmino,25,1203,11,8.122956335544586,4,3.0548400916159157,39,21,0,0,F M S,Liverpool,11,8.122956335544586,13.91264321282506,6.690170712769032,Premier League,2022-2023
5543,Gabriel Jesus,26,2107,11,16.171134389936924,6,4.243733491748571,77,31,6,0,F S,Arsenal,10,15.409974373877048,22.476388424634933,6.94562154635787,Premier League,2022-2023
6055,Phil Foden,32,1837,11,6.185852009803057,6,5.697479462251067,46,44,1,0,F M S,Manchester City,11,6.185852009803057,17.42637488618493,8.101508693769574,Premier League,2022-2023
7420,Miguel Almirón,34,2550,11,8.727059464901686,2,2.9551383573561907,69,26,2,0,F S,Newcastle United,11,8.727059464901686,14.478478658944368,5.557318415492773,Premier League,2022-2023
453,Son Heung-Min,36,2920,10,9.597895424813032,6,6.334341483190656,81,62,2,0,F M S,Tottenham,10,9.597895424813032,17.62133340537548,5.954911859706044,Premier League,2022-2023
5232,Alexander Isak,22,1530,10,8.784851711243391,1,1.7707323329523206,51,15,3,0,F S,Newcastle United,8,7.262516763061285,11.15905637666583,2.8647358743473887,Premier League,2022-2023
6818,James Maddison,30,2485,10,8.489387180656195,9,7.773198906332254,85,69,10,0,F M S,Leicester,9,6.967049431055784,15.354668013751509,6.399377454072237,Premier League,2022-2023
7814,Taiwo Awoniyi,27,1426,10,8.0510318800807,1,1.02802275121212,35,10,2,0,F S,Nottingham Forest,10,8.0510318800807,7.681166335940361,0.7168999258428812,Premier League,2022-2023
8379,Alexis Mac Allister,35,2882,10,11.532242968678474,2,3.928120201453567,86,47,8,0,M S,Brighton,4,6.965230006724596,19.9106729477644,12.656914940103889,Premier League,2022-2023
8706,Eberechi Eze,38,2657,10,6.831764040514827,4,4.619440779089928,70,57,3,0,F M S,Crystal Palace,9,6.070595199242234,11.0957055054605,4.369746007025242,Premier League,2022-2023
239,Pascal Groß,37,3261,9,5.954401790164411,8,11.246030485257506,40,80,6,0,D F M,Brighton,9,5.954401790164411,25.252408916130666,15.00836755335331,Premier League,2022-2023
843,James Ward-Prowse,38,3378,9,5.408911099657416,4,6.058508426882327,44,72,6,0,M,Southampton,7,2.3642341531813145,10.5485019069165,8.641763718798757,Premier League,2022-2023
6552,Bryan Mbeumo,38,2991,9,10.100785619579256,8,7.65799580514431,71,52,5,0,F S,Brentford,8,9.339616828598082,17.531262825243175,5.165040111169219,Premier League,2022-2023
10720,Darwin Núñez,29,1702,9,14.374805428087711,3,5.6468874625861645,84,28,1,1,F S,Liverpool,9,14.374805428087711,20.277393620461226,3.4813443943858147,Premier League,2022-2023
10846,Julián Álvarez,31,1416,9,7.753276175819337,0,2.0468210969120264,47,18,0,0,F M S,Manchester City,8,6.992107159458101,13.768698140978811,5.820535558275878,Premier League,2022-2023
314,Ilkay Gündogan,31,2369,8,7.842695340514183,4,3.444544769823551,54,37,0,0,M S,Manchester City,8,7.081526502966881,23.573771215975285,15.498776016756892,Premier League,2022-2023
986,Danny Ings,35,1562,8,8.25754163786769,2,1.4635955430567265,42,15,4,0,F S,"Aston Villa,West Ham",6,6.735200669616461,8.444588728249073,0.8141068425029516,Premier League,2022-2023
1228,Bruno Fernandes,37,3326,8,9.385456696152689,8,17.266709440387785,92,118,6,0,M,Manchester United,6,7.863118812441826,35.418096881359816,17.724953144788742,Premier League,2022-2023
7698,Leandro Trossard,36,2263,8,7.068454213440418,12,6.358577378094196,55,47,1,0,D F M S,"Arsenal,Brighton",8,7.068454213440418,16.329788200557232,6.749516544863582,Premier League,2022-2023
10760,Brennan Johnson,38,2952,8,8.266518421471119,3,3.7432961594313374,55,28,6,0,F M S,Nottingham Forest,7,5.983012191951275,12.170722473412752,2.8007613457739358,Premier League,2022-2023
204,Granit Xhaka,37,3039,7,5.785433189943433,7,4.802904064767063,40,46,4,0,M S,Arsenal,7,5.785433189943433,21.03214856982231,14.246417433023453,Premier League,2022-2023
447,Kevin De Bruyne,32,2448,7,4.7582743894308805,16,16.31964398175478,65,97,1,0,M S,Manchester City,7,4.7582743894308805,29.12851269170642,16.633560817688704,Premier League,2022-2023
522,Wilfried Zaha,27,2308,7,7.797594489529729,2,2.760253319516778,66,26,5,0,F M,Crystal Palace,7,6.275257470086217,11.746893677860498,4.086586587131023,Premier League,2022-2023
5220,Kai Havertz,35,2613,7,12.77656376361847,1,3.5748752877116203,71,38,5,0,F M S,Chelsea,6,12.015389770269394,17.850972719490528,5.238859623670578,Premier League,2022-2023
5786,Yoane Wissa,38,1583,7,5.207585535943508,3,2.6399280801415443,32,13,3,0,F S,Brentford,7,5.207585535943508,11.27296715322882,4.301408238708973,Premier League,2022-2023
6034,Philip Billing,36,2822,7,4.894198485650122,1,3.457261343486607,38,27,5,0,F M S,Bournemouth,7,4.894198485650122,9.995119906961918,3.561682090163231,Premier League,2022-2023
6756,Dwight McNeil,36,2512,7,3.871220519766212,3,7.44360885117203,46,51,5,0,D F M S,Everton,7,3.871220519766212,9.874688405543566,2.480967789888382,Premier League,2022-2023
6854,Diogo Jota,22,1132,7,6.437793597579002,4,1.7756053674966097,35,17,2,0,F M S,Liverpool,7,6.437793597579002,8.173869889229536,3.900222478434444,Premier League,2022-2023
10806,Kaoru Mitoma,33,2306,7,9.245785741135478,5,7.035773795098066,52,40,0,0,D M S,Brighton,7,9.245785741135478,21.043237909674644,9.100571872666478,Premier League,2022-2023
11296,Cody Gakpo,21,1483,7,6.554539561271668,2,2.981710772961378,39,23,0,0,F M S,Liverpool,7,6.554539561271668,12.117870450019836,4.4253273122012615,Premier League,2022-2023
87,Joelinton,32,2677,6,6.252544686198235,1,3.116438364610076,51,26,12,0,F M S,Newcastle United,6,6.252544686198235,12.307858122512698,7.0922601986676455,Premier League,2022-2023
501,Danny Welbeck,31,1868,6,9.550176788121462,3,5.098056230694056,62,30,0,0,F S,Brighton,6,9.550176788121462,16.103102758526802,5.398822439834476,Premier League,2022-2023
553,Anthony Martial,21,987,6,7.3281096909195185,2,1.756760749965906,27,12,0,0,F S,Manchester United,5,6.566943714395165,9.77430764771998,2.775388235226273,Premier League,2022-2023
618,Raheem Sterling,28,1919,6,7.405153378844261,3,4.861129405908287,41,34,4,0,D F M S,Chelsea,6,7.405153378844261,13.539876326918602,3.041725432500243,Premier League,2022-2023
1679,Dominic Solanke,33,2874,6,9.317674346268175,7,3.957623152993619,76,21,2,0,F M S,Bournemouth,6,9.317674346268175,14.145027499645948,3.0667414711788297,Premier League,2022-2023
1776,Jarrod Bowen,38,3245,6,10.004229810088871,5,6.90739019960165,75,48,2,0,F M S,West Ham,5,8.48189047165215,15.171011984348295,3.6215272583067417,Premier League,2022-2023
3585,Said Benrahma,35,2070,6,6.350573148578405,3,4.756499437615275,73,48,0,0,F M S,West Ham,2,3.3058972023427486,8.221184162423015,2.454255508258939,Premier League,2022-2023
6049,Solly March,33,2745,6,8.069857582449913,7,9.567008880898356,73,65,2,0,D M S,Brighton,6,8.069857582449913,22.130394473671917,9.125229258090258,Premier League,2022-2023
6122,Douglas Luiz,37,2947,6,3.191290902905166,6,4.567880779504776,34,45,6,1,M S,Aston Villa,6,3.191290902905166,15.93928093276918,11.555413709953427,Premier League,2022-2023
6345,Jadon Sancho,26,1710,6,3.789094930514693,3,4.790035545825958,21,43,0,0,F M S,Manchester United,6,3.789094930514693,15.04737131856382,7.707608195021747,Premier League,2022-2023
6853,Rúben Neves,35,3022,6,5.006285472773016,1,1.8384296027943487,67,32,12,0,D M S,Wolverhampton Wanderers,3,2.722779172472656,10.452420154586434,8.169478697702289,Premier League,2022-2023
8291,Daniel Podence,32,1769,6,3.7195267919451,0,2.4171172585338354,43,37,5,0,F M S,Wolverhampton Wanderers,6,3.7195267919451,7.612551175057888,2.908089326694608,Premier League,2022-2023
8941,Jacob Ramsey,35,2675,6,5.228078290820122,7,5.728406075388193,33,42,5,0,M S,Aston Villa,6,5.228078290820122,14.287118025124071,6.712041646242142,Premier League,2022-2023
10177,Evan Ferguson,19,950,6,5.667327303439379,2,0.6870213840156794,36,11,1,0,F S,Brighton,6,5.667327303439379,8.419608421623707,2.7216656310483813,Premier League,2022-2023
531,Michail Antonio,33,1847,5,7.201865157112479,3,1.6608268171548843,39,15,2,0,F S,West Ham,5,7.201865157112479,5.891749322414398,1.3007178837433455,Premier League,2022-2023
620,Kelechi Iheanacho,28,1120,5,6.133550511673093,5,3.7054135501384735,39,22,0,0,F M S,Leicester,4,5.372381644323468,9.021692022681236,1.8175414633005855,Premier League,2022-2023
675,Jack Grealish,28,2083,5,4.998198181390762,7,7.464956499636173,41,50,3,0,F M S,Manchester City,5,4.998198181390762,18.557112345471975,8.295533634722233,Premier League,2022-2023
700,Willian,27,2174,5,3.383236724883318,5,5.042201226577163,41,51,2,0,M S,Fulham,5,3.383236724883318,9.590186490677295,3.7871379032731056,Premier League,2022-2023
750,Riyad Mahrez,30,1941,5,5.864552567712963,10,6.157492842525244,43,51,2,0,F M S,Manchester City,4,5.1033805115148425,18.33359582722187,11.644092932343485,Premier League,2022-2023
1726,Abdoulaye Doucouré,25,1519,5,3.214016545563936,2,2.4725133273750544,20,22,6,1,M S,Everton,5,3.214016545563936,5.765182003378868,1.7658195812255144,Premier League,2022-2023
2182,Jefferson Lerma,37,3263,5,3.1550366831943397,0,2.628147560171783,35,18,7,0,D M,Bournemouth,5,3.1550366831943397,7.719455648213625,5.278287973254919,Premier League,2022-2023
2203,Emiliano Buendía,38,2446,5,5.6266536470502615,2,4.373138631694019,49,40,0,0,F M S,Aston Villa,5,5.6266536470502615,15.272164912894368,7.626095078885555,Premier League,2022-2023
3697,Odsonne Edouard,35,1819,5,5.535292422398925,2,1.2745107971131802,39,17,3,0,F M S,Crystal Palace,5,5.535292422398925,7.545081002637744,2.812871368601918,Premier League,2022-2023
6108,Rodrigo Bentancur,18,1516,5,2.4369436921551824,2,0.6443385947495699,15,11,8,0,M S,Tottenham,5,2.4369436921551824,8.615036329254508,6.708776051178575,Premier League,2022-2023
6857,Morgan Gibbs-White,37,3170,5,6.6556903049349785,8,7.807910647243261,62,67,6,0,F M S,"Nottingham Forest,Wolverhampton Wanderers",3,5.133352592587471,13.668892225250602,4.559631913900375,Premier League,2022-2023
7166,Mathias Jensen,37,2898,5,1.9304941780865192,6,3.59164313133806,23,48,5,0,M,Brentford,5,1.9304941780865192,9.59474617615342,6.600326562300324,Premier League,2022-2023
7395,Carlos Vinicius,28,1079,5,3.5915758907794952,2,0.5233518667519093,21,8,3,0,F S,Fulham,5,3.5915758907794952,5.013299356214702,1.3816988291218877,Premier League,2022-2023
7700,Che Adams,28,2019,5,7.306276918388903,3,2.7257514875382185,47,24,1,0,F M S,Southampton,5,7.306276918388903,11.955216951668262,4.128748474642634,Premier League,2022-2023
8720,Jack Harrison,36,2793,5,5.013850751332939,7,5.010656230151653,39,53,2,0,D F M S,Leeds,5,5.013850751332939,11.75817795842886,4.768079791218042,Premier League,2022-2023
10741,Marcus Tavernier,23,1770,5,3.9280984150245786,4,2.7044622469693422,37,17,1,0,D M S,Bournemouth,5,3.9280984150245786,7.433676986023784,2.7403341960161924,Premier League,2022-2023
10804,Deniz Undav,22,594,5,5.5473707262426615,0,1.1680052187293768,27,8,2,0,F M S,Brighton,5,5.5473707262426615,7.276752598583698,1.4865605253726244,Premier League,2022-2023
10866,Luis Sinisterra,19,891,5,3.361706962808966,0,0.3890431001782417,28,9,1,1,F M S,Leeds,5,3.361706962808966,5.349757798016071,2.453906362876296,Premier League,2022-2023
343,Pierre-Emile Højbjerg,35,3137,4,1.5295524531975389,5,3.1992804715409875,33,30,5,0,M,Tottenham,4,1.5295524531975389,15.63659394159913,11.95062574185431,Premier League,2022-2023
672,Jordan Ayew,38,2738,4,2.751328118145466,3,3.050740525126457,32,30,5,0,F M S,Crystal Palace,4,2.751328118145466,7.421665016561747,3.225975366309285,Premier League,2022-2023
762,Demarai Gray,33,2520,4,6.325153514742851,1,3.608845199458301,59,36,3,0,F M S,Everton,2,4.802815888077021,9.126681806519628,3.215145505964756,Premier League,2022-2023
822,Patrick Bamford,28,1523,4,9.774512918666003,2,1.0358418971300123,50,12,3,0,F S,Leeds,4,8.252171130850911,8.993882125243545,1.0394691042602062,Premier League,2022-2023
922,Andreas Pereira,33,2765,4,6.426880993880332,6,4.836930306628346,62,60,8,0,M,Fulham,3,5.665711977519095,10.15508385375142,4.31409253180027,Premier League,2022-2023
2248,Casemiro,28,2127,4,3.140908549539745,3,3.8724323799833655,34,28,7,2,M S,Manchester United,4,3.140908549539745,18.88839770667255,13.882083844393492,Premier League,2022-2023
3635,Bernardo Silva,34,2194,4,2.2564154639840126,5,3.916250504553318,25,30,5,0,D F M S,Manchester City,4,2.2564154639840126,17.542014747858047,13.04661456309259,Premier League,2022-2023
5221,Leon Bailey,33,2031,4,4.778411947190762,4,5.5339578883722425,51,30,4,0,F M S,Aston Villa,4,4.778411947190762,13.001362528651953,3.578845404088497,Premier League,2022-2023
5553,Declan Rice,37,3268,4,2.2349475855007768,1,2.33805207721889,36,36,5,0,M S,West Ham,4,1.4737785691395402,10.850467165000737,8.603918568231165,Premier League,2022-2023
6063,Jacob Murphy,36,1215,4,3.697086520493031,2,2.68278655782342,29,20,0,0,F S,Newcastle United,4,3.697086520493031,10.11375443264842,4.066189099103212,Premier League,2022-2023
6482,Eddie Nketiah,30,1017,4,9.223067251965404,1,1.481980249285698,41,9,3,0,F S,Arsenal,4,9.223067251965404,10.200598530471323,1.7821177616715431,Premier League,2022-2023
6827,Bobby Reid,36,2511,4,4.226093959063292,1,1.5008238069713116,31,18,8,0,D F M S,Fulham,4,4.226093959063292,8.135475918650627,3.868883727118373,Premier League,2022-2023
7365,Lucas Paquetá,28,2209,4,5.04679605551064,3,2.8692219518125057,53,32,5,0,F M S,West Ham,3,4.285627054050565,9.569089142605662,4.352459283545613,Premier League,2022-2023
7892,João Félix,16,953,4,4.288620352745056,0,0.6466051954776049,46,6,1,1,F M S,Chelsea,4,4.288620352745056,5.620456300675869,2.0359091740101576,Premier League,2022-2023
8150,Anthony Gordon,32,1564,4,5.549364037811756,0,1.411392219364643,34,14,7,0,F M S,"Everton,Newcastle United",4,5.549364037811756,7.685043416917324,1.7389676179736853,Premier League,2022-2023
8327,Bruno Guimarães,32,2762,4,2.726729958318174,5,3.806102696806192,28,42,7,0,M,Newcastle United,4,2.726729958318174,16.498836187645793,13.379123143851755,Premier League,2022-2023
9492,Crysencio Summerville,28,1391,4,3.559207702055573,2,1.4241413976997137,29,16,4,0,F M S,Leeds,4,3.559207702055573,6.061167903244495,1.573473684489727,Premier League,2022-2023
9738,Patson Daka,30,1164,4,4.064196912571788,4,2.733729289844632,30,17,2,0,F M S,Leicester,4,4.064196912571788,8.224425293505192,1.5247648544609549,Premier League,2022-2023
10405,Josh Dasilva,36,1374,4,1.5916067343205214,2,2.0804033745080237,18,12,1,0,M S,Brentford,4,1.5916067343205214,6.89354763738811,3.861876625567674,Premier League,2022-2023
10408,Luis Díaz,17,997,4,3.568711277097464,2,1.9563428275287151,27,13,2,0,F M S,Liverpool,4,3.568711277097464,9.511094518005848,4.636049032211304,Premier League,2022-2023
10716,Manor Solomon,19,536,4,1.042859235778451,0,0.3249989273026585,11,6,0,0,M S,Fulham,4,1.042859235778451,1.434320348314941,0.7428273241966963,Premier League,2022-2023
10743,Kieffer Moore,27,1273,4,4.823006581515074,0,0.5260727815330029,23,5,1,0,F S,Bournemouth,4,4.823006581515074,5.668356010690332,1.6416367096826434,Premier League,2022-2023
11058,Julio Enciso,20,798,4,4.214253352954984,2,1.779839888215065,38,13,1,0,F M S,Brighton,4,4.214253352954984,8.684670090675354,2.9589081732556224,Premier League,2022-2023
11094,Antony,25,1841,4,5.857848301529884,2,2.37078566942364,72,28,5,0,F M S,Manchester United,4,5.857848301529884,13.837641645222902,7.11214586161077,Premier League,2022-2023
11297,Carlos Alcaraz,18,1050,4,1.9036163073033092,2,0.8085567876696587,24,5,3,0,F M S,Southampton,4,1.9036163073033092,3.896246693097055,1.4693974861875176,Premier League,2022-2023
755,Jamie Vardy,37,1832,3,6.644154226407409,4,1.7369483597576618,28,14,1,0,F S,Leicester,3,5.882985373958945,8.837213728576899,1.423075446859002,Premier League,2022-2023
757,Jeffrey Schlupp,34,2562,3,3.445598446764052,1,2.2960132341831923,28,18,7,0,D M S,Crystal Palace,3,3.445598446764052,6.818669021129608,4.326487619429827,Premier League,2022-2023
833,Virgil van Dijk,32,2839,3,3.122492080554366,1,1.1658173147588968,30,7,3,0,D,Liverpool,3,3.122492080554366,14.182128950953484,14.01483904197812,Premier League,2022-2023
910,Harrison Reed,37,2911,3,2.1825738195329905,4,3.5145126404240727,20,35,5,0,M S,Fulham,3,2.1825738195329905,10.140563977882266,5.457994266413152,Premier League,2022-2023
1654,Ben Mee,37,3278,3,3.2241614628583197,1,1.680261291563511,27,7,2,0,D,Brentford,3,3.2241614628583197,6.833911487832665,4.696779150515795,Premier League,2022-2023
2328,Thomas Partey,33,2484,3,2.229622021317482,0,1.9341314993798733,28,26,5,0,D M S,Arsenal,3,2.229622021317482,17.83293619006872,16.650026205927134,Premier League,2022-2023
2335,Pablo Fornals,32,1507,3,1.7289359364658594,1,2.018738079816103,27,19,0,0,F M S,West Ham,3,1.7289359364658594,6.236087362281978,2.813890845514834,Premier League,2022-2023
4456,Chris Wood,25,808,3,3.433256816118956,0,0.3606983013451099,12,6,0,0,F S,"Newcastle United,Nottingham Forest",2,2.672087784856558,3.6325308196246624,1.0803029127418995,Premier League,2022-2023
5613,Gabriel,38,3416,3,4.335554586723447,0,0.1663138093426823,32,5,5,0,D,Arsenal,3,4.335554586723447,13.827072959393265,13.442218709737062,Premier League,2022-2023
5956,Youri Tielemans,31,2365,3,2.239441570825875,2,4.528865018859506,31,30,4,0,M S,Leicester,2,0.7171045774593949,14.306540120393038,11.20656917989254,Premier League,2022-2023
6253,Gianluca Scamacca,16,940,3,2.5387633964419365,0,1.1296455087140205,30,13,3,0,F S,West Ham,3,2.5387633964419365,3.51997191645205,0.5702235978096724,Premier League,2022-2023
6492,Reiss Nelson,11,174,3,1.8955533094704151,2,1.2082199901342392,12,8,0,0,S,Arsenal,3,1.8955533094704151,3.4097877740859985,0.669681042432785,Premier League,2022-2023
6630,Joe Willock,35,2634,3,7.266156509518623,6,7.388796498999,58,40,1,0,M S,Newcastle United,3,7.266156509518623,17.781154207885265,5.481370575726032,Premier League,2022-2023
6665,Curtis Jones,18,1059,3,1.2679023258388042,1,1.010046985000372,15,14,2,0,M S,Liverpool,3,1.2679023258388042,6.753665236756206,4.948233054950833,Premier League,2022-2023
6912,Pedro Porro,15,1154,3,1.3973288014531136,3,2.532236455008388,25,25,0,0,D M S,Tottenham,3,1.3973288014531136,5.9181207716465,2.848248900845647,Premier League,2022-2023
7768,Mason Mount,24,1682,3,2.1364672761410475,2,3.0019248109310865,33,29,4,0,F M S,Chelsea,3,2.1364672761410475,7.29792560543865,4.296191993169487,Premier League,2022-2023
8845,Hee-Chan Hwang,27,1117,3,2.164069874212146,1,0.8787439614534378,18,10,1,0,F M S,Wolverhampton Wanderers,3,2.164069874212146,3.73332903161645,0.9231963371858,Premier League,2022-2023
9040,Conor Gallagher,35,1590,3,2.5371697302907705,1,2.6282018795609474,28,21,9,1,M S,Chelsea,3,2.5371697302907705,8.282571202144027,3.598362954333425,Premier League,2022-2023
9678,Ethan Pinnock,30,2700,3,3.5859055295586586,0,0.6192105077207088,15,8,0,0,D,Brentford,3,3.5859055295586586,5.026158023625612,4.340199567377567,Premier League,2022-2023
9680,Vitaly Janelt,35,2206,3,2.191264372318983,1,1.4620734620839355,14,16,3,0,D M S,Brentford,3,2.191264372318983,7.5696020424366,5.46771614253521,Premier League,2022-2023
10552,Alejandro Garnacho,19,555,3,3.8779171984642735,2,1.1436776779592035,24,3,3,0,M S,Manchester United,3,3.8779171984642735,6.564013659954071,1.711940459907055,Premier League,2022-2023
10715,João Palhinha,35,3124,3,2.6951698008924723,0,0.275451373308897,38,7,14,0,M,Fulham,3,2.6951698008924723,5.985029879026115,5.4245135728269815,Premier League,2022-2023
10746,Jaidon Anthony,30,1204,3,1.7566156624816358,1,0.9099286124110222,21,12,2,0,D M S,Bournemouth,3,1.7566156624816358,3.687783553730696,2.180652843788266,Premier League,2022-2023
10750,Rasmus Kristensen,26,1964,3,0.789253355935216,1,1.2889635181054473,13,8,4,0,D M S,Leeds,3,0.789253355935216,4.219320389442146,3.0240348298102617,Premier League,2022-2023
11317,Danilo,13,999,3,1.6606165627017615,2,0.8088494967669249,15,9,1,0,M S,Nottingham Forest,3,1.6606165627017615,2.98664789646864,0.7929538227617741,Premier League,2022-2023
486,Adam Lallana,16,742,2,1.1926603838801384,1,0.9687040857970716,8,14,0,0,F M S,Brighton,2,1.1926603838801384,3.4976200629025698,1.924544109031558,Premier League,2022-2023
500,Alex Iwobi,38,3388,2,2.7482709400355816,7,6.127815451472998,42,64,2,0,F M,Everton,2,2.7482709400355816,13.531792795285584,7.712628765031695,Premier League,2022-2023
503,Theo Walcott,20,1149,2,3.126369597390294,2,1.8109254278242588,20,15,1,0,F M S,Southampton,2,3.126369597390294,4.903730925172567,0.985082202591002,Premier League,2022-2023
586,John Stones,23,1852,2,1.3161899587139487,2,1.4483567401766777,11,8,2,0,D M S,Manchester City,2,1.3161899587139487,11.626406718045471,11.451622042804956,Premier League,2022-2023
643,Eric Dier,33,2815,2,1.4715977106243372,1,1.6204578075557947,17,7,4,0,D S,Tottenham,2,1.4715977106243372,11.746883509680629,11.003167567774652,Premier League,2022-2023
660,Ben Davies,31,2295,2,0.9933742862194777,2,2.469028750434518,14,20,4,0,D S,Tottenham,2,0.9933742862194777,8.73275038599968,7.62914814800024,Premier League,2022-2023
695,Bertrand Traoré,8,216,2,0.856813095510006,0,0.0698933973908424,9,1,1,0,M S,Aston Villa,2,0.856813095510006,1.9170579137280583,1.0958947828039527,Premier League,2022-2023
782,Ben Chilwell,23,1418,2,1.465110638178885,2,1.9936782559379933,16,21,3,0,D S,Chelsea,2,1.465110638178885,4.494038670323789,3.5327052902430296,Premier League,2022-2023
900,Adama Traoré,34,1452,2,1.420078607276082,1,3.147219412028789,19,23,2,0,F M S,Wolverhampton Wanderers,2,1.420078607276082,6.109330745413899,1.6365119582042098,Premier League,2022-2023
935,Kurt Zouma,25,1990,2,2.125173594802618,0,0.056879699230194,19,1,0,0,D S,West Ham,2,2.125173594802618,2.5968139097094536,2.470027904957533,Premier League,2022-2023
1376,Kalidou Koulibaly,23,1809,2,1.0540769854560494,1,0.305135702714324,11,7,5,1,D S,Chelsea,2,1.0540769854560494,7.35240276902914,7.254468761384487,Premier League,2022-2023
1389,Jorginho,32,2138,2,1.7956794500350952,1,0.5555977635085583,11,12,4,0,M S,"Arsenal,Chelsea",0,0.273341417312622,11.183870004490018,10.591356659308076,Premier League,2022-2023
1791,Trent Alexander-Arnold,37,2954,2,1.8788890931755304,9,13.222441317513583,40,71,5,0,D S,Liverpool,2,1.8788890931755304,21.868592441082,16.189754247665405,Premier League,2022-2023
2379,João Cancelo,17,1289,2,0.5918373949825764,1,0.8360136020928621,17,12,3,1,D M S,Manchester City,2,0.5918373949825764,8.179260186851025,7.247300129383802,Premier League,2022-2023
2496,Rodri,36,2938,2,4.119232214987278,6,4.539481725543737,50,32,5,0,D M S,Manchester City,2,4.119232214987278,26.80197256803513,23.071657463908195,Premier League,2022-2023
4419,Adam Armstrong,30,1333,2,2.4375014984980226,1,1.730416551232338,25,11,2,0,F M S,Southampton,2,2.4375014984980226,4.704243279993534,1.2918517235666511,Premier League,2022-2023
5555,Dominic Calvert-Lewin,17,1197,2,6.498087804764509,1,1.2365073096007109,31,9,3,0,F S,Everton,1,5.736918967217207,8.038987591862679,1.9899096544831991,Premier League,2022-2023
5595,Daniel James,24,790,2,2.1174327954649925,1,1.5898781195282936,16,8,0,0,F M S,"Fulham,Leeds",2,2.1174327954649925,4.573668692260981,1.5260148122906685,Premier League,2022-2023
5596,Harry Wilson,29,1087,2,1.8703890815377235,3,1.3884916454553604,18,12,1,0,M S,Fulham,2,1.8703890815377235,5.573958999477327,2.747893917374313,Premier League,2022-2023
5735,Jean-Philippe Mateta,29,717,2,3.308864532038569,0,0.4064396023750305,28,5,3,0,F S,Crystal Palace,2,3.308864532038569,4.657251037657261,1.3217991441488266,Premier League,2022-2023
6157,Timothy Castagne,37,3257,2,1.9257993642240765,3,3.172707935795188,18,21,3,0,D S,Leicester,2,1.9257993642240765,11.603145258501172,8.605382116511464,Premier League,2022-2023
6500,Romain Perraud,29,1842,2,1.2091420125216246,2,2.266822852194309,29,15,4,0,D M S,Southampton,2,1.2091420125216246,4.521617898717523,2.6945367883890867,Premier League,2022-2023
6521,Yerry Mina,7,606,2,1.6610938757658005,0,0.0843361243605613,8,1,2,0,D,Everton,2,1.6610938757658005,0.7217651586979628,0.1148442979902029,Premier League,2022-2023
6691,Dejan Kulusevski,30,2120,2,2.6102962754666805,7,5.482720654457808,43,47,2,0,F M S,Tottenham,2,2.6102962754666805,9.842267464846373,4.0003888993524015,Premier League,2022-2023
6817,Fred,35,1207,2,2.2472731824964285,2,2.549862952902913,26,30,6,0,M S,Manchester United,2,2.2472731824964285,12.157874770462511,8.124852128326893,Premier League,2022-2023
6835,Tom Cairney,33,929,2,1.549193875864148,0,1.6246961504220965,21,12,2,0,M S,Fulham,2,1.549193875864148,5.840297954156995,3.505937293171882,Premier League,2022-2023
6837,Ryan Sessegnon,17,810,2,2.117515377700329,0,1.040791004896164,18,6,4,0,D S,Tottenham,2,2.117515377700329,4.331894390285015,2.0439960788935423,Premier League,2022-2023
6888,William Saliba,27,2418,2,0.8184554874897003,1,1.120013577863574,6,6,4,0,D,Arsenal,2,0.8184554874897003,9.701152380555868,9.49210711196065,Premier League,2022-2023
6893,Stuart Armstrong,32,1408,2,2.106476968154311,1,2.606352062895894,23,18,6,0,M S,Southampton,2,2.106476968154311,6.877064095810056,2.4147079661488533,Premier League,2022-2023
6935,Naif Aguerd,18,1600,2,2.5115839689970016,0,0.6282200030982494,12,6,4,0,D S,West Ham,2,2.5115839689970016,1.3947869138792155,1.277543191798031,Premier League,2022-2023
7080,Matheus Cunha,17,978,2,1.591183171607554,0,0.8713507484644651,26,8,1,0,F S,Wolverhampton Wanderers,2,1.591183171607554,2.6735775023698807,0.6461011376231909,Premier League,2022-2023
7298,Ben White,38,3094,2,0.9820632422342896,5,4.293553752824664,10,27,5,0,D S,Arsenal,2,0.9820632422342896,18.13298106752336,15.288546109572051,Premier League,2022-2023
7430,Emerson,26,1733,2,1.7453065998852253,1,0.4839589893817901,17,9,2,1,D S,Tottenham,2,1.7453065998852253,7.7816263027489185,5.672533370554447,Premier League,2022-2023
8288,Tomas Soucek,36,2839,2,3.82576912175864,3,1.9310189355164769,34,15,3,0,M S,West Ham,2,3.82576912175864,8.626211040653288,5.910706527531147,Premier League,2022-2023
8716,Luke Ayling,29,2030,2,2.712577499449253,1,1.8191682416945696,24,12,3,0,D S,Leeds,2,2.712577499449253,7.104759126901627,4.520665276795626,Premier League,2022-2023
8717,Pascal Struijk,29,2217,2,1.3350814320147038,1,2.1753706987947226,16,13,5,0,D S,Leeds,2,1.3350814320147038,5.012533586472273,3.33086527697742,Premier League,2022-2023
9301,Emmanuel Dennis,19,705,2,1.5486181434243915,2,0.5363962892442942,21,7,3,0,F M S,Nottingham Forest,2,1.5486181434243915,2.086062991991639,0.9663639571517706,Premier League,2022-2023
9501,Fabio Carvalho,13,330,2,1.1579107120633123,0,0.1046279966831207,11,1,0,0,F M S,Liverpool,2,1.1579107120633123,1.4301361963152883,0.7474121823906898,Premier League,2022-2023
9630,Kamaldeen Sulemana,18,950,2,1.679018633440137,1,1.4270181329920888,25,14,1,0,F M S,Southampton,2,1.679018633440137,3.4539370611310005,0.6344611132517457,Premier League,2022-2023
9739,Kiernan Dewsbury-Hall,31,2334,2,1.8549880683422089,2,3.0710923951119184,26,39,3,1,F M S,Leicester,2,1.8549880683422089,9.722595304250715,5.314303573220968,Premier League,2022-2023
9892,Matias Viña,12,453,2,0.7529756985604763,0,0.1579136550426483,9,2,1,0,D S,Bournemouth,2,0.7529756985604763,1.6716434881091118,0.97148409858346,Premier League,2022-2023
9948,Michael Olise,37,2774,2,2.659285433590412,11,7.174625148996711,51,72,2,0,F M S,Crystal Palace,2,2.659285433590412,8.7775584384799,3.4045963063836098,Premier League,2022-2023
10766,Joe Ayodele-Aribo,21,1224,2,2.054455615580082,0,0.9876715950667858,14,9,2,0,F M S,Southampton,2,2.054455615580082,3.790229113772512,0.947960801422596,Premier League,2022-2023
10864,Marcos Senesi,31,2508,2,2.0692426282912493,0,0.5055976919829845,8,5,7,0,D S,Bournemouth,2,2.0692426282912493,4.307535422034562,3.9094908265396953,Premier League,2022-2023
11155,Wilfried Gnonto,24,1344,2,1.833498403429985,4,2.921407464891672,22,22,7,0,F M S,Leeds,2,1.833498403429985,5.230319026857615,1.9364304393529888,Premier League,2022-2023
76,Fabian Schär,36,3223,1,5.092751467600465,3,2.4296507444232702,56,19,7,0,D,Newcastle United,1,5.092751467600465,10.184462796896696,8.898998957127333,Premier League,2022-2023
101,Allan Saint-Maximin,25,1101,1,1.6111805494874716,5,4.724137527868152,28,31,1,0,F S,Newcastle United,1,1.6111805494874716,8.289438785985112,3.2378203477710485,Premier League,2022-2023
318,Pierre-Emerick Aubameyang,15,542,1,2.122752519324422,0,0.3434317037463188,16,4,1,0,F S,Chelsea,1,2.122752519324422,2.808082729578018,0.5031093060970306,Premier League,2022-2023
332,Joel Matip,14,1095,1,0.6459370153024793,0,0.3237086497247219,5,4,3,0,D S,Liverpool,1,0.6459370153024793,5.542334942147136,5.465866832062602,Premier League,2022-2023
448,Ivan Perisic,34,2107,1,3.0171149894595146,8,6.623175095766783,29,48,6,0,D F S,Tottenham,1,3.0171149894595146,9.894330563023686,6.034054983407259,Premier League,2022-2023
488,Philippe Coutinho,20,750,1,1.3861289341002705,0,0.3858625032007694,21,8,3,0,F M S,Aston Villa,1,1.3861289341002705,2.819877240806818,1.439754718914628,Premier League,2022-2023
510,Joel Ward,28,2251,1,1.4655719939619305,0,0.3378884494304657,7,10,6,0,D S,Crystal Palace,1,1.4655719939619305,3.974868109449744,3.709601128473878,Premier League,2022-2023
530,James Tomkins,6,340,1,0.7290570810437202,0,0.0,3,0,1,1,D S,Crystal Palace,1,0.7290570810437202,0.1063892990350723,0.0669699981808662,Premier League,2022-2023
532,Cheikhou Kouyaté,21,871,1,0.1867025382816791,0,0.9933399967849256,6,8,3,0,D M S,Nottingham Forest,1,0.1867025382816791,2.0716649424284697,1.7446327153593302,Premier League,2022-2023
535,Manuel Lanzini,10,230,1,0.6443301560357213,0,0.3371060192584991,3,1,0,0,M S,West Ham,1,0.6443301560357213,1.1725098555907607,0.1910736504942178,Premier League,2022-2023
579,Nathan Aké,26,1874,1,1.3441827092319727,0,1.09055732563138,9,9,2,0,D S,Manchester City,1,1.3441827092319727,13.650609649717808,13.542976595461369,Premier League,2022-2023
585,Seamus Coleman,23,1686,1,0.2670318866148591,0,1.4559272825717926,7,4,1,0,D S,Everton,1,0.2670318866148591,4.157558128237724,2.552595190703869,Premier League,2022-2023
631,Ashley Young,29,2044,1,0.3949361126869917,0,0.7811885923147202,15,14,7,0,D S,Aston Villa,1,0.3949361126869917,6.350133599713445,5.585736140608788,Premier League,2022-2023
646,Christian Eriksen,28,2094,1,4.86724331881851,8,4.558254588395357,38,36,3,0,F M S,Manchester United,1,4.86724331881851,16.041057281196117,10.682778850197792,Premier League,2022-2023
652,Kieran Trippier,38,3368,1,0.8719969913363457,7,13.462713163346052,14,110,5,0,D,Newcastle United,1,0.8719969913363457,17.47081391327083,14.60538318939507,Premier League,2022-2023
753,Marc Albrighton,6,232,1,0.4420046992599964,0,0.5711894929409027,2,6,0,0,M S,Leicester,1,0.4420046992599964,2.0923749804496765,1.671343982219696,Premier League,2022-2023
802,Diego Costa,23,1254,1,2.9844185262918472,0,0.5990131702274084,28,11,5,1,F S,Wolverhampton Wanderers,1,2.9844185262918472,3.3896298184990883,0.5007723271846771,Premier League,2022-2023
804,Craig Dawson,25,2148,1,1.5213804170489311,0,0.1079010032117366,17,2,6,0,D,"West Ham,Wolverhampton Wanderers",1,1.5213804170489311,3.398840533569455,3.246724532917142,Premier League,2022-2023
885,Kyle Walker-Peters,31,2659,1,0.6717622503638268,0,1.83802130445838,12,15,4,0,D M S,Southampton,1,0.6717622503638268,7.270549733191729,5.722348512150347,Premier League,2022-2023
966,Alex Oxlade-Chamberlain,9,338,1,1.493293778039515,0,0.7890531122684479,7,5,0,0,F S,Liverpool,1,1.493293778039515,2.451194860972464,0.5513057112693787,Premier League,2022-2023
1006,Luke Shaw,31,2570,1,0.9740113597363234,2,3.826654343865812,14,34,8,0,D S,Manchester United,1,0.9740113597363234,12.464829174801707,10.296980248764156,Premier League,2022-2023
1024,Tyrone Mings,35,3150,1,1.2113220421597362,2,1.1698964163661003,7,5,7,0,D,Aston Villa,1,1.2113220421597362,11.514379546046255,10.62966813147068,Premier League,2022-2023
1234,Dennis Praet,22,609,1,0.9074058122932912,0,0.5022870898246765,5,3,1,0,M S,Leicester,1,0.9074058122932912,2.4376747999340296,1.15929308347404,Premier League,2022-2023
1245,Emerson,22,1331,1,1.005102353170514,0,0.8198722722008824,11,13,2,0,D M S,West Ham,1,1.005102353170514,2.97873582970351,1.8349706148728728,Premier League,2022-2023
1653,Michael Keane,12,982,1,1.3261511586606505,2,1.0489701740443709,14,3,0,0,D S,Everton,1,1.3261511586606505,1.2412088364362717,0.4877051580697298,Premier League,2022-2023
1665,James Tarkowski,38,3420,1,3.02016625367105,1,3.46320622228086,31,15,6,0,D,Everton,1,3.02016625367105,6.181014558300376,5.973101237788796,Premier League,2022-2023
1749,Rob Holding,14,556,1,0.3741819858551025,0,0.0,5,0,0,0,D S,Arsenal,1,0.3741819858551025,3.300787255167961,3.20217327773571,Premier League,2022-2023
1785,Nampalys Mendy,19,743,1,0.0925476998090744,0,0.0272580198943614,2,2,1,0,M S,Leicester,1,0.0925476998090744,2.870108552277088,2.802908446639776,Premier League,2022-2023
1801,Pontus Jansson,12,724,1,0.1967248991131782,0,0.0,4,0,0,0,D S,Brentford,1,0.1967248991131782,1.850629718974233,1.7343054097145796,Premier League,2022-2023
1823,Lucas Digne,28,1494,1,0.4971364550292492,0,1.567529585212469,8,18,5,0,D S,Aston Villa,1,0.4971364550292492,4.502802707254887,3.2010582676157355,Premier League,2022-2023
2199,Pablo Sarabia,13,788,1,2.5362928099930286,0,0.7747617959976196,20,11,3,0,F M S,Wolverhampton Wanderers,1,2.5362928099930286,3.5684401094913483,1.4430569261312485,Premier League,2022-2023
2254,Mateo Kovacic,27,1700,1,1.3262846283614635,2,1.793226939626038,23,23,8,0,M S,Chelsea,1,1.3262846283614635,8.143409481272101,5.918664623051882,Premier League,2022-2023
2280,Jonny,18,1257,1,0.1871340097859501,0,0.5784888137131929,9,5,3,1,D S,Wolverhampton Wanderers,1,0.1871340097859501,4.236576620489359,3.6351590380072594,Premier League,2022-2023
2371,Cristiano Ronaldo,10,517,1,2.1407179944217205,0,0.3078578971326351,25,6,2,0,F S,Manchester United,1,2.1407179944217205,2.957992848008871,0.9433596841990948,Premier League,2022-2023
2662,Christian Pulisic,24,779,1,1.8723955135792492,1,0.4368242975324392,18,12,1,0,D F M S,Chelsea,1,1.8723955135792492,3.675874702632427,1.6829779082909226,Premier League,2022-2023
2958,Oleksandr Zinchenko,27,2179,1,1.1754031758755443,2,1.958403613418341,27,19,3,0,D S,Arsenal,1,1.1754031758755443,16.560254206880927,14.842034140601754,Premier League,2022-2023
3203,Issa Diop,25,2004,1,0.1913936026394367,0,0.5267390348017216,3,2,2,0,D S,Fulham,1,0.1913936026394367,3.169893989339471,3.1547346897423267,Premier League,2022-2023
3293,Lucas Moura,15,117,1,0.7378932386636734,0,0.2311347499489784,4,4,0,1,S,Tottenham,1,0.7378932386636734,1.0805886834859848,0.3839656338095665,Premier League,2022-2023
3303,Ricardo Pereira,10,450,1,0.0841288976371288,1,0.4153192117810249,2,7,2,0,D M S,Leicester,1,0.0841288976371288,1.4952941313385963,1.1759900078177452,Premier League,2022-2023
3600,Serge Aurier,24,1958,1,0.6691436963155866,0,0.802479786798358,9,10,2,0,D S,Nottingham Forest,1,0.6691436963155866,3.049308499321341,2.7344142459332943,Premier League,2022-2023
3621,Neal Maupay,27,1101,1,5.434799870476127,0,0.3525178078562021,32,7,4,0,F S,Everton,1,5.434799870476127,4.559445133432746,1.5640029106289148,Premier League,2022-2023
5086,Marc Roca,32,2375,1,2.0919028762727976,2,3.2171000884845853,34,33,7,0,M S,Leeds,1,2.0919028762727976,6.89039168599993,4.839499623514712,Premier League,2022-2023
5136,Estupiñán,35,2707,1,2.3249325277283788,5,5.642439822666347,30,50,4,0,D S,Brighton,1,2.3249325277283788,18.086723536252972,12.671537213027475,Premier League,2022-2023
5264,Caglar Söyüncü,7,527,1,0.3382616676390171,0,0.1161900013685226,5,1,2,0,D S,Leicester,1,0.3382616676390171,1.3646280579268932,1.3646280579268932,Premier League,2022-2023
5560,Scott McTominay,24,1133,1,1.8013716908171773,0,1.078185809776187,13,8,8,0,M S,Manchester United,1,1.8013716908171773,6.004832318983972,3.5477124359458685,Premier League,2022-2023
5590,Tosin Adarabioyo,25,2081,1,0.5782807385548949,0,0.2267771176993847,17,6,4,0,D S,Fulham,1,0.5782807385548949,3.626173667609692,3.482117474079132,Premier League,2022-2023
5602,Sam Surridge,20,275,1,1.692672897130251,0,0.051858801394701,9,1,2,0,F S,Nottingham Forest,1,1.692672897130251,2.3841308541595936,0.7316878624260426,Premier League,2022-2023
5682,Gonçalo Guedes,13,718,1,1.2725390158593657,1,0.5424784012138844,19,9,1,0,F M S,Wolverhampton Wanderers,1,1.2725390158593657,2.087318381294608,0.4202986033633351,Premier League,2022-2023
5973,Kenny Tete,31,2589,1,0.7199479946866632,5,2.3401720114052296,13,23,8,0,D S,Fulham,1,0.7199479946866632,6.948736446909607,4.787528486922383,Premier League,2022-2023
6026,Richarlison,27,982,1,3.516935642808676,3,1.7408953551203012,27,16,3,0,F M S,Tottenham,1,3.516935642808676,5.353842290118337,1.5918804369866848,Premier League,2022-2023
6048,Lewis Dunk,36,3240,1,2.040725097060204,0,0.8655232125893235,22,9,4,0,D,Brighton,1,2.040725097060204,14.347089774906635,14.096927545964718,Premier League,2022-2023
6088,Orel Mangala,27,1581,1,0.3729460705071687,1,0.4247147068381309,9,3,3,0,M S,Nottingham Forest,1,0.3729460705071687,3.288042457774281,2.5542810540646315,Premier League,2022-2023
6104,Will Hughes,27,796,1,0.5347504764795303,1,0.7693945411592722,6,6,4,0,M S,Crystal Palace,1,0.5347504764795303,3.049637194722891,1.980680961161852,Premier League,2022-2023
6252,Lyanco,21,1160,1,0.7209816901013255,1,0.3901645038276911,11,4,4,0,D S,Southampton,1,0.7209816901013255,1.9288878990337253,1.6362489545717835,Premier League,2022-2023
6314,Joachim Andersen,32,2786,1,1.8502881033346057,0,1.4228478781878948,22,12,8,0,D,Crystal Palace,1,1.8502881033346057,5.73883250541985,4.774972975254059,Premier League,2022-2023
6485,Júnior Firpo,19,1364,1,0.1414232105016708,1,0.9512499049305916,2,8,6,1,D S,Leeds,1,0.1414232105016708,2.4669921696186066,2.0024135522544384,Premier League,2022-2023
6674,Rayan Ait Nouri,21,1056,1,1.129896778613329,0,0.7609243048354983,10,7,4,0,D S,Wolverhampton Wanderers,1,1.129896778613329,3.198455519974232,2.0771548449993134,Premier League,2022-2023
6851,Conor Coady,24,2096,1,0.6148279123008251,1,0.4616532074287534,4,4,2,0,D S,Everton,1,0.6148279123008251,2.696392798796296,2.2494612988084555,Premier League,2022-2023
6852,Matt Doherty,12,665,1,0.8726177029311657,0,0.2881163954734802,10,6,0,0,D S,Tottenham,1,0.8726177029311657,2.7494057435542345,1.9657854363322256,Premier League,2022-2023
6894,Mohamed Elyounoussi,33,2212,1,3.06923589669168,1,1.825184103101492,36,18,4,0,F M S,Southampton,1,3.06923589669168,7.860458409413695,4.556406237185001,Premier League,2022-2023
7007,Duje Caleta-Car,13,947,1,1.0882597099989653,0,0.0416763015091419,5,1,2,0,D S,Southampton,1,1.0882597099989653,2.0971209220588207,2.0786672607064247,Premier League,2022-2023
7078,Sean Longstaff,33,2509,1,4.526227671653032,4,3.4510617526248097,33,23,2,0,M S,Newcastle United,1,4.526227671653032,12.269893657416103,6.193108232691884,Premier League,2022-2023
7083,Christian Nørgaard,22,1794,1,1.347744394093752,3,3.110040994361043,19,12,6,0,M S,Brentford,1,1.347744394093752,5.920882418751717,5.308457598090172,Premier League,2022-2023
7184,Tim Ream,33,2900,1,0.4944004062563181,0,0.0717986021190881,3,3,2,0,D,Fulham,1,0.4944004062563181,6.860465005040169,6.813478998839855,Premier League,2022-2023
7198,Oliver Skipp,23,1510,1,0.2079088976606726,0,0.542324174195528,7,10,7,0,M S,Tottenham,1,0.2079088976606726,5.209485713392496,4.576617915183306,Premier League,2022-2023
7240,Benoit Badiashile Mukinayi,11,901,1,1.2135351449251175,0,0.6913552954792976,6,3,2,0,D S,Chelsea,1,1.2135351449251175,3.3061133548617363,3.162499390542507,Premier League,2022-2023
7281,Diogo Dalot,26,2164,1,2.207693471573293,2,1.9137129141017797,22,29,6,0,D S,Manchester United,1,2.207693471573293,11.690932909026742,8.903266048058867,Premier League,2022-2023
7382,Dan Burn,38,3130,1,2.2566577959805727,0,2.0211693542078137,21,16,5,0,D S,Newcastle United,1,2.2566577959805727,11.169189976528289,10.764644430950284,Premier League,2022-2023
7546,Harvey Elliott,32,1602,1,2.027079835534096,2,3.9797140900045633,36,26,2,0,F M S,Liverpool,1,2.027079835534096,14.912637444213033,10.783384276553988,Premier League,2022-2023
7589,Wesley Fofana,17,1372,1,0.8552336050197482,0,0.0366367762908339,8,2,4,0,D S,"Chelsea,Leicester",1,0.8552336050197482,4.46303728967905,4.026877721771598,Premier League,2022-2023
7603,Marc Guehi,37,3330,1,1.6622220277786257,0,0.6576718036085367,14,10,8,0,D,Crystal Palace,1,1.6622220277786257,4.7370849046856165,4.268240002915263,Premier League,2022-2023
7723,John McGinn,34,2692,1,1.9473767010495069,3,3.408585306257009,42,18,7,0,M S,Aston Villa,1,1.9473767010495069,10.670297458767893,6.900125402957201,Premier League,2022-2023
8066,Arnaut Danjuma Groeneveld,9,151,1,0.6234146766364574,0,0.0274659004062414,6,1,0,0,M S,Tottenham,1,0.6234146766364574,1.085426764562726,0.4620120506733656,Premier League,2022-2023
8067,Reece James,16,1242,1,1.0140665946528316,1,3.066504817456007,16,21,4,0,D M S,Chelsea,1,1.0140665946528316,5.8419587938115,4.731684633530676,Premier League,2022-2023
8204,Neco Williams,31,1860,1,1.469770667143166,0,1.4695117715746164,25,15,7,0,D M S,Nottingham Forest,1,1.469770667143166,4.353955543600023,2.086893640458584,Premier League,2022-2023
8384,Armando Broja,12,266,1,0.8572464846074581,0,0.0866743996739387,6,1,0,0,F S,Chelsea,1,0.8572464846074581,0.8978355824947357,0.0,Premier League,2022-2023
8582,Ellis Simms,11,200,1,1.0451708808541298,0,0.0746167004108429,8,2,0,0,F S,Everton,1,1.0451708808541298,1.2177620641887188,0.1475772000849247,Premier League,2022-2023
8646,Wout Faes,31,2790,1,1.100052266381681,2,0.5714022628962994,13,9,4,1,D,Leicester,1,1.100052266381681,7.8726406786590815,7.729764981195331,Premier League,2022-2023
8780,Joël Veltman,31,2215,1,1.341551687568426,1,1.0200357679277658,14,10,6,0,D S,Brighton,1,1.341551687568426,10.263392875902356,9.933882373385131,Premier League,2022-2023
8816,Liam Cooper,18,1421,1,0.9520196840167046,0,0.4224689118564129,10,5,5,0,D S,Leeds,1,0.9520196840167046,3.1956543028354645,3.0356351882219315,Premier League,2022-2023
8970,Sékou Mara,22,510,1,1.0406398912891746,2,1.068390192463994,16,6,1,0,F S,Southampton,1,1.0406398912891746,1.9898097170516849,0.3792372150346637,Premier League,2022-2023
9453,Moisés Caicedo,37,3135,1,1.2356434240937233,1,2.643754145130515,27,43,10,0,D M S,Brighton,1,1.2356434240937233,19.323802459985014,16.51605893112719,Premier League,2022-2023
9493,Sam Greenwood,18,373,1,0.6907202005386353,2,0.9013200886547564,12,12,1,0,M S,Leeds,1,0.6907202005386353,1.065209049731493,0.6448863409459591,Premier League,2022-2023
9662,Dango Ouattara,19,1254,1,3.2873998740687966,3,2.4152716528624296,26,18,1,0,M S,Bournemouth,1,3.2873998740687966,6.022867782972753,2.485164679586888,Premier League,2022-2023
9667,Amadou Onana,33,2529,1,3.0847347732633352,2,2.063957966864109,34,22,9,0,M S,Everton,1,3.0847347732633352,8.601867258548737,5.032614782452583,Premier League,2022-2023
10004,Romeo Lavia,29,2261,1,0.2631778074428439,0,0.5177656905725598,12,16,9,0,M S,Southampton,1,0.2631778074428439,5.658787712454796,5.163240816444159,Premier League,2022-2023
10012,Jakub Kiwior,7,426,1,0.0984370782971382,0,0.0273778699338436,1,1,0,0,D S,Arsenal,1,0.0984370782971382,2.2725219037383795,2.245144000276923,Premier League,2022-2023
10293,Toti,17,973,1,0.2356519745662808,0,0.184598222374916,5,4,6,0,D S,Wolverhampton Wanderers,1,0.2356519745662808,0.9124105321243404,0.8092133747413754,Premier League,2022-2023
10536,Tetê,13,756,1,1.8560382332652807,0,0.3867563046514988,15,6,0,0,F M S,Leicester,1,1.8560382332652807,3.751141978427768,1.7394799161702394,Premier League,2022-2023
10723,Stefan Bajcetic,11,534,1,0.9587988276034594,0,0.7506909966468811,6,4,2,0,M S,Liverpool,1,0.9587988276034594,3.478168949484825,2.3341952990740538,Premier League,2022-2023
10744,Ryan Christie,32,1857,1,2.728575311601162,1,2.0688769351691008,33,29,2,0,F M S,Bournemouth,1,2.728575311601162,7.37087413854897,4.095148157328367,Premier League,2022-2023
10751,Brenden Aaronson,36,2415,1,3.9435534365475178,3,3.362793898209929,41,45,2,0,F M S,Leeds,1,3.9435534365475178,11.295078083872797,5.162106515839696,Premier League,2022-2023
10756,Joe Worrall,30,2210,1,0.9123191181570292,0,0.567169152200222,7,4,6,0,D S,Nottingham Forest,1,0.9123191181570292,4.254378523677588,3.960568632930517,Premier League,2022-2023
10759,Lewis O&#039;Brien,13,572,1,0.4231923129409551,0,0.1791051030158996,7,4,2,0,M S,Nottingham Forest,1,0.4231923129409551,2.5435210168361664,2.019651636481285,Premier League,2022-2023
10802,Lisandro Martínez,27,2123,1,0.5251706019043922,0,0.2293218709528446,10,6,6,0,D S,Manchester United,1,0.5251706019043922,8.252100160345435,8.186085043475032,Premier League,2022-2023
11000,Matheus Nunes,34,2507,1,2.3803958501666784,1,2.0282051162794232,28,27,2,0,M S,Wolverhampton Wanderers,1,2.3803958501666784,6.00101482309401,2.8060512747615576,Premier League,2022-2023
11007,Fábio Vieira,22,468,1,0.7378775309771299,2,2.2388318199664354,15,12,0,0,M S,Arsenal,1,0.7378775309771299,5.435086041688919,3.240540122613311,Premier League,2022-2023
11357,Noni Madueke,12,662,1,0.9803801961243152,0,0.513928035274148,12,12,0,0,F M S,Chelsea,1,0.9803801961243152,3.67895220965147,2.43224985152483,Premier League,2022-2023
11362,Facundo Buonanotte,13,553,1,1.0888761393725872,1,0.5841287039220333,11,6,2,0,M S,Brighton,1,1.0888761393725872,2.5363862570375204,1.5511467922478914,Premier League,2022-2023
11363,Antoine Semenyo,11,237,1,0.3684318736195564,0,0.0759903937578201,3,2,0,0,F M S,Bournemouth,1,0.3684318736195564,1.224020279943943,0.7795986160635948,Premier League,2022-2023
11384,João Gomes,11,650,1,0.2052773246541619,0,0.1225481405854225,4,5,5,0,M S,Wolverhampton Wanderers,1,0.2052773246541619,1.6348600052297115,1.3494900930672884,Premier League,2022-2023
181,Bernd Leno,36,3240,0,0.0,0,0.0308126993477344,0,1,3,0,GK,Fulham,0,0.0,2.495602583512664,2.464789582416415,Premier League,2022-2023
229,Thiago Alcántara,18,1258,0,0.3972757617011666,0,1.4019673261791468,10,17,2,0,M S,Liverpool,0,0.3972757617011666,8.877402268350124,7.261743916198611,Premier League,2022-2023
458,Steve Cook,12,958,0,0.1638485975563526,0,0.7961927652359009,3,3,4,0,D S,Nottingham Forest,0,0.1638485975563526,0.6675907094031572,0.6675907094031572,Premier League,2022-2023
461,Matt Ritchie,7,25,0,0.0,0,0.0817376971244812,0,1,0,0,S,Newcastle United,0,0.0,0.124439001083374,0.124439001083374,Premier League,2022-2023
463,Junior Stanislas,4,52,0,0.0267488993704319,0,0.0846412032842636,1,2,0,0,S,Bournemouth,0,0.0267488993704319,0.2599279023706913,0.2194729037582874,Premier League,2022-2023
473,Danny Ward,26,2340,0,0.0,0,0.0,0,0,0,0,GK,Leicester,0,0.0,2.5759871751070023,2.5759871751070023,Premier League,2022-2023
489,James Milner,31,841,0,0.3870005868375301,1,1.6215140726417303,7,14,2,0,D M S,Liverpool,0,0.3870005868375301,5.001216296106577,3.942965844646096,Premier League,2022-2023
496,Mohamed Elneny,5,107,0,0.0,0,0.0,0,0,0,0,M S,Arsenal,0,0.0,0.6661199927330017,0.6661199927330017,Premier League,2022-2023
508,Calum Chambers,14,318,0,0.0993134919553995,0,0.3778975680470466,2,2,2,0,D S,Aston Villa,0,0.0993134919553995,0.9255801159888506,0.5184373408555984,Premier League,2022-2023
509,Wayne Hennessey,4,271,0,0.0,0,0.0,0,0,0,0,GK S,Nottingham Forest,0,0.0,0.0683410018682479,0.0683410018682479,Premier League,2022-2023
528,Angelo Ogbonna,16,1235,0,0.2092116959393024,0,0.4893949385732412,3,3,0,0,D S,West Ham,0,0.2092116959393024,1.701007179915905,1.1259163338690996,Premier League,2022-2023
534,Aaron Cresswell,28,2231,0,0.4190359637141227,1,3.1738543678075075,9,40,3,0,D S,West Ham,0,0.4190359637141227,6.406579466536641,5.813743421807885,Premier League,2022-2023
546,David de Gea,38,3420,0,0.0,0,0.0185502003878355,0,1,0,0,GK,Manchester United,0,0.0,6.570318281650543,6.551768273115158,Premier League,2022-2023
558,Jesse Lingard,17,937,0,0.6977619081735611,0,0.4312230888754129,10,11,1,0,F M S,Nottingham Forest,0,0.6977619081735611,2.0684521049261093,1.2953029051423073,Premier League,2022-2023
561,Joe Rothwell,20,1028,0,0.1488286033272743,1,1.1982360780239103,3,8,1,0,M S,Bournemouth,0,0.1488286033272743,2.398142223246396,2.1275645093992352,Premier League,2022-2023
584,Joel Robles,4,360,0,0.0,0,0.0,0,0,1,0,GK,Leeds,0,0.0,0.0486088339239358,0.0486088339239358,Premier League,2022-2023
603,Nathaniel Clyne,22,1644,0,0.0,0,0.7021582964807749,0,7,3,0,D S,Crystal Palace,0,0.0,2.412299196235836,2.209689692594111,Premier League,2022-2023
605,Jordan Henderson,35,2084,0,0.8594531016424298,2,3.592609709128737,23,31,2,0,M S,Liverpool,0,0.8594531016424298,13.003664009273052,10.28102646395564,Premier League,2022-2023
633,James McArthur,4,42,0,0.0,0,0.0,0,0,0,0,S,Crystal Palace,0,0.0,0.0612726211547851,0.0612726211547851,Premier League,2022-2023
635,Alex McCarthy,6,540,0,0.0,0,0.0,0,0,0,0,GK,Southampton,0,0.0,0.1022367570549249,0.1022367570549249,Premier League,2022-2023
637,Hugo Lloris,25,2208,0,0.0,0,0.0,0,0,0,0,GK,Tottenham,0,0.0,4.2372625302523375,4.2372625302523375,Premier League,2022-2023
638,Kyle Walker,27,1957,0,0.3253306970000267,0,0.2089456282556057,5,6,3,0,D M S,Manchester City,0,0.3253306970000267,12.982849795371294,12.794002283364534,Premier League,2022-2023
645,Dele Alli,2,26,0,0.0,0,0.0,0,0,0,0,S,Everton,0,0.0,0.0,0.0,Premier League,2022-2023
661,Josh Onomah,2,11,0,0.0,0,0.0,0,0,0,0,S,Fulham,0,0.0,0.0,0.0,Premier League,2022-2023
668,Idrissa Gueye,33,2638,0,0.5034467745572329,1,0.9359579710289836,15,12,7,0,M S,Everton,0,0.5034467745572329,7.161216028034687,5.986805498600006,Premier League,2022-2023
681,César Azpilicueta,25,1511,0,0.3268246091902256,0,1.4374469444155693,9,13,3,0,D M S,Chelsea,0,0.3268246091902256,6.943540018051863,6.189002115279436,Premier League,2022-2023
688,Ruben Loftus-Cheek,25,1550,0,0.856397295370698,1,1.7559158895164728,9,15,1,0,D M S,Chelsea,0,0.856397295370698,6.833013786934316,4.327356296591461,Premier League,2022-2023
694,Asmir Begovic,1,90,0,0.0,0,0.0,0,0,0,0,GK,Everton,0,0.0,0.0,0.0,Premier League,2022-2023
706,Lukasz Fabianski,36,3115,0,0.0,0,0.0,0,0,1,0,GK,West Ham,0,0.0,1.1410813555121422,1.1410813555121422,Premier League,2022-2023
713,André Ayew,13,286,0,0.9884005077183248,0,0.0331967063248157,4,1,1,0,F S,Nottingham Forest,0,0.2272314913570881,1.1744301989674568,0.914002001285553,Premier League,2022-2023
741,Jordan Pickford,37,3330,0,0.0,1,0.3126417994499206,0,2,5,0,GK,Everton,0,0.0,2.1473599188029766,2.079159121960401,Premier League,2022-2023
751,N&#039;Golo Kanté,7,526,0,0.308291532099247,1,2.0793348141014576,8,13,1,0,M S,Chelsea,0,0.308291532099247,4.500326216220856,2.9872678965330124,Premier League,2022-2023
759,Daniel Amartey,20,1615,0,1.054015912115574,0,0.4650263823568821,6,5,1,0,D S,Leicester,0,1.054015912115574,3.991525309160352,3.8186524361372,Premier League,2022-2023
766,Jamaal Lascelles,7,200,0,0.120240394026041,0,0.0,2,0,2,0,D S,Newcastle United,0,0.120240394026041,0.3834709972143173,0.3834709972143173,Premier League,2022-2023
767,Jack Colback,11,480,0,0.0,0,0.2822478041052818,0,2,0,0,M S,Nottingham Forest,0,0.0,0.5764240063726902,0.3181040026247501,Premier League,2022-2023
769,Jonjo Shelvey,11,565,0,0.1604539966210723,0,0.3491519913077354,6,6,1,0,M S,"Newcastle United,Nottingham Forest",0,0.1604539966210723,0.9701165091246368,0.8328676056116819,Premier League,2022-2023
770,Ayoze Pérez,8,373,0,0.8422358185052872,1,1.504247609525919,8,11,0,0,M S,Leicester,0,0.8422358185052872,2.61279970407486,0.4408004991710186,Premier League,2022-2023
790,Nathan Redmond,1,1,0,0.0,0,0.0,0,0,0,0,S,Southampton,0,0.0,0.0,0.0,Premier League,2022-2023
807,Jonny Evans,13,1057,0,0.0843219012022018,0,0.0927421972155571,1,1,1,0,D S,Leicester,0,0.0843219012022018,3.3804026413708925,3.2876606453210115,Premier League,2022-2023
813,Salomón Rondón,7,96,0,0.7647659070789814,0,0.1265218034386634,4,2,0,0,F S,Everton,0,0.7647659070789814,0.9441559053957462,0.0528680998831987,Premier League,2022-2023
825,Adam Smith,37,2957,0,0.9768042117357254,1,1.4084933251142502,5,16,11,0,D M S,Bournemouth,0,0.9768042117357254,4.09709825925529,3.0260829851031303,Premier League,2022-2023
831,Fraser Forster,14,1212,0,0.0,0,0.0,0,0,1,0,GK S,Tottenham,0,0.0,1.6163463462144136,1.6163463462144136,Premier League,2022-2023
842,Oriol Romeu,1,77,0,0.0,0,0.0,0,0,0,0,M,Southampton,0,0.0,0.0,0.0,Premier League,2022-2023
847,Cédric Soares,8,213,0,0.0555640272796154,0,0.1316027827560901,2,2,0,0,D S,"Arsenal,Fulham",0,0.0555640272796154,0.4244770556688308,0.3658562526106834,Premier League,2022-2023
884,Matt Targett,17,575,0,0.0252592992037534,0,0.3976358901709318,1,10,1,0,D S,Newcastle United,0,0.0252592992037534,1.6489808280020952,1.5293232388794422,Premier League,2022-2023
978,Sam Johnstone,9,810,0,0.0,0,0.0,0,0,1,0,GK,Crystal Palace,0,0.0,0.26689063757658,0.26689063757658,Premier League,2022-2023
983,Kevin Mbabu,6,138,0,0.0,1,0.5595380067825317,0,2,1,0,D S,Fulham,0,0.0,0.665716927498579,0.1061783991754055,Premier League,2022-2023
985,Mason Holgate,8,505,0,0.9284062683582306,0,0.3237291630357504,4,6,1,1,D S,Everton,0,0.9284062683582306,1.3223813269287348,1.0586145222187042,Premier League,2022-2023
987,Joseph Gomez,21,1443,0,0.120236212387681,0,0.0427149012684822,7,1,3,0,D S,Liverpool,0,0.120236212387681,6.305879516527057,6.20889599993825,Premier League,2022-2023
1042,Tom Davies,19,500,0,1.3129857713356614,0,0.1336751990020275,9,2,3,0,M S,Everton,0,1.3129857713356614,1.913279263302684,0.6038602907210588,Premier League,2022-2023
1078,Sergi Canos,5,55,0,0.0599079988896846,0,0.0176229998469352,1,1,0,0,S,Brentford,0,0.0599079988896846,0.0775309987366199,0.0,Premier League,2022-2023
1257,Alisson,37,3330,0,0.0,1,0.168625995516777,0,1,1,0,GK,Liverpool,0,0.0,9.289638353511693,9.121012343093753,Premier League,2022-2023
1297,Neto,27,2390,0,0.0,0,0.0,0,0,4,0,GK,Bournemouth,0,0.0,1.7215663269162178,1.7215663269162178,Premier League,2022-2023
1299,Mario Lemina,19,1325,0,0.2064824542030692,1,0.1570493020117283,9,3,2,1,M S,Wolverhampton Wanderers,0,0.2064824542030692,1.87073758803308,1.601245256140828,Premier League,2022-2023
1488,Remo Freuler,28,2178,0,0.3386984970420599,0,0.4867018014192581,8,12,5,0,M S,Nottingham Forest,0,0.3386984970420599,4.259000528603792,3.825942753814161,Premier League,2022-2023
1537,Sasa Lukic,12,401,0,0.1066898759454488,0,0.0,5,0,1,0,M S,Fulham,0,0.1066898759454488,0.8068001493811607,0.7697242796421051,Premier League,2022-2023
1545,Emil Krafth,1,1,0,0.0,0,0.0,0,0,0,0,S,Newcastle United,0,0.0,0.0,0.0,Premier League,2022-2023
1677,Nathaniel Chalobah,4,10,0,0.0855346992611885,0,0.0,1,0,0,1,M S,Fulham,0,0.0855346992611885,0.0,0.0,Premier League,2022-2023
1683,Ryan Fraser,8,309,0,0.3093165084719658,0,0.3554232940077781,6,5,1,0,F S,Newcastle United,0,0.3093165084719658,0.5467102974653244,0.1954354979097843,Premier League,2022-2023
1687,Harry Maguire,16,750,0,0.1488308310508728,0,0.3812321983277797,3,2,4,0,D S,Manchester United,0,0.1488308310508728,3.684811688959599,3.684811688959599,Premier League,2022-2023
1688,Andrew Robertson,34,2609,0,1.0899251960217953,8,6.820856744423509,13,52,3,0,D S,Liverpool,0,1.0899251960217953,13.145072411745788,10.343505259603262,Premier League,2022-2023
1711,Adam Forshaw,12,470,0,0.0106636295095086,0,0.4425672311335802,1,8,0,0,M S,Leeds,0,0.0106636295095086,0.4591790921986103,0.4485154636204242,Premier League,2022-2023
1719,Javier Manquillo,4,25,0,0.0,0,0.0,0,0,0,0,S,Newcastle United,0,0.0,0.119776003062725,0.119776003062725,Premier League,2022-2023
1735,Jack Stephens,17,1215,0,0.2225914001464843,0,0.2588117085397243,2,3,3,0,D S,"Bournemouth,Southampton",0,0.2225914001464843,1.8634248562157156,1.6748883500695229,Premier League,2022-2023
1750,Ainsley Maitland-Niles,22,1395,0,0.0137403002008795,0,0.4833124335855245,1,10,3,0,D M S,Southampton,0,0.0137403002008795,3.216860962100327,3.123183621093631,Premier League,2022-2023
1789,Lewis Cook,28,1694,0,0.183636961504817,2,2.3000271562486887,6,23,4,0,M S,Bournemouth,0,0.183636961504817,4.647211663424969,3.693267986178398,Premier League,2022-2023
2163,Diego Llorente,8,646,0,0.301153801381588,0,0.0,6,0,1,0,D S,Leeds,0,0.301153801381588,0.9053538031876088,0.9053538031876088,Premier League,2022-2023
2190,Vicente Guaita,27,2430,0,0.0,0,0.0,0,0,1,0,GK,Crystal Palace,0,0.0,1.4098752001300454,1.4098752001300454,Premier League,2022-2023
2243,Keylor Navas,17,1530,0,0.0,0,0.0,0,0,2,0,GK,Nottingham Forest,0,0.0,1.1775650382041931,1.1775650382041931,Premier League,2022-2023
2245,Raphael Varane,24,1918,0,0.911432646214962,0,0.1431176997721195,8,4,1,0,D S,Manchester United,0,0.911432646214962,6.672149233520031,6.56157923489809,Premier League,2022-2023
2310,Alphonse Areola,5,305,0,0.0,0,0.0,0,0,0,0,GK S,West Ham,0,0.0,0.1645716931670904,0.1645716931670904,Premier League,2022-2023
2498,Aymeric Laporte,12,993,0,0.7524237418547273,0,0.212882986292243,10,6,0,0,D S,Manchester City,0,0.7524237418547273,3.6240071300417194,3.525606259703636,Premier League,2022-2023
2674,Thilo Kehrer,27,2228,0,0.654550208710134,2,0.7119171218946576,8,8,4,0,D S,West Ham,0,0.654550208710134,4.627194926142693,4.006118912249804,Premier League,2022-2023
3278,Maxwel Cornet,14,216,0,1.092479458078742,0,0.0942045971751213,9,1,0,0,M S,West Ham,0,1.092479458078742,1.4774199482053518,0.2907355017960071,Premier League,2022-2023
3288,Thiago Silva,27,2352,0,1.4437993383035064,2,0.573215376585722,15,5,2,0,D S,Chelsea,0,1.4437993383035064,6.4073407761752605,5.8827359434217215,Premier League,2022-2023
3298,Layvin Kurzawa,3,138,0,0.0,0,0.0,0,0,1,0,D S,Fulham,0,0.0,0.0,0.0,Premier League,2022-2023
3420,Fabinho,36,2691,0,0.6533067272976041,2,2.687867143191397,18,17,11,0,M S,Liverpool,0,0.6533067272976041,15.346531419083476,13.409233009442689,Premier League,2022-2023
3422,João Moutinho,31,1778,0,0.9379508132115006,2,2.346919506788254,16,36,3,0,M S,Wolverhampton Wanderers,0,0.9379508132115006,4.733368762768805,3.646705650724471,Premier League,2022-2023
3696,Morgan Sanson,2,2,0,0.0,0,0.0,0,0,0,0,S,Aston Villa,0,0.0,0.0,0.0,Premier League,2022-2023
4105,Raúl Jiménez,15,842,0,2.711337735876441,1,1.5050795823335648,20,9,0,0,F S,Wolverhampton Wanderers,0,2.711337735876441,4.212750431150198,1.0135074984282255,Premier League,2022-2023
4120,Álex Moreno,19,1346,0,0.6219645887613297,3,2.47616658359766,13,21,3,0,D S,Aston Villa,0,0.6219645887613297,6.160197624005377,4.4751421278342605,Premier League,2022-2023
4381,Mateusz Klich,14,224,0,0.1730077974498272,0,0.2886551991105079,4,5,2,0,S,Leeds,0,0.1730077974498272,1.2394929844886065,0.9285477884113787,Premier League,2022-2023
4401,Emiliano Martinez,36,3143,0,0.0,0,0.1398649960756302,0,2,7,0,GK,Aston Villa,0,0.0,5.826399106532335,5.68653410859406,Premier League,2022-2023
5050,Clement Lenglet,26,2039,0,0.960752010345459,2,0.7074382677674294,13,6,3,0,D S,Tottenham,0,0.960752010345459,8.319994319230318,8.151936292648315,Premier League,2022-2023
5061,Kepa,29,2567,0,0.0,0,0.0,0,0,1,0,GK,Chelsea,0,0.0,4.026800500229001,4.026800500229001,Premier League,2022-2023
5247,Naby Keita,8,290,0,0.4318549875169992,0,0.7309129983186722,10,8,1,0,M S,Liverpool,0,0.4318549875169992,1.4848380237817764,0.3737828060984611,Premier League,2022-2023
5248,Marcel Sabitzer,11,635,0,0.6979504860937595,1,1.3641165122389791,11,10,1,0,M S,Manchester United,0,0.6979504860937595,4.193243402987719,3.0633304938673973,Premier League,2022-2023
5360,Weston McKennie,19,1450,0,0.590064475312829,1,0.7054706662893295,13,13,7,0,M S,Leeds,0,0.590064475312829,2.814117079600692,1.99333081394434,Premier League,2022-2023
5545,Wilfred Ndidi,27,1691,0,0.1515615982934832,0,0.0530797010287642,7,3,4,0,D M S,Leicester,0,0.1515615982934832,2.460558785125613,2.331264717504382,Premier League,2022-2023
5549,Luka Milivojevic,18,489,0,0.2416350301355123,0,0.1513487976044416,7,2,2,0,M S,Crystal Palace,0,0.2416350301355123,0.9400026239454746,0.7964588776230812,Premier League,2022-2023
5552,Nick Pope,37,3261,0,0.0,0,0.0174218993633985,0,1,3,1,GK,Newcastle United,0,0.0,6.256090926006436,6.238660858944058,Premier League,2022-2023
5584,Aaron Wan-Bissaka,19,1436,0,1.1713167987763882,0,1.153474660590291,10,15,2,0,D S,Manchester United,0,1.1713167987763882,7.755331262946129,6.90122390165925,Premier League,2022-2023
5603,Aaron Ramsdale,38,3420,0,0.0,0,0.0,0,0,1,0,GK,Arsenal,0,0.0,5.103533525019884,5.103533525019884,Premier League,2022-2023
5609,Yves Bissouma,23,988,0,0.1294596353545785,0,0.4400514382869005,6,8,6,0,M S,Tottenham,0,0.1294596353545785,4.439508566632867,4.140980340540409,Premier League,2022-2023
5646,Cafú,1,3,0,0.0,0,0.0,0,0,0,0,S,Nottingham Forest,0,0.0,0.0,0.0,Premier League,2022-2023
5712,Diego Carlos,3,203,0,0.7391797844320536,0,0.0345584973692894,4,1,0,0,D S,Aston Villa,0,0.7391797844320536,0.3409037049859762,0.3233499052003026,Premier League,2022-2023
5789,Boubacar Kamara,24,1790,0,0.0835402803495526,1,0.6932991156354547,4,7,4,0,M S,Aston Villa,0,0.0835402803495526,4.049316678196192,3.758611302822828,Premier League,2022-2023
5989,Moussa Niakhate,14,1170,0,1.2535991268232465,0,0.0697230026125907,6,1,1,0,D,Nottingham Forest,0,1.2535991268232465,1.220473725348711,1.220473725348711,Premier League,2022-2023
6027,Jairo Riedewald,6,50,0,0.0538971312344074,0,0.0,1,0,0,0,S,Crystal Palace,0,0.0538971312344074,0.0549407005310058,0.0549407005310058,Premier League,2022-2023
6030,Zanka,18,1082,0,0.4019469805061817,0,0.2393823862075805,5,3,2,0,D S,Brentford,0,0.4019469805061817,2.812157953158021,2.583403604105115,Premier League,2022-2023
6042,Jan Bednarek,23,1772,0,0.3442239593714475,0,0.1472967974841594,8,3,5,0,D S,"Aston Villa,Southampton",0,0.3442239593714475,1.4835356585681438,1.4707852583378551,Premier League,2022-2023
6047,Shane Duffy,5,16,0,0.0223742593079805,0,0.0,1,0,0,0,S,Fulham,0,0.0223742593079805,0.0,0.0,Premier League,2022-2023
6054,Ederson,35,3150,0,0.0,1,0.2855649888515472,0,1,3,0,GK,Manchester City,0,0.0,10.671811463311316,10.671811463311316,Premier League,2022-2023
6080,Victor Lindelöf,20,1350,0,0.2323515973985195,0,0.0846685543656349,3,3,1,0,D S,Manchester United,0,0.2323515973985195,7.236471671611071,7.146713148802519,Premier League,2022-2023
6083,Ludwig Augustinsson,3,74,0,0.0730345025658607,0,0.0,2,0,1,0,D S,Aston Villa,0,0.0730345025658607,0.0804667994379997,0.0261832997202873,Premier League,2022-2023
6147,Denis Zakaria,7,417,0,0.2399110049009323,0,0.0211979001760482,2,1,0,0,M S,Chelsea,0,0.2399110049009323,1.3150789849460125,1.053971078246832,Premier League,2022-2023
6163,Nélson Semedo,36,2646,0,0.7855268660932779,1,0.6530346218496561,9,11,11,1,D S,Wolverhampton Wanderers,0,0.7855268660932779,3.586114762350917,2.266569279134273,Premier League,2022-2023
6249,Davinson Sánchez,18,845,0,0.3042332818731665,0,0.1408364623785019,6,2,1,0,D S,Tottenham,0,0.3042332818731665,2.7923527229577303,2.643001276999712,Premier League,2022-2023
6273,Robin Koch,36,3186,0,1.059426173567772,0,0.2720854748040437,17,6,7,0,D M,Leeds,0,1.059426173567772,4.464030422270298,3.8801174629479647,Premier League,2022-2023
6310,Boubakary Soumare,26,1640,0,0.0206572990864515,0,0.2854275647550821,1,11,9,0,M S,Leicester,0,0.0206572990864515,3.210264626890421,3.0059440191835165,Premier League,2022-2023
6326,Ibrahima Konaté,18,1545,0,1.5610232884064317,0,0.2667285501956939,11,1,5,0,D S,Liverpool,0,1.5610232884064317,4.783836133778095,4.113892234861851,Premier League,2022-2023
6329,Harry Souttar,12,991,0,1.3052809908986092,1,0.1511544995009899,8,3,2,0,D S,Leicester,0,1.3052809908986092,2.2866605035960674,2.094973493367433,Premier League,2022-2023
6382,Pedro Neto,18,993,0,1.1067704604938626,0,2.707404026761651,17,20,1,0,D F M S,Wolverhampton Wanderers,0,1.1067704604938626,4.8898930717259645,2.710134506225586,Premier League,2022-2023
6424,Ben Johnson,17,845,0,0.0838250741362571,0,0.2368279919028282,2,3,0,0,D S,West Ham,0,0.0838250741362571,2.518942840397358,2.1982886735349894,Premier League,2022-2023
6490,Manuel Akanji,29,2272,0,1.069366091862321,1,0.2808441743254661,15,7,2,0,D S,Manchester City,0,1.069366091862321,12.94707053154707,12.824845530092716,Premier League,2022-2023
6532,Martin Dubravka,2,157,0,0.0,0,0.0,0,0,0,0,GK S,Newcastle United,0,0.0,0.6429070234298706,0.6429070234298706,Premier League,2022-2023
6615,Trevoh Chalobah,25,1598,0,0.7949223592877388,0,0.1997714750468731,9,4,4,0,D S,Chelsea,0,0.7949223592877388,7.1020578518509865,7.018729008734226,Premier League,2022-2023
6656,Sergio Gómez,12,326,0,0.3138598967343569,1,0.4458680246025324,7,5,0,0,M S,Manchester City,0,0.3138598967343569,2.0659322142601013,1.6488532945513723,Premier League,2022-2023
6736,Ibrahima Diallo,18,821,0,0.1378516973927617,0,0.1038510017096996,6,4,4,0,M S,Southampton,0,0.1378516973927617,1.5289212055504322,1.3642751909792423,Premier League,2022-2023
6820,David Brooks,6,166,0,0.2445639120414853,0,0.1819901317358017,5,2,1,0,M S,Bournemouth,0,0.2445639120414853,0.5240764729678631,0.2133926674723625,Premier League,2022-2023
6840,Neeskens Kebano,17,770,0,0.7552167885005474,3,1.5724477292969825,9,13,0,0,M S,Fulham,0,0.7552167885005474,2.504967577755451,0.7153982073068619,Premier League,2022-2023
6850,Willy Boly,11,687,0,0.0699901822954416,1,0.117637999355793,2,1,2,0,D S,Nottingham Forest,0,0.0699901822954416,0.6365548893809319,0.6365548893809319,Premier League,2022-2023
6856,Rúben Vinagre,2,13,0,0.0,0,0.0,0,0,0,0,S,Everton,0,0.0,0.0,0.0,Premier League,2022-2023
6880,Edouard Mendy,10,853,0,0.0,0,0.0,0,0,1,0,GK S,Chelsea,0,0.0,1.1355492491275072,1.1355492491275072,Premier League,2022-2023
6891,Ryan Fredericks,12,524,0,0.0,0,0.0990857034921646,0,1,1,0,D S,Bournemouth,0,0.0,0.6325642876327038,0.5334782861173153,Premier League,2022-2023
6923,Mohammed Salisu,22,1973,0,1.6058198306709528,1,0.6115739094093442,19,7,5,0,D S,Southampton,0,1.6058198306709528,5.882307862862945,5.379752596840262,Premier League,2022-2023
6937,Georginio Rutter,11,238,0,0.2494509778916835,1,0.4192553162574768,4,5,0,0,F S,Leeds,0,0.2494509778916835,0.477778896689415,0.0,Premier League,2022-2023
6962,Robin Olsen,4,277,0,0.0,0,0.0,0,0,0,0,GK S,Aston Villa,0,0.0,0.0297717992216348,0.0297717992216348,Premier League,2022-2023
6986,Hamed Junior Traore,7,435,0,0.7354794796556234,0,0.8439797200262547,6,14,0,0,M S,Bournemouth,0,0.7354794796556234,2.7735368348658085,1.6735216323286295,Premier League,2022-2023
7052,Wout Weghorst,17,798,0,2.2213404029607773,1,1.1286072386428714,14,14,1,0,F M S,Manchester United,0,2.2213404029607773,4.879476927220821,2.340124439448118,Premier League,2022-2023
7069,Saman Ghoddos,15,93,0,0.0554910004138946,0,0.2644379809498787,1,4,0,0,S,Brentford,0,0.0554910004138946,0.963206484913826,0.9295362625271082,Premier League,2022-2023
7134,Marc Cucurella,24,1682,0,0.3548601996153593,2,1.018142694607377,7,11,4,0,D M S,Chelsea,0,0.3548601996153593,7.76440688315779,7.255774774588644,Premier League,2022-2023
7218,Cristian Romero,27,2367,0,0.859663300216198,1,0.888403657823801,11,8,9,1,D S,Tottenham,0,0.859663300216198,11.60316402465105,11.202729418873789,Premier League,2022-2023
7230,Emile Smith-Rowe,12,132,0,0.3294837065041065,2,1.042964968830347,4,6,0,0,S,Arsenal,0,0.3294837065041065,0.7678957134485245,0.1702418066561222,Premier League,2022-2023
7235,Jason Steele,15,1350,0,0.0,1,0.1888159960508346,0,1,1,0,GK,Brighton,0,0.0,2.5362304002046585,2.347414404153824,Premier League,2022-2023
7236,Leander Dendoncker,24,888,0,0.5861904192715883,0,0.6650882922112942,5,7,0,0,M S,"Aston Villa,Wolverhampton Wanderers",0,0.5861904192715883,3.378464750945568,2.797117682173848,Premier League,2022-2023
7239,Conor Coventry,1,1,0,0.0,0,0.0,0,0,0,0,S,West Ham,0,0.0,0.0,0.0,Premier League,2022-2023
7280,Yan Valery,1,48,0,0.0,0,0.0,0,0,0,0,D,Southampton,0,0.0,0.0,0.0,Premier League,2022-2023
7282,Giulian Biancone,2,13,0,0.0,0,0.0,0,0,0,0,S,Nottingham Forest,0,0.0,0.0686174035072326,0.0686174035072326,Premier League,2022-2023
7332,Max Kilman,37,3310,0,1.4871823685243726,0,0.1923391576856374,14,4,3,0,D,Wolverhampton Wanderers,0,1.4871823685243726,5.1283416245132685,4.97854402475059,Premier League,2022-2023
7338,Bryan Gil Salvatierra,4,148,0,0.0724655985832214,1,0.2734795957803726,2,2,1,0,F M S,Tottenham,0,0.0724655985832214,0.9004369974136353,0.5544919967651367,Premier League,2022-2023
7352,Tyler Adams,24,2159,0,0.0683434996753931,0,1.370405713096261,4,24,4,1,M,Leeds,0,0.0683434996753931,6.9535529762506485,5.69552486948669,Premier League,2022-2023
7366,Maximilian Wöber,16,1263,0,0.464545956812799,0,0.742159578949213,9,6,3,0,D S,Leeds,0,0.464545956812799,2.019608302041888,1.427522011101246,Premier League,2022-2023
7384,Chris Mepham,26,2197,0,0.5010207425802946,0,0.2000297037884593,8,4,7,0,D S,Bournemouth,0,0.5010207425802946,1.9172365125268696,1.744029906578362,Premier League,2022-2023
7438,James Garner,16,777,0,0.8283093441277742,1,0.4450816921889782,9,7,3,0,D M S,Everton,0,0.8283093441277742,1.719324741512537,0.9061288554221392,Premier League,2022-2023
7582,Mark Travers,12,1030,0,0.0,0,0.0,0,0,0,0,GK S,Bournemouth,0,0.0,0.7557743489742279,0.7557743489742279,Premier League,2022-2023
7689,Ben Godfrey,13,799,0,0.7159480974078178,1,0.1486973017454147,6,3,2,0,D S,Everton,0,0.7159480974078178,0.383764199912548,0.1242173947393894,Premier League,2022-2023
7691,Jamal Lewis,2,4,0,0.0,0,0.0,0,0,0,0,S,Newcastle United,0,0.0,0.0,0.0,Premier League,2022-2023
7699,Adam Webster,27,2000,0,1.5340027026832104,0,0.5189482178539038,18,6,2,0,D S,Brighton,0,1.5340027026832104,9.7150968182832,9.189998405054212,Premier League,2022-2023
7701,Moussa Djenepo,16,695,0,0.2433777973055839,2,0.5622396729886532,3,9,1,0,D M S,Southampton,0,0.2433777973055839,1.891867060214281,1.2555831149220469,Premier League,2022-2023
7702,Dean Henderson,18,1620,0,0.0,0,0.0,0,0,2,0,GK,Nottingham Forest,0,0.0,1.2316672131419182,1.2316672131419182,Premier League,2022-2023
7726,Ezri Konsa Ngoyo,38,3325,0,0.8061013985425234,0,1.4513042895123365,8,8,6,0,D S,Aston Villa,0,0.8061013985425234,10.92092332523316,10.34645892959088,Premier League,2022-2023
7753,James Justin,14,1257,0,0.1448470018804073,0,0.3056566026061773,5,7,0,0,D,Leicester,0,0.1448470018804073,3.2727428637444973,2.889558166265488,Premier League,2022-2023
7823,Jack Stacey,10,288,0,0.0468770004808902,0,0.0,1,0,2,0,D S,Bournemouth,0,0.0468770004808902,0.1937649995088577,0.1468879990279674,Premier League,2022-2023
7891,Renan Lodi,28,2236,0,0.751506220549345,1,1.318730404600501,15,13,7,0,D M S,Nottingham Forest,0,0.751506220549345,2.764841167256236,1.8108528461307287,Premier League,2022-2023
7904,Caoimhin Kelleher,1,90,0,0.0,0,0.0,0,0,0,0,GK,Liverpool,0,0.0,0.0,0.0,Premier League,2022-2023
7921,Felipe,16,1427,0,1.246483264490962,1,1.502428017556667,13,7,4,0,D S,Nottingham Forest,0,1.246483264490962,2.322425527498126,2.1818392034620047,Premier League,2022-2023
7931,Takehiro Tomiyasu,21,632,0,0.1446346025913953,1,0.6008766107261181,3,4,2,0,D S,Arsenal,0,0.1446346025913953,2.292558498680592,2.1198897063732147,Premier League,2022-2023
7988,Billy Gilmour,14,515,0,0.3644320666790008,1,0.3617988973855972,6,2,1,0,M S,Brighton,0,0.3644320666790008,4.023554973304272,3.337106022983789,Premier League,2022-2023
8089,Kieran Tierney,27,733,0,0.3038469729945063,1,0.2897520996630192,7,4,0,0,D S,Arsenal,0,0.3038469729945063,3.40417211316526,2.8529709093272686,Premier League,2022-2023
8090,Lloyd Kelly,23,2044,0,0.1227391017600894,2,0.3940800903365016,3,7,3,0,D,Bournemouth,0,0.1227391017600894,2.421963883563876,2.336171578615904,Premier League,2022-2023
8119,Boubacar Traore,10,399,0,0.0458009000867605,1,0.3329919874668121,3,1,2,0,M S,Wolverhampton Wanderers,0,0.0458009000867605,1.037588693201542,0.6710336841642857,Premier League,2022-2023
8214,Tyrick Mitchell,36,2903,0,0.8962186202406883,2,1.5452212002128365,6,15,5,1,D S,Crystal Palace,0,0.8962186202406883,8.260199623182416,6.364653391763568,Premier League,2022-2023
8222,Japhet Tanganga,4,153,0,0.0,0,0.0,0,0,0,0,D S,Tottenham,0,0.0,0.0585754998028278,0.0585754998028278,Premier League,2022-2023
8226,Tariq Lamptey,20,414,0,0.2084955014288425,0,0.1961832959204912,5,4,1,0,D S,Brighton,0,0.2084955014288425,2.6817909218370914,2.4700611047446728,Premier League,2022-2023
8228,Nathaniel Phillips,2,67,0,0.0313891991972923,0,0.0,1,0,0,0,D S,Liverpool,0,0.0313891991972923,0.3856349885463714,0.3856349885463714,Premier League,2022-2023
8430,Chris Richards,9,432,0,0.6922851279377937,0,0.4522219896316528,4,1,0,0,D S,Crystal Palace,0,0.6922851279377937,0.3347281888127327,0.3347281888127327,Premier League,2022-2023
8458,Harvey White,1,3,0,0.0,0,0.0,0,0,0,0,S,Tottenham,0,0.0,0.0,0.0,Premier League,2022-2023
8497,Cole Palmer,14,336,0,0.913382014259696,1,0.6336369244381785,11,5,1,0,F M S,Manchester City,0,0.913382014259696,2.081893088296056,0.8175896219909191,Premier League,2022-2023
8562,Luke Thomas,17,1064,0,0.0825991313904523,0,0.5999135356396437,3,4,3,0,D S,Leicester,0,0.0825991313904523,3.165864273905754,2.783756129443645,Premier League,2022-2023
8635,Sven Botman,36,3141,0,2.445929459296167,0,0.9378497563302516,22,9,2,0,D S,Newcastle United,0,2.445929459296167,6.934289989992976,6.85584563575685,Premier League,2022-2023
8666,Cheick Oumar Doucoure,34,2825,0,0.9975933516398072,3,2.030144080519676,36,26,8,1,M,Crystal Palace,0,0.9975933516398072,8.899869498796761,7.775504394434392,Premier League,2022-2023
8704,Marek Rodák,2,180,0,0.0,0,0.0,0,0,0,0,GK,Fulham,0,0.0,0.0,0.0,Premier League,2022-2023
8715,Illan Meslier,34,3060,0,0.0571881011128425,0,0.0,1,0,3,0,GK,Leeds,0,0.0571881011128425,1.4994192942976952,1.4994192942976952,Premier League,2022-2023
8719,Kalvin Phillips,12,275,0,0.2444907762110233,0,0.136385791003704,6,3,1,0,M S,Manchester City,0,0.2444907762110233,1.3482624273747206,1.1162777580320835,Premier League,2022-2023
8786,Stefan Ortega Moreno,3,270,0,0.0,0,0.0,0,0,0,0,GK,Manchester City,0,0.0,0.4219337403774261,0.4219337403774261,Premier League,2022-2023
8812,Sasa Kalajdzic,1,48,0,0.5194780230522156,0,0.0,1,0,0,0,F,Wolverhampton Wanderers,0,0.5194780230522156,0.0,0.0,Premier League,2022-2023
8821,Donny van de Beek,7,157,0,0.08036869764328,0,0.1288376990705728,2,3,0,0,M S,Manchester United,0,0.08036869764328,1.023649286478758,0.8748480901122093,Premier League,2022-2023
8852,Konstantinos Tsimikas,20,754,0,0.6083908993750811,4,1.3976509422063828,7,18,3,0,D S,Liverpool,0,0.6083908993750811,3.379533653147518,2.681559449993074,Premier League,2022-2023
8859,Mikkel Damsgaard,26,963,0,2.660358265042305,0,1.7436131360009313,12,11,4,0,F M S,Brentford,0,2.660358265042305,5.63767113443464,2.2835514806210995,Premier League,2022-2023
8864,Matthew Cash,26,1822,0,0.1666707005351781,1,0.4675993956625461,7,8,4,0,D M S,Aston Villa,0,0.1666707005351781,5.986693885177374,5.530507996678352,Premier League,2022-2023
8940,Antonee Robinson,35,3088,0,0.0579266995191574,1,1.0235916152596474,3,21,8,0,D,Fulham,0,0.0579266995191574,8.392814400605857,7.63532301876694,Premier League,2022-2023
8942,Aaron Hickey,26,1958,0,0.3167129307985306,1,0.6221226900815964,11,6,7,0,D S,Brentford,0,0.3167129307985306,2.5498968306928878,2.0008020736277103,Premier League,2022-2023
8961,Rúben Dias,26,2006,0,1.9355910001322627,0,0.3942475691437721,10,3,3,0,D S,Manchester City,0,1.9355910001322627,12.852464072406292,12.49297409504652,Premier League,2022-2023
8965,Vladimir Coufal,27,2148,0,0.1806397484615445,1,2.275553598999977,6,25,5,0,D S,West Ham,0,0.1806397484615445,4.774060698226094,3.4378814958035946,Premier League,2022-2023
8992,Hakim Ziyech,18,630,0,0.5913859363645315,3,2.5491114612668757,16,14,1,0,D F M S,Chelsea,0,0.5913859363645315,3.101729600690305,1.5464539704844356,Premier League,2022-2023
9021,Pape Sarr,11,200,0,0.0562562998384237,1,0.5660416968166828,2,2,1,0,M S,Tottenham,0,0.0562562998384237,1.8612066991627216,1.2539500053972006,Premier League,2022-2023
9098,Robert Sánchez,23,2070,0,0.0,0,0.0,0,0,2,0,GK,Brighton,0,0.0,2.587134573608637,2.587134573608637,Premier League,2022-2023
9154,Elliot Anderson,22,353,0,1.1292364411056042,1,1.5604944918304682,11,9,0,0,M S,Newcastle United,0,1.1292364411056042,3.589391114190221,1.5997926257550716,Premier League,2022-2023
9156,Kevin Schade,18,720,0,1.3834919892251492,1,1.5542514063417912,12,8,2,0,F S,Brentford,0,1.3834919892251492,3.833646835759282,1.1757235415279863,Premier League,2022-2023
9274,Naouirou Ahamada,8,73,0,0.182050397619605,0,0.0916864015161991,3,2,1,0,S,Crystal Palace,0,0.182050397619605,0.2159352004528045,0.0250358004122972,Premier League,2022-2023
9324,Facundo Pellistri,4,48,0,0.0,0,0.0,0,0,0,0,S,Manchester United,0,0.0,0.5577363073825836,0.5577363073825836,Premier League,2022-2023
9339,Joe Gelhardt,15,177,0,0.9828338120132684,2,0.731904000043869,10,2,1,0,F S,Leeds,0,0.9828338120132684,1.7896137908101082,0.8910369034856558,Premier League,2022-2023
9356,Carney Chukwuemeka,14,323,0,0.2807844597846269,0,0.5179743207991123,5,8,0,0,M S,Chelsea,0,0.2807844597846269,2.4493823647499084,1.887391667813063,Premier League,2022-2023
9470,Isaac Price,1,30,0,0.0,0,0.0322885997593402,0,1,1,0,S,Everton,0,0.0,0.0322885997593402,0.0,Premier League,2022-2023
9499,Cody Drameh,1,74,0,0.0,0,0.0,0,0,0,0,D,Leeds,0,0.0,0.1345990002155304,0.1345990002155304,Premier League,2022-2023
9512,Valentino Livramento,2,19,0,0.0,0,0.0,0,0,0,0,S,Southampton,0,0.0,0.0,0.0,Premier League,2022-2023
9524,Anthony Elanga,16,408,0,1.2088623978197577,1,1.1436329931020737,10,6,0,0,M S,Manchester United,0,1.2088623978197577,3.724183831363917,1.8017782215029,Premier League,2022-2023
9552,Tyrese Francois,1,1,0,0.0,0,0.0,0,0,0,0,S,Fulham,0,0.0,0.0,0.0,Premier League,2022-2023
9676,David Raya,38,3420,0,0.1039170026779174,0,0.1581754013895988,1,2,1,0,GK,Brentford,0,0.1039170026779174,2.429192343726754,2.2710169572383165,Premier League,2022-2023
9677,Kristoffer Ajer,9,781,0,0.023081500083208,0,0.0165113992989063,1,1,0,0,D,Brentford,0,0.023081500083208,1.5337861999869349,1.5337861999869349,Premier League,2022-2023
9679,Rico Henry,37,3260,0,1.945255502127111,2,3.062078721821308,22,23,4,0,D,Brentford,0,1.945255502127111,9.57805674150586,5.399344060570002,Premier League,2022-2023
9681,Frank Onyeka,21,823,0,1.3004195326939223,2,0.9003641102463007,9,7,0,0,M S,Brentford,0,1.3004195326939223,3.751063988544047,1.778751190751791,Premier League,2022-2023
9683,Mads Bech Sørensen,4,13,0,0.0,0,0.0,0,0,0,0,S,Brentford,0,0.0,0.0145397996529936,0.0145397996529936,Premier League,2022-2023
9685,Mads Roerslev,20,1089,0,0.3934907913208008,0,1.8459260575473309,3,8,0,0,D S,Brentford,0,0.3934907913208008,2.639313882216811,1.452640237286687,Premier League,2022-2023
9686,Halil Dervisoglu,1,5,0,0.0668924003839492,0,0.0,2,0,0,0,S,Brentford,0,0.0668924003839492,0.0668924003839492,0.0,Premier League,2022-2023
9689,Albert Sambi Lokonga,15,732,0,0.1307045519351959,0,0.0456785000860691,2,2,2,0,M S,"Arsenal,Crystal Palace",0,0.1307045519351959,0.7480293493717909,0.6000321935862303,Premier League,2022-2023
9710,Armel Bella Kotchap,24,1890,0,1.270264146849513,2,1.4630886502563951,14,6,4,0,D,Southampton,0,1.270264146849513,4.837567955255508,3.89722553268075,Premier League,2022-2023
9733,Nathan Collins,26,1788,0,0.1207122802734375,0,0.0746328979730606,3,2,2,1,D S,Wolverhampton Wanderers,0,0.1207122802734375,3.1115625351667404,3.036929935216904,Premier League,2022-2023
9734,Enock Mwepu,6,205,0,0.0766704007983207,1,0.4522641953080892,2,3,0,0,F M S,Brighton,0,0.0766704007983207,1.0331942196935415,0.653810178861022,Premier League,2022-2023
9740,José Sá,36,3240,0,0.0,0,0.0,0,0,2,0,GK,Wolverhampton Wanderers,0,0.0,1.553518857806921,1.553518857806921,Premier League,2022-2023
9741,Chem Campbell,5,55,0,0.0622584000229835,0,0.0,2,0,0,0,S,Wolverhampton Wanderers,0,0.0622584000229835,0.0722723975777626,0.0300198998302221,Premier League,2022-2023
9912,Cameron Archer,6,31,0,0.0,0,0.0,0,0,0,0,S,Aston Villa,0,0.0,0.0,0.0,Premier League,2022-2023
9914,Shandon Baptiste,23,568,0,0.184569239616394,1,1.0790189672261477,4,10,1,1,M S,Brentford,0,0.184569239616394,1.5274408347904682,0.8893836699426174,Premier League,2022-2023
10036,Jeremy Sarmiento,9,156,0,0.2745006997138262,1,0.2008139938116073,5,2,1,0,M S,Brighton,0,0.2745006997138262,1.288041802123189,0.812727190554142,Premier League,2022-2023
10072,Samuel Edozie,17,540,0,1.0850969199091196,0,0.3165547512471676,8,8,0,0,F M S,Southampton,0,1.0850969199091196,2.7462167609483004,1.4620534982532265,Premier League,2022-2023
10140,Hugo Bueno,21,1320,0,0.1124543994665145,1,1.070818241685629,4,15,1,0,D S,Wolverhampton Wanderers,0,0.1124543994665145,2.2600185442715883,1.5996279511600733,Premier League,2022-2023
10168,Lewis Brunt,1,21,0,0.0,0,0.0,0,0,0,0,S,Leicester,0,0.0,0.0,0.0,Premier League,2022-2023
10216,Lewis Hall,9,669,0,0.9621372651308776,0,2.483380403369665,11,15,1,0,D M S,Chelsea,0,0.9621372651308776,4.236596934497356,2.1478421427309518,Premier League,2022-2023
10291,Vitalii Mykolenko,34,2651,0,0.6954699149355292,0,1.0392506159842014,10,18,4,0,D S,Everton,0,0.6954699149355292,5.121129205450416,3.666464917361736,Premier League,2022-2023
10292,Nathan Patterson,19,1272,0,0.8275385983288288,0,0.7127293702214956,8,6,3,0,D S,Everton,0,0.8275385983288288,3.072567291557789,2.221582919359207,Premier League,2022-2023
10348,Omari Hutchinson,1,20,0,0.0,0,0.0,0,0,0,0,S,Chelsea,0,0.0,0.0599266998469829,0.0599266998469829,Premier League,2022-2023
10453,Odeluga Offiah,2,17,0,0.0,0,0.0,0,0,0,0,S,Brighton,0,0.0,0.0801775380969047,0.0801775380969047,Premier League,2022-2023
10579,Matthew Craig,1,11,0,0.0,0,0.0,0,0,0,0,S,Tottenham,0,0.0,0.0,0.0,Premier League,2022-2023
10698,Malcolm Ebiowei,3,26,0,0.0,0,0.0,0,0,0,0,S,Crystal Palace,0,0.0,0.0385116003453731,0.0385116003453731,Premier League,2022-2023
10718,Jay Stansfield,3,85,0,0.1730169951915741,0,0.0589650012552738,2,1,0,0,M S,Fulham,0,0.1730169951915741,0.2319819927215576,0.0,Premier League,2022-2023
10719,Luke Harris,3,6,0,0.0,0,0.0,0,0,0,0,S,Fulham,0,0.0,0.0878236964344978,0.0878236964344978,Premier League,2022-2023
10740,Jordan Zemura,19,1465,0,0.3462909907102585,1,2.14239261392504,4,18,1,0,D M S,Bournemouth,0,0.3462909907102585,3.5135136218741536,1.2088170098140836,Premier League,2022-2023
10742,Ben Pearson,7,285,0,0.0565079990774393,0,0.0,2,0,1,0,M S,Bournemouth,0,0.0565079990774393,0.1892691031098365,0.132760901004076,Premier League,2022-2023
10745,Emiliano Marcondes,1,6,0,0.0,0,0.0,0,0,0,0,S,Bournemouth,0,0.0,0.0,0.0,Premier League,2022-2023
10749,Siriki Dembélé,6,93,0,0.1077635008841753,0,0.2604870051145553,2,4,0,0,S,Bournemouth,0,0.1077635008841753,0.4032813981175422,0.1637520976364612,Premier League,2022-2023
10752,Darko Gyabi,1,5,0,0.0653707012534141,0,0.0,1,0,0,0,S,Leeds,0,0.0653707012534141,0.0653707012534141,0.0,Premier League,2022-2023
10753,Connor Ronan,1,1,0,0.0,0,0.0,0,0,0,0,S,Wolverhampton Wanderers,0,0.0,0.0,0.0,Premier League,2022-2023
10755,Joseph Hodge,6,162,0,0.2323972880840301,0,0.0711171999573707,2,1,1,0,M S,Wolverhampton Wanderers,0,0.2323972880840301,0.4096744880080223,0.2439708858728408,Premier League,2022-2023
10757,Scott McKenna,20,1568,0,0.072630500420928,0,0.8567974828183651,2,8,4,0,D S,Nottingham Forest,0,0.072630500420928,3.309428296983242,2.500349510461092,Premier League,2022-2023
10758,Harry Toffolo,19,922,0,0.2182767949998378,0,0.4909842014312744,6,5,2,0,D M S,Nottingham Forest,0,0.2182767949998378,2.412663601338864,1.946195995435119,Premier League,2022-2023
10761,Alex Mighten,1,5,0,0.0,0,0.0,0,0,0,0,S,Nottingham Forest,0,0.0,0.0,0.0,Premier League,2022-2023
10764,Djed Spence,4,4,0,0.1141080036759376,0,0.0,1,0,0,0,S,Tottenham,0,0.1141080036759376,0.1141080036759376,0.0,Premier League,2022-2023
10765,Gavin Bazunu,32,2880,0,0.0,0,0.0428376011550426,0,1,0,0,GK,Southampton,0,0.0,3.4182891845703125,3.375451184809208,Premier League,2022-2023
10803,Tyrell Malacia,22,1376,0,0.1680589988827705,0,0.7472324855625629,5,9,6,0,D S,Manchester United,0,0.1680589988827705,6.350732691586018,5.691335782408714,Premier League,2022-2023
10805,Levi Colwill,17,1213,0,1.5830463785678148,2,0.6098756808787584,8,7,1,0,D S,Brighton,0,1.5830463785678148,5.231132447719574,4.788313198834658,Premier League,2022-2023
10807,Jan Paul van Hecke,8,288,0,0.5538489818572998,0,0.0,2,0,2,0,D S,Brighton,0,0.5538489818572998,0.2988718040287494,0.2795934043824672,Premier League,2022-2023
10808,Daniel Iversen,12,1080,0,0.0,0,0.0,0,0,0,0,GK,Leicester,0,0.0,1.5647124908864498,1.5647124908864498,Premier League,2022-2023
10809,Keane Lewis-Potter,10,307,0,0.6775096822530031,1,1.429301805794239,7,5,0,0,F S,Brentford,0,0.6775096822530031,1.1727796997874975,0.0487009994685649,Premier League,2022-2023
10845,Flynn Downes,21,738,0,0.3241226226091385,0,0.0507442839443683,4,2,2,0,M S,West Ham,0,0.3241226226091385,1.104828191921115,0.8530487809330225,Premier League,2022-2023
10847,Rico Lewis,14,904,0,0.2003175821155309,0,1.379109164699912,5,11,1,0,D M S,Manchester City,0,0.2003175821155309,6.51468688249588,5.571969419717789,Premier League,2022-2023
10865,Jamal Lowe,2,9,0,0.0,0,0.0,0,0,0,0,S,Bournemouth,0,0.0,0.0,0.0,Premier League,2022-2023
10997,Bobby Clark,1,5,0,0.0,0,0.0,0,0,0,0,S,Liverpool,0,0.0,0.0,0.0,Premier League,2022-2023
11003,Ryan Yates,26,1842,0,1.7420261716470122,2,1.0617644041776657,26,7,5,0,M S,Nottingham Forest,0,1.7420261716470122,3.5049553960561752,1.5388160664588213,Premier League,2022-2023
11005,Joseph Whitworth,2,180,0,0.0,0,0.0,0,0,0,0,GK,Crystal Palace,0,0.0,0.0,0.0,Premier League,2022-2023
11034,Owen Bevan,1,6,0,0.0,0,0.0,0,0,0,0,S,Bournemouth,0,0.0,0.0,0.0,Premier League,2022-2023
11035,Marquinhos,1,1,0,0.0,0,0.0,0,0,0,0,S,Arsenal,0,0.0,0.0,0.0,Premier League,2022-2023
11078,Juan Larios,5,144,0,0.0,0,0.0,0,0,0,0,D S,Southampton,0,0.0,0.0783459991216659,0.0783459991216659,Premier League,2022-2023
11132,Ethan Nwaneri,1,1,0,0.0,0,0.0,0,0,0,0,S,Arsenal,0,0.0,0.0,0.0,Premier League,2022-2023
11174,Kobbie Mainoo,1,7,0,0.0,0,0.0,0,0,0,0,S,Manchester United,0,0.0,0.1666270047426223,0.1666270047426223,Premier League,2022-2023
11193,Andrew Moran,1,9,0,0.0,0,0.0,0,0,0,0,S,Brighton,0,0.0,0.0754638016223907,0.0754638016223907,Premier League,2022-2023
11208,Mateo Joseph,3,23,0,0.0736948028206825,0,0.0,1,0,0,0,S,Leeds,0,0.0736948028206825,0.0,0.0,Premier League,2022-2023
11231,Ben Doak,2,20,0,0.0,0,0.0,0,0,0,0,S,Liverpool,0,0.0,0.0,0.0,Premier League,2022-2023
11232,Thomas Cannon,2,15,0,0.0505074001848697,0,0.0708136036992073,1,1,0,0,S,Everton,0,0.0505074001848697,0.0505074001848697,0.0,Premier League,2022-2023
11233,Dexter Lembikisa,1,20,0,0.0,0,0.0,0,0,0,0,S,Wolverhampton Wanderers,0,0.0,0.0149248000234365,0.0149248000234365,Premier League,2022-2023
11242,Divin Mubama,3,30,0,0.0,0,0.0591654740273952,0,1,0,0,S,West Ham,0,0.0,0.3962714932858944,0.3371060192584991,Premier League,2022-2023
11268,David Ozoh,1,1,0,0.0,0,0.0,0,0,0,0,S,Crystal Palace,0,0.0,0.0,0.0,Premier League,2022-2023
11269,Jack Hinshelwood,1,1,0,0.0,0,0.0,0,0,0,0,S,Brighton,0,0.0,0.0,0.0,Premier League,2022-2023
11284,Gustavo Scarpa,6,173,0,0.2078698715195059,0,0.0278489999473094,7,1,1,0,M S,Nottingham Forest,0,0.2078698715195059,0.4971910044550895,0.2983762994408607,Premier League,2022-2023
11295,David Datro Fofana,3,65,0,0.326112687587738,0,0.0874276300892233,3,3,0,0,F S,Chelsea,0,0.326112687587738,0.3853735169395804,0.0,Premier League,2022-2023
11298,Mislav Orsic,1,3,0,0.0,0,0.0,0,0,0,0,S,Southampton,0,0.0,0.0,0.0,Premier League,2022-2023
11305,Mykhailo Mudryk,15,654,0,1.9044867679476736,2,0.7282041758298874,14,10,1,0,F M S,Chelsea,0,1.9044867679476736,3.8914809599518776,1.9701451398432253,Premier League,2022-2023
11356,Enzo Fernández,18,1559,0,0.6178922252729535,2,2.1305470690131187,20,20,3,0,M,Chelsea,0,0.6178922252729535,8.81558745726943,7.622973386198282,Premier League,2022-2023
11359,James Bree,5,373,0,0.014379559084773,0,0.1782319955527782,1,4,1,0,D S,Southampton,0,0.014379559084773,0.3973508812487125,0.230254914611578,Premier League,2022-2023
11360,Paul Onuachu,11,390,0,0.9351124968379736,0,0.3200107105076313,11,4,0,0,F S,Southampton,0,0.9351124968379736,1.3479153849184513,0.1009839959442615,Premier League,2022-2023
11361,Daniel Bentley,2,180,0,0.0,0,0.0,0,0,0,0,GK,Wolverhampton Wanderers,0,0.0,0.0584822446107864,0.0584822446107864,Premier League,2022-2023
11366,Jhon Durán,12,103,0,0.7512960135936737,0,0.0525350011885166,7,1,1,0,S,Aston Villa,0,0.7512960135936737,0.2932615997269749,0.0882194004952907,Premier League,2022-2023
11367,Victor Kristiansen,12,902,0,0.1182039007544517,1,0.6666268110275269,3,7,2,0,D S,Leicester,0,0.1182039007544517,2.8209515437483788,2.4717506989836693,Premier League,2022-2023
11378,Máximo Perrone,1,17,0,0.0,0,0.0,0,0,0,0,S,Manchester City,0,0.0,0.0,0.0,Premier League,2022-2023
11385,Yasin Ayari,3,59,0,0.0128233004361391,0,0.2380980178713798,1,2,0,0,M S,Brighton,0,0.0128233004361391,0.3362570181488991,0.2269130051136016,Premier League,2022-2023
11386,Lewis Miley,1,10,0,0.0640049427747726,0,0.0,1,0,0,0,S,Newcastle United,0,0.0640049427747726,0.0640049427747726,0.0,Premier League,2022-2023
11486,Illia Zabarnyi,5,290,0,0.0,0,0.0,0,0,0,0,D S,Bournemouth,0,0.0,0.631728045642376,0.631728045642376,Premier League,2022-2023
11509,George Abbott,1,1,0,0.0,0,0.0,0,0,0,0,S,Tottenham,0,0.0,0.0,0.0,Premier League,2022-2023
11544,Cameron Peupion,1,1,0,0.0536134205758571,0,0.0,1,0,0,0,S,Brighton,0,0.0536134205758571,0.0,0.0,Premier League,2022-2023
11582,Kamari Doyle,1,1,0,0.0,0,0.0,0,0,0,0,S,Southampton,0,0.0,0.0,0.0,Premier League,2022-2023
11583,Dominic Ballard,2,17,0,0.0,0,0.0,0,0,0,0,S,Southampton,0,0.0,0.0,0.0,Premier League,2022-2023
11594,Shea Charles,1,26,0,0.0,0,0.0,0,0,0,0,S,Manchester City,0,0.0,0.129426509141922,0.129426509141922,Premier League,2022-2023
11618,Samuel Amo-Ameyaw,1,1,0,0.0,0,0.0250539388507604,0,1,0,0,S,Southampton,0,0.0,0.0250539388507604,0.0250539388507604,Premier League,2022-2023
227,Robert Lewandowski,34,2862,23,25.93928100913763,7,6.353777157142758,135,36,2,1,F S,Barcelona,23,25.196005009114742,36.746243976056576,9.871428990736604,La Liga,2022-2023
2370,Karim Benzema,24,2056,19,23.95281184464693,3,6.247546784579754,107,48,1,0,F,Real Madrid,12,18.006582662463188,25.88561362028122,8.579489946365356,La Liga,2022-2023
866,Joselu,34,2989,16,15.871623763814569,2,2.09515243396163,93,22,2,0,F S,Espanyol,11,12.15523842163384,13.920117577537894,2.132707592099905,La Liga,2022-2023
2270,Antoine Griezmann,38,2853,15,11.751190435141323,16,15.643586406484246,111,85,2,0,F M S,Atletico Madrid,15,11.751190435141323,30.893705546855927,11.25261721946299,La Liga,2022-2023
2543,Borja Iglesias,35,2406,15,15.634133275598288,3,2.9218252673745155,63,22,2,1,F S,Real Betis,10,11.174591269344091,15.96169090270996,3.046393381431699,La Liga,2022-2023
9002,Vedat Muriqi,35,2980,15,13.942932915873826,3,2.4056402393616736,75,21,6,1,F S,Mallorca,11,10.226548311300576,12.27048505935818,1.9334499863907693,La Liga,2022-2023
6219,Enes Ünal,35,3013,14,11.60818971786648,3,3.355746453627944,88,28,6,0,F,Getafe,9,7.148527042008936,10.861758533865212,3.2681479174643755,La Liga,2022-2023
1804,Álvaro Morata,36,1930,13,14.64975681900978,2,1.978996174409985,71,17,4,0,F S,Atletico Madrid,13,14.64975681900978,16.11631727218628,3.3102323040366173,La Liga,2022-2023
10948,Valentín Castellanos,35,2664,13,14.019209953024983,0,1.6325436383485794,86,15,11,0,F S,Girona,12,13.275932939723134,14.273264510557055,2.4223936777561903,La Liga,2022-2023
2290,Iago Aspas,37,2852,12,10.685916561633348,3,6.543626822531223,78,81,4,0,F S,Celta Vigo,10,8.456082809716463,20.44666382297873,8.838192334398627,La Liga,2022-2023
6531,Alexander Sørloth,34,2411,12,15.474885508418083,3,4.683027924969792,63,31,4,0,F S,Real Sociedad,12,15.474885508418083,21.82136031612754,4.321957105770707,La Liga,2022-2023
10048,Nicolas Jackson,26,1617,12,8.56287157163024,4,4.143055668100715,41,22,4,1,F S,Villarreal,12,8.56287157163024,15.196007523685694,3.050466211512685,La Liga,2022-2023
8713,Gabriel Veiga,36,2333,11,6.079808419570327,4,3.169464748352766,62,28,5,1,F M S,Celta Vigo,11,6.079808419570327,13.140363078564404,5.013061733916402,La Liga,2022-2023
2399,Iñaki Williams,36,2884,10,11.302643245086074,3,6.15851891413331,85,39,2,0,F M S,Athletic Club,9,9.816090581938624,17.5813892390579,3.8634488387033343,La Liga,2022-2023
3211,Martin Braithwaite,31,2493,10,11.363067630678415,2,1.6867957413196564,59,12,6,1,F M S,Espanyol,10,11.363067630678415,13.113234112039208,3.276439910754561,La Liga,2022-2023
7008,Vinícius Júnior,33,2847,10,10.869105548597872,9,9.859566218219696,77,64,10,1,F M S,Real Madrid,10,10.869105548597872,25.33413933031261,9.522749237716198,La Liga,2022-2023
7779,Oihan Sancet,36,2588,10,8.514426482841372,2,4.576554672792554,57,44,6,1,M S,Athletic Club,8,7.027870846912265,16.236426129937172,6.456854950636625,La Liga,2022-2023
1709,Cristhian Stuani,32,1040,9,9.90645307675004,0,1.2468140870332718,35,8,8,0,F S,Girona,4,5.446792509406805,5.696666756644845,1.2228918503969908,La Liga,2022-2023
2117,Marco Asensio,31,1422,9,6.373870919458568,6,5.166510669514537,59,40,1,0,F M S,Real Madrid,9,5.630593827925623,15.242820231243968,8.65533515624702,La Liga,2022-2023
2275,Ángel Correa,35,1434,9,6.723428345285356,1,4.05713627487421,43,23,3,1,F M S,Atletico Madrid,9,6.723428345285356,11.97500139568001,4.690866146236658,La Liga,2022-2023
8001,Takefusa Kubo,35,2483,9,7.147603329271078,4,6.844971331767738,72,38,3,0,F M S,Real Sociedad,9,7.147603329271078,15.974665026180446,4.888196804560721,La Liga,2022-2023
8015,Rodrygo,34,2385,9,14.77451155334711,8,7.274762897752225,98,47,4,0,F M S,Real Madrid,8,14.0312335267663,27.13535382971168,10.772944938391449,La Liga,2022-2023
9812,Isi Palazón,37,3041,9,7.684917610138655,5,4.770460481755436,94,64,4,0,F M S,Rayo Vallecano,8,5.461059231311083,10.31423994153738,4.320788227953017,La Liga,2022-2023
1235,Ante Budimir,31,1825,8,8.004971714690328,0,0.7373963035643101,58,11,5,0,F S,Osasuna,8,8.004971714690328,8.55313607584685,1.3744415706023574,La Liga,2022-2023
2252,Borja Mayoral,35,2812,8,9.47557975910604,2,3.153979867696762,51,22,4,0,F M S,Getafe,8,7.989024238660932,10.60287531092763,1.257620943710208,La Liga,2022-2023
5169,Youssef En-Nesyri,31,1642,8,9.021287601441143,1,1.5004541031084957,59,10,4,0,F M S,Sevilla,8,9.021287601441143,10.731832148507236,1.5815792866051197,La Liga,2022-2023
6227,Brais Méndez,34,2439,8,5.7975368313491344,4,3.794712699949741,60,48,6,0,M S,Real Sociedad,8,5.7975368313491344,12.904487824067472,6.832457087934017,La Liga,2022-2023
6955,Ezequiel Ávila,29,1762,8,6.8799684997648,2,2.660105465911329,67,18,7,1,F M S,Osasuna,6,4.650134900584817,7.066663050092757,1.4496865142136812,La Liga,2022-2023
11340,Cyle Larin,19,1476,8,7.6028114929795265,3,2.5209364108741283,50,16,4,0,F S,Real Valladolid,6,6.116256274282932,8.023387804627419,0.378777889534831,La Liga,2022-2023
1189,Lucas Boyé,35,2500,7,9.719672399573028,2,3.5554743418470025,72,28,7,1,F S,Elche,7,8.976394372992218,12.715304585173726,3.5361030101776123,La Liga,2022-2023
2120,Gerard Moreno,21,1232,7,9.87488753721118,3,2.507025921717286,43,18,4,0,F M S,Villarreal,6,8.388327490538359,12.140603572130203,3.066850008442998,La Liga,2022-2023
2186,Morales,29,1176,7,6.655161900445819,0,1.8830509334802628,41,9,2,0,F M S,Villarreal,7,6.655161900445819,9.192641694098713,0.7022352069616318,La Liga,2022-2023
2272,Yannick Carrasco,35,2342,7,8.940640585497022,3,4.486889308318496,67,45,2,0,D F M S,Atletico Madrid,6,8.197362976148725,16.778101973235607,6.28173135779798,La Liga,2022-2023
6241,Federico Valverde,34,2504,7,4.023555099964142,4,6.36190115660429,63,43,2,0,F M S,Real Madrid,7,4.023555099964142,20.64074229262769,13.516591982915998,La Liga,2022-2023
6933,Javi Puado,37,2373,7,7.291619469411671,2,3.251571474596858,57,25,4,0,F M S,Espanyol,7,7.291619469411671,9.177111096680164,2.9672640254721045,La Liga,2022-2023
7967,Anssumane Fati,36,1342,7,10.52517001517117,3,1.694920001551509,61,15,3,0,F S,Barcelona,7,10.52517001517117,16.356084873899817,5.562163054011762,La Liga,2022-2023
8026,Raphinha,36,2107,7,10.038539066910744,7,10.53321040980518,79,57,10,0,F M S,Barcelona,7,10.038539066910744,25.81641324609518,13.703732771798968,La Liga,2022-2023
8294,El Bilal Touré,21,1278,7,6.231381913647056,2,0.7389202993363142,29,14,0,0,F S,Almeria,7,6.231381913647056,7.832287222146988,1.316285077482462,La Liga,2022-2023
644,Erik Lamela,32,1846,6,6.223248302936554,0,1.5323463045060637,47,23,8,1,D F M S,Sevilla,6,6.223248302936554,9.57962186448276,3.953694580122829,La Liga,2022-2023
2589,Rafa Mir,26,1303,6,8.138766031712294,0,0.923073842190206,51,9,1,0,F M S,Sevilla,6,8.138766031712294,8.636538857594132,1.087171877734363,La Liga,2022-2023
2621,Sergi Darder,38,3349,6,3.463144911453128,3,8.386047177016735,39,74,4,0,F M,Espanyol,6,3.463144911453128,15.358720410615206,10.29543449729681,La Liga,2022-2023
4175,Pere Milla,31,1882,6,5.174815798178315,1,1.3084059935063124,36,13,6,0,F M S,Elche,3,2.9449808094650507,5.5135867381468415,2.2564130621030927,La Liga,2022-2023
5095,Sergio León,29,1313,6,4.211818747222424,1,1.7067245226353407,28,13,0,1,F S,Real Valladolid,5,2.725259453058243,5.114428512752056,1.4469424933195114,La Liga,2022-2023
6963,Justin Kluivert,26,1453,6,6.611951711587608,0,2.7358507309108973,44,23,4,0,F M S,Valencia,5,5.868930700235069,10.047239660285411,2.255819134414196,La Liga,2022-2023
7020,Gorka Guruzeta,30,1409,6,6.38426064606756,1,1.239474257454276,51,14,2,0,F S,Athletic Club,6,6.38426064606756,9.517838278785348,3.251096060499549,La Liga,2022-2023
7208,Samuel Chukwueze,37,2360,6,7.250476302579045,5,4.412587216123939,60,44,1,0,F M S,Villarreal,6,7.250476302579045,15.63541644345969,5.525067799724639,La Liga,2022-2023
7313,Lee Kang-In,36,2876,6,5.014088646508753,6,6.462270581163466,46,53,10,0,D F M S,Mallorca,6,5.014088646508753,11.570726854726672,4.871508724056184,La Liga,2022-2023
7528,Sergio Camello,38,2442,6,7.05746890977025,5,2.189080720767379,76,28,1,0,F S,Rayo Vallecano,6,7.05746890977025,9.704236967489123,1.7313141617923975,La Liga,2022-2023
8417,Álex Baena,35,1925,6,4.281025390140712,2,5.160048458725214,62,31,11,1,F M S,Villarreal,6,4.281025390140712,14.062755624763668,7.922818042337894,La Liga,2022-2023
8935,Pedri,26,2002,6,4.976779539138079,1,5.747395858168602,22,42,2,0,F M S,Barcelona,6,4.976779539138079,24.879692651331425,17.11201692186296,La Liga,2022-2023
9211,Nico Williams,36,2713,6,6.019259100779891,4,5.542633295059204,61,44,3,0,M S,Athletic Club,6,6.019259100779891,15.79513369873166,5.758142877370119,La Liga,2022-2023
10943,Samuel Lino,38,2926,6,8.720042706467211,1,2.2068142872303724,96,27,4,0,F M S,Valencia,6,8.720042706467211,16.564936473965645,6.476675685495138,La Liga,2022-2023
11099,Lázaro,19,699,6,3.860782763920725,0,0.719991048797965,25,12,1,0,F M S,Almeria,6,3.860782763920725,5.336115034297109,1.1216947715729475,La Liga,2022-2023
555,Memphis Depay,10,386,5,4.539924480021,0,0.7684173043817282,17,8,1,0,F S,"Atletico Madrid,Barcelona",5,4.539924480021,6.1499131470918655,1.0386573784053326,La Liga,2022-2023
3226,Ousmane Dembélé,25,1427,5,5.202294500544667,7,5.9506505243480206,49,41,4,0,F M S,Barcelona,5,5.202294500544667,16.991774890571833,7.3921117503196,La Liga,2022-2023
3294,Edinson Cavani,25,1487,5,5.868209354579449,2,1.7603410109877586,34,12,6,0,F S,Valencia,3,3.638375898823142,6.603921540081501,1.7283265544101596,La Liga,2022-2023
7071,Álvaro García,35,2923,5,3.518818292766809,5,5.357935098931193,51,48,7,0,D M S,Rayo Vallecano,5,3.518818292766809,10.664880255237222,4.134054873138666,La Liga,2022-2023
7829,Eder Militão,33,2696,5,3.472639105282724,0,0.6630480252206326,22,7,4,0,D S,Real Madrid,5,3.472639105282724,15.225922979414465,14.706600114703178,La Liga,2022-2023
897,Juanmi,22,926,4,4.853912426158786,0,1.2066011186689138,19,4,3,0,M S,Real Betis,4,4.853912426158786,7.613409383222461,2.110602483153343,La Liga,2022-2023
1109,Lucas Ocampos,19,1155,4,4.324829484336078,0,0.9793771132826804,29,13,7,0,F M S,Sevilla,1,2.0949972374364734,5.242225570604205,2.408514514565468,La Liga,2022-2023
2057,Ezequiel Ponce,33,1080,4,4.292130868881941,0,0.5075208488851786,29,10,2,1,F M S,Elche,4,4.292130868881941,4.121271654963493,1.3701778054237366,La Liga,2022-2023
2104,Sergi Roberto,23,1305,4,2.2950772028416395,1,1.1037648497149348,18,11,3,0,D M S,Barcelona,4,2.2950772028416395,10.880764681845903,8.29584439471364,La Liga,2022-2023
2166,Adrián Embarba,30,1536,4,3.951405564323068,3,3.16005923692137,50,31,3,1,F M S,"Almeria,Espanyol",3,3.2081278953701258,5.651959799230099,2.0733875893056397,La Liga,2022-2023
2234,Mikel Oyarzabal,23,1234,4,5.102983638644218,1,2.5520786121487617,19,14,1,0,F M S,Real Sociedad,2,2.8731560558080678,6.747103767469525,2.270870100706816,La Liga,2022-2023
2250,Luka Modric,33,1756,4,3.426376735791564,3,5.127760328352451,30,42,7,0,M S,Real Madrid,3,2.683098709210753,15.952041245996952,11.54232443124056,La Liga,2022-2023
2253,Lucas Vázquez,23,1136,4,1.8904301412403584,1,1.577684948220849,14,23,2,0,D S,Real Madrid,4,1.8904301412403584,9.31353317759931,6.785189708694816,La Liga,2022-2023
2288,Theo Bongonda,31,1996,4,4.301263943314552,3,2.890035731717944,43,20,2,0,F M S,Cadiz,3,3.557986333966255,7.863660013303161,1.949241280555725,La Liga,2022-2023
2303,Samu Castillejo,25,1390,4,3.3465572260320187,0,3.3430429752916098,37,30,7,0,F M S,Valencia,4,3.3465572260320187,7.570638716220856,3.5696487966924906,La Liga,2022-2023
2304,Leo Baptistao,28,1775,4,4.972651930525899,1,1.3178994208574295,44,17,7,0,F M S,Almeria,4,4.972651930525899,6.464914631098509,1.6458432963117955,La Liga,2022-2023
2437,Gonzalo Escalante,14,1132,4,3.4860581438988447,1,1.36583006195724,14,10,4,0,M S,Cadiz,4,3.4860581438988447,5.82333117723465,1.6171930115669966,La Liga,2022-2023
2571,Sergio Canales,31,2432,4,4.655821478925645,3,5.269131166860461,39,56,2,2,M S,Real Betis,3,3.912543452344835,12.74706557393074,5.691056125797331,La Liga,2022-2023
4229,Raúl de Tomás,19,800,4,4.349516078829765,0,0.7042726706713438,43,10,2,0,F S,Rayo Vallecano,3,2.8630890510976315,3.9684460256248713,0.7226112969219685,La Liga,2022-2023
5073,Florian Lejeune,31,2572,4,2.5553433396853507,0,0.2972330087795853,41,8,4,3,D,Rayo Vallecano,4,2.5553433396853507,3.944842168129981,3.74573175702244,La Liga,2022-2023
5091,Alex Berenguer,37,2313,4,5.65740998275578,1,4.944238013587892,57,53,2,0,F M S,Athletic Club,4,5.65740998275578,11.792327504605057,4.7892356012016535,La Liga,2022-2023
6441,Ferrán Torres,33,1372,4,5.989609178155661,2,4.729961212724447,39,26,5,1,F M S,Barcelona,4,5.24633189663291,12.55453467555344,4.494726527482271,La Liga,2022-2023
6953,Gonzalo Melero,27,1919,4,2.9841087525710464,3,1.6417159559205174,24,19,5,0,M S,Almeria,3,2.2408267920836806,7.187590108253062,4.5795428566634655,La Liga,2022-2023
8002,Rodrigo Riquelme,34,2218,4,3.763311943039298,4,4.454517330043018,55,33,1,0,F M S,Girona,4,3.763311943039298,12.919351778924463,6.393373230472207,La Liga,2022-2023
8895,Tete Morente,32,2099,4,3.4170382358133797,0,1.2339700432494285,46,16,5,0,D F M S,Elche,4,3.4170382358133797,4.962422214448452,2.0328816594555974,La Liga,2022-2023
8963,Nahuel Molina,33,2873,4,3.221422616392374,2,3.716898473445326,21,38,7,1,D M,Atletico Madrid,4,3.221422616392374,17.213840421289206,11.33504480496049,La Liga,2022-2023
8978,Luis Suárez,21,1498,4,4.259950110688806,4,2.599911816418171,39,14,4,1,F M S,Almeria,4,4.259950110688806,7.722347047179937,1.6062554772943258,La Liga,2022-2023
9024,Yeremi Pino,36,2509,4,8.073961677029729,5,6.480380788445473,50,45,8,0,F M S,Villarreal,4,8.073961677029729,19.515446979552507,6.649317253381014,La Liga,2022-2023
10095,Abdessamad Ezzalzouli,28,1522,4,3.1559770852327347,2,1.543413994833827,40,12,2,2,F M S,Osasuna,4,3.1559770852327347,6.813403839245439,2.940178645774722,La Liga,2022-2023
11070,Jørgen Strand Larsen,32,1735,4,4.807609509676695,4,1.9461370818316936,41,12,4,0,F S,Celta Vigo,4,4.807609509676695,7.904950646683574,2.37780256383121,La Liga,2022-2023
291,Haris Seferovic,18,894,3,2.943560536950826,1,0.7547887451946735,13,6,3,0,F S,Celta Vigo,3,2.943560536950826,4.463256757706404,1.2518178410828114,La Liga,2022-2023
572,Etienne Capoue,28,1965,3,2.5871706064790487,0,1.3829733729362488,26,10,4,0,M S,Villarreal,3,2.5871706064790487,9.550727393478155,6.900384275242686,La Liga,2022-2023
770,Ayoze Pérez,19,1413,3,4.819808043539524,1,2.088960354216397,33,13,3,0,F M S,Real Betis,3,4.819808043539524,8.787146365270019,3.4517416898161173,La Liga,2022-2023
1450,Umar Sadiq,5,328,3,1.8637180104851725,0,0.3351791985332966,8,3,1,0,F S,"Almeria,Real Sociedad",3,1.8637180104851725,2.035436175763607,0.0580889023840427,La Liga,2022-2023
1700,Lucas Pérez,14,601,3,2.633298747241497,0,0.748432575725019,17,4,3,0,F S,Cadiz,3,2.633298747241497,4.280049987137318,1.358742816373706,La Liga,2022-2023
1857,David López,20,1660,3,2.083658127579838,1,0.5176103990525007,11,8,5,0,D M S,Girona,3,2.083658127579838,6.298737289384008,5.486880846321583,La Liga,2022-2023
2106,Munir,28,1126,3,3.109267878346145,1,1.4003085307776928,32,13,4,0,F M S,Getafe,3,3.109267878346145,4.758883818984032,1.5732949916273355,La Liga,2022-2023
2198,Moi Gómez,33,2467,3,1.6488030375912786,2,4.185353032313287,19,53,5,0,F M S,Osasuna,3,1.6488030375912786,9.959921073168516,7.940998271107674,La Liga,2022-2023
2266,Saúl Ñíguez,31,1084,3,1.8404701314866545,0,0.7208594754338264,21,7,8,0,D M S,Atletico Madrid,3,1.8404701314866545,5.90284320153296,3.490167681127786,La Liga,2022-2023
2378,Daniel Parejo,37,3295,3,4.973938208073378,4,4.121287411078811,30,49,6,0,M,Villarreal,1,2.000826846808195,21.936499398201704,20.45923517085612,La Liga,2022-2023
2424,Óliver Torres,32,2192,3,2.6738771479576826,1,3.361958678811789,22,38,2,0,F M S,Sevilla,3,2.6738771479576826,11.847869066521524,7.417101534083486,La Liga,2022-2023
3208,Óscar Trejo,34,2212,3,3.2997434101998806,4,2.890318663790822,24,43,9,0,F M S,Rayo Vallecano,2,1.8131883330643177,8.164497144520283,4.544045289978385,La Liga,2022-2023
4146,Fidel,27,1765,3,2.225505981594324,2,3.321523784659803,14,29,5,0,F M S,Elche,2,1.4822279550135136,5.355835731141269,2.8275361387059093,La Liga,2022-2023
4177,Álex Fernández,28,1556,3,2.5380992107093334,0,1.648745395243168,17,17,0,0,F M S,Cadiz,2,1.7948211841285229,4.373485868796706,2.1740058548748493,La Liga,2022-2023
5047,Rubén Sobrino,33,2489,3,5.517203697934747,2,2.506707616150379,33,24,11,0,F M S,Cadiz,3,5.517203697934747,10.402135593816638,2.895870951935649,La Liga,2022-2023
5077,Mikel Vesga,36,2566,3,3.866862854920328,3,1.5124138267710805,29,20,5,0,M S,Athletic Club,1,1.6370312785729766,9.45955678448081,8.180542539805174,La Liga,2022-2023
5212,Sergi Guardiola,31,1702,3,4.285032698884606,0,0.559431254863739,38,11,3,0,F M S,"Cadiz,Real Valladolid",3,4.285032698884606,5.3867214331403375,0.8859493620693684,La Liga,2022-2023
5666,Mouctar Diakhaby,29,2452,3,3.12158259563148,0,0.2078199014067649,21,5,5,1,D S,Valencia,3,3.12158259563148,5.248168438673019,4.594046052545309,La Liga,2022-2023
6136,Mario Hermoso,26,2110,3,2.931158736813813,2,2.014459842815995,15,14,3,2,D S,Atletico Madrid,3,2.931158736813813,12.600461326539516,11.598210141062737,La Liga,2022-2023
6917,Rubén Alcaraz,31,2059,3,3.617601087316871,0,1.8370729750022288,34,21,9,1,M S,Cadiz,1,1.387767881155014,5.2643252443522215,3.219039767980576,La Liga,2022-2023
6926,William Carvalho,33,2478,3,3.331784239038825,0,1.4937704876065254,26,22,6,1,M S,Real Betis,3,3.331784239038825,11.703816525638103,7.958751594647765,La Liga,2022-2023
7070,Santiago Comesaña,35,2498,3,2.689192680642009,2,1.8044728748500347,25,41,6,0,M S,Rayo Vallecano,3,2.689192680642009,7.891891127452254,5.114978757686913,La Liga,2022-2023
7286,Juan Miranda,21,1472,3,2.5308494847267866,2,2.913688050583005,21,20,1,1,D S,Real Betis,3,2.5308494847267866,6.685486979782581,3.006819574162364,La Liga,2022-2023
7308,Ander Barrenetxea,23,845,3,3.3963296115398407,1,0.84561413154006,18,8,4,0,D F M S,Real Sociedad,3,3.3963296115398407,4.909930506721139,1.73104795999825,La Liga,2022-2023
7529,Iván Martín,24,1602,3,2.670377928763628,3,2.984824126586318,18,17,2,0,F M S,Girona,3,2.670377928763628,10.81881345063448,7.028688091784716,La Liga,2022-2023
7609,Carles Pérez,35,2143,3,2.2080270387232304,5,1.78542956802994,53,23,5,0,F M S,Celta Vigo,3,2.2080270387232304,8.087709935382009,4.642618793994188,La Liga,2022-2023
7826,Joseph Aidoo,35,3125,3,1.416922703385353,0,0.0810652002692222,14,2,4,1,D,Celta Vigo,3,1.416922703385353,6.54033353086561,5.559501523151994,La Liga,2022-2023
7841,Dani Rodríguez,35,2149,3,2.897675169631839,6,3.044348869472742,25,26,8,0,M S,Mallorca,3,2.897675169631839,7.1755600441247225,3.861684357747436,La Liga,2022-2023
7888,Nemanja Gudelj,34,2772,3,2.136961732059717,1,0.5693970732390881,38,5,8,0,D M S,Sevilla,3,2.136961732059717,4.984419351443648,3.642415271140635,La Liga,2022-2023
7892,João Félix,14,646,3,3.3993573170155287,3,1.8245068956166504,26,10,5,0,F M S,Atletico Madrid,3,3.3993573170155287,6.138477439060807,1.3330573067069054,La Liga,2022-2023
8420,Monchu,33,2036,3,2.376700069755316,2,2.798762056045234,39,25,10,0,M S,Real Valladolid,3,2.376700069755316,6.02782881911844,3.670932489447296,La Liga,2022-2023
8424,Aimar Oroz,31,2031,3,3.849490972235799,6,2.9725606329739094,23,34,6,0,F M S,Osasuna,2,3.1062129456549883,8.030050873756409,3.6662511248141527,La Liga,2022-2023
8939,Marcos Acuña,30,1919,3,0.7936642784625292,2,5.484497045166791,21,38,9,3,D M S,Sevilla,3,0.7936642784625292,8.677886949852109,6.379514014348388,La Liga,2022-2023
9694,Diego López,10,439,3,3.17475550621748,1,1.5422356389462948,12,10,0,0,M S,Valencia,3,3.17475550621748,5.246322989463806,1.0166417099535463,La Liga,2022-2023
9809,José Ángel Carmona,19,1128,3,1.8526497036218643,1,0.4945716978982091,10,6,7,2,D M S,"Elche,Sevilla",3,1.8526497036218643,2.410325043834746,0.7621443970128894,La Liga,2022-2023
10949,Arnau Martinez,33,2749,3,1.6886277701705694,4,4.48092791903764,20,40,11,0,D S,Girona,3,1.6886277701705694,10.637226743623614,7.622788103297353,La Liga,2022-2023
10971,Srdjan Babic,34,2997,3,1.454300044104457,0,0.1954944189637899,9,7,5,0,D S,Almeria,3,1.454300044104457,6.4851946644485,6.320092674344778,La Liga,2022-2023
10975,Largie Ramazani,33,1379,3,4.351289687678218,1,1.956996165215969,41,13,6,0,F M S,Almeria,3,3.6080116983503103,7.751096362248063,2.461212081834674,La Liga,2022-2023
11288,César Montes,20,1582,3,0.9106873823329806,0,0.0,13,0,6,0,D S,Espanyol,3,0.9106873823329806,2.606284244917333,2.513305086642504,La Liga,2022-2023
11322,Viktor Tsygankov,19,1501,3,2.369046278297901,6,2.8325468711555004,20,34,0,0,M S,Girona,3,2.369046278297901,7.765996919944882,3.650611913297325,La Liga,2022-2023
617,David Silva,28,2006,2,5.60367547813803,5,4.561426822096109,30,34,3,0,F M S,Real Sociedad,2,5.60367547813803,17.130300030112267,8.042002441361547,La Liga,2022-2023
696,Falcao,27,557,2,3.3304264014586806,0,0.1064704935997724,21,3,4,0,F S,Rayo Vallecano,1,2.587148345075548,2.564963976852596,0.9134693592786788,La Liga,2022-2023
842,Oriol Romeu,33,2955,2,1.9547390500083568,0,0.7906981129199266,24,20,8,1,M,Girona,2,1.9547390500083568,13.820885868743062,12.802528554573655,La Liga,2022-2023
1003,Pablo Maffeo,35,2984,2,1.9757981705479324,4,2.9298833273351192,21,34,6,1,D S,Mallorca,2,1.9757981705479324,5.955850284546614,3.396161401644349,La Liga,2022-2023
1129,Suso,25,1050,2,1.0977844838052988,4,2.8383015021681786,25,28,1,0,F M S,Sevilla,2,1.0977844838052988,5.286482717841864,2.261879350990057,La Liga,2022-2023
1145,Rodrigo de Paul,30,1964,2,1.4026036448776722,7,6.690865524113178,21,48,5,0,M S,Atletico Madrid,2,1.4026036448776722,15.50256515480578,10.091789565980434,La Liga,2022-2023
2093,Jordi Alba,24,1414,2,0.7749459184706211,3,7.082583539187908,13,38,4,1,D S,Barcelona,2,0.7749459184706211,14.225346598774196,10.112800365313888,La Liga,2022-2023
2149,Francisco Portillo,27,659,2,0.4702072087675333,1,0.9735526535660028,5,13,1,0,M S,Almeria,2,0.4702072087675333,4.503319492563605,3.624378375709057,La Liga,2022-2023
2183,Rubén García,29,1142,2,1.9464323855936527,2,2.0316804870963097,20,24,2,0,F M S,Osasuna,2,1.9464323855936527,4.684022324159741,1.8585611497983336,La Liga,2022-2023
2278,Giménez,28,2419,2,2.63352469354868,1,0.5391086456365883,22,7,9,0,D S,Atletico Madrid,2,2.63352469354868,7.911925621330738,7.051249861717224,La Liga,2022-2023
2356,Roque Mesa,29,1631,2,1.2065193159505725,1,0.8873448986560106,26,18,8,1,M S,Real Valladolid,2,1.2065193159505725,5.951599834486842,4.353925374336541,La Liga,2022-2023
2361,Willian José,28,694,2,2.6430313661694527,1,1.5757725331932306,21,8,1,0,F S,Real Betis,1,1.89975131303072,2.613967090845108,0.3217277936637401,La Liga,2022-2023
2369,Toni Kroos,30,2181,2,1.200868676416576,4,4.9393202075734735,31,54,0,1,M S,Real Madrid,2,1.200868676416576,18.488424599170685,16.898543439805508,La Liga,2022-2023
2400,Raúl García,35,900,2,4.578567340970039,3,1.1561676627025008,51,8,4,0,F M S,Athletic Club,2,4.578567340970039,7.000629723072052,1.9284863211214545,La Liga,2022-2023
2532,Amath Diedhiou,28,1199,2,3.6326244734227657,0,0.7961649894714355,23,2,2,1,F M S,Mallorca,2,3.6326244734227657,4.974734524264932,1.1558105647563934,La Liga,2022-2023
2584,Raíllo,31,2767,2,0.6625327011570334,3,1.7236424162983894,13,7,11,1,D,Mallorca,2,0.6625327011570334,6.733565576374531,5.816723238676786,La Liga,2022-2023
3667,Nabil Fekir,15,963,2,2.491073722019792,2,2.637178413569927,25,23,4,1,M S,Real Betis,1,1.7477963026612997,4.751465296372771,1.970035683363676,La Liga,2022-2023
5058,Carles Aleñá,35,2153,2,2.163777019828558,2,1.456190152093768,33,15,10,1,F M S,Getafe,2,2.163777019828558,5.6100273579359055,2.770214391872287,La Liga,2022-2023
5074,Kike García,35,952,2,4.856644075363874,0,2.1979495119303465,42,13,5,0,F S,Osasuna,1,4.113366451114416,5.446273734793067,0.3539819028228521,La Liga,2022-2023
5081,Edu Expósito,28,1162,2,0.6080315532162786,2,1.951344233006239,19,21,3,1,M S,Espanyol,2,0.6080315532162786,4.529221378266811,3.0405226051807404,La Liga,2022-2023
5090,David García,32,2685,2,0.5284775923937559,0,0.3443900924175977,15,5,8,1,D S,Osasuna,2,0.5284775923937559,5.0192710645496845,4.750127764418721,La Liga,2022-2023
5304,Mikel Merino,33,2508,2,4.802772412076592,9,7.289825182408094,42,44,5,1,M S,Real Sociedad,2,4.059494385495782,17.641651447862387,10.858597200363874,La Liga,2022-2023
5681,Giovani Lo Celso,22,1143,2,3.0374227864667773,3,3.441855674609542,30,31,3,0,F M S,Villarreal,2,3.0374227864667773,8.115426315926015,4.462932415306568,La Liga,2022-2023
6570,Óscar Rodríguez,33,1777,2,3.2660274133086205,0,1.9282668586820364,43,24,6,0,M S,Celta Vigo,2,3.2660274133086205,7.24289171397686,4.457388846203685,La Liga,2022-2023
7051,Gonçalo Paciência,25,616,2,1.962275837548077,0,0.5880770366638899,30,6,2,1,F S,Celta Vigo,2,1.962275837548077,2.8872672375291586,0.6012149080634117,La Liga,2022-2023
7338,Bryan Gil Salvatierra,17,924,2,3.708265768364072,2,0.8172996062785387,17,8,4,0,D M S,Sevilla,2,3.708265768364072,6.243981336243451,1.864203150384128,La Liga,2022-2023
7339,Samu Sáiz,8,214,2,1.5808860063552856,0,0.2584740966558456,4,3,1,0,M S,Girona,0,0.0944583006203174,1.4187982194125652,1.0658661127090454,La Liga,2022-2023
7350,Yangel Herrera,20,961,2,3.059473019093275,2,1.800222447142005,24,11,4,0,F M S,Girona,2,3.059473019093275,5.248397551476955,2.677138013765216,La Liga,2022-2023
7781,Frenkie de Jong,33,2542,2,2.693555761128664,4,4.7559387451037765,18,45,3,0,M S,Barcelona,2,2.693555761128664,29.088483943603933,23.79800712969154,La Liga,2022-2023
8066,Arnaut Danjuma Groeneveld,10,476,2,3.002296168357134,0,0.3492829985916614,12,5,0,0,F S,Villarreal,1,2.259016115218401,2.699472740292549,0.2311565056443214,La Liga,2022-2023
8410,Rodrigo Sánchez,30,1625,2,1.6183249522000551,3,2.598064145073294,15,22,0,0,F M S,Real Betis,2,1.6183249522000551,6.500272762030363,3.2110991198569536,La Liga,2022-2023
8513,Miguel Gutiérrez,34,2407,2,0.9610672546550632,3,3.603350104764104,17,23,6,0,D M S,Girona,2,0.9610672546550632,11.688764601945875,9.741722017526628,La Liga,2022-2023
8825,Reinier,18,628,2,1.930114729329944,1,0.9867664482444524,10,7,1,0,F M S,Girona,2,1.930114729329944,3.604226481169462,1.2827923521399498,La Liga,2022-2023
9804,Gavi,36,2553,2,2.956624379381537,4,3.826028222218156,28,38,10,0,F M S,Barcelona,2,2.956624379381537,19.350502401590347,14.044996475800872,La Liga,2022-2023
9810,Fran García,38,3409,2,1.2055919878184795,3,1.4551293663680551,30,28,1,0,D,Rayo Vallecano,2,1.2055919878184795,8.473719134926796,6.809234156273305,La Liga,2022-2023
10412,Gastón Álvarez,22,1492,2,1.0280214361846447,0,0.1942152800038457,5,4,8,1,D S,Getafe,2,1.0280214361846447,2.253746877424419,2.04950731433928,La Liga,2022-2023
10972,Lucas Robertone,37,2896,2,2.3716749036684632,7,7.5181821854785085,36,53,7,0,M S,Almeria,2,2.3716749036684632,13.242084063589571,7.222204795107245,La Liga,2022-2023
11057,André Almeida,34,2573,2,1.5696572922170162,4,3.63546852208674,23,42,3,0,F M S,Valencia,2,1.5696572922170162,9.55553712695837,7.148821536451578,La Liga,2022-2023
11379,Selim Amallah,7,270,2,0.7113122809678316,1,0.4905868247151375,5,3,2,1,F M S,Real Valladolid,2,0.7113122809678316,1.8679705988615751,1.2709545753896236,La Liga,2022-2023
200,Andreas Christensen,23,1783,1,1.195682905614376,1,0.7138344347476959,10,6,2,0,D S,Barcelona,1,1.195682905614376,8.484907913021743,8.344191211275756,La Liga,2022-2023
391,David Alaba,23,1843,1,1.0671612191945314,3,0.8824038803577423,14,16,3,0,D S,Real Madrid,1,1.0671612191945314,9.920192981138824,9.280090298503636,La Liga,2022-2023
451,Matija Nastasic,14,897,1,0.6055040117353201,0,0.0,4,0,3,0,D S,Mallorca,1,0.6055040117353201,0.7831835034303367,0.7141293059103191,La Liga,2022-2023
493,Gabriel,21,1508,1,1.203470841050148,0,0.313298862427473,14,5,2,2,D S,Valencia,1,1.203470841050148,3.194622853770852,3.0374751035124063,La Liga,2022-2023
497,Francis Coquelin,16,746,1,0.7778421025723219,0,1.2342627942562103,7,6,2,0,M S,Villarreal,1,0.7778421025723219,3.173701850697398,1.4783342964947224,La Liga,2022-2023
1055,Aleix García,30,2346,1,1.496823001652956,5,7.221289093606174,32,64,1,0,M S,Girona,1,1.496823001652956,13.786640480160711,10.398169683292508,La Liga,2022-2023
1461,Pol Lirola,12,629,1,0.4190190136432647,0,0.6457744911313057,1,7,1,0,D S,Elche,1,0.4190190136432647,1.661911103874445,0.6250379886478186,La Liga,2022-2023
1489,Franck Kessié,28,953,1,1.5637680646032095,1,0.7115019056946039,15,8,4,0,M S,Barcelona,1,1.5637680646032095,5.656166490167379,3.493413208052516,La Liga,2022-2023
1491,Alejandro Gomez,19,1060,1,1.48479794152081,1,2.053089139983058,22,14,4,0,F M S,Sevilla,1,1.48479794152081,7.090924225747585,3.941116283647716,La Liga,2022-2023
1621,Marcos Alonso,24,1143,1,1.0921338154003024,0,0.4133883249014616,6,6,3,0,D S,Barcelona,1,1.0921338154003024,7.397888980805874,7.354059033095837,La Liga,2022-2023
1715,Álvaro Negredo,21,756,1,2.0394542226567864,2,2.398107411339879,22,10,0,0,F S,Cadiz,1,2.0394542226567864,4.833618828095496,1.0559767689555883,La Liga,2022-2023
1716,Bernardo,20,1240,1,1.5497414749115703,1,0.0502316989004612,11,1,5,0,D S,Girona,1,1.5497414749115703,4.896957593038678,4.394537569954991,La Liga,2022-2023
1822,Antonio Rüdiger,33,2403,1,1.6836376637220385,0,0.1438728049397468,22,2,1,0,D S,Real Madrid,1,1.6836376637220385,12.490491887554526,12.203336661681533,La Liga,2022-2023
2064,Sergio Escudero,23,1450,1,1.8029865119606256,0,1.764399147592485,27,15,3,0,D M S,Real Valladolid,1,1.8029865119606256,4.908221675083041,3.722209934145212,La Liga,2022-2023
2070,Carlos Fernández,24,623,1,3.322447409853339,0,0.4054719097912311,20,7,6,0,F S,Real Sociedad,1,3.322447409853339,3.830534359440208,1.1505183726549149,La Liga,2022-2023
2094,Ivan Rakitic,31,1788,1,3.0687213544733822,3,1.7961411206051707,31,28,3,1,M S,Sevilla,0,1.5821661413647234,8.292131656315178,6.440075376071036,La Liga,2022-2023
2194,Damián Suárez,28,1991,1,0.6186534613370895,1,1.897539421916008,6,26,7,0,D M S,Getafe,1,0.6186534613370895,5.267320052720606,3.4844284001737837,La Liga,2022-2023
2229,Yuri,29,2403,1,1.2711219070479274,1,1.317332172766328,28,21,7,1,D S,Athletic Club,1,1.2711219070479274,6.933278899639845,5.953086618334055,La Liga,2022-2023
2232,Asier Illarramendi,24,1082,1,0.8316995371133089,0,0.3370774667710066,12,10,5,0,M S,Real Sociedad,1,0.8316995371133089,5.127846831455827,4.199352655559778,La Liga,2022-2023
2247,Nacho,27,1620,1,0.7169018145650625,1,0.8847187478095293,9,12,7,0,D S,Real Madrid,1,0.7169018145650625,8.059497049078345,6.968906365334988,La Liga,2022-2023
2417,Igor Zubeldia,31,2549,1,0.8803982120007277,1,0.3120795488357544,6,3,11,0,D S,Real Sociedad,1,0.8803982120007277,6.171228911727667,5.8835909608751535,La Liga,2022-2023
2452,De Marcos,37,2834,1,0.7539238221943378,6,3.414660105481744,4,37,7,0,D S,Athletic Club,1,0.7539238221943378,10.843989925459027,8.378865968436003,La Liga,2022-2023
2478,Carlos Soler,3,247,1,0.919252023100853,0,0.1972188930958509,5,4,0,0,M,Valencia,0,0.1759744025766849,0.4363199006766081,0.2564583998173475,La Liga,2022-2023
2479,Toni Lato,24,887,1,1.05461307708174,0,0.8760246112942696,9,15,1,0,D M S,Valencia,1,1.05461307708174,4.091969270259142,2.728890709578991,La Liga,2022-2023
2484,Iñigo Martínez,15,1341,1,0.9951024046167732,0,0.2025967966765165,10,5,1,0,D,Athletic Club,1,0.9951024046167732,3.673653353005648,3.590801015496254,La Liga,2022-2023
2505,José Gayá,31,2729,1,2.358489423058927,3,6.032102428376675,23,58,4,0,D M,Valencia,1,1.6152113964781163,11.139251859858632,6.132489789277315,La Liga,2022-2023
2518,Marcos Llorente,22,1722,1,1.6064223777502775,2,4.316094780340791,24,29,5,0,D F M S,Atletico Madrid,1,1.6064223777502775,10.921120278537272,5.815340643748641,La Liga,2022-2023
2566,Roger,26,1296,1,3.641261495649815,1,0.8857751749455929,21,14,3,0,F M S,"Cadiz,Elche",1,3.641261495649815,5.267436446622014,0.828834243118763,La Liga,2022-2023
2592,Lazo,11,137,1,0.2645194008946419,1,0.6758679896593094,6,2,0,0,S,"Almeria,Espanyol",1,0.2645194008946419,0.4720181953161955,0.2538841944187879,La Liga,2022-2023
2594,Sergio Akieme,29,2303,1,1.7648047748953104,0,2.0613306146115065,23,21,5,0,D M S,Almeria,1,1.7648047748953104,8.330277349799871,6.244245415553451,La Liga,2022-2023
2609,Gerard Gumbau,35,2765,1,2.2453443557024,6,6.206648557446897,47,72,11,0,M S,Elche,1,2.2453443557024,8.75935653410852,5.912355614826083,La Liga,2022-2023
3388,Karim Rekik,16,1197,1,0.744144270196557,1,0.1373257264494896,8,4,2,0,D S,Sevilla,1,0.744144270196557,4.2525789849460125,3.576131902635097,La Liga,2022-2023
3399,Youssouf Sabaly,23,1686,1,0.4553237939253449,1,1.023790329694748,12,13,2,0,D S,Real Betis,1,0.4553237939253449,4.961864214390516,3.898220447823405,La Liga,2022-2023
3425,Thomas Lemar,27,1264,1,1.1992077436298132,3,1.8818584717810156,13,27,1,0,M S,Atletico Madrid,1,1.1992077436298132,7.184601306915283,4.554188309237361,La Liga,2022-2023
3517,Ronael Pierre Gabriel,8,240,1,0.0861785113811492,0,0.1352385394275188,2,2,0,1,D S,Espanyol,1,0.0861785113811492,0.5389856360852718,0.3175685852766037,La Liga,2022-2023
4070,Borja,11,691,1,0.5267478004097939,0,0.555243406444788,8,5,1,0,F M S,Girona,1,0.5267478004097939,2.3127197567373514,1.2745860163122416,La Liga,2022-2023
4091,Unai López,34,1218,1,1.1796559831127524,2,1.0152464844286442,26,21,2,0,M S,Rayo Vallecano,1,1.1796559831127524,4.072189535945654,3.128623991273344,La Liga,2022-2023
4136,Ángel,17,352,1,2.325581658631563,0,0.0760788992047309,12,3,0,0,F S,Mallorca,1,2.325581658631563,2.656751925125718,0.4260027483105659,La Liga,2022-2023
4169,Iván Sánchez,25,1125,1,0.4739026669412851,1,1.8839735956862569,17,17,0,0,F M S,Real Valladolid,1,0.4739026669412851,4.305321861058474,2.967937429435551,La Liga,2022-2023
5037,Darko Brasanac,25,1004,1,1.1449092347174885,1,0.7720240876078606,11,7,5,0,M S,Osasuna,1,1.1449092347174885,3.8700461611151695,2.861416894942522,La Liga,2022-2023
5062,Yeray Álvarez,28,2343,1,0.5225457046180964,1,1.3482149224728346,8,14,7,1,D S,Athletic Club,1,0.5225457046180964,5.639123940840364,4.689123958349228,La Liga,2022-2023
5140,Kike Barja,27,1326,1,1.0843509994447231,6,4.22251589037478,17,27,1,0,F M S,Osasuna,1,1.0843509994447231,5.678879210725427,2.65515011921525,La Liga,2022-2023
5232,Alexander Isak,2,157,1,0.5624610185623169,0,0.1057390011847019,3,2,0,0,F,Real Sociedad,1,0.5624610185623169,0.6682000011205673,0.0,La Liga,2022-2023
6121,Juanpe,19,1431,1,0.4017756972461939,0,0.4998184461146593,5,3,3,0,D S,Girona,1,0.4017756972461939,4.198296597227454,4.177839269861579,La Liga,2022-2023
6164,Andrés Guardado,26,1378,1,0.2299187686294317,1,1.3099555391818285,8,12,7,0,M S,Real Betis,1,0.2299187686294317,5.419102349318564,4.3238704381510615,La Liga,2022-2023
6221,Pau Torres,34,3055,1,2.1185489390045404,0,1.1356263682246208,12,14,10,0,D,Villarreal,1,2.1185489390045404,15.156551263295114,14.868950123898683,La Liga,2022-2023
6306,Juan Foyth,24,1967,1,1.417366025969386,0,1.58895044028759,14,13,6,0,D S,Villarreal,1,1.417366025969386,7.929422024637461,6.847852835431695,La Liga,2022-2023
6433,Jules Koundé,29,2437,1,1.694428775459528,3,2.6680806763470173,14,16,2,0,D S,Barcelona,1,1.694428775459528,18.554445335641503,16.812043519690633,La Liga,2022-2023
6533,Anthony Lozano,28,1444,1,2.938209477812052,1,0.6034296806901693,30,11,6,0,F S,Cadiz,1,2.938209477812052,4.338254362344742,1.1017715614289043,La Liga,2022-2023
6546,Jawad El Yamiq,25,1611,1,1.5734347440302372,0,0.2936964705586433,17,5,2,1,D S,Real Valladolid,1,1.5734347440302372,3.4236715212464333,2.43558200635016,La Liga,2022-2023
6592,Manuel Morlanes,16,883,1,0.2849955353885889,0,0.5205563455820084,7,3,3,0,M S,"Mallorca,Villarreal",1,0.2849955353885889,1.787251427769661,1.4417917914688587,La Liga,2022-2023
6637,Hugo Duro,30,1345,1,5.360424220561981,1,0.9943464919924736,33,12,5,0,F S,Valencia,1,4.617146253585815,6.624465331435204,1.9007995929569008,La Liga,2022-2023
6759,Juan Cruz,6,168,1,0.3901432901620865,0,0.0611808001995086,5,2,1,0,M S,Real Betis,1,0.3901432901620865,0.4767379909753799,0.0254142004996538,La Liga,2022-2023
6766,Dani Vivian,29,2368,1,0.8145049922168255,0,1.0042304378002882,13,6,7,1,D S,Athletic Club,1,0.8145049922168255,5.092971863225102,4.599162587895989,La Liga,2022-2023
6918,Anuar Mohamed,3,221,1,0.4649979956448078,0,0.508822999894619,3,4,1,0,F M,Real Valladolid,1,0.4649979956448078,1.0036240220069883,0.0702511966228485,La Liga,2022-2023
6919,Toni Villa,26,975,1,0.9882051516324282,3,1.432789203710854,17,15,2,0,M S,"Girona,Real Valladolid",1,0.9882051516324282,6.803001042455435,4.841778064146638,La Liga,2022-2023
6920,Chris Ramos,15,705,1,3.679049212485552,0,0.2043624119833111,31,4,2,0,F S,Cadiz,1,3.679049212485552,4.218573275953531,1.0916570145636797,La Liga,2022-2023
6921,Óscar Plano,33,2044,1,2.7470562513917685,1,1.9630025178194048,30,16,3,0,F M S,Real Valladolid,1,2.7470562513917685,7.572194814682007,4.898834419436753,La Liga,2022-2023
7009,Jaime Mata,18,427,1,2.0950597021728754,1,1.1174044162034988,14,6,4,0,F M S,Getafe,1,2.0950597021728754,3.460166232660413,0.3125117197632789,La Liga,2022-2023
7050,Lucas Torró,33,2522,1,1.4639334250241518,0,0.2208085553720593,28,9,10,0,M S,Osasuna,1,1.4639334250241518,8.007108753547072,7.272000323981047,La Liga,2022-2023
7226,Chumi,21,1481,1,0.6245033442974091,0,0.0381962163373827,3,2,5,0,D S,Almeria,1,0.6245033442974091,3.042494330555201,2.953294787555933,La Liga,2022-2023
7233,Joaquín Fernández,27,2155,1,0.912449674680829,0,0.073665602132678,10,2,4,0,D S,Real Valladolid,1,0.912449674680829,3.377032254822552,3.344569251872599,La Liga,2022-2023
7245,Javi Sánchez,32,2403,1,0.7272371081635356,0,0.1107037998735904,9,3,11,0,D S,Real Valladolid,1,0.7272371081635356,4.162804018706083,4.033565331250429,La Liga,2022-2023
7526,Martín Zubimendi,36,3111,1,2.1527466010302305,3,2.5357956681400537,13,20,12,0,M S,Real Sociedad,1,2.1527466010302305,12.739665783941746,10.548374282196164,La Liga,2022-2023
7586,Álex Collado,16,728,1,0.9215136133134364,1,1.717414028942585,17,20,1,0,M S,Elche,1,0.9215136133134364,3.8456099461764097,2.2918555242940784,La Liga,2022-2023
7604,Alejandro Catena,35,3113,1,1.116646159440279,1,1.409519948065281,14,7,12,1,D,Rayo Vallecano,1,1.116646159440279,5.670592597685754,4.706761895678937,La Liga,2022-2023
7857,Jon Moncayola,37,2443,1,1.7939540171064436,3,1.5611970103345811,36,27,6,0,D F M S,Osasuna,1,1.7939540171064436,10.677855657413602,7.795778576284647,La Liga,2022-2023
7981,Nianzou Kouassi,19,1370,1,0.3527458794414997,0,0.0168817993253469,6,1,1,1,D S,Sevilla,1,0.3527458794414997,1.5653829770162702,1.548500974662602,La Liga,2022-2023
8014,Abdón Prats,26,359,1,1.0386940129101276,1,1.6963040344417095,6,7,2,0,F S,Mallorca,1,1.0386940129101276,1.7224198281764984,0.103151798248291,La Liga,2022-2023
8045,Eric Garcia,24,1411,1,1.0597839690744877,0,0.2724217772483825,7,1,3,0,D M S,Barcelona,1,1.0597839690744877,8.766820788383484,8.425637289881706,La Liga,2022-2023
8267,Guido Rodríguez,34,2884,1,1.4510285509750247,0,0.4035670598968863,22,11,8,0,M S,Real Betis,1,1.4510285509750247,7.314742582850158,6.796053310856223,La Liga,2022-2023
8334,Hugo Guillamón,25,1646,1,0.9558834321796894,4,1.908470902591944,4,25,5,0,M S,Valencia,0,0.2126054055988788,6.08751536346972,5.444655075669289,La Liga,2022-2023
8422,Javi Hernández,25,1120,1,0.9447937589138746,2,0.9659379832446576,16,8,3,0,D S,Girona,1,0.9447937589138746,4.552993144840002,2.9047040194272995,La Liga,2022-2023
8461,Nicolás Melamed,32,1254,1,2.845436683855951,2,2.237942485138774,32,25,4,0,F M S,Espanyol,1,2.845436683855951,6.1419393522664905,1.7196785621345043,La Liga,2022-2023
8470,Kike Pérez,36,2356,1,1.5908779939636588,2,2.4986217943951488,46,32,9,0,M S,Real Valladolid,1,1.5908779939636588,7.024913653731346,4.2678336994722486,La Liga,2022-2023
8665,Loic Bade,19,1444,1,0.9007304459810256,0,0.1164302974939346,4,2,4,0,D S,Sevilla,1,0.9007304459810256,3.812847563996911,3.6964175198227167,La Liga,2022-2023
8685,Mohamed Ali-Cho,19,567,1,2.3913755249232054,2,2.285809044726193,23,7,1,0,F M S,Real Sociedad,1,2.3913755249232054,5.717056822031736,1.0586727373301985,La Liga,2022-2023
8696,Pape Alassane Gueye,16,1186,1,1.7227493803948164,3,1.3830681256949902,20,10,2,3,M S,Sevilla,1,1.7227493803948164,5.552737345919013,3.770221248269081,La Liga,2022-2023
8702,Tinotenda Kadewere,15,535,1,1.513122770935297,0,0.5487917959690094,19,3,1,0,F M S,Mallorca,1,1.513122770935297,2.415910489857197,0.5865618083626032,La Liga,2022-2023
8712,Miguel Rodriguez,7,248,1,0.1511651389300823,1,0.0496753267943859,3,1,0,0,F M S,Celta Vigo,1,0.1511651389300823,0.9002260230481625,0.6993855535984039,La Liga,2022-2023
8761,Shon Weissman,15,741,1,2.773466968908906,0,0.1460994984954595,18,3,1,0,F S,Real Valladolid,1,2.773466968908906,2.567174875177443,0.1401690114289522,La Liga,2022-2023
8773,Álex Centelles,15,1118,1,0.80875532515347,2,1.121106389909983,6,13,0,0,D M S,Almeria,1,0.80875532515347,4.475170537829399,3.4672376923263077,La Liga,2022-2023
8891,Gonzalo Verdú,16,687,1,0.7866618158295751,0,0.0,9,0,1,2,D S,Elche,1,0.7866618158295751,0.2277244813740253,0.2277244813740253,La Liga,2022-2023
8893,Josan,26,1023,1,0.258119199424982,3,1.5501933973282576,6,15,3,0,D M S,Elche,1,0.258119199424982,4.147439188323915,3.328213225118816,La Liga,2022-2023
8933,Marcos de Sousa,17,416,1,1.1825379859656096,0,0.4464670903980732,17,4,1,1,F S,Valencia,1,1.1825379859656096,1.500613795593381,0.1576711013913154,La Liga,2022-2023
8972,Victor Chust,14,957,1,0.8561857491731644,0,0.0544175989925861,2,1,3,0,D S,Cadiz,1,0.8561857491731644,1.2783098630607128,0.5748548619449139,La Liga,2022-2023
8986,Omar Alderete,25,2055,1,0.6166931688785553,1,1.0837646760046482,17,5,9,0,D S,Getafe,1,0.6166931688785553,3.0903337011113763,2.5612133722752333,La Liga,2022-2023
9218,Juan Iglesias,32,2127,1,0.9834134923294188,0,1.2881894474849105,21,13,7,0,D M S,Getafe,1,0.9834134923294188,4.491198242641985,3.0477507542818785,La Liga,2022-2023
9754,Brian Oliván,30,2442,1,0.6783552262932062,7,4.285396727733314,15,34,7,0,D S,Espanyol,1,0.6783552262932062,5.788051255978644,3.0677611781284213,La Liga,2022-2023
9802,Nico González,26,1429,1,1.908482827246189,1,1.095578094944358,14,12,2,0,M S,Valencia,1,1.908482827246189,5.509960202500224,3.8722922783344975,La Liga,2022-2023
9805,Álex Balde,33,2484,1,1.72861916013062,6,4.629321213811636,19,22,4,0,D F M S,Barcelona,1,1.72861916013062,18.20122990198433,14.838368845172226,La Liga,2022-2023
9815,Pathé Ciss,32,1238,1,2.410393675789237,0,0.2669801600277424,20,6,4,0,D M S,Rayo Vallecano,1,2.410393675789237,3.2573467642068863,2.2824984714388847,La Liga,2022-2023
10322,Javier Guerra,10,593,1,1.0237053446471691,0,1.0613181740045547,15,5,0,0,M S,Valencia,1,1.0237053446471691,2.8823038190603256,1.0969503242522478,La Liga,2022-2023
10323,Jesús Corona,4,105,1,0.4191984832286834,0,0.1423097476363182,1,3,0,0,M S,Sevilla,1,0.4191984832286834,1.1880550719797611,0.6265468634665012,La Liga,2022-2023
10334,Kike Salas,6,364,1,0.1137035973370075,1,0.460996001958847,3,1,1,1,D S,Sevilla,1,0.1137035973370075,0.1532491957768798,0.1532491957768798,La Liga,2022-2023
10382,Eray Cömert,23,1674,1,0.3750240635126829,0,0.0357174994423985,10,2,5,1,D S,Valencia,1,0.3750240635126829,4.507186284288764,4.340340049006045,La Liga,2022-2023
10399,Juan Latasa,18,405,1,0.7898312462493777,0,0.7575531490147114,15,6,2,0,F S,Getafe,1,0.7898312462493777,1.6796202901750803,0.6364228650927544,La Liga,2022-2023
10620,Luca Koleosho,4,40,1,0.0281584616750478,0,0.0,1,0,0,0,S,Espanyol,1,0.0281584616750478,0.1156016271561384,0.0874431654810905,La Liga,2022-2023
10872,Vinicius Souza,34,2431,1,0.9219065504148602,1,0.4846356604248285,10,11,8,1,M S,Espanyol,1,0.9219065504148602,4.134226949885488,3.235694061033428,La Liga,2022-2023
10883,Gonzalo Plata,34,2323,1,4.737471722066402,5,2.532013976946473,37,37,1,0,F M S,Real Valladolid,1,4.737471722066402,11.411289884708822,5.493843943811953,La Liga,2022-2023
10884,Álvaro Aguado,34,1861,1,0.8337907223030925,2,1.9919086061418056,20,35,3,0,M S,Real Valladolid,1,0.8337907223030925,6.48014413472265,4.823382252827287,La Liga,2022-2023
10946,Yan Couto,25,1146,1,0.3895834721624851,2,2.7496942840516567,8,19,3,0,D M S,Girona,1,0.3895834721624851,4.739218959584832,2.162605168297887,La Liga,2022-2023
10947,Ramón Terrats,24,1048,1,1.3855714201927185,1,1.3144555017352104,19,11,1,0,M S,"Girona,Villarreal",1,1.3855714201927185,7.646084934473038,5.94118722807616,La Liga,2022-2023
10973,Íñigo Eguaras,25,936,1,0.8198017943650484,1,0.6473222970962524,7,11,6,0,M S,Almeria,1,0.8198017943650484,3.3945540143176918,2.8378803161904216,La Liga,2022-2023
10974,Samú Costa,32,1986,1,1.990099716000259,2,0.959862096235156,20,13,5,0,M S,Almeria,1,1.990099716000259,5.41805680282414,4.992006683722138,La Liga,2022-2023
10977,Arnau Puigmal,22,750,1,1.3081346424296498,0,0.4225325230509043,17,8,4,0,M S,Almeria,1,1.3081346424296498,2.551046405918896,1.1344574484974146,La Liga,2022-2023
10982,Copete,28,2245,1,0.777172889560461,0,0.2023034356534481,6,3,7,1,D S,Mallorca,1,0.777172889560461,4.15733103454113,4.111447092145681,La Liga,2022-2023
11030,Luiz Henrique,33,1815,1,2.778680534102022,3,2.830851621925831,42,17,6,0,M S,Real Betis,1,2.778680534102022,7.999365082941949,3.289448898285628,La Liga,2022-2023
11041,César De la Hoz,25,1673,1,0.3396235033869743,0,1.2134180702269075,7,5,6,0,M S,Almeria,1,0.3396235033869743,4.566949136555195,3.761141125112772,La Liga,2022-2023
11071,Brian Ocampo,18,1153,1,0.5603582076728344,1,2.087596282362938,13,16,2,0,M S,Cadiz,1,0.5603582076728344,4.116906761191785,1.6743647428229451,La Liga,2022-2023
11186,Alvaro Rodríguez,6,69,1,0.4480252005159855,1,0.3369350135326385,2,1,0,0,S,Real Madrid,1,0.4480252005159855,0.4013029932975769,0.064367800951004,La Liga,2022-2023
11358,José Gragera,9,457,1,1.049052618443966,0,0.0,4,0,2,0,D M S,Espanyol,1,1.049052618443966,1.3885866031050682,1.3885866031050682,La Liga,2022-2023
11412,Alberto Mari,5,67,1,0.3527105562388897,0,0.0,2,0,1,0,S,Valencia,1,0.3527105562388897,0.3680018689483404,0.0152913127094507,La Liga,2022-2023
11419,Jorge Pascual,2,5,1,0.3753900825977325,0,0.0,1,0,0,0,S,Villarreal,1,0.3753900825977325,0.3753900825977325,0.0,La Liga,2022-2023
318,Pierre-Emerick Aubameyang,1,3,0,0.0270373001694679,0,0.0,1,0,0,0,S,Barcelona,0,0.0270373001694679,0.0270373001694679,0.0,La Liga,2022-2023
323,Adnan Januzaj,2,48,0,0.0,0,0.0,0,0,0,0,M S,Sevilla,0,0.0,0.0,0.0,La Liga,2022-2023
492,Héctor Bellerín,3,135,0,0.0,0,0.1297370046377182,0,1,0,0,D S,Barcelona,0,0.0,2.1420730352401733,2.1420730352401733,La Liga,2022-2023
552,Ander Herrera,17,698,0,0.5047049596905708,1,1.2263540029525757,10,11,4,1,M S,Athletic Club,0,0.5047049596905708,4.856133343651891,3.988637384027242,La Liga,2022-2023
576,Mario Suárez,2,6,0,0.0,0,0.0,0,0,0,0,S,Rayo Vallecano,0,0.0,0.0,0.0,La Liga,2022-2023
608,Alberto Moreno,24,1291,0,0.931689633987844,1,1.6119276955723765,15,12,7,0,D M S,Villarreal,0,0.931689633987844,5.858973456546664,4.90467818826437,La Liga,2022-2023
615,Fernando,22,1590,0,0.2176484111696481,1,0.6410906948149204,6,9,3,1,D M S,Sevilla,0,0.2176484111696481,3.3378488272428517,2.660781491547823,La Liga,2022-2023
616,Jesús Navas,32,1978,0,0.2286426499485969,0,2.0216827169060707,10,26,5,0,D F M S,Sevilla,0,0.2286426499485969,6.861274292692542,5.298695201054215,La Liga,2022-2023
680,Thibaut Courtois,31,2790,0,0.0,0,0.2741317041218281,0,2,0,0,GK,Real Madrid,0,0.0,8.99799115024507,8.723853116855025,La Liga,2022-2023
689,Kenedy,12,243,0,0.4864522498100996,1,0.5387211591005325,6,4,3,0,F S,Real Valladolid,0,0.4864522498100996,1.0084628565236926,0.1018276372924447,La Liga,2022-2023
701,Eden Hazard,6,192,0,1.1632085293531418,1,0.5278562940657139,3,7,0,0,F S,Real Madrid,0,0.4199305027723312,1.4555427730083466,0.507756195962429,La Liga,2022-2023
708,Federico Fernández,1,90,0,0.0,0,0.0,0,0,0,0,D,Elche,0,0.0,0.0,0.0,La Liga,2022-2023
961,Jordan Amavi,5,204,0,0.0,0,0.0,0,0,0,1,D S,Getafe,0,0.0,0.2144935019314289,0.2144935019314289,La Liga,2022-2023
973,Paulo Gazzaniga,28,2520,0,0.0,0,0.0571085326373577,0,1,4,0,GK,Girona,0,0.0,4.539400722831488,4.482292201370001,La Liga,2022-2023
1131,Rodrigo Ely,36,3162,0,0.8061664355918765,1,0.6282739248126745,19,6,8,1,D,Almeria,0,0.8061664355918765,6.582854203879833,6.340265817940235,La Liga,2022-2023
1374,José Reina,22,1980,0,0.0,0,0.0,0,0,2,0,GK,Villarreal,0,0.0,3.380597285926342,3.380597285926342,La Liga,2022-2023
1516,Geoffrey Kondogbia,20,995,0,0.4258688949048519,2,0.8495348133146763,11,5,4,0,M S,Atletico Madrid,0,0.4258688949048519,3.622524436563253,3.2028514184057717,La Liga,2022-2023
1588,Raúl Albiol,25,2122,0,0.0831009037792682,0,0.0392531994730234,2,2,6,0,D S,Villarreal,0,0.0831009037792682,9.76582745462656,9.72657648473978,La Liga,2022-2023
1618,Diego López,2,95,0,0.0,0,0.0,0,0,0,0,GK S,Rayo Vallecano,0,0.0,0.0,0.0,La Liga,2022-2023
1680,Luis Hernández,35,3150,0,0.3374710585922003,0,0.7389688845723867,7,12,6,1,D,Cadiz,0,0.3374710585922003,5.176617711782456,4.508750796318054,La Liga,2022-2023
1731,Claudio Bravo,12,1080,0,0.0,0,0.0,0,0,2,0,GK,Real Betis,0,0.0,1.1741032022982836,1.1741032022982836,La Liga,2022-2023
1828,Alex Telles,27,1417,0,0.3782238299027085,2,1.4940415490418673,12,19,6,0,D S,Sevilla,0,0.3782238299027085,3.430224734358489,1.8792855944484472,La Liga,2022-2023
1950,Martín Montoya,6,466,0,0.0403444766998291,0,0.3888237029314041,1,4,1,0,D,Real Betis,0,0.0403444766998291,1.4734594821929932,1.2701837718486786,La Liga,2022-2023
2066,Curro,2,35,0,0.0737280994653701,0,0.1729789972305297,1,2,1,0,S,Almeria,0,0.0737280994653701,0.0737280994653701,0.0,La Liga,2022-2023
2071,Diego González,16,935,0,0.7587297055870295,0,0.0,6,0,5,0,D S,Elche,0,0.7587297055870295,1.1969764064997437,1.1823968067765236,La Liga,2022-2023
2090,Marc-André ter Stegen,38,3352,0,0.0,0,0.2266562059521675,0,3,0,0,GK,Barcelona,0,0.0,12.075349856168032,11.93643076531589,La Liga,2022-2023
2092,Gerard Piqué,6,382,0,0.3304754048585892,0,0.0252947993576526,3,1,2,0,D S,Barcelona,0,0.3304754048585892,3.3222289830446243,3.3222289830446243,La Liga,2022-2023
2095,Sergio Busquets,30,2359,0,0.354838153347373,4,2.581171413883567,9,25,6,1,M S,Barcelona,0,0.354838153347373,18.166228680871427,16.97447824385017,La Liga,2022-2023
2103,Aleix Vidal,25,1017,0,0.0872762007638812,3,2.306018822826445,3,15,8,1,D F M S,Espanyol,0,0.0872762007638812,2.484551284462213,0.3939026668667793,La Liga,2022-2023
2105,Jordi Masip,28,2512,0,0.0,0,0.0,0,0,4,0,GK,Real Valladolid,0,0.0,1.472627709619701,1.472627709619701,La Liga,2022-2023
2109,Enzo Roco,22,1683,0,0.6690814979374409,0,0.0435944013297557,10,1,4,1,D S,Elche,0,0.6690814979374409,2.1547458954155445,2.1547458954155445,La Liga,2022-2023
2122,Joan Jordán,23,1607,0,0.6404351843520999,1,0.3249107059091329,13,8,8,0,M S,Sevilla,0,0.6404351843520999,5.43619673140347,4.854868249967694,La Liga,2022-2023
2125,Ander Capa,7,99,0,0.0,0,0.0455856993794441,0,1,1,0,D S,Athletic Club,0,0.0,0.2649902924895286,0.2649902924895286,La Liga,2022-2023
2130,Dani García,25,1515,0,0.4969134703278541,2,0.5720137730240822,8,10,6,0,M S,Athletic Club,0,0.4969134703278541,4.418123384937644,3.894227730110288,La Liga,2022-2023
2143,Germán Pezzella,31,2527,0,0.8582883179187775,0,0.2160987611860036,10,4,4,3,D S,Real Betis,0,0.8582883179187775,4.784965822473168,4.650303253903985,La Liga,2022-2023
2148,Joaquín,22,437,0,1.2070288117974997,2,1.7245519757270813,8,20,2,0,M S,Real Betis,0,1.2070288117974997,4.602992627769709,2.6242591999471188,La Liga,2022-2023
2168,Bebé,4,51,0,0.0508268997073173,0,0.0650257989764213,4,2,1,0,S,Rayo Vallecano,0,0.0508268997073173,0.1913716923445463,0.153669998049736,La Liga,2022-2023
2172,Juan Carlos,10,900,0,0.0,0,0.0,0,0,0,0,GK,Girona,0,0.0,1.4160974640399218,1.4160974640399218,La Liga,2022-2023
2174,Diego Mariño,1,41,0,0.0,0,0.0,0,0,0,0,S,Almeria,0,0.0,0.0,0.0,La Liga,2022-2023
2193,Cala,3,133,0,0.0307168997824192,0,0.0,1,0,0,0,D S,Cadiz,0,0.0307168997824192,0.0307168997824192,0.0,La Liga,2022-2023
2210,Jorge Meré,10,596,0,0.2198331728577613,0,0.0,4,0,0,0,D S,Cadiz,0,0.2198331728577613,0.8755298741161823,0.8233666680753231,La Liga,2022-2023
2225,Gerónimo Rulli,14,1260,0,0.0,0,0.0,0,0,1,0,GK,Villarreal,0,0.0,2.800404764711857,2.800404764711857,La Liga,2022-2023
2226,Zaldúa,10,638,0,0.0088826799765229,1,0.3321315050125122,1,2,4,0,D S,Cadiz,0,0.0088826799765229,0.7668493734672666,0.4258353058248758,La Liga,2022-2023
2228,Aritz Elustondo,25,1423,0,0.7899330025538802,1,1.0407416969537735,8,4,5,1,D S,Real Sociedad,0,0.7899330025538802,2.986453192308545,2.848995748907328,La Liga,2022-2023
2248,Casemiro,1,3,0,0.0,0,0.0,0,0,0,0,S,Real Madrid,0,0.0,0.0303834993392229,0.0303834993392229,La Liga,2022-2023
2255,Isco,12,813,0,0.1414475990459323,2,1.4168379111215472,4,17,5,0,F M S,Sevilla,0,0.1414475990459323,1.773023317568004,0.3901673993095755,La Liga,2022-2023
2260,Daniel Carvajal,27,1800,0,0.9701880179345608,2,1.461747782304883,12,22,6,1,D S,Real Madrid,0,0.9701880179345608,10.391046974807978,8.656736409291625,La Liga,2022-2023
2261,Jan Oblak,28,2501,0,0.0,0,0.0,0,0,1,0,GK,Atletico Madrid,0,0.0,4.0580178634263575,4.0580178634263575,La Liga,2022-2023
2263,Stefan Savic,22,1951,0,0.4267222136259079,0,0.0529467016458511,2,1,4,2,D,Atletico Madrid,0,0.4267222136259079,4.0908103957772255,4.0908103957772255,La Liga,2022-2023
2269,Koke,33,2581,0,0.9929699571803212,3,1.582923498004675,16,28,4,0,M S,Atletico Madrid,0,0.9929699571803212,16.828235615044832,15.166579578071833,La Liga,2022-2023
2281,Hugo Mallo,26,2188,0,1.8475317601114511,1,2.2912263851612806,19,20,4,1,D,Celta Vigo,0,1.8475317601114511,8.083707959391177,6.234950657002628,La Liga,2022-2023
2282,Sergi Gómez,29,2352,0,1.184780027717352,0,0.2613386306911707,8,5,1,2,D S,Espanyol,0,1.184780027717352,5.445247947238386,5.388446264900267,La Liga,2022-2023
2291,Pape Cheikh,2,31,0,0.0,0,0.0,0,0,1,0,S,Elche,0,0.0,0.075419083237648,0.075419083237648,La Liga,2022-2023
2298,Víctor Ruiz,10,546,0,0.04069310054183,0,0.2758769989013672,1,1,0,0,D S,Real Betis,0,0.04069310054183,0.5371403936296701,0.5371403936296701,La Liga,2022-2023
2301,Manu Trigueros,23,798,0,0.322253817692399,1,0.880375387147069,8,10,2,1,M S,Villarreal,0,0.322253817692399,3.4503414891660213,3.04490021429956,La Liga,2022-2023
2308,Denis Suárez,18,953,0,0.6810945952311158,0,1.3064945377409458,4,16,2,0,M S,Espanyol,0,0.6810945952311158,3.707442445680499,2.872228702530265,La Liga,2022-2023
2353,Pedro Bigas,28,2019,0,1.843705258332193,0,0.0,22,0,4,2,D S,Elche,0,1.843705258332193,3.1934676244854927,2.830895733088255,La Liga,2022-2023
2388,Zouhair Feddal,8,364,0,0.1037579998373985,0,0.1416873969137668,1,2,1,0,D S,Real Valladolid,0,0.1037579998373985,0.3284390103071928,0.2301070094108581,La Liga,2022-2023
2391,José Mari,18,352,0,0.123295871540904,0,0.3533639805391431,5,5,2,0,M S,Cadiz,0,0.123295871540904,1.473447986878455,1.065043001435697,La Liga,2022-2023
2396,Balenziaga,3,119,0,0.02133160084486,0,0.0,1,0,0,0,D S,Athletic Club,0,0.02133160084486,0.383774995803833,0.383774995803833,La Liga,2022-2023
2401,Muniain,30,1704,0,3.279739523306489,3,3.825984440743923,28,47,2,0,M S,Athletic Club,0,3.279739523306489,11.594135036692023,7.718289209529757,La Liga,2022-2023
2403,Íñigo Lekue,20,1326,0,0.2463474990800023,1,0.6050042938441038,9,13,1,0,D S,Athletic Club,0,0.2463474990800023,5.181081855669618,4.613216044381261,La Liga,2022-2023
2415,David Soria,38,3420,0,0.0,0,0.2856646962463856,0,4,2,0,GK,Getafe,0,0.0,1.607332474552095,1.3216677783057094,La Liga,2022-2023
2418,Álvaro Odriozola,3,33,0,0.1321270018815994,0,0.322210393846035,1,2,0,0,S,Real Madrid,0,0.1321270018815994,0.565699465572834,0.1113620772957801,La Liga,2022-2023
2446,Dani Ceballos,30,1571,0,0.8838151339441538,4,1.5791313890367746,18,30,8,0,F M S,Real Madrid,0,0.8838151339441538,10.006784664466975,8.647186681628227,La Liga,2022-2023
2456,Omar Mascarell,28,2455,0,0.2825762964785099,1,1.2070295959711077,9,21,6,0,D M,Elche,0,0.2825762964785099,3.5242718560621142,3.2521021543070674,La Liga,2022-2023
2460,Sergio Asenjo,10,900,0,0.0,0,0.0,0,0,0,0,GK,Real Valladolid,0,0.0,0.8454583957791328,0.8454583957791328,La Liga,2022-2023
2509,Dimitri Foulquier,30,1697,0,0.0992054631933569,2,1.4196313209831717,3,11,4,0,D M S,Valencia,0,0.0992054631933569,3.984221348538995,3.025447353720665,La Liga,2022-2023
2521,Alfonso,26,1645,0,1.1665391437709332,3,2.100653079338372,25,18,5,0,D S,Villarreal,0,1.1665391437709332,6.129300925880671,4.22299999371171,La Liga,2022-2023
2539,Jaume Costa,32,2619,0,1.966537008062005,1,2.516338096000254,11,29,10,0,D S,Mallorca,0,1.966537008062005,9.42398645915091,5.967553697992116,La Liga,2022-2023
2555,Remiro,38,3420,0,0.0,0,0.0500283986330032,0,1,1,0,GK,Real Sociedad,0,0.0,2.809489536099136,2.7594611337408423,La Liga,2022-2023
2619,Stole Dimitrievski,37,3325,0,0.0,0,0.0066380100324749,0,1,4,0,GK,Rayo Vallecano,0,0.0,1.498534000478685,1.49189599044621,La Liga,2022-2023
3059,Axel Witsel,33,2248,0,0.6476856879889965,0,0.6030205879360437,10,4,2,1,D M S,Atletico Madrid,0,0.6476856879889965,5.926980650052428,5.545728325843811,La Liga,2022-2023
3237,Aissa Mandi,21,1452,0,0.3049845974892378,0,0.3132784962654114,2,4,1,0,D S,Villarreal,0,0.3049845974892378,5.84991785697639,5.231655260547996,La Liga,2022-2023
3264,Mauro Arambarri,13,1014,0,0.2833895059302449,1,1.581729717552662,8,15,3,1,M,Getafe,0,0.2833895059302449,2.057035564444959,1.7143537644296885,La Liga,2022-2023
3295,Javier Pastore,1,1,0,0.0,0,0.0,0,0,0,0,S,Elche,0,0.0,0.0,0.0,La Liga,2022-2023
3451,Benjamin Lecomte,10,900,0,0.0,0,0.0337370000779628,0,1,1,1,GK,Espanyol,0,0.0,0.4541441900655627,0.4541441900655627,La Liga,2022-2023
3568,Clément Grenier,21,703,0,0.4171186937019229,0,1.2959092650562525,3,11,7,0,M S,Mallorca,0,0.4171186937019229,1.6319345850497484,0.8336604926735163,La Liga,2022-2023
4120,Álex Moreno,15,1350,0,1.5393667835742235,3,1.72757675871253,13,9,1,0,D,Real Betis,0,1.5393667835742235,5.49163225106895,2.7245662976056337,La Liga,2022-2023
4142,Álvaro,1,15,0,0.0,0,0.0,0,0,0,0,S,Cadiz,0,0.0,0.0,0.0,La Liga,2022-2023
4193,Aitor Fernández,21,1890,0,0.0,0,0.0,0,0,1,0,GK,Osasuna,0,0.0,2.048379245679825,2.048379245679825,La Liga,2022-2023
4202,Kevin,10,437,0,0.0,0,0.141075998544693,0,2,2,0,D M S,Celta Vigo,0,0.0,0.4474008474498987,0.3063253480941057,La Liga,2022-2023
4226,Darwin Machís,11,601,0,1.1315489020198584,1,2.004057310521602,19,9,1,0,F M S,Real Valladolid,0,1.1315489020198584,3.433870742097497,1.009044712409377,La Liga,2022-2023
4242,Stefan Mitrovic,22,1679,0,0.0369587987661361,0,0.0,1,0,4,0,D S,Getafe,0,0.0369587987661361,1.7734618186950684,1.7734618186950684,La Liga,2022-2023
4485,José Pozo,8,69,0,0.0472029000520706,0,0.0984247028827667,1,2,0,0,M S,Rayo Vallecano,0,0.0472029000520706,0.3490665052086115,0.2175548020750284,La Liga,2022-2023
5033,Iván Villar,19,1710,0,0.0,0,0.0404038988053798,0,1,0,0,GK,Celta Vigo,0,0.0,2.8081366438418627,2.7677326519042253,La Liga,2022-2023
5042,Fernando Pacheco,17,1530,0,0.0,0,0.1263236682862043,0,3,0,0,GK,"Almeria,Espanyol",0,0.0,1.3957984391599894,1.269474774599075,La Liga,2022-2023
5043,Kiko Femenía,20,1138,0,0.0649750381708145,0,0.6102758115157485,2,9,0,0,D S,Villarreal,0,0.0649750381708145,4.738237367942929,4.458809681236744,La Liga,2022-2023
5065,Diego Rico,20,1651,0,0.1770382300019264,0,1.5705405864864588,9,10,3,0,D S,Real Sociedad,0,0.1770382300019264,5.12915344722569,4.6733418349176645,La Liga,2022-2023
5075,Rubén Peña,20,1284,0,1.083126213401556,1,1.370056714862585,12,10,2,1,D M S,Osasuna,0,1.083126213401556,4.5487772691994905,2.162035305052996,La Liga,2022-2023
5093,Roberto Torres,2,5,0,0.0,0,0.1696195974946022,0,2,0,0,S,Osasuna,0,0.0,0.0447155982255935,0.0447155982255935,La Liga,2022-2023
5101,Carlos Clerc,32,2674,0,0.5738585004583001,1,2.009825073182583,9,16,5,0,D M S,Elche,0,0.5738585004583001,4.2732432736083865,3.531232744455337,La Liga,2022-2023
5103,Martin Hongla,16,1321,0,0.0139461001381278,0,0.1108172684907913,1,2,5,2,D M S,Real Valladolid,0,0.0139461001381278,1.9600240355357528,1.8790185367688537,La Liga,2022-2023
5109,Rui Silva,26,2340,0,0.0,0,0.0,0,0,2,0,GK,Real Betis,0,0.0,2.800393719226122,2.800393719226122,La Liga,2022-2023
5110,Mariano,9,138,0,0.3433794807642698,0,0.8060719966888428,5,1,2,0,F S,Real Madrid,0,0.3433794807642698,1.8453891426324844,0.787815771996975,La Liga,2022-2023
5138,Alejandro Pozo,30,1875,0,0.3958487389609217,3,3.0047485772520304,10,22,2,0,D M S,Almeria,0,0.3958487389609217,6.819141495972872,4.669360056519508,La Liga,2022-2023
5141,Unai García,21,1729,0,0.2141022589057684,1,0.094149800017476,5,3,6,1,D S,Osasuna,0,0.2141022589057684,3.433698173612356,3.325839877128601,La Liga,2022-2023
5155,Keidi Bare,18,460,0,0.5330751016736031,1,0.1142529640346765,5,3,0,0,M S,Espanyol,0,0.5330751016736031,1.7249481696635485,1.319561509415507,La Liga,2022-2023
5162,Nacho Vidal,20,1257,0,0.7750437054783106,0,0.5186066925525665,9,3,4,0,D S,Osasuna,0,0.7750437054783106,3.8463277891278262,2.654947804287076,La Liga,2022-2023
5173,Asier Villalibre,5,91,0,0.236451007425785,0,0.1075206957757473,4,2,0,0,F S,Athletic Club,0,0.236451007425785,0.4195090010762214,0.112807996571064,La Liga,2022-2023
5185,Unai Simón,31,2748,0,0.0,0,0.0,0,0,2,0,GK,Athletic Club,0,0.0,2.287365514785052,2.287365514785052,La Liga,2022-2023
5191,Álvaro Fernández,11,990,0,0.0,0,0.1514959931373596,0,1,0,0,GK,Espanyol,0,0.0,0.9482991993427276,0.796803206205368,La Liga,2022-2023
5230,Thomas Delaney,8,292,0,0.1611188016831874,0,0.0949782989919185,3,2,3,0,M S,Sevilla,0,0.1611188016831874,0.3045145981013775,0.2219352936372161,La Liga,2022-2023
5234,Jesús Vallejo,1,21,0,0.7558940052986145,0,0.0,2,0,0,0,S,Real Madrid,0,0.7558940052986145,0.2461089938879013,0.2461089938879013,La Liga,2022-2023
5573,Domingos Quina,10,234,0,0.1280968990176916,0,0.4291602000594139,5,3,1,1,M S,Elche,0,0.1280968990176916,0.5352402180433273,0.451067317277193,La Liga,2022-2023
5672,Iván Balliu,37,3248,0,0.1830110009759664,0,2.5905279675498605,6,32,6,0,D,Rayo Vallecano,0,0.1830110009759664,7.590222078375518,6.296683262102306,La Liga,2022-2023
6076,Nemanja Maksimovic,29,2099,0,2.196349361911416,0,0.4495382355526089,18,10,3,0,M S,Getafe,0,2.196349361911416,5.5006568767130375,3.0556418485939503,La Liga,2022-2023
6083,Ludwig Augustinsson,4,127,0,0.0,0,0.0127945002168416,0,1,0,0,D S,Mallorca,0,0.0,0.0248888004571199,0.0120943002402782,La Liga,2022-2023
6118,Portu,34,1731,0,1.5856617074459791,3,1.7424184251576662,15,27,5,1,D F M S,Getafe,0,1.5856617074459791,4.859091466292739,2.190395250916481,La Liga,2022-2023
6120,Bono,25,2155,0,0.0,0,0.0,0,0,1,0,GK,Sevilla,0,0.0,2.3140338519588117,2.3140338519588117,La Liga,2022-2023
6124,Maxi Gómez,3,97,0,0.2411039918661117,0,0.1831690073013305,3,2,0,0,S,Valencia,0,0.2411039918661117,0.3686186857521534,0.0,La Liga,2022-2023
6126,Ander Guevara,8,204,0,0.0355802997946739,0,0.5061549991369247,1,4,2,0,M S,Real Sociedad,0,0.0355802997946739,1.8064899146556852,1.3702009320259094,La Liga,2022-2023
6149,Unai Núñez,36,3151,0,0.7567562786862254,0,0.1019152542576193,15,5,8,0,D S,Celta Vigo,0,0.7567562786862254,7.888688705861568,7.792155843228102,La Liga,2022-2023
6151,Djené Dakonam,33,2850,0,0.4671457670629024,1,0.5031255707144737,9,7,10,1,D M,Getafe,0,0.4671457670629024,3.423493136651814,3.026366976089776,La Liga,2022-2023
6165,Juanjo Narváez,5,137,0,0.1683096997439861,0,0.0,3,0,0,0,M S,Real Valladolid,0,0.1683096997439861,0.2547493986785412,0.086439698934555,La Liga,2022-2023
6168,Leandro Cabrera,32,2673,0,2.783660862594843,1,1.4621496135368943,23,14,8,2,D S,Espanyol,0,2.783660862594843,4.757451850920916,4.418806144967675,La Liga,2022-2023
6177,Luiz Felipe,23,1771,0,0.1663179863244295,0,0.7027819231152534,3,3,3,3,D S,Real Betis,0,0.1663179863244295,3.96438960917294,3.945097664371133,La Liga,2022-2023
6224,Marko Dmitrovic,15,1265,0,0.0,0,0.0,0,0,1,0,GK S,Sevilla,0,0.0,0.5515558794140816,0.5515558794140816,La Liga,2022-2023
6226,Iván Alejo,31,1278,0,1.0184715241193771,1,2.443297396413982,23,21,11,1,M S,Cadiz,0,1.0184715241193771,4.896738603711128,1.8033415526151657,La Liga,2022-2023
6233,Ferland Mendy,18,1382,0,0.1458809971809387,1,0.5697666946798563,1,13,2,0,D S,Real Madrid,0,0.1458809971809387,5.359840624034405,4.935586698353291,La Liga,2022-2023
6242,Johan Mojica,20,891,0,0.1489086439833045,0,1.0966458162292838,5,12,2,0,D S,"Elche,Villarreal",0,0.1489086439833045,2.5897825779393315,1.6876649111509323,La Liga,2022-2023
6325,Andoni Gorosabel,27,1722,0,0.4998189294710755,0,1.4960256349295378,14,13,3,0,D S,Real Sociedad,0,0.4998189294710755,7.282115217298269,6.5624149944633245,La Liga,2022-2023
6427,Aitor Ruibal,26,1448,0,0.5571739580482244,0,2.346844137646258,14,16,4,1,D M S,Real Betis,0,0.5571739580482244,5.178425929509103,2.8682103296741843,La Liga,2022-2023
6528,Loren Morón,2,9,0,0.0,0,0.0,0,0,1,0,S,Real Betis,0,0.0,0.0,0.0,La Liga,2022-2023
6560,Aurelien Tchouameni,33,2119,0,1.8135417830199003,4,2.2470023315399885,38,22,2,0,M S,Real Madrid,0,1.8135417830199003,16.806700598448515,15.325574142858386,La Liga,2022-2023
6573,Axel Werner,2,180,0,0.0,0,0.0,0,0,0,0,GK,Elche,0,0.0,0.0,0.0,La Liga,2022-2023
6750,Gonzalo Villar,16,430,0,0.1162405312061309,0,0.4207563605159521,3,3,5,0,M S,Getafe,0,0.1162405312061309,1.1667850203812122,1.0341642685234549,La Liga,2022-2023
6852,Matt Doherty,2,15,0,0.0,0,0.0,0,0,0,0,S,Atletico Madrid,0,0.0,0.1280699968338012,0.1280699968338012,La Liga,2022-2023
6916,Fernando Calero,27,1642,0,0.4740687049925327,1,0.3594053275883198,7,4,6,0,D M S,Espanyol,0,0.4740687049925327,4.9435870135203,4.66071108635515,La Liga,2022-2023
6931,Fran Beltrán,36,2867,0,0.619591386988759,2,1.6969859739765525,25,24,3,0,M S,Celta Vigo,0,0.619591386988759,8.659702401608229,7.899770747870207,La Liga,2022-2023
7023,Dennis Hadzikadunic,8,619,0,0.2560938410460949,0,0.0,5,0,1,0,D S,Mallorca,0,0.2560938410460949,0.9352609850466252,0.92503098025918,La Liga,2022-2023
7080,Matheus Cunha,11,352,0,1.8705846816301344,2,0.6728475950658321,12,6,2,0,F M S,Atletico Madrid,0,1.8705846816301344,3.504625104367733,1.0299734994769096,La Liga,2022-2023
7174,Adrià Pedrosa,7,215,0,0.051037311553955,0,0.9948895275592804,1,5,0,0,D S,Espanyol,0,0.051037311553955,1.3895256333053112,1.2364062778651714,La Liga,2022-2023
7187,Sergio Reguilón,11,291,0,0.1965422481298446,0,0.3001011349260807,3,7,1,1,D S,Atletico Madrid,0,0.1965422481298446,2.911622077226639,2.515914771705866,La Liga,2022-2023
7194,Andriy Lunin,7,630,0,0.0,0,0.0,0,0,0,0,GK,Real Madrid,0,0.0,1.805660476908088,1.805660476908088,La Liga,2022-2023
7246,Valery Fernández,25,940,0,0.89407061599195,2,1.27430747076869,7,18,1,0,D M S,Girona,0,0.89407061599195,3.809358160942793,1.8276828937232492,La Liga,2022-2023
7251,Robert,2,44,0,0.0,0,0.4652479887008667,0,3,1,0,S,Real Betis,0,0.0,0.1283169984817505,0.1283169984817505,La Liga,2022-2023
7276,Robin Le Normand,33,2794,0,0.4319506259635091,0,0.1614508032798767,10,3,6,0,D S,Real Sociedad,0,0.4319506259635091,5.503807855769992,5.485644852742553,La Liga,2022-2023
7287,Iñaki Peña,2,68,0,0.0,0,0.0,0,0,0,0,S,Barcelona,0,0.0,0.0,0.0,La Liga,2022-2023
7306,Aihen Muñoz,23,1756,0,0.1447881907224655,1,1.1765716671943665,5,14,2,0,D S,Real Sociedad,0,0.1447881907224655,7.384047195315361,6.984810799360275,La Liga,2022-2023
7355,Paul Akouokou,12,417,0,0.0946320500224828,0,0.0,3,0,3,0,D M S,Real Betis,0,0.0946320500224828,0.5881002955138683,0.5444467961788177,La Liga,2022-2023
7359,Eduardo Camavinga,37,1991,0,0.6828225199133158,1,1.7947969678789375,18,24,6,0,D M S,Real Madrid,0,0.6828225199133158,16.90995531156659,15.676676645874975,La Liga,2022-2023
7385,Javi Galán,37,3171,0,0.5957265291363001,3,3.9985878691077232,13,52,6,0,D S,Celta Vigo,0,0.5957265291363001,9.469699829816818,6.2301357220858335,La Liga,2022-2023
7424,Alex Sola,10,346,0,0.0831240015104413,0,0.0630900990217924,4,2,1,0,D S,Real Sociedad,0,0.0831240015104413,1.190809529274702,1.105208221822977,La Liga,2022-2023
7432,Reinildo,22,1865,0,0.6164999874308705,0,0.3024468012154102,6,9,4,0,D,Atletico Madrid,0,0.6164999874308705,4.738753279671073,4.390513090416789,La Liga,2022-2023
7493,Jaime Seoane,16,297,0,0.0945464018732309,0,0.3809714987874031,2,6,1,0,M S,Getafe,0,0.0945464018732309,0.6716249883174896,0.4092973973602056,La Liga,2022-2023
7514,Lucas Olaza,23,1490,0,0.1744347643107175,1,0.9954753164201976,5,16,3,0,D S,Real Valladolid,0,0.1744347643107175,2.708093591965735,1.9561815783381464,La Liga,2022-2023
7600,Luca De La Torre,28,1474,0,1.5264150286093354,2,1.2409016788005829,17,13,6,0,F M S,Celta Vigo,0,1.5264150286093354,4.160889005288482,1.574194710701704,La Liga,2022-2023
7605,Manuel Sánchez,31,2100,0,0.8709245752543211,2,1.6287008225917816,10,28,3,0,D S,Osasuna,0,0.8709245752543211,5.942508663982153,4.014251712709665,La Liga,2022-2023
7718,Predrag Rajkovic,36,3240,0,0.0,0,0.1833775527775287,0,4,3,0,GK,Mallorca,0,0.0,2.7055827900767326,2.522205237299204,La Liga,2022-2023
7834,Manu Vallejo,7,191,0,0.0500091016292572,1,0.239107996225357,1,3,0,0,F M S,Girona,0,0.0500091016292572,0.4641656950116157,0.1750481948256492,La Liga,2022-2023
7838,Martin Valjent,30,2663,0,0.2314129825681448,0,0.6158813796937466,6,3,8,0,D,Mallorca,0,0.2314129825681448,4.363023828715086,4.289631552994251,La Liga,2022-2023
7840,Iddrisu Baba,29,1742,0,0.6119303070008755,0,0.1567959268577397,12,5,5,0,D M S,Mallorca,0,0.6119303070008755,2.9937461097724736,2.697214872110635,La Liga,2022-2023
7843,Lago Junior,5,38,0,0.0279463995248079,0,0.0,2,0,0,0,S,Mallorca,0,0.0279463995248079,0.1201141998171806,0.1120870001614093,La Liga,2022-2023
7856,Aridane Hernández,23,1786,0,0.1541912658140063,1,0.5857597142457962,5,3,1,0,D S,Osasuna,0,0.1541912658140063,3.1549519635736942,3.0912089087069035,La Liga,2022-2023
7859,Sergio Herrera,17,1530,0,0.0,0,0.0283029004931449,0,1,3,0,GK,Osasuna,0,0.0,2.24229178018868,2.2139888796955347,La Liga,2022-2023
7860,Domingos Duarte,31,2659,0,1.5032536387443542,2,1.040526019409299,16,4,9,1,D S,Getafe,0,1.5032536387443542,1.6376284081488848,1.6376284081488848,La Liga,2022-2023
7905,Fede San Emeterio,33,1881,0,0.2614647727459669,1,0.6822453318163753,6,6,14,0,M S,Cadiz,0,0.2614647727459669,2.506948595866561,2.340578841045499,La Liga,2022-2023
7916,Pol Lozano,4,7,0,0.0,0,0.0,0,0,1,0,S,Espanyol,0,0.0,0.0301942992955446,0.0301942992955446,La Liga,2022-2023
7921,Felipe,3,190,0,0.0786131992936134,0,0.0399608016014099,1,2,0,0,D S,Atletico Madrid,0,0.0786131992936134,0.0573863983154296,0.0573863983154296,La Liga,2022-2023
8025,Kasper Dolberg,4,187,0,0.0589314997196197,1,0.5356420278549194,2,1,0,0,F S,Sevilla,0,0.0589314997196197,0.5945735275745392,0.0,La Liga,2022-2023
8029,Lisandro Magallán,14,911,0,0.6866988390684128,0,0.1502538360655307,6,2,0,1,D S,Elche,0,0.6866988390684128,1.7859338382259011,1.6845378438010812,La Liga,2022-2023
8058,Thierry Correia,27,2032,0,0.2858555009588599,0,1.2046468276530504,6,15,5,0,D M S,Valencia,0,0.2858555009588599,6.855276469141245,6.060521706938744,La Liga,2022-2023
8091,Ronald Araújo,22,1813,0,2.0079631358385086,2,1.0102086290717125,18,7,5,1,D S,Barcelona,0,2.0079631358385086,13.341330552473664,12.81680859811604,La Liga,2022-2023
8142,Edgar González,25,1768,0,1.3315103203058245,0,1.0717839896678925,9,2,4,2,D S,Real Betis,0,1.3315103203058245,5.15752468071878,4.70663938485086,La Liga,2022-2023
8271,Fernando Niño,3,15,0,0.0735213011503219,0,0.0,1,0,0,0,S,Villarreal,0,0.0735213011503219,0.1572899967432022,0.0837685018777847,La Liga,2022-2023
8329,Unai Vencedor,10,165,0,0.2496228963136673,0,0.1101027429103851,3,2,2,0,S,Athletic Club,0,0.2496228963136673,1.016166266053915,0.6892892625182867,La Liga,2022-2023
8423,Jon Pacheco Dozagarat,17,1177,0,0.1375884776934981,1,0.082074336707592,3,1,2,0,D S,Real Sociedad,0,0.1375884776934981,3.026727038435638,2.9330248031765223,La Liga,2022-2023
8489,Jorge Cuenca,10,500,0,0.3108825869858265,0,0.3296630084514618,4,1,1,0,D S,Villarreal,0,0.3108825869858265,1.8061439264565704,1.7663337495177984,La Liga,2022-2023
8649,Houboulang Mendes,14,896,0,0.0314580015838146,1,0.3129900060594082,1,4,2,0,D S,Almeria,0,0.0314580015838146,2.129533041268587,2.02009604126215,La Liga,2022-2023
8710,Renato Tapia,28,1454,0,0.9937103744596244,0,0.64490064419806,15,9,6,1,D M S,Celta Vigo,0,0.9937103744596244,3.417916755191982,2.7932281214743853,La Liga,2022-2023
8725,Luis Milla,27,1862,0,0.2161127012223005,3,1.3393888818100097,8,29,4,1,M S,Getafe,0,0.2161127012223005,1.7361189015209677,1.3539285622537136,La Liga,2022-2023
8727,Jon Morcillo,10,45,0,0.0,1,0.3361909985542297,0,4,0,0,S,Athletic Club,0,0.0,0.5309614948928356,0.2253919970244169,La Liga,2022-2023
8728,Oier Zarraga,26,812,0,0.8968567624688148,0,1.0348574705421925,18,12,5,0,M S,Athletic Club,0,0.8968567624688148,3.321724507957697,2.219027554616332,La Liga,2022-2023
8730,David Gil,4,360,0,0.0,0,0.0,0,0,0,0,GK,Cadiz,0,0.0,0.0941959992051124,0.0941959992051124,La Liga,2022-2023
8731,Isaac Carcelén,27,2211,0,0.2268192423507571,1,1.378830287605524,7,16,4,3,D S,Cadiz,0,0.2268192423507571,4.298685694113374,3.449858041480184,La Liga,2022-2023
8733,Alfonso Espino,36,3130,0,1.327617589849979,4,4.037390325218439,20,35,7,0,D S,Cadiz,0,1.327617589849979,9.386744786519555,6.738211777061224,La Liga,2022-2023
8735,Salvi Sánchez,24,446,0,0.9069679733365774,0,0.8224948905408382,9,6,2,0,M S,Rayo Vallecano,0,0.9069679733365774,2.295063406229019,0.7008035071194172,La Liga,2022-2023
8741,Fali,25,1729,0,0.6874844105914235,0,0.4776021912693977,9,4,6,0,D M S,Cadiz,0,0.6874844105914235,3.129575863480568,3.0090594571083784,La Liga,2022-2023
8744,Juan Cruz,27,2051,0,0.4671366401016712,0,1.0867908336222172,2,15,7,0,D S,Osasuna,0,0.4671366401016712,5.113312674686313,4.343532644212246,La Liga,2022-2023
8750,Rodrigo Battaglia,15,689,0,0.0941358022391796,0,0.0705360993742942,2,1,5,0,M S,Mallorca,0,0.0941358022391796,0.91235988214612,0.822328582406044,La Liga,2022-2023
8753,Fran Delgado,1,8,0,0.0,0,0.0,0,0,0,0,S,Real Betis,0,0.0,0.0,0.0,La Liga,2022-2023
8762,Luis Pérez,18,1215,0,0.1030951980501413,1,1.0376136125996709,4,13,2,0,D M S,Real Valladolid,0,0.1030951980501413,3.365831907838583,2.340322279371321,La Liga,2022-2023
8765,Roberto Navarro,17,303,0,1.17804691568017,0,1.5835009161382914,12,12,2,0,M S,Real Sociedad,0,1.17804691568017,2.8150324150919914,0.729510510340333,La Liga,2022-2023
8771,Yunus Musah,33,2164,0,2.176886333152652,2,2.0381622835993767,22,16,10,1,M S,Valencia,0,2.176886333152652,7.027413062751293,4.138658317737281,La Liga,2022-2023
8774,Dani Gómez,8,68,0,0.0,0,0.0352053008973598,0,1,2,0,S,Espanyol,0,0.0,0.0352053008973598,0.0,La Liga,2022-2023
8849,Alberto Perea,1,47,0,0.0,0,0.0,0,0,0,0,M,Cadiz,0,0.0,0.0,0.0,La Liga,2022-2023
8862,Sergio Arribas,2,13,0,0.1331080049276352,0,0.0700315982103347,1,1,0,0,S,Real Madrid,0,0.1331080049276352,0.2543320059776306,0.1212249994277954,La Liga,2022-2023
8890,Edgar Badía,36,3240,0,0.0,0,0.0,0,0,2,0,GK,Elche,0,0.0,2.0145446453243494,2.0145446453243494,La Liga,2022-2023
8894,Raúl Guti,28,1078,0,1.9593092072755096,0,0.0542521979659795,20,2,1,0,M S,Elche,0,1.9593092072755096,2.7505356166511774,0.9695925153791904,La Liga,2022-2023
8907,Mickaël Malsa,5,51,0,0.0,0,0.0,0,0,0,0,S,Real Valladolid,0,0.0,0.0,0.0,La Liga,2022-2023
8923,Ivo Grbic,12,916,0,0.0,0,0.0,0,0,2,0,GK S,Atletico Madrid,0,0.0,1.2085706405341623,1.2085706405341623,La Liga,2022-2023
8948,Aitor Paredes,16,849,0,0.4708193317055702,0,0.1742695327848196,9,3,3,0,D S,Athletic Club,0,0.4708193317055702,1.9513757824897768,1.9071601666510103,La Liga,2022-2023
8949,Jeremías Ledesma,34,3060,0,0.0294986590743064,0,0.039946898818016,1,1,2,0,GK,Cadiz,0,0.0294986590743064,1.9202283397316933,1.8802814409136768,La Liga,2022-2023
9011,Óscar Mingueza,21,1271,0,0.2588023003190756,0,1.294615987688303,5,11,2,0,D S,Celta Vigo,0,0.2588023003190756,2.7442100513726477,2.6076430436223745,La Liga,2022-2023
9015,Cenk Özkacar,17,1369,0,0.8214246015995741,0,0.2155474536120891,9,4,1,0,D S,Valencia,0,0.8214246015995741,3.228304225951433,3.1301907878369093,La Liga,2022-2023
9199,John Donald,14,1089,0,0.0999504644423723,0,0.0573993995785713,2,2,3,1,D M S,Elche,0,0.0999504644423723,2.3434935193508863,2.335855824872852,La Liga,2022-2023
9217,Jesús Vázquez,10,300,0,0.2446322049945593,0,0.2186304032802581,6,3,1,0,D S,Valencia,0,0.2446322049945593,0.693064097315073,0.4742770045995712,La Liga,2022-2023
9243,Ilaix Moriba,24,978,0,0.9218983240425588,2,1.366196213290095,21,12,4,2,M S,Valencia,0,0.9218983240425588,5.269978985190392,4.291049154475331,La Liga,2022-2023
9267,Momo Mbaye,14,740,0,0.0460092015564441,0,0.5240094363689423,1,2,2,0,D S,Cadiz,0,0.0460092015564441,1.761491410434246,1.648513201624155,La Liga,2022-2023
9272,Filip Jorgensen,2,180,0,0.0,0,0.0,0,0,0,0,GK,Villarreal,0,0.0,0.0795657876878976,0.0795657876878976,La Liga,2022-2023
9275,Iván Romero,1,7,0,0.0,0,0.0,0,0,1,0,S,Sevilla,0,0.0,0.0,0.0,La Liga,2022-2023
9280,Antonio Blanco,3,162,0,0.0,0,0.0158076006919145,0,1,0,0,M S,Cadiz,0,0.0,0.4169384986162185,0.4169384986162185,La Liga,2022-2023
9305,Augusto Solari,12,254,0,0.5157744064927101,1,0.1774107795208692,2,4,0,0,M S,Celta Vigo,0,0.5157744064927101,1.1959811747074127,0.5027957931160927,La Liga,2022-2023
9340,Helibelton Palacios,24,1939,0,0.2758815065026283,0,1.0914080180227757,4,7,6,0,D S,Elche,0,0.2758815065026283,3.584040131419897,2.688274197280407,La Liga,2022-2023
9465,Beñat Turrientes,6,95,0,0.0,0,0.1034769974648952,0,2,0,0,M S,Real Sociedad,0,0.0,0.2048501949757337,0.1825783941894769,La Liga,2022-2023
9466,Jon Ander Olasagasti,3,58,0,0.0300220996141433,0,0.0,2,0,0,0,S,Real Sociedad,0,0.0300220996141433,0.2413191944360733,0.2112970948219299,La Liga,2022-2023
9519,Carlos Domínguez,3,106,0,0.0208419486880302,0,0.0,1,0,0,0,D S,Celta Vigo,0,0.0208419486880302,0.0476488322019577,0.0476488322019577,La Liga,2022-2023
9520,Hugo Sotelo,1,15,0,0.0658776983618736,0,0.0,1,0,0,0,S,Celta Vigo,0,0.0658776983618736,0.0658776983618736,0.0658776983618736,La Liga,2022-2023
9533,Mamady Diarra,2,68,0,0.1881320029497146,0,0.0,3,0,0,0,M S,Cadiz,0,0.1881320029497146,0.1881320029497146,0.0643486976623535,La Liga,2022-2023
9693,Giorgi Mamardashvili,38,3420,0,0.0,0,0.0,0,0,3,0,GK,Valencia,0,0.0,3.620587596669793,3.620587596669793,La Liga,2022-2023
9755,Inigo Ruiz de Galarreta,30,2466,0,0.2418800955638289,1,1.5140083599835634,10,18,12,0,M S,Mallorca,0,0.2418800955638289,6.167393011972308,5.01645334623754,La Liga,2022-2023
9756,Dominik Greif,1,90,0,0.0,0,0.0,0,0,0,0,GK,Mallorca,0,0.0,0.0,0.0,La Liga,2022-2023
9757,Franco Russo,3,148,0,0.0,0,0.0,0,0,0,0,D S,Mallorca,0,0.0,0.0481108017265796,0.0481108017265796,La Liga,2022-2023
9761,Tomás Alarcón,4,221,0,0.0212927497923374,0,0.0577722005546093,2,2,0,1,M S,Cadiz,0,0.0212927497923374,0.1435055993497371,0.0943586975336074,La Liga,2022-2023
9771,Óscar Gil,33,2596,0,0.55987917073071,1,2.330511360429228,12,15,14,0,D S,Espanyol,0,0.55987917073071,6.243549175560474,3.839910172857344,La Liga,2022-2023
9773,Joan García,1,90,0,0.0,0,0.0,0,0,0,0,GK,Espanyol,0,0.0,0.0,0.0,La Liga,2022-2023
9794,Franco Cervi,36,1905,0,1.849408872425556,4,2.2884888630360365,23,27,2,1,D F M S,Celta Vigo,0,1.849408872425556,6.877987921237946,3.521431600674987,La Liga,2022-2023
9808,Pedro Ortiz,1,1,0,0.0,0,0.0,0,0,0,0,S,Sevilla,0,0.0,0.0,0.0,La Liga,2022-2023
9811,Óscar Valentín,34,2569,0,0.3034171825274825,0,0.7375471564009786,12,19,11,0,M S,Rayo Vallecano,0,0.3034171825274825,5.178929050453007,4.546009203419089,La Liga,2022-2023
9813,Randy Nteka,24,837,0,1.917810644954443,0,0.7097753500565886,18,7,1,1,F M S,"Elche,Rayo Vallecano",0,1.917810644954443,3.699393578805029,1.3206904083490372,La Liga,2022-2023
9814,Andrés Martín,9,200,0,0.5261754915118217,0,0.5448010116815567,4,2,1,0,M S,Rayo Vallecano,0,0.5261754915118217,1.0129631031304598,0.4689738098531961,La Liga,2022-2023
9817,Esteban Saveljich,1,1,0,0.0,0,0.0,0,0,0,0,S,Rayo Vallecano,0,0.0,0.0,0.0,La Liga,2022-2023
9820,Mario Hernández,3,103,0,0.0634656026959419,0,0.0,2,0,1,0,D S,Rayo Vallecano,0,0.0634656026959419,0.2980041056871414,0.2345385029911995,La Liga,2022-2023
9824,Julen Agirrezabala,8,672,0,0.0,0,0.0,0,0,0,0,GK S,Athletic Club,0,0.0,0.4417726173996925,0.4417726173996925,La Liga,2022-2023
9838,Josep Gayá,2,53,0,0.0,0,0.0,0,0,0,0,D S,Mallorca,0,0.0,0.0,0.0,La Liga,2022-2023
9839,Leo Román,1,90,0,0.0,0,0.0,0,0,0,0,GK,Mallorca,0,0.0,0.391853928565979,0.391853928565979,La Liga,2022-2023
9897,Gonzalo Montiel,28,1512,0,1.0975315943360329,3,2.563980428501964,8,20,8,1,D S,Sevilla,0,1.0975315943360329,6.726858721114695,4.848179659806192,La Liga,2022-2023
9898,Fernando Medrano,1,11,0,0.0,0,0.0,0,0,0,0,S,Celta Vigo,0,0.0,0.0,0.0,La Liga,2022-2023
9922,Jon Karrikaburu,6,72,0,0.2701809052377939,0,0.5026959776878357,5,1,1,0,S,Real Sociedad,0,0.2701809052377939,0.7728761928156018,0.0,La Liga,2022-2023
9937,Santiago Arzamendia,12,462,0,0.1278059016913175,0,0.5513568818569183,4,6,0,0,D M S,Cadiz,0,0.1278059016913175,1.2813318446278572,0.6956312656402588,La Liga,2022-2023
9970,Antonio Sánchez,32,1047,0,0.8617023853585124,0,1.702910665422678,12,6,5,0,D M S,Mallorca,0,0.8617023853585124,3.808979894965887,1.7642582394182682,La Liga,2022-2023
10024,Cristhian Mosquera,3,135,0,0.1214791983366012,0,0.0,2,0,0,0,D S,Valencia,0,0.1214791983366012,0.4374907091259956,0.4374907091259956,La Liga,2022-2023
10038,Raúl Parra,6,310,0,0.0,0,0.0252426993101835,0,1,1,0,D S,Cadiz,0,0.0,0.1581415012478828,0.1581415012478828,La Liga,2022-2023
10067,Rubén Sánchez,18,881,0,0.3693666309118271,2,1.750970916822553,9,7,1,0,D F M S,Espanyol,0,0.3693666309118271,3.197187576442957,2.1110088294371963,La Liga,2022-2023
10101,Carlos Martín,4,20,0,0.0604281090199947,0,0.0,1,0,1,0,S,Atletico Madrid,0,0.0604281090199947,0.0941899009048938,0.0337617918848991,La Liga,2022-2023
10128,Javi Llabrés,1,13,0,0.0,0,0.0,0,0,0,0,S,Mallorca,0,0.0,0.0,0.0,La Liga,2022-2023
10156,Ángel Algobia,26,1120,0,0.2677507055923342,0,0.4198981858789921,7,5,3,0,M S,Getafe,0,0.2677507055923342,2.4849816551432014,1.8904126640409231,La Liga,2022-2023
10159,Roger Martínez,1,3,0,0.0193418990820646,0,0.0,1,0,0,0,S,Espanyol,0,0.0193418990820646,0.0193418990820646,0.0,La Liga,2022-2023
10273,Iker Benito,4,173,0,0.0,0,0.6210558190941811,0,3,0,0,M S,Osasuna,0,0.0,0.7455683052539825,0.2665827628225088,La Liga,2022-2023
10371,Giovanni González,15,911,0,0.1834641993045807,2,1.0279082879424095,4,5,4,0,D S,Mallorca,0,0.1834641993045807,2.266986738424748,1.137356239836663,La Liga,2022-2023
10430,Antonio Gomis,1,4,0,0.0,0,0.0,0,0,0,0,S,Atletico Madrid,0,0.0,0.0,0.0,La Liga,2022-2023
10435,Ander Martín,3,36,0,0.0,0,0.1256430000066757,0,2,0,0,S,Real Sociedad,0,0.0,0.1256430000066757,0.0,La Liga,2022-2023
10494,Pablo Barrios Rivas,21,698,0,0.6069962363690138,1,0.7881265692412853,12,4,4,0,M S,Atletico Madrid,0,0.6069962363690138,3.854851100593805,2.729511460289359,La Liga,2022-2023
10857,Pablo Ibáñez,25,1041,0,1.5375257385894656,1,1.021996152587235,20,11,1,0,M S,Osasuna,0,1.5375257385894656,3.4814243456348777,1.3788773901760578,La Liga,2022-2023
10858,Jorge Herrando,1,26,0,0.0,0,0.0,0,0,0,1,D,Osasuna,0,0.0,0.0,0.0,La Liga,2022-2023
10869,Agustín Marchesín,19,1710,0,0.0,0,0.0,0,0,2,0,GK,Celta Vigo,0,0.0,1.0831859931349754,1.0831859931349754,La Liga,2022-2023
10870,Williot Swedberg,4,50,0,0.0,0,0.0,0,0,1,0,S,Celta Vigo,0,0.0,0.0959212034940719,0.0959212034940719,La Liga,2022-2023
10873,Nabili Zoubdi Touaizi,1,1,0,0.0,0,0.0,0,0,0,0,S,Espanyol,0,0.0,0.0,0.0,La Liga,2022-2023
10875,Omar El Hilali,5,84,0,0.0,0,0.0120094995945692,0,1,1,0,D S,Espanyol,0,0.0,0.0351307988166809,0.0231212992221117,La Liga,2022-2023
10876,Simo,7,121,0,0.0,0,0.0,0,0,0,0,S,Espanyol,0,0.0,0.1399689018726349,0.1399689018726349,La Liga,2022-2023
10885,Sekou Gassama,1,32,0,0.4819799959659576,0,0.0290028005838394,2,1,0,0,S,Real Valladolid,0,0.4819799959659576,0.5363950133323669,0.0254120007157325,La Liga,2022-2023
10886,Iván Fresneda,22,1775,0,0.6071393769234419,0,1.6574616050347686,4,18,3,0,D M S,Real Valladolid,0,0.6071393769234419,4.747061561793089,3.0231686271727085,La Liga,2022-2023
10887,Álvaro Aceves,1,8,0,0.0,0,0.0,0,0,0,0,S,Real Valladolid,0,0.0,0.0,0.0,La Liga,2022-2023
10888,David Torres,7,385,0,0.5087717771530151,0,0.0292575005441904,1,1,1,0,D S,Real Valladolid,0,0.5087717771530151,0.414928488433361,0.3856708873063326,La Liga,2022-2023
10889,Roberto Arroyo,1,10,0,0.0,0,0.0,0,0,0,0,S,Real Valladolid,0,0.0,0.0,0.0,La Liga,2022-2023
10915,Diego Méndez,1,1,0,0.0,0,0.0,0,0,0,0,S,Rayo Vallecano,0,0.0,0.0,0.0,La Liga,2022-2023
10916,Pablo Muñoz,2,10,0,0.0,0,0.0,0,0,0,0,S,Rayo Vallecano,0,0.0,0.0,0.0,La Liga,2022-2023
10928,Awer Mabil,5,155,0,0.3261425979435444,0,0.0138758001849055,3,1,0,0,M S,Cadiz,0,0.3261425979435444,0.4220721013844013,0.3681685030460357,La Liga,2022-2023
10944,Fran Pérez,7,118,0,0.0173138994723558,0,0.0,1,0,2,0,S,Valencia,0,0.0173138994723558,0.1652391981333494,0.1479252986609935,La Liga,2022-2023
10945,Santiago Bueno,34,3017,0,0.7807213803753257,1,0.9726467910222708,13,9,5,1,D,Girona,0,0.7807213803753257,7.057017557322979,6.9838946629315615,La Liga,2022-2023
10950,Oscar Ureña,3,95,0,0.0666756033897399,0,0.0,1,0,0,0,M S,Girona,0,0.0666756033897399,0.0666756033897399,0.0,La Liga,2022-2023
10952,Joel Roca,5,72,0,0.1633321922272443,0,0.038035400211811,4,1,1,0,S,Girona,0,0.1633321922272443,0.7854502778500319,0.6073466539382935,La Liga,2022-2023
10954,Ricard Artero,7,116,0,0.833743691444397,0,0.0,4,0,0,0,S,Girona,0,0.833743691444397,0.8732353150844574,0.0779717713594436,La Liga,2022-2023
10969,Fernando Martínez,37,3289,0,0.0,0,0.0,0,0,3,0,GK,Almeria,0,0.0,3.590829753316939,3.590829753316939,La Liga,2022-2023
10970,Kaiky,13,583,0,0.0841713026165962,0,0.0,1,0,5,0,D S,Almeria,0,0.0841713026165962,1.165939375758171,1.165939375758171,La Liga,2022-2023
10976,Dyego Sousa,20,476,0,0.9425421776250004,1,0.9455130640417336,13,10,1,0,F S,Almeria,0,0.9425421776250004,1.875226754695177,0.6038508117198944,La Liga,2022-2023
10981,Malcom Adu,8,68,0,0.0363125363364815,0,0.1316871326416731,2,3,0,0,S,Athletic Club,0,0.0363125363364815,0.2920263092964887,0.1699718162417411,La Liga,2022-2023
10983,Braian Cufré,5,215,0,0.0992036014795303,0,0.0471406988799572,3,1,0,0,D S,Mallorca,0,0.0992036014795303,0.1658258959650993,0.0666222982108593,La Liga,2022-2023
10987,Fabrizio Angileri,15,578,0,0.0761368982493877,0,0.0,3,0,2,1,D S,Getafe,0,0.0761368982493877,0.2932116957381367,0.2427912959828972,La Liga,2022-2023
10988,Moi Parra,1,7,0,0.0,0,0.0,0,0,0,0,S,Getafe,0,0.0,0.0,0.0,La Liga,2022-2023
10990,Álex Revuelta,1,1,0,0.0,0,0.0,0,0,0,0,S,Getafe,0,0.0,0.0,0.0,La Liga,2022-2023
10998,Alejandro Alfaro,1,11,0,0.0,0,0.0,0,0,0,0,S,Elche,0,0.0,0.0,0.0,La Liga,2022-2023
10999,Marcão,5,371,0,0.0,0,0.0,0,0,2,0,D S,Sevilla,0,0.0,0.471064799465239,0.471064799465239,La Liga,2022-2023
11025,Pablo Torre,8,126,0,0.0171930287033319,0,0.4542882218956947,1,4,0,0,F S,Barcelona,0,0.0171930287033319,0.955424338579178,0.909465592354536,La Liga,2022-2023
11042,Marko Milovanovic,2,13,0,0.0545378997921943,0,0.0,1,0,1,0,S,Almeria,0,0.0545378997921943,0.0,0.0,La Liga,2022-2023
11087,Pep Chavarría,15,336,0,0.0497179329395294,2,0.6880708504468203,1,10,1,0,M S,Rayo Vallecano,0,0.0497179329395294,1.7592814983800054,1.0385352252051234,La Liga,2022-2023
11105,Abdul Mumin,16,900,0,0.3058516010642051,0,0.0148422000929713,6,1,2,0,D S,Rayo Vallecano,0,0.3058516010642051,1.354296999052167,1.2516200635582209,La Liga,2022-2023
11121,Nicolás Fernández Mercau,18,451,0,0.4591419603675604,1,0.8877744702622294,5,13,2,0,D M S,Elche,0,0.4591419603675604,1.287952252663672,0.7780531579628587,La Liga,2022-2023
11147,Lucas Rosa,17,926,0,0.5404149293899536,1,0.7423919308930635,6,10,3,0,D S,Real Valladolid,0,0.5404149293899536,2.3169048987329006,1.1733830692246556,La Liga,2022-2023
11154,Pablo Durán,4,25,0,0.0,0,0.0,0,0,0,0,S,Celta Vigo,0,0.0,0.0216748993843793,0.0216748993843793,La Liga,2022-2023
11167,Chadi Riad,1,1,0,0.0,0,0.0,0,0,0,0,S,Barcelona,0,0.0,0.0,0.0,La Liga,2022-2023
11185,Pablo Marín,10,344,0,1.345354851335287,0,0.7839239165186882,9,6,1,0,M S,Real Sociedad,0,1.345354851335287,2.63032665848732,0.5254109092056751,La Liga,2022-2023
11202,Alberto del Moral,1,2,0,0.0,0,0.0,0,0,0,0,S,Villarreal,0,0.0,0.0,0.0,La Liga,2022-2023
11204,Jon Magunacelaya,2,58,0,0.0278300996869802,0,0.6553639769554138,1,2,0,0,S,Real Sociedad,0,0.0278300996869802,0.6553639769554138,0.0,La Liga,2022-2023
11223,Félix Garreta,1,90,0,0.0,0,0.0,0,0,0,0,D,Real Betis,0,0.0,0.0215403009206056,0.0215403009206056,La Liga,2022-2023
11263,Carlos García,1,22,0,0.0,1,0.0807102024555206,0,1,0,0,S,Cadiz,0,0.0,0.0699087008833885,0.0699087008833885,La Liga,2022-2023
11264,Carlos Álvarez,1,5,0,0.0,0,0.0,0,0,1,0,S,Sevilla,0,0.0,0.1165859997272491,0.1165859997272491,La Liga,2022-2023
11265,Diego Hormigo,1,47,0,0.0,0,0.0,0,0,1,0,D,Sevilla,0,0.0,0.0,0.0,La Liga,2022-2023
11266,Manu Bueno,2,151,0,0.0189492311328649,0,0.0440704263746738,1,2,0,0,M,Sevilla,0,0.0189492311328649,0.1341557167470455,0.0900852903723716,La Liga,2022-2023
11285,Lautaro Blanco,17,867,0,0.0239383541047573,2,1.593231437727809,1,12,2,0,D M S,Elche,0,0.0239383541047573,2.4575106780976057,1.245051022619009,La Liga,2022-2023
11286,Youba Diarra,5,86,0,0.0,0,0.5765460133552551,0,2,2,0,M S,Cadiz,0,0.0,0.6821940168738365,0.1056480035185813,La Liga,2022-2023
11290,Diego Moreno,11,642,0,0.1970456968992948,0,0.3612918248400092,5,3,1,0,D S,Osasuna,0,0.1970456968992948,1.7247503362596035,1.5277046523988247,La Liga,2022-2023
11318,Abner,13,603,0,1.8194233188405635,0,0.146367241628468,5,2,2,0,D S,Real Betis,0,1.8194233188405635,2.323505156673491,0.5079159941524267,La Liga,2022-2023
11320,Mamadou Mbacke,1,25,0,0.0,0,0.0,0,0,0,0,S,Villarreal,0,0.0,0.0,0.0,La Liga,2022-2023
11321,Diego Collado,2,2,0,0.0,0,0.0,0,0,0,0,S,Villarreal,0,0.0,0.0,0.0,La Liga,2022-2023
11328,Ángel Alarcón,3,19,0,0.0440881997346878,0,0.0,1,0,0,0,S,Barcelona,0,0.0440881997346878,0.0823806002736091,0.0823806002736091,La Liga,2022-2023
11337,Alexander Callens,6,108,0,0.0,0,0.0,0,0,1,0,S,Girona,0,0.0,0.0617349930107593,0.0617349930107593,La Liga,2022-2023
11395,Iker Muñoz,8,246,0,0.0349738467484712,0,0.0,2,0,0,0,M S,Osasuna,0,0.0349738467484712,0.8222889099270105,0.7873150631785393,La Liga,2022-2023
11401,Haissem Hassan,2,42,0,0.0,0,0.0178318005055189,0,1,0,0,S,Villarreal,0,0.0,0.3794905506074428,0.3616586523130536,La Liga,2022-2023
11415,Manuel Pozo,1,18,0,0.0713910982012748,0,0.0576036982238292,1,1,0,0,S,Real Valladolid,0,0.0713910982012748,0.1289950013160705,0.0576036982238292,La Liga,2022-2023
11471,Ángel Alarcón,1,1,0,0.0,0,0.0,0,0,0,0,S,Barcelona,0,0.0,0.0,0.0,La Liga,2022-2023
11490,Aleix Garrido,1,5,0,0.0,0,0.0,0,0,0,0,S,Barcelona,0,0.0,0.0,0.0,La Liga,2022-2023
11524,José Antonio de la Rosa,2,40,0,0.0,1,0.0097481310367584,0,1,0,0,S,Cadiz,0,0.0,0.3046709597110748,0.3046709597110748,La Liga,2022-2023
11525,Babatunde Akinsola,1,5,0,0.0,0,0.0,0,0,0,0,S,Real Valladolid,0,0.0,0.0,0.0,La Liga,2022-2023
11527,Lamine Yamal,1,2,0,0.4306701719760895,0,0.0,1,0,0,0,S,Barcelona,0,0.4306701719760895,0.478724867105484,0.048054713755846,La Liga,2022-2023
11591,Francisco Mwepu,1,17,0,0.0,0,0.0,0,0,0,0,S,Cadiz,0,0.0,0.3146209716796875,0.3146209716796875,La Liga,2022-2023
11620,Rubén Quintanilla,1,1,0,0.0,0,0.0,0,0,0,0,S,Mallorca,0,0.0,0.0,0.0,La Liga,2022-2023
5322,Victor Osimhen,32,2609,26,26.626029931008816,4,2.648569446057081,134,33,4,0,F S,Napoli,24,24.34213351458311,23.06260520219803,2.083378940820694,Serie A,2022-2023
7006,Lautaro Martínez,38,2566,21,19.81596491392702,6,6.042775368317962,126,46,4,0,F S,Inter,20,18.29336491879076,25.24886948615313,5.3684976901859045,Serie A,2022-2023
7224,Boulaye Dia,33,2532,16,9.1223160084337,6,2.565659542568028,48,35,3,0,F M S,Salernitana,15,8.361017173156142,12.28598351869732,2.865780700929463,Serie A,2022-2023
7193,Rafael Leão,35,2453,15,12.850501528009772,8,8.666536897420883,92,49,5,1,M S,AC Milan,15,12.850501528009772,25.837798319756985,7.709507210180163,Serie A,2022-2023
502,Olivier Giroud,33,2166,13,15.180027283728124,5,5.839565250091255,81,24,6,1,F S,AC Milan,10,12.896135553717611,18.150510312989358,5.017484482377768,Serie A,2022-2023
5556,Ademola Lookman,31,1745,13,10.577641425654292,6,5.73071956448257,52,40,3,0,F M S,Atalanta,10,8.293747257441282,16.509120712056756,3.689325923100114,Serie A,2022-2023
9018,M&#039;Bala Nzola,31,2659,13,12.467133812606336,2,2.651182981207967,63,28,8,0,F S,Spezia,10,10.183236673474312,13.539749652147291,2.6491533778607845,Serie A,2022-2023
1209,Ciro Immobile,31,2239,12,14.894521465525033,5,2.36814247071743,77,26,2,0,F S,Lazio,8,11.08803047798574,17.061955170705914,4.235991571098566,Serie A,2022-2023
1294,Paulo Dybala,25,1763,12,9.707531973719597,6,7.352878376841545,65,53,4,0,F M S,Roma,7,5.901039339601994,11.511710653081536,3.696448443457484,Serie A,2022-2023
1612,Domenico Berardi,26,1894,12,11.07066909968853,7,6.496799468994141,83,45,8,0,F M S,Sassuolo,5,4.980279427021742,15.024806343019009,6.569302596151829,Serie A,2022-2023
2217,Antonio Sanabria,33,2457,12,11.509437082335351,4,3.662014912813902,69,24,4,0,F S,Torino,11,10.748136101290584,17.375103471800685,5.374319806694984,Serie A,2022-2023
7453,Khvicha Kvaratskhelia,34,2575,12,8.062930300831795,10,8.784897561185062,85,54,1,0,F M S,Napoli,10,6.5403321124613285,20.764383366331455,8.34783404506743,Serie A,2022-2023
6160,Riccardo Orsolini,32,2121,11,10.20327328890562,4,3.219342499040067,92,44,6,2,F M S,Bologna,8,7.91937767714262,11.650514734908938,3.26077987998724,Serie A,2022-2023
594,Romelu Lukaku,25,1675,10,9.806708738207815,6,4.254219243302941,51,32,1,0,F S,Inter,8,8.284114763140678,15.382605358958244,4.906544785946608,Serie A,2022-2023
865,Marko Arnautovic,21,1556,10,8.071489023044705,0,2.5909547666087747,31,22,5,0,F S,Bologna,7,5.787593238987029,10.896913611330092,3.1932739103212957,Serie A,2022-2023
1958,Mattia Zaccagni,35,2812,10,8.35121201723814,6,5.777158467099071,57,36,9,0,F M S,Lazio,9,7.589912839233875,19.419666165485975,7.7913031075149775,Serie A,2022-2023
7084,Dusan Vlahovic,27,1947,10,10.7628720626235,2,3.777619262225926,68,21,1,0,F S,Juventus,8,8.478968940675259,10.126459673047066,2.499461960978806,Serie A,2022-2023
9969,Teun Koopmeiners,33,2860,10,8.450882591307163,4,6.544764361344278,59,57,7,0,M S,Atalanta,8,5.405682601034641,14.013550275936725,6.516538642346859,Serie A,2022-2023
9983,Beto,33,2131,10,10.855348506942391,1,2.8929035430774093,61,23,2,0,F S,Udinese,9,10.0940504912287,13.431891795247791,1.8604375552386043,Serie A,2022-2023
1208,Felipe Anderson,38,2986,9,6.816264293156564,2,4.966810274869204,41,47,3,0,F M S,Lazio,9,6.816264293156564,19.7677051872015,9.3158711604774,Serie A,2022-2023
1253,Edin Dzeko,33,1707,9,10.615746980533004,3,3.140127930790186,74,23,2,0,F S,Inter,9,10.615746980533004,14.459573529660702,2.8057876229286194,Serie A,2022-2023
1543,Sergej Milinkovic-Savic,36,3044,9,7.642115520313382,8,7.669951910153031,64,42,10,0,M S,Lazio,9,7.642115520313382,18.009869592264295,9.168152891099451,Serie A,2022-2023
11055,Rasmus Højlund,32,1846,9,10.287494648247955,2,1.900617500767112,54,24,1,0,F S,Atalanta,9,10.287494648247955,13.84284788928926,2.6389122121036053,Serie A,2022-2023
702,Tammy Abraham,38,2199,8,12.646193861961365,3,4.972163491882384,61,33,2,0,F S,Roma,8,12.646193861961365,14.22906332835555,1.6856992188841105,Serie A,2022-2023
1868,Daniel Ciofani,32,1030,8,6.3114085383713245,0,0.6939694732427597,32,10,1,0,F S,Cremonese,5,3.26621325686574,3.270833982154727,0.8133191857486963,Serie A,2022-2023
3291,Adrien Rabiot,32,2756,8,7.234948273748159,4,2.161040493287146,48,31,9,0,M S,Juventus,8,7.234948273748159,10.3733021132648,6.57682091742754,Serie A,2022-2023
7944,Gabriel Strefezza,35,2490,8,6.200784156098962,4,4.351724906824529,69,49,5,0,F M S,Lecce,6,3.9168875012546778,10.515463771298528,3.9286852329969406,Serie A,2022-2023
10377,Arthur Cabral,28,1415,8,7.451762327924371,1,0.6834547482430935,54,14,4,0,F S,Fiorentina,6,5.929164515808225,7.932477874681354,2.603195808827877,Serie A,2022-2023
1252,Stephan El Shaarawy,29,1509,7,5.4267995450645685,2,1.4734784085303545,42,28,3,0,D F M S,Roma,7,5.4267995450645685,10.21113669872284,5.769225145690143,Serie A,2022-2023
1383,Manolo Gabbiadini,35,2374,7,6.77249563112855,2,4.582458201795816,72,27,6,0,F M S,Sampdoria,7,6.77249563112855,11.017689177766442,2.68714477494359,Serie A,2022-2023
1517,Antonio Candreva,35,2767,7,3.934708485379815,4,4.215999730862677,46,58,1,1,D F M S,Salernitana,7,3.934708485379815,10.367786642163992,5.832567253150046,Serie A,2022-2023
1583,Arkadiusz Milik,27,1592,7,7.238381337374449,1,2.151501553598792,43,17,1,1,F S,Juventus,7,6.477082502096891,7.983711875975132,2.689224686473608,Serie A,2022-2023
4981,Davide Frattesi,36,2930,7,7.41614169627428,0,1.8945508040487768,64,29,4,0,M S,Sassuolo,7,7.41614169627428,12.5463175624609,4.618593320250511,Serie A,2022-2023
6697,Armand Lauriente,28,2222,7,4.168140156194568,6,5.566640891134739,56,61,8,1,F M S,Sassuolo,6,3.4068411719053984,11.235810805112123,4.972771760076284,Serie A,2022-2023
9905,David Okereke,33,2277,7,5.145014280453324,0,1.0039336625486612,61,21,4,0,F M S,Cremonese,6,4.383715664967895,7.210744492709637,2.490612177178264,Serie A,2022-2023
11039,Lewis Ferguson,32,2340,7,4.275031054392457,0,0.8662050403654575,43,17,4,0,F M S,Bologna,7,4.275031054392457,7.4421565849334,4.644125227816403,Serie A,2022-2023
1219,Luis Alberto,35,2446,6,4.823557456955314,7,6.157469410449266,47,66,4,0,M S,Lazio,5,3.3009556103497744,16.062379522249103,10.72712817043066,Serie A,2022-2023
1304,Moise Kean,28,974,6,7.225995548069477,0,1.26984928175807,38,8,5,1,F S,Juventus,6,7.225995548069477,8.10914070904255,0.7151638697832823,Serie A,2022-2023
1409,Nicolò Barella,35,2643,6,2.842068800702691,6,4.794698579236865,33,56,6,0,M S,Inter,6,2.842068800702691,19.134255908429623,13.142524007707834,Serie A,2022-2023
5329,Stefan Posch,30,2556,6,3.613351857289672,2,1.844201592728496,27,23,6,0,D,Bologna,6,3.613351857289672,7.942548343911767,5.251040143892169,Serie A,2022-2023
6228,Luka Jovic,31,1526,6,8.5522336717695,3,1.9561818754300475,57,23,3,0,F S,Fiorentina,6,7.790934542194009,7.856145803816616,1.1509785745292902,Serie A,2022-2023
6421,Brahim Diaz,33,1999,6,7.092134211212397,7,6.145714866928756,35,41,3,0,M S,AC Milan,6,7.092134211212397,20.576036393642426,8.90387449413538,Serie A,2022-2023
6980,Francesco Caputo,36,2847,6,10.01583743840456,4,3.3661519289016724,61,28,1,0,F M S,"Empoli,Sampdoria",4,8.49323957413435,10.890727439895272,3.452291378751397,Serie A,2022-2023
7074,Nicolás González,24,1338,6,7.058677390217781,1,1.6205474324524405,60,20,3,0,F M S,Fiorentina,4,5.536081410944462,9.070842418819666,3.887412182986736,Serie A,2022-2023
7576,Nicolò Cambiaghi,28,1268,6,3.473333427682519,1,0.925581406801939,35,14,3,1,F M S,Empoli,6,3.473333427682519,7.218042183667421,3.2655900018289685,Serie A,2022-2023
7912,Eljif Elmas,36,1595,6,3.9718787744641295,3,2.542299951892346,33,27,5,0,F M S,Napoli,5,3.210579790174961,9.261734258383512,4.413638584315777,Serie A,2022-2023
10891,Carlos Augusto,35,3094,6,4.301485530100763,5,3.992013055831194,42,25,4,0,D M,Monza,6,4.301485530100763,15.283206144347789,10.429481476545334,Serie A,2022-2023
10894,Patrick Ciurria,36,2765,6,4.573930906131864,6,5.45413625985384,50,36,4,0,D M S,Monza,6,4.573930906131864,15.049956364557149,9.158613251522183,Serie A,2022-2023
10905,Assan Ceesay,34,1824,6,5.534616737626493,0,0.7234046012163162,43,8,2,0,F S,Lecce,5,4.773317902348936,6.192364240065217,1.173143593594432,Serie A,2022-2023
10937,Cyriel Dessers,26,1598,6,6.505328755825758,2,2.111249329522252,50,23,3,0,F S,Cremonese,6,5.744029771536589,7.769972678273916,1.177916144952178,Serie A,2022-2023
1121,Giacomo Bonaventura,30,1915,5,4.329681234434247,1,3.3441189378499985,49,34,4,0,M S,Fiorentina,5,4.329681234434247,8.122741304337978,3.141593115404248,Serie A,2022-2023
1134,Mario Pasalic,32,1811,5,5.7575409188866615,2,2.134295135736465,32,16,3,0,F M S,Atalanta,5,5.7575409188866615,10.421540008857846,4.981488577090204,Serie A,2022-2023
1170,Gianluca Caprari,37,2513,5,4.922926725819707,2,2.0288445204496384,51,30,7,0,F M S,Monza,4,4.161626698449254,14.902799094095826,9.932715085335076,Serie A,2022-2023
1445,Simone Verdi,24,1094,5,2.7258943542838097,0,2.139064395800233,30,20,3,0,F M S,Verona,4,1.9645955339074133,3.984639930538833,1.2706529526039958,Serie A,2022-2023
1723,Roberto Pereyra,34,2869,5,5.2156464494764805,7,5.528812682256103,42,48,6,0,D F M S,Udinese,5,4.454347640275955,16.398319467902184,9.13957973755896,Serie A,2022-2023
4895,Andrea Pinamonti,32,2191,5,6.853078670799732,0,1.8465160559862848,67,17,3,1,F S,Sassuolo,4,6.09177964925766,10.495561668649316,3.510547287762165,Serie A,2022-2023
6276,Nikola Vlasic,34,2740,5,5.871993156149983,6,4.171200027689338,53,63,1,0,F M S,Torino,5,5.871993156149983,15.104950850829482,7.149665737524629,Serie A,2022-2023
7013,Matteo Pessina,35,2958,5,4.65973300114274,3,2.254064967855811,28,22,6,0,F M S,Monza,2,2.375836374238133,13.934903036803007,10.935007290914657,Serie A,2022-2023
8341,Lazar Samardzic,37,1847,5,2.082535940222442,4,3.911521703004837,50,49,1,0,M S,Udinese,5,2.082535940222442,8.17041178792715,6.202445788308978,Serie A,2022-2023
8478,Lorenzo Colombo,33,1521,5,6.120212663896382,2,2.099439567886293,45,17,4,0,F S,Lecce,4,4.597614844329655,8.333452368155122,2.4184894198551774,Serie A,2022-2023
8838,Junior Messias,25,1534,5,2.508316047489643,2,1.262839213013649,32,14,3,0,D M S,AC Milan,5,2.508316047489643,7.202105224132538,4.201584496535361,Serie A,2022-2023
10878,Sandi Lovric,37,2375,5,3.895120724104345,6,3.1141071068122983,71,46,4,0,M S,Udinese,5,3.895120724104345,9.186829634010792,4.413520187139511,Serie A,2022-2023
10895,Dany Mota,29,1933,5,6.046952214092016,1,1.8663542829453943,29,27,2,0,F M S,Monza,5,6.046952214092016,10.082033520564435,2.9128061961382627,Serie A,2022-2023
687,Pedro,36,1880,4,3.0722561981529,3,2.825445529073477,42,23,1,0,F S,Lazio,4,3.0722561981529,8.645088771358132,4.437204111367464,Serie A,2022-2023
1102,Giovanni Simeone,25,361,4,1.888841100037098,1,1.2880924381315708,14,5,1,0,F S,Napoli,4,1.888841100037098,3.638606633991003,0.8214001283049583,Serie A,2022-2023
1106,Darko Lazovic,30,2284,4,4.059942938387394,5,7.554521513171494,43,45,0,0,D M S,Verona,4,4.059942938387394,10.59328169748187,2.088784934952855,Serie A,2022-2023
1178,Davide Zappacosta,21,1485,4,1.1971252392977476,2,1.7962093967944384,25,15,4,0,D M S,Atalanta,4,1.1971252392977476,7.259060664102435,5.382886305451393,Serie A,2022-2023
1313,Riccardo Saponara,29,1199,4,3.788430626504123,3,3.0325667643919587,37,20,4,0,F M S,Fiorentina,4,3.788430626504123,9.441763827577232,3.961196823976934,Serie A,2022-2023
1324,Federico Dimarco,33,2117,4,3.5055956137366597,3,7.459965920075774,48,60,0,0,D S,Inter,4,3.5055956137366597,14.572408670559524,7.553523785434663,Serie A,2022-2023
1471,Lorenzo Pellegrini,32,2574,4,8.053180754184723,5,7.2595742754638195,65,70,5,0,F M S,Roma,2,5.769288748502731,14.073090083897114,7.648170256987214,Serie A,2022-2023
1493,Andrea Petagna,31,1669,4,5.077138273976743,5,3.921232812106609,36,29,2,0,F S,Monza,3,4.315839259885252,9.593134500086308,2.257819278165698,Serie A,2022-2023
1826,Nicola Sansone,18,719,4,3.45839299634099,2,1.0477161314338446,22,8,2,0,F M S,Bologna,4,3.45839299634099,4.445462932810187,0.8368712309747934,Serie A,2022-2023
2547,Theo Hernández,32,2781,4,4.210004132241011,3,2.9274483611807227,52,37,7,0,D,AC Milan,3,3.448705457150936,13.797861007973552,9.388505255803466,Serie A,2022-2023
2711,Aleksey Miranchuk,29,2122,4,2.4004165213555098,5,3.609821485355496,40,42,0,0,F M S,Torino,4,2.4004165213555098,10.164356952533126,6.428497981280088,Serie A,2022-2023
3553,Ángel Di María,26,1375,4,2.9102833797223866,4,5.504749771207571,38,41,1,1,F M S,Juventus,3,2.148984365630895,6.952870347071439,3.997522162273526,Serie A,2022-2023
5661,Jonathan Ikone,33,2013,4,5.154328202828765,4,4.882002828642726,51,29,4,0,F M S,Fiorentina,4,5.154328202828765,12.84212164580822,4.613184731453657,Serie A,2022-2023
5700,Yann Karamoh,21,697,4,3.4552986482158303,0,0.8007040470838547,21,10,2,0,M S,Torino,4,3.4552986482158303,4.442580696195364,2.0093821389600635,Serie A,2022-2023
6718,Andrea Colpani,27,920,4,2.059443517588079,1,2.3543422631919384,24,17,1,0,M S,Monza,4,2.059443517588079,4.2922855615615845,2.150717295706272,Serie A,2022-2023
6960,Bremer,30,2649,4,5.598378501832485,1,1.9023838061839344,32,9,6,0,D,Juventus,4,5.598378501832485,4.92352030146867,4.237124695442617,Serie A,2022-2023
7090,Krzysztof Piatek,33,2155,4,7.470751442015171,5,2.11982680298388,58,22,5,0,F S,Salernitana,3,6.709452472627163,10.982484368607402,3.1498346216976643,Serie A,2022-2023
7091,Christian Kouamé,28,1882,4,5.886039672419429,4,3.905181766487658,41,39,5,0,F M S,Fiorentina,4,5.886039672419429,11.305318854749205,3.7474167672917247,Serie A,2022-2023
7648,Tonny Vilhena,33,2300,4,2.3256809203885496,1,1.803540396504104,31,19,5,0,D M S,Salernitana,4,2.3256809203885496,6.9135199170559645,3.9586191112175584,Serie A,2022-2023
9936,Matheus Henrique,30,1958,4,3.804456144571304,1,1.540488135069609,25,27,4,0,M S,Sassuolo,4,3.804456144571304,8.338156580924988,3.2832372095435858,Serie A,2022-2023
9951,Tommaso Baldanzi,26,1809,4,2.289933668449521,0,1.853117823600769,33,23,2,0,M S,Empoli,4,2.289933668449521,4.875221950933337,1.906174630858004,Serie A,2022-2023
3,Luca Caldirola,31,2376,3,1.3623706893995404,0,0.642099117860198,10,5,6,0,D S,Monza,3,1.3623706893995404,6.609772840514779,5.94411027058959,Serie A,2022-2023
64,Filip Kostic,37,2618,3,2.674445512704551,8,7.505734614096582,37,66,3,0,D F M S,Juventus,3,2.674445512704551,12.43901822064072,3.293163353577256,Serie A,2022-2023
189,Hakan Calhanoglu,33,2390,3,2.911560695618391,6,4.5331272557377815,56,70,3,0,M S,Inter,2,2.150262078270316,13.082031950354576,10.034150578081608,Serie A,2022-2023
317,Henrikh Mkhitaryan,31,2003,3,2.8225445495918398,2,2.4785092379897837,35,19,4,0,M S,Inter,3,2.8225445495918398,14.569757852703331,10.76952838152647,Serie A,2022-2023
628,Chris Smalling,32,2812,3,2.247501654550433,1,0.57327432744205,17,7,7,0,D S,Roma,3,2.247501654550433,7.683304813690484,7.316817824728787,Serie A,2022-2023
1229,Luis Muriel,29,1047,3,2.59260356426239,3,3.9207702483981848,34,36,0,2,F M S,Atalanta,2,1.83130456507206,7.61418541893363,3.157275542616844,Serie A,2022-2023
1233,Filip Djuricic,32,2212,3,2.4797603050246835,0,1.680413001216948,26,33,9,0,M S,Sampdoria,3,2.4797603050246835,7.397339068353176,3.782193936407566,Serie A,2022-2023
1386,Piotr Zielinski,37,2324,3,2.871987667866051,8,8.54276185669005,53,83,3,0,M S,Napoli,3,2.871987667866051,15.071963913738728,10.260666150599718,Serie A,2022-2023
1465,Stefano Sensi,28,1644,3,1.1833414314314723,1,1.9892846830189228,18,24,8,0,M S,Monza,3,1.1833414314314723,8.968694441020489,7.108810056000948,Serie A,2022-2023
1473,Matteo Politano,27,1168,3,4.119986202567816,3,4.301515737548471,33,34,1,0,F M S,Napoli,1,1.8360893912613392,8.443118538707495,3.883892772719264,Serie A,2022-2023
1511,Marcelo Brozovic,28,1771,3,2.0772709641605616,5,2.104796350002289,25,23,9,0,M S,Inter,3,2.0772709641605616,12.804172411561012,10.28125450387597,Serie A,2022-2023
1710,Marten de Roon,35,2972,3,1.2715321807190776,1,1.869557256810367,19,20,7,0,D M S,Atalanta,3,1.2715321807190776,13.787289805710316,11.084044065326452,Serie A,2022-2023
1809,Joaquín Correa,26,947,3,3.674687035381794,1,1.396730151027441,22,14,1,0,F S,Inter,3,3.674687035381794,7.067165929824114,2.922502463683486,Serie A,2022-2023
1852,Ante Rebic,23,950,3,3.349504828453064,2,2.2224357798695564,27,13,4,0,F M S,AC Milan,3,3.349504828453064,6.193686028942466,1.037875447422266,Serie A,2022-2023
2044,Daniele Verde,25,998,3,2.6684047318995,0,1.2946078954264522,32,18,1,0,F M S,Spezia,2,1.907105911523104,4.133883338421583,1.93749189004302,Serie A,2022-2023
2244,Danilo,37,3174,3,2.4913169471547008,3,2.880209258757532,32,19,5,0,D S,Juventus,3,2.4913169471547008,10.750188367441297,9.792166873812675,Serie A,2022-2023
3334,Lassana Coulibaly,35,2922,3,1.100285050459206,3,1.870213680434972,17,20,12,0,M S,Salernitana,3,1.100285050459206,7.79218075890094,5.591252405196428,Serie A,2022-2023
6155,Robin Gosens,32,1158,3,2.4085089517757297,0,2.2555409371852875,26,16,2,0,D M S,Inter,3,2.4085089517757297,8.326732456684113,4.685214471071959,Serie A,2022-2023
6434,Franck Zambo,36,3077,3,4.412529512308538,5,2.447340244427324,50,32,3,0,M,Napoli,3,4.412529512308538,17.83548359386623,14.038029104471208,Serie A,2022-2023
6512,Musa Barrow,32,2003,3,2.8277981989085674,8,4.834678950719535,66,43,3,0,F M S,Bologna,3,2.8277981989085674,8.612221229821444,3.147979063913226,Serie A,2022-2023
6558,Frank Tsadjout,20,1060,3,2.0377023220062256,1,0.3423418952152133,26,10,1,0,F M S,Cremonese,3,2.0377023220062256,2.509815964847803,0.6242934679612517,Serie A,2022-2023
6807,Jaka Bijol,32,2732,3,2.505442278459668,2,1.848342938348651,20,10,9,0,D,Udinese,3,2.505442278459668,5.394275683909655,4.509136389940977,Serie A,2022-2023
6884,Remi Oudin,31,1296,3,1.7650826815515757,0,1.5305240098387003,38,30,3,0,F M S,Lecce,3,1.7650826815515757,3.74467608705163,2.015547691844404,Serie A,2022-2023
6978,Giovanni Di Lorenzo,37,3257,3,2.6962118204683065,4,5.269235385581851,30,46,2,0,D S,Napoli,3,2.6962118204683065,16.064462546259165,12.648516599088907,Serie A,2022-2023
7379,Nicolo Fagioli,26,1523,3,1.8505884343758223,3,0.9258906226605176,13,15,3,0,M S,Juventus,3,1.8505884343758223,4.298062361776829,1.9208921734243631,Serie A,2022-2023
7413,Ibañez,33,2800,3,4.266787363216281,0,0.7104894034564495,29,6,9,1,D S,Roma,3,4.266787363216281,7.562260813079774,6.8809112729504704,Serie A,2022-2023
7999,Hirving Lozano,32,1619,3,5.589612953364849,3,3.4673529155552387,42,30,3,0,F M S,Napoli,2,4.828313939273357,10.249174367636442,2.7791140656918287,Serie A,2022-2023
8252,Nicolás Domínguez,31,2317,3,2.1117189154028893,2,3.468090552836657,42,36,10,0,F M S,Bologna,3,2.1117189154028893,10.857748687267303,6.553773415274918,Serie A,2022-2023
8831,Iyenoma Destiny Udogie,33,2726,3,3.5052479449659586,4,3.221463406458497,27,34,5,0,D S,Udinese,3,3.5052479449659586,14.62338532321155,9.417170340195298,Serie A,2022-2023
9233,Joakim Maehle,34,2228,3,3.037317520007491,3,2.7065567234531045,26,37,5,1,D M S,Atalanta,3,3.037317520007491,12.563739145174624,8.522735869511962,Serie A,2022-2023
10902,Federico Baschirotto,37,3330,3,2.203796305693686,0,0.462596776895225,21,8,6,0,D,Lecce,3,2.203796305693686,2.1448944099247456,1.9154890906065705,Serie A,2022-2023
11306,Cyril Ngonge,14,761,3,1.9918924188241365,1,0.461322370916605,27,11,2,0,F M S,Verona,3,1.9918924188241365,2.9980382174253464,1.3163010571151972,Serie A,2022-2023
484,Divock Origi,27,981,2,3.5613942109048367,1,1.0239905305206776,29,11,1,0,F M S,AC Milan,2,3.5613942109048367,4.875426270999014,0.5985912540927529,Serie A,2022-2023
591,Gerard Deulofeu,16,1230,2,5.724186077713966,6,3.6979857590049514,44,48,2,0,F S,Udinese,2,5.724186077713966,10.325862884521484,3.731167707592249,Serie A,2022-2023
697,Nemanja Matic,35,1795,2,0.9273053091019392,2,2.7092387108132243,11,24,5,0,M S,Roma,2,0.9273053091019392,9.62061135098338,8.346469797194004,Serie A,2022-2023
771,Georginio Wijnaldum,14,783,2,2.100455414503813,0,0.9348020404577256,20,8,0,0,M S,Roma,2,2.100455414503813,5.346709575504065,2.8767043836414814,Serie A,2022-2023
1119,Alessio Romagnoli,34,2926,2,0.7252986384555697,0,0.3194321133196354,13,2,6,0,D S,Lazio,2,0.7252986384555697,6.62292773462832,6.594446735456586,Serie A,2022-2023
1148,Duván Zapata,25,1383,2,3.8310011429712176,2,0.8498213132843375,41,17,1,0,F S,Atalanta,2,3.8310011429712176,9.120864622294905,4.9479127917438745,Serie A,2022-2023
1164,Cristiano Biraghi,33,2572,2,1.8572904411703348,4,5.168609849177301,25,82,1,0,D S,Fiorentina,2,1.0959914270788431,8.636553605087101,6.67611073795706,Serie A,2022-2023
1272,Ilija Nestorovski,21,599,2,1.449692104011774,1,0.6359671503305435,14,2,3,0,F S,Udinese,2,1.449692104011774,2.8219575379043818,0.8675671946257353,Serie A,2022-2023
1370,Federico Ceccherini,22,1437,2,0.7514250995591283,0,0.1448488449677825,7,5,9,1,D S,Verona,2,0.7514250995591283,2.4430637806653976,2.3092733481898904,Serie A,2022-2023
1423,Matías Vecino,32,1669,2,2.786401204764843,0,0.4745106063783169,26,9,6,0,M S,Lazio,2,2.786401204764843,6.403920682147145,4.3888915199786425,Serie A,2022-2023
1433,Federico Chiesa,21,829,2,1.7492536343634129,5,2.71993594430387,26,20,2,0,D F M S,Juventus,2,1.7492536343634129,3.938357919454575,0.7597077917307615,Serie A,2022-2023
1441,Adam Masina,14,781,2,0.0702665746212005,0,0.1310307756066322,2,2,2,0,D S,Udinese,2,0.0702665746212005,4.223866701126099,4.113302305340767,Serie A,2022-2023
1449,Federico Di Francesco,36,2051,2,3.6530117858201274,2,3.4439872670918703,40,26,6,0,F M S,Lecce,2,3.6530117858201274,6.8861882127821445,0.8109445990994573,Serie A,2022-2023
1468,Gregoire Defrel,27,1165,2,4.214329432696104,1,0.7431206181645393,16,9,3,0,F S,Sassuolo,2,4.214329432696104,6.25639446079731,1.6751456148922443,Serie A,2022-2023
1484,Rafael Toloi,32,2805,2,2.8180209705606103,1,0.9576087854802608,29,17,8,0,D,Atalanta,2,2.8180209705606103,10.394732123240829,9.495708509348333,Serie A,2022-2023
1537,Sasa Lukic,16,1194,2,1.9514448940753937,0,1.3393727149814367,16,17,4,0,M S,Torino,1,1.190145879983902,5.453935984522104,4.022419776767492,Serie A,2022-2023
1624,Fabio Depaoli,34,2300,2,1.634648784995079,2,1.2304359637200832,19,19,8,0,D M S,"Sampdoria,Verona",2,1.634648784995079,6.317136710509658,3.793068908154965,Serie A,2022-2023
1639,Sebastiano Luperto,36,3144,2,1.6596418600529432,0,0.3278897926211357,18,3,2,2,D,Empoli,2,1.6596418600529432,3.901606610044837,3.773621609434485,Serie A,2022-2023
2019,Federico Bonazzoli,24,1094,2,2.2892312798649077,1,0.9725895980373024,32,8,1,0,F M S,Salernitana,2,2.2892312798649077,4.849526531994343,1.960826063528657,Serie A,2022-2023
3544,Jeremie Boga,23,759,2,1.5423539131879809,5,3.054135125130415,13,34,0,0,F M S,Atalanta,2,1.5423539131879809,6.9394093453884125,4.329142197966576,Serie A,2022-2023
3751,Thomas Henry,16,1047,2,2.1148635437712078,0,1.166583752259612,18,13,4,0,F S,Verona,2,2.1148635437712078,4.558824530802667,1.7198138618841767,Serie A,2022-2023
3978,Marco Faraoni,23,1496,2,3.021237078122794,3,1.4803453888744116,20,11,7,0,D M S,Verona,2,3.021237078122794,3.723571352660656,0.9191488036885858,Serie A,2022-2023
4932,Pietro Pellegri,18,448,2,1.2020395696163175,0,0.6623884867876768,10,4,3,0,F S,Torino,2,1.2020395696163175,1.304218873381615,0.7546784654259682,Serie A,2022-2023
4951,Grigoris Kastanos,28,1266,2,1.428749551065266,1,0.6296804463490844,30,13,4,0,D M S,Salernitana,2,1.428749551065266,3.951666227541864,2.284349365159869,Serie A,2022-2023
6174,Nikola Milenkovic,27,2128,2,1.6608780026435852,1,0.9129180051386356,19,6,4,0,D S,Fiorentina,2,1.6608780026435852,6.518136855214834,6.446478094905615,Serie A,2022-2023
6208,Antonin Barak,31,1837,2,1.80243259575218,0,1.468632542528212,32,22,4,0,F M S,"Fiorentina,Verona",2,1.80243259575218,5.7673686016350985,3.5789689579978585,Serie A,2022-2023
6296,Abdelhamid Sabiri,18,1064,2,3.4315860448405147,0,1.4997573867440224,33,14,5,0,M S,Sampdoria,1,1.908983069472015,3.190128283575177,1.979356275871396,Serie A,2022-2023
6368,Mathías Olivera,30,1619,2,0.8582777390256524,2,2.697699408978224,9,23,2,0,D S,Napoli,2,0.8582777390256524,7.0582501869648695,5.067015146836639,Serie A,2022-2023
6517,Charalampos Lykogiannis,21,1101,2,0.8298310851678252,0,1.0536920437589288,19,18,3,0,D M S,Bologna,2,0.8298310851678252,3.534503961913288,2.7031446108594537,Serie A,2022-2023
6806,Rodrigo Becão,28,2493,2,0.9555203001946212,1,0.8977981172502041,19,9,11,0,D,Udinese,2,0.9555203001946212,6.234292130917311,5.903175052255392,Serie A,2022-2023
6981,Ismael Bennacer,28,2034,2,1.1096757957711816,2,3.7845559045672417,16,43,5,0,M S,AC Milan,2,1.1096757957711816,11.547161312773824,8.96064480021596,Serie A,2022-2023
7004,Leonardo Sernicola,32,2328,2,1.0741685228422284,2,2.183116588741541,25,25,11,0,D M S,Cremonese,2,1.0741685228422284,5.674621271900833,3.124750909395516,Serie A,2022-2023
7160,Nemanja Radonjic,28,1450,2,5.508393680676818,2,3.101608882658184,52,16,1,0,F M S,Torino,2,5.508393680676818,9.876190239563584,2.197630139067769,Serie A,2022-2023
7375,Roberto Piccoli,20,684,2,1.9568387884646652,0,0.3051129430532455,16,5,0,0,F S,"Empoli,Verona",2,1.9568387884646652,2.378617132082581,0.1166654024273157,Serie A,2022-2023
7472,Wilfried Stephane Singo,31,2072,2,3.652390486560762,1,1.941884404048324,33,23,8,0,D M S,Torino,2,3.652390486560762,7.952180841937661,4.87803422473371,Serie A,2022-2023
7500,Giacomo Raspadori,26,926,2,3.877549836412072,2,1.8889904711395504,40,18,1,0,F M S,"Napoli,Sassuolo",2,3.877549836412072,7.600788619369268,3.470124702900648,Serie A,2022-2023
7516,Nehuén Pérez,34,2843,2,1.296231551095843,0,0.4050666019320488,16,10,7,1,D S,Udinese,2,1.296231551095843,8.594809338450432,8.217632677406073,Serie A,2022-2023
7530,Samuele Ricci,28,2070,2,2.303225079551339,1,2.2518239337950945,21,16,6,0,M S,Torino,2,2.303225079551339,10.326330281794071,7.514573078602552,Serie A,2022-2023
7628,Lameck Banda,36,1639,2,2.959470801055432,1,1.367088827304542,36,14,6,0,F M S,Lecce,2,2.959470801055432,4.827993106096983,1.026559923775494,Serie A,2022-2023
7785,Kingsley Ehizibue,27,1532,2,2.261686308309436,0,1.3037571012973783,13,8,7,0,D S,Udinese,2,2.261686308309436,8.353812238201499,5.425531340762973,Serie A,2022-2023
7909,Gaetano Castrovilli,15,713,2,1.2098406441509724,1,0.7275023739784956,18,8,3,0,M S,Fiorentina,2,1.2098406441509724,2.2207628414034843,0.6794594954699278,Serie A,2022-2023
7924,Amir Rrahmani,29,2446,2,1.6289535565301776,1,1.1339828222990036,21,12,2,0,D S,Napoli,2,1.6289535565301776,9.056689281016588,8.126257918775082,Serie A,2022-2023
7938,Tommaso Augello,37,3084,2,1.1427788324654102,5,4.302606251090765,11,43,3,0,D M S,Sampdoria,2,1.1427788324654102,9.085540952160954,5.596424685791135,Serie A,2022-2023
7958,Sandro Tonali,34,2720,2,2.344867580570281,7,6.739804450422525,32,62,7,0,M S,AC Milan,2,2.344867580570281,15.118916081264617,10.164697060361505,Serie A,2022-2023
8044,Joshua Zirkzee,19,776,2,3.40135763771832,2,1.2531945845112205,29,16,2,0,F S,Bologna,2,3.40135763771832,5.4993154136464,2.293422730173916,Serie A,2022-2023
8163,Daniel Maldini,18,594,2,1.147613437846303,0,0.3267416544258594,15,4,1,0,F M S,Spezia,2,1.147613437846303,1.7195454966276884,0.4224140159785747,Serie A,2022-2023
8245,Lorenzo Pirola,26,1969,2,1.2849187701940536,0,0.2516706958413124,13,3,4,0,D S,Salernitana,2,1.2849187701940536,1.6136387651786208,1.5539294248446822,Serie A,2022-2023
8297,Alexis Saelemaekers,30,1382,2,3.149984228424728,3,4.600698339752853,35,23,1,0,D M S,AC Milan,2,3.149984228424728,11.890944784507155,4.84562626387924,Serie A,2022-2023
8607,Adolfo Gaich,16,733,2,2.92927485704422,0,0.2794104479253292,24,5,2,0,F S,Verona,2,2.92927485704422,3.222578141838312,0.3580698221921921,Serie A,2022-2023
8828,Ivan Ilic,25,2050,2,0.6122278096154332,3,2.349258441478014,14,29,4,0,M S,"Torino,Verona",2,0.6122278096154332,8.439980059862137,7.252860890701413,Serie A,2022-2023
8856,Razvan Marin,33,2544,2,1.0682404497638345,4,4.677402602508664,33,56,7,0,M S,Empoli,2,1.0682404497638345,6.430321495980024,4.61075883358717,Serie A,2022-2023
8870,Sam Lammers,33,2012,2,5.550631994381547,2,2.006867528893053,51,23,1,0,F S,"Empoli,Sampdoria",2,5.550631994381547,8.124749667942524,1.7731469571590424,Serie A,2022-2023
8912,Tommaso Pobega,19,864,2,1.557087790220976,0,0.2637979704886675,20,5,4,0,M S,AC Milan,2,1.557087790220976,4.128367939032614,2.697307800874114,Serie A,2022-2023
8913,Emmanuel Gyasi,35,2875,2,4.137508027255535,0,1.6554115992039442,34,22,10,0,D F M,Spezia,2,4.137508027255535,8.667093068361282,3.6003370406106114,Serie A,2022-2023
8916,Simone Bastoni,19,1219,2,0.9478605585172772,4,1.814117493107915,22,18,7,0,D M S,Spezia,2,0.9478605585172772,4.247494320385158,2.1587811075150967,Serie A,2022-2023
9001,Martín Satriano,31,1716,2,4.59474659524858,1,1.2629989050328732,37,14,4,0,F S,Empoli,2,4.59474659524858,6.828195720911026,1.8346428144723177,Serie A,2022-2023
9036,Nicola Zalewski,33,2222,2,1.3671502182260156,1,1.173217786476016,29,12,3,0,D M S,Roma,2,1.3671502182260156,6.551069766283035,4.458879033103585,Serie A,2022-2023
9107,Giorgio Scalvini,32,2369,2,1.405716024339199,2,1.0461288644000888,17,10,7,0,D M S,Atalanta,2,1.405716024339199,7.998526664450765,6.918269321322441,Serie A,2022-2023
9850,Filippo Bandinelli,35,2316,2,1.433782471343875,0,2.5123917683959007,24,31,10,0,M S,Empoli,2,1.433782471343875,5.64882539305836,2.687806284055114,Serie A,2022-2023
9851,Nedim Bajrami,37,1730,2,2.767102455720305,1,2.4118204340338707,44,29,1,0,F M S,"Empoli,Sassuolo",2,2.767102455720305,7.799383405596018,4.825964016839862,Serie A,2022-2023
9876,Alessandro Zanoli,23,1539,2,2.952789666131139,2,1.2039675945416093,16,13,3,0,D M S,"Napoli,Sampdoria",2,2.952789666131139,5.940300062298775,2.4410025849938397,Serie A,2022-2023
9877,Tyronne Ebuehi,26,1942,2,3.1933015547692776,4,1.993508921004832,19,12,0,0,D S,Empoli,2,3.1933015547692776,4.917498379014432,3.341418521478772,Serie A,2022-2023
9902,Pasquale Mazzocchi,27,1968,2,1.3250192208215594,3,2.2945157941430807,18,30,2,0,D S,Salernitana,2,1.3250192208215594,4.722527238540351,1.790064763277769,Serie A,2022-2023
9924,Fabiano Parisi,33,2842,2,1.8837269730865955,0,1.8162786290049555,21,21,10,1,D,Empoli,2,1.8837269730865955,8.0690455166623,5.201673832722008,Serie A,2022-2023
9996,Abdou Harroui,23,609,2,1.7168548423796892,0,0.4761662185192108,14,6,2,0,M S,Sassuolo,2,1.7168548423796892,3.361668565310538,1.231395784765482,Serie A,2022-2023
10986,Kim Min-Jae,35,3070,2,1.666691727936268,2,1.8716905051842327,8,10,5,0,D,Napoli,2,1.666691727936268,10.52649396751076,10.340098449960353,Serie A,2022-2023
10994,Kristian Thorstvedt,31,1112,2,2.017801232635975,1,1.5006314874626696,20,10,5,0,M S,Sassuolo,2,2.017801232635975,6.487498443573713,3.186978831887245,Serie A,2022-2023
11023,Josh Doig,22,1358,2,1.2285026982426643,3,1.4402790255844593,18,12,1,0,D M S,Verona,2,1.2285026982426643,4.475398714654148,2.1143422881141305,Serie A,2022-2023
11027,Emanuele Valeri,37,2796,2,2.5298722153529525,3,4.336974482983351,39,54,3,0,D M S,Cremonese,2,2.5298722153529525,8.256239663809538,3.3098297901451588,Serie A,2022-2023
193,Giulio Donati,8,414,1,0.5670123249292374,0,0.0766734704375267,2,1,2,1,D S,Monza,1,0.5670123249292374,1.576125469058752,0.9455099739134312,Serie A,2022-2023
557,Matteo Darmian,31,2048,1,1.1914836382493377,2,2.808740334585309,7,19,3,0,D S,Inter,1,1.1914836382493377,11.325903963297606,9.905488630756736,Serie A,2022-2023
703,Fikayo Tomori,33,2775,1,1.8003495261073112,1,0.7087417002767324,9,9,5,0,D S,AC Milan,1,1.8003495261073112,8.678818094544113,7.956129631958902,Serie A,2022-2023
725,Ola Aina,19,867,1,0.8156625367701054,1,2.0749858282506466,8,12,5,0,D S,Torino,1,0.8156625367701054,4.918829470872879,3.8775984197855,Serie A,2022-2023
1000,Federico Fazio,14,1071,1,0.7743347994983196,0,0.074069901369512,11,3,2,1,D S,Salernitana,1,0.7743347994983196,1.7065561702474952,1.5531975766643882,Serie A,2022-2023
1089,Juan Cuadrado,31,2097,1,1.2184922704473138,3,3.642990296706557,32,41,6,1,D F M S,Juventus,1,1.2184922704473138,8.404903832823038,6.403009252622724,Serie A,2022-2023
1096,Armando Izzo,30,2490,1,2.002038322389126,0,0.961982563138008,16,14,10,0,D S,Monza,1,2.002038322389126,8.68965814076364,6.739318694919348,Serie A,2022-2023
1168,Bryan Cristante,36,2951,1,2.512648600153625,1,1.6987187564373016,29,15,8,0,D M S,Roma,1,1.7513495115563271,9.792703222483397,7.998822149820626,Serie A,2022-2023
1193,Lorenzo De Silvestri,15,654,1,0.9660742599517108,0,0.2580923065543175,5,6,1,0,D M S,Bologna,1,0.9660742599517108,1.7905581630766392,1.0593322310596704,Serie A,2022-2023
1226,Karol Linetty,32,1885,1,1.0267626643180847,0,0.8224842958152294,16,21,8,0,M S,Torino,1,1.0267626643180847,7.398998703807592,6.066998152062297,Serie A,2022-2023
1230,Fabio Quagliarella,23,773,1,2.7348157353699207,1,0.5374465249478817,36,7,2,0,F S,Sampdoria,1,2.7348157353699207,3.842110183089972,0.925620548427105,Serie A,2022-2023
1247,Juan Jesus,15,920,1,0.5846714824438095,0,0.0382965002208948,5,2,2,0,D S,Napoli,1,0.5846714824438095,5.001702159643173,4.962621260434389,Serie A,2022-2023
1248,Leandro Paredes,25,943,1,0.5949164545163512,0,1.7278349669650197,16,21,7,0,M S,Juventus,1,0.5949164545163512,3.782791016623378,3.390579277649522,Serie A,2022-2023
1287,Leonardo Bonucci,16,871,1,1.4053347297012806,0,0.2505484148859977,5,4,1,0,D S,Juventus,1,0.6440337188541889,3.644719149917364,3.4630457498133183,Serie A,2022-2023
1354,Gianmarco Ferrari,33,2204,1,0.8958863206207752,0,0.3556445948779583,8,4,5,0,D S,Sassuolo,1,0.8958863206207752,6.3666478600353,6.15894447080791,Serie A,2022-2023
1375,Elseid Hysaj,34,1981,1,0.4519660770893097,1,1.00193031411618,4,12,3,0,D S,Lazio,1,0.4519660770893097,7.701023015193641,6.946240042336285,Serie A,2022-2023
1474,Alfred Duncan,25,1112,1,0.3654387472197413,0,0.7536100428551435,9,14,3,0,M S,Fiorentina,1,0.3654387472197413,3.56088852416724,2.939039021730423,Serie A,2022-2023
1500,Leonardo Spinazzola,26,1647,1,0.7339273989200592,4,2.770621247589588,10,21,3,0,D M S,Roma,1,0.7339273989200592,9.112710250541568,6.619755249470472,Serie A,2022-2023
1541,Stefan de Vrij,27,1938,1,1.4950995575636623,0,0.1354600042104721,19,1,4,0,D S,Inter,1,1.4950995575636623,6.461610049009323,6.428733482956886,Serie A,2022-2023
1574,Davide Calabria,25,1704,1,0.9684418588876724,4,2.1136664152145386,16,19,6,0,D S,AC Milan,1,0.9684418588876724,10.044177370145915,7.798883041366935,Serie A,2022-2023
1580,Mattia Destro,17,546,1,1.9058445431292057,0,0.5060577057301998,20,4,3,0,F S,Empoli,1,1.9058445431292057,1.889341903850436,0.083670899271965,Serie A,2022-2023
1724,Isaac Success,30,1844,1,3.408071112819016,6,3.680428732186556,35,31,4,0,F S,Udinese,1,3.408071112819016,9.639216328039764,4.826852985657752,Serie A,2022-2023
1741,Zlatan Ibrahimovic,4,146,1,1.00799161195755,0,0.6018450260162354,6,1,0,0,F S,AC Milan,0,0.2466924972832203,1.221918789669871,0.4222663026303053,Serie A,2022-2023
1810,Roberto Soriano,27,1323,1,0.649980103597045,3,2.383828504011035,13,20,1,0,F M S,Bologna,1,0.649980103597045,6.227694340981543,3.7024496225640178,Serie A,2022-2023
1843,Matteo Bianchetti,25,2128,1,1.231351524591446,0,0.5340379662811756,7,5,5,0,D S,Cremonese,1,1.231351524591446,2.9574700109660625,2.4676188193261623,Serie A,2022-2023
1903,Kevin Lasagna,26,1573,1,5.461292044725269,2,1.4358546994626522,52,17,2,0,F M S,Verona,1,5.461292044725269,7.121251796837896,1.3984330389648676,Serie A,2022-2023
2040,Paolo Ghiglione,15,713,1,0.6312382444739342,1,0.6070749275386333,7,12,4,0,D M S,Cremonese,1,0.6312382444739342,2.2866541631519794,1.4051702516153457,Serie A,2022-2023
2256,Jesé,11,187,1,0.3715038886293769,1,0.6771304253488779,3,2,0,0,F S,Sampdoria,1,0.3715038886293769,1.0550859132781625,0.0271550007164478,Serie A,2022-2023
3207,Alexis Blin,35,2376,1,2.975117596797645,0,0.995334199629724,23,15,8,0,D M S,Lecce,1,2.975117596797645,6.872414098121226,4.275244216434658,Serie A,2022-2023
3209,Jean-Daniel Akpa-Akpro,24,1387,1,1.6303711291402578,1,1.3280059713870287,14,6,7,2,M S,Empoli,1,1.6303711291402578,3.646242944523692,2.0158139765262604,Serie A,2022-2023
3550,Koffi Djidji,34,2425,1,0.4592540077865124,0,0.1384010035544634,7,2,3,0,D S,Torino,1,0.4592540077865124,6.189252130687237,5.961742024868727,Serie A,2022-2023
3821,Rolando Mandragora,29,1955,1,1.2391245793551209,4,4.4398750849068165,38,33,8,0,M S,Fiorentina,1,1.2391245793551209,9.166681533679366,6.165831116959453,Serie A,2022-2023
3856,Milan Djuric,28,1350,1,1.7081730850040913,1,1.5691761393100023,16,21,3,0,F S,Verona,1,1.7081730850040913,4.016929781064391,1.7139493357390163,Serie A,2022-2023
4348,Tolgay Arslan,36,1160,1,1.9336891658604145,0,1.644153157249093,25,15,3,0,M S,Udinese,1,1.9336891658604145,6.354634867981076,4.71965997479856,Serie A,2022-2023
4733,José Luis Palomino,15,746,1,0.920313337817788,0,0.3698740005493164,6,2,4,0,D S,Atalanta,1,0.920313337817788,4.134903479367495,3.845037780702114,Serie A,2022-2023
4941,Hans Hateboer,17,1411,1,1.9936813805252316,1,1.661960014142096,13,13,7,0,D M,Atalanta,1,1.9936813805252316,6.937320256605744,4.254499001428485,Serie A,2022-2023
4943,Emanuel Vignato,13,260,1,0.1569217033684253,2,0.5896291695535183,3,5,1,0,M S,"Bologna,Empoli",1,0.1569217033684253,1.5182087454013526,0.8341726041398942,Serie A,2022-2023
5025,Alessandro Buongiorno,34,2733,1,2.264299060218036,2,1.7444551941007376,21,8,8,0,D S,Torino,1,2.264299060218036,8.713905170559883,8.09122883901,Serie A,2022-2023
5360,Weston McKennie,15,1068,1,0.6379169821739197,1,1.5675778184086084,8,8,0,0,D M S,Juventus,1,0.6379169821739197,3.6511223763227454,1.7335574850440023,Serie A,2022-2023
5803,Fode Toure,10,513,1,1.386620882898569,0,0.6515411213040352,5,4,0,0,D M S,AC Milan,1,1.386620882898569,2.830296166241169,1.159484624862671,Serie A,2022-2023
5954,Eldor Shomurodov,21,898,1,2.44668161123991,1,1.352383241057396,24,11,2,0,F S,"Roma,Spezia",1,2.44668161123991,4.928926013410091,1.5285497512668371,Serie A,2022-2023
5962,Tanguy NDombele Alvaro,30,772,1,1.0766875464469194,0,0.8301978725939989,16,9,5,0,M S,Napoli,1,1.0766875464469194,4.4469167198985815,3.420299923047424,Serie A,2022-2023
6125,Stanislav Lobotka,38,3117,1,0.5055775418877602,1,1.1335803046822548,11,17,2,0,M S,Napoli,1,0.5055775418877602,16.427517177537084,14.99005044810474,Serie A,2022-2023
6159,Gianluca Mancini,35,2883,1,2.146700669080019,2,1.417543638497591,22,15,7,0,D S,Roma,1,2.146700669080019,7.184761974960566,6.477900270372629,Serie A,2022-2023
6161,Nicolas Haas,24,1158,1,1.121543249115348,1,0.9257133156061172,8,9,2,0,M S,Empoli,1,1.121543249115348,2.567320127040148,0.7479743994772434,Serie A,2022-2023
6211,Mehdi Leris,32,2471,1,4.025223387870938,1,1.7723574917763472,30,20,13,0,D M S,Sampdoria,1,4.025223387870938,7.815881265327334,2.8350184792652726,Serie A,2022-2023
6303,Marvin Zeegelaar,7,359,1,0.4894017577171325,0,0.133131350390613,3,4,1,1,D S,Udinese,1,0.4894017577171325,2.0341156413778663,1.6196615025401115,Serie A,2022-2023
6671,Salvatore Esposito,15,962,1,0.6986130904406309,0,1.3112847432494164,14,12,3,1,M S,Spezia,1,0.6986130904406309,3.028219427913428,2.91070756316185,Serie A,2022-2023
6686,Nicolo Zaniolo,13,906,1,4.032715069130063,0,0.8956218883395195,28,8,4,0,F M S,Roma,1,4.032715069130063,7.047851322218776,2.4075421690940857,Serie A,2022-2023
6902,Toma Basic,25,458,1,1.3812793558463454,0,0.3819729760289192,11,8,2,0,M S,Lazio,1,1.3812793558463454,1.81150477938354,0.5725897885859013,Serie A,2022-2023
6996,William Troost-Ekong,9,432,1,0.6184431239962578,0,0.0,2,0,1,0,D S,Salernitana,1,0.6184431239962578,0.7516812887042761,0.1869073044508695,Serie A,2022-2023
7003,Mehdi Bourabia,37,2833,1,1.535386499017477,3,4.140788058750331,33,36,3,0,M S,Spezia,1,1.535386499017477,7.516895891167223,4.082218916155398,Serie A,2022-2023
7014,Arkadiusz Reca,30,2179,1,0.955912496894598,1,2.0483037270605564,22,23,5,0,D M S,Spezia,1,0.955912496894598,4.22505446523428,2.1398162823170424,Serie A,2022-2023
7092,Koray Günter,23,1779,1,0.8211378576233983,1,0.843394273892045,10,10,5,0,D S,"Sampdoria,Verona",1,0.8211378576233983,2.355384662747383,2.144068866968155,Serie A,2022-2023
7096,Omar Colley,16,1383,1,1.4193593338131905,0,0.0960261970758438,6,1,5,0,D S,Sampdoria,1,1.4193593338131905,2.0833404902368784,2.02595048584044,Serie A,2022-2023
7387,Dimitris Nikolaou,36,2968,1,0.7340699713677168,0,0.6055432399734855,10,10,9,1,D S,Spezia,1,0.7340699713677168,3.3915833812206984,2.980936732143164,Serie A,2022-2023
7411,Nicolo Rovella,28,1769,1,1.320841331966221,2,2.0849048728123307,23,23,6,1,M S,"Juventus,Monza",1,1.320841331966221,11.923506755381824,10.56555624678731,Serie A,2022-2023
7416,Merih Demiral,28,1509,1,0.8050409089773893,0,0.2190365055575966,7,4,5,0,D S,Atalanta,1,0.8050409089773893,5.035747922956944,4.831730909645557,Serie A,2022-2023
7483,Hans Nicolussi Caviglia,12,569,1,0.1555417720228433,0,0.0336770005524158,5,2,2,0,M S,Salernitana,1,0.1555417720228433,0.9259967505931854,0.754391498863697,Serie A,2022-2023
7507,Gianluca Gaetano,8,62,1,1.0837101936340332,1,0.1102420017123222,7,1,0,0,S,Napoli,1,1.0837101936340332,1.2415314018726349,0.3830981738865375,Serie A,2022-2023
7911,Aleksa Terzic,22,902,1,0.7028216775506735,1,1.8126036245375872,9,25,2,0,D S,Fiorentina,1,0.7028216775506735,3.6827908903360367,2.1551080718636517,Serie A,2022-2023
7923,Pawel Dawidowicz,23,1634,1,1.3483541049063206,1,1.07888999953866,11,6,6,1,D S,Verona,1,1.3483541049063206,2.0729481941089034,1.752435921691358,Serie A,2022-2023
7947,Ruslan Malinovskiy,15,525,1,0.6601994037628174,2,2.1708236187696457,19,12,2,0,M S,Atalanta,1,0.6601994037628174,3.5258130449801683,2.3853710126131773,Serie A,2022-2023
8034,Georgios Kyriakopoulos,24,1492,1,1.105657061561942,3,2.3017012756317854,20,23,5,0,D F M S,"Bologna,Sassuolo",1,1.105657061561942,6.108640197664499,3.567904075607657,Serie A,2022-2023
8311,Janis Antiste,2,47,1,0.06282489746809,0,0.0,1,0,0,0,S,Sassuolo,1,0.06282489746809,0.5022460222244263,0.439420998096466,Serie A,2022-2023
8313,Pierre Kalulu Kyatengwa,34,2530,1,1.9987561404705048,0,1.3354435665532949,11,10,4,0,D S,AC Milan,1,1.9987561404705048,8.837405312806368,7.330242587253451,Serie A,2022-2023
8380,Pablo Marí,30,2492,1,0.66630186047405,0,0.1114172898232936,10,3,4,0,D S,Monza,1,0.66630186047405,7.20591345243156,7.185781447216868,Serie A,2022-2023
8429,Luka Romero,6,142,1,0.858429592102766,0,0.0364852994680404,5,2,0,0,F S,Lazio,1,0.858429592102766,0.9074546955525876,0.2150625064969062,Serie A,2022-2023
8626,Nikola Moro,26,1217,1,0.7285135164856911,5,2.094493269920349,21,18,1,0,M S,Bologna,1,0.7285135164856911,6.671977106481791,4.0365089774131775,Serie A,2022-2023
8829,Nicolò Casale,29,2439,1,0.5068234950304031,1,0.345090102404356,8,4,6,0,D S,Lazio,1,0.5068234950304031,7.858438242226839,7.858438242226839,Serie A,2022-2023
9019,Lucas Martínez Quarta,27,2183,1,2.474015794694424,1,0.6966417208313942,28,8,6,0,D S,Fiorentina,1,2.474015794694424,5.283590657636523,4.252664199098945,Serie A,2022-2023
9041,Bruno Amione,27,2164,1,0.62246676068753,1,0.2905903086066246,12,3,9,1,D S,"Sampdoria,Verona",1,0.62246676068753,3.045186806470156,3.045186806470156,Serie A,2022-2023
9263,Filippo Ranocchia,14,512,1,1.52137160487473,0,0.2889857031404972,19,7,1,0,F M S,Monza,1,1.52137160487473,2.324698530137539,1.0368639016523955,Serie A,2022-2023
9518,Edoardo Bove,22,987,1,1.1490710098296404,0,1.0293413177132609,7,7,2,0,D M S,Roma,1,1.1490710098296404,4.400389613583684,2.659473629668355,Serie A,2022-2023
9550,Yayah Kallon,22,843,1,1.8392358804121611,1,1.3198289605788889,20,13,1,0,M S,Verona,1,1.8392358804121611,3.720855683553964,0.9802096113562584,Serie A,2022-2023
9840,Denzel Dumfries,34,2236,1,4.177253388799727,4,6.743637535721064,33,32,4,0,D M S,Inter,1,4.177253388799727,13.965870510786772,8.083874214440584,Serie A,2022-2023
9849,Petar Stojanovic,27,1505,1,0.3356702113524079,1,1.0338689126074314,11,19,3,0,D S,Empoli,1,0.3356702113524079,3.835922986268997,3.000236105173826,Serie A,2022-2023
9866,Nadir Zortea,19,853,1,0.3438796009868383,1,1.3147465959191322,9,10,5,0,D S,"Atalanta,Sassuolo",1,0.3438796009868383,3.682670559734106,2.2604520730674267,Serie A,2022-2023
9965,Matìas Soulè Malvano,13,400,1,1.556844947859645,0,0.3733214298263192,10,9,0,0,D M S,Juventus,1,1.556844947859645,2.363260150887072,0.6936877677217126,Serie A,2022-2023
9985,Johan Vásquez,25,1801,1,0.5733857955783606,0,0.2462121006101369,12,6,7,0,D S,Cremonese,1,0.5733857955783606,3.217744057998061,3.1105768624693155,Serie A,2022-2023
10034,Pablo Galdames,13,740,1,0.2628095764666796,2,0.6943611539900303,7,10,2,0,M S,Cremonese,1,0.2628095764666796,2.1372707411646843,1.4562242049723864,Serie A,2022-2023
10084,Cristian Volpato,7,217,1,0.2115446962416172,1,1.0610079625621438,4,4,0,0,M S,Roma,1,0.2115446962416172,1.2275730036199093,0.8931019902229309,Serie A,2022-2023
10383,Michel Aebischer,32,1547,1,1.4208158934488893,0,0.4532312052324414,15,15,4,0,D F M S,Bologna,1,1.4208158934488893,3.364072555676102,2.358331148047,Serie A,2022-2023
10404,Éderson,35,2234,1,2.0256630228832364,1,2.3305274434387684,36,21,4,0,F M S,Atalanta,1,2.0256630228832364,10.55343154910952,7.528883051127195,Serie A,2022-2023
10616,Samuel Iling-Junior,12,282,1,0.7174938870593905,1,0.2023944612592458,4,5,1,0,D S,Juventus,1,0.7174938870593905,2.730568047612905,1.9230435155332088,Serie A,2022-2023
10893,Christian Gytkjær,22,520,1,3.3448120653629303,0,0.2401653006672859,13,3,0,0,F S,Monza,1,2.583513230085373,3.212352268397808,0.4827405028045177,Serie A,2022-2023
10904,Joan Gonzàlez,35,2229,1,1.8161845924332736,3,1.6023670099675655,17,15,8,0,M S,Lecce,1,1.8161845924332736,4.975102760829032,3.0367706203833222,Serie A,2022-2023
10932,Marcos Antônio,16,576,1,0.8832344114780426,1,0.4298343043774366,3,3,2,0,M S,Lazio,1,0.8832344114780426,4.065091667696834,3.1606449764221907,Serie A,2022-2023
10935,Dodô,33,2335,1,0.5400554221123457,3,2.113130444660783,11,28,3,1,D S,Fiorentina,1,0.5400554221123457,8.634122780524194,6.984755381941795,Serie A,2022-2023
10936,Charles Pickel,33,2510,1,2.030045371502638,0,1.1359755769371986,23,20,8,1,D F M S,Cremonese,1,2.030045371502638,5.679394750855863,3.1487753745168447,Serie A,2022-2023
10939,Cristian Buonaiuto,29,957,1,2.8947981540113688,0,1.559725319966674,43,17,3,0,F M S,Cremonese,0,2.1334993224591017,4.385597541928291,1.850079108029604,Serie A,2022-2023
10956,Emil Holm,20,1403,1,0.8877306086942554,1,1.8249831153079867,15,14,4,0,D F M S,Spezia,1,0.8877306086942554,3.8496303409338,2.356549009680748,Serie A,2022-2023
10963,Erik Botheim,28,842,1,0.3710021488368511,3,1.588100902736187,7,8,2,0,F M S,Salernitana,1,0.3710021488368511,2.7513319104909897,1.0519604459404943,Serie A,2022-2023
10995,Agustín Álvarez Martínez,22,322,1,1.261269999668002,1,0.4209319874644279,14,2,1,0,F S,Sassuolo,1,1.261269999668002,1.5799549892544746,0.3441750109195709,Serie A,2022-2023
11026,Luka Lochoshvili,25,1878,1,0.9533305000513792,2,1.1276969406753778,9,5,4,0,D S,Cremonese,1,0.9533305000513792,1.8814018331468103,1.3135414430871606,Serie A,2022-2023
11289,Ola Solbakken,14,517,1,1.0562524497509005,2,1.4002538360655308,9,11,2,0,F M S,Roma,1,1.0562524497509005,2.4018823951482773,0.158398400992155,Serie A,2022-2023
11334,Przemyslaw Wisniewski,14,995,1,1.2363750925287604,0,0.5738783143460751,6,3,3,0,D S,Spezia,1,1.2363750925287604,2.800093926489353,2.336135394871235,Serie A,2022-2023
257,Jeremy Toljan,31,2672,0,0.439777709543705,1,2.3516004299744964,5,22,3,0,D S,Sassuolo,0,0.439777709543705,9.746492493897676,8.348285891115665,Serie A,2022-2023
308,Ricardo Rodríguez,35,2664,0,0.4302843315526843,0,1.552736910060048,11,29,3,0,D S,Torino,0,0.4302843315526843,8.315714631229639,7.561104258522391,Serie A,2022-2023
329,Franck Ribéry,1,35,0,0.0,0,0.0,0,0,0,0,S,Salernitana,0,0.0,0.0,0.0,Serie A,2022-2023
347,Kaan Ayhan,10,536,0,0.0090911602601408,0,0.0,1,0,1,0,D S,Sassuolo,0,0.0090911602601408,1.4374095126986504,1.428317479789257,Serie A,2022-2023
411,Albin Ekdal,31,1731,0,2.713478404097259,2,1.6115819476544857,19,10,4,1,M S,Spezia,0,2.713478404097259,7.085847626440227,4.310975861735642,Serie A,2022-2023
542,Pedro Obiang,17,881,0,0.2773713497444987,1,0.1584033779799938,7,3,2,0,M S,Sassuolo,0,0.2773713497444987,1.8345816805958748,1.568485014140606,Serie A,2022-2023
942,Florian Thauvin,16,529,0,0.4800590984523296,0,1.401131272315979,10,9,1,0,F M S,Udinese,0,0.4800590984523296,2.3328343220055103,1.1886625215411186,Serie A,2022-2023
971,Harry Winks,20,1721,0,0.4215813269838691,0,0.9793751584365964,14,15,2,0,M S,Sampdoria,0,0.4215813269838691,4.353261454030871,3.676664192229509,Serie A,2022-2023
1093,Mattia Perin,11,948,0,0.0,0,0.0,0,0,0,0,GK S,Juventus,0,0.0,1.137996718287468,1.137996718287468,Serie A,2022-2023
1098,Miguel Veloso,22,1169,0,0.7964164614677429,0,1.943397445604205,16,19,6,0,M S,Verona,0,0.7964164614677429,2.4799762051552534,1.409036107361317,Serie A,2022-2023
1099,Tomás Rincón,34,2574,0,0.6065906286239624,2,1.3521954249590635,11,21,7,1,M S,Sampdoria,0,0.6065906286239624,4.380091402679682,3.3188716899603605,Serie A,2022-2023
1120,Mattia De Sciglio,17,1053,0,0.0694234985858202,0,0.4385047927498817,4,8,0,0,D S,Juventus,0,0.0694234985858202,1.8555711787194011,1.4864619858562946,Serie A,2022-2023
1122,Manuel Locatelli,32,2478,0,1.3309556283056736,2,1.64612689986825,29,22,8,0,M S,Juventus,0,1.3309556283056736,10.380102315917611,8.26999706402421,Serie A,2022-2023
1157,Samuele Perisan,7,630,0,0.0,0,0.0,0,0,0,0,GK,Empoli,0,0.0,0.1536227986216545,0.1536227986216545,Serie A,2022-2023
1175,Vincenzo Fiorillo,1,90,0,0.0,0,0.0,0,0,0,0,GK,Salernitana,0,0.0,0.0,0.0,Serie A,2022-2023
1183,Marco Benassi,17,1095,0,0.875769380480051,0,0.5209657028317451,19,8,0,0,D M S,"Cremonese,Fiorentina",0,0.875769380480051,2.394029103219509,1.6071797981858251,Serie A,2022-2023
1186,Andrea Belotti,31,1126,0,4.827383181080222,2,1.1833526026457548,20,14,0,0,F S,Roma,0,4.06608416698873,7.311474138870835,2.660383466631174,Serie A,2022-2023
1200,Federico Marchetti,1,66,0,0.0,0,0.0,0,0,0,0,S,Spezia,0,0.0,0.1059940010309219,0.1059940010309219,Serie A,2022-2023
1204,Patric,18,1423,0,0.0685071498155593,0,0.0418150220066309,2,2,1,0,D S,Lazio,0,0.0685071498155593,7.53627740778029,7.53627740778029,Serie A,2022-2023
1206,Danilo Cataldi,29,1986,0,0.1727507980540394,1,1.0014556162059307,6,16,5,0,M S,Lazio,0,0.1727507980540394,7.759812088683248,7.513631049543619,Serie A,2022-2023
1221,Jacopo Sala,6,99,0,0.0,0,0.0074864900670945,0,1,1,0,M S,Spezia,0,0.0,0.0150779001414775,0.0150779001414775,Serie A,2022-2023
1223,Milan Skriniar,21,1772,0,0.8666743142530322,0,0.2703970018774271,9,6,3,1,D S,Inter,0,0.8666743142530322,8.847016740590334,8.610958311706781,Serie A,2022-2023
1244,Wojciech Szczesny,28,2472,0,0.0,0,0.0,0,0,1,0,GK,Juventus,0,0.0,2.79983204882592,2.79983204882592,Serie A,2022-2023
1254,Alessandro Florenzi,6,194,0,0.8870779722929001,0,0.3894424960017204,5,6,1,0,D S,AC Milan,0,0.8870779722929001,2.123231992125511,1.141822911798954,Serie A,2022-2023
1273,Mato Jajalo,3,53,0,0.0445358008146286,0,0.1550526022911071,2,2,0,0,S,Udinese,0,0.0445358008146286,0.099489502608776,0.0177101008594036,Serie A,2022-2023
1281,Giuseppe Pezzella,16,925,0,0.1325980592519045,1,0.7635912243276834,4,7,2,0,D S,Lecce,0,0.1325980592519045,1.534914162941277,1.2127532428130507,Serie A,2022-2023
1289,Alex Sandro,25,1789,0,0.3904890790581703,1,1.097965708002448,5,12,5,1,D S,Juventus,0,0.3904890790581703,6.71926186606288,6.097039581276476,Serie A,2022-2023
1301,Daniele Rugani,9,562,0,0.7166097518056631,0,0.0,4,0,0,0,D S,Juventus,0,0.7166097518056631,1.2152474112808704,1.2152474112808704,Serie A,2022-2023
1302,Emil Audero,25,2250,0,0.0,0,0.0,0,0,1,0,GK,Sampdoria,0,0.0,1.527403388172388,1.527403388172388,Serie A,2022-2023
1305,Lukasz Skorupski,37,3330,0,0.0,0,0.0,0,0,4,0,GK,Bologna,0,0.0,3.2067777095362544,3.2067777095362544,Serie A,2022-2023
1311,Rade Krunic,23,1675,0,1.150306936353445,1,1.608954580500722,14,15,8,0,M S,AC Milan,0,1.150306936353445,7.770425774157047,5.433331428095698,Serie A,2022-2023
1341,Ivan Radovanovic,10,672,0,0.1745524196885526,0,0.0166202001273632,7,1,1,1,D M S,Salernitana,0,0.1745524196885526,0.9609579956158996,0.7989900140091777,Serie A,2022-2023
1351,Alex Cordaz,1,24,0,0.0,0,0.0,0,0,0,0,S,Inter,0,0.0,0.0976996943354606,0.0976996943354606,Serie A,2022-2023
1372,Andrea Barberis,9,322,0,0.0843024998903274,1,0.5153444074094296,2,4,0,0,M S,Monza,0,0.0843024998903274,1.1535618007183075,1.0732642002403736,Serie A,2022-2023
1392,Luigi Sepe,17,1530,0,0.0,0,0.0,0,0,3,0,GK,Salernitana,0,0.0,1.234130217693746,1.234130217693746,Serie A,2022-2023
1394,Lorenzo Tonelli,1,16,0,0.0,0,0.0,0,0,0,0,S,Empoli,0,0.0,0.0946665108203888,0.0946665108203888,Serie A,2022-2023
1395,Vlad Chiriches,16,991,0,0.0,0,0.048097301274538,0,1,2,0,D S,Cremonese,0,0.0,0.7115270011126995,0.7115270011126995,Serie A,2022-2023
1400,Nicola Murru,20,742,0,0.0270105991512537,0,0.0800662119872868,2,2,3,0,D S,Sampdoria,0,0.0270105991512537,0.8131302823312581,0.7330644689500332,Serie A,2022-2023
1416,Ciprian Tatarusanu,16,1440,0,0.0,1,0.4113050028681755,0,2,0,0,GK,AC Milan,0,0.0,2.344731856137514,2.2349026519805197,Serie A,2022-2023
1453,Marios Oikonomou,6,221,0,0.2493060752749443,0,0.0,3,0,3,0,D S,Sampdoria,0,0.2493060752749443,0.0,0.0,Serie A,2022-2023
1454,Alex Ferrari,28,1891,0,0.136252298951149,0,0.5059699043631554,5,5,6,0,D S,"Cremonese,Sampdoria",0,0.136252298951149,2.028401341289282,1.8511371444910765,Serie A,2022-2023
1459,Mouhamadou Sarr,2,180,0,0.0,0,0.0,0,0,0,0,GK,Cremonese,0,0.0,0.0797559339553117,0.0797559339553117,Serie A,2022-2023
1460,Andrea Consigli,35,3150,0,0.0,0,0.0,0,0,0,0,GK,Sassuolo,0,0.0,6.53013426437974,6.53013426437974,Serie A,2022-2023
1463,Francesco Acerbi,31,2413,0,0.8353180605918169,2,0.8874063957482576,18,16,4,0,D S,Inter,0,0.8353180605918169,9.115808375179768,8.285163655877113,Serie A,2022-2023
1480,Gianluca Pegolo,2,180,0,0.0,0,0.0,0,0,0,0,GK,Sassuolo,0,0.0,0.1445981003344059,0.1445981003344059,Serie A,2022-2023
1486,Mattia Caldara,20,1241,0,0.7644212944433093,0,0.0165529996156692,10,1,6,0,D S,Spezia,0,0.7644212944433093,1.652215232141316,1.4099697284400463,Serie A,2022-2023
1487,Andrea Conti,1,18,0,0.0,0,0.0,0,0,0,0,S,Sampdoria,0,0.0,0.0,0.0,Serie A,2022-2023
1496,Roberto Gagliardini,19,758,0,0.8066553119570017,0,0.2835769988596439,16,5,3,1,M S,Inter,0,0.8066553119570017,3.67355315387249,3.076840272173285,Serie A,2022-2023
1501,Marco Sportiello,15,1342,0,0.0,0,0.0,0,0,0,0,GK S,Atalanta,0,0.0,1.0988748334348202,1.0988748334348202,Serie A,2022-2023
1502,Marco D&#039;Alessandro,8,278,0,0.2131964955478906,0,0.1355097964406013,4,3,2,0,D M S,Monza,0,0.2131964955478906,0.9871394969522952,0.6852767951786518,Serie A,2022-2023
1504,Alberto Grassi,25,1186,0,0.4959374535828829,0,0.2717163655906915,10,6,3,0,M S,Empoli,0,0.4959374535828829,1.7717564776539805,1.3973325937986374,Serie A,2022-2023
1505,Samir Handanovic,14,1236,0,0.0,0,0.0517636872828006,0,1,0,0,GK,Inter,0,0.0,3.6937343031167984,3.6937343031167984,Serie A,2022-2023
1508,Jeison Murillo,20,1072,0,0.1163448002189397,0,0.040066834539175,3,2,4,1,D S,Sampdoria,0,0.1163448002189397,1.1539763621985912,1.113909626379609,Serie A,2022-2023
1510,Gary Medel,29,1474,0,0.0683712977916002,1,0.6096254736185074,2,7,5,0,D M S,Bologna,0,0.0683712977916002,5.25151233933866,4.573514459654689,Serie A,2022-2023
1522,Andrea Ranocchia,1,51,0,0.0,0,0.0,0,0,0,0,D,Monza,0,0.0,0.0,0.0,Serie A,2022-2023
1523,Danilo D&#039;Ambrosio,15,721,0,0.3231622837483883,2,1.1159177795052528,3,7,3,1,D S,Inter,0,0.3231622837483883,2.828417155891657,2.275546859949827,Serie A,2022-2023
1542,Stefan Radu,1,1,0,0.0,0,0.0,0,0,0,0,S,Lazio,0,0.0,0.0,0.0,Serie A,2022-2023
1555,Bartlomiej Dragowski,34,2946,0,0.0,1,0.4697639942169189,0,1,1,0,GK,Spezia,0,0.0,1.643395529128611,1.643395529128611,Serie A,2022-2023
1569,Valerio Verre,18,664,0,0.3865507990121841,0,1.046878706663847,14,13,5,0,M S,Sampdoria,0,0.3865507990121841,2.3559910226613283,1.164045017212629,Serie A,2022-2023
1577,Marko Pjaca,17,506,0,0.6486202981323004,0,0.458277203142643,15,11,1,0,F M S,Empoli,0,0.6486202981323004,1.9323869366198776,1.3920416831970217,Serie A,2022-2023
1598,Manuel De Luca,2,37,0,0.0,0,0.0,0,0,0,0,S,Sampdoria,0,0.0,0.0,0.0,Serie A,2022-2023
1599,Norbert Gyömbér,27,1772,0,0.7806354649364948,1,0.529931552708149,8,3,5,0,D S,Salernitana,0,0.7806354649364948,3.316725486889481,3.144677074626088,Serie A,2022-2023
1601,Riccardo Marchizza,10,277,0,0.0,1,0.1988411583006382,0,3,1,0,D S,Sassuolo,0,0.0,0.7481032907962799,0.5492614358663559,Serie A,2022-2023
1609,Antonio Mirante,1,1,0,0.0,0,0.0,0,0,0,0,S,AC Milan,0,0.0,0.0,0.0,Serie A,2022-2023
1631,Luca Zanimacchia,15,756,0,0.9467373881489038,0,0.6613525087013841,18,13,2,0,M S,Cremonese,0,0.9467373881489038,2.4599271416664124,1.292407626286149,Serie A,2022-2023
1643,Luca Marrone,2,140,0,0.0537246987223625,0,0.0,1,0,0,0,D,Monza,0,0.0537246987223625,0.3006287962198257,0.3006287962198257,Serie A,2022-2023
1740,Paul Pogba,6,99,0,0.4918253347277641,0,0.357405636459589,5,2,0,0,M S,Juventus,0,0.4918253347277641,0.949359942227602,0.1109731327742338,Serie A,2022-2023
1792,Mário Rui,22,1781,0,0.6809892188757658,6,3.1221845080144703,11,46,2,1,D S,Napoli,0,0.6809892188757658,12.43525730073452,11.270306251943111,Serie A,2022-2023
1830,Ionut Radu,9,810,0,0.0,0,0.1955696083605289,0,2,0,0,GK,Cremonese,0,0.0,0.3690148126333952,0.1734452024102211,Serie A,2022-2023
1841,Pierluigi Gollini,7,630,0,0.0,0,0.0,0,0,0,0,GK,"Fiorentina,Napoli",0,0.0,0.4413897898048162,0.4413897898048162,Serie A,2022-2023
1892,Alex Meret,34,3060,0,0.0,0,0.0,0,0,0,0,GK,Napoli,0,0.0,2.406762942671776,2.406762942671776,Serie A,2022-2023
1927,Berat Gjimshiti,24,1791,0,0.5439124777913094,1,0.1876526288688182,4,4,3,0,D S,Atalanta,0,0.5439124777913094,6.08601988106966,5.937966920435429,Serie A,2022-2023
1946,Pepín,25,1116,0,0.2993223574012518,2,1.117618684656918,10,9,4,0,M S,Monza,0,0.2993223574012518,6.295967036858201,5.163393458351493,Serie A,2022-2023
1970,Jaime Báez,2,92,0,0.0711053013801574,0,0.1248552035540342,2,2,0,0,M S,Cremonese,0,0.0711053013801574,0.1895733028650283,0.0104182995855808,Serie A,2022-2023
1971,Simone Romagnoli,7,153,0,0.0121958497911691,0,0.0,1,0,0,0,D S,Lecce,0,0.0121958497911691,0.0070645799860358,0.0070645799860358,Serie A,2022-2023
1989,Francesco Bardi,1,90,0,0.0,0,0.0,0,0,0,0,GK,Bologna,0,0.0,0.0,0.0,Serie A,2022-2023
2022,Samir Ujkani,1,6,0,0.0,0,0.0,0,0,0,0,S,Empoli,0,0.0,0.0,0.0,Serie A,2022-2023
2043,Kastriot Dermaku,1,31,0,0.0,0,0.0,0,0,0,0,S,Lecce,0,0.0,0.0,0.0,Serie A,2022-2023
2053,Martin Erlic,28,2329,0,0.1989549156278371,0,0.3690258935093879,4,2,2,0,D S,Sassuolo,0,0.1989549156278371,5.9080091416835785,5.9080091416835785,Serie A,2022-2023
2058,Filippo Romagna,2,44,0,0.0,0,0.0,0,0,0,0,S,Sassuolo,0,0.0,0.0595231838524341,0.0595231838524341,Serie A,2022-2023
2163,Diego Llorente,9,563,0,0.2525744028389454,0,0.094375692307949,5,1,0,0,D S,Roma,0,0.2525744028389454,1.6798717100173235,1.6798717100173235,Serie A,2022-2023
2330,Guillermo Ochoa,20,1800,0,0.0,0,0.0,0,0,1,0,GK,Salernitana,0,0.0,1.855428567156196,1.855428567156196,Serie A,2022-2023
2437,Gonzalo Escalante,9,556,0,0.183239996433258,1,0.2103489004075527,6,4,0,1,M S,Cremonese,0,0.183239996433258,0.6173969991505146,0.3278623968362808,Serie A,2022-2023
3259,Adam Ounas,2,7,0,0.0421770997345447,0,0.0,1,0,0,0,S,Napoli,0,0.0421770997345447,0.0421770997345447,0.0,Serie A,2022-2023
3301,Salvatore Sirigu,1,90,0,0.0,0,0.0,0,0,0,0,GK,Fiorentina,0,0.0,0.1353330016136169,0.1353330016136169,Serie A,2022-2023
3356,Adama Soumaoro,23,1880,0,0.1942603960633278,0,0.0163205005228519,2,1,3,1,D S,Bologna,0,0.1942603960633278,3.8511825585737824,3.8511825585737824,Serie A,2022-2023
3429,Tiemoué Bakayoko,3,29,0,0.0,0,0.0,0,0,0,0,S,AC Milan,0,0.0,0.0360886007547378,0.0360886007547378,Serie A,2022-2023
3536,Jean-Victor Makengo,16,826,0,0.3430799022316932,1,0.3785401061177254,7,5,2,0,M S,Udinese,0,0.3430799022316932,3.139482531696558,2.618910687044263,Serie A,2022-2023
3567,Samuel Umtiti,25,2118,0,0.6503426562994719,0,0.0725647462531924,12,3,8,0,D S,Lecce,0,0.6503426562994719,2.8460891265422106,2.745433152653277,Serie A,2022-2023
3737,Mike Maignan,22,1980,0,0.0,1,0.0205744318664073,0,1,0,0,GK,AC Milan,0,0.0,3.144497538916766,3.1239231070503592,Serie A,2022-2023
3739,Soualiho Meité,31,2383,0,0.4154317565262317,2,0.5776339061558247,17,14,5,0,M S,Cremonese,0,0.4154317565262317,4.274687374010682,3.672938199713826,Serie A,2022-2023
3772,Maxime Lopez,30,2298,0,0.9523587413132192,0,1.9877909943461416,16,32,11,0,M S,Sassuolo,0,0.9523587413132192,11.73911288753152,9.894963650032878,Serie A,2022-2023
3785,Kelvin Adou,30,2374,0,2.771627183072269,1,1.937776466831565,26,18,5,1,D S,Spezia,0,2.771627183072269,4.843680538237095,2.765018640086055,Serie A,2022-2023
3899,Mattia Valoti,16,434,0,0.1103408001363277,0,0.0596627481281757,2,3,1,0,F M S,Monza,0,0.1103408001363277,1.2629075217992067,1.2208103742450476,Serie A,2022-2023
3927,Alessio Cragno,1,90,0,0.0,0,0.0,0,0,0,0,GK,Monza,0,0.0,0.1198339983820915,0.1198339983820915,Serie A,2022-2023
3951,Kevin Bonifazi,13,894,0,0.1575594954192638,0,0.0150314006023108,2,2,2,0,D S,Bologna,0,0.1575594954192638,2.918904958758503,2.910178987774998,Serie A,2022-2023
3989,Salvatore Molina,5,214,0,0.0451937988400459,0,0.1075790002942085,1,2,1,0,D S,Monza,0,0.0451937988400459,0.4131043031811714,0.2851753011345863,Serie A,2022-2023
4699,Simon Kjaer,17,1020,0,0.0,0,0.0,0,0,4,0,D S,AC Milan,0,0.0,2.792106674984097,2.792106674984097,Serie A,2022-2023
4896,Andrew Gravillon,7,312,0,0.0146313998848199,0,0.0,1,0,2,0,D S,Torino,0,0.0146313998848199,1.130753379315138,1.1161223836243153,Serie A,2022-2023
4907,Bartosz Bereszynski,18,1384,0,0.1209013983607292,1,0.4474230855703354,3,5,2,0,D M S,"Napoli,Sampdoria",0,0.1209013983607292,1.6474014781415462,1.110429264605045,Serie A,2022-2023
4911,Alessio Zerbin,10,184,0,0.295865748077631,0,0.0,5,0,1,0,F M S,Napoli,0,0.295865748077631,0.6070655155926943,0.3111997824162245,Serie A,2022-2023
4920,Matteo Gabbia,12,605,0,0.0118260998278856,0,0.0,1,0,2,0,D S,AC Milan,0,0.0118260998278856,1.093180265277624,1.093180265277624,Serie A,2022-2023
4939,Alessandro Bastoni,29,2173,0,1.223291590809822,2,3.026293316856026,12,15,3,0,D S,Inter,0,1.223291590809822,13.362329319119452,12.049552643671632,Serie A,2022-2023
4940,Francesco Rossi,1,1,0,0.0,0,0.0,0,0,0,0,S,Atalanta,0,0.0,0.0,0.0,Serie A,2022-2023
4956,Michele Cerofolini,5,450,0,0.0,0,0.0,0,0,0,0,GK,Fiorentina,0,0.0,0.2834375575184822,0.2834375575184822,Serie A,2022-2023
4970,Luca Pellegrini,7,167,0,0.1127314642071724,0,0.1414546109735965,3,4,3,0,D S,Lazio,0,0.1127314642071724,0.6133130639791489,0.4174539744853973,Serie A,2022-2023
4984,Wladimiro Falcone,38,3420,0,0.0,0,0.088120786473155,0,3,2,0,GK,Lecce,0,0.0,0.8154107015579939,0.7272898014634848,Serie A,2022-2023
5056,Marlon Santos,28,1585,0,0.137302185408771,0,0.4702520072460174,5,1,7,1,D S,Monza,0,0.137302185408771,4.036570514552295,4.008282112888992,Serie A,2022-2023
5103,Martin Hongla,9,535,0,0.1153917014598846,0,0.6656009946018457,5,3,4,0,M S,Verona,0,0.1153917014598846,1.543292697519064,0.7622974030673504,Serie A,2022-2023
5226,Walace,37,3215,0,0.833811528980732,1,1.4189815446734428,32,18,6,0,M,Udinese,0,0.833811528980732,10.0751379635185,8.777721581980586,Serie A,2022-2023
5240,Ondrej Duda,15,1068,0,0.9412492299452424,0,0.4823623951524496,13,5,4,0,M S,Verona,0,0.9412492299452424,2.0484263030812144,1.1105312947183847,Serie A,2022-2023
5246,Diego Demme,7,144,0,0.0,0,0.0138007998466491,0,1,0,0,M S,Napoli,0,0.0,0.6965457871556282,0.6965457871556282,Serie A,2022-2023
5353,Josip Brekalo,6,221,0,0.4959100456908345,0,0.6673551648855209,5,7,1,0,M S,Fiorentina,0,0.4959100456908345,1.9713034965097904,1.0028591863811016,Serie A,2022-2023
5996,Adrien Tameze,37,3060,0,1.4208861012011766,0,0.9434823310002683,12,22,3,0,D M S,Verona,0,1.4208861012011766,5.653988944366574,3.569359024055302,Serie A,2022-2023
6132,Marco Silvestri,38,3420,0,0.0,0,0.0,0,0,0,0,GK,Udinese,0,0.0,3.887898661196232,3.887898661196232,Serie A,2022-2023
6147,Denis Zakaria,2,121,0,0.0,0,0.0,0,0,0,0,M S,Juventus,0,0.0,0.1922229975461959,0.1922229975461959,Serie A,2022-2023
6148,Michaël Cuisance,12,632,0,0.5691805090755224,0,0.5811482891440392,10,6,1,0,M S,Sampdoria,0,0.5691805090755224,1.699144508689642,0.7969156838953495,Serie A,2022-2023
6167,Vanja Milinkovic-Savic,38,3420,0,0.0,0,0.2928896844387054,0,1,4,0,GK,Torino,0,0.0,4.955102677457035,4.662213022820652,Serie A,2022-2023
6175,Petko Hristov,9,363,0,0.0349280014634132,0,0.0,1,0,0,0,D S,Spezia,0,0.0349280014634132,0.3713291957974434,0.3713291957974434,Serie A,2022-2023
6176,Adam Marusic,33,2776,0,0.9903630316257476,2,1.5662768110632896,17,9,8,0,D S,Lazio,0,0.9903630316257476,11.72212919779122,10.488246468827128,Serie A,2022-2023
6180,Manuel Lazzari,28,1896,0,0.3667462859302759,0,0.6922378353774548,6,10,8,0,D S,Lazio,0,0.3667462859302759,7.964702799916267,7.375273931771517,Serie A,2022-2023
6191,Lorenzo Venuti,17,931,0,0.5875107198953629,1,0.4400019682943821,7,8,2,0,D S,Fiorentina,0,0.5875107198953629,2.3133576307445765,1.4372521732002497,Serie A,2022-2023
6206,Bram Nuytinck,25,1898,0,0.2057299073785543,1,0.591020505875349,5,3,5,0,D S,"Sampdoria,Udinese",0,0.2057299073785543,2.6773003060370684,2.56820029206574,Serie A,2022-2023
6239,Junior Sambia,22,687,0,0.6149396263062954,1,1.5165317878127098,13,7,3,0,D S,Salernitana,0,0.6149396263062954,2.4719428047537804,1.538977125659585,Serie A,2022-2023
6289,Santiago Ascacibar,13,719,0,0.3245410975068807,0,0.2394837979227304,14,8,1,0,M S,Cremonese,0,0.3245410975068807,1.6430711932480335,1.2236735001206398,Serie A,2022-2023
6312,Rogerio,36,3007,0,0.4667069837450981,3,2.333991654217243,15,30,5,1,D S,Sassuolo,0,0.4667069837450981,11.64727588184178,9.81008256971836,Serie A,2022-2023
6316,Panagiotis Retsos,2,118,0,0.0662508010864257,0,0.0214111991226673,1,1,0,0,D S,Verona,0,0.0662508010864257,0.0214111991226673,0.0,Serie A,2022-2023
6324,Marash Kumbulla,7,262,0,0.012832099571824,0,0.0642220973968505,1,1,1,1,D S,Roma,0,0.012832099571824,1.0130746439099312,1.0130746439099312,Serie A,2022-2023
6352,Valentino Lazaro,23,1388,0,0.4718340002000332,3,2.9764944091439247,7,30,4,0,D M S,Torino,0,0.4718340002000332,4.73222528398037,2.8800638541579247,Serie A,2022-2023
6362,Rick Karsdorp,13,714,0,0.1056079976260662,0,0.9117363914847374,2,6,0,0,D S,Roma,0,0.1056079976260662,2.1953178122639656,1.9626926854252813,Serie A,2022-2023
6369,Ethan Ampadu,31,2670,0,1.311162226833403,1,0.9822897519916296,16,13,8,1,D M,Spezia,0,1.311162226833403,5.243450621142983,4.331619447097182,Serie A,2022-2023
6412,Raoul Bellanova,18,464,0,0.8140232898294926,0,0.7876065224409103,4,3,0,0,D S,Inter,0,0.8140232898294926,3.0176055133342743,1.5821847803890705,Serie A,2022-2023
6585,Kristijan Bistrovic,11,464,0,0.4617681000381708,0,0.3679186031222343,8,6,0,0,M S,Lecce,0,0.4617681000381708,0.8901818115264177,0.7162699028849602,Serie A,2022-2023
6672,Riccardo Sottil,18,840,0,0.8892761254683137,2,1.0911845155060291,21,15,1,0,F M S,Fiorentina,0,0.8892761254683137,3.5060180760920048,1.825381588190794,Serie A,2022-2023
6696,Luca Ranieri,9,502,0,0.0627613067626953,0,0.0142540000379085,1,1,1,0,D S,Fiorentina,0,0.0627613067626953,2.577674798667431,2.577674798667431,Serie A,2022-2023
6706,Ndary Adopo,9,246,0,0.0846520997583866,0,0.0346730984747409,2,1,1,0,D M S,Torino,0,0.0846520997583866,0.2221776964142918,0.1488058930262923,Serie A,2022-2023
6750,Gonzalo Villar,15,689,0,0.0195598993450403,0,0.0,1,0,2,0,M S,Sampdoria,0,0.0195598993450403,1.1865397496148944,1.1865397496148944,Serie A,2022-2023
6762,Yacine Adli,6,137,0,0.1635599080473184,0,0.1680316142737865,2,2,1,0,M S,AC Milan,0,0.1635599080473184,0.5369165036827326,0.3245677091181278,Serie A,2022-2023
6849,Rui Patrício,35,3150,0,0.0,0,0.0,0,0,1,0,GK,Roma,0,0.0,3.0333296917378902,3.0333296917378902,Serie A,2022-2023
6872,Mehmet Zeki Çelik,24,1487,0,0.3334616655483842,1,2.079883361235261,5,15,5,1,D M S,Roma,0,0.3334616655483842,7.367225928232074,5.809961840510368,Serie A,2022-2023
6977,Pietro Terracciano,29,2610,0,0.0,0,0.0,0,0,1,0,GK,Fiorentina,0,0.0,3.923118846490979,3.923118846490979,Serie A,2022-2023
6982,Ivan Provedel,38,3413,0,0.0,0,0.0308308005332946,0,1,1,0,GK S,Lazio,0,0.0,6.038887968286872,6.008057167753577,Serie A,2022-2023
6986,Hamed Junior Traore,11,588,0,0.9046565983444452,3,1.490077380090952,8,17,1,0,F M S,Sassuolo,0,0.9046565983444452,2.936176367104053,1.5744380056858065,Serie A,2022-2023
6997,Ignacio Pussetto,5,140,0,0.1890607997775077,0,0.3173728100955486,2,2,1,0,M S,Sampdoria,0,0.1890607997775077,0.4496330171823501,0.0300267003476619,Serie A,2022-2023
7002,Giangiacomo Magnani,24,1538,0,0.2622936880216002,1,0.1577718844637274,7,5,7,1,D S,Verona,0,0.2622936880216002,0.8947161510586739,0.7755732219666243,Serie A,2022-2023
7095,Juan Musso,24,2077,0,0.0,0,0.0722893998026847,0,1,1,0,GK,Atalanta,0,0.0,5.629459688439965,5.557170387357473,Serie A,2022-2023
7097,Ronaldo Vieira,18,833,0,0.6341766137629747,0,0.0,6,0,3,0,M S,"Sampdoria,Torino",0,0.6341766137629747,1.915165711659938,1.3187218983657658,Serie A,2022-2023
7243,Alessandro Russo,1,90,0,0.0,0,0.0,0,0,0,0,GK,Sassuolo,0,0.0,0.0595231838524341,0.0595231838524341,Serie A,2022-2023
7333,Caleb Okoli,17,944,0,0.7267578430473804,0,0.0,7,0,2,0,D S,Atalanta,0,0.7267578430473804,2.9623250141739845,2.679384171962738,Serie A,2022-2023
7508,Karim Zedadka,3,15,0,0.0,0,0.0,0,0,0,0,S,Napoli,0,0.0,0.0,0.0,Serie A,2022-2023
7742,Valentin Gendrey,37,3111,0,0.8668723739683628,2,2.642714575864374,10,27,4,0,D S,Lecce,0,0.8668723739683628,7.145823913626373,4.896775901317596,Serie A,2022-2023
7755,Domagoj Bradaric,31,2246,0,0.1673938008025288,3,2.131521289236844,7,17,5,0,D M S,Salernitana,0,0.1673938008025288,5.198137263767421,3.404341778717935,Serie A,2022-2023
7910,Szymon Zurkowski,12,437,0,0.8852673880755901,0,0.0,9,0,1,0,M S,"Fiorentina,Spezia",0,0.8852673880755901,1.2932447809726,0.4363295063376426,Serie A,2022-2023
7925,Liam Henderson,25,989,0,0.4745572470128536,1,2.013968663290143,12,18,9,0,M S,Empoli,0,0.4745572470128536,4.68303988315165,3.968433963134885,Serie A,2022-2023
7927,Sofyan Amrabat,29,2016,0,0.399088985286653,1,0.8093137331306934,13,13,11,0,M S,Fiorentina,0,0.399088985286653,6.862615097314119,6.007462346926332,Serie A,2022-2023
7933,Jerdy Schouten,33,2537,0,0.2933905953541398,2,1.721301943063736,8,19,3,0,M S,Bologna,0,0.2933905953541398,7.8111078934744,7.151580695994198,Serie A,2022-2023
7943,Igor Julio,27,2054,0,0.3714955039322376,0,0.3776647970080375,7,4,8,1,D S,Fiorentina,0,0.3714955039322376,4.296716351993382,3.9920226158574224,Serie A,2022-2023
7950,Mert Müldür,2,11,0,0.0,0,0.0,0,0,0,0,D S,Sassuolo,0,0.0,0.0,0.0,Serie A,2022-2023
8007,Yildirim Mert Cetin,1,20,0,0.0,0,0.0,0,0,0,0,D,Lecce,0,0.0,0.0,0.0,Serie A,2022-2023
8009,Antonino Gallo,32,2483,0,0.518067067489028,1,1.8089760625734923,10,38,3,1,D S,Lecce,0,0.518067067489028,4.689418321475387,2.707048837095499,Serie A,2022-2023
8010,Kevin Agudelo,34,2147,0,1.3218162693083286,1,2.9985636109486222,28,27,5,0,F M S,Spezia,0,1.3218162693083286,5.306148409843445,1.618065066635609,Serie A,2022-2023
8030,Sebastian Walukiewicz,11,593,0,0.2078898102045059,0,0.0673440024256706,2,1,0,0,D S,Empoli,0,0.2078898102045059,0.6240466572344303,0.5567026548087597,Serie A,2022-2023
8035,Samuel Di Carmine,2,23,0,0.053939301520586,0,0.0,1,0,0,0,S,Cremonese,0,0.053939301520586,0.053939301520586,0.0,Serie A,2022-2023
8232,Andrea Carboni,4,161,0,0.0696823000907898,0,0.3178460001945495,1,1,0,0,D S,Monza,0,0.0696823000907898,0.3539299005642533,0.0360839003697037,Serie A,2022-2023
8244,Dylan Bronn,24,1689,0,0.4163308963179588,0,0.2843150962144136,8,5,4,1,D S,Salernitana,0,0.4163308963179588,2.7686516465619206,2.6985116275027394,Serie A,2022-2023
8303,Marin Pongracic,9,794,0,0.0137780997902154,0,0.1133681964129209,1,2,2,0,D,Lecce,0,0.0137780997902154,1.320097791031003,1.206728784367442,Serie A,2022-2023
8309,Kristoffer Askildsen,21,710,0,0.4141448391601443,0,0.5065091382712126,10,7,3,0,M S,Lecce,0,0.4141448391601443,1.502536976709962,1.1428260076791048,Serie A,2022-2023
8359,Oliver Abildgaard,13,564,0,0.0614182064309716,0,0.2716531008481979,3,6,2,0,M S,Verona,0,0.0614182064309716,0.8223571963608265,0.671891126781702,Serie A,2022-2023
8378,Malick Thiaw,20,1359,0,1.1181033849716189,0,0.1366075966507196,8,2,5,0,D S,AC Milan,0,1.1181033849716189,7.309786159545183,7.064704983495176,Serie A,2022-2023
8512,Filippo Terracciano,20,797,0,0.0890643731690943,1,1.297741632908583,5,8,2,0,D M S,Verona,0,0.0890643731690943,1.383052436169237,0.7783350646495819,Serie A,2022-2023
8522,Matteo Lovato,17,787,0,0.0221066009253263,0,0.0,1,0,2,0,D S,Salernitana,0,0.0221066009253263,1.436126945540309,1.4140203446149826,Serie A,2022-2023
8632,Enzo Ebosse,20,904,0,0.0646630013361573,0,0.0204907990992069,3,1,3,0,D S,Udinese,0,0.0646630013361573,2.7276640869677067,2.7071732878685,Serie A,2022-2023
8639,Brandon Soppy,16,738,0,0.3829770162701607,3,2.040378750301897,9,13,3,0,D M S,"Atalanta,Udinese",0,0.3829770162701607,3.9426916679367423,2.0717943208292127,Serie A,2022-2023
8663,Flavius Daniliuc,27,2198,0,0.7919763494282961,2,0.5269937962293625,10,7,10,0,D S,Salernitana,0,0.7919763494282961,3.522017750889063,3.121614780277014,Serie A,2022-2023
8805,Deyovaisio Zeefuik,1,9,0,0.0,0,0.0,0,0,0,0,S,Verona,0,0.0,0.0,0.0,Serie A,2022-2023
8819,Mergim Vojvoda,29,1704,0,1.622195415198803,5,4.022884428501129,23,23,3,0,D M S,Torino,0,1.622195415198803,8.919946549460292,5.675688931718469,Serie A,2022-2023
8820,Jacopo Segre,1,19,0,0.0,0,0.0,0,0,0,0,S,Torino,0,0.0,0.0,0.0,Serie A,2022-2023
8858,Guglielmo Vicario,31,2784,0,0.0,0,0.0,0,0,3,0,GK,Empoli,0,0.0,2.2249075658619404,2.2249075658619404,Serie A,2022-2023
8860,Nicola Ravaglia,9,810,0,0.0,0,0.0,0,0,0,0,GK,Sampdoria,0,0.0,1.0679433960467577,1.0679433960467577,Serie A,2022-2023
8871,Marco Carnesecchi,27,2430,0,0.0,1,0.4115757197141647,0,2,1,0,GK,Cremonese,0,0.0,1.3965469785034657,1.0035979934036732,Serie A,2022-2023
8872,Matteo Ruggeri,15,812,0,0.4100548010319471,1,1.1226284988224506,10,10,3,0,D M S,Atalanta,0,0.4100548010319471,4.268800996243954,3.154544737190008,Serie A,2022-2023
8881,Lorenzo Montipò,37,3330,0,0.0,0,0.0,0,0,1,0,GK,Verona,0,0.0,1.144203602336347,1.144203602336347,Serie A,2022-2023
8884,Alessandro Tuia,7,515,0,0.082428902387619,0,0.0162489991635084,2,1,1,0,D S,Lecce,0,0.082428902387619,0.1842466965317726,0.1679976973682642,Serie A,2022-2023
8908,Jeroen Zoet,5,335,0,0.0,0,0.0,0,0,1,0,GK S,Spezia,0,0.0,0.0699850395321846,0.0699850395321846,Serie A,2022-2023
8914,Salvador Ferrer,5,125,0,0.0,0,0.0264368001371622,0,1,0,0,S,Spezia,0,0.0,0.1756386645138263,0.1492018643766641,Serie A,2022-2023
8944,Giulio Maggiore,16,888,0,0.3336095353588462,0,0.7266896851360798,6,3,2,0,M S,Salernitana,0,0.3336095353588462,3.280711437575519,3.2585934503003955,Serie A,2022-2023
8979,Sergiño Dest,8,312,0,0.3797862865030765,0,0.290605703368783,2,4,0,0,D S,AC Milan,0,0.3797862865030765,2.2431370578706264,1.6795950569212437,Serie A,2022-2023
9023,Ajdin Hrustic,6,228,0,0.2080470025539398,0,0.5612438954412937,3,3,0,0,M S,Verona,0,0.2080470025539398,0.6015086993575096,0.3532638065516948,Serie A,2022-2023
9057,Franco Ezequiel Carboni,3,57,0,0.0904330015182495,0,0.0204239003360271,1,1,0,0,S,Monza,0,0.0904330015182495,0.1108569018542766,0.0,Serie A,2022-2023
9071,Matteo Cancellieri,20,203,0,0.3220819011330604,0,0.5077834129333496,6,3,4,0,F S,Lazio,0,0.3220819011330604,0.8203036114573479,0.0763931982219219,Serie A,2022-2023
9085,Martin Turk,4,360,0,0.0,0,0.0,0,0,0,0,GK,Sampdoria,0,0.0,0.267400324344635,0.267400324344635,Serie A,2022-2023
9090,Ardian Ismajli,25,2092,0,0.5891123935580254,0,0.2324898988008499,9,5,3,0,D S,Empoli,0,0.5891123935580254,3.007446203380823,2.906486313790083,Serie A,2022-2023
9138,Tommaso Milanese,2,20,0,0.0,0,0.1312799006700515,0,3,0,0,S,Cremonese,0,0.0,0.0908000022172927,0.0,Serie A,2022-2023
9322,Alessandro Bianco,7,148,0,0.0533926989883184,0,0.009255819953978,2,1,1,0,M S,Fiorentina,0,0.0533926989883184,0.3219158798456192,0.2592680901288986,Serie A,2022-2023
9334,Jayden Braaf,6,274,0,0.775022067129612,0,0.1122498549520969,9,2,1,0,M S,Verona,0,0.775022067129612,1.0284518152475357,0.1411793939769268,Serie A,2022-2023
9337,Valentin Antov,9,292,0,0.0,0,0.0232465993613004,0,1,2,0,D S,Monza,0,0.0,1.328463532961905,1.3052175426855683,Serie A,2022-2023
9344,Viktor Kovalenko,18,545,0,1.2806629575788977,0,0.6360156089067459,11,6,1,0,M S,Spezia,0,1.2806629575788977,1.8382552526891232,0.4223183551803231,Serie A,2022-2023
9425,Emil Bohinen,24,815,0,0.1150513300672173,0,0.5488790143281221,4,12,0,0,M S,Salernitana,0,0.1150513300672173,1.7971084481105208,1.4295776318758726,Serie A,2022-2023
9539,Antonio Raimondo,2,7,0,0.0,0,0.0,0,0,0,0,S,Bologna,0,0.0,0.0,0.0,Serie A,2022-2023
9559,Marco Bertini,1,1,0,0.0,0,0.0,0,0,0,0,S,Lazio,0,0.0,0.0,0.0,Serie A,2022-2023
9841,Andrea Cambiaso,32,2171,0,0.8140921071171761,3,2.368232011795044,17,28,2,0,D M S,Bologna,0,0.8140921071171761,6.691830372437835,4.884805609472096,Serie A,2022-2023
9847,Luís Maximiano,1,5,0,0.0,0,0.0,0,0,0,1,GK,Lazio,0,0.0,0.0,0.0,Serie A,2022-2023
9854,Kristjan Asllani,20,567,0,0.4414115715771913,0,0.6525243744254112,11,11,2,0,M S,Inter,0,0.4414115715771913,3.365250429138541,3.189974507316947,Serie A,2022-2023
9856,Emmanuel Ekong,2,17,0,0.0186928994953632,0,0.0,1,0,0,0,S,Empoli,0,0.0186928994953632,0.0186928994953632,0.0,Serie A,2022-2023
9868,Julian Kristoffersen,1,16,0,0.0,0,0.0,0,0,0,0,S,Salernitana,0,0.0,0.0,0.0,Serie A,2022-2023
9878,Pietro Ceccaroni,2,35,0,0.0592290982604026,0,0.0397587865591049,2,1,0,0,S,Lecce,0,0.0592290982604026,0.0123979989439249,0.0,Serie A,2022-2023
9892,Matias Viña,3,56,0,0.0,0,0.0892124995589256,0,1,0,0,D S,Roma,0,0.0,0.0892124995589256,0.0,Serie A,2022-2023
9893,Youssef Maleh,24,980,0,0.8603933043777943,1,0.6259836331009865,13,12,5,0,M S,"Fiorentina,Lecce",0,0.8603933043777943,2.60530786216259,1.3491609003394842,Serie A,2022-2023
9896,Petar Zovko,1,73,0,0.0,0,0.0,0,0,0,0,S,Spezia,0,0.0,0.0,0.0,Serie A,2022-2023
9903,Domen Crnigoj,7,300,0,0.05876449868083,0,0.2007796019315719,1,2,1,0,M S,Salernitana,0,0.05876449868083,0.5329606104642153,0.3780906070023775,Serie A,2022-2023
9935,Aster Vranckx,9,222,0,0.0351721011102199,0,0.3606599867343902,2,1,1,0,M S,AC Milan,0,0.0351721011102199,0.8675524443387985,0.4717204421758652,Serie A,2022-2023
9964,Koni de Winter,14,1019,0,0.0,0,0.0832784008234739,0,2,3,0,D S,Empoli,0,0.0,0.4806388989090919,0.4806388989090919,Serie A,2022-2023
9966,Fabio Miretti,27,1224,0,2.226631075143814,2,1.8929376434534788,20,17,2,0,M S,Juventus,0,2.226631075143814,6.620300171896815,4.467609850689769,Serie A,2022-2023
9982,David Zima,9,400,0,0.6360754910856485,0,0.0901830978691577,4,2,0,0,D S,Torino,0,0.6360754910856485,0.6495340913534164,0.5794433150440454,Serie A,2022-2023
10012,Jakub Kiwior,17,1452,0,0.6478291042149067,0,0.603023998439312,9,4,3,0,D M,Spezia,0,0.6478291042149067,1.3383745020255446,0.8842264069244266,Serie A,2022-2023
10023,David Strelec,7,165,0,0.573248490691185,0,0.1154860034584999,3,1,0,0,F S,Spezia,0,0.573248490691185,0.2473404984921217,0.0652117002755403,Serie A,2022-2023
10059,Gerard Yepes,5,191,0,0.0650985017418861,0,0.0195598993450403,1,1,2,0,M S,Sampdoria,0,0.0650985017418861,0.173515098169446,0.1084163021296262,Serie A,2022-2023
10076,Filippo Missori,3,181,0,0.0,0,0.0,0,0,1,0,D S,Roma,0,0.0,0.7619778290390968,0.7619778290390968,Serie A,2022-2023
10077,Felix Afena-Gyan,23,794,0,1.573454374447465,0,0.1365373022854328,21,3,4,0,F M S,Cremonese,0,1.573454374447465,2.2429215647280216,0.9630447197705508,Serie A,2022-2023
10088,Niklas Pyyhtia,6,88,0,0.3497706949710846,1,0.1657493785023689,3,2,0,0,S,Bologna,0,0.3497706949710846,0.5518059656023979,0.0362858995795249,Serie A,2022-2023
10139,Mattia Zanotti,2,25,0,0.0,0,0.1071629971265792,0,1,0,0,S,Inter,0,0.0,0.1071629971265792,0.0,Serie A,2022-2023
10169,Diego Coppola,19,1154,0,0.2697019949555397,0,0.0,3,0,5,0,D S,Verona,0,0.2697019949555397,1.550330376252532,1.449889374896884,Serie A,2022-2023
10232,Ruan,23,1734,0,0.945482486858964,0,0.0193500407040119,5,1,9,3,D S,Sassuolo,0,0.945482486858964,2.46853306889534,2.46853306889534,Serie A,2022-2023
10237,Leo Østigard,7,412,0,0.0635099727660417,0,0.0,3,0,1,0,D S,Napoli,0,0.0635099727660417,2.3383982833474874,2.3280232902616262,Serie A,2022-2023
10265,Nicolò Cocetta,1,29,0,0.0,0,0.0,0,0,0,0,S,Udinese,0,0.0,0.0098548782989382,0.0098548782989382,Serie A,2022-2023
10303,Jacopo Fazzini,21,812,0,0.9704465474933386,0,0.7732232045382261,14,9,4,0,M S,Empoli,0,0.9704465474933386,2.3094176799058914,1.0170093085616827,Serie A,2022-2023
10336,Tommaso De Nipoti,1,1,0,0.0,0,0.0,0,0,0,0,S,Atalanta,0,0.0,0.0,0.0,Serie A,2022-2023
10343,Antonio Iervolino,1,1,0,0.0,0,0.0,0,0,0,0,S,Salernitana,0,0.0,0.6687952876091003,0.6687952876091003,Serie A,2022-2023
10376,Marko Lazetic,1,7,0,0.0575866997241973,0,0.0,1,0,1,0,S,AC Milan,0,0.0575866997241973,0.0575866997241973,0.0,Serie A,2022-2023
10384,Denso Kasius,7,341,0,0.1269411966204643,2,1.1126399785280228,4,5,1,0,D M S,Bologna,0,0.1269411966204643,1.8289993647485967,0.6912096012383699,Serie A,2022-2023
10385,Liberato Cacace,12,573,0,0.3184853848069906,0,0.7195627372711897,7,7,1,0,D S,Empoli,0,0.3184853848069906,1.0453370325267315,0.8732879441231489,Serie A,2022-2023
10393,Emil Ceïde,19,479,0,1.1233562361449003,1,1.4800910614430904,10,8,0,0,F S,Sassuolo,0,1.1233562361449003,3.2437249831855297,0.7564365416765213,Serie A,2022-2023
10396,Demba Seck,19,501,0,0.8866260163486004,0,0.6646369472146034,10,6,0,0,F M S,Torino,0,0.8866260163486004,2.6749619841575623,1.1236978275701404,Serie A,2022-2023
10425,Daniele Montevago,6,232,0,0.5798349939286709,0,0.1955647384747862,7,4,1,0,F S,Sampdoria,0,0.5798349939286709,0.7314657140523195,0.0,Serie A,2022-2023
10577,Mario Gila,4,73,0,0.0,0,0.0,0,0,0,0,S,Lazio,0,0.0,1.0836139619350431,1.0836139619350431,Serie A,2022-2023
10596,Simone Pafundi,8,54,0,0.0181744992733001,0,0.1099410988390445,1,3,0,0,S,Udinese,0,0.0181744992733001,0.1030707973986864,0.0703165978193283,Serie A,2022-2023
10615,Duccio Degli Innocenti,1,1,0,0.0,0,0.0,0,0,0,0,S,Empoli,0,0.0,0.0,0.0,Serie A,2022-2023
10877,Charles De Ketelaere,32,1071,0,2.647942738607526,1,2.665880348533392,19,20,2,0,M S,AC Milan,0,2.647942738607526,9.00316684693098,4.739595953375101,Serie A,2022-2023
10879,Festy Ebosele,17,385,0,0.2106519993394613,1,0.832483746111393,4,5,4,0,D S,Udinese,0,0.2106519993394613,1.10084555670619,0.1728477030992508,Serie A,2022-2023
10880,Axel Guessand,1,82,0,0.0,0,0.0,0,0,0,0,D,Udinese,0,0.0,0.0,0.0,Serie A,2022-2023
10881,James Abankwah,2,62,0,0.0,0,0.0,0,0,0,0,D S,Udinese,0,0.0,0.0,0.0,Serie A,2022-2023
10882,Lorenzo Malagrida,6,99,0,0.1508172526955604,0,0.0699507817625999,2,2,2,0,S,Sampdoria,0,0.1508172526955604,0.3057148214429617,0.1548975687474012,Serie A,2022-2023
10890,Michele Di Gregorio,37,3330,0,0.0,1,0.1993340104818344,0,1,0,0,GK,Monza,0,0.0,3.494345225393772,3.295011229813099,Serie A,2022-2023
10892,Samuele Birindelli,31,1385,0,1.1182987736538053,1,1.7004088154062629,14,18,8,0,D M S,Monza,0,1.1182987736538053,5.152582303620875,3.239078818820417,Serie A,2022-2023
10897,Samuele Vignato,5,47,0,0.0340417139232158,1,0.3808075487613678,1,2,0,0,S,Monza,0,0.0340417139232158,1.2584771364927292,0.8436278998851776,Serie A,2022-2023
10898,Warren Bondo,4,50,0,0.046109601855278,0,0.0,1,0,1,0,S,Monza,0,0.046109601855278,0.046109601855278,0.046109601855278,Serie A,2022-2023
10899,Emirhan Ilkhan,12,186,0,0.0440558902919292,0,0.0814961604773998,3,2,1,0,M S,"Sampdoria,Torino",0,0.0440558902919292,1.1882013641297815,1.1441452763974669,Serie A,2022-2023
10900,Brian Bayeye,2,58,0,0.0,0,0.0122734932228922,0,1,0,0,M S,Torino,0,0.0,0.1227924926206469,0.1105189993977546,Serie A,2022-2023
10903,Morten Hjulmand,35,2967,0,0.491272771731019,4,1.794936815276742,17,25,9,1,M S,Lecce,0,0.491272771731019,7.871476680040359,6.6831129267811775,Serie A,2022-2023
10906,Thórir Helgason,12,200,0,0.0525697795674204,0,0.5119712520390749,2,4,0,0,M S,Lecce,0,0.0525697795674204,0.1699342830106616,0.1628697030246257,Serie A,2022-2023
10907,Marcin Listkowski,5,63,0,0.0714624971151351,0,0.0,1,0,0,0,S,Lecce,0,0.0714624971151351,0.0911933965981006,0.0197308994829654,Serie A,2022-2023
10909,Joel Voelkerling Persson,9,75,0,0.0348738580942153,0,0.0231029000133276,1,1,0,0,S,Lecce,0,0.0348738580942153,0.1747420951724052,0.139868238940835,Serie A,2022-2023
10911,Pablo Rodríguez,4,42,0,0.0,0,0.0147596001625061,0,1,0,0,S,Lecce,0,0.0,0.0313156992197036,0.0165561009198427,Serie A,2022-2023
10913,André Onana,24,2160,0,0.0,0,0.0979619733989238,0,3,1,0,GK,Inter,0,0.0,5.456124410033226,5.393919620662928,Serie A,2022-2023
10938,Emanuel Aiwu,23,1637,0,0.0758662316948175,0,0.1516227712854743,3,4,3,0,D S,Cremonese,0,0.0758662316948175,1.7030266216024756,1.5427827052772043,Serie A,2022-2023
10940,Giacomo Quagliata,20,679,0,0.3579525062814355,1,0.705325985327363,9,13,0,1,D M S,Cremonese,0,0.3579525062814355,1.285959213040769,0.7513819970190525,Serie A,2022-2023
10941,Christian Acella,1,13,0,0.0,0,0.0,0,0,0,0,S,Cremonese,0,0.0,0.0,0.0,Serie A,2022-2023
10957,Mikael Ellertsson,11,138,0,0.1069720014929771,0,0.0213239006698131,2,1,3,0,M S,Spezia,0,0.1069720014929771,0.3444938063621521,0.2161980047821998,Serie A,2022-2023
10964,Diego Valencia,12,203,0,0.0408505983650684,0,0.0962239988148212,1,2,1,0,S,Salernitana,0,0.0408505983650684,0.2493155021220445,0.1122411992400884,Serie A,2022-2023
10967,Mile Svilar,3,270,0,0.0,0,0.0,0,0,1,0,GK,Roma,0,0.0,0.3965464234352112,0.3965464234352112,Serie A,2022-2023
10984,Alessandro Cortinovis,1,5,0,0.0,0,0.0,0,0,0,0,S,Verona,0,0.0,0.031080899760127,0.031080899760127,Serie A,2022-2023
10985,Sulemana,16,627,0,0.2386943204328417,0,0.2053570291027426,9,5,4,0,M S,Verona,0,0.2386943204328417,1.0529716918244958,0.838945783674717,Serie A,2022-2023
10993,Federico Gatti,18,1443,0,0.4284385833889246,0,1.033487942069769,13,6,4,0,D S,Juventus,0,0.4284385833889246,3.0658586639910936,2.8941859770566225,Serie A,2022-2023
10996,Luca D&#039;Andrea,5,330,0,0.3176851961761713,1,0.7022525891661644,7,10,0,0,F,Sassuolo,0,0.3176851961761713,1.0461333151906729,0.0526688992977142,Serie A,2022-2023
11008,Perr Schuurs,30,2334,0,0.9287161212414504,2,1.0663854666054249,14,7,5,0,D S,Torino,0,0.9287161212414504,7.277536360546946,6.548052653670311,Serie A,2022-2023
11012,Leandro Sanca,4,23,0,0.0,0,0.0,0,0,0,0,S,Spezia,0,0.0,0.0,0.0,Serie A,2022-2023
11021,Joaquín Sosa,10,682,0,0.0381173137575387,0,0.0,3,0,2,0,D S,Bologna,0,0.0381173137575387,0.8887905506417155,0.882485150359571,Serie A,2022-2023
11022,Simone Perilli,1,90,0,0.0,0,0.0,0,0,0,0,GK,Verona,0,0.0,0.050280500203371,0.050280500203371,Serie A,2022-2023
11036,Michele Castagnetti,27,1402,0,0.4735700115561485,1,1.772659558802843,12,25,2,0,M S,Cremonese,0,0.4735700115561485,4.723732424899936,3.4107125028967857,Serie A,2022-2023
11038,Jhon Lucumí,33,2906,0,0.597507655620575,1,0.3969262149184942,11,9,8,0,D,Bologna,0,0.597507655620575,7.856628499925137,7.647861702367663,Serie A,2022-2023
11040,Julius Beck,1,8,0,0.0,0,0.0,0,0,0,0,S,Spezia,0,0.0,0.0570342987775802,0.0570342987775802,Serie A,2022-2023
11052,Telasco Segovia,1,1,0,0.0,0,0.0,0,0,0,0,S,Sampdoria,0,0.0,0.0170570742338895,0.0170570742338895,Serie A,2022-2023
11053,Isak Hien,32,2601,0,0.2033981811255216,0,0.0712822005152702,3,2,9,0,D S,Verona,0,0.2033981811255216,2.1519743874669075,2.0806921888142824,Serie A,2022-2023
11054,Juan Cabal,11,437,0,0.0144301503896713,0,0.1298690978437662,1,2,3,0,D S,Verona,0,0.0144301503896713,0.7122534289956093,0.6704411786049604,Serie A,2022-2023
11080,Valentín Carboni,5,16,0,0.0,0,0.0151193998754024,0,1,0,0,S,Inter,0,0.0,0.1119282022118568,0.0968087017536163,Serie A,2022-2023
11096,Vivaldo Semedo,5,23,0,0.0578652434051036,0,0.0,1,0,0,0,S,Udinese,0,0.0578652434051036,0.0578652434051036,0.0,Serie A,2022-2023
11097,Mady Camara,15,709,0,0.3677240628749132,0,0.4072929732501507,11,3,3,0,M S,Roma,0,0.3677240628749132,2.4740569461137056,1.818588824942708,Serie A,2022-2023
11117,Jack Hendry,4,217,0,0.0,0,0.039395298808813,0,1,1,0,D S,Cremonese,0,0.0,0.2265308983623981,0.187135599553585,Serie A,2022-2023
11139,Tommaso Barbieri,3,110,0,0.0,0,0.0,0,0,0,0,D S,Juventus,0,0.0,0.0174028798937797,0.0174028798937797,Serie A,2022-2023
11140,Enzo Barrenechea,3,164,0,0.0452374015003442,0,0.0218720994889736,2,1,0,0,M,Juventus,0,0.0452374015003442,0.1742592006921768,0.1523870974779129,Serie A,2022-2023
11178,Benjamin Tahirovic,11,349,0,0.0,0,0.1059469701722264,0,4,1,0,M S,Roma,0,0.0,0.9603355508297682,0.9206289798021317,Serie A,2022-2023
11187,Leonardo Buta,2,9,0,0.0,0,0.0,0,0,0,0,S,Udinese,0,0.0,0.1514733880758285,0.1514733880758285,Serie A,2022-2023
11220,Lukas Vorlicky,3,18,0,0.0404363013803958,0,0.0,1,0,0,0,S,Atalanta,0,0.0404363013803958,0.107354000210762,0.0669182017445564,Serie A,2022-2023
11274,Flavio Paoletti,12,261,0,0.0,0,0.0294646006077528,0,1,1,0,M S,Sampdoria,0,0.0,0.5179407801479101,0.5179407801479101,Serie A,2022-2023
11276,João Moutinho,4,46,0,0.0,0,0.0216665007174015,0,1,0,0,S,Spezia,0,0.0,0.0216665007174015,0.0,Serie A,2022-2023
11278,Gvidas Gineitis,3,137,0,0.016109000891447,0,0.0,1,0,2,0,M S,Torino,0,0.016109000891447,0.5595239996910095,0.5434149950742722,Serie A,2022-2023
11280,Jordan Majchrzak,1,7,0,0.0,0,0.0,0,0,0,0,S,Roma,0,0.0,0.0,0.0,Serie A,2022-2023
11308,Tommaso Cassandro,1,12,0,0.0,0,0.0,0,0,0,0,S,Lecce,0,0.0,0.0,0.0,Serie A,2022-2023
11326,Raimonds Krollis,4,27,0,0.0779022723436355,0,0.0210694391280412,2,1,0,0,S,Spezia,0,0.0779022723436355,0.1557604745030403,0.0778578966856002,Serie A,2022-2023
11327,Tio Cipot,8,120,0,0.030384000390768,0,0.1873133704066276,2,3,0,0,S,Spezia,0,0.030384000390768,0.1248675435781478,0.0728736445307731,Serie A,2022-2023
11329,Herculano Nabian,1,1,0,0.0,0,0.0,0,0,0,0,S,Empoli,0,0.0,0.0,0.0,Serie A,2022-2023
11398,Mihailo Ivanovic,1,2,0,0.0,0,0.0,0,0,0,0,S,Sampdoria,0,0.0,0.0,0.0,Serie A,2022-2023
11470,Niccolò Pisilli,1,1,0,0.0,0,0.0,0,0,0,0,S,Roma,0,0.0,0.0,0.0,Serie A,2022-2023
11482,Alberto Basso,1,11,0,0.0675310939550399,0,0.0,1,0,0,0,S,Cremonese,0,0.0675310939550399,0.0675310939550399,0.0,Serie A,2022-2023
11627,Samuel Ntanda,1,1,0,0.0528937056660652,0,0.0,1,0,0,0,S,Sampdoria,0,0.0528937056660652,0.0528937056660652,0.0528937056660652,Serie A,2022-2023
3300,Christopher Nkunku,25,1897,16,16.290899142622948,4,4.9029772616922855,74,38,4,0,F M S,RasenBallsport Leipzig,13,13.25986534357071,19.322517298161983,4.799339268356562,Bundesliga,2022-2023
6098,Niclas Füllkrug,28,2482,16,13.430156659334898,5,3.750499667599797,80,33,4,0,F,Werder Bremen,11,9.641273576766253,15.179124631918969,4.494084726087749,Bundesliga,2022-2023
5266,Vincenzo Grifo,33,2461,15,11.618569439277053,5,6.470908637158573,66,55,2,0,F M S,Freiburg,8,5.556354703381658,12.240157168358564,6.598483877256513,Bundesliga,2022-2023
5743,Randal Kolo Muani,32,2671,15,14.64113382063806,11,7.074136344715953,77,41,4,1,F M S,Eintracht Frankfurt,13,13.125744855031371,21.19837167859077,3.378522824496031,Bundesliga,2022-2023
993,Serge Gnabry,34,1950,14,11.549345068633556,5,5.648855604231358,82,36,0,0,F M S,Bayern Munich,13,10.79156904667616,24.274701070040464,10.335147313773632,Bundesliga,2022-2023
5992,Marcus Thuram,30,2524,13,16.923396602272987,6,3.983339882455766,91,29,3,0,F S,Borussia M.Gladbach,13,16.923396602272987,22.03937479108572,4.194450257346034,Bundesliga,2022-2023
320,Jonas Hofmann,31,2703,12,7.324288273230195,9,11.074682033620777,45,99,2,0,M S,Borussia M.Gladbach,12,6.566511252894998,18.388078302145004,7.284908747300506,Bundesliga,2022-2023
956,Andrej Kramaric,32,2413,12,12.65513789653778,3,1.6903651049360633,63,31,3,0,F M S,Hoffenheim,8,8.108478620648384,16.094462648034096,8.000660603865981,Bundesliga,2022-2023
4329,Marvin Ducksch,34,2888,12,10.8906710408628,6,5.1176732471212745,94,51,3,0,F M,Werder Bremen,12,10.132894050329924,16.19248654320836,3.878561289049685,Bundesliga,2022-2023
8418,Jamal Musiala,33,2234,12,9.34594888612628,10,7.170549068599939,66,52,1,0,M S,Bayern Munich,12,9.34594888612628,27.62527047097683,15.357557548210025,Bundesliga,2022-2023
3738,Serhou Guirassy,22,1665,11,11.956945683807136,0,1.3576067350804806,49,18,2,1,F S,VfB Stuttgart,9,10.441392052918673,12.25079556554556,2.316678822040558,Bundesliga,2022-2023
5706,Dodi Lukebakio,32,2417,11,8.96133531164378,3,4.295584134757519,64,28,8,0,F M S,Hertha Berlin,6,5.172451974824071,9.813450296409428,2.6042105183005333,Bundesliga,2022-2023
7879,Marius Bülter,33,2619,11,8.998790411278605,1,4.248066739179194,68,37,5,0,F M S,Schalke 04,7,5.967683052644134,12.15662797447294,2.7311309576034546,Bundesliga,2022-2023
7882,Sheraldo Becker,34,2638,11,5.706978755071759,7,5.149274218827486,67,43,4,0,F M S,Union Berlin,11,5.706978755071759,12.626208378002048,2.6656901137903333,Bundesliga,2022-2023
171,Michael Gregoritsch,30,2200,10,9.705382015556095,4,3.3593770395964384,66,25,6,0,F S,Freiburg,10,9.705382015556095,16.562423076480627,4.920723516494036,Bundesliga,2022-2023
339,Eric Maxim Choupo-Moting,19,1127,10,8.34479707479477,2,2.4134399238973856,31,16,0,0,F S,Bayern Munich,10,7.587020091712475,15.240264654159546,5.789523597806692,Bundesliga,2022-2023
2631,Karim Onisiwo,31,2559,10,7.937801500782371,2,4.462550288066268,67,33,4,0,F M S,Mainz 05,10,7.937801500782371,13.13980631157756,3.004184128716588,Bundesliga,2022-2023
7883,Marcus Ingvartsen,28,1313,10,9.38143016025424,0,0.7966726366430521,36,6,2,0,F M S,Mainz 05,6,6.350403893738985,7.678540274500847,2.5980356596410275,Bundesliga,2022-2023
65,Timo Werner,27,1965,9,9.723146203905344,3,2.870787415653467,61,20,2,0,F M S,RasenBallsport Leipzig,9,9.723146203905344,14.621947288513184,3.861814394593239,Bundesliga,2022-2023
261,Julian Brandt,32,2436,9,5.173838408663869,8,8.180333945900202,42,72,2,0,F M S,Borussia Dortmund,9,5.173838408663869,21.53973208367825,12.517931933514774,Bundesliga,2022-2023
6144,Sébastien Haller,19,1248,9,9.811639262363316,3,2.9800966046750546,34,16,1,0,F S,Borussia Dortmund,9,9.053862584754825,11.782302178442478,2.9406321942806244,Bundesliga,2022-2023
6145,Daichi Kamada,32,2279,9,8.885730244219303,6,3.55752938054502,44,34,3,0,M S,Eintracht Frankfurt,6,6.612399263307452,17.701268509030342,10.873036798089744,Bundesliga,2022-2023
6556,Moussa Diaby,33,2736,9,10.234066966921093,8,8.54252471961081,80,58,4,0,F M,Bayer Leverkusen,9,9.476291004568338,20.56936350464821,4.606570445932448,Bundesliga,2022-2023
9749,Donyell Malen,26,1754,9,10.436273377388716,6,5.750813579186797,62,29,0,0,F M S,Borussia Dortmund,9,10.436273377388716,19.17952760308981,5.908795783296228,Bundesliga,2022-2023
11092,Mërgim Berisha,23,1693,9,8.744452925398946,4,3.739958056248725,56,21,7,1,F S,Augsburg,6,5.71334701962769,6.598840083926916,0.3061359953135252,Bundesliga,2022-2023
208,Lars Stindl,29,1761,8,5.814497446641326,7,5.840890821069479,50,40,9,0,M S,Borussia M.Gladbach,8,5.814497446641326,14.786454452201724,6.406254107132554,Bundesliga,2022-2023
226,Kingsley Coman,24,1422,8,6.010770929977298,5,5.7907725758850574,49,41,0,1,M S,Bayern Munich,8,6.010770929977298,18.717868223786358,8.904668807983398,Bundesliga,2022-2023
337,Leroy Sané,32,1997,8,9.470278967171907,7,5.158201150596142,79,35,4,0,M S,Bayern Munich,8,9.470278967171907,23.99955504760146,11.749857423827052,Bundesliga,2022-2023
6496,Ermedin Demirovic,30,2415,8,8.07651238143444,4,3.547700279392302,62,28,7,1,F M,Augsburg,7,7.318736102432013,10.457560524344444,1.3924938049167397,Bundesliga,2022-2023
8824,Jude Bellingham,31,2691,8,8.504038363695145,4,4.233295059762895,65,34,8,0,M S,Borussia Dortmund,7,7.74626162648201,24.58158692717552,17.165961924940348,Bundesliga,2022-2023
9328,Jeremie Frimpong,34,2727,8,8.343600986525416,7,5.546072905883193,38,45,4,0,D M S,Bayer Leverkusen,8,8.343600986525416,18.80026740022004,6.1089749513193965,Bundesliga,2022-2023
9712,Kevin Behrens,33,1551,8,5.351088147610426,1,1.17486921697855,35,21,6,0,F S,Union Berlin,8,5.351088147610426,6.587344314903021,1.4740190654993055,Bundesliga,2022-2023
10736,Philipp Hofmann,34,2663,8,8.852028047665954,2,2.597704393789172,52,25,5,0,F S,Bochum,8,8.852028047665954,10.911799021065235,2.271575433202088,Bundesliga,2022-2023
224,Thomas Müller,27,1681,7,9.138495799154043,8,8.518348589539528,46,39,0,0,F M S,Bayern Munich,7,9.138495799154043,25.59187649935484,11.05475202202797,Bundesliga,2022-2023
838,Sadio Mané,25,1449,7,11.784473165869713,5,4.721706811338663,54,25,2,0,F M S,Bayern Munich,6,10.26893113553524,19.7928506731987,6.392940312623978,Bundesliga,2022-2023
3347,Ellyes Skhiri,32,2859,7,5.808995292522013,1,1.712702731601894,32,25,5,0,M,FC Cologne,7,5.808995292522013,10.647969525307415,7.378694258630276,Bundesliga,2022-2023
6271,Ihlas Bebou,19,1440,7,4.819524594582617,0,0.9563902327790856,29,15,2,0,D F S,Hoffenheim,6,4.061747618950903,7.813072131946683,3.351820595562458,Bundesliga,2022-2023
7422,Christoph Baumgartner,33,2628,7,7.250016514211893,3,4.053210898302496,65,23,7,0,F M,Hoffenheim,7,7.250016514211893,14.899143129587172,5.376890954561532,Bundesliga,2022-2023
8191,Giovanni Reyna,22,596,7,4.03692801296711,2,1.4485626854002476,25,11,2,0,M S,Borussia Dortmund,6,3.279151037335396,5.849157366901636,2.9040713123977184,Bundesliga,2022-2023
9133,Youssoufa Moukoko,26,1122,7,7.62364936619997,3,1.814800746738911,35,12,0,0,F S,Borussia Dortmund,7,7.62364936619997,10.050564967095852,2.3641314674168825,Bundesliga,2022-2023
9752,Jesper Lindstrom,27,1729,7,5.696989983320236,2,2.896976849064231,45,18,2,0,M S,Eintracht Frankfurt,7,5.696989983320236,10.873751252889631,3.7506067249923936,Bundesliga,2022-2023
9783,Jae-Sung Lee,34,1941,7,4.690953841432929,4,2.557208967395127,35,26,2,0,F M S,Mainz 05,7,4.690953841432929,9.127817280590534,4.051347360946238,Bundesliga,2022-2023
140,Yannick Gerhardt,29,1884,6,5.957216642796993,4,1.8561384845525024,26,21,3,0,M S,Wolfsburg,6,5.957216642796993,11.160714483819902,4.984407410956919,Bundesliga,2022-2023
319,Marco Reus,25,1349,6,6.243561610579491,4,2.9453289173543453,37,20,4,0,F M S,Borussia Dortmund,5,5.485784620046616,11.390875043347478,5.265230825170875,Bundesliga,2022-2023
3349,Ramy Bensebaini,28,2495,6,5.465372884646058,1,1.6643879432231188,40,13,5,1,D,Borussia M.Gladbach,4,3.949821198359132,10.59336002357304,7.985617047175765,Bundesliga,2022-2023
4280,Davie Selke,30,1163,6,4.711787615902722,1,1.906898356974125,34,13,3,0,F S,"FC Cologne,Hertha Berlin",5,3.954010640271008,4.684815908782184,0.7492938954383135,Bundesliga,2022-2023
5231,Florian Kainz,32,2421,6,5.869831685908139,10,10.14009902253747,54,70,4,1,M S,FC Cologne,3,3.596501019783318,15.10276055894792,7.218805201351643,Bundesliga,2022-2023
5249,Emil Forsberg,30,1479,6,4.590440109372139,4,2.74373023211956,23,19,2,0,F M S,RasenBallsport Leipzig,4,3.074887111783028,7.481600746512413,2.4226518739014864,Bundesliga,2022-2023
6357,Marco Richter,29,1854,6,3.884881011210382,5,3.2578333280980587,50,21,8,0,D F M S,Hertha Berlin,6,3.884881011210382,7.805021950043738,3.8960724463686343,Bundesliga,2022-2023
6905,Ludovic Ajorque,17,1243,6,4.543117884546518,1,1.8128424733877184,32,13,5,0,F M S,Mainz 05,6,4.543117884546518,7.654449883848429,2.897698262706399,Bundesliga,2022-2023
8140,Munas Dabbur,21,897,6,3.77974421903491,2,1.7605633363127708,22,16,3,1,F S,Hoffenheim,6,3.77974421903491,7.799924962222576,2.9085478112101555,Bundesliga,2022-2023
9227,Steffen Tigges,30,1595,6,5.619470227509737,1,2.0866267140954733,35,17,1,0,F S,FC Cologne,6,5.619470227509737,9.970635317265987,3.29516938328743,Bundesliga,2022-2023
9788,Dominik Szoboszlai,31,2461,6,5.183287084102631,7,9.276841456070542,61,72,3,2,F M S,RasenBallsport Leipzig,5,4.425510384142399,19.720009319484237,10.23229293897748,Bundesliga,2022-2023
10394,Jonas Wind,24,1311,6,5.148620136082172,0,1.4154658820480108,30,14,1,0,F S,Wolfsburg,6,4.390843458473682,7.339821260422468,2.81390243396163,Bundesliga,2022-2023
10772,Karim Adeyemi,24,1415,6,5.589663118124008,5,4.353858232498169,38,28,9,0,F M S,Borussia Dortmund,6,4.831886380910873,12.93917460553348,4.774575125426054,Bundesliga,2022-2023
153,Maximilian Arnold,32,2793,5,4.634974149055779,3,5.049588920548558,35,44,5,0,M,Wolfsburg,2,0.8460893603041768,10.55605716817081,8.64874707069248,Bundesliga,2022-2023
223,Joshua Kimmich,33,2823,5,1.971965449862182,6,7.107447650283575,28,85,3,1,D M S,Bayern Munich,4,1.2141887722536922,29.105611484497786,24.704093173146248,Bundesliga,2022-2023
306,Florian Niederlechner,30,1721,5,5.472676767036319,1,0.501115882769227,48,9,3,0,F M S,"Augsburg,Hertha Berlin",5,5.472676767036319,6.477931981906295,2.1252606473863125,Bundesliga,2022-2023
3743,Lucas Tousart,33,2952,5,3.382630677893758,2,2.40074950363487,42,18,1,0,M,Hertha Berlin,5,3.382630677893758,6.3994100401178,2.3205474354326725,Bundesliga,2022-2023
4271,Janik Haberer,32,2275,5,2.446650293655693,1,2.097323566675186,32,23,1,0,M S,Union Berlin,5,2.446650293655693,8.055939726531506,4.546195590868592,Bundesliga,2022-2023
5133,Aarón Martín,28,1830,5,2.184434296563268,3,2.625666566193104,19,27,3,0,D S,Mainz 05,5,1.4266573209315538,6.366126410663128,3.909114805050194,Bundesliga,2022-2023
5298,Arne Maier,30,2000,5,1.9074955079704523,1,1.5759431831538675,28,21,3,0,D M S,Augsburg,5,1.9074955079704523,5.386207904666662,2.6259657125920057,Bundesliga,2022-2023
6090,Simon Terodde,32,1839,5,7.261510234326124,0,2.744606046937406,44,22,5,0,F S,Schalke 04,5,6.50373325869441,9.771421328186989,1.4725315291434526,Bundesliga,2022-2023
6449,Chris Führich,33,1908,5,3.400684140622616,2,4.345919347833842,44,23,2,0,D F M S,VfB Stuttgart,4,2.6429078467190266,9.19057935848832,4.720971023663878,Bundesliga,2022-2023
6475,Lucas Höler,26,1502,5,3.603257538750768,2,1.6405130699276924,30,13,1,0,F M S,Freiburg,5,3.603257538750768,3.798353884369135,1.4409705605357883,Bundesliga,2022-2023
6708,Bote Baku,33,2583,5,3.2185200499370694,3,3.307960799895227,28,27,6,0,D F M S,Wolfsburg,5,3.2185200499370694,15.9585737939924,10.979391114786267,Bundesliga,2022-2023
7058,Kevin Stöger,32,2628,5,4.000088684260845,3,5.305860780179501,47,66,3,0,M S,Bochum,2,1.7267590463161469,10.61543259397149,6.861154751852155,Bundesliga,2022-2023
8211,Amine Adli,26,1446,5,5.577013881877065,3,1.564659825526178,37,20,2,2,F M S,Bayer Leverkusen,5,5.577013881877065,9.384396608918903,4.138404821977019,Bundesliga,2022-2023
8393,Omar Marmoush,33,1463,5,5.402720060199499,1,1.2215128345414996,48,10,2,0,F M S,Wolfsburg,5,5.402720060199499,8.300030453130603,2.495272032916546,Bundesliga,2022-2023
8791,Ritsu Doan,33,2465,5,7.099370298907161,4,4.073547758162022,57,27,3,0,F M S,Freiburg,5,7.099370298907161,11.465518349781632,2.979630371555686,Bundesliga,2022-2023
8807,Silas Wamangituka,30,2020,5,6.176944080740213,2,1.907660696655512,42,18,3,0,D F M S,VfB Stuttgart,4,5.419168118387461,11.44866382330656,4.591030273586512,Bundesliga,2022-2023
8808,Wataru Endo,33,2929,5,5.163596375845373,4,4.437882576137781,45,45,3,0,M,VfB Stuttgart,5,5.163596375845373,12.159647703170776,7.895517183467746,Bundesliga,2022-2023
9780,Mathys Tel,22,356,5,3.4526608996093278,0,0.6357373185455799,20,6,2,0,M S,Bayern Munich,5,3.4526608996093278,5.112999714910984,1.1535096727311611,Bundesliga,2022-2023
9797,Dejan Ljubicic,27,1728,5,3.079336908645928,1,1.985349452123046,35,27,3,0,M S,FC Cologne,4,2.321560231037438,7.993325859308243,4.242061257362366,Bundesliga,2022-2023
10725,Danilho Doekhi,25,2223,5,1.7546885032206774,1,0.416394580155611,17,7,0,0,D,Union Berlin,5,1.7546885032206774,4.246129464358091,3.903587102890015,Bundesliga,2022-2023
10774,Adam Hlozek,29,1291,5,2.666957816109061,3,2.6284044701606035,30,18,2,0,F M S,Bayer Leverkusen,5,2.666957816109061,7.671263899188489,3.3072979166172445,Bundesliga,2022-2023
82,Nadiem Amiri,25,951,4,2.1176350452005863,1,1.001922182738781,24,15,6,0,F M S,Bayer Leverkusen,3,1.359858339652419,4.330404385924339,3.094477749429643,Bundesliga,2022-2023
228,Sebastian Rode,27,1440,4,0.7823091875761747,1,0.7808642480522394,9,12,6,0,M S,Eintracht Frankfurt,4,0.7823091875761747,7.431947812438011,6.188614975661039,Bundesliga,2022-2023
294,Gian-Luca Waldschmidt,18,493,4,2.384880857542157,0,0.0358399823307991,11,1,0,0,F M S,Wolfsburg,3,1.627103941515088,1.976130194962025,1.335745608434081,Bundesliga,2022-2023
307,Suat Serdar,32,2048,4,2.5604766458272934,2,1.6089566946029663,24,18,7,0,M S,Hertha Berlin,4,2.5604766458272934,4.841636413708329,2.061656695790589,Bundesliga,2022-2023
315,Matthias Ginter,34,3060,4,2.430537860840559,1,0.7070831768214703,21,13,3,0,D,Freiburg,4,2.430537860840559,4.725313579663634,4.177657328546047,Bundesliga,2022-2023
1524,Stevan Jovetic,17,868,4,1.9667596966028211,2,0.85405451990664,27,14,0,0,F S,Hertha Berlin,4,1.9667596966028211,3.420882146805525,1.046367907896638,Bundesliga,2022-2023
2624,Djibril Sow,32,2664,4,1.9447151282802224,0,1.1121019199490547,28,18,9,0,M S,Eintracht Frankfurt,4,1.9447151282802224,14.30460869986564,11.94368753861636,Bundesliga,2022-2023
2774,Sardar Azmoun,23,898,4,4.195837607607245,1,2.982987130060792,28,14,1,0,F M S,Bayer Leverkusen,4,4.195837607607245,7.222147917374968,0.7968364469707012,Bundesliga,2022-2023
3363,Benjamin Pavard,30,2433,4,2.2471003998070955,1,2.9406278133392334,34,20,6,0,D S,Bayern Munich,4,2.2471003998070955,20.86132932454348,19.75163858383894,Bundesliga,2022-2023
3455,Raphael Guerreiro,27,2309,4,2.9275588197633624,12,7.812236609868705,33,58,4,0,D M S,Borussia Dortmund,4,2.9275588197633624,17.449738286435604,12.848744481801988,Bundesliga,2022-2023
3682,Jordan Siebatcheu,31,1336,4,4.373952075839043,4,1.3029851038008928,34,18,3,0,F S,Union Berlin,4,2.8583972733467817,5.220875604078174,1.494976121932268,Bundesliga,2022-2023
5257,Willi Orban,33,2955,4,3.092478398233652,0,0.3703832849860191,27,6,2,0,D,RasenBallsport Leipzig,4,3.092478398233652,11.60579606704414,11.323103966191413,Bundesliga,2022-2023
5273,Kerem Demirbay,25,1549,4,2.4878762275911868,3,2.874298401176929,31,32,5,0,M S,Bayer Leverkusen,4,2.4878762275911868,9.032792079262435,5.607281791046262,Bundesliga,2022-2023
6170,André Silva,31,1750,4,10.774427261203527,3,3.752897428348661,59,26,3,0,F S,RasenBallsport Leipzig,4,10.774427261203527,15.438766792416573,3.591220688074827,Bundesliga,2022-2023
6544,Lukas Nmecha,16,893,4,3.553670769557357,0,0.449071105569601,22,6,3,0,F S,Wolfsburg,4,3.553670769557357,4.6232008170336485,0.7894729934632778,Bundesliga,2022-2023
6974,Mattias Svanberg,32,1844,4,4.005698628723621,6,4.820160567760468,31,27,4,0,F M S,Wolfsburg,4,4.005698628723621,9.86233900859952,4.915807843208313,Bundesliga,2022-2023
7109,Leandro Barreiro Martins,31,2161,4,4.256420814432204,3,2.5344324819743638,31,16,5,0,M S,Mainz 05,4,4.256420814432204,8.905741119757295,4.254139814525843,Bundesliga,2022-2023
7485,Nico Schlotterbeck,28,2256,4,2.2176283886656165,5,2.331596754491329,18,15,3,0,D S,Borussia Dortmund,4,2.2176283886656165,11.664632644504309,10.503425013273954,Bundesliga,2022-2023
7789,Dominick Drexler,27,1370,4,2.6568605732172728,3,2.620945364236832,16,19,3,1,M S,Schalke 04,4,2.6568605732172728,7.653311584144831,3.0037743039429188,Bundesliga,2022-2023
8325,Exequiel Palacios,25,1665,4,2.7983853723853827,2,1.506558766588569,20,15,4,0,M S,Bayer Leverkusen,1,0.5250557949766517,10.362398341298103,9.40145754814148,Bundesliga,2022-2023
8396,Jessic Ngankam,18,819,4,4.386376990005374,1,0.9200831986963748,19,8,5,0,F M S,Hertha Berlin,3,3.62860001437366,4.644164379686117,0.7615670002996922,Bundesliga,2022-2023
8813,Tanguy Coulibaly,14,296,4,1.6872586272656918,0,0.9875827450305223,12,6,3,0,S,VfB Stuttgart,3,0.9294819571077824,2.084571629762649,0.5706927478313446,Bundesliga,2022-2023
9709,Erhan Masovic,29,2165,4,2.7671921802684665,0,0.7689862418919802,16,9,3,0,D M S,Bochum,4,2.7671921802684665,3.4918717006221414,2.5324914064258337,Bundesliga,2022-2023
9730,Patrick Wimmer,26,1709,4,4.009688466787338,8,5.654376212507486,31,38,7,0,F M S,Wolfsburg,4,4.009688466787338,10.894396804273129,2.442955546081066,Bundesliga,2022-2023
10732,Jakub Kaminski,31,2102,4,5.838947834447026,2,3.693452760577202,39,28,0,0,D F M S,Wolfsburg,4,5.838947834447026,15.356808818876743,7.755885322578251,Bundesliga,2022-2023
11074,Denis Huseinbasic,24,754,4,3.1466346383094788,1,0.3550259303301573,16,5,3,0,F M S,FC Cologne,4,3.1466346383094788,4.030383285135031,0.7662929929792881,Bundesliga,2022-2023
139,Simon Zoller,27,1481,3,4.253587335348129,2,0.8861771766096354,31,11,5,0,F M S,Bochum,3,4.253587335348129,5.685781069099903,0.9288454409688712,Bundesliga,2022-2023
212,Nico Elvedi,32,2831,3,2.208632368594408,0,0.2827197015285492,18,5,2,0,D,Borussia M.Gladbach,3,2.208632368594408,10.999466136097908,10.89331953972578,Bundesliga,2022-2023
262,Leonardo Bittencourt,25,1672,3,1.257541323080659,2,1.8335773339495065,25,15,10,0,D M S,Werder Bremen,3,1.257541323080659,6.353984758257866,3.557059355080128,Bundesliga,2022-2023
269,Dominik Kohr,30,2292,3,2.4828245490789413,0,1.029463890939951,39,16,11,0,D M S,Mainz 05,3,2.4828245490789413,7.438419679179788,4.5542544750496745,Bundesliga,2022-2023
335,Leon Goretzka,27,1754,3,4.879844713956118,2,2.9064023923128843,40,21,5,0,M S,Bayern Munich,3,4.879844713956118,18.998094856739044,14.380298979580402,Bundesliga,2022-2023
422,Mario Götze,32,2766,3,3.3162593068555,1,4.618421275168657,26,42,6,0,M,Eintracht Frankfurt,3,3.3162593068555,20.433497086167336,14.922903863247484,Bundesliga,2022-2023
1236,Patrik Schick,14,936,3,5.551570445299149,1,0.4347322918474674,34,10,0,0,F S,Bayer Leverkusen,3,5.551570445299149,8.173204828053713,2.6731401160359383,Bundesliga,2022-2023
5352,Niklas Schmidt,24,1068,3,1.766044428572059,0,0.9927829960361124,21,17,4,0,M S,Werder Bremen,3,1.766044428572059,4.293101482093334,1.927444675937295,Bundesliga,2022-2023
6087,Takuma Asano,25,1742,3,6.078744154423475,2,2.3218653481453657,51,22,1,0,F M S,Bochum,3,6.078744154423475,8.61979965120554,1.970587301068008,Bundesliga,2022-2023
6109,Konrad Laimer,21,1482,3,3.229747664183378,0,2.0900166016072035,20,16,8,0,M S,RasenBallsport Leipzig,3,3.229747664183378,8.843641895800829,3.87061969190836,Bundesliga,2022-2023
6403,Timo Hübers,29,2555,3,1.793745718896389,0,0.108840798959136,15,2,8,0,D S,FC Cologne,3,1.793745718896389,7.382432838901877,7.347853546962142,Bundesliga,2022-2023
6638,Linton Maina,33,2303,3,4.7160975662991405,7,7.570193352177739,35,36,1,0,F M S,FC Cologne,3,4.7160975662991405,12.242463361471891,2.841872029006481,Bundesliga,2022-2023
7562,Eric Junior Dina Ebimbe,19,1053,3,3.2817071303725243,1,1.6191091164946556,26,9,4,0,D M S,Eintracht Frankfurt,3,3.2817071303725243,7.845243468880653,3.876341201364994,Bundesliga,2022-2023
7798,Christopher Antwi-Adjei,29,2000,3,2.1013984084129333,6,4.173747691325843,29,33,2,0,F M S,Bochum,3,2.1013984084129333,9.383619488216937,4.400247389450669,Bundesliga,2022-2023
7799,Sven Michel,21,444,3,1.4810891952365637,1,0.4516268298029899,16,7,2,0,F S,Union Berlin,2,0.7233122196048498,1.3788023237138989,0.2479215618222952,Bundesliga,2022-2023
7810,Ruben Vargas,23,1146,3,0.8962412793189287,4,2.1243868889287114,21,16,4,0,F M S,Augsburg,3,0.8962412793189287,2.8856554022058845,0.824656150303781,Bundesliga,2022-2023
7867,Robert Skov,23,1368,3,3.2538157887756824,2,2.0624763034284115,41,19,1,0,D M S,Hoffenheim,1,1.7382657416164875,4.800878558307886,2.455955602228641,Bundesliga,2022-2023
7902,Matthijs de Ligt,31,2407,3,1.305196895264089,1,0.7707531871274114,24,6,4,0,D S,Bayern Munich,3,1.305196895264089,17.066274592652917,16.740963304415345,Bundesliga,2022-2023
8310,Mitchel Bakker,28,1656,3,1.5494726430624723,2,1.960865007713437,17,17,4,1,D S,Bayer Leverkusen,3,1.5494726430624723,7.690754035487771,5.3029226791113615,Bundesliga,2022-2023
9076,Philipp Förster,25,1306,3,1.3651106618344784,7,4.021769605576992,17,27,4,0,M S,Bochum,3,1.3651106618344784,5.595948418602347,3.754003750160337,Bundesliga,2022-2023
9202,Felix Nmecha,30,1824,3,3.1746669095009565,5,3.009401008486748,37,20,3,0,M S,Wolfsburg,3,3.1746669095009565,8.86590768583119,5.571464359760284,Bundesliga,2022-2023
10367,Tiago Tomás,27,1297,3,2.477932807058096,3,3.7807464860379696,34,20,2,0,F M S,VfB Stuttgart,3,2.477932807058096,6.8474081736058,1.7089161202311516,Bundesliga,2022-2023
10542,Jamie Bynoe-Gittens,15,514,3,2.581368736922741,1,0.5960651729255915,24,2,0,0,F M S,Borussia Dortmund,3,2.581368736922741,4.752277040854096,1.7946272119879725,Bundesliga,2022-2023
10734,Jens Stage,32,1871,3,2.622428504750133,3,1.7228381093591452,19,16,5,0,M S,Werder Bremen,3,2.622428504750133,6.587090868502855,3.731825571507216,Bundesliga,2022-2023
11311,Aurélio Buta,18,1339,3,0.7913053203374147,2,3.1968461498618126,9,18,3,0,D S,Eintracht Frankfurt,3,0.7913053203374147,6.491749152541161,3.201746217906475,Bundesliga,2022-2023
11324,Dion Beljo,18,1164,3,1.4669535979628563,2,2.154107490554452,12,14,2,0,F M S,Augsburg,3,1.4669535979628563,4.491503283381462,0.8704428151249886,Bundesliga,2022-2023
28,Mitchell Weiser,30,2532,2,3.319304338656366,9,7.105263199657202,29,41,7,0,D M S,Werder Bremen,2,3.319304338656366,14.796088598668575,7.707576205953956,Bundesliga,2022-2023
75,Niklas Süle,29,2114,2,2.632200049236417,3,2.3738548597320914,34,17,2,0,D S,Borussia Dortmund,2,2.632200049236417,14.629823207855225,12.636048391461372,Bundesliga,2022-2023
137,Anthony Modeste,19,794,2,3.454763725399971,1,0.8842783905565739,21,6,4,0,F S,Borussia Dortmund,2,3.454763725399971,4.190358635038137,0.753995705395937,Bundesliga,2022-2023
161,Robin Knoche,32,2877,2,1.8012003554031253,3,1.144210159778595,9,5,4,0,D,Union Berlin,1,0.2856464041396975,3.927438823506236,3.5526019763201475,Bundesliga,2022-2023
188,Kevin Kampl,30,1366,2,0.7337436862289906,2,1.1259861383587122,7,12,8,0,M S,RasenBallsport Leipzig,2,0.7337436862289906,7.890383210033178,6.538844563066959,Bundesliga,2022-2023
412,André Hahn,7,382,2,0.3046124912798404,0,0.0653311982750892,7,1,1,0,D F M S,Augsburg,2,0.3046124912798404,0.8064089696854353,0.4914739057421684,Bundesliga,2022-2023
435,Benjamin Henrichs,30,2184,2,1.4496939424425364,2,1.6054319348186257,31,20,8,0,D M S,RasenBallsport Leipzig,2,1.4496939424425364,12.054654765874147,10.33609838038683,Bundesliga,2022-2023
604,Emre Can,27,1890,2,1.5949499029666183,1,1.4878265084698796,17,20,8,0,D M S,Borussia Dortmund,1,0.8371729273349047,13.2627736274153,11.818389678373933,Bundesliga,2022-2023
1139,Silvan Widmer,26,1680,2,2.735402003861964,2,2.0287047550082207,20,15,0,0,D S,Mainz 05,2,2.735402003861964,8.177862845361233,4.287014581263065,Bundesliga,2022-2023
3310,Alassane Pléa,29,1783,2,4.397832648828626,9,4.707967482507229,29,32,5,0,F M S,Borussia M.Gladbach,1,2.882279308512807,12.788641722872852,6.581245504319668,Bundesliga,2022-2023
3699,Aissa Laidouni,14,891,2,0.6928167883306742,0,0.4865179136395454,5,4,4,0,M S,Union Berlin,2,0.6928167883306742,2.252670830115676,1.1492191571742296,Bundesliga,2022-2023
5113,Santos Borré,32,1030,2,4.612951306626201,2,2.2984054759144783,25,15,5,0,F M S,Eintracht Frankfurt,1,3.8551732879132032,8.010373005643487,4.617487646639347,Bundesliga,2022-2023
5217,Anthony Jung,34,2670,2,1.531110094860196,5,1.6596507895737886,17,22,2,0,D M S,Werder Bremen,2,1.531110094860196,8.238742823712528,5.750136033631861,Bundesliga,2022-2023
5250,Yussuf Poulsen,19,376,2,1.9865181352943184,1,1.671581469476223,13,8,1,0,F S,RasenBallsport Leipzig,2,1.9865181352943184,3.930041965097189,1.9471512846648693,Bundesliga,2022-2023
5251,Rani Khedira,33,2895,2,1.660578920505941,0,0.4030138533562422,24,8,8,0,M,Union Berlin,2,1.660578920505941,7.075296450406313,5.897386433556676,Bundesliga,2022-2023
5256,Oliver Burke,15,236,2,1.3318457044661045,0,0.3436951981857419,8,4,0,0,F S,Werder Bremen,2,1.3318457044661045,1.9934152187779544,0.5776930153369904,Bundesliga,2022-2023
5263,Lukas Kübler,22,1648,2,1.1012414703145623,1,0.1311960630118847,9,6,1,0,D S,Freiburg,2,1.1012414703145623,2.7091146502643824,2.28114303201437,Bundesliga,2022-2023
6085,Marcin Kaminski,8,631,2,0.2991238869726658,0,0.0840664692223072,4,2,0,0,D S,Schalke 04,2,0.2991238869726658,2.4079429283738136,2.323876477777958,Bundesliga,2022-2023
6251,Wilfried Kanga,23,1422,2,4.186748491600156,0,1.91642850311473,25,21,3,0,F S,Hertha Berlin,2,4.186748491600156,7.606491172686219,1.922127762809396,Bundesliga,2022-2023
6380,Anthony Caci,31,2052,2,0.4756427016109228,1,2.8494056733325124,9,21,4,0,D M S,Mainz 05,2,0.4756427016109228,6.216136714443564,3.4933305028826,Bundesliga,2022-2023
6626,Joshua Vagnoman,23,1471,2,3.662363068200648,2,1.281820660457015,25,11,1,1,D F S,VfB Stuttgart,2,3.662363068200648,5.672499376349151,3.956895515322685,Bundesliga,2022-2023
6722,Konstantinos Mavropanos,28,2287,2,3.6490307804197073,1,1.351170682348311,49,16,7,1,D S,VfB Stuttgart,2,3.6490307804197073,8.236280523240566,6.167831616476178,Bundesliga,2022-2023
6937,Georginio Rutter,15,1023,2,3.2202591560781,2,1.474237971007824,27,9,2,0,F S,Hoffenheim,2,3.2202591560781,5.45018583163619,0.938181970268488,Bundesliga,2022-2023
7075,Borna Sosa,25,1959,2,1.0440194979310036,7,5.818904811516404,15,67,5,0,D S,VfB Stuttgart,2,1.0440194979310036,9.952242678962648,7.264228818006813,Bundesliga,2022-2023
7197,Fredrik Jensen,20,919,2,1.910547488369048,1,0.9806190077215432,11,13,1,0,D F M S,Augsburg,2,1.910547488369048,2.7763356287032366,1.3780555166304111,Bundesliga,2022-2023
7320,Amos Pieper,29,1954,2,0.6505707995966077,1,0.2639712952077389,11,5,9,0,D S,Werder Bremen,2,0.6505707995966077,3.88301533460617,3.660694560036063,Bundesliga,2022-2023
7376,Ozan Kabak,30,2398,2,1.2696625823155046,2,1.4368626717478037,23,4,8,2,D S,Hoffenheim,2,1.2696625823155046,6.8836584612727165,4.857320748269558,Bundesliga,2022-2023
7401,Keven Schlotterbeck,15,730,2,1.3780421577394009,0,0.4997709393501282,8,4,3,0,D S,"Bochum,Freiburg",2,1.3780421577394009,0.9017440155148506,0.2017890140414238,Bundesliga,2022-2023
7501,Amadou Haidara,31,1418,2,2.706375576555729,1,1.3238185830414295,19,12,7,0,M S,RasenBallsport Leipzig,2,2.706375576555729,7.044573534280062,5.077068915590644,Bundesliga,2022-2023
7524,Tuta,31,2717,2,2.1293888464570045,1,0.7720028860494494,17,5,8,0,D S,Eintracht Frankfurt,2,2.1293888464570045,10.755547817796469,9.43330561183393,Bundesliga,2022-2023
7877,Robert Andrich,29,2414,2,1.495253399014473,2,1.1337046343833208,30,18,7,0,M S,Bayer Leverkusen,2,1.495253399014473,8.447318887338042,7.092177907004952,Bundesliga,2022-2023
7881,Sebastian Polter,19,585,2,2.1776624247431755,3,1.1765880435705185,12,9,3,0,F S,Schalke 04,2,2.1776624247431755,4.040254306048155,1.105415128171444,Bundesliga,2022-2023
8092,Tom Krauß,32,2562,2,2.0188082177191973,0,0.9653695691376925,25,12,8,0,M S,Schalke 04,2,2.0188082177191973,6.291782749816775,4.340799113735557,Bundesliga,2022-2023
8205,Jan Thielmann,23,826,2,1.5090388637036083,2,1.4637641627341509,13,10,5,0,F M S,FC Cologne,2,1.5090388637036083,4.475083563476801,1.7293729539960625,Bundesliga,2022-2023
8292,Dani Olmo,23,1294,2,2.686814596876502,5,5.5300625106319785,43,37,2,0,F M S,RasenBallsport Leipzig,2,2.686814596876502,9.476952152326705,3.719395002350211,Bundesliga,2022-2023
9274,Naouirou Ahamada,17,1426,2,0.6138978954404593,2,1.1083042230457067,16,16,2,1,M,VfB Stuttgart,2,0.6138978954404593,5.58202375471592,4.412002116441727,Bundesliga,2022-2023
9705,Anthony Losilla,31,2734,2,2.477033652365208,2,2.012193087488413,27,14,6,1,M,Bochum,2,2.477033652365208,5.3180101076141,3.194928647018969,Bundesliga,2022-2023
10739,Daniel-Kofi Kyereh,12,564,2,2.88252479583025,0,0.1773829013109207,12,3,2,0,F M S,Freiburg,2,2.88252479583025,4.313074983656406,1.522851487621665,Bundesliga,2022-2023
11143,Nelson Weiper,9,74,2,1.67596223205328,0,0.0522785075008869,5,2,0,0,S,Mainz 05,2,1.67596223205328,1.082453964278102,0.0,Bundesliga,2022-2023
11333,Josip Juranovic,12,921,2,1.1514203026890757,1,1.0844305008649826,7,22,0,0,D S,Union Berlin,1,0.3936433270573616,1.7150551229715347,1.1032112762331965,Bundesliga,2022-2023
11336,Moritz Broschinski,11,184,2,1.2682920284569263,0,0.01231977250427,6,1,1,0,S,Bochum,2,1.2682920284569263,0.7764762826263905,0.1774912774562835,Bundesliga,2022-2023
74,Pavel Kaderábek,26,1651,1,1.5393270254135132,1,1.4641894437372684,8,18,1,0,D M S,Hoffenheim,1,1.5393270254135132,5.749808196909726,3.38756696227938,Bundesliga,2022-2023
98,Kenan Karaman,21,961,1,2.313896202482283,2,1.2160936631262302,21,8,2,0,F M S,Schalke 04,1,2.313896202482283,3.42272087559104,0.6500499919056892,Bundesliga,2022-2023
106,Waldemar Anton,34,2950,1,1.5330881429836154,2,2.125988921150565,24,12,4,0,D,VfB Stuttgart,1,1.5330881429836154,10.634754788130522,8.346572926267982,Bundesliga,2022-2023
125,Maximilian Eggestein,31,2457,1,0.6381404902786016,2,1.6137695387005806,16,24,6,0,M S,Freiburg,1,0.6381404902786016,7.011526858434081,5.197655914351344,Bundesliga,2022-2023
150,Josuha Guilavogui,23,1150,1,0.3011024799197912,0,0.2955212965607643,6,4,4,0,D M S,Wolfsburg,1,0.3011024799197912,4.052423909306526,4.027639210224152,Bundesliga,2022-2023
157,Daniel Caligiuri,13,261,1,0.2443702965974807,0,0.2814653925597667,6,4,1,0,D M S,Augsburg,1,0.2443702965974807,0.3280097972601652,0.0669920984655618,Bundesliga,2022-2023
183,Jonathan Tah,33,2493,1,1.1917415522038937,0,0.6195285189896822,10,6,6,0,D S,Bayer Leverkusen,1,1.1917415522038937,8.047265270724893,7.760596519336104,Bundesliga,2022-2023
370,Marvin Friedrich,23,1234,1,0.8531193770468235,0,0.3776967730373144,9,5,2,0,D S,Borussia M.Gladbach,1,0.8531193770468235,5.258757753297687,5.171820469200611,Bundesliga,2022-2023
372,Julian Weigl,23,1892,1,0.9302280703559518,0,0.5656399503350258,8,6,6,0,M S,Borussia M.Gladbach,0,0.1725317994132638,7.779653295874596,7.725211024284363,Bundesliga,2022-2023
373,Mats Hummels,30,2026,1,1.9146205745637417,0,1.3432590467855334,17,12,5,0,D S,Borussia Dortmund,1,1.9146205745637417,13.291533194482328,11.913589134812357,Bundesliga,2022-2023
378,Milos Pantovic,13,170,1,1.4034431278705597,0,0.0,6,0,1,0,S,Union Berlin,1,0.6457468122243881,0.5745193101465702,0.1455104015767574,Bundesliga,2022-2023
420,Patrick Herrmann,21,125,1,0.2661339044570923,0,0.4147176072001457,6,4,2,0,S,Borussia M.Gladbach,1,0.2661339044570923,1.5661383867263794,1.0635679811239245,Bundesliga,2022-2023
454,Charles Aránguiz,10,497,1,0.2302397042512893,0,0.2118978044018149,5,3,1,0,M S,Bayer Leverkusen,1,0.2302397042512893,2.5478187948465347,2.17503559589386,Bundesliga,2022-2023
1277,Roland Sallai,19,996,1,3.211693041957915,3,1.432769381441176,32,16,6,0,D F M S,Freiburg,1,3.211693041957915,4.082279880531132,0.7020894680172205,Bundesliga,2022-2023
2379,João Cancelo,15,1018,1,0.740132313221693,4,3.012342065572738,12,13,3,0,D M S,Bayern Munich,1,0.740132313221693,11.520749151706696,8.435149043798447,Bundesliga,2022-2023
2611,Philipp Lienhart,29,2500,1,1.054093362763524,0,0.1202089972794056,17,3,3,0,D S,Freiburg,1,1.054093362763524,5.848429725505412,5.443973291665316,Bundesliga,2022-2023
2625,Paul Seguin,20,651,1,1.029469491913915,3,2.073301386088133,15,10,4,0,M S,Union Berlin,1,1.029469491913915,4.384452261030674,2.164173807948828,Bundesliga,2022-2023
2691,Milos Veljkovic,29,2258,1,0.8672148548066616,1,0.3911504819989204,4,7,2,0,D S,Werder Bremen,1,0.8672148548066616,4.755213469266892,4.707758160308003,Bundesliga,2022-2023
2693,Marius Wolf,25,1565,1,1.0406534112989902,1,3.3516891915351152,23,22,2,0,D M S,Borussia Dortmund,1,1.0406534112989902,9.93736912496388,6.8867241479456425,Bundesliga,2022-2023
3769,Gil Dias,7,407,1,0.5321334004402161,0,0.7684373054653406,10,8,0,0,F S,VfB Stuttgart,1,0.5321334004402161,1.4440937042236328,0.2249538991600275,Bundesliga,2022-2023
4243,Christian Günter,33,2752,1,1.7878065453842282,4,4.898587743751705,27,61,5,0,D M S,Freiburg,1,1.7878065453842282,9.596133073791862,5.097803715616465,Bundesliga,2022-2023
4247,Maximilian Philipp,18,544,1,1.92077876906842,0,0.2087732702493667,12,5,1,0,F M S,"Werder Bremen,Wolfsburg",1,1.92077876906842,2.7663206458091736,0.8668098449707031,Bundesliga,2022-2023
4248,Nils Petersen,27,231,1,1.4284525010734797,0,0.0206569004803895,9,1,1,0,S,Freiburg,1,1.4284525010734797,2.9619711749255657,1.5439123697578907,Bundesliga,2022-2023
4291,Marc-Oliver Kempf,31,2720,1,2.352677183225751,0,1.1688228230923414,17,9,5,0,D,Hertha Berlin,1,2.352677183225751,2.763959938660264,2.0357254054397345,Bundesliga,2022-2023
4340,Grischa Prömel,18,1458,1,2.327514637261629,1,0.9176380978897214,24,8,4,0,M S,Hoffenheim,1,2.327514637261629,4.912098289467394,2.622373137623072,Bundesliga,2022-2023
5248,Marcel Sabitzer,15,622,1,1.0313598802313209,1,0.2817846015095711,15,6,2,0,M S,Bayern Munich,1,1.0313598802313209,5.416687596589327,4.288550337776542,Bundesliga,2022-2023
5253,Benno Schmitz,31,2456,1,0.4100085962563753,0,1.833229087293148,10,19,6,0,D S,FC Cologne,1,0.4100085962563753,7.680772051215172,5.947262067347765,Bundesliga,2022-2023
5254,Marcel Halstenberg,31,1562,1,1.600805081427097,1,2.027093281969428,9,19,2,0,D S,RasenBallsport Leipzig,1,1.600805081427097,8.040307074785233,6.051198270171881,Bundesliga,2022-2023
5270,Gerrit Holtmann,23,923,1,1.9286248944699764,1,0.980614305473864,30,10,0,0,F M S,Bochum,1,1.9286248944699764,2.917423890903592,0.5224944744259119,Bundesliga,2022-2023
5292,Manuel Gulde,15,643,1,0.5734108686447144,0,0.1731704324483871,2,2,2,0,D S,Freiburg,1,0.5734108686447144,1.3315233793109655,1.3315233793109655,Bundesliga,2022-2023
5355,Jacob Bruun Larsen,12,311,1,1.260027188807726,0,0.2890466079115867,7,8,0,0,F S,Hoffenheim,1,1.260027188807726,2.107599997892976,0.6564348191022873,Bundesliga,2022-2023
5677,Florent Mollet,9,399,1,0.437628909945488,0,0.4854036010801792,11,4,1,0,M S,Schalke 04,1,0.437628909945488,1.735672987997532,0.9345378056168556,Bundesliga,2022-2023
5724,Irvin Cardona,10,292,1,2.658486820757389,0,0.0932124927639961,9,3,2,0,S,Augsburg,1,2.658486820757389,2.751698937267065,0.0,Bundesliga,2022-2023
6081,Dennis Geiger,27,2019,1,0.1656611412763595,3,2.4861039081588387,5,35,9,0,M,Hoffenheim,1,0.1656611412763595,7.273835579864681,5.599420048296452,Bundesliga,2022-2023
6338,Lucas Alario,20,290,1,1.3475146889686584,0,0.0589382015168666,11,1,0,0,F S,Eintracht Frankfurt,1,1.3475146889686584,2.426865501329303,1.0743135064840317,Bundesliga,2022-2023
6436,Stanley N&#039;Soki,19,1287,1,0.5313683049753308,0,0.4483819082379341,6,3,2,1,D S,Hoffenheim,1,0.5313683049753308,5.93269032984972,5.158309873193502,Bundesliga,2022-2023
6595,Paul Jäckel,16,1204,1,0.1598030030727386,0,0.0294516645371913,2,1,2,1,D S,Union Berlin,1,0.1598030030727386,1.4205832108855247,1.4205832108855247,Bundesliga,2022-2023
7049,Evan Ndicka,30,2694,1,1.5021085226908326,0,0.2152720019221305,18,3,4,0,D,Eintracht Frankfurt,1,1.5021085226908326,8.221431259065866,8.159191533923149,Bundesliga,2022-2023
7065,Florian Neuhaus,23,1408,1,1.7601174786686895,0,2.6257726550102234,28,15,2,0,M S,Borussia M.Gladbach,1,1.7601174786686895,8.51011537015438,4.909894483163953,Bundesliga,2022-2023
7067,Paulinho,4,81,1,0.5969429910182953,0,0.0,2,0,0,0,F S,Bayer Leverkusen,1,0.5969429910182953,0.6138509903103113,0.016907999292016,Bundesliga,2022-2023
7073,Pierre Kunde,12,365,1,0.3449650974944234,0,0.2024424746632576,4,4,0,0,M S,Bochum,1,0.3449650974944234,0.7458442570641637,0.1984367780387401,Bundesliga,2022-2023
7108,Jonathan Burkardt,11,540,1,3.820821888744831,2,1.2732256054878237,21,7,2,0,F M S,Mainz 05,1,3.0630448684096336,3.73875604569912,0.9070562198758124,Bundesliga,2022-2023
7267,Woo-Yeong Jeong,26,622,1,2.3447846341878176,1,1.0569153632968664,13,6,2,0,F M S,Freiburg,1,2.3447846341878176,3.8197363168001175,1.5174751058220863,Bundesliga,2022-2023
7345,Alphonso Davies,26,2054,1,2.2144710374996066,4,3.4712795857340097,19,43,0,0,D M S,Bayern Munich,1,2.2144710374996066,20.46779531426728,15.926782006397843,Bundesliga,2022-2023
7482,Kouadio Kone,30,2636,1,0.8235916122794151,1,1.285331044346094,26,20,12,0,M,Borussia M.Gladbach,1,0.8235916122794151,13.008390493690968,11.459222538396716,Bundesliga,2022-2023
7551,Mohamed Simakan,24,1462,1,2.333084085956216,1,1.239668756723404,12,11,2,0,D S,RasenBallsport Leipzig,1,2.333084085956216,4.416493048891425,3.202450942248106,Bundesliga,2022-2023
7612,Nathan N&#039;Goumou Minpol,20,688,1,1.1990367900580168,0,0.2088832631707191,13,3,0,0,F M S,Borussia M.Gladbach,1,1.1990367900580168,3.078505851328373,1.789853623136878,Bundesliga,2022-2023
7783,Xaver Schlager,22,1504,1,0.5458100996911526,1,0.973279032856226,5,8,2,0,M S,RasenBallsport Leipzig,1,0.5458100996911526,10.896394051611423,9.585913009941578,Bundesliga,2022-2023
7791,Sebastiaan Bornauw,26,1934,1,0.429217092692852,0,0.0605163015425205,4,1,8,0,D S,Wolfsburg,1,0.429217092692852,4.605699745938182,4.557444838806987,Bundesliga,2022-2023
7807,Luca Kilian,16,1118,1,1.1016450533643365,0,0.1990197710692882,4,3,1,2,D S,FC Cologne,1,1.1016450533643365,2.01297839358449,1.8989955224096773,Bundesliga,2022-2023
7815,Christian Groß,26,1918,1,0.3920436417683959,1,0.5678231548517942,5,5,4,0,D M S,Werder Bremen,1,0.3920436417683959,4.845863090828061,3.9561871979385614,Bundesliga,2022-2023
7900,Sargis Adamyan,24,594,1,4.416220685467124,3,1.153845027089119,21,8,3,0,F S,FC Cologne,1,4.416220685467124,5.836594196036458,1.2954558189958334,Bundesliga,2022-2023
7939,Morten Thorsby,24,803,1,0.994760949164629,1,0.2810052027925849,9,7,3,0,M S,Union Berlin,1,0.994760949164629,2.2772523518651724,1.1957275941967964,Bundesliga,2022-2023
7997,Julian Ryerson,30,2474,1,1.126702019944787,0,2.377535879611969,26,22,4,0,D S,"Borussia Dortmund,Union Berlin",1,1.126702019944787,11.521786760538816,10.113925835117698,Bundesliga,2022-2023
8025,Kasper Dolberg,13,380,1,0.3327627163380384,0,0.6243885392323136,6,4,0,0,F S,Hoffenheim,1,0.3327627163380384,1.2663547359406948,0.3092027977108955,Bundesliga,2022-2023
8171,Hannes Wolf,18,425,1,1.4649172388017178,1,0.3275195760652423,8,6,0,0,M S,Borussia M.Gladbach,1,1.4649172388017178,2.5546592846512794,0.853125381283462,Bundesliga,2022-2023
8317,Edmond Tapsoba,33,2874,1,2.565204307436943,0,1.047677090391517,15,5,5,0,D M S,Bayer Leverkusen,0,1.0496511161327362,13.109413214027882,12.333076603710651,Bundesliga,2022-2023
8397,Florian Wirtz,17,1089,1,0.583570022135973,6,4.696660354733467,7,39,4,0,F M S,Bayer Leverkusen,1,0.583570022135973,9.336530420929192,5.08792663551867,Bundesliga,2022-2023
8398,Márton Dárdai,17,954,1,0.0697600021958351,0,0.1361786965280771,2,4,2,0,D M S,Hertha Berlin,1,0.0697600021958351,1.2504708655178547,1.1211314760148523,Bundesliga,2022-2023
8401,Luca Netz,20,691,1,0.9112387504428624,3,1.2129683569073677,4,5,0,0,D S,Borussia M.Gladbach,1,0.9112387504428624,3.226912911981344,1.7279492877423763,Bundesliga,2022-2023
8803,Robert Gumny,29,2019,1,0.3968515675514936,2,1.0906317457556725,9,9,5,1,D S,Augsburg,1,0.3968515675514936,2.1613413710147142,1.43391408957541,Bundesliga,2022-2023
8853,Maxence Lacroix,24,1625,1,0.4165764041244983,0,0.0744308996945619,5,3,1,0,D S,Wolfsburg,1,0.4165764041244983,5.442830154672265,5.442830154672265,Bundesliga,2022-2023
8989,Ansgar Knauff,24,1284,1,1.006381593644619,1,1.4539695186540484,15,8,2,0,D S,Eintracht Frankfurt,1,1.006381593644619,4.798351685516536,2.471011712215841,Bundesliga,2022-2023
9053,Eric Martel,29,2033,1,1.642373476177454,1,0.8461567042395473,28,7,6,0,M S,FC Cologne,1,1.642373476177454,3.915235852822661,2.890046799555421,Bundesliga,2022-2023
9069,Romano Schmid,27,1509,1,1.517536404542625,3,1.95889806561172,18,23,3,0,F M S,Werder Bremen,1,1.517536404542625,7.789045225828886,4.613580694422126,Bundesliga,2022-2023
9156,Kevin Schade,8,166,1,0.1878343019634485,0,0.0,4,0,0,0,M S,Freiburg,1,0.1878343019634485,0.4267046134918928,0.333389014005661,Bundesliga,2022-2023
9293,Hugo Novoa Ramos,7,181,1,0.6052260100841522,0,0.0686655007302761,3,2,0,0,M S,RasenBallsport Leipzig,1,0.6052260100841522,1.159001391381025,0.5537764094769955,Bundesliga,2022-2023
9715,Hiroki Ito,30,2564,1,0.5910147782415152,1,1.9893338391557336,21,21,5,0,D M S,VfB Stuttgart,1,0.5910147782415152,8.336282348260283,6.891387430950999,Bundesliga,2022-2023
9718,Jamie Leweling,16,215,1,1.204305499792099,1,0.5070108249783516,9,2,1,0,S,Union Berlin,1,1.204305499792099,1.7667225282639265,0.4843890089541673,Bundesliga,2022-2023
9724,David Raum,28,1686,1,0.6448879111558199,2,5.142054616473615,14,35,5,0,D M S,RasenBallsport Leipzig,1,0.6448879111558199,8.364078218117356,6.27494917716831,Bundesliga,2022-2023
9725,Angelo Stiller,20,677,1,0.2448204951360821,1,0.8041299879550934,7,2,0,0,M S,Hoffenheim,1,0.2448204951360821,3.2991620153188705,2.648747604340315,Bundesliga,2022-2023
9790,Josko Gvardiol,30,2167,1,1.7560912743210793,0,0.6161073902621865,13,12,2,0,D S,RasenBallsport Leipzig,1,1.7560912743210793,9.578041969798504,9.14376179408282,Bundesliga,2022-2023
9910,Anton Stach,30,2080,1,2.024175141006708,4,3.7558081168681374,36,31,4,0,M S,Mainz 05,1,2.024175141006708,6.682561932131648,3.076814828440547,Bundesliga,2022-2023
9911,Piero Hincapié,30,2470,1,1.3324642069637775,1,1.3067817650735378,16,10,9,3,D M S,Bayer Leverkusen,1,1.3324642069637775,8.78414343483746,7.831875195726752,Bundesliga,2022-2023
9986,Kristijan Jakic,24,1451,1,0.8977809008210897,0,0.6532729091122746,8,7,4,0,D M S,Eintracht Frankfurt,1,0.8977809008210897,4.8774712746962905,4.138799605425447,Bundesliga,2022-2023
10050,Micky van de Ven,33,2970,1,1.3219706201925874,1,1.628925770521164,16,6,5,0,D,Wolfsburg,1,1.3219706201925874,9.03574127983302,8.689012460410595,Bundesliga,2022-2023
10318,Kelvin Yeboah,13,326,1,1.3547090254724026,1,0.3252255991101265,12,5,0,0,F S,Augsburg,1,1.3547090254724026,1.9232772588729856,0.5414285883307457,Bundesliga,2022-2023
10395,Kevin Paredes,22,467,1,0.1339329071342945,3,1.2515475004911425,4,15,2,0,M S,Wolfsburg,1,0.1339329071342945,3.264685845002532,2.056535067036748,Bundesliga,2022-2023
10696,Noussair Mazraoui,19,1073,1,0.8621763680130243,4,3.82255975715816,8,19,0,0,D S,Bayern Munich,1,0.8621763680130243,13.49953356012702,9.97263415157795,Bundesliga,2022-2023
10721,Sepp van den Berg,9,692,1,0.2777599543333053,0,0.1310897469520568,5,2,2,0,D S,Schalke 04,1,0.2777599543333053,0.8645213358104229,0.6877231746912003,Bundesliga,2022-2023
10735,Lee Buchanan,21,425,1,0.2125663654878735,0,1.0233589708805084,5,4,1,0,D M S,Werder Bremen,1,0.2125663654878735,1.4355984311550856,0.9181315330788492,Bundesliga,2022-2023
10837,Juan Perea,16,397,1,0.1915536038577556,0,0.6523671969771385,2,2,0,0,F S,VfB Stuttgart,1,0.1915536038577556,2.140662170946598,1.4293353743851185,Bundesliga,2022-2023
10848,Florian Dietz,11,395,1,2.3856642432510853,0,0.2618653029203415,17,4,1,0,F S,FC Cologne,1,2.3856642432510853,2.542707994580269,0.0,Bundesliga,2022-2023
10850,Rodrigo Zalazar,22,1338,1,3.0480029303580523,6,3.818176798522472,38,35,4,0,F M S,Schalke 04,1,3.0480029303580523,5.541506182402372,2.16299463622272,Bundesliga,2022-2023
10860,Derry Scherhant,10,262,1,0.2723037004470825,0,0.24201600253582,4,1,0,0,M S,Hertha Berlin,1,0.2723037004470825,1.414537988603115,1.032769987359643,Bundesliga,2022-2023
10926,Tim Skarke,12,496,1,0.7401213059201837,1,0.9000245099887252,15,11,1,0,M S,"Schalke 04,Union Berlin",1,0.7401213059201837,2.042828915640712,0.815601309761405,Bundesliga,2022-2023
11309,Andreas Hanche-Olsen,17,1502,1,0.3898823698982596,2,1.140797710046172,7,5,5,0,D,Mainz 05,1,0.3898823698982596,2.177363358438015,1.986186634749174,Bundesliga,2022-2023
11312,Soichiro Kozuki,5,392,1,1.2282172068953514,0,0.2562738992273807,14,4,1,0,M,Schalke 04,1,1.2282172068953514,1.281147114932537,0.2873010039329529,Bundesliga,2022-2023
11325,David Colina,7,136,1,0.4399879872798919,0,0.0615838002413511,1,2,0,0,S,Augsburg,1,0.4399879872798919,0.5709785651415586,0.0940254721790552,Bundesliga,2022-2023
11484,Ibrahim Maza,2,61,1,0.5629153847694397,0,0.0,1,0,0,0,S,Hertha Berlin,1,0.5629153847694397,1.0719477087259293,0.5090322941541672,Bundesliga,2022-2023
22,John Brooks,15,1350,0,0.3653876734897494,0,0.0,7,0,4,0,D,Hoffenheim,0,0.3653876734897494,2.079701241105795,2.079701241105795,Bundesliga,2022-2023
23,Marvin Plattenhardt,31,2418,0,0.3055188450962305,2,3.8877655677497382,8,30,3,0,D M S,Hertha Berlin,0,0.3055188450962305,3.5888708792626858,3.4204713329672813,Bundesliga,2022-2023
27,Vladimir Darida,3,26,0,0.0,0,0.0,0,0,0,0,S,Hertha Berlin,0,0.0,0.0,0.0,Bundesliga,2022-2023
35,Genki Haraguchi,22,1266,0,0.3769866013899445,2,0.674909807741642,11,15,1,0,M S,"Union Berlin,VfB Stuttgart",0,0.3769866013899445,3.559324758127332,2.855396682396531,Bundesliga,2022-2023
40,Stefan Bell,30,2399,0,0.7811163887381554,0,0.3608082067221403,7,7,9,0,D S,Mainz 05,0,0.7811163887381554,2.6135575026273727,2.2802903093397617,Bundesliga,2022-2023
42,Julian Baumgartlinger,16,520,0,0.1702906964346766,0,0.1162236966192722,3,2,1,0,M S,Augsburg,0,0.1702906964346766,1.2726374808698893,1.1233885940164328,Bundesliga,2022-2023
43,Danny Latza,20,827,0,0.911188654601574,1,0.2813880555331707,16,4,2,0,M S,Schalke 04,0,0.911188654601574,1.7259758412837982,0.9968359656631948,Bundesliga,2022-2023
52,Alexander Hack,19,1125,0,0.6021239012479782,0,0.1241120994091034,4,4,2,1,D S,Mainz 05,0,0.6021239012479782,2.979021204635501,2.872820219025016,Bundesliga,2022-2023
64,Filip Kostic,1,77,0,0.0176219996064901,0,0.091041699051857,1,1,1,0,D,Eintracht Frankfurt,0,0.0176219996064901,0.0303194001317024,0.0126973995938897,Bundesliga,2022-2023
69,Carlos Gruezo,13,967,0,0.0263745998963713,0,0.2204422019422054,2,6,5,0,M S,Augsburg,0,0.0263745998963713,1.5679318085312843,1.3211149126291275,Bundesliga,2022-2023
71,Timo Baumgartl,8,556,0,0.1534512005746364,1,0.1087887808680534,4,3,2,0,D S,Union Berlin,0,0.1534512005746364,1.5625516418367624,1.3962008450180292,Bundesliga,2022-2023
73,Oliver Baumann,34,3060,0,0.0,0,0.0070306798443198,0,1,2,0,GK,Hoffenheim,0,0.0,4.148974056355655,4.141943376511335,Bundesliga,2022-2023
81,Jonathan Schmid,3,38,0,0.1444749981164932,0,0.0848426967859268,1,1,0,0,S,Freiburg,0,0.1444749981164932,0.2934600114822387,0.1489849984645843,Bundesliga,2022-2023
84,Ermin Bicakcic,9,236,0,0.0,0,0.0,0,0,0,0,S,Hoffenheim,0,0.0,0.3657896108925342,0.3657896108925342,Bundesliga,2022-2023
88,Mark Uth,3,35,0,0.0444867014884948,0,0.0,1,0,1,0,S,FC Cologne,0,0.0444867014884948,0.4875437021255493,0.4430570006370544,Bundesliga,2022-2023
90,Sebastian Rudy,22,758,0,0.0961172077804803,1,0.6947903409600258,5,13,3,0,M S,Hoffenheim,0,0.0961172077804803,2.7909096851944923,2.660964274778962,Bundesliga,2022-2023
118,Levin Öztunali,2,3,0,0.0,1,0.4923680126667022,0,1,0,0,S,Union Berlin,0,0.0,0.4923680126667022,0.0,Bundesliga,2022-2023
126,Michael Zetterer,2,152,0,0.0,0,0.0,0,0,0,0,GK S,Werder Bremen,0,0.0,0.3848069906234741,0.3848069906234741,Bundesliga,2022-2023
129,Dominique Heintz,11,803,0,0.2686733826994896,0,0.1345563344657421,4,3,1,0,D S,Bochum,0,0.2686733826994896,1.293295670300722,1.032269571442157,Bundesliga,2022-2023
131,Jonas Hector,32,2830,0,1.2536811381578443,2,3.005852648988366,25,32,3,0,D M,FC Cologne,0,1.2536811381578443,8.971813114359975,8.113455280661583,Bundesliga,2022-2023
133,Kevin Vogt,22,1792,0,0.0,0,0.5047658076509833,0,4,8,0,D,Hoffenheim,0,0.0,5.06412497907877,4.5686035715043545,Bundesliga,2022-2023
155,Max Kruse,5,261,0,0.6018323972821236,0,0.0879366993904113,9,3,0,0,M S,Wolfsburg,0,0.6018323972821236,1.4237679988145828,0.92067339271307,Bundesliga,2022-2023
159,Koen Casteels,34,3060,0,0.055024329572916,1,0.905303120613098,1,2,0,0,GK,Wolfsburg,0,0.055024329572916,5.858843168243766,5.563377192243934,Bundesliga,2022-2023
186,Karim Bellarabi,8,78,0,0.0,0,0.0,0,0,0,0,M S,Bayer Leverkusen,0,0.0,0.3166132941842079,0.3166132941842079,Bundesliga,2022-2023
187,Christoph Kramer,28,2247,0,0.4321102993562817,0,2.153275579214096,6,15,4,0,D M S,Borussia M.Gladbach,0,0.4321102993562817,9.80018537864089,8.801280420273542,Bundesliga,2022-2023
199,Yann Sommer,29,2610,0,0.0,0,0.0,0,0,1,0,GK,"Bayern Munich,Borussia M.Gladbach",0,0.0,9.617172475904226,9.617172475904226,Bundesliga,2022-2023
201,Tony Jantschke,8,99,0,0.0,0,0.0,0,0,0,0,D S,Borussia M.Gladbach,0,0.0,0.57704097032547,0.57704097032547,Bundesliga,2022-2023
205,Mahmoud Dahoud,9,328,0,0.2455215007066726,0,0.3803223073482513,6,4,1,0,M S,Borussia Dortmund,0,0.2455215007066726,2.4283393565565348,1.947038745507598,Bundesliga,2022-2023
213,Thorgan Hazard,14,440,0,1.6576167549937963,0,1.010751306079328,8,11,1,0,D M S,Borussia Dortmund,0,1.6576167549937963,2.9991787243634462,0.8723939917981625,Bundesliga,2022-2023
214,Tobias Sippel,6,510,0,0.0,0,0.0,0,0,1,0,GK S,Borussia M.Gladbach,0,0.0,1.0768810138106346,1.0768810138106346,Bundesliga,2022-2023
217,Manuel Neuer,12,1080,0,0.0972940996289253,0,0.0,2,0,0,0,GK,Bayern Munich,0,0.0972940996289253,4.543590784072876,4.543590784072876,Bundesliga,2022-2023
231,Sven Ulreich,3,270,0,0.0,0,0.0,0,0,0,0,GK,Bayern Munich,0,0.0,2.159881640225649,2.159881640225649,Bundesliga,2022-2023
247,Danilo Soares,23,1792,0,0.031762896105647,0,1.299712123349309,2,12,6,0,D M,Bochum,0,0.031762896105647,4.382229285314679,3.5892174392938614,Bundesliga,2022-2023
249,Danny da Costa,23,1247,0,0.6438299268484116,2,1.4726438075304031,7,11,0,0,D M S,Mainz 05,0,0.6438299268484116,3.37753083370626,1.6387583166360855,Bundesliga,2022-2023
250,Ørjan Nyland,2,180,0,0.0,1,0.1495841294527053,0,1,0,0,GK,RasenBallsport Leipzig,0,0.0,0.8444308340549469,0.6948467195034027,Bundesliga,2022-2023
258,Tolga Cigerci,11,696,0,0.1927287895232439,1,0.2375660054385662,9,5,2,0,M S,Hertha Berlin,0,0.1927287895232439,1.1408729124814272,0.9637418240308762,Bundesliga,2022-2023
267,Philipp Max,10,702,0,0.5249998066574335,1,2.386744869872928,9,18,1,0,D S,Eintracht Frankfurt,0,0.5249998066574335,2.8184308912605047,1.380582144483924,Bundesliga,2022-2023
281,Lukas Hradecky,33,2970,0,0.0,0,0.0,0,0,0,1,GK,Bayer Leverkusen,0,0.0,3.032255125232041,3.032255125232041,Bundesliga,2022-2023
282,Makoto Hasebe,18,1317,0,0.0,0,0.3558728545904159,0,2,1,0,D S,Eintracht Frankfurt,0,0.0,2.753947287797928,2.43730428814888,Bundesliga,2022-2023
326,Pascal Stenzel,12,312,0,0.0261945994570851,1,0.6617796197533607,2,8,0,0,D S,VfB Stuttgart,0,0.0261945994570851,2.2854786412790418,2.2592840418219566,Bundesliga,2022-2023
330,Ralf Fährmann,12,1025,0,0.0,0,0.0,0,0,0,0,GK,Schalke 04,0,0.0,1.0106055745854974,1.0106055745854974,Bundesliga,2022-2023
359,Timothy Chandler,6,74,0,0.0,0,0.030308399349451,0,1,0,0,S,Eintracht Frankfurt,0,0.0,0.9535116106271744,0.9232036024332048,Bundesliga,2022-2023
368,Konstantinos Stafylidis,19,1039,0,0.2383763091638684,2,0.992935081012547,13,7,4,0,D M S,Bochum,0,0.2383763091638684,1.2401448972523212,0.6883647106587887,Bundesliga,2022-2023
418,Niklas Stark,27,2086,0,0.1465731533244252,0,0.4632322881370783,3,4,9,0,D S,Werder Bremen,0,0.1465731533244252,2.5588958244770765,2.1649999376386404,Bundesliga,2022-2023
419,Maximilian Mittelstädt,17,835,0,0.1615078980103135,0,1.0575019903481009,6,12,5,0,D M S,Hertha Berlin,0,0.1615078980103135,3.511513285338878,2.4998185709118843,Bundesliga,2022-2023
443,Peter Pekarík,5,197,0,0.0,0,0.0195844713598489,0,1,0,0,D S,Hertha Berlin,0,0.0,0.4234655797481537,0.4038811028003692,Bundesliga,2022-2023
449,Robin Zentner,26,2340,0,0.0,0,0.0648099035024643,0,1,1,0,GK,Mainz 05,0,0.0,1.9446534560993316,1.9446534560993316,Bundesliga,2022-2023
543,Reece Oxford,3,93,0,0.0,0,0.0766080021858215,0,1,0,0,D S,Augsburg,0,0.0,0.0766080021858215,0.0,Bundesliga,2022-2023
548,Daley Blind,4,126,0,0.0419234000146389,0,0.1018759980797767,1,2,0,0,D S,Bayern Munich,0,0.0419234000146389,1.304740995168686,1.225990042090416,Bundesliga,2022-2023
549,Timothy Fosu-Mensah,11,177,0,0.0629824995994567,0,0.5267039984464645,3,4,1,0,M S,Bayer Leverkusen,0,0.0629824995994567,1.1963598150759935,1.0355872064828873,Bundesliga,2022-2023
845,Maya Yoshida,29,2550,0,0.9310164069756866,0,0.1195856016129255,12,4,4,0,D S,Schalke 04,0,0.9310164069756866,2.338767798617482,2.2403703052550554,Bundesliga,2022-2023
855,Cristian Gamboa,19,1496,0,0.0972754312679171,0,0.4879088029265404,8,9,2,0,D M S,Bochum,0,0.0972754312679171,2.4310883581638336,2.254247364588082,Bundesliga,2022-2023
1040,Angelino,33,2626,0,0.9366727452725172,8,8.13685683440417,20,48,2,0,D M S,Hoffenheim,0,0.9366727452725172,12.903466511517763,7.878350031562149,Bundesliga,2022-2023
1084,Jonjoe Kenny,29,2242,0,0.192676099948585,1,1.8915132358670237,6,16,3,0,D S,Hertha Berlin,0,0.192676099948585,6.129555940628052,4.212192125618458,Bundesliga,2022-2023
1673,Edimilson Fernandes,32,2453,0,0.5788446050137281,3,1.2931853868067265,15,16,4,0,D S,Mainz 05,0,0.5788446050137281,3.5146729424595837,2.8318070778623223,Bundesliga,2022-2023
1819,Kevin-Prince Boateng,16,452,0,0.2930310145020485,0,0.1278839036822319,6,3,3,0,M S,Hertha Berlin,0,0.2930310145020485,1.3589556170627477,1.135298355482519,Bundesliga,2022-2023
2063,Timothée Kolodziejczak,1,23,0,0.0,0,0.0,0,0,0,0,S,Schalke 04,0,0.0,0.0,0.0,Bundesliga,2022-2023
2276,Lucas Hernández,7,484,0,0.0,0,0.1038269996643066,0,1,1,0,D S,Bayern Munich,0,0.0,2.4258759170770645,2.4258759170770645,Bundesliga,2022-2023
2627,Jannes Horn,2,58,0,0.0,0,0.0,0,0,1,0,D S,Bochum,0,0.0,0.0,0.0,Bundesliga,2022-2023
2659,Noah Joel Sarenren Bazee,2,12,0,0.0,0,0.0381073988974094,0,1,0,0,S,Augsburg,0,0.0,0.0381073988974094,0.0,Bundesliga,2022-2023
2663,Felix Passlack,3,57,0,0.0,0,0.490369101986289,0,2,0,0,S,Borussia Dortmund,0,0.0,2.039128383621573,1.5487593412399292,Bundesliga,2022-2023
2665,Jeffrey Gouweleeuw,32,2797,0,1.346700431779027,1,1.6698649385944009,15,11,12,0,D,Augsburg,0,1.346700431779027,2.683119592256844,2.035366779193282,Bundesliga,2022-2023
3150,Andrey Lunev,1,90,0,0.0,0,0.0,0,0,0,0,GK,Bayer Leverkusen,0,0.0,0.0712438970804214,0.0712438970804214,Bundesliga,2022-2023
3286,Kevin Trapp,33,2970,0,0.0,0,0.0,0,0,3,0,GK,Eintracht Frankfurt,0,0.0,3.1955743301659822,3.1955743301659822,Bundesliga,2022-2023
3339,Jérôme Roussillon,20,990,0,0.5452681872993708,2,1.0813358100131154,9,7,2,0,D S,"Union Berlin,Wolfsburg",0,0.5452681872993708,3.204289217479527,1.9763552276417613,Bundesliga,2022-2023
3393,Bouna Sarr,1,1,0,0.0,0,0.0,0,0,0,0,S,Bayern Munich,0,0.0,0.0,0.0,Bundesliga,2022-2023
3431,Almamy Touré,7,403,0,0.7782582882791758,1,0.5230220556259155,3,1,1,0,D S,Eintracht Frankfurt,0,0.7782582882791758,1.3155819103121758,0.7743782922625542,Bundesliga,2022-2023
4250,Nicolas Höfler,32,2828,0,1.586585677228868,1,1.10587608627975,21,5,9,1,M,Freiburg,0,1.586585677228868,8.141749340109527,7.000836486928165,Bundesliga,2022-2023
4313,Janis Blaswich,26,2340,0,0.0,0,0.0389438010752201,0,1,0,0,GK,RasenBallsport Leipzig,0,0.0,4.356674913316965,4.356674913316965,Bundesliga,2022-2023
4335,Nicolai Rapp,7,58,0,0.0913596004247665,0,0.0,1,0,0,0,S,Werder Bremen,0,0.0913596004247665,0.1807548999786377,0.0893952995538711,Bundesliga,2022-2023
4336,Raphael Framberger,3,182,0,0.0,0,0.0908901020884513,0,1,0,0,D M S,Augsburg,0,0.0,0.1752097979187965,0.1752097979187965,Bundesliga,2022-2023
4376,Marvin Schwäbe,34,3060,0,0.0,0,0.0,0,0,1,0,GK,FC Cologne,0,0.0,5.439777318388224,5.439777318388224,Bundesliga,2022-2023
4804,Abdou Diallo,8,472,0,0.1709995046257972,0,0.0700377002358436,4,1,2,0,D M S,RasenBallsport Leipzig,0,0.1709995046257972,1.2784720361232758,1.2084340155124664,Bundesliga,2022-2023
4848,Michael Frey,15,877,0,1.9593377178534863,3,2.0958570390939717,28,10,2,0,F S,Schalke 04,0,1.9593377178534863,4.519075870513916,0.6457106284797192,Bundesliga,2022-2023
4970,Luca Pellegrini,9,561,0,0.5536708999425173,0,0.7803259948268533,14,9,1,0,D S,Eintracht Frankfurt,0,0.5536708999425173,0.9495817134156824,0.4801012109965086,Bundesliga,2022-2023
5222,Joel Pohjanpalo,1,1,0,0.0,0,0.0,0,0,0,0,S,Bayer Leverkusen,0,0.0,0.0,0.0,Bundesliga,2022-2023
5230,Thomas Delaney,6,306,0,0.0748640969395637,0,0.0195038001984357,1,1,0,0,M S,Hoffenheim,0,0.0748640969395637,0.4395939987152815,0.3452261984348297,Bundesliga,2022-2023
5235,Aymen Barkok,23,529,0,0.3913880111649632,1,0.7371878288686275,11,7,1,0,M S,Mainz 05,0,0.3913880111649632,1.786135796457529,0.7496449705213308,Bundesliga,2022-2023
5240,Ondrej Duda,13,704,0,0.6100651063024998,0,0.4620995987206697,12,8,4,0,M S,FC Cologne,0,0.6100651063024998,2.3941830098629,1.7013518456369638,Bundesliga,2022-2023
5241,Péter Gulácsi,6,540,0,0.0,0,0.0,0,0,0,0,GK,RasenBallsport Leipzig,0,0.0,1.7651097681373358,1.7651097681373358,Bundesliga,2022-2023
5243,Dayotchanculle Upamecano,29,2341,0,1.0878540985286236,1,0.2807500045746565,7,6,6,1,D S,Bayern Munich,0,1.0878540985286236,20.613805655390024,20.393855664879084,Bundesliga,2022-2023
5262,Alexander Schwolow,23,2035,0,0.0996095016598701,0,0.0420546010136604,1,1,1,0,GK S,Schalke 04,0,0.0996095016598701,1.7379816295579076,1.6959270285442472,Bundesliga,2022-2023
5288,Gregor Kobel,27,2430,0,0.0,0,0.0,0,0,0,0,GK,Borussia Dortmund,0,0.0,6.736781107261777,6.736781107261777,Bundesliga,2022-2023
5293,Rafal Gikiewicz,23,2070,0,0.0,0,0.0,0,0,3,0,GK,Augsburg,0,0.0,0.8435589075088501,0.8435589075088501,Bundesliga,2022-2023
5294,Salih Özcan,26,1570,0,0.9669527672231196,1,0.649039376527071,3,10,6,0,M S,Borussia Dortmund,0,0.9669527672231196,9.854258436709642,8.718065526336432,Bundesliga,2022-2023
5328,Florian Müller,19,1710,0,0.0,0,0.0365844303742051,0,2,0,0,GK,VfB Stuttgart,0,0.0,4.110496556386352,4.073911553248763,Bundesliga,2022-2023
5329,Stefan Posch,1,18,0,0.0,0,0.0,0,0,0,1,D,Hoffenheim,0,0.0,0.0,0.0,Bundesliga,2022-2023
5340,Marco Friedl,30,2597,0,0.3046077890321612,0,0.742159390822053,6,9,7,1,D,Werder Bremen,0,0.3046077890321612,6.701313474215567,6.43504046741873,Bundesliga,2022-2023
5353,Josip Brekalo,6,269,0,0.0849440013989806,1,0.2671682983636856,2,5,0,0,F M S,Wolfsburg,0,0.0849440013989806,0.3983403062447905,0.2692177034914493,Bundesliga,2022-2023
5358,Lukas Klostermann,15,898,0,0.2889015795662999,0,0.111005999147892,6,1,0,0,D S,RasenBallsport Leipzig,0,0.2889015795662999,3.109500966966152,2.907434955239296,Bundesliga,2022-2023
5680,Thomas Meunier,10,582,0,0.2337681977078318,0,1.08432237803936,5,7,2,0,D S,Borussia Dortmund,0,0.2337681977078318,4.566876752302051,3.7620590403676033,Bundesliga,2022-2023
5736,Myziane Maolida,3,91,0,0.0,0,0.1372790038585662,0,1,0,0,F S,Hertha Berlin,0,0.0,0.1372790038585662,0.0,Bundesliga,2022-2023
5994,Saidy Janko,20,1125,0,0.0351679995656013,0,0.1153416987508535,1,2,1,0,D M S,Bochum,0,0.0351679995656013,2.0198651012033224,1.9917225018143652,Bundesliga,2022-2023
6007,Nicolas Cozza,5,90,0,0.0,0,0.0,0,0,0,0,S,Wolfsburg,0,0.0,0.5603526495397091,0.5603526495397091,Bundesliga,2022-2023
6019,Angelo Fulgini,16,513,0,0.79405059479177,1,0.8936613043770194,8,7,1,0,M S,Mainz 05,0,0.79405059479177,2.3068373864516616,0.6696624038740993,Bundesliga,2022-2023
6082,Jiri Pavlenka,33,2908,0,0.0,0,0.0,0,0,1,0,GK,Werder Bremen,0,0.0,2.616541028022766,2.616541028022766,Bundesliga,2022-2023
6100,Felix Uduokhai,19,1449,0,0.2810891196131706,1,0.231786735355854,4,3,3,1,D S,Augsburg,0,0.2810891196131706,1.6158726327121258,1.5346208326518536,Bundesliga,2022-2023
6103,Dan-Axel Zagadou,17,1275,0,1.5300191482529044,0,0.6441727681085467,14,9,3,0,D S,VfB Stuttgart,0,1.5300191482529044,3.778604734688997,3.260383792221546,Bundesliga,2022-2023
6290,Alexander Meyer,7,630,0,0.0,0,0.0,0,0,0,0,GK,Borussia Dortmund,0,0.0,1.3360484018921852,1.3360484018921852,Bundesliga,2022-2023
6292,Tomas Koubek,11,990,0,0.0,0,0.0,0,0,0,0,GK,Augsburg,0,0.0,0.6914921347051859,0.6914921347051859,Bundesliga,2022-2023
6327,Kevin Akpoguma,28,1966,0,0.4143489804118871,0,0.6481539979577065,8,5,11,0,D S,Hoffenheim,0,0.4143489804118871,3.9068340938538313,3.155833002179861,Bundesliga,2022-2023
6411,Niklas Dorsch,11,471,0,0.0,0,0.3145593404769897,0,1,1,0,M S,Augsburg,0,0.0,0.4861020967364311,0.4861020967364311,Bundesliga,2022-2023
6415,Nikolas Nartey,9,474,0,0.4124358892440796,0,0.2409589644521474,4,4,1,0,D M S,VfB Stuttgart,0,0.4124358892440796,0.8038650043308735,0.2296524047851562,Bundesliga,2022-2023
6445,Elvis Rexhbecaj,31,2566,0,0.3342985529452562,0,1.2082694992423058,16,13,6,0,M S,Augsburg,0,0.3342985529452562,3.8194191930815578,2.499745972454548,Bundesliga,2022-2023
6456,Callum Hudson-Odoi,14,610,0,0.1621479000896215,1,0.6222708076238632,4,12,0,0,F M S,Bayer Leverkusen,0,0.1621479000896215,2.0590027030557394,1.4365442022681236,Bundesliga,2022-2023
6531,Alexander Sørloth,1,2,0,0.0,0,0.0,0,0,1,0,S,RasenBallsport Leipzig,0,0.0,0.0115809002891182,0.0115809002891182,Bundesliga,2022-2023
6596,Finn Dahmen,8,720,0,0.0,0,0.0,0,0,0,0,GK,Mainz 05,0,0.0,1.316108450293541,1.316108450293541,Bundesliga,2022-2023
6723,Jordi Osei-Tutu,20,738,0,0.7449084091931581,0,0.1610347032546997,12,5,3,0,D F M S,Bochum,0,0.7449084091931581,1.6405659839510918,0.8293641693890095,Bundesliga,2022-2023
6797,Filip Uremovic,22,1740,0,1.2444611145183444,0,0.4669527933001518,9,4,6,1,D S,Hertha Berlin,0,1.2444611145183444,2.417475624475628,2.1183761046268046,Bundesliga,2022-2023
7030,Fabian Bredlow,15,1350,0,0.0,0,0.0,0,0,2,0,GK,VfB Stuttgart,0,0.0,0.9451732290908694,0.9451732290908694,Bundesliga,2022-2023
7047,Mark Flekken,34,3060,0,0.0,0,0.5663741230964661,0,4,0,0,GK,Freiburg,0,0.0,4.181364476680756,3.9041163437068462,Bundesliga,2022-2023
7048,Frederik Rönnow,29,2610,0,0.0,0,0.0211532991379499,0,1,2,0,GK,Union Berlin,0,0.0,2.785597950220108,2.764444651082158,Bundesliga,2022-2023
7056,Niko Gießelmann,26,1295,0,0.776525666937232,2,1.7110193148255348,20,22,4,0,D S,Union Berlin,0,0.776525666937232,3.072348453104496,1.8975248076021671,Bundesliga,2022-2023
7103,Agustín Rogel,20,1416,0,0.8356790170073509,1,0.0628511011600494,5,1,7,0,D S,Hertha Berlin,0,0.8356790170073509,0.4485121015459299,0.4485121015459299,Bundesliga,2022-2023
7107,Jean-Paul Boëtius,21,1048,0,0.3401148924604058,0,0.8573997933417559,5,13,3,0,M S,Hertha Berlin,0,0.3401148924604058,2.883164616767317,2.1692807325162,Bundesliga,2022-2023
7410,Andras Schafer,16,867,0,0.2498992728069424,0,0.1858521960675716,7,3,0,0,M S,Union Berlin,0,0.2498992728069424,1.6131413141265512,1.2176516447216272,Bundesliga,2022-2023
7431,Jean-Manuel Mbom,2,4,0,0.0,0,0.0,0,0,0,0,S,Werder Bremen,0,0.0,0.0,0.0,Bundesliga,2022-2023
7632,Ivan Ordets,30,2456,0,1.6155919637531042,0,0.9841010523959994,18,7,4,0,D S,Bochum,0,1.6155919637531042,2.3139213398098946,1.732987073250115,Bundesliga,2022-2023
7719,Nathanael Mbuku,2,25,0,0.0,0,0.0,0,0,0,0,S,Augsburg,0,0.0,0.024617800489068,0.024617800489068,Bundesliga,2022-2023
7770,Jordan Larsson,11,468,0,0.9179258029907942,0,0.709810109809041,10,4,0,0,M S,Schalke 04,0,0.9179258029907942,1.7082823887467384,0.1552625969052314,Bundesliga,2022-2023
7785,Kingsley Ehizibue,1,64,0,0.0113286999985575,0,0.0,1,0,0,0,D,FC Cologne,0,0.0113286999985575,0.0817902982234954,0.0704616010189056,Bundesliga,2022-2023
7788,Kingsley Schindler,29,1053,0,2.294483568519354,1,0.8811257928609848,11,10,4,0,D M S,FC Cologne,0,2.294483568519354,5.587809706106782,2.559417525306344,Bundesliga,2022-2023
7790,Darko Churlinov,1,23,0,0.0,0,0.0,0,0,0,0,S,VfB Stuttgart,0,0.0,0.0,0.0,Bundesliga,2022-2023
7809,Mads Pedersen,28,1835,0,0.2617388470098376,0,0.731495875865221,9,15,6,0,D M S,Augsburg,0,0.2617388470098376,2.106668382883072,1.2319271564483645,Bundesliga,2022-2023
7831,Stefan Lainer,17,819,0,0.911996278911829,0,1.0357914343476295,6,8,2,0,D S,Borussia M.Gladbach,0,0.911996278911829,4.927086777985096,3.378446452319622,Bundesliga,2022-2023
7868,Diadie Samassékou,2,31,0,0.0,0,0.0,0,0,1,0,M S,Hoffenheim,0,0.0,0.0070306798443198,0.0070306798443198,Bundesliga,2022-2023
7875,Christopher Trimmel,25,1811,0,0.562819616869092,6,2.6986877834424376,14,35,1,0,D S,Union Berlin,0,0.562819616869092,3.797476470470429,2.32154162786901,Bundesliga,2022-2023
7876,Christopher Lenz,24,1278,0,0.448430448770523,2,2.7751849070191383,12,24,1,0,D S,Eintracht Frankfurt,0,0.448430448770523,7.177272088825703,5.683356866240501,Bundesliga,2022-2023
7899,Daley Sinkgraven,12,345,0,0.179864096455276,2,1.7516733082011342,5,6,1,0,D M S,Bayer Leverkusen,0,0.179864096455276,2.54534662142396,0.8132128929719329,Bundesliga,2022-2023
7937,Julian Chabot,21,1815,0,1.1622466929256916,2,2.173225771635771,14,4,3,0,D,FC Cologne,0,1.1622466929256916,3.8065885305404654,3.8065885305404654,Bundesliga,2022-2023
8000,Ilia Gruev,31,1581,0,0.2761705769225955,0,0.8603825625032187,6,8,3,0,M S,Werder Bremen,0,0.2761705769225955,4.923180348239839,4.011659775860608,Bundesliga,2022-2023
8017,Alex Kral,29,2357,0,1.562538480386138,0,0.5070484662428498,32,11,3,0,M S,Schalke 04,0,1.562538480386138,6.027862414717674,4.629865577444434,Bundesliga,2022-2023
8065,Iago,22,1616,0,0.5045134099200368,2,1.513440130278468,9,10,4,1,D M S,Augsburg,0,0.5045134099200368,4.3672290202230215,3.115460731089115,Bundesliga,2022-2023
8116,Ayman Azhil,1,1,0,0.0,0,0.0,0,0,0,0,S,Bayer Leverkusen,0,0.0,0.0,0.0,Bundesliga,2022-2023
8206,Yannik Keitel,22,681,0,0.0981932822614908,2,0.1648069750517606,4,4,4,0,M S,Freiburg,0,0.0981932822614908,1.7110280748456717,1.6146709080785513,Bundesliga,2022-2023
8213,Paulo Otávio,25,2070,0,0.5616206908598542,5,3.4950895430520177,19,23,8,0,D M,Wolfsburg,0,0.5616206908598542,7.3325059516355395,4.861743248067796,Bundesliga,2022-2023
8378,Malick Thiaw,3,270,0,0.1786629967391491,0,0.0,2,0,2,0,D,Schalke 04,0,0.1786629967391491,0.3071206994354725,0.3071206994354725,Bundesliga,2022-2023
8407,Tim Lemperle,12,95,0,0.1499760001897812,0,0.662684977054596,2,3,0,0,S,FC Cologne,0,0.1499760001897812,1.2163401879370213,0.6830402053892612,Bundesliga,2022-2023
8645,Enzo Millot,23,879,0,1.5908633694052696,1,1.8406341979280116,17,13,3,0,M S,VfB Stuttgart,0,1.5908633694052696,3.9699579533189535,2.320619506761432,Bundesliga,2022-2023
8678,Jonas Omlin,15,1290,0,0.0,0,0.1009339243173599,0,2,0,0,GK,Borussia M.Gladbach,0,0.0,2.201643444597721,2.100709518417716,Bundesliga,2022-2023
8694,Chidera Ejuke,20,874,0,1.5092752296477556,3,1.5222751833498478,24,10,0,0,F M S,Hertha Berlin,0,1.5092752296477556,5.453871883451939,2.6058313474059105,Bundesliga,2022-2023
8794,Cédric Brunner,28,2344,0,0.3148086760193109,0,1.9498100448399784,10,19,5,0,D,Schalke 04,0,0.3148086760193109,3.9447230705991383,2.3983014822006226,Bundesliga,2022-2023
8804,Felix Agu,3,40,0,0.0451024994254112,0,0.0688033029437065,1,1,1,0,S,Werder Bremen,0,0.0451024994254112,0.1139058023691177,0.0688033029437065,Bundesliga,2022-2023
8812,Sasa Kalajdzic,3,241,0,0.4039623886346817,3,0.681012399494648,5,6,1,0,F,VfB Stuttgart,0,0.4039623886346817,1.094398096203804,0.2441340982913971,Bundesliga,2022-2023
8826,Rocco Reitz,1,2,0,0.0,0,0.0,0,0,0,0,S,Borussia M.Gladbach,0,0.0,0.0,0.0,Bundesliga,2022-2023
8847,Niklas Tauer,3,83,0,0.080918900668621,0,0.0,1,0,0,0,S,Mainz 05,0,0.080918900668621,0.102572102099657,0.102572102099657,Bundesliga,2022-2023
8876,Dimitris Limnios,2,33,0,0.0139282485470175,0,0.0905420184135437,1,2,0,0,S,FC Cologne,0,0.0139282485470175,0.0174227822571992,0.0,Bundesliga,2022-2023
8878,Atakan Karazor,29,1957,0,0.1994857955724001,1,0.5135862026363611,6,14,10,0,M S,VfB Stuttgart,0,0.1994857955724001,6.075968971475959,5.649411277845502,Bundesliga,2022-2023
8922,Thomas Ouwejan,17,897,0,0.1202574018388986,1,1.0852834060788157,5,18,1,0,D M S,Schalke 04,0,0.1202574018388986,2.153340104967356,1.7265265863388777,Bundesliga,2022-2023
8987,Lilian Egloff,10,231,0,0.300667991861701,0,0.8084998950362206,8,4,1,0,F M S,VfB Stuttgart,0,0.300667991861701,1.5832354128360748,0.5523819914087653,Bundesliga,2022-2023
9127,Lukas Petkov,7,126,0,0.034078299999237,0,0.0,2,0,1,0,S,Augsburg,0,0.034078299999237,0.034078299999237,0.0,Bundesliga,2022-2023
9129,Lennart Grill,5,450,0,0.0,0,0.0,0,0,0,0,GK,Union Berlin,0,0.0,0.1133544985204935,0.1133544985204935,Bundesliga,2022-2023
9162,Kerim Çalhanoglu,3,59,0,0.0188631005585193,0,0.1159909963607788,1,3,0,0,S,Schalke 04,0,0.0188631005585193,0.3374429941177368,0.2025890052318573,Bundesliga,2022-2023
9201,Eren Sami Dinkci,17,190,0,0.5172514915466309,0,0.4940775856375694,6,6,0,0,S,Werder Bremen,0,0.5172514915466309,1.0007512290030718,0.2173261009156704,Bundesliga,2022-2023
9270,Kiliann Sildillia,27,1978,0,0.7158408928662539,2,1.3326725186780095,10,10,2,1,D M S,Freiburg,0,0.7158408928662539,5.065217800438404,3.6133141480386257,Bundesliga,2022-2023
9412,Florian Flick,8,501,0,0.0471363998949527,0,0.0161630995571613,2,1,1,0,M S,Schalke 04,0,0.0471363998949527,0.3476714976131916,0.2968528978526592,Bundesliga,2022-2023
9427,Mehmet Can Aydin,16,542,0,0.3582813013345003,0,0.6829575225710869,5,4,0,0,D M S,Schalke 04,0,0.3582813013345003,1.14112582616508,0.9457641849294304,Bundesliga,2022-2023
9458,Josip Stanisic,14,560,0,0.0,0,0.511153195053339,0,4,1,0,D S,Bayern Munich,0,0.0,6.927464487031102,6.416308822110295,Bundesliga,2022-2023
9479,Clinton Mola,1,11,0,0.0212140008807182,0,0.0,1,0,1,0,S,VfB Stuttgart,0,0.0212140008807182,0.0212140008807182,0.0,Bundesliga,2022-2023
9543,Henning Matriciani,22,1883,0,0.1609551133587956,0,0.1243749856948852,3,3,1,0,D,Schalke 04,0,0.1609551133587956,3.794903700239957,3.654976829886437,Bundesliga,2022-2023
9615,Jere Uronen,11,691,0,0.0650570644065737,0,1.1887695714831352,4,9,2,0,D S,Schalke 04,0,0.0650570644065737,0.696028208360076,0.5072013596072793,Bundesliga,2022-2023
9674,Joe Scally,28,2226,0,0.6349932085722685,0,2.0152131840586662,8,13,2,0,D S,Borussia M.Gladbach,0,0.6349932085722685,7.852450342848897,6.896413326263428,Bundesliga,2022-2023
9702,Manuel Riemann,34,3060,0,0.0196764003485441,0,0.1133483983576297,1,2,3,0,GK,Bochum,0,0.0196764003485441,6.019377781078219,5.906032023951411,Bundesliga,2022-2023
9703,Maxim Leitsch,9,659,0,0.0846455032005906,0,0.0140263997018337,2,1,0,0,D S,Mainz 05,0,0.0846455032005906,0.827564986422658,0.8041619826108217,Bundesliga,2022-2023
9704,Vasilios Lampropoulos,15,618,0,0.2495747972279787,0,0.0871753022074699,6,1,2,0,D S,Bochum,0,0.2495747972279787,0.7879841141402721,0.7008088119328022,Bundesliga,2022-2023
9707,Silvère Ganvoula,16,204,0,0.3378532282076776,0,0.3249626979231834,8,5,1,0,S,Bochum,0,0.3378532282076776,1.0496272924356165,0.4072498138993978,Bundesliga,2022-2023
9711,Patrick Osterhage,23,1009,0,0.2443461809307336,0,0.2897718846797943,6,5,3,0,M S,Bochum,0,0.2443461809307336,1.296768233180046,0.8393440395593643,Bundesliga,2022-2023
9713,Tymoteusz Puchacz,1,60,0,0.0,0,0.0088548101484775,0,1,0,0,D,Union Berlin,0,0.0,0.0,0.0,Bundesliga,2022-2023
9714,Odilon Kossounou,24,1518,0,0.1056530978530645,1,0.141922403126955,3,3,3,0,D S,Bayer Leverkusen,0,0.1056530978530645,3.917286849580705,3.7647726675495514,Bundesliga,2022-2023
9716,Maximilian Bauer,27,1841,0,1.2504343139007688,1,0.4464748632162809,8,4,8,0,D S,Augsburg,0,1.2504343139007688,3.578761273995042,3.554126020520925,Bundesliga,2022-2023
9723,Frederik Winther,1,90,0,0.0,1,0.0439608991146087,0,1,0,0,D,Augsburg,0,0.0,0.0978707000613212,0.0978707000613212,Bundesliga,2022-2023
9732,Noah Weißhaupt,18,398,0,0.3457532227039337,1,1.193778244778514,2,8,0,0,D M S,Freiburg,0,0.3457532227039337,1.7486506178975103,0.5518267825245857,Bundesliga,2022-2023
9750,Antonios Papadopoulos,1,11,0,0.0114804999902844,0,0.0,1,0,0,0,S,Borussia Dortmund,0,0.0114804999902844,0.0,0.0,Bundesliga,2022-2023
9753,Diant Ramaj,1,90,0,0.0,0,0.0,0,0,0,0,GK,Eintracht Frankfurt,0,0.0,0.0,0.0,Bundesliga,2022-2023
9935,Aster Vranckx,1,4,0,0.0,0,0.0,0,0,0,0,S,Wolfsburg,0,0.0,0.0150212999433279,0.0150212999433279,Bundesliga,2022-2023
9943,Moritz Jenz,11,947,0,0.9572696089744568,0,0.0094241695478558,10,1,5,0,D,Schalke 04,0,0.9572696089744568,2.2433805726468563,2.2339563705027103,Bundesliga,2022-2023
9992,Oliver Christensen,33,2970,0,0.0,0,0.0,0,0,2,0,GK,Hertha Berlin,0,0.0,2.650002060458064,2.650002060458064,Bundesliga,2022-2023
10113,Fisnik Asllani,8,138,0,1.5902240723371506,0,0.1401693001389503,9,3,0,0,S,Hoffenheim,0,1.5902240723371506,0.7949380166828632,0.3121355921030044,Bundesliga,2022-2023
10145,Dikeni-Rafid Salifou,1,1,0,0.0,0,0.0,0,0,0,0,S,Werder Bremen,0,0.0,0.0,0.0,Bundesliga,2022-2023
10157,Mathias Olesen,14,463,0,0.0,0,0.12150289863348,0,2,1,0,M S,FC Cologne,0,0.0,0.5609476175159216,0.4394447188824415,Bundesliga,2022-2023
10245,Paul Wanner,2,19,0,0.0,0,0.0487035997211933,0,1,1,0,S,Bayern Munich,0,0.0,0.0,0.0,Bundesliga,2022-2023
10248,Arijon Ibrahimovic,1,12,0,0.5974339842796326,0,0.0419234000146389,2,1,0,0,S,Bayern Munich,0,0.5974339842796326,1.175029993057251,0.5849249958992004,Bundesliga,2022-2023
10253,Ricardo Pepi,4,92,0,0.0592698007822036,0,0.0331138996407389,1,2,0,0,F S,Augsburg,0,0.0592698007822036,0.1847607940435409,0.1071769967675209,Bundesliga,2022-2023
10286,Hugo Siquet,2,13,0,0.0,0,0.0,0,0,0,0,S,Freiburg,0,0.0,0.0,0.0,Bundesliga,2022-2023
10289,Tom Bischof,11,306,0,0.9362808931618928,0,1.1524579226970673,7,5,0,0,M S,Hoffenheim,0,0.9362808931618928,2.284682849422097,0.3431813418865204,Bundesliga,2022-2023
10368,Delano Burgzorg,13,222,0,0.0893872994929552,1,0.0818390026688575,4,1,2,0,S,Mainz 05,0,0.0893872994929552,0.5712936241179705,0.4000673219561577,Bundesliga,2022-2023
10410,Tjark Ernst,1,90,0,0.0,0,0.0,0,0,0,0,GK,Hertha Berlin,0,0.0,0.0464282520115375,0.0464282520115375,Bundesliga,2022-2023
10467,Soumaila Coulibaly,1,42,0,0.0,0,0.0,0,0,0,0,S,Borussia Dortmund,0,0.0,0.0692417025566101,0.0692417025566101,Bundesliga,2022-2023
10474,Robert Wagner,4,28,0,0.5085555911064148,0,0.0,2,0,1,0,S,Freiburg,0,0.5085555911064148,0.6299700811505318,0.1614633798599243,Bundesliga,2022-2023
10498,Kenneth Schmidt,5,251,0,0.0,0,0.0,0,0,1,0,D S,Freiburg,0,0.0,0.303751427680254,0.303751427680254,Bundesliga,2022-2023
10508,Eniss Shabani,1,8,0,0.0,0,0.0,0,0,1,0,S,Mainz 05,0,0.0,0.0,0.0,Bundesliga,2022-2023
10544,Julian Eitschberger,1,1,0,0.0,0,0.0,0,0,0,0,S,Hertha Berlin,0,0.0,0.0,0.0,Bundesliga,2022-2023
10550,Tom Rothe,2,20,0,0.0984577015042305,0,0.0,1,0,0,0,S,Borussia Dortmund,0,0.0984577015042305,0.0,0.0,Bundesliga,2022-2023
10558,Gabriel Vidovic,1,16,0,0.0,1,0.1591960042715072,0,2,0,0,S,Bayern Munich,0,0.0,0.1797990053892135,0.0206035003066062,Bundesliga,2022-2023
10585,Justin Njinmah,1,19,0,0.0,0,0.0,0,0,0,0,S,Borussia Dortmund,0,0.0,0.0,0.0,Bundesliga,2022-2023
10595,Umut Tohumcu,8,261,0,0.1101806992664933,0,0.0689318142831325,4,2,0,0,M S,Hoffenheim,0,0.1101806992664933,0.3231257107108831,0.1584300938993692,Bundesliga,2022-2023
10695,Faride Alidou,15,143,0,0.0943684019148349,1,0.4530500024557113,2,3,0,0,S,Eintracht Frankfurt,0,0.0943684019148349,1.5022531151771543,0.9548341259360312,Bundesliga,2022-2023
10697,Ryan Gravenberch,24,527,0,0.7752301301807165,0,0.3644072394818067,11,9,1,0,M S,Bayern Munich,0,0.7752301301807165,5.134856633841991,4.252635369077325,Bundesliga,2022-2023
10724,Diogo Leite,28,2255,0,0.5433130227029324,1,0.4065033961087465,11,4,6,1,D S,Union Berlin,0,0.5433130227029324,4.752847585827112,4.594100397080183,Bundesliga,2022-2023
10726,Ivan Sunjic,18,989,0,0.3220673054456711,0,0.1665801964700222,6,4,4,0,M S,Hertha Berlin,0,0.3220673054456711,1.9094921071082356,1.4408858120441437,Bundesliga,2022-2023
10727,Ko Itakura,24,1983,0,0.5706223398447037,2,0.2349334768950939,11,4,1,2,D S,Borussia M.Gladbach,0,0.5706223398447037,6.179506425745785,6.030138230882585,Bundesliga,2022-2023
10728,Oscar Fraulo,2,5,0,0.0,0,0.0,0,0,0,0,S,Borussia M.Gladbach,0,0.0,0.0242472644895315,0.0242472644895315,Bundesliga,2022-2023
10729,Yvandro Borges Sanches,3,18,0,0.0107124000787734,0,0.0,1,0,0,0,S,Borussia M.Gladbach,0,0.0107124000787734,0.0107124000787734,0.0,Bundesliga,2022-2023
10730,Muhammed Damar,6,146,0,0.0431731007993221,0,0.1452826000750064,1,3,0,0,M S,Hoffenheim,0,0.0431731007993221,1.394998699426651,1.2740841954946518,Bundesliga,2022-2023
10731,Finn Becker,13,505,0,0.3409315627068281,0,0.2979666888713836,6,4,0,0,D M S,Hoffenheim,0,0.3409315627068281,2.4122296646237373,1.9029208049178123,Bundesliga,2022-2023
10733,Bartol Franjic,5,232,0,0.4416798986494541,1,0.3058874979615211,2,2,0,0,M S,Wolfsburg,0,0.4416798986494541,0.5967073999345303,0.2755075022578239,Bundesliga,2022-2023
10738,Marlon Mustapha,6,57,0,0.4974861890077591,0,0.0097193894907832,3,1,1,0,S,Mainz 05,0,0.4974861890077591,0.5841747894883156,0.0769691988825798,Bundesliga,2022-2023
10838,Luca Pfeiffer,19,686,0,2.433406077325344,0,1.1532226838171482,12,13,1,1,F S,VfB Stuttgart,0,2.433406077325344,4.175427824258804,1.994028390850872,Bundesliga,2022-2023
10839,Sanoussy Ba,1,1,0,0.0,0,0.0,0,0,0,0,S,RasenBallsport Leipzig,0,0.0,0.0,0.0,Bundesliga,2022-2023
10849,Kristian Pedersen,6,269,0,0.3014000058174133,0,0.0732360985130071,1,2,1,0,D S,FC Cologne,0,0.3014000058174133,0.5092042870819569,0.4529790878295898,Bundesliga,2022-2023
10851,Tobias Mohr,18,816,0,0.7133287824690342,3,2.1852673646062613,12,21,0,0,D M S,Schalke 04,0,0.7133287824690342,3.0131134409457445,1.200985288247466,Bundesliga,2022-2023
10861,Hrvoje Smolcic,9,459,0,0.2030751034617424,0,0.0,3,0,0,0,D S,Eintracht Frankfurt,0,0.2030751034617424,2.5725164338946342,2.5725164338946342,Bundesliga,2022-2023
10862,Tim Oermann,4,191,0,0.0,0,0.0,0,0,0,0,D S,Bochum,0,0.0,0.0,0.0,Bundesliga,2022-2023
10863,Aaron Zehnter,1,1,0,0.0,0,0.0,0,0,0,0,S,Augsburg,0,0.0,0.0,0.0,Bundesliga,2022-2023
11001,Eduardo Quaresma,4,82,0,0.0,0,0.0,0,0,0,0,D S,Hoffenheim,0,0.0,0.5079216994345188,0.5079216994345188,Bundesliga,2022-2023
11002,Thomas Kastanaras,4,68,0,0.1763904988765716,0,0.0540929995477199,2,1,0,0,M S,VfB Stuttgart,0,0.1763904988765716,0.1323910020291805,0.0249374993145465,Bundesliga,2022-2023
11019,Jacek Góralski,4,143,0,0.0,0,0.0463722012937068,0,2,0,0,M S,Bochum,0,0.0,0.2313790023326873,0.1850070059299469,Bundesliga,2022-2023
11031,Kilian Fischer,10,501,0,0.1338525004684925,0,0.355854369699955,3,5,2,0,D S,Wolfsburg,0,0.1338525004684925,1.6006423700600865,1.254663271829486,Bundesliga,2022-2023
11050,Alou Kuol,1,4,0,0.0,0,0.0,0,0,0,0,S,VfB Stuttgart,0,0.0,0.0,0.0,Bundesliga,2022-2023
11073,Fabio Chiarodia,3,65,0,0.0,0,0.0,0,0,0,0,D S,Werder Bremen,0,0.0,0.1379331983625888,0.1379331983625888,Bundesliga,2022-2023
11077,Leo Greiml,7,350,0,0.0786295980215072,0,0.0547963008284568,1,1,2,0,D S,Schalke 04,0,0.0786295980215072,0.2337466031312942,0.1789503023028373,Bundesliga,2022-2023
11107,Marcel Wenig,1,1,0,0.0,0,0.0,0,0,0,0,S,Eintracht Frankfurt,0,0.0,0.0,0.0,Bundesliga,2022-2023
11120,Nikola Soldo,7,593,0,0.6820327043533325,0,0.0230500008910894,6,1,1,0,D S,FC Cologne,0,0.6820327043533325,0.9792268984019756,0.9448019079864024,Bundesliga,2022-2023
11130,Jan Olschowsky,4,360,0,0.0,0,0.0,0,0,0,0,GK,Borussia M.Gladbach,0,0.0,0.5856650173664093,0.5856650173664093,Bundesliga,2022-2023
11159,Lukás Ambros,1,14,0,0.0,0,0.0,0,0,0,0,S,Wolfsburg,0,0.0,0.0,0.0,Bundesliga,2022-2023
11200,Sidi Sané,1,23,0,0.0,0,0.0,0,0,0,0,S,Schalke 04,0,0.0,0.0,0.0,Bundesliga,2022-2023
11207,Joshua Quarshie,1,1,0,0.0,0,0.0,0,0,0,0,S,Hoffenheim,0,0.0,0.0604417994618415,0.0604417994618415,Bundesliga,2022-2023
11215,Marco Pasalic,1,9,0,0.024389000609517,0,0.0,1,0,0,0,S,Borussia Dortmund,0,0.024389000609517,0.0433746986091136,0.0189856998622417,Bundesliga,2022-2023
11227,Dzenan Pejcinovic,1,5,0,0.0,0,0.0,0,0,0,0,S,Wolfsburg,0,0.0,0.0,0.0,Bundesliga,2022-2023
11228,Laurin Ulrich,1,5,0,0.0,0,0.0,0,0,0,0,S,VfB Stuttgart,0,0.0,0.0,0.0,Bundesliga,2022-2023
11310,Brajan Gruda,2,2,0,0.0,0,0.0,0,0,0,0,S,Mainz 05,0,0.0,0.022376200184226,0.022376200184226,Bundesliga,2022-2023
11313,Andreas Ivan,1,40,0,0.0452778004109859,0,0.0,1,0,0,0,S,Schalke 04,0,0.0452778004109859,0.0572442002594471,0.0572442002594471,Bundesliga,2022-2023
11314,Keke Maximilian Topp,1,18,0,0.0548735000193119,0,0.0,1,0,0,0,S,Schalke 04,0,0.0548735000193119,0.0,0.0,Bundesliga,2022-2023
11319,Justin Diehl,2,12,0,0.0,0,0.0,0,0,0,0,S,FC Cologne,0,0.0,0.0337572991847991,0.0337572991847991,Bundesliga,2022-2023
11323,Arne Engels,18,1460,0,0.4481054097414017,3,2.4704787489026785,17,24,5,0,M,Augsburg,0,0.4481054097414017,3.741628428921104,2.508486784994602,Bundesliga,2022-2023
11331,Merlin Röhl,3,52,0,0.0,1,0.9473840594291688,0,3,0,0,S,Freiburg,0,0.0,0.7184529304504395,0.4685066938400268,Bundesliga,2022-2023
11332,Semir Telalovic,3,3,0,0.0242472644895315,0,0.0,1,0,0,0,S,Borussia M.Gladbach,0,0.0242472644895315,0.0242472644895315,0.0,Bundesliga,2022-2023
11355,Noah Mbamba-Muanda,1,1,0,0.0,0,0.0,0,0,0,0,S,Bayer Leverkusen,0,0.0,0.0,0.0,Bundesliga,2022-2023
11370,Éder Balanta,6,236,0,0.0580646991729736,0,0.1794970985502004,1,4,3,0,M S,Schalke 04,0,0.0580646991729736,0.7667979076504707,0.6726402118802071,Bundesliga,2022-2023
11383,Renato Veiga,13,632,0,0.2196661764755845,0,0.1612498201429844,8,2,3,0,D S,Augsburg,0,0.2196661764755845,0.8151247007772326,0.7065835222601891,Bundesliga,2022-2023
11392,Pascal Klemens,1,90,0,0.0,0,0.0,0,0,0,0,D,Hertha Berlin,0,0.0,0.5048757791519165,0.5048757791519165,Bundesliga,2022-2023
11410,Paxten Aaronson,7,151,0,0.1830796971917152,0,0.0383976958692073,4,1,1,0,S,Eintracht Frankfurt,0,0.1830796971917152,0.3182397484779358,0.1995541602373123,Bundesliga,2022-2023
11483,Kimberly Ezekwem,1,6,0,0.0,0,0.0,0,0,0,0,S,Freiburg,0,0.0,0.0,0.0,Bundesliga,2022-2023
11511,Dario Gebuhr,1,17,0,0.0,0,0.0,0,0,0,0,S,Eintracht Frankfurt,0,0.0,0.0,0.0,Bundesliga,2022-2023
11535,Veit Stange,1,4,0,0.0,0,0.0,0,0,0,0,S,Hertha Berlin,0,0.0,0.0,0.0,Bundesliga,2022-2023
11585,Julien Duranville,1,25,0,0.0204049106687307,0,0.1065335199236869,1,2,0,0,S,Borussia Dortmund,0,0.0204049106687307,0.1269384324550628,0.0,Bundesliga,2022-2023
11602,Tony Rölke,1,14,0,0.0,0,0.0,0,0,0,0,S,Hertha Berlin,0,0.0,0.0,0.0,Bundesliga,2022-2023
3423,Kylian Mbappe-Lottin,34,2835,29,27.803832735866308,5,9.16980485804379,150,56,6,0,F S,Paris Saint Germain,26,24.76345356926322,37.20407845824957,9.76971505396068,Ligue 1,2022-2023
3277,Alexandre Lacazette,35,2944,27,27.37713794503361,5,5.372102389112115,115,48,3,0,F M S,Lyon,21,21.29636377375573,27.794760178774595,5.580205827020109,Ligue 1,2022-2023
8636,Jonathan Christian David,37,3193,24,25.02564121969044,4,7.122996870428324,106,52,6,0,F M S,Lille,14,16.66466967947781,30.582719108089805,9.340892240405084,Ligue 1,2022-2023
9690,Folarin Balogun,37,3030,21,26.040876938030124,2,3.94621426705271,128,36,5,0,F M S,Reims,15,20.720276741310958,25.824905075132847,4.750155018642545,Ligue 1,2022-2023
10832,Loïs Openda,38,2564,21,18.988100608810782,4,5.77396771684289,103,24,2,0,F M S,Lens,20,18.228005489334464,24.04535267688334,3.765678361058235,Ligue 1,2022-2023
5769,Habib Diallo,37,2891,20,20.997123509645466,1,3.6809320729225874,94,26,2,1,F S,Strasbourg,17,17.956738248467445,22.09099828451872,4.089535348117352,Ligue 1,2022-2023
3210,Wissam Ben Yedder,32,2147,19,18.683628905564547,7,4.122635604813695,72,25,4,0,F S,Monaco,14,14.123128723353148,19.70761337131262,3.527148313820362,Ligue 1,2022-2023
9182,Sepe Elye Wahi,33,2584,19,14.516584860160949,5,3.985336760058999,63,22,8,1,F M S,Montpellier,18,13.756489681079984,15.416897742077708,1.0430056620389223,Ligue 1,2022-2023
8997,Terem Igobor Moffi,34,2747,18,16.7528228610754,3,3.061005510389805,79,36,3,0,F S,"Lorient,Nice",17,15.232637748122215,20.321017161011696,5.658599960617721,Ligue 1,2022-2023
2097,Lionel Messi,32,2855,16,17.663388540036976,16,15.239965826272964,129,93,0,0,F M,Paris Saint Germain,16,17.663388540036976,39.00348609033972,15.89331340789795,Ligue 1,2022-2023
3746,Gaetan Laborde,37,2774,15,14.419036850333214,3,6.236390973441303,85,47,0,0,F M S,"Nice,Rennes",15,13.658941850066183,22.54025174677372,7.109677627682686,Ligue 1,2022-2023
6401,Amine Gouiri,36,2781,15,12.59608956426382,3,4.845912989228964,79,41,4,0,F M S,"Nice,Rennes",15,12.59608956426382,21.54837862215936,7.097219451330602,Ligue 1,2022-2023
498,Alexis Sánchez,35,2734,14,14.016793802380562,3,7.434075370430946,66,55,3,0,F M S,Marseille,12,11.736502207815647,24.44496171921492,7.8538578748703,Ligue 1,2022-2023
2099,Neymar,20,1561,13,9.913920611143112,11,8.081815822049975,38,49,4,1,F M S,Paris Saint Germain,11,8.393736630678177,22.908310294151303,12.752426829189062,Ligue 1,2022-2023
5356,Breel Embolo,32,1855,12,10.730522338300943,2,4.767423424869776,42,29,3,0,F S,Monaco,12,9.970424357801676,15.112155560404062,2.4591194596141577,Ligue 1,2022-2023
6863,Téji Savanier,30,2581,12,7.741758173331618,4,5.890501879155636,64,57,4,3,M,Montpellier,6,3.1812487710267305,9.469331884756684,6.19848925806582,Ligue 1,2022-2023
7747,Mama Baldé,34,2686,12,10.583559131249784,3,2.0454956013709307,75,23,4,2,F M S,Troyes,10,9.063368966802956,12.159700747579336,2.565955678001046,Ligue 1,2022-2023
10794,Thijs Dallinga,36,2386,12,12.99052871018648,1,2.179167033173144,63,21,4,0,F S,Toulouse,12,12.99052871018648,16.28522550687194,3.814921931363642,Ligue 1,2022-2023
2442,Kevin Gameiro,34,2117,10,10.34589520841837,0,2.949535444378853,45,25,1,1,F M S,Strasbourg,9,8.825707159936428,12.54785112477839,3.400710097514093,Ligue 1,2022-2023
3663,Grejohn Kyei,37,2265,10,12.77589949220419,3,2.2239279244095087,59,15,3,0,F S,Clermont Foot,6,8.21533290296793,11.884558181278408,3.504972823895514,Ligue 1,2022-2023
8657,Jeremy Le Douaron,32,2098,10,8.303405845537782,3,1.494680617004633,55,17,1,0,F M S,Brest,10,8.303405845537782,9.811112383380532,1.4753091018646955,Ligue 1,2022-2023
10796,Zakaria Aboukhlal,37,2489,10,14.66978227160871,5,3.108533033169806,82,22,4,0,D F M S,Toulouse,10,14.66978227160871,19.180803708732128,3.344788311049342,Ligue 1,2022-2023
5611,Martin Terrier,16,1344,9,6.767786033451557,4,3.3523694090545177,47,27,0,0,F M,Rennes,9,6.767786033451557,10.536171332001686,2.77431139908731,Ligue 1,2022-2023
5684,Arnaud Nordin,36,2432,9,6.7785994447767735,3,3.1520014330744743,59,20,4,0,F M S,Montpellier,9,6.7785994447767735,12.986918343231082,4.426924963481724,Ligue 1,2022-2023
2897,Aleksandr Golovin,34,2498,8,4.980011174455285,7,5.256224641576409,48,59,5,0,F M S,Monaco,8,4.980011174455285,15.789837254211308,7.990884819999337,Ligue 1,2022-2023
10831,Mostafa Mohamed,36,1913,8,7.027920951135457,2,1.7289514001458883,56,16,1,0,F S,Nantes,8,7.027920951135457,9.608553234487772,1.7205629963427782,Ligue 1,2022-2023
1144,Seko Fofana,35,3081,7,8.317651617340744,5,2.907325930893421,85,36,2,0,M S,Lens,6,6.797465580515564,18.1595296561718,9.702517166733742,Ligue 1,2022-2023
3348,Florian Sotoca,38,3075,7,11.240215539932253,9,7.734301581978798,89,58,4,0,D F M S,Lens,6,8.959928445518017,24.52188915014267,11.617931939661505,Ligue 1,2022-2023
3362,Rony Lopes,32,2379,7,4.517952920868993,5,4.398192693479359,57,52,2,0,F M S,Troyes,7,4.517952920868993,8.833944272249937,2.901249721646309,Ligue 1,2022-2023
3390,Rémy Cabella,32,2541,7,9.227190824225543,10,12.130325701087711,42,101,2,0,M S,Lille,7,9.227190824225543,24.437430448830128,9.880712203681467,Ligue 1,2022-2023
3475,Ludovic Blas,37,2829,7,9.648353181779385,5,6.859475197270513,100,48,6,0,F M S,Nantes,5,6.608034826815128,12.412662768736482,3.066504269838333,Ligue 1,2022-2023
4773,Benjamin Bourigeaud,37,3121,7,8.188565322197974,10,10.042311288416386,72,98,4,1,F M,Rennes,5,6.668374546803534,22.66718947514892,12.683402802795172,Ligue 1,2022-2023
5657,Karl Toko Ekambi,36,2339,7,9.790105533786118,4,5.078304803930223,63,38,1,0,F M S,"Lyon,Rennes",7,9.790105533786118,18.46559631824493,6.247676584869623,Ligue 1,2022-2023
5737,Saif-Eddine Khaoui,34,2035,7,6.658812128938735,3,3.652166774496436,47,38,4,0,M S,Clermont Foot,7,6.658812128938735,10.35408806335181,1.603751853108406,Ligue 1,2022-2023
7908,Marshall Munetsi,34,2721,7,8.167121533304453,3,3.349543433636427,66,32,6,0,D M S,Reims,7,8.167121533304453,12.920951191335917,4.104233406484127,Ligue 1,2022-2023
8056,Arnaud Kalimuendo Muinga,30,1890,7,7.395940683782101,3,2.566946944221854,43,12,0,0,F S,Rennes,7,7.395940683782101,12.98705030232668,3.939111609011889,Ligue 1,2022-2023
10381,Ibrahima Koné,37,1555,7,5.393232425674796,1,1.2830763310194016,31,15,3,0,F S,Lorient,5,3.11294730566442,5.277908539399505,1.8893565014004707,Ligue 1,2022-2023
10783,Muhammed-Cham Saracevic,38,1984,7,6.302410524338484,4,2.286123763769865,53,31,2,0,F M S,Clermont Foot,5,4.782220538705587,8.38655204884708,3.2436049208045006,Ligue 1,2022-2023
1126,M&#039;Baye Niang,30,1480,6,6.151092629879713,0,0.7059758715331554,37,8,2,2,F S,Auxerre,3,3.870806861668825,4.830430816859007,1.045775093138218,Ligue 1,2022-2023
3314,Franck Honorat,33,2562,6,4.384667851030827,5,8.52192741446197,47,89,1,0,F M S,Brest,6,4.384667851030827,13.602738115005195,3.3610742576420307,Ligue 1,2022-2023
3530,Andy Delort,26,1247,6,7.805785693228245,1,2.7030874397605658,45,20,0,0,F S,"Nantes,Nice",3,5.525496732443571,7.838097332045436,1.249375443905592,Ligue 1,2022-2023
3721,Romain Del Castillo,27,1435,6,6.176855203695595,6,4.107586754485965,36,36,2,0,F M S,Brest,1,2.376379740424454,7.34780240431428,2.352157024666667,Ligue 1,2022-2023
3749,Jonathan Bamba,34,2800,6,9.436660436913373,7,6.798458820208907,71,47,6,0,F M S,Lille,6,9.436660436913373,21.7177676782012,9.25604428164661,Ligue 1,2022-2023
3800,Steve Mounie,23,1663,6,6.645919502712786,0,0.8502352787181735,59,13,2,0,F S,Brest,5,5.885824323631823,7.83265183493495,1.931545654311776,Ligue 1,2022-2023
5656,Nicolas Pepe,19,1538,6,8.551671095192432,0,2.3133325856179,49,28,2,0,F M S,Nice,3,6.271385110914707,9.106487818062304,2.793973281979561,Ligue 1,2022-2023
6454,Mohamed Youcef Belaïli,23,1544,6,6.384730758145452,5,3.666314203292131,42,29,5,0,F M S,"Ajaccio,Brest",1,1.8241630736738443,5.901248548179865,3.323931334540248,Ligue 1,2022-2023
8981,Jéremy Doku,29,1277,6,2.918267026543617,2,4.450656816363335,26,27,0,0,F M S,Rennes,6,2.918267026543617,12.15715822763741,5.513328522443771,Ligue 1,2022-2023
9662,Dango Ouattara,18,1560,6,5.998499939218164,5,3.976012546569109,51,23,1,1,F M,Lorient,6,5.998499939218164,8.887538932263851,2.318863902240992,Ligue 1,2022-2023
9691,Nuno Tavares,31,2349,6,4.455185883678496,0,3.152578465640545,65,25,6,1,D S,Marseille,6,4.455185883678496,13.028893500566484,8.348418578505516,Ligue 1,2022-2023
10536,Tetê,17,1117,6,4.893394324928522,2,1.6350069120526314,30,10,3,0,F M S,Lyon,6,4.893394324928522,8.920108824968338,2.89501029625535,Ligue 1,2022-2023
10707,Mounaim El Idrissy,32,2538,6,7.04906905349344,0,1.2197585282847283,51,13,10,0,F S,Ajaccio,6,7.04906905349344,9.755669914186,2.023346153087914,Ligue 1,2022-2023
10920,Junya Ito,35,2950,6,5.531456355005503,5,8.523695396259427,43,63,3,1,F M S,Reims,6,5.531456355005503,17.003964092582464,7.187984563410282,Ligue 1,2022-2023
849,Chancel Mbemba,36,2850,5,3.730300398543477,0,0.6017956919968128,27,6,2,0,D S,Marseille,5,3.730300398543477,11.160157611593604,10.150980548933148,Ligue 1,2022-2023
3549,Adrien Thomasson,35,2235,5,6.6203934559598565,7,5.641487927176058,38,36,3,0,F M S,"Lens,Strasbourg",5,6.6203934559598565,18.10672695748508,9.186979214660823,Ligue 1,2022-2023
3799,Wesley Said,21,608,5,3.994198322296143,0,0.5136609021574259,27,7,2,0,F S,Lens,5,3.994198322296143,6.409459033980966,3.16401304397732,Ligue 1,2022-2023
5197,Achraf Hakimi,28,2049,5,3.236407494172454,3,3.685393305495381,18,33,5,2,D M S,Paris Saint Germain,5,3.236407494172454,19.65187843888998,14.637294866144655,Ligue 1,2022-2023
5619,Pierre Lees-Melou,32,2790,5,2.270935244858265,5,2.7568161133676767,44,15,10,1,M,Brest,5,2.270935244858265,8.21669551730156,5.307668576017022,Ligue 1,2022-2023
5635,Faitout Maouassa,33,1961,5,4.057126929052174,5,2.755831512156874,34,23,0,0,D F M S,Montpellier,5,4.057126929052174,8.063918452709913,2.35109290247783,Ligue 1,2022-2023
5752,Alexis Claude Maurice,22,655,5,2.446404113434255,3,1.374286969192326,16,8,0,0,F M S,"Lens,Nice",5,2.446404113434255,4.7677502846345305,1.6215331479907036,Ligue 1,2022-2023
5977,Joia Nuno Da Costa,33,2024,5,4.00003750436008,4,3.5138216484338045,39,24,3,1,F M S,Auxerre,5,4.00003750436008,7.335930278524756,1.026915451511741,Ligue 1,2022-2023
6162,Cengiz Ünder,37,2492,5,9.479461440816522,4,8.066669742576778,70,56,3,0,D F M S,Marseille,4,8.719365926459432,18.94257284887135,6.676763540133834,Ligue 1,2022-2023
6238,Ignatius Ganago,32,1565,5,4.68267534673214,3,1.9468180797994137,34,10,0,0,F M S,"Lens,Nantes",5,4.68267534673214,6.670515952631831,0.6656971015036106,Ligue 1,2022-2023
6420,Romain Faivre,26,1539,5,2.905648953281343,4,2.716280138120055,29,23,0,0,M S,"Lorient,Lyon",5,2.905648953281343,6.554494062438607,3.842236659489572,Ligue 1,2022-2023
7169,Moses Simon,34,2371,5,5.500388899818063,4,4.424329314380884,33,42,3,0,F M S,Nantes,4,4.740295896306634,9.192666267976165,3.270032461732626,Ligue 1,2022-2023
8651,Enzo Le Fée,35,3054,5,3.103206947445869,6,7.764391183853149,45,66,5,0,F M,Lorient,5,3.103206947445869,13.814940836280584,8.486123911105096,Ligue 1,2022-2023
9633,Przemyslaw Frankowski,37,2848,5,4.406546585261822,3,6.665901120752096,31,67,4,0,D M S,Lens,2,2.126261308789253,14.445850372314451,10.11045153439045,Ligue 1,2022-2023
10016,Bradley Barcola,26,1431,5,4.831349156796932,8,5.332289844751358,27,25,3,0,F M S,Lyon,5,4.831349156796932,11.858489392325282,3.262598725035786,Ligue 1,2022-2023
10790,Branco van den Boomen,35,2900,5,5.849431732669473,8,8.642554869875312,52,90,6,0,M S,Toulouse,1,2.809048028662801,16.0132272914052,10.93378983065486,Ligue 1,2022-2023
10792,Farès Chaïbi,36,2349,5,5.848386097699404,5,5.448525793850422,63,31,2,0,F M S,Toulouse,5,5.848386097699404,14.054165935143828,6.465429486706853,Ligue 1,2022-2023
10793,Rafael Ratão,30,1906,5,5.592034317553043,4,5.587279949337244,31,30,2,0,F M S,Toulouse,5,5.592034317553043,14.931748054921629,7.16319733299315,Ligue 1,2022-2023
11046,Abdallah Sima,34,1824,5,4.461198819801211,1,1.8064377708360555,39,15,0,0,F M S,Angers,5,4.461198819801211,8.21222648397088,3.069335360080004,Ligue 1,2022-2023
342,Sead Kolasinac,33,2220,4,4.763892004266381,1,1.034860534593463,21,11,3,0,D S,Marseille,4,4.763892004266381,11.86364459991455,9.294421307742596,Ligue 1,2022-2023
536,Dimitri Payet,24,806,4,3.3330053137615323,3,3.477197289466858,28,32,0,0,M S,Marseille,3,2.572910406626761,7.124624382704496,2.684530980885029,Ligue 1,2022-2023
592,Ross Barkley,27,910,4,4.601358694024384,2,2.518020709976554,38,30,1,0,F M S,Nice,4,4.601358694024384,9.434311349876223,4.726638954132795,Ligue 1,2022-2023
677,Jordan Veretout,38,2862,4,3.627913746982813,3,4.039231155067682,31,35,4,0,M S,Marseille,3,2.867818597704172,18.368678813800216,15.559907203540206,Ligue 1,2022-2023
734,Wahbi Khazri,27,1660,4,3.799078668467701,1,1.6256979517638683,38,19,5,1,F M S,Montpellier,4,3.799078668467701,7.264148943126202,3.2441653721034527,Ligue 1,2022-2023
914,Nabil Bentaleb,30,2506,4,2.7237376933917403,4,2.690056212246418,41,34,5,1,M S,Angers,2,1.203547190874815,8.794676546007395,7.261957911774516,Ligue 1,2022-2023
1734,Sofiane Boufal,13,846,4,3.184472881257534,3,3.6221965178847313,23,28,1,1,F M S,Angers,2,1.664282362908125,6.146629437804222,2.450871910899877,Ligue 1,2022-2023
3795,Adrien Hunou,34,2266,4,7.900811223313212,1,2.1454844754189253,45,18,2,0,F M S,Angers,4,7.900811223313212,9.076628126204014,2.115506323054433,Ligue 1,2022-2023
5778,Johan Gastien,31,2616,4,1.2634342797100544,3,1.3593187276273966,19,28,7,0,M S,Clermont Foot,4,1.2634342797100544,8.045721002854407,6.54304342251271,Ligue 1,2022-2023
6864,Renaud Ripart,26,1320,4,3.975371208973229,1,1.3716737143695354,39,20,4,0,F M S,Troyes,4,3.975371208973229,6.31149653531611,1.9217884093523023,Ligue 1,2022-2023
6883,Xavier Chavalerin,34,2395,4,1.1616068901494143,2,2.342132257297635,26,21,3,0,M S,Troyes,4,1.1616068901494143,5.373875334858894,3.4164938032627106,Ligue 1,2022-2023
7328,Maxence Caqueret,36,2786,4,3.322642717510462,7,5.514702761545777,26,59,2,0,M S,Lyon,4,3.322642717510462,19.77249785233289,13.964762263000011,Ligue 1,2022-2023
7484,Stephy Mavididi,26,1278,4,3.694526368752122,2,1.262743106111884,38,13,1,1,F M S,Montpellier,4,3.694526368752122,5.245836412534118,1.1448908187448978,Ligue 1,2022-2023
8094,Mathis Cherki,34,1871,4,5.026033102534711,6,7.575714014470577,61,68,3,0,F M S,Lyon,4,5.026033102534711,17.07565750926733,7.808850694447756,Ligue 1,2022-2023
9068,Komnen Andric,34,1432,4,4.488681237213314,3,0.8565218895673752,30,15,4,0,F S,Clermont Foot,3,2.9684912962839007,3.3354477994143963,1.2056599128991363,Ligue 1,2022-2023
9279,Krépin Diatta,31,2083,4,5.661583934910595,2,3.0159258292987943,41,26,3,0,D F M S,Monaco,4,5.661583934910595,12.430699498392642,4.692466459237039,Ligue 1,2022-2023
9298,Alexis Flips,33,2023,4,3.5030105393379927,6,6.328720090910792,52,45,3,1,D M S,Reims,4,3.5030105393379927,12.555562927387657,5.740651290863752,Ligue 1,2022-2023
9345,Ahmadou Bamba Dieng,25,922,4,6.515948306769133,0,0.8035094887018204,33,7,2,0,F M S,"Lorient,Marseille",3,5.755853306502104,6.08223645016551,0.2368548894301057,Ligue 1,2022-2023
9632,Deiver Machado,33,2248,4,1.2160144224762917,3,3.271870147436857,18,20,5,1,D M S,Lens,4,1.2160144224762917,10.878316022455692,8.37058344297111,Ligue 1,2022-2023
9646,Mohamed Bayo,27,627,4,3.987386796623469,1,1.182445453479886,22,11,1,0,F S,Lille,4,3.987386796623469,5.257471650838852,0.9108972065150738,Ligue 1,2022-2023
9999,Arthur Theate,35,3130,4,3.5688528856262565,0,0.5398260140791535,31,9,6,0,D,Rennes,4,3.5688528856262565,12.445088926702738,12.215461578220127,Ligue 1,2022-2023
10771,Ben Seghir,19,1072,4,1.956197548657656,1,1.6264765989035368,21,14,1,0,F M S,Monaco,4,1.956197548657656,6.153122834861279,3.0364242857322097,Ligue 1,2022-2023
10798,Brecht Dejaegere,30,1856,4,3.1826348397880797,1,1.4752704845741391,23,16,5,0,M S,Toulouse,4,3.1826348397880797,8.242781639099121,4.8491828199476,Ligue 1,2022-2023
10822,Wilson Odobert,32,1754,4,2.9382065944373608,2,1.7927709752693772,27,23,0,0,F M S,Troyes,4,2.9382065944373608,7.759419290348887,3.855420336127281,Ligue 1,2022-2023
83,Kevin Volland,17,630,3,1.9067443571984768,2,1.7023817412555218,15,14,1,0,F M S,Monaco,3,1.9067443571984768,4.020031720399857,0.8281849641352892,Ligue 1,2022-2023
2383,André Gomes,26,1627,3,1.0416504386812449,2,1.0010944940149784,18,14,6,0,M S,Lille,3,1.0416504386812449,7.853011544793844,6.820285569876432,Ligue 1,2022-2023
2447,Fabián,27,1908,3,2.7191097866743803,2,2.0321904197335243,26,17,0,0,M S,Paris Saint Germain,3,2.7191097866743803,14.938560670241714,11.43864862807095,Ligue 1,2022-2023
2478,Carlos Soler,26,1189,3,1.785160830244422,2,1.223164862021804,10,13,0,0,M S,Paris Saint Germain,3,1.785160830244422,7.299102270975709,4.439578896388412,Ligue 1,2022-2023
3285,Gaetan Perrin,37,1371,3,2.581933490931988,1,2.313271142542362,28,25,1,0,F M S,Auxerre,2,1.8218382149934769,4.812910576350987,1.8557357266545296,Ligue 1,2022-2023
4811,Jean Eudes Aholou,30,1321,3,1.1009769449010491,1,1.401987187564373,22,9,4,1,M S,Strasbourg,3,1.1009769449010491,6.273453950881958,5.081182343885303,Ligue 1,2022-2023
5800,Lebo Mothiba,19,391,3,1.6231113821268082,0,0.084179401397705,9,1,0,0,F S,Strasbourg,3,1.6231113821268082,1.6544379889965055,0.06043216958642,Ligue 1,2022-2023
6073,Guillermo Maripán,26,2163,3,1.8411252815276384,0,0.0737520009279251,16,2,4,1,D S,Monaco,3,1.8411252815276384,4.440582552924752,4.383364537730813,Ligue 1,2022-2023
6885,Axel Disasi,38,3329,3,3.407572739757597,3,1.0930168218910694,28,9,3,0,D S,Monaco,3,2.6474776351824403,9.15804875548929,8.766599701717496,Ligue 1,2022-2023
7142,Moussa Dembele,23,850,3,3.966980453580618,0,0.287425696849823,28,4,1,0,F S,Lyon,3,3.966980453580618,5.301698844879866,1.4602713864296677,Ligue 1,2022-2023
7268,Bafode Diakite,33,2655,3,1.289083165116608,0,0.8743011299520731,19,7,6,0,D S,Lille,3,1.289083165116608,12.083228540606797,11.234259467571974,Ligue 1,2022-2023
8006,Evann Guessand,30,1272,3,2.705712942406535,2,1.2579462677240372,22,13,2,0,F M S,Nantes,3,2.705712942406535,5.259533826261759,2.304095419123769,Ligue 1,2022-2023
8978,Luis Suárez,7,284,3,3.863052509725094,1,0.2057351991534233,16,3,1,0,F S,Marseille,3,3.863052509725094,4.02341141551733,0.3430272974073887,Ligue 1,2022-2023
8995,Hugo Ekitike,25,1145,3,4.786099549382925,4,2.0651297084987164,34,11,0,0,F S,Paris Saint Germain,3,4.786099549382925,10.939435930922627,4.176112590357661,Ligue 1,2022-2023
9490,Matthis Abline,30,878,3,4.413205593824387,1,1.0927450247108936,32,7,1,0,F S,"Auxerre,Rennes",2,2.8930156491696835,4.501009810715914,0.9393337508663536,Ligue 1,2022-2023
9612,Myron Boadu,12,281,3,3.1308793127536774,0,0.3500410988926887,8,4,0,0,F S,Monaco,3,3.1308793127536774,3.1502134799957275,0.0648290812969207,Ligue 1,2022-2023
9621,Florian Tardieu,15,1014,3,2.7101613134145737,0,0.6447865827940404,13,17,2,0,M S,Troyes,0,0.429876297712326,4.542303742840886,4.114405067637563,Ligue 1,2022-2023
9648,Elbasan Rashani,32,2195,3,5.09228494297713,3,3.685848092660308,35,19,3,0,F M S,Clermont Foot,3,5.09228494297713,10.54218183644116,3.6905144145712256,Ligue 1,2022-2023
9658,Billal Brahimi,26,754,3,0.9371703900396824,2,1.3623652048408983,20,17,0,0,F M S,Nice,3,0.9371703900396824,4.317772578448057,2.4656630605459213,Ligue 1,2022-2023
9767,Habib Diarra,29,1621,3,1.479703415185213,2,2.6807681042701006,23,24,4,0,F M S,Strasbourg,3,1.479703415185213,7.759283293038607,4.301295340061188,Ligue 1,2022-2023
10301,Jens Cajuste,31,1500,3,1.6550854835659266,1,0.9337591668590904,27,16,7,1,M S,Reims,3,1.6550854835659266,8.068573766387999,6.341216832399368,Ligue 1,2022-2023
10328,Edon Zhegrova,22,1051,3,4.0641048848629,4,5.691383790224791,42,30,1,0,D M S,Lille,3,4.0641048848629,11.084236055612564,5.2463834676891565,Ligue 1,2022-2023
10431,Désiré Doué,26,1098,3,1.651298588141799,1,1.7276699133217337,23,17,5,0,F M S,Rennes,3,1.651298588141799,6.878426467999816,4.810543259605765,Ligue 1,2022-2023
10782,Neto Borges,33,2843,3,3.3715433524921536,1,3.335374648682773,23,28,2,2,D M,Clermont Foot,3,3.3715433524921536,10.401052236557009,6.127638056874275,Ligue 1,2022-2023
10810,Alexsandro Ribeiro,21,1603,3,1.703345898538828,0,0.0825890973210334,17,2,4,0,D S,Lille,3,1.703345898538828,7.83817099686712,7.787662892602384,Ligue 1,2022-2023
10812,Jubal,37,3212,3,3.0788744185119867,1,0.6023307088762522,19,4,7,0,D S,Auxerre,2,2.3187813851982355,5.7916887030005455,5.702052991837263,Ligue 1,2022-2023
10827,Amine Salama,25,1233,3,2.885133503936231,1,1.8639736101031303,25,9,1,0,F M S,Angers,3,2.885133503936231,6.047062126919627,1.891057701781392,Ligue 1,2022-2023
772,Moussa Sissoko,30,1927,2,2.6501707173883915,0,0.8468900211155415,17,18,3,0,M S,Nantes,2,2.6501707173883915,6.085863687098026,3.31780007109046,Ligue 1,2022-2023
1258,Gerson,10,418,2,1.1161878928542135,0,0.6124845985323191,9,4,1,0,M S,Marseille,2,1.1161878928542135,2.19481342472136,0.6252850145101547,Ligue 1,2022-2023
2246,Sergio Ramos,33,2705,2,1.947346488945186,1,0.1246125772595405,19,4,3,1,D S,Paris Saint Germain,2,1.947346488945186,16.053772687911987,15.912151090800762,Ligue 1,2022-2023
3297,Marquinhos,33,2722,2,2.14510559476912,0,0.4643122386187315,18,9,4,0,D S,Paris Saint Germain,2,2.14510559476912,14.25767071917653,13.591383149847388,Ligue 1,2022-2023
3309,Valère Germain,31,642,2,1.9254549331963065,0,0.3641130942851305,19,6,1,1,F M S,Montpellier,2,1.9254549331963065,2.4434191174805164,1.0838635005056858,Ligue 1,2022-2023
3415,Birama Touré,38,3408,2,1.3821472600102425,0,0.1788940895348787,25,6,3,0,M,Auxerre,2,0.6220522597432137,5.816406063735485,5.221847634762526,Ligue 1,2022-2023
3561,Romain Hamouma,19,1112,2,2.73421741463244,2,1.6926268860697746,15,13,1,2,F M S,Ajaccio,2,2.73421741463244,4.372078815475106,1.96765991859138,Ligue 1,2022-2023
4828,Mathias Autret,23,1317,2,1.9607252003625035,2,1.4323750138282776,23,25,0,0,M S,Auxerre,1,1.2006302000954747,3.42346639931202,1.8508519269526005,Ligue 1,2022-2023
5228,Renato Sanches,23,688,2,1.3479259815067053,0,1.9512339495122435,14,10,1,0,M S,Paris Saint Germain,2,1.3479259815067053,7.412710890173912,5.554381376132369,Ligue 1,2022-2023
5598,Angel Gomes,36,2858,2,3.7860292261466384,6,2.8023471105843782,56,34,8,0,M S,Lille,1,3.025934129022062,18.456966396421198,14.472377145662904,Ligue 1,2022-2023
5623,Lois Diony,11,496,2,2.4332307409495115,0,0.2048311978578567,12,5,1,0,F S,Angers,2,2.4332307409495115,3.2867541015148163,1.1905785202980042,Ligue 1,2022-2023
5654,Baptiste Santamaria,25,1806,2,1.2174592223018408,0,0.5853098705410957,19,12,2,0,M S,Rennes,2,1.2174592223018408,8.316554449498653,7.582928530871868,Ligue 1,2022-2023
5655,Flavien Tait,30,1691,2,3.3622844610363245,2,2.1421877508983016,25,22,2,0,F M S,Rennes,2,3.3622844610363245,12.855108114890754,8.22690677177161,Ligue 1,2022-2023
5727,Gauthier Hein,35,1898,2,3.556173481047153,0,2.26173503883183,37,30,1,0,F M S,Auxerre,2,3.556173481047153,7.511192982085049,2.8315206607803702,Ligue 1,2022-2023
5759,Matteo Guendouzi,33,2128,2,3.595042485743761,4,2.7921838611364365,26,20,3,0,F M S,Marseille,1,2.8349474854767323,15.324185743927956,11.806177034974098,Ligue 1,2022-2023
5988,Ibrahima Niane,16,1155,2,3.984236397780478,0,0.3190616713836789,26,8,4,0,F S,Angers,2,3.984236397780478,4.782086784951389,1.134284395724535,Ligue 1,2022-2023
6007,Nicolas Cozza,17,1258,2,1.8314924761652944,1,0.7368974946439266,7,7,3,0,D S,Montpellier,2,1.8314924761652944,2.1807217220775783,1.436349978670478,Ligue 1,2022-2023
6452,Mahdi Camara,31,1849,2,2.929047239013016,0,0.3379027377814054,24,9,4,1,M S,Brest,2,2.929047239013016,6.491293281316757,4.8054530108347535,Ligue 1,2022-2023
6773,Samuel Gigot,26,1905,2,3.368648983538151,2,0.7552713295444846,12,4,3,2,D S,Marseille,2,3.368648983538151,8.1128541380167,8.097758159041405,Ligue 1,2022-2023
6846,Sofiane Diop,23,1295,2,3.632999651134014,4,2.1440189508721232,30,24,1,0,F M S,"Monaco,Nice",2,3.632999651134014,7.810460330918431,2.813557032495737,Ligue 1,2022-2023
6945,Youssouf Fofana,36,3088,2,2.030650452710688,2,3.252010581083596,42,32,2,2,M S,Monaco,2,2.030650452710688,14.774477191269398,11.286369399167596,Ligue 1,2022-2023
7240,Benoit Badiashile Mukinayi,11,832,2,0.5582832135260105,0,0.5455020070075989,5,1,3,0,D S,Monaco,2,0.5582832135260105,1.475498728454113,1.4403280057013037,Ligue 1,2022-2023
7265,Kephren Thuram,35,2576,2,3.341425497084856,4,5.406199236400425,38,36,3,0,M S,Nice,2,3.341425497084856,12.87140430510044,6.19269286096096,Ligue 1,2022-2023
7340,Rhys Healey,4,55,2,0.384905144572258,0,0.3964014053344726,5,2,1,0,S,Toulouse,2,0.384905144572258,0.7813061401247978,0.0,Ligue 1,2022-2023
7732,Haris Belkebla,38,2652,2,0.9808942601084708,0,0.7063421737402678,10,10,3,0,D M S,Brest,1,0.2207991406321525,5.183733578771353,4.777769705280662,Ligue 1,2022-2023
7743,Pereira Lage,24,1276,2,1.2470275545492768,1,1.499536069110036,21,15,2,0,F M S,Brest,2,1.2470275545492768,2.981640622019768,0.7130292486399412,Ligue 1,2022-2023
7754,Tiago Djaló,25,2026,2,2.028701324015856,0,0.0899739973247051,15,2,7,0,D S,Lille,2,2.028701324015856,6.542777052149177,6.429378179833293,Ligue 1,2022-2023
7762,Jean-Ricner Bellegarde,30,2443,2,2.389408042654395,6,5.344819847494364,38,57,5,0,D F M S,Strasbourg,2,2.389408042654395,10.187516205012798,6.987747076898813,Ligue 1,2022-2023
8652,Stéphane Diarra,28,1065,2,2.4123098058626056,0,2.1069980561733246,20,11,1,0,F M S,Lorient,2,2.4123098058626056,5.472303642891347,1.4507625997066498,Ligue 1,2022-2023
8664,Facundo Medina,32,2791,2,2.448665512725711,4,1.9753020964562893,18,15,7,0,D,Lens,2,2.448665512725711,15.533494353294373,13.940416667610409,Ligue 1,2022-2023
8697,Jonathan Clauss,34,2629,2,4.465209409594536,9,10.38987753726542,50,50,1,0,D S,Marseille,2,4.465209409594536,19.32860114052892,7.94357200153172,Ligue 1,2022-2023
8777,Vitinha,36,2473,2,2.882865082472563,3,2.676277987658977,30,27,3,0,M S,Paris Saint Germain,2,2.882865082472563,21.72390940785408,17.688012532889843,Ligue 1,2022-2023
9060,Danilo Pereira,33,2418,2,2.511164693161845,0,0.5452241059392691,22,4,3,0,D M S,Paris Saint Germain,2,2.511164693161845,16.690411508083344,16.19698402285576,Ligue 1,2022-2023
9511,Castello Lukeba,34,2983,2,1.5713069448247552,0,0.1259805001318454,13,3,7,1,D S,Lyon,2,1.5713069448247552,10.487477157264948,10.426560554653406,Ligue 1,2022-2023
9929,Théo Le Bris,27,1453,2,1.203011091798544,2,0.9853778360411524,10,14,0,0,D M S,Lorient,2,1.203011091798544,3.7392540825530887,2.3191452277824283,Ligue 1,2022-2023
9931,Lovro Majer,32,1659,2,2.866222945973277,5,4.564499044790864,34,38,3,0,M S,Rennes,1,2.106127930805087,9.825070720165968,5.406812550500035,Ligue 1,2022-2023
10100,Kamory Doumbia,26,1161,2,2.9715771675109863,2,2.4399759490042925,26,16,0,0,M S,Reims,1,2.211481979116797,6.490700768306851,2.093848032876849,Ligue 1,2022-2023
10415,Iké Ugbo,25,876,2,1.7328515462577343,1,0.5488028079271317,15,3,0,0,F M S,Troyes,2,1.7328515462577343,2.8415385521948338,0.8721485044807196,Ligue 1,2022-2023
10786,Warren Zaïre-Emery,26,886,2,1.4369386285543442,0,0.4310585856437683,9,6,1,0,D M S,Paris Saint Germain,2,1.4369386285543442,5.203112659975886,3.545952945947647,Ligue 1,2022-2023
10789,Anthony Rouault,37,3324,2,3.4348462130874395,1,0.959243182092905,20,6,2,1,D,Toulouse,2,3.4348462130874395,11.098276952281594,10.121121922507882,Ligue 1,2022-2023
10791,Stijn Spierings,36,3126,2,1.5229041883721948,0,1.8296103160828352,24,22,5,0,M S,Toulouse,2,1.5229041883721948,15.448681933805346,14.232026476413012,Ligue 1,2022-2023
10799,Ado Onaiwu,34,1051,2,1.5667693093419075,1,1.3794980868697166,19,8,0,0,F M S,Toulouse,2,1.5667693093419075,4.142172280699015,2.462965240702033,Ligue 1,2022-2023
10811,Ismaily,23,1786,2,1.356632126495242,1,1.931580597534776,13,20,0,0,D S,Lille,2,1.356632126495242,8.70349257439375,7.09407301992178,Ligue 1,2022-2023
10821,Jackson Porozo,22,1613,2,1.6542379520833492,0,0.1332134418189525,22,2,3,0,D S,Troyes,2,1.6542379520833492,2.88828232139349,1.8440935015678408,Ligue 1,2022-2023
10825,Halid Sabanovic,15,630,2,0.901204412803054,0,0.0328441001474857,5,2,1,1,D M S,Angers,2,0.901204412803054,3.0266891475766897,2.109233733266592,Ligue 1,2022-2023
10826,Miha Blazic,24,1979,2,1.4864434469491243,0,0.0690288990736007,8,1,4,0,D S,Angers,2,1.4864434469491243,4.358518810942769,4.311518615111709,Ligue 1,2022-2023
10922,Rayan Raveloson,34,2421,2,2.3028639554977417,1,0.9029160980135202,29,15,0,0,D M S,Auxerre,2,2.3028639554977417,6.466504577547312,4.30957814771682,Ligue 1,2022-2023
10923,Himad Abdelli,30,2156,2,1.2572489092126489,2,2.229996801353991,24,35,3,0,F M S,Angers,2,1.2572489092126489,7.042577251791954,4.359379703179002,Ligue 1,2022-2023
11380,Vitinha,14,452,2,4.777909122407436,0,0.1892418377101421,26,3,0,0,F S,Marseille,2,4.777909122407436,4.583073377609253,0.4233187884092331,Ligue 1,2022-2023
148,Dante,37,3302,1,1.788381307385862,2,1.5910625867545605,23,12,6,0,D,Nice,1,1.788381307385862,11.570480424910784,11.238249976187944,Ligue 1,2022-2023
414,Juan Bernat,28,1637,1,1.2721970900893211,4,3.2582529336214066,7,21,1,0,D M S,Paris Saint Germain,1,1.2721970900893211,12.562783736735582,9.369405537843704,Ligue 1,2022-2023
485,Mamadou Sakho,15,771,1,0.9469589851796628,0,0.5711550116539001,3,1,2,0,D S,Montpellier,1,0.9469589851796628,1.7513629868626597,1.7513629868626597,Ligue 1,2022-2023
504,Aaron Ramsey,27,1581,1,3.1262632329016924,1,2.0823801709339023,22,28,3,0,M S,Nice,1,3.1262632329016924,9.045833084732294,5.283895339816809,Ligue 1,2022-2023
602,Dejan Lovren,17,1467,1,0.88663390558213,0,0.6056106090545654,13,2,2,0,D,Lyon,1,0.88663390558213,5.706556905061007,5.689016867429018,Ligue 1,2022-2023
834,José Fonte,31,2590,1,1.5021005980670452,0,0.3043757062405348,14,4,7,0,D S,Lille,1,1.5021005980670452,10.255618315190077,10.063340744003654,Ligue 1,2022-2023
1682,Islam Slimani,16,1006,1,2.923800505697727,1,1.0360815972089767,15,12,5,0,F S,Brest,1,2.16370651870966,4.721166361123323,1.974898299202323,Ligue 1,2022-2023
1932,Sanjin Prcic,29,1621,1,0.7870734063908458,1,0.9086707830429076,28,12,3,1,M S,Strasbourg,1,0.7870734063908458,6.597656741738319,5.684974016621709,Ligue 1,2022-2023
3223,Benjamin André,34,2928,1,1.5989809278398752,1,1.7262095864862204,24,21,12,0,M S,Lille,1,1.5989809278398752,15.926808960735798,14.1873773727566,Ligue 1,2022-2023
3233,Mehdi Zeffane,18,643,1,0.848103703930974,1,0.6333912182599306,7,9,1,0,D S,Clermont Foot,1,0.848103703930974,2.6476705549284816,1.2592798247933388,Ligue 1,2022-2023
3239,Hamari Traore,31,2536,1,1.517617633100599,4,3.1757379742339253,30,22,5,0,D S,Rennes,1,1.517617633100599,13.95328027755022,11.626787934452295,Ligue 1,2022-2023
3243,Gaëtan Charbonnier,6,249,1,0.7702426984906197,0,0.1143354000523686,8,3,1,0,F S,Auxerre,1,0.7702426984906197,1.4369502663612366,0.6634699907153845,Ligue 1,2022-2023
3259,Adam Ounas,21,1071,1,2.6848178654909134,1,3.3401081981137395,26,27,2,0,F M S,Lille,1,2.6848178654909134,9.320848759263754,4.39778309315443,Ligue 1,2022-2023
3274,Maxime Gonalons,25,1478,1,0.7014426738023758,0,0.602795516140759,6,9,3,0,M S,Clermont Foot,1,0.7014426738023758,4.757131959311664,4.130613234825432,Ligue 1,2022-2023
3275,Jordan Ferri,34,2786,1,0.6096926834434271,2,3.328971842303872,14,31,5,1,M S,Montpellier,1,0.6096926834434271,12.20363947749138,9.205636084079742,Ligue 1,2022-2023
3322,Alexander Djiku,31,2686,1,1.6280559785664082,2,1.0268279816955328,17,12,8,1,D,Strasbourg,1,1.6280559785664082,6.586551462300122,6.425358894281089,Ligue 1,2022-2023
3370,Issiaga Sylla,32,2690,1,1.9777951100841165,3,2.6992330364882946,19,24,3,0,D S,"Montpellier,Toulouse",1,1.9777951100841165,9.679416131228209,7.389800077304244,Ligue 1,2022-2023
3479,Marcus Coco,26,613,1,0.8338602278381586,0,0.9050869531929492,7,10,2,0,D F M S,Nantes,1,0.8338602278381586,2.664956856518984,1.3508232980966568,Ligue 1,2022-2023
3490,Thomas Mangani,26,1308,1,1.812545582652092,1,1.539126643911004,11,27,4,1,M S,Ajaccio,0,0.2923552831634879,2.0850162971764803,1.880623493343592,Ligue 1,2022-2023
3603,Corentin Tolisso,30,2059,1,1.6808423968032002,2,5.941287260502577,30,33,3,0,M S,Lyon,1,1.6808423968032002,18.159952774643894,13.808413870632648,Ligue 1,2022-2023
3670,Nicolas Pallois,26,2220,1,1.7070205258205533,0,0.212021142244339,10,4,2,1,D,Nantes,1,1.7070205258205533,2.9591540936380625,2.8811365384608507,Ligue 1,2022-2023
3673,Valentin Rongier,36,3040,1,1.9825838981196284,2,2.746217177249491,22,32,8,0,D M S,Marseille,1,1.9825838981196284,17.533948430791497,13.692225145176051,Ligue 1,2022-2023
3696,Morgan Sanson,18,1452,1,3.4639112539589405,2,2.905493088066578,32,18,1,0,F M,Strasbourg,1,3.4639112539589405,9.547019440680742,4.313129527494311,Ligue 1,2022-2023
4849,Sada Thioub,27,1056,1,1.315713558346033,2,2.467737555503845,9,15,3,0,D M S,Angers,1,1.315713558346033,4.654804691672325,3.298275902867317,Ligue 1,2022-2023
5177,Caio Henrique,35,2900,1,0.4765087757259607,9,6.326585746370256,10,52,3,0,D S,Monaco,1,0.4765087757259607,10.920732501894236,8.01418472174555,Ligue 1,2022-2023
5261,Kevin Danso,37,3236,1,3.045843936037272,2,1.0510920425876975,24,10,7,1,D,Lens,1,3.045843936037272,13.675522565841677,13.311218194663525,Ligue 1,2022-2023
5624,Yunis Abdelhamid,37,3330,1,2.944988406263292,2,0.7269793283194304,33,13,6,0,D,Reims,1,2.944988406263292,10.88288926333189,10.281019918620586,Ligue 1,2022-2023
5626,Jeremie Bela,19,731,1,0.6714465161785483,1,0.5086121875792742,12,3,0,0,D M S,Clermont Foot,1,0.6714465161785483,1.152372194454074,0.8546470766887069,Ligue 1,2022-2023
5677,Florent Mollet,19,1082,1,1.132766862399876,2,1.7470840271562338,22,23,3,0,M S,Nantes,1,1.132766862399876,3.918362338095904,2.244378689676523,Ligue 1,2022-2023
5733,Houssem Aouar,16,516,1,2.1063591204583645,1,0.6970898434519768,14,6,2,0,M S,Lyon,1,2.1063591204583645,3.96096695959568,1.4074982851743698,Ligue 1,2022-2023
5736,Myziane Maolida,9,226,1,0.4087271243333816,0,0.5937381535768509,6,2,0,0,M S,Reims,1,0.4087271243333816,1.5311364382505417,0.5286711901426315,Ligue 1,2022-2023
5742,Hugo Magnetti,32,1679,1,0.845764878205955,2,0.479370217770338,17,12,2,0,M S,Brest,1,0.845764878205955,3.264620556496084,2.34049663040787,Ligue 1,2022-2023
5976,Yoann Salmier,32,2653,1,1.4414312336593866,0,0.2826729957014322,14,5,5,1,D S,Troyes,1,1.4414312336593866,5.069139871746302,4.880438946187496,Ligue 1,2022-2023
6011,Thiago Mendes,31,2066,1,0.7017440218478441,1,0.5479787085205317,14,10,3,0,D M S,Lyon,1,0.7017440218478441,8.917178968898952,8.134451343677938,Ligue 1,2022-2023
6014,Rominigue Kouame,32,2683,1,1.0948379253968596,1,1.4525106335058808,24,21,9,0,M S,Troyes,1,1.0948379253968596,7.005053661763668,5.042589141055942,Ligue 1,2022-2023
6019,Angelo Fulgini,17,877,1,2.335101570934057,1,2.9691752940416336,12,27,0,0,F M S,Lens,1,2.335101570934057,6.667716011404991,3.634758476167917,Ligue 1,2022-2023
6061,Quentin Boisgard,5,182,1,0.3499158918857574,0,0.066559299826622,6,4,1,0,M S,Lorient,1,0.3499158918857574,0.7765639051795006,0.4559244960546493,Ligue 1,2022-2023
6112,Andrei Girotto,36,3166,1,1.3685742048546672,1,2.365381106734276,27,14,7,0,D M,Nantes,1,1.3685742048546672,4.905174406245351,3.891593509353697,Ligue 1,2022-2023
6293,Gerzino Nyamsi,20,1586,1,1.129140179604292,1,0.0984638202935457,14,3,4,1,D S,Strasbourg,1,1.129140179604292,4.877498244866729,4.637360543012619,Ligue 1,2022-2023
6377,Joe Rodon,16,1421,1,0.4753764048218727,0,0.0218764003366231,7,1,2,1,D,Rennes,1,0.4753764048218727,4.027264934033155,4.005388956516981,Ligue 1,2022-2023
6697,Armand Lauriente,3,270,1,1.8067249655723567,0,1.6335719674825668,14,9,0,0,F M,Lorient,1,1.8067249655723567,3.554154932498932,0.8050299882888794,Ligue 1,2022-2023
6878,Youcef Atal,18,767,1,1.4544092044234276,0,1.6745661851018667,13,11,1,0,D S,Nice,1,1.4544092044234276,4.838114235550165,2.6096006417647004,Ligue 1,2022-2023
6905,Ludovic Ajorque,13,771,1,2.367943238466978,0,1.044712396338582,23,10,1,0,F S,Strasbourg,0,1.607848297804594,4.022622004151344,1.936723225750029,Ligue 1,2022-2023
7206,Jonathan Gradit,33,2838,1,1.0210677972063422,3,1.5726923746988175,4,13,7,0,D,Lens,1,1.0210677972063422,13.319276627153158,12.184292908757923,Ligue 1,2022-2023
7540,Theo Sainte Luce,9,538,1,0.441954112611711,1,0.3809184618294239,3,6,0,0,D S,Montpellier,1,0.441954112611711,1.39275224506855,0.7012086547911167,Ligue 1,2022-2023
7756,Yusuf Yazici,4,205,1,0.577972587198019,1,0.3698712959885597,5,8,0,0,M S,Lille,1,0.577972587198019,2.134386003017425,1.2457006983458996,Ligue 1,2022-2023
7947,Ruslan Malinovskiy,20,1242,1,1.9080598559230568,1,2.676947232335806,34,19,4,0,D F M S,Marseille,1,1.9080598559230568,6.036363799124956,4.0645826775580645,Ligue 1,2022-2023
8050,Hichem Boudaoui,27,1874,1,0.813063396140933,2,2.378566392697394,21,23,5,0,M S,Nice,1,0.813063396140933,11.239189656451344,9.103127291426064,Ligue 1,2022-2023
8141,Clement Vidal,26,1889,1,0.5362608041614294,0,0.0988008975982666,12,1,5,1,D M S,Ajaccio,1,0.5362608041614294,2.0122392093762755,2.0122392093762755,Ligue 1,2022-2023
8239,Takumi Minamino,18,724,1,2.5049427524209023,3,1.7491028010845184,22,10,2,0,F M S,Monaco,1,2.5049427524209023,5.099047638475895,2.1437489576637745,Ligue 1,2022-2023
8328,Azz-Eddine Ounahi,22,1234,1,2.550289196893573,0,2.151951802894473,26,18,1,0,M S,"Angers,Marseille",1,2.550289196893573,8.911200556904078,5.306416779756546,Ligue 1,2022-2023
8644,Eliot Matazo,23,1170,1,0.151798402890563,0,0.0739876860752701,4,2,2,0,M S,Monaco,1,0.151798402890563,1.986421794630587,1.9708956070244312,Ligue 1,2022-2023
8696,Pape Alassane Gueye,14,476,1,0.8168534003198147,1,1.0191445294767618,8,4,1,0,M S,Marseille,1,0.8168534003198147,3.5896061677485704,1.9266482051461933,Ligue 1,2022-2023
8759,David Pereira Da Costa,31,1403,1,2.609783612191677,3,4.230941293761134,26,28,2,0,F M S,Lens,1,2.609783612191677,11.34477111697197,6.002867109142244,Ligue 1,2022-2023
8823,Ante Palaversa,2,28,1,0.4472280144691467,0,0.0203335005789995,1,2,0,0,S,Troyes,1,0.4472280144691467,0.0088453302159905,0.0,Ligue 1,2022-2023
8959,Cyrille Bayala,33,2048,1,1.502429750747979,1,2.045092601329088,22,19,3,1,F M S,Ajaccio,1,1.502429750747979,3.499245862476528,1.727933431044221,Ligue 1,2022-2023
9399,Quentin Merlin,24,1819,1,0.7329262159764767,2,3.780390748754144,15,34,2,0,D F M S,Nantes,1,0.7329262159764767,5.188552241772413,2.7294849697500467,Ligue 1,2022-2023
9562,Sacha Delaye,3,12,1,0.0602614991366863,0,0.0,2,0,0,0,S,Montpellier,1,0.0602614991366863,0.0602614991366863,0.0,Ligue 1,2022-2023
9619,Issa Kabore,22,1001,1,1.2396751577034593,0,0.9739022292196752,8,13,1,0,D S,Marseille,1,1.2396751577034593,6.755486303940415,4.760640287771821,Ligue 1,2022-2023
9630,Kamaldeen Sulemana,14,295,1,1.3351764921098948,0,1.1322274953126907,13,6,1,0,F M S,Rennes,1,1.3351764921098948,2.880338937044144,0.7216631025075912,Ligue 1,2022-2023
9639,Akim Zedadka,28,1967,1,0.5724461413919926,0,1.5533460034057498,12,19,6,0,D S,"Auxerre,Lille",1,0.5724461413919926,5.642812984064221,3.862817538902164,Ligue 1,2022-2023
9642,Salis Abdul Samed,33,2897,1,1.0311676152050495,1,1.4902279879897833,13,17,6,1,M,Lens,1,1.0311676152050495,14.287533424794674,13.359783820807934,Ligue 1,2022-2023
9643,Jodel Dossou,9,245,1,0.6906878147274256,0,0.1599443014711141,6,3,0,0,M S,Clermont Foot,1,0.6906878147274256,1.0236125960946083,0.2478445954620838,Ligue 1,2022-2023
9645,Jim Allevinah,36,2249,1,2.213040286675096,1,2.974001919850707,30,18,2,0,D M S,Clermont Foot,1,2.213040286675096,8.595966867171228,3.914472627453506,Ligue 1,2022-2023
9699,Bamo Meïté,17,1504,1,0.8742599859833717,0,0.0677126124501228,3,1,4,0,D S,Lorient,1,0.8742599859833717,2.6135808005928998,2.6135808005928998,Ligue 1,2022-2023
9855,Mattia Viti,9,636,1,0.1823439002037048,0,0.0,2,0,0,0,D S,Nice,1,0.1823439002037048,1.9100490137934685,1.9100490137934685,Ligue 1,2022-2023
9873,Montassar Talbi,38,3420,1,0.7615504637360573,2,1.034412357956171,9,5,0,0,D,Lorient,1,0.7615504637360573,7.0300646759569645,6.887048996984959,Ligue 1,2022-2023
9961,Nuno Mendes,23,1565,1,1.745554312132299,6,4.767172644846141,10,25,2,0,D M S,Paris Saint Germain,1,1.745554312132299,13.930761460214852,9.271197681315243,Ligue 1,2022-2023
9963,Maximiliano Caufriez,26,2229,1,0.6794941537082195,0,0.0,14,0,8,1,D S,Clermont Foot,1,0.6794941537082195,5.193271500989795,5.047922788187861,Ligue 1,2022-2023
10041,Yasser Larouci,30,1816,1,0.5078465938568115,1,1.1292446423321962,10,17,1,0,D M S,Troyes,1,0.5078465938568115,3.9199954010546207,2.352008627727628,Ligue 1,2022-2023
10271,Vanderson,31,2223,1,1.869379906915128,4,4.00152534339577,26,27,2,1,D M S,Monaco,1,1.869379906915128,7.978410434909165,3.910955565050244,Ligue 1,2022-2023
10307,Abdu Conté,19,1317,1,0.5667072907090187,2,1.65715042501688,4,14,0,0,D M S,Troyes,1,0.5667072907090187,3.373141488060355,1.4625533111393452,Ligue 1,2022-2023
10373,Falaye Sacko,35,2595,1,0.6460539037361741,3,1.2318362933583558,6,19,3,0,D S,Montpellier,1,0.6460539037361741,6.613535085693002,5.362452995032072,Ligue 1,2022-2023
10375,Enzo Tchato Mbiayi,21,1066,1,0.3600631803274154,1,1.1379008740186691,4,5,1,0,D S,Montpellier,1,0.3600631803274154,3.0172952953726053,2.598007814958692,Ligue 1,2022-2023
10390,Ismaël Doukouré,28,2303,1,0.2222104799002409,1,0.3680617064237594,9,4,5,0,D M S,Strasbourg,1,0.2222104799002409,5.958448220044375,5.462891655042768,Ligue 1,2022-2023
10545,Julian Jeanvier,22,1768,1,1.3331746757030487,0,0.0,8,0,3,1,D S,Auxerre,1,1.3331746757030487,3.982489202171564,3.894733224064112,Ligue 1,2022-2023
10701,Nicolás Tagliafico,34,3000,1,2.5828726030886173,3,4.095396446995437,24,24,5,0,D M,Lyon,1,2.5828726030886173,17.96764951571822,13.593159034848211,Ligue 1,2022-2023
10702,Johann Lepenant,31,1935,1,1.017426456324756,2,2.4530802071094517,19,10,4,0,M S,Lyon,1,1.017426456324756,10.204815578646958,8.494066906161606,Ligue 1,2022-2023
10704,Cédric Avinel,24,1780,1,1.4256590269505978,0,0.0,3,0,2,1,D S,Ajaccio,1,1.4256590269505978,2.124960911460221,2.124960911460221,Ligue 1,2022-2023
10706,Riad Nouri,33,1669,1,2.0467834006994963,1,1.8304515033960345,17,25,3,0,F M S,Ajaccio,1,1.2866887282580135,2.51437146961689,0.5631840582937002,Ligue 1,2022-2023
10709,Bevic Moussiti-Oko,17,679,1,1.7116208728402853,0,0.8071566894650459,20,5,1,0,F S,Ajaccio,1,1.7116208728402853,1.3251335928216577,0.2567647974938154,Ligue 1,2022-2023
10787,Mikkel Desler,27,2271,1,1.0450244164094329,2,2.9275903292000294,11,16,3,1,D S,Toulouse,1,1.0450244164094329,14.039865767583253,12.283780129626392,Ligue 1,2022-2023
10814,Hamza Sakhi,27,1673,1,1.1172521393746138,2,2.826298099011183,30,38,1,0,M S,Auxerre,1,1.1172521393746138,5.135480003431439,2.692696863785386,Ligue 1,2022-2023
10815,Lassine Sinayoko,33,1570,1,3.733657949604094,2,1.8229291327297688,42,23,0,1,F M S,Auxerre,1,3.733657949604094,6.388650042936206,2.218183352611959,Ligue 1,2022-2023
10834,Noah Fadiga,21,1315,1,0.6360347084701061,0,0.1153065022081136,11,2,2,0,D S,Brest,1,0.6360347084701061,3.2624241281300783,2.638598157092929,Ligue 1,2022-2023
10835,Achraf Dari,18,1319,1,0.4555711969733238,0,0.0551320016384124,4,1,1,0,D S,Brest,1,0.4555711969733238,2.503329511731863,2.503329511731863,Ligue 1,2022-2023
10844,Darline Yongwa,14,766,1,1.002884255722165,1,1.2522395364940166,9,9,2,0,D S,Lorient,1,1.002884255722165,4.04402693733573,2.0919740106910467,Ligue 1,2022-2023
10854,Souleymane Isaak Touré,24,1648,1,1.8782315999269483,0,0.4247793219983578,8,8,4,1,D S,"Auxerre,Marseille",1,1.8782315999269483,3.479738932102918,2.6299396343529224,Ligue 1,2022-2023
10925,Michael Barreto,20,1320,1,0.8244065353646874,1,1.3062411481514573,19,18,1,0,F M S,Ajaccio,1,0.8244065353646874,2.460897535085678,0.8370166914537549,Ligue 1,2022-2023
11015,Julien Ponceau,31,1677,1,1.997822909615934,4,2.954850767739117,14,27,1,0,M S,Lorient,1,1.997822909615934,8.850388104096055,4.994659159332514,Ligue 1,2022-2023
11024,Alan Virginius,15,230,1,2.8519175462424755,0,0.0177258998155593,12,1,1,0,F S,Lille,1,2.8519175462424755,3.007025331258774,0.2141539007425308,Ligue 1,2022-2023
11119,Yoann Cathline,23,1082,1,1.1199938328936696,1,0.6137660928070545,27,6,0,0,D M S,Lorient,1,1.1199938328936696,2.9536380311474204,1.80152827128768,Ligue 1,2022-2023
11294,Lilian Raolisoa,7,156,1,0.1061016581952571,0,0.6340882442891598,3,3,0,0,S,Angers,1,0.1061016581952571,0.8726764470338821,0.4322080537676811,Ligue 1,2022-2023
11304,Moussa Soumano,14,487,1,0.6133632250130177,0,0.1804496981203556,6,5,3,0,F S,Ajaccio,1,0.6133632250130177,0.939219519495964,0.1454063113778829,Ligue 1,2022-2023
11339,Youssouf Ndayishimiye,10,568,1,0.3837110921740532,0,0.0741780996322631,8,1,2,0,D M S,Nice,1,0.3837110921740532,1.6969555765390396,1.636540174484253,Ligue 1,2022-2023
11350,Amin Sarr,13,533,1,1.642472987063229,1,0.5558527708053589,6,4,0,0,F S,Lyon,1,1.642472987063229,2.464210774749517,1.265486653894186,Ligue 1,2022-2023
11354,Yuito Suzuki,3,29,1,0.3153449892997741,0,0.0,2,0,0,0,S,Strasbourg,1,0.3153449892997741,0.4253208860754967,0.1099758967757225,Ligue 1,2022-2023
11399,Jeffinho,9,437,1,1.0804701559245586,0,0.5811426574364305,10,7,1,0,F M S,Lyon,1,1.0804701559245586,3.61318825557828,2.711373718455434,Ligue 1,2022-2023
11407,Edan Diop,7,209,1,1.1869675777852535,0,0.6963006854057312,6,3,0,0,M S,Monaco,1,1.1869675777852535,1.893077239394188,0.4053445309400558,Ligue 1,2022-2023
220,Jérôme Boateng,8,435,0,0.0,0,0.0878783985972404,0,1,0,0,D S,Lyon,0,0.0,0.8954406231641769,0.8075623214244843,Ligue 1,2022-2023
726,Vito Mannone,18,1608,0,0.0,0,0.0,0,0,1,0,GK S,Lorient,0,0.0,1.5014852955937386,1.5014852955937386,Ligue 1,2022-2023
745,Kasper Schmeichel,36,3240,0,0.0,0,0.1826014034450054,0,2,0,0,GK,Nice,0,0.0,5.083113611675799,4.900513016618788,Ligue 1,2022-2023
943,Massadio Haidara,36,1634,0,1.5074032433331013,1,1.6356545984745026,12,8,5,0,D S,Lens,0,1.5074032433331013,5.990658335387707,4.873950723558664,Ligue 1,2022-2023
1022,Pedro Chirivella,26,2062,0,0.5962844016030431,0,1.3811528012156489,16,22,1,0,M S,Nantes,0,0.5962844016030431,6.344182256609201,4.86217674985528,Ligue 1,2022-2023
1056,Jeff Reine-Adelaide,20,546,0,0.6488517597317696,1,1.0978434178978205,14,10,1,0,M S,"Lyon,Troyes",0,0.6488517597317696,4.236666284501553,2.8712102454155684,Ligue 1,2022-2023
1116,Gianluigi Donnarumma,38,3411,0,0.0,0,0.0,0,0,3,0,GK,Paris Saint Germain,0,0.0,6.70909096673131,6.70909096673131,Ligue 1,2022-2023
1248,Leandro Paredes,3,44,0,0.0,1,0.5981136299669743,0,2,0,0,S,Paris Saint Germain,0,0.0,1.4225959777832031,1.4032959938049316,Ligue 1,2022-2023
1299,Mario Lemina,14,856,0,0.205874502658844,0,0.0698086014017462,6,4,1,1,M S,Nice,0,0.205874502658844,3.696628569625318,3.501414174214005,Ligue 1,2022-2023
1387,Faouzi Ghoulam,7,491,0,0.0198331996798515,0,0.5152182001620531,1,10,0,0,D S,Angers,0,0.0198331996798515,0.4382200036197901,0.4022546019405126,Ligue 1,2022-2023
1583,Arkadiusz Milik,2,134,0,0.4667829871177673,0,0.3199659883975982,1,1,1,0,F,Marseille,0,0.4667829871177673,0.7867479920387268,0.0,Ligue 1,2022-2023
1670,Steve Mandanda,34,3020,0,0.0,1,0.9789040088653564,0,1,1,0,GK,Rennes,0,0.0,8.358465600758791,7.379561591893434,Ligue 1,2022-2023
1739,Eric Bailly,17,528,0,0.1407773979008197,0,0.0,3,0,1,0,D S,Marseille,0,0.1407773979008197,1.4818742498755455,1.4818742498755455,Ligue 1,2022-2023
1752,Fabio,6,217,0,0.4029714949429035,0,0.7639936096966267,3,4,1,1,D S,Nantes,0,0.4029714949429035,2.407537005841732,1.9072380065917969,Ligue 1,2022-2023
1830,Ionut Radu,17,1530,0,0.0,0,0.0208457000553607,0,1,0,0,GK,Auxerre,0,0.0,1.5344260893762112,1.5135800801217556,Ligue 1,2022-2023
2107,Pau López,33,2923,0,0.0,2,0.4717562049627304,0,3,3,0,GK S,Marseille,0,0.0,8.345273150131106,7.951067177578807,Ligue 1,2022-2023
2199,Pablo Sarabia,14,347,0,1.0363757852464914,0,1.1138588935136795,6,10,1,0,F M S,Paris Saint Germain,0,1.0363757852464914,5.093107612803578,3.429252067580819,Ligue 1,2022-2023
2293,Rubén Blanco,6,497,0,0.0,0,0.0,0,0,0,0,GK,Marseille,0,0.0,0.2299483846873045,0.2299483846873045,Ligue 1,2022-2023
2306,Cédric Bakambu,3,51,0,0.0,1,0.928508285433054,0,2,0,0,S,Marseille,0,0.0,1.062215331941843,0.1337099969387054,Ligue 1,2022-2023
2412,Adil Rami,20,1608,0,0.5397226470522583,1,0.2344056963920593,9,3,2,0,D S,Troyes,0,0.5397226470522583,2.03352387342602,1.8785463776439428,Ligue 1,2022-2023
2549,Gaël Kakuta,2,19,0,0.0784541964530944,0,0.0,1,0,0,0,S,Lens,0,0.0784541964530944,0.0784541964530944,0.0,Ligue 1,2022-2023
2639,Alexander Nübel,38,3420,0,0.0,0,0.0196831002831459,0,1,2,0,GK,Monaco,0,0.0,3.340856110677123,3.321172909811139,Ligue 1,2022-2023
3201,Alban Lafont,37,3330,0,0.0,0,0.0317718014121055,0,1,0,1,GK,Nantes,0,0.0,2.7356097660958767,2.703837964683771,Ligue 1,2022-2023
3218,Benoit Costil,19,1710,0,0.0,0,0.0,0,0,0,0,GK,Auxerre,0,0.0,1.2952773729339242,1.2952773729339242,Ligue 1,2022-2023
3221,Pedro Mendes,1,9,0,0.0,0,0.0,0,0,0,0,S,Montpellier,0,0.0,0.0,0.0,Ligue 1,2022-2023
3251,Paul Bernardoni,27,2430,0,0.0,0,0.0,0,0,0,0,GK,Angers,0,0.0,3.8068999648094177,3.8068999648094177,Ligue 1,2022-2023
3253,Frederic Guilbert,18,1466,0,0.6395852267742157,1,0.6118062795139849,12,16,3,0,D S,Strasbourg,0,0.6395852267742157,7.380144186317921,6.499038957059383,Ligue 1,2022-2023
3269,Anthony Lopes,32,2816,0,0.0,0,0.0,0,0,2,1,GK,Lyon,0,0.0,3.132245090790093,3.132245090790093,Ligue 1,2022-2023
3304,Maxime Le Marchand,26,2018,0,0.5156090254895389,0,0.3434276022017002,8,2,4,1,D S,Strasbourg,0,0.5156090254895389,4.6767270639538765,4.571789156645536,Ligue 1,2022-2023
3318,Jean-Louis Leca,1,90,0,0.0,0,0.0,0,0,0,0,GK,Lens,0,0.0,0.4890021085739136,0.4890021085739136,Ligue 1,2022-2023
3346,Jonas Martin,12,259,0,0.0966691970825195,0,0.077400516718626,1,4,2,0,M S,Lille,0,0.0966691970825195,1.38837481290102,1.3371063694357872,Ligue 1,2022-2023
3354,Sébastien Corchia,22,767,0,0.1337889982387423,1,0.2767510041594505,5,5,3,0,D M S,Nantes,0,0.1337889982387423,1.7417429890483618,1.6404970744624734,Ligue 1,2022-2023
3358,Ibrahim Amadou,7,421,0,0.0564409010112285,0,0.0432325005531311,2,1,2,0,D S,Angers,0,0.0564409010112285,0.3099130019545555,0.2534715980291366,Ligue 1,2022-2023
3367,Youssouf Kone,13,938,0,0.0119415000081062,0,0.0331146009266376,1,1,4,0,D S,Ajaccio,0,0.0119415000081062,1.609025539830327,1.5639694388955832,Ligue 1,2022-2023
3398,Rémy Riou,7,601,0,0.0,0,0.0,0,0,0,0,GK S,Lyon,0,0.0,0.9671879969537258,0.9671879969537258,Ligue 1,2022-2023
3414,Maxime Dupé,38,3420,0,0.0,0,0.0,0,0,2,0,GK,Toulouse,0,0.0,4.782864699140191,4.782864699140191,Ligue 1,2022-2023
3451,Benjamin Lecomte,19,1710,0,0.0,0,0.0634720996022224,0,1,0,0,GK,Montpellier,0,0.0,1.2617522589862349,1.1982802599668505,Ligue 1,2022-2023
3456,Jimmy Cabot,11,500,0,0.3653766922652721,1,2.303111214190721,5,17,2,0,D S,Lens,0,0.3653766922652721,3.3715541176497936,1.7743653543293476,Ligue 1,2022-2023
3464,Vincent Le Goff,37,3330,0,1.662922985851765,0,0.6628651469945908,18,14,1,0,D,Lorient,0,1.662922985851765,9.360850147902966,7.739369340240955,Ligue 1,2022-2023
3485,Alexandre Letellier,1,9,0,0.0,0,0.0,0,0,0,0,S,Paris Saint Germain,0,0.0,0.0,0.0,Ligue 1,2022-2023
3495,Pierrick Capelle,26,1426,0,1.498325734399259,3,0.8819736987352371,16,12,7,0,D M S,Angers,0,1.498325734399259,3.9316910170018673,2.328108746558428,Ligue 1,2022-2023
3517,Ronael Pierre Gabriel,14,653,0,0.1162966042757034,1,0.8240059986710548,2,4,3,0,D M S,Strasbourg,0,0.1162966042757034,2.430163884535432,1.8509334865957496,Ligue 1,2022-2023
3521,Dennis Appiah,15,807,0,0.1390228979289531,0,0.143021298572421,5,4,1,0,D S,Nantes,0,0.1390228979289531,0.6524571031332016,0.5064900014549494,Ligue 1,2022-2023
3536,Jean-Victor Makengo,15,1071,0,0.110581868328154,0,0.5033336142078042,5,9,0,1,M S,Lorient,0,0.110581868328154,2.7497922107577324,2.338409255258739,Ligue 1,2022-2023
3540,Alexandre Coeff,7,583,0,0.1230150014162063,1,0.5078480243682861,1,1,0,0,D S,Auxerre,0,0.1230150014162063,1.1767636835575104,1.1767636835575104,Ligue 1,2022-2023
3542,Damien Da Silva,7,327,0,0.1344590000808239,0,0.0,2,0,2,0,D S,Lyon,0,0.1344590000808239,0.9810023307800292,0.8771713078022003,Ligue 1,2022-2023
3552,Marco Verratti,29,2231,0,0.9661631491035224,0,2.947818536311388,8,32,10,1,M S,Paris Saint Germain,0,0.9661631491035224,23.935828402638435,22.03197993338108,Ligue 1,2022-2023
3599,Presnel Kimpembe,11,726,0,0.52308489382267,0,0.1087900027632713,4,1,3,0,D S,Paris Saint Germain,0,0.52308489382267,5.129276841878891,5.129276841878891,Ligue 1,2022-2023
3655,Charles Traore,12,480,0,0.0,0,0.5275723747909069,0,2,2,0,D S,Nantes,0,0.0,1.0818328149616718,0.5778577998280525,Ligue 1,2022-2023
3660,Ismael Diallo,28,2191,0,0.1192130986601114,0,0.4426664020866155,3,9,9,1,D S,Ajaccio,0,0.1192130986601114,3.212655746378005,2.737737056799233,Ligue 1,2022-2023
3738,Serhou Guirassy,1,21,0,0.3400390148162842,0,0.1081610023975372,2,2,0,0,S,Rennes,0,0.3400390148162842,0.448199987411499,0.0,Ligue 1,2022-2023
4345,Christopher Jullien,30,2700,0,1.0728910733014343,2,1.047255164012313,17,7,5,0,D,Montpellier,0,1.0728910733014343,4.485787488054484,4.231536400970072,Ligue 1,2022-2023
4709,Benjamin Leroy,32,2798,0,0.0,0,0.0,0,0,1,0,GK,Ajaccio,0,0.0,1.102393228560686,1.102393228560686,Ligue 1,2022-2023
4748,Brice Samba,37,3330,0,0.0,0,0.039804995059967,0,1,3,0,GK,Lens,0,0.0,5.187501668930054,5.147696673870087,Ligue 1,2022-2023
4770,Yoann Touzghar,11,453,0,0.179848501458764,0,0.054891400039196,3,1,0,1,F S,Ajaccio,0,0.179848501458764,0.3691239114850759,0.1813897043466568,Ligue 1,2022-2023
4882,Laurent Abergel,29,2355,0,0.4392832014709711,1,1.2662980891764164,13,14,5,1,M S,Lorient,0,0.4392832014709711,7.60255316644907,6.430599004030228,Ligue 1,2022-2023
4886,Cédric Hountondji,36,3098,0,1.0106019601225853,0,0.1907039619982242,11,4,7,0,D S,Angers,0,1.0106019601225853,6.665785986930132,6.594300981611013,Ligue 1,2022-2023
4896,Andrew Gravillon,13,1047,0,0.7340338118374348,0,0.2301346994936466,7,3,3,0,D S,Reims,0,0.7340338118374348,2.08569248393178,1.829268492758274,Ligue 1,2022-2023
5083,Marlos Moreno,2,7,0,0.0,0,0.0,0,0,0,0,S,Troyes,0,0.0,0.0,0.0,Ligue 1,2022-2023
5311,Vincent Sierro,15,659,0,0.560492854565382,0,0.5631404938176274,8,11,3,0,M S,Toulouse,0,0.560492854565382,1.8645720519125464,1.6224837228655815,Ligue 1,2022-2023
5647,Arnaud Souquet,12,333,0,0.0771360024809837,0,0.535712106153369,1,3,1,0,D S,Montpellier,0,0.0771360024809837,1.1425917875021696,0.5297436974942684,Ligue 1,2022-2023
5648,Malang Sarr,13,713,0,0.0254964008927345,0,0.0208247993141412,1,1,3,0,D S,Monaco,0,0.0254964008927345,2.537241280078888,2.516416482627392,Ligue 1,2022-2023
5659,Nordi Mukiele,19,1127,0,0.6204338995739818,3,2.35167433321476,11,10,0,0,D S,Paris Saint Germain,0,0.6204338995739818,9.974577009677889,9.14873108267784,Ligue 1,2022-2023
5668,Théo Pellenard,2,98,0,0.0264925360679626,0,0.0,1,0,0,0,D S,Auxerre,0,0.0264925360679626,0.0,0.0,Ligue 1,2022-2023
5696,Vincent Marchetti,31,2476,0,1.8581558289006352,2,1.2464634459465742,37,15,6,0,M S,Ajaccio,0,1.8581558289006352,7.036711789667606,5.353022483177483,Ligue 1,2022-2023
5704,Xeka,8,553,0,0.110217098146677,0,0.0,4,0,1,0,M S,Rennes,0,0.110217098146677,1.819656416773796,1.722798392176628,Ligue 1,2022-2023
5717,Amine Harit,10,527,0,0.5521920025348663,0,1.3475323021411896,6,15,1,0,F M S,Marseille,0,0.5521920025348663,4.1529839634895325,2.9034724310040474,Ligue 1,2022-2023
5724,Irvin Cardona,10,212,0,0.1793047972023487,0,0.1759038958698511,4,3,0,0,F S,Brest,0,0.1793047972023487,0.2358059957623481,0.0076779797673225,Ligue 1,2022-2023
5732,Abdoulaye Bamba,21,1346,0,0.0,0,0.2642253004014492,0,4,2,0,D S,Angers,0,0.0,2.480526665225625,2.282107977196574,Ligue 1,2022-2023
5768,Remy Descamps,1,90,0,0.0,0,0.0,0,0,0,0,GK,Nantes,0,0.0,0.0,0.0,Ligue 1,2022-2023
5784,Quentin Bernard,7,630,0,0.0,1,0.638192493468523,0,7,0,0,D,Auxerre,0,0.0,1.1470400989055634,0.9566320851445198,Ligue 1,2022-2023
5974,Bingourou Kamara,5,408,0,0.0,0,0.0,0,0,1,0,GK S,Montpellier,0,0.0,0.019804660230875,0.019804660230875,Ligue 1,2022-2023
5975,Kenny Lala,17,1419,0,0.3221379816532135,2,1.773251679725945,12,24,4,0,D S,Brest,0,0.3221379816532135,2.4737203088589013,1.8673695786856117,Ligue 1,2022-2023
5978,Dmitri Lienard,28,1542,0,0.6970093753188848,0,1.5501703061163423,13,32,4,0,D M S,Strasbourg,0,0.6970093753188848,5.829280955716968,4.901687762700021,Ligue 1,2022-2023
5998,Christophe Herelle,16,1060,0,0.1523899994790554,0,0.1866295030340552,3,4,2,0,D S,Brest,0,0.1523899994790554,0.9703202927485108,0.9538631932809948,Ligue 1,2022-2023
6000,Tristan Dingome,8,76,0,0.1420609951019287,0,0.2077768072485923,3,4,0,0,S,Troyes,0,0.1420609951019287,1.04897490888834,0.7968328967690468,Ligue 1,2022-2023
6006,Ruben Aguilar,20,1171,0,0.5505883544683456,0,0.7018553614616394,4,3,3,0,D S,Monaco,0,0.5505883544683456,3.902655362151563,2.650211093015969,Ligue 1,2022-2023
6018,Samuel Moutoussamy,35,2388,0,1.3794666677713394,2,0.6596695575863123,22,18,8,0,M S,Nantes,0,1.3794666677713394,7.268351953476667,5.6869204714894295,Ligue 1,2022-2023
6110,Yvon Mvogo,21,1812,0,0.0,0,0.0,0,0,0,0,GK,Lorient,0,0.0,3.0942773167043924,3.0942773167043924,Ligue 1,2022-2023
6466,Jean-Claude Billong,1,20,0,0.0,0,0.0,0,0,0,0,S,Clermont Foot,0,0.0,0.0,0.0,Ligue 1,2022-2023
6489,Steven Fortes,1,5,0,0.0,0,0.0,0,0,0,0,S,Lens,0,0.0,0.0,0.0,Ligue 1,2022-2023
6601,Timothy Weah,29,1740,0,2.66246728785336,2,2.0947416918352246,30,16,2,0,D F M S,Lille,0,2.66246728785336,9.067577821202576,5.456718719564378,Ligue 1,2022-2023
6709,Yehvann Diouf,31,2790,0,0.0,0,0.0501408986747264,0,1,2,0,GK,Reims,0,0.0,4.886104945093393,4.835963938385248,Ligue 1,2022-2023
6816,Jean-Clair Todibo,33,2871,0,0.8287826906889677,0,0.1712081748992204,12,5,2,1,D S,Nice,0,0.8287826906889677,8.8601083625108,8.739501493051648,Ligue 1,2022-2023
6834,Joe Bryan,6,176,0,0.04286739975214,0,0.0612847991287708,1,1,3,0,D S,Nice,0,0.04286739975214,0.7046709880232811,0.6618031933903694,Ligue 1,2022-2023
6869,Antonin Bobichon,3,11,0,0.0612334012985229,0,0.0603188015520572,1,1,0,0,S,Angers,0,0.0612334012985229,0.0603188015520572,0.0603188015520572,Ligue 1,2022-2023
6903,Matz Sels,38,3420,0,0.0,0,0.2546829879283905,0,1,2,0,GK,Strasbourg,0,0.0,2.736810088157654,2.4821271002292637,Ligue 1,2022-2023
6904,Ibrahima Sissoko,26,1291,0,0.605901647824794,2,0.967983894981444,13,10,1,0,M S,Strasbourg,0,0.605901647824794,3.990710945799947,3.117795817088336,Ligue 1,2022-2023
6907,Colin Dagba,21,964,0,0.27444514259696,0,0.4813884776085615,5,12,3,0,D S,Strasbourg,0,0.27444514259696,2.53343456145376,2.1394141325727105,Ligue 1,2022-2023
7007,Duje Caleta-Car,1,6,0,0.0,0,0.0,0,0,0,0,S,Marseille,0,0.0,0.0,0.0,Ligue 1,2022-2023
7012,Gelson Martins,11,333,0,0.9274640008807182,0,0.3994691036641598,12,3,0,0,M S,Monaco,0,0.9274640008807182,1.3023137943819163,0.437747904099524,Ligue 1,2022-2023
7064,Farid El Melali,17,794,0,0.9196819141507148,0,0.099949799478054,11,4,1,0,D M S,Angers,0,0.9196819141507148,1.537686975672841,0.6652602031826973,Ligue 1,2022-2023
7151,Thomas Foket,24,1990,0,0.121661938726902,1,2.5326335560530424,2,23,0,0,D S,Reims,0,0.121661938726902,6.953290279954672,6.27356755360961,Ligue 1,2022-2023
7176,Mickaël Alphonse,26,1345,0,0.3350299894809723,0,0.6030596662312746,10,10,2,1,D S,Ajaccio,0,0.3350299894809723,0.8404677603393793,0.6252900576218963,Ligue 1,2022-2023
7189,Rafik Guitane,1,1,0,0.0,0,0.0,0,0,0,0,S,Reims,0,0.0,0.0,0.0,Ligue 1,2022-2023
7229,Florian Chabrolle,7,316,0,0.0395959988236427,0,0.0,2,0,1,0,M S,Ajaccio,0,0.0395959988236427,0.6982743758708239,0.6874465756118298,Ligue 1,2022-2023
7264,Han-Noah Massengo,14,1127,0,0.8377298340201378,0,0.5191048234701157,13,11,3,0,M S,Auxerre,0,0.8377298340201378,3.390039924532175,2.246228930540383,Ligue 1,2022-2023
7280,Yan Valery,30,2516,0,1.0679281391203403,0,1.7324819825589657,13,12,3,0,D M,Angers,0,1.0679281391203403,5.71737601980567,4.344684931449592,Ligue 1,2022-2023
7293,Matis Carvalho,2,134,0,0.0,0,0.0,0,0,0,0,GK S,Montpellier,0,0.0,0.0565879009664058,0.0565879009664058,Ligue 1,2022-2023
7358,Souleyman Doumbia,24,1800,0,0.9084608890116216,0,1.7667528009042144,7,12,2,1,D M S,Angers,0,0.9084608890116216,7.46665227971971,5.532434033229947,Ligue 1,2022-2023
7365,Lucas Paquetá,2,169,0,0.4521485008299351,0,0.1893843067809939,5,3,0,0,M,Lyon,0,0.4521485008299351,1.0590140223503113,0.461295984685421,Ligue 1,2022-2023
7397,Arbër Zeneli,23,1007,0,2.066427540034056,2,3.016563704237342,30,22,0,0,F M S,Reims,0,2.066427540034056,5.326022148132324,1.8606940247118475,Ligue 1,2022-2023
7486,Leonardo Balerdi,35,2639,0,0.9140943493694068,1,0.1501996302977204,11,5,9,1,D S,Marseille,0,0.9140943493694068,10.030448328703642,9.844416320323944,Ligue 1,2022-2023
7612,Nathan N&#039;Goumou Minpol,1,90,0,0.0,0,0.9159470200538636,0,1,0,0,M,Toulouse,0,0.0,0.976881980895996,0.0609352998435497,Ligue 1,2022-2023
7613,Moussa Diarra,23,1215,0,0.5709859728813171,1,0.89156255684793,1,7,0,0,D S,Toulouse,0,0.5709859728813171,2.832159934565425,2.0437871366739278,Ligue 1,2022-2023
7614,Lucas Perrin,26,1746,0,0.8301517376676202,1,0.8441031081601977,8,8,4,0,D S,Strasbourg,0,0.8301517376676202,3.864677901379764,3.6756010903045535,Ligue 1,2022-2023
7687,Jean Lucas,6,284,0,1.2664039731025696,0,0.077090099453926,5,3,0,0,M S,Monaco,0,1.2664039731025696,1.0411689765751362,0.2359930053353309,Ligue 1,2022-2023
7719,Nathanael Mbuku,6,45,0,0.0702075995504856,0,0.0,2,0,0,0,S,Reims,0,0.0702075995504856,0.1848121024668216,0.114604502916336,Ligue 1,2022-2023
7730,Jean-Charles Castelletto,32,2565,0,0.8315953845158219,0,0.3008493091911077,9,5,3,0,D S,Nantes,0,0.8315953845158219,4.2538949847221375,4.138015910983086,Ligue 1,2022-2023
7731,Denys Bain,2,125,0,0.0,0,0.0,0,0,0,0,D S,Auxerre,0,0.0,0.0451119989156723,0.0451119989156723,Ligue 1,2022-2023
7735,Donovan Léon,2,180,0,0.0,0,0.0,0,0,0,0,GK,Auxerre,0,0.0,0.0699701011180877,0.0699701011180877,Ligue 1,2022-2023
7736,Brendan Chardonnet,30,2483,0,0.7893046624958515,0,0.2421085648238659,16,8,6,0,D S,Brest,0,0.7893046624958515,5.2394008953124285,5.139388702809811,Ligue 1,2022-2023
7739,Joris Chotard,35,2447,0,0.3013137923553586,6,3.331535736098885,12,27,4,0,M S,Montpellier,0,0.3013137923553586,8.314840177074075,5.711736628785729,Ligue 1,2022-2023
7757,Léo Jardim,6,540,0,0.0,0,0.0,0,0,0,0,GK,Lille,0,0.0,0.5115409046411514,0.5115409046411514,Ligue 1,2022-2023
7760,Abdoul Kader Bamba,4,77,0,0.0923248007893562,0,0.0196838993579149,1,1,0,0,M S,Nantes,0,0.0923248007893562,0.2057042941451072,0.1133792027831077,Ligue 1,2022-2023
7763,Fabien Centonze,23,1686,0,0.3655084194615483,0,0.8156499546021223,13,12,4,0,D M S,Nantes,0,0.3655084194615483,4.161725747399032,3.080625125207007,Ligue 1,2022-2023
7765,Thomas Delaine,17,1092,0,0.2001740038394928,2,2.345053046941757,6,9,3,0,D M S,Strasbourg,0,0.2001740038394928,5.026660956442356,3.198140811175108,Ligue 1,2022-2023
7772,Marcin Bulka,2,180,0,0.0,0,0.0,0,0,0,0,GK,Nice,0,0.0,0.093314697034657,0.093314697034657,Ligue 1,2022-2023
7980,Adil Aouchiche,11,227,0,0.4843624960631132,0,0.0789778977632522,8,1,0,0,M S,Lorient,0,0.4843624960631132,0.7648677974939346,0.2015278004109859,Ligue 1,2022-2023
8049,Jean-Kevin Duverne,34,2518,0,0.2499995417892933,0,0.8905763393267989,5,10,2,0,D S,Brest,0,0.2499995417892933,5.4802529057487845,4.637513367459178,Ligue 1,2022-2023
8146,Ismail Jakobs,32,1076,0,0.7558270208537579,2,1.1996560953557491,14,12,3,0,D M S,Monaco,0,0.7558270208537579,3.67944953776896,2.110187401995063,Ligue 1,2022-2023
8151,Hianga&#039;a M&#039;Bock,2,13,0,0.0,0,0.0,0,0,0,0,S,Brest,0,0.0,0.0,0.0,Ligue 1,2022-2023
8165,Lucien Agoume,15,1108,0,0.5966484770178795,1,0.9095817655324936,9,12,5,0,M S,Troyes,0,0.5966484770178795,2.959144704043865,2.645480478182435,Ligue 1,2022-2023
8175,Zinédine Ould Khaled,4,45,0,0.0613785982131958,0,0.0,1,0,0,0,S,Angers,0,0.0613785982131958,0.0737109035253524,0.0737109035253524,Ligue 1,2022-2023
8176,Jason Mbock,2,20,0,0.0,0,0.0613785982131958,0,1,0,0,S,Angers,0,0.0,0.0,0.0,Ligue 1,2022-2023
8190,Melvin Bard,33,2463,0,0.3651364482939243,0,1.1321078147739172,7,10,6,0,D M S,Nice,0,0.3651364482939243,10.994219776242971,10.18980573117733,Ligue 1,2022-2023
8200,Logan Costa,6,408,0,0.3935234472155571,0,0.0781371220946312,5,2,0,0,D S,Toulouse,0,0.3935234472155571,0.3442344646900892,0.3164851646870374,Ligue 1,2022-2023
8278,Papa Ndiaga Yade,14,553,0,0.407345000654459,2,1.3162974547594786,10,10,1,1,D S,Troyes,0,0.407345000654459,3.1057231910526752,1.8589904196560385,Ligue 1,2022-2023
8283,Batista Mendy,35,2884,0,0.7077584099024534,0,1.012134788557887,15,17,6,1,D M,Angers,0,0.7077584099024534,8.444234943948686,7.3547383937984705,Ligue 1,2022-2023
8294,El Bilal Touré,3,92,0,0.0102917002514004,0,0.0280121993273496,1,2,0,0,F S,Reims,0,0.0102917002514004,0.0599512010812759,0.0216473005712032,Ligue 1,2022-2023
8312,Kaj Sierhuis,14,187,0,0.2968824207782745,0,0.0,5,0,0,0,F S,Reims,0,0.2968824207782745,0.6108307130634785,0.3139482848346233,Ligue 1,2022-2023
8330,Jean Onana,21,808,0,0.3295610714703798,0,0.3178395992144942,8,6,3,0,D M S,Lens,0,0.3295610714703798,5.107048348523676,4.866111557930708,Ligue 1,2022-2023
8633,Waniss Taibi,11,165,0,0.101342998445034,1,0.0611127987504005,1,1,1,0,M S,Angers,0,0.101342998445034,0.7784396074712276,0.717326607555151,Ligue 1,2022-2023
8638,Lucas Chevalier,32,2880,0,0.0,0,0.4747549891471863,0,2,1,0,GK,Lille,0,0.0,5.599389085546136,5.4780922923237085,Ligue 1,2022-2023
8640,Adrien Truffert,28,1970,0,0.4528154004365206,6,1.7042309008538723,10,21,1,0,D S,Rennes,0,0.4528154004365206,9.272313602268696,7.677102919667959,Ligue 1,2022-2023
8643,Chrislain Matsima,14,665,0,0.6906849034130573,1,0.5142049789428711,4,1,0,0,D S,"Lorient,Monaco",0,0.6906849034130573,1.6437475671991706,1.129543541930616,Ligue 1,2022-2023
8646,Wout Faes,3,270,0,0.0,0,0.0091636199504137,0,1,2,0,D,Reims,0,0.0,0.2209996152669191,0.2209996152669191,Ligue 1,2022-2023
8647,Thibault De Smet,22,1767,0,0.0,1,1.1664715483784676,0,11,2,0,D S,Reims,0,0.0,6.427227809093893,5.667203198187053,Ligue 1,2022-2023
8650,Julien Laporte,20,1655,0,0.1760066021233797,0,0.0087625002488493,5,1,1,0,D S,Lorient,0,0.1760066021233797,3.603973319754005,3.595210822299123,Ligue 1,2022-2023
8653,Adrian Grbic,2,19,0,0.11924359947443,0,0.0,3,0,0,0,S,Lorient,0,0.11924359947443,0.0399039983749389,0.0,Ligue 1,2022-2023
8656,Birger Meling,27,1176,0,0.0,1,1.2077572289854288,0,7,3,1,D S,Rennes,0,0.0,8.321724336594343,7.68984143063426,Ligue 1,2022-2023
8660,Jordan Lotomba,33,2460,0,1.1341208722442389,2,0.7259797919541597,14,15,4,0,D S,Nice,0,1.1341208722442389,10.627876253798604,9.356470445171,Ligue 1,2022-2023
8663,Flavius Daniliuc,2,91,0,0.0,0,0.025101400911808,0,1,0,0,D S,Nice,0,0.0,0.0613945983350276,0.0362932011485099,Ligue 1,2022-2023
8665,Loic Bade,1,90,0,0.1718039959669113,1,0.0351157002151012,2,1,1,0,D,Rennes,0,0.1718039959669113,0.272022008895874,0.272022008895874,Ligue 1,2022-2023
8667,Ismael Boura,9,65,0,0.0586820989847183,0,0.5905200242996216,2,1,0,0,S,Lens,0,0.0586820989847183,0.6566230058670044,0.6122829914093018,Ligue 1,2022-2023
8677,Lilian Brassier,36,3096,0,0.8682170314714313,0,1.0178800150752068,20,7,5,0,D S,Brest,0,0.8682170314714313,5.544125955551863,4.958395218476653,Ligue 1,2022-2023
8678,Jonas Omlin,14,1166,0,0.0,0,0.0,0,0,1,1,GK,Montpellier,0,0.0,0.8103607948869467,0.8103607948869467,Ligue 1,2022-2023
8682,Salim Ben Seghir,1,2,0,0.0,0,0.0,0,0,0,0,S,Marseille,0,0.0,0.0,0.0,Ligue 1,2022-2023
8687,Kiki Kouyate,15,1264,0,0.7221267018467188,0,0.0552436988800764,11,2,5,0,D,Montpellier,0,0.7221267018467188,2.4380116052925587,2.411394005641341,Ligue 1,2022-2023
8698,Kays Ruiz-Atil,1,63,0,0.0,0,0.0,0,0,1,0,M,Auxerre,0,0.0,0.0,0.0,Ligue 1,2022-2023
8701,Timothee Pembele,5,275,0,0.264719009399414,1,0.199104692786932,3,2,0,0,D S,Paris Saint Germain,0,0.264719009399414,0.739122711122036,0.2752982079982757,Ligue 1,2022-2023
8703,Sinaly Diomande,24,1966,0,0.4671635096892714,0,0.0638795085251331,10,3,2,1,D S,Lyon,0,0.4671635096892714,6.716355254873633,6.679515158757567,Ligue 1,2022-2023
8973,Lorenz Assignon,12,240,0,0.627483993768692,1,0.6877081021666527,2,2,3,0,D S,Rennes,0,0.627483993768692,1.845249880105257,1.2177663892507553,Ligue 1,2022-2023
9017,Malo Gusto,21,1616,0,0.6175791900604963,1,2.989200968295336,7,23,1,0,D M S,Lyon,0,0.6175791900604963,7.803330281749368,6.312291512265801,Ligue 1,2022-2023
9092,Marvin Senaya,1,4,0,0.0,0,0.0,0,0,0,0,S,Strasbourg,0,0.0,0.0,0.0,Ligue 1,2022-2023
9140,Maxime Busi,21,1046,0,0.1113069001585245,1,0.752912181429565,4,8,4,0,D M S,Reims,0,0.1113069001585245,3.590114859864116,3.0264108050614595,Ligue 1,2022-2023
9450,Dion Lopy,29,1393,0,0.7243451792746782,1,1.0743732042610643,18,15,4,2,M S,Reims,0,0.7243451792746782,5.396853872574866,3.76588695961982,Ligue 1,2022-2023
9451,Chimuanya Ugochukwu,26,1330,0,1.1581621300429106,1,0.8470546826720238,6,3,3,1,M S,Rennes,0,1.1581621300429106,5.84773663431406,3.931441152468324,Ligue 1,2022-2023
9487,Maxime Estève,23,1633,0,0.4239177107810974,0,0.0217300001531839,6,1,3,0,D S,Montpellier,0,0.4239177107810974,2.239713194780052,2.217983203940093,Ligue 1,2022-2023
9491,Warmed Omari,16,1365,0,0.5588838998228312,0,0.2744802329689264,3,5,2,1,D S,Rennes,0,0.5588838998228312,6.389018543064594,6.320379532873631,Ligue 1,2022-2023
9514,Antoine Mendy,11,521,0,0.3091974034905433,1,0.304874898865819,8,6,0,0,D M S,Nice,0,0.3091974034905433,1.1611045971512794,0.6726246625185013,Ligue 1,2022-2023
9614,Marco Bizot,37,3330,0,0.0,0,0.0,0,0,4,0,GK,Brest,0,0.0,2.565970741212368,2.565970741212368,Ligue 1,2022-2023
9615,Jere Uronen,6,297,0,0.0158160999417305,1,0.4815250039100647,1,1,0,0,D S,Brest,0,0.0158160999417305,0.9137163944542408,0.8978994078934193,Ligue 1,2022-2023
9618,Gauthier Gallon,30,2668,0,0.0,0,0.0053659998811781,0,1,3,1,GK,Troyes,0,0.0,1.1162044345401227,1.1162044345401227,Ligue 1,2022-2023
9623,Tanguy Zoukrou,8,503,0,0.0,0,0.036168772727251,0,1,0,0,D S,Troyes,0,0.0,0.9803960546851158,0.9803960546851158,Ligue 1,2022-2023
9625,Derek Mazou-Sacko,1,12,0,0.0,0,0.0,0,0,0,0,S,Troyes,0,0.0,0.0,0.0,Ligue 1,2022-2023
9627,Rudy Kohon,1,64,0,0.0,0,0.0,0,0,0,0,S,Troyes,0,0.0,0.0,0.0,Ligue 1,2022-2023
9629,El Chadaille Bitshiabu,13,581,0,0.0,0,0.0349242016673088,0,1,2,0,D S,Paris Saint Germain,0,0.0,2.368093878030777,2.368093878030777,Ligue 1,2022-2023
9631,Christopher Wooh,14,1007,0,1.1046095862984655,0,0.4764449894428253,5,1,4,0,D S,"Lens,Rennes",0,1.1046095862984655,4.9549608416855335,4.358635645359755,Ligue 1,2022-2023
9635,Karol Fila,2,40,0,0.0599008984863758,0,0.0,1,0,0,0,S,Strasbourg,0,0.0599008984863758,0.0955542996525764,0.0356535017490386,Ligue 1,2022-2023
9640,Florent Ogier,26,1682,0,0.1228892998769879,1,1.0533438995480535,2,5,4,0,D S,Clermont Foot,0,0.1228892998769879,2.2412407118827105,2.2131100110709667,Ligue 1,2022-2023
9644,Jason Berthomier,2,21,0,0.0,0,0.0,0,0,0,0,S,Clermont Foot,0,0.0,0.0144336996600031,0.0144336996600031,Ligue 1,2022-2023
9650,Arial Mendy,5,215,0,0.0576669992879033,0,0.0504473000764846,2,1,0,0,D S,Clermont Foot,0,0.0576669992879033,0.1501732980832457,0.0863145980983972,Ligue 1,2022-2023
9652,Alidu Seidu,28,2471,0,0.0956001784652471,0,1.1094476720318198,6,7,10,1,D,Clermont Foot,0,0.0956001784652471,5.304306615144014,5.174741465598345,Ligue 1,2022-2023
9653,Ouparine Djoco,1,90,0,0.0,0,0.0,0,0,0,0,GK,Clermont Foot,0,0.0,0.0935359671711921,0.0935359671711921,Ligue 1,2022-2023
9655,Pablo Rosario,31,1753,0,1.2341561932116747,1,1.85909883864224,10,19,6,0,D M S,Nice,0,1.2341561932116747,9.95982083119452,7.829623693600297,Ligue 1,2022-2023
9659,Bradley Locko,22,1315,0,0.1575358984991908,0,0.5235742479562759,5,10,3,1,D M S,"Brest,Reims",0,0.1575358984991908,3.3985562659800053,2.848382418975234,Ligue 1,2022-2023
9661,Igor Silva,7,455,0,0.2043289393186569,0,0.442281112074852,4,2,2,1,D S,Lorient,0,0.2043289393186569,1.0119702946394682,0.8076413534581661,Ligue 1,2022-2023
9670,Léo Leroy,27,1206,0,0.9947666022926568,0,1.0877678226679564,18,11,7,0,M S,Montpellier,0,0.9947666022926568,5.512498332187533,4.055705571547151,Ligue 1,2022-2023
9671,Béni Makouana,8,179,0,0.7208468094468117,0,0.0134637998417019,6,1,1,0,M S,Montpellier,0,0.7208468094468117,0.7918102107942104,0.057499598711729,Ligue 1,2022-2023
9766,Ismaël Gharbi,6,46,0,0.1625684984028339,0,0.0,3,0,1,0,S,Paris Saint Germain,0,0.1625684984028339,0.1625684984028339,0.0,Ligue 1,2022-2023
9778,Henrique,7,350,0,0.0235130991786718,1,0.0748744830489158,1,1,0,0,D M S,Lyon,0,0.0235130991786718,0.3481169622391462,0.2497293800115585,Ligue 1,2022-2023
9807,Gideon Mensah,26,2266,0,0.1526540508493781,0,2.133013262413442,5,26,5,0,D,Auxerre,0,0.1526540508493781,6.36290174536407,5.2628229930996895,Ligue 1,2022-2023
9826,Axel Camblan,7,51,0,0.0507403016090393,0,0.1179895997047424,1,2,0,0,S,Brest,0,0.0507403016090393,0.1739975893869996,0.1160378912463784,Ligue 1,2022-2023
9900,Alexis Beka Beka,14,547,0,0.3738042935729027,0,0.0707202618941664,9,3,2,0,D M S,Nice,0,0.3738042935729027,1.2388452999293804,0.8785547725856304,Ligue 1,2022-2023
9919,Calvin Stengs,4,218,0,0.1393288001418113,0,0.0471084006130695,3,1,0,0,F M S,Nice,0,0.1393288001418113,0.4570099860429764,0.2705728095024824,Ligue 1,2022-2023
9932,Nordine Kandil,7,80,0,0.1507843025028705,1,0.759974118322134,3,2,0,0,S,Strasbourg,0,0.1507843025028705,0.9060077238827944,0.7792079206556082,Ligue 1,2022-2023
9941,Mitchell van Bergen,28,853,0,2.055069912225008,1,2.085307275876403,25,18,1,0,F M S,Reims,0,2.055069912225008,4.7241357658058405,1.5816490706056356,Ligue 1,2022-2023
9944,Gabriel Gudmundsson,18,823,0,0.3866898212581873,0,1.173546478152275,7,12,3,0,D M S,Lille,0,0.3866898212581873,4.0058584697544575,2.5838848650455475,Ligue 1,2022-2023
9978,Azor Matusiwa,30,2504,0,0.2403883002698421,0,0.9725478822365404,10,24,4,0,M S,Reims,0,0.2403883002698421,11.441023161634805,10.43383045680821,Ligue 1,2022-2023
10029,Alberth Elis,10,241,0,0.2370774000883102,0,0.2943525984883308,4,3,0,0,M S,Brest,0,0.2370774000883102,0.817859411239624,0.2864289954304695,Ligue 1,2022-2023
10040,Erik Palmer-Brown,38,3193,0,0.7887239260599017,0,0.4561761952936649,12,7,5,0,D S,Troyes,0,0.7887239260599017,3.818205513525754,3.4249480147846043,Ligue 1,2022-2023
10044,Aiman Maurer,10,508,0,1.5610265918076038,1,1.4313946180045605,11,6,0,0,M S,Clermont Foot,0,1.5610265918076038,3.287802394479513,0.4014533646404743,Ligue 1,2022-2023
10057,Felix Lemarechal,13,257,0,0.0596138648688793,0,0.4999105837196111,2,6,1,0,M S,Brest,0,0.0596138648688793,0.6220112200826406,0.1264609647914767,Ligue 1,2022-2023
10058,Maghnes Akliouche,11,412,0,0.4047940857708454,0,0.2107633538544178,5,6,3,0,F M S,Monaco,0,0.4047940857708454,0.8954582139849663,0.5544883273541927,Ligue 1,2022-2023
10111,Alexis Tibidi,3,73,0,0.0,0,0.0,0,0,0,0,S,Troyes,0,0.0,0.0703712999820709,0.0703712999820709,Ligue 1,2022-2023
10132,Yohann Magnin,38,2372,0,0.8110166918486357,0,2.681544877588749,17,21,6,0,D M S,Clermont Foot,0,0.8110166918486357,6.973558591678739,4.352932220324874,Ligue 1,2022-2023
10194,Brayann Pereira,2,180,0,0.0,0,0.0,0,0,0,0,D,Auxerre,0,0.0,0.3052499890327453,0.3052499890327453,Ligue 1,2022-2023
10195,Ibrahim Diakité,3,132,0,0.3794189989566803,0,0.0,1,0,1,0,D S,Reims,0,0.3794189989566803,0.081533096730709,0.081533096730709,Ligue 1,2022-2023
10196,Martin Adeline,5,94,0,0.0216473005712032,0,0.0,1,0,2,0,S,Reims,0,0.0216473005712032,0.0708676017820835,0.0492203012108802,Ligue 1,2022-2023
10256,Patrick Berg,3,16,0,0.0,0,0.0375998988747596,0,1,0,0,S,Lens,0,0.0,0.1288435012102127,0.091243602335453,Ligue 1,2022-2023
10258,Dogan Alemdar,6,401,0,0.0,0,0.0572589039802551,0,1,1,0,GK S,Rennes,0,0.0,0.4375363998115062,0.3802774958312511,Ligue 1,2022-2023
10270,Lohann Doucet,9,68,0,0.0815343037247657,0,0.1272349953651428,1,1,0,0,S,Nantes,0,0.0815343037247657,0.3905809018760919,0.2633459065109491,Ligue 1,2022-2023
10287,Mohamed Achi,2,27,0,0.0222287997603416,0,0.0175579003989696,1,1,0,0,S,Nantes,0,0.0222287997603416,0.1537795048207044,0.1139926332980394,Ligue 1,2022-2023
10300,Jeanuël Belocian,8,514,0,0.0310445427894592,0,0.0558241158723831,1,1,1,0,D S,Rennes,0,0.0310445427894592,1.7220963761210442,1.6910518184304235,Ligue 1,2022-2023
10346,Bonke Innocent,25,1189,0,0.1323958542197942,1,0.2158457990735769,4,6,5,0,M S,Lorient,0,0.1323958542197942,3.2937101367861032,3.0091678462922573,Ligue 1,2022-2023
10391,Dany Jean,2,8,0,0.0,0,0.0511477999389171,0,1,0,0,S,Strasbourg,0,0.0,0.0511477999389171,0.0,Ligue 1,2022-2023
10462,Marin Jakolis,1,24,0,0.195359006524086,0,0.0,2,0,0,0,S,Angers,0,0.195359006524086,0.6314759850502014,0.4361169934272766,Ligue 1,2022-2023
10501,Mathis Hamdi,2,66,0,0.0,0,0.0,0,0,0,0,S,Troyes,0,0.0,0.0,0.0,Ligue 1,2022-2023
10515,Simon Ramet,1,1,0,0.0,0,0.0,0,0,0,0,S,Lille,0,0.0,0.0,0.0,Ligue 1,2022-2023
10527,Carlos Baleba,19,460,0,0.3990454394370317,0,0.0514576993882656,12,2,3,1,M S,Lille,0,0.3990454394370317,2.4776265285909176,2.221984338015318,Ligue 1,2022-2023
10564,Leny Yoro,13,771,0,0.1119113974273204,0,0.0242464002221822,2,1,0,0,D M S,Lille,0,0.1119113974273204,3.208745850250125,3.208745850250125,Ligue 1,2022-2023
10580,Samuel Koeberle,1,1,0,0.0,0,0.0,0,0,0,0,S,Reims,0,0.0,0.0,0.0,Ligue 1,2022-2023
10703,Mohamed El Arouch,1,1,0,0.0,0,0.0,0,0,0,0,S,Lyon,0,0.0,0.3320690095424652,0.3320690095424652,Ligue 1,2022-2023
10705,Oumar Gonzalez,30,2591,0,0.3994428562000394,0,0.0,11,0,10,0,D S,Ajaccio,0,0.3994428562000394,2.76820501498878,2.76820501498878,Ligue 1,2022-2023
10708,Qazim Laçi,9,200,0,0.1022646985948085,0,0.1464167982339859,4,3,0,0,M S,Ajaccio,0,0.1022646985948085,0.0845236033201217,0.0572299007326364,Ligue 1,2022-2023
10710,Mathieu Coutadeur,27,1964,0,0.0588560681790113,0,0.9199739890173078,4,10,2,0,M S,Ajaccio,0,0.0588560681790113,4.112136255018413,3.9219614593312144,Ligue 1,2022-2023
10711,Yanis Cimignani,8,267,0,0.1533146984875202,0,0.054584969766438,6,3,0,0,M S,Ajaccio,0,0.1533146984875202,0.38008320517838,0.2267592083662748,Ligue 1,2022-2023
10712,Kevin Spadanuda,22,1068,0,0.662744240835309,1,0.5815408453345299,7,8,3,0,F M S,Ajaccio,0,0.662744240835309,1.9396345019340515,0.7538857199251652,Ligue 1,2022-2023
10713,Mohamed Youssouf,30,2462,0,0.3273351155221462,0,0.7284004157409072,5,15,5,1,D S,Ajaccio,0,0.3273351155221462,1.945739240385592,1.4656521184369922,Ligue 1,2022-2023
10714,Francois-Joseph Sollacaro,6,540,0,0.0,0,0.0,0,0,0,0,GK,Ajaccio,0,0.0,0.8247268870472908,0.8247268870472908,Ligue 1,2022-2023
10749,Siriki Dembélé,12,366,0,0.5373578174039721,0,0.9246402978897096,5,7,1,0,M S,Auxerre,0,0.5373578174039721,2.1602377519011497,1.6264638807624578,Ligue 1,2022-2023
10764,Djed Spence,8,577,0,0.4907146990299225,0,0.1221688985824585,3,2,0,0,D S,Rennes,0,0.4907146990299225,1.8635094854980707,1.3521968461573124,Ligue 1,2022-2023
10770,Soungoutou Magassa,2,79,0,0.0,0,0.0,0,0,0,0,S,Monaco,0,0.0,0.117026999592781,0.117026999592781,Ligue 1,2022-2023
10780,Mory Diaw,37,3330,0,0.0,0,0.1151074729859829,0,3,0,0,GK,Clermont Foot,0,0.0,4.518326013348997,4.403218540363014,Ligue 1,2022-2023
10781,Mateusz Wieteska,35,3127,0,2.2902032490819693,1,0.711905213072896,16,3,7,1,D,Clermont Foot,0,2.2902032490819693,6.617553901858628,6.603171699680388,Ligue 1,2022-2023
10784,Brandon Baiye,7,36,0,0.0,0,0.0226038992404937,0,1,0,0,S,Clermont Foot,0,0.0,0.1362489014863968,0.1362489014863968,Ligue 1,2022-2023
10788,Rasmus Nicolaisen,34,3003,0,0.782614391297102,2,1.088829543441534,13,4,5,1,D,Toulouse,0,0.782614391297102,11.967982400208712,11.920344401150942,Ligue 1,2022-2023
10795,Denis Genreau,20,641,0,0.9072601888328792,1,0.8202487900853157,7,6,3,0,M S,Toulouse,0,0.9072601888328792,4.497066725045443,3.371642015874386,Ligue 1,2022-2023
10797,Kévin Biakolo,11,347,0,0.0410500988364219,0,0.1738380044698715,1,2,1,0,D S,Toulouse,0,0.0410500988364219,0.5447952561080456,0.3709572441875934,Ligue 1,2022-2023
10801,Rares Ilie,4,153,0,0.1612548008561134,0,0.0875755995512008,4,2,0,0,M S,Nice,0,0.1612548008561134,0.3649266995489597,0.1572681032121181,Ligue 1,2022-2023
10813,Youssouf M&#039;Changama,26,1059,0,0.6328072194010019,0,1.0752098131924868,19,10,1,0,M S,Auxerre,0,0.6328072194010019,2.7706363406032324,1.915400369092822,Ligue 1,2022-2023
10816,Rémy Dugimont,11,92,0,0.1000053994357585,1,0.4651134014129638,4,3,1,0,S,Auxerre,0,0.1000053994357585,1.1962304785847664,0.6592920795083046,Ligue 1,2022-2023
10817,Paul Joly,10,870,0,0.4298934983089566,0,0.2405858999118209,7,7,2,0,D,Auxerre,0,0.4298934983089566,1.318872902542353,1.1022224947810173,Ligue 1,2022-2023
10818,Kévin Danois,1,1,0,0.0,0,0.0,0,0,0,0,S,Auxerre,0,0.0,0.0,0.0,Ligue 1,2022-2023
10819,Khalil Fayad,24,670,0,0.5512336976826191,2,1.1628549601882696,8,12,1,1,M S,Montpellier,0,0.5512336976826191,2.234425200149417,1.4818214680999515,Ligue 1,2022-2023
10820,Andreas Bruus,27,1623,0,0.6772336643189192,2,1.5195470787584782,11,21,2,0,D M S,Troyes,0,0.6772336643189192,3.587665805593133,1.921816512942314,Ligue 1,2022-2023
10823,Kyliane Dong,6,206,0,0.0906563624739646,0,0.1553262993693351,2,2,0,0,F M S,Troyes,0,0.0906563624739646,0.3190440870821476,0.1260267589241266,Ligue 1,2022-2023
10824,Danel Dongmo,2,13,0,0.0,0,0.0,0,0,0,0,S,Troyes,0,0.0,0.0,0.0,Ligue 1,2022-2023
10828,Ilyés Chétti,6,202,0,0.0,0,0.3183139860630035,0,1,1,0,D S,Angers,0,0.0,0.8261306118220091,0.5078172069042921,Ligue 1,2022-2023
10829,Yahia Fofana,11,990,0,0.0,0,0.0,0,0,2,0,GK,Angers,0,0.0,1.4738280326128006,1.4738280326128006,Ligue 1,2022-2023
10830,Jean Négoce,10,254,0,0.4158622324466705,0,0.3048523981124162,4,3,0,0,F S,Angers,0,0.4158622324466705,1.2978069558739662,0.5957944765686989,Ligue 1,2022-2023
10833,Lukasz Poreba,10,259,0,0.201534004881978,1,0.3871073955669999,3,5,1,0,M S,Lens,0,0.201534004881978,1.2833721041679382,0.7901201024651527,Ligue 1,2022-2023
10836,Karamoko Dembele,15,141,0,0.3316854014992714,0,0.0854965969920158,4,3,0,0,S,Brest,0,0.3316854014992714,0.4919402040541172,0.0915582068264484,Ligue 1,2022-2023
10843,Gédéon Kalulu,29,2447,0,0.438016913831234,4,1.5447888048365712,10,23,6,0,D S,Lorient,0,0.438016913831234,7.887278319336474,6.51546186208725,Ligue 1,2022-2023
10855,Patrick Pentz,7,630,0,0.0,0,0.0,0,0,1,0,GK,Reims,0,0.0,0.6255601085722446,0.6255601085722446,Ligue 1,2022-2023
10856,Emmanuel Agbadou,29,2387,0,1.7788151856511831,3,2.907546442002058,23,13,5,3,D M S,Reims,0,1.7788151856511831,9.336381938308476,7.875852189958095,Ligue 1,2022-2023
10868,Guela Doué,2,9,0,0.0123905995860695,0,0.0,1,0,0,0,S,Rennes,0,0.0123905995860695,0.097637303173542,0.0852466970682144,Ligue 1,2022-2023
10917,Thierno Baldé,31,2176,0,0.3006730079650879,1,1.0243812911212444,7,19,1,0,D M S,Troyes,0,0.3006730079650879,3.02766933105886,1.9873575288802383,Ligue 1,2022-2023
10919,Yanis Begraoui,3,63,0,0.0,0,0.1024912986904382,0,2,0,0,M S,Toulouse,0,0.0,0.1024912986904382,0.0,Ligue 1,2022-2023
10921,Kenji-Van Boto,2,180,0,0.0740301012992858,0,0.0,3,0,0,0,D,Auxerre,0,0.0740301012992858,0.4769284054636955,0.402898695319891,Ligue 1,2022-2023
10924,Fernand Mayembo,11,706,0,0.85418501496315,0,0.028935800306499,4,2,1,0,D S,Ajaccio,0,0.85418501496315,0.7620483925566077,0.7488443925976753,Ligue 1,2022-2023
10968,Joaquín Blázquez,1,90,0,0.0,0,0.0,0,0,0,0,GK,Brest,0,0.0,0.4845969974994659,0.4845969974994659,Ligue 1,2022-2023
11006,Mohamed Camara,29,2206,0,0.9617398604750632,3,2.229152262210846,27,18,6,1,M S,Monaco,0,0.9617398604750632,12.112434014678,9.559408374130726,Ligue 1,2022-2023
11013,Naatan Skyttä,2,16,0,0.0645575001835823,0,0.0,1,0,0,0,S,Toulouse,0,0.0645575001835823,0.5125776007771492,0.4480201043188572,Ligue 1,2022-2023
11014,Oliver Zandén,5,137,0,0.1244513979181647,0,0.0598928984254598,2,2,0,0,D S,Toulouse,0,0.1244513979181647,0.170306796208024,0.1104139983654022,Ligue 1,2022-2023
11016,Ousmane Camara,9,522,0,0.1311479955911636,0,0.0,1,0,2,0,D S,Angers,0,0.1311479955911636,1.7733448594808578,1.7733448594808578,Ligue 1,2022-2023
11018,Jean Botué,8,221,0,0.2399590015411377,0,0.0945592001080513,6,3,0,0,F S,Ajaccio,0,0.2399590015411377,0.2351002991199493,0.0,Ligue 1,2022-2023
11049,Reda Belahyane,4,176,0,0.0485533997416496,0,0.0370960123836994,1,1,0,0,M S,Nice,0,0.0485533997416496,0.3112452961504459,0.2255958877503872,Ligue 1,2022-2023
11062,Badredine Bouanani,19,856,0,1.512201895006001,4,3.5865272041410208,25,22,0,0,F M S,Nice,0,1.512201895006001,7.164885186590254,3.6386807495728135,Ligue 1,2022-2023
11063,Souleymane Cissé,2,30,0,0.0693584010004997,0,0.0,1,0,0,0,S,Clermont Foot,0,0.0693584010004997,0.0,0.0,Ligue 1,2022-2023
11064,Baila Diallo,6,78,0,0.0194767992943525,0,0.0,1,0,0,0,S,Clermont Foot,0,0.0194767992943525,0.0328713990747928,0.0328713990747928,Ligue 1,2022-2023
11065,Remy Labeau Lascary,10,95,0,0.4436804018914699,0,0.0385309001430869,3,2,0,0,S,Lens,0,0.4436804018914699,0.5701675014570355,0.0879561975598335,Ligue 1,2022-2023
11084,Axel Gueguin,5,17,0,0.0,0,0.0,0,0,0,0,S,Montpellier,0,0.0,0.0,0.0,Ligue 1,2022-2023
11088,Tairyk Arconte,4,125,0,0.5337206125259399,0,0.1655460000038147,2,2,0,0,F S,Brest,0,0.5337206125259399,0.62847501039505,0.0,Ligue 1,2022-2023
11090,Siriné Doucouré,12,105,0,0.6417881920933723,1,0.8075737841427326,7,5,0,0,S,Lorient,0,0.6417881920933723,1.4447268843650818,0.6345501858741045,Ligue 1,2022-2023
11091,Veljko Birmancevic,25,381,0,1.4433416612446308,0,0.6124507859349251,13,3,0,0,F M S,Toulouse,0,1.4433416612446308,2.0012945234775543,0.7276330031454563,Ligue 1,2022-2023
11102,Adam Buksa,8,87,0,0.0,0,0.1283968985080719,0,1,0,0,S,Lens,0,0.0,0.1283968985080719,0.0,Ligue 1,2022-2023
11103,Mateusz Lis,9,750,0,0.0,0,0.0,0,0,1,0,GK S,Troyes,0,0.0,0.3531683590263128,0.3531683590263128,Ligue 1,2022-2023
11131,Christian Mawissa Elebi,2,93,0,0.0,0,0.0,0,0,1,0,D S,Toulouse,0,0.0,0.4300200045108795,0.4300200045108795,Ligue 1,2022-2023
11134,Noah Holm,8,184,0,0.5119747454300523,0,0.2233311086893081,2,3,1,0,F S,Reims,0,0.5119747454300523,1.235813924111426,0.5461150854825974,Ligue 1,2022-2023
11135,Cheick Keita,9,690,0,0.153246795758605,0,0.0157200992107391,3,1,1,0,D S,Reims,0,0.153246795758605,1.7307641878724098,1.704258106648922,Ligue 1,2022-2023
11137,Ghjuvanni Quilichini,1,82,0,0.0,0,0.0,0,0,0,0,S,Ajaccio,0,0.0,0.0,0.0,Ligue 1,2022-2023
11152,Theocharis Tsingaras,1,4,0,0.0,0,0.0750477984547615,0,1,0,0,S,Toulouse,0,0.0,0.0750477984547615,0.0,Ligue 1,2022-2023
11157,Sael Kumbedi,20,1309,0,0.371173607185483,2,1.5532991020008922,9,10,8,0,D M S,Lyon,0,0.371173607185483,5.197519091889262,4.196516802534461,Ligue 1,2022-2023
11163,Yanis Massolin,6,48,0,0.0625009015202522,0,0.0,1,0,0,0,S,Clermont Foot,0,0.0625009015202522,0.1018888019025325,0.0393879003822803,Ligue 1,2022-2023
11182,Ayman Kari,5,87,0,0.6027109660208225,0,0.0207021813839674,4,1,0,0,S,Lorient,0,0.6027109660208225,1.8172538727521896,1.3834656327962875,Ligue 1,2022-2023
11246,Amar Ahmed Fatah,1,19,0,0.0,0,0.0,0,0,0,0,S,Troyes,0,0.0,0.0,0.0,Ligue 1,2022-2023
11247,Ruan,3,20,0,0.1555580981075763,0,0.0663138031959533,2,1,0,0,S,Ajaccio,0,0.1555580981075763,0.1138359978795051,0.1138359978795051,Ligue 1,2022-2023
11248,Anthony Khelifa,2,9,0,0.0,0,0.0,0,0,0,0,S,Ajaccio,0,0.0,0.0,0.0,Ligue 1,2022-2023
11249,Ousmane Camara,3,18,0,0.054264198988676,0,0.3781220018863678,1,1,1,0,S,Auxerre,0,0.054264198988676,0.1019980013370513,0.0477336011826992,Ligue 1,2022-2023
11253,Mamadou Sarr,1,6,0,0.0,0,0.1280941665172577,0,1,0,0,S,Lyon,0,0.0,0.1280941665172577,0.1280941665172577,Ligue 1,2022-2023
11254,Ilyes Housni,1,9,0,0.0,0,0.0,0,0,0,0,S,Paris Saint Germain,0,0.0,0.0,0.0,Ligue 1,2022-2023
11255,Franci Bouebari,2,75,0,0.0,0,0.0208953991532325,0,1,0,0,S,Strasbourg,0,0.0,0.0208953991532325,0.0,Ligue 1,2022-2023
11257,Thibault Tamas,1,9,0,0.0,0,0.0,0,0,0,0,S,Montpellier,0,0.0,0.0,0.0,Ligue 1,2022-2023
11259,Julien Le Cardinal,8,161,0,0.3716300129890442,0,0.3663415908813476,5,3,0,0,D S,Lens,0,0.3716300129890442,0.8395131900906563,0.2432461082935333,Ligue 1,2022-2023
11271,Nathan Zeze,1,77,0,0.0,0,0.0,0,0,0,0,D,Nantes,0,0.0,0.0140022002160549,0.0140022002160549,Ligue 1,2022-2023
11291,Warren Kamanzi,11,659,0,0.1451119817793369,0,0.2108739651739597,2,5,1,0,D S,Toulouse,0,0.1451119817793369,1.1357892975211143,1.0436178343370557,Ligue 1,2022-2023
11292,Lebas da Silva,1,58,0,0.0,0,0.0,0,0,0,0,S,Ajaccio,0,0.0,0.0196355991065502,0.0196355991065502,Ligue 1,2022-2023
11293,François Mughe,1,9,0,0.0,0,0.0,0,0,0,0,S,Marseille,0,0.0,0.0,0.0,Ligue 1,2022-2023
11342,Eduard Sobol,15,860,0,0.1216549016535282,1,0.9779322631657124,5,8,2,0,D S,Strasbourg,0,0.1216549016535282,2.685012398287654,2.183920001611113,Ligue 1,2022-2023
11343,Gabriel Suazo,18,1253,0,0.1517605949193239,1,0.7348463535308838,3,11,1,0,D S,Toulouse,0,0.1517605949193239,6.43640098720789,6.032491909340024,Ligue 1,2022-2023
11344,Jaouen Hadjam,13,799,0,0.1457013860344886,1,0.26864929869771,6,7,1,0,D M S,Nantes,0,0.1457013860344886,1.7029343787580729,1.4043998513370752,Ligue 1,2022-2023
11345,João Victor,13,847,0,0.2509286254644394,1,0.6682658493518829,3,4,5,0,D S,Nantes,0,0.2509286254644394,1.248315840959549,0.9046085253357888,Ligue 1,2022-2023
11346,Serigne Faye,2,30,0,0.0,0,0.0,0,0,0,0,S,Montpellier,0,0.0,0.030952900648117,0.030952900648117,Ligue 1,2022-2023
11351,Alan Do Marcolino,3,16,0,0.0,0,0.0,0,0,0,0,S,Rennes,0,0.0,0.0,0.0,Ligue 1,2022-2023
11371,Ibrahim Salah,13,202,0,0.2100920900702476,0,0.2613686136901378,6,6,0,0,F S,Rennes,0,0.2100920900702476,1.2598903020843863,0.8033441295847297,Ligue 1,2022-2023
11376,Moussa Djitté,6,125,0,0.0890611000359058,0,0.0136647997424006,2,1,0,0,F S,Ajaccio,0,0.0890611000359058,0.118457700125873,0.0293966000899672,Ligue 1,2022-2023
11382,Mehdi Puch-Herrantz,4,38,0,0.0,0,0.1586490869522094,0,2,0,0,S,Ajaccio,0,0.0,0.1586490869522094,0.0,Ligue 1,2022-2023
11387,Cheick Konate,9,571,0,0.3172936309128999,0,0.1650194972753524,3,2,2,0,D S,Clermont Foot,0,0.3172936309128999,1.99739234149456,1.6235134974122047,Ligue 1,2022-2023
11388,Saïd Hamulic,6,90,0,0.0382100008428096,0,0.1411986798048019,1,1,1,0,S,Toulouse,0,0.0382100008428096,0.1794086806476116,0.0,Ligue 1,2022-2023
11389,Valentin Atangana Edoa,7,166,0,0.0662097185850143,0,0.1171215176582336,1,3,0,0,M S,Reims,0,0.0662097185850143,0.4301302433013916,0.2467990070581436,Ligue 1,2022-2023
11416,Ayoub Amraoui,7,290,0,0.011162900365889,0,0.0854288972914218,1,2,1,0,D S,Nice,0,0.011162900365889,1.3109865970909595,1.2603707984089851,Ligue 1,2022-2023
11465,Stredair Appuah,5,54,0,0.0536479353904724,0,0.1949758492410183,3,3,0,0,S,Nantes,0,0.0536479353904724,0.6126011051237583,0.3795720040798187,Ligue 1,2022-2023
11493,Ivane Chegra,6,187,0,0.0448130890727043,0,0.1207635179162025,1,1,0,0,M S,Ajaccio,0,0.0448130890727043,0.2703072726726532,0.1047306675463914,Ligue 1,2022-2023
11494,Justin-Noel Kalumba,7,559,0,0.0458726994693279,0,0.142802856862545,2,2,0,0,D,Angers,0,0.0458726994693279,1.3085253313183784,1.1327392756938934,Ligue 1,2022-2023
11504,Eli Junior Kroupi,1,7,0,0.0,0,0.0,0,0,0,0,S,Lorient,0,0.0,0.0,0.0,Ligue 1,2022-2023
11516,Théo Trinker,1,1,0,0.0,0,0.0,0,0,0,0,S,Nice,0,0.0,0.0,0.0,Ligue 1,2022-2023
11517,Tony Strata,3,133,0,0.0,0,0.0146006131544709,0,1,1,0,D S,Ajaccio,0,0.0,0.0146006131544709,0.0,Ligue 1,2022-2023
11549,Mohamed Touré,3,15,0,0.0,0,0.0662097185850143,0,1,0,0,S,Reims,0,0.0,0.0662097185850143,0.0,Ligue 1,2022-2023
11550,Fallou Fall,1,30,0,0.0,0,0.0,0,0,1,0,S,Reims,0,0.0,0.0501565374433994,0.0501565374433994,Ligue 1,2022-2023
11552,Ben Touré,4,207,0,0.0359500087797641,0,0.0,2,0,0,0,F S,Ajaccio,0,0.0359500087797641,0.137821014970541,0.1018710052594542,Ligue 1,2022-2023
11579,Amine Messoussa,1,1,0,0.0,0,0.0,0,0,0,0,S,Lille,0,0.0,0.0,0.0,Ligue 1,2022-2023
11613,Mamadou Diakhon,2,20,0,0.0359865017235279,0,0.0,1,0,0,0,S,Reims,0,0.0359865017235279,0.0359865017235279,0.0,Ligue 1,2022-2023
11623,Andréa Dacourt,1,1,0,0.0,0,0.0,0,0,0,0,S,Nice,0,0.0,0.0,0.0,Ligue 1,2022-2023
