id,player_name,games,time,goals,xG,assists,xA,shots,key_passes,yellow_cards,red_cards,position,team_title,npg,npxG,xGChain,xGBuildup,league,season
8260,Erling Haaland,35,2979,27,28.795336209237576,8,5.507687093690038,125,25,2,0,F S,Manchester City,24,25.7506607696414,32.735352732241154,5.163548586890101,Premier League,2025-2026
13222,Thiago,38,3292,22,24.68977300822735,1,3.4500465877354145,84,24,7,0,F S,Brentford,14,17.83925338834524,22.6934577524662,4.9276386722922325,Premier League,2025-2026
11363,Antoine Semenyo,37,3220,17,12.836786897853017,4,4.130169393494725,83,38,7,0,F M,"Bournemouth,Manchester City",16,11.31444920040667,20.870588455349207,7.893717190250754,Premier League,2025-2026
8865,Ollie Watkins,37,2908,16,18.82772558834404,3,2.816021606326103,83,23,4,0,F S,Aston Villa,16,18.82772558834404,21.74590409174561,4.3408186649903655,Premier League,2025-2026
6857,Morgan Gibbs-White,37,3142,15,11.671697720885277,4,4.5044658575207,83,48,1,0,F M S,Nottingham Forest,14,10.910528883337976,17.26536614820361,5.41371457837522,Premier League,2025-2026
8272,João Pedro,35,2698,15,15.723741941154003,5,3.983569510281086,73,29,5,0,F M S,Chelsea,15,15.723741941154003,19.279914382845163,4.795918667688966,Premier League,2025-2026
5555,Dominic Calvert-Lewin,35,2732,14,18.671318570151925,1,1.5441157519817352,73,20,3,0,F S,Leeds,10,14.865511130541565,18.026230743154883,2.768353534862399,Premier League,2025-2026
7254,Viktor Gyokeres,36,2255,14,13.871430788189173,1,2.6537387324497104,55,20,5,0,F S,Arsenal,11,11.58792421594262,14.77520313858986,3.259540883824229,Premier League,2025-2026
501,Danny Welbeck,37,2286,13,12.718900069594383,1,2.2625304386019707,56,20,5,0,F S,Brighton,12,10.435393424704673,14.98485920764506,4.79668786842376,Premier League,2025-2026
11504,Eli Junior Kroupi,33,1708,13,8.849121669307351,0,1.81576990429312,52,22,5,0,F M S,Bournemouth,11,7.326783983036876,11.65668847411871,5.08306846767664,Premier League,2025-2026
5735,Jean-Philippe Mateta,32,2225,12,15.977427493780851,0,1.2496193014085293,63,9,2,0,F S,Crystal Palace,8,12.93275199458003,15.170770466327667,2.393757389858365,Premier League,2025-2026
6026,Richarlison,32,1926,11,9.866276641376317,4,3.4081881837919354,61,19,5,0,F M S,Tottenham,11,9.866276641376317,11.187864126637578,2.256451802328229,Premier League,2025-2026
6552,Bryan Mbeumo,33,2676,11,13.309208107180892,3,5.091009698808193,73,45,4,0,F M S,Manchester United,11,13.309208107180892,22.316140696406364,6.068183907307684,Premier League,2025-2026
8995,Hugo Ekitike,28,1835,11,11.932188130915163,4,2.49130567535758,65,21,0,0,F S,Liverpool,11,11.932188130915163,16.322998896241188,4.886437067762017,Premier League,2025-2026
11974,Benjamin Sesko,30,1636,11,12.504127995111048,1,0.5977376587688923,61,9,2,0,F S,Manchester United,11,12.504127995111048,14.22715387493372,1.6295164097100496,Premier League,2025-2026
13729,Zian Flemming,29,1795,11,9.554794699884951,0,0.6848367601633072,52,10,5,0,F S,Burnley,9,8.032457021065056,7.825265257619321,1.7185871880501509,Premier League,2025-2026
5596,Harry Wilson,36,2751,10,5.759745923802257,7,5.503671173006296,78,37,7,0,M S,Fulham,10,5.759745923802257,11.091712068766356,4.132661418989301,Premier League,2025-2026
7080,Matheus Cunha,33,2506,10,7.076101643964648,2,3.698060866445303,90,33,4,0,F M S,Manchester United,10,7.076101643964648,17.601462572813034,10.04429018124938,Premier League,2025-2026
8497,Cole Palmer,26,2007,10,10.257518742233517,1,2.123134629800916,64,24,5,0,F M S,Chelsea,5,5.69050582125783,16.862019807100296,10.53817812167108,Premier League,2025-2026
11356,Enzo Fernández,36,3149,10,11.91719657368958,4,8.865934781730175,72,68,10,0,M S,Chelsea,8,10.394858876243234,27.90237918496132,16.159590516239405,Premier League,2025-2026
12412,Morgan Rogers,37,3301,10,7.145822267979384,6,7.475014166906476,84,48,7,0,F M,Aston Villa,10,7.145822267979384,18.204907912760973,7.18029835447669,Premier League,2025-2026
1228,Bruno Fernandes,35,3082,9,11.931805820204318,21,17.75713463127613,85,137,5,0,M,Manchester United,5,7.364792761392891,25.94416971784085,11.6638073772192,Premier League,2025-2026
1776,Jarrod Bowen,38,3416,9,8.273593910038471,11,8.43197707645595,79,44,4,0,F M,West Ham,8,7.512425065040588,14.380666948854923,3.877509349957109,Premier League,2025-2026
2248,Casemiro,34,2649,9,6.577375870198011,2,3.177681438624859,52,36,9,1,M S,Manchester United,9,6.577375870198011,16.168739575892687,11.8755685351789,Premier League,2025-2026
4105,Raúl Jiménez,36,2215,9,12.016586696729064,3,1.944130852818489,73,25,5,0,F S,Fulham,5,8.971911305561662,10.551293056458237,1.5579581297934055,Premier League,2025-2026
5675,Ismaila Sarr,28,2181,9,11.5433072373271,1,2.200463268905878,48,19,2,0,F M S,Crystal Palace,6,9.259800650179386,12.695851609110832,3.182719247415662,Premier League,2025-2026
8327,Bruno Guimarães,29,2467,9,6.597308051772416,5,3.869310455396771,42,44,6,0,M S,Newcastle United,7,5.074970376677811,14.09811718389392,9.365775737911465,Premier League,2025-2026
9983,Beto,37,1552,9,10.947674445807934,1,1.0041863042861223,43,12,3,0,F S,Everton,9,10.947674445807934,12.09721666574478,0.9316300563514232,Premier League,2025-2026
8117,Nick Woltemade,33,1953,8,8.262036986649036,3,2.9012854490429163,32,22,0,0,F M S,Newcastle United,7,7.500868149101734,8.79227769561112,2.300962809473276,Premier League,2025-2026
9156,Kevin Schade,35,2781,8,11.832689953967929,3,4.565257132053375,57,29,6,1,F M S,Brentford,8,11.071521116420628,17.37519696727395,3.947028372436762,Premier League,2025-2026
9739,Kiernan Dewsbury-Hall,31,2649,8,4.330071024596691,4,6.574528481811285,39,36,6,0,M S,Everton,8,4.330071024596691,14.27813035994768,8.12063055485487,Premier League,2025-2026
10746,Jaidon Anthony,37,2777,8,5.564454321749508,2,4.374400090426207,55,37,4,0,F M S,Burnley,8,5.564454321749508,12.432500068098308,5.833836998790503,Premier League,2025-2026
11966,Noah Okafor,28,1592,8,6.296696716919541,1,2.259315438568592,35,19,3,0,F M S,Leeds,8,6.296696716919541,10.915966423228385,3.821857213973999,Premier League,2025-2026
12916,Thierno Barry,38,1921,8,9.149327086284757,0,1.003938363865018,38,12,3,0,F S,Everton,8,9.149327086284757,10.248973826877773,2.152141290716827,Premier League,2025-2026
468,Callum Wilson,32,1229,7,7.60266119800508,1,1.0267592892050743,38,8,1,0,F M S,West Ham,7,7.60266119800508,6.896431270986795,0.6376099903136492,Premier League,2025-2026
1250,Mohamed Salah,27,2163,7,8.837686643004417,7,6.428150682710111,67,49,1,0,F M S,Liverpool,6,8.076517805457115,17.373253114521503,6.297699823975563,Premier League,2025-2026
6055,Phil Foden,33,2083,7,6.688582047820091,5,6.107132508419454,55,53,4,0,F M S,Manchester City,7,6.688582047820091,19.91397963277996,11.249179357662795,Premier League,2025-2026
6681,Harvey Barnes,37,1947,7,8.050524456426501,1,3.1062511932104826,58,23,1,0,F M S,Newcastle United,7,8.050524456426501,12.753550255671144,4.153433019295335,Premier League,2025-2026
7322,Bukayo Saka,31,2239,7,8.701195661909878,5,8.552797641605139,71,62,2,0,F M S,Arsenal,6,7.940026824362576,19.112561374902725,8.03783930838108,Premier League,2025-2026
8706,Eberechi Eze,33,1928,7,4.807457456365228,2,2.63351690210402,63,17,1,0,F M S,"Arsenal,Crystal Palace",7,4.807457456365228,10.355983335524796,4.074069639667869,Premier League,2025-2026
9556,William Osula,24,777,7,4.915395822376013,0,0.4466546475887298,23,6,0,0,F S,Newcastle United,7,4.915395822376013,5.110440414398909,0.374596425332129,Premier League,2025-2026
9662,Dango Ouattara,32,2303,7,8.694322310388088,3,5.863189795985818,56,27,5,0,F M S,Brentford,7,8.694322310388088,13.248472003266215,2.525791243650019,Premier League,2025-2026
9789,Brian Brobbey,31,1943,7,7.111885398626328,1,1.5084331054240463,36,15,6,0,F S,Sunderland,7,7.111885398626328,9.288086591288447,1.6009146478027103,Premier League,2025-2026
10741,Marcus Tavernier,34,2779,7,9.397737859748304,4,6.158757623285055,70,52,6,0,M S,Bournemouth,5,7.875400157645345,17.828483875840902,8.152811899781227,Premier League,2025-2026
11296,Cody Gakpo,36,2758,7,9.826099138706924,5,6.592332137748599,87,53,3,0,F M S,Liverpool,7,9.826099138706924,18.73160722479224,5.830895097926259,Premier League,2025-2026
833,Virgil van Dijk,38,3420,6,4.891236560419202,0,0.3285368140786886,30,11,4,0,D,Liverpool,6,4.891236560419202,12.485559825785458,11.383180485107005,Premier League,2025-2026
2203,Emiliano Buendía,36,1778,6,3.7844833629205823,2,3.626239098608494,49,30,6,0,M S,Aston Villa,6,3.7844833629205823,9.206152960658072,3.6858682241290808,Premier League,2025-2026
6544,Lukas Nmecha,31,1076,6,8.14029767177999,1,1.684540869668126,30,11,0,0,F S,Leeds,4,5.856791136786342,6.9614828154444695,1.4674436636269093,Premier League,2025-2026
7148,Wilson Isidor,32,1142,6,5.619414385408163,0,0.0,43,0,2,0,F S,Sunderland,6,5.619414385408163,6.032191339880228,0.6748491153120995,Premier League,2025-2026
7698,Leandro Trossard,31,2026,6,6.75317111518234,6,4.988008487969637,53,36,2,0,F M S,Arsenal,6,6.75317111518234,13.572629373520613,4.960563652217388,Premier League,2025-2026
8150,Anthony Gordon,26,1888,6,8.756197515875101,2,3.714877739548683,48,26,3,1,F M S,Newcastle United,3,6.472690913826227,10.976929228752851,4.042658658698201,Premier League,2025-2026
9307,Iliman Ndiaye,32,2805,6,6.143797228112817,3,4.457025814801455,43,30,2,0,M,Everton,4,4.621459530666471,15.463790696114302,6.865662005729973,Premier League,2025-2026
9788,Dominik Szoboszlai,36,3236,6,4.724170769564807,7,8.835168853402138,70,78,8,1,D F M,Liverpool,6,3.963001917116344,21.543240651488304,15.061629813164473,Premier League,2025-2026
10948,Valentín Castellanos,18,1430,6,7.11984671279788,0,0.747508816421032,50,12,6,0,F S,West Ham,6,7.11984671279788,6.779488665983081,1.1389543628320098,Premier League,2025-2026
12963,Evanilson,36,2810,6,11.830083925276996,1,3.069119781255722,72,30,2,0,F S,Bournemouth,6,11.830083925276996,15.950044002383947,3.485610034316778,Premier League,2025-2026
13778,Igor Jesus,37,2379,6,7.199080093763769,4,2.280350387096405,70,15,2,0,F M S,Nottingham Forest,5,6.437911256216466,8.53495698235929,1.848353571258485,Premier League,2025-2026
6382,Pedro Neto,34,2667,5,5.149658527225256,6,7.933838244527578,46,53,2,1,F M S,Chelsea,5,5.149658527225256,19.275073874741796,9.826909113675356,Premier League,2025-2026
7526,Martín Zubimendi,38,3040,5,2.944296659901738,1,1.087823610752821,27,19,4,0,D M S,Arsenal,5,2.944296659901738,13.476701468229294,11.17571103386581,Premier League,2025-2026
7723,John McGinn,30,2221,5,2.999398436397314,4,4.862495846115053,28,39,5,0,M S,Aston Villa,5,2.999398436397314,10.930921144783497,5.892162735573947,Premier League,2025-2026
8288,Tomas Soucek,35,2206,5,5.214208725839853,0,0.8217995762825012,25,11,3,1,M S,West Ham,5,5.214208725839853,7.2598637118935585,4.53873631823808,Premier League,2025-2026
8397,Florian Wirtz,33,2426,5,7.576831823214889,3,5.384264823049307,51,60,1,0,F M S,Liverpool,5,7.576831823214889,20.641500685364008,10.743050179444252,Premier League,2025-2026
8651,Enzo Le Fée,36,2953,5,5.268677884712815,6,7.54641820769757,36,53,5,0,F M S,Sunderland,2,2.224039314314723,13.179932279512286,7.138605147600174,Premier League,2025-2026
8981,Jéremy Doku,30,1783,5,3.9999447921290994,5,7.553412737324834,39,59,0,0,F M S,Manchester City,5,3.9999447921290994,18.843964545056224,9.702232458628714,Premier League,2025-2026
9492,Crysencio Summerville,31,2509,5,5.6990333795547485,2,3.23570919316262,54,28,6,0,F M S,West Ham,5,5.6990333795547485,11.091377541422844,3.962690422311425,Premier League,2025-2026
9910,Anton Stach,29,2394,5,2.9207701720297337,3,5.958144916221499,55,61,3,0,M S,Leeds,5,2.9207701720297337,10.147935139015315,6.20686737075448,Premier League,2025-2026
10697,Ryan Gravenberch,36,3008,5,1.5315213510766623,3,2.368868850171566,38,29,5,0,M S,Liverpool,5,1.5315213510766623,13.042155539616942,10.718840256333351,Premier League,2025-2026
10715,João Palhinha,33,2180,5,3.407368754968047,2,0.7690385403111577,33,8,8,0,D M S,Tottenham,5,3.407368754968047,4.779836506582797,3.304838733747601,Premier League,2025-2026
11592,Nico O&#039;Reilly,34,2646,5,6.727011270821095,3,3.847439743578434,41,23,5,0,D M S,Manchester City,5,6.727011270821095,21.241205548867583,14.797816466540098,Premier League,2025-2026
11965,Tijjani Reijnders,28,1642,5,4.861917998641729,2,3.073294181376696,49,18,2,0,F M S,Manchester City,5,4.861917998641729,13.1919761672616,7.1736231576651335,Premier League,2025-2026
13364,Diego Gómez,32,2186,5,6.4177497662603855,1,2.0924463979899883,42,20,9,0,F M S,Brighton,5,6.4177497662603855,14.40620754659176,7.100968384183943,Premier League,2025-2026
14395,Rayan,15,1146,5,2.6684105955064297,2,2.7789037879556417,28,14,1,0,M S,Bournemouth,5,2.6684105955064297,6.337880494073033,2.8229257110506296,Premier League,2025-2026
500,Alex Iwobi,29,2473,4,2.403212903998792,3,3.629966888576746,39,42,3,0,M,Fulham,4,2.403212903998792,10.424585027620196,6.602384243160486,Premier League,2025-2026
5304,Mikel Merino,22,1002,4,5.217843644320965,3,2.2901399955153465,22,12,1,0,F M S,Arsenal,4,5.217843644320965,8.36886066198349,3.812133368104696,Premier League,2025-2026
5553,Declan Rice,36,3111,4,3.720960887148976,5,8.159449681639671,40,63,3,0,D M S,Arsenal,4,3.720960887148976,18.490907587111,12.956868270412087,Premier League,2025-2026
7218,Cristian Romero,23,1878,4,1.8381627183407545,1,1.8169466238468883,17,12,9,2,D S,Tottenham,4,1.8381627183407545,6.1135033164173365,4.283094780519605,Premier League,2025-2026
7365,Lucas Paquetá,18,1544,4,2.440835335291922,1,3.011969303712249,23,23,5,1,F M,West Ham,2,0.9184976601973176,4.265645559877157,1.5286574847996235,Premier League,2025-2026
7814,Taiwo Awoniyi,17,441,4,4.346804939210415,1,1.319865755736828,15,6,2,0,F S,Nottingham Forest,4,4.346804939210415,5.521583408117294,1.5340364016592505,Premier League,2025-2026
8094,Mathis Cherki,33,1792,4,4.64134069904685,12,10.784712422639132,55,60,1,0,F M S,Manchester City,4,4.64134069904685,20.81021820381284,11.157610276713967,Premier League,2025-2026
8378,Malick Thiaw,35,2968,4,5.898031393066049,0,0.8268706873059273,28,6,4,0,D S,Newcastle United,4,5.898031393066049,9.148333224467931,8.644866692833602,Premier League,2025-2026
8859,Mikkel Damsgaard,33,2085,4,2.974404709413648,4,6.468690361827612,30,42,0,0,M S,Brentford,4,2.974404709413648,12.347467929124832,6.4731036853045225,Premier League,2025-2026
9154,Elliot Anderson,38,3329,4,3.4442944694310427,4,4.842637189663947,44,55,8,0,M S,Nottingham Forest,3,2.6831256318837404,16.282568987458944,11.95789561793208,Premier League,2025-2026
9749,Donyell Malen,21,600,4,4.73893653601408,1,0.3693819381296634,26,7,0,0,F M S,Aston Villa,4,4.73893653601408,6.387579720467329,1.917095586657524,Premier League,2025-2026
9780,Mathys Tel,31,1324,4,2.8263100758194923,1,3.4139982480555773,35,29,1,0,F M S,Tottenham,4,2.8263100758194923,6.1857428681105375,2.608160737901926,Premier League,2025-2026
10050,Micky van de Ven,35,3049,4,2.4525543581694365,1,1.0142897926270962,16,5,9,1,D,Tottenham,4,2.4525543581694365,5.581554230302572,5.243820492178202,Premier League,2025-2026
10751,Brenden Aaronson,37,2517,4,5.881288753822446,5,5.662709843367338,46,34,3,0,F M S,Leeds,4,5.881288753822446,13.203591203317046,3.4881920777261257,Premier League,2025-2026
11070,Jørgen Strand Larsen,36,2353,4,6.514206910505891,1,0.6865616654977202,44,10,4,0,F S,"Crystal Palace,Wolverhampton Wanderers",3,4.991869203746319,7.06976137124002,2.5690375342965126,Premier League,2025-2026
11269,Jack Hinshelwood,27,1773,4,4.76202392950654,3,2.3572685150429606,37,16,0,0,D M S,Brighton,4,4.76202392950654,11.615752866491675,5.945451917126775,Premier League,2025-2026
11944,Patrick Dorgu,26,1436,4,2.987284906208515,4,3.1112868897616863,25,27,5,0,D M S,Manchester United,4,2.987284906208515,6.977159338071942,1.9963069763034584,Premier League,2025-2026
12408,Daniel Muñoz,29,2417,4,3.147003997117281,3,5.066070262342691,26,27,7,0,D,Crystal Palace,4,3.147003997117281,10.425639127381146,4.4382075956091285,Premier League,2025-2026
13717,Chemsdine Talbi,28,1556,4,2.32377387303859,1,0.6003798525780439,25,12,0,0,F M S,Sunderland,4,2.32377387303859,3.2277513165026903,1.188907701522112,Premier League,2025-2026
592,Ross Barkley,21,818,3,1.9129743836820128,1,2.0321620935574174,18,10,1,0,M S,Aston Villa,3,1.9129743836820128,6.251385242678225,4.001594062894583,Premier League,2025-2026
1653,Michael Keane,33,2586,3,3.569063669070601,1,0.1301262713968753,26,2,1,1,D S,Everton,3,3.569063669070601,5.3534705666825175,4.28355781827122,Premier League,2025-2026
1679,Dominic Solanke,15,989,3,3.586364097893238,0,0.5976490452885628,20,6,1,0,F S,Tottenham,3,3.586364097893238,4.704602524638176,1.6908956598490477,Premier League,2025-2026
4456,Chris Wood,15,913,3,3.365151971578598,0,0.321694266051054,23,5,0,0,F S,Nottingham Forest,3,3.365151971578598,3.2678276151418686,0.5070263929665089,Premier League,2025-2026
5232,Alexander Isak,14,717,3,3.2453083600848918,1,0.8461103290319443,17,2,0,0,F S,Liverpool,3,3.2453083600848918,4.25296457670629,0.9801311492919922,Premier League,2025-2026
5543,Gabriel Jesus,14,395,3,3.97648074105382,0,0.2085889764130115,19,3,3,0,F S,Arsenal,3,3.97648074105382,4.36402528360486,1.269479103386402,Premier League,2025-2026
5613,Gabriel,32,2748,3,4.649077512323856,4,2.7250300347805023,27,7,4,0,D S,Arsenal,3,4.649077512323856,8.894044917076826,8.309922948479652,Premier League,2025-2026
5659,Nordi Mukiele,32,2793,3,2.778892433270812,3,2.752836622297764,26,23,5,0,D,Sunderland,3,2.778892433270812,9.07671518996358,6.988744452595711,Premier League,2025-2026
6063,Jacob Murphy,33,1630,3,3.1199456304311752,2,4.785552207380533,42,23,2,0,D F M S,Newcastle United,3,3.1199456304311752,8.429972594603896,2.7332380525767803,Premier League,2025-2026
6456,Callum Hudson-Odoi,30,1857,3,2.9516881722956896,4,3.933808506466448,30,44,0,0,M S,Nottingham Forest,3,2.9516881722956896,11.127739728428423,5.728919830173254,Premier League,2025-2026
6615,Trevoh Chalobah,34,2781,3,1.84148343000561,0,0.6305756159126759,16,5,3,1,D S,Chelsea,3,1.84148343000561,14.728520268574355,14.596847238019109,Premier League,2025-2026
6722,Konstantinos Mavropanos,31,2518,3,2.791105939541012,0,0.4895833916962147,23,4,2,0,D S,West Ham,3,2.791105939541012,4.458088889718056,4.093825729563832,Premier League,2025-2026
6837,Ryan Sessegnon,27,1830,3,2.04829409904778,1,2.228433128446341,16,14,0,0,D M S,Fulham,3,2.04829409904778,8.259379532188177,5.088316984474659,Premier League,2025-2026
6937,Georginio Rutter,32,1784,3,2.933251672424376,3,4.598605487495661,42,25,2,0,F M S,Brighton,3,2.933251672424376,10.858153810724616,4.214052898809314,Premier League,2025-2026
7166,Mathias Jensen,36,2258,3,1.5882399883121252,1,5.333177657797933,29,33,3,0,M S,Brentford,3,1.5882399883121252,10.393253115937114,7.005861360579729,Premier League,2025-2026
7208,Samuel Chukwueze,23,1052,3,2.3333342373371124,4,2.836030565202236,25,24,0,0,M S,Fulham,3,2.3333342373371124,7.104950949549675,2.852319191209972,Premier League,2025-2026
7230,Emile Smith-Rowe,37,1933,3,4.261428236961365,0,1.417598308995366,36,18,1,0,M S,Fulham,3,4.261428236961365,8.591270301491022,4.14689252525568,Premier League,2025-2026
7498,Lyle Foster,26,1375,3,3.592184547334909,2,1.145955815911293,20,10,4,0,F M S,Burnley,3,3.592184547334909,5.975080406293273,2.130239402875304,Premier League,2025-2026
7603,Marc Guehi,35,3150,3,4.697336498647928,3,2.726592278573662,32,18,6,0,D,"Crystal Palace,Manchester City",3,4.697336498647928,17.67278046440333,15.488122279755771,Premier League,2025-2026
7768,Mason Mount,23,1021,3,1.7446828484535215,0,1.3764615170657637,19,14,2,0,M S,Manchester United,3,1.7446828484535215,6.608267386443913,4.634791788645089,Premier League,2025-2026
8211,Amine Adli,31,1036,3,3.5744741037487984,1,1.2779199946671724,20,17,2,0,M S,Bournemouth,3,3.5744741037487984,6.13513302244246,2.169084176421165,Premier League,2025-2026
8393,Omar Marmoush,21,693,3,3.76536438241601,3,2.126938968896866,30,12,3,0,F M S,Manchester City,3,3.76536438241601,6.192776508629322,0.7863435056060553,Premier League,2025-2026
8864,Matthew Cash,35,3040,3,1.217919012531638,3,3.2148889815434813,30,31,9,0,D S,Aston Villa,3,1.217919012531638,10.301109017804263,8.072564328089356,Premier League,2025-2026
8875,Tolu Arokodare,33,1357,3,7.426559334620833,1,1.1596579402685163,46,11,1,0,F S,Wolverhampton Wanderers,3,6.665390497073531,5.404460851103067,1.1024699872359631,Premier League,2025-2026
9451,Chimuanya Ugochukwu,35,2407,3,2.622456289827824,1,0.4493608232587576,22,10,1,1,M S,Burnley,3,2.622456289827824,7.266716599464416,4.90908182784915,Premier League,2025-2026
9453,Moisés Caicedo,33,2811,3,1.5309751015156507,1,2.626823216676712,27,18,11,1,M S,Chelsea,3,1.5309751015156507,17.209235347807407,15.360051840543749,Premier League,2025-2026
10806,Kaoru Mitoma,25,1723,3,4.789182621985674,1,3.54316034540534,32,30,5,0,F M S,Brighton,3,4.789182621985674,11.286602273583412,4.618424783460796,Premier League,2025-2026
10807,Jan Paul van Hecke,36,3214,3,3.358578664250672,3,1.0255657620728016,23,12,9,0,D,Brighton,3,3.358578664250672,14.122217744588852,13.213500533252954,Premier League,2025-2026
10809,Keane Lewis-Potter,36,1949,3,3.214926864951849,3,2.714283775538206,31,19,1,0,D F M S,Brentford,3,3.214926864951849,7.842858789488673,3.1916828025132418,Premier League,2025-2026
10945,Santiago Bueno,29,2549,3,1.995275340974331,1,0.9024237375706434,10,10,4,0,D S,Wolverhampton Wanderers,3,1.995275340974331,4.350156765431166,3.939035897143185,Premier League,2025-2026
11385,Yasin Ayari,29,1918,3,2.1179441660642624,3,1.4007999636232853,41,15,1,0,M S,Brighton,3,2.1179441660642624,7.900783270597458,5.476744862273336,Premier League,2025-2026
11707,Jurriën Timber,30,2475,3,4.030840836465359,5,2.5891424333676696,25,28,5,0,D S,Arsenal,3,4.030840836465359,11.438589019700885,8.65939543582499,Premier League,2025-2026
12149,Alex Scott,37,2915,3,3.500135133042932,1,2.891912166960537,44,26,5,0,M S,Bournemouth,3,3.500135133042932,15.246188033372164,10.991569228470324,Premier League,2025-2026
12756,Rodrigo Gomes,22,951,3,2.28443655744195,0,0.1513135097920894,21,3,0,0,D F M S,Wolverhampton Wanderers,3,2.28443655744195,3.37700173817575,1.008143601939082,Premier League,2025-2026
12759,Yankuba Minteh,34,2410,3,4.752463513985276,4,5.841520894318819,41,44,3,0,M S,Brighton,3,4.752463513985276,16.411175997927785,8.573732296004891,Premier League,2025-2026
12948,Mateus Fernandes,36,3044,3,1.821642781607807,4,3.336049569770694,28,37,6,0,M S,West Ham,3,1.821642781607807,10.3192302826792,6.989333409816027,Premier League,2025-2026
13484,Mateus Mané,27,1784,3,1.9724454693496227,1,3.281726311892271,41,30,0,0,M S,Wolverhampton Wanderers,3,1.9724454693496227,5.257462016772479,2.4831578764133155,Premier League,2025-2026
87,Joelinton,27,1958,2,2.178690475411713,1,1.8613738622516396,32,17,9,0,M S,Newcastle United,2,2.178690475411713,10.018592189997436,7.250156426802278,Premier League,2025-2026
668,Idrissa Gueye,25,2120,2,1.9142106398940089,3,1.693690698593855,29,13,1,1,M,Everton,2,1.9142106398940089,9.138687188737094,6.896284964866936,Premier League,2025-2026
675,Jack Grealish,20,1645,2,3.084938551299274,6,4.558330744504929,26,38,2,1,F M S,Everton,2,3.084938551299274,9.290637398138642,3.2924681939184666,Premier League,2025-2026
702,Tammy Abraham,12,253,2,2.0484648095443845,0,0.1292063184082508,9,4,0,0,F S,Aston Villa,2,2.0484648095443845,2.102262650616467,0.0554445758461952,Premier League,2025-2026
1018,Josh Cullen,18,1533,2,1.0142266415059566,2,1.8168634045869112,11,13,2,0,M,Burnley,2,1.0142266415059566,6.162752605974674,4.625554047524929,Premier League,2025-2026
1433,Federico Chiesa,26,247,2,1.6658269949257374,1,1.4720365405082705,16,3,3,0,M S,Liverpool,2,1.6658269949257374,3.722939472645521,0.7541015595197678,Premier League,2025-2026
1665,James Tarkowski,37,3330,2,2.8690776508301497,3,2.0567114762961864,20,18,8,0,D,Everton,2,2.8690776508301497,6.824133190326393,5.569046746008098,Premier League,2025-2026
3635,Bernardo Silva,38,2917,2,2.899573851376772,4,5.28287316672504,30,47,9,0,M S,Manchester City,2,2.899573851376772,25.18876053020358,19.402738712728024,Premier League,2025-2026
4419,Adam Armstrong,14,1170,2,2.8085783179849386,2,1.501315450295806,18,6,3,0,F M,Wolverhampton Wanderers,1,2.0474094804376364,2.8539646565914154,0.716374509036541,Premier League,2025-2026
5220,Kai Havertz,12,582,2,4.895509898662567,3,1.456983646377921,18,11,1,0,F M S,Arsenal,2,4.895509898662567,4.521999087184668,0.751641895622015,Premier League,2025-2026
5722,Ibrahim Sangare,28,2111,2,1.5703946938738227,2,1.4491914678364992,16,12,5,0,M S,Nottingham Forest,2,1.5703946938738227,7.422331970185041,5.2894406747072935,Premier League,2025-2026
6377,Joe Rodon,35,2954,2,1.8460459671914575,0,0.4614792335778475,18,9,3,0,D S,Leeds,2,1.8460459671914575,6.242629060521722,5.799875162541866,Premier League,2025-2026
6482,Eddie Nketiah,12,396,2,1.942964792251587,0,0.9605132089927793,15,7,2,0,M S,Crystal Palace,2,1.942964792251587,2.89599169138819,0.1487936852499842,Premier League,2025-2026
6835,Tom Cairney,24,747,2,0.8124629594385624,0,0.6888010948896408,17,11,3,0,M S,Fulham,2,0.8124629594385624,4.332617878913879,3.375612545758486,Premier League,2025-2026
6963,Justin Kluivert,20,934,2,2.293420127592981,0,2.294822184368968,17,22,5,0,M S,Bournemouth,2,2.293420127592981,5.311763904988766,2.3175806514918804,Premier League,2025-2026
7078,Sean Longstaff,23,999,2,1.3776587545871737,2,2.7682253569364548,16,25,2,0,M S,Leeds,2,1.3776587545871737,3.445849686861038,1.8182370737195013,Premier League,2025-2026
7352,Tyler Adams,25,1805,2,0.9289743825793266,2,1.2302900850772858,10,7,8,0,M S,Bournemouth,2,0.9289743825793266,6.869911018759012,5.867583338171244,Premier League,2025-2026
7438,James Garner,38,3417,2,2.075645294971764,7,6.066574491560459,45,56,12,0,D M,Everton,2,2.075645294971764,11.283361876383424,8.333431598730385,Premier League,2025-2026
7753,James Justin,29,1895,2,2.5627669915556908,1,2.572751060128212,24,13,4,0,D M S,Leeds,2,2.5627669915556908,5.141626592725515,2.756110928952694,Premier League,2025-2026
8044,Joshua Zirkzee,24,573,2,3.846635088324547,1,1.2162351589649916,25,11,3,0,F M S,Manchester United,2,3.846635088324547,6.710166962817311,2.60221391543746,Premier League,2025-2026
8067,Reece James,29,1927,2,1.2280184961855412,4,3.9933422207832336,22,27,4,0,D M S,Chelsea,2,1.2280184961855412,11.531630601733925,9.75475050136447,Premier League,2025-2026
8127,Amad Diallo Traore,32,2341,2,5.730035418644548,3,5.647227294743061,54,40,2,0,D M S,Manchester United,2,5.730035418644548,18.681302284821868,10.051697205752134,Premier League,2025-2026
8204,Neco Williams,37,3203,2,1.8705778289586303,3,4.3956019571051,46,36,6,1,D S,Nottingham Forest,2,1.8705778289586303,12.105098510161042,9.00960880704224,Premier League,2025-2026
8379,Alexis Mac Allister,37,2683,2,4.071707676164806,4,2.849602391012013,52,34,7,0,M S,Liverpool,2,4.071707676164806,13.185968162491918,8.344642542302608,Premier League,2025-2026
8700,Xavi Simons,28,1768,2,2.716290816664696,5,4.650560335256159,42,34,5,1,F M S,Tottenham,2,2.716290816664696,9.529860531911254,5.203196081332862,Premier League,2025-2026
8845,Hee-Chan Hwang,26,1469,2,2.6617424860596657,2,1.881555620580912,19,15,5,0,F M S,Wolverhampton Wanderers,1,1.9005736485123637,5.158048531040549,1.74687934294343,Premier League,2025-2026
8941,Jacob Ramsey,28,1421,2,1.2112666741013527,3,1.5663878619670868,16,22,3,1,M S,Newcastle United,2,1.2112666741013527,5.487635789439082,4.252015369012952,Premier League,2025-2026
8961,Rúben Dias,26,2142,2,0.4370618928223848,0,0.4225503513589501,10,7,3,0,D S,Manchester City,2,0.4370618928223848,14.6865739133209,14.24906044639647,Premier League,2025-2026
9017,Malo Gusto,34,2306,2,1.941821174696088,3,3.805633621290326,12,27,3,1,D M S,Chelsea,2,1.941821174696088,16.337898954749107,13.553333889693022,Premier League,2025-2026
9021,Pape Sarr,26,1347,2,2.047363305464387,4,2.433566828258336,17,11,3,0,M S,Tottenham,2,2.047363305464387,7.017087802290916,4.9591697268188,Premier League,2025-2026
9024,Yeremi Pino,34,2134,2,4.372978935018182,2,8.502093791030347,45,48,4,0,F M S,Crystal Palace,2,4.372978935018182,13.46667707618326,4.587377788498998,Premier League,2025-2026
9667,Amadou Onana,25,1793,2,2.772524105384946,0,0.5039298757910728,19,7,3,0,M S,Aston Villa,2,2.772524105384946,6.815283706411719,5.313166355714202,Premier League,2025-2026
9767,Habib Diarra,20,1414,2,3.2528567891567945,2,0.644760662689805,26,7,6,0,M S,Sunderland,1,2.4916879516094923,4.116263935342431,1.8810110297054048,Premier League,2025-2026
9790,Josko Gvardiol,18,1374,2,1.8614049591124056,2,0.4376047477126121,17,4,2,0,D S,Manchester City,2,1.8614049591124056,10.09633487649262,9.54827414639294,Premier League,2025-2026
9977,Loum Tchaouna,29,1268,2,1.2590220803394914,1,1.1996374279260635,23,13,2,0,F M S,Burnley,2,1.2590220803394914,4.213689148426056,1.974099012091756,Premier League,2025-2026
10184,Archie Gray,24,1497,2,1.588539564050734,2,1.6584226582199335,11,8,5,0,D M S,Tottenham,2,1.588539564050734,3.5702104242518544,2.168477569706738,Premier League,2025-2026
10744,Ryan Christie,26,942,2,1.7907362105324864,0,1.6195761244744062,25,11,3,1,M S,Bournemouth,2,1.7907362105324864,7.692040719091892,4.515199979767203,Premier League,2025-2026
10760,Brennan Johnson,34,1709,2,2.5934192165732384,1,1.281047284603119,23,19,6,0,D F M S,"Crystal Palace,Tottenham",2,2.5934192165732384,5.23962683416903,1.934015018865466,Premier League,2025-2026
11357,Noni Madueke,26,1246,2,1.9964179322123528,1,4.010977517813444,25,22,0,0,F M S,Arsenal,2,1.9964179322123528,6.728137206286192,3.293942168354988,Premier League,2025-2026
11709,Milos Kerkez,34,2271,2,1.3935871431604028,1,1.8634965866804123,9,26,4,0,D S,Liverpool,2,1.3935871431604028,9.48909960873425,6.859379429370165,Premier League,2025-2026
12027,Mohammed Kudus,19,1577,2,2.362326920963824,5,2.574139247648418,26,21,3,0,F M,Tottenham,2,2.362326920963824,4.9626108556985855,1.4065115749835968,Premier League,2025-2026
12721,Ladislav Krejcí,28,2385,2,1.724472633562982,1,1.4908780492842195,21,9,3,1,D M S,Wolverhampton Wanderers,2,1.724472633562982,4.148910779505968,2.5917173959314823,Premier League,2025-2026
12758,Mats Wieffer,26,1922,2,1.9274322018027303,3,2.8690227568149567,18,19,8,0,D S,Brighton,2,1.9274322018027303,10.283977266401052,8.267712463624775,Premier League,2025-2026
12905,Nicolò Savona,14,1036,2,1.2354809269309044,0,0.5944582391530275,5,6,2,0,D S,Nottingham Forest,2,1.2354809269309044,3.0064694937318563,1.5372497662901878,Premier League,2025-2026
13692,Rio Ngumoha,19,515,2,1.2214453928172588,1,2.126121360808611,16,16,0,0,M S,Liverpool,2,1.2214453928172588,4.779051471501589,1.6543097691610456,Premier League,2025-2026
13711,Maxim De Cuyper,30,1412,2,1.7418285254389048,3,4.685627582482994,13,32,2,0,D M S,Brighton,2,1.7418285254389048,6.840236205607653,3.4948783963918686,Premier League,2025-2026
13713,Trai Hume,38,3041,2,2.7079745400696997,1,2.0842118076980114,34,27,9,0,D M S,Sunderland,2,2.7079745400696997,8.229747292585671,4.202485715970397,Premier League,2025-2026
13715,Dan Ballard,29,2143,2,3.6954356245696554,0,1.5805855486541986,25,14,4,1,D S,Sunderland,2,3.6954356245696554,4.752503437921405,2.608859278261661,Premier League,2025-2026
13718,Eliezer Mayenda,20,740,2,2.0108928252011538,0,0.7425303682684898,13,4,0,0,F M S,Sunderland,2,2.0108928252011538,2.4835963249206543,0.4882403369992971,Premier League,2025-2026
13775,Estêvão,22,854,2,3.874036334455013,2,2.8163073528558016,28,16,4,0,F M S,Chelsea,2,3.874036334455013,9.267625011503696,3.582291418686509,Premier League,2025-2026
13834,Ao Tanaka,28,1330,2,2.1981850005686283,0,1.3577267043292522,17,18,1,0,M S,Leeds,2,2.1981850005686283,6.806126736104488,4.313436454162002,Premier League,2025-2026
14118,Charalampos Kostoulas,21,309,2,2.256983704864979,1,1.2800643518567083,21,10,2,0,F S,Brighton,2,2.256983704864979,3.4958279952406883,0.5060958508402109,Premier League,2025-2026
204,Granit Xhaka,34,2896,1,0.8072718912735581,6,3.7049803622066975,21,34,8,0,M S,Sunderland,1,0.8072718912735581,10.455324796028435,8.981416845694184,Premier League,2025-2026
239,Pascal Groß,19,1635,1,1.2529933378100395,3,3.2941888589411974,18,39,2,0,M S,Brighton,1,1.2529933378100395,10.012519028037786,8.280529152601957,Premier League,2025-2026
489,James Milner,20,773,1,0.9794258084148167,1,0.6549300253391266,8,8,2,0,M S,Brighton,0,0.2182569708675146,3.97909065335989,3.7933117747306815,Premier League,2025-2026
605,Jordan Henderson,32,1935,1,0.5513727776706219,3,3.320531530305743,6,19,6,0,M S,Brentford,1,0.5513727776706219,8.78984696418047,6.131646819412708,Premier League,2025-2026
660,Ben Davies,3,137,1,0.7982581853866577,0,0.0247377622872591,2,1,1,0,D S,Tottenham,1,0.7982581853866577,0.0247377622872591,0.0247377622872591,Premier League,2025-2026
695,Bertrand Traoré,12,675,1,0.6248076185584068,0,0.9887753147631884,12,8,1,0,F M S,Sunderland,1,0.6248076185584068,2.016919732093811,1.230125552974641,Premier League,2025-2026
885,Kyle Walker-Peters,23,1365,1,1.1882447563111782,0,0.3569928742945194,5,6,2,0,D S,West Ham,1,1.1882447563111782,4.904916271567345,3.5975223556160927,Premier League,2025-2026
910,Harrison Reed,7,79,1,0.0865944325923919,0,0.4029217101633549,2,3,0,0,M S,Fulham,1,0.0865944325923919,0.4040597602725029,0.2693337053060531,Premier League,2025-2026
934,Axel Tuanzebe,14,1209,1,0.5582677125930786,0,0.0,2,0,1,0,D,Burnley,1,0.5582677125930786,2.774651762098074,2.216384049504996,Premier League,2025-2026
1006,Luke Shaw,38,3269,1,0.5988588444888592,1,1.4936611289158463,10,15,9,0,D,Manchester United,1,0.5988588444888592,11.45667431410402,10.608856069855392,Premier League,2025-2026
1537,Sasa Lukic,26,1731,1,2.339236881583929,2,2.163257449865341,18,27,9,0,M S,Fulham,1,2.339236881583929,6.226264594122768,3.358000723645091,Premier League,2025-2026
1687,Harry Maguire,23,1666,1,1.1766096334904432,2,0.7251138463616371,14,4,3,1,D S,Manchester United,1,1.1766096334904432,5.068902220577002,5.068902220577002,Premier League,2025-2026
1688,Andrew Robertson,24,1160,1,1.047316076233983,0,1.5095006115734575,10,20,0,0,D S,Liverpool,1,1.047316076233983,5.851028840988874,4.472272000275552,Premier League,2025-2026
2496,Rodri,21,1500,1,1.1884781727567315,0,2.2761295437812805,17,26,3,0,M S,Manchester City,1,1.1884781727567315,12.13792721182108,10.705944895744324,Premier League,2025-2026
2517,Martin Odegaard,24,1347,1,1.219119856134057,6,4.978420486673713,22,38,0,0,M S,Arsenal,1,1.219119856134057,11.73396972939372,7.588885592296719,Premier League,2025-2026
3203,Issa Diop,13,810,1,0.4416985362768173,0,0.0,2,0,2,0,D S,Fulham,1,0.4416985362768173,1.5519594810903072,1.5519594810903072,Premier League,2025-2026
5743,Randal Kolo Muani,30,1704,1,2.700563416816294,1,1.8472137674689293,20,19,3,0,F M S,Tottenham,1,2.700563416816294,4.246069150045514,0.7896932736039162,Premier League,2025-2026
5786,Yoane Wissa,19,492,1,3.238182602450252,0,0.1695390567183494,13,3,3,0,F S,Newcastle United,1,3.238182602450252,4.3540798760950565,1.3058659806847572,Premier League,2025-2026
5789,Boubacar Kamara,18,1434,1,1.0521572744473815,3,0.7290232917293906,7,15,5,0,M S,Aston Villa,1,1.0521572744473815,5.69795267097652,4.270241666585207,Premier League,2025-2026
5973,Kenny Tete,22,1805,1,0.728774206712842,0,0.9490535911172628,16,11,2,0,D S,Fulham,1,0.728774206712842,3.944374708458781,3.1575920060276985,Premier League,2025-2026
6048,Lewis Dunk,33,2831,1,1.3368871174752712,0,0.5454101115465164,23,7,10,0,D S,Brighton,1,1.3368871174752712,12.689484484493732,12.6021059602499,Premier League,2025-2026
6108,Rodrigo Bentancur,26,1931,1,0.9771954659372568,1,0.8773890770971775,13,10,7,0,M S,Tottenham,1,0.9771954659372568,4.669173881411552,4.175999607890844,Premier League,2025-2026
6122,Douglas Luiz,21,936,1,0.70245710760355,0,1.822941738180816,11,19,3,0,M S,"Aston Villa,Nottingham Forest",1,0.70245710760355,4.070820711553097,2.810907289385796,Premier League,2025-2026
6219,Enes Ünal,22,158,1,2.326274909079075,0,0.2841262817382812,15,1,1,0,S,Bournemouth,1,2.326274909079075,2.6457024663686752,0.3903236053884029,Premier League,2025-2026
6326,Ibrahima Konaté,36,3133,1,1.9586246628314257,0,0.7252839719876647,12,8,7,0,D,Liverpool,1,1.9586246628314257,11.115987345576286,10.797563448548315,Premier League,2025-2026
6369,Ethan Ampadu,35,3130,1,1.946105619892478,1,1.1763546681031585,26,19,10,0,M,Leeds,1,1.946105619892478,11.866393697448077,10.690290067344904,Premier League,2025-2026
6665,Curtis Jones,34,1910,1,2.4063171884045005,2,2.8340956876054406,22,22,2,0,D M S,Liverpool,1,2.4063171884045005,10.620183551684022,7.237103626132011,Premier League,2025-2026
6807,Jaka Bijol,25,1895,1,0.718483354896307,2,1.399182764813304,15,7,4,0,D S,Leeds,1,0.718483354896307,5.490988912060857,4.503906073048711,Premier League,2025-2026
6820,David Brooks,31,1191,1,6.54012631252408,3,4.196839664131403,48,25,7,0,M S,Bournemouth,1,6.54012631252408,12.195374373346567,2.6664827950298786,Premier League,2025-2026
6888,William Saliba,31,2609,1,1.5777585953474045,0,1.306027840822935,5,10,2,0,D S,Arsenal,1,1.5777585953474045,11.017331045120956,10.501945996657014,Premier League,2025-2026
6912,Pedro Porro,34,2815,1,1.4028917597606778,2,4.247651634737849,32,53,10,0,D M S,Tottenham,1,1.4028917597606778,10.6049581207335,8.791748657822609,Premier League,2025-2026
7134,Marc Cucurella,34,2714,1,1.8860962446779013,4,4.541678033769131,20,39,8,1,D M S,Chelsea,1,1.8860962446779013,15.159206625074148,12.003521535545588,Premier League,2025-2026
7281,Diogo Dalot,34,2614,1,2.194661596789956,3,3.5058063408359885,24,30,5,0,D S,Manchester United,1,2.194661596789956,13.055216778069736,9.666520467028022,Premier League,2025-2026
7382,Dan Burn,29,2205,1,0.9214910920709372,2,0.4085770333185792,10,7,9,1,D S,Newcastle United,1,0.9214910920709372,5.236281432211399,4.939116761088371,Premier League,2025-2026
7752,Gabriel Martinelli,30,1025,1,5.357063241302967,4,2.569171307608485,29,13,3,0,F M S,Arsenal,1,5.357063241302967,10.0232590213418,3.6065212953835726,Premier League,2025-2026
7762,Jean-Ricner Bellegarde,26,1268,1,0.8698065197095275,1,1.216556794941425,21,13,5,0,F M S,Wolverhampton Wanderers,1,0.8698065197095275,5.200756997801364,3.501467832364142,Premier League,2025-2026
7902,Matthijs de Ligt,13,1170,1,1.3233719654381275,0,0.4281761646270752,11,3,0,0,D,Manchester United,1,1.3233719654381275,2.8319015204906464,2.3887862116098404,Premier League,2025-2026
7908,Marshall Munetsi,13,863,1,1.8389983009546995,1,0.3808544501662254,14,3,2,0,F M S,Wolverhampton Wanderers,1,1.8389983009546995,3.097170224413276,1.000556039623916,Premier League,2025-2026
8006,Evann Guessand,21,920,1,1.8542680740356443,2,1.2377337515354156,11,5,0,0,M S,"Aston Villa,Crystal Palace",1,1.8542680740356443,3.779372459277511,1.3025728072971106,Premier League,2025-2026
8129,Riccardo Calafiori,26,1755,1,3.469513338059187,2,0.6484237592667341,32,9,5,0,D S,Arsenal,1,3.469513338059187,8.157827861607075,6.558366058394313,Premier League,2025-2026
8214,Tyrick Mitchell,38,3258,1,1.9847235046327116,2,3.036134548485279,19,29,6,0,D S,Crystal Palace,1,1.9847235046327116,13.15546108223498,9.87049151957035,Premier League,2025-2026
8252,Nicolás Domínguez,27,1210,1,1.01239497307688,1,1.2798706572502851,18,11,2,0,M S,Nottingham Forest,1,1.01239497307688,5.395301561802626,4.228683076798916,Premier League,2025-2026
8384,Armando Broja,24,822,1,2.5165178887546062,1,0.6097559537738562,16,5,0,0,F S,Burnley,1,2.5165178887546062,2.6858433932065964,1.0258077569305897,Premier League,2025-2026
8430,Chris Richards,33,2819,1,1.7814537715166807,0,0.4875335106626153,15,9,4,0,D S,Crystal Palace,1,1.7814537715166807,7.80950731690973,7.502825566567481,Premier League,2025-2026
8476,Jarrad Branthwaite,10,682,1,0.3099620118737221,0,0.373225899413228,6,3,1,0,D S,Everton,1,0.3099620118737221,1.287902306765318,1.127036638557911,Premier League,2025-2026
8635,Sven Botman,25,1842,1,1.5510299038141966,0,1.4832177460193634,15,6,2,0,D S,Newcastle United,1,1.5510299038141966,6.0209719482809305,5.722450278699398,Premier League,2025-2026
8640,Adrien Truffert,38,3391,1,1.9886900894343853,5,4.408130643889308,16,33,5,0,D,Bournemouth,1,1.9886900894343853,15.238870711997151,9.958876593969762,Premier League,2025-2026
8662,Dan Ndoye,24,1184,1,1.1724078450351954,1,1.552884567528963,15,14,1,0,F M S,Nottingham Forest,1,1.1724078450351954,4.023802410811186,1.8127466365695,Premier League,2025-2026
8780,Joël Veltman,24,1025,1,1.064280278980732,0,0.252019003033638,4,4,5,0,D S,Brighton,1,1.064280278980732,2.46354559995234,2.3217557463794947,Premier League,2025-2026
8853,Maxence Lacroix,35,3094,1,3.006834846921265,2,1.2868863735347986,25,7,4,1,D,Crystal Palace,1,3.006834846921265,10.744279656559227,9.981197169981897,Premier League,2025-2026
8868,Liam Delap,28,1064,1,5.030099527910352,0,0.1692549511790275,36,3,4,0,F S,Chelsea,1,5.030099527910352,7.515913432464004,3.400637183338404,Premier League,2025-2026
8940,Antonee Robinson,22,1484,1,0.977246874012053,0,1.090028055012226,6,21,5,0,D S,Fulham,0,0.2160780364647507,4.561269454658032,3.8488879278302193,Premier League,2025-2026
8986,Omar Alderete,33,2808,1,1.5455667236819863,1,0.6074565481394529,24,9,6,0,D S,Sunderland,1,1.5455667236819863,4.549569208174944,3.7731494531035423,Premier League,2025-2026
9040,Conor Gallagher,16,1229,1,1.512411999516189,1,0.8551288228482008,11,13,2,0,M S,Tottenham,1,1.512411999516189,4.173453446477652,2.5543361753225327,Premier League,2025-2026
9205,Jayden Bogle,34,2822,1,1.892064114101231,2,3.5251562744379044,18,21,6,0,D M S,Leeds,1,1.892064114101231,11.021193640306592,6.367132198065519,Premier League,2025-2026
9501,Fabio Carvalho,6,97,1,0.6895682029426098,0,0.0,2,0,0,0,M S,Brentford,1,0.6895682029426098,0.6895682029426098,0.0,Premier League,2025-2026
9558,Hannibal Mejbri,27,1251,1,0.7498194272629917,4,2.838189367204905,19,21,10,0,M S,Burnley,1,0.7498194272629917,5.953092758543789,3.3755732849240303,Premier League,2025-2026
9680,Vitaly Janelt,25,1421,1,0.7498585553839803,4,3.811057908460498,12,21,8,0,M S,Brentford,1,0.7498585553839803,6.326032001525164,3.632891008630395,Premier League,2025-2026
9733,Nathan Collins,35,2966,1,2.917149268090725,2,2.4296576268970966,20,9,7,0,D S,Brentford,1,2.917149268090725,10.035949086770415,8.510592883452773,Premier League,2025-2026
9802,Nico González,25,1576,1,0.6088060820475221,0,0.8885113457217813,14,11,6,0,M S,Manchester City,1,0.6088060820475221,14.795009016990662,14.172722114250064,Premier League,2025-2026
9911,Piero Hincapié,25,1786,1,0.4126348299905658,2,2.1274072602391243,3,13,2,0,D S,Arsenal,1,0.4126348299905658,8.479371219873428,6.883014105260372,Premier League,2025-2026
10140,Hugo Bueno,35,2351,1,0.8962179943919182,2,3.683292493224144,16,38,3,0,D M S,Wolverhampton Wanderers,1,0.8962179943919182,5.543084159493446,2.929296974092722,Premier League,2025-2026
10216,Lewis Hall,30,2164,1,1.28814219776541,1,2.5339094949886203,25,25,4,0,D S,Newcastle United,1,1.28814219776541,8.868408833630383,7.467507724650204,Premier League,2025-2026
10348,Omari Hutchinson,31,1664,1,2.1777186449617147,5,4.931529551744461,25,33,1,0,M S,Nottingham Forest,1,2.1777186449617147,10.328581249341369,5.619018649682403,Premier League,2025-2026
10552,Alejandro Garnacho,24,1285,1,4.111795756965876,4,4.21896393597126,33,29,2,0,F M S,Chelsea,1,4.111795756965876,12.953486386686563,6.525954343378544,Premier League,2025-2026
10717,Rodrigo Muniz,21,1001,1,4.545291785150766,1,0.9614864559844136,32,8,2,0,F S,Fulham,1,4.545291785150766,4.830986261367798,1.298047307878733,Premier League,2025-2026
10770,Soungoutou Magassa,22,976,1,0.6193040320649743,0,0.7463846588507295,7,5,4,0,M S,West Ham,1,0.6193040320649743,2.418648761697113,1.531560224480927,Premier League,2025-2026
11000,Matheus Nunes,34,2865,1,0.6754733501002192,5,3.0990526378154755,7,28,5,0,D S,Manchester City,1,0.6754733501002192,22.104165941476825,20.289072543382645,Premier League,2025-2026
11174,Kobbie Mainoo,28,1623,1,0.5174760585650802,2,1.190059178508818,13,22,2,0,M S,Manchester United,1,0.5174760585650802,10.352579969912767,9.777145149186254,Premier League,2025-2026
11281,Michael Kayode,37,3281,1,1.169110944494605,1,3.184721387922764,9,33,8,0,D,Brentford,1,1.169110944494605,13.046297889202831,9.568754518404605,Premier League,2025-2026
11310,Brajan Gruda,18,716,1,1.772459496743977,1,1.215459401719272,16,16,2,0,M S,Brighton,1,1.772459496743977,5.479941666126251,2.844237370416522,Premier League,2025-2026
11331,Merlin Röhl,16,650,1,0.5586705394089222,0,0.3609896339476108,11,6,0,0,M S,Everton,1,0.5586705394089222,1.4036217126995325,0.6960872486233711,Premier League,2025-2026
11384,João Gomes,35,2845,1,1.2462569223716855,1,1.441765757277608,18,16,10,0,M S,Wolverhampton Wanderers,1,1.2462569223716855,6.201923135668039,5.079094551503658,Premier League,2025-2026
11386,Lewis Miley,23,1470,1,1.3760087750852108,4,2.321293480694294,12,15,0,0,D M S,Newcastle United,1,1.3760087750852108,7.045767506584525,5.918216675519943,Premier League,2025-2026
11710,Simon Adingra,14,665,1,0.3356043994426727,0,0.7323711905628443,6,7,2,0,F M S,Sunderland,1,0.3356043994426727,1.9754448235034945,1.0532179661095142,Premier League,2025-2026
11728,Calvin Bassey,30,2523,1,1.1909357141703367,0,0.4309475254267454,11,10,5,0,D S,Fulham,1,1.1909357141703367,6.188590038567781,5.893190614879131,Premier League,2025-2026
11735,Sávio,24,792,1,3.269520847126841,1,0.9313512817025184,19,9,2,0,M S,Manchester City,1,3.269520847126841,5.62423113361001,2.61976096406579,Premier League,2025-2026
11772,Yehor Yarmolyuk,37,2679,1,1.3752933973446488,2,1.2573875626549125,16,14,7,0,M S,Brentford,1,1.3752933973446488,9.288000541739166,7.919278662651777,Premier League,2025-2026
11808,Andrey Santos,27,1217,1,2.5551512390375137,0,0.6883775070309639,11,8,4,0,M S,Chelsea,1,2.5551512390375137,6.324630655348301,4.395013879984617,Premier League,2025-2026
11936,Lorenzo Lucca,4,122,1,1.1845081560313702,0,0.0366450361907482,4,1,0,0,F S,Nottingham Forest,1,1.1845081560313702,1.6722171306610107,0.4877089392393827,Premier League,2025-2026
12014,Jake O&#039;Brien,37,3146,1,1.3068652302026749,1,0.7244354635477066,13,17,6,1,D S,Everton,1,1.3068652302026749,6.48744806367904,5.052895814180374,Premier League,2025-2026
12123,Murillo,25,2132,1,0.5957098556682467,0,0.299396033398807,11,8,5,0,D,Nottingham Forest,1,0.5957098556682467,6.358569452539086,6.049851920455694,Premier League,2025-2026
12168,Alejandro Jiménez,31,2354,1,1.210428036749363,0,1.7028822358697653,21,15,10,0,D M S,Bournemouth,1,1.210428036749363,7.322333555668592,4.869594149291515,Premier League,2025-2026
12409,Adam Wharton,34,2596,1,1.1520960042253137,5,6.6245664320886135,32,44,4,1,M S,Crystal Palace,1,1.1520960042253137,14.679165456444023,10.561547454446554,Premier League,2025-2026
12410,Joshua King,32,1306,1,3.79960710555315,2,1.0395643608644605,26,15,4,0,F M S,Fulham,1,3.79960710555315,6.186926681548357,2.6014943681657314,Premier League,2025-2026
12535,Josh Acheampong,17,657,1,0.6709242314100266,0,0.137966588139534,4,2,1,0,D S,Chelsea,1,0.6709242314100266,2.121888380497694,2.050211239606142,Premier League,2025-2026
12912,Lucas Bergvall,23,956,1,1.4342994708567858,3,0.2916291374713182,12,5,2,0,M S,Tottenham,1,1.4342994708567858,3.274197237566113,1.6925846990197897,Premier League,2025-2026
13022,André,35,2763,1,0.5156588805839419,0,1.24783924408257,15,18,12,0,M S,Wolverhampton Wanderers,1,0.5156588805839419,6.220211643725634,5.526091292500496,Premier League,2025-2026
13038,Justin Devenny,21,762,1,2.2452754601836205,0,0.3324787318706512,13,7,0,0,D F M S,Crystal Palace,0,1.4841066226363182,3.62430040538311,2.076643966138363,Premier League,2025-2026
13066,Ferdi Kadioglu,37,3145,1,2.019620954990387,0,2.244557812809944,28,22,6,0,D M S,Brighton,1,2.019620954990387,14.008788719773293,11.695813551545143,Premier League,2025-2026
13068,Morato,21,1333,1,1.8853958677500489,0,0.0936890179291367,5,2,5,0,D S,Nottingham Forest,1,1.8853958677500489,4.478383164852858,3.847307574003935,Premier League,2025-2026
13206,Matt O&#039;Riley,6,195,1,1.139720857143402,0,0.1495994953438639,4,4,0,0,M S,Brighton,0,0.3785520195960998,0.5305772870779037,0.1139591410756111,Premier League,2025-2026
13220,Tom Edozie,3,6,1,0.1379609331488609,0,0.0,2,0,0,0,S,Wolverhampton Wanderers,1,0.1379609331488609,0.1379609331488609,0.0,Premier League,2025-2026
13719,Chris Rigg,18,780,1,0.8001006729900837,1,1.1892294473946097,12,9,1,0,M S,Sunderland,1,0.8001006729900837,1.9688882902264595,0.7253808416426182,Premier League,2025-2026
13726,Oliver Sonne,7,149,1,0.3753026779741049,0,0.0269181225448846,3,1,0,0,D S,Burnley,1,0.3753026779741049,0.5079874768853188,0.1973782777786255,Premier League,2025-2026
13728,Josh Laurent,33,1720,1,1.0436750873923302,0,0.7355106780305505,15,12,7,1,D M S,Burnley,1,1.0436750873923302,3.1661211233586077,1.6837338991463184,Premier League,2025-2026
13730,Marcus Edwards,23,1054,1,2.2835088558495045,3,2.546008862555027,23,20,0,0,F M S,Burnley,1,2.2835088558495045,6.092996638268232,3.1580835357308388,Premier League,2025-2026
13741,Jhon Arias,23,1140,1,3.293146742507816,0,0.8962265644222498,16,11,1,0,F M S,Wolverhampton Wanderers,1,3.293146742507816,4.877626428380609,1.3450943380594254,Premier League,2025-2026
13872,Max Dowman,6,142,1,0.6690445654094219,0,0.6337551325559616,6,4,0,0,M S,Arsenal,1,0.6690445654094219,1.6155864782631395,0.4801681600511074,Premier League,2025-2026
14028,Stefanos Tzimas,9,111,1,0.6250067912042141,1,0.3843204230070114,4,6,0,0,F S,Brighton,1,0.6250067912042141,0.8074261322617531,0.0099379355087876,Premier League,2025-2026
14030,Kevin,26,1002,1,1.334008033387363,1,1.240381198003888,25,14,1,0,M S,Fulham,1,1.334008033387363,4.820031132549048,2.8916280269622803,Premier League,2025-2026
76,Fabian Schär,16,1096,0,0.9631823003292084,0,0.1626780582591891,17,4,1,0,D S,Newcastle United,0,0.9631823003292084,3.1928995680063963,3.059698922559619,Premier League,2025-2026
181,Bernd Leno,38,3420,0,0.0,0,0.0,0,0,3,0,GK,Fulham,0,0.0,4.902563899755478,4.902563899755478,Premier League,2025-2026
579,Nathan Aké,18,681,0,1.096199356019497,0,0.7114442009478807,7,6,1,0,D S,Manchester City,0,1.096199356019497,4.447547908872366,3.9373395331203938,Premier League,2025-2026
585,Seamus Coleman,5,13,0,0.0,0,0.0379066541790962,0,1,0,0,D S,Everton,0,0.0,0.0379066541790962,0.0379066541790962,Premier League,2025-2026
586,John Stones,9,445,0,0.0,0,0.062762975692749,0,1,0,0,D S,Manchester City,0,0.0,2.1914115212857723,2.1286485455930237,Premier League,2025-2026
603,Nathaniel Clyne,10,613,0,0.2701648138463497,1,0.6744996476918459,3,3,1,0,D S,Crystal Palace,0,0.2701648138463497,1.4967839866876602,1.2266192231327295,Premier League,2025-2026
638,Kyle Walker,36,3101,0,0.0930412104353308,2,1.6653890665620563,4,13,9,0,D M S,Burnley,0,0.0930412104353308,9.239772559143605,9.072032039053738,Premier League,2025-2026
652,Kieran Trippier,21,1606,0,0.0958994552493095,1,1.8194941156543791,2,28,3,0,D S,Newcastle United,0,0.0958994552493095,5.13017756678164,4.711885085329413,Premier League,2025-2026
725,Ola Aina,18,1595,0,0.4096037317067384,0,0.341342007741332,12,9,3,0,D,Nottingham Forest,0,0.4096037317067384,3.950665080919862,3.527306206524372,Premier League,2025-2026
741,Jordan Pickford,38,3420,0,0.0,0,0.2333715260028839,0,2,4,0,GK,Everton,0,0.0,3.0988036673516035,3.016686646267772,Premier League,2025-2026
766,Jamaal Lascelles,2,8,0,0.0783025473356247,0,0.0,1,0,0,0,S,Newcastle United,0,0.0783025473356247,0.0,0.0,Premier League,2025-2026
780,Karl Darlow,22,1980,0,0.0,0,0.0,0,0,1,0,GK,Leeds,0,0.0,1.8115539252758024,1.8115539252758024,Premier League,2025-2026
825,Adam Smith,22,1079,0,0.0,2,0.4984638234600425,0,6,3,0,D S,Bournemouth,0,0.0,4.537172414362431,4.063000334426761,Premier League,2025-2026
843,James Ward-Prowse,18,1082,0,0.1810428909957409,1,3.429459560662508,5,23,1,0,M S,"Burnley,West Ham",0,0.1810428909957409,3.5722367390990257,3.075804917141795,Premier League,2025-2026
852,Freddie Woodman,3,210,0,0.0,0,0.0,0,0,0,0,GK S,Liverpool,0,0.0,0.6411428824067116,0.6411428824067116,Premier League,2025-2026
900,Adama Traoré,24,326,0,0.6883524060249329,0,0.4146889857947826,7,3,1,0,M S,"Fulham,West Ham",0,0.6883524060249329,1.7696308875456452,0.703641195781529,Premier League,2025-2026
902,Sam Byram,2,5,0,0.0,0,0.0,0,0,0,0,S,Leeds,0,0.0,0.0,0.0,Premier League,2025-2026
925,Patrick Roberts,1,23,0,0.0680162906646728,0,0.0,1,0,0,0,S,Sunderland,0,0.0680162906646728,0.1093991622328758,0.0413828715682029,Premier League,2025-2026
978,Sam Johnstone,12,1080,0,0.0,0,0.0,0,0,0,0,GK,Wolverhampton Wanderers,0,0.0,0.3188386699184775,0.3188386699184775,Premier League,2025-2026
987,Joseph Gomez,21,577,0,0.1996985450387001,2,1.2491662725806236,4,5,4,0,D S,Liverpool,0,0.1996985450387001,4.338553808629513,3.096942812204361,Premier League,2025-2026
1024,Tyrone Mings,17,1314,0,1.492117453366518,0,0.7093149498105049,9,5,1,0,D S,Aston Villa,0,1.492117453366518,3.90316248126328,3.59125361405313,Premier League,2025-2026
1116,Gianluigi Donnarumma,34,3060,0,0.0,0,0.0,0,0,7,0,GK,Manchester City,0,0.0,7.177661042660475,7.177661042660475,Premier League,2025-2026
1257,Alisson,26,2340,0,0.0,0,0.0,0,0,1,0,GK,Liverpool,0,0.0,4.577883286401629,4.577883286401629,Premier League,2025-2026
1545,Emil Krafth,1,51,0,0.0,0,0.0,0,0,0,0,D,Newcastle United,0,0.0,0.0208761077374219,0.0208761077374219,Premier League,2025-2026
1760,Arthur Masuaku,3,132,0,0.0784234628081321,0,0.058063443750143,1,1,1,0,D S,Sunderland,0,0.0784234628081321,0.1554462164640426,0.0973827689886093,Premier League,2025-2026
1789,Lewis Cook,17,841,0,0.0596457971259951,1,0.3469301499426365,3,11,1,1,D M S,Bournemouth,0,0.0596457971259951,2.538989583030343,2.386723592877388,Premier League,2025-2026
1823,Lucas Digne,31,1857,0,0.7033488415181637,6,3.052508193999529,14,26,3,0,D S,Aston Villa,0,0.7033488415181637,5.530973820015788,4.1429683696478605,Premier League,2025-2026
2182,Jefferson Lerma,31,1693,0,2.208588045090437,2,1.7842966839671135,19,13,7,0,D M S,Crystal Palace,0,2.208588045090437,7.616084651090205,6.042748659849167,Premier League,2025-2026
2254,Mateo Kovacic,6,120,0,0.0921628773212432,1,0.4274698607623577,2,4,0,0,M S,Manchester City,0,0.0921628773212432,1.728970788419247,1.2603889517486095,Premier League,2025-2026
2310,Alphonse Areola,20,1800,0,0.0,1,0.0221445709466934,0,1,0,0,GK,West Ham,0,0.0,0.4307949170470238,0.4307949170470238,Premier League,2025-2026
2958,Oleksandr Zinchenko,5,347,0,0.0767069980502128,0,0.4507835283875465,4,5,0,0,D S,Nottingham Forest,0,0.0767069980502128,1.777435079216957,1.6373481005430222,Premier League,2025-2026
3645,Olivier Boscagli,12,801,0,0.0207152105867862,1,0.1475827321410179,1,3,2,0,D S,Brighton,0,0.0207152105867862,3.5460157245397568,3.5085763186216354,Premier League,2025-2026
3697,Odsonne Edouard,1,1,0,0.0,0,0.0,0,0,0,0,S,Crystal Palace,0,0.0,0.0,0.0,Premier League,2025-2026
4401,Emiliano Martinez,32,2837,0,0.0,1,0.3538400158286094,0,2,2,0,GK,Aston Villa,0,0.0,4.597850669175386,4.244010683149099,Premier League,2025-2026
4422,Ashley Barnes,7,25,0,0.4212423413991928,0,0.0,2,0,1,0,S,Burnley,0,0.4212423413991928,0.1153883188962936,0.0,Premier League,2025-2026
5061,Kepa,1,90,0,0.0,0,0.0,0,0,0,0,GK,Arsenal,0,0.0,0.6973354816436768,0.6973354816436768,Premier League,2025-2026
5221,Leon Bailey,13,437,0,0.7073369584977627,1,1.1167646050453186,8,12,1,0,M S,Aston Villa,0,0.7073369584977627,2.2412565387785435,1.1618106737732887,Premier League,2025-2026
5261,Kevin Danso,24,1489,0,0.5242262706160545,0,0.1586722880601883,11,2,8,0,D S,Tottenham,0,0.5242262706160545,1.6506063239648938,1.5962962182238698,Premier League,2025-2026
5355,Jacob Bruun Larsen,28,1003,0,1.4321176074445248,1,1.3782861307263374,17,12,0,0,F M S,Burnley,0,1.4321176074445248,4.528628235682845,2.252522235736251,Premier League,2025-2026
5544,Angus Gunn,1,38,0,0.0,0,0.0,0,0,0,0,S,Nottingham Forest,0,0.0,0.013105385005474,0.013105385005474,Premier League,2025-2026
5552,Nick Pope,27,2422,0,0.1314873248338699,0,0.0,1,0,2,0,GK,Newcastle United,0,0.1314873248338699,2.810626602731645,2.810626602731645,Premier League,2025-2026
5584,Aaron Wan-Bissaka,25,2093,0,0.0,2,1.428995594382286,0,18,4,0,D M S,West Ham,0,0.0,3.827808958478272,3.086061582900584,Premier League,2025-2026
5590,Tosin Adarabioyo,16,791,0,0.0724174678325653,0,0.4159756898880005,2,1,2,0,D S,Chelsea,0,0.0724174678325653,3.179009012877941,3.179009012877941,Premier League,2025-2026
5595,Daniel James,19,538,0,0.799863189458847,0,0.4895355738699436,14,9,0,0,D F S,Leeds,0,0.799863189458847,1.5797358211129904,0.3267992343753576,Premier League,2025-2026
5598,Angel Gomes,12,475,0,0.1933972742408514,0,0.2992059402167797,6,6,1,0,M S,Wolverhampton Wanderers,0,0.1933972742408514,1.6750201545655727,1.3590065725147724,Premier League,2025-2026
5603,Aaron Ramsdale,12,998,0,0.0,0,0.0710007473826408,0,1,2,0,GK S,Newcastle United,0,0.0,2.482472578063607,2.411471823230386,Premier League,2025-2026
5609,Yves Bissouma,11,619,0,0.2123817997053265,0,0.0,5,0,4,0,M S,Tottenham,0,0.2123817997053265,1.075252041220665,0.9329388849437236,Premier League,2025-2026
5652,Walter Benítez,1,90,0,0.0,0,0.0,0,0,0,0,GK,Crystal Palace,0,0.0,0.0,0.0,Premier League,2025-2026
5956,Youri Tielemans,25,1861,0,1.8399642640724776,4,2.9822675781324506,24,32,0,0,M S,Aston Villa,0,1.8399642640724776,9.826997235417366,7.487443540245295,Premier League,2025-2026
6049,Solly March,4,32,0,0.0564958602190017,0,0.0,1,0,0,0,S,Brighton,0,0.0564958602190017,0.1435640007257461,0.0870681479573249,Premier League,2025-2026
6080,Victor Lindelöf,17,938,0,0.1561275906860828,1,0.5980998799204826,3,2,0,0,D M S,Aston Villa,0,0.1561275906860828,2.5445900056511164,2.527874367311597,Premier League,2025-2026
6098,Niclas Füllkrug,8,416,0,0.9830001182854176,0,0.4490955099463463,9,7,0,0,F S,West Ham,0,0.9830001182854176,0.9092727340757848,0.1229296624660492,Premier League,2025-2026
6104,Will Hughes,31,1567,0,1.2812513932585716,0,1.9265618100762367,17,21,7,0,M S,Crystal Palace,0,1.2812513932585716,7.058678660541773,5.38273361325264,Premier League,2025-2026
6145,Daichi Kamada,28,1924,0,1.4871895518153906,0,2.585762256756425,19,20,3,0,M S,Crystal Palace,0,1.4871895518153906,9.884232659824193,7.305970148183405,Premier League,2025-2026
6157,Timothy Castagne,30,1849,0,1.470174259506166,0,1.7460119286552072,14,18,4,0,D M S,Fulham,0,1.470174259506166,6.83210355322808,5.599581710994244,Premier League,2025-2026
6174,Nikola Milenkovic,38,3360,0,0.5094143021851778,0,0.2675842642784118,15,3,6,0,D S,Nottingham Forest,0,0.5094143021851778,8.06967337243259,7.998386854305863,Premier League,2025-2026
6221,Pau Torres,21,1679,0,1.5826024003326893,0,0.006894074846059,9,1,1,0,D S,Aston Villa,0,1.5826024003326893,4.503719758242369,4.429494839161634,Premier League,2025-2026
6314,Joachim Andersen,33,2882,0,1.659308227710426,1,0.5809159595519304,16,6,7,1,D,Fulham,0,1.659308227710426,9.259830322116612,8.9278842844069,Premier League,2025-2026
6345,Jadon Sancho,23,860,0,0.7688718903809786,2,2.0520169995725155,10,21,0,0,M S,Aston Villa,0,0.7688718903809786,5.16943079046905,3.2196586038917303,Premier League,2025-2026
6492,Reiss Nelson,10,104,0,0.9007361251860856,1,0.059022057801485,5,2,0,0,S,Brentford,0,0.9007361251860856,1.5891219899058342,1.1232596561312675,Premier League,2025-2026
6532,Martin Dubravka,35,3150,0,0.0,0,0.0,0,0,1,0,GK,Burnley,0,0.0,2.838488420471549,2.838488420471549,Premier League,2025-2026
6630,Joe Willock,24,979,0,1.3859424609690905,2,2.0978056583553557,17,14,3,0,M S,Newcastle United,0,1.3859424609690905,5.043021183460951,3.405696664005518,Premier League,2025-2026
6674,Rayan Ait Nouri,17,981,0,0.4981528613716364,2,1.7330033089965582,9,12,2,0,D M S,Manchester City,0,0.4981528613716364,7.305326489731669,6.587442610412836,Premier League,2025-2026
6756,Dwight McNeil,22,1184,0,1.4632735215127468,1,1.7390878200531006,24,15,1,0,F M S,Everton,0,1.4632735215127468,4.620902612805367,2.5291305258870125,Premier League,2025-2026
6816,Jean-Clair Todibo,23,1827,0,0.6560113653540611,1,0.3799619134515524,2,5,5,1,D S,West Ham,0,0.6560113653540611,1.824668494984508,1.5996535401791334,Premier League,2025-2026
6818,James Maddison,3,25,0,0.5459706783294678,0,0.0,2,0,0,0,S,Tottenham,0,0.5459706783294678,0.5417023822665215,0.054310105741024,Premier League,2025-2026
6852,Matt Doherty,11,822,0,0.0822684839367866,0,0.172796219587326,3,3,4,0,D,Wolverhampton Wanderers,0,0.0822684839367866,0.3009897619485855,0.1281935349106788,Premier League,2025-2026
6885,Axel Disasi,14,1258,0,1.0807171128690245,0,0.0239046476781368,5,1,1,0,D,West Ham,0,1.0807171128690245,3.1754897963255644,2.873131012544036,Premier League,2025-2026
6903,Matz Sels,31,2672,0,0.0,0,0.0,0,0,2,0,GK S,Nottingham Forest,0,0.0,2.225650984793901,2.225650984793901,Premier League,2025-2026
6935,Naif Aguerd,2,180,0,0.0885777547955513,0,0.0,2,0,0,0,D,West Ham,0,0.0885777547955513,0.1381545960903167,0.1381545960903167,Premier League,2025-2026
6986,Hamed Junior Traore,1,13,0,0.0,1,0.0955900996923446,0,1,0,0,S,Bournemouth,0,0.0,0.0955900996923446,0.0,Premier League,2025-2026
7075,Borna Sosa,7,88,0,0.0390446111559867,0,0.076265724375844,1,2,1,0,S,Crystal Palace,0,0.0390446111559867,0.4843605980277061,0.3884894046932459,Premier League,2025-2026
7083,Christian Nørgaard,7,93,0,0.0686947088688612,0,0.0,2,0,0,0,M S,Arsenal,0,0.0686947088688612,0.8206457383930683,0.7719039916992188,Premier League,2025-2026
7240,Benoit Badiashile Mukinayi,8,478,0,0.0,0,0.0,0,0,2,0,D S,Chelsea,0,0.0,1.0458098985254765,1.0458098985254765,Premier League,2025-2026
7268,Bafode Diakite,18,1276,0,0.0138677563518285,0,0.0845660716295242,1,2,1,0,D S,Bournemouth,0,0.0138677563518285,3.926532536745072,3.877728216350079,Premier League,2025-2026
7298,Ben White,12,703,0,0.2829237170517444,1,1.557781394571066,5,8,0,0,D S,Arsenal,0,0.2829237170517444,4.4763969369232655,3.178620528429746,Premier League,2025-2026
7332,Max Kilman,21,1552,0,1.1671122973784804,0,0.2077075242996215,7,4,4,0,D S,West Ham,0,1.1671122973784804,1.233875660225749,1.128087779507041,Premier League,2025-2026
7432,Reinildo,25,1974,0,0.1700047692283988,1,0.2958913259208202,4,6,7,1,D S,Sunderland,0,0.1700047692283988,3.946844458580017,3.70530366525054,Premier League,2025-2026
7546,Harvey Elliott,5,110,0,0.2895753085613251,0,0.0938487127423286,5,1,0,0,M S,"Aston Villa,Liverpool",0,0.2895753085613251,0.7380336094647646,0.4125381279736757,Premier League,2025-2026
7589,Wesley Fofana,25,1745,0,0.5401721596717834,1,0.658527560532093,8,3,5,2,D S,Chelsea,0,0.5401721596717834,8.765856113284826,8.73524048551917,Premier League,2025-2026
7702,Dean Henderson,37,3330,0,0.0,0,0.0154756419360637,0,1,5,0,GK,Crystal Palace,0,0.0,3.761154722422362,3.761154722422362,Premier League,2025-2026
7726,Ezri Konsa Ngoyo,34,3036,0,1.0740509293973446,0,0.6014871783554554,11,5,0,1,D,Aston Villa,0,1.0740509293973446,9.361096058040856,8.838568899780512,Premier League,2025-2026
7791,Sebastiaan Bornauw,12,438,0,0.1316642463207245,0,0.0,1,0,1,0,D S,Leeds,0,0.1316642463207245,0.4923748522996902,0.4923748522996902,Premier League,2025-2026
7904,Caoimhin Kelleher,37,3330,0,0.0,0,0.1064014490693807,0,2,1,0,GK,Brentford,0,0.0,5.348196176812053,5.241794735193253,Premier League,2025-2026
7943,Igor Julio,4,94,0,0.0,0,0.0180993378162384,0,1,0,0,D S,West Ham,0,0.0,0.0698967278003692,0.0698967278003692,Premier League,2025-2026
7958,Sandro Tonali,35,2586,0,1.4170023752376435,2,3.7605556417256594,37,32,4,0,M S,Newcastle United,0,1.4170023752376435,10.739618219435217,8.412985239177942,Premier League,2025-2026
8000,Ilia Gruev,23,1310,0,0.7337606139481068,3,1.4936000779271126,7,11,3,0,M S,Leeds,0,0.7337606139481068,3.584418125450611,2.230386760085821,Premier League,2025-2026
8056,Arnaud Kalimuendo Muinga,9,75,0,0.2510882914066314,0,0.0113487504422664,4,1,0,0,S,Nottingham Forest,0,0.2510882914066314,0.3131891824305057,0.0621008910238742,Premier League,2025-2026
8267,Guido Rodríguez,6,159,0,0.0242491047829389,0,0.0,1,0,1,0,M S,West Ham,0,0.0242491047829389,0.3224498257040977,0.2982007190585136,Premier League,2025-2026
8285,Sander Berge,35,2935,0,1.3464614748954773,1,1.985070546157658,14,21,5,0,M S,Fulham,0,1.3464614748954773,10.621809985488651,8.998958602547646,Premier League,2025-2026
8351,Ki-Jana Hoever,8,437,0,0.0092321364209055,0,0.3387711746618151,1,5,0,0,D S,Wolverhampton Wanderers,0,0.0092321364209055,1.378377165645361,1.0303738564252851,Premier League,2025-2026
8401,Luca Netz,7,348,0,0.0,0,0.0980577766895294,0,2,0,0,D S,Nottingham Forest,0,0.0,3.1005989462137222,3.084221720695496,Premier League,2025-2026
8489,Jorge Cuenca,15,949,0,0.0508214943110942,0,0.5158752724528313,1,3,6,0,D S,Fulham,0,0.0508214943110942,2.3103927858173847,2.3103927858173847,Premier League,2025-2026
8537,Dennis Cirkin,8,312,0,0.0663583949208259,0,0.0,1,0,2,0,D S,Sunderland,0,0.0663583949208259,0.6025781407952309,0.5362197458744049,Premier League,2025-2026
8717,Pascal Struijk,34,2940,0,2.967387342825532,1,1.093722109682858,31,12,5,0,D S,Leeds,0,2.967387342825532,7.120333257131279,6.181641686707735,Premier League,2025-2026
8720,Jack Harrison,11,232,0,0.4338683113455772,0,0.3380284607410431,6,1,0,0,F S,Leeds,0,0.4338683113455772,1.0663754409179091,0.3290564557537436,Premier League,2025-2026
8786,Stefan Ortega Moreno,3,270,0,0.0,0,0.0,0,0,0,0,GK,Nottingham Forest,0,0.0,0.1292306631803512,0.1292306631803512,Premier League,2025-2026
8808,Wataru Endo,8,162,0,0.0619611144065856,1,0.1389048248529434,1,1,1,0,D S,Liverpool,0,0.0619611144065856,0.9600183218717576,0.7591523677110672,Premier League,2025-2026
8812,Sasa Kalajdzic,1,11,0,0.0,0,0.0,0,0,0,0,S,Wolverhampton Wanderers,0,0.0,0.0,0.0,Premier League,2025-2026
8831,Iyenoma Destiny Udogie,20,1342,0,0.2184655116870999,1,1.1220016870647669,4,12,4,0,D S,Tottenham,0,0.2184655116870999,5.176807938143611,4.279184946790338,Premier League,2025-2026
8858,Guglielmo Vicario,31,2790,0,0.0,0,0.0718652158975601,0,1,1,0,GK,Tottenham,0,0.0,3.511237784288824,3.4393725832924247,Premier League,2025-2026
8920,Dilane Bakwa,14,556,0,0.7644308656454086,2,1.2161817625164986,9,11,1,0,M S,Nottingham Forest,0,0.7644308656454086,2.93642945215106,1.6830938644707203,Premier League,2025-2026
8942,Aaron Hickey,21,668,0,0.5498570688068867,0,0.6038424372673035,6,1,1,0,D M S,Brentford,0,0.5498570688068867,2.695782231166959,2.2481193635612726,Premier League,2025-2026
8969,Florentino Luís,31,2146,0,1.0381876304745674,2,0.5375469047576189,13,13,6,0,M S,Burnley,0,1.0381876304745674,4.911807460710406,4.165495180524886,Premier League,2025-2026
9077,James Trafford,4,360,0,0.0,0,0.0,0,0,0,0,GK,Manchester City,0,0.0,1.546296613290906,1.546296613290906,Premier League,2025-2026
9098,Robert Sánchez,35,3054,0,0.0,1,0.8848487213253975,0,5,4,1,GK,Chelsea,0,0.0,10.15497968159616,9.270130960270762,Premier League,2025-2026
9105,Radu Dragusin,10,513,0,0.2077605351805687,0,0.0,4,0,0,0,D S,Tottenham,0,0.2077605351805687,0.8118065074086189,0.8118065074086189,Premier League,2025-2026
9272,Filip Jorgensen,5,365,0,0.0,0,0.0,0,0,0,0,GK S,Chelsea,0,0.0,1.312999188899994,1.312999188899994,Premier League,2025-2026
9328,Jeremie Frimpong,21,1027,0,0.514072947204113,1,2.69134059548378,10,15,1,0,D M S,Liverpool,0,0.514072947204113,5.955447107553482,4.064382215961814,Premier League,2025-2026
9332,Dane Scarlett,2,4,0,0.0,0,0.0,0,0,0,0,S,Tottenham,0,0.0,0.0506130419671535,0.0506130419671535,Premier League,2025-2026
9487,Maxime Estève,34,2946,0,0.4516084846109152,0,0.7021042061969638,10,6,1,0,D,Burnley,0,0.4516084846109152,4.438025475479662,4.28961091581732,Premier League,2025-2026
9512,Valentino Livramento,17,1323,0,0.1522857137024402,1,0.6162818782031536,3,10,1,0,D S,Newcastle United,0,0.1522857137024402,6.227930787950754,5.61184873059392,Premier League,2025-2026
9524,Anthony Elanga,32,1289,0,1.4534468036144972,1,1.749520514160395,17,15,0,0,F M S,Newcastle United,0,1.4534468036144972,4.289053320884705,1.8433666191995144,Premier League,2025-2026
9554,Tim Iroegbunam,29,1496,0,0.5109043149277568,2,1.847727376036346,12,8,9,0,M S,Everton,0,0.5109043149277568,4.414639215916395,2.8447110541164875,Premier League,2025-2026
9614,Marco Bizot,7,583,0,0.0,0,0.0,0,0,1,0,GK S,Aston Villa,0,0.0,1.0894597582519054,1.0894597582519054,Premier League,2025-2026
9676,David Raya,37,3330,0,0.0,0,0.1493939720094204,0,3,1,0,GK,Arsenal,0,0.0,6.412498269230127,6.321507047861815,Premier League,2025-2026
9677,Kristoffer Ajer,27,1809,0,1.053914662450552,1,0.9042857214808464,10,5,4,0,D S,Brentford,0,1.053914662450552,5.491811184212565,3.873572135344148,Premier League,2025-2026
9678,Ethan Pinnock,4,330,0,0.0091950073838233,0,0.0,1,0,1,0,D,Brentford,0,0.0091950073838233,0.109051514416933,0.109051514416933,Premier League,2025-2026
9679,Rico Henry,25,1315,0,0.1456592017784714,1,0.3161719217896461,5,4,2,0,D S,Brentford,0,0.1456592017784714,2.418498318642378,2.231708014383912,Premier League,2025-2026
9681,Frank Onyeka,6,68,0,0.0,1,0.3706037104129791,0,1,0,0,S,Brentford,0,0.0,0.3706037104129791,0.3706037104129791,Premier League,2025-2026
9693,Giorgi Mamardashvili,10,870,0,0.0,0,0.0,0,0,0,0,GK,Liverpool,0,0.0,2.2863197792321444,2.2863197792321444,Premier League,2025-2026
9740,José Sá,23,2070,0,0.0,0,0.0831252336502075,0,1,2,0,GK,Wolverhampton Wanderers,0,0.0,1.548725701868534,1.4656004682183266,Premier League,2025-2026
9944,Gabriel Gudmundsson,32,2657,0,0.8777289493009448,0,3.1013932153582573,18,21,4,1,D M S,Leeds,0,0.8777289493009448,6.76558150164783,4.271107049658895,Premier League,2025-2026
9958,Yerson Mosquera,27,2154,0,2.9658489003777504,0,1.202757162041962,30,11,12,0,D S,Wolverhampton Wanderers,0,2.9658489003777504,5.853062177076936,3.759005693718791,Premier League,2025-2026
10004,Romeo Lavia,12,366,0,0.2767128031700849,0,0.4153143763542175,3,1,0,0,M S,Chelsea,0,0.2767128031700849,3.2999991066753864,3.252035230398178,Premier League,2025-2026
10024,Cristhian Mosquera,20,976,0,0.0858541056513786,0,0.2934531178325414,1,5,4,0,D S,Arsenal,0,0.0858541056513786,5.388046391308308,5.184731021523476,Premier League,2025-2026
10025,Lamare Bogarde,28,1011,0,0.0,0,0.0411524251103401,0,2,5,0,D M S,Aston Villa,0,0.0,1.9570542350411413,1.915901817381382,Premier League,2025-2026
10120,Conor Bradley,15,962,0,0.2198291672393679,1,1.1937107481062412,6,4,5,0,D S,Liverpool,0,0.2198291672393679,3.412436105310917,2.405481914058328,Premier League,2025-2026
10126,James McAtee,14,263,0,0.1997519331052899,1,0.8618234768509865,4,6,1,0,M S,Nottingham Forest,0,0.1997519331052899,1.4418879048898816,0.6404392430558801,Premier League,2025-2026
10169,Diego Coppola,5,192,0,0.0,0,0.0,0,0,2,0,D S,Brighton,0,0.0,0.4860989674925804,0.4860989674925804,Premier League,2025-2026
10205,Myles Peart-Harris,1,1,0,0.0,0,0.0,0,0,0,0,S,Brentford,0,0.0,0.0,0.0,Premier League,2025-2026
10291,Vitalii Mykolenko,33,2963,0,0.2774586006999016,1,1.1418284978717566,9,22,6,0,D,Everton,0,0.2774586006999016,8.09473404660821,7.0455850679427385,Premier League,2025-2026
10292,Nathan Patterson,7,241,0,0.1701965481042862,0,0.0,1,0,0,0,D S,Everton,0,0.1701965481042862,0.7384375408291817,0.5682409927248955,Premier League,2025-2026
10293,Toti,19,1437,0,0.9501397321000696,0,0.1585849039256572,5,6,2,1,D S,Wolverhampton Wanderers,0,0.9501397321000696,2.2873468389734626,2.10125913657248,Premier League,2025-2026
10405,Josh Dasilva,2,2,0,0.0726943090558052,0,0.0,1,0,0,0,S,Brentford,0,0.0726943090558052,0.2055410593748092,0.1328467428684234,Premier League,2025-2026
10527,Carlos Baleba,31,1692,0,0.5733493687584996,0,0.812482200562954,20,9,5,0,M S,Brighton,0,0.5733493687584996,5.856022956781089,4.607899966649711,Premier League,2025-2026
10542,Jamie Bynoe-Gittens,16,455,0,0.8924727980047464,2,0.978217288851738,10,9,0,0,M S,Chelsea,0,0.8924727980047464,2.936161085963249,1.3098940197378397,Premier League,2025-2026
10564,Leny Yoro,32,1736,0,1.247398313134909,0,0.2197452150285244,9,4,1,0,D S,Manchester United,0,1.247398313134909,4.670362060889602,4.498527536168695,Premier League,2025-2026
10586,Tyler Dibling,14,337,0,0.1377814710140228,0,0.2132043652236461,4,4,2,0,M S,Everton,0,0.1377814710140228,0.8644972424954176,0.634521609172225,Premier League,2025-2026
10696,Noussair Mazraoui,20,990,0,0.1968064438551664,0,0.2094872146844864,5,6,3,0,D S,Manchester United,0,0.1968064438551664,5.648671459406614,5.40038712322712,Premier League,2025-2026
10721,Sepp van den Berg,32,2758,0,3.3328840751200914,2,2.197148658335209,23,7,2,0,D S,Brentford,0,3.3328840751200914,8.73620273731649,6.425411341711879,Premier League,2025-2026
10747,James Hill,29,2100,0,0.9502518232911824,3,1.4291670992970469,12,13,5,0,D S,Bournemouth,0,0.9502518232911824,7.55955524276942,7.176162118092179,Premier League,2025-2026
10756,Joe Worrall,11,478,0,0.0381001383066177,0,0.0,1,0,0,0,D S,Burnley,0,0.0381001383066177,0.5445791333913803,0.5064789950847626,Premier League,2025-2026
10764,Djed Spence,30,2068,0,1.1351130530238152,0,1.8603137182071805,13,10,4,0,D M S,Tottenham,0,1.1351130530238152,5.716236036270857,3.084719266742468,Premier League,2025-2026
10802,Lisandro Martínez,18,1217,0,0.1134660253301262,0,0.4642033223062753,5,5,0,1,D S,Manchester United,0,0.1134660253301262,6.68968091532588,6.568602550774813,Premier League,2025-2026
10803,Tyrell Malacia,3,7,0,0.0,0,0.0,0,0,0,0,S,Manchester United,0,0.0,0.0733854603022337,0.0733854603022337,Premier League,2025-2026
10805,Levi Colwill,3,210,0,0.0,0,0.0,0,0,0,0,D S,Chelsea,0,0.0,1.2937061935663223,1.2937061935663223,Premier League,2025-2026
10822,Wilson Odobert,24,946,0,2.460178238339722,2,1.9524234533309937,21,20,0,0,F M S,Tottenham,0,2.460178238339722,5.9682222586125135,2.8834201879799366,Premier League,2025-2026
10847,Rico Lewis,11,389,0,0.1365800127387046,1,1.5545267909765244,3,7,2,0,D S,Manchester City,0,0.1365800127387046,2.9746604561805725,1.447780579328537,Premier League,2025-2026
10856,Emmanuel Agbadou,14,1093,0,0.44676383305341,0,0.1717668529599905,10,4,1,1,D S,Wolverhampton Wanderers,0,0.44676383305341,1.6553496047854424,1.543709209188819,Premier League,2025-2026
10864,Marcos Senesi,37,3298,0,1.850691837258637,5,4.026684596203268,16,24,8,0,D,Bournemouth,0,1.850691837258637,14.265297041274607,10.905751962214708,Premier League,2025-2026
11003,Ryan Yates,22,550,0,0.674801416695118,2,0.2274915445595979,9,5,3,0,M S,Nottingham Forest,0,0.674801416695118,3.2866642624139786,2.774006627500057,Premier League,2025-2026
11033,Kaden Rodney,1,1,0,0.0,0,0.0,0,0,0,0,S,Crystal Palace,0,0.0,0.0,0.0,Premier League,2025-2026
11132,Ethan Nwaneri,6,154,0,0.3292111651971936,0,0.0484081842005252,6,1,0,0,S,Arsenal,0,0.3292111651971936,1.166222719475627,0.9847383946180344,Premier League,2025-2026
11155,Wilfried Gnonto,23,493,0,0.4376505799591541,1,1.2471250221133232,10,8,3,0,F S,Leeds,0,0.4376505799591541,2.879379965364933,1.2366269938647747,Premier League,2025-2026
11167,Chadi Riad,9,562,0,0.2799455123022198,1,0.427691638469696,4,1,2,0,D S,Crystal Palace,0,0.2799455123022198,1.6205672025680542,1.5276411771774292,Premier League,2025-2026
11231,Ben Doak,8,82,0,0.4458508342504501,1,0.4571621716022491,3,1,0,0,S,Bournemouth,0,0.4458508342504501,1.9409847408533096,1.0379717126488686,Premier League,2025-2026
11243,Bashir Humphreys,20,1585,0,0.5261353980749846,0,0.8644249252974987,9,9,6,0,D S,Burnley,0,0.5261353980749846,3.3381601544097066,2.934175559319556,Premier League,2025-2026
11253,Mamadou Sarr,3,99,0,0.5694634318351746,0,0.0,1,0,0,0,D S,Chelsea,0,0.5694634318351746,0.2305086031556129,0.2305086031556129,Premier League,2025-2026
11297,Carlos Alcaraz,20,681,0,1.0087895719334483,1,1.21384940110147,20,9,4,0,M S,Everton,0,1.0087895719334483,2.683815789408982,1.3459198297932744,Premier League,2025-2026
11361,Daniel Bentley,3,270,0,0.0,0,0.0,0,0,0,0,GK,Wolverhampton Wanderers,0,0.0,0.2231011092662811,0.2231011092662811,Premier League,2025-2026
11362,Facundo Buonanotte,4,77,0,0.075097182765603,0,0.3006448894739151,2,3,1,0,M S,"Chelsea,Leeds",0,0.075097182765603,0.2949840631335974,0.2198868803679943,Premier League,2025-2026
11461,Romaine Mundle,14,370,0,0.673394400626421,0,0.0171345714479684,7,1,1,0,M S,Sunderland,0,0.673394400626421,1.284482665359974,0.6110882572829723,Premier League,2025-2026
11633,Marc Guiu,10,250,0,2.5071037635207176,1,0.7587333768606186,13,3,1,0,F S,"Chelsea,Sunderland",0,2.5071037635207176,3.278472982347012,0.1225794777274131,Premier League,2025-2026
11701,Zeki Amdouni,4,53,0,0.172810111194849,0,0.0,3,0,0,0,S,Burnley,0,0.172810111194849,0.2553773000836372,0.0825671935454011,Premier League,2025-2026
11704,Hjalmar Ekdal,19,1545,0,0.6082124067470431,0,0.1681445082649588,6,4,0,0,D S,Burnley,0,0.6082124067470431,2.7116604670882225,2.586940612643957,Premier League,2025-2026
11711,Bart Verbruggen,38,3420,0,0.0,0,0.076464258134365,0,1,3,0,GK,Brighton,0,0.0,7.377120533958077,7.377120533958077,Premier League,2025-2026
11763,Abduqodir Khusanov,21,1421,0,0.6727990191429853,0,0.5715384930372238,7,6,2,0,D S,Manchester City,0,0.6727990191429853,7.6340554766356945,7.126731883734465,Premier League,2025-2026
11766,Manuel Ugarte,22,850,0,0.8379190387204289,0,0.1287948712706565,13,3,1,0,M S,Manchester United,0,0.8379190387204289,3.852708961814642,3.154600067064166,Premier League,2025-2026
11807,Ian Maatsen,30,1587,0,1.2995175179094076,1,2.966688236221671,20,25,2,0,D S,Aston Villa,0,1.2995175179094076,5.083011580631137,3.724703008309007,Premier League,2025-2026
11824,Lucas Pires,20,1391,0,0.9026442989706992,0,1.5199418039992452,16,20,1,1,D S,Burnley,0,0.9026442989706992,3.833500165492296,2.3545368826016784,Premier League,2025-2026
11903,Oscar Bobb,23,1046,0,1.4291031155735254,1,2.017092976719141,12,22,1,0,F M S,"Fulham,Manchester City",0,1.4291031155735254,5.759685222059488,3.5445012114942074,Premier League,2025-2026
12032,Djordje Petrovic,38,3420,0,0.0,0,0.0,0,0,3,0,GK,Bournemouth,0,0.0,3.017996920272708,3.017996920272708,Premier League,2025-2026
12054,Altay Bayindir,6,540,0,0.0,0,0.2939172387123108,0,1,0,0,GK,Manchester United,0,0.0,1.0489089861512184,0.7549917474389076,Premier League,2025-2026
12094,Mike Trésor,6,25,0,0.0,0,0.0,0,0,0,0,S,Burnley,0,0.0,0.0272231623530387,0.0272231623530387,Premier League,2025-2026
12113,Jackson Tchatchoua,31,1822,0,0.1055051013827323,1,2.24295702483505,3,21,3,0,D S,Wolverhampton Wanderers,0,0.1055051013827323,6.032643620856106,4.169983727857471,Premier League,2025-2026
12199,Alex Murphy,2,2,0,0.0,0,0.0,0,0,0,0,S,Newcastle United,0,0.0,0.0347357764840126,0.0347357764840126,Premier League,2025-2026
12203,Treymaurice Nyoni,6,13,0,0.4788391590118408,0,0.0494166016578674,1,1,0,0,S,Liverpool,0,0.4788391590118408,0.9795083701610564,0.4512526243925094,Premier League,2025-2026
12234,Tawanda Chirewa,2,20,0,0.0,0,0.0,0,0,0,0,S,Wolverhampton Wanderers,0,0.0,0.0,0.0,Premier League,2025-2026
12272,Myles Lewis-Skelly,20,666,0,0.1256939582526683,0,0.1785307899117469,2,4,3,0,D M S,Arsenal,0,0.1256939582526683,2.1258894726634026,1.9670009650290008,Premier League,2025-2026
12358,Oliver Scarles,13,665,0,0.2387502118945121,0,0.97617865819484,3,5,2,0,D S,West Ham,0,0.2387502118945121,1.589765745215118,0.6791210677474737,Premier League,2025-2026
12359,Callum Marshall,2,44,0,0.2289344072341919,0,0.0,1,0,0,0,S,West Ham,0,0.2289344072341919,0.0,0.0,Premier League,2025-2026
12369,Lucas Perri,16,1440,0,0.0,0,0.0,0,0,2,0,GK,Leeds,0,0.0,2.474491350352764,2.474491350352764,Premier League,2025-2026
12474,George Earthy,1,7,0,0.0,0,0.0,0,0,0,0,S,West Ham,0,0.0,0.0,0.0,Premier League,2025-2026
12573,Tyrique George,15,328,0,0.8288742527365685,0,1.341641515493393,10,3,2,0,M S,"Chelsea,Everton",0,0.8288742527365685,1.6617202535271645,0.9885738510638477,Premier League,2025-2026
12595,Hákon Valdimarsson,1,90,0,0.0,0,0.0,0,0,0,0,GK,Brentford,0,0.0,0.2126694023609161,0.2126694023609161,Premier League,2025-2026
12726,Christantus Uche,14,109,0,0.7797833420336246,0,0.0,6,0,0,0,S,Crystal Palace,0,0.7797833420336246,0.7532306127250195,0.0335573256015777,Premier League,2025-2026
12757,Harrison Armstrong,13,520,0,0.4391051679849624,0,0.1213887110352516,5,4,0,0,M S,Everton,0,0.4391051679849624,1.601274512708187,1.3438003733754158,Premier League,2025-2026
12766,Jota Silva,1,7,0,0.0,0,0.0,0,0,0,0,S,Nottingham Forest,0,0.0,0.0,0.0,Premier League,2025-2026
12774,Andy Irving,7,178,0,0.0,0,0.2021182812750339,0,3,0,0,M S,West Ham,0,0.0,0.1736587174236774,0.1385073959827423,Premier League,2025-2026
12910,Mads Hermansen,18,1620,0,0.0,1,0.0371963791549205,0,2,0,0,GK,West Ham,0,0.0,2.0422262623906136,2.0050298795104027,Premier League,2025-2026
13026,Luis Guilherme,5,118,0,0.0393501259386539,0,0.0517973899841308,1,1,0,0,F S,West Ham,0,0.0393501259386539,0.0911475159227848,0.0,Premier League,2025-2026
13064,Lutsharel Geertruida,28,1659,0,0.8372280839830637,0,0.773734993301332,11,8,2,0,D M S,Sunderland,0,0.8372280839830637,4.534097606316209,3.289936365559697,Premier League,2025-2026
13080,Ayden Heaven,17,923,0,0.2150531085208058,1,0.365470789372921,3,2,2,0,D S,Manchester United,0,0.2150531085208058,4.165300289168954,3.7110456619411702,Premier League,2025-2026
13091,Jaydee Canvot,20,1334,0,1.5658284928649664,0,0.0823616674169898,7,3,3,0,D S,Crystal Palace,0,1.5658284928649664,3.845728666521609,3.81945420242846,Premier League,2025-2026
13094,Dário Essugo,3,24,0,0.0,0,0.0,0,0,2,0,S,Chelsea,0,0.0,0.4316332601010799,0.4316332601010799,Premier League,2025-2026
13150,Jack Fletcher,3,97,0,0.0373862497508525,0,0.1148756481707096,1,2,0,0,S,Manchester United,0,0.0373862497508525,0.2627697400748729,0.1478940844535827,Premier League,2025-2026
13156,Pedro Lima,9,254,0,0.4996851459145546,0,0.2166344672441482,4,3,0,0,D S,Wolverhampton Wanderers,0,0.4996851459145546,0.8329106271266937,0.2035349383950233,Premier League,2025-2026
13200,Fernando López,9,211,0,0.2181545086205005,1,0.5119961202144623,5,3,1,0,M S,Wolverhampton Wanderers,0,0.2181545086205005,0.8440351467579603,0.2290974706411361,Premier League,2025-2026
13224,Callum Olusesi,1,12,0,0.0,0,0.0,0,0,0,0,S,Tottenham,0,0.0,0.0,0.0,Premier League,2025-2026
13242,Ben Winterburn,1,3,0,0.0,0,0.0,0,0,0,0,S,Bournemouth,0,0.0,0.0,0.0,Premier League,2025-2026
13247,Ezra Mayers,6,96,0,0.1098941266536712,0,0.1163404732942581,1,2,0,0,S,West Ham,0,0.1098941266536712,0.391190942376852,0.1649563424289226,Premier League,2025-2026
13262,Jonah Kusi-Asare,7,28,0,0.0,0,0.081977978348732,0,1,1,0,S,Fulham,0,0.0,0.081977978348732,0.0,Premier League,2025-2026
13298,Max Alleyne,2,138,0,0.3813819289207458,0,0.0321632847189903,2,1,0,0,D,Manchester City,0,0.3813819289207458,0.3675581216812134,0.3675581216812134,Premier League,2025-2026
13306,Zach Abbott,3,166,0,0.0,0,0.0,0,0,0,0,D S,Nottingham Forest,0,0.0,0.0799943655729293,0.0799943655729293,Premier League,2025-2026
13310,Jamaldeen Jimoh,1,5,0,0.0,0,0.0,0,0,0,0,S,Aston Villa,0,0.0,0.3433566093444824,0.3433566093444824,Premier League,2025-2026
13348,Antonín Kinsky,7,630,0,0.0,0,0.0,0,0,0,0,GK,Tottenham,0,0.0,0.0540115609765052,0.0540115609765052,Premier League,2025-2026
13387,Romain Esse,4,29,0,0.0,0,0.0,0,0,0,0,S,Crystal Palace,0,0.0,0.0,0.0,Premier League,2025-2026
13392,Andrés García,6,82,0,0.0,0,0.0,0,0,0,0,D S,Aston Villa,0,0.0,0.4362176060676574,0.4362176060676574,Premier League,2025-2026
13399,Joe Knight,1,1,0,0.0,0,0.0,0,0,0,0,S,Brighton,0,0.0,0.0,0.0,Premier League,2025-2026
13467,Tyler Fredricson,1,1,0,0.0,0,0.0,0,0,0,0,S,Manchester United,0,0.0,0.0,0.0,Premier League,2025-2026
13474,Julio Soler,3,27,0,0.0,0,0.0,0,0,0,0,S,Bournemouth,0,0.0,0.0643863454461097,0.0643863454461097,Premier League,2025-2026
13476,Shumaira Mheuka,1,1,0,0.0,0,0.0,0,0,0,0,S,Chelsea,0,0.0,0.0,0.0,Premier League,2025-2026
13532,Sean Neave,1,7,0,0.0347357764840126,0,0.0,1,0,0,0,S,Newcastle United,0,0.0347357764840126,0.0347357764840126,0.0,Premier League,2025-2026
13584,Harry Howell,3,91,0,0.0,0,0.0,0,0,0,0,M S,Brighton,0,0.0,0.0,0.0,Premier League,2025-2026
13712,Robin Roefs,35,3150,0,0.0,0,0.7053439579904079,0,4,4,0,GK,Sunderland,0,0.0,3.144571002572775,2.4392270259559155,Premier League,2025-2026
13714,Jenson Seelt,2,135,0,0.0,0,0.0,0,0,0,0,D S,Sunderland,0,0.0,0.3046077191829681,0.3046077191829681,Premier League,2025-2026
13716,Noah Sadiki,33,2914,0,1.618839449249208,1,0.9295975510030984,19,19,9,0,M,Sunderland,0,1.618839449249208,8.34465430304408,6.268030912615359,Premier League,2025-2026
13720,Dan Neil,3,13,0,0.0,0,0.0,0,0,0,0,S,Sunderland,0,0.0,0.0,0.0,Premier League,2025-2026
13723,El Hadji Malick Diouf,32,2711,0,0.5592501647770405,5,3.253779597580433,18,29,6,0,D M S,West Ham,0,0.5592501647770405,6.939549614675343,5.089005833491683,Premier League,2025-2026
13724,Freddie Potts,22,1152,0,0.2126328870654106,1,1.2075103465467691,3,8,1,0,M S,West Ham,0,0.2126328870654106,3.1646942142397165,2.264735572040081,Premier League,2025-2026
13727,Quilindschy Hartman,21,1843,0,0.377465664409101,5,2.790129487402737,9,20,1,0,D,Burnley,0,0.377465664409101,5.23548704944551,4.075551783666015,Premier League,2025-2026
13731,Max Weiss,3,270,0,0.0,0,0.1608665138483047,0,1,0,0,GK,Burnley,0,0.0,0.3129879906773567,0.1521214768290519,Premier League,2025-2026
13740,David Møller Wolfe,22,1059,0,0.0825581811368465,2,1.304669253528118,3,8,1,0,D S,Wolverhampton Wanderers,0,0.0825581811368465,1.790265455842018,1.2973200660198927,Premier League,2025-2026
13776,Jorrel Hato,22,1131,0,0.3383092209696769,0,0.7095918618142605,4,8,7,0,D S,Chelsea,0,0.3383092209696769,6.174443513154984,5.819172963500023,Premier League,2025-2026
13777,Rio Cardines,1,90,0,0.0184464920312166,0,0.2980242371559143,1,2,0,0,D,Crystal Palace,0,0.0184464920312166,0.4059568345546722,0.1824121475219726,Premier League,2025-2026
13779,Jair,9,536,0,0.4848349690437317,0,0.0787873566150665,3,1,0,0,D S,Nottingham Forest,0,0.4848349690437317,1.1901298351585865,0.6265075467526913,Premier League,2025-2026
13780,Antoni Milambo,1,50,0,0.0,0,0.0,0,0,0,0,M,Brentford,0,0.0,0.0437612235546112,0.0437612235546112,Premier League,2025-2026
13835,Joël Piroe,16,216,0,1.0837035588920116,0,0.0858056545257568,14,1,0,0,F S,Leeds,0,1.0837035588920116,1.2039332054555416,0.2169358264654874,Premier League,2025-2026
13870,Bradley Burrowes,1,12,0,0.0,0,0.0,0,0,0,0,S,Aston Villa,0,0.0,0.0,0.0,Premier League,2025-2026
14017,John Victor,5,440,0,0.0,0,0.0,0,0,1,0,GK,Nottingham Forest,0,0.0,0.8475470691919327,0.8475470691919327,Premier League,2025-2026
14027,Veljko Milosavljevic,7,363,0,0.357437402009964,0,0.0670101419091224,1,1,0,0,D S,Bournemouth,0,0.357437402009964,0.4575175084173679,0.3905073590576648,Premier League,2025-2026
14029,Tom Watson,6,44,0,0.0247048325836658,0,0.0,1,0,1,0,S,Brighton,0,0.0247048325836658,0.0247048325836658,0.0,Premier League,2025-2026
14055,Divine Mukasa,2,21,0,0.0,0,0.211731594055891,0,2,0,0,S,Manchester City,0,0.0,0.7216724120080471,0.5099408626556396,Premier League,2025-2026
14056,Senne Lammens,32,2880,0,0.0,0,0.0,0,0,0,0,GK,Manchester United,0,0.0,5.00017312541604,5.00017312541604,Premier League,2025-2026
14099,Luke O&#039;Nien,12,556,0,0.2098914235830307,1,0.1062447875738143,4,2,1,1,D S,Sunderland,0,0.2098914235830307,2.222415253520012,1.9999188929796217,Premier League,2025-2026
14127,Nehemiah Oriola,1,1,0,0.0,0,0.0,0,0,0,0,S,Brighton,0,0.0,0.0,0.0,Premier League,2025-2026
14134,Jun&#039;ai Byfield,1,1,0,0.0,0,0.0,0,0,0,0,S,Tottenham,0,0.0,0.0,0.0,Premier League,2025-2026
14176,James Rowswell,1,1,0,0.0,0,0.0,0,0,0,0,S,Tottenham,0,0.0,0.0,0.0,Premier League,2025-2026
14193,George Hemmings,2,19,0,0.0193882789462804,0,0.0,1,0,0,0,S,Aston Villa,0,0.0193882789462804,0.3816603980958462,0.3622721172869205,Premier League,2025-2026
14198,Shea Lacey,3,31,0,0.0823024958372116,0,0.0,4,0,0,0,S,Manchester United,0,0.0823024958372116,0.1534859091043472,0.0711834114044904,Premier League,2025-2026
14217,Romelle Donovan,4,23,0,0.1047036871314048,0,0.0320337601006031,3,1,0,0,S,Brentford,0,0.1047036871314048,0.1047036871314048,0.0,Premier League,2025-2026
14219,Mohamadou Kanté,11,47,0,0.1030743010342121,0,0.1098941266536712,2,1,2,0,S,West Ham,0,0.1030743010342121,0.3367427987977862,0.1237743711099028,Premier League,2025-2026
14263,Joél Drakes-Thomas,2,2,0,0.0,0,0.0,0,0,0,0,S,Crystal Palace,0,0.0,0.3753929138183594,0.3753929138183594,Premier League,2025-2026
14266,Bendito Mantato,1,14,0,0.0,0,0.0364780984818935,0,1,0,0,S,Manchester United,0,0.0,0.1237963810563087,0.1237963810563087,Premier League,2025-2026
14272,Tyler Fletcher,2,14,0,0.0,0,0.0,0,0,0,0,S,Manchester United,0,0.0,0.0211312491446733,0.0211312491446733,Premier League,2025-2026
14281,Jaydon Banel,1,7,0,0.0,0,0.0,0,0,0,0,S,Burnley,0,0.0,0.0,0.0,Premier League,2025-2026
14290,Pablo,14,844,0,1.4234614558517933,1,1.2927714316174388,12,13,0,0,F M S,West Ham,0,1.4234614558517933,3.4716053334996104,0.811785725876689,Premier League,2025-2026
14356,Kaye Furo,1,1,0,0.0,0,0.0,0,0,0,0,S,Brentford,0,0.0,0.0,0.0,Premier League,2025-2026
14374,Alex Tóth,9,136,0,0.1811701506376266,0,0.3572214804589748,2,5,1,0,M S,Bournemouth,0,0.1811701506376266,1.2994535937905312,0.8679290320724249,Premier League,2025-2026
14394,Jerome Abbey,1,6,0,0.0,0,0.0,0,0,0,0,S,Wolverhampton Wanderers,0,0.0,0.0,0.0,Premier League,2025-2026
14410,Souza,4,136,0,0.0115449018776416,0,0.2023620158433914,1,3,1,0,D M S,Tottenham,0,0.0115449018776416,0.5580052882432938,0.3744830936193466,Premier League,2025-2026
14424,Nilson Angulo,8,415,0,0.9055802077054976,0,0.0528695490211248,7,3,1,0,M S,Sunderland,0,0.9055802077054976,0.894445426762104,0.1624106504023075,Premier League,2025-2026
14425,Melker Ellborg,3,270,0,0.0,0,0.0,0,0,0,0,GK,Sunderland,0,0.0,0.1012968495488166,0.1012968495488166,Premier League,2025-2026
14446,Alysson Edward,3,34,0,0.052795436233282,0,0.0,1,0,0,0,S,Aston Villa,0,0.052795436233282,0.1039408203214407,0.0511453840881586,Premier League,2025-2026
14460,Djiamgone Jocelin Ta Bi,1,38,0,0.0,0,0.0,0,0,0,0,M,Sunderland,0,0.0,0.0,0.0,Premier League,2025-2026
14584,Jesse Derry,1,53,0,0.1001430451869964,0,0.0,2,0,0,0,M,Chelsea,0,0.1001430451869964,0.1972270905971527,0.0970840454101562,Premier League,2025-2026
3423,Kylian Mbappe-Lottin,31,2623,25,25.796528611332175,5,7.240631651133299,146,65,4,0,F S,Real Madrid,17,19.107029650360342,27.866944551467896,7.233587654307485,La Liga,2025-2026
9002,Vedat Muriqi,37,3150,23,21.630785251036286,1,2.485310326330364,114,24,4,1,F S,Mallorca,18,16.427841836586595,18.902257680892944,4.6435397625900805,La Liga,2025-2026
1235,Ante Budimir,37,2995,17,19.19176504760981,0,1.7123363316059113,103,16,3,0,F S,Osasuna,11,13.24554404988885,12.536680994555354,1.237377729266882,La Liga,2025-2026
6441,Ferrán Torres,33,2025,16,16.183371974155307,2,3.157755734398961,69,23,1,0,F M S,Barcelona,16,16.183371974155307,23.031330455094576,5.379237103275955,La Liga,2025-2026
7008,Vinícius Júnior,36,2865,16,14.403762575238945,5,7.155190063640475,100,69,7,0,F M S,Real Madrid,12,10.687374416738749,23.04617050290108,8.551076833158731,La Liga,2025-2026
11527,Lamine Yamal,28,2291,16,14.664689928293228,11,12.566995456814766,117,73,1,0,F M S,Barcelona,13,11.691579438745975,33.655128441751,15.989167042076588,La Liga,2025-2026
2234,Mikel Oyarzabal,34,2727,15,16.028234442695975,4,5.957455115392804,79,42,3,0,F S,Real Sociedad,8,10.825419073924422,20.298587683588263,6.757064882665873,La Liga,2025-2026
227,Robert Lewandowski,31,1630,14,16.066804450005293,2,2.279528703540564,63,13,2,0,F S,Barcelona,13,13.836971666663883,19.4469972550869,6.116905840113759,La Liga,2025-2026
2543,Borja Iglesias,35,1903,14,11.60863982141018,2,1.6599800884723663,46,17,7,0,F S,Celta Vigo,10,8.635529387742281,13.605882365256548,4.463654295541346,La Liga,2025-2026
6400,Antonio Martínez,37,2750,14,12.836471602320673,3,3.8200031016021967,93,24,2,0,F S,Alaves,13,12.09319394826889,15.361863365396855,3.4809861443936825,La Liga,2025-2026
6531,Alexander Sørloth,35,1955,13,13.927608631551266,0,1.2237359210848808,68,10,4,1,F S,Atletico Madrid,13,13.927608631551266,15.904344144277276,2.849465993233025,La Liga,2025-2026
8026,Raphinha,22,1424,13,11.12714341841638,3,5.906838221475482,65,40,5,0,F M S,Barcelona,10,8.897310553118587,18.973049715161324,7.869677424430847,La Liga,2025-2026
8187,Georges Mikautadze,33,2155,13,15.062094315886496,6,4.149701787158847,66,29,1,0,F S,Villarreal,13,15.062094315886496,19.971632717177272,2.1160078616812825,La Liga,2025-2026
1189,Lucas Boyé,29,1960,11,11.103807976469398,1,2.709607819095254,63,28,2,1,F M S,Alaves,8,8.873975029215217,12.193470728583634,3.775087649933994,La Liga,2025-2026
6954,Juan Camilo Hernández,32,2623,11,12.400350131094456,3,4.870423881337047,89,34,5,0,F S,Real Betis,10,11.65707252174616,19.107489496469498,5.405497080646455,La Liga,2025-2026
13769,Carlos Espí,25,1328,11,9.884630508720877,0,0.6899255998432636,57,9,3,0,F S,Levante,11,9.884630508720877,9.323621347546576,0.3610123936086893,La Liga,2025-2026
2120,Gerard Moreno,22,1368,10,7.015236139297485,0,3.00478845089674,39,23,0,0,F S,Villarreal,7,4.78540326654911,9.858238596469164,4.95141988992691,La Liga,2025-2026
6170,André Silva,31,1858,10,10.836609966121614,0,1.556909404695034,57,22,3,0,F S,Elche,7,8.606777063570917,9.467075154185297,2.252919040620327,La Liga,2025-2026
6637,Hugo Duro,36,1979,10,10.062427267432213,0,1.7364629544317722,36,17,4,1,F S,Valencia,9,8.575872018933296,11.142762534320354,2.7996803987771277,La Liga,2025-2026
7020,Gorka Guruzeta,35,2401,10,11.726107958704231,3,3.501504704356193,84,26,4,1,F M S,Athletic Club,9,10.982830349355936,16.107928594574332,4.2075874749571085,La Liga,2025-2026
8107,Jorge De Frutos,36,2526,10,12.133321626111863,1,3.344836812466383,63,31,3,0,F M S,Rayo Vallecano,9,11.390043957158923,16.192682379856706,2.233673200942576,La Liga,2025-2026
10095,Abdessamad Ezzalzouli,29,2275,10,10.301263853907583,8,6.2180118300020695,73,32,3,0,F M S,Real Betis,10,10.301263853907583,18.697799935936928,4.9303385354578495,La Liga,2025-2026
11783,Akor Adams,32,2048,10,10.047341846860943,3,1.1498911064118147,61,13,3,0,F S,Sevilla,7,7.8175089890137315,9.731918376870452,1.3182228859513998,La Liga,2025-2026
12160,Alberto Moleiro,38,2535,10,5.6144147682935,5,5.77781119197607,46,38,5,0,F M S,Villarreal,10,5.6144147682935,15.232634784653785,5.500843932852149,La Liga,2025-2026
2335,Pablo Fornals,37,2912,9,4.941328717395663,6,7.8924933429807425,43,84,2,0,F M S,Real Betis,9,4.941328717395663,23.12612571939826,12.777029509656131,La Liga,2025-2026
5656,Nicolas Pepe,37,2497,9,9.80356877669692,8,8.080096108838916,65,55,4,0,F M S,Villarreal,7,8.317013502120972,21.613017408177257,7.798260133713484,La Liga,2025-2026
8549,Ferrán Jutglà,30,1702,9,6.59795877058059,3,1.5541915334761145,45,15,4,0,F M S,Celta Vigo,9,6.59795877058059,8.991645194590092,2.8614895455539227,La Liga,2025-2026
13048,Orri Óskarsson,20,822,9,7.336163688451052,0,0.4746837932616472,27,4,5,0,F S,Real Sociedad,9,7.336163688451052,7.516883730888367,0.4190300051122904,La Liga,2025-2026
13705,Federico Viñas,34,2575,9,9.87893870100379,1,3.027751691639424,60,29,5,3,F M S,Real Oviedo,7,8.392383448779583,8.796410974115133,2.640840981155634,La Liga,2025-2026
14041,Vladyslav Vanat,27,2003,9,9.496832385659218,1,2.104125237092376,27,12,4,0,F,Girona,6,7.2669995576143265,8.851113688200712,1.6265962794423103,La Liga,2025-2026
556,Marcus Rashford,32,1739,8,8.697766778059304,7,4.963629940524697,76,46,3,0,F M S,Barcelona,8,8.697766778059304,17.325936785899103,7.726865269243717,La Liga,2025-2026
2589,Rafa Mir,27,1834,8,8.264916526153684,0,1.7095182929188013,69,9,4,0,F M S,Elche,7,6.778489189222455,11.559987911954522,4.549745937809348,La Liga,2025-2026
5074,Kike García,37,1694,8,10.003981161862612,1,2.6575004514306784,60,19,3,0,F S,Espanyol,7,8.517553839832544,12.71857414022088,2.124022038653493,La Liga,2025-2026
5682,Gonçalo Guedes,32,1833,8,4.142274813726544,4,2.665413634851575,46,24,3,0,F M S,Real Sociedad,8,4.142274813726544,12.011291518807411,7.679975047707558,La Liga,2025-2026
10846,Julián Álvarez,29,1926,8,8.894600672647357,4,6.265264900401235,54,47,2,0,F S,Atletico Madrid,6,6.664767829701304,17.452052727341652,7.806348083540797,La Liga,2025-2026
11094,Antony,32,2495,8,9.02497192658484,6,6.643909856677055,90,56,6,1,F M S,Real Betis,8,9.02497192658484,22.010275080800056,10.2550476831384,La Liga,2025-2026
2270,Antoine Griezmann,34,1428,7,8.293904645368457,4,4.9885023310780525,47,32,0,0,F S,Atletico Madrid,7,8.293904645368457,17.252844139933586,7.144089825451374,La Liga,2025-2026
4175,Pere Milla,33,2005,7,7.654542326927185,1,4.100008985027671,59,34,6,1,F M S,Espanyol,7,7.654542326927185,11.191884029656649,3.3394176652655005,La Liga,2025-2026
8042,Raul García,36,926,7,6.938203576952219,1,1.1225733663886786,39,12,2,1,F S,Osasuna,7,6.938203576952219,7.228577986359596,1.1627431195229292,La Liga,2025-2026
8292,Dani Olmo,33,2109,7,8.75443153269589,8,6.657491793856025,70,50,1,0,F M S,Barcelona,7,8.75443153269589,22.55907628685236,10.709148935973644,La Liga,2025-2026
9275,Iván Romero,32,2339,7,9.59401980228722,1,2.88573707267642,59,25,5,0,F M S,Levante,7,8.850742192938924,14.721420374698935,4.722817124798894,La Liga,2025-2026
10930,Etta Eyong,33,1657,7,11.02054724190384,4,2.822161927819252,50,15,3,0,F S,"Levante,Villarreal",7,10.277269617654383,12.05828979704529,2.071900935843587,La Liga,2025-2026
10974,Samú Costa,34,2731,7,4.27746016997844,2,1.979983518831432,39,17,11,0,M S,Mallorca,7,4.27746016997844,9.480698188766835,5.15883654076606,La Liga,2025-2026
11186,Alvaro Rodríguez,34,2199,7,12.178225251846015,5,3.8613251298666,74,32,2,0,F S,Elche,7,12.178225251846015,15.05247726943344,2.806102915666997,La Liga,2025-2026
12322,Tajon Buchanan,35,1873,7,2.74269391130656,1,2.5965847074985504,27,15,8,0,F M S,Villarreal,7,2.74269391130656,7.827929214574397,2.7268755370751023,La Liga,2025-2026
13350,Roberto Fernández,38,2388,7,9.296747288666666,3,3.156827750615776,59,18,3,0,F S,Espanyol,6,8.553469679318368,12.14238354191184,2.0526475217193365,La Liga,2025-2026
13701,Ilyas Chaira,37,2584,7,7.220865061506629,2,2.07834442704916,84,22,2,1,F M S,Real Oviedo,7,7.220865061506629,11.205173783004284,3.461104169487953,La Liga,2025-2026
3264,Mauro Arambarri,37,3279,6,8.078672235831618,2,0.9766136407852172,57,22,6,0,M,Getafe,4,5.848839415237308,5.961405856534839,2.0200484236702323,La Liga,2025-2026
6227,Brais Méndez,29,1708,6,6.033863070420921,2,3.3276691418141127,36,26,4,1,F M S,Real Sociedad,5,4.547307777218521,12.2444488145411,5.582106248475611,La Liga,2025-2026
8765,Roberto Navarro,32,1246,6,3.3031710321083665,1,2.0628209859132767,21,24,1,0,M S,Athletic Club,6,3.3031710321083665,8.301526971161366,4.595135105773807,La Liga,2025-2026
8824,Jude Bellingham,28,1933,6,7.732056498527527,4,3.037935324013233,51,36,3,0,M S,Real Madrid,6,7.732056498527527,13.966085232794285,8.35675865970552,La Liga,2025-2026
9001,Martín Satriano,18,1609,6,4.711501374840736,1,2.4850312769412994,35,15,5,0,F M,Getafe,6,4.711501374840736,8.570994183421135,1.9049698896706104,La Liga,2025-2026
9211,Nico Williams,25,1715,6,5.862554809078574,3,4.138543902896345,46,34,2,0,M S,Athletic Club,5,4.375999530777335,10.798387989401816,3.284014131873846,La Liga,2025-2026
10975,Largie Ramazani,27,1200,6,6.468218728899956,1,2.4562970297411084,51,17,4,0,F M S,Valencia,3,4.23838584497571,9.884040178731084,3.9631658289581537,La Liga,2025-2026
11322,Viktor Tsygankov,32,2672,6,7.313595972955227,5,4.26087084133178,50,55,3,0,F M S,Girona,6,7.313595972955227,15.098643213510512,5.471966687589884,La Liga,2025-2026
11402,Carlos Romero,36,3207,6,2.956237475387752,3,3.295898557640612,42,28,4,0,D,Espanyol,6,2.956237475387752,11.255615886300802,7.793717348948121,La Liga,2025-2026
11822,Fermín López,30,1780,6,7.523078422993421,9,7.6479049026966095,68,34,3,0,F M S,Barcelona,6,7.523078422993421,24.60513487458229,12.423649363219738,La Liga,2025-2026
12035,Gonzalo García,30,923,6,5.269253443926573,1,1.6349990256130695,21,13,2,0,F S,Real Madrid,6,5.269253443926573,8.073908843100071,1.9430877678096292,La Liga,2025-2026
13279,Víctor Muñoz,34,2705,6,7.114694999530912,2,2.412180700339377,81,27,3,0,F M S,Osasuna,6,7.114694999530912,11.554271526634691,3.834848198108375,La Liga,2025-2026
770,Ayoze Pérez,26,1154,5,5.862349048256874,4,2.57591051235795,25,17,4,0,F S,Villarreal,4,5.119071401655674,8.997008547186852,1.811542371287942,La Liga,2025-2026
1709,Cristhian Stuani,21,359,5,5.82486117631197,0,0.1323026791214943,19,2,4,0,F S,Girona,2,2.851750649511814,3.2117518186569214,0.5094254016876221,La Liga,2025-2026
2290,Iago Aspas,32,1082,5,4.438365060836077,3,4.45842863060534,28,30,3,0,F M S,Celta Vigo,3,2.9518098421394825,11.226651870645584,6.235691965557635,La Liga,2025-2026
2624,Djibril Sow,33,2235,5,1.5513262078166008,4,2.01867562904954,19,25,6,0,M S,Sevilla,5,1.5513262078166008,6.6189771089702845,4.309138225391507,La Liga,2025-2026
6241,Federico Valverde,33,2765,5,2.2435944536700845,8,5.012471796944737,51,43,3,1,D F M S,Real Madrid,5,2.2435944536700845,19.056539345532656,15.301276870071888,La Liga,2025-2026
7074,Nicolás González,24,1480,5,5.666498072445393,0,1.7241394147276878,43,12,4,1,D F M S,Atletico Madrid,5,5.666498072445393,10.485972724854946,5.266246838495135,La Liga,2025-2026
7528,Sergio Camello,22,810,5,3.886531239375472,1,1.591644560918212,27,17,2,1,F M S,Rayo Vallecano,5,3.886531239375472,5.900235395878553,0.5705750286579132,La Liga,2025-2026
8328,Azz-Eddine Ounahi,24,1777,5,3.850151646882296,2,5.440476134419441,51,35,6,0,F M S,Girona,4,3.106873992830515,13.077412985265257,8.065416779369116,La Liga,2025-2026
8696,Pape Alassane Gueye,31,2280,5,5.21023759432137,2,2.2214559176936746,48,25,8,0,M S,Villarreal,4,4.466959962621331,15.24400033056736,10.280141228809953,La Liga,2025-2026
10870,Williot Swedberg,29,1237,5,5.188336543738842,5,1.9846364725381136,23,10,2,0,F M S,Celta Vigo,5,5.188336543738842,8.525909911841154,3.268151741474867,La Liga,2025-2026
12294,Carlos Vicente,21,1250,5,3.714753158390522,0,3.857187973335385,12,26,1,0,F M S,Alaves,2,1.4849203303456306,5.572600442916155,1.6297904159873724,La Liga,2025-2026
498,Alexis Sánchez,28,1278,4,3.5005651153624058,2,1.831439543515444,25,27,3,0,F M S,Sevilla,3,2.757287496700883,6.62530991435051,2.9326467169448733,La Liga,2025-2026
1450,Umar Sadiq,25,1028,4,5.453680071979761,2,1.716763524338603,30,10,4,0,F S,"Real Sociedad,Valencia",4,5.453680071979761,8.170098496600986,1.6392004117369652,La Liga,2025-2026
2252,Borja Mayoral,16,1072,4,3.4905536491423845,1,0.560979638248682,15,5,0,0,F S,Getafe,4,2.747275995090604,2.6726806866936386,0.4403858962468803,La Liga,2025-2026
2478,Carlos Soler,33,2346,4,3.2679054085165262,3,5.041204136796296,35,46,3,1,F M S,Real Sociedad,4,3.2679054085165262,12.060087494552135,8.075280973687768,La Liga,2025-2026
5556,Ademola Lookman,12,638,4,4.462655797600746,0,1.687983624637127,21,10,1,0,F M S,Atletico Madrid,3,3.719378188252449,6.548684094101191,2.55514994263649,La Liga,2025-2026
6427,Aitor Ruibal,27,1809,4,4.419992010109127,2,1.795642390847206,31,19,4,1,D F M S,Real Betis,4,4.419992010109127,10.049647815525532,4.529752524569631,La Liga,2025-2026
7071,Álvaro García,32,2123,4,6.8708263747394085,5,7.334621558897197,47,40,3,0,F M S,Rayo Vallecano,4,6.8708263747394085,14.599677024409177,2.0335369165986776,La Liga,2025-2026
7779,Oihan Sancet,28,1832,4,7.056168496608734,0,1.445348110049963,48,27,4,1,M S,Athletic Club,2,5.569741144776344,7.564459195360541,2.206977505236864,La Liga,2025-2026
8230,German Valera,36,2888,4,2.898498496040702,5,7.393028756603599,28,45,4,1,D F M S,Elche,4,2.898498496040702,14.3036432787776,7.749514225870371,La Liga,2025-2026
8267,Guido Rodríguez,16,1310,4,0.80956956371665,0,0.3541121035814285,15,7,4,0,M S,Valencia,4,0.80956956371665,4.893359726294875,4.198376424610615,La Liga,2025-2026
9694,Diego López,34,1781,4,3.476579644717276,1,2.03228465653956,28,16,2,0,F M S,Valencia,4,3.476579644717276,8.334774944931269,3.1896458361297846,La Liga,2025-2026
9796,Giuliano Simeone,31,2153,4,6.101236687973142,6,5.526886135339737,36,29,2,0,D F M S,Atletico Madrid,4,6.101236687973142,18.556789096444845,9.045107055455446,La Liga,2025-2026
10078,Hugo Álvarez,28,1359,4,2.272590968757868,2,2.45073258318007,14,25,2,0,D F M S,Celta Vigo,4,2.272590968757868,8.504904292523861,5.041602535173297,La Liga,2025-2026
10322,Javier Guerra,36,2086,4,3.004997119307518,6,3.467247355729341,31,31,3,0,F M S,Valencia,4,3.004997119307518,11.069295661523938,6.21899560559541,La Liga,2025-2026
11025,Pablo Torre,35,1614,4,2.8149523828178644,4,2.9544795835390687,25,34,4,0,M S,Mallorca,4,2.8149523828178644,8.271478340029716,4.640594145283103,La Liga,2025-2026
12190,Arda Güler,33,2076,4,4.8113659825176,9,8.848396001383662,49,70,1,0,F M S,Real Madrid,4,4.8113659825176,16.119426768273115,8.680156823247671,La Liga,2025-2026
12305,Isaac Romero,29,1506,4,5.542458679527044,0,1.0822319444268942,41,14,6,1,F M S,Sevilla,4,4.799181040376425,7.964388970285654,2.7966378815472126,La Liga,2025-2026
13700,Alberto Reina,38,2616,4,3.899130245670676,1,4.210082144476473,25,35,4,1,F M S,Real Oviedo,4,3.899130245670676,8.353435187600553,3.1385123571380973,La Liga,2025-2026
14059,Alemão,26,1118,4,4.114549320191145,0,0.3112838324159384,25,7,3,0,F S,Rayo Vallecano,4,4.114549320191145,6.356759304180741,2.0705359429121017,La Liga,2025-2026
2306,Cédric Bakambu,18,542,3,4.446228556334972,1,1.0754088601097465,21,4,1,0,F S,Real Betis,3,4.446228556334972,5.470247928053141,1.102149996906519,La Liga,2025-2026
2399,Iñaki Williams,30,2188,3,8.660440864041448,6,4.209227036684752,57,25,2,0,F M S,Athletic Club,2,7.9171632546931505,12.954110903665423,3.731445241719484,La Liga,2025-2026
3425,Thomas Lemar,27,1252,3,1.774252887815237,1,1.3809418808668852,17,19,4,0,M S,Girona,3,1.774252887815237,6.247596652712673,3.81582584278658,La Liga,2025-2026
6168,Leandro Cabrera,37,3330,3,3.651096777059138,0,1.0857037864625454,40,11,4,0,D,Espanyol,3,3.651096777059138,7.0683932332322,6.544433953240514,La Liga,2025-2026
6592,Manuel Morlanes,32,1801,3,1.6544483443722129,0,1.4072198066860435,13,17,3,1,M S,Mallorca,3,1.6544483443722129,8.313975814729929,5.546532068401575,La Liga,2025-2026
7070,Santiago Comesaña,34,2428,3,4.922558205202222,6,3.088725697249174,27,27,5,1,M S,Villarreal,3,4.922558205202222,17.868470140732825,11.845108757726848,La Liga,2025-2026
7308,Ander Barrenetxea,30,1794,3,3.134013439528644,5,6.596155438572168,35,45,5,0,F M S,Real Sociedad,3,3.134013439528644,13.03077031299472,6.245771812275052,La Liga,2025-2026
7604,Alejandro Catena,35,3083,3,2.8552996991202235,2,1.1020762361586094,19,11,11,1,D,Osasuna,3,2.8552996991202235,5.703319581225514,4.280373828485608,La Liga,2025-2026
7810,Ruben Vargas,24,1670,3,3.4263215493410826,6,3.1103639528155327,41,28,2,0,F M S,Sevilla,2,2.683043917641044,6.954289648681879,2.946367779746652,La Liga,2025-2026
7825,Iker Losada,23,882,3,2.140321670100093,1,0.5301704537123442,14,11,1,0,M S,Levante,3,2.140321670100093,2.3661416564136744,0.4045812226831913,La Liga,2025-2026
7870,Luis Rioja,37,2676,3,2.6316598393023014,6,4.349898550659418,44,38,1,0,D F M S,Valencia,3,2.6316598393023014,11.246069345623257,5.814940087497234,La Liga,2025-2026
8066,Arnaut Danjuma Groeneveld,30,1612,3,5.226826310157776,2,4.247381461784244,36,17,0,0,F M S,Valencia,3,4.483548700809479,9.88978798687458,2.371374111622572,La Liga,2025-2026
8091,Ronald Araújo,24,1049,3,2.3027837397530675,0,0.5996876899152994,12,3,2,0,D S,Barcelona,3,2.3027837397530675,6.535599049180746,5.450850985944271,La Liga,2025-2026
9812,Isi Palazón,31,2294,3,4.703491798602045,3,4.25213922560215,52,39,10,1,F M S,Rayo Vallecano,1,3.2169365379959345,11.040195340290666,6.673252057284117,La Liga,2025-2026
9813,Randy Nteka,13,342,3,3.415595294907689,0,0.1294365096837282,13,4,3,0,F S,Rayo Vallecano,3,2.6723177153617144,3.300931954756379,0.6292829792946577,La Liga,2025-2026
10319,Adrián De la Fuente,33,2704,3,4.289415382780135,1,1.4081206684932113,39,18,5,0,D S,Levante,2,2.0595825174823403,6.009899263270199,5.362125953659415,La Liga,2025-2026
10952,Joel Roca,32,1463,3,4.518066472373903,1,1.951041013002396,48,16,4,1,F M S,Girona,3,4.518066472373903,8.29686073306948,1.9931063894182444,La Liga,2025-2026
11264,Carlos Álvarez,30,1910,3,2.646204930730164,1,4.597994323819876,31,40,3,0,M S,Levante,3,2.646204930730164,10.988976924680172,6.164044106379151,La Liga,2025-2026
12862,Luka Sucic,22,1003,3,1.760162802413106,1,0.3618826083838939,23,9,1,0,F M S,Real Sociedad,3,1.760162802413106,3.46739802043885,1.5475199660286307,La Liga,2025-2026
13358,Thiago Almada,27,1327,3,3.557283066213131,1,2.7944966796785597,21,28,2,1,F M S,Atletico Madrid,3,3.557283066213131,10.92075067013502,6.215710032731295,La Liga,2025-2026
13789,Adrián Liso,28,1725,3,2.757198302075267,0,0.1507773920893669,26,4,3,1,F M S,Getafe,3,2.757198302075267,3.0900558568537235,0.3200403545051813,La Liga,2025-2026
14050,Kervin Arriaga,27,1511,3,1.0908419089391828,3,1.162239396944642,16,7,6,1,M S,Levante,3,1.0908419089391828,5.125545285642147,3.795021541416645,La Liga,2025-2026
14388,Luis Vázquez,17,1232,3,2.6704405779019,1,0.1650496739894151,25,4,2,0,F S,Getafe,3,2.6704405779019,4.0771912625059485,1.7306871116161346,La Liga,2025-2026
492,Héctor Bellerín,27,1822,2,0.5421263910830021,3,3.8523782826960087,7,24,2,0,D S,Real Betis,2,0.5421263910830021,8.855655074119568,6.866296399384737,La Liga,2025-2026
813,Salomón Rondón,16,1054,2,3.783308571204543,0,0.1934819892048835,24,5,2,0,F S,Real Oviedo,2,3.0400309544056654,3.1170474737882614,0.3357116375118494,La Liga,2025-2026
2183,Rubén García,35,2297,2,2.5968636460602283,5,5.863754561170936,31,45,6,0,F M S,Osasuna,2,2.5968636460602283,7.120284520089626,3.818244206719101,La Liga,2025-2026
2269,Koke,34,2237,2,0.96241644769907,2,3.4411915335804224,14,35,6,0,M S,Atletico Madrid,2,0.96241644769907,15.892835207283497,14.468499155715108,La Liga,2025-2026
2379,João Cancelo,16,938,2,0.9704140685498714,2,3.250015649944544,13,15,1,0,D S,Barcelona,2,0.9704140685498714,7.625581830739975,5.459999196231365,La Liga,2025-2026
2456,Omar Mascarell,30,2251,2,0.3696496002376079,2,0.6136066876351833,7,8,5,0,D M S,Mallorca,2,0.3696496002376079,6.234465690329671,5.480494217947125,La Liga,2025-2026
2551,Pepelu,31,2253,2,3.292334547266364,0,1.2570957019925115,24,21,4,0,D M S,Valencia,1,1.0625016819685698,7.367125847376883,6.865758649073541,La Liga,2025-2026
3621,Neal Maupay,12,884,2,2.1214609295129776,1,0.566957282833755,17,13,2,0,F S,Sevilla,2,2.1214609295129776,3.811862051486969,1.2760496363043785,La Liga,2025-2026
5073,Florian Lejeune,36,3233,2,2.6121565653011203,1,1.1719966726377606,50,16,7,0,D,Rayo Vallecano,2,2.6121565653011203,10.796885312534869,9.678738729096947,La Liga,2025-2026
5091,Alex Berenguer,31,2191,2,5.271908729337156,3,5.47127471677959,44,49,4,0,F M S,Athletic Club,2,5.271908729337156,11.005357883870602,4.127182766795158,La Liga,2025-2026
5140,Kike Barja,27,369,2,1.248927740380168,2,0.6617407351732254,8,10,4,0,M S,Osasuna,2,1.248927740380168,3.1038959324359894,1.19322744384408,La Liga,2025-2026
5681,Giovani Lo Celso,24,1396,2,2.9037401657551527,3,2.8784077670425177,30,32,4,0,F M S,Real Betis,2,2.9037401657551527,10.672939863055944,6.766227323561907,La Liga,2025-2026
6933,Javi Puado,10,687,2,4.838970278389752,0,0.9579164311289788,15,10,2,0,F M S,Espanyol,1,3.3524150969460607,3.2629179880023003,1.2333675622940063,La Liga,2025-2026
7829,Eder Militão,16,1147,2,1.8924340261146424,1,1.1158691756427288,21,8,2,0,D S,Real Madrid,2,1.8924340261146424,6.2966620568186045,5.192408312112093,La Liga,2025-2026
7842,Aleix Febas,36,3178,2,2.1838237196207047,2,2.102244376204908,23,27,10,0,M,Elche,2,2.1838237196207047,16.84352259710431,14.49692191183567,La Liga,2025-2026
7888,Nemanja Gudelj,34,2349,2,1.475432573352009,0,0.832065112888813,31,8,9,0,D M S,Sevilla,2,1.475432573352009,5.2675101440399885,4.190701778978109,La Liga,2025-2026
7916,Pol Lozano,33,2211,2,0.7202332802116871,1,1.3134498577564957,17,22,10,1,M S,Espanyol,2,0.7202332802116871,7.324701470322907,6.574305829592049,La Liga,2025-2026
8001,Takefusa Kubo,24,1531,2,2.659126302227378,4,4.556258842349052,28,32,2,0,F M S,Real Sociedad,2,2.659126302227378,7.780967563390732,3.3929872550070286,La Liga,2025-2026
8122,Sergio Carreira,34,2695,2,1.9027378391474483,1,1.643869117833674,16,19,2,0,D S,Celta Vigo,2,1.9027378391474483,13.548812368884684,11.5469787735492,La Liga,2025-2026
8417,Álex Baena,27,1615,2,1.78207378834486,3,6.565278625115752,29,46,5,0,F M S,Atletico Madrid,2,1.78207378834486,11.438657112419603,6.362705545499921,La Liga,2025-2026
8500,Víctor García,21,1065,2,1.9078138787299397,1,1.7659303694963455,19,14,1,0,F M S,Levante,2,1.9078138787299397,3.2827370427548885,0.8745370730757713,La Liga,2025-2026
8733,Alfonso Espino,30,1472,2,2.0612591905519366,0,3.0738462451845407,20,19,3,0,D M S,Rayo Vallecano,2,2.0612591905519366,7.71520034596324,4.115802895277739,La Liga,2025-2026
8935,Pedri,29,2117,2,2.386106515303254,9,5.947577686980367,21,63,0,1,M S,Barcelona,2,2.386106515303254,25.240147041156888,19.385015258565545,La Liga,2025-2026
8948,Aitor Paredes,19,1625,2,1.4780013747513294,0,0.7596744522452354,13,4,4,0,D S,Athletic Club,2,1.4780013747513294,4.101825453341007,3.928419820964336,La Liga,2025-2026
8963,Nahuel Molina,26,1292,2,0.4005685858428478,2,3.0108713675290346,14,20,4,0,D M S,Atletico Madrid,2,0.4005685858428478,8.971317809075117,6.135595750063658,La Liga,2025-2026
9040,Conor Gallagher,19,630,2,1.2670744927600026,0,0.4999467879533767,13,4,2,0,M S,Atletico Madrid,2,1.2670744927600026,6.03503056243062,4.425485637038946,La Liga,2025-2026
9241,Alfon,21,691,2,2.92619794793427,0,0.508796339854598,18,9,0,0,D M S,"Sevilla,Villarreal",2,2.92619794793427,4.655024819076061,1.35974483191967,La Liga,2025-2026
9243,Ilaix Moriba,36,2484,2,1.7799642700701952,3,2.5140312388539314,18,17,8,0,M S,Celta Vigo,2,1.7799642700701952,11.089109930209816,7.12512020021677,La Liga,2025-2026
9280,Antonio Blanco,36,3137,2,1.2193963313475251,3,1.585560267791152,40,22,9,0,M,Alaves,2,1.2193963313475251,10.952894285321236,9.485621688887475,La Liga,2025-2026
9815,Pathé Ciss,29,1974,2,3.959737098775804,1,0.4796251012012362,20,12,9,2,D M S,Rayo Vallecano,2,3.959737098775804,10.748411556705832,8.874764986336231,La Liga,2025-2026
10334,Kike Salas,26,2199,2,1.0958839217200875,0,0.3995983246713877,19,7,1,0,D S,Sevilla,2,1.0958839217200875,4.352849245071411,3.696122121065855,La Liga,2025-2026
10364,Nahuel Tenaglia,36,3240,2,1.7934001060202718,0,0.4346905034035444,24,8,3,0,D,Alaves,2,1.7934001060202718,6.442133508622646,6.039068607613444,La Liga,2025-2026
10382,Eray Cömert,17,1341,2,1.5202789390459657,1,0.5236826231703162,11,6,3,1,D S,Valencia,2,1.5202789390459657,5.98669982329011,4.8674942292273045,La Liga,2025-2026
10576,Álvaro Fernández,28,2334,2,0.7583160568028688,3,1.7765214759856462,9,29,5,1,D S,Real Madrid,2,0.7583160568028688,16.8298107534647,15.121318858116863,La Liga,2025-2026
10944,Fran Pérez,29,1226,2,2.508813252672553,1,1.6743681291118264,17,13,4,0,F M S,Rayo Vallecano,2,2.508813252672553,6.37276441603899,2.6528973691165447,La Liga,2025-2026
10949,Arnau Martinez,35,2715,2,2.124434665776789,3,2.70481881685555,19,23,6,0,D M S,Girona,2,2.124434665776789,10.917901353910564,8.976429961621761,La Liga,2025-2026
11154,Pablo Durán,30,1451,2,4.305393448099494,2,2.150256644003093,37,10,1,0,F M S,Celta Vigo,2,4.305393448099494,6.900707961991429,1.5438736779615283,La Liga,2025-2026
11208,Mateo Joseph,29,1707,2,5.396834125742316,3,1.590326721780002,33,13,2,0,F M S,Mallorca,2,5.396834125742316,7.219164989888668,1.723413680680096,La Liga,2025-2026
11349,Mario Martín,35,2158,2,2.951042834669352,1,0.916083893738687,26,8,11,0,F M S,Getafe,2,2.951042834669352,3.979537969455123,1.4174842182546854,La Liga,2025-2026
11943,Dean Huijsen,28,2046,2,2.327382738701999,2,1.1454473715275526,20,10,7,1,D S,Real Madrid,2,2.327382738701999,10.47981822490692,10.072807345539331,La Liga,2025-2026
12171,Hector Fort,14,478,2,0.7133369892835617,2,0.2132606506347656,12,4,0,0,D S,Elche,2,0.7133369892835617,2.068314729258418,1.3800024185329676,La Liga,2025-2026
12263,Mikel Jauregizar,36,2872,2,1.4105862826108932,0,1.5787495290860534,39,28,5,1,M S,Athletic Club,2,1.4105862826108932,8.875733049586415,6.796195255592465,La Liga,2025-2026
12286,Nobel Mendy,24,1834,2,2.1846237517893314,0,0.3597838692367077,11,3,7,2,D S,Rayo Vallecano,2,2.1846237517893314,3.957274748012424,3.546960476785898,La Liga,2025-2026
12353,Jon Martín,25,2250,2,2.422728887759149,0,0.1884760037064552,15,2,6,0,D,Real Sociedad,2,2.422728887759149,8.53424921259284,8.280994322150946,La Liga,2025-2026
12643,Javier Rueda,26,1403,2,1.6056091226637363,6,3.7907144660130143,11,15,6,0,D S,Celta Vigo,2,1.6056091226637363,9.066061735153198,6.396314866840839,La Liga,2025-2026
12742,Peque,26,952,2,0.7655831780284643,1,0.6110825892537832,15,15,7,0,F M S,Sevilla,2,0.7655831780284643,3.0857485216110945,2.012060156092048,La Liga,2025-2026
12820,Marc Bernal,22,798,2,1.022160867229104,1,0.6727183200418949,7,5,4,0,M S,Barcelona,2,1.022160867229104,5.647717952728272,5.217132003977895,La Liga,2025-2026
13201,Raúl,23,1692,2,1.511999098584056,0,0.4637518934905529,14,5,4,0,D S,Real Madrid,2,1.511999098584056,7.886597044765949,7.307897858321667,La Liga,2025-2026
13361,Jones El Abdellaoui,22,621,2,2.383013777434826,0,0.5126708522439003,17,9,0,0,D F M S,Celta Vigo,2,2.383013777434826,4.237487357109785,1.9190355464816091,La Liga,2025-2026
13615,Oso,21,1397,2,1.4908289685845375,3,2.1163112185895443,17,20,0,0,D F M S,Sevilla,2,1.4908289685845375,4.947251755744219,2.594837572425604,La Liga,2025-2026
13829,Tyrhys Dolan,36,2481,2,2.763452537357807,5,4.420420179143548,34,32,5,1,M S,Espanyol,2,2.763452537357807,9.854958691634238,4.32685121987015,La Liga,2025-2026
13840,Martim Neto,25,1367,2,1.0407912489026785,5,2.8169090934097767,12,26,2,0,F M S,Elche,2,1.0407912489026785,6.866276768967509,4.922171989455819,La Liga,2025-2026
13991,Jan Virgili,31,1807,2,2.593278208747506,4,3.7704717284068474,32,31,0,1,F M S,Mallorca,2,2.593278208747506,7.063589424826205,2.66401737742126,La Liga,2025-2026
13996,Tani Oluwaseyi,28,949,2,3.61861627176404,2,2.047514596953988,16,6,1,0,F S,Villarreal,2,3.61861627176404,5.991559530608356,0.396169975399971,La Liga,2025-2026
14465,Ibrahim Diabate,10,579,2,2.7270304802805185,0,0.147997735068202,15,2,1,0,F S,Alaves,2,2.7270304802805185,3.0350424721837044,0.7203780803829432,La Liga,2025-2026
257,Jeremy Toljan,37,3199,1,0.848660696297884,4,4.971433887258172,9,28,8,0,D,Levante,1,0.848660696297884,12.49036306887865,9.120427509769796,La Liga,2025-2026
897,Juanmi,8,152,1,0.1390442848205566,0,0.0557351484894752,2,2,0,0,S,Getafe,1,0.1390442848205566,0.1778020001947879,0.0597276929765939,La Liga,2025-2026
1003,Pablo Maffeo,31,2690,1,0.2975822696462273,2,1.7551907701417804,7,20,10,0,D S,Mallorca,1,0.2975822696462273,8.127348667941988,6.862479947507381,La Liga,2025-2026
1621,Marcos Alonso,32,2780,1,2.298372241668403,0,1.568596050143242,24,14,5,0,D S,Celta Vigo,0,1.555094632320106,14.406851345673203,13.42302238382399,La Liga,2025-2026
1739,Eric Bailly,16,1327,1,0.3379696104675531,0,0.1631991881877184,7,3,3,0,D,Real Oviedo,1,0.3379696104675531,1.960602704435587,1.890581227838993,La Liga,2025-2026
1822,Antonio Rüdiger,18,1501,1,1.4131802674382925,0,0.3116191700100899,13,2,0,0,D S,Real Madrid,1,1.4131802674382925,4.972962256520987,4.591328982263804,La Liga,2025-2026
2163,Diego Llorente,18,1221,1,1.1309194639325142,0,0.0534076169133186,4,1,5,0,D S,Real Betis,1,1.1309194639325142,3.991023997310549,3.7352525391615927,La Liga,2025-2026
2186,Morales,20,298,1,2.511188435833901,1,1.1046443730592728,11,7,1,0,M S,Levante,0,1.767910826485604,5.004151001106948,2.22667851485312,La Liga,2025-2026
2255,Isco,8,213,1,0.998250227421522,1,0.6222779601812363,7,5,0,0,M S,Real Betis,0,0.254972618073225,1.3436147421598434,1.0085393972694874,La Liga,2025-2026
2308,Denis Suárez,30,1407,1,1.503220658749342,2,1.729144150391221,9,24,6,0,M S,Alaves,1,1.503220658749342,7.904554916545749,5.969972092658281,La Liga,2025-2026
2353,Pedro Bigas,28,2078,1,0.8961452543735504,3,1.9694299679249525,10,15,3,1,D S,Elche,1,0.8961452543735504,9.460428934544325,8.860037345439196,La Liga,2025-2026
2378,Daniel Parejo,33,1474,1,0.8934992030262947,0,1.7723483508452773,3,25,3,0,M S,Villarreal,0,0.1502215936779976,7.067310675978661,6.175191489979625,La Liga,2025-2026
2418,Álvaro Odriozola,5,196,1,0.5725881457328796,0,1.1418001726269722,1,3,0,0,D S,Real Sociedad,1,0.5725881457328796,1.8545968532562256,0.1402085274457931,La Liga,2025-2026
2453,Marc Bartra,25,1973,1,0.7785803359001875,0,0.1219159569591283,16,5,3,0,D S,Real Betis,1,0.7785803359001875,6.516638816334307,6.29856242146343,La Liga,2025-2026
2505,José Gayá,32,2491,1,0.7618178110569715,2,2.337341061793268,13,25,6,1,D S,Valencia,1,0.7618178110569715,7.108978026546538,4.710423985496163,La Liga,2025-2026
2521,Alfonso,27,1700,1,1.2216445626690984,3,4.221796698868275,11,21,8,0,D M S,Villarreal,1,1.2216445626690984,7.652054479345679,4.4062813855707645,La Liga,2025-2026
2621,Sergi Darder,38,2715,1,2.2581017958000302,5,5.54317428637296,36,57,3,0,M S,Mallorca,1,2.2581017958000302,10.62109318934381,7.191008800640702,La Liga,2025-2026
3059,Axel Witsel,32,2546,1,2.5918547697365284,2,2.218277433887124,20,17,0,1,M S,Girona,1,2.5918547697365284,10.09136007912457,9.34759215824306,La Liga,2025-2026
4160,David Costas,25,2073,1,1.367807979695499,0,0.1881906613707542,5,5,3,0,D S,Real Oviedo,1,1.367807979695499,3.668113366700709,3.6066044019535184,La Liga,2025-2026
5043,Kiko Femenía,28,2070,1,0.9618913042359054,1,1.918883431702852,8,17,6,0,D M S,Getafe,1,0.9618913042359054,3.811133926734328,1.2898593991994858,La Liga,2025-2026
5081,Edu Expósito,36,2593,1,2.578492414671928,6,8.028833229094744,44,82,9,0,F M S,Espanyol,1,2.578492414671928,10.837253779172896,6.840502029284835,La Liga,2025-2026
5086,Marc Roca,29,2020,1,0.9589633732102812,2,2.0623733028769493,16,19,1,0,M S,Real Betis,1,0.9589633732102812,8.206119364127517,7.05390945635736,La Liga,2025-2026
5615,Valentin Rosier,31,2563,1,0.9383662464097142,1,1.9486182387918236,19,16,4,1,D S,Osasuna,1,0.9383662464097142,6.748972576111555,4.230974381789565,La Liga,2025-2026
5654,Baptiste Santamaria,19,731,1,0.516353402286768,1,0.7424618415534496,6,4,2,0,M S,Valencia,1,0.516353402286768,2.4516765056177974,2.205951330251992,La Liga,2025-2026
5666,Mouctar Diakhaby,8,539,1,0.632166750729084,0,0.0550495460629463,4,1,3,0,D S,Valencia,1,0.632166750729084,1.056779257953167,1.0017297193408012,La Liga,2025-2026
5706,Dodi Lukebakio,2,180,1,0.0546624809503555,0,0.8578585088253021,2,9,0,0,M,Sevilla,1,0.0546624809503555,1.0068341195583344,0.2612600550055504,La Liga,2025-2026
6087,Takuma Asano,20,662,1,2.239371344447136,0,1.018438033759594,17,3,2,0,F M S,Mallorca,1,2.239371344447136,3.7131067626178265,1.4350337330251932,La Liga,2025-2026
6126,Ander Guevara,25,581,1,0.6449843011796474,1,0.8938102275133133,5,6,2,1,M S,Alaves,1,0.6449843011796474,2.792195681482553,1.921984908170998,La Liga,2025-2026
6421,Brahim Diaz,30,1243,1,1.7095827870070934,6,3.635775487869978,15,30,2,0,F M S,Real Madrid,1,1.7095827870070934,7.436839532107115,2.803654298186302,La Liga,2025-2026
6433,Jules Koundé,30,2247,1,2.200108475983143,3,4.6446145586669445,14,23,6,0,D S,Barcelona,1,2.200108475983143,21.09683826193213,18.555321093648672,La Liga,2025-2026
6560,Aurelien Tchouameni,33,2656,1,3.0622244104743004,0,2.313327204436064,45,24,8,0,M S,Real Madrid,1,3.0622244104743004,13.883047316223385,11.357132777571678,La Liga,2025-2026
6651,Grady Diangana,20,937,1,1.3557052668184042,0,1.090244321152568,16,10,3,0,F M S,Elche,1,1.3557052668184042,4.737419964745641,2.660494836047292,La Liga,2025-2026
6740,Miguel Ángel Rubio,12,168,1,0.5985301695764065,0,0.0,2,0,0,0,D S,Espanyol,1,0.5985301695764065,0.2453732704743743,0.2453732704743743,La Liga,2025-2026
6750,Gonzalo Villar,12,722,1,0.214775089174509,0,0.0481224060058593,4,2,3,0,M S,Elche,1,0.214775089174509,2.1673560813069344,1.957960419356823,La Liga,2025-2026
6766,Dani Vivian,31,2561,1,1.454393805935979,0,1.5971452463418243,17,6,8,1,D S,Athletic Club,1,1.454393805935979,7.594794306904077,6.529198620468378,La Liga,2025-2026
6931,Fran Beltrán,27,1544,1,0.6319965291768312,0,0.9035117849707603,16,13,3,0,M S,"Celta Vigo,Girona",1,0.6319965291768312,7.461615744046867,6.426595215685666,La Liga,2025-2026
6955,Ezequiel Ávila,16,350,1,1.645847663283348,0,0.4049630733206868,8,9,2,0,F S,Real Betis,0,0.902570053935051,1.516266454011202,0.8896453380584717,La Liga,2025-2026
7007,Duje Caleta-Car,27,2140,1,1.877065658569336,0,0.1966800149530172,13,3,6,1,D S,Real Sociedad,1,1.877065658569336,6.151753548532724,5.95507350936532,La Liga,2025-2026
7174,Adrià Pedrosa,27,1053,1,0.9618624746799468,1,1.571348423603922,12,23,4,0,D M S,"Elche,Sevilla",1,0.9618624746799468,4.787631997838616,2.7506841495633125,La Liga,2025-2026
7236,Leander Dendoncker,19,1338,1,0.538357574492693,0,0.4306179387494921,9,7,2,0,M S,Real Oviedo,1,0.538357574492693,2.1508139576762915,1.4654122050851583,La Liga,2025-2026
7276,Robin Le Normand,28,1776,1,1.2779291793704033,1,0.3418054245412349,6,2,5,0,D S,Atletico Madrid,1,1.2779291793704033,10.35181195102632,9.952938174828889,La Liga,2025-2026
7306,Aihen Muñoz,21,829,1,0.4659921936690807,0,0.4135719016194343,6,5,1,0,D S,Real Sociedad,1,0.4659921936690807,3.544042121618986,2.887334957718849,La Liga,2025-2026
7359,Eduardo Camavinga,29,1507,1,1.1423941813409328,0,1.8246677611023188,13,15,2,0,D M S,Real Madrid,1,1.1423941813409328,7.222875934094191,5.800564680248499,La Liga,2025-2026
7605,Manuel Sánchez,33,2844,1,1.2062672171741724,2,1.9893938563764093,13,17,8,0,D S,Levante,1,1.2062672171741724,9.18354762159288,7.061968881636858,La Liga,2025-2026
7781,Frenkie de Jong,25,1597,1,1.0822599418461325,5,5.096247639507055,7,35,3,1,M S,Barcelona,1,1.0822599418461325,20.46468347683549,16.202723745256662,La Liga,2025-2026
7860,Domingos Duarte,34,2953,1,0.8303996156901121,1,0.9081846736371516,13,2,12,0,D,Getafe,1,0.8303996156901121,1.415994401089847,1.2935767909511924,La Liga,2025-2026
8002,Rodrigo Riquelme,25,788,1,2.6496557127684355,1,1.466417740099132,24,14,2,0,M S,Real Betis,1,2.6496557127684355,6.590603470802307,2.7007025675848126,La Liga,2025-2026
8015,Rodrygo,19,633,1,2.848481699824333,3,2.88282679207623,27,17,2,0,F M S,Real Madrid,1,2.848481699824333,4.605150379240513,1.4849299378693104,La Liga,2025-2026
8045,Eric Garcia,34,2761,1,3.3442033734172583,1,1.9652331974357369,25,30,5,0,D M S,Barcelona,1,3.3442033734172583,24.66808094829321,23.55161388590932,La Liga,2025-2026
8070,Mateu Morey,18,723,1,0.1837131008505821,0,0.516222694888711,4,3,2,0,D M S,Mallorca,1,0.1837131008505821,2.113346297293901,1.4928959049284458,La Liga,2025-2026
8165,Lucien Agoume,34,2728,1,0.8295221757143736,3,3.1899660043418407,15,27,11,0,F M S,Sevilla,1,0.8295221757143736,9.656975163146852,6.904327908530831,La Liga,2025-2026
8183,Pablo Martínez,27,1878,1,1.9152403939515352,5,5.476440030150116,28,36,3,0,M S,Levante,1,1.9152403939515352,8.163186241872609,4.934909150004387,La Liga,2025-2026
8283,Batista Mendy,27,1632,1,0.8640541210770607,0,0.4901229040697217,17,9,6,0,M S,Sevilla,1,0.8640541210770607,4.13434686139226,3.504842003807425,La Liga,2025-2026
8694,Chidera Ejuke,27,866,1,1.918383196927607,1,0.9294496746733784,23,13,0,0,F M S,Sevilla,1,1.918383196927607,4.256661459803581,2.0848007388412952,La Liga,2025-2026
8725,Luis Milla,37,3288,1,1.4706194661557674,10,6.843989523127675,27,78,4,1,M,Getafe,1,1.4706194661557674,7.731246910057962,4.78044979646802,La Liga,2025-2026
8895,Tete Morente,13,940,1,0.7541587688028812,1,1.312638394534588,8,12,1,0,D M S,Elche,1,0.7541587688028812,2.677897453308105,1.4394641816616058,La Liga,2025-2026
8972,Victor Chust,31,2146,1,0.432083249092102,0,0.1454278174787759,8,5,6,1,D S,Elche,1,0.432083249092102,5.763874681666493,5.705676449462771,La Liga,2025-2026
9011,Óscar Mingueza,34,1949,1,0.4965645000338554,4,4.096559967845678,14,31,4,0,D M S,Celta Vigo,1,0.4965645000338554,13.00799715705216,10.55303399823606,La Liga,2025-2026
9199,John Donald,21,637,1,1.034037446603179,0,0.0337561890482902,6,1,3,0,D M S,Elche,1,1.034037446603179,4.0597220826894045,2.991928454488516,La Liga,2025-2026
9218,Juan Iglesias,37,3189,1,1.226545930840075,2,2.002802025526762,26,17,4,0,D M S,Getafe,1,1.226545930840075,7.210621759295464,5.044199001044035,La Liga,2025-2026
9466,Jon Ander Olasagasti,33,1712,1,2.1322602536529303,5,4.480237754993141,28,36,2,1,F M S,Levante,1,2.1322602536529303,7.844179574400186,4.710497124120593,La Liga,2025-2026
9755,Inigo Ruiz de Galarreta,34,2289,1,0.6572877513244748,2,3.3264776347205043,20,30,11,0,M S,Athletic Club,1,0.6572877513244748,10.062924578785896,8.463831257075071,La Liga,2025-2026
9809,José Ángel Carmona,35,2561,1,0.9539876133203506,3,2.3566217375919223,20,22,13,0,D M S,Sevilla,1,0.9539876133203506,9.38717579189688,7.580831928178668,La Liga,2025-2026
9810,Fran García,13,930,1,0.946589097380638,1,0.3020932860672474,6,5,0,1,D M S,Real Madrid,1,0.946589097380638,4.634012538939714,3.96155970916152,La Liga,2025-2026
9811,Óscar Valentín,33,2143,1,1.4860157845541837,0,0.9415555438026786,13,10,3,1,M S,Rayo Vallecano,1,1.4860157845541837,10.363398014567792,8.101587588898838,La Liga,2025-2026
9825,Nicolás Serrano,16,338,1,0.6888012327253819,0,0.5655460767447948,16,10,0,0,M S,Athletic Club,1,0.6888012327253819,1.3857197295874355,0.4696573466062546,La Liga,2025-2026
10143,Bryan Zaragoza,19,1138,1,1.910445837303996,1,2.2636110819876194,26,18,1,0,F M S,Celta Vigo,0,1.1671682186424732,6.203656457364559,4.05707526486367,La Liga,2025-2026
10189,Marc Pubill,19,1377,1,1.324379259720445,1,0.6268223077058792,11,3,2,0,D S,Atletico Madrid,1,1.324379259720445,6.8829026222229,5.75148531794548,La Liga,2025-2026
10200,Rafa Marín,23,1975,1,0.2321406872943043,0,0.9869795441627502,5,7,1,0,D S,Villarreal,1,0.2321406872943043,8.320692155510187,7.3985674269497395,La Liga,2025-2026
10209,Jofre Carreras,26,890,1,2.1467764284461737,0,1.4310225043445826,23,15,1,0,M S,Espanyol,1,2.1467764284461737,4.282202575355768,1.191993448883295,La Liga,2025-2026
10273,Iker Benito,6,148,1,0.3859800510108471,0,0.1449243836104869,2,2,1,0,M S,Osasuna,1,0.3859800510108471,0.672303281724453,0.2468011081218719,La Liga,2025-2026
10388,Luka Ilic,19,731,1,1.7625892590731382,0,0.419754147529602,9,3,2,1,F M S,Real Oviedo,1,1.7625892590731382,2.6002833172678947,1.0306000001728537,La Liga,2025-2026
10494,Pablo Barrios Rivas,23,1672,1,1.4689873531460762,1,1.6999459583312273,23,20,0,0,M S,Atletico Madrid,1,1.4689873531460762,10.741906240582466,8.18633103556931,La Liga,2025-2026
10716,Manor Solomon,6,129,1,0.608427070081234,1,0.471932552754879,2,2,0,0,M S,Villarreal,1,0.608427070081234,2.177966743707657,1.168964058160782,La Liga,2025-2026
10857,Pablo Ibáñez,37,2278,1,3.925581350922585,1,1.288511484861374,47,19,7,0,M S,Alaves,1,3.925581350922585,7.198592909611762,4.9182582553476095,La Liga,2025-2026
10936,Charles Pickel,24,658,1,0.7815196216106415,0,0.0352792246267199,10,2,1,2,M S,Espanyol,1,0.7815196216106415,2.819475682452321,2.26914856210351,La Liga,2025-2026
10947,Ramón Terrats,29,1020,1,1.189048240892589,2,2.365290615707636,15,16,0,0,F M S,Espanyol,1,1.189048240892589,4.1886972123757005,1.2467945348471403,La Liga,2025-2026
10999,Marcão,13,935,1,0.9158304017037152,0,0.0,10,0,3,1,D S,Sevilla,1,0.9158304017037152,2.0380470361560583,2.0380470361560583,La Liga,2025-2026
11087,Pep Chavarría,33,2672,1,0.6448125010356307,2,3.702762270346284,18,27,4,1,D S,Rayo Vallecano,1,0.6448125010356307,11.969282133504748,8.858007108792663,La Liga,2025-2026
11216,Rodrigo Mendoza,24,1243,1,1.1190941371023655,1,1.3093878580257297,17,15,6,0,F M S,"Atletico Madrid,Elche",1,1.1190941371023655,4.651535008102655,2.700410184450448,La Liga,2025-2026
11531,Unai Gómez,26,930,1,2.0704635065048933,1,0.6146819815039635,23,8,1,1,F M S,Athletic Club,1,2.0704635065048933,3.052200043573976,0.7931436467915773,La Liga,2025-2026
11744,Sergi Cardona,32,2028,1,1.0293074119836092,4,3.018667984753847,18,20,4,0,D S,Villarreal,1,1.0293074119836092,10.10306180268526,8.429138597100973,La Liga,2025-2026
11825,Abderrahmane Rebbach,30,1479,1,2.956959212198853,4,4.949423234909773,34,30,8,0,D F M S,Alaves,1,2.956959212198853,6.177632927894592,2.1951087564229965,La Liga,2025-2026
11900,Lucas Beltrán,27,1377,1,4.7564667742699385,2,1.9911325313150885,34,14,1,0,F S,Valencia,1,4.7564667742699385,9.75975489616394,3.336976980790496,La Liga,2025-2026
11953,Sergi Altimira,24,1176,1,0.5072789322584867,2,0.5556181967258453,7,11,3,0,M S,Real Betis,1,0.5072789322584867,4.316389311105013,3.7588356025516982,La Liga,2025-2026
12005,Pau Cubarsí,31,2733,1,0.5516378730535507,0,0.4353954568505287,10,5,3,0,D,Barcelona,1,0.5516378730535507,18.94529329240322,18.898506328463554,La Liga,2025-2026
12078,Alan Matturro,19,918,1,0.9369660560041666,1,1.1987895714119077,8,4,0,1,D S,Levante,1,0.9369660560041666,3.3469478487968445,1.891314934939146,La Liga,2025-2026
12182,Jon Aramburu,35,2789,1,2.057084806263447,0,0.4437111411243677,21,11,11,0,D S,Real Sociedad,1,2.057084806263447,6.378528879955411,5.833133289590478,La Liga,2025-2026
12189,Hugo Rincón,33,1713,1,0.6909217592328787,1,1.3317618854343891,7,10,4,0,D S,Girona,1,0.6909217592328787,5.528506241738796,4.207219677045941,La Liga,2025-2026
12537,Asier Osambela,17,295,1,0.4081305339932441,0,0.585698839277029,6,3,1,0,D S,Osasuna,1,0.4081305339932441,1.2552912291139364,0.5480579566210508,La Liga,2025-2026
12726,Christantus Uche,3,270,1,1.4415657743811607,1,0.6371117904782295,6,4,1,0,F,Getafe,1,1.4415657743811607,2.1472005546092987,0.0685230549424886,La Liga,2025-2026
12790,Abel Bretones,28,1600,1,0.5832634549587965,2,1.463532455265522,11,13,5,1,D M S,Osasuna,1,0.5832634549587965,3.3724373634904623,2.147059232927859,La Liga,2025-2026
12893,Enzo Boyomo,30,2544,1,1.1597838830202818,2,1.4222577046602964,11,9,7,0,D S,Osasuna,1,1.1597838830202818,5.139672014862299,3.720889106392861,La Liga,2025-2026
13003,Santiago Mouriño,29,2485,1,1.2299248855561018,2,0.8433887027204037,16,9,9,1,D S,Villarreal,1,1.2299248855561018,10.451558804139497,10.024434583261607,La Liga,2025-2026
13200,Fernando López,17,1179,1,1.83419968560338,1,1.3501867074519396,13,11,3,0,F M S,Celta Vigo,1,1.83419968560338,6.000391744077206,3.702056234702468,La Liga,2025-2026
13335,Goduine Koyalipou,11,217,1,1.2652598228305578,0,0.358752429485321,10,1,1,0,F S,Levante,1,1.2652598228305578,1.43799864128232,0.0,La Liga,2025-2026
13380,Vitor Reis,36,3137,1,1.9711542688310144,1,0.8653075750917196,19,8,9,1,D S,Girona,1,1.9711542688310144,9.510100200772284,8.20014369674027,La Liga,2025-2026
13417,Maroan Sannadi,10,268,1,1.0051096249371767,0,0.5883069485425949,8,2,2,0,F S,Athletic Club,1,1.0051096249371767,1.6283603627234695,0.0349437519907951,La Liga,2025-2026
13600,Andrés Castrín,19,1251,1,0.5596901206299663,0,0.1021546982228756,11,2,4,0,D S,Sevilla,1,0.5596901206299663,2.3782171308994293,2.264212667942047,La Liga,2025-2026
13620,Miguel Román,19,1297,1,1.1040805764496326,0,2.089981175027788,9,17,3,0,M S,Celta Vigo,1,1.1040805764496326,8.5124043636024,6.327844304963946,La Liga,2025-2026
13627,Alejandro Rego,29,1231,1,0.5311379982158542,1,0.799548452720046,11,11,6,0,M S,Athletic Club,1,0.5311379982158542,3.1697750445455317,2.2423849515616894,La Liga,2025-2026
13649,Claudio Echeverri,17,606,1,2.120521953329444,1,1.088322913274169,21,8,4,0,F M S,Girona,1,2.120521953329444,4.070073027163744,1.4420119039714336,La Liga,2025-2026
13765,Unai Elgezabal,12,963,1,0.6192532349377871,0,0.1339095868170261,3,2,2,0,D M S,Levante,1,0.6192532349377871,1.465649597346783,1.465649597346783,La Liga,2025-2026
13767,Roger Brugué,19,1008,1,4.378684105351567,1,0.8359398394823074,28,8,1,1,F M S,Levante,1,4.378684105351567,6.560833714902401,3.038923174142837,La Liga,2025-2026
13821,Urko Izeta,13,153,1,1.7968661822378635,0,0.3224271722137928,11,2,2,0,F S,Athletic Club,1,1.7968661822378635,1.270498313009739,0.0324519015848636,La Liga,2025-2026
13837,David Affengruber,36,2958,1,1.327795687597245,1,1.4741862853989005,14,9,7,1,D S,Elche,1,1.327795687597245,9.452831268310549,8.721062500029802,La Liga,2025-2026
13839,Marc Aguado,35,2539,1,0.2163164913654327,2,0.5746705206111073,3,11,3,0,M S,Elche,1,0.2163164913654327,5.5891433618962765,5.029345314949751,La Liga,2025-2026
13845,Valentín Gómez,28,1852,1,0.953595282509923,0,2.110032780095935,11,10,5,0,D S,Real Betis,1,0.953595282509923,5.001710316166282,3.893445262685418,La Liga,2025-2026
13847,Franco Mastantuono,23,1026,1,2.6822766698896885,0,2.86138834618032,30,16,5,1,D F M S,Real Madrid,1,2.6822766698896885,7.648913703858852,4.390332970768213,La Liga,2025-2026
13936,Jon Gorrotxategi,30,2235,1,0.9011643519625068,3,0.9900850029662251,13,18,7,0,M S,Real Sociedad,1,0.9011643519625068,9.608818357810378,8.54557849932462,La Liga,2025-2026
13983,David Carmo,22,1785,1,0.9620246645063162,0,0.5050461739301682,9,7,6,1,D S,Real Oviedo,1,0.9620246645063162,3.8941762782633305,2.9872417859733105,La Liga,2025-2026
14013,Adam El Mokhtari,7,85,1,0.2682787664234638,0,0.0723635628819465,5,1,0,0,S,Elche,1,0.2682787664234638,0.3396428460255265,0.1728641474619507,La Liga,2025-2026
14064,Roony Bardghji,21,612,1,1.7539864536374807,1,1.9085090141743424,22,14,0,0,F M S,Barcelona,1,1.7539864536374807,7.304453872144222,5.050251752138138,La Liga,2025-2026
14225,Javier Boñar,4,294,1,0.4020915646106004,0,0.1284143328666687,2,2,0,0,D S,Atletico Madrid,1,0.4020915646106004,1.4182734191417694,0.8877674639225006,La Liga,2025-2026
14324,Iker Luque,1,26,1,0.2805066406726837,0,0.0,3,0,0,0,S,Atletico Madrid,1,0.2805066406726837,0.536297082901001,0.2703782021999359,La Liga,2025-2026
14387,Zaid Romero,15,1350,1,1.0052571017295122,0,0.0902770534157753,10,2,3,1,D,Getafe,1,1.0052571017295122,2.842687303200364,2.554918821901083,La Liga,2025-2026
14392,Ángel Pérez,16,1292,1,1.208032038062811,3,2.0683266557753086,14,24,4,0,D M S,Alaves,1,1.208032038062811,5.207904314622283,2.590566510334611,La Liga,2025-2026
14400,Lucas Cepeda,10,390,1,1.1138509334996345,0,0.266533151268959,13,6,1,0,M S,Elche,1,1.1138509334996345,1.8939940771088004,0.8429856654256582,La Liga,2025-2026
14440,Álvaro Fidalgo,9,567,1,0.5265598297119141,0,0.1963401176035404,4,4,0,0,M S,Real Betis,1,0.5265598297119141,2.017945224419236,1.3912485651671886,La Liga,2025-2026
14586,Cubo,2,46,1,0.343914121389389,0,0.0,3,0,0,0,S,Atletico Madrid,1,0.343914121389389,0.343914121389389,0.0,La Liga,2025-2026
200,Andreas Christensen,13,369,0,0.2639047838747501,0,0.0158752612769603,4,1,2,0,D S,Barcelona,0,0.2639047838747501,2.129369180649519,2.0777733996510506,La Liga,2025-2026
250,Ørjan Nyland,5,450,0,0.0,0,0.0,0,0,1,0,GK,Sevilla,0,0.0,0.8262858241796494,0.8262858241796494,La Liga,2025-2026
308,Ricardo Rodríguez,23,1552,0,0.1410916894674301,1,0.4879046082496643,3,7,0,0,D S,Real Betis,0,0.1410916894674301,2.7929348312318325,2.435595016926527,La Liga,2025-2026
323,Adnan Januzaj,12,283,0,0.2582807317376137,0,0.6689504720270634,7,11,1,0,F M S,Sevilla,0,0.2582807317376137,1.0545724965631962,0.7336611598730087,La Liga,2025-2026
375,Odisseas Vlachodimos,33,2970,0,0.0,0,0.0,0,0,1,0,GK,Sevilla,0,0.0,2.363366136327386,2.363366136327386,La Liga,2025-2026
391,David Alaba,11,419,0,0.2578099928796291,0,0.0,4,0,1,0,D S,Real Madrid,0,0.2578099928796291,2.121829517185688,2.0296965166926384,La Liga,2025-2026
527,Adrián,1,90,0,0.0,0,0.0,0,0,0,0,GK,Real Betis,0,0.0,0.147800400853157,0.147800400853157,La Liga,2025-2026
548,Daley Blind,31,2624,0,0.2643272480927408,0,0.7392632644623518,5,11,1,0,D S,Girona,0,0.2643272480927408,10.429523061960936,10.079609762877226,La Liga,2025-2026
565,Nyom,15,522,0,0.1312073022127151,1,1.1202348694205284,3,4,5,1,D S,Getafe,0,0.1312073022127151,1.2234054617583752,0.0132335685193538,La Liga,2025-2026
680,Thibaut Courtois,32,2880,0,0.0,0,0.0,0,0,1,0,GK,Real Madrid,0,0.0,6.53979423083365,6.53979423083365,La Liga,2025-2026
681,César Azpilicueta,17,1233,0,0.0123422164469957,1,0.5649564769119024,1,3,4,0,D,Sevilla,0,0.0123422164469957,2.7488847002387047,2.219164974987507,La Liga,2025-2026
965,Santiago Cazorla,29,877,0,0.3128305342979729,1,2.333839040249586,7,28,2,1,M S,Real Oviedo,0,0.3128305342979729,5.003484875429422,4.37852508854121,La Liga,2025-2026
973,Paulo Gazzaniga,35,3102,0,0.0,0,0.0,0,0,4,1,GK,Girona,0,0.0,4.276501512154937,4.276501512154937,La Liga,2025-2026
1244,Wojciech Szczesny,8,720,0,0.0,0,0.0,0,0,0,0,GK,Barcelona,0,0.0,2.344018451869488,2.344018451869488,La Liga,2025-2026
1423,Matías Vecino,6,136,0,0.0422598384320735,0,0.0,2,0,0,0,M S,Celta Vigo,0,0.0422598384320735,0.9760599210858344,0.9568000212311744,La Liga,2025-2026
1762,Ovie Ejaria,9,207,0,0.2249453254044056,0,0.0751299932599067,3,1,1,0,M S,Real Oviedo,0,0.2249453254044056,1.2129120826721191,1.0246025137603283,La Liga,2025-2026
1791,Trent Alexander-Arnold,21,1175,0,0.403125662356615,4,2.0283965058624744,10,28,4,0,D M S,Real Madrid,0,0.403125662356615,6.278945114463568,5.344461210072041,La Liga,2025-2026
1830,Ionut Radu,38,3420,0,0.0,0,0.1440417915582656,0,1,2,0,GK,Celta Vigo,0,0.0,8.14351802226156,7.999476215802133,La Liga,2025-2026
1857,David López,5,300,0,0.6544463038444519,0,0.0,1,0,0,0,D S,Girona,0,0.6544463038444519,0.7772146426141262,0.7772146426141262,La Liga,2025-2026
2090,Marc-André ter Stegen,2,180,0,0.0,0,0.0,0,0,0,0,GK,Girona,0,0.0,0.0245697945356369,0.0245697945356369,La Liga,2025-2026
2107,Pau López,9,810,0,0.0,0,0.0,0,0,1,0,GK,Real Betis,0,0.0,0.5678549129515886,0.5678549129515886,La Liga,2025-2026
2122,Joan Jordán,3,15,0,0.0,0,0.0,0,0,1,0,S,Sevilla,0,0.0,0.4800020158290863,0.4800020158290863,La Liga,2025-2026
2198,Moi Gómez,26,1202,0,0.4181990008801222,2,1.9109276719391344,11,16,3,0,M S,Osasuna,0,0.4181990008801222,5.146273463964462,3.1553665651008487,La Liga,2025-2026
2228,Aritz Elustondo,16,723,0,0.5001932755112648,1,0.026317611336708,4,1,0,0,D S,Real Sociedad,0,0.5001932755112648,2.531999623402953,2.5056820269674063,La Liga,2025-2026
2229,Yuri,32,2708,0,0.6064393315464258,6,4.848095130175352,24,30,5,0,D S,Athletic Club,0,0.6064393315464258,10.560181383043528,8.312423763796687,La Liga,2025-2026
2260,Daniel Carvajal,17,965,0,0.2845469722524285,1,1.9865489229559896,5,11,0,0,D S,Real Madrid,0,0.2845469722524285,4.963872527703643,3.1964759286493063,La Liga,2025-2026
2261,Jan Oblak,30,2700,0,0.0,0,0.0,0,0,0,0,GK,Atletico Madrid,0,0.0,5.149367045611143,5.149367045611143,La Liga,2025-2026
2278,Giménez,16,1165,0,1.5400749556720257,1,0.5037803649902344,13,1,3,0,D S,Atletico Madrid,0,1.5400749556720257,3.9388817995786662,3.3341927975416183,La Liga,2025-2026
2280,Jonny,34,3006,0,0.8803313318639994,0,1.2115384247153995,9,17,7,0,D,Alaves,0,0.8803313318639994,11.327970540151,9.65009731054306,La Liga,2025-2026
2328,Thomas Partey,26,892,0,0.5110291205346584,0,0.3267965614795685,11,8,1,0,M S,Villarreal,0,0.5110291205346584,3.928447524085641,3.3953940495848656,La Liga,2025-2026
2346,Aarón,37,3330,0,0.0,1,0.4407059326767921,0,2,4,0,GK,Real Oviedo,0,0.0,3.903619561344385,3.4629136249423027,La Liga,2025-2026
2385,Mat Ryan,36,3240,0,0.0933680385351181,0,0.0,2,0,4,0,GK,Levante,0,0.0933680385351181,3.368032854050398,3.27466481551528,La Liga,2025-2026
2403,Íñigo Lekue,11,607,0,0.1312863305211067,0,0.0452195592224597,3,1,2,0,D S,Athletic Club,0,0.1312863305211067,2.2843863498419523,2.107880437746644,La Liga,2025-2026
2415,David Soria,38,3420,0,0.0,0,0.0465003028512001,0,1,2,0,GK,Getafe,0,0.0,1.7877731248736382,1.7877731248736382,La Liga,2025-2026
2417,Igor Zubeldia,25,2080,0,0.3188817761838436,1,0.6090575475245714,6,5,9,0,D S,Real Sociedad,0,0.3188817761838436,6.32798408344388,5.914616275578737,La Liga,2025-2026
2446,Dani Ceballos,16,451,0,0.0812624134123325,0,0.589991744607687,3,9,1,0,M S,Real Madrid,0,0.0812624134123325,5.687696643173695,5.359475754201412,La Liga,2025-2026
2479,Toni Lato,12,601,0,0.0,1,0.4910133834928274,0,4,3,0,D M S,Mallorca,0,0.0,1.7519583329558372,1.357103642076254,La Liga,2025-2026
2498,Aymeric Laporte,25,2068,0,1.8204883504658935,1,0.4414121750742197,15,7,4,0,D S,Athletic Club,0,1.8204883504658935,5.202450418844819,4.778625398874283,La Liga,2025-2026
2509,Dimitri Foulquier,15,1149,0,0.4250113200396299,0,0.2367486469447612,6,6,1,0,D S,Valencia,0,0.4250113200396299,4.307144995778799,4.124748399481177,La Liga,2025-2026
2518,Marcos Llorente,29,2190,0,2.2122418731451035,4,4.202356196939945,18,20,5,1,D M S,Atletico Madrid,0,2.2122418731451035,17.013618292286992,12.5181664545089,La Liga,2025-2026
2555,Remiro,37,3330,0,0.0,0,0.3873771876096725,0,4,1,0,GK,Real Sociedad,0,0.0,6.81348979100585,6.426112595945597,La Liga,2025-2026
2584,Raíllo,24,2069,0,0.6311804680153728,1,0.3643940649926662,12,7,4,0,D S,Mallorca,0,0.6311804680153728,4.512468161061406,4.202221794053912,La Liga,2025-2026
2597,Dani Calvo,21,1688,0,0.9167876914143562,0,0.4952077195048332,4,2,2,0,D S,Real Oviedo,0,0.9167876914143562,0.8509417865425348,0.8154006768018007,La Liga,2025-2026
2609,Gerard Gumbau,28,1153,0,1.1357509652152658,3,2.5143625792115927,20,23,4,0,M S,Rayo Vallecano,0,1.1357509652152658,6.054331148043275,4.46986211836338,La Liga,2025-2026
2619,Stole Dimitrievski,20,1800,0,0.0,0,0.0,0,0,1,0,GK,Valencia,0,0.0,2.704712343402207,2.704712343402207,La Liga,2025-2026
3208,Óscar Trejo,7,131,0,0.1115266382694244,1,0.7296474687755108,1,7,1,0,M S,Rayo Vallecano,0,0.1115266382694244,1.5641020610928535,0.7660680264234543,La Liga,2025-2026
4091,Unai López,28,1637,0,1.0071794828400016,4,2.520821467973292,22,36,6,1,M S,Rayo Vallecano,0,1.0071794828400016,7.014563919045031,5.052038587629795,La Liga,2025-2026
4120,Álex Moreno,31,2554,0,1.5723254941403866,3,2.917876537889242,17,16,5,0,D S,Girona,0,1.5723254941403866,10.622359491884708,6.971142928581685,La Liga,2025-2026
4168,Javi Muñoz,17,527,0,0.3324222560040653,0,0.2619094252586365,14,7,0,0,F M S,Getafe,0,0.3324222560040653,0.9011456496082246,0.4265056401491165,La Liga,2025-2026
4193,Aitor Fernández,2,134,0,0.0,0,0.0,0,0,0,0,GK S,Osasuna,0,0.0,0.1070201769471168,0.1070201769471168,La Liga,2025-2026
5050,Clement Lenglet,19,1402,0,0.3035862017422914,1,0.3937023878097534,5,4,4,1,D S,Atletico Madrid,0,0.3035862017422914,6.491023430600762,6.36877671815455,La Liga,2025-2026
5058,Carles Aleñá,34,2002,0,2.2455996740609407,4,4.067961330525577,29,37,5,0,F M S,Alaves,0,2.2455996740609407,7.837335070595145,3.891140911728144,La Liga,2025-2026
5062,Yeray Álvarez,7,517,0,0.1283213347196579,0,0.1133810803294181,1,3,0,0,D S,Athletic Club,0,0.1283213347196579,2.1851428039371967,2.112127650529146,La Liga,2025-2026
5065,Diego Rico,28,1723,0,0.2927396623417735,0,0.8772552907466888,11,10,3,0,D S,Getafe,0,0.2927396623417735,1.4686552183702588,0.5435091145336628,La Liga,2025-2026
5077,Mikel Vesga,23,402,0,0.2157706804573536,0,0.1244056141003966,3,4,0,0,M S,Athletic Club,0,0.2157706804573536,1.2043952187523246,1.042739911004901,La Liga,2025-2026
5110,Mariano,10,269,0,0.2497823312878608,0,0.7592702507972717,6,2,1,0,F S,Alaves,0,0.2497823312878608,1.028148341923952,0.019095754250884,La Liga,2025-2026
5162,Nacho Vidal,30,2383,0,2.859865885227918,0,0.3238163329660892,17,7,4,0,D S,Real Oviedo,0,2.859865885227918,5.2956321854144335,2.365584071725607,La Liga,2025-2026
5179,Jon Guridi,28,1251,0,1.620393067598343,0,0.5416145175695419,15,11,1,0,F M S,Alaves,0,1.620393067598343,5.297916954383254,3.662469517439604,La Liga,2025-2026
5185,Unai Simón,37,3330,0,0.0,0,0.0318873859941959,0,1,1,0,GK,Athletic Club,0,0.0,3.199014876037836,3.167127501219511,La Liga,2025-2026
5199,Raba,13,247,0,0.3700273502618074,1,0.3187341094017029,9,2,0,0,F S,Valencia,0,0.3700273502618074,0.6549640549346805,0.2562267566099763,La Liga,2025-2026
5353,Josip Brekalo,14,482,0,0.3088910253718495,0,1.6458159163594246,9,11,1,0,F M S,Real Oviedo,0,0.3088910253718495,2.2394321858882904,0.8675312828272581,La Liga,2025-2026
5672,Iván Balliu,14,572,0,0.9272420238703488,0,0.0937120970338583,4,3,3,0,D S,Rayo Vallecano,0,0.9272420238703488,2.041639376431704,1.0687691681087017,La Liga,2025-2026
5947,Mihailo Ristic,5,266,0,0.01605817489326,0,0.0660375989973545,1,2,0,0,D S,Celta Vigo,0,0.01605817489326,0.6196794584393501,0.5375836826860905,La Liga,2025-2026
6075,Antonio Sivera,38,3420,0,0.0,0,0.0,0,0,3,0,GK,Alaves,0,0.0,3.3321731872856617,3.3321731872856617,La Liga,2025-2026
6118,Portu,10,463,0,1.6742162741720676,0,0.189590573310852,9,3,2,0,F M S,Girona,0,1.6742162741720676,2.053294636309147,0.457047451287508,La Liga,2025-2026
6149,Unai Núñez,13,927,0,0.3963765976950526,0,0.3761296048760414,9,2,3,0,D S,Valencia,0,0.3963765976950526,2.810891135595739,2.466373040340841,La Liga,2025-2026
6151,Djené Dakonam,34,2601,0,0.0686510754749178,0,0.2225943394005298,3,3,10,2,D M S,Getafe,0,0.0686510754749178,2.894673423841596,2.7105430271476507,La Liga,2025-2026
6177,Luiz Felipe,10,473,0,0.2370056584477424,0,0.0198127329349517,3,1,1,0,D S,Rayo Vallecano,0,0.2370056584477424,0.7661405727267265,0.7661405727267265,La Liga,2025-2026
6224,Marko Dmitrovic,37,3330,0,0.0,0,0.0304153487086296,0,1,0,0,GK,Espanyol,0,0.0,4.61260715033859,4.58219179417938,La Liga,2025-2026
6233,Ferland Mendy,5,204,0,0.0,0,0.0,0,0,0,0,D S,Real Madrid,0,0.0,0.4247454553842544,0.4247454553842544,La Liga,2025-2026
6242,Johan Mojica,35,2723,0,0.8061857065185905,4,3.927842003293336,17,35,6,1,D S,Mallorca,0,0.8061857065185905,9.051305999979377,5.788199552334845,La Liga,2025-2026
6291,Diego Pampín,8,526,0,0.1348268613219261,0,0.1039556264877319,3,3,3,0,D S,Levante,0,0.1348268613219261,1.497636705636978,1.25885421782732,La Liga,2025-2026
6306,Juan Foyth,13,946,0,0.0737326610833406,0,0.0,2,0,2,0,D S,Villarreal,0,0.0737326610833406,4.523703388869762,4.523703388869762,La Liga,2025-2026
6324,Marash Kumbulla,8,434,0,0.0868991632014513,0,0.0225842390209436,3,1,1,0,D S,Mallorca,0,0.0868991632014513,0.6233834195882082,0.5607796404510736,La Liga,2025-2026
6325,Andoni Gorosabel,24,1347,0,0.2154859928414225,1,1.289799666032195,5,16,3,0,D S,Athletic Club,0,0.2154859928414225,6.460969613865018,5.660822134464979,La Liga,2025-2026
6485,Júnior Firpo,12,846,0,0.4448377713561058,1,0.957407258450985,5,8,2,0,D S,Real Betis,0,0.4448377713561058,2.8417121320962906,2.3680821657180786,La Liga,2025-2026
6656,Sergio Gómez,35,2712,0,0.8500185953453183,6,7.414878661744296,12,45,5,1,D M S,Real Sociedad,0,0.8500185953453183,11.900510411709549,8.49614124558866,La Liga,2025-2026
6916,Fernando Calero,28,2159,0,2.0030301241204143,0,0.5543733611702919,11,3,5,0,D S,Espanyol,0,2.0030301241204143,2.6128574209287763,2.4083885895088315,La Liga,2025-2026
7050,Lucas Torró,34,2362,0,2.2390968278050423,1,1.2621251428499818,29,15,6,0,M S,Osasuna,0,2.2390968278050423,5.123437849804759,3.7546714833006254,La Liga,2025-2026
7086,David Hancko,30,2443,0,1.6438409592956305,2,2.1513782758265734,21,13,2,0,D S,Atletico Madrid,0,1.6438409592956305,12.420591298490764,10.175065614283085,La Liga,2025-2026
7095,Juan Musso,8,720,0,0.0,0,0.0,0,0,2,0,GK,Atletico Madrid,0,0.0,2.460761435329914,2.460761435329914,La Liga,2025-2026
7194,Andriy Lunin,6,540,0,0.0,0,0.0,0,0,0,0,GK,Real Madrid,0,0.0,0.967596147209406,0.967596147209406,La Liga,2025-2026
7287,Iñaki Peña,16,1440,0,0.0,0,0.4040794968605041,0,3,0,0,GK,Elche,0,0.0,3.897747155278921,3.5779708586633205,La Liga,2025-2026
7338,Bryan Gil Salvatierra,29,1607,0,3.14223606325686,3,3.625121179968119,27,21,5,0,F M S,Girona,0,3.14223606325686,11.089613553136587,6.996503568254411,La Liga,2025-2026
7350,Yangel Herrera,14,638,0,0.689001614227891,0,0.0548966005444526,6,2,2,0,M S,"Girona,Real Sociedad",0,0.689001614227891,1.6791701149195433,1.4945150688290596,La Liga,2025-2026
7385,Javi Galán,25,1806,0,0.1987070022150874,1,1.9444998521357773,6,30,3,0,D S,"Atletico Madrid,Osasuna",0,0.1987070022150874,6.001055222004652,4.955446168780327,La Liga,2025-2026
7424,Alex Sola,1,10,0,0.0,0,0.0,0,0,0,0,S,Getafe,0,0.0,0.0,0.0,La Liga,2025-2026
7500,Giacomo Raspadori,12,203,0,0.8766965568065643,1,0.9504356123507024,7,4,1,0,F S,Atletico Madrid,0,0.8766965568065643,1.947984542697668,0.268772192299366,La Liga,2025-2026
7515,Andrei Ratiu,35,2791,0,2.3735468704253435,4,6.194820357486606,31,44,8,0,D M S,Rayo Vallecano,0,2.3735468704253435,16.08938203752041,11.390583541244268,La Liga,2025-2026
7529,Iván Martín,35,2558,0,1.1094311196357012,1,2.176630087196827,13,26,3,1,M S,Girona,0,1.1094311196357012,10.834588035941124,8.479688461869955,La Liga,2025-2026
7549,Abel Ruiz,9,168,0,0.2920397743582725,0,0.1312386691570282,5,2,0,0,S,Girona,0,0.2920397743582725,1.2712495923042295,0.8877681791782379,La Liga,2025-2026
7574,Leo Petrot,32,1572,0,0.4956944026052952,0,0.025175416842103,8,1,2,1,D S,Elche,0,0.4956944026052952,4.4949280973523855,4.273093161173165,La Liga,2025-2026
7613,Moussa Diarra,3,225,0,0.0,0,0.0150750838220119,0,1,1,0,D,Alaves,0,0.0,0.0612770691514015,0.0612770691514015,La Liga,2025-2026
7655,Carl Starfelt,19,1492,0,0.3869095593690872,0,0.0776824131608009,4,1,1,1,D S,Celta Vigo,0,0.3869095593690872,6.181167300790548,6.128349464386702,La Liga,2025-2026
7826,Joseph Aidoo,8,640,0,0.3532345592975616,0,0.0,2,0,0,0,D S,Celta Vigo,0,0.3532345592975616,1.9199420809745789,1.9199420809745789,La Liga,2025-2026
7838,Martin Valjent,37,3311,0,0.9677190342918038,0,0.1400438267737627,17,3,6,0,D,Mallorca,0,0.9677190342918038,9.191905220970511,8.853639227338135,La Liga,2025-2026
7841,Dani Rodríguez,2,56,0,0.0234660059213638,0,0.0,1,0,0,0,S,Mallorca,0,0.0234660059213638,0.0965382605791091,0.0730722546577453,La Liga,2025-2026
7857,Jon Moncayola,36,3061,0,2.3341868557035923,4,4.85785942338407,23,39,9,0,D M S,Osasuna,0,2.3341868557035923,10.213275477290154,5.148858282715082,La Liga,2025-2026
7859,Sergio Herrera,37,3284,0,0.0,0,0.0,0,0,3,1,GK,Osasuna,0,0.0,2.1348039116710424,2.1348039116710424,La Liga,2025-2026
7882,Sheraldo Becker,9,124,0,0.1651192680001258,0,0.2503879070281982,3,2,0,0,S,Osasuna,0,0.1651192680001258,0.4155071675777435,0.0,La Liga,2025-2026
7927,Sofyan Amrabat,17,1297,0,0.2392287040129304,0,0.2395817404612898,8,7,4,0,M S,Real Betis,0,0.2392287040129304,3.977388694882393,3.5761187840253115,La Liga,2025-2026
7981,Nianzou Kouassi,12,670,0,0.5957351680845022,0,0.1417838707566261,9,2,5,1,D S,Sevilla,0,0.5957351680845022,1.8371144905686376,1.6802604347467422,La Liga,2025-2026
8014,Abdón Prats,15,92,0,0.6957777887582779,0,0.114988125860691,5,2,0,0,S,Mallorca,0,0.6957777887582779,1.335592957213521,0.6818445790559053,La Liga,2025-2026
8058,Thierry Correia,24,1386,0,0.2800837680697441,2,1.7092203814536333,5,13,5,0,D S,Valencia,0,0.2800837680697441,5.648564742878079,4.133561937138438,La Liga,2025-2026
8108,Daniel Cárdenas,4,360,0,0.0,0,0.0,0,0,0,0,GK,Rayo Vallecano,0,0.0,0.9386077299714088,0.9386077299714088,La Liga,2025-2026
8200,Logan Costa,2,21,0,0.0,0,0.1427489966154098,0,1,0,0,S,Villarreal,0,0.0,0.4285685271024704,0.4285685271024704,La Liga,2025-2026
8329,Unai Vencedor,16,837,0,0.0,0,1.509224282577634,0,12,3,1,M S,Levante,0,0.0,2.1353150978684425,1.1437988132238388,La Liga,2025-2026
8409,Juanlu Sanchez,32,2016,0,0.7494942769408226,3,1.898656453937292,14,22,4,1,D M S,Sevilla,0,0.7494942769408226,5.390602208673954,3.3558341786265373,La Liga,2025-2026
8413,Javier López,26,1825,0,0.7022638451308012,1,1.1921943556517365,7,18,3,1,D S,Real Oviedo,0,0.7022638451308012,3.971468263305724,3.430697724223137,La Liga,2025-2026
8416,Sergio Lozano,1,7,0,0.0,0,0.0,0,0,0,0,S,Levante,0,0.0,0.0,0.0,La Liga,2025-2026
8423,Jon Pacheco Dozagarat,22,1737,0,0.2430377919226884,0,0.7593822702765465,4,5,3,1,D S,Alaves,0,0.2430377919226884,1.9814191441982985,1.834160102531314,La Liga,2025-2026
8424,Aimar Oroz,31,2175,0,1.6443974245339632,2,3.740993956103921,29,37,6,0,F M S,Osasuna,0,1.6443974245339632,7.147825986146927,4.407638059929013,La Liga,2025-2026
8548,Arnau Tenas,11,990,0,0.0,0,0.0,0,0,0,0,GK,Villarreal,0,0.0,0.7170081175863743,0.7170081175863743,La Liga,2025-2026
8584,Raul Moro,14,628,0,0.2312967237085104,2,1.70481850579381,6,9,0,0,M S,Osasuna,0,0.2312967237085104,3.413567554205656,1.6930943839251995,La Liga,2025-2026
8689,Yvan Neyou,5,49,0,0.0,0,0.0,0,0,2,0,S,Getafe,0,0.0,0.0,0.0,La Liga,2025-2026
8744,Juan Cruz,15,644,0,0.5461479425430298,0,0.0736327618360519,1,2,1,0,D S,Osasuna,0,0.5461479425430298,1.510681690648198,1.4370489101856947,La Liga,2025-2026
8760,Arsen Zakharyan,17,424,0,1.1044645830988884,0,1.1248002797365189,14,10,2,0,M S,Real Sociedad,0,1.1044645830988884,2.9856996089220047,1.2410607375204563,La Liga,2025-2026
8764,Oriol Rey,20,1316,0,0.3515440141782164,1,0.257574962452054,8,10,3,0,M S,Levante,0,0.3515440141782164,6.560898684896529,6.077804811298847,La Liga,2025-2026
8821,Donny van de Beek,2,37,0,0.0774523969739675,0,0.0,2,0,0,0,M S,Girona,0,0.0774523969739675,0.3744987845420837,0.2970463931560516,La Liga,2025-2026
8861,Urko Gonzalez,36,2615,0,0.6285140076652169,1,0.3392333183437586,18,10,7,0,M S,"Espanyol,Real Sociedad",0,0.6285140076652169,5.933217795565724,5.271215932443738,La Liga,2025-2026
8872,Matteo Ruggeri,26,1767,0,0.2124060494825244,3,3.959430998191237,5,25,4,0,D S,Atletico Madrid,0,0.2124060494825244,12.70430188626051,10.55473866313696,La Liga,2025-2026
8893,Josan,19,525,0,0.2787706330418587,3,2.917447838932276,3,20,2,0,D M S,Elche,0,0.2787706330418587,4.811085230670869,2.106689431704581,La Liga,2025-2026
8902,José Salinas,11,232,0,0.0947131365537643,0,0.129030168056488,1,4,2,0,D S,Espanyol,0,0.0947131365537643,1.075101003050804,0.9603677988052368,La Liga,2025-2026
8946,Mourad El Ghezouani,2,42,0,0.1101522445678711,0,0.0302054788917303,1,1,0,0,S,Elche,0,0.1101522445678711,0.2580279465764761,0.1176702231168747,La Liga,2025-2026
9008,Jairo Izquierdo,1,22,0,0.0,0,0.0,0,0,0,0,S,Elche,0,0.0,0.0,0.0,La Liga,2025-2026
9024,Yeremi Pino,2,165,0,0.1250712722539901,1,0.8602673262357712,2,6,0,0,M,Villarreal,0,0.1250712722539901,2.0280728340148926,1.4558568000793457,La Liga,2025-2026
9198,Unai Marrero,1,90,0,0.0,0,0.0,0,0,1,0,GK,Real Sociedad,0,0.0,0.0421100705862045,0.0421100705862045,La Liga,2025-2026
9217,Jesús Vázquez,24,936,0,0.2909505907446146,0,1.52333901822567,8,14,2,0,D S,Valencia,0,0.2909505907446146,5.841807333752513,4.413359213620424,La Liga,2025-2026
9297,Abdelkabir Abqar,23,1479,0,0.3874060558155179,2,0.7393411099910736,7,4,10,1,D S,Getafe,0,0.3874060558155179,0.4710551081225276,0.3116732258349657,La Liga,2025-2026
9424,Pablo Cuñat,2,180,0,0.0,0,0.0,0,0,0,0,GK,Levante,0,0.0,0.0,0.0,La Liga,2025-2026
9465,Beñat Turrientes,27,1355,0,0.8817815221846104,3,1.1862656697630882,20,12,7,0,M S,Real Sociedad,0,0.8817815221846104,5.57944718375802,4.06466400437057,La Liga,2025-2026
9505,Beñat Prados,2,87,0,0.0202444195747375,0,0.03657878190279,1,2,1,0,M S,Athletic Club,0,0.0202444195747375,0.1660694107413292,0.1294906288385391,La Liga,2025-2026
9519,Carlos Domínguez,8,602,0,0.4936205185949802,0,0.0324050560593605,2,1,1,0,D S,Celta Vigo,0,0.4936205185949802,2.678647793829441,2.646242737770081,La Liga,2025-2026
9520,Hugo Sotelo,20,1350,0,0.0896841175854206,2,2.2126377504318957,2,25,3,0,M S,Celta Vigo,0,0.0896841175854206,7.093898443505168,6.4456347450613976,La Liga,2025-2026
9768,Jesús Areso,26,1498,0,0.095483249053359,1,1.5605541560798883,3,23,3,0,D S,Athletic Club,0,0.095483249053359,2.973411399871111,2.2149724885821342,La Liga,2025-2026
9773,Joan García,30,2700,0,0.0,0,0.0,0,0,1,0,GK,Barcelona,0,0.0,11.522286765277386,11.522286765277386,La Liga,2025-2026
9793,Matías Dituro,22,1980,0,0.0,0,0.1083411779254674,0,2,1,0,GK,Elche,0,0.0,4.058199893683195,3.949858728796244,La Liga,2025-2026
9804,Gavi,11,578,0,0.0,1,0.68575119972229,0,8,3,0,M S,Barcelona,0,0.0,3.056205559521913,2.558164868503809,La Liga,2025-2026
9805,Álex Balde,28,1910,0,0.7527575083076954,2,2.8991151619702578,10,23,1,0,D S,Barcelona,0,0.7527575083076954,16.041015792638063,12.891519032418728,La Liga,2025-2026
9824,Julen Agirrezabala,18,1620,0,0.0,0,0.0134038729593157,0,1,1,0,GK,Valencia,0,0.0,0.8106938730925322,0.8106938730925322,La Liga,2025-2026
9839,Leo Román,33,2970,0,0.0,0,0.0,0,0,4,0,GK,Mallorca,0,0.0,3.981423040851951,3.981423040851951,La Liga,2025-2026
9922,Jon Karrikaburu,7,107,0,0.7094465997070074,0,0.0238551869988441,7,1,0,0,S,Real Sociedad,0,0.7094465997070074,0.4835655074566602,0.0,La Liga,2025-2026
9970,Antonio Sánchez,30,1016,0,0.5342528652399778,0,1.0588115602731705,6,12,3,1,D M S,Mallorca,0,0.5342528652399778,3.9616350531578064,2.470979319885373,La Liga,2025-2026
10067,Rubén Sánchez,21,774,0,0.1750586377456784,1,1.105343360453844,8,10,2,0,D M S,Espanyol,0,0.1750586377456784,4.239415235817432,3.1734081245958805,La Liga,2025-2026
10082,Hugo Gonzalez,1,4,0,0.0,0,0.0,0,0,0,0,S,Celta Vigo,0,0.0,0.0,0.0,La Liga,2025-2026
10101,Carlos Martín,11,473,0,1.149516565725207,0,0.5790477748960257,9,3,1,0,F M S,Rayo Vallecano,0,1.149516565725207,2.493734013289213,0.8341227322816849,La Liga,2025-2026
10107,César Tárrega,32,2588,0,0.6626794598996639,0,0.09015997312963,11,2,7,0,D S,Valencia,0,0.6626794598996639,6.760804255492985,6.695694123394787,La Liga,2025-2026
10121,Ilias Akhomach,20,876,0,2.596906803548336,1,1.5595727320760489,24,13,2,0,F M S,"Rayo Vallecano,Villarreal",0,2.596906803548336,5.816525641828775,2.7779084891080856,La Liga,2025-2026
10128,Javi Llabrés,16,147,0,0.3135058674961328,0,0.0436721295118331,5,1,0,0,M S,Mallorca,0,0.3135058674961328,0.3589514493942261,0.0748725105077028,La Liga,2025-2026
10155,Rubén Iranzo,1,1,0,0.0,0,0.0,0,0,0,0,S,Valencia,0,0.0,0.0,0.0,La Liga,2025-2026
10380,Zito,10,511,0,0.9731584936380386,2,0.9998054932802916,9,9,1,0,F M S,Mallorca,0,0.9731584936380386,2.6188953332602978,0.6459314078092575,La Liga,2025-2026
10397,Ugo Raghouber,16,705,0,0.0831064730882644,0,0.1725852377712726,3,4,1,0,M S,Levante,0,0.0831064730882644,1.1282448451966047,1.0098904836922884,La Liga,2025-2026
10526,Abu Kamara,12,210,0,0.4204422682523727,0,0.0988578666001558,4,3,1,0,M S,Getafe,0,0.4204422682523727,0.5959860552102327,0.076685918495059,La Liga,2025-2026
10614,Damián Rodríguez,2,155,0,0.0666191801428794,0,0.1211103573441505,3,2,1,0,M,Celta Vigo,0,0.0666191801428794,1.6293264627456665,1.5556451082229614,La Liga,2025-2026
10620,Luca Koleosho,3,48,0,0.024271871894598,0,0.0189368296414613,1,1,0,0,S,Espanyol,0,0.024271871894598,0.2459692731499672,0.2027605772018432,La Liga,2025-2026
10858,Jorge Herrando,28,1597,0,0.1706695649772882,1,0.6935188174247742,3,2,3,0,D S,Osasuna,0,0.1706695649772882,1.8340701051056385,1.8011348769068718,La Liga,2025-2026
10874,Ángel Fortuño,1,90,0,0.0,0,0.0,0,0,0,0,GK,Espanyol,0,0.0,0.0523208528757095,0.0523208528757095,La Liga,2025-2026
10875,Omar El Hilali,36,2853,0,0.0136713292449712,2,1.6936176465824246,1,17,9,0,D S,Espanyol,0,0.0136713292449712,5.094719165936112,3.9731050971895456,La Liga,2025-2026
10982,Copete,21,1767,0,1.944704715162516,0,0.1642674310132861,13,5,5,0,D S,Valencia,0,1.944704715162516,4.536973598413169,4.47673115786165,La Liga,2025-2026
11057,André Almeida,22,1007,0,0.874655444175005,2,2.1850007213652134,9,19,0,0,F M S,Valencia,0,0.874655444175005,6.30531516764313,4.309371467679739,La Liga,2025-2026
11091,Veljko Birmancevic,6,129,0,0.0635008849203586,0,0.1094615757465362,2,2,0,0,F S,Getafe,0,0.0635008849203586,1.493745282292366,1.3207827620208263,La Liga,2025-2026
11105,Abdul Mumin,3,77,0,0.0,0,0.0,0,0,0,0,D S,Rayo Vallecano,0,0.0,0.560370683670044,0.560370683670044,La Liga,2025-2026
11151,Marc Casadó,24,957,0,1.0334394490346313,1,0.5815958976745605,11,14,1,0,M S,Barcelona,0,1.0334394490346313,8.210956364870071,6.8881447948515415,La Liga,2025-2026
11185,Pablo Marín,34,1491,0,1.247849544510245,1,1.8537570256739853,13,13,2,0,M S,Real Sociedad,0,1.247849544510245,7.044556712731719,4.112739890813828,La Liga,2025-2026
11266,Manu Bueno,8,256,0,0.111180773936212,0,0.200551226735115,2,2,2,0,M S,Sevilla,0,0.111180773936212,1.3741315342485905,1.1735803224146366,La Liga,2025-2026
11306,Cyril Ngonge,9,441,0,0.4527680687606334,2,1.3367659226059914,11,8,4,0,M S,Espanyol,0,0.4527680687606334,1.2892310991883278,0.1015374576672911,La Liga,2025-2026
11343,Gabriel Suazo,29,2107,0,0.3101932983845472,2,2.7886302415281534,5,36,7,0,D S,Sevilla,0,0.3101932983845472,6.195922497659922,4.48605795763433,La Liga,2025-2026
11381,Dawda Camara,2,73,0,0.1603239923715591,0,0.0742387026548385,2,1,0,0,F S,Girona,0,0.1603239923715591,0.1399038955569267,0.0,La Liga,2025-2026
11383,Renato Veiga,33,2553,0,0.1982421772554516,0,0.1171861607581377,9,3,5,1,D S,Villarreal,0,0.1982421772554516,12.081188935786486,11.930671013891695,La Liga,2025-2026
11395,Iker Muñoz,19,928,0,0.3214873829856515,0,0.252276461571455,9,5,5,0,M S,Osasuna,0,0.3214873829856515,1.885208336636424,1.586097290739417,La Liga,2025-2026
11401,Haissem Hassan,38,1937,0,1.9617184847593307,3,1.7974820844829082,34,19,1,0,F M S,Real Oviedo,0,1.9617184847593307,5.390570223331451,2.5027807988226414,La Liga,2025-2026
11494,Justin-Noel Kalumba,3,81,0,0.0639324560761451,0,0.0,1,0,0,0,F S,Mallorca,0,0.0639324560761451,0.3317155018448829,0.2677830457687378,La Liga,2025-2026
11617,Yago Alonso,9,275,0,0.1545259803533554,0,0.0823154151439666,2,2,1,0,M S,Elche,0,0.1545259803533554,0.6895101312547922,0.5053495075553656,La Liga,2025-2026
11705,Federico Gattoni,1,5,0,0.0,0,0.0,0,0,0,0,S,Sevilla,0,0.0,0.0,0.0,La Liga,2025-2026
11740,Álvaro Vallés,28,2520,0,0.0,0,0.0,0,0,1,0,GK,Real Betis,0,0.0,3.662847968749702,3.662847968749702,La Liga,2025-2026
11809,Lucas Bergström,5,450,0,0.0,0,0.0,0,0,1,0,GK,Mallorca,0,0.0,0.9126056060194968,0.9126056060194968,La Liga,2025-2026
11826,Carlos Benavídez,13,311,0,0.2258257940411567,0,0.1044813767075538,3,3,0,1,D S,Alaves,0,0.2258257940411567,0.9414566792547704,0.6960180234164,La Liga,2025-2026
11834,Adrià Alti,1,7,0,0.0,0,0.0,0,0,0,0,S,Villarreal,0,0.0,0.028195347636938,0.028195347636938,La Liga,2025-2026
11890,Natan,33,2820,0,0.5199076561257243,0,0.3320370214059949,10,7,8,0,D S,Real Betis,0,0.5199076561257243,7.9655610248446465,7.7015365883708,La Liga,2025-2026
11924,Clemens Riedel,20,1405,0,0.1087655127048492,1,0.1781810065731406,3,4,5,0,D S,Espanyol,0,0.1087655127048492,2.985293955542147,2.905074262060225,La Liga,2025-2026
12044,Dani Pérez,1,1,0,0.0,0,0.0,0,0,0,0,S,Real Betis,0,0.0,0.0,0.0,La Liga,2025-2026
12046,Jhon Solis,12,362,0,0.1824372038245201,0,0.0616481304168701,3,1,0,0,M S,Girona,0,0.1824372038245201,0.8263201098889112,0.7203838434070349,La Liga,2025-2026
12074,David López,14,827,0,0.1796310562640428,0,0.0,4,0,2,0,D S,Mallorca,0,0.1796310562640428,1.622873079031706,1.622873079031706,La Liga,2025-2026
12180,Javier Rodríguez,33,2568,0,0.9755693003535272,1,1.070571830496192,13,10,5,0,D S,Celta Vigo,0,0.9755693003535272,9.956079953350129,9.42049274686724,La Liga,2025-2026
12207,Victor Parada,30,2159,0,1.8650571862235663,3,2.3767000967636704,12,14,7,1,D S,Alaves,0,1.8650571862235663,8.099021699279547,6.922715965658426,La Liga,2025-2026
12227,Álex Padilla,1,90,0,0.0,0,0.0,0,0,0,0,GK,Athletic Club,0,0.0,0.0349024757742881,0.0349024757742881,La Liga,2025-2026
12257,Rayane Belaid,2,140,0,0.5801612287759781,0,0.2035212367773056,4,2,0,0,F M,Atletico Madrid,0,0.5801612287759781,0.8024381846189499,0.1510706506669521,La Liga,2025-2026
12275,Willy Kambwala,2,85,0,0.0,0,0.0,0,0,0,0,D S,Villarreal,0,0.0,0.3595073595643043,0.3595073595643043,La Liga,2025-2026
12298,Augusto Batalla,34,3060,0,0.0,0,0.0504690390080213,0,2,5,0,GK,Rayo Vallecano,0,0.0,7.632259892299771,7.612099843099713,La Liga,2025-2026
12323,Johnny Cardoso,15,905,0,0.0442219888791441,0,0.3355124518275261,2,3,5,0,M S,Atletico Madrid,0,0.0442219888791441,2.752377048134804,2.4710518792271614,La Liga,2025-2026
12354,Iñaki Rupérez,1,1,0,0.0,0,0.0,0,0,0,0,S,Real Sociedad,0,0.0,0.0,0.0,La Liga,2025-2026
12393,Horatiu Moldovan,2,180,0,0.0,0,0.0,0,0,0,0,GK,Real Oviedo,0,0.0,0.0176513418555259,0.0176513418555259,La Liga,2025-2026
12426,Stanis Idumbo Muzambo,1,48,0,0.0494507662951946,0,0.2678038775920868,1,1,0,0,M,Sevilla,0,0.0494507662951946,0.3172546625137329,0.0,La Liga,2025-2026
12472,Iñigo Arguibide,6,187,0,0.0,0,0.0317141897976398,0,1,0,1,D S,Osasuna,0,0.0,0.1376515524461865,0.1059373626485467,La Liga,2025-2026
12642,Yoel Lago,12,966,0,0.0578714646399021,0,0.0766500122845172,1,2,4,0,D S,Celta Vigo,0,0.0578714646399021,2.9164676181972027,2.892027758061886,La Liga,2025-2026
12721,Ladislav Krejcí,2,180,0,0.1215347275137901,0,0.0,1,0,1,0,D,Girona,0,0.1215347275137901,0.1134412828832864,0.1134412828832864,La Liga,2025-2026
12723,Alejandro Francés,24,1077,0,0.6590694738551974,2,1.4396104291081429,16,10,2,1,D S,Girona,0,0.6590694738551974,6.060367487370968,5.5678981095552444,La Liga,2025-2026
12724,Adama Boiro,14,810,0,0.0531698428094387,0,0.1399121209979057,2,3,1,0,D S,Athletic Club,0,0.0531698428094387,1.9122118912637236,1.7599158138036728,La Liga,2025-2026
12821,Gerard Martín,32,2145,0,0.304868983104825,0,0.7627371614798903,7,13,6,0,D S,Barcelona,0,0.304868983104825,14.44864018075168,13.939255250617862,La Liga,2025-2026
12863,Pedro Díaz,34,1868,0,1.7679051300510764,1,1.6380874933674932,44,23,2,0,F M S,Rayo Vallecano,0,1.7679051300510764,7.993919337168336,5.8795163836330175,La Liga,2025-2026
12864,Pelayo Fernández,1,37,0,0.0570813156664371,0,0.0,1,0,0,0,S,Rayo Vallecano,0,0.0570813156664371,0.0853876248002052,0.0853876248002052,La Liga,2025-2026
12870,Buba Sangaré,12,556,0,0.0925227887928485,0,0.0,2,1,3,0,D S,Elche,0,0.0925227887928485,0.9505368992686272,0.8770411163568497,La Liga,2025-2026
12883,Marc Domenech,7,198,0,0.1169546842575073,1,0.5047692880034447,3,2,0,0,M S,Mallorca,0,0.1169546842575073,0.6539514735341072,0.0512349978089332,La Liga,2025-2026
12884,Endrick,1,5,0,0.0,0,0.0,0,0,0,0,S,Real Madrid,0,0.0,0.0,0.0,La Liga,2025-2026
12901,Antoniu Roca,13,262,0,0.2234912104904651,0,0.1881865486502647,5,3,2,0,M S,Espanyol,0,0.2234912104904651,1.8667865842580795,1.4656611531972883,La Liga,2025-2026
12914,Pau Navarro,24,2034,0,0.0560820512473583,0,0.4357209205627441,2,4,4,0,D,Villarreal,0,0.0560820512473583,6.9807911813259125,6.582743391394615,La Liga,2025-2026
12917,Luiz Júnior,28,2520,0,0.0,0,0.0,0,0,3,0,GK,Villarreal,0,0.0,6.171994894742966,6.171994894742966,La Liga,2025-2026
12951,Jan Salas,2,6,0,0.0,0,0.0,0,0,0,0,S,Mallorca,0,0.0,0.0,0.0,La Liga,2025-2026
12995,Bojan Miovski,1,44,0,0.0,0,0.0,0,0,0,0,F,Girona,0,0.0,0.0,0.0,La Liga,2025-2026
13005,Yáser Asprilla,15,601,0,0.5583002185449004,0,1.7849864326417446,15,12,0,0,F M S,Girona,0,0.5583002185449004,1.4411142249591649,0.7090051285922527,La Liga,2025-2026
13036,Pau Cabanes De La Torre,1,10,0,0.0,0,0.0,0,0,0,0,S,Villarreal,0,0.0,0.0,0.0,La Liga,2025-2026
13047,Coba da Costa,14,318,0,0.2343458440154791,0,0.0849930155090987,5,3,1,0,M S,Getafe,0,0.2343458440154791,0.6364300651475787,0.4354630215093493,La Liga,2025-2026
13083,Matías Moreno,28,2265,0,1.2664381377398968,0,0.6804856397211552,10,8,8,0,D S,Levante,0,1.2664381377398968,8.4254733286798,7.82221532985568,La Liga,2025-2026
13110,Toni Fernández,1,48,0,0.0,0,0.0881161764264106,0,1,0,0,F,Barcelona,0,0.0,0.0881161764264106,0.0,La Liga,2025-2026
13113,David Jiménez,2,78,0,0.090881623327732,0,0.0,1,0,0,0,D S,Real Madrid,0,0.090881623327732,0.2897253930568695,0.198843777179718,La Liga,2025-2026
13198,Ramón Martínez,2,99,0,0.0,0,0.0,0,0,0,0,S,Sevilla,0,0.0,0.885494738817215,0.885494738817215,La Liga,2025-2026
13227,Álvaro Cortés,1,90,0,0.0,0,0.0,0,0,0,0,D,Barcelona,0,0.0,0.2356807291507721,0.2356807291507721,La Liga,2025-2026
13229,Alassane Diatta,1,19,0,0.0,0,0.0,0,0,0,0,S,Villarreal,0,0.0,0.2692759037017822,0.2692759037017822,La Liga,2025-2026
13236,Diego Aguado,1,24,0,0.0,0,0.0,0,0,0,0,S,Real Madrid,0,0.0,0.1427914202213287,0.1427914202213287,La Liga,2025-2026
13266,Daniel Yáñez,2,40,0,0.0,1,0.3712937831878662,0,2,0,0,S,Real Madrid,0,0.0,0.1727207265794277,0.1727207265794277,La Liga,2025-2026
13267,Arkaitz Mariezkurrena,1,1,0,0.0,0,0.0,0,0,0,0,S,Real Sociedad,0,0.0,0.0,0.0,La Liga,2025-2026
13278,Youssef Lekhedim,25,1332,0,0.7915327316150069,1,2.768648535013199,11,16,6,0,D S,Alaves,0,0.7915327316150069,5.751958949491382,3.135219857096672,La Liga,2025-2026
13319,Facundo Garcés,10,786,0,0.61756222974509,0,0.0,8,0,3,0,D S,Alaves,0,0.61756222974509,0.7101098354905844,0.6371504832059145,La Liga,2025-2026
13334,Ismael Bekhoucha,4,106,0,0.0254324898123741,1,0.721170961856842,1,1,2,0,D S,Getafe,0,0.0254324898123741,1.1573026180267334,0.4361315965652466,La Liga,2025-2026
13374,Ángel Ortiz,13,584,0,0.0273902136832475,0,0.8803559150546789,1,6,1,0,D S,Real Betis,0,0.0273902136832475,1.54257298912853,0.8120450833812356,La Liga,2025-2026
13376,Pablo García,15,346,0,1.411434426903725,0,0.0550342518836259,13,2,1,0,M S,Real Betis,0,1.411434426903725,1.6470036320388317,0.3475204855203628,La Liga,2025-2026
13420,Vladyslav Krapyvtsov,2,136,0,0.0,0,0.0,0,0,0,0,GK S,Girona,0,0.0,0.0656651929020881,0.0656651929020881,La Liga,2025-2026
13482,Luken Beitia,2,91,0,0.0,0,0.0,0,0,0,0,D S,Real Sociedad,0,0.0,0.6515876054763794,0.6515876054763794,La Liga,2025-2026
13543,Valde,1,81,0,0.0,0,0.018097510561347,0,1,0,0,D,Real Madrid,0,0.0,0.162386879324913,0.1442893743515014,La Liga,2025-2026
13558,Daniel Díaz,1,13,0,0.0,0,0.0,0,0,0,0,S,Real Sociedad,0,0.0,0.0,0.0,La Liga,2025-2026
13580,Mikel Goti,4,64,0,0.7785072475671768,0,0.0,3,0,0,0,M S,Real Sociedad,0,0.7785072475671768,0.1768126040697097,0.0,La Liga,2025-2026
13638,Hugo Solozabal,1,4,0,0.0,0,0.0,0,0,0,0,S,Getafe,0,0.0,0.0,0.0,La Liga,2025-2026
13646,Lander Pinillos,1,1,0,0.0,0,0.0,0,0,0,0,S,Alaves,0,0.0,0.0,0.0,La Liga,2025-2026
13694,Jozhua Vertrouwd,9,433,0,0.0846294984221458,0,0.077861838042736,1,2,0,0,D S,Rayo Vallecano,0,0.0846294984221458,0.8880379656329751,0.8812460610643029,La Liga,2025-2026
13695,Samu Becerra,3,9,0,0.0,0,0.0846294984221458,0,1,0,0,S,Rayo Vallecano,0,0.0,0.0,0.0,La Liga,2025-2026
13697,Oier Luengo,3,228,0,0.070125862956047,1,0.098943255841732,1,1,0,0,D,Real Oviedo,0,0.070125862956047,0.2799486219882965,0.2799486219882965,La Liga,2025-2026
13698,Rahim Alhassane,28,1689,0,0.0599290756508708,0,1.573213404044509,3,17,2,0,D S,Real Oviedo,0,0.0599290756508708,4.904392350465059,3.995352517813444,La Liga,2025-2026
13699,Kwasi Sibo,27,1782,0,0.3234209390357137,0,0.0500031504780054,10,3,3,1,M S,Real Oviedo,0,0.3234209390357137,4.401804143562913,4.066265448927879,La Liga,2025-2026
13702,Borja Sánchez,1,9,0,0.0,0,0.0,0,0,0,0,S,Real Oviedo,0,0.0,0.0,0.0,La Liga,2025-2026
13703,Marco Esteban,1,40,0,0.0,0,0.0,0,0,0,0,S,Real Oviedo,0,0.0,0.0,0.0,La Liga,2025-2026
13704,Omar Falah,1,9,0,0.0,0,0.0,0,0,0,0,S,Real Oviedo,0,0.0,0.0,0.0,La Liga,2025-2026
13748,Jofre Torrents,3,33,0,0.0,0,0.0,0,0,0,0,S,Barcelona,0,0.0,1.2118503153324127,1.2118503153324127,La Liga,2025-2026
13749,Dro Fernández,4,83,0,0.0,0,0.0516483634710311,0,2,0,0,M S,Barcelona,0,0.0,0.6772245950996876,0.6255762316286564,La Liga,2025-2026
13761,Filip Ugrinic,27,1515,0,0.6209417562931776,3,3.7198971258476377,20,24,3,0,F M S,Valencia,0,0.6209417562931776,6.901665989309549,5.459673470817506,La Liga,2025-2026
13764,Calebe,19,767,0,0.1414615493267774,0,0.4505636161193251,5,12,2,0,D F M S,Alaves,0,0.1414615493267774,3.171772821806371,2.6320650037378077,La Liga,2025-2026
13766,Jorge Cabello,5,367,0,0.0,0,0.0,0,0,1,0,D S,Levante,0,0.0,0.7887009792029858,0.7887009792029858,La Liga,2025-2026
13770,Paco Cortés,12,456,0,0.5373847614973783,0,1.0183412544429302,12,6,2,0,F M S,Levante,0,0.5373847614973783,2.012773670256138,0.5975478962063789,La Liga,2025-2026
13772,Nacho Pérez,3,147,0,0.0,0,0.1981816329061985,0,2,1,0,D S,Levante,0,0.0,0.223194021731615,0.0250123757869005,La Liga,2025-2026
13787,Manuel Fernández,14,768,0,0.0420662704855203,0,0.0310803558677434,2,2,2,0,D S,Celta Vigo,0,0.0420662704855203,3.841555669903755,3.768409088253975,La Liga,2025-2026
13788,Davinchi,14,688,0,0.1961896456778049,0,0.0598578657954931,4,3,2,0,D S,Getafe,0,0.1961896456778049,0.497814642265439,0.3077848814427852,La Liga,2025-2026
13790,Joselu Pérez,2,16,0,0.0140858823433518,0,0.0,1,0,0,0,S,Getafe,0,0.0140858823433518,0.0140858823433518,0.0,La Liga,2025-2026
13823,Miguel Sierra,4,50,0,0.1966240983456373,0,0.0,4,0,0,0,S,Sevilla,0,0.1966240983456373,0.2267779856920242,0.0301538873463869,La Liga,2025-2026
13836,Álvaro Núñez,25,2006,0,0.2243863698095083,2,2.5366643499583006,6,21,2,0,D M S,"Celta Vigo,Elche",0,0.2243863698095083,9.689458632841706,8.704271027818322,La Liga,2025-2026
13838,Ali Houary,2,133,0,0.0558448247611522,0,0.0,2,0,0,0,M,Elche,0,0.0558448247611522,0.0558448247611522,0.0,La Liga,2025-2026
13841,Federico Redondo,11,158,0,0.0722631886601448,0,0.0104665448889136,1,1,0,0,M S,Elche,0,0.0722631886601448,0.0938160018995404,0.0833494570106267,La Liga,2025-2026
13843,Bambo Diaby,4,98,0,0.0,0,0.0,0,0,1,0,D S,Elche,0,0.0,0.0600255103781819,0.0600255103781819,La Liga,2025-2026
13848,Thiago Pitarch,10,615,0,0.3488739095628261,2,0.894539013504982,6,6,2,0,M S,Real Madrid,0,0.3488739095628261,2.404643889516592,1.81363170966506,La Liga,2025-2026
13855,Iván Corralejo,1,11,0,0.0,0,0.0,0,0,0,0,S,Real Betis,0,0.0,0.0551396198570728,0.0551396198570728,La Liga,2025-2026
13889,Jano Monserrate,2,14,0,0.0331510975956916,0,0.0,1,0,0,0,S,Atletico Madrid,0,0.0331510975956916,0.0331510975956916,0.0,La Liga,2025-2026
13953,Santiago Colombatto,33,2157,0,0.732619327493012,1,2.820774817839265,16,25,6,0,M S,Real Oviedo,0,0.732619327493012,6.469618431292474,5.312525178305805,La Liga,2025-2026
13954,Álex Forés,18,331,0,0.7922417521476746,1,0.0199069753289222,8,1,0,0,F S,Real Oviedo,0,0.7922417521476746,1.3318030647933483,0.5996671952307224,La Liga,2025-2026
13997,Hugo Lopez,2,57,0,0.0,0,0.0,0,0,0,0,M S,Villarreal,0,0.0,0.0,0.0,La Liga,2025-2026
14001,Nelson Deossa,20,725,0,0.473878163844347,0,0.6545962225645781,18,8,3,0,M S,Real Betis,0,0.473878163844347,4.098076751455665,3.2412512339651585,La Liga,2025-2026
14012,Fábio Cardoso,4,309,0,0.0,0,0.0,0,0,0,0,D,Sevilla,0,0.0,0.2649941742420196,0.2649941742420196,La Liga,2025-2026
14018,Lucas Ahijado,20,1086,0,1.1217116303741932,1,1.3586394265294075,10,9,3,0,D S,Real Oviedo,0,1.1217116303741932,4.464726865757257,2.8245097422041,La Liga,2025-2026
14080,Taufik Seidu,1,15,0,0.0,0,0.0,0,0,1,0,S,Atletico Madrid,0,0.0,0.0,0.0,La Liga,2025-2026
14086,Alex Sancris,18,693,0,0.3980247313156724,1,0.996218825224787,13,9,2,1,F M S,Getafe,0,0.3980247313156724,1.1331927608698606,0.6849178597331047,La Liga,2025-2026
14089,Lancinet Kourouma,5,23,0,0.0,0,0.0,0,0,0,1,S,Girona,0,0.0,0.0,0.0,La Liga,2025-2026
14093,Javier Olaizola,2,44,0,0.0,0,0.0,0,0,0,0,S,Mallorca,0,0.0,0.0722008645534515,0.0722008645534515,La Liga,2025-2026
14116,Diego Morcillo,1,8,0,0.5672497153282166,0,0.0,1,0,0,0,S,Alaves,0,0.5672497153282166,0.6797209978103638,0.112471267580986,La Liga,2025-2026
14117,Carlos Ballestero,1,1,0,0.0,0,0.0,0,0,0,0,S,Alaves,0,0.0,0.0,0.0,La Liga,2025-2026
14129,Xavi Espart,4,157,0,0.02841611020267,0,0.0,1,0,0,0,D S,Barcelona,0,0.02841611020267,0.2419061288237571,0.213490018621087,La Liga,2025-2026
14167,Selton Sánchez,7,191,0,0.2842219620943069,1,0.1571777909994125,4,4,0,0,M S,Athletic Club,0,0.2842219620943069,1.3910062201321125,0.949606478214264,La Liga,2025-2026
14173,Pablo Agudín,8,60,0,0.0426228204742074,0,0.0,2,0,0,0,S,Real Oviedo,0,0.0426228204742074,0.0299487896263599,0.0,La Liga,2025-2026
14183,Asier Hierro,1,30,0,0.0869530513882637,0,0.0195711869746446,1,1,0,0,S,Athletic Club,0,0.0869530513882637,0.1065242365002632,0.0,La Liga,2025-2026
14202,Jorge Montes,1,24,0,0.0,0,0.0,0,1,0,0,S,Getafe,0,0.0,0.0,0.0,La Liga,2025-2026
14205,Tomás Marqués,2,5,0,0.0,0,0.0,0,0,0,0,S,Barcelona,0,0.0,0.0,0.0,La Liga,2025-2026
14208,Gorka Carrera,3,49,0,0.5620909333229065,0,0.0,1,0,1,0,S,Real Sociedad,0,0.5620909333229065,0.5806836429983377,0.0185927096754312,La Liga,2025-2026
14216,Eder García,2,30,0,0.0365744195878505,0,0.0,1,0,1,0,S,Athletic Club,0,0.0365744195878505,0.0672711096704006,0.03069669008255,La Liga,2025-2026
14221,Carlos Macià,5,65,0,0.0231574438512325,0,0.0,1,0,1,0,S,Villarreal,0,0.0231574438512325,0.0448665767908096,0.0217091329395771,La Liga,2025-2026
14222,Aitor Mañas,9,105,0,1.0849704146385193,0,0.0306509360671043,2,2,0,0,S,Alaves,0,1.0849704146385193,0.8037964031100273,0.2583816945552826,La Liga,2025-2026
14224,Aleksa Puric,2,40,0,0.0,0,0.0,0,0,0,0,S,Atletico Madrid,0,0.0,0.3975091576576233,0.3975091576576233,La Liga,2025-2026
14227,Juan Arango,2,14,0,0.0,0,0.0,0,0,1,0,S,Girona,0,0.0,0.0,0.0,La Liga,2025-2026
14233,Dani Martinez,1,90,0,0.0,0,0.0,0,0,0,0,D,Atletico Madrid,0,0.0,0.6260418891906738,0.6260418891906738,La Liga,2025-2026
14246,Jorge Cestero,2,8,0,0.0,0,0.0,0,0,0,0,S,Real Madrid,0,0.0,0.0,0.0,La Liga,2025-2026
14258,Kareem Tunde,21,1183,0,1.294460777193308,1,0.6319677345454693,21,6,3,0,M S,Levante,0,1.294460777193308,3.713249473832548,2.09413805231452,La Liga,2025-2026
14259,Lander Astiazarán,1,1,0,0.0211206022650003,0,0.0,1,0,0,0,S,Real Sociedad,0,0.0211206022650003,0.0,0.0,La Liga,2025-2026
14287,Alejandro Mestanza,3,68,0,0.0186938811093568,0,0.0,1,0,0,0,M S,Getafe,0,0.0186938811093568,0.0623364271596074,0.0436425460502505,La Liga,2025-2026
14316,Nicolás Fonseca,19,1028,0,0.1822443902492523,0,0.0975932888686657,8,3,6,0,M S,Real Oviedo,0,0.1822443902492523,2.805281972512603,2.65612081810832,La Liga,2025-2026
14322,Ibai Aguirre,1,4,0,0.0,0,0.0,0,0,0,0,S,Real Sociedad,0,0.0,0.0,0.0,La Liga,2025-2026
14323,Julio Díaz,4,322,0,0.0327764712274074,1,0.5733384490013123,1,6,2,0,D,Atletico Madrid,0,0.0327764712274074,1.1388447135686874,1.0360560566186905,La Liga,2025-2026
14334,Thiago Borbas,12,140,0,0.7139516249299049,0,0.0,5,0,1,0,S,Real Oviedo,0,0.7139516249299049,0.1709319315850734,0.0351529419422149,La Liga,2025-2026
14352,César Palacios,5,68,0,0.1309255510568618,0,0.0289352163672447,2,1,0,0,S,Real Madrid,0,0.1309255510568618,0.45789235830307,0.2980315908789634,La Liga,2025-2026
14353,Álvaro Leiva,1,2,0,0.0,0,0.0,0,0,0,0,S,Real Madrid,0,0.0,0.0,0.0,La Liga,2025-2026
14362,Hugo Burcio,1,4,0,0.0,0,0.0,0,0,0,0,S,Celta Vigo,0,0.0,0.1351992636919021,0.1351992636919021,La Liga,2025-2026
14364,Job Ochieng,2,92,0,0.0861476957798004,0,0.1534191071987152,1,2,0,0,M S,Real Sociedad,0,0.0861476957798004,0.7767086327075958,0.6509783715009689,La Liga,2025-2026
14366,Álex Sánchez,1,5,0,0.0,1,0.0798447132110595,0,1,0,0,S,Elche,0,0.0,0.0798447132110595,0.0798447132110595,La Liga,2025-2026
14389,Sebastián Boselli,11,356,0,0.3955472148954868,0,0.2820167243480682,4,1,4,0,D S,Getafe,0,0.3955472148954868,0.3516185171902179,0.0474517010152339,La Liga,2025-2026
14393,Thiago Fernández,17,919,0,0.8692414863035083,4,2.8690570928156376,15,12,4,0,F M S,Real Oviedo,0,0.8692414863035083,4.160179313272238,1.7156872656196356,La Liga,2025-2026
14396,Alexander Freeman,10,332,0,0.0165326949208974,0,0.0153919970616698,1,1,0,0,D S,Villarreal,0,0.0165326949208974,2.269592549651861,2.2376678586006165,La Liga,2025-2026
14397,Tai Abed,7,68,0,0.1629865318536758,0,0.3915646374225616,2,1,0,0,S,Levante,0,0.1629865318536758,0.5877043940126896,0.0331532098352909,La Liga,2025-2026
14413,Wesley,5,74,0,0.0101176528260111,0,0.0,1,0,0,0,M S,Real Sociedad,0,0.0101176528260111,0.0711119649931788,0.0609943121671676,La Liga,2025-2026
14439,Obed Vargas,12,742,0,0.1979613173753023,1,0.1968949781730771,5,4,2,0,M S,Atletico Madrid,0,0.1979613173753023,2.4817810729146004,2.10262493789196,La Liga,2025-2026
14500,Andrés Antañón,2,64,0,0.3174709677696228,0,0.0,2,0,0,0,F S,Celta Vigo,0,0.3174709677696228,0.3359346985816955,0.0184637550264596,La Liga,2025-2026
14502,Manuel Ángel,4,86,0,0.0614622384309768,0,0.0,2,0,0,0,M S,Real Madrid,0,0.0614622384309768,0.3262549117207527,0.2647926788777113,La Liga,2025-2026
14518,Renzo Saravia,5,358,0,0.0165427662432193,0,0.0186504311859607,1,1,2,0,D S,Valencia,0,0.0165427662432193,0.774496179074049,0.7579534165561199,La Liga,2025-2026
14519,Ville Koski,5,281,0,0.0168447066098451,0,0.0680949166417121,1,1,0,0,D S,Alaves,0,0.0168447066098451,0.0252987798303365,0.0252987798303365,La Liga,2025-2026
14555,Javier Morcillo,5,152,0,0.1446019411087036,0,0.0677114129066467,2,1,2,0,M S,Atletico Madrid,0,0.1446019411087036,1.285095565021038,1.2471618428826332,La Liga,2025-2026
14588,Lluc Castell,1,15,0,0.0,0,0.0,0,0,0,0,S,Espanyol,0,0.0,0.0,0.0,La Liga,2025-2026
14603,Damián Cáceres,3,150,0,0.0,0,0.0,0,0,0,0,M S,Getafe,0,0.0,0.102011814713478,0.102011814713478,La Liga,2025-2026
14612,Miguel Calatayud,2,34,0,0.028024910017848,0,0.0,1,0,0,0,S,Mallorca,0,0.028024910017848,0.028024910017848,0.0,La Liga,2025-2026
14613,Luis Orejuela,1,90,0,0.0477552004158496,0,0.0,1,0,0,0,D,Mallorca,0,0.0477552004158496,0.0652059540152549,0.0652059540152549,La Liga,2025-2026
14630,Manuel Serrano,1,3,0,0.0,0,0.0,0,0,0,0,S,Real Madrid,0,0.0,0.5011940598487854,0.5011940598487854,La Liga,2025-2026
7006,Lautaro Martínez,30,2205,17,17.13883000984788,6,6.291475351899862,92,37,4,0,F S,Inter,17,17.13883000984788,27.78616793453693,9.802525106817484,Serie A,2025-2026
9749,Donyell Malen,18,1499,14,15.204708069562912,2,1.5484345965087414,70,8,1,0,F,Roma,11,12.159512802958488,14.910507656633854,3.856066580861807,Serie A,2025-2026
12030,Tasos Douvikas,38,2279,14,15.170707620680332,1,2.2419783361256123,65,24,0,0,F S,Como,13,14.409408785402777,18.061821380630136,3.230370203964412,Serie A,2025-2026
5992,Marcus Thuram,29,1933,13,11.89548808708787,6,4.468800758942962,74,29,2,0,F S,Inter,13,11.89548808708787,16.43578341603279,4.1567751057446,Serie A,2025-2026
11055,Rasmus Højlund,33,2784,13,13.312345487996936,5,3.267297463491559,60,33,1,0,F S,Napoli,12,12.551046593114734,19.513361055403948,4.611839467659593,Serie A,2025-2026
11541,Nico Paz,35,2905,12,8.902074420824647,6,7.032759159803391,121,51,5,0,F M S,Como,12,7.379476809874177,19.75359764881432,8.872835339978337,Serie A,2025-2026
1102,Giovanni Simeone,32,2273,11,11.181717524304986,0,1.8582251174375413,78,23,1,0,F M S,Torino,11,11.181717524304986,14.051242487505078,1.50459766946733,Serie A,2025-2026
1053,Keinan Davis,30,2106,10,9.890136182308195,4,4.327703749760985,50,31,6,0,F S,Udinese,6,6.844940945506096,13.425299689173698,5.164774231612682,Serie A,2025-2026
2019,Federico Bonazzoli,35,2571,10,9.023360214661809,1,1.532783793285489,75,13,4,0,F S,Cremonese,7,6.739463760983199,10.240432717371732,3.803929052315653,Serie A,2025-2026
5560,Scott McTominay,33,2798,10,12.429753053933382,3,2.005369659513235,101,22,1,0,M S,Napoli,10,11.66845427826047,15.440493501722813,8.038824290037155,Serie A,2025-2026
6160,Riccardo Orsolini,35,2146,10,10.890181131660938,1,1.7088488563895226,82,26,2,0,F M S,Bologna,6,6.322388224303722,12.810560373589396,6.704501977190375,Serie A,2025-2026
6253,Gianluca Scamacca,24,1318,10,8.868786808103323,1,1.356632051989436,57,17,2,0,F S,Atalanta,8,7.346189212054014,10.201008120551704,3.702565290033817,Serie A,2025-2026
11942,Kenan Yildiz,36,2877,10,8.627187782898545,6,10.82039262354374,97,76,2,0,F M S,Juventus,9,7.104590082541108,22.73396671190858,10.23432817030698,Serie A,2025-2026
12008,Nikola Krstovic,33,1781,10,15.67498453706503,5,3.230607645586133,99,23,4,0,F S,Atalanta,10,15.67498453706503,19.62596950680017,3.146167431026697,Serie A,2025-2026
189,Hakan Calhanoglu,22,1674,9,5.147694624960423,4,3.476379970088601,50,40,7,0,M S,Inter,5,1.341200515627861,10.343171261250973,8.637412548065186,Serie A,2025-2026
4895,Andrea Pinamonti,36,2610,9,11.534677205607297,3,1.7828310579061508,73,17,2,1,F S,Sassuolo,9,10.773378429934382,12.005125224590302,2.1364129073917866,Serie A,2025-2026
7193,Rafael Leão,29,1874,9,9.601861637085676,3,4.9774565836414695,63,23,5,0,F S,AC Milan,7,8.079263962805271,15.73306704312563,4.835623417049646,Serie A,2025-2026
13446,Mateo Pellegrino,37,3012,9,9.909808543510737,1,2.1411109482869506,73,22,5,0,F S,Parma Calcio 1913,8,9.148509708233178,11.22907519992441,2.2242126809433103,Serie A,2025-2026
1304,Moise Kean,26,2042,8,15.379306508228185,1,0.0630031991750001,98,3,4,0,F S,Fiorentina,6,13.856708897277713,11.769600430503488,0.8457555938512087,Serie A,2025-2026
1612,Domenico Berardi,26,1995,8,6.783539568074048,4,5.058273881673813,40,33,2,1,F M S,Sassuolo,6,4.499643106944859,13.033610694110394,6.80599008500576,Serie A,2025-2026
2662,Christian Pulisic,30,1612,8,9.544671326875688,4,5.038487618789077,54,38,0,0,F S,AC Milan,8,8.78337250649929,16.272753523662686,6.288353566080332,Serie A,2025-2026
6276,Nikola Vlasic,37,3079,8,7.40812112763524,3,4.68042840436101,49,54,7,0,F M S,Torino,3,3.601626990363002,14.853947822004557,8.530875468626618,Serie A,2025-2026
755,Jamie Vardy,29,2120,7,6.281962929293513,2,2.123625386506319,30,15,5,0,F S,Cremonese,7,6.281962929293513,10.19005998596549,2.679563503712416,Serie A,2025-2026
1324,Federico Dimarco,35,2709,7,7.286320146173239,16,15.929082989692688,65,95,3,0,D S,Inter,7,7.286320146173239,29.17661831900477,13.816550381481647,Serie A,2025-2026
3300,Christopher Nkunku,32,1343,7,9.940500289201736,3,1.6137207765132189,29,16,0,0,F S,AC Milan,2,6.134006172418594,8.721460867673159,2.4926984682679176,Serie A,2025-2026
3821,Rolando Mandragora,34,2470,7,4.695387580431998,3,2.880523666739464,64,35,7,0,M S,Fiorentina,6,3.934088763780892,9.77954494766891,5.925872426480055,Serie A,2025-2026
6697,Armand Lauriente,38,2655,7,4.392248864285648,9,8.514929416589439,71,54,4,0,F M S,Sassuolo,7,4.392248864285648,14.82768054679036,7.808049842715263,Serie A,2025-2026
7084,Dusan Vlahovic,19,972,7,7.53763036429882,1,1.247139237821102,49,12,0,0,F S,Juventus,6,6.776331529021263,8.03644740395248,1.5761071387678385,Serie A,2025-2026
7969,Sebastiano Esposito,36,2751,7,5.744417134672403,5,5.577771823387593,57,71,6,0,F M S,Cagliari,6,4.983118314296007,11.48640700429678,4.763355305418372,Serie A,2025-2026
8478,Lorenzo Colombo,38,2373,7,9.395731360651553,1,1.8719797153025863,66,19,2,0,F S,Genoa,6,7.873133630491793,10.42385957017541,3.2527221143245697,Serie A,2025-2026
12367,Gift Orban,28,2055,7,12.242711776867507,2,2.530362664721906,85,21,4,1,F S,Verona,5,10.720114121213555,15.178966717794538,2.56054631061852,Serie A,2025-2026
12528,Santiago Castro,35,2381,7,8.299087951891124,2,2.7326227221637964,63,28,3,0,F S,Bologna,7,8.299087951891124,10.868452872149646,1.5710173277184367,Serie A,2025-2026
13939,Stefano Moreo,37,2336,7,6.222204111516476,1,3.5465334709733725,52,23,2,0,F M S,Pisa,5,4.699606470763683,9.92034813389182,3.6867972668260336,Serie A,2025-2026
14003,Francesco Pio Esposito,35,1535,7,9.864515269175172,3,2.056677933782339,57,21,1,0,F S,Inter,7,9.864515269175172,13.50071531161666,3.596131581813097,Serie A,2025-2026
1386,Piotr Zielinski,34,2048,6,2.100138319656253,3,4.237796379253268,29,29,3,0,M S,Inter,5,1.338839491829276,13.946551250293853,11.256322965025902,Serie A,2025-2026
3291,Adrien Rabiot,29,2546,6,4.362811662256718,4,3.9378524888306856,46,27,4,1,M S,AC Milan,6,4.362811662256718,15.66315065138042,10.026626612991096,Serie A,2025-2026
7700,Che Adams,33,1899,6,6.609602872282267,2,3.2093243608251214,53,25,0,0,F M S,Torino,6,6.609602872282267,12.337604934349656,3.927069513127208,Serie A,2025-2026
7947,Ruslan Malinovskiy,34,2279,6,4.387408828362823,3,4.342402706854045,55,38,10,0,M S,Genoa,3,2.103512350469828,9.468432288616896,6.581966793164611,Serie A,2025-2026
8182,Lucas Da Cunha,36,2765,6,6.926369271241128,4,6.021571090444922,42,45,4,0,M S,Como,2,3.881173974834383,17.49147634766996,12.713604623451827,Serie A,2025-2026
8636,Jonathan Christian David,35,1784,6,11.464318415150046,4,4.232262331992388,41,33,0,0,F S,Juventus,6,10.703019579872487,14.402950731106102,4.125553295947611,Serie A,2025-2026
9965,Matìas Soulè Malvano,33,2207,6,4.678685570135713,5,4.457678508944809,52,45,1,0,F M S,Roma,6,4.678685570135713,15.858708873391151,9.501005835831164,Serie A,2025-2026
10433,Cesare Casadei,33,1971,6,4.651984546333551,0,1.8106952449306848,35,17,5,0,M S,Torino,6,4.651984546333551,10.028646923601627,6.922802485525608,Serie A,2025-2026
13069,Ismaël Koné,35,2795,6,5.083259547129273,0,1.759748755954206,23,23,3,1,M S,Sassuolo,6,5.083259547129273,12.1725369929336,7.844343296717852,Serie A,2025-2026
13934,Martin Baturina,29,1579,6,1.901092293672264,3,6.69613741338253,28,61,0,0,F M S,Como,6,1.901092293672264,11.85915962420404,7.063820514827967,Serie A,2025-2026
447,Kevin De Bruyne,18,1176,5,3.5163134410977364,2,4.023396631702781,27,36,1,0,M S,Napoli,2,1.2324169697239995,7.890820484608412,5.31821558624506,Serie A,2025-2026
687,Pedro,29,954,5,2.253662777133286,2,2.8057295260950923,22,20,4,0,F M S,Lazio,3,0.7310651587322354,3.6938994862139225,1.6364152282476423,Serie A,2025-2026
5360,Weston McKennie,36,2857,5,8.643968606367707,5,5.391984527930617,43,48,5,0,D M S,Juventus,5,8.643968606367707,21.191430151462555,12.14923783019185,Serie A,2025-2026
6686,Nicolo Zaniolo,32,2308,5,6.143913544714451,6,5.693028134293854,72,51,8,0,F M S,Udinese,5,6.143913544714451,12.040764158591628,3.449165239930153,Serie A,2025-2026
7005,Jens Odgaard,26,1391,5,2.728798510506749,1,0.936283141374588,35,14,1,0,F M S,Bologna,5,2.728798510506749,5.993094911798835,3.132464464753866,Serie A,2025-2026
7628,Lameck Banda,32,1768,5,3.2459914926439524,4,3.3277904372662306,38,23,6,1,F M S,Lecce,5,3.2459914926439524,7.624415159225464,2.613522628322244,Serie A,2025-2026
8642,Strahinja Pavlovic,34,2876,5,3.910906858742237,1,0.7155323065817356,26,15,3,0,D S,AC Milan,5,3.910906858742237,12.916616784408689,10.892403895035386,Serie A,2025-2026
9993,Jurgen Ekkelenkamp,31,2234,5,4.730059016495943,3,2.5550372377038,33,27,1,0,F M S,Udinese,5,4.730059016495943,10.37775133550167,3.8738196790218353,Serie A,2025-2026
10237,Leo Østigard,30,2631,5,2.920729400590062,1,0.8717853697016835,22,10,7,0,D,Genoa,5,2.920729400590062,6.932035542093217,5.880535993725061,Serie A,2025-2026
10366,Albert Gudmundsson,33,2290,5,5.804271567612886,4,3.7848143130540848,41,31,4,1,F M S,Fiorentina,2,3.520375095307827,10.843363923951983,6.05417984444648,Serie A,2025-2026
11380,Vitinha,35,2262,5,6.909197731874883,1,2.17753553763032,65,16,5,0,F M S,Genoa,5,6.909197731874883,9.6502389581874,2.648514298722148,Serie A,2025-2026
11800,Arthur Atta,32,2575,5,4.234897628426552,3,3.253640430048108,57,34,3,0,F M S,Udinese,5,4.234897628426552,14.451863273978232,8.205154605209827,Serie A,2025-2026
11883,Gennaro Borrelli,27,1263,5,4.579960027709603,1,0.8707911921665072,30,12,4,0,F S,Cagliari,5,4.579960027709603,5.725788693875074,2.594655658118427,Serie A,2025-2026
11951,Gustav Isaksen,30,1606,5,5.408482110127807,1,0.8823539484292269,48,17,0,0,F S,Lazio,5,5.408482110127807,7.817846435122192,2.5441228905692697,Serie A,2025-2026
12784,Ange-Yoan Bonny,33,1112,5,4.581577172502875,4,2.670865649357438,22,17,1,0,F S,Inter,5,4.581577172502875,9.682558439671991,3.249240666627884,Serie A,2025-2026
13891,Wesley,30,2474,5,2.484328309074044,0,5.352143730968237,25,33,5,2,D M S,Roma,5,2.484328309074044,14.14132072031498,7.724048685282469,Serie A,2025-2026
317,Henrikh Mkhitaryan,30,1547,4,6.040000427514315,1,3.310718573629856,43,23,5,0,M S,Inter,4,6.040000427514315,18.362661907449365,12.080620812252164,Serie A,2025-2026
1424,Federico Bernardeschi,29,1198,4,3.179261529818177,2,3.570297403261065,39,29,3,0,F M S,Bologna,3,2.41796269454062,8.06808358617127,3.1546717965975404,Serie A,2025-2026
1471,Lorenzo Pellegrini,24,1508,4,4.77526899240911,2,2.9984955824911594,32,29,2,0,F M S,Roma,2,3.2526713106781244,7.576448664069176,4.90537278726697,Serie A,2025-2026
3544,Jeremie Boga,15,666,4,4.128830907866359,0,1.6714485827833414,24,15,1,0,F M S,Juventus,4,4.128830907866359,7.31940452568233,1.9582742899656296,Serie A,2025-2026
4291,Marc-Oliver Kempf,34,2317,4,3.2830319171771407,1,1.0999353304505348,22,8,3,0,D S,Como,4,3.2830319171771407,8.622972431592643,8.481748702004552,Serie A,2025-2026
6159,Gianluca Mancini,36,3087,4,2.39453985914588,2,2.720187921077013,20,21,9,0,D,Roma,4,2.39453985914588,12.404685972258449,11.154921559616923,Serie A,2025-2026
6434,Franck Zambo,18,1253,4,2.5543451830744743,1,1.5510767428204415,23,13,1,0,M S,Napoli,4,2.5543451830744743,4.910352712497115,2.9804707523435354,Serie A,2025-2026
6960,Bremer,26,2187,4,2.7122608339414,3,0.4107095804065466,23,8,5,0,D S,Juventus,4,2.7122608339414,8.776241302490234,8.494891063310206,Serie A,2025-2026
7375,Roberto Piccoli,32,1653,4,6.827427292242646,1,1.5870586233213544,47,15,1,0,F S,Fiorentina,4,6.827427292242646,8.30208997335285,1.4810839276760817,Serie A,2025-2026
9018,M&#039;Bala Nzola,30,1514,4,7.317131128162146,1,1.2388474997133017,39,20,2,1,F S,"Pisa,Sassuolo",2,5.033234681934118,7.441231850534677,1.6971882237121465,Serie A,2025-2026
9071,Matteo Cancellieri,30,1740,4,5.217630736529827,3,1.9236066080629823,41,18,6,0,F M S,Lazio,4,5.217630736529827,8.65033857896924,1.823181548155844,Serie A,2025-2026
9843,Caleb Ekuban,31,944,4,4.121994238346815,1,1.2507788091897964,29,11,0,0,F M S,Genoa,4,4.121994238346815,4.971754275262356,0.5887844664976001,Serie A,2025-2026
10994,Kristian Thorstvedt,32,2450,4,6.644855927675962,4,2.6294608265161514,43,32,9,0,F M S,Sassuolo,4,6.644855927675962,16.12818531692028,8.9037402626127,Serie A,2025-2026
11989,Walid Cheddira,33,1193,4,4.555503275245428,1,0.6070769298821688,33,11,3,0,F S,"Lecce,Sassuolo",4,4.555503275245428,5.885509114246815,1.6127010164782405,Serie A,2025-2026
12378,Tijjani Noslin,29,1113,4,4.319302462972701,2,2.387575278058648,35,17,4,1,F S,Lazio,4,4.319302462972701,8.645486512221396,3.176832916215062,Serie A,2025-2026
13930,Semih Kiliçsoy,22,973,4,2.0539160827174783,0,0.3908173693343997,17,11,1,0,F S,Cagliari,4,2.0539160827174783,2.991133206523955,1.0485907513648272,Serie A,2025-2026
13969,Nikola Stulic,34,1713,4,5.471318391617388,0,2.100543244741857,33,20,1,0,F S,Lecce,3,4.71001955633983,6.266159004531801,1.3460894767194986,Serie A,2025-2026
14417,Kieron Bowie,14,1211,4,4.099301479756832,0,0.4409037381410599,33,12,1,0,F,Verona,4,4.099301479756832,5.117839636281133,0.8250679215416312,Serie A,2025-2026
14427,Alisson Santos,14,836,4,1.5114381685853004,0,1.6118640415370464,29,14,1,0,F M S,Napoli,4,1.5114381685853004,5.084563827142119,2.7119111828505997,Serie A,2025-2026
64,Filip Kostic,18,461,3,0.6743299197405577,1,0.6833733469247818,9,10,1,0,D M S,Juventus,3,0.6743299197405577,3.385763455182314,2.3905558809638023,Serie A,2025-2026
688,Ruben Loftus-Cheek,28,1122,3,4.139354669488967,1,1.0412129200994968,29,10,2,0,F M S,AC Milan,3,4.139354669488967,7.335022354498506,4.437150865793228,Serie A,2025-2026
1134,Mario Pasalic,33,1922,3,3.4538544081151485,4,6.249310817569494,24,40,3,0,M S,Atalanta,3,3.4538544081151485,16.428963288664818,10.395109225064516,Serie A,2025-2026
1148,Duván Zapata,28,1088,3,4.402640111744404,1,2.6804053094238043,34,10,0,0,F S,Torino,3,3.641341291368008,5.999322157353163,0.5478684362024069,Serie A,2025-2026
1178,Davide Zappacosta,35,2605,3,3.226649757474661,3,4.505483852699399,37,42,3,0,D M S,Atalanta,3,3.226649757474661,14.347047809511425,9.38390316069126,Serie A,2025-2026
1206,Danilo Cataldi,27,2007,3,2.712070008739829,3,2.05142586119473,26,23,6,0,M S,Lazio,1,1.1894723707810044,6.059865925461054,4.789146137423813,Serie A,2025-2026
1409,Nicolò Barella,34,2561,3,3.819744417443872,8,7.965625556185842,35,70,7,0,M S,Inter,3,3.819744417443872,20.255492981523275,12.331657081842422,Serie A,2025-2026
1500,Leonardo Spinazzola,32,1906,3,1.2085956651717424,3,2.606285876594484,21,32,2,0,D M S,Napoli,3,1.2085956651717424,10.40181334875524,7.521526067517698,Serie A,2025-2026
1725,Christian Kabasele,30,2273,3,1.673705168068409,0,0.0634109750390052,9,1,5,1,D S,Udinese,3,1.673705168068409,2.382569535635412,2.2685341257601976,Serie A,2025-2026
1958,Mattia Zaccagni,26,2127,3,6.383842973038554,0,2.789195232093334,34,35,6,1,F M,Lazio,3,5.622544137760997,9.418848052620888,4.15836684871465,Serie A,2025-2026
3334,Lassana Coulibaly,33,2708,3,3.20009109005332,1,1.1774460021406412,28,20,4,0,M S,Lecce,3,3.20009109005332,7.588806392624974,4.855061332695186,Serie A,2025-2026
6136,Mario Hermoso,27,2106,3,2.192820576019585,2,0.8591896975412965,20,10,9,0,D S,Roma,3,2.192820576019585,7.192078398540616,5.719124445691705,Serie A,2025-2026
6155,Robin Gosens,26,1908,3,2.3951865192502737,1,0.9613326136022806,18,11,2,0,D M S,Fiorentina,3,2.3951865192502737,4.041613267734647,2.377325525507331,Serie A,2025-2026
6414,Yann Bisseck,23,1924,3,2.830854626372457,1,0.6501033678650856,25,8,2,0,D S,Inter,3,2.830854626372457,11.501843765377998,10.405136041343212,Serie A,2025-2026
6618,Oumar Solet,35,2962,3,2.899280917830765,1,2.299680335447192,33,21,1,0,D S,Udinese,2,2.137982082553208,10.7446121647954,9.351927611976862,Serie A,2025-2026
7049,Evan Ndicka,31,2686,3,2.3948372658342123,0,0.5625489521771669,23,6,5,0,D,Roma,3,2.3948372658342123,7.166667768731713,6.816481562331319,Serie A,2025-2026
7265,Kephren Thuram,35,2481,3,4.063328697346151,3,2.6531347520649438,50,25,2,0,M S,Juventus,3,4.063328697346151,12.774455543607472,8.52674344368279,Serie A,2025-2026
7500,Giacomo Raspadori,13,784,3,3.4865498393774037,1,1.2000453984364867,28,17,0,0,F M S,Atalanta,3,3.4865498393774037,6.076622746884823,1.7490264791995287,Serie A,2025-2026
7576,Nicolò Cambiaghi,28,1510,3,2.916797866113484,4,3.030234506353736,24,18,3,1,F M S,Bologna,3,2.916797866113484,6.658601673319936,1.8299096524715424,Serie A,2025-2026
7939,Morten Thorsby,24,1390,3,2.7189628621563315,1,0.7962901080027223,21,9,4,0,M S,"Cremonese,Genoa",3,2.7189628621563315,4.168536247685552,1.793543309904635,Serie A,2025-2026
8297,Alexis Saelemaekers,35,2819,3,3.5981931975111365,3,4.787930195219815,43,53,5,0,D F M S,AC Milan,3,3.5981931975111365,18.2068260461092,11.067787064239385,Serie A,2025-2026
8838,Junior Messias,20,655,3,1.863460099324584,1,1.0571954362094402,19,6,1,0,M S,Genoa,2,1.102161256596446,3.028691776096821,1.5729247871786356,Serie A,2025-2026
8867,Adrián Bernabé,32,2542,3,2.6228388603776693,1,4.641438805498183,50,55,0,0,D M S,Parma Calcio 1913,3,2.6228388603776693,8.53368706163019,4.340929888188839,Serie A,2025-2026
8912,Tommaso Pobega,26,1446,3,1.8404578557237985,1,0.5510165924206376,25,6,2,1,M S,Bologna,3,1.8404578557237985,5.318103016354144,3.350840594619513,Serie A,2025-2026
9107,Giorgio Scalvini,24,1841,3,3.860559612512589,1,1.580893311649561,20,14,2,0,D S,Atalanta,3,3.860559612512589,12.34991330653429,10.11700438708067,Serie A,2025-2026
9840,Denzel Dumfries,20,1332,3,3.654471157118678,1,1.4058833941817284,23,13,2,0,D S,Inter,3,3.654471157118678,8.609596928581595,4.1475053410977125,Serie A,2025-2026
9841,Andrea Cambiaso,36,2846,3,2.895034248009324,4,6.848085522651672,26,56,3,1,D M S,Juventus,3,2.895034248009324,19.01030919328332,13.388544871471822,Serie A,2025-2026
10172,Jonathan Rowe,28,1612,3,4.977084977552295,2,2.6996529325842857,48,21,2,0,F M S,Bologna,3,4.977084977552295,8.23259355314076,1.3820700384676456,Serie A,2025-2026
10177,Evan Ferguson,16,777,3,3.4807619526982307,2,1.686270648613572,26,15,1,0,F S,Roma,3,3.4807619526982307,5.405015859752893,1.0331951715052128,Serie A,2025-2026
10877,Charles De Ketelaere,31,2206,3,4.545966546982527,5,10.65264681726694,46,64,4,0,F M S,Atalanta,3,4.545966546982527,19.828982893377542,7.581169381737709,Serie A,2025-2026
11102,Adam Buksa,25,886,3,2.783920787274837,0,0.9992542769759892,12,11,3,0,F S,Udinese,3,2.783920787274837,3.916399106383324,0.5736364927142859,Serie A,2025-2026
11378,Máximo Perrone,36,2758,3,2.4864027742296457,4,2.535719258710742,18,32,8,0,M S,Como,3,2.4864027742296457,16.492772169411182,12.241286350414155,Serie A,2025-2026
11736,Artem Dovbyk,14,364,3,3.097826164215803,1,1.2935574017465117,12,11,0,0,F S,Roma,3,3.097826164215803,3.816741332411766,0.7824058942496777,Serie A,2025-2026
11768,Cher Ndour,33,1875,3,2.6130376681685448,0,0.347787800244987,24,7,2,0,M S,Fiorentina,3,2.6130376681685448,6.287419259548187,4.333774639293552,Serie A,2025-2026
12040,Thomas Thiesson Kristensen,28,2482,3,1.8784828763455157,0,0.2243683580309152,11,3,4,0,D,Udinese,3,1.8784828763455157,4.511372737586498,4.0950743574649096,Serie A,2025-2026
12776,Jeff Ekhator,30,930,3,3.187806397676468,0,0.869433494284749,20,10,3,0,F M S,Genoa,3,3.187806397676468,4.847302496433258,1.2906138431280851,Serie A,2025-2026
12993,David Neres,16,932,3,1.484556145966053,3,3.786104552447796,17,19,3,0,F M S,Napoli,3,1.484556145966053,7.352409522980452,3.5680493600666523,Serie A,2025-2026
13052,Francisco Conceição,31,2124,3,8.487750921398401,5,4.1634056605398655,73,42,3,0,D F M S,Juventus,3,8.487750921398401,18.74015914928168,9.5299581438303,Serie A,2025-2026
13961,Giovane,33,1873,3,4.269323905929923,5,4.357408100739121,56,32,2,0,F M S,"Napoli,Verona",3,4.269323905929923,8.811031891033053,2.390819819644093,Serie A,2025-2026
13978,Jayden Addai,12,688,3,1.5144574735313654,0,1.0214554481208324,13,7,4,0,M S,Como,3,1.5144574735313654,3.735154617577791,1.3605918884277344,Serie A,2025-2026
14341,Kenneth Taylor,17,1418,3,2.08942835777998,2,1.083626831881702,16,13,5,0,M,Lazio,3,2.08942835777998,4.546850040555,2.642322637140751,Serie A,2025-2026
307,Suat Serdar,20,1102,2,2.6708283396437764,0,1.4056117832660675,19,12,3,0,M S,Verona,2,2.6708283396437764,4.575328801758587,1.8016988597810268,Serie A,2025-2026
608,Alberto Moreno,19,1240,2,1.5935251340270042,1,1.9240656215697527,11,15,4,0,D S,Como,2,1.5935251340270042,6.835680209100246,4.881311055272818,Serie A,2025-2026
1168,Bryan Cristante,37,3116,2,2.347831812687218,1,2.281888909637928,43,27,6,0,M S,Roma,2,2.347831812687218,12.89684208855033,10.956094874069096,Serie A,2025-2026
1186,Andrea Belotti,8,212,2,2.310628950595856,0,0.0408160090446472,6,1,0,0,F S,Cagliari,1,1.5493301749229431,1.016254037618637,0.2606043629348278,Serie A,2025-2026
1294,Paulo Dybala,22,1360,2,6.285113666206598,6,6.363388704136014,43,55,1,0,F M S,Roma,2,5.523814860731363,11.41634314134717,3.380848379805684,Serie A,2025-2026
1473,Matteo Politano,34,2249,2,3.133822990581393,6,5.604220122098923,49,37,4,0,D F M S,Napoli,2,3.133822990581393,12.97732456959784,8.206937471404672,Serie A,2025-2026
1477,Luca Mazzitelli,18,753,2,0.7084781415760517,2,1.069239970296621,15,5,3,0,M S,Cagliari,2,0.7084781415760517,3.09368846565485,2.3530206037685275,Serie A,2025-2026
2250,Luka Modric,34,2827,2,1.2469155695289371,3,4.025909835472703,20,50,4,0,M S,AC Milan,2,1.2469155695289371,15.23719035461545,13.89836597442627,Serie A,2025-2026
5556,Ademola Lookman,12,803,2,3.853021115064621,0,2.281141601502896,27,17,0,0,F M S,Atalanta,2,3.853021115064621,6.121153548359871,1.5856311172246933,Serie A,2025-2026
5759,Matteo Guendouzi,16,1434,2,1.22304982598871,1,1.0217254180461168,16,15,5,0,M,Lazio,2,1.22304982598871,5.685938589274883,4.695960254408419,Serie A,2025-2026
6073,Guillermo Maripán,27,2151,2,2.4348368234932423,0,0.3447793498635292,18,8,4,0,D S,Torino,2,2.4348368234932423,5.110838394612074,4.668472915887833,Serie A,2025-2026
6133,Antonio Caracciolo,35,3077,2,2.3648768034763634,0,0.1618939042091369,25,2,10,0,D S,Pisa,2,2.3648768034763634,4.622567382641137,3.8652119608595967,Serie A,2025-2026
6211,Mehdi Leris,34,1910,2,1.973102173767984,3,2.4453976545482874,25,28,2,0,D M S,Pisa,2,1.973102173767984,5.055834978818893,1.8889753613621,Serie A,2025-2026
6490,Manuel Akanji,33,2814,2,2.2994977347552776,0,0.3260261919349432,23,7,4,0,D S,Inter,2,2.2994977347552776,16.78327063843608,16.27327786386013,Serie A,2025-2026
6521,Yerry Mina,26,2162,2,1.761018111370504,0,0.4277909696102142,10,8,3,1,D,Cagliari,2,1.761018111370504,4.631761448457837,4.594839323312044,Serie A,2025-2026
6692,Enrico Del Prato,35,2958,2,2.256384262815118,0,0.7834861557930708,18,8,5,0,D S,Parma Calcio 1913,2,2.256384262815118,4.674118371680379,3.122021282091737,Serie A,2025-2026
6902,Toma Basic,23,1764,2,1.3050178922712805,3,2.412645953707397,30,22,0,1,M,Lazio,2,1.3050178922712805,6.426472737453878,4.705115885473788,Serie A,2025-2026
6945,Youssouf Fofana,33,2231,2,4.585123873315752,3,3.638393623754382,44,36,4,0,M S,AC Milan,2,4.585123873315752,13.358851363882422,6.3727181646972895,Serie A,2025-2026
6978,Giovanni Di Lorenzo,26,2278,2,1.950576670467853,1,2.9962266702204943,25,16,1,0,D,Napoli,2,1.950576670467853,13.250591915100811,9.1819875985384,Serie A,2025-2026
7284,Marco Brescianini,26,1018,2,2.351007338613272,1,1.2417720863595605,13,10,2,0,M S,"Atalanta,Fiorentina",2,2.351007338613272,4.8565372144803405,2.457272893749177,Serie A,2025-2026
7328,Maxence Caqueret,30,1493,2,1.735451778396964,6,2.78000052459538,18,26,3,0,M S,Como,2,1.735451778396964,10.671364849433305,7.438197961077094,Serie A,2025-2026
7379,Nicolo Fagioli,33,2588,2,1.9044424574822187,3,5.224352169781923,33,64,5,0,M S,Fiorentina,2,1.9044424574822187,15.326580483466389,11.083079390227796,Serie A,2025-2026
7482,Kouadio Kone,29,2468,2,1.937675543129444,3,3.4994950499385595,21,25,2,0,M S,Roma,2,1.937675543129444,14.520286563783884,10.869493629783392,Serie A,2025-2026
7507,Gianluca Gaetano,33,1920,2,1.996237703599036,4,2.214853904210031,34,27,4,0,F M S,Cagliari,2,1.996237703599036,7.68703128490597,5.646638568490744,Serie A,2025-2026
7785,Kingsley Ehizibue,32,1810,2,1.4330500978976488,0,0.6929862443357706,9,8,5,0,D M S,Udinese,2,1.4330500978976488,4.8609745390713215,2.82250913977623,Serie A,2025-2026
7924,Amir Rrahmani,21,1809,2,1.3542888388037682,1,0.2368359714746475,15,7,2,0,D,Napoli,2,1.3542888388037682,9.067516535520554,8.741717606782913,Serie A,2025-2026
7944,Gabriel Strefezza,14,1026,2,1.0562517698854208,2,1.0693775909021497,24,13,3,0,F S,Parma Calcio 1913,2,1.0562517698854208,2.953472524881363,2.114887624979019,Serie A,2025-2026
8163,Daniel Maldini,21,944,2,2.8131038434803486,1,1.1871156906709075,23,11,1,0,F M S,"Atalanta,Lazio",2,2.8131038434803486,4.705114088952541,1.7460139524191618,Serie A,2025-2026
8341,Lazar Samardzic,26,1005,2,2.776425752788782,1,2.376872181892395,25,28,1,0,M S,Atalanta,2,2.776425752788782,8.550659781321883,4.545059723779559,Serie A,2025-2026
8512,Filippo Terracciano,36,3023,2,2.3331454526633024,0,0.640687339939177,14,11,6,0,D S,Cremonese,2,2.3331454526633024,4.204251830466092,3.7366996919736266,Serie A,2025-2026
8819,Mergim Vojvoda,30,1602,2,1.4710992444306612,2,3.094263934530318,18,29,1,0,D F M S,Como,2,1.4710992444306612,7.919539753347635,4.826663876883686,Serie A,2025-2026
8880,Matteo Tramoni,27,1630,2,3.213343242183328,2,2.884499185718596,28,28,3,0,F M S,Pisa,1,2.4520444069057703,7.110495939850807,3.0286965798586607,Serie A,2025-2026
9036,Nicola Zalewski,33,1917,2,3.13883500918746,4,5.143455224111676,38,36,3,0,D M S,Atalanta,2,3.13883500918746,10.349049489945171,5.962576111778617,Serie A,2025-2026
9630,Kamaldeen Sulemana,25,993,2,2.4879335798323154,1,2.279735462740064,25,13,4,0,M S,Atalanta,2,2.4879335798323154,7.907776966691017,3.8877192325890064,Serie A,2025-2026
9905,David Okereke,10,397,2,0.6929049175232649,0,0.4211752330884337,8,3,0,0,F S,Cremonese,2,0.6929049175232649,1.0992688704282043,0.5558690819889307,Serie A,2025-2026
10084,Cristian Volpato,24,1060,2,1.749022038653493,4,2.896068687550724,21,23,4,0,F M S,Sassuolo,2,1.749022038653493,6.181194823235273,2.2634265329688787,Serie A,2025-2026
10404,Éderson,30,2253,2,5.546352312900126,1,2.210425505414605,35,25,3,0,M S,Atalanta,1,4.785053477622569,16.25540943443775,12.244340799748898,Serie A,2025-2026
10716,Manor Solomon,16,872,2,1.010939436033368,1,2.4121848847717047,11,25,1,0,F M S,Fiorentina,2,1.010939436033368,5.04042724519968,3.1633907929062843,Serie A,2025-2026
10794,Thijs Dallinga,23,785,2,3.886146053671837,2,0.7199398213997483,24,10,2,0,F S,Bologna,2,3.886146053671837,5.551288968883455,1.0566577464342115,Serie A,2025-2026
10902,Federico Baschirotto,29,2540,2,1.139559891074896,0,0.0707463789731264,12,2,2,0,D,Cremonese,2,1.139559891074896,1.8369396440684795,1.706673014909029,Serie A,2025-2026
10908,Medon Berisha,13,893,2,1.3144496940076351,3,2.889189299196005,24,20,0,0,M S,Lecce,2,1.3144496940076351,3.1226632557809357,1.600425161421299,Serie A,2025-2026
10948,Valentín Castellanos,11,697,2,2.0615241527557373,3,2.224563661962748,20,8,2,0,F S,Lazio,2,2.0615241527557373,3.823565280064941,0.3274112157523632,Serie A,2025-2026
10993,Federico Gatti,21,1081,2,1.9630822036415336,0,0.2071938533335924,14,3,3,0,D S,Juventus,2,1.9630822036415336,2.420059120282531,2.065793139860034,Serie A,2025-2026
11054,Juan Cabal,12,262,2,1.079673127271235,0,0.6362920701503754,5,2,1,0,D S,Juventus,2,1.079673127271235,1.5074425665661693,1.1933000665158031,Serie A,2025-2026
11470,Niccolò Pisilli,25,1263,2,2.2729037441313267,4,2.218172688037157,19,12,3,0,M S,Roma,2,2.2729037441313267,6.556324878707528,4.026354419067502,Serie A,2025-2026
11877,Michael Folorunsho,27,2032,2,2.947147471830249,0,0.9439696660265326,36,14,3,0,D F M S,Cagliari,2,2.947147471830249,5.254418143071234,2.6885152058675885,Serie A,2025-2026
11961,Sam Beukema,24,1675,2,1.7312276512384417,0,0.3936351519078016,8,6,2,0,D S,Napoli,2,1.7312276512384417,5.41209826245904,5.130219876766205,Serie A,2025-2026
11964,Giovanni Fabbian,29,1160,2,2.665424160659313,0,1.65299897454679,22,9,2,0,M S,"Bologna,Fiorentina",2,2.665424160659313,5.044444873929024,1.9827907886356115,Serie A,2025-2026
11967,Davide Bartesaghi,31,2447,2,1.3741471637040377,0,3.913629310205579,22,44,3,0,D M S,AC Milan,2,1.3741471637040377,9.807490270584822,7.979077003896236,Serie A,2025-2026
12081,Assane Diao,17,1098,2,3.17557692155242,1,1.6823896700516343,31,9,2,0,M S,Como,2,3.17557692155242,6.436402162536979,1.8002320639789104,Serie A,2025-2026
12436,Jacobo Ramón,32,2744,2,5.472400579601526,0,1.0274589136242869,39,11,11,1,D S,Como,2,5.472400579601526,11.14709885045886,10.425094533711672,Serie A,2025-2026
12854,Martin Frese,31,2429,2,1.3630766216665506,0,2.7661426281556487,21,30,8,0,D S,Verona,2,1.3630766216665506,4.535421345382929,1.675308050587773,Serie A,2025-2026
12868,Mattia Felici,12,397,2,1.336680732667446,1,0.7564891278743744,9,8,3,0,D M S,Cagliari,2,1.336680732667446,2.2656255550682545,0.6046547405421734,Serie A,2025-2026
12881,Henrik Meister,28,1494,2,5.318537840619683,0,0.6497459821403027,20,5,2,0,F S,Pisa,2,5.318537840619683,7.32625531591475,1.3786405008286238,Serie A,2025-2026
12997,Alieu Fadera,28,959,2,2.3619886562228203,1,0.87881900370121,13,7,5,0,F S,Sassuolo,2,2.3619886562228203,4.041427066549659,1.7654694616794586,Serie A,2025-2026
13059,Jesús Rodriguez,31,1728,2,3.921451119706034,9,6.971315912902355,45,36,3,1,F M S,Como,2,3.921451119706034,13.897016979753973,4.475679643452168,Serie A,2025-2026
13136,Brooke Norton-Cuffy,27,2221,2,2.006999369710684,1,1.8840869069099424,15,21,3,1,D M S,Genoa,2,2.006999369710684,7.148176729679108,3.5529703898355365,Serie A,2025-2026
13396,Tiago Gabriel,37,3223,2,3.9836879689246416,0,0.0280546331778168,20,2,7,0,D S,Lecce,2,3.9836879689246416,2.5174613688141108,2.4253968689590693,Serie A,2025-2026
13451,Konan N’Dri,27,474,2,0.7120508886873722,0,0.7715370021760464,19,4,3,0,M S,Lecce,2,0.7120508886873722,1.8670018333941696,0.8635849468410015,Serie A,2025-2026
13879,Tarik Muharemovic,32,2837,2,2.834148694295436,2,0.9276836458593608,20,6,7,0,D,Sassuolo,2,2.834148694295436,6.279778711032122,6.156958227977157,Serie A,2025-2026
13896,Zachary Athekame,27,804,2,0.381818194873631,2,1.562887266278267,13,12,3,0,D S,AC Milan,2,0.381818194873631,4.83278364315629,3.5311308968812227,Serie A,2025-2026
13929,Riyad Idrissi,23,737,2,0.7890109941363335,0,0.2484424067661166,6,6,3,0,D S,Cagliari,2,0.7890109941363335,3.7340927477926016,3.2926744939759374,Serie A,2025-2026
13962,Rafik Belghali,26,1935,2,2.600799420848489,0,2.2100214837118983,21,28,6,0,D M S,Verona,2,2.600799420848489,6.700727174058557,2.843379066325724,Serie A,2025-2026
13964,Petar Sucic,34,1763,2,2.181936677545309,2,4.040994327515364,22,29,5,0,M S,Inter,2,2.181936677545309,15.208353381603956,10.927678305655718,Serie A,2025-2026
14339,Omri Gandelman,19,971,2,1.733949035406113,1,1.1209704279899595,10,7,0,0,M S,Lecce,2,1.733949035406113,3.184256792068481,1.036361239850521,Serie A,2025-2026
14412,Nesta Elphege,9,297,2,2.3499458953738213,1,0.3569023348391056,6,4,0,0,F S,Parma Calcio 1913,2,2.3499458953738213,2.436849968507886,0.1901701278984546,Serie A,2025-2026
14445,Paul Mendy,9,326,2,2.3890278404578567,0,0.2572284191846847,15,6,1,0,F S,Cagliari,2,2.3890278404578567,2.721623335033655,0.8244506865739822,Serie A,2025-2026
399,Ulisses García,13,941,1,0.0658854357898235,2,2.2447682172060013,2,12,3,0,D S,Sassuolo,1,0.0658854357898235,4.91206818819046,3.312851198017597,Serie A,2025-2026
594,Romelu Lukaku,5,33,1,0.5893245413899422,0,0.2113724052906036,2,2,1,0,S,Napoli,1,0.5893245413899422,0.3288929834961891,0.0,Serie A,2025-2026
697,Nemanja Matic,34,2686,1,0.329651664942503,1,0.9152271281927824,11,20,6,1,M S,Sassuolo,1,0.329651664942503,11.574611898511648,10.903733760118484,Serie A,2025-2026
1089,Juan Cuadrado,19,460,1,0.958076405338943,0,0.8361177556216717,10,13,3,0,D M S,Pisa,0,0.1967775961384177,1.4430370824411511,0.6504935566335917,Serie A,2025-2026
1104,Leonardo Pavoletti,13,193,1,1.3747940957546234,1,0.3619416300207376,6,2,1,0,F S,Cagliari,1,1.3747940957546234,1.7779649775475264,0.4217170421034097,Serie A,2025-2026
1122,Manuel Locatelli,36,3031,1,2.4154798155650496,2,3.826732565648854,46,47,9,0,M,Juventus,1,1.6541809802874925,21.80190648883581,18.526978565379977,Serie A,2025-2026
1252,Stephan El Shaarawy,20,623,1,2.018858753144741,2,1.7541244626045227,18,12,4,0,F M S,Roma,1,2.018858753144741,5.107392806559801,2.558639155700803,Serie A,2025-2026
1423,Matías Vecino,13,592,1,0.310302727855742,1,0.514578664675355,7,3,1,0,M S,Lazio,1,0.310302727855742,1.9277351731434464,1.2747041750699282,Serie A,2025-2026
1488,Remo Freuler,29,2236,1,1.6811274103820324,2,1.3417738927528262,8,22,5,0,M S,Bologna,1,1.6811274103820324,9.675127479247749,7.1491998406127095,Serie A,2025-2026
1496,Roberto Gagliardini,29,2212,1,1.3313347091898322,0,0.6643395144492388,15,16,9,0,M S,Verona,1,1.3313347091898322,3.9453944442793727,3.128438973799348,Serie A,2025-2026
1598,Manuel De Luca,2,10,1,0.835056483745575,0,0.0,2,0,0,0,S,Cremonese,0,0.0737576633691787,0.0737576633691787,0.0,Serie A,2025-2026
1639,Sebastiano Luperto,34,3024,1,0.9484533411450684,1,1.270846989005804,12,6,4,0,D,"Cagliari,Cremonese",1,0.9484533411450684,5.05174197955057,4.660151047632098,Serie A,2025-2026
1710,Marten de Roon,34,2720,1,0.824793690815568,2,1.586717877537012,16,23,6,1,D M S,Atalanta,1,0.824793690815568,15.483431348577142,13.585763746872544,Serie A,2025-2026
1836,Franco Vázquez,15,485,1,1.4491588799282908,1,1.8917765356600285,12,9,1,0,F M S,Cremonese,1,1.4491588799282908,3.0313472282141447,1.5376330390572548,Serie A,2025-2026
2217,Antonio Sanabria,25,921,1,2.979946978390217,1,1.9838042967021463,12,6,2,0,F S,Cremonese,1,2.979946978390217,3.9699571561068296,0.3716926481574774,Serie A,2025-2026
3209,Jean-Daniel Akpa-Akpro,22,1531,1,0.8760971613228321,0,0.3872304651886225,13,11,9,0,M S,Verona,1,0.8760971613228321,2.588825137354433,1.5401012059301138,Serie A,2025-2026
4918,Patrick Cutrone,15,908,1,3.271421535871923,0,0.6590696647763252,25,3,0,0,F S,Parma Calcio 1913,1,3.271421535871923,3.99916382227093,0.8263060990720987,Serie A,2025-2026
4939,Alessandro Bastoni,28,2269,1,1.6852088272571564,4,3.203112171962857,17,25,6,0,D,Inter,1,1.6852088272571564,13.949626933783293,11.816649977117777,Serie A,2025-2026
4970,Luca Pellegrini,24,1485,1,0.6440801462158561,0,0.8312388863414526,7,16,8,0,D S,Lazio,1,0.6440801462158561,4.429873023182154,3.751665808260441,Serie A,2025-2026
5133,Aarón Martín,33,2167,1,1.317988371476531,5,6.568098125047982,11,62,2,0,D M S,Genoa,1,0.5566895511001348,6.554186085239053,3.749794667586684,Serie A,2025-2026
5136,Estupiñán,19,1045,1,0.4771555783227086,1,1.5814345702528954,9,13,5,1,D S,AC Milan,1,0.4771555783227086,7.527399258688092,6.920363070443273,Serie A,2025-2026
5329,Stefan Posch,14,362,1,0.8626185804605484,0,0.1884448826313018,8,2,1,0,D S,Como,1,0.8626185804605484,2.2556511405855417,1.9920636732131245,Serie A,2025-2026
5712,Diego Carlos,27,1946,1,1.6734400745481253,0,0.0478520281612873,8,2,8,0,D S,Como,1,1.6734400745481253,5.324253041297197,5.265754908323288,Serie A,2025-2026
6098,Niclas Füllkrug,20,626,1,3.413054244592786,0,2.275935359299183,16,9,0,0,F S,AC Milan,1,2.651755439117551,6.835285836830735,2.7036399245262146,Serie A,2025-2026
6125,Stanislav Lobotka,32,2442,1,0.4109657760709524,1,1.0618614703416824,8,22,3,0,M S,Napoli,1,0.4109657760709524,9.941714700311422,8.96990124695003,Serie A,2025-2026
6176,Adam Marusic,33,2794,1,1.743161248974502,2,1.5355632733553648,16,9,1,1,D S,Lazio,1,1.743161248974502,7.536833369173109,5.5209521651268005,Serie A,2025-2026
6360,Antoine Bernede,32,2349,1,1.0209336997941136,2,1.9406338185071943,21,29,2,0,M S,Verona,1,1.0209336997941136,5.913933668285608,3.547188401222229,Serie A,2025-2026
6672,Riccardo Sottil,21,1078,1,0.7569481134414673,2,3.896916251629591,20,24,1,0,F M S,Lecce,1,0.7569481134414673,2.106737073510885,0.7894598450511694,Serie A,2025-2026
6696,Luca Ranieri,34,2489,1,2.0760744465515018,0,1.0300525836646557,18,7,8,1,D S,Fiorentina,1,2.0760744465515018,6.201835326850414,5.025631407275796,Serie A,2025-2026
6706,Ndary Adopo,38,3074,1,2.5289438869804144,2,2.4404895724728703,28,27,4,0,D M S,Cagliari,1,2.5289438869804144,8.808407304808497,5.819650985300541,Serie A,2025-2026
6872,Mehmet Zeki Çelik,34,2747,1,1.7680562287569046,2,2.412685915827751,22,27,2,1,D M S,Roma,1,1.7680562287569046,13.856140442192554,11.655436754226685,Serie A,2025-2026
7224,Boulaye Dia,27,1257,1,2.6981686614453797,2,1.712193813174963,12,15,1,0,F M S,Lazio,1,2.6981686614453797,5.352691099047661,2.55795587785542,Serie A,2025-2026
7286,Juan Miranda,32,2576,1,0.5171072538942099,3,4.504574298858643,13,64,6,0,D S,Bologna,1,0.5171072538942099,11.67654135497287,9.17404536018148,Serie A,2025-2026
7530,Samuele Ricci,31,1273,1,2.1061665676534176,4,2.7816384192556143,18,20,3,0,M S,AC Milan,1,2.1061665676534176,8.74880488216877,5.324380742385984,Serie A,2025-2026
7912,Eljif Elmas,33,1791,1,3.64168831333518,3,1.7521770196035504,27,24,3,0,F M S,Napoli,1,3.64168831333518,8.190225210040808,4.126482693478465,Serie A,2025-2026
7988,Billy Gilmour,17,798,1,0.5720022153109312,0,0.4836090439930558,10,6,1,0,M S,Napoli,1,0.5720022153109312,4.198432270437479,3.364748902618885,Serie A,2025-2026
8090,Lloyd Kelly,35,2997,1,0.9669282408431172,1,1.061808668076992,17,11,4,0,D S,Juventus,1,0.9669282408431172,12.84868349507451,12.28440174087882,Serie A,2025-2026
8313,Pierre Kalulu Kyatengwa,37,3281,1,1.4482845412567258,4,5.537243762984872,12,43,2,1,D,Juventus,1,1.4482845412567258,18.309088526293635,14.873174672946334,Serie A,2025-2026
8513,Miguel Gutiérrez,28,1478,1,0.571861126460135,1,1.7833779081702232,15,20,0,0,D S,Napoli,1,0.571861126460135,8.16924431361258,7.402092078700662,Serie A,2025-2026
8554,Rafael Obrador,16,1135,1,0.1724091228097677,3,1.056434327736497,7,11,1,0,D M S,Torino,1,0.1724091228097677,2.803703337907791,2.079035528004169,Serie A,2025-2026
8626,Nikola Moro,30,1784,1,0.9313860163092612,0,2.0523393927142024,21,26,1,0,M S,Bologna,1,0.9313860163092612,6.237979667261243,5.088687775656581,Serie A,2025-2026
8720,Jack Harrison,15,983,1,0.9175047194585204,3,1.3327791523188353,13,15,1,0,D F M S,Fiorentina,1,0.9175047194585204,5.438477221876383,3.798996347934008,Serie A,2025-2026
8771,Yunus Musah,20,623,1,0.7452922910451889,0,0.7338241711258888,7,4,1,0,D M S,"AC Milan,Atalanta",1,0.7452922910451889,4.711621839553118,3.270248807966709,Serie A,2025-2026
8980,Luis Henrique,30,1617,1,1.1519507393240929,2,2.1901443749666214,15,22,1,0,D S,Inter,1,1.1519507393240929,8.63915280252695,5.7535695768892765,Serie A,2025-2026
9523,Andy Diouf,19,462,1,0.9449317157268524,0,1.7515555750578642,10,11,1,0,D M S,Inter,1,0.9449317157268524,4.342409402132034,1.7893477883189917,Serie A,2025-2026
9714,Odilon Kossounou,19,981,1,0.2642052415758371,0,0.2571885026991367,5,4,1,0,D S,Atalanta,1,0.2642052415758371,4.142970737069845,3.8508499525487423,Serie A,2025-2026
9853,Simone Canestrelli,37,3200,1,1.348835569806397,0,0.4718508189544081,16,10,4,0,D S,Pisa,1,1.348835569806397,3.6674246499314895,3.0219644913449883,Serie A,2025-2026
9876,Alessandro Zanoli,19,1314,1,0.0999864116311073,2,1.5538526717573404,3,15,1,0,D M S,Udinese,1,0.0999864116311073,3.543575694784522,2.3799541387706995,Serie A,2025-2026
9882,Dennis Johnsen,11,390,1,0.736239617690444,1,0.6198056861758232,5,4,0,0,F M S,Cremonese,1,0.736239617690444,1.291289635002613,0.0665459930896759,Serie A,2025-2026
9893,Youssef Maleh,23,1574,1,1.2885206770151854,0,0.6452810652554035,22,9,4,1,M S,"Cremonese,Lecce",1,1.2885206770151854,2.969324486330152,1.825092279352248,Serie A,2025-2026
9924,Fabiano Parisi,23,1550,1,1.3022431200370193,1,1.918891154229641,24,19,6,0,D F M S,Fiorentina,1,1.3022431200370193,6.788167456164956,4.464465705677867,Serie A,2025-2026
9951,Tommaso Baldanzi,18,787,1,1.879288300871849,2,0.9014128483831882,20,14,2,0,F M S,"Genoa,Roma",1,1.879288300871849,4.41828453540802,2.22266504727304,Serie A,2025-2026
9964,Koni de Winter,26,1797,1,0.7965529607608914,1,0.6498572872951627,7,5,1,0,D S,AC Milan,1,0.7965529607608914,8.046976586803794,7.892384415492415,Serie A,2025-2026
9966,Fabio Miretti,23,585,1,1.6279976330697536,2,1.2492126505821943,18,11,1,0,M S,Juventus,1,1.6279976330697536,5.114803681150079,2.6715952157974243,Serie A,2025-2026
9985,Johan Vásquez,36,3219,1,1.88552456907928,0,0.4650002354755997,24,9,2,0,D,Genoa,1,1.88552456907928,6.492754224687815,6.209375747479498,Serie A,2025-2026
9996,Abdou Harroui,23,908,1,1.1734618581831455,0,0.6866047256626189,12,14,3,0,F M S,Verona,0,0.4121630229055881,3.6475467239506543,2.7020138697698712,Serie A,2025-2026
10090,Iker Bravo,8,199,1,0.4611617363989353,0,0.2224262617528438,4,3,1,0,F S,Udinese,1,0.4611617363989353,0.7864157892763615,0.2029806226491928,Serie A,2025-2026
10241,Antonio Vergara,12,625,1,0.7055973187088966,2,0.8353275340050459,10,11,2,0,M S,Napoli,1,0.7055973187088966,2.610380455851555,1.256837198510766,Serie A,2025-2026
10365,Morten Frendrup,36,3093,1,0.2742339605465531,0,1.358272478915751,8,14,5,0,M S,Genoa,1,0.2742339605465531,6.03858286421746,4.793149305507541,Serie A,2025-2026
10383,Michel Aebischer,35,2911,1,0.8299102364107966,2,3.4363013366237283,19,34,8,0,M S,Pisa,1,0.8299102364107966,9.910697347484527,7.117089634761214,Serie A,2025-2026
10832,Loïs Openda,24,631,1,3.646697736345232,0,0.5982526540756226,25,8,0,0,F M S,Juventus,1,3.646697736345232,5.030778467655182,1.0973882721737027,Serie A,2025-2026
10891,Carlos Augusto,34,1745,1,1.9602262806147337,1,1.1390730757266283,20,11,6,0,D S,Inter,1,1.9602262806147337,13.039269134402277,11.17293145507574,Serie A,2025-2026
10899,Emirhan Ilkhan,19,1028,1,2.3624519193544984,2,1.2235390963032842,13,12,2,1,M S,Torino,1,2.3624519193544984,3.558742105960846,2.168549509719014,Serie A,2025-2026
10935,Dodô,36,3158,1,1.3770605642348528,2,5.387680346146226,25,51,7,0,D M,Fiorentina,1,1.3770605642348528,14.528255576267838,10.455381613224745,Serie A,2025-2026
10956,Emil Holm,18,891,1,1.1488585537299514,4,2.278636334463954,13,9,1,1,D S,"Bologna,Juventus",1,1.1488585537299514,4.335210639052093,3.059872541576624,Serie A,2025-2026
10957,Mikael Ellertsson,36,2770,1,2.1503593772649765,1,2.5014033168554306,26,16,1,1,D M S,Genoa,1,2.1503593772649765,6.250576099380851,3.155878205783665,Serie A,2025-2026
10985,Sulemana,19,866,1,1.692176567390561,0,0.1446987427771091,11,6,3,0,M S,"Bologna,Cagliari",1,1.692176567390561,2.706570972688496,1.8741704896092413,Serie A,2025-2026
11038,Jhon Lucumí,29,2282,1,1.3786265589296818,0,0.7872928977012634,8,7,5,0,D S,Bologna,1,1.3786265589296818,7.493933078367263,6.784966338891536,Serie A,2025-2026
11039,Lewis Ferguson,27,1576,1,0.6512357760220766,0,1.5657932441681623,13,16,5,1,M S,Bologna,1,0.6512357760220766,5.200136251747608,4.374258171766996,Serie A,2025-2026
11053,Isak Hien,28,1951,1,1.0833443198353052,0,0.1072509177029132,9,2,5,0,D S,Atalanta,1,1.0833443198353052,6.416519846767187,6.356766816228628,Serie A,2025-2026
11306,Cyril Ngonge,20,987,1,2.7625477351248264,1,0.5623787045478821,24,12,2,0,F S,Torino,1,2.7625477351248264,4.732533551752567,1.595635703764856,Serie A,2025-2026
11551,Marco Palestra,37,3087,1,1.6532281721010804,4,4.397553648799658,29,32,3,0,D F M S,Cagliari,1,1.6532281721010804,8.444047356024384,3.87338453065604,Serie A,2025-2026
11741,Saúl Coco,35,3093,1,1.1569340787827969,1,0.7588450685143471,15,11,3,0,D,Torino,1,1.1569340787827969,6.594926895573735,5.952169122174382,Serie A,2025-2026
11902,Pietro Comuzzo,27,1697,1,0.8149047680199146,0,0.0443671131506562,10,3,2,0,D S,Fiorentina,1,0.8149047680199146,5.986111041158438,5.848984122276306,Serie A,2025-2026
11936,Lorenzo Lucca,16,381,1,1.9075428172945976,0,0.664022158831358,15,2,1,0,F S,Napoli,1,1.9075428172945976,3.879144091159105,1.38358985632658,Serie A,2025-2026
11945,Ylber Ramadani,37,3236,1,1.2185862502083182,0,1.3888573935255408,35,19,10,0,M,Lecce,1,1.2185862502083182,7.193579321727157,5.043079229071736,Serie A,2025-2026
11958,Gaetano Oristanio,20,853,1,2.3994482420384884,0,0.6013111472129822,23,10,1,0,F M S,Parma Calcio 1913,1,2.3994482420384884,3.5321153216063976,0.7341090142726898,Serie A,2025-2026
11959,Matteo Prati,33,1893,1,1.6766500296071172,1,1.699283911846578,31,13,5,0,M S,"Cagliari,Torino",1,1.6766500296071172,6.055320294573903,4.262527488172054,Serie A,2025-2026
12012,Marcus Pedersen,29,2148,1,1.6248117666691542,2,2.887870935723185,15,20,3,0,D M S,Torino,1,1.6248117666691542,8.29255704022944,4.022757038474083,Serie A,2025-2026
12084,Martín Payero,25,1469,1,1.4321895614266396,0,0.5584035962820053,23,13,8,0,M S,Cremonese,1,1.4321895614266396,3.3215508349239826,2.247837715782225,Serie A,2025-2026
12104,Neil El Aynaoui,25,958,1,0.9577326010912656,2,1.7740114629268646,6,12,5,0,M S,Roma,1,0.9577326010912656,5.916931334882975,3.715265704318881,Serie A,2025-2026
12218,Francesco Camarda,21,671,1,2.3779635597020388,0,0.5863882713019848,16,4,1,0,F S,Lecce,1,1.6166647244244814,1.6625296864658594,0.6394962444901466,Serie A,2025-2026
12362,Santiago Pierotti,37,2661,1,3.769198192283511,2,2.6033652145415545,32,22,4,0,F M S,Lecce,1,3.769198192283511,7.335631237365305,2.38239432964474,Serie A,2025-2026
12365,Alieu Njie,15,266,1,1.2113833390176296,1,0.1609676666557788,5,3,2,0,F M S,Torino,1,1.2113833390176296,1.7660274747759104,0.6219505090266466,Serie A,2025-2026
12783,Alessandro Circati,31,2667,1,0.736436253413558,0,0.2460185680538416,8,9,6,0,D,Parma Calcio 1913,1,0.736436253413558,4.767245355993509,4.242752678692341,Serie A,2025-2026
12822,Álex Valle,28,2028,1,0.8854037057608366,4,1.477425147779286,11,14,3,0,D S,Como,1,0.8854037057608366,8.43967054784298,6.7662607887759805,Serie A,2025-2026
12853,Jesper Karlström,36,3164,1,0.94436174351722,0,0.8986503640189767,20,16,6,0,M,Udinese,1,0.94436174351722,7.85272366181016,6.5668018367141485,Serie A,2025-2026
12872,Fisayo Dele-Bashiru,24,1159,1,0.5851763747632504,0,1.120098192244768,9,11,0,0,M S,Lazio,1,0.5851763747632504,6.592202328145504,5.67429375462234,Serie A,2025-2026
13072,Vasilije Adzic,10,142,1,0.2269967542961239,0,0.1822816953063011,6,4,0,0,M S,Juventus,1,0.2269967542961239,0.4783124085515737,0.3747101770713925,Serie A,2025-2026
13097,Mandela Keita,37,3016,1,0.4839648194611072,1,0.2838953603059053,16,11,1,0,M S,Parma Calcio 1913,1,0.4839648194611072,2.960139892995357,2.3855352448299527,Serie A,2025-2026
13172,Adrian Benedyczak,14,476,1,1.9938557110726836,1,1.453725766390562,8,9,1,0,F S,Parma Calcio 1913,0,1.2325568906962872,2.225842133164406,0.817415039986372,Serie A,2025-2026
13330,Robinio Vaz,12,184,1,0.6552822887897491,0,0.0,5,0,0,0,S,Roma,1,0.6552822887897491,0.7226787954568863,0.1572361700236797,Serie A,2025-2026
13389,Devyne Rensch,24,1180,1,0.569548043422401,4,2.7164466995745897,6,10,1,0,D M S,Roma,1,0.569548043422401,4.86653365381062,3.604976048693061,Serie A,2025-2026
13811,Idrissa Gueye,19,368,1,2.264094922691584,0,0.1570093957707286,20,4,2,0,F S,Udinese,1,2.264094922691584,3.5066587878391147,1.6756409406661987,Serie A,2025-2026
13875,Jamil Siebert,21,1701,1,0.4797683842480182,0,0.3154878802597523,6,3,3,0,D S,Lecce,1,0.4797683842480182,2.341046974994242,1.971344226039946,Serie A,2025-2026
13881,Noa Lang,18,645,1,1.3651904631406069,2,1.9749588575214148,9,14,2,0,F M S,Napoli,1,1.3651904631406069,4.173819866031408,2.764019284397364,Serie A,2025-2026
13898,Jari Vandeputte,32,1977,1,2.11050614900887,5,6.268006220459938,20,54,3,0,M S,Cremonese,1,2.11050614900887,7.40445183776319,4.125671859830618,Serie A,2025-2026
13901,Francesco Folino,18,690,1,0.3679794892668724,0,0.0160723198205232,2,1,0,0,D S,Cremonese,1,0.3679794892668724,0.8554316479712725,0.8554316479712725,Serie A,2025-2026
13933,Nicolas Kühn,23,643,1,0.9032431282103062,1,1.4387495424598455,8,11,0,0,M S,Como,1,0.9032431282103062,4.039138616994023,1.8611475694924595,Serie A,2025-2026
13938,Idrissa Touré,32,2283,1,2.997904310002923,0,3.5665722815319896,28,20,4,1,D M S,Pisa,1,2.997904310002923,7.313524666242301,3.037940706126392,Serie A,2025-2026
13946,João Mário,20,1003,1,0.2812202759087086,0,0.7328075990080833,7,8,2,0,D S,"Bologna,Juventus",1,0.2812202759087086,3.5707893492653966,2.740538847632706,Serie A,2025-2026
13948,Christian Ordóñez,28,1076,1,0.449460974894464,0,0.2704525701701641,10,6,3,1,M S,Parma Calcio 1913,1,0.449460974894464,1.8653250634670255,1.4926570681855085,Serie A,2025-2026
13949,Oliver Sørensen,34,1834,1,2.045102119445801,1,0.7402975568547845,15,9,2,0,D M S,Parma Calcio 1913,1,2.045102119445801,5.042463628575206,3.415822559967637,Serie A,2025-2026
13955,Jakub Piotrowski,33,1702,1,3.2054076455533504,1,0.7784238774329424,36,12,2,0,M S,Udinese,1,3.2054076455533504,6.512797696515918,3.212956831790507,Serie A,2025-2026
13965,Edoardo Iannoni,15,230,1,0.7571988552808762,0,0.0,3,0,3,0,M S,Sassuolo,1,0.7571988552808762,0.8942649494856596,0.1370660942047834,Serie A,2025-2026
13979,Mariano Troilo,21,1631,1,0.977194907143712,0,0.6567005543038249,9,7,5,2,D S,Parma Calcio 1913,1,0.977194907143712,2.2315278854221106,1.764288262464106,Serie A,2025-2026
14046,Lorran,9,95,1,0.7093146331608295,0,0.0623323693871498,3,1,0,0,S,Pisa,1,0.7093146331608295,0.907572627067566,0.1359256170690059,Serie A,2025-2026
14065,Juan Rodríguez,17,1327,1,1.198434928432107,0,0.0,3,0,3,0,D S,Cagliari,1,1.198434928432107,2.5587312020361423,2.53060919418931,Serie A,2025-2026
14264,Yael Trepy,8,68,1,0.5980131141841412,0,0.1456443965435028,7,2,0,0,S,Cagliari,1,0.5980131141841412,0.6774523053318262,0.0,Serie A,2025-2026
14351,Rafiu Durosinmi,12,428,1,0.7598076574504375,1,0.0876082740724086,9,3,1,1,F S,Pisa,1,0.7598076574504375,0.926448192447424,0.1827123090624809,Serie A,2025-2026
14369,Felipe Loyola,11,541,1,0.7549186209216714,0,0.543415728956461,9,4,0,1,M S,Pisa,1,0.7549186209216714,1.633445955812931,0.501453809440136,Serie A,2025-2026
199,Yann Sommer,33,2962,0,0.0,0,0.0,0,0,0,0,GK,Inter,0,0.0,7.838671699166298,7.838671699166298,Serie A,2025-2026
342,Sead Kolasinac,19,1233,0,0.122791800647974,0,0.0,3,0,3,0,D S,Atalanta,0,0.122791800647974,4.200706224888563,4.168808490037918,Serie A,2025-2026
546,David de Gea,37,3330,0,0.0,0,0.0263757612556219,0,1,1,0,GK,Fiorentina,0,0.0,4.425902869552374,4.399527113884687,Serie A,2025-2026
557,Matteo Darmian,6,241,0,0.0,0,0.0,0,0,0,0,D S,Inter,0,0.0,0.7373373433947563,0.7373373433947563,Serie A,2025-2026
703,Fikayo Tomori,33,2572,0,0.594410877674818,2,1.0016300892457366,9,4,6,1,D S,AC Milan,0,0.594410877674818,8.909132670611143,7.46826982870698,Serie A,2025-2026
1040,Angelino,7,427,0,0.232630755752325,0,0.2804895751178264,5,5,2,0,D M S,Roma,0,0.232630755752325,0.7898757718503475,0.6207265220582485,Serie A,2025-2026
1093,Mattia Perin,9,766,0,0.0,0,0.0817599296569824,0,1,0,0,GK,Juventus,0,0.0,3.301780229434371,3.220020299777389,Serie A,2025-2026
1119,Alessio Romagnoli,32,2670,0,1.5350841991603374,0,0.0711084343492984,9,3,6,1,D S,Lazio,0,1.5350841991603374,5.827228598296642,5.75005448423326,Serie A,2025-2026
1158,Simone Scuffet,7,630,0,0.0,0,0.0,0,0,0,0,GK,Pisa,0,0.0,0.5827806890010834,0.5827806890010834,Serie A,2025-2026
1164,Cristiano Biraghi,14,497,0,0.0619102343916893,0,0.3642315156757831,2,7,0,0,D M S,Torino,0,0.0619102343916893,0.7062440980225801,0.4560871068388223,Serie A,2025-2026
1193,Lorenzo De Silvestri,12,499,0,0.0,0,0.1587319131940603,0,5,2,0,D S,Bologna,0,0.0,0.8127099629491568,0.6539780553430319,Serie A,2025-2026
1195,Daniele Padelli,2,180,0,0.0,0,0.0,0,0,0,0,GK,Udinese,0,0.0,0.0,0.0,Serie A,2025-2026
1204,Patric,14,657,0,0.2267721910029649,0,0.3094649985432625,5,2,2,0,D M S,Lazio,0,0.2267721910029649,2.157246741466224,2.0457299454137683,Serie A,2025-2026
1209,Ciro Immobile,6,185,0,0.062911570072174,0,0.0633853375911712,2,1,1,0,F S,Bologna,0,0.062911570072174,0.2141840010881424,0.1259481459856033,Serie A,2025-2026
1247,Juan Jesus,24,1670,0,0.2074212320148944,0,0.2721040360629558,3,4,8,1,D S,Napoli,0,0.2074212320148944,6.624128991737962,6.383525187149644,Serie A,2025-2026
1253,Edin Dzeko,11,220,0,0.2566082924604416,0,0.1747721321880817,4,2,1,0,F S,Fiorentina,0,0.2566082924604416,0.5696598142385483,0.4145629592239856,Serie A,2025-2026
1264,Edoardo Goldaniga,2,12,0,0.0,0,0.0,0,0,0,0,S,Como,0,0.0,0.0,0.0,Serie A,2025-2026
1281,Giuseppe Pezzella,31,2599,0,0.1174378851428628,1,1.6624937923625112,6,27,8,1,D M S,Cremonese,0,0.1174378851428628,5.00905183237046,3.720164413563907,Serie A,2025-2026
1301,Daniele Rugani,12,577,0,0.2712211608886719,0,0.0,1,0,2,0,D S,"Fiorentina,Juventus",0,0.2712211608886719,1.2558237304911015,1.2558237304911015,Serie A,2025-2026
1302,Emil Audero,34,3060,0,0.0,0,0.0,0,0,0,0,GK,Cremonese,0,0.0,0.9797998899593948,0.9797998899593948,Serie A,2025-2026
1305,Lukasz Skorupski,19,1594,0,0.0,0,0.0,0,0,1,1,GK,Bologna,0,0.0,1.617395529523492,1.617395529523492,Serie A,2025-2026
1370,Federico Ceccherini,9,475,0,0.1904537454247474,1,0.4168538190424442,5,2,1,1,D S,Cremonese,0,0.1904537454247474,0.7198278941214085,0.6481388285756111,Serie A,2025-2026
1375,Elseid Hysaj,5,166,0,0.0,0,0.0,0,0,0,0,D S,Lazio,0,0.0,0.0130727738142013,0.0130727738142013,Serie A,2025-2026
1432,Luca Lezzerini,1,3,0,0.0,0,0.0,0,0,0,0,S,Fiorentina,0,0.0,0.0780254527926445,0.0780254527926445,Serie A,2025-2026
1441,Adam Masina,5,224,0,0.0,1,0.4117826772853732,0,2,0,0,D S,Torino,0,0.0,0.4252637103199959,0.4128632396459579,Serie A,2025-2026
1461,Pol Lirola,6,310,0,0.0,0,0.0141920242458581,0,1,1,0,D S,Verona,0,0.0,0.0730011239647865,0.0588091015815734,Serie A,2025-2026
1463,Francesco Acerbi,18,1380,0,0.370837839320302,1,0.9359209798276424,3,4,2,0,D S,Inter,0,0.370837839320302,4.627755414694548,4.529267143458128,Serie A,2025-2026
1501,Marco Sportiello,1,90,0,0.0,0,0.0,0,0,0,0,GK,Atalanta,0,0.0,0.4066589772701263,0.4066589772701263,Serie A,2025-2026
1504,Alberto Grassi,30,1758,0,0.7624318739399314,0,0.4524057134985924,13,8,4,1,M S,Cremonese,0,0.7624318739399314,3.692227714695037,2.7019001794978976,Serie A,2025-2026
1541,Stefan de Vrij,11,675,0,0.3569717379286885,0,0.1030677296221256,6,2,1,0,D S,Inter,0,0.3569717379286885,5.014415010809898,4.854875788092613,Serie A,2025-2026
1544,Federico Ravaglia,17,1468,0,0.0,0,0.0,0,0,4,0,GK S,Bologna,0,0.0,1.1016265656799078,1.1016265656799078,Serie A,2025-2026
1583,Arkadiusz Milik,2,33,0,0.2569368369877338,0,0.0,2,0,0,0,S,Juventus,0,0.2569368369877338,0.0583513248711824,0.0492427330464124,Serie A,2025-2026
1588,Raúl Albiol,8,494,0,0.0676460266113281,1,0.9096565768122672,1,3,1,0,D S,Pisa,0,0.0676460266113281,0.972431879490614,0.8516329564154148,Serie A,2025-2026
1634,Alessandro Deiola,20,1444,0,2.228636055253446,2,0.5954971769824624,22,6,3,0,D M S,Cagliari,0,2.228636055253446,4.545566329732537,2.970381209626794,Serie A,2025-2026
1804,Álvaro Morata,26,917,0,4.910666534677148,1,0.7771521378308535,23,10,2,1,F S,Como,0,4.149367729201913,3.673953918740153,0.6550146443769336,Serie A,2025-2026
1843,Matteo Bianchetti,27,2222,0,0.7512021120637655,2,0.4877564660273492,7,4,4,0,D S,Cremonese,0,0.7512021120637655,3.321823885664344,3.0193286444991827,Serie A,2025-2026
1873,Nicola Leali,22,1843,0,0.0,0,0.1997857615351677,0,2,2,1,GK S,Genoa,0,0.0,1.4363188985735178,1.2365331295877695,Serie A,2025-2026
1892,Alex Meret,11,982,0,0.0,1,0.2711901664733886,0,1,1,0,GK,Napoli,0,0.0,1.5828552544116974,1.5828552544116974,Serie A,2025-2026
1898,Stefano Sabelli,16,930,0,0.403718045912683,0,0.3217905536293983,8,6,0,0,D M S,Genoa,0,0.403718045912683,3.7337232949212193,3.200494651682675,Serie A,2025-2026
1922,Daniele Sommariva,2,176,0,0.0,0,0.0,0,0,0,0,GK S,Genoa,0,0.0,0.0383542366325855,0.0383542366325855,Serie A,2025-2026
1927,Berat Gjimshiti,34,2522,0,1.6940214959904552,0,0.3319271430373192,16,5,4,0,D S,Atalanta,0,1.6940214959904552,9.58841962274164,8.927216066978872,Serie A,2025-2026
2012,Nicholas Pierini,11,116,0,0.3286344055086374,0,0.1156127247959375,5,4,1,0,S,Sassuolo,0,0.3286344055086374,0.1829208685085177,0.0,Serie A,2025-2026
2058,Filippo Romagna,5,319,0,0.0468942187726497,0,0.0,2,0,0,0,D S,Sassuolo,0,0.0468942187726497,0.3252820125780999,0.3252820125780999,Serie A,2025-2026
2104,Sergi Roberto,20,507,0,1.0820457711815834,0,0.3467925526201725,6,8,3,0,M S,Como,0,1.0820457711815834,4.112761254422367,3.482846712693572,Serie A,2025-2026
3278,Maxwel Cornet,8,110,0,1.429563120007515,0,0.245771924033761,4,6,0,0,M S,Genoa,0,0.6682642847299576,0.7464268896728754,0.0144572537392377,Serie A,2025-2026
3363,Benjamin Pavard,1,90,0,0.046149093657732,0,0.0267517808824777,1,1,0,0,D,Inter,0,0.046149093657732,0.6803727149963379,0.6803727149963379,Serie A,2025-2026
3729,Hassane Kamara,26,1883,0,0.8897657804191113,2,2.513818873092532,16,23,5,0,D M S,Udinese,0,0.8897657804191113,6.378122080117464,4.113270306959748,Serie A,2025-2026
3737,Mike Maignan,37,3296,0,0.0,0,0.0,0,0,4,0,GK,AC Milan,0,0.0,5.275465501472354,5.275465501472354,Serie A,2025-2026
3856,Milan Djuric,23,411,0,0.8126786760985851,1,0.7613420076668262,14,5,1,0,F S,"Cremonese,Parma Calcio 1913",0,0.8126786760985851,2.1519013457000256,0.8760578818619251,Serie A,2025-2026
3939,Nikita Contini,1,8,0,0.0,0,0.0,0,0,0,0,S,Napoli,0,0.0,0.0,0.0,Serie A,2025-2026
3965,Arturo Calabresi,26,1536,0,0.2407729886472225,0,0.0651397965848445,4,4,8,0,D S,Pisa,0,0.2407729886472225,2.263354999944568,2.1927061965689063,Serie A,2025-2026
4911,Alessio Zerbin,32,1643,0,1.82145987264812,3,2.4866941403597598,21,17,1,0,D M S,Cremonese,0,1.82145987264812,5.13411957398057,1.9741908451542256,Serie A,2025-2026
4920,Matteo Gabbia,30,2531,0,1.5443233884871006,0,0.0519444094970822,19,2,4,0,D S,AC Milan,0,1.5443233884871006,8.185640977695584,7.89401094801724,Serie A,2025-2026
4951,Grigoris Kastanos,6,31,0,0.0280074756592512,0,0.0396810844540596,1,1,0,0,S,Verona,0,0.0280074756592512,0.0280074756592512,0.0,Serie A,2025-2026
4981,Davide Frattesi,22,523,0,2.2943487614393234,0,0.5991341080516577,16,5,0,0,M S,Inter,0,2.2943487614393234,3.8932081889361134,1.1310180015861988,Serie A,2025-2026
4984,Wladimiro Falcone,38,3420,0,0.0,0,0.0365259833633899,0,1,2,0,GK,Lecce,0,0.0,0.8861004188656807,0.8495744355022907,Serie A,2025-2026
4990,Marius Marin,23,1307,0,0.0855703866109252,0,0.0219777524471282,3,2,7,0,M S,Pisa,0,0.0855703866109252,3.226825973019004,3.1192778795957565,Serie A,2025-2026
5025,Alessandro Buongiorno,33,2526,0,1.6447823997586966,1,0.3518915679305792,8,3,3,0,D S,Napoli,0,1.6447823997586966,8.016250479966402,7.9922011978924274,Serie A,2025-2026
5221,Leon Bailey,7,184,0,0.1348361037671566,0,0.0624751690775156,3,2,0,0,F S,Roma,0,0.1348361037671566,0.5365037806332111,0.4638566896319389,Serie A,2025-2026
5509,Hernani,4,58,0,0.0357290841639041,0,0.0266059823334217,1,1,0,0,S,Parma Calcio 1913,0,0.0357290841639041,0.0779976248741149,0.0513916425406932,Serie A,2025-2026
5610,Jean Butez,38,3420,0,0.0,1,0.4511870332062244,0,3,3,0,GK,Como,0,0.0,8.169484661892056,7.718297624960542,Serie A,2025-2026
5996,Adrien Tameze,24,1110,0,0.2225745106115937,0,0.2651061238721013,5,8,3,0,D M S,Torino,0,0.2225745106115937,3.868183462880552,3.530101119540632,Serie A,2025-2026
6129,Nícolas,6,540,0,0.0,0,0.0,0,0,0,0,GK,Pisa,0,0.0,0.0721409525722265,0.0721409525722265,Serie A,2025-2026
6132,Marco Silvestri,4,360,0,0.0,0,0.0,0,0,0,0,GK,Cremonese,0,0.0,0.0331612043082714,0.0331612043082714,Serie A,2025-2026
6149,Unai Núñez,17,1263,0,0.2986309919506311,0,0.1526594869792461,7,5,6,0,D S,Verona,0,0.2986309919506311,2.789568616077304,2.5562163945287466,Serie A,2025-2026
6167,Vanja Milinkovic-Savic,27,2430,0,0.0,1,0.3024167791008949,0,3,0,0,GK,Napoli,0,0.0,4.887410014867783,4.58499326556921,Serie A,2025-2026
6180,Manuel Lazzari,23,917,0,0.1093258569017052,0,0.12791617680341,4,2,2,0,D S,Lazio,0,0.1093258569017052,1.957939920015633,1.7328816344961524,Serie A,2025-2026
6296,Abdelhamid Sabiri,1,24,0,0.0129246171563863,0,0.1448271870613098,1,3,0,0,S,Fiorentina,0,0.0129246171563863,0.0891875401139259,0.0762629210948944,Serie A,2025-2026
6352,Valentino Lazaro,31,2273,0,0.4233721131458878,2,3.7035163436084986,8,31,4,0,D M S,Torino,0,0.4233721131458878,6.316612107679248,4.944833934307098,Serie A,2025-2026
6368,Mathías Olivera,25,1370,0,1.7913433331996202,0,0.5973206851631403,8,10,3,0,D S,Napoli,0,1.7913433331996202,7.217204011976719,5.740894721820951,Serie A,2025-2026
6412,Raoul Bellanova,24,1374,0,0.5010053906589746,1,1.9426204562187197,13,21,2,0,D M S,Atalanta,0,0.5010053906589746,5.808547647669911,4.122412154451013,Serie A,2025-2026
6517,Charalampos Lykogiannis,10,627,0,0.2231357134878635,1,1.4965692646801472,7,13,3,0,D S,Bologna,0,0.2231357134878635,1.564978839829564,0.9745610002428292,Serie A,2025-2026
6929,Adrian Semper,25,2250,0,0.0,0,0.0,0,0,0,0,GK,Pisa,0,0.0,0.7795740598812699,0.7795740598812699,Serie A,2025-2026
6977,Pietro Terracciano,2,124,0,0.0,0,0.0,0,0,0,0,GK S,AC Milan,0,0.0,0.3073457181453705,0.3073457181453705,Serie A,2025-2026
6982,Ivan Provedel,27,2430,0,0.0,0,0.2273319959640503,0,1,1,0,GK,Lazio,0,0.0,2.789876733906567,2.562544737942517,Serie A,2025-2026
7027,Arijanet Muric,32,2880,0,0.0,0,0.0334668159484863,0,1,4,0,GK,Sassuolo,0,0.0,3.8466744776815176,3.8466744776815176,Serie A,2025-2026
7074,Nicolás González,2,14,0,0.0817915219813585,0,0.0379214473068714,2,1,0,0,S,Juventus,0,0.0817915219813585,0.0602401793003082,0.0,Serie A,2025-2026
7087,Elia Caprile,38,3420,0,0.0,0,0.1229132413864135,0,1,2,0,GK,Cagliari,0,0.0,2.390499006025493,2.26758576463908,Serie A,2025-2026
7091,Christian Kouamé,2,16,0,0.0,0,0.0,0,0,0,0,S,Fiorentina,0,0.0,0.1350783556699752,0.1350783556699752,Serie A,2025-2026
7208,Samuel Chukwueze,1,23,0,0.0,0,0.0,0,0,0,0,S,AC Milan,0,0.0,0.0210899077355861,0.0210899077355861,Serie A,2025-2026
7411,Nicolo Rovella,11,510,0,0.0171176232397556,1,1.4669072283431888,1,13,1,1,M S,Lazio,0,0.0171176232397556,1.6087185563519597,1.3888101922348142,Serie A,2025-2026
7483,Hans Nicolussi Caviglia,26,1456,0,0.8566823797300458,4,1.7445766404271126,20,19,4,0,M S,"Fiorentina,Parma Calcio 1913",0,0.8566823797300458,4.350880516692996,3.1315471809357405,Serie A,2025-2026
7594,Alessio Furlanetto,2,180,0,0.0,0,0.0,0,0,0,0,GK,Lazio,0,0.0,0.0614824015647172,0.0614824015647172,Serie A,2025-2026
7627,Andrea Ghion,1,7,0,0.0,0,0.0,0,0,0,0,S,Sassuolo,0,0.0,0.1192885860800743,0.1192885860800743,Serie A,2025-2026
7755,Domagoj Bradaric,29,1976,0,0.6028579501435161,1,2.994570933282376,13,28,2,0,D M S,Verona,0,0.6028579501435161,6.39884002879262,3.356616459786892,Serie A,2025-2026
7758,Cheikh Niasse,20,973,0,0.1757795037701726,1,0.5936807617545128,6,11,1,0,D M S,Verona,0,0.1757795037701726,2.713234404101968,2.0721419416368008,Serie A,2025-2026
8009,Antonino Gallo,37,3063,0,0.8320707594975829,4,3.944961703382433,6,36,3,0,D S,Lecce,0,0.8320707594975829,5.235778709873557,3.610010246746242,Serie A,2025-2026
8030,Sebastian Walukiewicz,34,2871,0,0.1800192967057228,1,2.0545829758048058,7,21,7,0,D S,Sassuolo,0,0.1800192967057228,8.79346252931282,7.566686389502138,Serie A,2025-2026
8101,Stefano Turati,6,535,0,0.0,0,0.0425439551472663,0,1,0,0,GK,Sassuolo,0,0.0,1.3311380236409605,1.288594068493694,Serie A,2025-2026
8109,Niels Nkounkou,11,340,0,0.2177513688802719,1,0.8862955691292882,4,7,3,0,D S,Torino,0,0.2177513688802719,1.093416347168386,0.2393200192600488,Serie A,2025-2026
8226,Tariq Lamptey,2,22,0,0.0,0,0.1245279237627983,0,2,0,0,M S,Fiorentina,0,0.0,0.1245279237627983,0.0,Serie A,2025-2026
8241,Balthazar Pierret,3,20,0,0.0,0,0.0,0,0,0,0,S,Lecce,0,0.0,0.0,0.0,Serie A,2025-2026
8290,Edoardo Corvi,17,1530,0,0.0,0,0.0,0,0,1,0,GK,Parma Calcio 1913,0,0.0,1.6450959853827951,1.6450959853827951,Serie A,2025-2026
8303,Marin Pongracic,35,2923,0,0.592979246750474,0,0.688893262296915,8,8,12,0,D S,Fiorentina,0,0.592979246750474,6.798887319862843,6.397510515525937,Serie A,2025-2026
8310,Mitchel Bakker,1,7,0,0.0,0,0.0,0,0,0,0,S,Atalanta,0,0.0,0.0368793755769729,0.0368793755769729,Serie A,2025-2026
8321,Razvan Sava,7,620,0,0.0,0,0.0,0,0,1,0,GK S,Udinese,0,0.0,0.177310274913907,0.177310274913907,Serie A,2025-2026
8326,Maduka Okoye,30,2616,0,0.0,0,0.0713610853999853,0,2,1,1,GK,Udinese,0,0.0,1.990268925204873,1.973937455564737,Serie A,2025-2026
8330,Jean Onana,3,36,0,0.0195505674928426,0,0.0138853043317794,1,1,0,0,S,Genoa,0,0.0195505674928426,0.0334358718246221,0.0,Serie A,2025-2026
8380,Pablo Marí,11,810,0,0.0482517899945378,0,0.1127859242260456,2,2,3,0,D S,Fiorentina,0,0.0482517899945378,1.7687735836952925,1.667766323313117,Serie A,2025-2026
8383,Faustino Anjorin,15,258,0,0.603797011077404,0,0.1187028316780924,4,3,1,0,M S,Torino,0,0.603797011077404,1.4105537831783297,1.0754508320242169,Serie A,2025-2026
8632,Enzo Ebosse,17,1342,0,0.0585717372596263,1,0.522622860968113,1,6,4,0,D S,"Torino,Verona",0,0.0585717372596263,4.712129931896925,4.59448878094554,Serie A,2025-2026
8728,Oier Zarraga,24,427,0,0.5969471037387848,0,0.1326537951827049,4,2,2,0,M S,Udinese,0,0.5969471037387848,1.634027755819261,1.019283807836473,Serie A,2025-2026
8828,Ivan Ilic,8,414,0,0.0,0,0.7176270708441734,0,8,2,0,M S,Torino,0,0.0,1.2886295728385448,0.6005804687738419,Serie A,2025-2026
8829,Nicolò Casale,12,672,0,0.7464245669543743,0,0.2049335874617099,5,4,0,0,D S,Bologna,0,0.7464245669543743,1.794011733494699,1.707671201787889,Serie A,2025-2026
8852,Konstantinos Tsimikas,18,617,0,0.5683948341757059,0,0.0791524378582835,7,3,1,0,D M S,Roma,0,0.5683948341757059,1.6814278615638614,1.141974575817585,Serie A,2025-2026
8857,Gabriele Zappa,31,1583,0,1.1292200051248074,3,2.106568494811654,11,13,2,0,D S,Cagliari,0,1.1292200051248074,6.058917995542288,4.171539556235075,Serie A,2025-2026
8871,Marco Carnesecchi,37,3330,0,0.0,0,0.0,0,0,0,0,GK,Atalanta,0,0.0,6.905917014926672,6.905917014926672,Serie A,2025-2026
8881,Lorenzo Montipò,35,3150,0,0.0,1,0.218423243612051,0,3,0,0,GK,Verona,0,0.0,2.1883213939145207,1.9698981354013083,Serie A,2025-2026
8895,Tete Morente,16,859,0,0.9692354239523412,0,0.8144437298178673,14,10,2,0,F M S,Lecce,0,0.9692354239523412,2.2564369663596158,0.9947964325547218,Serie A,2025-2026
8967,Lautaro Valenti,27,2255,0,0.4869517162442207,0,1.1660469826310873,17,10,7,0,D S,Parma Calcio 1913,0,0.4869517162442207,5.188648164272308,4.281415678560734,Serie A,2025-2026
9029,Simon Sohm,28,1447,0,0.7936277445405722,1,2.04474865924567,9,15,3,0,M S,"Bologna,Fiorentina",0,0.7936277445405722,4.9742969293147326,3.7022214271128178,Serie A,2025-2026
9030,Filippo Rinaldi,1,90,0,0.0,0,0.0,0,0,1,0,GK,Parma Calcio 1913,0,0.0,0.0,0.0,Serie A,2025-2026
9044,Alberto Paleari,29,2610,0,0.0,0,0.0,0,0,1,0,GK,Torino,0,0.0,1.6753552202135324,1.6753552202135324,Serie A,2025-2026
9052,Josep Martínez,5,450,0,0.0,0,0.0,0,0,0,0,GK,Inter,0,0.0,1.1353245675563812,1.1353245675563812,Serie A,2025-2026
9057,Franco Ezequiel Carboni,7,106,0,0.0,0,0.0,0,0,0,0,D S,Parma Calcio 1913,0,0.0,0.6373426467180252,0.6373426467180252,Serie A,2025-2026
9061,Pontus Almqvist,13,442,0,0.3375041931867599,1,1.8195517510175705,5,9,0,0,D M S,Parma Calcio 1913,0,0.3375041931867599,2.522960741072893,0.990849431604147,Serie A,2025-2026
9065,Nahuel Estévez,32,1001,0,0.6303743990138173,1,1.103767991065979,9,11,2,0,M S,Parma Calcio 1913,0,0.6303743990138173,2.353299428708852,1.3416498266160488,Serie A,2025-2026
9090,Ardian Ismajli,25,1907,0,0.7488318141549826,1,0.5390323810279369,6,4,5,0,D S,Torino,0,0.7488318141549826,3.390311038121581,2.8379868511110544,Serie A,2025-2026
9134,Alessandro Di Pardo,3,50,0,0.1000637710094451,0,0.0,1,0,0,0,S,Cagliari,0,0.1000637710094451,0.1000637710094451,0.0,Serie A,2025-2026
9179,Franco Israel,9,810,0,0.0,0,0.0,0,0,1,0,GK,Torino,0,0.0,1.5392499398440125,1.5392499398440125,Serie A,2025-2026
9447,Niakhate Ndiaye,11,786,0,0.3603881355375051,0,0.0225565638393163,6,1,3,1,D S,Parma Calcio 1913,0,0.3603881355375051,2.311476416885853,2.272215012460947,Serie A,2025-2026
9561,Nicolò Bertola,28,1756,0,0.995705895125866,1,1.549034908413887,13,11,3,0,D S,Udinese,0,0.995705895125866,4.48557251971215,2.858090599998832,Serie A,2025-2026
9691,Nuno Tavares,23,1478,0,1.1277530696243048,0,1.182953616604209,16,20,5,0,D S,Lazio,0,1.1277530696243048,5.688988317735493,4.411527437157929,Serie A,2025-2026
9710,Armel Bella Kotchap,19,1347,0,0.0762253142893314,0,0.0466984026134014,3,1,3,0,D S,Verona,0,0.0762253142893314,2.4115765765309334,2.3733383491635323,Serie A,2025-2026
9854,Kristjan Asllani,15,1145,0,1.1615827651694417,0,1.1300613693892956,20,16,3,0,M S,Torino,0,0.4002839298918843,2.6788381403312087,2.2846737299114466,Serie A,2025-2026
9855,Mattia Viti,10,231,0,0.0,0,0.0,0,0,1,1,D S,Fiorentina,0,0.0,0.3585231527686119,0.3585231527686119,Serie A,2025-2026
9866,Nadir Zortea,32,1776,0,0.4220857946202159,2,2.858346225693822,11,26,2,0,D S,Bologna,0,0.4220857946202159,5.77900561131537,3.2570625115185976,Serie A,2025-2026
9895,Nicolò Cavuoti,4,34,0,0.0,0,0.0,0,0,0,0,S,Cagliari,0,0.0,0.0,0.0,Serie A,2025-2026
9902,Pasquale Mazzocchi,16,288,0,0.0465274639427661,1,1.1447767056524754,2,4,0,1,D S,Napoli,0,0.0465274639427661,2.0700561702251434,1.4018489643931389,Serie A,2025-2026
9919,Calvin Stengs,4,36,0,0.0507716424763202,0,0.0083027789369225,2,1,0,0,S,Pisa,0,0.0507716424763202,0.0771994031965732,0.0423924103379249,Serie A,2025-2026
9935,Aster Vranckx,16,693,0,0.0885750222951173,0,0.0952156260609626,3,2,2,0,M S,Sassuolo,0,0.0885750222951173,1.1440454255789518,1.0025428906083107,Serie A,2025-2026
9969,Teun Koopmeiners,33,1803,0,1.7949654590338469,0,0.7337323613464832,28,16,5,0,D M S,Juventus,0,1.7949654590338469,8.081720914691687,6.76489283144474,Serie A,2025-2026
9992,Oliver Christensen,1,87,0,0.0,0,0.0,0,0,0,0,GK,Fiorentina,0,0.0,0.386197030544281,0.386197030544281,Serie A,2025-2026
10036,Jeremy Sarmiento,7,127,0,0.05533710680902,0,0.1608402132987976,2,3,0,0,S,Cremonese,0,0.05533710680902,0.5485026314854622,0.3956798752769828,Serie A,2025-2026
10073,Adam Obert,35,2813,0,1.3562092930078506,3,3.709252428263426,10,26,8,1,D S,Cagliari,0,1.3562092930078506,9.10701741091907,7.374641459435224,Serie A,2025-2026
10075,Romano Floriani,28,1156,0,0.2002486418932676,1,1.3022935949265957,5,9,2,0,D M S,Cremonese,0,0.2002486418932676,1.9743683747947216,1.198974552564323,Serie A,2025-2026
10143,Bryan Zaragoza,4,140,0,0.1814824938774109,1,0.8119799569249153,1,4,1,0,M S,Roma,0,0.1814824938774109,1.0063471645116806,0.0570940524339675,Serie A,2025-2026
10192,Gioele Zacchi,1,5,0,0.0,0,0.0,0,0,0,0,S,Sassuolo,0,0.0,0.0,0.0,Serie A,2025-2026
10255,Sadik Fofana,5,80,0,0.1006206348538398,0,0.1805937960743904,2,2,0,0,M S,Lecce,0,0.1006206348538398,0.2812144346535206,0.0,Serie A,2025-2026
10303,Jacopo Fazzini,20,562,0,0.8832504265010357,0,0.7231574095785618,9,9,2,0,F M S,Fiorentina,0,0.8832504265010357,1.994159899652004,0.4615865107625723,Serie A,2025-2026
10328,Edon Zhegrova,19,330,0,0.761217413470149,0,1.0260313991457224,19,9,1,0,S,Juventus,0,0.761217413470149,2.2294692248106003,1.3332744538784027,Serie A,2025-2026
10345,Samuele Angori,35,2619,0,1.318560840561986,2,3.855747262947261,14,38,2,0,D M S,Pisa,0,1.318560840561986,8.059615784324706,5.591387763619423,Serie A,2025-2026
10380,Zito,12,304,0,1.151164494454861,0,0.3884659241884947,12,3,0,0,F M S,Cagliari,0,1.151164494454861,1.925946459174156,0.4089712295681238,Serie A,2025-2026
10389,Fali Candé,12,509,0,0.1701168362051248,0,0.0114713637158274,3,1,2,0,D S,Sassuolo,0,0.1701168362051248,0.5957811279222369,0.4141929261386394,Serie A,2025-2026
10413,Giovanni Bonfanti,9,501,0,0.2863771161064505,0,0.11172466725111,6,3,1,0,D S,Pisa,0,0.2863771161064505,0.4159418269991874,0.1316771451383829,Serie A,2025-2026
10532,Giuseppe Ambrosino,3,31,0,0.0,0,0.0,0,0,0,0,S,Napoli,0,0.0,0.0524723585695028,0.0524723585695028,Serie A,2025-2026
10561,Jesús Santiago,2,2,0,0.0100656328722834,0,0.0408281609416008,1,1,0,0,S,Verona,0,0.0100656328722834,0.0508937938138842,0.0,Serie A,2025-2026
10577,Mario Gila,31,2498,0,1.6254177382215858,0,0.718289490789175,12,5,4,1,D,Lazio,0,1.6254177382215858,6.236207589507103,5.655185416340828,Serie A,2025-2026
10616,Samuel Iling-Junior,5,104,0,0.0,0,0.0285100359469652,0,1,0,0,M S,Pisa,0,0.0,0.0285100359469652,0.0,Serie A,2025-2026
10740,Jordan Zemura,17,1119,0,0.3313146717846393,1,1.270031085237861,5,12,3,0,D S,Udinese,0,0.3313146717846393,2.144699914380908,1.7161248307675123,Serie A,2025-2026
10796,Zakaria Aboukhlal,15,500,0,0.4121775142848491,0,0.5975706037133932,7,3,4,0,D M S,Torino,0,0.4121775142848491,1.3414292484521866,0.4527049548923969,Serie A,2025-2026
10878,Sandi Lovric,14,505,0,0.2690124521031976,1,1.7938778661191463,6,12,2,0,M S,"Udinese,Verona",0,0.2690124521031976,1.1261667488142848,0.7170273344963789,Serie A,2025-2026
10890,Michele Di Gregorio,30,2654,0,0.0,0,0.0,0,0,1,0,GK S,Juventus,0,0.0,3.483929043635726,3.483929043635726,Serie A,2025-2026
10898,Warren Bondo,27,1788,0,0.2856207136064768,0,0.161786250770092,8,3,5,0,M S,Cremonese,0,0.2856207136064768,3.443341282196343,2.995934301055968,Serie A,2025-2026
10906,Thórir Helgason,8,129,0,0.2772465534508228,0,0.1026582196354866,3,3,0,0,M S,Lecce,0,0.2772465534508228,0.3372492156922817,0.0511505398899316,Serie A,2025-2026
10955,Alex Sala,9,148,0,0.3768588658422231,1,0.1294361446052789,4,3,0,0,M S,Lecce,0,0.3768588658422231,0.3867439143359661,0.1100931875407695,Serie A,2025-2026
10967,Mile Svilar,38,3420,0,0.0,0,0.0,0,0,0,0,GK,Roma,0,0.0,5.139284377917647,5.139284377917647,Serie A,2025-2026
11022,Simone Perilli,3,270,0,0.0,0,0.0,0,0,0,0,GK,Verona,0,0.0,0.2584646940231323,0.2584646940231323,Serie A,2025-2026
11023,Josh Doig,30,1924,0,0.7494111750274897,0,1.5034504160284996,11,15,5,0,D S,Sassuolo,0,0.7494111750274897,5.639150124043226,4.256728074979037,Serie A,2025-2026
11027,Emanuele Valeri,34,2637,0,0.6690369648858905,2,3.777259983122349,23,51,2,0,D M S,Parma Calcio 1913,0,0.6690369648858905,6.482847294770181,4.969146250747144,Serie A,2025-2026
11049,Reda Belahyane,13,601,0,0.207035519182682,2,1.128248251974583,3,6,1,1,M S,Lazio,0,0.207035519182682,1.7242567455396056,1.4414831502363086,Serie A,2025-2026
11080,Valentín Carboni,12,345,0,0.6554981181398034,0,0.3237762823700905,6,4,2,0,M S,Genoa,0,0.6554981181398034,1.0826020389795303,0.2335170824080705,Serie A,2025-2026
11139,Tommaso Barbieri,29,1696,0,0.9889214904978872,1,1.833732210099697,16,10,8,0,D M S,Cremonese,0,0.9889214904978872,5.086522728204727,2.3321381313726306,Serie A,2025-2026
11278,Gvidas Gineitis,29,1778,0,0.9363524671643972,1,2.6753238569945097,27,26,5,0,M S,Torino,0,0.9363524671643972,5.622060902416706,4.116749364882708,Serie A,2025-2026
11279,Ali Dembélé,2,15,0,0.0524663105607032,0,0.0,1,0,0,0,S,Torino,0,0.0524663105607032,0.0524663105607032,0.0,Serie A,2025-2026
11350,Amin Sarr,34,1046,0,1.6173531264066696,1,1.370297757908702,19,15,0,1,F M S,Verona,0,1.6173531264066696,4.150501137599349,1.915599713101983,Serie A,2025-2026
11520,Lorenzo Bernasconi,23,1570,0,0.4185952385887503,3,3.146109139546752,9,27,3,0,D M S,Atalanta,0,0.4185952385887503,7.764180159196258,6.473759057000279,Serie A,2025-2026
11536,David Odogu,2,3,0,0.0,0,0.0,0,0,0,0,S,AC Milan,0,0.0,0.0,0.0,Serie A,2025-2026
11586,Ebenezer Akinsanmiro,24,1441,0,1.112527676858008,1,1.6431705905124545,13,16,2,0,M S,Pisa,0,1.112527676858008,4.29768105968833,1.7949366383254528,Serie A,2025-2026
11752,Amir Richardson,2,35,0,0.012502109631896,0,0.0,1,0,0,0,S,Fiorentina,0,0.012502109631896,0.012502109631896,0.0,Serie A,2025-2026
11876,Luca Marianucci,12,688,0,0.0295138517394661,1,0.9746939558535814,2,8,2,0,D S,"Napoli,Torino",0,0.0295138517394661,4.4013040494173765,3.42620730958879,Serie A,2025-2026
11897,Raffaele Di Gennaro,1,8,0,0.0,0,0.0,0,0,0,0,S,Inter,0,0.0,0.0,0.0,Serie A,2025-2026
11921,Filip Stojilkovic,13,660,0,2.330876991152764,0,0.7152565270662308,10,2,0,0,F M S,Pisa,0,2.330876991152764,3.5138361528515816,0.6132990717887878,Serie A,2025-2026
11929,Luca Lipani,24,1011,0,0.9187592826783656,1,1.1096705137751997,12,11,3,0,M S,Sassuolo,0,0.9187592826783656,4.823387278243899,3.3149657156318426,Serie A,2025-2026
11930,Daniel Boloca,2,137,0,0.0955388396978378,0,0.0386174395680427,2,1,0,0,M,Sassuolo,0,0.0955388396978378,0.1647419761866331,0.0305857057683169,Serie A,2025-2026
11946,Mohamed Kaba,15,614,0,0.4404364861547947,0,0.2189672160893678,9,5,1,0,M S,Lecce,0,0.4404364861547947,1.6230159662663937,1.139161642640829,Serie A,2025-2026
11955,Alberto Dossena,12,850,0,0.8983321329578757,1,0.6100350879132748,7,3,5,0,D S,Cagliari,0,0.8983321329578757,1.512564353644848,1.2154917791485786,Serie A,2025-2026
11990,Mateus Lusuardi,3,202,0,0.1197365634143352,0,0.1444711238145828,4,1,1,0,D,Pisa,0,0.1197365634143352,0.1128613799810409,0.1128613799810409,Serie A,2025-2026
12011,Seydou Fini,1,30,0,0.0,0,0.025144163519144,0,1,0,0,S,Genoa,0,0.0,0.025144163519144,0.0,Serie A,2025-2026
12095,Tomás Suslov,11,441,0,0.4167359722778201,0,0.2106498125940561,12,4,1,1,F M S,Verona,0,0.4167359722778201,0.5578527301549911,0.1217337548732757,Serie A,2025-2026
12168,Alejandro Jiménez,1,42,0,0.0,0,0.1404095441102981,0,2,1,0,S,AC Milan,0,0.0,0.3835609853267669,0.2431514263153076,Serie A,2025-2026
12356,Saba Goglichidze,8,418,0,0.5540105774998665,0,0.0634089224040508,3,2,2,0,D S,Udinese,0,0.5540105774998665,1.179652363061905,1.1365225426852703,Serie A,2025-2026
12425,Faris Moumbagna,5,72,0,0.4495754614472389,0,0.017842786386609,2,1,0,0,S,Cremonese,0,0.4495754614472389,0.4004152715206146,0.0,Serie A,2025-2026
12530,Mikayil Faye,8,238,0,0.0452544298022985,0,0.4483277201652527,2,1,1,0,D M S,Cremonese,0,0.0452544298022985,0.7969660088419914,0.3307258803397417,Serie A,2025-2026
12601,Darryl Bakola,6,116,0,0.1266994327306747,1,0.4741175323724746,3,3,0,0,M S,Sassuolo,0,0.1266994327306747,1.2305008098483086,0.6296838670969009,Serie A,2025-2026
12609,Niccolò Fortini,16,488,0,0.2287251818925142,0,0.4631086196750402,8,4,0,0,D S,Fiorentina,0,0.2287251818925142,1.3271684758365154,0.7594672311097383,Serie A,2025-2026
12635,Matteo Palma,5,109,0,0.0,0,0.0,0,0,0,0,D S,Udinese,0,0.0,0.2005495782941579,0.2005495782941579,Serie A,2025-2026
12639,Junior Ajayi,1,1,0,0.0,0,0.0,0,0,0,0,S,Verona,0,0.0,0.0,0.0,Serie A,2025-2026
12771,Gaël Lafont,1,6,0,0.0,0,0.0,0,0,0,0,S,Genoa,0,0.0,0.0,0.0,Serie A,2025-2026
12777,Patrizio Masini,28,1379,0,2.03008303232491,1,1.2380426349118352,18,9,5,0,M S,Genoa,0,2.03008303232491,4.957104844972491,2.670099798589945,Serie A,2025-2026
12779,Honest Ahanor,22,1368,0,2.38193753361702,0,0.1237909533083438,13,2,2,1,D S,Atalanta,0,2.38193753361702,3.2897915095090866,2.9145306274294853,Serie A,2025-2026
12781,Zion Suzuki,20,1800,0,0.0,0,0.0257010422646999,0,1,1,0,GK,Parma Calcio 1913,0,0.0,0.6844347473233938,0.6587337050586939,Serie A,2025-2026
12782,Woyo Coulibaly,20,1023,0,0.1083389995619654,0,0.2964532244950533,6,4,2,0,D S,Sassuolo,0,0.1083389995619654,4.755065858364105,4.689090021885932,Serie A,2025-2026
12787,Daniel Mikolajewski,3,68,0,0.4269783496856689,0,0.0,1,0,0,0,F S,Parma Calcio 1913,0,0.4269783496856689,0.497406842187047,0.0704284887760877,Serie A,2025-2026
12857,Daniel Mosquera,22,565,0,1.0957419574260712,2,0.9883034899830818,16,5,1,0,F S,Verona,0,1.0957419574260712,1.611335415393114,0.4711602106690407,Serie A,2025-2026
12858,Daniele Ghilardi,23,1070,0,0.5609008073806763,0,0.4173059575259685,3,4,1,0,D S,Roma,0,0.5609008073806763,2.8199229426681995,2.492456678301096,Serie A,2025-2026
12880,Albert Grønbæk,4,96,0,0.0388572290539741,0,0.1321971267461776,1,2,1,0,M S,Genoa,0,0.0388572290539741,0.520349532365799,0.3881524205207824,Serie A,2025-2026
12885,Kialonda Gaspar,23,1827,0,0.7932648342102766,0,0.0,9,0,6,1,D S,Lecce,0,0.7932648342102766,2.6573333460837603,2.6573333460837603,Serie A,2025-2026
12891,Dominic Vavassori,1,9,0,0.0,0,0.0,0,0,0,0,S,Atalanta,0,0.0,0.0,0.0,Serie A,2025-2026
12958,Alessandro Marcandalli,32,2597,0,0.2700923178344965,2,0.6531431395560503,5,10,4,0,D S,Genoa,0,0.2700923178344965,4.446402177214623,4.021648896858096,Serie A,2025-2026
12989,Jay Idzes,35,3065,0,0.2000958640128374,0,0.744381345808506,5,3,2,0,D,Sassuolo,0,0.2000958640128374,5.868906051851809,5.347237028181553,Serie A,2025-2026
13027,Gaby Jean,7,180,0,0.0,0,0.0,0,0,1,0,D S,Lecce,0,0.0,0.013622404076159,0.013622404076159,Serie A,2025-2026
13045,Eddy Kouadio,3,62,0,0.0,0,0.0108428392559289,0,1,0,0,S,Fiorentina,0,0.0,0.0972492191940546,0.0864063799381256,Serie A,2025-2026
13050,Ignace Van der Brempt,20,915,0,0.1629508137702942,1,0.8157258443534374,3,5,2,0,D S,Como,0,0.1629508137702942,4.370813526213169,4.091412968933582,Serie A,2025-2026
13061,Benjamín Domínguez,15,553,0,0.6471717953681946,3,0.2637887708842754,12,7,1,0,M S,Bologna,0,0.6471717953681946,2.346475001424551,1.5743254204280674,Serie A,2025-2026
13099,Rui Modesto,3,113,0,0.0113287363201379,1,0.4437576532363891,1,2,0,0,S,Udinese,0,0.0113287363201379,0.660630464553833,0.216872826218605,Serie A,2025-2026
13237,Massimo Pessina,4,353,0,0.0,0,0.0,0,0,0,0,GK S,Bologna,0,0.0,0.3042548187077045,0.3042548187077045,Serie A,2025-2026
13313,Nicolás Valentini,21,1400,0,0.7951413663104177,0,0.6271094977855682,15,3,6,1,D S,Verona,0,0.7951413663104177,3.025006441399455,1.8920742087066171,Serie A,2025-2026
13331,Mathias Løvik,9,480,0,0.1799541944637894,0,0.1421054899692535,3,2,0,0,D S,Parma Calcio 1913,0,0.1799541944637894,0.5624273736029863,0.3316205590963363,Serie A,2025-2026
13340,Luka Topalovic,1,7,0,0.0,1,0.1569128036499023,0,1,0,0,S,Inter,0,0.0,0.1569128036499023,0.0,Serie A,2025-2026
13342,Alessandro Romano,2,5,0,0.0,0,0.0,0,0,0,0,S,Roma,0,0.0,0.5332328081130981,0.5332328081130981,Serie A,2025-2026
13349,Lorenzo Venturino,12,224,0,0.3034842805936932,0,0.8655294105410576,5,7,0,0,M S,"Genoa,Roma",0,0.3034842805936932,1.4495499581098557,0.4311673007905483,Serie A,2025-2026
13386,Jacob Ondrejka,16,768,0,1.423084044829011,0,0.4258564375340938,20,5,2,0,F M S,Parma Calcio 1913,0,1.423084044829011,2.751455696299672,1.0622229920700192,Serie A,2025-2026
13395,Danilo Veiga,36,3026,0,0.258736458607018,1,1.432144824415445,6,20,9,0,D S,Lecce,0,0.258736458607018,4.834762010723352,3.6639139968901873,Serie A,2025-2026
13401,Daniel Oyegoke,15,597,0,0.0767354145646095,0,0.1063853856176137,3,3,2,0,D S,Verona,0,0.0767354145646095,0.7224132418632507,0.5699822846800089,Serie A,2025-2026
13423,Al Musrati,18,832,0,0.194909268990159,1,0.4103963738307357,9,7,4,1,M S,Verona,0,0.194909268990159,1.4359240951016543,0.9848715346306562,Serie A,2025-2026
13443,Ivan Smolcic,28,1685,0,1.130530584603548,1,1.458752404898405,12,14,8,0,D S,Como,0,1.130530584603548,5.349467679858208,4.847194198518992,Serie A,2025-2026
13447,Oliver Provstgaard,26,1515,0,0.6658837907016277,0,0.6627684766426682,6,4,3,0,D S,Lazio,0,0.6658837907016277,4.658268369734287,4.0849767699837685,Serie A,2025-2026
13449,Victor Nelsson,38,3316,0,0.4676975440233946,0,0.054815262556076,10,3,4,0,D S,Verona,0,0.4676975440233946,4.07451512478292,3.9116749772802,Serie A,2025-2026
13453,Santiago Giménez,16,905,0,3.7894718274474144,1,0.5480921231210232,27,4,2,0,F S,AC Milan,0,3.7894718274474144,4.311729162931442,1.1985082384198904,Serie A,2025-2026
13478,Sebastian Otoa,13,829,0,0.0836077127605676,0,0.0,3,0,1,0,D S,Genoa,0,0.0836077127605676,0.6104554273188114,0.6104554273188114,Serie A,2025-2026
13479,Tobias Slotsager,8,435,0,0.1395334731787443,0,0.0,3,0,0,0,D S,Verona,0,0.1395334731787443,0.4186693364754319,0.4044773140922189,Serie A,2025-2026
13481,Abdoulaye Camara,1,9,0,0.0,0,0.043039496988058,0,1,0,0,S,Udinese,0,0.0,0.0383916869759559,0.0383916869759559,Serie A,2025-2026
13504,Matteo Cocchi,1,14,0,0.0,0,0.0,0,0,0,0,S,Inter,0,0.0,0.0,0.0,Serie A,2025-2026
13536,Filippo Carbone,1,6,0,0.0,0,0.0,0,0,0,0,S,Genoa,0,0.0,0.0,0.0,Serie A,2025-2026
13537,Joi Nuredini,1,1,0,0.0,0,0.0,0,0,0,0,S,Genoa,0,0.0,0.0,0.0,Serie A,2025-2026
13873,Nicolae Stanciu,4,181,0,1.0953040271997452,0,0.0626854011788964,5,2,0,0,M S,Genoa,0,0.3340051919221878,0.6643378371372819,0.3493243539705872,Serie A,2025-2026
13874,Owen Kouassi,4,231,0,0.0,0,0.0,0,0,0,0,D S,Lecce,0,0.0,0.3331151977181434,0.3331151977181434,Serie A,2025-2026
13876,Corrie Ndaba,14,533,0,0.1293806582689285,0,0.0512220580130815,2,2,0,0,D S,Lecce,0,0.1293806582689285,0.6001188587397337,0.5618049502372742,Serie A,2025-2026
13877,Matías Pérez,1,31,0,0.0,0,0.0138194896280765,0,1,0,0,D,Lecce,0,0.0,0.0262540634721517,0.0124345738440752,Serie A,2025-2026
13878,Olaf Gorter,2,27,0,0.0,0,0.0,0,0,0,0,S,Lecce,0,0.0,0.3341193124651909,0.3341193124651909,Serie A,2025-2026
13880,Luca Moro,14,181,0,0.8332867855206132,0,0.2611876428127289,6,1,1,0,F S,Sassuolo,0,0.8332867855206132,1.207763969898224,0.1254846081137657,Serie A,2025-2026
13893,Martin Vitík,19,1320,0,0.7379880752414465,0,0.170901820063591,8,3,3,0,D S,Bologna,0,0.7379880752414465,1.804028332233429,1.5788080394268036,Serie A,2025-2026
13894,Torbjørn Heggem,27,2109,0,1.0151279531419275,0,0.050894595682621,11,2,0,1,D S,Bologna,0,1.0151279531419275,4.1579109420999885,4.145889705978334,Serie A,2025-2026
13895,Ardon Jashari,14,703,0,0.2434516996145248,1,1.1303722113370895,7,9,0,0,M S,AC Milan,0,0.2434516996145248,3.5845713447779417,2.445791095495224,Serie A,2025-2026
13899,Michele Collocolo,8,353,0,0.0767250163480639,0,0.1351211853325367,2,2,1,0,M S,Cremonese,0,0.0767250163480639,0.2515165731310844,0.0396703742444515,Serie A,2025-2026
13900,Dachi Lordkipanidze,1,27,0,0.0,0,0.0,0,0,0,0,S,Cremonese,0,0.0,0.0,0.0,Serie A,2025-2026
13932,Riccardo Braschi,2,105,0,0.1504717692732811,0,0.0,3,0,0,0,F S,Fiorentina,0,0.1504717692732811,0.1938801556825637,0.0434083798900246,Serie A,2025-2026
13937,Daniel Denoon,2,126,0,0.0,0,0.0,0,0,1,0,D,Pisa,0,0.0,0.0125019075348973,0.0125019075348973,Serie A,2025-2026
13940,Gabriele Piccinini,25,825,0,2.891694039106369,0,1.4389822836965322,19,7,3,0,M S,Pisa,0,2.891694039106369,4.406972590833902,0.7542659714818001,Serie A,2025-2026
13942,Malthe Højholt,17,857,0,0.9494074806571008,0,0.1563381012529134,4,3,2,0,M S,Pisa,0,0.9494074806571008,1.5122927222400904,0.4657369842752814,Serie A,2025-2026
13943,Louis Buffon,4,24,0,0.0,0,0.0,0,0,0,0,S,Pisa,0,0.0,0.0284282453358173,0.0284282453358173,Serie A,2025-2026
13951,Tjas Begic,1,1,0,0.0,0,0.0,0,0,0,0,S,Parma Calcio 1913,0,0.0,0.0,0.0,Serie A,2025-2026
13956,Vakoun Bayo,15,432,0,1.3255622079595923,2,0.7309733182191849,14,3,0,0,F S,Udinese,0,1.3255622079595923,1.77715667989105,0.3394588828086853,Serie A,2025-2026
13958,Lennon Miller,24,985,0,0.3062051609158516,2,1.345477968454361,9,13,4,0,M S,Udinese,0,0.3062051609158516,2.4090506574139,1.2458066623657942,Serie A,2025-2026
13960,Fallou Cham,6,225,0,0.343944251537323,0,0.5105274394154549,5,4,0,0,D S,Verona,0,0.343944251537323,0.884210005402565,0.0460183247923851,Serie A,2025-2026
13970,Cheveyo Mul,2,2,0,0.0848034471273422,0,0.0,1,0,0,0,S,AC Milan,0,0.0848034471273422,0.0848034471273422,0.0,Serie A,2025-2026
13980,Sascha Britschgi,29,2103,0,0.4099866766482591,2,2.0349949607625604,13,17,5,1,D M S,Parma Calcio 1913,0,0.4099866766482591,4.071831869892776,1.8428749283775687,Serie A,2025-2026
13989,Antonio Arena,2,19,0,0.1771794408559799,0,0.0,2,0,0,0,S,Roma,0,0.1771794408559799,0.1771794408559799,0.0,Serie A,2025-2026
14005,Ioan Vermesan,6,66,0,0.4317272901535034,0,0.0,4,0,0,0,S,Verona,0,0.4317272901535034,0.4887276589870453,0.0570003548637032,Serie A,2025-2026
14019,Zé Pedro,23,1723,0,0.7449751049280167,1,0.4578208215534687,7,3,6,0,D S,Cagliari,0,0.7449751049280167,3.503966052085161,3.028582524508238,Serie A,2025-2026
14020,Joseph Liteta,4,277,0,0.0,0,0.0,0,0,0,0,M,Cagliari,0,0.0,0.1539649814367294,0.1539649814367294,Serie A,2025-2026
14021,Benjamín Cremaschi,8,122,0,0.018050517886877,0,0.0129911238327622,1,1,0,0,M S,Parma Calcio 1913,0,0.018050517886877,0.0418197745457291,0.0288286507129669,Serie A,2025-2026
14039,Jan Ziólkowski,18,500,0,0.1409545503556728,0,0.0412672013044357,2,1,3,0,D S,Roma,0,0.1409545503556728,0.8011281378567219,0.8011281378567219,Serie A,2025-2026
14045,Tomás Esteves,1,11,0,0.0,0,0.0,0,0,0,0,S,Pisa,0,0.0,0.0,0.0,Serie A,2025-2026
14047,Isak Vural,15,752,0,0.761934264563024,0,0.1692916788160801,6,3,4,0,M S,Pisa,0,0.761934264563024,1.9328494872897863,1.2197597604244947,Serie A,2025-2026
14085,Cas Odenthal,1,1,0,0.0,0,0.0,0,0,0,0,S,Sassuolo,0,0.0,0.0,0.0,Serie A,2025-2026
14104,Laurs Skjellerup,1,8,0,0.0155376251786947,0,0.0,1,0,0,0,S,Sassuolo,0,0.0155376251786947,0.0155376251786947,0.0,Serie A,2025-2026
14122,Pedro Felipe,3,125,0,0.0,1,0.3748842775821686,0,1,0,0,D S,Sassuolo,0,0.0,0.8835110664367676,0.8835110664367676,Serie A,2025-2026
14125,Francesco Coppola,7,454,0,0.0926379188895225,0,0.0,2,0,3,0,D S,Pisa,0,0.0926379188895225,0.1846959665417671,0.1253593675792217,Serie A,2025-2026
14139,Alessandro Cardinali,1,42,0,0.0,0,0.0,0,0,0,0,S,Parma Calcio 1913,0,0.0,0.471188873052597,0.471188873052597,Serie A,2025-2026
14140,Andréa Le Borgne,1,1,0,0.0,0,0.0,0,0,0,0,S,Como,0,0.0,0.0,0.0,Serie A,2025-2026
14156,Mattia Mosconi,2,24,0,0.1723812222480774,0,0.0,2,0,0,0,S,Inter,0,0.1723812222480774,0.2650806680321693,0.1874599605798721,Serie A,2025-2026
14157,Matteo Lavelli,1,6,0,0.0,0,0.0,0,0,0,0,S,Inter,0,0.0,0.0,0.0,Serie A,2025-2026
14199,Christian Frangella,1,1,0,0.0,0,0.0,0,0,0,0,S,Sassuolo,0,0.0,0.5337857007980347,0.5337857007980347,Serie A,2025-2026
14200,Tommaso Macchioni,1,90,0,0.4983490109443664,0,0.0,1,0,1,0,D,Sassuolo,0,0.4983490109443664,0.0,0.0,Serie A,2025-2026
14209,Brando Bettazzi,1,12,0,0.0,0,0.0,0,0,0,0,S,Pisa,0,0.0,0.063388779759407,0.063388779759407,Serie A,2025-2026
14342,Petar Ratkov,8,228,0,0.5318299345672131,0,0.0181191470474004,6,1,0,0,F S,Lazio,0,0.5318299345672131,0.4372213780879974,0.018939035013318,Serie A,2025-2026
14347,Oumar Ngom,15,847,0,0.2407711967825889,0,0.1907979715615511,5,4,1,0,M S,Lecce,0,0.2407711967825889,1.060145461931825,0.8156507313251495,Serie A,2025-2026
14348,Isaac,3,31,0,0.0,0,0.0,0,0,0,0,S,Verona,0,0.0,0.061270784586668,0.061270784586668,Serie A,2025-2026
14350,Rosen Bozhinov,9,619,0,0.1116490038111805,0,0.3310964051634073,3,4,1,1,D S,Pisa,0,0.1116490038111805,2.23290590941906,1.823847398161888,Serie A,2025-2026
14360,Luís Balbo,6,207,0,0.0,0,0.0555504187941551,0,1,0,0,D S,Fiorentina,0,0.0,0.4166326224803924,0.3610822036862373,Serie A,2025-2026
14380,Justin Bijlow,16,1399,0,0.0,0,0.0,0,0,1,0,GK,Genoa,0,0.0,1.8981813862919807,1.8981813862919807,Serie A,2025-2026
14381,Nils Zätterström,3,181,0,0.0,0,0.0,0,0,0,0,D S,Genoa,0,0.0,0.4972735345363617,0.4972735345363617,Serie A,2025-2026
14382,Eivind Helland,6,497,0,0.0996828228235244,0,0.1498643718659877,1,3,2,0,D,Bologna,0,0.0996828228235244,0.8593118786811829,0.7094475030899048,Serie A,2025-2026
14386,Juan Arizala,10,173,0,0.0271440297365188,0,0.1350296735763549,1,1,0,0,D S,Udinese,0,0.0271440297365188,0.5363174248486757,0.3741437215358019,Serie A,2025-2026
14391,Edoardo Motta,9,810,0,0.0,0,0.0460502356290817,0,1,1,0,GK,Lazio,0,0.0,1.6419141478836536,1.6419141478836536,Serie A,2025-2026
14399,Agustín Albarracín,2,23,0,0.0,0,0.0,0,0,0,0,S,Cagliari,0,0.0,0.0780318900942802,0.0780318900942802,Serie A,2025-2026
14403,Sandro Kulenovic,13,284,0,0.8516389783471823,1,0.341324683278799,5,5,2,0,F S,Torino,0,0.8516389783471823,1.305843759328127,0.2139307036995887,Serie A,2025-2026
14416,Andrias Edmundsson,15,1322,0,0.1617794651538133,0,0.0372264459729194,4,2,3,0,D,Verona,0,0.1617794651538133,1.4167888052761557,1.2710703536868095,Serie A,2025-2026
14426,Alex Amorim,11,554,0,0.1271370165050029,0,0.7567969225347042,2,11,1,0,M S,Genoa,0,0.1271370165050029,1.344626486301422,0.7348281238228083,Serie A,2025-2026
14433,Branimir Mlacic,7,159,0,0.0,0,0.0535242222249507,0,1,2,0,D S,Udinese,0,0.0,0.0412684120237827,0.0412684120237827,Serie A,2025-2026
14442,Adrian Przyborek,1,7,0,0.0196236725896596,0,0.0,1,0,0,0,S,Lazio,0,0.0196236725896596,0.0196236725896596,0.0,Serie A,2025-2026
14444,Othniël Raterink,1,4,0,0.0,0,0.0,0,0,0,0,S,Cagliari,0,0.0,0.0236606132239103,0.0236606132239103,Serie A,2025-2026
14458,Mamedi Doucouré,1,7,0,0.0,0,0.0,0,0,0,0,S,Genoa,0,0.0,0.0,0.0,Serie A,2025-2026
14562,Jacopo Grossi,1,20,0,0.0951580107212066,0,0.0,1,0,0,0,S,Genoa,0,0.0951580107212066,0.0,0.0,Serie A,2025-2026
14563,Wedtoin Ouedraogo,2,47,0,0.0,0,0.0,0,0,0,0,S,Genoa,0,0.0,0.4384350776672363,0.4384350776672363,Serie A,2025-2026
14566,Simone Lottici Tessadri,1,1,0,0.0162185225635767,0,0.0,1,0,0,0,S,Cremonese,0,0.0162185225635767,0.0162185225635767,0.0,Serie A,2025-2026
647,Harry Kane,31,2385,36,29.57998568098992,5,7.403329385444522,119,40,1,0,F M S,Bayern Munich,26,21.244441921822727,34.28957922756672,10.577369537204504,Bundesliga,2025-2026
10804,Deniz Undav,29,2261,19,19.05754723213613,6,5.584789767861366,124,38,5,0,F M S,VfB Stuttgart,19,18.299770614132285,30.379802346229557,9.69207865279168,Bundesliga,2025-2026
3738,Serhou Guirassy,33,2366,17,19.91118175908923,1,1.9295950140804048,84,20,3,0,F S,Borussia Dortmund,16,17.63785172626376,19.162629645317796,4.181204119697213,Bundesliga,2025-2026
1236,Patrik Schick,28,2005,16,19.421328123658892,3,3.1920390371233225,72,14,2,0,F M S,Bayer Leverkusen,12,15.632444690912962,18.84750088304281,3.710258255712688,Bundesliga,2025-2026
9948,Michael Olise,32,2308,15,11.545709690079091,19,17.044203309342265,102,79,8,0,M S,Bayern Munich,15,11.545709690079091,39.00864061713219,16.973004333674908,Bundesliga,2025-2026
10408,Luis Díaz,32,2464,15,14.85997650027275,14,10.122723823413253,88,65,5,1,M S,Bayern Munich,15,14.85997650027275,36.54146680980921,15.259370246902108,Bundesliga,2025-2026
956,Andrej Kramaric,34,2256,14,13.078245226293802,6,4.530489624477923,65,35,2,0,F M S,Hoffenheim,9,9.289361868053676,18.172342345118523,7.810636706650257,Bundesliga,2025-2026
7108,Jonathan Burkardt,22,1351,13,13.116983085870745,1,0.6681167893111706,41,9,1,0,F S,Eintracht Frankfurt,9,10.085876282304524,12.243965607136488,3.214979793876409,Bundesliga,2025-2026
7422,Christoph Baumgartner,33,2811,13,18.02284111827612,8,4.292830726131797,81,37,10,0,M S,RasenBallsport Leipzig,13,17.26506443321705,24.001264337450262,8.360922181978822,Bundesliga,2025-2026
13013,Haris Tabakovic,32,2424,13,14.339333239942787,2,1.8832440096884968,67,16,5,0,F S,Borussia M.Gladbach,13,12.823779825121164,12.75254580192268,2.841423818841577,Bundesliga,2025-2026
13911,Said El Mala,34,1965,13,12.582745539024472,4,4.186228644102812,74,20,4,0,F M S,FC Cologne,12,11.824968876317143,17.244747333228588,3.3356826342642307,Bundesliga,2025-2026
82,Nadiem Amiri,26,2112,12,10.704714082181454,2,6.560079865157604,54,64,6,0,F M S,Mainz 05,4,4.642500706017017,12.271673714742064,5.860426990315318,Bundesliga,2025-2026
6496,Ermedin Demirovic,25,1507,12,8.664393775165081,3,2.179655436426401,41,17,5,0,F S,VfB Stuttgart,11,7.906617097556591,13.179813992232084,4.325801435858011,Bundesliga,2025-2026
13561,Yan Diomande,33,2507,12,8.03020796738565,8,10.04887573234737,53,57,2,0,F M S,RasenBallsport Leipzig,12,8.03020796738565,29.46964485943317,14.411308905109763,Bundesliga,2025-2026
12953,Igor Matanovic,31,1536,11,9.582080019637942,2,2.236247749999165,51,22,0,0,F S,Freiburg,10,8.066526612266898,9.787673662416635,1.3800859227776527,Bundesliga,2025-2026
10113,Fisnik Asllani,33,2429,10,9.504826286807656,7,5.401737725362182,73,34,2,0,F M S,Hoffenheim,10,9.504826286807656,19.754683665931225,6.661823563277721,Bundesliga,2025-2026
10734,Jens Stage,29,2489,10,6.0983161851763725,2,3.476818254217505,57,26,5,0,M,Werder Bremen,10,6.0983161851763725,12.630906242877243,5.692467089742422,Bundesliga,2025-2026
8137,Maximilian Beier,32,2069,9,8.248568028211594,6,4.9559360314160585,50,25,3,0,D F M S,Borussia Dortmund,9,8.248568028211594,16.043212147429585,5.098700201138854,Bundesliga,2025-2026
13852,Rômulo,30,2246,9,15.93664027750492,4,3.606802409514785,63,25,3,0,F M S,RasenBallsport Leipzig,9,15.178863540291786,23.735963854938745,7.021602770313621,Bundesliga,2025-2026
993,Serge Gnabry,21,1280,8,6.26451538130641,6,5.150685242377222,50,22,1,0,F M S,Bayern Munich,8,6.26451538130641,16.288242295384407,8.140462888404727,Bundesliga,2025-2026
8407,Tim Lemperle,29,2008,8,9.412074415013194,2,2.5754604805260897,53,26,1,1,F M S,Hoffenheim,7,8.654297707602382,13.365150267258286,2.924194620922208,Bundesliga,2025-2026
10048,Nicolas Jackson,23,991,8,8.492001624777913,1,2.0896335784345865,38,17,2,1,F M S,Bayern Munich,8,8.492001624777913,13.03456012159586,3.193916742689908,Bundesliga,2025-2026
11227,Dzenan Pejcinovic,30,1445,8,8.291429496370256,0,1.645487703382969,51,12,1,0,F S,Wolfsburg,8,8.291429496370256,9.861923123709856,1.750562708824873,Bundesliga,2025-2026
11866,Álex Grimaldo,29,2539,8,6.761390760540962,7,10.24105754122138,61,69,5,0,D,Bayer Leverkusen,5,4.488060817122459,19.19080664217472,13.631710644811392,Bundesliga,2025-2026
12954,Can Uzun,21,1178,8,4.544798476621509,4,2.6320750545710325,41,19,3,0,M S,Eintracht Frankfurt,7,3.7870217841118574,8.537243850529194,3.061049897223711,Bundesliga,2025-2026
13062,Mohammed Amoura,30,1949,8,9.9565003933385,3,3.972602378576994,60,24,2,0,F M S,Wolfsburg,7,9.198723715730011,14.962777476757765,4.446937231346965,Bundesliga,2025-2026
261,Julian Brandt,29,1601,7,5.1042488645762205,4,5.293923227116466,38,30,0,0,F M S,Borussia Dortmund,7,5.1042488645762205,13.624381331726909,5.712044969201088,Bundesliga,2025-2026
4340,Grischa Prömel,33,1696,7,5.130105700343847,2,2.619504975154996,42,17,4,0,M S,Hoffenheim,7,5.130105700343847,10.6988823749125,3.4885037057101727,Bundesliga,2025-2026
5266,Vincenzo Grifo,33,1733,7,5.46098705381155,4,5.387601099908352,30,39,0,0,M S,Freiburg,3,2.429960750043392,10.17651617899537,5.148983117192984,Bundesliga,2025-2026
6449,Chris Führich,33,1727,7,4.271757278591394,7,7.827977802604437,45,49,2,0,F M S,VfB Stuttgart,7,4.271757278591394,17.83286163210869,10.075685493648052,Bundesliga,2025-2026
8869,Ragnar Ache,29,1739,7,11.002535559237003,4,2.971193479374051,52,28,3,0,F S,FC Cologne,7,11.002535559237003,12.966331753879786,3.521890965290368,Bundesliga,2025-2026
9718,Jamie Leweling,32,2385,7,4.102848822250962,9,6.05470309779048,49,41,4,0,D M S,VfB Stuttgart,7,4.102848822250962,17.34269355610013,9.02036947198212,Bundesliga,2025-2026
10732,Jakub Kaminski,34,3031,7,7.96647222340107,3,5.589305056259036,62,50,4,0,D F M,FC Cologne,7,7.96647222340107,18.4370434358716,9.42793507874012,Bundesliga,2025-2026
10772,Karim Adeyemi,28,1218,7,5.215220987796784,4,3.458098405972123,31,16,5,0,F M S,Borussia Dortmund,7,5.215220987796784,11.94034506380558,4.0952072106301785,Bundesliga,2025-2026
11007,Fábio Vieira,29,2241,7,4.894621319137514,5,4.638651036657393,59,39,2,2,F M S,Hamburger SV,6,4.136844581924379,12.298777882009745,5.455926336348057,Bundesliga,2025-2026
171,Michael Gregoritsch,17,926,6,6.215451763942838,2,1.5184729620814323,29,7,2,0,F S,Augsburg,5,5.457675086334348,6.945263855159283,2.202855406329036,Bundesliga,2025-2026
419,Maximilian Mittelstädt,32,2200,6,4.954262416809797,4,5.520105980336666,31,37,4,0,D M S,VfB Stuttgart,2,1.9231557194143531,16.285320289433002,12.091185672208669,Bundesliga,2025-2026
5256,Oliver Burke,29,1699,6,6.0373401287943125,2,2.2901990823447704,34,23,4,0,F M S,Union Berlin,6,6.0373401287943125,9.287183087319136,1.809681724756956,Bundesliga,2025-2026
8056,Arnaud Kalimuendo Muinga,19,1431,6,4.879936292767525,1,1.597496423870325,30,22,4,0,F M S,Eintracht Frankfurt,6,4.879936292767525,7.523353155702352,2.052781267091632,Bundesliga,2025-2026
9860,Malik Tillman,29,1681,6,5.122428148984909,1,3.604807078838349,34,27,2,0,M S,Bayer Leverkusen,6,5.122428148984909,12.581189319491386,5.058479489758611,Bundesliga,2025-2026
10288,Anton Kade,28,1740,6,6.7122930232435465,0,3.0941985473036766,48,25,3,0,D F M S,Augsburg,6,6.7122930232435465,10.916635751724243,1.8429135736078024,Bundesliga,2025-2026
11845,Phillip Tietz,29,1811,6,11.598579058423638,2,1.9211469320580363,51,19,4,0,F S,"Augsburg,Mainz 05",6,10.840802321210504,15.156334765255451,4.183608392253518,Bundesliga,2025-2026
12038,Fabian Rieder,32,2387,6,4.166463605128229,3,5.375069449655712,38,44,4,0,D F M S,Augsburg,4,2.650910287164152,11.631565358489752,6.491243749856949,Bundesliga,2025-2026
13323,Budu Zivzivadze,20,1148,6,5.819976218044758,0,0.9086363017559052,28,7,2,1,F S,FC Heidenheim,6,5.819976218044758,5.734111532568932,0.7583490833640099,Bundesliga,2025-2026
13725,Luka Vuskovic,28,2440,6,4.682130139321089,0,0.5671260496601462,31,11,6,0,D S,Hamburger SV,5,3.924353461712599,8.051702403463423,6.383656639605761,Bundesliga,2025-2026
294,Gian-Luca Waldschmidt,24,633,5,5.948785305023193,5,2.634590631350875,26,14,1,0,F M S,FC Cologne,3,4.433231964707375,9.19165263697505,3.074689901433885,Bundesliga,2025-2026
335,Leon Goretzka,31,2004,5,4.884574018418789,3,2.346890510059893,35,21,4,0,M S,Bayern Munich,5,4.884574018418789,16.531479734927416,14.036005043424666,Bundesliga,2025-2026
1427,Kevin Diks,30,2472,5,4.184454521164298,0,0.704138720408082,23,8,6,0,D S,Borussia M.Gladbach,1,1.153347745537758,8.415256265550852,7.45520737580955,Bundesliga,2025-2026
3349,Ramy Bensebaini,21,1524,5,3.257725358940661,2,0.7206321377307177,17,11,6,0,D S,Borussia Dortmund,3,1.742172003723681,6.887229710817337,6.485647883266211,Bundesliga,2025-2026
3455,Raphael Guerreiro,18,779,5,3.528638795018196,2,2.275534149259329,12,19,0,0,M S,Bayern Munich,5,3.528638795018196,9.012822458520532,4.25221517123282,Bundesliga,2025-2026
5251,Rani Khedira,32,2854,5,2.2710952758789062,1,2.3157351221889257,23,16,7,0,M,Union Berlin,5,2.2710952758789062,6.596783770248294,3.21970677934587,Bundesliga,2025-2026
5752,Alexis Claude Maurice,29,2135,5,6.339031929150224,4,3.215671157464385,71,32,3,0,F M S,Augsburg,4,4.82347852922976,10.869376560673118,5.332539309747517,Bundesliga,2025-2026
7485,Nico Schlotterbeck,28,2520,5,3.80366291385144,1,1.0600993894040585,32,12,8,0,D,Borussia Dortmund,5,3.80366291385144,11.601791122928262,10.63110581971705,Bundesliga,2025-2026
7749,Rayan Philippe,28,1272,5,5.646055448800325,0,1.3564898148179054,39,15,2,0,F M S,Hamburger SV,5,4.888278741389513,6.413698500022292,1.2521088868379593,Bundesliga,2025-2026
7879,Marius Bülter,32,1578,5,3.979684112593532,4,4.703826729208231,42,26,3,0,F M S,FC Cologne,5,3.979684112593532,10.374455876648426,3.821078972890973,Bundesliga,2025-2026
8317,Edmond Tapsoba,29,2579,5,4.23943140450865,3,1.7085091285407543,29,11,7,0,D,Bayer Leverkusen,5,4.23943140450865,16.401180177927017,14.981057460419834,Bundesliga,2025-2026
8791,Ritsu Doan,31,2425,5,4.125860132277012,5,6.517447140067816,41,39,5,0,D F M S,Eintracht Frankfurt,5,4.125860132277012,13.874625666067004,6.948057568632066,Bundesliga,2025-2026
8846,Paul Nebel,30,2087,5,5.769457034766674,2,5.342756656929851,32,41,2,2,M S,Mainz 05,5,5.769457034766674,14.08178748562932,4.246757362037897,Bundesliga,2025-2026
9689,Albert Sambi Lokonga,26,1724,5,1.667557841166854,0,1.3766824714839458,19,25,3,0,M S,Hamburger SV,5,1.667557841166854,6.4992835521698,4.499082233756781,Bundesliga,2025-2026
10367,Tiago Tomás,27,996,5,5.533668488264084,3,1.2588633932173252,35,11,4,0,F M S,VfB Stuttgart,5,5.533668488264084,8.350152125582099,2.681462910026312,Bundesliga,2025-2026
10585,Justin Njinmah,33,1963,5,6.778727872297168,0,1.2397968284785748,62,17,2,0,D F M S,Werder Bremen,5,6.778727872297168,11.163103096187116,3.214089992456138,Bundesliga,2025-2026
10725,Danilho Doekhi,34,3060,5,4.879229350015521,0,0.54770487267524,45,8,4,0,D,Union Berlin,5,4.879229350015521,4.549193911254406,3.164020985364914,Bundesliga,2025-2026
10860,Derry Scherhant,31,1253,5,3.31635710503906,1,1.9648405443876984,36,22,2,0,M S,Freiburg,5,3.31635710503906,5.468948429450393,1.754570497199893,Bundesliga,2025-2026
11861,Stefan Schimmer,27,737,5,5.915202781558037,1,1.6511298958212135,32,12,1,0,F S,FC Heidenheim,5,5.915202781558037,8.382787432521582,1.3862062525004148,Bundesliga,2025-2026
12421,Andrej Ilic,32,2238,5,11.113924760371448,9,4.753498738631606,71,30,5,0,F M S,Union Berlin,5,10.356148082762957,13.322315469384192,2.385981469415128,Bundesliga,2025-2026
12983,Danel Sinani,30,2080,5,5.747947253286839,3,3.705269183032215,49,45,4,0,F M S,St. Pauli,2,3.474617220461369,9.47156412154436,5.238701125606895,Bundesliga,2025-2026
13102,Johan Manzambi,27,2145,5,4.023786528035998,4,3.578555628657341,51,19,4,2,M S,Freiburg,5,4.023786528035998,12.458620447665451,7.704472800716758,Bundesliga,2025-2026
13427,Bazoumana Touré,30,2379,5,5.141797917895019,9,7.229519298300147,48,44,2,0,D F M S,Hoffenheim,5,5.141797917895019,16.133680978789926,6.017529154196382,Bundesliga,2025-2026
13573,Lennart Karl,26,1268,5,7.12136466614902,5,2.79079039208591,42,23,1,0,M S,Bayern Munich,5,7.12136466614902,17.725263914093375,9.104842718690634,Bundesliga,2025-2026
13856,Christian Kofane,29,1231,5,8.046371582895517,4,2.242532966658473,46,17,3,0,F M S,Bayer Leverkusen,5,8.046371582895517,11.18430045247078,1.869088165462017,Bundesliga,2025-2026
13857,Ernest Poku,29,1471,5,3.727354511618614,5,3.15851978585124,27,27,0,0,D M S,Bayer Leverkusen,5,3.727354511618614,10.750237088650463,4.377705059945583,Bundesliga,2025-2026
13866,Ilyas Ansah,33,1960,5,3.8260167790576816,1,1.5223449170589447,33,17,1,0,F M S,Union Berlin,5,3.8260167790576816,6.577519843354821,2.9834984317421918,Bundesliga,2025-2026
13925,Ransford Königsdörffer,33,2425,5,8.097989899106324,0,1.2930769845843315,65,20,2,0,F M S,Hamburger SV,5,7.340213228948414,10.459908859804273,2.80921021476388,Bundesliga,2025-2026
5611,Martin Terrier,18,667,4,3.201124083250761,1,1.0998335517942903,17,10,1,0,F M S,Bayer Leverkusen,4,3.201124083250761,6.173402037471533,2.4726594015955925,Bundesliga,2025-2026
6415,Nikolas Nartey,28,1255,4,4.401471285149455,3,3.354308173060417,22,24,2,0,F M S,VfB Stuttgart,4,4.401471285149455,12.59413393214345,5.368743376806378,Bundesliga,2025-2026
7267,Woo-Yeong Jeong,28,1182,4,2.681515445932746,1,0.4271412957459688,22,6,0,0,F M S,Union Berlin,4,2.681515445932746,4.1683559119701385,1.4844767227768898,Bundesliga,2025-2026
7376,Ozan Kabak,25,1731,4,4.639676934108138,0,0.4478818494826555,35,9,5,0,D S,Hoffenheim,4,4.639676934108138,8.401237551122904,5.430384643375874,Bundesliga,2025-2026
8989,Ansgar Knauff,28,1302,4,3.700697695836425,1,2.9085339084267616,34,17,3,0,D F M S,Eintracht Frankfurt,4,3.700697695836425,9.420183572918177,3.920056432485581,Bundesliga,2025-2026
9069,Romano Schmid,34,3004,4,7.935770924203098,8,10.276878538541496,57,87,4,0,F M,Werder Bremen,1,4.904664213769138,17.899825293570757,6.946343030780554,Bundesliga,2025-2026
9730,Patrick Wimmer,25,1678,4,3.6373985055834055,3,2.249568970873952,24,16,4,0,F M S,Wolfsburg,4,3.6373985055834055,8.324480776675045,3.472630725242197,Bundesliga,2025-2026
9783,Jae-Sung Lee,28,2229,4,4.2225238950923085,2,3.3260836768895388,30,22,4,0,F M S,Mainz 05,4,4.2225238950923085,9.91366148367524,3.64221465587616,Bundesliga,2025-2026
11354,Yuito Suzuki,25,1645,4,4.17771103978157,2,2.0996621567755938,38,25,3,0,M S,Freiburg,4,4.17771103978157,8.436173535883427,3.1268309205770493,Bundesliga,2025-2026
11856,Marvin Pieringer,27,1689,4,5.809882741421461,1,2.210926704108715,32,17,2,0,F M S,FC Heidenheim,3,5.0521060936152935,7.950898176059127,3.375379236415029,Bundesliga,2025-2026
12941,Antonio Nusa,31,2048,4,5.204239755868912,3,4.748528776690364,61,33,0,0,F M S,RasenBallsport Leipzig,4,5.204239755868912,16.717872930690646,8.048371147364378,Bundesliga,2025-2026
13020,Bilal El Khannouss,25,1654,4,3.092769087292254,5,5.275783350691199,42,44,6,0,F M S,VfB Stuttgart,4,3.092769087292254,11.292239958420396,5.437266502529383,Bundesliga,2025-2026
13063,Konstantinos Koulierakis,29,2476,4,3.5553980004042387,1,1.7689252914860845,26,14,5,0,D S,Wolfsburg,4,3.5553980004042387,7.746201686561108,6.606250849552453,Bundesliga,2025-2026
13122,Nathaniel Brown,33,2668,4,2.06600034981966,4,3.1800129488110542,18,34,3,0,D M S,Eintracht Frankfurt,4,2.06600034981966,10.054680230095984,6.042703531682491,Bundesliga,2025-2026
13191,Assan Ouédraogo,19,970,4,2.8071718588471413,3,3.0103504192084074,27,14,0,0,F M S,RasenBallsport Leipzig,4,2.8071718588471413,8.333011165261269,5.714822366833687,Bundesliga,2025-2026
13860,Wouter Burger,30,2486,4,4.212299581617117,5,5.882515028119087,36,51,7,1,M,Hoffenheim,4,4.212299581617117,14.252158349379895,7.125719597563148,Bundesliga,2025-2026
13885,Andréas Hountondji,21,1092,4,4.958361548837274,0,0.7058144751936197,21,6,2,0,F M S,St. Pauli,4,4.200584930833429,3.75940072350204,0.1124955490231514,Bundesliga,2025-2026
125,Maximilian Eggestein,34,3060,3,3.3948508631438017,1,1.4131045453250408,44,19,4,0,M,Freiburg,3,3.3948508631438017,10.904619429260492,8.16909633204341,Bundesliga,2025-2026
315,Matthias Ginter,32,2845,3,2.0582033302634954,3,2.107471376657486,19,14,3,0,D,Freiburg,3,2.0582033302634954,11.456075862050056,9.3837448656559,Bundesliga,2025-2026
604,Emre Can,9,627,3,2.363978619687259,0,0.0,5,0,3,0,D S,Borussia Dortmund,0,0.0906485868617892,2.4536785297095776,2.376001711934805,Bundesliga,2025-2026
646,Christian Eriksen,31,2446,3,5.570981449447572,9,7.904180903919041,38,62,4,0,M S,Wolfsburg,0,2.539874809794128,14.289100974798204,8.979044845327735,Bundesliga,2025-2026
1055,Aleix García,33,2708,3,2.478695845231414,7,6.065944831818342,30,49,6,0,M S,Bayer Leverkusen,3,2.478695845231414,21.396803221665323,18.524734436534345,Bundesliga,2025-2026
5969,Jean-Luc Dompe,20,1132,3,2.179867002181709,0,4.045239001512528,25,33,0,0,F M S,Hamburger SV,2,1.4220903245732188,5.373646780848503,1.3945018351078031,Bundesliga,2025-2026
6109,Konrad Laimer,29,1997,3,2.826949080452323,9,4.989689355716109,17,43,9,0,D M S,Bayern Munich,3,2.826949080452323,20.52084405720234,14.751735255122185,Bundesliga,2025-2026
6273,Robin Koch,32,2840,3,1.926746228709817,1,0.7194755170494318,15,10,1,1,D,Eintracht Frankfurt,3,1.926746228709817,8.281017616391182,7.552546437829733,Bundesliga,2025-2026
6475,Lucas Höler,33,2070,3,5.246343094855547,1,2.082939330488444,33,24,4,0,F M S,Freiburg,3,5.246343094855547,8.25760810635984,2.614948822185397,Bundesliga,2025-2026
6974,Mattias Svanberg,24,814,3,3.0017038471996784,1,0.8542640991508961,21,6,4,1,M S,Wolfsburg,3,3.0017038471996784,4.753424547612667,2.098399179056287,Bundesliga,2025-2026
7783,Xaver Schlager,26,1844,3,2.157680917531252,1,2.197766998782754,21,21,6,0,M S,RasenBallsport Leipzig,3,2.157680917531252,20.343336034566164,17.009082730859518,Bundesliga,2025-2026
7882,Sheraldo Becker,14,975,3,4.820014007389545,3,3.5413313172757626,29,17,2,0,F S,Mainz 05,3,4.820014007389545,10.662561360746622,2.4736453220248222,Bundesliga,2025-2026
8205,Jan Thielmann,26,1582,3,2.051962135359645,1,0.9982307981699704,27,14,4,0,D F M S,FC Cologne,3,2.051962135359645,7.126834977418184,4.80776459723711,Bundesliga,2025-2026
8418,Jamal Musiala,15,666,3,5.00371415540576,4,2.740937683731317,30,17,1,0,F M S,Bayern Munich,2,4.245937447994947,9.54637109860778,3.10221653431654,Bundesliga,2025-2026
9201,Eren Sami Dinkci,22,1401,3,4.117178400978446,1,1.117031842470169,29,10,4,0,D F M S,"FC Heidenheim,Freiburg",3,4.117178400978446,6.608787912875414,2.334158256649971,Bundesliga,2025-2026
9326,Robert Glatzel,19,594,3,2.8448161985725164,2,0.8636805173009634,16,6,0,0,F S,Hamburger SV,2,2.0870395209640265,3.0260464753955603,0.5884653031826019,Bundesliga,2025-2026
9724,David Raum,30,2570,3,2.401866391301155,7,11.038921784609556,24,96,6,0,D S,RasenBallsport Leipzig,2,1.644089713692665,20.633256940171123,16.384972443804145,Bundesliga,2025-2026
10187,Jarell Quansah,28,2303,3,3.567939020693302,0,0.9014928825199604,18,11,9,0,D S,Bayer Leverkusen,3,3.567939020693302,12.289946498349307,9.830473124980928,Bundesliga,2025-2026
10289,Tom Bischof,26,1282,3,1.9813645593822,3,2.8520854637026787,30,24,2,0,D M S,Bayern Munich,3,1.9813645593822,11.289959888905289,8.018809024244547,Bundesliga,2025-2026
10830,Jean Négoce,27,1322,3,2.1764128422364597,4,4.017119113355875,29,31,2,0,F M S,Eintracht Frankfurt,3,2.1764128422364597,8.62068572640419,3.9261697940528393,Bundesliga,2025-2026
11310,Brajan Gruda,13,760,3,3.530667640268802,3,3.072212206199765,21,17,1,0,F M S,RasenBallsport Leipzig,3,3.530667640268802,8.732655480504036,3.745684714987874,Bundesliga,2025-2026
11484,Ibrahim Maza,28,1845,3,6.0146804098039865,4,4.390553383156657,53,28,2,0,M S,Bayer Leverkusen,3,6.0146804098039865,17.926695466041565,9.699600376188757,Bundesliga,2025-2026
11547,Aleksandar Pavlovic,24,1451,3,1.549274168908596,1,1.9520273748785255,10,21,2,0,M S,Bayern Munich,3,1.549274168908596,14.45808819681406,12.501133061945438,Bundesliga,2025-2026
11840,Jovan Milosevic,13,476,3,2.319580804556608,1,0.2436453625559806,12,3,2,0,F S,Werder Bremen,3,2.319580804556608,2.8273107409477234,0.4218983128666878,Bundesliga,2025-2026
11865,Jan Schöppner,31,2286,3,2.7691161446273327,3,2.977410864084959,25,14,5,0,M S,FC Heidenheim,3,2.7691161446273327,9.141754516400397,5.333098980598152,Bundesliga,2025-2026
12904,Samuel Mbangula,26,1160,3,1.8366767894476648,2,1.0369327440857887,17,14,0,0,F M S,Werder Bremen,3,1.8366767894476648,4.303910743445158,1.90781073551625,Bundesliga,2025-2026
12920,Leopold Querfeld,31,2701,3,3.893261847086251,0,2.300974193960428,29,21,7,0,D S,Union Berlin,1,1.6199317695572972,4.945359595119953,3.97544520162046,Bundesliga,2025-2026
12924,Marco Grüll,33,2039,3,4.225460607558489,1,2.3132778629660606,43,33,5,0,F M S,Werder Bremen,3,4.225460607558489,9.543412220664322,4.941745131276548,Bundesliga,2025-2026
12928,Alexander Prass,32,1269,3,1.6435396876186132,2,2.1666669230908155,18,18,4,0,D M S,Hoffenheim,3,1.6435396876186132,6.382722614333034,3.386800726875663,Bundesliga,2025-2026
12934,Shuto Machino,32,1046,3,3.816984537988901,1,1.0832749512046576,25,14,2,0,F M S,Borussia M.Gladbach,3,3.816984537988901,6.017082850448787,1.487306335940957,Bundesliga,2025-2026
13078,Chema Andres,25,1299,3,1.97593117505312,0,1.2185792801901698,15,15,5,0,M S,VfB Stuttgart,3,1.97593117505312,8.577176412567496,7.514525938779116,Bundesliga,2025-2026
13326,Abdoulie Ceesay,20,282,3,1.543990956619382,0,0.4445373900234699,11,3,4,0,S,St. Pauli,3,1.543990956619382,1.7915069554001093,0.2432233467698097,Bundesliga,2025-2026
13429,Julian Niehues,24,1416,3,2.098195953294635,0,0.7285752408206463,18,7,1,0,M S,FC Heidenheim,3,2.098195953294635,4.336162481456995,2.817117601633072,Bundesliga,2025-2026
13865,Robin Fellhauer,34,2829,3,2.591770839877426,2,2.142268791794777,29,31,2,0,D M S,Augsburg,3,2.591770839877426,8.661767035722733,4.585818454623222,Bundesliga,2025-2026
13919,Jens Castrop,26,1613,3,4.301225297152996,1,1.405629888176918,30,18,2,2,D F M S,Borussia M.Gladbach,3,4.301225297152996,8.649649377912283,4.086695464327931,Bundesliga,2025-2026
13966,Martijn Kaars,29,1331,3,3.80478292517364,1,1.339794876985252,23,10,2,0,F S,St. Pauli,2,3.047006232663989,6.194270332343876,3.194861490279436,Bundesliga,2025-2026
14023,Conrad Harder,29,886,3,4.679239679127932,3,2.816276628524065,42,14,3,0,F S,RasenBallsport Leipzig,3,4.679239679127932,7.420943347737193,1.14351468347013,Bundesliga,2025-2026
40,Stefan Bell,18,1044,2,1.840271808207035,1,1.202451154589653,12,5,4,0,D S,Mainz 05,2,1.840271808207035,3.578166848048568,1.6757325250655413,Bundesliga,2025-2026
106,Waldemar Anton,32,2880,2,1.8469386994838717,0,0.4476184593513608,16,8,3,0,D,Borussia Dortmund,2,1.8469386994838717,13.16260596551001,12.66744858212769,Bundesliga,2025-2026
183,Jonathan Tah,28,2031,2,0.6638064542785287,1,0.5882400423288345,8,5,7,0,D S,Bayern Munich,2,0.6638064542785287,11.72725062072277,11.33160012960434,Bundesliga,2025-2026
205,Mahmoud Dahoud,15,722,2,0.7852020431309938,3,0.3229838218539953,17,7,0,0,F M S,Eintracht Frankfurt,2,0.7852020431309938,3.258342294022441,2.4602439450100064,Bundesliga,2025-2026
223,Joshua Kimmich,29,2268,2,2.3646036218851805,8,7.569489678367972,28,56,3,0,M S,Bayern Munich,2,2.3646036218851805,27.785482317209244,21.9056276679039,Bundesliga,2025-2026
249,Danny da Costa,34,2689,2,2.4268228095024824,3,2.82913017924875,14,16,3,0,D M S,Mainz 05,2,2.4268228095024824,9.897982249036431,7.192822508513928,Bundesliga,2025-2026
269,Dominik Kohr,29,2366,2,1.8827898502349851,0,1.911913337185979,16,10,9,2,D S,Mainz 05,2,1.8827898502349851,7.240472108125687,6.1323061883449554,Bundesliga,2025-2026
320,Jonas Hofmann,23,997,2,2.1885164361447096,2,2.7552873007953167,23,16,2,0,D M S,Bayer Leverkusen,2,2.1885164361447096,9.790684130042791,5.792823223397136,Bundesliga,2025-2026
1139,Silvan Widmer,27,1855,2,2.7386183850467205,1,1.8089449182152748,20,8,5,0,D M S,Mainz 05,2,2.7386183850467205,7.704604331403971,4.957497945055366,Bundesliga,2025-2026
3314,Franck Honorat,28,2021,2,0.8942651934921741,6,7.341735703870654,17,45,0,0,D F M S,Borussia M.Gladbach,2,0.8942651934921741,9.130235239863396,3.1209773272275925,Bundesliga,2025-2026
5257,Willi Orban,33,2952,2,3.142488135956228,0,0.7130345124751329,20,11,4,0,D,RasenBallsport Leipzig,2,3.142488135956228,16.448472633957863,15.863021917641165,Bundesliga,2025-2026
5263,Lukas Kübler,23,1616,2,2.6487669441848998,2,1.39156642742455,19,11,3,0,D S,Freiburg,2,2.6487669441848998,4.891823662444949,3.227331643924117,Bundesliga,2025-2026
5344,Hauke Wahl,30,2591,2,0.5231343070045114,1,0.6354480646550655,10,6,1,0,D S,St. Pauli,2,0.5231343070045114,3.7871760576963434,3.6133358404040337,Bundesliga,2025-2026
6445,Elvis Rexhbecaj,26,1098,2,0.5392126142978668,0,0.7069284673780203,11,9,3,0,D M S,Augsburg,2,0.5392126142978668,2.577535273507237,1.4284834694117308,Bundesliga,2025-2026
6638,Linton Maina,24,1007,2,1.2888539992272854,0,3.1843907181173563,20,17,0,0,D F M S,FC Cologne,2,1.2888539992272854,6.206527906470001,2.01717865280807,Bundesliga,2025-2026
6708,Bote Baku,32,2538,2,3.1076600458472967,3,5.799184195697308,30,37,4,0,D S,RasenBallsport Leipzig,2,3.1076600458472967,19.285520542413,15.120991684496405,Bundesliga,2025-2026
7264,Han-Noah Massengo,33,2455,2,1.7316314969211817,1,1.635585960932076,20,17,5,0,M S,Augsburg,2,1.7316314969211817,8.934063652530313,5.818135930225253,Bundesliga,2025-2026
7410,Andras Schafer,28,1420,2,1.778747895732522,1,0.7768908403813839,27,6,2,1,M S,Union Berlin,2,1.778747895732522,5.5322664473205805,3.3308603167533875,Bundesliga,2025-2026
7743,Pereira Lage,28,2067,2,4.428796678781509,2,2.062663111835718,43,24,3,0,D F M S,St. Pauli,2,4.428796678781509,6.917279999703169,2.1819291338324547,Bundesliga,2025-2026
7877,Robert Andrich,32,2550,2,0.8109990963712335,0,0.5380814289674163,12,12,4,1,D M S,Bayer Leverkusen,2,0.8109990963712335,14.814566032029688,14.427350432612002,Bundesliga,2025-2026
8778,Fabio Silva,28,784,2,2.105187201872468,6,2.759688064455986,23,17,3,0,F M S,Borussia Dortmund,2,2.105187201872468,7.064148070290685,2.9445341546088457,Bundesliga,2025-2026
9053,Eric Martel,31,2579,2,1.814234547317028,2,2.0577999372035265,23,14,10,1,D M S,FC Cologne,2,1.814234547317028,9.843018800020218,7.845337048172951,Bundesliga,2025-2026
9202,Felix Nmecha,29,2208,2,3.364070465788245,3,1.8235643226653335,33,20,0,0,M S,Borussia Dortmund,2,2.6062937285751104,12.040448106825352,9.09173360094428,Bundesliga,2025-2026
9350,Armindo Sieb,22,497,2,2.8665214106440544,0,0.598957596346736,18,8,1,0,F S,Mainz 05,2,2.8665214106440544,4.1541723646223545,0.9499620124697684,Bundesliga,2025-2026
9356,Carney Chukwuemeka,28,869,2,2.446924611926079,0,0.6348967775702477,18,11,2,0,F M S,Borussia Dortmund,2,2.446924611926079,5.285868251696229,2.7434701044112444,Bundesliga,2025-2026
9458,Josip Stanisic,26,1842,2,1.4695102348923683,3,3.6430143248289824,7,24,1,0,D S,Bayern Munich,2,1.4695102348923683,17.444418190047145,15.49496734701097,Bundesliga,2025-2026
9674,Joe Scally,32,2615,2,2.700111205689609,3,1.6180403884500263,17,18,8,0,D M S,Borussia M.Gladbach,2,2.700111205689609,9.640508973039688,6.971373248845339,Bundesliga,2025-2026
9725,Angelo Stiller,34,2752,2,3.622028611600399,5,6.064722905866802,17,54,1,0,M S,VfB Stuttgart,2,2.864251904189586,19.65218799188733,14.8945678062737,Bundesliga,2025-2026
9745,Dimitris Giannoulis,27,1957,2,0.9717476665973664,5,3.862480258569122,10,33,8,0,D S,Augsburg,2,0.9717476665973664,6.426895641721785,3.064006181433797,Bundesliga,2025-2026
9931,Lovro Majer,28,1390,2,3.5951214293017983,3,2.931819343939424,27,21,5,0,M S,Wolfsburg,2,3.5951214293017983,8.230100117623806,2.8397826477885246,Bundesliga,2025-2026
9986,Kristijan Jakic,26,1655,2,1.4403803190216422,1,1.360763007774949,18,13,5,0,D M S,Augsburg,2,1.4403803190216422,4.3531388053670526,3.167064012028277,Bundesliga,2025-2026
10248,Arijon Ibrahimovic,32,2196,2,5.665725396946073,4,6.767920413985848,47,56,1,0,D F M S,FC Heidenheim,1,4.907948734238744,12.540066696703434,3.623182998038829,Bundesliga,2025-2026
10497,Yannick Engelhardt,31,2506,2,2.415684091858566,2,1.0784621722996235,21,15,7,0,M S,Borussia M.Gladbach,2,2.415684091858566,8.806699713692069,6.679585227742791,Bundesliga,2025-2026
10550,Tom Rothe,21,1018,2,1.6000693328678608,0,0.9030134752392768,19,11,1,1,D S,Union Berlin,2,1.6000693328678608,2.1565405651926994,1.3000704422593117,Bundesliga,2025-2026
10750,Rasmus Kristensen,22,1555,2,1.1268442515283823,0,1.3801484052091837,15,8,4,1,D S,Eintracht Frankfurt,2,1.1268442515283823,6.246252434328198,5.263705998659134,Bundesliga,2025-2026
10792,Farès Chaïbi,28,1822,2,3.5245760353282094,9,5.035042706876993,35,40,2,0,D F M S,Eintracht Frankfurt,2,3.5245760353282094,11.084196873009205,5.737020939588547,Bundesliga,2025-2026
10863,Aaron Zehnter,20,1467,2,1.8096191370859744,0,1.0538889579474926,11,16,0,0,D M S,Wolfsburg,2,1.8096191370859744,5.76640553586185,3.103568371385336,Bundesliga,2025-2026
10946,Yan Couto,19,989,2,0.9633320793509484,2,2.849770877510309,9,17,4,0,D M S,Borussia Dortmund,2,0.9633320793509484,6.886968974024057,4.392777647823095,Bundesliga,2025-2026
11604,Mert Kömür,28,1455,2,4.645504482090473,4,2.76681075245142,41,21,1,0,F M S,Augsburg,2,4.645504482090473,7.051191717386246,1.7611310807988048,Bundesliga,2025-2026
11853,Patrick Mainka,34,3060,2,3.0282052140682936,2,1.7703800983726978,37,10,2,0,D,FC Heidenheim,2,3.0282052140682936,8.954858318902552,7.189261053688824,Bundesliga,2025-2026
11911,Hugo Larsson,25,1839,2,1.4220624901354313,2,1.1869177855551245,13,19,0,0,M S,Eintracht Frankfurt,2,1.4220624901354313,5.631294704973698,3.755781836807728,Bundesliga,2025-2026
11917,Mathias Honsak,27,1263,2,3.318507017567754,1,1.4457622598856688,31,11,1,0,F M S,FC Heidenheim,2,3.318507017567754,6.105871044099331,1.940842181444168,Bundesliga,2025-2026
11982,Jan-Niklas Beste,28,1721,2,3.4977346565574408,2,3.7758378759026527,24,36,5,0,M S,Freiburg,2,3.4977346565574408,10.3288358990103,5.829450925812125,Bundesliga,2025-2026
12418,Rodrigo Ribeiro,14,629,2,4.629444479942322,0,0.0266821533441543,26,1,1,0,F S,Augsburg,2,4.629444479942322,5.407829083502293,1.2390874158591032,Bundesliga,2025-2026
12470,Max Moerstedt,22,334,2,1.2503958828747272,0,0.6729935109615326,6,2,2,0,F S,Hoffenheim,2,1.2503958828747272,3.1903133746236563,1.2669239956885576,Bundesliga,2025-2026
12915,Philipp Sander,30,2475,2,1.3780800057575109,0,0.8148279991000891,25,11,4,0,D M S,Borussia M.Gladbach,2,1.3780800057575109,10.055795773863792,8.980093076825142,Bundesliga,2025-2026
12975,Eric Smith,27,2313,2,0.814800588414073,2,0.8954977933317423,12,18,4,1,D M S,St. Pauli,2,0.814800588414073,5.893046077340841,5.734260914847255,Bundesliga,2025-2026
12987,Luca Kerber,18,670,2,1.526185255497694,0,0.1521664950996637,9,2,3,0,M S,FC Heidenheim,2,1.526185255497694,1.823819350451231,0.5324585903435946,Bundesliga,2025-2026
12988,Sirlord Conteh,15,585,2,3.1821698397397995,1,0.6179677061736584,10,9,1,0,F M S,FC Heidenheim,2,3.1821698397397995,3.3415900003165007,0.6492735873907804,Bundesliga,2025-2026
13101,Arthur Chaves,15,1062,2,1.0467653088271618,0,0.2324150362983346,5,4,2,0,D S,"Augsburg,Hoffenheim",2,1.0467653088271618,1.9321790896356104,1.686458982527256,Bundesliga,2025-2026
13424,Daniel Svensson,33,2454,2,2.9300006814301014,2,4.297698555514216,12,35,0,0,D M S,Borussia Dortmund,2,2.9300006814301014,10.653507748618722,6.346277633681893,Bundesliga,2025-2026
13428,Marin Ljubicic,2,11,2,1.5059347748756409,0,0.0,2,0,0,0,S,Union Berlin,2,1.5059347748756409,0.6139925122261047,0.0,Bundesliga,2025-2026
13850,Johan Bakayoko,20,764,2,2.3763104043900967,0,1.30585958622396,24,10,1,0,F M S,RasenBallsport Leipzig,2,2.3763104043900967,6.649200826883316,3.972378112375736,Bundesliga,2025-2026
13910,Ísak Bergmann Jóhannesson,31,1830,2,1.4332966785877943,2,2.4116498064249754,14,33,6,0,M S,FC Cologne,2,1.4332966785877943,9.597796699032187,7.102902231737971,Bundesliga,2025-2026
14024,Adam Daghim,27,1328,2,3.1088089011609554,3,3.074686413630843,27,18,3,0,F M S,Wolfsburg,2,3.1088089011609554,9.786626935005188,4.455633115023375,Bundesliga,2025-2026
14123,Wael Mohya,15,533,2,1.0975704565644264,1,0.1975120026618242,11,4,1,0,F M S,Borussia M.Gladbach,2,1.0975704565644264,1.5268700160086155,0.8649591617286205,Bundesliga,2025-2026
14197,Ricky-Jade Jones,9,344,2,2.837136209011078,0,1.4098595241084697,11,7,1,0,F S,St. Pauli,2,2.837136209011078,4.384352348744869,0.1761478222906589,Bundesliga,2025-2026
14331,Ayoube Amaimouni-Echghouyab,17,551,2,0.5620515374466777,3,0.641688815318048,12,6,1,0,D F M S,Eintracht Frankfurt,2,0.5620515374466777,1.6453642882406712,0.6972493827342987,Bundesliga,2025-2026
140,Yannick Gerhardt,19,1080,1,1.152172677218914,0,0.9047546237707138,11,8,1,0,D M S,Wolfsburg,1,1.152172677218914,2.5076904222369194,1.179125288501382,Bundesliga,2025-2026
153,Maximilian Arnold,25,1837,1,0.367392455227673,4,4.247929247096181,13,29,5,0,M S,Wolfsburg,1,0.367392455227673,5.136144082993269,4.320300527848303,Bundesliga,2025-2026
435,Benjamin Henrichs,17,275,1,0.1952432431280613,0,0.1661444157361984,4,3,0,0,D S,RasenBallsport Leipzig,1,0.1952432431280613,2.9554218724370003,2.643328309059143,Bundesliga,2025-2026
1678,Michy Batshuayi,6,123,1,1.0145394168794155,0,0.186081625521183,5,2,0,0,F S,Eintracht Frankfurt,0,0.2567627318203449,0.4821904711425304,0.1719956696033477,Bundesliga,2025-2026
2253,Lucas Vázquez,12,483,1,0.9143912717700003,2,2.509555133059621,4,10,2,0,D S,Bayer Leverkusen,1,0.9143912717700003,5.7617636397480965,2.454696498811245,Bundesliga,2025-2026
2611,Philipp Lienhart,20,1296,1,0.9484050497412682,0,0.1434269901365041,8,4,2,1,D S,Freiburg,1,0.9484050497412682,5.8486660327762365,5.743671094998717,Bundesliga,2025-2026
2693,Marius Wolf,29,1002,1,1.7143956972286103,1,3.691459383815527,14,21,4,0,D F M S,Augsburg,1,1.7143956972286103,4.361116588115692,1.4035527957603335,Bundesliga,2025-2026
4312,Marnon Busch,29,1901,1,0.7969588423147798,5,3.2484856420196597,12,16,4,0,D M S,FC Heidenheim,1,0.7969588423147798,6.242594827432185,4.60207387059927,Bundesliga,2025-2026
5225,Bakery Jatta,15,934,1,1.5474212262779474,1,0.2965631820261478,11,5,1,0,D M S,Hamburger SV,1,1.5474212262779474,2.998817972838878,1.4511013012379408,Bundesliga,2025-2026
5231,Florian Kainz,15,245,1,0.930009800940752,1,0.3186944723129272,8,8,1,0,M S,FC Cologne,1,0.930009800940752,2.48546302318573,1.5909147337079048,Bundesliga,2025-2026
5243,Dayotchanculle Upamecano,24,1805,1,0.8303499147295952,1,1.4384191930294037,8,11,4,0,D S,Bayern Munich,1,0.8303499147295952,14.301490493118765,13.812318220734596,Bundesliga,2025-2026
5248,Marcel Sabitzer,26,1835,1,1.149563044309616,2,2.240061067044735,20,15,3,0,M S,Borussia Dortmund,1,1.149563044309616,8.931432373821735,6.333587545901537,Bundesliga,2025-2026
5250,Yussuf Poulsen,15,286,1,0.6910383813083172,0,0.2802915424108505,7,2,4,0,F S,Hamburger SV,1,0.6910383813083172,1.617140244692564,0.806505823507905,Bundesliga,2025-2026
5340,Marco Friedl,30,2552,1,0.729124104604125,0,0.2931987326592207,8,5,9,1,D S,Werder Bremen,1,0.729124104604125,5.801214318722487,5.562721598893404,Bundesliga,2025-2026
5347,Jonas Föhrenbach,27,2333,1,0.6362145002931356,1,2.2612353581935167,6,22,3,0,D M S,FC Heidenheim,1,0.6362145002931356,4.08684488851577,2.9511223332956438,Bundesliga,2025-2026
6351,Robin Hack,8,311,1,0.7763836495578289,0,0.8660388067364693,11,12,1,0,M S,Borussia M.Gladbach,1,0.7763836495578289,2.028105780482292,0.7544244416058064,Bundesliga,2025-2026
6436,Stanley N&#039;Soki,13,837,1,0.1332546882331371,2,0.2016350086778402,3,4,2,0,D S,Union Berlin,1,0.1332546882331371,1.0962544791400433,0.9779290817677976,Bundesliga,2025-2026
6626,Joshua Vagnoman,27,1589,1,3.556872447952628,3,2.121924228966236,19,16,3,0,D M S,VfB Stuttgart,1,3.556872447952628,7.574769550934434,3.1966566257178783,Bundesliga,2025-2026
7058,Kevin Stöger,29,1322,1,2.0543773360550404,1,2.050934341736138,23,27,3,0,M S,Borussia M.Gladbach,1,1.2966006584465504,6.800350913777947,5.208155047148466,Bundesliga,2025-2026
7106,Philipp Mwene,29,2081,1,2.0332534685730934,2,2.139080299064517,10,18,4,0,D M S,Mainz 05,1,2.0332534685730934,8.51742416061461,6.025996465235949,Bundesliga,2025-2026
7345,Alphonso Davies,13,521,1,0.4413026720285415,3,1.301999389193952,4,9,1,0,D S,Bayern Munich,1,0.4413026720285415,6.602924805134535,5.091645808890462,Bundesliga,2025-2026
7742,Valentin Gendrey,8,38,1,0.3482030779123306,1,0.72549694404006,2,3,0,0,S,Hoffenheim,1,0.3482030779123306,1.073700025677681,0.0,Bundesliga,2025-2026
7934,Andreas Skov Olsen,8,365,1,0.1957429936155676,0,0.8937978446483612,7,7,1,0,M S,Wolfsburg,1,0.1957429936155676,2.4187796115875244,1.530781688168645,Bundesliga,2025-2026
7940,Denis Vavro,17,1168,1,1.6649845857173204,0,0.1777781695127487,12,3,2,0,D S,Wolfsburg,1,1.6649845857173204,1.7065384555608034,1.423941339366138,Bundesliga,2025-2026
8191,Giovanni Reyna,19,485,1,0.667095934972167,0,1.5534863928332925,7,12,1,0,M S,Borussia M.Gladbach,1,0.667095934972167,3.324709984473884,1.414455235004425,Bundesliga,2025-2026
8456,Nathan Tella,17,890,1,2.7824456579983234,4,3.822403874248266,24,20,2,0,D M S,Bayer Leverkusen,1,2.7824456579983234,8.58071481436491,3.400095050223172,Bundesliga,2025-2026
8643,Chrislain Matsima,18,1494,1,0.5652054697275162,1,0.5844853427261114,7,4,5,0,D S,Augsburg,1,0.5652054697275162,2.247604363597929,2.1535102361813188,Bundesliga,2025-2026
8807,Silas Wamangituka,8,346,1,2.3329260647296906,0,0.1923276670277118,8,3,1,0,F S,Mainz 05,1,2.3329260647296906,2.63218654692173,0.1207570396363735,Bundesliga,2025-2026
8965,Vladimir Coufal,34,3032,1,0.9888284020125866,8,7.478693185374141,26,58,4,0,D M,Hoffenheim,1,0.9888284020125866,15.418089099228382,11.00063280761242,Bundesliga,2025-2026
9233,Joakim Maehle,16,1226,1,0.6766485814005136,2,1.6462530652061105,14,14,1,0,D M S,Wolfsburg,1,0.6766485814005136,5.031030514277518,3.4584580026566982,Bundesliga,2025-2026
9511,Castello Lukeba,26,2176,1,0.8890010062605143,0,0.2401187624782323,8,6,3,0,D S,RasenBallsport Leipzig,1,0.8890010062605143,13.522159865126014,13.34397491067648,Bundesliga,2025-2026
9711,Patrick Osterhage,20,1190,1,1.2812672033905983,0,0.3329730369150638,7,6,4,0,M S,Freiburg,1,1.2812672033905983,3.087803818285465,1.5657243579626083,Bundesliga,2025-2026
9715,Hiroki Ito,16,918,1,1.4966442808508873,2,1.0980801191180944,10,6,0,0,D S,Bayern Munich,1,1.4966442808508873,5.908010467886925,5.104044854640961,Bundesliga,2025-2026
9943,Moritz Jenz,22,1795,1,0.6638292074203491,0,0.068161042407155,5,2,6,1,D S,Wolfsburg,1,0.6638292074203491,3.456455777399242,3.388294734992087,Bundesliga,2025-2026
9999,Arthur Theate,24,2147,1,1.423735129646957,0,0.5266659539192915,16,11,8,0,D,Eintracht Frankfurt,1,1.423735129646957,9.639633066952229,8.652226217091084,Bundesliga,2025-2026
10394,Jonas Wind,11,480,1,1.382240418344736,0,0.2623850591480732,9,5,1,0,F S,Wolfsburg,1,1.382240418344736,2.308900620788336,1.0269743390381336,Bundesliga,2025-2026
10728,Oscar Fraulo,4,30,1,0.7350285053253174,0,0.0,1,0,0,0,S,Borussia M.Gladbach,1,0.7350285053253174,0.8669984638690948,0.1319699585437774,Bundesliga,2025-2026
10926,Tim Skarke,22,555,1,0.906526424922049,1,1.448102950118482,14,11,0,0,F M S,Union Berlin,1,0.906526424922049,3.765563036315143,1.586321622133255,Bundesliga,2025-2026
10986,Kim Min-Jae,25,1621,1,0.7258729934692383,1,0.4743431285023689,5,4,1,0,D S,Bayern Munich,1,0.7258729934692383,14.77258349210024,14.365923717617989,Bundesliga,2025-2026
11314,Keke Maximilian Topp,20,617,1,2.021150179207325,1,0.873332935385406,25,9,4,0,F S,Werder Bremen,1,2.021150179207325,4.603332705795765,2.0922563280910254,Bundesliga,2025-2026
11333,Josip Juranovic,11,309,1,0.7259451868012547,1,1.2349283397197723,4,12,1,0,D S,Union Berlin,1,0.7259451868012547,1.2414962649345398,0.4408333860337734,Bundesliga,2025-2026
11847,Grant-Leon Ranos,8,89,1,0.5348599851131439,0,0.08121008425951,4,1,1,0,S,Borussia M.Gladbach,1,0.5348599851131439,0.5956991165876389,0.0572183914482593,Bundesliga,2025-2026
11855,Adrian Beck,24,847,1,1.0052050724625587,1,2.5323722325265408,11,18,1,0,M S,FC Heidenheim,1,1.0052050724625587,4.769298311322928,3.3315641935914755,Bundesliga,2025-2026
11868,Arthur,20,1130,1,1.1891322792507708,3,1.199713435024023,10,15,3,0,D S,Bayer Leverkusen,1,1.1891322792507708,6.4784804452210665,5.219180366024375,Bundesliga,2025-2026
11894,Max Finkgrafe,13,491,1,0.2259244993329048,1,0.6198278795927763,4,12,2,0,D S,RasenBallsport Leipzig,1,0.2259244993329048,4.128876706585288,3.778356781229377,Bundesliga,2025-2026
11981,Benedict Hollerbach,14,903,1,2.9790893960744143,2,1.8817622810602188,22,4,0,0,F M S,Mainz 05,1,2.9790893960744143,4.888501934707165,1.3094587735831738,Bundesliga,2025-2026
12028,Olivier Deman,16,1251,1,0.428515175357461,2,1.47944251075387,10,17,3,0,D S,Werder Bremen,1,0.428515175357461,4.93840117380023,3.729718029499054,Bundesliga,2025-2026
12053,Mikkel Kaufmann,16,519,1,1.3755719233304262,1,1.2740651369094849,11,4,2,0,F S,FC Heidenheim,1,1.3755719233304262,1.907257506623864,0.1608265489339828,Bundesliga,2025-2026
12069,Junior Adamu,9,456,1,1.7867614552378654,1,1.2455768771469593,8,5,1,0,F S,Freiburg,1,1.7867614552378654,2.3196257650852203,0.8252495266497135,Bundesliga,2025-2026
12430,Nnamdi Collins,23,1490,1,0.6856478173285723,2,0.4561577998101711,3,3,4,0,D S,Eintracht Frankfurt,1,0.6856478173285723,6.877490270882845,6.092026978731155,Bundesliga,2025-2026
12880,Albert Grønbæk,7,500,1,0.415574955753982,2,1.4378090538084507,8,8,0,0,D M S,Hamburger SV,1,0.415574955753982,2.706360399723053,1.1875548586249352,Bundesliga,2025-2026
12918,Kaishu Sano,34,3060,1,1.6013844851404428,2,3.6190584171563382,24,25,1,0,M,Mainz 05,1,1.6013844851404428,14.120248086750507,10.931938745081425,Bundesliga,2025-2026
12922,Samuel Essende,14,361,1,1.4566263109445572,0,0.4276743633672595,17,4,2,0,F S,Augsburg,1,1.4566263109445572,1.6914420491084456,0.1369437035173177,Bundesliga,2025-2026
12952,Oscar Højlund,24,1082,1,0.6138702277094126,1,1.0660392343997955,7,7,2,1,M S,Eintracht Frankfurt,1,0.6138702277094126,3.1818068362772465,1.8266832381486893,Bundesliga,2025-2026
12974,Karol Mets,23,1938,1,0.7716115931980312,0,0.1689066644757986,7,4,3,0,D S,St. Pauli,1,0.7716115931980312,3.623257830739021,3.603599851019681,Bundesliga,2025-2026
12976,Philipp Treu,28,2195,1,1.471756223589182,2,1.812682246789336,17,20,2,0,D M S,Freiburg,1,1.471756223589182,7.696102367714047,4.845858434215188,Bundesliga,2025-2026
12981,Manolis Saliakas,17,1118,1,0.5466044023633003,3,0.9010673672892152,16,12,2,0,D M S,St. Pauli,1,0.5466044023633003,2.8804356046020985,1.7787759266793728,Bundesliga,2025-2026
12984,Adam Dzwigala,19,1303,1,0.1554847173392772,1,0.2130086086690426,4,5,5,0,D S,St. Pauli,1,0.1554847173392772,2.644652418792248,2.524500971660018,Bundesliga,2025-2026
12986,Léo Scienza,2,180,1,0.1424524337053299,0,1.3223831057548523,4,3,0,0,M,FC Heidenheim,1,0.1424524337053299,1.1770203709602356,0.7020066827535629,Bundesliga,2025-2026
13012,Robin Hranác,29,2261,1,2.0698564872145653,0,0.1279042270034551,8,3,5,0,D S,Hoffenheim,1,2.0698564872145653,7.542697021737695,7.542697021737695,Bundesliga,2025-2026
13093,Derrick Köhn,29,1887,1,2.375174617394805,2,3.0893841087818146,28,25,5,1,D S,Union Berlin,0,1.6173979174345732,4.535877007059753,2.7453682981431484,Bundesliga,2025-2026
13149,Noahkai Banks,23,1746,1,1.230864397250116,1,0.9259122600778936,9,7,8,0,D S,Augsburg,1,1.230864397250116,4.726021298207343,3.706311522051692,Bundesliga,2025-2026
13291,Patrice Covic,15,326,1,1.1091214641928673,0,0.940799904987216,5,4,1,0,M S,Werder Bremen,1,1.1091214641928673,2.82220889814198,1.3946651984006166,Bundesliga,2025-2026
13325,James Sands,24,1957,1,0.8688814658671618,0,0.9661839380860328,16,10,4,0,M S,St. Pauli,1,0.8688814658671618,4.826324421912432,3.583524534478784,Bundesliga,2025-2026
13414,Hennes Behrens,16,1321,1,0.3234625067561865,2,2.7504402678459883,9,19,0,0,D S,FC Heidenheim,1,0.3234625067561865,6.172940738499165,4.869937736541033,Bundesliga,2025-2026
13442,Tidiam Gomis,18,309,1,0.6109884418547153,0,0.4877947866916656,9,3,1,0,F S,RasenBallsport Leipzig,1,0.6109884418547153,1.586239816620946,0.7072353083640337,Bundesliga,2025-2026
13460,Aaron Anselmino,6,368,1,0.054409060627222,0,0.0,1,0,0,0,D S,Borussia Dortmund,1,0.054409060627222,1.099787350744009,1.099787350744009,Bundesliga,2025-2026
13496,Karim Coulibaly,27,2128,1,1.1301267184317112,0,0.1937260031700134,6,7,3,1,D S,Werder Bremen,1,1.1301267184317112,4.018573129549623,3.783440677449107,Bundesliga,2025-2026
13862,Adam Kölle,6,73,1,1.0184025764465332,0,0.0353274457156658,3,1,1,0,S,FC Heidenheim,1,1.0184025764465332,0.1584107019007206,0.0353274457156658,Bundesliga,2025-2026
13883,Joel Chima Fujita,32,2689,1,1.4086154643446207,3,4.352827329188585,32,30,6,0,F M S,St. Pauli,1,1.4086154643446207,9.678257964551449,4.85630483366549,Bundesliga,2025-2026
13884,Louis Oppie,23,1606,1,1.1548993904143572,0,1.1255840882658958,15,10,0,0,D M S,St. Pauli,1,1.1548993904143572,4.7634373884648085,2.7592283356934786,Bundesliga,2025-2026
13923,Nicolás Capaldo,26,2029,1,2.6900635082274675,3,1.8462919499725103,22,22,10,0,D M S,Hamburger SV,1,2.6900635082274675,6.40477589238435,2.652264328673482,Bundesliga,2025-2026
13973,Albian Hajdari,30,2449,1,1.951246085576713,2,1.4744714088737965,19,9,10,0,D S,Hoffenheim,1,1.951246085576713,9.048692982643844,7.608659699559212,Bundesliga,2025-2026
13974,Isaac Schmidt,19,671,1,0.5206902362406254,0,0.5155902737751603,5,10,2,0,D S,Werder Bremen,1,0.5206902362406254,3.2245144806802277,2.3847034201025963,Bundesliga,2025-2026
14025,Alessio Castro-Montes,14,662,1,1.2529878905043006,3,2.332611743360758,8,23,2,0,D M S,FC Cologne,1,1.2529878905043006,5.1476816944777966,2.3612621556967497,Bundesliga,2025-2026
14036,Fabio Baldé,16,422,1,0.946309395134449,1,1.2405132353305817,9,5,0,0,F M S,Hamburger SV,1,0.946309395134449,2.457134682685137,0.4607332050800323,Bundesliga,2025-2026
14058,Cameron Puertas,28,1867,1,2.220278110355139,2,2.42338989302516,37,28,6,0,F M S,Werder Bremen,1,2.220278110355139,7.052124924957752,4.755718288943172,Bundesliga,2025-2026
14126,Montrell Culbreath,12,756,1,2.02140474319458,0,0.3996955826878547,8,6,0,0,D S,Bayer Leverkusen,1,2.02140474319458,4.640004459768534,2.365470964461565,Bundesliga,2025-2026
14177,Livan Burcu,18,621,1,2.16127123311162,1,0.5088458983227611,16,9,4,0,F M S,Union Berlin,1,2.16127123311162,2.686813432723284,0.9930684771388768,Bundesliga,2025-2026
14187,Kacper Potulski,15,1061,1,2.6196836456656456,0,0.6171241998672485,14,2,3,0,D S,Mainz 05,1,2.6196836456656456,1.225274246186018,0.9039126615971328,Bundesliga,2025-2026
14329,Younes Ebnoutalib,5,127,1,0.5632690861821175,0,0.1448395550251007,5,2,0,0,F S,Eintracht Frankfurt,1,0.5632690861821175,0.6283156871795654,0.093784675002098,Bundesliga,2025-2026
14371,Kento Shiogai,12,292,1,1.8814079575240608,0,0.5708257630467415,9,2,3,0,M S,Wolfsburg,1,1.8814079575240608,2.8516479656100278,0.4630212336778641,Bundesliga,2025-2026
14420,Luca Reggiani,8,515,1,0.460574084892869,0,0.0403863340616226,3,2,2,0,D S,Borussia Dortmund,1,0.460574084892869,2.269562177360058,2.2139969542622566,Bundesliga,2025-2026
14421,Samuele Inácio,7,371,1,2.006677269935608,0,0.9181690961122512,9,8,2,0,M S,Borussia Dortmund,1,2.006677269935608,3.439340591430664,1.4145637080073357,Bundesliga,2025-2026
14423,Philip Otele,9,504,1,1.006495863199234,1,0.961767042055726,7,9,3,1,F M S,Hamburger SV,1,1.006495863199234,2.0749266296625137,0.3153763115406036,Bundesliga,2025-2026
14428,Hugo Bolin,13,534,1,1.1613999009132383,1,0.507491935044527,15,8,0,0,M S,Borussia M.Gladbach,1,1.1613999009132383,2.3938754983246326,0.9783000312745572,Bundesliga,2025-2026
14481,Salim Musah,8,182,1,0.4705605544149875,0,0.252941220998764,7,3,0,0,F S,Werder Bremen,1,0.4705605544149875,0.8138958923518658,0.1823151037096977,Bundesliga,2025-2026
65,Timo Werner,3,11,0,0.0,0,0.0,0,0,0,0,S,RasenBallsport Leipzig,0,0.0,0.0475450567901134,0.0475450567901134,Bundesliga,2025-2026
73,Oliver Baumann,34,3060,0,0.0,0,0.033280711621046,0,1,3,0,GK,Hoffenheim,0,0.0,5.951814202591777,5.951814202591777,Bundesliga,2025-2026
75,Niklas Süle,11,487,0,0.0335541702806949,1,0.2960160970687866,2,2,3,0,D S,Borussia Dortmund,0,0.0335541702806949,2.3257176280021667,2.232322722673416,Bundesliga,2025-2026
126,Michael Zetterer,22,1976,0,0.0,0,0.0,0,0,1,0,GK S,Eintracht Frankfurt,0,0.0,3.528816443867981,3.528816443867981,Bundesliga,2025-2026
129,Dominique Heintz,9,381,0,0.0,0,0.0753370970487594,0,1,0,0,D S,FC Cologne,0,0.0,0.7893091775476933,0.7139720823615789,Bundesliga,2025-2026
188,Kevin Kampl,3,3,0,0.0,0,0.0,0,0,0,0,S,RasenBallsport Leipzig,0,0.0,0.0,0.0,Bundesliga,2025-2026
212,Nico Elvedi,33,2968,0,0.3812519991770386,2,1.362134398892522,9,13,5,0,D,Borussia M.Gladbach,0,0.3812519991770386,8.829203316941857,7.860639678314328,Bundesliga,2025-2026
217,Manuel Neuer,22,1870,0,0.0,0,0.0,0,0,0,0,GK,Bayern Munich,0,0.0,7.137187179178,7.137187179178,Bundesliga,2025-2026
231,Sven Ulreich,1,90,0,0.0,0,0.0,0,0,1,0,GK,Bayern Munich,0,0.0,0.4750842452049255,0.4750842452049255,Bundesliga,2025-2026
239,Pascal Groß,11,619,0,0.8347828388214111,1,1.3404343351721764,8,11,0,0,M S,Borussia Dortmund,0,0.8347828388214111,4.495197154581547,3.2702609561383724,Bundesliga,2025-2026
262,Leonardo Bittencourt,17,588,0,0.215122521854937,1,0.8824588861316442,7,5,5,0,M S,Werder Bremen,0,0.215122521854937,2.723938686773181,2.383876219391823,Bundesliga,2025-2026
326,Pascal Stenzel,2,114,0,0.1592021947726607,0,0.0,3,0,2,0,D,VfB Stuttgart,0,0.1592021947726607,0.2664077952504158,0.1181570217013359,Bundesliga,2025-2026
359,Timothy Chandler,1,6,0,0.0,0,0.0438250191509723,0,1,0,0,S,Eintracht Frankfurt,0,0.0,0.0438250191509723,0.0438250191509723,Bundesliga,2025-2026
370,Marvin Friedrich,6,144,0,0.0,0,0.0,0,0,0,0,D S,Borussia M.Gladbach,0,0.0,0.1700651422142982,0.1700651422142982,Bundesliga,2025-2026
418,Niklas Stark,14,721,0,0.5795709788799286,0,0.0,3,0,4,2,D S,Werder Bremen,0,0.5795709788799286,0.4512885939329862,0.4041371922940016,Bundesliga,2025-2026
422,Mario Götze,21,880,0,0.4346178546547889,0,2.859270012006164,5,14,1,0,M S,Eintracht Frankfurt,0,0.4346178546547889,3.92476156540215,2.630390318110585,Bundesliga,2025-2026
449,Robin Zentner,10,878,0,0.0,0,0.0,0,0,2,1,GK,Mainz 05,0,0.0,0.803024910390377,0.803024910390377,Bundesliga,2025-2026
2639,Alexander Nübel,34,3060,0,0.0,1,0.3682400248944759,0,4,0,0,GK,VfB Stuttgart,0,0.0,7.689679289236665,7.51086644269526,Bundesliga,2025-2026
2665,Jeffrey Gouweleeuw,11,857,0,0.236933896318078,1,0.378789821639657,5,5,3,0,D S,Augsburg,0,0.236933896318078,1.2999653723090887,1.004734518006444,Bundesliga,2025-2026
3347,Ellyes Skhiri,25,1439,0,0.7644057050347328,0,0.3066457267850637,8,7,1,1,D M S,Eintracht Frankfurt,0,0.7644057050347328,6.156647648662329,5.555669544264674,Bundesliga,2025-2026
4243,Christian Günter,24,1559,0,0.3919804766774177,3,2.233008475974202,9,19,2,0,D S,Freiburg,0,0.3919804766774177,5.913286862894893,4.075682835653424,Bundesliga,2025-2026
4247,Maximilian Philipp,2,22,0,0.0,0,0.0,0,0,0,0,S,Freiburg,0,0.0,0.2912693321704864,0.2912693321704864,Bundesliga,2025-2026
4250,Nicolas Höfler,13,262,0,0.1117162872105836,0,0.0,4,0,0,0,M S,Freiburg,0,0.1117162872105836,0.7971062641590834,0.7745334655046463,Bundesliga,2025-2026
4271,Janik Haberer,28,1662,0,0.6165919480845332,1,1.4660948365926745,11,21,8,0,D M S,Union Berlin,0,0.6165919480845332,2.625936538912356,1.615098069421947,Bundesliga,2025-2026
4313,Janis Blaswich,11,928,0,0.0,0,0.0981956124305725,0,2,1,0,GK S,Bayer Leverkusen,0,0.0,1.5909389518201351,1.4927433393895626,Bundesliga,2025-2026
4376,Marvin Schwäbe,34,3060,0,0.0,0,0.3641906082630157,0,1,2,0,GK,FC Cologne,0,0.0,5.936441767960787,5.572251129895449,Bundesliga,2025-2026
5217,Anthony Jung,12,502,0,0.036658052355051,0,0.2247737990692258,1,4,2,0,D S,Freiburg,0,0.036658052355051,1.299984865821898,1.1594009175896645,Bundesliga,2025-2026
5238,Jordan Torunarigha,24,1963,0,0.309758860617876,0,0.1416927427053451,5,2,3,0,D S,Hamburger SV,0,0.309758860617876,2.372671600896865,2.242847737390548,Bundesliga,2025-2026
5241,Péter Gulácsi,23,2008,0,0.0,0,0.0,0,0,1,0,GK,RasenBallsport Leipzig,0,0.0,5.831954948604107,5.831954948604107,Bundesliga,2025-2026
5245,Bernardo,29,2340,0,0.4374553086236119,0,0.3528335839509964,10,9,9,0,D S,Hoffenheim,0,0.4374553086236119,8.209371864795685,7.91454927995801,Bundesliga,2025-2026
5283,Daniel Heuer Fernandes,33,2970,0,0.1280906349420547,0,0.0,1,0,3,0,GK,Hamburger SV,0,0.1280906349420547,5.012303248047829,5.012303248047829,Bundesliga,2025-2026
5288,Gregor Kobel,34,3060,0,0.0,0,0.0,0,0,3,0,GK,Borussia Dortmund,0,0.0,5.751318110153079,5.751318110153079,Bundesliga,2025-2026
5294,Salih Özcan,11,55,0,0.1352226883172989,0,0.1514878366142511,1,2,0,0,S,Borussia Dortmund,0,0.1352226883172989,0.904110236093402,0.6446415539830923,Bundesliga,2025-2026
5298,Arne Maier,1,1,0,0.0,0,0.0,0,0,0,0,S,Augsburg,0,0.0,0.0,0.0,Bundesliga,2025-2026
5329,Stefan Posch,16,1399,0,0.4011011412367224,0,0.4894324410706758,10,8,4,0,D,Mainz 05,0,0.4011011412367224,4.902905914932489,4.450077299028635,Bundesliga,2025-2026
5346,Jonas Meffert,4,134,0,0.0,0,0.127674862742424,0,2,0,0,M S,Hamburger SV,0,0.0,0.3951718807220459,0.2674970142543316,Bundesliga,2025-2026
5358,Lukas Klostermann,5,94,0,0.1061005108058452,1,0.161961805075407,2,2,0,0,D S,RasenBallsport Leipzig,0,0.1061005108058452,1.1594983972609043,0.9541020207107068,Bundesliga,2025-2026
5684,Arnaud Nordin,13,468,0,0.7219278290867805,0,0.140843529254198,13,2,0,0,D F M S,Mainz 05,0,0.7219278290867805,1.0664126202464104,0.3882246594876051,Bundesliga,2025-2026
6103,Dan-Axel Zagadou,3,216,0,0.2956633493304252,0,0.0886286199092865,6,1,0,0,D,VfB Stuttgart,0,0.2956633493304252,0.9479237943887712,0.7582869995385408,Bundesliga,2025-2026
6142,Tim Kleindienst,3,5,0,0.0,0,0.0,0,0,0,0,S,Borussia M.Gladbach,0,0.0,0.0,0.0,Bundesliga,2025-2026
6271,Ihlas Bebou,16,129,0,0.6424789670854807,0,0.9731176495552064,5,2,1,0,S,Hoffenheim,0,0.6424789670854807,2.42434592731297,0.8316981624811888,Bundesliga,2025-2026
6321,Moritz Nicolas,34,3060,0,0.0,0,0.3480205573141575,0,2,1,0,GK,Borussia M.Gladbach,0,0.0,4.788933951407671,4.440913397818804,Bundesliga,2025-2026
6327,Kevin Akpoguma,8,46,0,0.0,0,0.0,0,0,0,1,D S,Hoffenheim,0,0.0,0.165156252682209,0.165156252682209,Bundesliga,2025-2026
6380,Anthony Caci,10,531,0,0.2611511684954166,0,1.723295472562313,6,11,3,0,D M S,Mainz 05,0,0.2611511684954166,3.7935716342180967,3.304370043799281,Bundesliga,2025-2026
6403,Timo Hübers,8,681,0,0.0,0,0.0,0,0,0,0,D,FC Cologne,0,0.0,2.0205610003322363,2.0205610003322363,Bundesliga,2025-2026
6411,Niklas Dorsch,32,2293,0,0.565851017832756,1,2.0714712161570787,14,24,2,0,M S,FC Heidenheim,0,0.565851017832756,9.595492578111587,9.10862572863698,Bundesliga,2025-2026
6596,Finn Dahmen,34,3060,0,0.6633901596069336,0,0.2969367634505033,1,4,1,0,GK,Augsburg,0,0.6633901596069336,4.446497203782201,4.14956040866673,Bundesliga,2025-2026
7047,Mark Flekken,24,2132,0,0.0,0,0.0720671415328979,0,1,1,0,GK,Bayer Leverkusen,0,0.0,5.080403530970216,5.008336389437318,Bundesliga,2025-2026
7048,Frederik Rönnow,30,2640,0,0.0,0,0.0186647586524486,0,1,2,0,GK,Union Berlin,0,0.0,1.797542778775096,1.7788780201226473,Bundesliga,2025-2026
7065,Florian Neuhaus,17,945,0,1.392402342054993,1,1.0026175901293757,22,9,0,0,F M S,Borussia M.Gladbach,0,1.392402342054993,4.8506131283938885,3.389763910323381,Bundesliga,2025-2026
7320,Amos Pieper,19,1510,0,0.3870185147970915,0,0.0697134993970394,8,2,4,0,D,Werder Bremen,0,0.3870185147970915,2.2050731107592583,2.1713340766727924,Bundesliga,2025-2026
7366,Maximilian Wöber,2,29,0,0.0,0,0.426640123128891,0,1,0,0,S,Werder Bremen,0,0.0,0.426640123128891,0.426640123128891,Bundesliga,2025-2026
7401,Keven Schlotterbeck,24,2025,0,1.3001904971897602,1,1.029070470482111,12,12,5,1,D S,Augsburg,0,0.5424138195812702,5.31422508880496,4.888037363067269,Bundesliga,2025-2026
7511,Sacha Boey,9,458,0,0.3924324251711368,0,0.1832207404077053,6,4,1,0,D S,Bayern Munich,0,0.3924324251711368,2.850109562277794,2.335632123053074,Bundesliga,2025-2026
7809,Mads Pedersen,7,182,0,0.1650688666850328,0,0.1485102549195289,3,4,0,0,D S,Augsburg,0,0.1650688666850328,1.0306250602006912,0.7902142554521561,Bundesliga,2025-2026
7867,Robert Skov,3,236,0,0.0324681997299194,0,0.0800095424056053,1,1,0,0,D,Union Berlin,0,0.0324681997299194,0.3229803517460823,0.2905121520161629,Bundesliga,2025-2026
7875,Christopher Trimmel,29,1904,0,0.0736503908410668,3,5.092283573001623,5,52,8,0,D S,Union Berlin,0,0.0736503908410668,4.565780051983893,3.3375917868688703,Bundesliga,2025-2026
7937,Julian Chabot,27,2307,0,1.6176300728693604,0,0.2743483893573284,18,7,3,0,D S,VfB Stuttgart,0,1.6176300728693604,11.031767396256328,10.77568300254643,Bundesliga,2025-2026
7997,Julian Ryerson,31,2288,0,1.086410315707326,15,10.857275873422624,12,57,8,0,D S,Borussia Dortmund,0,1.086410315707326,13.329593954607844,9.274812629446387,Bundesliga,2025-2026
8017,Alex Kral,20,394,0,0.3584795072674751,0,0.272127328440547,7,4,1,0,M S,Union Berlin,0,0.3584795072674751,1.076263951137662,0.6060352418571711,Bundesliga,2025-2026
8092,Tom Krauß,26,1779,0,0.3886736305430531,2,1.2642290331423285,9,15,4,0,D M S,FC Cologne,0,0.3886736305430531,7.146091844886541,6.019498575478792,Bundesliga,2025-2026
8117,Nick Woltemade,1,90,0,0.0,0,0.3476715981960296,0,1,0,0,M,VfB Stuttgart,0,0.0,0.5924015045166016,0.2447298914194107,Bundesliga,2025-2026
8206,Yannik Keitel,6,247,0,0.0,0,0.0,0,0,2,0,D M S,Augsburg,0,0.0,0.5297181829810143,0.5297181829810143,Bundesliga,2025-2026
8325,Exequiel Palacios,18,1079,0,0.439077272079885,1,1.3159740213304758,10,13,3,0,M S,Bayer Leverkusen,0,0.439077272079885,7.690991470590234,7.098266148939729,Bundesliga,2025-2026
8396,Jessic Ngankam,3,50,0,0.0,0,0.0,0,0,0,0,S,Eintracht Frankfurt,0,0.0,0.0,0.0,Bundesliga,2025-2026
8401,Luca Netz,15,937,0,0.0383716374635696,2,2.432344384491444,2,10,1,0,D S,Borussia M.Gladbach,0,0.0383716374635696,3.802498570643365,3.305356069467962,Bundesliga,2025-2026
8405,Immanuel Pherai,6,19,0,0.0289674550294876,0,0.0,1,0,0,1,S,Hamburger SV,0,0.0289674550294876,0.1531147733330726,0.1531147733330726,Bundesliga,2025-2026
8665,Loic Bade,23,1655,0,1.2505972078070045,0,0.1378594860434532,12,2,5,0,D S,Bayer Leverkusen,0,1.2505972078070045,10.064088642597198,9.906061917543411,Bundesliga,2025-2026
8700,Xavi Simons,1,90,0,0.0,0,0.029227266088128,0,1,0,0,M,RasenBallsport Leipzig,0,0.0,0.2565662562847137,0.2565662562847137,Bundesliga,2025-2026
8804,Felix Agu,11,757,0,0.0819280599243938,0,0.4471510555595159,2,7,1,0,D M S,Werder Bremen,0,0.0819280599243938,1.301962075755,1.035733675584197,Bundesliga,2025-2026
8826,Rocco Reitz,31,2669,0,2.6513977786526084,4,3.992779002524912,47,28,8,1,M,Borussia M.Gladbach,0,2.6513977786526084,13.191347749903798,8.105832872912288,Bundesliga,2025-2026
8854,Tim Siersleben,15,1085,0,0.6296908538788557,0,0.1155702322721481,5,2,2,0,D S,FC Heidenheim,0,0.6296908538788557,1.3642809763550758,1.074270966462791,Bundesliga,2025-2026
8878,Atakan Karazor,28,1906,0,1.0594271700829268,1,1.621204137802124,7,13,5,1,M S,VfB Stuttgart,0,1.0594271700829268,11.42892475426197,8.954623859375715,Bundesliga,2025-2026
8973,Lorenz Assignon,24,1091,0,0.6752535561099648,0,1.0527520487084985,12,10,3,1,D S,VfB Stuttgart,0,0.6752535561099648,5.320500722154975,4.25156906992197,Bundesliga,2025-2026
9015,Cenk Özkacar,25,1786,0,1.0993556138128042,0,0.2053632773458957,11,5,2,0,D S,FC Cologne,0,1.0993556138128042,4.010641107335687,3.955500142648816,Bundesliga,2025-2026
9182,Sepe Elye Wahi,10,309,0,1.0327077973634005,1,0.5964227598160505,7,4,1,0,F S,Eintracht Frankfurt,0,1.0327077973634005,1.7842910178005695,0.2781498059630394,Bundesliga,2025-2026
9491,Warmed Omari,20,1606,0,0.0689202584326267,1,0.4060542713850736,3,8,0,0,D S,Hamburger SV,0,0.0689202584326267,2.701174132525921,2.4303623382002115,Bundesliga,2025-2026
9537,William Mikelbrencis,26,1384,0,1.4683683505281806,4,2.816693114116788,12,16,3,0,D M S,Hamburger SV,0,1.4683683505281806,4.9622572138905525,0.8413018770515919,Bundesliga,2025-2026
9629,El Chadaille Bitshiabu,11,661,0,0.1294711865484714,0,0.0567568056285381,2,2,0,0,D S,RasenBallsport Leipzig,0,0.1294711865484714,3.4552890360355377,3.4552890360355377,Bundesliga,2025-2026
9692,Karl Hein,2,180,0,0.0,0,0.0,0,0,0,0,GK,Werder Bremen,0,0.0,0.270400308072567,0.270400308072567,Bundesliga,2025-2026
9703,Maxim Leitsch,3,158,0,0.0245072413235902,0,0.0,1,0,0,0,D S,Mainz 05,0,0.0245072413235902,0.3597921729087829,0.3597921729087829,Bundesliga,2025-2026
9731,Guilherme Ramos,8,31,0,0.1210436820983886,0,0.0,1,0,0,0,S,Hamburger SV,0,0.1210436820983886,0.1867151726037264,0.1867151726037264,Bundesliga,2025-2026
9752,Jesper Lindstrom,13,362,0,0.9394969940185548,0,0.7942945100367069,9,4,2,0,M S,Wolfsburg,0,0.9394969940185548,1.9680058527737856,0.7649932485073805,Bundesliga,2025-2026
9753,Diant Ramaj,31,2790,0,0.0,1,0.3030021786689758,0,1,2,0,GK,FC Heidenheim,0,0.0,4.836176889017224,4.533174702897668,Bundesliga,2025-2026
9766,Ismaël Gharbi,6,71,0,0.2259623706340789,0,0.0321240313351154,3,1,0,0,S,Augsburg,0,0.2259623706340789,0.1278797946870327,0.0604740791022777,Bundesliga,2025-2026
9776,Taichi Hara,4,23,0,0.2931467592716217,0,0.0,1,0,0,0,S,St. Pauli,0,0.2931467592716217,0.2931467592716217,0.0,Bundesliga,2025-2026
9786,Ben Bobzien,1,3,0,0.0,0,0.0,0,0,0,0,S,Mainz 05,0,0.0,0.2946255207061767,0.2946255207061767,Bundesliga,2025-2026
9861,Jonas Urbig,14,1100,0,0.0,0,0.1030491515994072,0,1,0,0,GK S,Bayern Munich,0,0.0,5.324276648461819,5.324276648461819,Bundesliga,2025-2026
9911,Piero Hincapié,1,90,0,0.5172572731971741,0,0.0,2,0,0,0,D,Bayer Leverkusen,0,0.5172572731971741,0.1158374845981597,0.056226696819067,Bundesliga,2025-2026
9916,Finley Stevens,1,25,0,0.0,0,0.0,0,0,0,0,S,St. Pauli,0,0.0,0.0418283976614475,0.0418283976614475,Bundesliga,2025-2026
10071,Lennard Maloney,21,444,0,0.5511733032763004,0,0.0430457219481468,5,1,1,0,D M S,Mainz 05,0,0.5511733032763004,0.2704647099599242,0.2606308832764625,Bundesliga,2025-2026
10160,Noah Atubolu,34,3060,0,0.0,0,0.3416177351027727,0,3,1,0,GK,Freiburg,0,0.0,5.907610785216093,5.56599305011332,Bundesliga,2025-2026
10300,Jeanuël Belocian,22,1543,0,0.4228645600378513,1,0.4648522362112999,4,4,3,0,D S,"Bayer Leverkusen,Wolfsburg",0,0.4228645600378513,4.143129628151655,3.372005421668291,Bundesliga,2025-2026
10395,Kevin Paredes,6,151,0,0.0639815423637628,0,0.0430809929966926,2,1,1,0,M S,Wolfsburg,0,0.0639815423637628,0.6420955136418343,0.535032982006669,Bundesliga,2025-2026
10423,Lasse Rieß,4,290,0,0.0,0,0.0,0,0,0,0,GK S,Mainz 05,0,0.0,0.0500621423125267,0.0500621423125267,Bundesliga,2025-2026
10595,Umut Tohumcu,5,120,0,0.0893327984958887,0,0.0,2,0,2,0,M S,Hoffenheim,0,0.0893327984958887,0.231160482391715,0.2098498176783323,Bundesliga,2025-2026
10724,Diogo Leite,23,1998,0,0.7947779260575771,0,0.4625474046915769,10,9,4,0,D,Union Berlin,0,0.7947779260575771,4.022552821785212,3.751455467194319,Bundesliga,2025-2026
10730,Muhammed Damar,15,243,0,1.7655513063073158,0,1.013223455287516,12,12,0,0,F M S,Hoffenheim,0,1.7655513063073158,3.105889745056629,0.7359195481985807,Bundesliga,2025-2026
10771,Ben Seghir,10,229,0,0.0945551376789808,0,1.20674866437912,5,5,2,0,M S,Bayer Leverkusen,0,0.0945551376789808,1.474426168948412,0.2767635583877563,Bundesliga,2025-2026
10774,Adam Hlozek,5,30,0,1.1858347058296204,0,0.0,3,0,0,0,S,Hoffenheim,0,1.1858347058296204,1.2055274061858654,0.019692700356245,Bundesliga,2025-2026
10832,Loïs Openda,2,54,0,0.1550452373921871,0,0.0519096367061138,3,1,0,0,F S,RasenBallsport Leipzig,0,0.1550452373921871,0.5808013305068016,0.5808013305068016,Bundesliga,2025-2026
10862,Tim Oermann,2,12,0,0.0,0,0.0605628974735736,0,1,0,0,S,Bayer Leverkusen,0,0.0,0.0,0.0,Bundesliga,2025-2026
10872,Vinicius Souza,24,1794,0,0.7309565888717771,0,0.7795633533969522,9,8,5,0,M S,Wolfsburg,0,0.7309565888717771,5.024353690445423,4.415433967486024,Bundesliga,2025-2026
11031,Kilian Fischer,11,801,0,0.0871237516403198,0,0.4677412435412407,2,3,0,0,D S,Wolfsburg,0,0.0871237516403198,1.9711496345698836,1.804927940480411,Bundesliga,2025-2026
11062,Badredine Bouanani,14,451,0,1.0744991190731523,0,0.5685664489865303,16,5,1,0,F M S,VfB Stuttgart,0,1.0744991190731523,4.118053063750267,2.8789315968751907,Bundesliga,2025-2026
11073,Fabio Chiarodia,15,669,0,0.9675312228500844,0,0.0137004479765892,4,1,1,0,D S,Borussia M.Gladbach,0,0.9675312228500844,1.9361455738544464,1.8917616251856089,Bundesliga,2025-2026
11074,Denis Huseinbasic,15,726,0,0.2053355174139142,0,0.2871539294719696,6,4,1,0,M S,FC Cologne,0,0.2053355174139142,1.7169383829459548,1.3208936033770442,Bundesliga,2025-2026
11143,Nelson Weiper,24,486,0,2.777646102011204,0,0.3957122415304184,13,7,0,0,F S,Mainz 05,0,2.777646102011204,1.864802185446024,0.2630641795694828,Bundesliga,2025-2026
11157,Sael Kumbedi,24,1825,0,0.4646370662376284,5,3.120423424988985,5,18,2,0,D M S,Wolfsburg,0,0.4646370662376284,6.11135661881417,4.07589796371758,Bundesliga,2025-2026
11236,Aljoscha Kemlein,30,1984,0,1.4002653919160366,2,1.5705977864563463,17,14,4,0,M S,Union Berlin,0,1.4002653919160366,6.956056768074632,5.00193196348846,Bundesliga,2025-2026
11309,Andreas Hanche-Olsen,13,843,0,0.2357495911419391,1,0.709290836006403,6,3,3,0,D S,Mainz 05,0,0.2357495911419391,2.0370114482939243,1.2583506405353546,Bundesliga,2025-2026
11311,Aurélio Buta,4,131,0,0.0293444767594337,0,0.0767484679818153,1,1,1,0,D S,Eintracht Frankfurt,0,0.0293444767594337,0.2225238606333732,0.1457753926515579,Bundesliga,2025-2026
11331,Merlin Röhl,2,52,0,0.0,0,0.0,0,0,0,0,S,Freiburg,0,0.0,0.5478483885526657,0.5478483885526657,Bundesliga,2025-2026
11411,Damion Downs,12,534,0,0.4918728657066822,0,0.7069971961900592,7,7,0,0,F S,Hamburger SV,0,0.4918728657066822,1.3340397626161575,0.1351697221398353,Bundesliga,2025-2026
11699,Ameen Al Dakhil,8,368,0,0.062562808394432,0,0.0814990736544132,1,2,1,0,D S,VfB Stuttgart,0,0.062562808394432,0.7323282063007355,0.717394694685936,Bundesliga,2025-2026
11835,Senne Lynen,31,2766,0,1.0010085487738252,0,1.2373423893004656,25,14,4,0,D M,Werder Bremen,0,1.0010085487738252,9.094095415435731,7.418055593036115,Bundesliga,2025-2026
11850,Cédric Zesiger,27,1798,0,1.7500400636345148,0,0.5558719579130411,12,9,5,0,D S,Augsburg,0,1.7500400636345148,4.428809206932783,3.970293586142361,Bundesliga,2025-2026
11851,Václav Cerny,2,40,0,0.07103131711483,0,0.0,1,0,0,0,S,Wolfsburg,0,0.07103131711483,0.0934526398777961,0.0224213246256113,Bundesliga,2025-2026
11859,Omar Traoré,26,1506,0,0.5020455876365304,2,1.4571367260068655,10,13,2,0,D S,FC Heidenheim,0,0.5020455876365304,3.855576592497528,3.29358384013176,Bundesliga,2025-2026
11864,Benedikt Gimber,21,1467,0,0.4965052902698517,0,0.2124537825584411,4,1,6,0,D S,FC Heidenheim,0,0.4965052902698517,2.2927268696948886,2.2330755470320582,Bundesliga,2025-2026
11867,Victor Boniface,11,309,0,0.908873425796628,2,1.0533378049731257,16,7,1,0,F S,Werder Bremen,0,0.908873425796628,2.354151902720332,0.713976114988327,Bundesliga,2025-2026
11871,Nicolas Seiwald,33,2730,0,1.818481955677271,2,1.8090799655765293,20,15,2,0,D M S,RasenBallsport Leipzig,0,1.818481955677271,16.26779694482684,14.033266069367528,Bundesliga,2025-2026
11892,Leart Paqarada,1,6,0,0.0,0,0.0,0,0,0,0,D,FC Heidenheim,0,0.0,0.0,0.0,Bundesliga,2025-2026
11975,Leonidas Stergiou,6,194,0,0.0463435985147953,0,0.0,1,0,0,0,D S,"FC Heidenheim,VfB Stuttgart",0,0.0463435985147953,0.4933373257517814,0.4469937309622764,Bundesliga,2025-2026
11991,Lukas Ullrich,23,1301,0,0.7565966881811619,0,0.9062265641987324,10,14,2,0,D M S,Borussia M.Gladbach,0,0.7565966881811619,5.585675872862339,4.3064204677939415,Bundesliga,2025-2026
12013,Skelly Alvero,2,23,0,0.0,0,0.0,0,0,0,0,S,Werder Bremen,0,0.0,0.0728349313139915,0.0728349313139915,Bundesliga,2025-2026
12023,Thomas Keller,4,193,0,0.054272930137813,0,0.0,2,0,1,0,D S,FC Heidenheim,0,0.054272930137813,0.123614870943129,0.1129664648324251,Bundesliga,2025-2026
12029,Daniel Batz,21,1890,0,0.0,0,0.0,0,0,2,0,GK,Mainz 05,0,0.0,3.298780217766762,3.298780217766762,Bundesliga,2025-2026
12070,Jordy Makengo,20,1160,0,0.0,1,0.7270807102322578,0,5,1,0,D S,Freiburg,0,0.0,3.012997498735785,2.975373087450862,Bundesliga,2025-2026
12075,Kauã Santos,13,1084,0,0.0,0,0.0,0,0,0,0,GK,Eintracht Frankfurt,0,0.0,2.191868357360363,2.191868357360363,Bundesliga,2025-2026
12250,Elias Baum,5,64,0,0.0,0,0.022907193750143,0,1,0,0,S,Eintracht Frankfurt,0,0.0,0.193947222083807,0.1710400320589542,Bundesliga,2025-2026
12314,Yannick Eduardo,1,1,0,0.0,0,0.0,0,0,0,0,S,Hoffenheim,0,0.0,0.0,0.0,Bundesliga,2025-2026
12360,Julián Malatini,11,508,0,0.0284452866762876,0,0.1550656594336033,2,2,3,0,D S,Werder Bremen,0,0.0284452866762876,1.295384829863906,1.235657211393118,Bundesliga,2025-2026
12431,Isak Hansen-Aaröen,1,1,0,0.0,0,0.0,0,0,0,0,S,Werder Bremen,0,0.0,0.0,0.0,Bundesliga,2025-2026
12494,Frank Feller,3,270,0,0.0,0,0.0,0,0,0,0,GK,FC Heidenheim,0,0.0,0.5666816979646683,0.5666816979646683,Bundesliga,2025-2026
12626,Max Rosenfelder,12,476,0,0.0172707736492156,0,0.0,1,0,0,0,D S,Freiburg,0,0.0172707736492156,0.7206106707453728,0.7206106707453728,Bundesliga,2025-2026
12761,Yukinari Sugawara,31,2444,0,1.6741932658478618,6,2.4432157278060918,30,20,2,1,D S,Werder Bremen,0,1.6741932658478618,8.13111265283078,5.448099664412439,Bundesliga,2025-2026
12775,Kosta Nedeljkovic,5,251,0,0.0,0,0.0,0,0,0,0,D S,RasenBallsport Leipzig,0,0.0,0.3027626611292362,0.3027626611292362,Bundesliga,2025-2026
12919,Nikolas Veratschnig,21,614,0,0.147859844379127,1,1.0244743488729,4,4,3,0,D M S,Mainz 05,0,0.147859844379127,1.3057616231963038,0.501030370593071,Bundesliga,2025-2026
12925,Mio Backhaus,32,2880,0,0.0,0,0.0,0,0,1,0,GK,Werder Bremen,0,0.0,3.336742208339274,3.336742208339274,Bundesliga,2025-2026
12926,Bruno Ogbus,18,1180,0,0.7863243324682117,0,0.0279476325958967,5,1,1,0,D S,Freiburg,0,0.7863243324682117,3.66468408331275,3.310525771230459,Bundesliga,2025-2026
12927,Ramon Hendriks,31,2011,0,0.2131752036511898,3,0.5864755865186453,5,6,3,0,D S,VfB Stuttgart,0,0.2131752036511898,9.381356485188007,9.077877201139929,Bundesliga,2025-2026
12937,Nicolai Remberg,32,2880,0,1.0534912925213575,2,2.1542654521763325,17,13,11,0,D M,Hamburger SV,0,1.0534912925213575,9.058403618633749,7.185781825333834,Bundesliga,2025-2026
12942,Maarten Vandevoordt,12,1052,0,0.0,0,0.0,0,0,0,0,GK S,RasenBallsport Leipzig,0,0.0,3.504514906555414,3.504514906555414,Bundesliga,2025-2026
12955,Aurèle Amenda,24,1664,0,1.009096633642912,0,0.3360993862152099,10,6,5,0,D S,Eintracht Frankfurt,0,1.009096633642912,5.7146389447152615,5.516352321952581,Bundesliga,2025-2026
12964,Kamil Grabara,34,3060,0,0.0364092700183391,0,0.0404902063310146,1,3,1,0,GK,Wolfsburg,0,0.0364092700183391,4.599022266454995,4.5585320591926575,Bundesliga,2025-2026
12965,Bence Dárdai,1,31,0,0.0,0,0.0124272247776389,0,1,0,0,S,Wolfsburg,0,0.0,0.0124272247776389,0.0,Bundesliga,2025-2026
12973,Nikola Vasilj,34,3060,0,0.0,0,0.0,0,0,0,0,GK,St. Pauli,0,0.0,2.8116685058921576,2.8116685058921576,Bundesliga,2025-2026
12977,Lars Ritzka,21,974,0,0.225738238543272,0,0.8755739834159613,4,6,1,0,D M S,St. Pauli,0,0.225738238543272,1.4658792736008763,0.7808276889845729,Bundesliga,2025-2026
12978,Jackson Irvine,24,1617,0,1.6277177091687918,1,0.908556679263711,19,11,0,1,M S,St. Pauli,0,1.6277177091687918,4.692420791834593,2.735986944288016,Bundesliga,2025-2026
12979,Connor Metcalfe,25,536,0,0.7382826870307326,2,1.1607451755553484,16,9,2,0,F M S,St. Pauli,0,0.7382826870307326,1.9794561108574271,0.7128131743520498,Bundesliga,2025-2026
12980,Elias Saad,10,518,0,0.3716530837118625,0,0.6210179030895233,6,12,1,0,F M S,Augsburg,0,0.3716530837118625,1.412656469270587,0.5558570027351379,Bundesliga,2025-2026
12982,Oladapo Afolayan,7,135,0,0.526158856227994,0,0.0837487746030092,4,2,1,0,M S,St. Pauli,0,0.526158856227994,0.7736875526607037,0.1637799143791198,Bundesliga,2025-2026
13017,Filippo Mané,4,142,0,0.0,0,0.0,0,0,0,1,D S,Borussia Dortmund,0,0.0,0.6807209551334381,0.6807209551334381,Bundesliga,2025-2026
13056,Almugera Kabar,1,14,0,0.048916608095169,0,0.0,1,0,0,0,S,Borussia Dortmund,0,0.048916608095169,0.048916608095169,0.0,Bundesliga,2025-2026
13131,Cole Campbell,6,64,0,0.1899189911782741,0,0.2815333306789398,2,3,0,0,S,"Borussia Dortmund,Hoffenheim",0,0.1899189911782741,1.1457072533667088,0.7706655748188496,Bundesliga,2025-2026
13185,Jahmai Simpson-Pusey,11,863,0,0.305854395031929,0,0.0993250086903572,6,2,2,1,D S,FC Cologne,0,0.305854395031929,1.997569991275668,1.8982449751347303,Bundesliga,2025-2026
13215,Axel Tape,6,214,0,0.1425793543457985,0,0.0,3,0,1,0,D S,Bayer Leverkusen,0,0.1425793543457985,0.692778505384922,0.5725748687982559,Bundesliga,2025-2026
13262,Jonah Kusi-Asare,1,1,0,0.0,0,0.0,0,0,0,0,S,Bayern Munich,0,0.0,0.0,0.0,Bundesliga,2025-2026
13292,Carl Klaus,4,330,0,0.0,0,0.0,0,0,0,0,GK S,Union Berlin,0,0.0,0.5431037116795778,0.5431037116795778,Bundesliga,2025-2026
13416,Luka Djuric,1,5,0,0.0,0,0.0,0,0,0,0,S,Hoffenheim,0,0.0,0.0583806261420249,0.0583806261420249,Bundesliga,2025-2026
13421,Wisdom Mike,4,18,0,0.1048471331596374,0,0.0,2,0,0,0,S,Bayern Munich,0,0.1048471331596374,0.3597072288393974,0.25486009567976,Bundesliga,2025-2026
13422,Mick Schmetgens,2,34,0,0.0,0,0.0,0,0,0,0,S,Werder Bremen,0,0.0,0.2390525937080383,0.2390525937080383,Bundesliga,2025-2026
13425,Luca Jaquez,14,893,0,0.1529901893809437,1,0.4413405451923609,4,5,1,0,D S,VfB Stuttgart,0,0.1529901893809437,3.8481910564005375,3.353291839361191,Bundesliga,2025-2026
13426,Finn Jeltsch,23,1501,0,0.1950984485447406,1,0.1018767990171909,3,5,3,0,D S,VfB Stuttgart,0,0.1950984485447406,5.332050487399101,5.174723267555237,Bundesliga,2025-2026
13505,Alejo Sarco,6,107,0,0.4211624972522259,0,0.2505437489598989,4,2,0,0,S,"Bayer Leverkusen,Borussia M.Gladbach",0,0.4211624972522259,0.9105963241308928,0.2895685136318207,Bundesliga,2025-2026
13621,Charles Herrmann,1,1,0,0.0,1,0.3786399960517883,0,1,0,0,S,Borussia M.Gladbach,0,0.0,0.0,0.0,Bundesliga,2025-2026
13634,Jan Bürger,7,247,0,0.0601265747100114,0,0.1284901462495327,2,2,0,0,D S,Wolfsburg,0,0.0601265747100114,1.0541414730250835,0.9940148964524268,Bundesliga,2025-2026
13649,Claudio Echeverri,6,112,0,0.113501064479351,0,0.040528729557991,1,1,0,0,M S,Bayer Leverkusen,0,0.113501064479351,0.2705470249056816,0.1570459604263305,Bundesliga,2025-2026
13714,Jenson Seelt,9,681,0,0.1075635813176631,0,0.0,2,0,0,0,D S,Wolfsburg,0,0.1075635813176631,1.855355310253799,1.855355310253799,Bundesliga,2025-2026
13851,Ezechiel Banzuzi,24,521,0,1.248297218233347,1,0.353797547519207,15,7,3,0,M S,RasenBallsport Leipzig,0,1.248297218233347,3.044343562796712,1.8351374585181477,Bundesliga,2025-2026
13859,Koki Machida,1,45,0,0.0,0,0.0,0,0,1,0,D,Hoffenheim,0,0.0,0.0450697056949138,0.0450697056949138,Bundesliga,2025-2026
13861,Leon Avdullahu,33,2860,0,0.5229936568066478,1,1.3252581506967545,14,22,5,0,M S,Hoffenheim,0,0.5229936568066478,13.051670419052243,11.703141951933503,Bundesliga,2025-2026
13863,Yannik Wagner,4,31,0,0.0242794156074523,0,0.2785300724208355,1,3,0,0,S,FC Heidenheim,0,0.0242794156074523,0.265305258333683,0.0799528881907463,Bundesliga,2025-2026
13864,Cyriaque Irié,10,331,0,0.6037380173802376,0,0.1298124156892299,7,4,3,0,M S,Freiburg,0,0.6037380173802376,1.3675258830189705,0.7877949215471745,Bundesliga,2025-2026
13867,Matheo Raab,1,90,0,0.0,0,0.0,0,0,0,0,GK,Union Berlin,0,0.0,0.0,0.0,Bundesliga,2025-2026
13868,Lazar Jovanovic,3,23,0,0.0999414473772049,0,0.0953161157667636,1,2,0,0,S,VfB Stuttgart,0,0.0999414473772049,0.1952575594186782,0.0,Bundesliga,2025-2026
13882,Arkadiusz Pyrka,31,2596,0,1.008908435702324,1,2.223026978783309,19,24,3,0,D M S,St. Pauli,0,1.008908435702324,8.325334949418902,6.6152997855097055,Bundesliga,2025-2026
13887,Jobe Bellingham,32,1779,0,0.9893369525671004,1,0.7723528351634741,19,9,2,1,M S,Borussia Dortmund,0,0.9893369525671004,9.601684469729662,8.472049668431282,Bundesliga,2025-2026
13907,Joël Schmied,16,1090,0,0.2212208164855837,0,0.1458053737878799,4,2,5,0,D S,FC Cologne,0,0.2212208164855837,2.9376384019851685,2.8404782209545374,Bundesliga,2025-2026
13908,Sebastian Sebulonsen,31,2519,0,1.4893776644021273,0,2.7618500273674726,31,21,5,0,D S,FC Cologne,0,1.4893776644021273,11.2205195389688,8.312318425625563,Bundesliga,2025-2026
13909,Kristoffer Lund,33,2319,0,0.631946531124413,2,1.743918489664793,20,20,2,0,D M S,FC Cologne,0,0.631946531124413,8.249548189342022,6.765429270453751,Bundesliga,2025-2026
13912,Jusuf Gazibegovic,1,17,0,0.0,0,0.0,0,0,0,0,S,FC Cologne,0,0.0,0.044752363115549,0.044752363115549,Bundesliga,2025-2026
13913,Rav van den Berg,14,1138,0,0.107068583369255,1,0.4956986010074615,1,1,0,1,D S,FC Cologne,0,0.107068583369255,2.7127026673406363,2.7127026673406363,Bundesliga,2025-2026
13920,Daniel Elfadli,21,1257,0,0.6049705110490322,0,0.1704634763300418,4,2,4,1,D S,Hamburger SV,0,0.6049705110490322,1.874638892710209,1.6594158932566645,Bundesliga,2025-2026
13921,Giorgi Gocholeishvili,24,909,0,0.9827461671084166,1,0.6386436335742474,14,9,1,1,D S,Hamburger SV,0,0.9827461671084166,3.0658979546278715,1.6764663234353063,Bundesliga,2025-2026
13922,Miro Muheim,29,2443,0,1.3705227468162775,4,3.492499830201268,24,40,7,1,D M S,Hamburger SV,0,1.3705227468162775,6.304988786578178,4.909944733604789,Bundesliga,2025-2026
13924,Emir Sahiti,2,124,0,0.0,0,0.0135703915730118,0,1,0,0,F,Hamburger SV,0,0.0,0.0135703915730118,0.0,Bundesliga,2025-2026
13926,Alexander Røssing-Lelesiit,11,319,0,0.0890325643122196,1,0.7265190482139587,2,5,1,1,F M S,Hamburger SV,0,0.0890325643122196,0.8746454827487469,0.0590938683599233,Bundesliga,2025-2026
13927,Aboubaka Soumahoro,4,140,0,0.0,0,0.0205673892050981,0,1,1,0,D S,Hamburger SV,0,0.0,0.0691862553358078,0.0691862553358078,Bundesliga,2025-2026
13928,Otto Stange,10,275,0,0.6612029634416103,0,0.1039289310574531,9,1,0,0,F S,Hamburger SV,0,0.6612029634416103,0.7412202656269073,0.1597113646566867,Bundesliga,2025-2026
13972,Andrija Maksimovic,8,77,0,0.0663988795131445,0,0.3666895739734173,2,3,0,0,S,RasenBallsport Leipzig,0,0.0663988795131445,0.4284807443618774,0.4025103766471147,Bundesliga,2025-2026
13981,Aiman Dardari,3,21,0,0.0560666285455226,0,0.0,1,0,1,0,S,Augsburg,0,0.0560666285455226,0.0560666285455226,0.0,Bundesliga,2025-2026
13995,Sota Kawasaki,10,295,0,0.04572444409132,0,0.0,1,0,1,0,D M S,Mainz 05,0,0.04572444409132,0.2289929389953613,0.1832684949040413,Bundesliga,2025-2026
14008,Ezequiél Fernández,20,1009,0,0.534800324589014,1,0.7951555736362934,11,8,2,1,M S,Bayer Leverkusen,0,0.534800324589014,7.950819112360477,7.362088220193982,Bundesliga,2025-2026
14022,William Bøving,9,206,0,0.0132987955585122,1,0.5447267256677151,1,4,1,0,M S,Mainz 05,0,0.0132987955585122,0.3725819587707519,0.3725819587707519,Bundesliga,2025-2026
14071,Cassiano Kiala,1,1,0,0.0,0,0.0,0,0,0,0,S,Bayern Munich,0,0.0,0.4981572926044464,0.4981572926044464,Bundesliga,2025-2026
14096,Tobias Weigel,1,1,0,0.0,0,0.0,0,0,0,0,S,FC Heidenheim,0,0.0,0.0353274457156658,0.0353274457156658,Bundesliga,2025-2026
14109,Dmytro Bogdanov,2,2,0,0.5116710662841797,0,0.0,3,0,0,0,S,Union Berlin,0,0.5116710662841797,0.4415141642093658,0.0,Bundesliga,2025-2026
14121,Jan Urbich,3,28,0,0.0,0,0.0271963588893413,0,1,0,0,S,Borussia M.Gladbach,0,0.0,0.1319699585437774,0.1047735959291458,Bundesliga,2025-2026
14130,David Santos,2,25,0,0.0303500760346651,0,0.0,1,0,0,0,S,Bayern Munich,0,0.0303500760346651,1.1598855257034302,1.1598855257034302,Bundesliga,2025-2026
14164,Fabio Moreno Fell,2,80,0,0.0517515055835247,0,0.0,1,0,0,0,F S,Mainz 05,0,0.0517515055835247,0.0,0.0,Bundesliga,2025-2026
14174,Pharell Hensel,5,68,0,0.0186023861169815,0,0.0,1,0,0,0,M S,Wolfsburg,0,0.0186023861169815,0.0186023861169815,0.0,Bundesliga,2025-2026
14223,Samba Konate,1,1,0,0.0413617305457592,0,0.0,1,0,0,0,S,RasenBallsport Leipzig,0,0.0413617305457592,0.0,0.0,Bundesliga,2025-2026
14237,Cenny Neumann,2,74,0,0.0,0,0.0,0,0,0,0,D S,FC Cologne,0,0.0,0.8872855305671692,0.8872855305671692,Bundesliga,2025-2026
14252,Tim Schnitzer,1,1,0,0.0,0,0.0,0,0,0,0,S,Augsburg,0,0.0,0.0,0.0,Bundesliga,2025-2026
14253,Fynn Schenten,7,86,0,0.0301627833396196,0,0.361863225698471,1,1,0,0,F S,FC Cologne,0,0.0301627833396196,0.3920260090380907,0.361863225698471,Bundesliga,2025-2026
14267,Felipe Chávez,9,88,0,0.2693987935781479,0,0.1114266514778137,6,1,0,0,S,"Bayern Munich,FC Cologne",0,0.2693987935781479,0.5579832904040813,0.3327908180654049,Bundesliga,2025-2026
14269,Deniz Ofli,1,2,0,0.0,0,0.0,0,0,0,0,S,Bayern Munich,0,0.0,0.0,0.0,Bundesliga,2025-2026
14279,Kota Takai,8,329,0,0.4108753725886345,0,0.03324531391263,3,2,1,0,D S,Borussia M.Gladbach,0,0.4108753725886345,1.190738558769226,0.8015755638480186,Bundesliga,2025-2026
14337,Youssoupha Niang,10,179,0,0.3172231260687113,0,0.183741956949234,5,3,0,0,M S,FC Cologne,0,0.3172231260687113,0.5464278757572174,0.0647930428385734,Bundesliga,2025-2026
14338,Jeremy Arévalo,7,21,0,0.1582863703370094,1,0.0620802752673625,3,1,0,0,S,VfB Stuttgart,0,0.1582863703370094,0.349437266588211,0.1290706247091293,Bundesliga,2025-2026
14345,Tomoya Ando,15,1263,0,0.5493685305118561,1,1.295797783881426,8,6,3,0,D S,St. Pauli,0,0.5493685305118561,3.70635798573494,3.663719467818737,Bundesliga,2025-2026
14368,Sander Tangvik,1,90,0,0.0,0,0.0,0,0,0,0,GK,Hamburger SV,0,0.0,0.0531585700809955,0.0531585700809955,Bundesliga,2025-2026
14390,Mathias Rasmussen,13,692,0,0.7939996533095837,0,0.26394072920084,6,5,0,0,M S,St. Pauli,0,0.7939996533095837,2.191186435520649,1.7720584273338318,Bundesliga,2025-2026
14398,Louis Lemke,1,1,0,0.0,0,0.0,0,0,0,0,S,Hamburger SV,0,0.0,0.0,0.0,Bundesliga,2025-2026
14415,Love Arrhov,5,58,0,0.0,0,0.0852611809968948,0,1,1,0,M S,Eintracht Frankfurt,0,0.0,0.0852611809968948,0.0,Bundesliga,2025-2026
14419,Jonas Adjetey,4,134,0,0.0873863417655229,0,0.0,3,0,1,0,D S,Wolfsburg,0,0.0873863417655229,0.2091567032039165,0.1757383421063423,Bundesliga,2025-2026
14422,Mathis Albert,1,1,0,0.0,0,0.0,0,0,0,0,S,Borussia Dortmund,0,0.0,0.0272418428212404,0.0272418428212404,Bundesliga,2025-2026
14451,Christian Conteh,9,398,0,0.1334600299596786,0,1.375052973628044,3,7,0,0,F M S,FC Heidenheim,0,0.1334600299596786,2.305172055959701,0.796659043058753,Bundesliga,2025-2026
14455,Uchenna Ogundu,5,33,0,0.1586935222148895,0,0.0,3,0,0,0,S,Augsburg,0,0.1586935222148895,0.2753217816352844,0.1592796854674816,Bundesliga,2025-2026
14461,Rouven Tarnutzer,1,4,0,0.0,0,0.0,0,0,0,0,S,Freiburg,0,0.0,0.0,0.0,Bundesliga,2025-2026
14505,Maycon Douglas Cardozo,2,31,0,0.0,0,0.0,0,0,0,0,S,Bayern Munich,0,0.0,0.6299315690994263,0.6299315690994263,Bundesliga,2025-2026
14542,Erblin Osmani,1,2,0,0.0,0,0.0,0,0,0,0,S,Bayern Munich,0,0.0,0.0,0.0,Bundesliga,2025-2026
14551,Shafiq Nandja,2,12,0,0.0,0,0.0,0,0,0,0,S,Hamburger SV,0,0.0,0.0,0.0,Bundesliga,2025-2026
14567,Linus Güther,1,4,0,0.0,0,0.0,0,0,1,0,S,Union Berlin,0,0.0,0.0,0.0,Bundesliga,2025-2026
14569,Bara Sapoko Ndiaye,4,146,0,0.0,0,0.0,0,0,0,0,M S,Bayern Munich,0,0.0,0.4601020887494087,0.4601020887494087,Bundesliga,2025-2026
12850,Esteban Lepaul,34,2761,21,15.734724316745996,5,3.3852440919727087,87,23,3,0,F S,"Angers,Rennes",18,12.694475065916777,17.0145684145391,4.0013463869690895,Ligue 1,2025-2026
7490,Mason Greenwood,32,2503,16,14.337145529687405,7,7.642338250763714,116,56,3,0,F M S,Marseille,10,8.256384439766407,23.296432835049927,12.582058395259082,Ligue 1,2025-2026
12413,Joaquín Panichelli,27,2202,16,14.715991329401731,1,2.9524750281125307,58,21,3,0,F M S,Strasbourg,11,10.155420538038015,14.645621437579392,3.873768337070942,Ligue 1,2025-2026
9690,Folarin Balogun,30,2281,13,14.09382818453014,4,4.190360508859158,77,24,4,1,F S,Monaco,10,11.813542751595378,15.975783936679363,1.964771009981632,Ligue 1,2025-2026
3697,Odsonne Edouard,29,1879,12,13.342069167643784,3,2.0989868957549334,60,20,1,0,F S,Lens,11,12.581974048167467,15.112782396376131,3.2517467588186264,Ligue 1,2025-2026
3799,Wesley Said,29,2061,12,12.056348741054537,2,5.918922264128923,60,27,2,0,M S,Lens,11,11.296253591775894,20.721070244908333,7.559701979160309,Ligue 1,2025-2026
10815,Lassine Sinayoko,32,2811,12,13.613020814955236,4,4.946237799711525,93,40,8,0,F M,Auxerre,9,10.57264032587409,15.242396891117096,3.0789404874667525,Ligue 1,2025-2026
942,Florian Thauvin,33,2510,11,12.10416847653687,6,9.864261759445071,74,80,6,0,M S,Lens,9,9.82388306595385,25.550733275711536,11.329093262553217,Ligue 1,2025-2026
3603,Corentin Tolisso,30,2319,11,10.556918144226074,4,4.521071578375995,54,33,4,0,F M S,Lyon,9,8.27663278579712,19.739002807065845,10.05990707874298,Ligue 1,2025-2026
7967,Anssumane Fati,25,1058,11,11.288535937666891,0,1.9022937566041944,43,15,1,0,F M S,Monaco,8,8.248155388981104,12.93921096622944,4.0356128960847855,Ligue 1,2025-2026
10016,Bradley Barcola,29,1778,11,11.655976854264736,1,4.783318970352411,66,38,2,0,F S,Paris Saint Germain,11,11.655976854264736,20.67596305720508,7.601958399638534,Ligue 1,2025-2026
318,Pierre-Emerick Aubameyang,30,2074,10,15.525875067338347,5,5.136944656725973,60,27,1,0,F M S,Marseille,10,15.525875067338347,20.571721328422427,3.708862965926528,Ligue 1,2025-2026
3226,Ousmane Dembélé,22,1050,10,6.604901619255543,7,5.207486420869827,45,41,0,0,F S,Paris Saint Germain,8,4.324616186320782,10.21094974130392,4.470038652420044,Ligue 1,2025-2026
9345,Ahmadou Bamba Dieng,22,1239,10,9.474379494786264,1,1.150337222032249,45,11,2,0,F S,Lorient,9,7.954189226031303,7.221809398382902,1.4927732981741428,Ligue 1,2025-2026
10347,Pablo Pagis,28,1799,10,7.786515640094876,5,4.751152578741312,59,43,1,0,F M S,Lorient,8,6.266325371339917,10.172008087858558,2.895855251699686,Ligue 1,2025-2026
11164,Martial Godo,28,1602,10,8.613017499446869,1,2.2593456469476223,41,22,2,0,M S,Strasbourg,10,8.613017499446869,15.288090150803328,5.07086955755949,Ligue 1,2025-2026
13735,Pavel Sulc,27,1562,10,8.200931411236525,3,3.44930923357606,44,22,3,0,F M S,Lyon,10,8.200931411236525,14.770196340978146,5.432968702167273,Ligue 1,2025-2026
3721,Romain Del Castillo,32,2686,9,8.386032570153475,3,6.569920150563121,34,55,2,1,F M,Brest,3,2.3052715435624123,12.779396329075098,6.169922332279384,Ligue 1,2025-2026
5356,Breel Embolo,31,1870,9,9.035452591255307,3,1.4657922452315688,41,15,2,0,F S,Rennes,9,9.035452591255307,11.81740845553577,3.815189575776458,Ligue 1,2025-2026
9656,Ilan Kebbal,29,2247,9,6.201891345903277,4,5.013933707028627,50,60,7,0,F M S,Paris FC,6,3.1615764759480958,13.746420331299303,7.55346611700952,Ligue 1,2025-2026
5727,Gauthier Hein,29,2355,8,7.256195746362209,7,4.457953127101064,44,58,1,1,F M S,Metz,3,3.4557200483977795,9.394331835210323,4.18543278798461,Ligue 1,2025-2026
6401,Amine Gouiri,22,1318,8,7.237069595605135,3,3.988559890538454,38,33,1,0,F M S,Marseille,8,7.237069595605135,11.248107068240644,2.8222608156502247,Ligue 1,2025-2026
6846,Sofiane Diop,33,2191,8,8.183862524107099,2,3.579524790868163,54,36,5,0,F M S,Nice,6,6.663672225549817,13.850084845907986,5.422367064282298,Ligue 1,2025-2026
6874,Yann Gboho,32,2709,8,5.64604014903307,4,4.147567499428988,58,57,1,1,F M S,Toulouse,8,5.64604014903307,13.230931421741843,5.129378456622362,Ligue 1,2025-2026
6905,Ludovic Ajorque,32,2834,8,9.856391444802284,9,3.817546840757132,55,41,9,1,F,Brest,8,9.856391444802284,16.418825870379806,5.105777461081743,Ligue 1,2025-2026
7453,Khvicha Kvaratskhelia,28,1477,8,7.978250507265329,4,5.74300504103303,65,34,1,0,F S,Paris Saint Germain,7,7.218155387789011,17.08897763863206,8.842163369059563,Ligue 1,2025-2026
11757,Hákon Haraldsson,32,2517,8,8.196693381294608,2,4.53067035600543,50,53,6,0,F M S,Lille,8,8.196693381294608,18.88669960573316,9.129945868626235,Ligue 1,2025-2026
11792,Issa Soumaré,34,2942,8,14.245313878171146,5,4.380414232611656,77,29,3,0,F M S,Le Havre,7,11.965028430335224,16.239788457751274,3.462058510631323,Ligue 1,2025-2026
13051,Matias Fernandez-Pardo,29,2408,8,11.11183587089181,5,4.855040938593447,68,36,5,0,F M S,Lille,6,9.591645512729883,16.976635068655014,6.166970239020884,Ligue 1,2025-2026
502,Olivier Giroud,30,1610,7,8.869264025241137,1,1.851565897464752,41,18,2,0,F S,Lille,4,5.828883409500122,9.002260066568851,2.159651977941394,Ligue 1,2025-2026
10431,Désiré Doué,23,1372,7,8.188008099794388,4,3.8526204489171514,55,29,0,0,F M S,Paris Saint Germain,7,7.427912965416908,15.078180879354475,6.510691784322262,Ligue 1,2025-2026
12970,Sebastian Nanasi,19,1039,7,4.77130252122879,2,2.442550702020526,19,17,0,0,M S,Strasbourg,7,4.77130252122879,8.60329944267869,2.163847930729389,Ligue 1,2025-2026
14082,Emersonn,28,1607,7,7.415036683902144,2,1.8788170740008356,51,19,5,1,F S,Toulouse,7,7.415036683902144,8.169102063402534,1.4885814795270562,Ligue 1,2025-2026
9490,Matthis Abline,33,2591,6,8.401815695688128,4,4.085846895352006,85,30,6,0,F M S,Nantes,6,7.641720516607165,12.297505926340818,3.86945753544569,Ligue 1,2025-2026
10058,Maghnes Akliouche,31,2430,6,6.614660864695907,6,5.355240166187286,48,44,3,0,F M S,Monaco,6,6.614660864695907,18.967163242399693,8.312718050554395,Ligue 1,2025-2026
11767,Gonçalo Ramos,30,1293,6,9.366714945062997,1,1.5339764999225736,58,17,2,1,F S,Paris Saint Germain,5,7.846524586901069,7.911083575338125,3.1021426245570183,Ligue 1,2025-2026
11782,Mousa Al Tamari,33,2265,6,4.307022389955819,6,4.362868030555546,64,34,4,0,D F M S,Rennes,6,4.307022389955819,13.49890786781907,5.7597999684512615,Ligue 1,2025-2026
14010,Igor Paixão,30,1979,6,5.585691841319203,5,2.523950425907969,57,29,3,0,D M S,Marseille,6,5.585691841319203,13.25075446255505,7.190278485417366,Ligue 1,2025-2026
2897,Aleksandr Golovin,25,1695,5,4.700230384245515,5,2.307285126298666,34,24,2,1,M S,Monaco,5,4.700230384245515,11.270541843026876,5.069507037289441,Ligue 1,2025-2026
3475,Ludovic Blas,32,1521,5,4.744255687110126,4,6.979083426296711,47,48,1,0,D F M S,Rennes,3,3.224065418355167,13.111039499752223,6.562168078497052,Ligue 1,2025-2026
6332,Willem Geubbels,24,1013,5,5.863018184900284,0,0.5414527244865894,30,7,0,0,F S,Paris FC,4,5.102923050522804,5.953760713338852,0.914133483543992,Ligue 1,2025-2026
7562,Eric Junior Dina Ebimbe,27,1161,5,4.377322880551219,0,1.1943688429892063,27,8,3,0,D F M S,Brest,5,4.377322880551219,5.206158727407456,1.4347593672573566,Ligue 1,2025-2026
9182,Sepe Elye Wahi,14,937,5,4.234686259180307,1,0.7982091940939426,23,8,5,0,F S,Nice,4,3.474591109901666,4.848278559744358,1.0522057861089706,Ligue 1,2025-2026
10100,Kamory Doumbia,24,1805,5,4.997975110076368,4,4.44614515081048,43,27,6,0,F M S,Brest,5,4.997975110076368,12.94832083582878,4.904536673799157,Ligue 1,2025-2026
10193,Frank Magri,17,1297,5,4.1963038221001625,1,0.8383028265088797,33,14,3,0,F M S,Toulouse,5,3.436208687722683,3.482685424387455,1.0790665484964848,Ligue 1,2025-2026
11065,Remy Labeau Lascary,27,1177,5,5.339445449411869,1,2.657169260084629,34,13,2,0,F M S,Brest,5,5.339445449411869,8.572859641164541,1.6721731591969728,Ligue 1,2025-2026
12049,Aiyegun Tosin,27,1068,5,6.6367923226207495,0,1.0361506454646587,30,11,1,0,F M S,Lorient,5,5.876697203144431,6.243498589843512,0.4303169213235378,Ligue 1,2025-2026
12734,João Neves,21,1280,5,3.160619251430034,1,2.475291315466165,27,14,0,0,M S,Paris Saint Germain,5,3.160619251430034,9.292038716375828,7.089921586215496,Ligue 1,2025-2026
12884,Endrick,16,1248,5,6.475340409204364,7,4.547948397696018,49,30,4,1,F M S,Lyon,4,5.7152452897280455,11.143983148038387,2.17605359852314,Ligue 1,2025-2026
13506,Rayan Fofana,25,759,5,6.315318438224495,0,0.3365894369781017,36,5,0,0,F M S,Lens,5,6.315318438224495,7.498886909335852,1.428857408463955,Ligue 1,2025-2026
13604,Prosper Peter,29,1257,5,6.074337815865874,0,0.8983762171119452,23,11,0,0,F S,Angers,5,6.074337815865874,7.393127646297216,0.566795882768929,Ligue 1,2025-2026
13801,Alimami Gory,24,959,5,3.891201537102461,1,0.6714342199265957,19,5,3,0,D F M S,Paris FC,5,3.891201537102461,4.999185955151916,1.0015269126743078,Ligue 1,2025-2026
13976,Hamza Igamane,13,406,5,3.7606138456612825,1,0.6632731482386589,24,4,2,0,F S,Lille,5,3.7606138456612825,6.564457813277841,2.366913989186287,Ligue 1,2025-2026
343,Pierre-Emile Højbjerg,32,2716,4,3.916560214012861,5,4.429353263229132,46,40,4,0,M S,Marseille,4,3.916560214012861,19.90152898989618,15.455716629512608,Ligue 1,2025-2026
3536,Jean-Victor Makengo,31,1842,4,3.3909959215670824,2,1.9122456898912787,39,26,2,0,F M S,Lorient,4,3.3909959215670824,6.606918966397643,3.9485616013407703,Ligue 1,2025-2026
5769,Habib Diallo,25,1908,4,5.928135938942432,1,0.7432543095201254,38,12,0,0,F S,Metz,4,5.168040789663792,6.45493212621659,1.7053034035488963,Ligue 1,2025-2026
7908,Marshall Munetsi,15,985,4,4.142309173941612,1,0.841992974281311,19,7,0,0,F M S,Paris FC,4,4.142309173941612,4.212618008255959,1.621576115489006,Ligue 1,2025-2026
8685,Mohamed Ali-Cho,24,1717,4,4.278947148472071,3,3.5190721238031983,32,23,1,0,F M S,Nice,4,4.278947148472071,9.6834735609591,4.643952438607812,Ligue 1,2025-2026
9444,Felix Correia,34,2124,4,5.806952535174787,5,5.867727227509022,37,39,2,0,M S,Lille,4,5.806952535174787,18.30624265410006,9.31839063204825,Ligue 1,2025-2026
9961,Nuno Mendes,20,1251,4,3.810142569243908,5,5.055273981764913,30,29,1,0,D F S,Paris Saint Germain,3,3.0500474497675896,11.64341450855136,9.271545879542828,Ligue 1,2025-2026
10074,Sambou Soumano,31,891,4,6.807313602417707,2,1.8067509941756723,28,10,2,0,F S,Lorient,4,6.047218482941389,5.822775289416313,0.3803564552217722,Ligue 1,2025-2026
10831,Mostafa Mohamed,24,1152,4,3.018826650455594,0,1.1388814579695463,34,9,1,0,F S,Nantes,4,3.018826650455594,2.9717396833002567,0.2210416812449693,Ligue 1,2025-2026
11790,Rassoul Ndiaye,33,2600,4,3.080671327188611,4,2.7814114429056644,34,29,2,0,F M S,Le Havre,4,3.080671327188611,9.35743105225265,4.941063133999705,Ligue 1,2025-2026
11817,Emanuel Emegha,10,427,4,4.252192250452936,2,1.264881502836943,17,3,3,0,F S,Strasbourg,4,4.252192250452936,4.948436848819256,0.4580105412751436,Ligue 1,2025-2026
11978,Diego Moreira,27,2063,4,2.222741227596998,7,6.940216278657317,29,37,4,0,D M S,Strasbourg,4,2.222741227596998,14.191159365698695,8.783062366768718,Ligue 1,2025-2026
12041,Roman Yaremchuk,11,566,4,3.279270388185978,1,0.6049698125571012,16,6,1,0,F S,Lyon,4,3.279270388185978,4.823097825050354,1.034571833908558,Ligue 1,2025-2026
12045,Aron Dønnum,28,2438,4,4.60387984290719,4,6.289067713543773,40,63,8,1,D F M,Toulouse,1,2.323594458401203,11.223862638697028,5.957076565362513,Ligue 1,2025-2026
12345,Senny Mayulu,26,1704,4,4.818055000156164,4,4.020334480330348,35,39,2,0,D F M S,Paris Saint Germain,4,4.818055000156164,11.622840972617269,5.123189397156239,Ligue 1,2025-2026
12847,Sidiki Chérif,19,1187,4,2.8283863738179207,0,0.6020375601947308,28,5,3,0,F M S,Angers,4,2.8283863738179207,5.694960653781891,2.5473209153860807,Ligue 1,2025-2026
13330,Robinio Vaz,14,346,4,2.746501445770264,2,0.9652759805321692,8,6,2,0,F S,Marseille,4,2.746501445770264,4.458853058516979,1.978359200060368,Ligue 1,2025-2026
13739,Afonso Moreira,27,1695,4,3.1612205244600773,7,5.9273083889856935,40,32,3,0,D F M S,Lyon,4,3.1612205244600773,13.23570010252297,5.611478790640831,Ligue 1,2025-2026
13756,Santiago Hidalgo,29,1387,4,4.3010341711342335,6,2.72281704004854,34,13,4,0,F M S,Toulouse,4,4.3010341711342335,6.958296973258257,2.094240222126245,Ligue 1,2025-2026
101,Allan Saint-Maximin,10,380,3,1.4870970454066992,3,2.0143274627625942,21,19,1,0,M S,Lens,3,1.4870970454066992,5.06191750895232,2.14484291523695,Ligue 1,2025-2026
2082,Youssef El-Arabi,25,943,3,4.204976715147495,0,0.5688040424138308,15,9,0,0,F S,Nantes,3,3.444881595671177,2.720785405486822,0.5000742729753256,Ligue 1,2025-2026
3357,Djibril Sidibe,33,2259,3,3.01466503739357,4,1.9726380528882144,8,15,1,0,D S,Toulouse,2,1.4944747984409332,5.725381668657064,4.560083646327257,Ligue 1,2025-2026
3549,Adrien Thomasson,32,2714,3,6.460448982194066,9,8.477983359247446,43,80,11,0,M S,Lens,3,6.460448982194066,23.375807873904705,13.438357058912516,Ligue 1,2025-2026
5598,Angel Gomes,14,919,3,2.0597879961133003,0,1.0676721185445786,11,18,4,0,M S,Marseille,3,2.0597879961133003,7.522297575138509,4.833005172200501,Ligue 1,2025-2026
5661,Jonathan Ikone,23,1107,3,3.6328962482512,1,2.535602707415819,25,14,2,0,F M S,Paris FC,3,3.6328962482512,7.337351243942976,2.210764056071639,Ligue 1,2025-2026
6238,Ignatius Ganago,14,934,3,3.503245037049055,1,0.8179156705737114,23,7,1,0,F M S,Nantes,2,2.7431498877704144,3.946759879589081,1.6002203933894634,Ligue 1,2025-2026
6452,Mahdi Camara,32,2670,3,2.641194898635149,1,2.1875408850610256,29,23,5,1,D M S,Rennes,3,2.641194898635149,12.445880690589547,8.626727394759655,Ligue 1,2025-2026
6500,Romain Perraud,30,2262,3,1.604667505249381,4,4.023106466047466,33,37,4,1,D S,Lille,3,1.604667505249381,11.817956924438477,8.654695246368647,Ligue 1,2025-2026
7169,Moses Simon,29,2062,3,2.882196793332696,3,4.325151562690735,34,33,1,0,F M S,Paris FC,3,2.882196793332696,9.658759605139494,4.0332848858088255,Ligue 1,2025-2026
7313,Lee Kang-In,27,1527,3,3.1583685893565416,4,6.6062276884913445,37,58,3,0,F M S,Paris Saint Germain,3,3.1583685893565416,13.055885864421723,7.922523466870189,Ligue 1,2025-2026
7763,Fabien Centonze,15,738,3,0.9628630634397268,0,0.1462906636297702,8,4,4,0,D M S,Nantes,3,0.9628630634397268,2.047831054776907,1.1290168827399611,Ligue 1,2025-2026
8239,Takumi Minamino,15,976,3,3.37246372550726,2,2.100285714492202,21,9,4,0,F M S,Monaco,3,3.37246372550726,6.809733860194683,1.606742171570659,Ligue 1,2025-2026
8684,Fodé Doucouré,26,1271,3,2.584720955230296,1,2.5097016375511885,20,18,2,0,F M S,Le Havre,3,2.584720955230296,7.345032512210309,2.81273215636611,Ligue 1,2025-2026
8970,Sékou Mara,27,1231,3,3.05426874384284,2,1.0970151722431185,33,9,0,0,F S,Auxerre,3,3.05426874384284,5.127975841984153,1.3498488226905463,Ligue 1,2025-2026
9220,Charlie Cresswell,29,2537,3,4.463126664981246,2,1.1976852640509603,38,11,8,0,D S,Toulouse,3,4.463126664981246,6.1904706954956055,4.257518079131842,Ligue 1,2025-2026
10620,Luca Koleosho,16,517,3,2.7315033990889788,1,1.6554799880832434,17,8,0,0,M S,Paris FC,3,2.7315033990889788,5.772499497979879,2.4311221688985825,Ligue 1,2025-2026
10786,Warren Zaïre-Emery,32,2460,3,2.0695376126095653,4,4.277606188319624,19,42,3,0,D M S,Paris Saint Germain,3,2.0695376126095653,20.938116820529103,16.631349600851536,Ligue 1,2025-2026
10818,Kévin Danois,33,2852,3,2.123984556645155,1,4.617172429338098,25,52,3,0,M S,Auxerre,3,2.123984556645155,9.194329353049396,5.501396361738443,Ligue 1,2025-2026
11058,Julio Enciso,27,1918,3,7.675233259797096,6,4.41795701906085,61,26,2,0,F M S,Strasbourg,2,6.915138140320778,15.821536289528012,5.9863391406834126,Ligue 1,2025-2026
11142,Pierre Ganiou,23,2018,3,2.156112081371248,0,0.5016434397548437,23,9,2,1,D S,Lens,3,2.156112081371248,10.864848166704178,10.46088870614767,Ligue 1,2025-2026
11318,Abner,26,2182,3,2.2416549902409315,2,3.11980695836246,17,21,4,1,D F M S,Lyon,3,2.2416549902409315,13.472650602459908,9.003189485520124,Ligue 1,2025-2026
11515,Tom Louchet,27,1344,3,3.120163287036121,2,3.325116191059351,21,20,1,1,D F M S,Nice,3,3.120163287036121,7.88985560555011,3.209448383189738,Ligue 1,2025-2026
11710,Simon Adingra,14,871,3,2.902374248951673,2,1.4592509008944037,22,14,0,0,D F M S,Monaco,3,2.902374248951673,5.136130463331938,1.4835271500051022,Ligue 1,2025-2026
11799,Lamine Camara,24,1870,3,1.3439804669469595,4,5.089582786895335,25,35,6,0,M S,Monaco,3,1.3439804669469595,11.131023939698936,7.78083136677742,Ligue 1,2025-2026
12066,Ethan Mbappé,18,530,3,1.8669115900993347,1,1.4914258159697056,14,15,1,0,F M S,Lille,3,1.8669115900993347,3.409807451069355,1.0010536201298237,Ligue 1,2025-2026
12285,Mamadou Coulibaly,25,1402,3,1.987246561795473,3,1.762764260172844,13,12,6,1,F M S,Monaco,3,1.987246561795473,7.969235442578793,5.6005539782345295,Ligue 1,2025-2026
12733,Ibrahim Mbaye,24,973,3,3.4287336245179176,2,2.3628985602408648,24,20,0,0,F M S,Paris Saint Germain,3,3.4287336245179176,8.629046227782965,3.1470533721148968,Ligue 1,2025-2026
13070,Ali Abdi,22,1156,3,2.4035323709249496,0,2.0493611991405487,16,17,2,1,D M S,Nice,3,2.4035323709249496,2.7499186024069786,1.635716256685555,Ligue 1,2025-2026
13210,Mohamed Meïté,17,502,3,4.262058779597282,2,1.3208915255963802,22,5,0,0,F S,Rennes,3,4.262058779597282,5.048720572143793,1.39393512904644,Ligue 1,2025-2026
13809,Giorgi Tsitaishvili,33,2475,3,1.53672016505152,2,4.272120799869299,31,44,3,0,D F M S,Metz,3,1.53672016505152,8.109842337667942,3.1248387955129147,Ligue 1,2025-2026
13888,Danny Namaso,30,2544,3,7.317179087549448,3,3.9502968033775687,61,32,9,0,F M S,Auxerre,3,7.317179087549448,11.781863667070866,4.277199324220419,Ligue 1,2025-2026
13917,Mamadou Sangaré,29,2347,3,3.285702032968402,4,2.838592778891325,53,37,5,0,M S,Lens,3,3.285702032968402,18.11810380127281,13.861056490801277,Ligue 1,2025-2026
13975,Noah Cadiou,28,1851,3,2.319805635139346,1,0.6930346991866827,19,10,2,0,M S,Lorient,3,2.319805635139346,6.738548027351499,4.918760793283582,Ligue 1,2025-2026
14131,Amine Sbaï,25,1865,3,4.347094478085637,1,2.760798776522279,34,27,1,1,F M S,Angers,3,3.5869993288069963,8.644016150385141,3.04599804058671,Ligue 1,2025-2026
14408,Bryan Okoh,13,1005,3,0.9676289018243552,0,0.2563950940966606,8,3,2,0,D S,Auxerre,3,0.9676289018243552,1.8299480453133583,1.6139809861779213,Ligue 1,2025-2026
914,Nabil Bentaleb,26,1253,2,1.2046611299738288,2,1.771717581897974,18,12,3,0,M S,Lille,1,0.4445659844204783,10.07475517038256,8.462944879196584,Ligue 1,2025-2026
1209,Ciro Immobile,12,736,2,2.3328911624848843,2,1.9044423550367355,15,9,2,0,F S,Paris FC,2,2.3328911624848843,4.8917010352015495,2.161927657201886,Ligue 1,2025-2026
3223,Benjamin André,27,2328,2,2.5734788700938225,2,1.9330890672281384,27,23,9,0,M S,Lille,2,2.5734788700938225,11.715144013985991,9.41398911178112,Ligue 1,2025-2026
3390,Rémy Cabella,12,651,2,2.6006658375263214,0,1.1487493216991425,10,16,1,0,F M S,Nantes,1,1.84076938778162,4.199691403657198,1.7681113071739674,Ligue 1,2025-2026
3544,Jeremie Boga,14,645,2,2.242340716533363,2,1.6494678808376193,15,13,0,0,F M S,Nice,2,2.242340716533363,4.732685995288193,1.3068652814254165,Ligue 1,2025-2026
3673,Valentin Rongier,31,2750,2,0.782729365862906,5,4.391351553611457,22,44,6,0,M,Rennes,2,0.782729365862906,15.28383518382907,12.994579819962382,Ligue 1,2025-2026
3674,Abdoulaye Touré,11,740,2,1.529643937945366,0,0.1853813733905553,13,3,2,0,M S,Le Havre,2,0.769548799842596,2.433296410366893,1.6395775396376848,Ligue 1,2025-2026
5197,Achraf Hakimi,18,1382,2,2.801814373582601,2,1.457746408879757,27,21,3,1,D F S,Paris Saint Germain,2,2.801814373582601,9.875811459496616,7.461580440402031,Ligue 1,2025-2026
5680,Thomas Meunier,25,1911,2,1.4096983447670937,2,2.757778810337186,19,18,3,0,D S,Lille,2,1.4096983447670937,10.962973842397332,8.176924237981439,Ligue 1,2025-2026
5696,Vincent Marchetti,23,798,2,2.1302939681336284,1,0.5922490283846855,24,4,1,0,M S,Paris FC,2,2.1302939681336284,5.424442227929831,2.774930212646723,Ligue 1,2025-2026
6006,Ruben Aguilar,26,1751,2,1.0442059729248283,2,3.235480770468712,13,26,4,1,D S,Lens,2,1.0442059729248283,10.672712955623863,8.755061404779553,Ligue 1,2025-2026
6147,Denis Zakaria,24,2039,2,2.5516049545258284,1,1.4270154759287834,18,6,4,1,D M S,Monaco,2,2.5516049545258284,7.711904387921095,6.586218696087599,Ligue 1,2025-2026
6308,Jessy Deminguet,31,2059,2,1.1191442692652345,0,0.6021527666598558,17,4,4,0,M S,Metz,2,1.1191442692652345,5.570983536541462,4.136053280904889,Ligue 1,2025-2026
6601,Timothy Weah,29,2286,2,2.7870269222185016,2,3.784172408282757,29,30,5,0,D M S,Marseille,2,2.7870269222185016,17.289419043809175,12.779591096565127,Ligue 1,2025-2026
6935,Naif Aguerd,16,1407,2,0.8858112841844559,0,0.2695878790691495,10,3,4,0,D,Marseille,2,0.8858112841844559,9.148570242337884,9.126714654266834,Ligue 1,2025-2026
6986,Hamed Junior Traore,13,612,2,2.745228759944439,1,0.8870153054594994,13,10,1,0,D M S,Marseille,2,2.745228759944439,5.932478129863739,2.3697810266166925,Ligue 1,2025-2026
7739,Joris Chotard,33,2790,2,1.2767780357971787,1,0.5311056403443217,25,11,2,0,M S,Brest,2,1.2767780357971787,9.970360890962183,8.666880403645337,Ligue 1,2025-2026
7747,Mama Baldé,18,712,2,2.966491736471653,2,0.4717954136431217,31,7,0,0,F M S,Brest,2,2.966491736471653,3.534056179225445,0.7337474254891276,Ligue 1,2025-2026
8190,Melvin Bard,29,2393,2,0.796496226452291,1,1.8040241403505208,15,15,4,0,D M S,Nice,2,0.796496226452291,7.336340324953198,5.745990822091699,Ligue 1,2025-2026
8287,Mbwana Samatta,27,1550,2,5.862232429906726,1,1.9108041394501925,42,18,4,0,F S,Le Havre,2,5.862232429906726,7.997209070250392,1.7263006046414375,Ligue 1,2025-2026
8690,Jean-Phillipe Krasso,25,1082,2,4.304056554101408,2,3.1578205032274127,27,23,0,0,F S,Paris FC,1,3.5439614383503795,7.954925827682018,1.9078789902850983,Ligue 1,2025-2026
8703,Sinaly Diomande,24,2138,2,2.9510611221194267,2,0.5142716225236654,9,5,2,1,D,Auxerre,2,2.9510611221194267,2.522182999178767,2.470422202721238,Ligue 1,2025-2026
8997,Terem Igobor Moffi,10,484,2,2.451147548854351,0,0.6640479266643524,16,5,0,0,F S,Nice,2,2.451147548854351,3.3552748262882237,0.5393990576267242,Ligue 1,2025-2026
9001,Martín Satriano,11,696,2,2.151202028617263,1,1.252128679305315,16,10,0,0,F S,Lyon,2,2.151202028617263,3.52288687415421,1.1022675083950162,Ligue 1,2025-2026
9929,Théo Le Bris,28,1915,2,1.935364414472133,2,1.3978275619447231,17,13,0,0,D S,Lorient,2,1.935364414472133,4.595136150252074,2.6511300066486,Ligue 1,2025-2026
10091,Tyler Morton,29,2549,2,2.0557506382465363,2,2.42852935846895,28,28,6,1,M,Lyon,2,2.0557506382465363,12.164382623508573,10.008787211030722,Ligue 1,2025-2026
10295,Louis Mouton,32,1947,2,3.078808242455125,1,2.3375241328030825,36,22,2,1,M S,Angers,2,3.078808242455125,7.97324248123914,3.225932060740888,Ligue 1,2025-2026
10349,Mika Biereth,32,1051,2,3.207695998251438,2,2.307873759418726,19,18,0,0,F M S,Monaco,2,3.207695998251438,7.502748765051365,2.434636209160089,Ligue 1,2025-2026
10485,Guemissongui Ouattara,28,1763,2,2.817349845543504,0,1.7850391454994678,27,6,2,0,D M S,Strasbourg,2,2.817349845543504,8.862127166241407,6.286148220300674,Ligue 1,2025-2026
10517,Yassin Belkhdim,27,2175,2,2.30356415361166,2,1.5286035342141986,33,15,5,0,M S,Angers,2,2.30356415361166,7.509297637268901,4.55259077064693,Ligue 1,2025-2026
10868,Guela Doué,24,2065,2,1.8365227379836144,6,2.7406088560819626,12,19,3,0,D M S,Strasbourg,2,1.8365227379836144,10.025115761905909,7.648034475743771,Ligue 1,2025-2026
10923,Himad Abdelli,21,1075,2,1.9301752112805843,0,0.554893160238862,15,9,2,0,M S,"Angers,Marseille",0,0.4099849201738834,6.202800817787647,5.655766012147069,Ligue 1,2025-2026
11046,Abdallah Sima,21,693,2,3.332493230700493,2,0.7596801817417145,30,10,3,0,D F M S,Lens,2,3.332493230700493,5.5135756358504295,1.938925914466381,Ligue 1,2025-2026
11132,Ethan Nwaneri,9,334,2,0.8861830700188875,1,0.979939728975296,9,5,1,0,M S,Marseille,2,0.8861830700188875,2.8284013345837598,1.836508059874177,Ligue 1,2025-2026
11294,Lilian Raolisoa,32,1975,2,1.03963359631598,4,3.5283372923731804,16,22,3,0,D F M S,Angers,2,1.03963359631598,8.350225617177784,4.537761720828712,Ligue 1,2025-2026
11618,Samuel Amo-Ameyaw,25,1010,2,1.184529721736908,2,1.229766269214451,17,13,2,0,D M S,Strasbourg,2,1.184529721736908,4.935548759996891,3.270142339169979,Ligue 1,2025-2026
11777,Cristian Cásseres Jr.,31,2596,2,1.70372299477458,3,3.142685988917947,26,37,6,0,M S,Toulouse,2,0.943627830594778,9.059219665825369,7.050339192152023,Ligue 1,2025-2026
11795,Yassine Kechta,30,1343,2,1.540558686479926,1,1.839314803481102,21,15,3,0,F M S,Le Havre,2,1.540558686479926,5.696476763114333,2.616341471672058,Ligue 1,2025-2026
11798,Koffi Kouao,27,2296,2,1.6477266969159243,1,1.2461658138781786,23,11,10,0,D,Metz,2,1.6477266969159243,5.849459524266422,3.4310527173802257,Ligue 1,2025-2026
11806,Sadibou Sané,23,1940,2,0.2977111414074898,1,0.2727304138243198,6,3,5,2,D S,Metz,2,0.2977111414074898,4.214317724108696,4.214317724108696,Ligue 1,2025-2026
12111,Amir Murillo,16,978,2,1.0468609929084778,1,1.9396317675709724,9,11,4,0,D M S,Marseille,2,1.0468609929084778,9.449122466146946,7.076627906411886,Ligue 1,2025-2026
12328,Arthur Avom,31,2095,2,1.0540359923616052,1,3.175200704485178,21,31,3,0,M S,Lorient,2,1.0540359923616052,9.312216808088124,6.713715405203402,Ligue 1,2025-2026
12336,Malick Fofana,12,766,2,2.7092563677579165,1,2.255652729421854,19,10,1,0,M S,Lyon,2,2.7092563677579165,6.958968311548233,2.9745498783886437,Ligue 1,2025-2026
12346,Beraldo,20,1579,2,1.3617767803370953,1,1.5083925519138577,14,14,2,0,D M S,Paris Saint Germain,2,1.3617767803370953,11.281047388911247,10.67724785208702,Ligue 1,2025-2026
12498,Valentín Barco,27,2187,2,3.289822520688176,4,5.2952551282942295,27,38,5,1,M S,Strasbourg,2,3.289822520688176,17.073288526386023,10.955026110634208,Ligue 1,2025-2026
12804,George Ilenikhena,15,343,2,1.2629067562520504,0,0.2268627993762493,15,3,0,0,F S,Monaco,2,1.2629067562520504,2.503964938223362,1.0573195964097977,Ligue 1,2025-2026
12841,Dayann Methalie,28,1996,2,1.47647943533957,1,2.0381923392415047,15,11,9,0,D S,Toulouse,2,1.47647943533957,6.005196031183004,3.231016034260392,Ligue 1,2025-2026
12844,Bahereba Guirassy,20,799,2,1.986866552382708,1,1.0273366682231426,15,7,1,0,F M S,Nantes,2,1.986866552382708,3.3992551025003195,0.4723921976983547,Ligue 1,2025-2026
13053,Saud Abdulhamid,25,1335,2,1.1027701515704391,4,2.749265618622303,8,23,4,1,D S,Lens,2,1.1027701515704391,8.15099280513823,4.640084641054273,Ligue 1,2025-2026
13329,Abdelhamid Aït Boudlal,20,1396,2,1.8210137831047175,1,0.531465470790863,13,1,3,1,D S,Rennes,2,1.8210137831047175,4.456149698235095,4.422290397807956,Ligue 1,2025-2026
13335,Goduine Koyalipou,13,669,2,3.3784401938319206,1,0.304029518738389,22,5,0,0,F S,Angers,1,2.6183450743556023,3.393016342073679,0.8722083270549774,Ligue 1,2025-2026
13577,Rudy Matondo,27,1333,2,1.8190970439463852,0,0.2419236395508051,13,5,4,1,D M S,"Auxerre,Paris FC",2,1.8190970439463852,3.063255394808948,2.4010575069114566,Ligue 1,2025-2026
13732,Samson Baidoo,23,1823,2,2.39372334536165,1,0.4557065162807703,16,3,2,0,D S,Lens,2,2.39372334536165,6.110715292394161,5.60930996760726,Ligue 1,2025-2026
13794,Arsène Kouassi,31,2642,2,0.644349536858499,6,4.931435273960233,9,32,4,0,D S,Lorient,2,0.644349536858499,8.279572056606412,6.358415907248855,Ligue 1,2025-2026
13813,Giorgi Abuashvili,23,655,2,1.1833200315013528,0,0.5751661360263824,23,7,1,0,D F M S,Metz,2,1.1833200315013528,3.10530792362988,1.852052802219987,Ligue 1,2025-2026
13918,Julián Vignolo,13,154,2,1.6874926052987576,0,0.330946609377861,8,7,0,0,M S,Toulouse,2,1.6874926052987576,0.6546274572610855,0.129887368530035,Ligue 1,2025-2026
14132,Djibirin Harouna,15,286,2,1.2620018012821674,1,0.6283082962036133,7,4,2,0,M S,Angers,2,1.2620018012821674,1.8520428966730835,0.4525685086846351,Ligue 1,2025-2026
14406,Noah Nartey,11,536,2,1.0777640342712402,0,0.0831712540239095,5,3,0,0,M S,Lyon,2,1.0777640342712402,2.997236616909504,1.9676812607795,Ligue 1,2025-2026
14407,Nathan Mbala,13,426,2,0.6993163898587227,2,1.0733802691102028,15,13,0,0,F M S,Metz,2,0.6993163898587227,1.9092871956527235,0.5620502680540085,Ligue 1,2025-2026
14431,Giorgi Kvilitaia,10,503,2,1.3176763448864222,0,1.193804420530796,12,9,1,0,F S,Metz,2,1.3176763448864222,1.1540779788047075,0.2850138414651155,Ligue 1,2025-2026
643,Eric Dier,9,693,1,0.5377254784107208,0,0.028601836413145,3,1,0,0,D S,Monaco,1,0.5377254784107208,2.885582761839032,2.856980921700597,Ligue 1,2025-2026
1144,Seko Fofana,12,659,1,0.7612503450363874,0,0.6452769339084625,9,11,0,0,M S,Rennes,1,0.7612503450363874,3.743103414773941,2.6357836835086346,Ligue 1,2025-2026
1734,Sofiane Boufal,17,1050,1,1.5026695374399424,4,3.634537594392896,19,27,2,0,F M S,Le Havre,1,0.7425743956118822,5.128283802419901,1.9721620082855225,Ligue 1,2025-2026
1750,Ainsley Maitland-Niles,30,2496,1,2.553889507427812,4,3.50098211504519,14,21,5,1,D M S,Lyon,1,1.7937943432480097,11.776218626648188,7.495480893179774,Ligue 1,2025-2026
2447,Fabián,20,1138,1,1.869937714189291,4,2.1869753282517195,19,19,1,0,M S,Paris Saint Germain,1,1.869937714189291,8.531593032181263,6.012352647259831,Ligue 1,2025-2026
3237,Aissa Mandi,29,2432,1,0.8599839098751545,0,1.0037057306617498,14,10,8,0,D S,Lille,1,0.8599839098751545,10.866545291617513,10.554649014025928,Ligue 1,2025-2026
3285,Gaetan Perrin,12,314,1,0.6199672203511,0,1.1194870546460152,7,10,2,0,F M S,Lille,1,0.6199672203511,2.49208552390337,1.150658831000328,Ligue 1,2025-2026
3348,Florian Sotoca,26,458,1,0.7197620361112058,0,0.9359718095511198,13,7,1,0,F M S,Lens,1,0.7197620361112058,4.370859146118164,3.1931214928627014,Ligue 1,2025-2026
3363,Benjamin Pavard,27,1932,1,1.0296637825667858,2,2.101283404976129,11,12,6,0,D S,Marseille,1,1.0296637825667858,11.098421754315495,10.662597270682454,Ligue 1,2025-2026
3701,Gautier Lloris,29,2397,1,1.2026095436885953,1,1.0743397623300552,12,4,1,1,D S,Le Havre,1,1.2026095436885953,4.047221319749951,3.9577493350952864,Ligue 1,2025-2026
3743,Lucas Tousart,24,820,1,0.6973812971264124,0,0.4796754773706198,8,4,0,0,D M S,Brest,1,0.6973812971264124,2.1092285737395287,1.305947981774807,Ligue 1,2025-2026
4764,Jean-Philippe Gbamin,31,2487,1,1.949738541617989,1,1.4501640880480409,14,15,2,1,D M S,Metz,1,1.949738541617989,6.170843430794776,4.885069870389998,Ligue 1,2025-2026
4882,Laurent Abergel,28,2347,1,0.7855375036597252,0,0.8618717035278678,22,15,7,0,M S,Lorient,1,0.7855375036597252,7.721735946834087,6.832115706056356,Ligue 1,2025-2026
5619,Pierre Lees-Melou,24,1971,1,1.580171943642199,3,2.861335970461369,31,19,5,1,M S,"Brest,Paris FC",1,1.580171943642199,8.927949897944927,6.179184839129448,Ligue 1,2025-2026
5684,Arnaud Nordin,10,586,1,1.3559088744223118,3,1.4128927364945412,20,6,1,0,D F M S,Rennes,1,1.3559088744223118,3.168128479272127,1.475553690455854,Ligue 1,2025-2026
5742,Hugo Magnetti,33,2721,1,0.59883688762784,1,1.2192494422197342,22,17,4,0,M S,Brest,1,0.59883688762784,8.628967057913542,7.482888407073915,Ligue 1,2025-2026
5745,Matthieu Udol,34,3000,1,4.393044971395284,7,11.901465432718396,47,55,2,0,D S,Lens,1,4.393044971395284,20.10867326706648,10.899186950176954,Ligue 1,2025-2026
6017,Chidozie Awaziem,27,2329,1,0.5838352423161268,2,1.5799404215067625,11,10,6,0,D S,Nantes,1,0.5838352423161268,4.797361323609948,3.7837975714355703,Ligue 1,2025-2026
6923,Mohammed Salisu,12,1080,1,0.8756848890334368,0,0.1508046872913837,8,2,3,0,D,Monaco,1,0.8756848890334368,3.4531896859407425,3.2525459304451942,Ligue 1,2025-2026
7081,Francisco Sierralta,10,869,1,0.7252583894878626,0,0.0387212000787258,7,1,2,0,D S,Auxerre,1,0.7252583894878626,1.4416037444025278,1.4416037444025278,Ligue 1,2025-2026
7501,Amadou Haidara,7,241,1,0.3569767819717526,1,0.1644637584686279,2,2,0,0,M S,Lens,1,0.3569767819717526,1.0245064916089175,0.5030659437179565,Ligue 1,2025-2026
7631,Sebastian Szymanski,16,796,1,0.5328370127826929,3,2.565967228263617,12,19,2,0,M S,Rennes,1,0.5328370127826929,4.675009226426482,3.267172910273075,Ligue 1,2025-2026
7736,Brendan Chardonnet,29,2555,1,1.0160756586119533,3,2.5328441374003887,12,10,6,0,D,Brest,1,1.0160756586119533,6.095753340050578,5.317027410492301,Ligue 1,2025-2026
8050,Hichem Boudaoui,25,1697,1,2.2907996512949467,2,1.5970600554719567,21,16,4,0,M S,Nice,1,2.2907996512949467,6.359252665191889,3.213657854124904,Ligue 1,2025-2026
8119,Boubacar Traore,20,1414,1,0.9408415667712688,0,0.221991928294301,19,4,4,0,M S,Metz,1,0.9408415667712688,2.3840327383950357,1.5097705023363233,Ligue 1,2025-2026
8187,Georges Mikautadze,2,180,1,1.2365504503250122,0,0.0,10,0,0,0,F,Lyon,1,1.2365504503250122,1.773119866847992,0.5973338335752487,Ligue 1,2025-2026
8697,Jonathan Clauss,30,2529,1,1.4057410368695855,6,8.050188221037388,23,64,0,0,D M S,Nice,1,1.4057410368695855,12.174329970031977,5.863777427002788,Ligue 1,2025-2026
8777,Vitinha,29,2122,1,0.9833967238664628,7,3.455289619043469,34,34,2,0,M S,Paris Saint Germain,1,0.9833967238664628,20.08155496791005,17.677632499486208,Ligue 1,2025-2026
8920,Dilane Bakwa,3,94,1,0.0750504583120346,2,0.6692362725734711,2,3,0,0,S,Strasbourg,1,0.0750504583120346,1.7559681087732315,1.680917650461197,Ligue 1,2025-2026
9092,Marvin Senaya,25,1796,1,1.403174713253975,0,0.2376676574349403,15,6,6,0,D S,Auxerre,1,1.403174713253975,2.581851320341229,2.269769674167037,Ligue 1,2025-2026
9399,Quentin Merlin,33,2534,1,1.84683189727366,5,4.493204697966576,26,47,2,0,D M S,Rennes,1,1.84683189727366,12.003213994204998,8.729623379185796,Ligue 1,2025-2026
9514,Antoine Mendy,25,2105,1,2.194048591889441,0,0.0372293330729007,17,1,5,0,D S,Nice,1,2.194048591889441,6.499726684764028,5.918382707983255,Ligue 1,2025-2026
9633,Przemyslaw Frankowski,19,1230,1,0.3376607820391655,2,2.6184137174859643,9,29,5,0,D M S,Rennes,1,0.3376607820391655,6.106847031973302,5.379636352881789,Ligue 1,2025-2026
9645,Jim Allevinah,6,110,1,0.7092178463935852,0,0.0279313083738088,5,1,0,0,S,Angers,1,0.7092178463935852,0.8133896142244339,0.0762404650449752,Ligue 1,2025-2026
9661,Igor Silva,17,1208,1,0.3544914918020367,0,0.5010415175929666,8,8,1,0,D S,Lorient,1,0.3544914918020367,2.105978773906827,1.8507669549435375,Ligue 1,2025-2026
9833,Andrew Omobamidele,25,1336,1,0.9338973155245184,0,0.0,4,0,4,0,D S,Strasbourg,1,0.9338973155245184,6.619090389460325,6.619090389460325,Ligue 1,2025-2026
9885,Tanner Tessmann,29,1938,1,2.568478574976325,0,1.4022282604128122,26,13,2,0,D M S,Lyon,1,2.568478574976325,12.365749502554536,10.186031161807476,Ligue 1,2025-2026
10270,Lohann Doucet,5,114,1,0.6114895138889551,0,0.0927539598196744,2,4,2,0,M S,Paris FC,1,0.6114895138889551,0.7432505246251822,0.0653122887015342,Ligue 1,2025-2026
10581,Junior Mwanga,20,1651,1,1.1464128233492374,1,1.0721323154866695,10,18,2,1,D M,"Nantes,Strasbourg",1,1.1464128233492374,5.190453128889203,3.505918676033616,Ligue 1,2025-2026
10788,Rasmus Nicolaisen,33,2672,1,0.8822177099063993,0,0.097613513469696,15,2,3,0,D S,Toulouse,1,0.8822177099063993,4.627384912222624,4.41113942489028,Ligue 1,2025-2026
10789,Anthony Rouault,21,1723,1,2.573473647236824,0,0.1675164084881544,9,6,4,0,D S,Rennes,1,2.573473647236824,6.358025182038546,5.803711373358965,Ligue 1,2025-2026
11016,Ousmane Camara,32,2724,1,0.6418565474450588,0,0.2501995433121919,13,4,3,0,D S,Angers,1,0.6418565474450588,7.059348467737436,6.810051258653402,Ligue 1,2025-2026
11259,Julien Le Cardinal,5,323,1,0.4954712763428688,0,0.0292062759399414,5,1,1,0,D S,Brest,1,0.4954712763428688,0.3809934593737125,0.0494261644780635,Ligue 1,2025-2026
11291,Warren Kamanzi,24,825,1,1.5046230126172304,1,0.5564930234104395,12,9,1,0,D S,Toulouse,1,1.5046230126172304,3.678338922560215,1.8030570596456528,Ligue 1,2025-2026
11486,Illia Zabarnyi,28,2387,1,0.5713930502533913,0,0.1647182032465934,4,4,6,0,D S,Paris Saint Germain,1,0.5713930502533913,13.267120525240898,13.244858965277672,Ligue 1,2025-2026
11762,Morgan Guilavogui,16,444,1,1.7886713072657583,0,1.1636604741215706,10,11,3,1,M S,Lens,1,1.7886713072657583,4.216861076653004,2.2034296356141567,Ligue 1,2025-2026
11788,Arouna Sangante,28,2357,1,0.4403181094676256,1,0.4031094592064619,9,10,4,2,D,Le Havre,1,0.4403181094676256,5.05374320782721,4.814039522781968,Ligue 1,2025-2026
11789,Josué Casimir,31,1509,1,2.738457161933184,0,1.4077786430716517,22,10,4,1,D F M S,Auxerre,1,1.9783619977533815,5.288893414661288,2.5423824563622475,Ligue 1,2025-2026
11962,Oussama El Azzouzi,11,821,1,0.6952410852536559,0,0.5211914069950581,5,9,1,1,D M S,Auxerre,1,0.6952410852536559,1.5860830247402191,0.8512548767030239,Ligue 1,2025-2026
12000,Ibou Sané,16,520,1,0.3316338993608951,1,0.943551391363144,6,5,2,0,F M S,Metz,1,0.3316338993608951,1.4006390273571014,0.232405548915267,Ligue 1,2025-2026
12284,Samir El Mourabet,33,2145,1,0.3717561801895499,2,2.710016814060509,12,28,4,0,M S,Strasbourg,1,0.3717561801895499,9.81571489572525,7.251820180565119,Ligue 1,2025-2026
12381,Panos Katseris,16,728,1,0.8765109218657017,2,2.371944934129715,7,10,3,0,D S,Lorient,1,0.8765109218657017,4.036447171121836,2.3180487267673016,Ligue 1,2025-2026
12383,Mohamed Bamba,18,664,1,2.8765433095395565,2,1.6329459995031357,13,6,3,0,F S,Lorient,1,2.116448190063238,3.6792133301496506,0.6662338711321354,Ligue 1,2025-2026
12387,Dehmaine Assoumani,27,1261,1,1.7984376410022378,0,2.0394907854497437,29,20,4,1,D F M S,Nantes,1,1.7984376410022378,3.9870292702689767,1.7710418915376067,Ligue 1,2025-2026
12426,Stanis Idumbo Muzambo,8,129,1,1.0647227093577385,1,0.4020053409039974,6,3,0,0,S,Monaco,1,1.0647227093577385,1.4752825424075129,0.036861315369606,Ligue 1,2025-2026
12446,Simon Ebonog,30,1775,1,1.9645931422710416,0,0.3390792347490787,22,7,8,0,M S,Le Havre,1,1.9645931422710416,3.289260070770979,1.3946211924776435,Ligue 1,2025-2026
12732,Yanis Zouaoui,30,2380,1,1.2848391653969884,1,3.175815327093005,16,36,7,0,D M S,Le Havre,0,0.524744008667767,6.167215092107654,5.196353107690811,Ligue 1,2025-2026
12800,Ngal&#039;ayel Mukau,30,1548,1,2.5761082526296377,0,0.5113314716145396,20,13,3,0,M S,Lille,1,2.5761082526296377,6.840969190001488,5.0014454033225775,Ligue 1,2025-2026
12801,Osame Sahraoui,18,471,1,1.278020929545164,2,0.8066076152026653,12,9,0,0,M S,Lille,1,1.278020929545164,4.35419411957264,2.556916333734989,Ligue 1,2025-2026
12846,Louis Leroux,23,1443,1,1.6188924480229616,1,0.7465226091444492,15,16,2,0,D M S,Nantes,1,1.6188924480229616,3.097193729132414,1.815334405750036,Ligue 1,2025-2026
12950,Jordan Teze,33,2515,1,0.7771280901506543,2,4.184554500505328,14,35,7,0,D M S,Monaco,1,0.7771280901506543,11.871654331684113,8.597043918445706,Ligue 1,2025-2026
13206,Matt O&#039;Riley,15,725,1,0.8605696111917496,2,3.089729510247708,7,12,2,0,M S,Marseille,1,0.8605696111917496,6.183519525453448,4.171106377616525,Ligue 1,2025-2026
13471,Soriba Diaoune,10,160,1,0.9795868322253228,1,0.2010346315801143,10,5,0,0,M S,Lille,1,0.9795868322253228,1.3917466141283512,0.5611154288053513,Ligue 1,2025-2026
13548,Stephan Zagadou,8,503,1,0.100525863468647,0,0.1055814241990447,1,2,0,1,D S,Le Havre,1,0.100525863468647,0.8398977145552635,0.8263909742236137,Ligue 1,2025-2026
13612,Lanroy Machine,22,466,1,1.794658513739705,0,0.187988013960421,15,4,1,0,F S,Angers,1,1.794658513739705,2.86862790863961,0.990886607207358,Ligue 1,2025-2026
13626,Quentin Ndjantou,10,344,1,1.466904889792204,1,0.3161036949604749,9,5,1,0,M S,Paris Saint Germain,1,1.466904889792204,3.159311279654503,1.608749993145466,Ligue 1,2025-2026
13734,Adam Karabec,21,922,1,1.5626697093248367,0,2.095198465511203,9,21,3,0,M S,Lyon,1,1.5626697093248367,5.530647456645966,3.182189006358385,Ligue 1,2025-2026
13738,Ruben Kluivert,16,767,1,0.556617259979248,2,0.7292618155479431,2,2,4,0,D S,Lyon,1,0.556617259979248,2.847681365907192,2.847681365907192,Ligue 1,2025-2026
13743,Godson Kyeremeh,13,350,1,0.9026919268071651,1,0.4994545765221119,6,5,0,0,F S,Le Havre,1,0.9026919268071651,1.3432015217840672,0.5874974466860294,Ligue 1,2025-2026
13744,Felix Mambimbi,17,515,1,0.5050474088639021,0,0.6854475047439337,5,7,1,0,F M S,Le Havre,1,0.5050474088639021,1.5925639206543565,0.5822047553956509,Ligue 1,2025-2026
13749,Dro Fernández,12,680,1,1.1994387656450272,0,0.3181849550455808,9,7,0,0,M S,Paris Saint Germain,1,1.1994387656450272,4.123585641384125,3.072950217872858,Ligue 1,2025-2026
13750,Kojo Peprah Oppong,29,2440,1,1.3100588582456112,0,0.5910270726308227,10,6,4,0,D S,Nice,1,1.3100588582456112,6.248266958631575,5.50323548540473,Ligue 1,2025-2026
13751,Isak Jansson,22,623,1,1.4099341221153736,0,0.9481424372643232,16,8,3,0,F M S,Nice,1,1.4099341221153736,2.826853290200233,1.280724035575986,Ligue 1,2025-2026
13755,Mário Sauer,25,611,1,1.286695908755064,0,0.1282690949738025,14,3,4,0,M S,Toulouse,1,1.286695908755064,2.095279081724584,0.7933451663702726,Ligue 1,2025-2026
13757,Alexis Vossah,23,1097,1,0.4475819719955325,1,0.6934271529316902,9,7,5,1,M S,Toulouse,1,0.4475819719955325,2.707592196762562,2.048197515308857,Ligue 1,2025-2026
13758,Seny Koumbassa,10,522,1,0.4978318251669407,0,0.0,3,0,0,0,D S,Toulouse,1,0.4978318251669407,0.8287217114120722,0.8287217114120722,Ligue 1,2025-2026
13782,Nathan Ngoy,29,2397,1,1.562451058998704,2,1.2294035255908966,22,4,10,1,D S,Lille,1,1.562451058998704,10.76134012453258,10.554853018373253,Ligue 1,2025-2026
13783,Marius Broholm,11,269,1,0.9693003743886948,1,0.5659592226147652,4,8,0,0,M S,Lille,0,0.2092052325606346,0.7709199376404285,0.401414081454277,Ligue 1,2025-2026
13795,Dermane Karim,30,1371,1,1.3594817034900188,2,2.476931821554899,16,16,3,0,F M S,Lorient,1,1.3594817034900188,6.1817604545503855,3.060548465698957,Ligue 1,2025-2026
13800,Samir Chergui,15,1157,1,1.7387075843289497,0,0.1467773839831352,13,2,1,0,D M S,Paris FC,1,1.7387075843289497,4.541268460452557,4.155108980834484,Ligue 1,2025-2026
13802,Nouha Dicko,8,51,1,0.6042886339128017,1,0.2991392016410827,5,1,0,0,S,Paris FC,1,0.6042886339128017,0.8723113313317299,0.3390029333531856,Ligue 1,2025-2026
13805,Adama Camara,29,2198,1,1.9149737488478424,0,1.39525724388659,18,16,8,0,D M S,Paris FC,1,1.9149737488478424,9.099290944635868,7.309254512190819,Ligue 1,2025-2026
13818,Kendry Páez,15,411,1,1.0802584141492844,0,0.4478355869650841,10,6,0,0,F M S,Strasbourg,1,1.0802584141492844,2.189251961186528,0.9697998259216548,Ligue 1,2025-2026
13819,Maxi Oyedele,8,456,1,0.076160529628396,0,0.0185837969183921,2,1,3,0,D M S,Strasbourg,1,0.076160529628396,1.2190726716071367,1.142537610605359,Ligue 1,2025-2026
13871,Otávio,23,1907,1,0.5789848626591265,0,0.1723948009312153,12,4,6,1,D S,Paris FC,1,0.5789848626591265,5.907242963090539,5.754136506468058,Ligue 1,2025-2026
13906,Nordan Mukiele,8,69,1,0.1403165059164166,0,0.0916880220174789,4,1,0,0,S,Rennes,1,0.1403165059164166,0.5470891110599041,0.4067725948989391,Ligue 1,2025-2026
13968,Daouda Guindo,25,1689,1,1.0396253047510982,1,0.8110729418694973,21,9,4,1,D S,Brest,1,1.0396253047510982,3.2362389899790287,2.005129542201757,Ligue 1,2025-2026
14033,Mayckel Lahdo,8,434,1,0.659747552126646,1,0.1672076191753149,3,4,1,0,F M S,Nantes,1,0.659747552126646,1.5088953264057636,0.7161721922457218,Ligue 1,2025-2026
14052,Pathé Mboup,28,1028,1,3.5491064712405205,0,1.455665335059166,23,9,6,0,M S,Brest,1,3.5491064712405205,7.232004079967737,2.2468214193359017,Ligue 1,2025-2026
14229,Noam Obougou,5,84,1,0.1607356611639261,0,0.0,4,0,0,0,S,Le Havre,1,0.1607356611639261,0.1486101411283016,0.0,Ligue 1,2025-2026
14241,Kenny Quetant,9,378,1,0.9725517965853214,0,0.0230902209877967,8,1,1,0,F S,Le Havre,1,0.9725517965853214,0.5541733372956514,0.1824631877243518,Ligue 1,2025-2026
14358,Pape Diop,16,1277,1,1.532203583046794,2,1.71294922567904,29,20,2,0,M S,Toulouse,1,1.532203583046794,4.120846760459244,2.7289467100054026,Ligue 1,2025-2026
14363,Rémi Himbert,6,114,1,1.180612087249756,0,0.0,10,0,0,0,F S,Lyon,1,1.180612087249756,0.807693213224411,0.0340640284121036,Ligue 1,2025-2026
14379,Kail Boudache,13,507,1,2.86060961522162,0,0.199295156635344,13,4,1,0,M S,Nice,1,2.86060961522162,2.168492004275322,0.2338301874697208,Ligue 1,2025-2026
14435,Jacen Russell-Rowe,13,461,1,1.5652745682746172,0,0.2025160547345876,11,6,0,0,F S,Toulouse,1,1.5652745682746172,1.8706004470586777,0.5934525821357965,Ligue 1,2025-2026
14532,Jahyann Pandore,4,71,1,0.7361021339893341,0,0.0298503618687391,2,1,0,0,S,Metz,1,0.7361021339893341,1.111371835693717,0.3454193342477083,Ligue 1,2025-2026
14608,Mezian Soares,1,10,1,0.1069712117314338,0,0.0781174078583717,1,1,0,0,S,Lens,1,0.1069712117314338,0.1850886195898056,0.0,Ligue 1,2025-2026
148,Dante,12,861,0,0.2175557473674416,1,0.075519535690546,7,2,1,0,D S,Nice,0,0.2175557473674416,2.9663416743278503,2.9388745287433267,Ligue 1,2025-2026
281,Lukas Hradecky,17,1445,0,0.0,0,0.0,0,0,1,0,GK,Monaco,0,0.0,2.8517859540879726,2.8517859540879726,Ligue 1,2025-2026
399,Ulisses García,4,203,0,0.0429399330168962,0,0.0308229159563779,2,1,1,1,D S,Marseille,0,0.0429399330168962,0.190365944057703,0.1376217044889927,Ligue 1,2025-2026
497,Francis Coquelin,16,669,0,0.1458436166867613,1,0.2469020374119281,6,4,2,0,M S,Nantes,0,0.1458436166867613,0.75743393227458,0.4982971716672182,Ligue 1,2025-2026
782,Ben Chilwell,20,1613,0,0.2908765040338039,2,1.4190899282693863,5,7,4,0,D M S,Strasbourg,0,0.2908765040338039,7.4669726844877,6.263752227649093,Ligue 1,2025-2026
849,Chancel Mbemba,13,949,0,0.3366753682494163,0,0.5853789737448096,7,4,3,0,D S,Lille,0,0.3366753682494163,4.433986961841583,4.335267826914787,Ligue 1,2025-2026
1245,Emerson,28,2110,0,0.5063266586512327,3,5.679353667423129,15,46,3,0,D S,Marseille,0,0.5063266586512327,14.778152668848634,12.660715032368898,Ligue 1,2025-2026
1326,Assane Diousse,15,187,0,0.1560398302972316,0,0.1471826359629631,4,3,3,0,M S,Auxerre,0,0.1560398302972316,0.8970118267461658,0.7924451166763902,Ligue 1,2025-2026
1461,Pol Lirola,3,19,0,0.0,0,0.0796073451638221,0,1,0,0,S,Marseille,0,0.0,0.0796073451638221,0.0,Ligue 1,2025-2026
1516,Geoffrey Kondogbia,10,635,0,0.2751816101372242,0,0.0944272764027118,4,2,3,0,D M S,Marseille,0,0.2751816101372242,2.983300684019923,2.946565704420209,Ligue 1,2025-2026
1740,Paul Pogba,6,102,0,0.0949839726090431,0,0.0,2,0,0,0,M S,Monaco,0,0.0949839726090431,0.069953553378582,0.069953553378582,Ligue 1,2025-2026
1754,Joel Asoro,8,220,0,0.7841950580477715,0,0.0951687544584274,4,1,0,0,F S,Metz,0,0.7841950580477715,0.890510804951191,0.1063157469034195,Ligue 1,2025-2026
1760,Arthur Masuaku,4,235,0,0.0112900361418724,0,0.0515531189739704,1,2,1,0,D S,Lens,0,0.0112900361418724,2.171033039689064,2.159743085503578,Ligue 1,2025-2026
2063,Timothée Kolodziejczak,11,660,0,0.0428484007716178,0,0.0367399360984563,1,2,2,0,D S,Paris FC,0,0.0428484007716178,1.1362606137990952,1.0995206870138643,Ligue 1,2025-2026
2225,Gerónimo Rulli,29,2610,0,0.072814255952835,0,0.0521727837622165,1,1,2,0,GK,Marseille,0,0.072814255952835,5.286058641970158,5.286058641970158,Ligue 1,2025-2026
2276,Lucas Hernández,25,1749,0,0.641115945763886,3,1.280301958322525,11,15,4,0,D S,Paris Saint Germain,0,0.641115945763886,13.89805230870843,12.697192337363958,Ligue 1,2025-2026
2383,André Gomes,2,4,0,0.0,0,0.0,0,0,0,0,S,Lille,0,0.0,0.1375834643840789,0.1375834643840789,Ligue 1,2025-2026
2674,Thilo Kehrer,28,2368,0,1.5215591192245483,0,0.3930577524006367,16,5,5,2,D,Monaco,0,1.5215591192245483,8.062811072915792,8.046329613775015,Ligue 1,2025-2026
3239,Hamari Traore,18,1169,0,0.3639629986137151,1,0.8060098411515355,4,9,4,0,D S,Paris FC,0,0.3639629986137151,4.230144029483199,3.7136071901768446,Ligue 1,2025-2026
3253,Frederic Guilbert,8,614,0,0.340896600857377,0,1.5390042420476675,7,7,1,0,D M S,Nantes,0,0.340896600857377,1.85949700884521,1.641930215060711,Ligue 1,2025-2026
3269,Anthony Lopes,32,2879,0,0.1900636162608862,0,0.0,3,0,4,0,GK,Nantes,0,0.1900636162608862,1.477401552721858,1.373960392549634,Ligue 1,2025-2026
3276,Rachid Ghezzal,10,211,0,0.2386271227151155,0,0.0212944336235523,4,1,0,0,F M S,Lyon,0,0.2386271227151155,0.8847337290644646,0.7071213498711586,Ligue 1,2025-2026
3283,Mathieu Gorgelin,1,90,0,0.0,0,0.0,0,0,0,0,GK,Lens,0,0.0,0.0476509667932987,0.0476509667932987,Ligue 1,2025-2026
3286,Kevin Trapp,22,1980,0,0.0,0,0.0,0,0,2,0,GK,Paris FC,0,0.0,2.614942293614149,2.614942293614149,Ligue 1,2025-2026
3290,Benjamin Stambouli,19,948,0,0.3095360938459635,0,0.9149716086685658,6,8,0,0,M S,Metz,0,0.3095360938459635,2.0300648361444478,1.5586694106459618,Ligue 1,2025-2026
3291,Adrien Rabiot,1,90,0,0.0285489968955516,0,0.1987203657627105,1,4,1,0,M,Marseille,0,0.0285489968955516,0.2597158551216125,0.1337805688381195,Ligue 1,2025-2026
3297,Marquinhos,14,1040,0,0.0568516142666339,0,0.0329714883118867,3,2,0,0,D S,Paris Saint Germain,0,0.0568516142666339,5.328810071572661,5.295838570222259,Ligue 1,2025-2026
3393,Bouna Sarr,12,898,0,1.810309385880828,0,0.7083156369626522,15,8,1,0,D M S,Metz,0,1.810309385880828,4.318000100553036,2.3380876444280148,Ligue 1,2025-2026
3414,Maxime Dupé,8,720,0,0.0,0,0.0287394300103187,0,1,0,0,GK,Nice,0,0.0,0.6414920538663864,0.6414920538663864,Ligue 1,2025-2026
3495,Pierrick Capelle,16,643,0,0.7181477919220924,1,0.6064471378922462,10,6,2,0,M S,Angers,0,0.7181477919220924,2.7191668786108494,1.6408849731087685,Ligue 1,2025-2026
3621,Neal Maupay,1,1,0,0.0,0,0.0,0,0,0,0,S,Marseille,0,0.0,0.0,0.0,Ligue 1,2025-2026
3696,Morgan Sanson,31,1759,0,2.0870378920808434,2,1.4652982922270894,19,12,4,0,M S,Nice,0,2.0870378920808434,4.909108147956431,1.953938601538539,Ligue 1,2025-2026
3772,Maxime Lopez,26,1972,0,1.19584228284657,3,5.305629551410675,13,44,9,0,M S,Paris FC,0,1.19584228284657,15.837323753163218,11.921094071120024,Ligue 1,2025-2026
3785,Kelvin Adou,23,1964,0,0.340591112151742,1,1.3137031211517751,10,8,3,0,D S,Nantes,0,0.340591112151742,4.207194481045008,3.044281706213951,Ligue 1,2025-2026
3786,Mathieu Cafaro,10,133,0,0.3560937438160181,0,0.2414950653910637,7,3,0,0,F S,Paris FC,0,0.3560937438160181,0.8715657591819763,0.555083841085434,Ligue 1,2025-2026
4748,Brice Samba,32,2880,0,0.0,0,0.0573797356337308,0,2,5,0,GK,Rennes,0,0.0,6.368423242121935,6.332895465195179,Ligue 1,2025-2026
4941,Hans Hateboer,16,744,0,0.3286443073302507,0,0.0340640284121036,7,1,0,1,D S,"Lyon,Rennes",0,0.3286443073302507,2.8689861558377743,2.6208875365555286,Ligue 1,2025-2026
5177,Caio Henrique,22,1527,0,0.1910106763243675,2,3.198100356385112,2,21,2,0,D M S,Monaco,0,0.1910106763243675,4.503836177289486,3.891177363693714,Ligue 1,2025-2026
5480,Matvey Safonov,15,1350,0,0.0,0,0.0981416627764701,0,2,0,0,GK,Paris Saint Germain,0,0.0,3.062261149287224,2.9641194865107536,Ligue 1,2025-2026
5648,Malang Sarr,33,2933,0,1.7760464074090123,1,0.4707724899053573,23,6,4,0,D,Lens,0,1.7760464074090123,15.254046250134706,14.718481972813606,Ligue 1,2025-2026
5690,Karl-Johan Johnsson,1,90,0,0.0,0,0.0,0,0,0,0,GK,Strasbourg,0,0.0,0.3783048093318939,0.3783048093318939,Ligue 1,2025-2026
5732,Abdoulaye Bamba,6,255,0,0.0148292882367968,0,0.0,1,0,1,0,D S,Angers,0,0.0148292882367968,0.384023517370224,0.3691942393779754,Ligue 1,2025-2026
5756,Carlens Arcus,26,2053,0,0.2048528864979744,3,2.0858899280428886,9,16,7,0,D S,Angers,0,0.2048528864979744,8.311523443087935,7.4888695646077394,Ligue 1,2025-2026
5762,Pierre-Yves Hamel,2,78,0,0.0,0,0.0,0,0,0,0,F S,Paris FC,0,0.0,0.1015194579958915,0.1015194579958915,Ligue 1,2025-2026
5768,Remy Descamps,5,450,0,0.0,0,0.0,0,0,0,0,GK,Lyon,0,0.0,0.873858168721199,0.873858168721199,Ligue 1,2025-2026
5803,Fode Toure,13,866,0,0.2401369120925665,0,0.9939170219004154,5,4,2,0,D S,Metz,0,0.2401369120925665,1.0049719577655196,0.7275086650624871,Ligue 1,2025-2026
5962,Tanguy NDombele Alvaro,8,273,0,0.2731320112943649,1,0.4950277805328369,5,5,0,0,M S,Nice,0,0.2731320112943649,0.9504848010838032,0.2175728492438793,Ligue 1,2025-2026
5974,Bingourou Kamara,3,270,0,0.0,0,0.0,0,0,0,0,GK,Lorient,0,0.0,0.0,0.0,Ligue 1,2025-2026
5975,Kenny Lala,32,2793,0,0.2368002831935882,3,3.7020830307155848,8,26,4,0,D S,Brest,0,0.2368002831935882,10.935884578153493,8.608638597652316,Ligue 1,2025-2026
5989,Moussa Niakhate,32,2750,0,0.1709757754579186,2,0.8175685852766037,4,14,3,0,D S,Lyon,0,0.1709757754579186,13.671839209273458,13.137365105561912,Ligue 1,2025-2026
6007,Nicolas Cozza,30,2387,0,1.9409650396555664,1,0.4439432024955749,11,10,2,0,D S,Nantes,0,1.9409650396555664,2.8587443996220827,2.391083136200905,Ligue 1,2025-2026
6015,Kouakou Herve Koffi,30,2661,0,0.0,0,0.0,0,0,1,0,GK,Angers,0,0.0,4.953274139203131,4.953274139203131,Ligue 1,2025-2026
6088,Orel Mangala,9,414,0,0.1820595450699329,0,0.1646348182111978,4,5,0,0,M S,Lyon,0,0.1820595450699329,1.319554977118969,1.0466066375374794,Ligue 1,2025-2026
6110,Yvon Mvogo,31,2790,0,0.0,0,0.0835237056016922,0,1,0,0,GK,Lorient,0,0.0,3.308992366306484,3.308992366306484,Ligue 1,2025-2026
6333,Elisha Owusu,29,2366,0,0.1431004349142313,0,1.0085062738507986,7,12,7,0,M S,Auxerre,0,0.1431004349142313,5.528114141896367,4.889742797240615,Ligue 1,2025-2026
6420,Romain Faivre,10,592,0,0.4254572987556457,2,1.0503338649868963,11,10,0,0,F M S,Auxerre,0,0.4254572987556457,0.9647739827632904,0.6326931342482567,Ligue 1,2025-2026
6709,Yehvann Diouf,26,2340,0,0.0,0,0.0,0,0,1,0,GK,Nice,0,0.0,2.103915302082896,2.103915302082896,Ligue 1,2025-2026
6895,Jordan Lefort,34,3060,0,0.6379672419279814,2,0.8968721181154251,11,8,2,0,D,Angers,0,0.6379672419279814,8.235661486163735,7.759192215278745,Ligue 1,2025-2026
6904,Ibrahima Sissoko,14,901,0,0.1656182212755084,0,0.8984191156923771,6,4,4,0,D M S,Nantes,0,0.1656182212755084,4.065130893141031,3.4186657033860683,Ligue 1,2025-2026
7206,Jonathan Gradit,9,810,0,0.10594142973423,0,0.0885385647416114,2,2,2,0,D,Lens,0,0.10594142973423,2.78721896186471,2.739480827003717,Ligue 1,2025-2026
7486,Leonardo Balerdi,26,1996,0,2.5971892066299915,1,0.2388758808374405,20,5,5,0,D S,Marseille,0,2.5971892066299915,13.10189403500408,12.960436417721212,Ligue 1,2025-2026
7649,Younes Namli,12,300,0,0.1397290034219622,1,0.4426164589822292,4,2,2,0,F M S,Le Havre,0,0.1397290034219622,0.6029007220640779,0.4048599619418382,Ligue 1,2025-2026
7732,Haris Belkebla,33,2894,0,0.1648719646036625,0,0.588433382101357,5,16,7,0,M,Angers,0,0.1648719646036625,6.914338298141956,6.294488521292806,Ligue 1,2025-2026
7735,Donovan Léon,29,2465,0,0.0,0,0.0648864954710006,0,1,1,2,GK,Auxerre,0,0.0,1.6310187000781298,1.5661322008818388,Ligue 1,2025-2026
7765,Thomas Delaine,5,200,0,0.0810187254101038,0,0.2349496707320213,3,3,0,0,D M S,Le Havre,0,0.0810187254101038,0.5613143611699343,0.530651330947876,Ligue 1,2025-2026
8028,Uros Radakovic,6,91,0,0.0,0,0.0908905118703842,0,1,0,0,D S,Nantes,0,0.0,0.0908905118703842,0.0,Ligue 1,2025-2026
8372,Lucas Gourna Douath,15,1275,0,0.2040942274034023,0,0.1832763087004423,9,6,5,0,M S,Le Havre,0,0.2040942274034023,2.2300780918449163,1.9834622982889412,Ligue 1,2025-2026
8638,Lucas Chevalier,17,1530,0,0.0,0,0.0,0,0,0,0,GK,Paris Saint Germain,0,0.0,3.965225800871849,3.965225800871849,Ligue 1,2025-2026
8641,Radoslaw Majecki,10,868,0,0.0,0,0.0,0,0,0,1,GK,Brest,0,0.0,0.7219709865748882,0.7219709865748882,Ligue 1,2025-2026
8646,Wout Faes,14,1136,0,0.559219591319561,0,0.040780272334814,5,1,3,0,D S,Monaco,0,0.559219591319561,3.3923608884215355,3.3923608884215355,Ligue 1,2025-2026
8647,Thibault De Smet,17,1153,0,0.1855126786977052,1,0.3585076257586479,4,4,2,2,D S,Paris FC,0,0.1855126786977052,4.638216312974691,4.51627979055047,Ligue 1,2025-2026
8664,Facundo Medina,17,1381,0,0.4502068478614092,1,1.3081317506730556,4,7,7,0,D S,Marseille,0,0.4502068478614092,9.715698964893818,9.559939444065094,Ligue 1,2025-2026
8677,Lilian Brassier,27,2253,0,0.8947227848693728,1,0.9079731702804564,11,13,2,0,D S,Rennes,0,0.8947227848693728,8.077245973050594,7.724599443376064,Ligue 1,2025-2026
8686,Cheick Tidiane Sabaly,14,972,0,1.4295627772808075,2,1.8838837835937736,8,10,2,0,F M S,Metz,0,1.4295627772808075,3.6454500779509535,0.5496342591941357,Ligue 1,2025-2026
8701,Timothee Pembele,14,354,0,0.2248245291411876,0,0.0487215127795934,4,2,2,0,D S,Le Havre,0,0.2248245291411876,0.3499179538339376,0.3063123635947704,Ligue 1,2025-2026
8768,Kevin Omoruyi,23,864,0,3.996253340505064,0,0.4324168488383293,22,3,3,0,F S,Nice,0,3.996253340505064,4.623655288480222,1.3291925340890884,Ligue 1,2025-2026
9250,Reda Khadra,8,208,0,0.255093090236187,0,0.3646051771938801,6,6,0,0,F S,Le Havre,0,0.255093090236187,0.3439607117325067,0.082182053476572,Ligue 1,2025-2026
9274,Naouirou Ahamada,15,676,0,0.42560575902462,1,0.436866957694292,6,6,0,0,M S,Auxerre,0,0.42560575902462,1.4489535465836525,0.5864808410406113,Ligue 1,2025-2026
9279,Krépin Diatta,18,997,0,0.9261248912662268,1,1.7593798488378525,7,12,2,0,D M S,Monaco,0,0.9261248912662268,5.158774934709072,3.25042811781168,Ligue 1,2025-2026
9523,Andy Diouf,1,90,0,0.1755841225385666,0,0.0,3,0,0,0,M,Lens,0,0.1755841225385666,0.2758803963661194,0.1002962738275528,Ligue 1,2025-2026
9563,Mamadou Mbow,31,2711,0,0.5624838881194592,1,0.5212737750262022,10,4,5,0,D S,Paris FC,0,0.5624838881194592,8.553314772434533,8.509468046016991,Ligue 1,2025-2026
9616,Grégoire Coudert,25,2188,0,0.0,0,0.0,0,0,2,0,GK S,Brest,0,0.0,1.60645292699337,1.60645292699337,Ligue 1,2025-2026
9631,Christopher Wooh,2,64,0,0.0,0,0.0,0,0,0,1,D S,Rennes,0,0.0,0.3322351574897766,0.3322351574897766,Ligue 1,2025-2026
9632,Deiver Machado,19,1201,0,0.9087755605578424,1,1.3946983963251114,13,7,3,0,D M S,"Lens,Nantes",0,0.9087755605578424,4.014362066984177,1.735212780535221,Ligue 1,2025-2026
9642,Salis Abdul Samed,18,935,0,0.0150888161733746,0,0.0130633702501654,1,1,3,0,M S,Nice,0,0.0150888161733746,1.7302154079079628,1.7171520367264748,Ligue 1,2025-2026
9652,Alidu Seidu,21,1194,0,0.0986225018277764,1,1.1613133689388633,5,8,1,0,D S,Rennes,0,0.0986225018277764,5.668631431646645,5.559483170509338,Ligue 1,2025-2026
9655,Pablo Rosario,1,19,0,0.0812314674258232,0,0.1006641313433647,2,1,0,0,S,Nice,0,0.0812314674258232,0.2268148213624954,0.1455833613872528,Ligue 1,2025-2026
9658,Billal Brahimi,1,1,0,0.0,0,0.0987878814339637,0,1,0,0,S,Nice,0,0.0,0.0987878814339637,0.0987878814339637,Ligue 1,2025-2026
9659,Bradley Locko,21,1281,0,0.0710438583046197,2,1.333613121882081,2,8,0,0,D S,Brest,0,0.0710438583046197,3.9428437734022737,3.614086621440947,Ligue 1,2025-2026
9673,Bilal Nadir,20,564,0,0.3718383200466633,4,1.9472699239850044,7,11,4,1,M S,Marseille,0,0.3718383200466633,7.013857154175639,4.764937616884708,Ligue 1,2025-2026
9699,Bamo Meïté,25,1977,0,0.87373461201787,3,1.2407074691727755,8,7,5,0,D S,Lorient,0,0.87373461201787,3.8321797102689743,3.398215990513563,Ligue 1,2025-2026
9756,Dominik Greif,29,2610,0,0.0,1,0.1348658353090286,0,2,1,0,GK,Lyon,0,0.0,5.989278774708509,5.8544129319489,Ligue 1,2025-2026
9807,Gideon Mensah,30,2353,0,0.0131184523925185,2,1.6474777832627296,1,17,8,0,D S,Auxerre,0,0.0131184523925185,5.018066395074129,4.069401972927153,Ligue 1,2025-2026
9826,Axel Camblan,1,6,0,0.0,0,0.0274760853499174,0,1,0,0,S,Brest,0,0.0,0.1070601195096969,0.1070601195096969,Ligue 1,2025-2026
9873,Montassar Talbi,29,2610,0,0.8630059463903308,1,0.8650193754583597,14,7,3,0,D,Lorient,0,0.8630059463903308,6.319058058783412,6.078627992421389,Ligue 1,2025-2026
10057,Felix Lemarechal,11,556,0,0.911349218338728,2,1.2359443046152592,10,7,1,0,F M S,Strasbourg,0,0.911349218338728,3.2352783121168613,1.358577482402325,Ligue 1,2025-2026
10169,Diego Coppola,13,1170,0,0.3868824653327465,2,0.6742797177284956,5,3,1,0,D,Paris FC,0,0.3868824653327465,3.065292614512145,2.7477271733805537,Ligue 1,2025-2026
10172,Jonathan Rowe,1,69,0,0.4206070303916931,0,0.0,5,0,0,0,M,Marseille,0,0.4206070303916931,0.5255916714668274,0.132924884557724,Ligue 1,2025-2026
10174,CJ Egan-Riley,11,624,0,0.0,0,0.5053555741906166,0,2,1,1,D S,Marseille,0,0.0,2.0329333720728755,1.5275778053328395,Ligue 1,2025-2026
10243,Jacques Ekomie,32,2242,0,1.0237290244549513,0,1.394510144367814,13,12,3,0,D S,Angers,0,1.0237290244549513,4.699804873205721,2.860295772086829,Ligue 1,2025-2026
10271,Vanderson,14,609,0,0.1478172391653061,2,1.3581282254308462,3,11,4,0,D M S,Monaco,0,0.1478172391653061,3.2797976564615965,2.639238817617297,Ligue 1,2025-2026
10390,Ismaël Doukouré,25,2090,0,0.520645690150559,2,0.7339983405545354,7,6,4,2,D M,Strasbourg,0,0.520645690150559,8.15952231734991,7.986851118505001,Ligue 1,2025-2026
10397,Ugo Raghouber,1,1,0,0.0,0,0.0,0,0,0,0,S,Lille,0,0.0,0.5803102254867554,0.5803102254867554,Ligue 1,2025-2026
10467,Soumaila Coulibaly,16,1343,0,0.2997979279607534,0,0.0143665354698896,6,1,3,0,D S,Brest,0,0.2997979279607534,3.665989134460688,3.665989134460688,Ligue 1,2025-2026
10701,Nicolás Tagliafico,20,1292,0,1.8607485853135584,3,2.174845789559185,15,13,3,2,D S,Lyon,0,1.8607485853135584,6.438942648470402,4.168301462195814,Ligue 1,2025-2026
10702,Johann Lepenant,28,2265,0,0.8502923585474491,1,2.2118827141821384,22,33,4,0,F M S,Nantes,0,0.8502923585474491,5.685858994722366,4.117297636345029,Ligue 1,2025-2026
10769,Robin Risser,33,2970,0,0.0,1,0.0707157272845506,0,2,2,0,GK,Lens,0,0.0,5.969834169372916,5.8991184420883656,Ligue 1,2025-2026
10771,Ben Seghir,2,40,0,0.0649819150567054,0,0.0,1,0,0,0,S,Monaco,0,0.0649819150567054,0.0649819150567054,0.0,Ligue 1,2025-2026
10780,Mory Diaw,30,2662,0,0.0,1,0.2680368945002556,0,3,1,0,GK,Le Havre,0,0.0,4.21309878397733,3.9779294030740857,Ligue 1,2025-2026
10790,Branco van den Boomen,15,1254,0,1.0635485812090335,1,2.3352177385240798,13,28,3,0,M S,Angers,0,0.3034534617327153,5.750964725390077,4.139429623261094,Ligue 1,2025-2026
10800,Kjetil Haug,1,27,0,0.0,0,0.0,0,0,0,0,S,Toulouse,0,0.0,0.3960287570953369,0.3960287570953369,Ligue 1,2025-2026
10810,Alexsandro Ribeiro,9,511,0,0.2516534775495529,0,0.0,7,0,0,1,D S,Lille,0,0.2516534775495529,3.515724942088127,3.515724942088127,Ligue 1,2025-2026
10844,Darline Yongwa,23,1285,0,0.7409866116940975,1,2.4014131873846054,10,17,4,1,D S,Lorient,0,0.7409866116940975,4.1103757210075855,1.5042753145098686,Ligue 1,2025-2026
10854,Souleymane Isaak Touré,1,25,0,0.0,0,0.0,0,0,0,0,S,Lorient,0,0.0,0.0669149309396743,0.0669149309396743,Ligue 1,2025-2026
11061,Michel Diaz,20,1555,0,0.8775945119559765,0,0.0303069576621055,7,1,4,0,D S,Brest,0,0.8775945119559765,2.8094221614301205,2.2683826945722103,Ligue 1,2025-2026
11062,Badredine Bouanani,2,88,0,0.0596934780478477,0,0.0380774699151515,1,1,0,0,M S,Nice,0,0.0596934780478477,0.7065351828932762,0.6087642312049866,Ligue 1,2025-2026
11131,Christian Mawissa Elebi,18,1178,0,0.3248561099171638,0,0.3562596291303634,2,5,4,0,D S,Monaco,0,0.3248561099171638,3.712346743792296,3.0805793963372707,Ligue 1,2025-2026
11157,Sael Kumbedi,1,69,0,0.0316654555499553,0,0.0,1,0,1,0,D,Lyon,0,0.0316654555499553,0.5758469104766846,0.5758469104766846,Ligue 1,2025-2026
11250,Théo De Percin,8,589,0,0.0,0,0.0,0,0,0,0,GK S,Auxerre,0,0.0,0.2186872474849224,0.2186872474849224,Ligue 1,2025-2026
11253,Mamadou Sarr,15,1306,0,0.0497182086110115,0,0.0402926057577133,1,1,3,0,D,Strasbourg,0,0.0497182086110115,4.751081405207515,4.710788814350963,Ligue 1,2025-2026
11295,David Datro Fofana,5,172,0,0.9711511135101318,0,0.0276005733758211,3,1,0,0,F S,Strasbourg,0,0.9711511135101318,1.0593343377113342,0.2839768826961517,Ligue 1,2025-2026
11339,Youssouf Ndayishimiye,2,71,0,0.0,0,0.0,0,0,0,1,M S,Nice,0,0.0,0.0,0.0,Ligue 1,2025-2026
11371,Ibrahim Salah,2,22,0,0.0487111434340477,0,0.0,1,0,0,0,S,Rennes,0,0.0487111434340477,0.385202556848526,0.385202556848526,Ligue 1,2025-2026
11494,Justin-Noel Kalumba,4,224,0,0.0164420362561941,0,0.2669835407286882,1,4,0,0,F M S,Angers,0,0.0164420362561941,0.3195158392190933,0.1083559468388557,Ligue 1,2025-2026
11545,Jérémy Jacquet,19,1678,0,0.7883376181125641,0,0.5708747990429401,11,8,4,1,D,Rennes,0,0.7883376181125641,7.01008303463459,6.824784852564335,Ligue 1,2025-2026
11756,Tiago Santos,15,714,0,0.5296922102570534,0,0.7291203085333109,9,6,0,0,D S,Lille,0,0.5296922102570534,3.5128089524805546,2.978833455592394,Ligue 1,2025-2026
11758,Ousmane Touré,1,57,0,0.0,0,0.0,0,0,0,0,D,Lille,0,0.0,0.1789066791534423,0.1789066791534423,Ligue 1,2025-2026
11770,Formose Mendy,2,142,0,0.0,0,0.0,0,0,1,0,D,Lorient,0,0.0,0.594171829521656,0.594171829521656,Ligue 1,2025-2026
11776,Guillaume Restes,34,3033,0,0.0,0,0.0612147636711597,0,1,3,0,GK,Toulouse,0,0.0,2.951088210567832,2.951088210567832,Ligue 1,2025-2026
11781,Philipp Köhn,19,1615,0,0.0,0,0.0,0,0,0,0,GK S,Monaco,0,0.0,2.2199502903968096,2.2199502903968096,Ligue 1,2025-2026
11787,Loïc Négo,30,2339,0,0.5308519587852061,0,1.5366831179708242,16,15,3,0,D M S,Le Havre,0,0.5308519587852061,4.094172183424234,3.173476282507181,Ligue 1,2025-2026
11796,Étienne Youté,9,415,0,0.0,0,0.0365060158073902,0,1,2,0,D M S,Le Havre,0,0.0,0.8774306029081345,0.8409245871007442,Ligue 1,2025-2026
11797,Maxime Colin,22,1697,0,0.2320893183350563,0,0.2164770439267158,7,6,1,0,D S,Metz,0,0.2320893183350563,2.7880767323076725,2.666722809895873,Ligue 1,2025-2026
11802,Malick Mbaye,5,302,0,0.0794959422200918,0,0.1359674669802189,2,2,1,0,M S,Metz,0,0.0794959422200918,0.276722751557827,0.1487007550895214,Ligue 1,2025-2026
11816,Abakar Sylla,3,68,0,0.3827866427600384,0,0.0,2,0,0,0,D S,"Nantes,Strasbourg",0,0.3827866427600384,0.1025833263993263,0.1025833263993263,Ligue 1,2025-2026
11819,Clinton Mata,32,2845,0,0.1720375660806894,0,0.0863934475928545,5,2,5,0,D,Lyon,0,0.1720375660806894,11.681384408846498,11.58082594908774,Ligue 1,2025-2026
11910,William Pacho,23,1910,0,0.4116395451128483,0,0.086424134671688,8,2,0,0,D S,Paris Saint Germain,0,0.4116395451128483,13.224247073754668,13.1378229316324,Ligue 1,2025-2026
11946,Mohamed Kaba,13,1028,0,1.3476893231272695,2,1.95227812230587,11,12,2,0,M S,Nantes,0,1.3476893231272695,4.149868421256542,1.6434682048857212,Ligue 1,2025-2026
11952,Fodé Sylla,4,94,0,0.0,0,0.033555407077074,0,1,0,0,M S,Lens,0,0.0,0.4241098240017891,0.3905544206500053,Ligue 1,2025-2026
12001,Joseph N&#039;Duquidi,1,4,0,0.0,0,0.0,0,0,0,0,S,Metz,0,0.0,0.0,0.0,Ligue 1,2025-2026
12004,Joel Mvuka,15,549,0,0.6974976677447557,0,1.0097364392131567,8,4,0,0,D S,Lorient,0,0.6974976677447557,1.845053747296333,0.3056419380009174,Ligue 1,2025-2026
12038,Fabian Rieder,3,144,0,0.0142771871760487,0,0.2747606635093689,1,2,0,0,M S,Rennes,0,0.0142771871760487,0.4903169274330139,0.2012790739536285,Ligue 1,2025-2026
12039,Bertug Yildirim,1,1,0,0.0,0,0.1205417215824127,0,1,0,0,S,Rennes,0,0.0,0.1205417215824127,0.1205417215824127,Ligue 1,2025-2026
12060,Ernest Nuamah,3,16,0,0.1711354404687881,0,0.0,2,0,0,0,S,Lyon,0,0.1711354404687881,0.7869331538677216,0.6157977283000946,Ligue 1,2025-2026
12151,Gabriel Osho,2,139,0,0.0,0,0.0,0,0,0,0,D,Auxerre,0,0.0,0.650982778519392,0.650982778519392,Ligue 1,2025-2026
12159,Mahamadou Nagida,19,780,0,0.5822554156184196,0,0.1402588495984673,13,5,2,0,D S,Rennes,0,0.5822554156184196,3.799535229802132,3.1996151953935623,Ligue 1,2025-2026
12162,Ayyoub Bouaddi,30,2354,0,1.0655275946483016,1,2.003947176970541,16,21,7,1,D M S,Lille,0,1.0655275946483016,12.056816457770765,10.517980525270104,Ligue 1,2025-2026
12186,Kassoum Ouattara,15,992,0,1.185075655579567,3,2.7024725899100304,12,17,3,0,D M S,Monaco,0,1.185075655579567,7.205395624041557,4.093011476099491,Ligue 1,2025-2026
12255,Paris Brunner,7,113,0,0.5115629099309444,0,0.0,4,0,1,0,F S,Monaco,0,0.5115629099309444,0.5115629099309444,0.0,Ligue 1,2025-2026
12258,Luc Zogbe,9,281,0,0.0479104351252317,0,0.0833600759506225,3,1,0,0,D S,Brest,0,0.0479104351252317,1.5539409331977367,1.5539409331977367,Ligue 1,2025-2026
12304,Renato Marin,2,180,0,0.0,0,0.0,0,0,0,0,GK,Paris Saint Germain,0,0.0,0.1977738849818706,0.1977738849818706,Ligue 1,2025-2026
12317,Nhoa Sangui,26,1723,0,0.5336753763258457,0,1.2438078951090574,4,17,0,0,D S,Paris FC,0,0.5336753763258457,7.389661949127912,6.244092863053083,Ligue 1,2025-2026
12330,Noah Edjouma,15,319,0,0.6705907993018627,0,0.4905140548944473,10,7,0,0,F M S,"Lille,Toulouse",0,0.6705907993018627,1.5204327329993248,0.512029554694891,Ligue 1,2025-2026
12344,Anthony Bermont,10,68,0,0.1944949701428413,0,0.0,4,0,0,0,S,Lens,0,0.1944949701428413,1.239801548421383,1.0453065782785416,Ligue 1,2025-2026
12376,Lucas Michal,11,245,0,0.8605251368135214,0,0.098887275904417,8,2,1,0,M S,"Metz,Monaco",0,0.8605251368135214,0.958315153606236,0.1268871249631047,Ligue 1,2025-2026
12382,Nathaniel Adjei,15,830,0,0.5435007661581039,0,0.0711866319179534,4,1,0,0,D S,Lorient,0,0.5435007661581039,1.2726756948977709,1.2014890629798174,Ligue 1,2025-2026
12392,Arthur Vermeeren,20,806,0,0.3678686078637838,1,0.7389395069330931,3,11,1,1,M S,Marseille,0,0.3678686078637838,4.488341554999352,3.467931855469942,Ligue 1,2025-2026
12400,Rabby Nzingoula,4,44,0,0.0482503212988376,0,0.073959931731224,1,1,0,1,S,Strasbourg,0,0.0482503212988376,0.1222102530300617,0.0,Ligue 1,2025-2026
12451,Djaoui Cissé,24,965,0,0.7663131225854158,0,0.8388501536101103,24,13,3,0,M S,Rennes,0,0.7663131225854158,4.438290206715465,3.444454189389944,Ligue 1,2025-2026
12467,Paul Argney,1,90,0,0.0,0,0.0,0,0,0,0,GK,Le Havre,0,0.0,0.0,0.0,Ligue 1,2025-2026
12530,Mikayil Faye,1,5,0,0.0,0,0.0,0,0,0,0,S,Rennes,0,0.0,0.1205417215824127,0.1205417215824127,Ligue 1,2025-2026
12589,Vincent Burlet,1,13,0,0.0,0,0.3438287079334259,0,1,0,0,S,Lille,0,0.0,0.3438287079334259,0.3438287079334259,Ligue 1,2025-2026
12598,Rafik Messali,12,493,0,0.0,0,0.6397527754306793,0,3,2,0,D M S,Toulouse,0,0.0,1.0807295013219118,0.4409767556935549,Ligue 1,2025-2026
12601,Darryl Bakola,8,46,0,0.0401496291160583,0,0.0255114305764436,2,1,0,0,S,Marseille,0,0.0401496291160583,1.3969884980469942,1.3313274383544922,Ligue 1,2025-2026
12731,Daren Mosengo,7,90,0,0.0,0,0.0,0,0,0,0,S,Le Havre,0,0.0,0.168661069124937,0.168661069124937,Ligue 1,2025-2026
12769,Derek Cornelius,2,58,0,0.0,0,0.0,0,0,0,0,S,Marseille,0,0.0,0.0,0.0,Ligue 1,2025-2026
12772,Jeffrey de Lange,5,450,0,0.0,0,0.1029973775148391,0,1,0,0,GK,Marseille,0,0.0,2.4000284634530544,2.2970311008393764,Ligue 1,2025-2026
12808,Mathis Amougou,12,407,0,0.1451113596558571,0,0.2477673664689064,3,5,1,0,M S,Strasbourg,0,0.1451113596558571,0.8676219303160906,0.5532037187367678,Ligue 1,2025-2026
12824,Clément Akpa,26,1940,0,0.2357997857034206,0,0.4232827648520469,6,9,2,1,D S,Auxerre,0,0.2357997857034206,2.524600649252534,2.4244638979434967,Ligue 1,2025-2026
12825,Theo Bair,2,4,0,0.0,0,0.0,0,0,0,0,S,Auxerre,0,0.0,0.0,0.0,Ligue 1,2025-2026
12826,Lasso Coulibaly,17,271,0,0.2644320409744978,0,0.2651809938251972,3,4,1,0,M S,Auxerre,0,0.2644320409744978,0.4808667823672294,0.1118076220154762,Ligue 1,2025-2026
12842,Mark McKenzie,30,2497,0,0.2593727596104145,2,2.299533972516656,6,17,7,1,D S,Toulouse,0,0.2593727596104145,7.279053285717964,5.792841300368309,Ligue 1,2025-2026
12845,Mathieu Acapandié,7,348,0,0.0,0,0.2842267602682113,0,4,0,0,D M S,Nantes,0,0.0,0.9171111807227136,0.6666844263672829,Ligue 1,2025-2026
12848,Florent Hanin,25,857,0,0.0746449474245309,0,0.7792584672570229,3,8,0,0,D S,Angers,0,0.0746449474245309,3.0628660544753075,2.31902040168643,Ligue 1,2025-2026
12849,Melvin Zinga,3,219,0,0.0,0,0.0,0,0,0,0,GK S,Angers,0,0.0,0.3656762950122356,0.3656762950122356,Ligue 1,2025-2026
12851,Emmanuel Biumla,9,378,0,0.0490937940776348,0,0.0,2,0,0,0,D S,Angers,0,0.0490937940776348,0.2214213348925113,0.1817069798707962,Ligue 1,2025-2026
12879,Glen Kamara,4,47,0,0.0,0,0.0,0,0,0,0,S,Rennes,0,0.0,0.2629594877362251,0.2629594877362251,Ligue 1,2025-2026
12962,Ibrahim Kanté,1,6,0,0.0,0,0.0,0,0,0,0,S,Brest,0,0.0,0.0,0.0,Ligue 1,2025-2026
12969,Moïse Bombito,2,154,0,0.0,0,0.0,0,0,1,0,D,Nice,0,0.0,0.0,0.0,Ligue 1,2025-2026
13010,Enzo Molébé,1,7,0,0.0,0,0.0,0,0,0,0,S,Lyon,0,0.0,0.0,0.0,Ligue 1,2025-2026
13016,Hong Hyun-Seok,6,281,0,0.5409451853483915,0,0.0377709530293941,4,1,0,0,M S,Nantes,0,0.5409451853483915,0.8386293146759272,0.3660714421421289,Ligue 1,2025-2026
13024,Serigne Diop,2,2,0,0.0950392112135887,0,0.0,1,0,0,0,S,Brest,0,0.0950392112135887,0.0,0.0,Ligue 1,2025-2026
13049,Damián Pizarro,2,15,0,0.0,0,0.0,0,0,0,0,S,Le Havre,0,0.0,0.0123843951150774,0.0123843951150774,Ligue 1,2025-2026
13089,Patrik Carlgren,3,181,0,0.0,0,0.0,0,0,0,0,GK S,Nantes,0,0.0,0.0,0.0,Ligue 1,2025-2026
13091,Jaydee Canvot,2,180,0,0.100351944565773,0,0.0,2,0,1,0,D M,Toulouse,0,0.100351944565773,0.1547568142414093,0.0544048696756362,Ligue 1,2025-2026
13100,Juma Bah,26,1947,0,1.1328875198960304,0,1.5613946039229631,7,6,7,0,D S,Nice,0,1.1328875198960304,5.29360275901854,4.628072407096624,Ligue 1,2025-2026
13137,Sékou Doucouré,2,127,0,0.0156705901026725,0,0.0,1,0,0,0,D S,Nantes,0,0.0156705901026725,0.0,0.0,Ligue 1,2025-2026
13141,Kyllian Antonio,4,183,0,0.0487033985555172,1,0.2253687977790832,1,1,1,0,D S,Lens,0,0.0487033985555172,0.4417223110795021,0.2163535133004188,Ligue 1,2025-2026
13158,Marius Courcoul,18,336,0,0.0531341508030891,0,0.1314946906641125,2,3,0,0,M S,Angers,0,0.0531341508030891,0.940909923054278,0.7930673100054264,Ligue 1,2025-2026
13159,Marius Louãr,9,535,0,0.0,0,0.2255099937319755,0,4,1,0,D S,Angers,0,0.0,0.7833105176687241,0.6050125956535339,Ligue 1,2025-2026
13181,Samuel Nibombé,1,1,0,0.0,0,0.0,0,0,0,0,S,Monaco,0,0.0,0.0,0.0,Ligue 1,2025-2026
13211,Mathis Saka,1,2,0,0.0,0,0.0,0,0,0,0,S,Toulouse,0,0.0,0.0,0.0,Ligue 1,2025-2026
13214,Aladji Bamba,18,830,0,0.110935527831316,2,1.7227396704256537,2,13,3,0,M S,Monaco,0,0.110935527831316,3.5805662348866463,2.6919214464724064,Ligue 1,2025-2026
13246,Amadou Cissé,1,90,0,0.0,0,0.0709103196859359,0,1,0,0,D,Strasbourg,0,0.0,0.1132614761590957,0.0423511564731597,Ligue 1,2025-2026
13265,Everton Pereira,2,71,0,0.0265566799789667,0,0.0,1,0,0,0,M S,Nice,0,0.0265566799789667,0.04556879773736,0.04556879773736,Ligue 1,2025-2026
13281,Bernard Nguene,6,111,0,0.17829130589962,0,0.0,3,0,1,0,S,Nice,0,0.17829130589962,0.6149792969226837,0.4366880059242248,Ligue 1,2025-2026
13283,Raphaël Le Guen,6,365,0,0.2512061223387718,0,0.0,4,0,0,0,D S,Brest,0,0.2512061223387718,0.8646828979253769,0.8646828979253769,Ligue 1,2025-2026
13356,Henrick Do Marcolino,1,1,0,0.0,0,0.0,0,0,0,0,S,Rennes,0,0.0,0.0,0.0,Ligue 1,2025-2026
13388,Justin Bourgault,1,12,0,0.0337523818016052,0,0.0,1,0,0,0,S,Brest,0,0.0337523818016052,0.0337523818016052,0.0,Ligue 1,2025-2026
13407,Fredrik Oppegård,23,1238,0,0.5601710639894009,0,0.6256506145000458,10,11,1,1,D M S,Auxerre,0,0.5601710639894009,2.55569008924067,1.6407343791797755,Ligue 1,2025-2026
13432,Nidal Celik,8,637,0,0.1184364110231399,0,0.0,1,0,2,0,D,Lens,0,0.1184364110231399,1.7790353894233704,1.7790353894233704,Ligue 1,2025-2026
13460,Aaron Anselmino,3,12,0,0.0,0,0.0,0,0,0,0,S,Strasbourg,0,0.0,0.0,0.0,Ligue 1,2025-2026
13552,Hamidou Makalou,17,292,0,0.1326363990083336,0,1.1064399033784866,4,7,0,0,M S,Brest,0,0.1326363990083336,2.010116720572114,1.7905622133985162,Ligue 1,2025-2026
13594,Noham Kamara,2,2,0,0.0,0,0.0,0,0,0,0,S,Lyon,0,0.0,0.0,0.0,Ligue 1,2025-2026
13596,Telli Siwe,4,320,0,0.0661855973303318,0,0.0386768914759159,2,1,0,0,D,Auxerre,0,0.0661855973303318,0.061690067872405,0.0230131763964891,Ligue 1,2025-2026
13608,Ilyas Azizi,3,23,0,0.0573430694639682,0,0.0287496279925107,1,1,0,0,S,Toulouse,0,0.0573430694639682,0.1490794345736503,0.1203298009932041,Ligue 1,2025-2026
13733,Andrija Bulatovic,19,720,0,0.9166814982891084,4,2.8796335868537426,11,16,2,0,M S,Lens,0,0.9166814982891084,4.078927747905254,2.6556012630462646,Ligue 1,2025-2026
13736,Khalis Merah,22,1187,0,1.3525805659592152,1,1.5075017232447865,6,12,2,0,F M S,Lyon,0,1.3525805659592152,6.724210884422064,5.000600062310696,Ligue 1,2025-2026
13737,Mathys de Carvalho,11,279,0,0.3661429677158594,0,0.0353253707289695,7,1,1,0,M S,Lyon,0,0.3661429677158594,1.3563930429518225,1.1285228598862886,Ligue 1,2025-2026
13742,Ayumu Seko,30,2629,0,0.9660781314596534,0,0.4601332331076264,17,10,6,0,D M S,Le Havre,0,0.9660781314596534,6.02835941594094,5.555001525208354,Ligue 1,2025-2026
13745,Lionel Mpasi,4,308,0,0.0,0,0.0,0,0,1,0,GK S,Le Havre,0,0.0,0.0,0.0,Ligue 1,2025-2026
13746,Georges Gomis,1,1,0,0.0,0,0.0,0,0,0,0,S,Le Havre,0,0.0,0.0,0.0,Ligue 1,2025-2026
13752,Gabin Bernardeau,4,90,0,0.0966928359121084,0,0.1070689260959625,3,2,0,0,M S,Nice,0,0.0966928359121084,0.1256759222596883,0.0,Ligue 1,2025-2026
13753,Djibril Coulibaly,2,6,0,0.0,0,0.0,0,0,0,0,S,Nice,0,0.0,0.047170702368021,0.047170702368021,Ligue 1,2025-2026
13754,Hamza Koutoune,1,1,0,0.0,0,0.0,0,0,0,0,S,Nice,0,0.0,0.0,0.0,Ligue 1,2025-2026
13781,Berke Özer,32,2842,0,0.0,1,0.082175962626934,0,3,5,0,GK,Lille,0,0.0,6.718440880998969,6.654093122109771,Ligue 1,2025-2026
13784,Maxima Goffi,1,33,0,0.0,0,0.0,0,0,0,0,S,Lille,0,0.0,0.170015349984169,0.170015349984169,Ligue 1,2025-2026
13785,Arnaud Bodart,3,218,0,0.0,0,0.0,0,0,0,0,GK S,Lille,0,0.0,0.4509392380714416,0.4509392380714416,Ligue 1,2025-2026
13792,Ibrahim Osman,14,631,0,1.9371187165379524,2,1.1821768693625927,18,7,0,0,F M S,Auxerre,0,1.9371187165379524,3.7771418634802094,1.6237635500729084,Ligue 1,2025-2026
13793,Lamine Sy,24,1519,0,1.06524639390409,0,1.4679450262337923,13,13,1,0,D S,Auxerre,0,1.06524639390409,4.671046022325754,2.8898561857640743,Ligue 1,2025-2026
13798,Oumar Pona,2,180,0,0.0,0,0.0,0,0,1,0,GK,Angers,0,0.0,0.4477007836103439,0.4477007836103439,Ligue 1,2025-2026
13799,Obed Nkambadio,12,1080,0,0.0,0,0.0066623808816075,0,1,0,0,GK,Paris FC,0,0.0,3.50345600116998,3.496793620288372,Ligue 1,2025-2026
13803,Julien Lopez,5,31,0,0.0,0,0.0,0,0,0,0,S,Paris FC,0,0.0,0.0238264705985784,0.0238264705985784,Ligue 1,2025-2026
13804,Tuomas Ollila,10,297,0,0.1213762518018484,0,0.1540660858154297,4,1,0,0,D S,Paris FC,0,0.1213762518018484,0.5127232279628515,0.3913469761610031,Ligue 1,2025-2026
13807,Jonathan Fischer,27,2349,0,0.0,0,0.031860314309597,0,1,0,0,GK S,Metz,0,0.0,2.2079796250909567,2.2079796250909567,Ligue 1,2025-2026
13808,Michel Mboula,14,756,0,0.1100235544145107,0,0.0,2,0,2,0,D S,Metz,0,0.1100235544145107,2.052970141172409,2.004369828850031,Ligue 1,2025-2026
13810,Brian Madjo,5,157,0,0.3160543292760849,0,0.0,3,0,0,0,F S,Metz,0,0.3160543292760849,0.3160543292760849,0.0,Ligue 1,2025-2026
13811,Idrissa Gueye,3,126,0,0.1229544505476951,0,0.0,2,0,0,0,F S,Metz,0,0.1229544505476951,0.0465278960764408,0.0,Ligue 1,2025-2026
13812,Alpha Touré,30,1591,0,1.0313540250062945,1,0.4349074102938175,17,11,4,0,D M S,Metz,0,1.0313540250062945,3.260238066315651,2.2326008649542928,Ligue 1,2025-2026
13814,Pape Sy,8,711,0,0.0,0,0.0,0,0,0,0,GK,Metz,0,0.0,0.5357143543660641,0.5357143543660641,Ligue 1,2025-2026
13815,Morgan Bokele,10,208,0,0.2119899019598961,0,0.0904730334877967,3,2,0,0,D S,Metz,0,0.2119899019598961,0.359622023999691,0.1079056411981582,Ligue 1,2025-2026
13816,Mike Penders,33,2970,0,0.0,0,0.0,0,0,3,0,GK,Strasbourg,0,0.0,6.352632600814104,6.352632600814104,Ligue 1,2025-2026
13817,Lucas Høgsberg,24,1805,0,0.2162238508462906,0,0.0,4,0,2,1,D S,Strasbourg,0,0.2162238508462906,5.591882798820734,5.591882798820734,Ligue 1,2025-2026
13825,Tylel Tati,20,1728,0,0.4968229848891496,0,0.0154627989977598,3,1,5,1,D,Nantes,0,0.4968229848891496,3.6279613599181175,3.540383316576481,Ligue 1,2025-2026
13826,Kwon Hyeok-Kyu,12,777,0,0.1029223259538412,0,0.0,3,0,2,0,M S,Nantes,0,0.1029223259538412,0.5964700691401958,0.5764972977340221,Ligue 1,2025-2026
13827,Yassine Benhattab,10,479,0,0.1792120113968849,0,0.6935239918529987,4,6,0,0,F M S,Nantes,0,0.1792120113968849,1.123983647674322,0.3270279392600059,Ligue 1,2025-2026
13828,Amady Camara,10,131,0,0.6945584956556559,0,0.1180351264774799,6,2,0,0,F S,Nantes,0,0.6945584956556559,0.9101400710642338,0.0975464200600981,Ligue 1,2025-2026
13902,Ismaël Guerti,3,15,0,0.0,0,0.0,0,0,0,0,S,Metz,0,0.0,0.0495099872350692,0.0495099872350692,Ligue 1,2025-2026
13903,Cleo Mélières,2,26,0,0.0,0,0.0,0,0,1,0,S,Metz,0,0.0,0.0571590811014175,0.0571590811014175,Ligue 1,2025-2026
13904,Abdoulaye Faye,17,1444,0,0.575211126357317,0,0.0521239135414361,8,2,8,0,D S,Lorient,0,0.575211126357317,3.336865071207285,3.3101836778223515,Ligue 1,2025-2026
13905,Mathys Silistre,2,180,0,0.0,0,0.0,0,0,0,0,GK,Rennes,0,0.0,0.0600561387836933,0.0600561387836933,Ligue 1,2025-2026
13916,Rafael Luís,12,573,0,0.163346279412508,1,0.5335858296602964,5,6,0,0,D M S,Strasbourg,0,0.163346279412508,2.021889232099056,1.414797704666853,Ligue 1,2025-2026
13999,Terry Yegbe,24,1977,0,1.2832730244845152,1,0.4399317279458046,6,5,3,0,D S,Metz,0,1.2832730244845152,2.7807160019874573,2.70413526147604,Ligue 1,2025-2026
14011,Martin Bley,1,1,0,0.0,0,0.0,0,0,0,0,S,Lorient,0,0.0,0.0,0.0,Ligue 1,2025-2026
14031,Charles Vanhoutte,26,1801,0,0.2521444540470838,2,1.149057075381279,5,15,7,0,M S,Nice,0,0.2521444540470838,6.881905682384968,5.568232594057918,Ligue 1,2025-2026
14032,Tiago Gouveia,15,507,0,0.9029901213943958,0,0.6395432502031326,12,2,2,0,D M S,Nice,0,0.9029901213943958,1.151403535157442,0.701687641441822,Ligue 1,2025-2026
14034,Bahmed Deuff,11,213,0,0.2442027619108557,0,0.1548909842967987,7,1,0,0,M S,Nantes,0,0.2442027619108557,0.5262306118384004,0.1271368712186813,Ligue 1,2025-2026
14048,Calvin Verdonk,18,785,0,0.0447092773392796,0,0.6956469472497702,3,8,3,1,D S,Lille,0,0.0447092773392796,3.652131300419569,3.151029270142317,Ligue 1,2025-2026
14049,Abu Francis,8,546,0,0.1765392795205116,0,0.0443781726062297,6,1,2,0,M S,Toulouse,0,0.1765392795205116,1.878791879862547,1.688640858978033,Ligue 1,2025-2026
14081,Ryan Rodin,3,16,0,0.0,0,0.0,0,0,0,0,S,Auxerre,0,0.0,0.0844174921512603,0.0844174921512603,Ligue 1,2025-2026
14083,Enzo Koffi,14,370,0,0.3517147842794657,0,0.2414804548025131,4,4,2,0,D S,Le Havre,0,0.3517147842794657,1.2503153309226036,1.0184170790016651,Ligue 1,2025-2026
14098,Pape Cabral,4,53,0,0.5059756189584732,0,0.0,3,0,0,0,S,Monaco,0,0.5059756189584732,0.5961288139224052,0.5003542080521584,Ligue 1,2025-2026
14101,Mathis Jangeal,1,6,0,0.0,0,0.0,0,0,0,0,S,Paris Saint Germain,0,0.0,0.136464461684227,0.136464461684227,Ligue 1,2025-2026
14103,Tidiane Devernois,2,2,0,0.0,0,0.1240701107308268,0,2,0,0,S,Auxerre,0,0.0,0.0082670329138636,0.0082670329138636,Ligue 1,2025-2026
14147,Believe Munongo,11,426,0,0.190040803514421,0,0.1578348763287067,5,3,1,0,M S,Metz,0,0.190040803514421,1.1782105080783367,0.9074407890439034,Ligue 1,2025-2026
14159,Tadjidine Mmadi,3,34,0,0.1089987754821777,0,0.0229813698679208,2,1,0,0,S,Marseille,0,0.1089987754821777,0.3921969179064035,0.2831981126219034,Ligue 1,2025-2026
14160,Dan Sinaté,3,25,0,0.0591515302658081,0,0.0,1,0,0,0,S,Angers,0,0.0591515302658081,0.0846241191029548,0.0254725851118564,Ligue 1,2025-2026
14161,Lucas Rosier,2,2,0,0.0,0,0.0,0,0,0,0,S,Rennes,0,0.0,0.0,0.0,Ligue 1,2025-2026
14163,Yvan Zaddy,1,1,0,0.0,0,0.0,0,0,0,0,S,Auxerre,0,0.0,0.0,0.0,Ligue 1,2025-2026
14165,Brad-Hamilton Mantsounga,1,90,0,0.0,0,0.0,0,0,0,0,D,Nice,0,0.0,0.4459130764007568,0.4459130764007568,Ligue 1,2025-2026
14195,Adil Hamdani,4,20,0,0.0911009721457958,0,0.0,2,0,0,0,S,Lyon,0,0.0911009721457958,0.063235267996788,0.0,Ligue 1,2025-2026
14201,Elias Legendre,6,27,0,0.4692566990852356,0,0.1309029906988144,1,2,0,0,S,Rennes,0,0.4692566990852356,0.7294263541698456,0.1292666643857956,Ligue 1,2025-2026
14228,Mamoudou Cissokho,2,2,0,0.0,0,0.0,0,0,0,0,S,Auxerre,0,0.0,0.0,0.0,Ligue 1,2025-2026
14242,Zoumana Diallo,1,7,0,0.0,0,0.0824455916881561,0,1,0,0,S,Nice,0,0.0,0.0824455916881561,0.0,Ligue 1,2025-2026
14293,Ilane Touré,2,21,0,0.0,0,0.0481799952685833,0,1,0,0,S,Monaco,0,0.0,0.0931520238518714,0.0449720285832881,Ligue 1,2025-2026
14296,Everton Pereira da Silva,1,71,0,0.0754055231809616,0,0.0,1,0,0,0,M,Nice,0,0.0754055231809616,0.0352478735148906,0.0352478735148906,Ligue 1,2025-2026
14318,Noah Nsoki,1,4,0,0.0,0,0.0,0,0,0,0,S,Paris Saint Germain,0,0.0,0.0,0.0,Ligue 1,2025-2026
14320,Mohamed Benoit-Dao,1,1,0,0.0,0,0.0,0,0,0,0,S,Paris FC,0,0.0,0.0,0.0,Ligue 1,2025-2026
14357,Erawan Garnier,1,2,0,0.0,0,0.0981142669916153,0,1,0,0,S,Lens,0,0.0,0.0981142669916153,0.0,Ligue 1,2025-2026
14359,Gessime Yassine,12,505,0,0.5050588417798281,1,1.593078263103962,8,7,0,0,M S,Strasbourg,0,0.5050588417798281,2.7707884162664413,1.095685675740242,Ligue 1,2025-2026
14376,Quinten Timber,15,1135,0,1.134893774986267,0,0.4600138962268829,10,8,4,0,M S,Marseille,0,1.134893774986267,3.7130206748843193,3.1272013261914253,Ligue 1,2025-2026
14378,Ali Youssef,1,90,0,0.0,0,0.0,0,0,1,0,D,Nantes,0,0.0,0.4589385688304901,0.4589385688304901,Ligue 1,2025-2026
14411,Tyrese Noubissie,4,41,0,0.0,0,0.0123038841411471,0,1,1,0,S,Strasbourg,0,0.0,0.7714074496179819,0.7714074496179819,Ligue 1,2025-2026
14432,Ali Youssif,12,875,0,0.2759618051350117,0,0.1898415144532919,6,3,3,0,D S,Nantes,0,0.2759618051350117,0.3063813932240009,0.2620907239615917,Ligue 1,2025-2026
14459,Yassir Zabiri,6,29,0,0.6431567743420601,0,0.0,4,0,0,0,S,Rennes,0,0.6431567743420601,0.6074235904961824,0.0583335906267166,Ligue 1,2025-2026
14469,Jean-Baptiste Bosey,1,1,0,0.0,0,0.0,0,0,0,0,S,Strasbourg,0,0.0,0.0,0.0,Ligue 1,2025-2026
14499,Tochukwu Nnadi,8,354,0,0.5654442869126797,1,0.2553234100341797,4,2,1,0,D M S,Marseille,0,0.5654442869126797,2.65683763474226,2.0913934241980314,Ligue 1,2025-2026
14511,Ange Lago,2,44,0,0.5383378863334656,0,0.1217760145664215,2,1,1,0,S,Marseille,0,0.5383378863334656,0.6601138710975647,0.1217760145664215,Ligue 1,2025-2026
14514,Daniel Semedo,1,7,0,0.0,0,0.0,0,0,0,0,S,Lorient,0,0.0,0.0,0.0,Ligue 1,2025-2026
14517,Steeve Kango,4,76,0,0.0,0,0.0,0,0,0,0,D S,Lyon,0,0.0,0.5653758943080902,0.5653758943080902,Ligue 1,2025-2026
14571,Bané Diatta,1,1,0,0.0,0,0.0,0,0,0,0,S,Angers,0,0.0,0.0,0.0,Ligue 1,2025-2026
14576,Ugo El Kadmiri,3,15,0,0.5168357491493225,0,0.0,1,0,0,0,S,Marseille,0,0.5168357491493225,0.6414924263954163,0.1246566399931907,Ligue 1,2025-2026
14577,Nouhoum Kamissoko,3,14,0,0.0622450746595859,0,0.5824454575777054,1,2,0,0,S,Marseille,0,0.0622450746595859,0.1231032833456993,0.0859715417027473,Ligue 1,2025-2026
14578,Hilan Slimani,1,1,0,0.0,0,0.0,0,0,0,0,S,Marseille,0,0.0,0.0354030653834342,0.0354030653834342,Ligue 1,2025-2026
14581,Idrissa Sabaly,1,58,0,0.0272270683199167,0,0.0,1,0,0,0,M,Strasbourg,0,0.0272270683199167,0.0441134385764598,0.016886368393898,Ligue 1,2025-2026
14597,Pierre Mounguengue,1,15,0,0.6912807822227478,0,0.0,2,0,0,0,S,Paris Saint Germain,0,0.6912807822227478,0.7156164050102234,0.0243356321007013,Ligue 1,2025-2026
14605,Yaya Diémé,3,159,0,0.1817108392715454,0,0.0,2,0,2,0,F S,Strasbourg,0,0.1817108392715454,0.1019145250320434,0.0521633476018905,Ligue 1,2025-2026
14616,Dimitri Lucea,2,59,0,0.0,0,0.0,0,0,0,0,D S,Paris Saint Germain,0,0.0,0.1929029338061809,0.1929029338061809,Ligue 1,2025-2026
